Stage,Epoch,Theta Loss,Psi Loss,Physics Loss,Total Loss
Adam,0,0.023284685,737.468,0.0018434622,11.143903
Adam,1,0.016187334,395.41663,0.0016235877,6.6258044
Adam,2,0.009943296,201.3232,0.0013348609,3.7049556
Adam,3,0.0054788725,99.66643,0.0010489095,1.9758315
Adam,4,0.0028855668,51.00907,0.0008072319,1.0640105
Adam,5,0.0017063799,31.62268,0.0006186403,0.6649798
Adam,6,0.0013825226,27.510967,0.00047960225,0.55442846
Adam,7,0.0014842252,30.311302,0.00038001867,0.5827496
Adam,8,0.0017409838,35.244587,0.00031052183,0.66017175
Adam,9,0.0020021575,39.843,0.0002640585,0.7383624
Adam,10,0.0021944542,43.006508,0.00023499526,0.7944825
Adam,11,0.0022901187,44.35659,0.0002191223,0.8199521
Adam,12,0.0022867753,43.874783,0.00021355409,0.81379724
Adam,13,0.0021965222,41.74086,0.00021634108,0.77933806
Adam,14,0.002040683,38.286957,0.00022594181,0.72286326
Adam,15,0.0018466098,34.004047,0.0002407126,0.6531388
Adam,16,0.001643903,29.545847,0.00025858203,0.5808312
Adam,17,0.0014589736,25.669674,0.0002771379,0.51711345
Adam,18,0.0013090365,23.059597,0.00029408679,0.47106445
Adam,19,0.0011982211,22.03938,0.00030751966,0.4462549
Adam,20,0.0011182274,22.321507,0.00031537426,0.4382553
Adam,21,0.0010537512,23.047743,0.00031460452,0.43573076
Adam,22,0.000990016,23.226171,0.00030165358,0.42601216
Adam,23,0.00091840053,22.276194,0.0002750823,0.40178436
Adam,24,0.00083806005,20.26254,0.0002381996,0.36406437
Adam,25,0.0007543564,17.722948,0.00019789163,0.32006666
Adam,26,0.00067576126,15.310552,0.0001607848,0.2785874
Adam,27,0.0006104756,13.501437,0.00013059018,0.24617425
Adam,28,0.0005637507,12.480232,0.0001084654,0.22563472
Adam,29,0.0005366828,12.181606,9.3961426e-05,0.21641271
Adam,30,0.0005265507,12.398578,8.575418e-05,0.21583152
Adam,31,0.0005282155,12.886453,8.2230654e-05,0.22043145
Adam,32,0.0005358273,13.431119,8.1825645e-05,0.22695914
Adam,33,0.0005442041,13.87989,8.317065e-05,0.2329051
Adam,34,0.0005495898,14.145959,8.5130654e-05,0.23666765
Adam,35,0.00054982706,14.198394,8.680925e-05,0.23747939
Adam,36,0.0005441626,14.047102,8.7560475e-05,0.23522948
Adam,37,0.00053291174,13.727678,8.700311e-05,0.23026401
Adam,38,0.00051711604,13.288466,8.502049e-05,0.22320515
Adam,39,0.00049824675,12.780241,8.1733175e-05,0.21479939
Adam,40,0.00047794878,12.24879,7.744202e-05,0.20579652
Adam,41,0.0004578212,11.730406,7.254903e-05,0.19685958
Adam,42,0.00043923248,11.250218,6.747084e-05,0.18850768
Adam,43,0.00042318928,10.822905,6.256291e-05,0.18109187
Adam,44,0.00041027225,10.454871,5.8070756e-05,0.17480016
Adam,45,0.00040063894,10.146863,5.4115495e-05,0.16968179
Adam,46,0.00039407358,9.8959675,5.0712744e-05,0.16567762
Adam,47,0.0003900636,9.696622,4.7814476e-05,0.16264792
Adam,48,0.0003878818,9.540757,4.535924e-05,0.16039373
Adam,49,0.00038667143,9.41774,4.3314634e-05,0.1586753
Adam,50,0.00038553696,9.314777,4.1689054e-05,0.15723167
Adam,51,0.00038364693,9.218407,4.047322e-05,0.15580209
Adam,52,0.00038034693,9.117088,3.950322e-05,0.1541484
Adam,53,0.0003752895,9.0050535,3.8436385e-05,0.15210941
Adam,54,0.00036850557,8.884483,3.7090133e-05,0.14968419
Adam,55,0.0003603612,8.764034,3.549616e-05,0.14701894
Adam,56,0.00035134418,8.646014,3.4036948e-05,0.1442673
Adam,57,0.0003417379,8.516355,3.326735e-05,0.14141433
Adam,58,0.0003321852,8.386441,3.300632e-05,0.13864315
Adam,59,0.00032333203,8.271431,3.3051485e-05,0.13617183
Adam,60,0.00031548398,8.17745,3.3222714e-05,0.13408051
Adam,61,0.00030857124,8.100949,3.3342203e-05,0.13229652
Adam,62,0.00030230545,8.033401,3.3286196e-05,0.13067275
Adam,63,0.00029642103,7.9684916,3.3004733e-05,0.12909879
Adam,64,0.00029081854,7.905618,3.2501095e-05,0.12755413
Adam,65,0.00028554935,7.8475523,3.1825064e-05,0.12608169
Adam,66,0.00028070403,7.7956285,3.1066065e-05,0.124721795
Adam,67,0.00027631404,7.747465,3.0318055e-05,0.123469464
Adam,68,0.00027234145,7.698787,2.9637535e-05,0.12228471
Adam,69,0.00026871957,7.646095,2.9026845e-05,0.12112291
Adam,70,0.00026538453,7.587784,2.8443983e-05,0.11995212
Adam,71,0.00026228448,7.5239234,2.7839144e-05,0.11875778
Adam,72,0.00025937852,7.4554896,2.7201137e-05,0.11754184
Adam,73,0.00025663897,7.3840566,2.6567204e-05,0.11632149
Adam,74,0.00025404934,7.311571,2.5988724e-05,0.11512142
Adam,75,0.00025159027,7.2398653,2.5499605e-05,0.113962136
Adam,76,0.00024922434,7.1700115,2.5110261e-05,0.11285029
Adam,77,0.00024689548,7.102194,2.4812094e-05,0.11177807
Adam,78,0.0002445483,7.0362973,2.4578132e-05,0.11073194
Adam,79,0.00024215979,6.973002,2.4360872e-05,0.10970812
Adam,80,0.00023976417,6.914529,2.4102257e-05,0.10872525
Adam,81,0.00023744111,6.863572,2.3774088e-05,0.107818
Adam,82,0.00023523999,6.819585,2.3431227e-05,0.10699653
Adam,83,0.00023310579,6.7764254,2.31906e-05,0.10620871
Adam,84,0.00023094442,6.727737,2.3123126e-05,0.105387494
Adam,85,0.00022873725,6.672972,2.3214288e-05,0.104522444
Adam,86,0.00022652981,6.616127,2.3401984e-05,0.10365103
Adam,87,0.00022435175,6.561439,2.3608878e-05,0.10280849
Adam,88,0.00022217161,6.5105515,2.3773078e-05,0.10199722
Adam,89,0.00021992787,6.4627075,2.3873732e-05,0.10119732
Adam,90,0.00021759603,6.416933,2.39264e-05,0.10039769
Adam,91,0.00021521423,6.3733153,2.3960554e-05,0.099609375
Adam,92,0.0002128541,6.332325,2.400631e-05,0.098852314
Adam,93,0.00021057384,6.293526,2.4092722e-05,0.098135255
Adam,94,0.00020839408,6.2551365,2.4249144e-05,0.09744785
Adam,95,0.00020630429,6.2148275,2.4505338e-05,0.09676972
Adam,96,0.00020428648,6.1710253,2.489166e-05,0.09608697
Adam,97,0.00020232348,6.123436,2.5441419e-05,0.09539909
Adam,98,0.00020038894,6.072486,2.6182774e-05,0.09471062
Adam,99,0.0001984445,6.0188084,2.71066e-05,0.09402075
Adam,100,0.00019645035,5.9632177,2.8198563e-05,0.09332951
Adam,101,0.00019440669,5.908197,2.9474548e-05,0.09266415
Adam,102,0.00019255301,5.8617897,3.0280973e-05,0.092043
Adam,103,0.0001909573,5.8202696,3.0369645e-05,0.09140174
Adam,104,0.00018946566,5.778666,3.0241097e-05,0.09074268
Adam,105,0.00018804708,5.7379704,2.9994513e-05,0.09008594
Adam,106,0.00018667692,5.6994524,2.9685503e-05,0.089448884
Adam,107,0.0001852948,5.6626716,2.9427007e-05,0.088834986
Adam,108,0.00018382992,5.62585,2.9312063e-05,0.0882298
Adam,109,0.00018226374,5.5879807,2.9337114e-05,0.08761993
Adam,110,0.00018062674,5.5493264,2.9447196e-05,0.08700435
Adam,111,0.0001789708,5.5107107,2.9575958e-05,0.086389124
Adam,112,0.000177345,5.4724545,2.9674462e-05,0.08577746
Adam,113,0.00017576576,5.433923,2.97432e-05,0.085165575
Adam,114,0.00017421953,5.395218,2.9792442e-05,0.08455397
Adam,115,0.00017267608,5.3573523,2.9806168e-05,0.083945855
Adam,116,0.00017109557,5.320949,2.9765612e-05,0.08333867
Adam,117,0.00016946242,5.2861457,2.9666271e-05,0.08273076
Adam,118,0.00016781714,5.2530212,2.9521341e-05,0.08213098
Adam,119,0.00016622867,5.2208905,2.9366829e-05,0.08154823
Adam,120,0.00016473996,5.1878624,2.9252133e-05,0.08097743
Adam,121,0.00016335747,5.152643,2.9208419e-05,0.080411315
Adam,122,0.00016206937,5.1161165,2.9226398e-05,0.079855524
Adam,123,0.00016084059,5.0801015,2.926772e-05,0.07931726
Adam,124,0.00015962143,5.0456467,2.9297536e-05,0.07879431
Adam,125,0.0001583823,5.012874,2.931313e-05,0.07828305
Adam,126,0.00015712249,4.9810977,2.9350562e-05,0.07778194
Adam,127,0.00015584443,4.948896,2.9460674e-05,0.07728472
Adam,128,0.00015454458,4.91544,2.9667133e-05,0.07678616
Adam,129,0.00015321898,4.881298,2.9949648e-05,0.07628827
Adam,130,0.00015185722,4.847324,3.0264157e-05,0.07579145
Adam,131,0.00015045107,4.8137193,3.0576848e-05,0.07529138
Adam,132,0.00014901118,4.780175,3.0884286e-05,0.074786074
Adam,133,0.00014756352,4.7461295,3.1208525e-05,0.0742771
Adam,134,0.00014613164,4.711007,3.157682e-05,0.073766336
Adam,135,0.00014472476,4.674663,3.1997843e-05,0.073255025
Adam,136,0.00014333411,4.637667,3.2449705e-05,0.07274424
Adam,137,0.0001419389,4.600825,3.2894342e-05,0.07223324
Adam,138,0.00014052883,4.5645375,3.3308308e-05,0.07172095
Adam,139,0.00013912066,4.528566,3.370191e-05,0.07120904
Adam,140,0.00013774318,4.492126,3.4107867e-05,0.07069892
Adam,141,0.00013641079,4.454605,3.454637e-05,0.070189625
Adam,142,0.00013511295,4.416322,3.5001616e-05,0.06968041
Adam,143,0.00013382528,4.378078,3.5438574e-05,0.069170356
Adam,144,0.00013253475,4.3402896,3.584231e-05,0.068659455
Adam,145,0.00013125241,4.30252,3.6236892e-05,0.06814859
Adam,146,0.00012999031,4.2639747,3.665494e-05,0.067636535
Adam,147,0.00012873551,4.2249923,3.7081154e-05,0.06712242
Adam,148,0.00012745857,4.186753,3.7463706e-05,0.066605866
Adam,149,0.00012615578,4.1494875,3.7790884e-05,0.06608687
Adam,150,0.00012485917,4.1120396,3.8113056e-05,0.06556623
Adam,151,0.0001235882,4.073475,3.8466365e-05,0.065042935
Adam,152,0.00012232375,4.034643,3.881489e-05,0.06451723
Adam,153,0.00012104045,3.996572,3.9114264e-05,0.063988924
Adam,154,0.00011975087,3.9587898,3.9389706e-05,0.06345898
Adam,155,0.000118478376,3.9201458,3.969168e-05,0.06292696
Adam,156,0.000117209194,3.8812006,3.999588e-05,0.062392768
Adam,157,0.00011591408,3.84321,4.0245945e-05,0.061856106
Adam,158,0.00011460846,3.805616,4.046671e-05,0.061317433
Adam,159,0.000113325674,3.766958,4.0720843e-05,0.06077656
Adam,160,0.00011205381,3.7277336,4.0986237e-05,0.06023334
Adam,161,0.00011076413,3.6891146,4.121157e-05,0.0596875
Adam,162,0.00010947387,3.6502886,4.1435906e-05,0.059139352
Adam,163,0.0001082027,3.6102388,4.1706833e-05,0.058588818
Adam,164,0.00010691708,3.5703475,4.196708e-05,0.058036104
Adam,165,0.000105602165,3.5311532,4.219464e-05,0.057481054
Adam,166,0.00010429446,3.4909704,4.246687e-05,0.056923904
Adam,167,0.000102985694,3.450191,4.2768286e-05,0.05636501
Adam,168,0.0001016489,3.410099,4.3041415e-05,0.055804536
Adam,169,0.00010032062,3.3691595,4.3353757e-05,0.05524275
Adam,170,9.900472e-05,3.3273997,4.370302e-05,0.054680154
Adam,171,9.7667944e-05,3.2866368,4.400595e-05,0.05411745
Adam,172,9.635028e-05,3.2452958,4.4331504e-05,0.053555224
Adam,173,9.5047995e-05,3.2038302,4.4658194e-05,0.05299423
Adam,174,9.373678e-05,3.1636927,4.4920296e-05,0.052435488
Adam,175,9.2468974e-05,3.1226444,4.5220448e-05,0.051879857
Adam,176,9.1206115e-05,3.0827522,4.5467135e-05,0.05132851
Adam,177,8.996952e-05,3.0431793,4.5700795e-05,0.05078234
Adam,178,8.877024e-05,3.0035553,4.594088e-05,0.05024222
Adam,179,8.7569635e-05,2.965889,4.6096706e-05,0.049708843
Adam,180,8.643264e-05,2.9270723,4.6309597e-05,0.04918206
Adam,181,8.5259395e-05,2.8919432,4.63556e-05,0.048661683
Adam,182,8.420274e-05,2.8529081,4.657968e-05,0.048146445
Adam,183,8.299922e-05,2.8226838,4.639806e-05,0.04763643
Adam,184,8.212946e-05,2.7779996,4.6893707e-05,0.04713347
Adam,185,8.0725826e-05,2.7618747,4.6088433e-05,0.046640884
Adam,186,8.012784e-05,2.7034662,4.7241047e-05,0.046139993
Adam,187,7.855985e-05,2.687056,4.6219302e-05,0.04558743
Adam,188,7.748192e-05,2.6468992,4.6400008e-05,0.04505128
Adam,189,7.663459e-05,2.5992126,4.7071917e-05,0.0445481
Adam,190,7.504826e-05,2.584433,4.6055702e-05,0.044009924
Adam,191,7.4050346e-05,2.5335822,4.6697158e-05,0.04344795
Adam,192,7.2891424e-05,2.4955187,4.6828434e-05,0.04291317
Adam,193,7.140971e-05,2.4767423,4.607189e-05,0.04238966
Adam,194,7.052558e-05,2.4216502,4.6973008e-05,0.041841287
Adam,195,6.908546e-05,2.39558,4.6430076e-05,0.04128313
Adam,196,6.783124e-05,2.363836,4.6240893e-05,0.040749177
Adam,197,6.692636e-05,2.314817,4.6922167e-05,0.04022545
Adam,198,6.540116e-05,2.2976506,4.598316e-05,0.039684154
Adam,199,6.4427724e-05,2.2483468,4.6566547e-05,0.03913261
Adam,200,6.318866e-05,2.216092,4.6345627e-05,0.03859106
Adam,201,6.190359e-05,2.1894853,4.588512e-05,0.038063157
Adam,202,6.104871e-05,2.1399486,4.6538218e-05,0.037537523
Adam,203,5.958022e-05,2.1246724,4.5458823e-05,0.03700258
Adam,204,5.8773756e-05,2.0715334,4.618436e-05,0.03645905
Adam,205,5.7405552e-05,2.050422,4.5308305e-05,0.035911296
Adam,206,5.6429173e-05,2.0083914,4.5461667e-05,0.03536754
Adam,207,5.5328554e-05,1.9749405,4.5209017e-05,0.03483004
Adam,208,5.4154203e-05,1.9471127,4.469322e-05,0.03429824
Adam,209,5.3318872e-05,1.902035,4.5033743e-05,0.03377324
Adam,210,5.1952917e-05,1.8899089,4.379322e-05,0.03326101
Adam,211,5.1536666e-05,1.8304532,4.49361e-05,0.032775443
Adam,212,4.9886905e-05,1.843475,4.2592415e-05,0.03230665
Adam,213,4.9840724e-05,1.764828,4.4564207e-05,0.031809017
Adam,214,4.7907393e-05,1.7686745,4.2114774e-05,0.031190071
Adam,215,4.716487e-05,1.712357,4.260391e-05,0.030588888
Adam,216,4.6460445e-05,1.6745111,4.263159e-05,0.030108916
Adam,217,4.5030443e-05,1.6813089,4.0668812e-05,0.029667975
Adam,218,4.4889355e-05,1.6115531,4.203817e-05,0.029154658
Adam,219,4.324534e-05,1.6061522,4.0089493e-05,0.028561749
Adam,220,4.2479198e-05,1.5668776,3.9892333e-05,0.028024506
Adam,221,4.202867e-05,1.5268533,4.0005674e-05,0.027573682
Adam,222,4.064552e-05,1.5335983,3.7976144e-05,0.027129231
Adam,223,4.056799e-05,1.4707055,3.893188e-05,0.026632035
Adam,224,3.9062084e-05,1.4679041,3.6972902e-05,0.026084287
Adam,225,3.8514747e-05,1.4271307,3.6797584e-05,0.025568156
Adam,226,3.7918642e-05,1.39917,3.6281865e-05,0.025121778
Adam,227,3.67459e-05,1.395332,3.495438e-05,0.02470836
Adam,228,3.669021e-05,1.3413901,3.587419e-05,0.024298562
Adam,229,3.5083605e-05,1.3494564,3.4093642e-05,0.023871152
Adam,230,3.5066907e-05,1.2883068,3.5053425e-05,0.023401119
Adam,231,3.358259e-05,1.2872293,3.335906e-05,0.022913542
Adam,232,3.3177115e-05,1.2424704,3.3630746e-05,0.022445882
Adam,233,3.231658e-05,1.2227161,3.2937216e-05,0.02201523
Adam,234,3.1504394e-05,1.2064412,3.2199914e-05,0.021620058
Adam,235,3.1292446e-05,1.1698374,3.2417753e-05,0.021254903
Adam,236,3.0138612e-05,1.1784493,3.078464e-05,0.020922977
Adam,237,3.0605202e-05,1.127606,3.1854044e-05,0.020644948
Adam,238,2.9091445e-05,1.1635686,2.930992e-05,0.02039589
Adam,239,3.001431e-05,1.0940388,3.1171316e-05,0.020118233
Adam,240,2.7911368e-05,1.1168941,2.847862e-05,0.01962744
Adam,241,2.785798e-05,1.0438173,2.949978e-05,0.019041836
Adam,242,2.6886692e-05,1.0294267,2.8499539e-05,0.018602202
Adam,243,2.6184101e-05,1.0363317,2.7291639e-05,0.018384676
Adam,244,2.6891254e-05,0.9960258,2.8203578e-05,0.018224481
Adam,245,2.5355104e-05,1.0220886,2.5913483e-05,0.017911173
Adam,246,2.5576239e-05,0.95920366,2.6811367e-05,0.017450176
Adam,247,2.4421854e-05,0.9518162,2.550615e-05,0.017007362
Adam,248,2.397615e-05,0.94000185,2.4896452e-05,0.016730908
Adam,249,2.4345196e-05,0.9132474,2.5235735e-05,0.016569613
Adam,250,2.3267816e-05,0.93659765,2.3541388e-05,0.016387356
Adam,251,2.3830902e-05,0.8884712,2.4334984e-05,0.016109595
Adam,252,2.2487717e-05,0.89533377,2.2721924e-05,0.015734784
Adam,253,2.244063e-05,0.8583576,2.2861966e-05,0.015378965
Adam,254,2.197253e-05,0.8474503,2.229438e-05,0.015114539
Adam,255,2.1447979e-05,0.84890455,2.1536696e-05,0.014936747
Adam,256,2.182319e-05,0.8235667,2.1960861e-05,0.014803275
Adam,257,2.0865655e-05,0.8441202,2.0657437e-05,0.014669665
Adam,258,2.1495207e-05,0.80569357,2.1551894e-05,0.014514001
Adam,259,2.028423e-05,0.823393,2.013337e-05,0.01429657
Adam,260,2.0648142e-05,0.779609,2.0926514e-05,0.014032288
Adam,261,1.958401e-05,0.7828028,1.9853129e-05,0.013743598
Adam,262,1.9551366e-05,0.75335807,2.0126941e-05,0.013485326
Adam,263,1.9080524e-05,0.74638724,1.9697784e-05,0.013280619
Adam,264,1.8777106e-05,0.74033874,1.9382876e-05,0.013127385
Adam,265,1.8885075e-05,0.7254028,1.9525338e-05,0.01301559
Adam,266,1.8378294e-05,0.73820126,1.871073e-05,0.012945366
Adam,267,1.9034545e-05,0.7180306,1.9352912e-05,0.012938424
Adam,268,1.842475e-05,0.75404394,1.8029097e-05,0.013008515
Adam,269,1.9686493e-05,0.73120075,1.9259192e-05,0.01315386
Adam,270,1.869113e-05,0.77435154,1.7468665e-05,0.013167484
Adam,271,1.9187222e-05,0.7156214,1.8849485e-05,0.012861719
Adam,272,1.7404454e-05,0.70372134,1.747183e-05,0.012268656
Adam,273,1.7048522e-05,0.6656099,1.7773293e-05,0.011879371
Adam,274,1.7307893e-05,0.66372633,1.7878705e-05,0.011915253
Adam,275,1.7159951e-05,0.7016594,1.6868955e-05,0.01212093
Adam,276,1.7926068e-05,0.6767176,1.7805869e-05,0.012126966
Adam,277,1.6758391e-05,0.67947376,1.6563394e-05,0.011793005
Adam,278,1.6505166e-05,0.6386311,1.6986105e-05,0.011410002
Adam,279,1.6274633e-05,0.6329416,1.6756327e-05,0.01128406
Adam,280,1.6200947e-05,0.65314317,1.6166401e-05,0.011386533
Adam,281,1.6839811e-05,0.6422551,1.6800335e-05,0.011468574
Adam,282,1.6139598e-05,0.65533173,1.5794905e-05,0.011343492
Adam,283,1.6100885e-05,0.62098026,1.6305366e-05,0.01107074
Adam,284,1.5539024e-05,0.6145622,1.5804739e-05,0.010847186
Adam,285,1.5437898e-05,0.6131182,1.5626008e-05,0.010790768
Adam,286,1.5759775e-05,0.6095779,1.5893938e-05,0.010843836
Adam,287,1.5490725e-05,0.62722766,1.5204764e-05,0.0108766
Adam,288,1.57444e-05,0.60827184,1.5754236e-05,0.010807513
Adam,289,1.51481e-05,0.6111059,1.5061194e-05,0.010642453
Adam,290,1.5069207e-05,0.5900183,1.5350333e-05,0.010463113
Adam,291,1.4788073e-05,0.58637494,1.5081188e-05,0.010344138
Adam,292,1.46936245e-05,0.58614016,1.4921249e-05,0.010303633
Adam,293,1.4856502e-05,0.5816658,1.5110416e-05,0.010311696
Adam,294,1.468479e-05,0.5932285,1.4613081e-05,0.010326966
Adam,295,1.4940008e-05,0.5823854,1.50348205e-05,0.010320078
Adam,296,1.4623385e-05,0.5921184,1.44036185e-05,0.0102752345
Adam,297,1.4745219e-05,0.5756368,1.4841843e-05,0.010194427
Adam,298,1.4361279e-05,0.57919335,1.4285789e-05,0.010088993
Adam,299,1.434401e-05,0.5637497,1.4596573e-05,0.009978584
Adam,300,1.4046338e-05,0.56358474,1.4241298e-05,0.009878993
Adam,301,1.3987214e-05,0.55477726,1.4350864e-05,0.009798484
Adam,302,1.3855045e-05,0.5528839,1.4199654e-05,0.009737045
Adam,303,1.37847865e-05,0.55059737,1.4114743e-05,0.009690903
Adam,304,1.3777735e-05,0.54699963,1.4134043e-05,0.009656763
Adam,305,1.3685633e-05,0.5496749,1.3898784e-05,0.009634412
Adam,306,1.3779181e-05,0.5448883,1.4087152e-05,0.009628832
Adam,307,1.370146e-05,0.554426,1.3689013e-05,0.009652832
Adam,308,1.4018247e-05,0.55147165,1.4098993e-05,0.009732302
Adam,309,1.4136586e-05,0.57749087,1.3426638e-05,0.009909393
Adam,310,1.4978114e-05,0.5855336,1.4206011e-05,0.010232954
Adam,311,1.5519181e-05,0.6384503,1.311385e-05,0.010679457
Adam,312,1.6354174e-05,0.63932914,1.4324447e-05,0.010995084
Adam,313,1.5690794e-05,0.6446688,1.2986772e-05,0.010748323
Adam,314,1.4354542e-05,0.56487656,1.3957458e-05,0.009895565
Adam,315,1.3043815e-05,0.52687067,1.3382597e-05,0.009232668
Adam,316,1.3199372e-05,0.537246,1.3243265e-05,0.009338856
Adam,317,1.4254726e-05,0.56275487,1.3870714e-05,0.009846365
Adam,318,1.4365857e-05,0.5900023,1.2916443e-05,0.0099923685
Adam,319,1.3700824e-05,0.5424068,1.3665641e-05,0.009529037
Adam,320,1.2795944e-05,0.5164378,1.3156103e-05,0.009057186
Adam,321,1.28677375e-05,0.52148557,1.3048377e-05,0.009102273
Adam,322,1.3522249e-05,0.5364117,1.3539417e-05,0.009423367
Adam,323,1.3492119e-05,0.552622,1.28099055e-05,0.009471524
Adam,324,1.3005945e-05,0.5186391,1.3367932e-05,0.009142472
Adam,325,1.2477067e-05,0.50436544,1.3022369e-05,0.0088685695
Adam,326,1.2584441e-05,0.5112078,1.2868864e-05,0.008930074
Adam,327,1.2983548e-05,0.51798713,1.3265235e-05,0.009117188
Adam,328,1.28927195e-05,0.5268867,1.2677707e-05,0.009104432
Adam,329,1.2541474e-05,0.50329417,1.3101129e-05,0.008879332
Adam,330,1.2208939e-05,0.49512884,1.2856171e-05,0.008711055
Adam,331,1.2259066e-05,0.49965006,1.2725291e-05,0.008744154
Adam,332,1.25017505e-05,0.50207704,1.3024438e-05,0.008849699
Adam,333,1.24535645e-05,0.5093086,1.2541936e-05,0.0088424105
Adam,334,1.2256359e-05,0.49336904,1.28764805e-05,0.0087036155
Adam,335,1.2008459e-05,0.4878433,1.2626186e-05,0.008573629
Adam,336,1.1972806e-05,0.48709786,1.2577159e-05,0.008553473
Adam,337,1.2090645e-05,0.48780832,1.2759385e-05,0.008605588
Adam,338,1.210233e-05,0.49523774,1.2398064e-05,0.008627436
Adam,339,1.2036972e-05,0.48582515,1.2695455e-05,0.0085681155
Adam,340,1.1846366e-05,0.48325938,1.2394772e-05,0.008468765
Adam,341,1.17358495e-05,0.47673443,1.2472127e-05,0.008398541
Adam,342,1.171718e-05,0.4756426,1.2481173e-05,0.008386179
Adam,343,1.1736137e-05,0.48018202,1.2282543e-05,0.008404622
Adam,344,1.1758346e-05,0.4768756,1.2506534e-05,0.008408488
Adam,345,1.1684914e-05,0.47923633,1.2202172e-05,0.008375426
Adam,346,1.1594673e-05,0.47157025,1.2399189e-05,0.008314782
Adam,347,1.14852255e-05,0.47006664,1.220615e-05,0.0082543725
Adam,348,1.1420481e-05,0.46671847,1.2230155e-05,0.008214779
Adam,349,1.1394353e-05,0.46535942,1.2241043e-05,0.008198904
Adam,350,1.1384807e-05,0.46744543,1.20901095e-05,0.008195692
Adam,351,1.13834185e-05,0.46470422,1.2241476e-05,0.008190776
Adam,352,1.13554115e-05,0.4672167,1.1998372e-05,0.008175234
Adam,353,1.1315021e-05,0.46228033,1.2179448e-05,0.008146973
Adam,354,1.1253095e-05,0.46300495,1.1948673e-05,0.008110315
Adam,355,1.1186094e-05,0.45803064,1.208371e-05,0.008070777
Adam,356,1.1119766e-05,0.45757693,1.1932203e-05,0.008033564
Adam,357,1.10629e-05,0.45441347,1.1984416e-05,0.008001232
Adam,358,1.1017312e-05,0.4533479,1.1921389e-05,0.007974285
Adam,359,1.0982731e-05,0.45216444,1.1885537e-05,0.0079518845
Adam,360,1.0955287e-05,0.45048833,1.1897965e-05,0.007932871
Adam,361,1.093296e-05,0.45076078,1.179238e-05,0.007916409
Adam,362,1.0910829e-05,0.44848153,1.1872173e-05,0.0079022655
Adam,363,1.0896679e-05,0.4500439,1.1708266e-05,0.007891181
Adam,364,1.0886472e-05,0.44737095,1.1853868e-05,0.00788476
Adam,365,1.0899079e-05,0.45092568,1.1616618e-05,0.007886611
Adam,366,1.0927424e-05,0.44855955,1.1849321e-05,0.007902107
Adam,367,1.1016475e-05,0.4564981,1.1499896e-05,0.007942436
Adam,368,1.1148826e-05,0.45677057,1.1884656e-05,0.008022727
Adam,369,1.1450761e-05,0.47535163,1.1347997e-05,0.00817333
Adam,370,1.184665e-05,0.48431352,1.1993774e-05,0.008419199
Adam,371,1.2613588e-05,0.5231779,1.115569e-05,0.008797171
Adam,372,1.3230639e-05,0.5407367,1.2158319e-05,0.00921571
Adam,373,1.4005151e-05,0.5779133,1.0991919e-05,0.009528693
Adam,374,1.3400911e-05,0.5485223,1.2151548e-05,0.009318092
Adam,375,1.2343802e-05,0.51194715,1.1071655e-05,0.00863179
Adam,376,1.0825775e-05,0.44644275,1.1710518e-05,0.007844871
Adam,377,1.0352967e-05,0.42988324,1.1494525e-05,0.007575956
Adam,378,1.0935069e-05,0.4565745,1.1197212e-05,0.007885587
Adam,379,1.1657966e-05,0.47923437,1.1849633e-05,0.008318484
Adam,380,1.1943507e-05,0.49653652,1.09982275e-05,0.008406625
Adam,381,1.1151277e-05,0.45905566,1.1706417e-05,0.008019211
Adam,382,1.0418217e-05,0.43355006,1.1198477e-05,0.0075780046
Adam,383,1.0216246e-05,0.42537022,1.1266768e-05,0.0074761542
Adam,384,1.0587434e-05,0.4379809,1.1564849e-05,0.0077026514
Adam,385,1.1036863e-05,0.46155918,1.10092615e-05,0.007922511
Adam,386,1.0852625e-05,0.44859907,1.1610511e-05,0.007855461
Adam,387,1.043244e-05,0.43606877,1.1062811e-05,0.007584975
Adam,388,1.0032147e-05,0.41785923,1.1287834e-05,0.0073765893
Adam,389,1.0059893e-05,0.41881812,1.132521e-05,0.0073959464
Adam,390,1.03571565e-05,0.4339991,1.1005636e-05,0.0075444095
Adam,391,1.04323e-05,0.43299678,1.1459587e-05,0.0076137506
Adam,392,1.0323205e-05,0.43300912,1.0960516e-05,0.007522649
Adam,393,9.994674e-06,0.41623116,1.1274691e-05,0.0073527163
Adam,394,9.847054e-06,0.41132605,1.1097838e-05,0.007254994
Adam,395,9.908492e-06,0.41435933,1.0993454e-05,0.0072788857
Adam,396,1.0017735e-05,0.4164987,1.1241406e-05,0.007353858
Adam,397,1.0108714e-05,0.42367932,1.08616805e-05,0.0073823524
Adam,398,9.966857e-06,0.41475347,1.1207992e-05,0.007323762
Adam,399,9.821698e-06,0.41169655,1.0895698e-05,0.0072245747
Adam,400,9.682105e-06,0.4047355,1.1013438e-05,0.0071516866
Adam,401,9.662181e-06,0.4039114,1.1003299e-05,0.007138936
Adam,402,9.730985e-06,0.40823606,1.0830634e-05,0.0071666036
Adam,403,9.742177e-06,0.40687618,1.1065825e-05,0.007189962
Adam,404,9.755538e-06,0.41024217,1.07568385e-05,0.007179278
Adam,405,9.641447e-06,0.40351582,1.10073815e-05,0.0071324827
Adam,406,9.565275e-06,0.4023387,1.0772554e-05,0.007074062
Adam,407,9.475288e-06,0.39780372,1.0862052e-05,0.0070286384
Adam,408,9.444464e-06,0.3967734,1.0825087e-05,0.007008167
Adam,409,9.456615e-06,0.3980887,1.0722355e-05,0.007007732
Adam,410,9.448627e-06,0.39673513,1.0858533e-05,0.007013425
Adam,411,9.475774e-06,0.39962184,1.0633298e-05,0.007012579
Adam,412,9.4251145e-06,0.3959449,1.0832988e-05,0.0069981646
Adam,413,9.412098e-06,0.3971496,1.0590917e-05,0.006971948
Adam,414,9.330833e-06,0.39257,1.0755819e-05,0.006938698
Adam,415,9.294345e-06,0.39236078,1.0584458e-05,0.006905428
Adam,416,9.230551e-06,0.38927734,1.0661359e-05,0.00687656
Adam,417,9.198713e-06,0.38854086,1.0592936e-05,0.006854156
Adam,418,9.173521e-06,0.3876634,1.0567582e-05,0.006837799
Adam,419,9.15127e-06,0.38644993,1.0591276e-05,0.0068258815
Adam,420,9.153195e-06,0.38715357,1.0480619e-05,0.006816608
Adam,421,9.127371e-06,0.38529772,1.05765275e-05,0.006808562
Adam,422,9.140072e-06,0.38691413,1.0407013e-05,0.006801204
Adam,423,9.106225e-06,0.3844708,1.055777e-05,0.006794307
Adam,424,9.128823e-06,0.38684425,1.0340715e-05,0.006788873
Adam,425,9.094975e-06,0.38405433,1.053818e-05,0.006785516
Adam,426,9.139882e-06,0.3875675,1.026816e-05,0.0067868815
Adam,427,9.115057e-06,0.38483518,1.0526452e-05,0.0067945784
Adam,428,9.206012e-06,0.39060763,1.0183105e-05,0.0068144435
Adam,429,9.212506e-06,0.3887494,1.0539484e-05,0.006850292
Adam,430,9.407953e-06,0.3992991,1.0076809e-05,0.0069157053
Adam,431,9.502336e-06,0.400343,1.0591437e-05,0.007017496
Adam,432,9.928155e-06,0.42046824,9.935978e-06,0.0071843024
Adam,433,1.0184505e-05,0.42790624,1.0694873e-05,0.007410969
Adam,434,1.0978029e-05,0.46192068,9.768481e-06,0.0077311834
Adam,435,1.1261681e-05,0.47213683,1.0828263e-05,0.00803486
Adam,436,1.2055271e-05,0.5036554,9.63499e-06,0.008290093
Adam,437,1.1530272e-05,0.48356956,1.0838222e-05,0.00819097
Adam,438,1.1123277e-05,0.4675662,9.662788e-06,0.0077935713
Adam,439,9.701823e-06,0.4098041,1.0527203e-05,0.007132395
Adam,440,8.888295e-06,0.3797293,9.943724e-06,0.006622096
Adam,441,8.623583e-06,0.3687682,1.0047361e-05,0.006488323
Adam,442,8.969563e-06,0.38110724,1.0317106e-05,0.0067040725
Adam,443,9.695663e-06,0.4121685,9.71833e-06,0.0070337835
Adam,444,9.818653e-06,0.41462117,1.0477725e-05,0.0071906685
Adam,445,9.819234e-06,0.4164525,9.655853e-06,0.007085788
Adam,446,9.085826e-06,0.38565868,1.0296406e-05,0.006763921
Adam,447,8.644218e-06,0.3701458,9.8517885e-06,0.006475859
Adam,448,8.449907e-06,0.3623163,9.947557e-06,0.006382783
Adam,449,8.603966e-06,0.36764407,1.0128168e-05,0.006486261
Adam,450,8.9938185e-06,0.38517094,9.686576e-06,0.006653768
Adam,451,9.02602e-06,0.38404438,1.0231506e-05,0.0067290724
Adam,452,9.037334e-06,0.38656926,9.624414e-06,0.0066649546
Adam,453,8.636442e-06,0.3687999,1.0086679e-05,0.006496467
Adam,454,8.419434e-06,0.36181185,9.749066e-06,0.0063433936
Adam,455,8.294016e-06,0.35643375,9.825756e-06,0.0062823035
Adam,456,8.346156e-06,0.35777768,9.920618e-06,0.006317793
Adam,457,8.545204e-06,0.3670799,9.61178e-06,0.0063943467
Adam,458,8.571296e-06,0.36590683,9.98575e-06,0.006442625
Adam,459,8.639497e-06,0.3705926,9.527902e-06,0.0064310357
Adam,460,8.436985e-06,0.36079058,9.909004e-06,0.0063598044
Adam,461,8.331483e-06,0.3585158,9.574202e-06,0.0062710103
Adam,462,8.171786e-06,0.35137233,9.74503e-06,0.006201246
Adam,463,8.129655e-06,0.35016492,9.673128e-06,0.0061720666
Adam,464,8.162101e-06,0.35195062,9.5721725e-06,0.0061796475
Adam,465,8.17935e-06,0.35164613,9.742123e-06,0.0062046824
Adam,466,8.271768e-06,0.35674784,9.454592e-06,0.006226432
Adam,467,8.2208935e-06,0.3533671,9.748398e-06,0.006229065
Adam,468,8.24844e-06,0.35626122,9.409362e-06,0.0062112827
Adam,469,8.1323415e-06,0.3502381,9.688794e-06,0.006175551
Adam,470,8.106387e-06,0.35059905,9.409716e-06,0.006133406
Adam,471,8.00262e-06,0.3454674,9.583779e-06,0.0060926336
Adam,472,7.972485e-06,0.34496886,9.42992e-06,0.0060600494
Adam,473,7.9236415e-06,0.34281546,9.472595e-06,0.00603759
Adam,474,7.9018955e-06,0.34209478,9.4547495e-06,0.0060244445
Adam,475,7.903687e-06,0.3426181,9.3761655e-06,0.0060181585
Adam,476,7.883975e-06,0.34133744,9.467023e-06,0.0060160244
Adam,477,7.917169e-06,0.34347144,9.292122e-06,0.006016108
Adam,478,7.888781e-06,0.3414169,9.463297e-06,0.0060169804
Adam,479,7.938838e-06,0.3445312,9.219163e-06,0.006019012
Adam,480,7.899674e-06,0.34185773,9.455919e-06,0.0060219164
Adam,481,7.967972e-06,0.34602728,9.152438e-06,0.006028334
Adam,482,7.930566e-06,0.34310028,9.452753e-06,0.0060385005
Adam,483,8.038546e-06,0.34905675,9.077524e-06,0.006057978
Adam,484,8.019042e-06,0.34652945,9.461612e-06,0.0060873926
Adam,485,8.2072465e-06,0.3559097,8.985438e-06,0.0061379997
Adam,486,8.233643e-06,0.355019,9.499914e-06,0.006210224
Adam,487,8.5789325e-06,0.37093604,8.87162e-06,0.006326943
Adam,488,8.703325e-06,0.37382448,9.581781e-06,0.006481011
Adam,489,9.324498e-06,0.40036753,8.7320595e-06,0.0067121587
Adam,490,9.543826e-06,0.40787962,9.703233e-06,0.006965855
Adam,491,1.0427591e-05,0.44294494,8.5891825e-06,0.007281965
Adam,492,1.0400896e-05,0.44304216,9.803705e-06,0.007461112
Adam,493,1.0910845e-05,0.4613871,8.515737e-06,0.007527858
Adam,494,9.9821455e-06,0.42620578,9.723081e-06,0.0072178417
Adam,495,9.38566e-06,0.40302664,8.612184e-06,0.0067299427
Adam,496,8.147909e-06,0.35289195,9.369437e-06,0.0061565214
Adam,497,7.582321e-06,0.33221605,8.904457e-06,0.005795177
Adam,498,7.4867803e-06,0.3282642,8.935456e-06,0.0057459776
Adam,499,7.791683e-06,0.3389406,9.238527e-06,0.005943937
Adam,500,8.428839e-06,0.36583096,8.649158e-06,0.006220009
Adam,501,8.543174e-06,0.3684465,9.400213e-06,0.006375973
Adam,502,8.696111e-06,0.37612408,8.576795e-06,0.0063521764
Adam,503,8.1157605e-06,0.35173172,9.291737e-06,0.0061284415
Adam,504,7.751631e-06,0.3394637,8.707593e-06,0.0058635203
Adam,505,7.3462656e-06,0.32245943,9.002166e-06,0.005676859
Adam,506,7.2910157e-06,0.3206076,8.942795e-06,0.0056411475
Adam,507,7.4942377e-06,0.3295582,8.722197e-06,0.005728047
Adam,508,7.644806e-06,0.33368814,9.115649e-06,0.0058509493
Adam,509,7.909386e-06,0.34600088,8.571021e-06,0.00593207
Adam,510,7.766611e-06,0.33821678,9.121121e-06,0.0059153275
Adam,511,7.71544e-06,0.33830002,8.568004e-06,0.005825517
Adam,512,7.403629e-06,0.32412228,8.9707e-06,0.0056973724
Adam,513,7.2692765e-06,0.32022852,8.667355e-06,0.00559278
Adam,514,7.1620716e-06,0.31539327,8.758092e-06,0.005541957
Adam,515,7.1677964e-06,0.3153383,8.790696e-06,0.0055471566
Adam,516,7.2798034e-06,0.32080004,8.5803285e-06,0.00558702
Adam,517,7.308465e-06,0.32048285,8.869855e-06,0.0056315763
Adam,518,7.431575e-06,0.3273264,8.48047e-06,0.00566007
Adam,519,7.352118e-06,0.32233617,8.870886e-06,0.0056568123
Adam,520,7.376742e-06,0.32539204,8.453376e-06,0.005628438
Adam,521,7.2219436e-06,0.31760272,8.799097e-06,0.005579184
Adam,522,7.1837694e-06,0.31769872,8.475873e-06,0.0055259336
Adam,523,7.0551537e-06,0.3115611,8.688658e-06,0.005477183
Adam,524,7.0189726e-06,0.31098682,8.520447e-06,0.005440781
Adam,525,6.968239e-06,0.30868456,8.573722e-06,0.00541814
Adam,526,6.9522584e-06,0.308065,8.561254e-06,0.005407677
Adam,527,6.9670396e-06,0.3090345,8.471361e-06,0.005406105
Adam,528,6.9543976e-06,0.30789012,8.586352e-06,0.0054100137
Adam,529,7.0053206e-06,0.31084013,8.386277e-06,0.005417141
Adam,530,6.981876e-06,0.3088561,8.598657e-06,0.005425641
Adam,531,7.0550036e-06,0.3131032,8.314183e-06,0.00543641
Adam,532,7.0233486e-06,0.31043816,8.605367e-06,0.005448689
Adam,533,7.1256873e-06,0.31612614,8.244508e-06,0.005466791
Adam,534,7.0977467e-06,0.3132909,8.6160235e-06,0.0054899743
Adam,535,7.2547e-06,0.3213932,8.167459e-06,0.0055272556
Adam,536,7.2517537e-06,0.3192615,8.644203e-06,0.0055770082
Adam,537,7.515649e-06,0.33185917,8.074546e-06,0.005657121
Adam,538,7.575973e-06,0.33197787,8.704124e-06,0.0057617933
Adam,539,8.0420405e-06,0.35256454,7.958286e-06,0.005925694
Adam,540,8.205959e-06,0.3570218,8.806766e-06,0.0061221267
Adam,541,8.979109e-06,0.38879856,7.823308e-06,0.006408348
Adam,542,9.172933e-06,0.3959928,8.940962e-06,0.006677012
Adam,543,1.0114638e-05,0.43209535,7.703013e-06,0.006993601
Adam,544,9.878488e-06,0.42476812,9.021377e-06,0.007082661
Adam,545,1.0207371e-05,0.43553683,7.668806e-06,0.0070367944
Adam,546,9.03488e-06,0.39088368,8.886456e-06,0.0065970374
Adam,547,8.300816e-06,0.36296463,7.805779e-06,0.006045636
Adam,548,7.1148456e-06,0.3149413,8.502908e-06,0.005492076
Adam,549,6.6413477e-06,0.29787675,8.1170665e-06,0.0051925294
Adam,550,6.6614944e-06,0.29872477,8.085537e-06,0.0051993025
Adam,551,7.0014835e-06,0.31040266,8.447203e-06,0.0054213293
Adam,552,7.649824e-06,0.33764926,7.824238e-06,0.0056976015
Adam,553,7.7404775e-06,0.33920437,8.6050695e-06,0.0058438755
Adam,554,7.90176e-06,0.34734565,7.762448e-06,0.005823088
Adam,555,7.3287056e-06,0.32317492,8.506902e-06,0.0056070904
Adam,556,6.978015e-06,0.3117285,7.8852545e-06,0.005346775
Adam,557,6.533533e-06,0.29294413,8.231318e-06,0.0051441686
Adam,558,6.434547e-06,0.28962743,8.10918e-06,0.0050778333
Adam,559,6.575044e-06,0.29575408,7.95292e-06,0.0051367353
Adam,560,6.729032e-06,0.3000502,8.292246e-06,0.005253694
Adam,561,7.0233923e-06,0.31352046,7.787072e-06,0.0053567747
Adam,562,6.963772e-06,0.30878276,8.333975e-06,0.0053824894
Adam,563,6.995966e-06,0.31240225,7.752521e-06,0.005336296
Adam,564,6.707401e-06,0.29879323,8.226498e-06,0.0052280175
Adam,565,6.573183e-06,0.29552245,7.818445e-06,0.005113968
Adam,566,6.3756506e-06,0.28650907,8.038869e-06,0.0050272685
Adam,567,6.324681e-06,0.28507748,7.9319125e-06,0.0049892636
Adam,568,6.350577e-06,0.28651008,7.858331e-06,0.0049964366
Adam,569,6.3842567e-06,0.28685576,8.031977e-06,0.0050309924
Adam,570,6.512537e-06,0.29355073,7.733117e-06,0.0050723553
Adam,571,6.5041104e-06,0.29138497,8.076174e-06,0.0051008924
Adam,572,6.5976315e-06,0.29714096,7.669667e-06,0.0051115043
Adam,573,6.500101e-06,0.2913553,8.057243e-06,0.0050971545
Adam,574,6.5211048e-06,0.2941837,7.655404e-06,0.005068313
Adam,575,6.382619e-06,0.2870474,7.992612e-06,0.0050267586
Adam,576,6.363295e-06,0.28791657,7.670512e-06,0.004984237
Adam,577,6.246973e-06,0.28208756,7.9053525e-06,0.0049437243
Adam,578,6.224277e-06,0.28223208,7.69555e-06,0.004910295
Adam,579,6.156309e-06,0.27886096,7.81509e-06,0.0048843194
Adam,580,6.140531e-06,0.2786804,7.718294e-06,0.0048656277
Adam,581,6.115497e-06,0.27755004,7.733493e-06,0.0048528486
Adam,582,6.10146e-06,0.27693257,7.733409e-06,0.0048445556
Adam,583,6.1064093e-06,0.27743313,7.661949e-06,0.004839585
Adam,584,6.0892876e-06,0.27627176,7.741069e-06,0.004837271
Adam,585,6.1177225e-06,0.2780714,7.5955327e-06,0.0048377025
Adam,586,6.0979864e-06,0.27645493,7.747559e-06,0.0048413808
Adam,587,6.1560763e-06,0.27980316,7.5265916e-06,0.004850432
Adam,588,6.1439055e-06,0.27808544,7.763468e-06,0.0048669605
Adam,589,6.2608115e-06,0.28419113,7.4440723e-06,0.004897644
Adam,590,6.286823e-06,0.28343397,7.804334e-06,0.0049480135
Adam,591,6.5442696e-06,0.2955789,7.333987e-06,0.0050375275
Adam,592,6.692836e-06,0.29906294,7.896958e-06,0.0051790983
Adam,593,7.308964e-06,0.32552722,7.1815607e-06,0.005428851
Adam,594,7.784608e-06,0.34209284,8.083909e-06,0.0058012055
Adam,595,9.260254e-06,0.4000748,6.9818793e-06,0.0064370683
Adam,596,1.0268039e-05,0.44225657,8.400683e-06,0.007222874
Adam,597,1.3007374e-05,0.53934485,6.778452e-06,0.008361322
Adam,598,1.3371236e-05,0.56978977,8.71718e-06,0.00901116
Adam,599,1.4860428e-05,0.6062183,6.6970447e-06,0.009295803
Adam,600,1.1530186e-05,0.4937946,8.517549e-06,0.007945106
Adam,601,8.812171e-06,0.38292533,6.9512826e-06,0.006193771
Adam,602,6.1070873e-06,0.27768907,7.670787e-06,0.0048435717
Adam,603,6.071566e-06,0.27627316,7.657437e-06,0.004822082
Adam,604,7.973649e-06,0.35174495,7.005419e-06,0.0057643093
Adam,605,9.0577105e-06,0.39268735,8.198073e-06,0.0065152408
Adam,606,9.325339e-06,0.40130296,6.887892e-06,0.006445014
Adam,607,7.234194e-06,0.3204465,7.920392e-06,0.005477653
Adam,608,5.944357e-06,0.27237564,7.289226e-06,0.004708794
Adam,609,5.983124e-06,0.2744523,7.269385e-06,0.0047323992
Adam,610,6.899408e-06,0.30749518,7.877706e-06,0.0052915188
Adam,611,7.816611e-06,0.3455803,6.9761604e-06,0.005674719
Adam,612,7.078411e-06,0.3146666,7.902189e-06,0.0053937556
Adam,613,6.231758e-06,0.28390968,7.163458e-06,0.0048483796
Adam,614,5.6673025e-06,0.2611662,7.3995066e-06,0.0045716832
Adam,615,5.9807953e-06,0.2722302,7.6084457e-06,0.004760688
Adam,616,6.694722e-06,0.30262956,7.0421115e-06,0.0050868206
Adam,617,6.630406e-06,0.29639405,7.742817e-06,0.005119924
Adam,618,6.285383e-06,0.2859513,7.0619453e-06,0.004861612
Adam,619,5.704811e-06,0.26127824,7.405748e-06,0.004579366
Adam,620,5.6531867e-06,0.25946853,7.3520823e-06,0.0045454754
Adam,621,6.0154334e-06,0.27551752,7.052653e-06,0.0047153877
Adam,622,6.17255e-06,0.27856377,7.546115e-06,0.004843437
Adam,623,6.1640994e-06,0.28189746,6.9810962e-06,0.004790754
Adam,624,5.763492e-06,0.2636136,7.384474e-06,0.0046083312
Adam,625,5.5712867e-06,0.25757602,7.156247e-06,0.00448489
Adam,626,5.619868e-06,0.2599039,7.0912497e-06,0.004505707
Adam,627,5.7552256e-06,0.2636265,7.3556225e-06,0.004602892
Adam,628,5.9146523e-06,0.27242097,6.9549355e-06,0.004654648
Adam,629,5.7512684e-06,0.26361126,7.3401284e-06,0.004599822
Adam,630,5.616312e-06,0.26025975,7.0142974e-06,0.0044971886
Adam,631,5.474515e-06,0.25378516,7.1386544e-06,0.0044298274
Adam,632,5.484901e-06,0.25391886,7.16488e-06,0.004436656
Adam,633,5.609807e-06,0.25990653,6.960329e-06,0.0044845855
Adam,634,5.613587e-06,0.25843427,7.24056e-06,0.0045124646
Adam,635,5.63236e-06,0.26097038,6.91611e-06,0.004491974
Adam,636,5.4885645e-06,0.2538667,7.1577692e-06,0.004435617
Adam,637,5.4282677e-06,0.25235802,6.981997e-06,0.00438512
Adam,638,5.393448e-06,0.25080854,6.999118e-06,0.00436697
Adam,639,5.4036254e-06,0.25079006,7.070618e-06,0.004379037
Adam,640,5.4736856e-06,0.25452068,6.8822937e-06,0.004398604
Adam,641,5.444758e-06,0.25221792,7.0893266e-06,0.004402292
Adam,642,5.456394e-06,0.25388622,6.8457007e-06,0.0043841763
Adam,643,5.368904e-06,0.24944639,7.014452e-06,0.0043519675
Adam,644,5.3409394e-06,0.24901807,6.871221e-06,0.004322005
Adam,645,5.304894e-06,0.24741887,6.8990907e-06,0.004304786
Adam,646,5.296586e-06,0.24698004,6.9147127e-06,0.0043014954
Adam,647,5.324612e-06,0.24866053,6.801547e-06,0.004305529
Adam,648,5.3090666e-06,0.247256,6.927156e-06,0.004307993
Adam,649,5.3346585e-06,0.24913509,6.7459196e-06,0.0043034377
Adam,650,5.2862065e-06,0.24636722,6.8921554e-06,0.0042904266
Adam,651,5.2825285e-06,0.24703163,6.731833e-06,0.0042724703
Adam,652,5.231591e-06,0.24450055,6.82604e-06,0.00425365
Adam,653,5.2181094e-06,0.24439876,6.740538e-06,0.0042377845
Adam,654,5.1973752e-06,0.24343799,6.749589e-06,0.0042264247
Adam,655,5.186821e-06,0.24289751,6.7482306e-06,0.0042192326
Adam,656,5.193006e-06,0.24337834,6.6795706e-06,0.00421467
Adam,657,5.1767256e-06,0.24228095,6.743654e-06,0.004210866
Adam,658,5.1907296e-06,0.24338986,6.626081e-06,0.00420642
Adam,659,5.164009e-06,0.24171546,6.724258e-06,0.0042003947
Adam,660,5.1755687e-06,0.24284275,6.5868967e-06,0.0041927975
Adam,661,5.1424804e-06,0.24086219,6.691171e-06,0.0041836696
Adam,662,5.1493776e-06,0.24178478,6.5562335e-06,0.0041736895
Adam,663,5.1143343e-06,0.23982869,6.6512957e-06,0.0041631316
Adam,664,5.116736e-06,0.24054801,6.5304894e-06,0.004152564
Adam,665,5.0842764e-06,0.23878966,6.6104785e-06,0.00414211
Adam,666,5.0852145e-06,0.2393604,6.5043596e-06,0.0041320403
Adam,667,5.0573963e-06,0.23781773,6.570299e-06,0.0041223317
Adam,668,5.058753e-06,0.2383125,6.4743035e-06,0.0041130837
Adam,669,5.033666e-06,0.2369188,6.5334802e-06,0.00410426
Adam,670,5.035968e-06,0.23745087,6.4403903e-06,0.0040959623
Adam,671,5.0123604e-06,0.23610227,6.5024688e-06,0.004088247
Adam,672,5.018925e-06,0.23684081,6.400891e-06,0.0040813806
Adam,673,4.9968153e-06,0.23544341,6.4781634e-06,0.004075681
Adam,674,5.0136077e-06,0.23669532,6.3529797e-06,0.004071941
Adam,675,4.994197e-06,0.23523515,6.4647716e-06,0.004071197
Adam,676,5.03455e-06,0.23767355,6.2931435e-06,0.0040758895
Adam,677,5.0292983e-06,0.2364294,6.470659e-06,0.0040892875
Adam,678,5.132931e-06,0.24176082,6.212352e-06,0.004119401
Adam,679,5.186043e-06,0.24220195,6.511652e-06,0.0041766735
Adam,680,5.4759103e-06,0.2553514,6.0954717e-06,0.004289221
Adam,681,5.7412053e-06,0.2634184,6.6244966e-06,0.004489039
Adam,682,6.6215844e-06,0.29953757,5.9246577e-06,0.004877312
Adam,683,7.5757307e-06,0.33555248,6.885601e-06,0.0055247243
Adam,684,1.0269556e-05,0.43604976,5.7015727e-06,0.0067561665
Adam,685,1.2661968e-05,0.5416449,7.3990154e-06,0.008425596
Adam,686,1.8849456e-05,0.74524826,5.5143355e-06,0.011107052
Adam,687,1.964957e-05,0.8317252,7.951382e-06,0.012457395
Adam,688,2.2343169e-05,0.8659679,5.45878e-06,0.0128299715
Adam,689,1.3553312e-05,0.5760244,7.435003e-06,0.008908492
Adam,690,7.083714e-06,0.31747746,5.797506e-06,0.0051069576
Adam,691,4.946071e-06,0.23580186,6.073577e-06,0.004010966
Adam,692,8.416308e-06,0.36675873,6.9032453e-06,0.00596552
Adam,693,1.287202e-05,0.5308949,5.576922e-06,0.00807629
Adam,694,1.0383735e-05,0.44413552,7.098071e-06,0.007063626
Adam,695,6.4870005e-06,0.2936299,5.8301102e-06,0.004783866
Adam,696,4.836258e-06,0.23004696,6.094951e-06,0.0039401506
Adam,697,7.090627e-06,0.31364474,6.7610813e-06,0.0052142036
Adam,698,9.393963e-06,0.40401495,5.6659533e-06,0.0062991367
Adam,699,7.2429643e-06,0.31973016,6.8080667e-06,0.0053049563
Adam,700,4.967868e-06,0.23606573,6.0417674e-06,0.0040121023
Adam,701,5.236963e-06,0.24637829,5.9769127e-06,0.004145864
Adam,702,6.8145737e-06,0.30369443,6.7336673e-06,0.0050691804
Adam,703,7.168048e-06,0.32026672,5.765225e-06,0.005142658
Adam,704,5.299231e-06,0.24546382,6.4428987e-06,0.0042159576
Adam,705,4.6687387e-06,0.22269844,6.2003237e-06,0.0038573437
Adam,706,5.748589e-06,0.26605448,5.8220103e-06,0.0043961345
Adam,707,6.1953187e-06,0.27837658,6.527697e-06,0.0046922183
Adam,708,5.51908e-06,0.25688776,5.7896523e-06,0.0042651873
Adam,709,4.637772e-06,0.22105557,6.072687e-06,0.0038171245
Adam,710,4.9761106e-06,0.23267844,6.2085264e-06,0.00400448
Adam,711,5.6822228e-06,0.2643132,5.6920244e-06,0.004349269
Adam,712,5.331972e-06,0.24594331,6.2470726e-06,0.00419629
Adam,713,4.709673e-06,0.22577497,5.825125e-06,0.0038379692
Adam,714,4.6651785e-06,0.22406876,5.8189607e-06,0.0038133084
Adam,715,5.0716067e-06,0.23697478,6.128646e-06,0.0040497854
Adam,716,5.2048385e-06,0.24622124,5.6535564e-06,0.004090972
Adam,717,4.731158e-06,0.2248995,6.003347e-06,0.0038591707
Adam,718,4.51482e-06,0.21783285,5.8489677e-06,0.0037328966
Adam,719,4.7568e-06,0.22816244,5.6812705e-06,0.003847335
Adam,720,4.9013793e-06,0.23088941,6.010614e-06,0.003945693
Adam,721,4.7865883e-06,0.22914942,5.6353147e-06,0.0038547795
Adam,722,4.4970266e-06,0.21658087,5.8192077e-06,0.0037132436
Adam,723,4.505424e-06,0.21678992,5.8190785e-06,0.0037165745
Adam,724,4.7089093e-06,0.22607599,5.596665e-06,0.0038065962
Adam,725,4.675765e-06,0.22271818,5.866502e-06,0.003808522
Adam,726,4.544085e-06,0.21930656,5.6030326e-06,0.0037151333
Adam,727,4.420479e-06,0.21406552,5.6706467e-06,0.003654324
Adam,728,4.471519e-06,0.21558651,5.729628e-06,0.0036860371
Adam,729,4.586902e-06,0.22138251,5.5131704e-06,0.0037288358
Adam,730,4.5057445e-06,0.21682101,5.7119396e-06,0.0037008626
Adam,731,4.417978e-06,0.21450405,5.526966e-06,0.0036367823
Adam,732,4.3738737e-06,0.21255334,5.5359765e-06,0.003612011
Adam,733,4.410648e-06,0.21338685,5.601283e-06,0.0036356582
Adam,734,4.4721073e-06,0.21682441,5.4160355e-06,0.0036514653
Adam,735,4.399791e-06,0.21300273,5.560413e-06,0.0036240579
Adam,736,4.3450686e-06,0.21168715,5.425942e-06,0.0035825232
Adam,737,4.3211035e-06,0.21063396,5.4196735e-06,0.0035674563
Adam,738,4.337623e-06,0.21076117,5.4697553e-06,0.0035787185
Adam,739,4.373928e-06,0.21294054,5.3230283e-06,0.0035839488
Adam,740,4.3224222e-06,0.21015047,5.430164e-06,0.0035643927
Adam,741,4.288766e-06,0.20944728,5.319461e-06,0.0035357065
Adam,742,4.2646852e-06,0.20834811,5.317918e-06,0.0035208715
Adam,743,4.2681772e-06,0.20809563,5.341516e-06,0.00352241
Adam,744,4.293021e-06,0.2095524,5.2282358e-06,0.0035237125
Adam,745,4.2620068e-06,0.20765105,5.306133e-06,0.0035117313
Adam,746,4.2429797e-06,0.20741853,5.203951e-06,0.003491225
Adam,747,4.2137826e-06,0.20608063,5.214868e-06,0.0034751038
Adam,748,4.2064753e-06,0.20569673,5.208008e-06,0.0034691398
Adam,749,4.2181646e-06,0.20651998,5.12906e-06,0.0034672834
Adam,750,4.2003408e-06,0.20532991,5.1809056e-06,0.003460486
Adam,751,4.192204e-06,0.20550027,5.0861395e-06,0.003446754
Adam,752,4.162131e-06,0.20405436,5.109627e-06,0.0034313072
Adam,753,4.1494536e-06,0.20367031,5.0731273e-06,0.0034200903
Adam,754,4.147577e-06,0.20373294,5.028636e-06,0.0034137613
Adam,755,4.137877e-06,0.20300184,5.0506237e-06,0.0034082937
Adam,756,4.1382414e-06,0.20334734,4.970427e-06,0.0033997737
Adam,757,4.11587e-06,0.20208137,4.9974738e-06,0.003387815
Adam,758,4.1048847e-06,0.2018589,4.9391842e-06,0.0033751992
Adam,759,4.0906702e-06,0.20120561,4.926742e-06,0.0033646678
Adam,760,4.081014e-06,0.20071863,4.915428e-06,0.0033566523
Adam,761,4.0791997e-06,0.2008301,4.8618017e-06,0.0033494513
Adam,762,4.0649265e-06,0.19996862,4.8776787e-06,0.003341077
Adam,763,4.0588593e-06,0.19998936,4.8145703e-06,0.003330908
Adam,764,4.0402824e-06,0.19904567,4.821946e-06,0.0033197908
Adam,765,4.029692e-06,0.19875315,4.7809e-06,0.0033091202
Adam,766,4.0186824e-06,0.19830285,4.758785e-06,0.0032996484
Adam,767,4.008199e-06,0.1977835,4.7471835e-06,0.0032911422
Adam,768,4.0034106e-06,0.19772406,4.7000535e-06,0.0032827603
Adam,769,3.9899355e-06,0.196975,4.703525e-06,0.003273769
Adam,770,3.983169e-06,0.19688044,4.651405e-06,0.0032639906
Adam,771,3.9680053e-06,0.19611208,4.6495943e-06,0.0032537607
Adam,772,3.9586353e-06,0.19582993,4.610133e-06,0.0032436145
Adam,773,3.9472993e-06,0.19532275,4.59061e-06,0.0032339138
Adam,774,3.9371876e-06,0.19486985,4.5694055e-06,0.0032246874
Adam,775,3.9297547e-06,0.19462983,4.532948e-06,0.0032157036
Adam,776,3.918041e-06,0.19402897,4.5244096e-06,0.0032066575
Adam,777,3.9110078e-06,0.19386484,4.480285e-06,0.0031973422
Adam,778,3.898056e-06,0.1931975,4.4736403e-06,0.0031877295
Adam,779,3.8899298e-06,0.19296424,4.431947e-06,0.0031779238
Adam,780,3.8777725e-06,0.19236597,4.4184435e-06,0.003168092
Adam,781,3.8685703e-06,0.19202444,4.385578e-06,0.0031583665
Adam,782,3.8582525e-06,0.19157636,4.3620057e-06,0.0031488023
Adam,783,3.848085e-06,0.19113189,4.339007e-06,0.0031393827
Adam,784,3.839393e-06,0.19081317,4.306629e-06,0.003130035
Adam,785,3.8285025e-06,0.19028518,4.2903616e-06,0.0031206813
Adam,786,3.820499e-06,0.1900245,4.2529914e-06,0.0031112684
Adam,787,3.8090116e-06,0.18945315,4.239212e-06,0.0031017652
Adam,788,3.8007415e-06,0.18919004,4.201122e-06,0.00309218
Adam,789,3.7891625e-06,0.18862318,4.186191e-06,0.0030825348
Adam,790,3.7804991e-06,0.18832481,4.1502317e-06,0.0030728579
Adam,791,3.7695186e-06,0.18779743,4.1318367e-06,0.0030631777
Adam,792,3.7605241e-06,0.1874529,4.099339e-06,0.0030535085
Adam,793,3.750203e-06,0.18698022,4.07688e-06,0.0030438646
Adam,794,3.7407303e-06,0.18659177,4.0480986e-06,0.0030342422
Adam,795,3.7309267e-06,0.1861712,4.021926e-06,0.0030246398
Adam,796,3.7211064e-06,0.18574518,3.9962283e-06,0.003015052
Adam,797,3.7117775e-06,0.1853651,3.9670113e-06,0.0030054692
Adam,798,3.7017066e-06,0.1849094,3.9436113e-06,0.0029958915
Adam,799,3.6926476e-06,0.1845589,3.9121655e-06,0.002986311
Adam,800,3.6823253e-06,0.18408056,3.890508e-06,0.0029767307
Adam,801,3.6734884e-06,0.18375261,3.8573276e-06,0.0029671486
Adam,802,3.663096e-06,0.18325491,3.8370417e-06,0.0029575697
Adam,803,3.6545848e-06,0.18294778,3.8022072e-06,0.0029479966
Adam,804,3.6441563e-06,0.18243103,3.7833522e-06,0.0029384366
Adam,805,3.635952e-06,0.18215044,3.7466816e-06,0.0029288994
Adam,806,3.6254078e-06,0.18161198,3.7298014e-06,0.002919401
Adam,807,3.6176518e-06,0.18137236,3.690606e-06,0.0029099623
Adam,808,3.6070794e-06,0.1808055,3.6766698e-06,0.0029006172
Adam,809,3.6002157e-06,0.1806348,3.6336085e-06,0.0028914218
Adam,810,3.589838e-06,0.18003282,3.6243832e-06,0.0028824613
Adam,811,3.584769e-06,0.17998816,3.5752462e-06,0.0028738838
Adam,812,3.5753897e-06,0.17935483,3.5737455e-06,0.0028659184
Adam,813,3.5744938e-06,0.17956068,3.514712e-06,0.0028589875
Adam,814,3.568871e-06,0.1789502,3.5260334e-06,0.0028537377
Adam,815,3.578556e-06,0.17970869,3.4505852e-06,0.0028514583
Adam,816,3.5852574e-06,0.17936969,3.483824e-06,0.002854059
Adam,817,3.6242686e-06,0.18149474,3.3807542e-06,0.0028657007
Adam,818,3.671118e-06,0.1823696,3.4524746e-06,0.0028922348
Adam,819,3.7991629e-06,0.18826151,3.302288e-06,0.0029478327
Adam,820,3.9770944e-06,0.19372417,3.4434636e-06,0.0030503254
Adam,821,4.394022e-06,0.21089913,3.213356e-06,0.0032500979
Adam,822,4.9894707e-06,0.2324511,3.482959e-06,0.0035953752
Adam,823,6.3601155e-06,0.28416803,3.1235982e-06,0.0042642374
Adam,824,8.1146645e-06,0.3552105,3.626815e-06,0.005313327
Adam,825,1.2251258e-05,0.49741456,3.0839337e-06,0.007274424
Adam,826,1.5633283e-05,0.6594098,3.932737e-06,0.009529002
Adam,827,2.3526169e-05,0.8909196,3.1559155e-06,0.012911509
Adam,828,2.2213262e-05,0.92961025,4.141518e-06,0.013249319
Adam,829,2.1775615e-05,0.82965475,3.0498782e-06,0.012020371
Adam,830,1.058579e-05,0.44948506,3.577447e-06,0.006619336
Adam,831,4.0190807e-06,0.19745262,2.9558012e-06,0.0030207583
Adam,832,4.7811345e-06,0.22696333,2.9062487e-06,0.0034227404
Adam,833,9.834243e-06,0.41580296,3.4455325e-06,0.006149996
Adam,834,1.2957292e-05,0.52348435,2.8641182e-06,0.007608055
Adam,835,8.252994e-06,0.35425726,3.315386e-06,0.0052778297
Adam,836,3.8364556e-06,0.18981081,2.8763473e-06,0.0029050286
Adam,837,4.256562e-06,0.20670135,2.8529755e-06,0.003133444
Adam,838,7.4547233e-06,0.3230076,3.2407827e-06,0.004834402
Adam,839,8.205559e-06,0.3530057,2.8151233e-06,0.0051831594
Adam,840,4.933003e-06,0.2279676,3.0702845e-06,0.0034801692
Adam,841,3.3051265e-06,0.16843484,2.8966308e-06,0.002614612
Adam,842,4.992804e-06,0.23322932,2.787549e-06,0.003499346
Adam,843,6.2663216e-06,0.27747363,3.071143e-06,0.0041753557
Adam,844,5.036793e-06,0.23488745,2.7493768e-06,0.0035167998
Adam,845,3.3652198e-06,0.16892375,2.8165782e-06,0.0026165072
Adam,846,3.9183647e-06,0.18827607,2.838508e-06,0.0028962917
Adam,847,5.1668244e-06,0.23859277,2.6613156e-06,0.0035601486
Adam,848,4.6651417e-06,0.21572556,2.8217137e-06,0.0032802839
Adam,849,3.4080392e-06,0.17234443,2.634577e-06,0.0026298368
Adam,850,3.435822e-06,0.17388605,2.6016603e-06,0.0026444828
Adam,851,4.316018e-06,0.2030745,2.7095584e-06,0.0030845813
Adam,852,4.242573e-06,0.20518671,2.5162828e-06,0.0030656955
Adam,853,3.4306315e-06,0.17132732,2.583245e-06,0.0026153547
Adam,854,3.2681487e-06,0.16567472,2.5352408e-06,0.0025272556
Adam,855,3.801114e-06,0.18806773,2.4386786e-06,0.0028166461
Adam,856,3.9195816e-06,0.18836367,2.5408585e-06,0.0028527027
Adam,857,3.3728736e-06,0.17110442,2.4029027e-06,0.0025774105
Adam,858,3.1670927e-06,0.16234602,2.3993748e-06,0.0024584304
Adam,859,3.506285e-06,0.17335053,2.433848e-06,0.0026245255
Adam,860,3.6398367e-06,0.18100505,2.3162513e-06,0.0027034637
Adam,861,3.3420076e-06,0.16769642,2.3703792e-06,0.002533822
Adam,862,3.1111972e-06,0.16012661,2.3085377e-06,0.0024142263
Adam,863,3.2692753e-06,0.16686179,2.2576517e-06,0.002497657
Adam,864,3.4339662e-06,0.17118628,2.3028038e-06,0.0025723781
Adam,865,3.2725177e-06,0.16666473,2.205152e-06,0.0024882976
Adam,866,3.0880658e-06,0.15880102,2.2096929e-06,0.002382674
Adam,867,3.1474299e-06,0.160579,2.1963467e-06,0.0024073564
Adam,868,3.2729013e-06,0.16621451,2.1270848e-06,0.002472143
Adam,869,3.226722e-06,0.16308208,2.1554538e-06,0.002438147
Adam,870,3.0749634e-06,0.1581955,2.0919852e-06,0.0023569972
Adam,871,3.0594374e-06,0.15755613,2.0687667e-06,0.002344792
Adam,872,3.1492007e-06,0.16031472,2.0759217e-06,0.0023869155
Adam,873,3.148727e-06,0.1612825,2.0101434e-06,0.0023866554
Adam,874,3.0555664e-06,0.15711144,2.0191733e-06,0.002332325
Adam,875,3.002355e-06,0.15536748,1.9838312e-06,0.0023016026
Adam,876,3.0434687e-06,0.15715086,1.946118e-06,0.0023199467
Adam,877,3.0802648e-06,0.15771094,1.9536799e-06,0.002332201
Adam,878,3.0331537e-06,0.15647258,1.898828e-06,0.002304523
Adam,879,2.9801718e-06,0.15398301,1.8916769e-06,0.0022706075
Adam,880,2.98483e-06,0.153952,1.8728608e-06,0.0022681735
Adam,881,3.0124725e-06,0.15534508,1.8322147e-06,0.0022801538
Adam,882,3.0071917e-06,0.15447277,1.8363347e-06,0.0022712566
Adam,883,2.9612672e-06,0.15314198,1.795959e-06,0.0022450036
Adam,884,2.9399228e-06,0.15217741,1.7812156e-06,0.0022299448
Adam,885,2.9537e-06,0.15243272,1.7714746e-06,0.0022331034
Adam,886,2.9589662e-06,0.15297216,1.7349241e-06,0.0022338051
Adam,887,2.9409232e-06,0.15178005,1.7341542e-06,0.002219062
Adam,888,2.9126086e-06,0.15084882,1.7050902e-06,0.002201143
Adam,889,2.9073312e-06,0.15054092,1.6868654e-06,0.0021945387
Adam,890,2.916812e-06,0.15056077,1.6799871e-06,0.0021951275
Adam,891,2.9104401e-06,0.15057601,1.6493619e-06,0.0021897303
Adam,892,2.892244e-06,0.14955854,1.6452437e-06,0.0021762087
Adam,893,2.8741547e-06,0.1489654,1.6241727e-06,0.002164403
Adam,894,2.8705385e-06,0.14884554,1.6063124e-06,0.002159983
Adam,895,2.8726622e-06,0.14866395,1.6004028e-06,0.0021575992
Adam,896,2.8627348e-06,0.14847282,1.5750313e-06,0.002150393
Adam,897,2.8486836e-06,0.14768139,1.568772e-06,0.0021394321
Adam,898,2.8374675e-06,0.14723866,1.5518035e-06,0.002130777
Adam,899,2.8342997e-06,0.14709747,1.5349465e-06,0.0021263617
Adam,900,2.8334077e-06,0.14679801,1.5288286e-06,0.0021223156
Adam,901,2.8238344e-06,0.14654772,1.507621e-06,0.0021151954
Adam,902,2.8127092e-06,0.14592539,1.5008919e-06,0.002106294
Adam,903,2.8032628e-06,0.14555323,1.4869746e-06,0.002099068
Adam,904,2.798179e-06,0.14536504,1.4726047e-06,0.0020942679
Adam,905,2.7946498e-06,0.1450334,1.4667992e-06,0.0020895514
Adam,906,2.785947e-06,0.14477317,1.449484e-06,0.0020830461
Adam,907,2.7770172e-06,0.14425123,1.4431687e-06,0.0020755401
Adam,908,2.7689082e-06,0.1438968,1.4312749e-06,0.0020689955
Adam,909,2.7633082e-06,0.14364925,1.4194064e-06,0.0020638998
Adam,910,2.7587587e-06,0.14331122,1.4137586e-06,0.0020589898
Adam,911,2.7507874e-06,0.14305507,1.3996465e-06,0.0020531155
Adam,912,2.742608e-06,0.14260463,1.3941417e-06,0.0020465588
Adam,913,2.7343026e-06,0.14227174,1.3837509e-06,0.0020404253
Adam,914,2.7276951e-06,0.1419891,1.3741993e-06,0.002035175
Adam,915,2.7222227e-06,0.1416621,1.3685219e-06,0.0020302327
Adam,916,2.7150672e-06,0.14140856,1.3567044e-06,0.0020248513
Adam,917,2.7079736e-06,0.14100368,1.3516765e-06,0.0020189844
Adam,918,2.7002811e-06,0.14068365,1.3420798e-06,0.0020131906
Adam,919,2.6936004e-06,0.14036998,1.3343555e-06,0.0020078933
Adam,920,2.687597e-06,0.14005089,1.3286259e-06,0.0020029424
Adam,921,2.6806329e-06,0.13979587,1.3189101e-06,0.00199789
Adam,922,2.6736652e-06,0.1394303,1.3145644e-06,0.0019925374
Adam,923,2.6658604e-06,0.13913105,1.3059581e-06,0.0019870833
Adam,924,2.6587632e-06,0.13880278,1.2999832e-06,0.0019818398
Adam,925,2.6522002e-06,0.1384916,1.2942035e-06,0.0019768765
Adam,926,2.6455225e-06,0.13822345,1.286265e-06,0.0019720027
Adam,927,2.6390358e-06,0.13788407,1.2821057e-06,0.001967012
Adam,928,2.6317941e-06,0.13759857,1.274248e-06,0.001961892
Adam,929,2.624849e-06,0.13726495,1.2694462e-06,0.0019567937
Adam,930,2.617932e-06,0.13696313,1.2635154e-06,0.0019518484
Adam,931,2.6111277e-06,0.13668033,1.2571702e-06,0.0019470481
Adam,932,2.6045248e-06,0.13636437,1.2529941e-06,0.0019422715
Adam,933,2.5974823e-06,0.13608985,1.2460794e-06,0.0019374328
Adam,934,2.5906481e-06,0.13576376,1.2420734e-06,0.0019325458
Adam,935,2.5836796e-06,0.13547239,1.2361203e-06,0.0019276938
Adam,936,2.5769475e-06,0.13517292,1.231096e-06,0.0019229356
Adam,937,2.570357e-06,0.1348707,1.2266589e-06,0.0019182593
Adam,938,2.5635939e-06,0.13459478,1.2207877e-06,0.0019136051
Adam,939,2.5569063e-06,0.13428223,1.2171367e-06,0.0019089289
Adam,940,2.5499432e-06,0.13400246,1.2114699e-06,0.0019042366
Adam,941,2.5431204e-06,0.13369744,1.2075045e-06,0.0018995681
Adam,942,2.5363142e-06,0.13340785,1.2028592e-06,0.0018949544
Adam,943,2.5295835e-06,0.13312392,1.1981206e-06,0.0018903947
Adam,944,2.5229756e-06,0.13282514,1.1944434e-06,0.0018858642
Adam,945,2.5162597e-06,0.1325497,1.1893445e-06,0.0018813377
Adam,946,2.5096267e-06,0.13224716,1.1859427e-06,0.0018768071
Adam,947,2.502893e-06,0.13196723,1.1812367e-06,0.0018722918
Adam,948,2.4962321e-06,0.13167532,1.1774683e-06,0.0018678082
Adam,949,2.4895876e-06,0.13138905,1.1735572e-06,0.0018633622
Adam,950,2.4829578e-06,0.13111103,1.1692938e-06,0.001858948
Adam,951,2.4764108e-06,0.13081925,1.1659895e-06,0.0018545524
Adam,952,2.4698202e-06,0.13054524,1.1615907e-06,0.001850164
Adam,953,2.463313e-06,0.13025318,1.1583962e-06,0.0018457882
Adam,954,2.456785e-06,0.12997605,1.1543432e-06,0.0018414296
Adam,955,2.4503092e-06,0.12969181,1.150883e-06,0.0018370969
Adam,956,2.4438561e-06,0.12941042,1.1474018e-06,0.0018327929
Adam,957,2.437409e-06,0.12913549,1.1436482e-06,0.0018285136
Adam,958,2.4309886e-06,0.12885097,1.1406032e-06,0.0018242485
Adam,959,2.4245498e-06,0.12857983,1.1368e-06,0.0018200008
Adam,960,2.4181543e-06,0.12829621,1.1338662e-06,0.0018157652
Adam,961,2.4117633e-06,0.1280239,1.1302985e-06,0.0018115481
Adam,962,2.4054286e-06,0.12774539,1.1272205e-06,0.0018073511
Adam,963,2.3991283e-06,0.12747034,1.1240355e-06,0.001803178
Adam,964,2.3928485e-06,0.12719798,1.1207683e-06,0.0017990223
Adam,965,2.386599e-06,0.12692103,1.1179154e-06,0.0017948874
Adam,966,2.380341e-06,0.12665278,1.1145924e-06,0.0017907677
Adam,967,2.3741138e-06,0.12637632,1.1119007e-06,0.0017866653
Adam,968,2.3678836e-06,0.12610883,1.1087056e-06,0.0017825766
Adam,969,2.3616992e-06,0.12583525,1.106001e-06,0.0017785076
Adam,970,2.35553e-06,0.12556678,1.1030551e-06,0.0017744555
Adam,971,2.3493944e-06,0.12529741,1.1002568e-06,0.0017704219
Adam,972,2.343286e-06,0.12502769,1.097576e-06,0.0017664061
Adam,973,2.3371942e-06,0.124762125,1.0947118e-06,0.0017624071
Adam,974,2.3311293e-06,0.12449219,1.0922253e-06,0.001758425
Adam,975,2.3250743e-06,0.1242288,1.089392e-06,0.001754458
Adam,976,2.3190396e-06,0.123960204,1.08699e-06,0.0017505065
Adam,977,2.3130146e-06,0.12369745,1.0842824e-06,0.0017465691
Adam,978,2.3070218e-06,0.123431556,1.0818785e-06,0.0017426506
Adam,979,2.3010489e-06,0.123168714,1.0793465e-06,0.0017387464
Adam,980,2.295104e-06,0.12290563,1.0769061e-06,0.0017348578
Adam,981,2.2891868e-06,0.12264251,1.0745478e-06,0.0017309852
Adam,982,2.2832908e-06,0.12238227,1.0720896e-06,0.0017271298
Adam,983,2.2774157e-06,0.1221196,1.0698652e-06,0.0017232881
Adam,984,2.2715533e-06,0.121861205,1.0674379e-06,0.0017194607
Adam,985,2.2657116e-06,0.12159967,1.0652956e-06,0.0017156478
Adam,986,2.259887e-06,0.12134242,1.0629442e-06,0.0017118488
Adam,987,2.2540896e-06,0.12108261,1.0608388e-06,0.0017080653
Adam,988,2.2483093e-06,0.12082598,1.0585918e-06,0.001704295
Adam,989,2.2425547e-06,0.12056819,1.0564981e-06,0.0017005398
Adam,990,2.2368197e-06,0.120311946,1.0543689e-06,0.0016967977
Adam,991,2.2311053e-06,0.12005612,1.0522825e-06,0.0016930694
Adam,992,2.225412e-06,0.11980032,1.0502647e-06,0.0016893547
Adam,993,2.2197323e-06,0.11954638,1.0481954e-06,0.0016856529
Adam,994,2.214075e-06,0.119291365,1.0462722e-06,0.0016819658
Adam,995,2.2084332e-06,0.11903907,1.0442352e-06,0.0016782909
Adam,996,2.2028114e-06,0.118784875,1.0423852e-06,0.0016746282
Adam,997,2.197212e-06,0.11853376,1.0403957e-06,0.0016709787
Adam,998,2.1916335e-06,0.11828063,1.038596e-06,0.0016673406
Adam,999,2.186075e-06,0.11803037,1.0366697e-06,0.0016637153
L-BFGS-B,1,2.186075e-06,0.11803037,1.0366697e-06,0.0016637153
L-BFGS-B,2,0.0012424793,24.484478,0.00081261725,0.5531092
L-BFGS-B,3,4.6545036e-05,2.087595,2.0770603e-06,0.028169263
L-BFGS-B,4,2.1860435e-06,0.11802047,1.0370933e-06,0.0016636751
L-BFGS-B,5,2.185995e-06,0.11801554,1.0370138e-06,0.0016636067
L-BFGS-B,6,2.1858084e-06,0.117996365,1.0366974e-06,0.0016633396
L-BFGS-B,7,2.185237e-06,0.117929794,1.0354638e-06,0.001662403
L-BFGS-B,8,2.1868402e-06,0.11776337,1.0316543e-06,0.0016604078
L-BFGS-B,9,2.187028e-06,0.11769689,1.0307425e-06,0.0016596345
L-BFGS-B,10,2.184082e-06,0.11762652,1.0333363e-06,0.0016588779
L-BFGS-B,11,2.1688836e-06,0.11738905,1.047805e-06,0.0016563938
L-BFGS-B,12,2.1452279e-06,0.11711863,1.0720661e-06,0.0016537803
L-BFGS-B,13,2.107094e-06,0.11671952,1.1152804e-06,0.0016505513
L-BFGS-B,14,2.0799814e-06,0.11639897,1.1464172e-06,0.0016479495
L-BFGS-B,15,2.0590053e-06,0.11608778,1.1696715e-06,0.0016451792
L-BFGS-B,16,2.057291e-06,0.11592944,1.1697159e-06,0.0016433455
L-BFGS-B,17,2.061387e-06,0.11571191,1.1668999e-06,0.0016413621
L-BFGS-B,18,2.0660825e-06,0.11541713,1.1678178e-06,0.0016392564
L-BFGS-B,19,2.0608568e-06,0.1150229,1.1858057e-06,0.0016372283
L-BFGS-B,20,2.0437803e-06,0.11463004,1.206581e-06,0.0016338547
L-BFGS-B,21,1.9968404e-06,0.11399127,1.261006e-06,0.0016285896
L-BFGS-B,22,1.9529027e-06,0.11352663,1.2946429e-06,0.0016223982
L-BFGS-B,23,1.9020102e-06,0.11299072,1.3407006e-06,0.0016163138
L-BFGS-B,24,1.8947579e-06,0.11313053,1.3206168e-06,0.0016136116
L-BFGS-B,25,1.8903464e-06,0.11290785,1.3241455e-06,0.0016112523
L-BFGS-B,26,1.9034027e-06,0.112769976,1.3005664e-06,0.0016082951
L-BFGS-B,27,1.9112706e-06,0.11266703,1.2872167e-06,0.0016064434
L-BFGS-B,28,1.9030726e-06,0.11227766,1.3028168e-06,0.00160366
L-BFGS-B,29,1.8836259e-06,0.11172461,1.3437772e-06,0.0016013565
L-BFGS-B,30,1.8684372e-06,0.111396484,1.3753402e-06,0.0016005314
L-BFGS-B,31,1.8567911e-06,0.1111437,1.400449e-06,0.001600023
L-BFGS-B,32,1.848465e-06,0.11094069,1.4189953e-06,0.0015995259
L-BFGS-B,33,1.8353951e-06,0.110511824,1.4499252e-06,0.0015979162
L-BFGS-B,34,1.8135071e-06,0.10961056,1.506594e-06,0.0015941208
L-BFGS-B,35,1.8132805e-06,0.10869733,1.531566e-06,0.0015887003
L-BFGS-B,36,1.8091395e-06,0.10764314,1.5938006e-06,0.0015868724
L-BFGS-B,37,1.8375231e-06,0.10803011,1.4971466e-06,0.0015805016
L-BFGS-B,38,1.8546664e-06,0.10831956,1.4464224e-06,0.0015783588
L-BFGS-B,39,1.8726773e-06,0.108603284,1.4016151e-06,0.0015771766
L-BFGS-B,40,1.8761452e-06,0.108563505,1.3972365e-06,0.0015766423
L-BFGS-B,41,1.8883145e-06,0.10804269,1.3900518e-06,0.0015721818
L-BFGS-B,42,1.8908752e-06,0.10729359,1.3986983e-06,0.0015663719
L-BFGS-B,43,1.8844187e-06,0.10625176,1.4128553e-06,0.0015571087
L-BFGS-B,44,1.8693356e-06,0.10497801,1.4285501e-06,0.0015444629
L-BFGS-B,45,1.8394085e-06,0.10345799,1.4797565e-06,0.0015324546
L-BFGS-B,46,1.8008691e-06,0.101846434,1.5723869e-06,0.0015244527
L-BFGS-B,47,1.7743473e-06,0.100532405,1.6242984e-06,0.001515121
L-BFGS-B,48,1.7357653e-06,0.09781029,1.7973833e-06,0.0015080752
L-BFGS-B,49,1.747426e-06,0.09882726,1.7094194e-06,0.0015067994
L-BFGS-B,50,1.732446e-06,0.096645504,1.8836068e-06,0.001508863
L-BFGS-B,51,1.7287714e-06,0.09721546,1.7941743e-06,0.0015005964
L-BFGS-B,52,1.7106698e-06,0.09549037,1.837339e-06,0.001487105
L-BFGS-B,53,1.6532827e-06,0.09042904,1.9186234e-06,0.0014400764
L-BFGS-B,54,1.595827e-06,0.08617154,1.9624997e-06,0.0013954644
L-BFGS-B,55,1.8375688e-06,0.09128106,2.017202e-06,0.0014910261
L-BFGS-B,56,1.5891763e-06,0.084926985,1.939524e-06,0.001378575
L-BFGS-B,57,1.5628377e-06,0.08394085,1.9898978e-06,0.0013723188
L-BFGS-B,58,1.5573203e-06,0.08404077,1.9345043e-06,0.0013641814
L-BFGS-B,59,1.5667168e-06,0.0842888,1.883579e-06,0.0013604324
L-BFGS-B,60,2.535904e-06,0.10205504,1.616378e-06,0.0016433926
L-BFGS-B,61,1.5845038e-06,0.08428562,1.8567755e-06,0.0013590481
L-BFGS-B,62,1.6171117e-06,0.08524016,1.728642e-06,0.0013542647
L-BFGS-B,63,1.6061795e-06,0.08499504,1.7381503e-06,0.0013515998
L-BFGS-B,64,1.6159327e-06,0.085208796,1.702e-06,0.0013497778
L-BFGS-B,65,1.6320826e-06,0.08555473,1.6512793e-06,0.0013480515
L-BFGS-B,66,1.7259978e-06,0.08663436,1.5286233e-06,0.0013545367
L-BFGS-B,67,1.6545234e-06,0.08569784,1.6105964e-06,0.0013467463
L-BFGS-B,68,1.6551194e-06,0.08570141,1.5783395e-06,0.0013420329
L-BFGS-B,69,1.6228316e-06,0.08498753,1.5668237e-06,0.0013283236
L-BFGS-B,70,1.5609724e-06,0.0835328,1.6617695e-06,0.0013187393
L-BFGS-B,71,1.5309773e-06,0.08256607,1.7214301e-06,0.0013135218
L-BFGS-B,72,1.5342081e-06,0.082083404,1.7266937e-06,0.0013099692
L-BFGS-B,73,1.5237587e-06,0.080822445,1.8008968e-06,0.0013069228
L-BFGS-B,74,1.5259748e-06,0.080252945,1.7900942e-06,0.0012999398
L-BFGS-B,75,1.5305162e-06,0.07932101,1.8150657e-06,0.0012950473
L-BFGS-B,76,1.5403489e-06,0.07845307,1.8308779e-06,0.0012902147
L-BFGS-B,77,1.5476538e-06,0.078009844,1.8401703e-06,0.001288272
L-BFGS-B,78,1.5505449e-06,0.07786241,1.8426056e-06,0.0012875966
L-BFGS-B,79,1.5572354e-06,0.07770669,1.8291206e-06,0.0012850203
L-BFGS-B,80,1.5728103e-06,0.07686556,1.7930242e-06,0.0012735308
L-BFGS-B,81,1.5811763e-06,0.076074645,1.7382953e-06,0.0012586671
L-BFGS-B,82,1.5786177e-06,0.075689964,1.7011361e-06,0.0012488627
L-BFGS-B,83,1.5593367e-06,0.07506912,1.7447489e-06,0.0012463041
L-BFGS-B,84,1.5450935e-06,0.07456902,1.7842927e-06,0.0012450981
L-BFGS-B,85,1.5404512e-06,0.07433108,1.8002703e-06,0.001244419
L-BFGS-B,86,1.5393309e-06,0.07403748,1.8185427e-06,0.0012440558
L-BFGS-B,87,1.5377682e-06,0.0737063,1.8354264e-06,0.0012430422
L-BFGS-B,88,1.5349922e-06,0.071042225,1.9904599e-06,0.00123924
L-BFGS-B,89,1.5190163e-06,0.07060616,1.9456186e-06,0.0012257567
L-BFGS-B,90,1.4692703e-06,0.069701225,1.8921816e-06,0.00120123
L-BFGS-B,91,1.4416728e-06,0.06882639,1.8465945e-06,0.001181504
L-BFGS-B,92,1.4361385e-06,0.067213416,1.8912777e-06,0.0011712466
L-BFGS-B,93,1.4383284e-06,0.068206996,1.8827895e-06,0.0011802376
L-BFGS-B,94,1.4228378e-06,0.067005426,1.8823207e-06,0.001165828
L-BFGS-B,95,1.3728262e-06,0.066814885,1.8963038e-06,0.0011585184
L-BFGS-B,96,1.3317044e-06,0.065963775,1.9447125e-06,0.0011511003
L-BFGS-B,97,1.3164524e-06,0.0653119,1.9857646e-06,0.0011484516
L-BFGS-B,98,1.3092914e-06,0.06493291,1.995578e-06,0.0011450595
L-BFGS-B,99,1.2966185e-06,0.06450475,1.999317e-06,0.0011394378
L-BFGS-B,100,1.2889533e-06,0.06405787,1.980448e-06,0.0011309888
L-BFGS-B,101,1.2820276e-06,0.06326487,1.9151355e-06,0.0011122231
L-BFGS-B,102,1.3011166e-06,0.06217686,1.8326296e-06,0.0010918305
L-BFGS-B,103,1.3136298e-06,0.062142055,1.7182532e-06,0.0010762031
L-BFGS-B,104,1.3196208e-06,0.061227363,1.6876528e-06,0.0010633647
L-BFGS-B,105,1.3211942e-06,0.060078457,1.7318782e-06,0.0010587454
L-BFGS-B,106,1.2991993e-06,0.06012001,1.7297456e-06,0.0010555418
L-BFGS-B,107,1.3015463e-06,0.05958987,1.7456473e-06,0.0010529778
L-BFGS-B,108,1.3020239e-06,0.058965225,1.7738986e-06,0.0010510406
L-BFGS-B,109,1.298589e-06,0.058687285,1.7878345e-06,0.0010498363
L-BFGS-B,110,1.2971001e-06,0.05871748,1.7803528e-06,0.0010487927
L-BFGS-B,111,1.2979018e-06,0.05876254,1.7724282e-06,0.0010481748
L-BFGS-B,112,1.2990376e-06,0.05842081,1.7487009e-06,0.0010413689
L-BFGS-B,113,1.4607915e-06,0.066346064,1.4810327e-06,0.0011047343
L-BFGS-B,114,1.2956763e-06,0.058638748,1.6348282e-06,0.0010259631
L-BFGS-B,115,1.2736277e-06,0.05794236,1.5696512e-06,0.0010059155
L-BFGS-B,116,1.2544373e-06,0.057506137,1.5265944e-06,0.000992216
L-BFGS-B,117,1.1964768e-06,0.057405017,1.5384832e-06,0.0009842941
L-BFGS-B,118,1.1956363e-06,0.057614915,1.5128829e-06,0.000982427
L-BFGS-B,119,1.1920121e-06,0.057274684,1.5229555e-06,0.000979992
L-BFGS-B,120,1.1894289e-06,0.05676268,1.5406974e-06,0.0009771457
L-BFGS-B,121,1.1852687e-06,0.05692168,1.5200792e-06,0.00097501895
L-BFGS-B,122,1.1755164e-06,0.05695919,1.5139215e-06,0.0009730076
L-BFGS-B,123,1.1700348e-06,0.057039645,1.5002875e-06,0.00097094476
L-BFGS-B,124,1.1623864e-06,0.05710273,1.4820916e-06,0.000967699
L-BFGS-B,125,1.1753629e-06,0.057478305,1.4539822e-06,0.0009691848
L-BFGS-B,126,1.163952e-06,0.05707936,1.4698549e-06,0.0009658646
L-BFGS-B,127,1.1742469e-06,0.05697857,1.4562266e-06,0.0009643567
L-BFGS-B,128,1.1789028e-06,0.056866266,1.4319161e-06,0.00096028554
L-BFGS-B,129,1.1972306e-06,0.056995966,1.353343e-06,0.00095254567
L-BFGS-B,130,1.304206e-06,0.057877835,1.4998079e-06,0.0009993804
L-BFGS-B,131,1.1930608e-06,0.055916864,1.3683806e-06,0.00094338483
L-BFGS-B,132,1.1772886e-06,0.055772644,1.3448065e-06,0.00093604065
L-BFGS-B,133,1.1543976e-06,0.05576542,1.2770921e-06,0.0009223776
L-BFGS-B,134,1.1431131e-06,0.05476924,1.2795749e-06,0.00091109565
L-BFGS-B,135,1.1221665e-06,0.054354288,1.2674229e-06,0.00090198126
L-BFGS-B,136,1.1206286e-06,0.05418218,1.2427128e-06,0.000896323
L-BFGS-B,137,1.1241068e-06,0.054431282,1.2114103e-06,0.0008946404
L-BFGS-B,138,1.120303e-06,0.054371346,1.212278e-06,0.00089360063
L-BFGS-B,139,1.115951e-06,0.054436427,1.2098241e-06,0.00089323055
L-BFGS-B,140,1.115607e-06,0.054483764,1.2058842e-06,0.0008930613
L-BFGS-B,141,1.1132569e-06,0.05457509,1.1953543e-06,0.0008920426
L-BFGS-B,142,1.1005726e-06,0.055017848,1.1507728e-06,0.0008878803
L-BFGS-B,143,2.5674594e-06,0.119719565,1.9790616e-06,0.0018791738
L-BFGS-B,144,1.0964006e-06,0.05466957,1.132599e-06,0.0008810456
L-BFGS-B,145,1.0821783e-06,0.053997748,1.0937376e-06,0.0008663648
L-BFGS-B,146,1.1013325e-06,0.053499307,1.0173155e-06,0.00085279025
L-BFGS-B,147,1.0432876e-06,0.05269966,1.0303428e-06,0.00083804113
L-BFGS-B,148,1.0575877e-06,0.052091993,1.1136594e-06,0.000846607
L-BFGS-B,149,1.0113142e-06,0.050629895,1.0091072e-06,0.00080936216
L-BFGS-B,150,1.0027749e-06,0.049390707,1.0358926e-06,0.0007997072
L-BFGS-B,151,1.015665e-06,0.049290806,1.0413981e-06,0.00080146757
L-BFGS-B,152,1.0041e-06,0.04913259,1.0316393e-06,0.00079668674
L-BFGS-B,153,9.834456e-07,0.048419658,1.0773674e-06,0.00079331856
L-BFGS-B,154,9.624111e-07,0.048060704,1.0883341e-06,0.0007882188
L-BFGS-B,155,9.3110197e-07,0.04701624,1.1510198e-06,0.00078248064
L-BFGS-B,156,9.1494684e-07,0.045881916,1.2129447e-06,0.0007780029
L-BFGS-B,157,9.1417724e-07,0.044713486,1.2501068e-06,0.0007717775
L-BFGS-B,158,9.015625e-07,0.043515503,1.3387056e-06,0.0007711952
L-BFGS-B,159,9.043749e-07,0.044038095,1.2853278e-06,0.00076883635
L-BFGS-B,160,9.002816e-07,0.042596556,1.3695632e-06,0.0007664423
L-BFGS-B,161,9.0331343e-07,0.042735618,1.3382044e-06,0.0007635838
L-BFGS-B,162,9.0487526e-07,0.042532034,1.3452528e-06,0.0007628395
L-BFGS-B,163,9.021838e-07,0.042320117,1.3354171e-06,0.0007588413
L-BFGS-B,164,9.06818e-07,0.04102442,1.3645985e-06,0.0007509567
L-BFGS-B,165,9.17141e-07,0.040790536,1.3511084e-06,0.0007481428
L-BFGS-B,166,9.0519814e-07,0.04026996,1.358701e-06,0.00074228446
L-BFGS-B,167,8.924443e-07,0.03955922,1.395117e-06,0.0007387264
L-BFGS-B,168,8.893099e-07,0.039436355,1.3696224e-06,0.0007332034
L-BFGS-B,169,8.796058e-07,0.038847554,1.3314203e-06,0.00072012946
L-BFGS-B,170,8.8060233e-07,0.03888516,1.2935681e-06,0.00071497716
L-BFGS-B,171,9.096118e-07,0.03890083,1.3246189e-06,0.0007241429
L-BFGS-B,172,8.8101007e-07,0.038436268,1.2936797e-06,0.0007105661
L-BFGS-B,173,8.823092e-07,0.038286757,1.2830842e-06,0.0007076766
L-BFGS-B,174,8.83826e-07,0.03850924,1.2525741e-06,0.0007055524
L-BFGS-B,175,8.8976634e-07,0.038959064,1.203593e-06,0.00070359453
L-BFGS-B,176,8.969811e-07,0.03966375,1.1337098e-06,0.00070124114
L-BFGS-B,177,8.801942e-07,0.039968107,1.2781904e-06,0.0007234388
L-BFGS-B,178,8.906196e-07,0.039604276,1.1407758e-06,0.0007007521
L-BFGS-B,179,8.854944e-07,0.039982177,1.1372783e-06,0.00070323766
L-BFGS-B,180,8.874403e-07,0.039656878,1.1364216e-06,0.00070014806
L-BFGS-B,181,8.7949786e-07,0.039333265,1.147941e-06,0.0006974485
L-BFGS-B,182,8.684913e-07,0.038861893,1.1483886e-06,0.00069115096
L-BFGS-B,183,8.5546367e-07,0.038015302,1.1647737e-06,0.0006831886
L-BFGS-B,184,8.54396e-07,0.037246928,1.1880309e-06,0.0006788333
L-BFGS-B,185,8.500821e-07,0.037457824,1.164207e-06,0.00067672157
L-BFGS-B,186,8.545796e-07,0.03711644,1.14454e-06,0.0006710323
L-BFGS-B,187,8.5545054e-07,0.037185594,1.1266927e-06,0.00066917745
L-BFGS-B,188,8.5472345e-07,0.037073784,1.1264669e-06,0.0006679164
L-BFGS-B,189,8.5821654e-07,0.0371341,1.112289e-06,0.00066691684
L-BFGS-B,190,8.596352e-07,0.037047416,1.1105949e-06,0.0006660086
L-BFGS-B,191,8.63976e-07,0.03691792,1.105693e-06,0.00066462957
L-BFGS-B,192,8.675364e-07,0.036853094,1.1027035e-06,0.0006640669
L-BFGS-B,193,8.722367e-07,0.036773536,1.0972935e-06,0.0006631649
L-BFGS-B,194,8.777579e-07,0.03662304,1.0937775e-06,0.0006619607
L-BFGS-B,195,8.861474e-07,0.03654615,1.0802087e-06,0.0006604149
L-BFGS-B,196,8.951955e-07,0.036517963,1.0622269e-06,0.00065879297
L-BFGS-B,197,8.9641196e-07,0.036325447,1.0583979e-06,0.0006564759
L-BFGS-B,198,9.0191935e-07,0.036617517,1.0246212e-06,0.0006551562
L-BFGS-B,199,8.935421e-07,0.036642663,1.0267203e-06,0.000654466
L-BFGS-B,200,9.006059e-07,0.036779657,1.0031703e-06,0.000653363
L-BFGS-B,201,9.049494e-07,0.03641794,1.0014924e-06,0.00065014564
L-BFGS-B,202,9.046698e-07,0.036308825,9.857938e-07,0.0006466578
L-BFGS-B,203,8.986651e-07,0.036185198,9.4951946e-07,0.00063907966
L-BFGS-B,204,9.105168e-07,0.03637167,9.267623e-07,0.0006393086
L-BFGS-B,205,9.027446e-07,0.036198404,9.326433e-07,0.0006372923
L-BFGS-B,206,8.9043976e-07,0.03629737,9.2121604e-07,0.00063472206
L-BFGS-B,207,8.7632117e-07,0.036443193,9.14038e-07,0.0006329858
L-BFGS-B,208,8.760199e-07,0.036333498,9.0686524e-07,0.0006307677
L-BFGS-B,209,8.773103e-07,0.03608897,9.1564726e-07,0.0006298333
L-BFGS-B,210,8.7484034e-07,0.0359238,9.23576e-07,0.0006290004
L-BFGS-B,211,8.739018e-07,0.03577234,9.3021447e-07,0.0006283409
L-BFGS-B,212,8.7510307e-07,0.03568747,9.3174106e-07,0.0006279013
L-BFGS-B,213,8.766349e-07,0.035571028,9.338294e-07,0.0006272799
L-BFGS-B,214,8.7566144e-07,0.03551098,9.375381e-07,0.0006270897
L-BFGS-B,215,8.736619e-07,0.035450257,9.4228386e-07,0.0006268944
L-BFGS-B,216,8.7022096e-07,0.03536759,9.495731e-07,0.000626645
L-BFGS-B,217,8.7634567e-07,0.035709508,9.640193e-07,0.0006331498
L-BFGS-B,218,8.6951144e-07,0.03532431,9.511397e-07,0.00062634074
L-BFGS-B,219,8.665174e-07,0.035249043,9.541361e-07,0.00062558847
L-BFGS-B,220,8.595704e-07,0.035074096,9.6338e-07,0.0006241835
L-BFGS-B,221,8.467108e-07,0.034646776,9.760851e-07,0.00061988714
L-BFGS-B,222,8.362482e-07,0.034073275,1.0026633e-06,0.0006165695
L-BFGS-B,223,8.245501e-07,0.03367467,1.0618525e-06,0.00061970705
L-BFGS-B,224,8.2106607e-07,0.033383347,1.02874e-06,0.00061130436
L-BFGS-B,225,8.1507284e-07,0.03303087,1.0407491e-06,0.000608682
L-BFGS-B,226,8.157276e-07,0.032956358,1.0347856e-06,0.00060714054
L-BFGS-B,227,8.0537365e-07,0.032578547,1.0580223e-06,0.00060529483
L-BFGS-B,228,7.952129e-07,0.032271944,1.0790282e-06,0.0006038556
L-BFGS-B,229,7.902928e-07,0.032072503,1.0856478e-06,0.0006021161
L-BFGS-B,230,7.8170444e-07,0.031932034,1.0865082e-06,0.00059955224
L-BFGS-B,231,6.0446096e-06,0.19253804,3.7909135e-06,0.003400709
L-BFGS-B,232,8.5228135e-07,0.03443769,1.0492596e-06,0.00062960805
L-BFGS-B,233,7.840817e-07,0.0320124,1.0773732e-06,0.0005993422
L-BFGS-B,234,7.798332e-07,0.03180435,1.0759828e-06,0.0005964159
L-BFGS-B,235,7.785818e-07,0.031548575,1.0787057e-06,0.00059407885
L-BFGS-B,236,7.9612363e-07,0.032091778,1.0922369e-06,0.0006041719
L-BFGS-B,237,7.784021e-07,0.03145958,1.0796444e-06,0.0005933028
L-BFGS-B,238,7.834263e-07,0.03135996,1.0756762e-06,0.00059246493
L-BFGS-B,239,7.785261e-07,0.03142233,1.0718105e-06,0.0005917738
L-BFGS-B,240,7.7623054e-07,0.031447813,1.0667909e-06,0.00059093133
L-BFGS-B,241,7.7342503e-07,0.03148011,1.0635381e-06,0.0005903456
L-BFGS-B,242,7.694292e-07,0.031451754,1.062436e-06,0.0005892973
L-BFGS-B,243,7.68134e-07,0.031491075,1.0518638e-06,0.0005879104
L-BFGS-B,244,7.679899e-07,0.031524368,1.0369928e-06,0.0005859911
L-BFGS-B,245,7.752522e-07,0.031588405,1.0135733e-06,0.0005842078
L-BFGS-B,246,7.71373e-07,0.031410042,1.0118225e-06,0.00058157975
L-BFGS-B,247,8.470792e-07,0.03577787,9.298653e-07,0.00062432035
L-BFGS-B,248,7.729333e-07,0.03156347,9.962139e-07,0.00058100675
L-BFGS-B,249,7.847161e-07,0.03184474,9.862831e-07,0.0005840973
L-BFGS-B,250,7.749868e-07,0.031580012,9.87032e-07,0.0005801029
L-BFGS-B,251,7.7529484e-07,0.031494416,9.825804e-07,0.0005786255
L-BFGS-B,252,7.76143e-07,0.03146127,9.797338e-07,0.0005779942
L-BFGS-B,253,7.7172666e-07,0.03129832,9.74415e-07,0.00057490444
L-BFGS-B,254,7.613956e-07,0.030995999,9.714868e-07,0.00056989235
L-BFGS-B,255,7.589864e-07,0.0310596,9.290066e-07,0.0005637949
L-BFGS-B,256,7.474202e-07,0.030846274,9.368182e-07,0.00056109845
L-BFGS-B,257,7.3470983e-07,0.03035985,9.5017873e-07,0.00055633177
L-BFGS-B,258,7.3401543e-07,0.030239936,9.3748093e-07,0.0005531238
L-BFGS-B,259,7.331127e-07,0.030039748,9.375465e-07,0.00055099634
L-BFGS-B,260,7.2781154e-07,0.029507406,9.674678e-07,0.00054936594
L-BFGS-B,261,7.347397e-07,0.029487696,9.630337e-07,0.00054954295
L-BFGS-B,262,7.299094e-07,0.029473297,9.637538e-07,0.0005487824
L-BFGS-B,263,7.275981e-07,0.029434567,9.669014e-07,0.0005485206
L-BFGS-B,264,7.364258e-07,0.029483473,9.682904e-07,0.00055054214
L-BFGS-B,265,7.289394e-07,0.029431023,9.646584e-07,0.00054834987
L-BFGS-B,266,7.226069e-07,0.029476427,9.66937e-07,0.00054819585
L-BFGS-B,267,7.248669e-07,0.029465664,9.677332e-07,0.00054854667
L-BFGS-B,268,7.227826e-07,0.029453004,9.661198e-07,0.0005478654
L-BFGS-B,269,7.258745e-07,0.029487053,9.576545e-07,0.00054739986
L-BFGS-B,270,7.293807e-07,0.029525574,9.48764e-07,0.00054697745
L-BFGS-B,271,7.34352e-07,0.029591702,9.3546777e-07,0.00054638996
L-BFGS-B,272,7.380001e-07,0.029634973,9.249211e-07,0.00054578786
L-BFGS-B,273,7.3982363e-07,0.029709838,9.1275734e-07,0.0005449855
L-BFGS-B,274,7.381603e-07,0.029745473,9.0534985e-07,0.0005439812
L-BFGS-B,275,7.336948e-07,0.029841404,8.95516e-07,0.00054279563
L-BFGS-B,276,7.237699e-07,0.02977988,8.9853916e-07,0.00054114516
L-BFGS-B,277,7.1637237e-07,0.02961811,9.065319e-07,0.00053961674
L-BFGS-B,278,7.0681403e-07,0.029447958,9.2357396e-07,0.00053903775
L-BFGS-B,279,7.059623e-07,0.029190335,9.25031e-07,0.00053655234
L-BFGS-B,280,7.061994e-07,0.028982015,9.2801974e-07,0.000534953
L-BFGS-B,281,7.0373693e-07,0.028488036,9.3942447e-07,0.00053135457
L-BFGS-B,282,6.973011e-07,0.02788588,9.372635e-07,0.0005240435
L-BFGS-B,283,6.8756594e-07,0.026761634,9.977144e-07,0.0005204084
L-BFGS-B,284,6.8779633e-07,0.026963795,9.312279e-07,0.00051249156
L-BFGS-B,285,6.9046666e-07,0.026826445,9.07149e-07,0.0005079068
L-BFGS-B,286,6.864962e-07,0.026227675,9.170909e-07,0.0005028148
L-BFGS-B,287,6.7631834e-07,0.025348607,9.710626e-07,0.0005005932
L-BFGS-B,288,6.6847673e-07,0.024867537,9.946061e-07,0.0004981378
L-BFGS-B,289,6.663531e-07,0.024893606,9.874618e-07,0.0004970083
L-BFGS-B,290,6.676426e-07,0.024665482,9.929661e-07,0.00049574615
L-BFGS-B,291,6.671855e-07,0.02459344,9.925094e-07,0.00049488863
L-BFGS-B,292,6.7520295e-07,0.024731558,9.771143e-07,0.00049516314
L-BFGS-B,293,6.6992726e-07,0.024626397,9.835808e-07,0.00049429014
L-BFGS-B,294,6.6574074e-07,0.02463552,9.819358e-07,0.00049350667
L-BFGS-B,295,6.636973e-07,0.0244985,9.792348e-07,0.0004914248
L-BFGS-B,296,6.63809e-07,0.024382325,9.748294e-07,0.000489619
L-BFGS-B,297,6.627659e-07,0.024082571,9.78096e-07,0.000486955
L-BFGS-B,298,6.722351e-07,0.024004292,9.660893e-07,0.00048579156
L-BFGS-B,299,6.693951e-07,0.023743402,9.689487e-07,0.00048318558
L-BFGS-B,300,6.6838e-07,0.023559736,9.658986e-07,0.00048073917
L-BFGS-B,301,6.63996e-07,0.02351314,9.602171e-07,0.00047876337
L-BFGS-B,302,6.65155e-07,0.02335887,9.593537e-07,0.000477265
L-BFGS-B,303,6.6843296e-07,0.023608355,9.347731e-07,0.00047656446
L-BFGS-B,304,6.644156e-07,0.023463096,9.4076563e-07,0.00047540813
L-BFGS-B,305,6.5974916e-07,0.023333073,9.4771207e-07,0.00047444992
L-BFGS-B,306,6.5678466e-07,0.023457097,9.352877e-07,0.00047338184
L-BFGS-B,307,6.552799e-07,0.023570664,9.2591495e-07,0.0004728859
L-BFGS-B,308,6.529217e-07,0.023760071,9.1915035e-07,0.00047341152
L-BFGS-B,309,6.533825e-07,0.023610165,9.216755e-07,0.00047236035
L-BFGS-B,310,6.5315857e-07,0.02380646,9.03717e-07,0.00047159594
L-BFGS-B,311,6.5456715e-07,0.02379421,8.9927477e-07,0.0004710184
L-BFGS-B,312,6.567983e-07,0.023704976,9.00034e-07,0.0004705746
L-BFGS-B,313,6.5892294e-07,0.023705008,8.9593806e-07,0.00047027925
L-BFGS-B,314,6.609039e-07,0.023671845,8.9341455e-07,0.0004698662
L-BFGS-B,315,6.609835e-07,0.02365934,8.914227e-07,0.00046945433
L-BFGS-B,316,6.603221e-07,0.023584941,8.916771e-07,0.00046864926
L-BFGS-B,317,6.5791835e-07,0.02356312,8.9070306e-07,0.0004679244
L-BFGS-B,318,6.532538e-07,0.023363061,9.026928e-07,0.0004670226
L-BFGS-B,319,6.538948e-07,0.02341573,8.9144606e-07,0.0004659584
L-BFGS-B,320,6.5592013e-07,0.0235132,8.766651e-07,0.00046501978
L-BFGS-B,321,6.607241e-07,0.023601485,8.6512773e-07,0.0004648926
L-BFGS-B,322,6.556424e-07,0.023540586,8.6318346e-07,0.00046322972
L-BFGS-B,323,6.544642e-07,0.023471666,8.6058674e-07,0.0004619743
L-BFGS-B,324,6.508691e-07,0.023437057,8.6322854e-07,0.0004614852
L-BFGS-B,325,6.5148754e-07,0.023404172,8.5122815e-07,0.00045944907
L-BFGS-B,326,6.488793e-07,0.023422593,8.4691044e-07,0.00045859438
L-BFGS-B,327,6.4988103e-07,0.023474691,8.3778485e-07,0.0004578968
L-BFGS-B,328,6.4482424e-07,0.023401704,8.444827e-07,0.0004574131
L-BFGS-B,329,6.433164e-07,0.023367234,8.467845e-07,0.00045718747
L-BFGS-B,330,6.4212253e-07,0.02334139,8.4876484e-07,0.00045704696
L-BFGS-B,331,6.425134e-07,0.02332962,8.4834113e-07,0.00045692438
L-BFGS-B,332,6.4308085e-07,0.023317443,8.477606e-07,0.00045680066
L-BFGS-B,333,6.4159224e-07,0.02320842,8.54677e-07,0.0004565246
L-BFGS-B,334,6.426569e-07,0.023211742,8.507811e-07,0.0004561331
L-BFGS-B,335,6.373491e-07,0.023302909,8.690516e-07,0.00045898918
L-BFGS-B,336,6.398464e-07,0.023206595,8.513686e-07,0.00045574823
L-BFGS-B,337,6.439088e-07,0.023129322,8.4296806e-07,0.0004543247
L-BFGS-B,338,6.4539404e-07,0.023021985,8.360561e-07,0.00045243735
L-BFGS-B,339,6.485897e-07,0.02290152,8.2347356e-07,0.00044982467
L-BFGS-B,340,6.5025193e-07,0.02281344,8.385808e-07,0.00045145932
L-BFGS-B,341,6.459012e-07,0.022752471,8.277647e-07,0.0004485746
L-BFGS-B,342,6.4041274e-07,0.022781897,8.211799e-07,0.00044705786
L-BFGS-B,343,6.568956e-07,0.022876441,8.3158386e-07,0.00045203633
L-BFGS-B,344,6.412741e-07,0.022736361,8.207279e-07,0.00044666394
L-BFGS-B,345,6.421628e-07,0.022660727,8.1714705e-07,0.00044550374
L-BFGS-B,346,6.4031207e-07,0.02258863,8.177631e-07,0.00044459756
L-BFGS-B,347,6.3694694e-07,0.022431623,8.204189e-07,0.0004429211
L-BFGS-B,348,6.344759e-07,0.022241842,8.217518e-07,0.00044085254
L-BFGS-B,349,6.35051e-07,0.022079255,8.2314494e-07,0.00043952191
L-BFGS-B,350,6.3652243e-07,0.021985231,8.2040276e-07,0.00043839106
L-BFGS-B,351,6.3809443e-07,0.021980835,8.1190717e-07,0.0004373086
L-BFGS-B,352,6.4377247e-07,0.022103706,7.937502e-07,0.00043666546
L-BFGS-B,353,6.420779e-07,0.022190917,7.86443e-07,0.0004361873
L-BFGS-B,354,6.432167e-07,0.022232683,7.81058e-07,0.00043596805
L-BFGS-B,355,6.430746e-07,0.02226669,7.7704794e-07,0.00043568527
L-BFGS-B,356,6.440718e-07,0.02234931,7.670754e-07,0.0004351652
L-BFGS-B,357,6.4485636e-07,0.022412678,7.58812e-07,0.00043467703
L-BFGS-B,358,6.453756e-07,0.022547722,7.425428e-07,0.00043366494
L-BFGS-B,359,8.0321644e-07,0.024924582,8.584562e-07,0.0004984967
L-BFGS-B,360,6.463688e-07,0.022524783,7.4250494e-07,0.00043357888
L-BFGS-B,361,6.4695826e-07,0.022622572,7.2951195e-07,0.00043269625
L-BFGS-B,362,6.4374376e-07,0.02261507,7.23756e-07,0.00043127564
L-BFGS-B,363,6.4011437e-07,0.022500321,7.2840936e-07,0.00043028177
L-BFGS-B,364,6.388314e-07,0.022406925,7.3551996e-07,0.00043022193
L-BFGS-B,365,6.3866634e-07,0.022433136,7.3147567e-07,0.00042985266
L-BFGS-B,366,6.3575123e-07,0.02224961,7.4150614e-07,0.0004290847
L-BFGS-B,367,6.332374e-07,0.022216853,7.42244e-07,0.00042849075
L-BFGS-B,368,6.36196e-07,0.022270136,7.321851e-07,0.0004279585
L-BFGS-B,369,6.304525e-07,0.02222817,7.3760395e-07,0.00042749016
L-BFGS-B,370,6.2921436e-07,0.022175279,7.3951054e-07,0.00042706152
L-BFGS-B,371,6.273991e-07,0.022129254,7.416456e-07,0.00042664923
L-BFGS-B,372,6.1974356e-07,0.022020556,7.534806e-07,0.00042618922
L-BFGS-B,373,6.1579766e-07,0.021943735,7.598324e-07,0.00042578188
L-BFGS-B,374,6.112983e-07,0.021837018,7.689677e-07,0.00042541005
L-BFGS-B,375,6.064951e-07,0.021728143,7.7821636e-07,0.00042498816
L-BFGS-B,376,6.003509e-07,0.021534357,7.9337775e-07,0.00042440288
L-BFGS-B,377,5.9649886e-07,0.0214597,7.96695e-07,0.0004235761
L-BFGS-B,378,5.952622e-07,0.02141687,7.94902e-07,0.00042269332
L-BFGS-B,379,5.930453e-07,0.021450829,7.9005906e-07,0.00042197393
L-BFGS-B,380,5.870203e-07,0.021381248,7.920516e-07,0.00042067326
L-BFGS-B,381,5.754937e-07,0.021359337,7.954357e-07,0.00041923276
L-BFGS-B,382,5.661062e-07,0.021362655,7.919265e-07,0.00041733144
L-BFGS-B,383,5.574034e-07,0.021443946,7.913171e-07,0.00041674753
L-BFGS-B,384,5.601653e-07,0.021345891,7.912389e-07,0.00041616953
L-BFGS-B,385,5.574595e-07,0.021318464,7.765128e-07,0.00041328045
L-BFGS-B,386,5.50269e-07,0.021222169,7.8510965e-07,0.00041252846
L-BFGS-B,387,5.474075e-07,0.02104578,7.9106974e-07,0.00041122938
L-BFGS-B,388,5.513495e-07,0.021143341,7.743846e-07,0.00041029352
L-BFGS-B,389,5.5222904e-07,0.021184208,7.6387386e-07,0.0004092575
L-BFGS-B,390,5.573888e-07,0.021133473,7.606675e-07,0.00040904316
L-BFGS-B,391,5.538566e-07,0.021138115,7.6086906e-07,0.00040859
L-BFGS-B,392,5.5176196e-07,0.021089729,7.633024e-07,0.00040815695
L-BFGS-B,393,5.5107535e-07,0.021107923,7.6105124e-07,0.00040789822
L-BFGS-B,394,5.506192e-07,0.021137763,7.582713e-07,0.0004077112
L-BFGS-B,395,5.498944e-07,0.021167565,7.555921e-07,0.00040749862
L-BFGS-B,396,5.476955e-07,0.02116232,7.5706714e-07,0.00040733756
L-BFGS-B,397,5.4518483e-07,0.021134472,7.60171e-07,0.0004071481
L-BFGS-B,398,5.421772e-07,0.021098988,7.644747e-07,0.00040698767
L-BFGS-B,399,5.412474e-07,0.02106392,7.663506e-07,0.00040677888
L-BFGS-B,400,5.345179e-07,0.021024281,7.746469e-07,0.00040661753
L-BFGS-B,401,5.364175e-07,0.021039546,7.70027e-07,0.00040636212
L-BFGS-B,402,5.3739194e-07,0.021046594,7.670514e-07,0.00040613246
L-BFGS-B,403,5.364858e-07,0.021040425,7.660777e-07,0.00040578874
L-BFGS-B,404,5.9355125e-07,0.022338422,7.2245945e-07,0.00042078583
L-BFGS-B,405,5.3968165e-07,0.021089993,7.586433e-07,0.00040564867
L-BFGS-B,406,5.3643333e-07,0.021063348,7.5904137e-07,0.00040495466
L-BFGS-B,407,5.3326255e-07,0.020966377,7.6221886e-07,0.00040398596
L-BFGS-B,408,5.2473206e-07,0.020722952,7.7815463e-07,0.0004026625
L-BFGS-B,409,5.2951435e-07,0.020672247,7.657377e-07,0.00040101027
L-BFGS-B,410,5.278702e-07,0.02048725,7.6702787e-07,0.00039910723
L-BFGS-B,411,5.271938e-07,0.020214714,7.7302684e-07,0.0003971802
L-BFGS-B,412,5.2013723e-07,0.0197978,7.982281e-07,0.0003957328
L-BFGS-B,413,5.188533e-07,0.01974628,7.935655e-07,0.00039432565
L-BFGS-B,414,5.1800066e-07,0.019584585,7.9909887e-07,0.00039341077
L-BFGS-B,415,5.053799e-07,0.019412499,8.254258e-07,0.00039374584
L-BFGS-B,416,5.1052854e-07,0.019457044,8.0957585e-07,0.0003925861
L-BFGS-B,417,5.025868e-07,0.01930917,8.230076e-07,0.00039193087
L-BFGS-B,418,5.029262e-07,0.019185642,8.251377e-07,0.00039106602
L-BFGS-B,419,5.060819e-07,0.019153165,8.2062894e-07,0.00039053825
L-BFGS-B,420,5.066749e-07,0.019103661,8.1838596e-07,0.00038979572
L-BFGS-B,421,5.065659e-07,0.019085696,8.121374e-07,0.00038866245
L-BFGS-B,422,5.085741e-07,0.019019263,8.1123164e-07,0.0003881635
L-BFGS-B,423,5.058349e-07,0.01903265,8.081329e-07,0.00038742166
L-BFGS-B,424,5.0627773e-07,0.019044444,8.0369574e-07,0.00038694043
L-BFGS-B,425,5.0504224e-07,0.019060083,7.9893886e-07,0.000386198
L-BFGS-B,426,5.0669973e-07,0.019089252,7.925211e-07,0.00038577567
L-BFGS-B,427,5.12614e-07,0.01917071,7.7755396e-07,0.00038523227
L-BFGS-B,428,5.150968e-07,0.019163158,7.724208e-07,0.0003847592
L-BFGS-B,429,5.172957e-07,0.019132646,7.684252e-07,0.0003841846
L-BFGS-B,430,5.147532e-07,0.019066434,7.734124e-07,0.0003838892
L-BFGS-B,431,5.1293006e-07,0.01903586,7.7553295e-07,0.00038362807
L-BFGS-B,432,5.100073e-07,0.019007877,7.791528e-07,0.00038345277
L-BFGS-B,433,5.100565e-07,0.019038994,7.7466206e-07,0.00038309774
L-BFGS-B,434,5.107024e-07,0.019085646,7.6862955e-07,0.00038275623
L-BFGS-B,435,5.137673e-07,0.019170942,7.556212e-07,0.0003821177
L-BFGS-B,436,5.2101797e-07,0.019273913,7.3459387e-07,0.0003810809
L-BFGS-B,437,5.256989e-07,0.019260699,7.274694e-07,0.00038058223
L-BFGS-B,438,5.255438e-07,0.019162716,7.309279e-07,0.00038009792
L-BFGS-B,439,5.265797e-07,0.019009905,7.348257e-07,0.00037930984
L-BFGS-B,440,5.260803e-07,0.01890931,7.388351e-07,0.00037883042
L-BFGS-B,441,5.2552804e-07,0.018894935,7.3716416e-07,0.00037835317
L-BFGS-B,442,5.25991e-07,0.018923014,7.335004e-07,0.00037815387
L-BFGS-B,443,5.285009e-07,0.018965477,7.2653984e-07,0.00037791088
L-BFGS-B,444,5.295714e-07,0.018991591,7.2215846e-07,0.00037767537
L-BFGS-B,445,5.3148483e-07,0.019015713,7.1726936e-07,0.00037747025
L-BFGS-B,446,5.300338e-07,0.019001635,7.1949e-07,0.0003774449
L-BFGS-B,447,5.3043266e-07,0.019001395,7.1804493e-07,0.00037728559
L-BFGS-B,448,5.4193146e-07,0.019496106,7.004599e-07,0.00038131975
L-BFGS-B,449,5.313204e-07,0.019052817,7.123709e-07,0.00037708186
L-BFGS-B,450,5.260892e-07,0.019036133,7.158418e-07,0.00037665095
L-BFGS-B,451,5.296129e-07,0.019070517,7.0971595e-07,0.0003766045
L-BFGS-B,452,5.27178e-07,0.01904435,7.124313e-07,0.0003763849
L-BFGS-B,453,5.2331575e-07,0.019006833,7.1558753e-07,0.00037590382
L-BFGS-B,454,5.1974774e-07,0.01895141,7.200712e-07,0.00037548694
L-BFGS-B,455,5.1568907e-07,0.018850539,7.275476e-07,0.0003749909
L-BFGS-B,456,5.1554923e-07,0.018770093,7.3148914e-07,0.00037475667
L-BFGS-B,457,5.1559323e-07,0.01871199,7.33852e-07,0.00037453667
L-BFGS-B,458,5.200532e-07,0.01864927,7.330553e-07,0.00037445896
L-BFGS-B,459,5.1942015e-07,0.01866386,7.302506e-07,0.0003740892
L-BFGS-B,460,5.1910536e-07,0.018649602,7.305525e-07,0.0003739447
L-BFGS-B,461,5.2026047e-07,0.018628461,7.286924e-07,0.00037362752
L-BFGS-B,462,5.222502e-07,0.018625492,7.243453e-07,0.00037324426
L-BFGS-B,463,5.2490685e-07,0.01860646,7.1966207e-07,0.00037274993
L-BFGS-B,464,5.264393e-07,0.018561682,7.1635145e-07,0.0003720354
L-BFGS-B,465,5.467218e-07,0.018693527,7.1264725e-07,0.00037584064
L-BFGS-B,466,5.290616e-07,0.018542826,7.131773e-07,0.0003717641
L-BFGS-B,467,5.316742e-07,0.01848087,7.1122844e-07,0.0003712441
L-BFGS-B,468,5.311615e-07,0.018415669,7.120099e-07,0.0003706324
L-BFGS-B,469,5.2296156e-07,0.018350609,7.2350855e-07,0.0003704766
L-BFGS-B,470,5.246092e-07,0.018236082,7.25203e-07,0.00036983265
L-BFGS-B,471,5.300773e-07,0.018200139,7.206331e-07,0.00036960797
L-BFGS-B,472,5.2747e-07,0.018168217,7.2307716e-07,0.00036926422
L-BFGS-B,473,5.2697834e-07,0.01807597,7.277556e-07,0.00036896978
L-BFGS-B,474,5.3082533e-07,0.018073924,7.3620015e-07,0.00037079307
L-BFGS-B,475,5.2692025e-07,0.018055798,7.285108e-07,0.00036887263
L-BFGS-B,476,5.2889135e-07,0.018080298,7.2244814e-07,0.00036850388
L-BFGS-B,477,5.331474e-07,0.018103605,7.13764e-07,0.00036807277
L-BFGS-B,478,5.328715e-07,0.018232496,7.0032513e-07,0.00036730446
L-BFGS-B,479,5.330376e-07,0.018411925,6.83471e-07,0.00036659554
L-BFGS-B,480,5.26418e-07,0.018589048,6.767262e-07,0.0003663621
L-BFGS-B,481,5.2761055e-07,0.018630018,6.728692e-07,0.00036637217
L-BFGS-B,482,5.265608e-07,0.018603627,6.736129e-07,0.0003660623
L-BFGS-B,483,5.283473e-07,0.018538227,6.752761e-07,0.00036592578
L-BFGS-B,484,5.2634164e-07,0.018491896,6.7920905e-07,0.00036575156
L-BFGS-B,485,5.2511814e-07,0.018517507,6.7799556e-07,0.00036564213
L-BFGS-B,486,5.2246907e-07,0.018517384,6.7954363e-07,0.00036547575
L-BFGS-B,487,5.2464196e-07,0.018590467,6.71341e-07,0.0003653021
L-BFGS-B,488,5.30049e-07,0.018719072,7.092951e-07,0.00037309233
L-BFGS-B,489,5.239906e-07,0.018580733,6.72075e-07,0.00036521716
L-BFGS-B,490,5.197412e-07,0.018480968,6.859988e-07,0.00036567068
L-BFGS-B,491,5.219496e-07,0.018532047,6.7630066e-07,0.000365058
L-BFGS-B,492,5.208718e-07,0.018507253,6.772105e-07,0.00036478485
L-BFGS-B,493,5.2085585e-07,0.018450592,6.784071e-07,0.00036439538
L-BFGS-B,494,5.2141803e-07,0.018398277,6.7990004e-07,0.00036418048
L-BFGS-B,495,5.208786e-07,0.018371569,6.786686e-07,0.00036364776
L-BFGS-B,496,5.1773526e-07,0.018240476,6.8435634e-07,0.0003627185
L-BFGS-B,497,5.1266505e-07,0.01813321,6.907541e-07,0.00036184498
L-BFGS-B,498,5.009783e-07,0.018068234,7.0757756e-07,0.0003619657
L-BFGS-B,499,5.069794e-07,0.018094614,6.971574e-07,0.00036156666
L-BFGS-B,500,5.03604e-07,0.01806372,7.0055944e-07,0.00036126171
L-BFGS-B,501,4.9762275e-07,0.01798612,7.124836e-07,0.00036137714
L-BFGS-B,502,5.0121275e-07,0.018031765,7.0464887e-07,0.00036119687
L-BFGS-B,503,4.9411113e-07,0.017679173,7.3421006e-07,0.0003610399
L-BFGS-B,504,4.958311e-07,0.017810645,7.211769e-07,0.00036065764
L-BFGS-B,505,4.956725e-07,0.017821198,7.192416e-07,0.0003604491
L-BFGS-B,506,4.987709e-07,0.017663045,7.27558e-07,0.0003605798
L-BFGS-B,507,4.9667517e-07,0.017745549,7.2209724e-07,0.00036027134
L-BFGS-B,508,4.9421004e-07,0.017675992,7.2632776e-07,0.0003598406
L-BFGS-B,509,4.9189197e-07,0.01751757,7.3700835e-07,0.00035951074
L-BFGS-B,510,4.923414e-07,0.017307004,7.465407e-07,0.00035890238
L-BFGS-B,511,4.932546e-07,0.017196797,7.504162e-07,0.00035851862
L-BFGS-B,512,4.9469395e-07,0.01704963,7.5678383e-07,0.00035821795
L-BFGS-B,513,4.931189e-07,0.017008133,7.589525e-07,0.00035789202
L-BFGS-B,514,4.919251e-07,0.016961966,7.60879e-07,0.00035754027
L-BFGS-B,515,4.953398e-07,0.01715151,7.489198e-07,0.00035815404
L-BFGS-B,516,4.924185e-07,0.016999016,7.5684494e-07,0.00035737967
L-BFGS-B,517,4.9171143e-07,0.017117186,7.521708e-07,0.0003577542
L-BFGS-B,518,4.915017e-07,0.017018717,7.547491e-07,0.00035712478
L-BFGS-B,519,4.8684734e-07,0.01698682,7.584907e-07,0.0003566689
L-BFGS-B,520,4.854705e-07,0.016962387,7.590404e-07,0.0003563005
L-BFGS-B,521,4.836228e-07,0.01686701,7.637752e-07,0.00035577978
L-BFGS-B,522,4.8377666e-07,0.016935652,7.556459e-07,0.0003552699
L-BFGS-B,523,4.8388483e-07,0.016860936,7.575168e-07,0.0003548196
L-BFGS-B,524,4.831789e-07,0.016808296,7.572905e-07,0.00035415337
L-BFGS-B,525,4.804816e-07,0.016740588,7.6124127e-07,0.00035366433
L-BFGS-B,526,4.785604e-07,0.016707689,7.6255316e-07,0.00035324393
L-BFGS-B,527,4.8032166e-07,0.016712457,7.579098e-07,0.0003528593
L-BFGS-B,528,4.773795e-07,0.016658101,7.632254e-07,0.00035267175
L-BFGS-B,529,5.1198623e-07,0.017050808,7.415333e-07,0.00035853602
L-BFGS-B,530,4.793511e-07,0.01667217,7.599434e-07,0.0003526159
L-BFGS-B,531,4.7702474e-07,0.016619267,7.646817e-07,0.0003524486
L-BFGS-B,532,4.7613338e-07,0.016593365,7.6669545e-07,0.00035235795
L-BFGS-B,533,4.755634e-07,0.016558686,7.688664e-07,0.0003522513
L-BFGS-B,534,4.7614063e-07,0.016563676,7.675697e-07,0.0003521933
L-BFGS-B,535,4.765325e-07,0.016546732,7.6789877e-07,0.000352132
L-BFGS-B,536,4.771869e-07,0.016534267,7.6773233e-07,0.00035208056
L-BFGS-B,537,4.772055e-07,0.016510213,7.688e-07,0.00035200297
L-BFGS-B,538,4.795596e-07,0.0164725,7.702426e-07,0.00035219532
L-BFGS-B,539,4.7771715e-07,0.016496176,7.689744e-07,0.0003519655
L-BFGS-B,540,4.772055e-07,0.0164249,7.7539346e-07,0.00035213883
L-BFGS-B,541,4.770467e-07,0.016458325,7.7131585e-07,0.00035183763
L-BFGS-B,542,4.8246164e-07,0.016614221,7.555912e-07,0.00035185015
L-BFGS-B,543,4.793933e-07,0.016527632,7.6306543e-07,0.0003516451
L-BFGS-B,544,4.780994e-07,0.016525518,7.630158e-07,0.00035142247
L-BFGS-B,545,4.780141e-07,0.016538186,7.592823e-07,0.0003509763
L-BFGS-B,546,4.785893e-07,0.0171754,7.321431e-07,0.00035336387
L-BFGS-B,547,4.7669383e-07,0.016643817,7.5234766e-07,0.00035079438
L-BFGS-B,548,4.755393e-07,0.01661747,7.5394234e-07,0.00035059694
L-BFGS-B,549,4.7596885e-07,0.016624037,7.5109125e-07,0.00035029938
L-BFGS-B,550,4.7925295e-07,0.016730279,7.3943187e-07,0.00035010552
L-BFGS-B,551,4.7799045e-07,0.01666994,7.4295974e-07,0.00034984192
L-BFGS-B,552,4.761945e-07,0.016603438,7.4694174e-07,0.00034950481
L-BFGS-B,553,4.7408955e-07,0.016524434,7.517226e-07,0.00034911616
L-BFGS-B,554,4.6908696e-07,0.016359959,7.6340956e-07,0.00034847407
L-BFGS-B,555,4.6596827e-07,0.016237644,7.7175525e-07,0.00034803496
L-BFGS-B,556,4.6594766e-07,0.016186098,7.7376177e-07,0.00034781737
L-BFGS-B,557,4.6639977e-07,0.016131531,7.748517e-07,0.00034750302
L-BFGS-B,558,4.683375e-07,0.01614019,7.7169983e-07,0.0003474075
L-BFGS-B,559,4.704878e-07,0.016165158,7.673877e-07,0.0003473329
L-BFGS-B,560,4.7220806e-07,0.01618673,7.638882e-07,0.00034728172
L-BFGS-B,561,4.7344378e-07,0.016222887,7.597695e-07,0.00034721085
L-BFGS-B,562,4.7443848e-07,0.016254574,7.5612616e-07,0.0003471304
L-BFGS-B,563,4.752611e-07,0.016292043,7.5205804e-07,0.0003470183
L-BFGS-B,564,4.734094e-07,0.016461622,7.427229e-07,0.00034703605
L-BFGS-B,565,4.7415722e-07,0.016368538,7.473517e-07,0.00034691172
L-BFGS-B,566,4.838791e-07,0.016709687,7.32356e-07,0.0003495321
L-BFGS-B,567,4.7508482e-07,0.01641515,7.4206963e-07,0.00034672467
L-BFGS-B,568,4.7499594e-07,0.016436636,7.3940873e-07,0.00034652706
L-BFGS-B,569,4.831465e-07,0.016387211,7.410717e-07,0.00034750486
L-BFGS-B,570,4.7634003e-07,0.016395902,7.3914623e-07,0.00034628197
L-BFGS-B,571,4.779525e-07,0.016468862,7.309624e-07,0.00034602586
L-BFGS-B,572,4.786895e-07,0.016448682,7.3096584e-07,0.0003459351
L-BFGS-B,573,4.8086594e-07,0.016416818,7.3038274e-07,0.0003458555
L-BFGS-B,574,4.7874033e-07,0.016371723,7.34897e-07,0.00034576282
L-BFGS-B,575,4.7543386e-07,0.016287701,7.4256286e-07,0.00034557653
L-BFGS-B,576,4.733193e-07,0.01624132,7.465763e-07,0.00034539754
L-BFGS-B,577,4.7329053e-07,0.016220065,7.4661205e-07,0.000345186
L-BFGS-B,578,4.7638505e-07,0.016198346,7.4361054e-07,0.00034498278
L-BFGS-B,579,4.7653273e-07,0.016133046,7.4611296e-07,0.0003447273
L-BFGS-B,580,4.75307e-07,0.01617983,7.4298333e-07,0.00034454186
L-BFGS-B,581,4.743044e-07,0.016118327,7.4557687e-07,0.00034416546
L-BFGS-B,582,4.7533732e-07,0.01607267,7.464737e-07,0.00034399834
L-BFGS-B,583,4.7525288e-07,0.016030142,7.4820406e-07,0.00034381996
L-BFGS-B,584,4.745933e-07,0.015992835,7.4983245e-07,0.0003435922
L-BFGS-B,585,4.7553874e-07,0.01595896,7.49403e-07,0.00034333084
L-BFGS-B,586,4.7666663e-07,0.015870534,7.526423e-07,0.00034310168
L-BFGS-B,587,4.7741145e-07,0.015859436,7.522527e-07,0.00034304397
L-BFGS-B,588,4.7770897e-07,0.0158524,7.498494e-07,0.00034265773
L-BFGS-B,589,4.7597428e-07,0.01578887,7.5434946e-07,0.00034243724
L-BFGS-B,590,4.716499e-07,0.015658341,7.637681e-07,0.0003418961
L-BFGS-B,591,4.6932414e-07,0.015526452,7.718228e-07,0.00034143653
L-BFGS-B,592,4.6780193e-07,0.015333351,7.815014e-07,0.00034072902
L-BFGS-B,593,4.6382854e-07,0.015194166,7.8869823e-07,0.00033982066
L-BFGS-B,594,4.6768702e-07,0.015039353,7.938512e-07,0.00033962424
L-BFGS-B,595,4.69595e-07,0.015222188,7.8828094e-07,0.00034090327
L-BFGS-B,596,4.6624518e-07,0.015007122,7.9141967e-07,0.00033872097
L-BFGS-B,597,4.608199e-07,0.015306574,7.8512426e-07,0.00033995736
L-BFGS-B,598,4.634893e-07,0.015069526,7.873129e-07,0.00033831559
L-BFGS-B,599,4.6371017e-07,0.015210466,7.7632563e-07,0.00033811003
L-BFGS-B,600,4.6438834e-07,0.015258992,7.7162576e-07,0.00033799204
L-BFGS-B,601,4.6584114e-07,0.0152664995,7.691227e-07,0.00033790956
L-BFGS-B,602,4.672942e-07,0.015310622,7.640978e-07,0.00033781503
L-BFGS-B,603,4.6856795e-07,0.015337894,7.6014425e-07,0.00033768575
L-BFGS-B,604,1.0060933e-06,0.033015694,1.5629237e-06,0.00071550946
L-BFGS-B,605,4.6865983e-07,0.01536221,7.582471e-07,0.00033765813
L-BFGS-B,606,4.691608e-07,0.015349003,7.575697e-07,0.0003374996
L-BFGS-B,607,4.6980134e-07,0.015324687,7.575242e-07,0.0003373457
L-BFGS-B,608,4.69357e-07,0.01527555,7.6078834e-07,0.0003372773
L-BFGS-B,609,4.690259e-07,0.015251065,7.6254247e-07,0.0003372459
L-BFGS-B,610,4.6893985e-07,0.015252889,7.622509e-07,0.0003372075
L-BFGS-B,611,4.680435e-07,0.01522769,7.645923e-07,0.00033717227
L-BFGS-B,612,4.668714e-07,0.015204678,7.6687706e-07,0.00033710903
L-BFGS-B,613,4.6082525e-07,0.015211504,7.811808e-07,0.00033841594
L-BFGS-B,614,4.6628466e-07,0.015200599,7.6767304e-07,0.00033709966
L-BFGS-B,615,4.6643729e-07,0.015156476,7.704206e-07,0.00033709346
L-BFGS-B,616,4.6630808e-07,0.015176259,7.690091e-07,0.00033706016
L-BFGS-B,617,4.6699986e-07,0.015097789,7.745975e-07,0.00033721747
L-BFGS-B,618,4.6637194e-07,0.0151440855,7.7069495e-07,0.00033700088
L-BFGS-B,619,4.655726e-07,0.015116459,7.7256266e-07,0.00033688487
L-BFGS-B,620,4.635089e-07,0.015014879,7.782559e-07,0.0003364135
L-BFGS-B,621,4.6170555e-07,0.014932155,7.837018e-07,0.00033613262
L-BFGS-B,622,4.575965e-07,0.014800976,7.9307813e-07,0.00033561094
L-BFGS-B,623,4.5611947e-07,0.014740587,7.955038e-07,0.00033514935
L-BFGS-B,624,4.5632197e-07,0.014728197,7.941667e-07,0.0003348553
L-BFGS-B,625,4.5617173e-07,0.014743422,7.9118007e-07,0.00033453698
L-BFGS-B,626,4.581214e-07,0.014834207,7.7601936e-07,0.00033346316
L-BFGS-B,627,4.9784796e-07,0.015235905,8.322201e-07,0.00035186927
L-BFGS-B,628,4.589119e-07,0.014761554,7.777887e-07,0.00033312064
L-BFGS-B,629,4.5990944e-07,0.01495004,7.511019e-07,0.0003311521
L-BFGS-B,630,4.849043e-07,0.015888605,7.3372087e-07,0.00034167984
L-BFGS-B,631,4.60587e-07,0.0149433445,7.472033e-07,0.00033060196
L-BFGS-B,632,4.572179e-07,0.014876607,7.479111e-07,0.0003295354
L-BFGS-B,633,4.588496e-07,0.014717817,7.533322e-07,0.00032900542
L-BFGS-B,634,4.581673e-07,0.01471977,7.511272e-07,0.00032859188
L-BFGS-B,635,4.6188953e-07,0.014794685,7.3906574e-07,0.00032809013
L-BFGS-B,636,4.6094445e-07,0.01473196,7.398196e-07,0.00032743422
L-BFGS-B,637,4.5984652e-07,0.0146306325,7.439043e-07,0.00032686896
L-BFGS-B,638,4.5937796e-07,0.014580298,7.44834e-07,0.00032643476
L-BFGS-B,639,4.614173e-07,0.014583515,7.400016e-07,0.00032604797
L-BFGS-B,640,4.6516195e-07,0.014611306,7.302508e-07,0.00032542498
L-BFGS-B,641,4.678023e-07,0.014591741,7.267231e-07,0.00032509622
L-BFGS-B,642,4.6954986e-07,0.014613812,7.216334e-07,0.0003248156
L-BFGS-B,643,4.696698e-07,0.014547873,7.249123e-07,0.00032466603
L-BFGS-B,644,4.6926385e-07,0.01455206,7.242825e-07,0.00032455253
L-BFGS-B,645,4.677372e-07,0.014555155,7.2473625e-07,0.00032442255
L-BFGS-B,646,4.6711952e-07,0.014525435,7.272992e-07,0.00032441714
L-BFGS-B,647,4.6720345e-07,0.014535531,7.259234e-07,0.00032432436
L-BFGS-B,648,4.6368177e-07,0.014549392,7.349699e-07,0.00032529168
L-BFGS-B,649,4.6611933e-07,0.014526408,7.273723e-07,0.0003242878
L-BFGS-B,650,4.662194e-07,0.014543752,7.251897e-07,0.0003241489
L-BFGS-B,651,4.6764055e-07,0.01458744,7.193603e-07,0.00032392453
L-BFGS-B,652,4.67184e-07,0.014588281,7.188055e-07,0.00032378122
L-BFGS-B,653,4.6850136e-07,0.014628703,7.139705e-07,0.00032365782
L-BFGS-B,654,4.6830095e-07,0.014653824,7.119679e-07,0.00032357857
L-BFGS-B,655,4.6983683e-07,0.014695332,7.0691993e-07,0.00032346684
L-BFGS-B,656,4.7131834e-07,0.014731883,7.0174747e-07,0.0003232787
L-BFGS-B,657,4.750242e-07,0.0147752995,6.9345873e-07,0.00032302542
L-BFGS-B,658,4.7962925e-07,0.014698276,6.945743e-07,0.0003231133
L-BFGS-B,659,4.7668814e-07,0.01473214,6.935581e-07,0.00032285834
L-BFGS-B,660,4.7582776e-07,0.014678856,7.099734e-07,0.00032465873
L-BFGS-B,661,4.7605587e-07,0.014711483,6.9519587e-07,0.00032280257
L-BFGS-B,662,4.7306577e-07,0.014582587,7.058632e-07,0.00032266523
L-BFGS-B,663,4.7156826e-07,0.014561239,7.069203e-07,0.00032238566
L-BFGS-B,664,4.713403e-07,0.014569488,7.0599265e-07,0.00032229483
L-BFGS-B,665,4.6996533e-07,0.014575283,7.064871e-07,0.0003222207
L-BFGS-B,666,4.6918944e-07,0.014566681,7.07526e-07,0.00032217414
L-BFGS-B,667,4.6897836e-07,0.014564543,7.075655e-07,0.00032212702
L-BFGS-B,668,4.679454e-07,0.01455816,7.083533e-07,0.0003220264
L-BFGS-B,669,4.6696758e-07,0.014569434,7.0789287e-07,0.0003219234
L-BFGS-B,670,4.6835598e-07,0.014530572,7.0980605e-07,0.00032203004
L-BFGS-B,671,4.673034e-07,0.014550656,7.0839366e-07,0.00032186112
L-BFGS-B,672,4.6601897e-07,0.014543406,7.095404e-07,0.00032176796
L-BFGS-B,673,4.6544915e-07,0.014542843,7.0960095e-07,0.00032168598
L-BFGS-B,674,4.647991e-07,0.014526212,7.1096406e-07,0.00032162658
L-BFGS-B,675,4.6470907e-07,0.014525592,7.10639e-07,0.00032155812
L-BFGS-B,676,4.6405486e-07,0.014512801,7.1158763e-07,0.00032147436
L-BFGS-B,677,4.634404e-07,0.014506653,7.1202317e-07,0.00032138606
L-BFGS-B,678,4.6307568e-07,0.014513299,7.1035146e-07,0.00032114706
L-BFGS-B,679,4.6318704e-07,0.014557719,7.044695e-07,0.00032072567
L-BFGS-B,680,4.6408312e-07,0.014590834,6.99909e-07,0.00032050716
L-BFGS-B,681,4.6467275e-07,0.014628038,6.9951204e-07,0.0003209081
L-BFGS-B,682,4.639548e-07,0.014594174,6.99394e-07,0.00032044406
L-BFGS-B,683,4.676235e-07,0.014749434,6.8676405e-07,0.00032065247
L-BFGS-B,684,4.649522e-07,0.014642164,6.9443536e-07,0.00032032974
L-BFGS-B,685,4.6534396e-07,0.014655034,6.9267935e-07,0.00032025384
L-BFGS-B,686,4.6604467e-07,0.014735597,6.84701e-07,0.0003199678
L-BFGS-B,687,4.6812215e-07,0.014820353,6.744969e-07,0.00031959638
L-BFGS-B,688,4.7147242e-07,0.014921585,6.622412e-07,0.0003192729
L-BFGS-B,689,4.7274378e-07,0.01489625,6.6103416e-07,0.0003190292
L-BFGS-B,690,4.7346728e-07,0.014861556,6.612898e-07,0.0003188291
L-BFGS-B,691,4.7307307e-07,0.014774514,6.653607e-07,0.0003185102
L-BFGS-B,692,4.7579502e-07,0.014832293,6.58738e-07,0.0003185029
L-BFGS-B,693,4.739231e-07,0.014788924,6.622409e-07,0.00031831383
L-BFGS-B,694,4.736508e-07,0.014754811,6.6261896e-07,0.00031798857
L-BFGS-B,695,4.7360155e-07,0.014772505,6.59006e-07,0.00031761618
L-BFGS-B,696,4.7494822e-07,0.014838403,6.5142757e-07,0.0003173404
L-BFGS-B,697,4.7823147e-07,0.014902357,6.4288866e-07,0.0003171916
L-BFGS-B,698,4.77515e-07,0.0148557555,6.4445766e-07,0.00031685346
L-BFGS-B,699,4.7693624e-07,0.014805074,6.4671667e-07,0.00031659866
L-BFGS-B,700,4.7559342e-07,0.014690145,6.530269e-07,0.0003161945
L-BFGS-B,701,5.287646e-07,0.016808536,6.771019e-07,0.00034896535
L-BFGS-B,702,4.7546357e-07,0.014708873,6.5168757e-07,0.0003161614
L-BFGS-B,703,4.7646773e-07,0.014622318,6.538354e-07,0.00031576864
L-BFGS-B,704,4.7801524e-07,0.014610274,6.5113665e-07,0.0003154755
L-BFGS-B,705,4.8014897e-07,0.014652045,6.455776e-07,0.00031537944
L-BFGS-B,706,4.7877796e-07,0.014619858,6.485447e-07,0.000315297
L-BFGS-B,707,4.7866797e-07,0.014617988,6.482894e-07,0.0003152235
L-BFGS-B,708,4.775109e-07,0.0145939505,6.505679e-07,0.00031515132
L-BFGS-B,709,4.755931e-07,0.014544444,6.552594e-07,0.0003150723
L-BFGS-B,710,4.6419777e-07,0.014705922,6.9600173e-07,0.00032108914
L-BFGS-B,711,4.7461512e-07,0.014539564,6.564603e-07,0.00031505697
L-BFGS-B,712,4.6059935e-07,0.014091441,7.102099e-07,0.00031653582
L-BFGS-B,713,4.7154617e-07,0.014442508,6.6544885e-07,0.00031497434
L-BFGS-B,714,4.7185824e-07,0.014405836,6.6762664e-07,0.0003149811
L-BFGS-B,715,4.7145866e-07,0.014419523,6.6633953e-07,0.00031486497
L-BFGS-B,716,4.7113446e-07,0.014356093,6.6964196e-07,0.00031467737
L-BFGS-B,717,4.7152236e-07,0.014327718,6.687752e-07,0.0003143218
L-BFGS-B,718,4.705365e-07,0.014293223,6.702243e-07,0.00031404634
L-BFGS-B,719,4.6972522e-07,0.014284177,6.6985564e-07,0.0003137789
L-BFGS-B,720,4.708993e-07,0.014261004,6.692038e-07,0.0003136255
L-BFGS-B,721,4.6936256e-07,0.014351728,6.6285935e-07,0.00031335055
L-BFGS-B,722,4.6986827e-07,0.014338377,6.621871e-07,0.00031319208
L-BFGS-B,723,4.694972e-07,0.014335467,6.6213454e-07,0.00031309942
L-BFGS-B,724,4.6593115e-07,0.014331518,6.6511006e-07,0.00031297136
L-BFGS-B,725,4.654001e-07,0.014287418,6.672136e-07,0.00031276623
L-BFGS-B,726,4.6449324e-07,0.014252626,6.682707e-07,0.00031244085
L-BFGS-B,727,4.612818e-07,0.01419506,6.7185215e-07,0.0003119207
L-BFGS-B,728,4.6196678e-07,0.014143463,6.706316e-07,0.0003113244
L-BFGS-B,729,4.6160568e-07,0.013908583,7.057108e-07,0.0003141833
L-BFGS-B,730,4.597147e-07,0.014023648,6.7744577e-07,0.00031081054
L-BFGS-B,731,4.5616378e-07,0.013980627,6.777778e-07,0.0003098975
L-BFGS-B,732,4.5777537e-07,0.013905794,6.750542e-07,0.0003089824
L-BFGS-B,733,4.591382e-07,0.013844555,6.732992e-07,0.00030831117
L-BFGS-B,734,4.6077298e-07,0.01389396,6.661e-07,0.00030797053
L-BFGS-B,735,4.6514782e-07,0.0138674015,6.6198606e-07,0.0003077441
L-BFGS-B,736,4.618644e-07,0.013816084,6.672096e-07,0.00030752193
L-BFGS-B,737,4.6189368e-07,0.013812552,6.658529e-07,0.0003072875
L-BFGS-B,738,4.632624e-07,0.013803178,6.63982e-07,0.00030711843
L-BFGS-B,739,4.6388038e-07,0.013770398,6.64637e-07,0.0003069816
L-BFGS-B,740,4.6386594e-07,0.01375656,6.6495187e-07,0.00030688828
L-BFGS-B,741,4.6394848e-07,0.0137432115,6.6527633e-07,0.00030681584
L-BFGS-B,742,4.6126084e-07,0.0137651805,6.773448e-07,0.00030844263
L-BFGS-B,743,4.6333645e-07,0.013734255,6.6628354e-07,0.00030678554
L-BFGS-B,744,4.6332252e-07,0.013738589,6.650158e-07,0.00030663665
L-BFGS-B,745,4.631078e-07,0.0137526775,6.626127e-07,0.00030638487
L-BFGS-B,746,4.6214524e-07,0.013771018,6.6069856e-07,0.00030613673
L-BFGS-B,747,4.615406e-07,0.013760008,6.6105997e-07,0.00030599016
L-BFGS-B,748,4.6309415e-07,0.013781342,6.570297e-07,0.00030583199
L-BFGS-B,749,4.6246296e-07,0.013758475,6.5850986e-07,0.00030573067
L-BFGS-B,750,4.6141332e-07,0.013708079,6.618973e-07,0.00030557736
L-BFGS-B,751,4.5462366e-07,0.013683214,6.7738563e-07,0.00030663353
L-BFGS-B,752,4.6009632e-07,0.0136964135,6.6378834e-07,0.00030554683
L-BFGS-B,753,4.5985263e-07,0.01366985,6.647911e-07,0.00030539505
L-BFGS-B,754,4.6043579e-07,0.013642957,6.6510387e-07,0.00030526053
L-BFGS-B,755,4.6085484e-07,0.01362596,6.647191e-07,0.0003050957
L-BFGS-B,756,4.6194344e-07,0.0135559505,6.672723e-07,0.00030494184
L-BFGS-B,757,4.5779336e-07,0.013301467,7.0689674e-07,0.00030771818
L-BFGS-B,758,4.6121403e-07,0.013524475,6.699261e-07,0.00030491577
L-BFGS-B,759,4.5999553e-07,0.013490191,6.719918e-07,0.0003047
L-BFGS-B,760,4.5989216e-07,0.013465229,6.721146e-07,0.0003044533
L-BFGS-B,761,4.592158e-07,0.013442447,6.7160636e-07,0.0003040478
L-BFGS-B,762,4.5480425e-07,0.013379807,6.7815307e-07,0.00030374166
L-BFGS-B,763,4.69876e-07,0.013499415,7.1638925e-07,0.00031293393
L-BFGS-B,764,4.5408225e-07,0.013350727,6.7979516e-07,0.00030358887
L-BFGS-B,765,4.5283977e-07,0.013310278,6.810182e-07,0.00030318147
L-BFGS-B,766,4.5105622e-07,0.013242408,6.8478096e-07,0.00030279966
L-BFGS-B,767,4.5042444e-07,0.013240353,6.848549e-07,0.0003026954
L-BFGS-B,768,4.494578e-07,0.013189233,6.874239e-07,0.0003024246
L-BFGS-B,769,4.5115388e-07,0.013237834,6.8169595e-07,0.00030230582
L-BFGS-B,770,4.5139302e-07,0.013231561,6.806421e-07,0.00030212087
L-BFGS-B,771,4.5229126e-07,0.013220622,6.769939e-07,0.00030159898
L-BFGS-B,772,4.5075527e-07,0.01319895,6.783511e-07,0.00030135544
L-BFGS-B,773,4.486336e-07,0.013195404,6.784012e-07,0.00030100925
L-BFGS-B,774,5.457039e-07,0.016042737,8.2971167e-07,0.0003667397
L-BFGS-B,775,4.489541e-07,0.013201907,6.769416e-07,0.0003009034
L-BFGS-B,776,4.4733596e-07,0.013217164,6.74965e-07,0.00030051678
L-BFGS-B,777,4.4662443e-07,0.0132701285,6.688959e-07,0.00030002932
L-BFGS-B,778,4.4731533e-07,0.01333671,6.621198e-07,0.00029978238
L-BFGS-B,779,4.4668198e-07,0.013328893,6.625764e-07,0.0002996777
L-BFGS-B,780,4.4720102e-07,0.013331061,6.614604e-07,0.00029960982
L-BFGS-B,781,4.4682938e-07,0.013306993,6.631814e-07,0.00029957155
L-BFGS-B,782,4.458444e-07,0.013270346,6.661785e-07,0.00029950688
L-BFGS-B,783,4.4663653e-07,0.013278494,6.6470034e-07,0.00029948546
L-BFGS-B,784,4.4020177e-07,0.013146279,6.8059325e-07,0.00029958205
L-BFGS-B,785,4.4321519e-07,0.0132072605,6.714751e-07,0.00029927614
L-BFGS-B,786,4.4244942e-07,0.013234063,6.691962e-07,0.0002990875
L-BFGS-B,787,4.4246653e-07,0.0132824,6.644015e-07,0.0002988542
L-BFGS-B,788,4.4262833e-07,0.013283631,6.641012e-07,0.00029884573
L-BFGS-B,789,4.4230217e-07,0.013279077,6.637305e-07,0.00029869567
L-BFGS-B,790,4.4118468e-07,0.013395177,6.559928e-07,0.00029852838
L-BFGS-B,791,4.4114708e-07,0.013369398,6.566031e-07,0.00029835652
L-BFGS-B,792,4.4020473e-07,0.013335293,6.593787e-07,0.00029829046
L-BFGS-B,793,4.3955032e-07,0.0133293085,6.60203e-07,0.00029825608
L-BFGS-B,794,4.3892948e-07,0.013319916,6.613322e-07,0.0002982384
L-BFGS-B,795,4.39471e-07,0.013330194,6.599763e-07,0.00029821903
L-BFGS-B,796,4.3991722e-07,0.013342199,6.585495e-07,0.000298192
L-BFGS-B,797,4.4049375e-07,0.013347273,6.574481e-07,0.000298164
L-BFGS-B,798,4.4093875e-07,0.013341066,6.5708764e-07,0.0002981146
L-BFGS-B,799,4.4094222e-07,0.013334663,6.573075e-07,0.00029808408
L-BFGS-B,800,4.4084243e-07,0.013326465,6.577058e-07,0.00029804689
L-BFGS-B,801,4.4088023e-07,0.013318807,6.5803334e-07,0.0002980251
L-BFGS-B,802,4.4095432e-07,0.01332364,6.57439e-07,0.0002979954
L-BFGS-B,803,4.41129e-07,0.013336887,6.560845e-07,0.0002979509
L-BFGS-B,804,4.4104084e-07,0.013342379,6.556585e-07,0.0002979287
L-BFGS-B,805,4.4098942e-07,0.013350525,6.549502e-07,0.00029789621
L-BFGS-B,806,4.40724e-07,0.013341049,6.556384e-07,0.00029786487
L-BFGS-B,807,4.4071422e-07,0.013344466,6.552063e-07,0.0002978327
L-BFGS-B,808,4.4091453e-07,0.013358863,6.5374394e-07,0.00029778742
L-BFGS-B,809,4.3905465e-07,0.01329388,6.616626e-07,0.0002980464
L-BFGS-B,810,4.4049756e-07,0.013344964,6.5501246e-07,0.00029777613
L-BFGS-B,811,4.4068017e-07,0.013364843,6.530527e-07,0.00029770835
L-BFGS-B,812,4.3955063e-07,0.013363834,6.5372035e-07,0.00029762898
L-BFGS-B,813,4.3935944e-07,0.013397066,6.520366e-07,0.00029768006
L-BFGS-B,814,4.3934872e-07,0.013372803,6.529922e-07,0.00029757916
L-BFGS-B,815,4.3868314e-07,0.013364575,6.536765e-07,0.0002974997
L-BFGS-B,816,4.3602356e-07,0.0132944,6.6078763e-07,0.00029746565
L-BFGS-B,817,4.360266e-07,0.013302947,6.593631e-07,0.00029733795
L-BFGS-B,818,4.3691767e-07,0.013263777,6.598483e-07,0.00029715267
L-BFGS-B,819,4.3582358e-07,0.013240394,6.612628e-07,0.00029696687
L-BFGS-B,820,4.341454e-07,0.013190473,6.646635e-07,0.00029672607
L-BFGS-B,821,4.3872578e-07,0.013552994,6.61823e-07,0.00030061224
L-BFGS-B,822,4.3373984e-07,0.013191835,6.642099e-07,0.00029661081
L-BFGS-B,823,4.3424112e-07,0.013263039,6.579468e-07,0.00029645857
L-BFGS-B,824,4.348978e-07,0.013294092,6.543099e-07,0.0002963221
L-BFGS-B,825,4.3531244e-07,0.013316897,6.512814e-07,0.00029615805
L-BFGS-B,826,4.364819e-07,0.013385136,6.4499545e-07,0.00029607295
L-BFGS-B,827,4.3289168e-07,0.013358885,6.499267e-07,0.00029601163
L-BFGS-B,828,4.3315998e-07,0.013326484,6.5088335e-07,0.00029587134
L-BFGS-B,829,4.329037e-07,0.013282559,6.545491e-07,0.00029594352
L-BFGS-B,830,4.328825e-07,0.013303321,6.523064e-07,0.00029581154
L-BFGS-B,831,4.3250395e-07,0.013299928,6.526477e-07,0.00029577204
L-BFGS-B,832,4.3179855e-07,0.013279299,6.544697e-07,0.00029573322
L-BFGS-B,833,4.3074883e-07,0.013249934,6.570068e-07,0.00029566267
L-BFGS-B,834,4.2980898e-07,0.013225147,6.590671e-07,0.00029558287
L-BFGS-B,835,4.2875246e-07,0.013210781,6.6008374e-07,0.00029543324
L-BFGS-B,836,4.2882164e-07,0.013244402,6.5689204e-07,0.00029530106
L-BFGS-B,837,4.298014e-07,0.013282511,6.521828e-07,0.00029512274
L-BFGS-B,838,4.3074556e-07,0.0133027155,6.4899757e-07,0.00029498863
L-BFGS-B,839,4.3244688e-07,0.013316543,6.454228e-07,0.00029484587
L-BFGS-B,840,4.3206106e-07,0.013297737,6.4668814e-07,0.00029478973
L-BFGS-B,841,4.3159164e-07,0.013279155,6.4771984e-07,0.00029468827
L-BFGS-B,842,2.1003054e-06,0.06344095,2.426688e-06,0.0013134585
L-BFGS-B,843,4.3123015e-07,0.013195428,6.549157e-07,0.00029487617
L-BFGS-B,844,4.3137396e-07,0.013252905,6.494836e-07,0.0002946577
L-BFGS-B,845,4.302644e-07,0.013254395,6.498688e-07,0.0002945639
L-BFGS-B,846,4.2772737e-07,0.013270242,6.4985807e-07,0.00029434025
L-BFGS-B,847,4.258261e-07,0.013223208,6.685215e-07,0.0002963842
L-BFGS-B,848,4.2705605e-07,0.013253391,6.5142683e-07,0.00029430634
L-BFGS-B,849,4.261718e-07,0.013266359,6.507529e-07,0.0002942023
L-BFGS-B,850,4.2586944e-07,0.013280953,6.4952263e-07,0.00029411833
L-BFGS-B,851,4.2590142e-07,0.013287878,6.4856823e-07,0.0002940492
L-BFGS-B,852,4.261373e-07,0.013321508,6.454676e-07,0.00029395582
L-BFGS-B,853,4.2716553e-07,0.013310332,6.4435807e-07,0.00029383186
L-BFGS-B,854,4.2776622e-07,0.013285452,6.442127e-07,0.00029365136
L-BFGS-B,855,4.473655e-07,0.013445562,6.254335e-07,0.00029537547
L-BFGS-B,856,4.3088994e-07,0.013300231,6.394182e-07,0.0002935485
L-BFGS-B,857,4.3240894e-07,0.013255898,6.374265e-07,0.00029303427
L-BFGS-B,858,4.343967e-07,0.01342209,6.271318e-07,0.00029345017
L-BFGS-B,859,4.3239703e-07,0.0132914195,6.3335995e-07,0.00029277772
L-BFGS-B,860,4.289599e-07,0.013297356,6.33574e-07,0.00029235362
L-BFGS-B,861,4.30095e-07,0.013338264,6.254297e-07,0.00029171133
L-BFGS-B,862,4.301899e-07,0.013345043,6.2284846e-07,0.00029140618
L-BFGS-B,863,4.2803555e-07,0.013306414,6.256016e-07,0.00029110973
L-BFGS-B,864,4.2795688e-07,0.013238045,6.3330026e-07,0.000291569
L-BFGS-B,865,4.2671732e-07,0.013253858,6.277439e-07,0.00029070774
L-BFGS-B,866,4.281708e-07,0.013273115,6.245571e-07,0.00029064034
L-BFGS-B,867,4.2719265e-07,0.01325465,6.260927e-07,0.0002905393
L-BFGS-B,868,4.261099e-07,0.013216798,6.283121e-07,0.00029033129
L-BFGS-B,869,4.2577534e-07,0.0132085215,6.281062e-07,0.00029016746
L-BFGS-B,870,4.2594928e-07,0.013268362,6.235141e-07,0.00029010314
L-BFGS-B,871,4.2579163e-07,0.013247534,6.2432247e-07,0.00028999243
L-BFGS-B,872,4.2472269e-07,0.013230534,6.261406e-07,0.00028993483
L-BFGS-B,873,4.242396e-07,0.013216897,6.271734e-07,0.0002898809
L-BFGS-B,874,4.2223968e-07,0.013184204,6.3497185e-07,0.00029042378
L-BFGS-B,875,4.2371494e-07,0.013207304,6.2809875e-07,0.00028984508
L-BFGS-B,876,4.1547779e-07,0.013028061,6.483943e-07,0.00028986143
L-BFGS-B,877,4.191166e-07,0.013110574,6.373725e-07,0.0002895791
L-BFGS-B,878,4.172045e-07,0.013037404,6.4273223e-07,0.00028936454
L-BFGS-B,879,4.129484e-07,0.012859939,6.560152e-07,0.00028894393
L-BFGS-B,880,4.1149488e-07,0.012782335,6.6117997e-07,0.00028872458
L-BFGS-B,881,4.1038658e-07,0.012734385,6.63933e-07,0.0002884918
L-BFGS-B,882,4.0958525e-07,0.012742151,6.6321115e-07,0.00028834096
L-BFGS-B,883,4.0946395e-07,0.012767407,6.615052e-07,0.00028831945
L-BFGS-B,884,4.103314e-07,0.012726691,6.624533e-07,0.00028818462
L-BFGS-B,885,4.107934e-07,0.012729148,6.607586e-07,0.00028802428
L-BFGS-B,886,6.496597e-07,0.018352017,9.427844e-07,0.0004223868
L-BFGS-B,887,4.1339996e-07,0.012888047,6.4972954e-07,0.00028834987
L-BFGS-B,888,4.1125952e-07,0.01277162,6.567788e-07,0.00028792195
L-BFGS-B,889,4.1229248e-07,0.01276001,6.551039e-07,0.00028770955
L-BFGS-B,890,4.1830697e-07,0.012841748,6.4401564e-07,0.00028776587
L-BFGS-B,891,4.1477733e-07,0.01278869,6.4918487e-07,0.0002874812
L-BFGS-B,892,4.170742e-07,0.012799719,6.4323086e-07,0.00028704293
L-BFGS-B,893,4.1965683e-07,0.012830459,6.351346e-07,0.0002865233
L-BFGS-B,894,4.2367756e-07,0.01294552,6.231654e-07,0.00028648163
L-BFGS-B,895,4.213451e-07,0.012882379,6.284603e-07,0.0002862946
L-BFGS-B,896,4.203181e-07,0.012906903,6.257789e-07,0.00028598358
L-BFGS-B,897,4.1879446e-07,0.012898942,6.25842e-07,0.0002856849
L-BFGS-B,898,4.1781556e-07,0.012921052,6.2307714e-07,0.00028534443
L-BFGS-B,899,4.147768e-07,0.012876633,6.271362e-07,0.00028505328
L-BFGS-B,900,4.1372417e-07,0.012896526,6.2500874e-07,0.0002847752
L-BFGS-B,901,4.1555552e-07,0.012921927,6.218637e-07,0.00028483215
L-BFGS-B,902,4.143194e-07,0.012901837,6.2324017e-07,0.0002846523
L-BFGS-B,903,4.125287e-07,0.012916008,6.2357805e-07,0.0002845761
L-BFGS-B,904,4.1322483e-07,0.0129349455,6.1859754e-07,0.00028412283
L-BFGS-B,905,4.130732e-07,0.012922062,6.173434e-07,0.0002837831
L-BFGS-B,906,4.12112e-07,0.012848248,6.211871e-07,0.00028347733
L-BFGS-B,907,4.0841908e-07,0.012711294,6.3230505e-07,0.00028322157
L-BFGS-B,908,4.097743e-07,0.012779249,6.2479904e-07,0.0002829785
L-BFGS-B,909,4.1010213e-07,0.012735859,6.2555006e-07,0.0002827064
L-BFGS-B,910,4.088518e-07,0.012703572,6.2797443e-07,0.00028255966
L-BFGS-B,911,4.082998e-07,0.012645079,6.3070564e-07,0.0002823016
L-BFGS-B,912,4.1053738e-07,0.012673949,6.24542e-07,0.0002820014
L-BFGS-B,913,4.1015994e-07,0.012646037,6.249375e-07,0.00028172496
L-BFGS-B,914,4.119148e-07,0.012727915,6.1686086e-07,0.0002815955
L-BFGS-B,915,4.147035e-07,0.012828633,6.0826176e-07,0.0002817311
L-BFGS-B,916,4.1268584e-07,0.012756377,6.133709e-07,0.00028147228
L-BFGS-B,917,4.1642886e-07,0.012746768,6.096732e-07,0.000281383
L-BFGS-B,918,4.1706457e-07,0.012764935,6.050919e-07,0.00028097283
L-BFGS-B,919,4.1834844e-07,0.012847162,5.964112e-07,0.00028068555
L-BFGS-B,920,4.1790145e-07,0.012791451,5.981644e-07,0.0002803244
L-BFGS-B,921,4.2225275e-07,0.012759523,5.9279677e-07,0.00027985265
L-BFGS-B,922,4.1805433e-07,0.012641522,6.015202e-07,0.0002793514
L-BFGS-B,923,4.1547668e-07,0.012674632,5.996013e-07,0.000279008
L-BFGS-B,924,4.1636397e-07,0.0125424545,6.0409695e-07,0.00027849368
L-BFGS-B,925,4.1633038e-07,0.012487563,6.0566424e-07,0.00027817482
L-BFGS-B,926,4.164321e-07,0.012494215,6.027474e-07,0.00027781905
L-BFGS-B,927,4.0970613e-07,0.012457918,6.176339e-07,0.00027868018
L-BFGS-B,928,4.1390092e-07,0.012465351,6.0609176e-07,0.0002776524
L-BFGS-B,929,4.1268368e-07,0.012507853,6.0270986e-07,0.00027738756
L-BFGS-B,930,4.1299637e-07,0.012499074,6.0326704e-07,0.00027743026
L-BFGS-B,931,4.1265216e-07,0.01249844,6.025882e-07,0.00027727045
L-BFGS-B,932,4.1117974e-07,0.012459808,6.058768e-07,0.00027715656
L-BFGS-B,933,4.1130573e-07,0.012453674,6.0562525e-07,0.00027707638
L-BFGS-B,934,4.1134993e-07,0.012455427,6.048948e-07,0.000276991
L-BFGS-B,935,4.1102365e-07,0.012483242,6.025367e-07,0.00027686649
L-BFGS-B,936,4.1205155e-07,0.012657047,5.9519834e-07,0.00027765793
L-BFGS-B,937,4.1082797e-07,0.012508005,6.0080083e-07,0.00027682437
L-BFGS-B,938,4.107676e-07,0.012473769,6.0173363e-07,0.00027661287
L-BFGS-B,939,4.082456e-07,0.01242146,6.0503413e-07,0.00027620656
L-BFGS-B,940,4.0506754e-07,0.012287502,6.1436526e-07,0.00027578993
L-BFGS-B,941,4.0432272e-07,0.012286669,6.218431e-07,0.00027679157
L-BFGS-B,942,4.0398936e-07,0.012251059,6.164624e-07,0.00027557835
L-BFGS-B,943,4.0160324e-07,0.012216337,6.184172e-07,0.00027516644
L-BFGS-B,944,4.0042073e-07,0.0121700065,6.201594e-07,0.00027478707
L-BFGS-B,945,3.9973403e-07,0.012128212,6.2193953e-07,0.00027453314
L-BFGS-B,946,3.9982382e-07,0.012102236,6.221664e-07,0.0002743209
L-BFGS-B,947,3.9974776e-07,0.012041527,6.250353e-07,0.0002741327
L-BFGS-B,948,3.985517e-07,0.011940696,6.324804e-07,0.00027406178
L-BFGS-B,949,3.9777217e-07,0.011946864,6.317333e-07,0.00027389446
L-BFGS-B,950,3.9760644e-07,0.011932855,6.322739e-07,0.00027381058
L-BFGS-B,951,3.9667987e-07,0.011900262,6.3454246e-07,0.00027368596
L-BFGS-B,952,3.964528e-07,0.011875316,6.358125e-07,0.00027359294
L-BFGS-B,953,3.966419e-07,0.011873957,6.349789e-07,0.00027348267
L-BFGS-B,954,3.9602614e-07,0.01184297,6.3678647e-07,0.0002733516
L-BFGS-B,955,3.962272e-07,0.011854422,6.351164e-07,0.00027324577
L-BFGS-B,956,3.9583253e-07,0.011837067,6.360559e-07,0.00027315394
L-BFGS-B,957,3.9544324e-07,0.011822248,6.370537e-07,0.00027309702
L-BFGS-B,958,3.9517656e-07,0.011808404,6.377951e-07,0.0002730298
L-BFGS-B,959,3.945239e-07,0.011786057,6.392338e-07,0.00027292423
L-BFGS-B,960,3.9483365e-07,0.011828289,6.357929e-07,0.00027287687
L-BFGS-B,961,3.9352057e-07,0.011780468,6.3938427e-07,0.00027274038
L-BFGS-B,962,3.9327077e-07,0.011761127,6.4055916e-07,0.00027268575
L-BFGS-B,963,3.9279342e-07,0.011788506,6.3910954e-07,0.0002726705
L-BFGS-B,964,3.9286698e-07,0.011779922,6.392598e-07,0.00027261823
L-BFGS-B,965,3.9324232e-07,0.011790609,6.379996e-07,0.00027259238
L-BFGS-B,966,3.9375138e-07,0.011812529,6.357468e-07,0.00027255
L-BFGS-B,967,3.9493696e-07,0.011840465,6.324135e-07,0.0002725072
L-BFGS-B,968,3.9538213e-07,0.011866414,6.3003114e-07,0.00027247614
L-BFGS-B,969,3.9458476e-07,0.011836419,6.324371e-07,0.00027241747
L-BFGS-B,970,4.024129e-07,0.011985531,6.26391e-07,0.0002741759
L-BFGS-B,971,3.9493844e-07,0.011839717,6.317658e-07,0.0002724028
L-BFGS-B,972,3.9484593e-07,0.011814462,6.3317094e-07,0.00027234716
L-BFGS-B,973,3.9885168e-07,0.011792102,6.429332e-07,0.00027418873
L-BFGS-B,974,3.9484004e-07,0.011803773,6.337554e-07,0.00027232704
L-BFGS-B,975,3.9531224e-07,0.011776758,6.3415985e-07,0.0002721884
L-BFGS-B,976,3.9617117e-07,0.011781683,6.317701e-07,0.000272008
L-BFGS-B,977,3.9784575e-07,0.011837452,6.2443917e-07,0.00027171726
L-BFGS-B,978,3.989089e-07,0.011888683,6.187274e-07,0.00027153228
L-BFGS-B,979,4.0263973e-07,0.011954661,6.191788e-07,0.0002728194
L-BFGS-B,980,3.9904864e-07,0.011888811,6.1846407e-07,0.00027151502
L-BFGS-B,981,4.0000265e-07,0.011917,6.1507467e-07,0.0002714316
L-BFGS-B,982,4.003805e-07,0.011946447,6.12605e-07,0.00027141228
L-BFGS-B,983,4.009119e-07,0.011962669,6.104851e-07,0.00027133623
L-BFGS-B,984,4.0077575e-07,0.011953763,6.1093596e-07,0.00027129438
L-BFGS-B,985,4.006763e-07,0.0119575225,6.103048e-07,0.00027122238
L-BFGS-B,986,4.052222e-07,0.012475485,6.308592e-07,0.00028016706
L-BFGS-B,987,4.0025418e-07,0.011964203,6.1017965e-07,0.0002712071
L-BFGS-B,988,4.01047e-07,0.011972097,6.0843536e-07,0.00027114333
L-BFGS-B,989,4.5281095e-07,0.013642496,6.4481554e-07,0.00030106894
L-BFGS-B,990,4.0101105e-07,0.0119758,6.0818553e-07,0.00027113748
L-BFGS-B,991,4.0209088e-07,0.011989782,6.053634e-07,0.00027101595
L-BFGS-B,992,4.0376858e-07,0.012071613,5.9811555e-07,0.00027099875
L-BFGS-B,993,4.0274134e-07,0.012023312,6.018106e-07,0.00027091592
L-BFGS-B,994,4.033682e-07,0.012043842,6.01095e-07,0.00027110789
L-BFGS-B,995,4.0274207e-07,0.012019699,6.014686e-07,0.0002708286
L-BFGS-B,996,4.042068e-07,0.012056292,5.967068e-07,0.00027069997
L-BFGS-B,997,4.0272033e-07,0.012031363,5.990082e-07,0.0002705729
L-BFGS-B,998,4.0228133e-07,0.01202989,5.9902777e-07,0.00027049525
L-BFGS-B,999,4.020145e-07,0.012051212,5.972494e-07,0.0002704017
L-BFGS-B,1000,4.018253e-07,0.012026474,5.986672e-07,0.0002703386
L-BFGS-B,1001,4.0168098e-07,0.012024582,5.9869734e-07,0.00027030258
L-BFGS-B,1002,4.0160128e-07,0.012017848,5.9868245e-07,0.00027022103
L-BFGS-B,1003,4.011968e-07,0.012015837,5.9860633e-07,0.00027012883
L-BFGS-B,1004,4.0035727e-07,0.012001314,5.9933825e-07,0.00026996745
L-BFGS-B,1005,3.998759e-07,0.011992491,5.997376e-07,0.00026986693
L-BFGS-B,1006,3.992302e-07,0.011983959,6.011192e-07,0.00026989199
L-BFGS-B,1007,3.9949458e-07,0.011985053,6.0031914e-07,0.00026982257
L-BFGS-B,1008,3.9954554e-07,0.011982103,6.0001594e-07,0.00026975526
L-BFGS-B,1009,3.99711e-07,0.0119859725,5.992658e-07,0.00026970624
L-BFGS-B,1010,4.00653e-07,0.011983041,5.9801613e-07,0.00026963078
L-BFGS-B,1011,4.011612e-07,0.011990329,5.9667184e-07,0.00026957825
L-BFGS-B,1012,4.0166492e-07,0.012004427,5.9475445e-07,0.00026950717
L-BFGS-B,1013,4.028923e-07,0.0120414635,5.900767e-07,0.00026936
L-BFGS-B,1014,4.036355e-07,0.012083244,5.859265e-07,0.00026926675
L-BFGS-B,1015,4.038967e-07,0.012103225,5.835793e-07,0.00026915365
L-BFGS-B,1016,4.0280293e-07,0.012110706,5.835054e-07,0.00026905333
L-BFGS-B,1017,4.0255617e-07,0.01210656,5.834582e-07,0.00026896776
L-BFGS-B,1018,4.014759e-07,0.012088218,5.855594e-07,0.00026893747
L-BFGS-B,1019,4.0193058e-07,0.012077467,5.8480475e-07,0.00026878496
L-BFGS-B,1020,4.012388e-07,0.012041871,5.8736146e-07,0.00026870874
L-BFGS-B,1021,4.0055517e-07,0.012011316,5.8948126e-07,0.0002686186
L-BFGS-B,1022,3.9952246e-07,0.011970889,5.9267614e-07,0.00026853866
L-BFGS-B,1023,3.9975686e-07,0.011953613,5.9328113e-07,0.00026849183
L-BFGS-B,1024,3.997281e-07,0.011946201,5.9361474e-07,0.00026846345
L-BFGS-B,1025,3.9979147e-07,0.011927465,5.9461354e-07,0.0002684354
L-BFGS-B,1026,3.994454e-07,0.011917131,5.954466e-07,0.0002684051
L-BFGS-B,1027,3.96759e-07,0.011811299,6.052031e-07,0.0002684073
L-BFGS-B,1028,3.980371e-07,0.011863807,6.0003543e-07,0.00026834896
L-BFGS-B,1029,3.9689817e-07,0.011843,6.0263903e-07,0.00026836057
L-BFGS-B,1030,3.9736756e-07,0.01185133,6.010397e-07,0.0002682744
L-BFGS-B,1031,3.9567797e-07,0.011801717,6.053451e-07,0.00026817064
L-BFGS-B,1032,3.9443168e-07,0.0117825335,6.0676024e-07,0.00026800414
L-BFGS-B,1033,3.9258097e-07,0.011719791,6.116521e-07,0.0002678329
L-BFGS-B,1034,3.9215175e-07,0.011746655,6.098857e-07,0.00026777218
L-BFGS-B,1035,3.92636e-07,0.011740332,6.0918785e-07,0.0002676769
L-BFGS-B,1036,3.9231023e-07,0.011710829,6.1096233e-07,0.0002675992
L-BFGS-B,1037,3.9187904e-07,0.011695459,6.1184284e-07,0.00026751286
L-BFGS-B,1038,3.912833e-07,0.011672902,6.131388e-07,0.00026739232
L-BFGS-B,1039,3.9088619e-07,0.011661894,6.1392234e-07,0.00026734022
L-BFGS-B,1040,3.915799e-07,0.011664646,6.125331e-07,0.0002672634
L-BFGS-B,1041,3.9188234e-07,0.011658061,6.120774e-07,0.00026717456
L-BFGS-B,1042,3.9305053e-07,0.011684298,6.086408e-07,0.00026709668
L-BFGS-B,1043,3.9273266e-07,0.011674559,6.092657e-07,0.00026704534
L-BFGS-B,1044,3.921852e-07,0.011636152,6.112053e-07,0.00026687008
L-BFGS-B,1045,3.907799e-07,0.011617316,6.1293787e-07,0.0002667308
L-BFGS-B,1046,3.925951e-07,0.011519609,6.190861e-07,0.00026694825
L-BFGS-B,1047,3.9114113e-07,0.011567698,6.149393e-07,0.00026658905
L-BFGS-B,1048,3.911841e-07,0.011551075,6.145552e-07,0.00026637164
L-BFGS-B,1049,3.9196888e-07,0.011542514,6.113849e-07,0.00026592822
L-BFGS-B,1050,3.934528e-07,0.011540109,6.086533e-07,0.000265717
L-BFGS-B,1051,3.9347466e-07,0.011551039,6.065171e-07,0.00026550918
L-BFGS-B,1052,3.9220933e-07,0.011511405,6.0878415e-07,0.00026526308
L-BFGS-B,1053,3.9025582e-07,0.011432597,6.144405e-07,0.00026503042
L-BFGS-B,1054,3.8896187e-07,0.011350097,6.193411e-07,0.00026474643
L-BFGS-B,1055,3.8635577e-07,0.011206971,6.274165e-07,0.00026413554
L-BFGS-B,1056,4.0666148e-07,0.0118047595,6.151349e-07,0.00027131705
L-BFGS-B,1057,3.8728766e-07,0.0112285195,6.2447305e-07,0.00026404927
L-BFGS-B,1058,3.8724508e-07,0.011192237,6.2324875e-07,0.00026349642
L-BFGS-B,1059,3.8709922e-07,0.011194827,6.2088014e-07,0.0002631452
L-BFGS-B,1060,3.8926865e-07,0.011247143,6.1371117e-07,0.0002629184
L-BFGS-B,1061,3.894259e-07,0.011304679,6.0854717e-07,0.00026274275
L-BFGS-B,1062,3.910019e-07,0.011315886,6.0556874e-07,0.00026264443
L-BFGS-B,1063,3.8932797e-07,0.011265118,6.085401e-07,0.0002623314
L-BFGS-B,1064,3.887638e-07,0.011252933,6.0892125e-07,0.0002621821
L-BFGS-B,1065,3.864631e-07,0.011185056,6.142006e-07,0.0002619501
L-BFGS-B,1066,3.870347e-07,0.0111654615,6.1377625e-07,0.00026177627
L-BFGS-B,1067,3.8713492e-07,0.011172964,6.118753e-07,0.00026158118
L-BFGS-B,1068,3.8689868e-07,0.011174201,6.111067e-07,0.00026144282
L-BFGS-B,1069,3.8592069e-07,0.011159239,6.1227007e-07,0.00026132102
L-BFGS-B,1070,3.8677652e-07,0.011176858,6.098629e-07,0.0002612645
L-BFGS-B,1071,3.8708535e-07,0.011191224,6.0843314e-07,0.00026124
L-BFGS-B,1072,3.875162e-07,0.011197659,6.073562e-07,0.00026120746
L-BFGS-B,1073,3.8655173e-07,0.011163483,6.102399e-07,0.00026115356
L-BFGS-B,1074,3.8655412e-07,0.01115554,6.101955e-07,0.00026106785
L-BFGS-B,1075,3.8583954e-07,0.011107529,6.130785e-07,0.000260913
L-BFGS-B,1076,3.840145e-07,0.011028641,6.186253e-07,0.00026068237
L-BFGS-B,1077,3.8307735e-07,0.010976369,6.227462e-07,0.0002606372
L-BFGS-B,1078,3.8335023e-07,0.010996729,6.2032166e-07,0.00026051805
L-BFGS-B,1079,3.8200653e-07,0.010953612,6.2334806e-07,0.0002603393
L-BFGS-B,1080,3.8114132e-07,0.010922989,6.258513e-07,0.0002602788
L-BFGS-B,1081,3.8135576e-07,0.010932743,6.2453597e-07,0.00026021118
L-BFGS-B,1082,3.8149346e-07,0.01093167,6.236276e-07,0.00026008487
L-BFGS-B,1083,3.8240194e-07,0.010921683,6.2375096e-07,0.00026013976
L-BFGS-B,1084,3.8169088e-07,0.01092157,6.2318395e-07,0.00025994692
L-BFGS-B,1085,3.8134186e-07,0.010884584,6.239566e-07,0.00025964063
L-BFGS-B,1086,3.826658e-07,0.010959793,6.1780713e-07,0.00025966886
L-BFGS-B,1087,3.8177464e-07,0.010912419,6.2093847e-07,0.00025953114
L-BFGS-B,1088,3.8101965e-07,0.010876521,6.22541e-07,0.0002592993
L-BFGS-B,1089,3.808328e-07,0.010858818,6.225209e-07,0.00025909123
L-BFGS-B,1090,3.8076328e-07,0.010847833,6.2136945e-07,0.00025879825
L-BFGS-B,1091,3.8035571e-07,0.010836083,6.20458e-07,0.00025848288
L-BFGS-B,1092,3.802417e-07,0.010811499,6.21298e-07,0.00025834594
L-BFGS-B,1093,3.786147e-07,0.01080828,6.2182556e-07,0.00025814882
L-BFGS-B,1094,3.7680982e-07,0.010791853,6.2413125e-07,0.0002580597
L-BFGS-B,1095,3.7675989e-07,0.010767698,6.251034e-07,0.00025795648
L-BFGS-B,1096,3.7818126e-07,0.0107896235,6.2213286e-07,0.00025794335
L-BFGS-B,1097,3.74864e-07,0.010713263,6.299952e-07,0.0002578615
L-BFGS-B,1098,3.7515386e-07,0.010728914,6.28161e-07,0.00025778636
L-BFGS-B,1099,3.7502792e-07,0.0107274465,6.2801814e-07,0.0002577314
L-BFGS-B,1100,3.747808e-07,0.010725511,6.2804725e-07,0.00025767932
L-BFGS-B,1101,3.742423e-07,0.010701444,6.296364e-07,0.00025759626
L-BFGS-B,1102,3.730098e-07,0.010679821,6.318129e-07,0.0002575216
L-BFGS-B,1103,3.7267642e-07,0.010672591,6.3235285e-07,0.0002574803
L-BFGS-B,1104,3.721799e-07,0.010656149,6.3368583e-07,0.00025744137
L-BFGS-B,1105,3.7109032e-07,0.01083715,6.629786e-07,0.00026348184
L-BFGS-B,1106,3.7166296e-07,0.01065063,6.344594e-07,0.00025742466
L-BFGS-B,1107,3.7051024e-07,0.0106254015,6.367992e-07,0.00025735042
L-BFGS-B,1108,3.695358e-07,0.010586908,6.3958265e-07,0.00025723685
L-BFGS-B,1109,3.6741497e-07,0.010577583,6.446637e-07,0.00025758764
L-BFGS-B,1110,3.687008e-07,0.010580009,6.405189e-07,0.00025718304
L-BFGS-B,1111,3.6605414e-07,0.010512307,6.4960085e-07,0.0002574713
L-BFGS-B,1112,3.6758738e-07,0.010551429,6.430024e-07,0.00025710277
L-BFGS-B,1113,3.6648345e-07,0.010510778,6.4720285e-07,0.00025716072
L-BFGS-B,1114,3.6696207e-07,0.010531485,6.444979e-07,0.00025703385
L-BFGS-B,1115,3.665769e-07,0.01051459,6.451276e-07,0.00025690158
L-BFGS-B,1116,3.6548587e-07,0.010449092,6.4915383e-07,0.00025668688
L-BFGS-B,1117,3.6496607e-07,0.010429406,6.5030235e-07,0.00025658432
L-BFGS-B,1118,3.6370724e-07,0.010372924,6.5434523e-07,0.0002564371
L-BFGS-B,1119,3.6217102e-07,0.010332936,6.575191e-07,0.00025628286
L-BFGS-B,1120,3.6039978e-07,0.01028859,6.61444e-07,0.0002561625
L-BFGS-B,1121,3.5842524e-07,0.010276676,6.6359485e-07,0.00025606976
L-BFGS-B,1122,3.564912e-07,0.010213571,6.6900486e-07,0.0002559601
L-BFGS-B,1123,3.568464e-07,0.010230197,6.6644867e-07,0.0002557962
L-BFGS-B,1124,3.5550602e-07,0.010176292,6.693262e-07,0.00025548774
L-BFGS-B,1125,3.5502538e-07,0.010178627,6.6991674e-07,0.0002555276
L-BFGS-B,1126,3.550175e-07,0.010166166,6.696098e-07,0.00025535573
L-BFGS-B,1127,3.5326767e-07,0.010150041,6.7091094e-07,0.0002551272
L-BFGS-B,1128,3.551224e-07,0.010170564,6.6793586e-07,0.00025516437
L-BFGS-B,1129,3.5385156e-07,0.010154549,6.69402e-07,0.00025503352
L-BFGS-B,1130,3.5401834e-07,0.010169429,6.671219e-07,0.00025486533
L-BFGS-B,1131,3.5497442e-07,0.010215904,6.617849e-07,0.00025467295
L-BFGS-B,1132,3.540417e-07,0.010179499,6.634293e-07,0.00025441565
L-BFGS-B,1133,7.0000294e-07,0.023532366,1.3469243e-06,0.00054236274
L-BFGS-B,1134,3.5334693e-07,0.0101799825,6.634379e-07,0.00025431754
L-BFGS-B,1135,3.443944e-07,0.009952756,6.9163957e-07,0.00025493265
L-BFGS-B,1136,3.4992246e-07,0.010095239,6.7149733e-07,0.00025416535
L-BFGS-B,1137,3.4881998e-07,0.010070778,6.71431e-07,0.0002537454
L-BFGS-B,1138,3.4232545e-07,0.009949623,6.823801e-07,0.00025320204
L-BFGS-B,1139,3.4535483e-07,0.010089216,6.713561e-07,0.0002533988
L-BFGS-B,1140,3.4298603e-07,0.009986472,6.7602053e-07,0.0002527157
L-BFGS-B,1141,3.4552085e-07,0.010098068,6.608041e-07,0.00025192942
L-BFGS-B,1142,3.46568e-07,0.010173132,6.539371e-07,0.00025180707
L-BFGS-B,1143,3.4448692e-07,0.010148847,6.5375565e-07,0.00025122485
L-BFGS-B,1144,3.4566622e-07,0.010123136,6.5772787e-07,0.00025174045
L-BFGS-B,1145,3.442207e-07,0.010125528,6.5394596e-07,0.0002509803
L-BFGS-B,1146,3.4125722e-07,0.010076441,6.579242e-07,0.0002506416
L-BFGS-B,1147,3.3974484e-07,0.010050681,6.583222e-07,0.00025021686
L-BFGS-B,1148,3.3842772e-07,0.010014259,6.6122095e-07,0.00025008988
L-BFGS-B,1149,3.3994039e-07,0.010034161,6.5618985e-07,0.00024976113
L-BFGS-B,1150,3.3977324e-07,0.010022536,6.5424996e-07,0.00024932885
L-BFGS-B,1151,3.397708e-07,0.010012777,6.523649e-07,0.0002489481
L-BFGS-B,1152,3.434253e-07,0.010066803,6.480031e-07,0.00024938228
L-BFGS-B,1153,3.3959287e-07,0.009987115,6.493841e-07,0.0002482177
L-BFGS-B,1154,3.4358683e-07,0.010117366,6.3380514e-07,0.00024778245
L-BFGS-B,1155,3.4524192e-07,0.010151062,6.2989363e-07,0.00024778093
L-BFGS-B,1156,3.440304e-07,0.010123626,6.317266e-07,0.00024759982
L-BFGS-B,1157,3.4138833e-07,0.010054734,6.418956e-07,0.00024803993
L-BFGS-B,1158,3.429493e-07,0.010091011,6.3443804e-07,0.0002475182
L-BFGS-B,1159,3.4116852e-07,0.010042457,6.3881436e-07,0.000247422
L-BFGS-B,1160,3.422238e-07,0.01005629,6.357014e-07,0.00024725168
L-BFGS-B,1161,3.4326823e-07,0.0100827515,6.323133e-07,0.00024716475
L-BFGS-B,1162,3.445965e-07,0.010080221,6.309902e-07,0.0002471402
L-BFGS-B,1163,3.4381895e-07,0.010079017,6.3158245e-07,0.00024710037
L-BFGS-B,1164,3.4412093e-07,0.010080398,6.305507e-07,0.00024700473
L-BFGS-B,1165,3.418346e-07,0.01004075,6.3459595e-07,0.00024687208
L-BFGS-B,1166,3.3968414e-07,0.010081701,6.3452524e-07,0.00024694842
L-BFGS-B,1167,3.4060366e-07,0.01004981,6.3430906e-07,0.000246735
L-BFGS-B,1168,3.4029026e-07,0.010054139,6.3259165e-07,0.00024647368
L-BFGS-B,1169,3.4071456e-07,0.0100883925,6.283197e-07,0.00024623907
L-BFGS-B,1170,3.3891519e-07,0.010104749,6.285583e-07,0.00024616852
L-BFGS-B,1171,3.3859496e-07,0.010072896,6.2933236e-07,0.00024591805
L-BFGS-B,1172,3.3920097e-07,0.0100845555,6.2729663e-07,0.00024582018
L-BFGS-B,1173,3.391453e-07,0.010078326,6.270443e-07,0.0002457117
L-BFGS-B,1174,3.392383e-07,0.010069511,6.2644204e-07,0.00024554715
L-BFGS-B,1175,3.384992e-07,0.0100488905,6.277198e-07,0.00024542175
L-BFGS-B,1176,3.365448e-07,0.009970819,6.33579e-07,0.00024522675
L-BFGS-B,1177,3.3310764e-07,0.009867209,6.4213395e-07,0.00024495833
L-BFGS-B,1178,3.3066212e-07,0.0097925775,6.4794034e-07,0.00024471612
L-BFGS-B,1179,3.2929765e-07,0.009769847,6.520864e-07,0.00024490608
L-BFGS-B,1180,3.2970541e-07,0.009763993,6.4971925e-07,0.0002445536
L-BFGS-B,1181,3.2941108e-07,0.00972954,6.5087954e-07,0.000244339
L-BFGS-B,1182,3.295202e-07,0.009715793,6.5082946e-07,0.00024421036
L-BFGS-B,1183,3.311051e-07,0.009737387,6.468651e-07,0.00024406941
L-BFGS-B,1184,3.345958e-07,0.009818991,6.366666e-07,0.00024387926
L-BFGS-B,1185,3.3619347e-07,0.009844832,6.322929e-07,0.00024372127
L-BFGS-B,1186,3.3797602e-07,0.00987402,6.274285e-07,0.00024355088
L-BFGS-B,1187,3.380993e-07,0.009836589,6.3003006e-07,0.0002435853
L-BFGS-B,1188,3.376169e-07,0.009835775,6.2861864e-07,0.00024329309
L-BFGS-B,1189,3.3726403e-07,0.009811317,6.2957594e-07,0.00024313916
L-BFGS-B,1190,3.3720562e-07,0.009793145,6.297706e-07,0.00024297787
L-BFGS-B,1191,3.3753682e-07,0.009796227,6.28441e-07,0.00024285895
L-BFGS-B,1192,3.3944673e-07,0.009811181,6.247027e-07,0.00024273421
L-BFGS-B,1193,3.406288e-07,0.009842122,6.2052055e-07,0.00024259361
L-BFGS-B,1194,3.4196972e-07,0.0098852115,6.1541357e-07,0.0002424596
L-BFGS-B,1195,3.4379912e-07,0.009930147,6.098829e-07,0.00024235377
L-BFGS-B,1196,3.425066e-07,0.009917738,6.114709e-07,0.000242274
L-BFGS-B,1197,3.415569e-07,0.0098949615,6.1359424e-07,0.00024222228
L-BFGS-B,1198,3.400324e-07,0.0098544685,6.174384e-07,0.00024216529
L-BFGS-B,1199,3.3834198e-07,0.009828543,6.205315e-07,0.00024211645
L-BFGS-B,1200,3.3742035e-07,0.009783225,6.242149e-07,0.00024207754
L-BFGS-B,1201,3.3789547e-07,0.009807295,6.214542e-07,0.0002419754
L-BFGS-B,1202,3.5623233e-07,0.010214386,6.476147e-07,0.0002527209
L-BFGS-B,1203,3.3810673e-07,0.009808813,6.210427e-07,0.00024196054
L-BFGS-B,1204,3.3824307e-07,0.009810194,6.199868e-07,0.00024183642
L-BFGS-B,1205,3.3937917e-07,0.009808882,6.1723307e-07,0.00024158065
L-BFGS-B,1206,3.4027255e-07,0.009789424,6.161333e-07,0.00024135513
L-BFGS-B,1207,3.4079457e-07,0.009776303,6.15259e-07,0.00024117107
L-BFGS-B,1208,3.414598e-07,0.009778037,6.144413e-07,0.00024116553
L-BFGS-B,1209,3.4096004e-07,0.009773028,6.148093e-07,0.00024109568
L-BFGS-B,1210,3.390528e-07,0.009752582,6.174415e-07,0.00024099997
L-BFGS-B,1211,3.4046556e-07,0.009764492,6.147131e-07,0.00024092171
L-BFGS-B,1212,3.4052948e-07,0.009758282,6.145969e-07,0.00024085178
L-BFGS-B,1213,3.405143e-07,0.0097436635,6.149757e-07,0.00024076013
L-BFGS-B,1214,3.4026533e-07,0.009728867,6.152275e-07,0.00024061259
L-BFGS-B,1215,3.397931e-07,0.00970883,6.16842e-07,0.00024058357
L-BFGS-B,1216,3.3602527e-07,0.009618649,6.265046e-07,0.00024056598
L-BFGS-B,1217,3.376994e-07,0.009658132,6.216849e-07,0.00024048895
L-BFGS-B,1218,3.3728128e-07,0.009657815,6.2149593e-07,0.00024039473
L-BFGS-B,1219,3.363152e-07,0.00964819,6.2200746e-07,0.00024023029
L-BFGS-B,1220,3.3595444e-07,0.0095876055,6.246736e-07,0.00023997025
L-BFGS-B,1221,3.3452014e-07,0.009548768,6.271047e-07,0.00023973142
L-BFGS-B,1222,3.3252743e-07,0.00953308,6.272394e-07,0.00023929583
L-BFGS-B,1223,3.3176096e-07,0.009592265,6.212097e-07,0.00023886825
L-BFGS-B,1224,3.3338353e-07,0.00963526,6.1410765e-07,0.00023847629
L-BFGS-B,1225,3.3430842e-07,0.009617206,6.1055505e-07,0.00023790158
L-BFGS-B,1226,3.3846706e-07,0.009729413,5.966747e-07,0.0002375654
L-BFGS-B,1227,3.4274458e-07,0.0096907895,6.0061905e-07,0.00023841244
L-BFGS-B,1228,3.3899752e-07,0.009700866,5.96649e-07,0.00023735563
L-BFGS-B,1229,3.3619693e-07,0.009651872,6.005468e-07,0.0002370303
L-BFGS-B,1230,3.331165e-07,0.009562736,6.1069795e-07,0.00023719954
L-BFGS-B,1231,3.3446506e-07,0.0096049225,6.04114e-07,0.00023683609
L-BFGS-B,1232,3.3197045e-07,0.009586983,6.082764e-07,0.00023690687
L-BFGS-B,1233,3.3290678e-07,0.009585075,6.056805e-07,0.00023663884
L-BFGS-B,1234,3.3292417e-07,0.0095923,6.036906e-07,0.00023641522
L-BFGS-B,1235,3.3169746e-07,0.009597906,6.023956e-07,0.00023609301
L-BFGS-B,1236,3.2953906e-07,0.009576598,6.0529385e-07,0.00023599091
L-BFGS-B,1237,3.2905535e-07,0.009576121,6.055499e-07,0.000235952
L-BFGS-B,1238,3.2863562e-07,0.009569158,6.062499e-07,0.00023592441
L-BFGS-B,1239,3.2743637e-07,0.009549227,6.0815745e-07,0.00023583134
L-BFGS-B,1240,3.261932e-07,0.009523057,6.1062894e-07,0.00023575389
L-BFGS-B,1241,3.2702502e-07,0.009568066,6.072757e-07,0.00023582576
L-BFGS-B,1242,3.2640457e-07,0.009537826,6.089872e-07,0.00023568702
L-BFGS-B,1243,3.2528123e-07,0.009525406,6.097595e-07,0.00023551018
L-BFGS-B,1244,3.2577634e-07,0.009530179,6.0774954e-07,0.00023533066
L-BFGS-B,1245,3.283089e-07,0.009568961,6.0034057e-07,0.00023498703
L-BFGS-B,1246,3.3019748e-07,0.009603279,5.951163e-07,0.00023482984
L-BFGS-B,1247,3.307464e-07,0.009624826,5.918929e-07,0.00023464416
L-BFGS-B,1248,3.301759e-07,0.009623548,5.899939e-07,0.00023426095
L-BFGS-B,1249,8.124179e-07,0.031024672,8.075395e-07,0.0005532403
L-BFGS-B,1250,3.2971707e-07,0.009661311,5.8928737e-07,0.00023446378
L-BFGS-B,1251,3.299149e-07,0.009629879,5.895943e-07,0.00023422518
L-BFGS-B,1252,3.2760582e-07,0.009595578,5.908681e-07,0.00023372687
L-BFGS-B,1253,3.2410927e-07,0.00955432,5.9293825e-07,0.00023310032
L-BFGS-B,1254,3.203922e-07,0.009539444,5.933355e-07,0.0002324536
L-BFGS-B,1255,3.1981344e-07,0.009572978,5.868166e-07,0.00023172429
L-BFGS-B,1256,3.2169558e-07,0.009623907,5.7677283e-07,0.00023100933
L-BFGS-B,1257,3.3196548e-07,0.010062522,5.632766e-07,0.00023491152
L-BFGS-B,1258,3.2213623e-07,0.009646292,5.7321733e-07,0.00023076596
L-BFGS-B,1259,3.247276e-07,0.009672779,5.6660724e-07,0.000230428
L-BFGS-B,1260,3.2742574e-07,0.00971744,5.594213e-07,0.00023020146
L-BFGS-B,1261,3.2301722e-07,0.009664795,5.7347705e-07,0.0002311221
L-BFGS-B,1262,3.261886e-07,0.009697356,5.615731e-07,0.00023013781
L-BFGS-B,1263,3.2587576e-07,0.009629414,5.645462e-07,0.00022985744
L-BFGS-B,1264,3.2301475e-07,0.009587183,5.690927e-07,0.00022968794
L-BFGS-B,1265,3.1925273e-07,0.009516461,5.7668666e-07,0.00022955552
L-BFGS-B,1266,3.18476e-07,0.009506788,5.777725e-07,0.00022950515
L-BFGS-B,1267,3.185885e-07,0.009510186,5.7713805e-07,0.00022946084
L-BFGS-B,1268,3.1923162e-07,0.009534268,5.7445874e-07,0.00022939622
L-BFGS-B,1269,3.1996856e-07,0.009565971,5.712372e-07,0.00022934057
L-BFGS-B,1270,3.2066592e-07,0.009601901,5.676737e-07,0.00022926994
L-BFGS-B,1271,3.2072214e-07,0.009616467,5.662676e-07,0.00022921312
L-BFGS-B,1272,3.2043732e-07,0.009624522,5.6560833e-07,0.00022915207
L-BFGS-B,1273,3.2008842e-07,0.009626562,5.65419e-07,0.00022909173
L-BFGS-B,1274,3.1861958e-07,0.009596954,5.6867117e-07,0.00022906315
L-BFGS-B,1275,3.202315e-07,0.0097311335,5.685893e-07,0.00023063445
L-BFGS-B,1276,3.1825988e-07,0.009607042,5.67644e-07,0.000228956
L-BFGS-B,1277,3.1872764e-07,0.00962018,5.65294e-07,0.00022880505
L-BFGS-B,1278,3.1979351e-07,0.009678405,5.579802e-07,0.00022845011
L-BFGS-B,1279,3.2804874e-07,0.00986348,5.598096e-07,0.00023181355
L-BFGS-B,1280,3.1979363e-07,0.009671611,5.576317e-07,0.00022832991
L-BFGS-B,1281,3.272777e-07,0.009748574,5.5978785e-07,0.00023054557
L-BFGS-B,1282,3.201452e-07,0.009662231,5.574348e-07,0.0002282593
L-BFGS-B,1283,3.4105824e-07,0.009830854,5.9159925e-07,0.00023820714
L-BFGS-B,1284,3.2062914e-07,0.009649438,5.574868e-07,0.00022821178
L-BFGS-B,1285,3.2013878e-07,0.009639898,5.5631807e-07,0.00022786751
L-BFGS-B,1286,3.7231047e-07,0.012844226,5.6344305e-07,0.0002688053
L-BFGS-B,1287,3.1943205e-07,0.009671052,5.5338086e-07,0.00022763244
L-BFGS-B,1288,3.1983438e-07,0.009653852,5.486017e-07,0.00022680392
L-BFGS-B,1289,3.21271e-07,0.009648875,5.4432894e-07,0.00022632875
L-BFGS-B,1290,4.0214434e-07,0.012385442,5.786442e-07,0.0002709727
L-BFGS-B,1291,3.218315e-07,0.009647554,5.433866e-07,0.00022625824
L-BFGS-B,1292,3.21771e-07,0.009583586,5.4461054e-07,0.00022579308
L-BFGS-B,1293,3.2045497e-07,0.009488714,5.4984577e-07,0.00022543225
L-BFGS-B,1294,3.2019963e-07,0.00943584,5.516631e-07,0.0002251378
L-BFGS-B,1295,3.193833e-07,0.00937426,5.5460026e-07,0.00022484013
L-BFGS-B,1296,3.1660178e-07,0.009297514,5.6008196e-07,0.0002244777
L-BFGS-B,1297,3.142556e-07,0.009164881,5.676307e-07,0.00022393175
L-BFGS-B,1298,3.1402325e-07,0.009120241,5.682374e-07,0.00022354149
L-BFGS-B,1299,3.1420177e-07,0.009124865,5.6582087e-07,0.00022325203
L-BFGS-B,1300,3.1430844e-07,0.0091261715,5.6346687e-07,0.000222928
L-BFGS-B,1301,3.1526926e-07,0.009161547,5.578492e-07,0.00022258324
L-BFGS-B,1302,3.1425313e-07,0.009135247,5.5707284e-07,0.00022205136
L-BFGS-B,1303,3.1555842e-07,0.009134854,5.530776e-07,0.00022164395
L-BFGS-B,1304,3.1967488e-07,0.009164824,5.4819424e-07,0.0002218286
L-BFGS-B,1305,3.1693276e-07,0.009131662,5.5098195e-07,0.00022150381
L-BFGS-B,1306,3.1952013e-07,0.00910876,5.4890086e-07,0.00022135075
L-BFGS-B,1307,3.2383633e-07,0.009227666,5.502007e-07,0.0002233822
L-BFGS-B,1308,3.195789e-07,0.009111635,5.4818776e-07,0.00022128134
L-BFGS-B,1309,3.1945993e-07,0.009092737,5.4812165e-07,0.0002210646
L-BFGS-B,1310,3.1923707e-07,0.0091223,5.4569017e-07,0.00022096207
L-BFGS-B,1311,3.20011e-07,0.0091311,5.425794e-07,0.00022069956
L-BFGS-B,1312,3.2142017e-07,0.009138992,5.391933e-07,0.00022048195
L-BFGS-B,1313,3.193986e-07,0.009112581,5.4166975e-07,0.00022028605
L-BFGS-B,1314,3.1885577e-07,0.009122476,5.3972815e-07,0.00022001236
L-BFGS-B,1315,3.170451e-07,0.009106766,5.4132624e-07,0.00021982336
L-BFGS-B,1316,3.16457e-07,0.009120104,5.3992403e-07,0.00021965819
L-BFGS-B,1317,3.1685863e-07,0.009135045,5.3774085e-07,0.00021954038
L-BFGS-B,1318,3.1160062e-07,0.009220194,5.897517e-07,0.00022740479
L-BFGS-B,1319,3.160065e-07,0.0091237,5.3917375e-07,0.00021951401
L-BFGS-B,1320,3.1712895e-07,0.009151813,5.348484e-07,0.00021931474
L-BFGS-B,1321,3.1840605e-07,0.009176934,5.298459e-07,0.00021900714
L-BFGS-B,1322,3.2162583e-07,0.0092606265,5.22367e-07,0.00021920519
L-BFGS-B,1323,3.1931904e-07,0.009200138,5.254809e-07,0.00021872137
L-BFGS-B,1324,3.197499e-07,0.009200066,5.229666e-07,0.00021840814
L-BFGS-B,1325,3.3777252e-07,0.0097136805,5.473066e-07,0.00022989868
L-BFGS-B,1326,3.1956318e-07,0.009196582,5.228849e-07,0.00021833302
L-BFGS-B,1327,3.1859744e-07,0.009170282,5.2418744e-07,0.00021812055
L-BFGS-B,1328,3.1887254e-07,0.009167954,5.225769e-07,0.00021789694
L-BFGS-B,1329,3.1870087e-07,0.009169932,5.216883e-07,0.00021775771
L-BFGS-B,1330,3.19775e-07,0.009208905,5.1704814e-07,0.00021761251
L-BFGS-B,1331,3.2085467e-07,0.0092396,5.128435e-07,0.00021745072
L-BFGS-B,1332,3.213746e-07,0.0092564905,5.139055e-07,0.00021785693
L-BFGS-B,1333,3.2066305e-07,0.009236671,5.1251544e-07,0.00021734349
L-BFGS-B,1334,3.210305e-07,0.009263195,5.077242e-07,0.00021694516
L-BFGS-B,1335,3.2109958e-07,0.009247965,5.0495714e-07,0.00021638814
L-BFGS-B,1336,3.2009413e-07,0.00924441,5.0285524e-07,0.00021588651
L-BFGS-B,1337,3.184521e-07,0.009163069,5.037971e-07,0.00021496807
L-BFGS-B,1338,3.1735092e-07,0.009068527,5.025171e-07,0.00021366548
L-BFGS-B,1339,3.1745677e-07,0.008980632,5.005207e-07,0.00021250293
L-BFGS-B,1340,3.229588e-07,0.009008146,4.9196535e-07,0.00021232007
L-BFGS-B,1341,3.194612e-07,0.0089715505,4.953791e-07,0.00021194154
L-BFGS-B,1342,3.1847506e-07,0.008925849,4.971627e-07,0.00021160414
L-BFGS-B,1343,3.1927337e-07,0.0089682415,4.88601e-07,0.00021086357
L-BFGS-B,1344,3.1563934e-07,0.008913324,4.928624e-07,0.0002104085
L-BFGS-B,1345,3.1125026e-07,0.008847194,4.9756306e-07,0.00020979393
L-BFGS-B,1346,3.0994556e-07,0.008790484,5.009504e-07,0.00020953923
L-BFGS-B,1347,3.0773856e-07,0.008722482,5.06275e-07,0.00020932686
L-BFGS-B,1348,3.0900904e-07,0.008761641,5.00696e-07,0.00020907215
L-BFGS-B,1349,3.084907e-07,0.008701362,5.039345e-07,0.00020887739
L-BFGS-B,1350,3.0669693e-07,0.008707301,5.047182e-07,0.00020878529
L-BFGS-B,1351,3.0475044e-07,0.008682914,5.067443e-07,0.00020855336
L-BFGS-B,1352,3.0572645e-07,0.008670522,5.057292e-07,0.00020842356
L-BFGS-B,1353,3.053371e-07,0.008670395,5.053583e-07,0.00020830825
L-BFGS-B,1354,3.0327288e-07,0.008644195,5.082075e-07,0.000208164
L-BFGS-B,1355,3.0320788e-07,0.0086501045,5.061584e-07,0.00020790599
L-BFGS-B,1356,3.0314504e-07,0.008633412,5.055103e-07,0.00020763243
L-BFGS-B,1357,3.041128e-07,0.0086405985,5.0174106e-07,0.00020728406
L-BFGS-B,1358,3.1106535e-07,0.00884934,4.8782454e-07,0.00020832688
L-BFGS-B,1359,3.0506138e-07,0.008671251,4.982559e-07,0.0002072101
L-BFGS-B,1360,3.0424445e-07,0.008638457,4.995915e-07,0.00020695996
L-BFGS-B,1361,3.043915e-07,0.008653426,4.9675236e-07,0.00020670582
L-BFGS-B,1362,3.029721e-07,0.008613905,4.9936887e-07,0.0002064902
L-BFGS-B,1363,3.2244648e-07,0.009278686,4.6616833e-07,0.00021107908
L-BFGS-B,1364,3.045507e-07,0.008671801,4.934099e-07,0.0002064121
L-BFGS-B,1365,3.037698e-07,0.008558434,4.989758e-07,0.00020599618
L-BFGS-B,1366,3.0229307e-07,0.008543948,4.998786e-07,0.00020576522
L-BFGS-B,1367,3.0244524e-07,0.008553689,4.9789355e-07,0.00020558771
L-BFGS-B,1368,3.0170324e-07,0.0085278675,4.994917e-07,0.00020545791
L-BFGS-B,1369,3.047022e-07,0.008572191,5.0297615e-07,0.00020687366
L-BFGS-B,1370,3.01755e-07,0.008524389,4.993704e-07,0.0002054127
L-BFGS-B,1371,3.0081702e-07,0.00850338,5.0071446e-07,0.00020526352
L-BFGS-B,1372,2.997922e-07,0.008482491,5.012391e-07,0.0002049796
L-BFGS-B,1373,3.1369925e-07,0.009004878,4.849961e-07,0.00020985308
L-BFGS-B,1374,3.008559e-07,0.008526866,4.966038e-07,0.00020488762
L-BFGS-B,1375,2.994996e-07,0.008500951,4.978267e-07,0.00020460846
L-BFGS-B,1376,2.9793486e-07,0.0084548425,5.0059396e-07,0.00020432775
L-BFGS-B,1377,2.9731962e-07,0.008461815,4.991143e-07,0.00020408323
L-BFGS-B,1378,2.9571208e-07,0.0084149735,5.024175e-07,0.00020386916
L-BFGS-B,1379,2.9303925e-07,0.008313515,5.108727e-07,0.00020372195
L-BFGS-B,1380,2.9107986e-07,0.008270159,5.14509e-07,0.00020353991
L-BFGS-B,1381,2.9167037e-07,0.008261961,5.13878e-07,0.00020345185
L-BFGS-B,1382,2.9261045e-07,0.008304335,5.0876076e-07,0.00020324903
L-BFGS-B,1383,2.9149805e-07,0.008287672,5.1021556e-07,0.00020313376
L-BFGS-B,1384,2.9220047e-07,0.008306654,5.09776e-07,0.000203363
L-BFGS-B,1385,2.9152977e-07,0.008289174,5.0982317e-07,0.00020309468
L-BFGS-B,1386,2.8810268e-07,0.008236444,5.175603e-07,0.00020321389
L-BFGS-B,1387,2.8993148e-07,0.008262368,5.124502e-07,0.00020298094
L-BFGS-B,1388,2.9031236e-07,0.008264777,5.114124e-07,0.00020290648
L-BFGS-B,1389,2.8996968e-07,0.00824926,5.1198805e-07,0.00020278626
L-BFGS-B,1390,2.897573e-07,0.008235291,5.121146e-07,0.00020263369
L-BFGS-B,1391,2.8762378e-07,0.00816016,5.179157e-07,0.00020243251
L-BFGS-B,1392,2.8834597e-07,0.008201416,5.134526e-07,0.00020228396
L-BFGS-B,1393,2.8660907e-07,0.0081639,5.166417e-07,0.00020212661
L-BFGS-B,1394,2.8497172e-07,0.00812242,5.1982204e-07,0.00020194326
L-BFGS-B,1395,2.845753e-07,0.008107771,5.196089e-07,0.00020170535
L-BFGS-B,1396,2.838813e-07,0.008105604,5.1869034e-07,0.00020144178
L-BFGS-B,1397,2.8451515e-07,0.008083423,5.170423e-07,0.00020106783
L-BFGS-B,1398,4.53724e-07,0.017361451,1.0481165e-06,0.00039889058
L-BFGS-B,1399,2.8201023e-07,0.008051258,5.256169e-07,0.00020165663
L-BFGS-B,1400,2.838753e-07,0.008072694,5.182232e-07,0.00020104171
L-BFGS-B,1401,2.8567683e-07,0.00809532,5.128192e-07,0.0002007276
L-BFGS-B,1402,4.1981139e-07,0.014198128,5.719342e-07,0.00029074313
L-BFGS-B,1403,2.8566959e-07,0.008102079,5.121638e-07,0.0002006958
L-BFGS-B,1404,2.8686904e-07,0.008095114,5.0988064e-07,0.00020046358
L-BFGS-B,1405,2.8687967e-07,0.008100296,5.088684e-07,0.00020036518
L-BFGS-B,1406,2.875059e-07,0.008118021,5.06193e-07,0.00020023505
L-BFGS-B,1407,3.0064353e-07,0.008292082,5.2145936e-07,0.00020623625
L-BFGS-B,1408,2.8768156e-07,0.0081160655,5.060483e-07,0.00020022012
L-BFGS-B,1409,2.8677118e-07,0.008139546,5.0996425e-07,0.00020090578
L-BFGS-B,1410,2.87096e-07,0.008109609,5.0639136e-07,0.00020011919
L-BFGS-B,1411,2.9111783e-07,0.008263463,4.954595e-07,0.00020062123
L-BFGS-B,1412,2.8781946e-07,0.0081436075,5.024716e-07,0.00019997974
L-BFGS-B,1413,2.8922182e-07,0.008171165,4.9829987e-07,0.00019983991
L-BFGS-B,1414,2.8944066e-07,0.008158972,4.9770193e-07,0.0001996611
L-BFGS-B,1415,2.8899882e-07,0.008125481,4.994891e-07,0.000199528
L-BFGS-B,1416,2.8957496e-07,0.008141305,4.973532e-07,0.00019945228
L-BFGS-B,1417,2.9003093e-07,0.008157424,4.954829e-07,0.00019940131
L-BFGS-B,1418,2.900861e-07,0.008172498,4.9404633e-07,0.00019934485
L-BFGS-B,1419,2.9045083e-07,0.008184339,4.923693e-07,0.0001992664
L-BFGS-B,1420,2.904722e-07,0.008183828,4.9170114e-07,0.00019916428
L-BFGS-B,1421,2.9077938e-07,0.008187781,4.9071645e-07,0.00019910219
L-BFGS-B,1422,2.9077134e-07,0.008179455,4.908765e-07,0.00019904174
L-BFGS-B,1423,2.904909e-07,0.008159807,4.9178254e-07,0.00019893909
L-BFGS-B,1424,2.8889124e-07,0.008122529,4.9530524e-07,0.00019885474
L-BFGS-B,1425,2.887826e-07,0.008106273,4.957145e-07,0.00019873728
L-BFGS-B,1426,2.8767877e-07,0.008087903,4.9735456e-07,0.00019863404
L-BFGS-B,1427,2.8713796e-07,0.008086426,4.974593e-07,0.00019855384
L-BFGS-B,1428,2.868128e-07,0.008084188,4.9741715e-07,0.00019847637
L-BFGS-B,1429,2.8685582e-07,0.008091402,4.960496e-07,0.00019834982
L-BFGS-B,1430,2.8567072e-07,0.008079118,5.0352907e-07,0.00019917115
L-BFGS-B,1431,2.863409e-07,0.008084548,4.96692e-07,0.0001983004
L-BFGS-B,1432,2.8703073e-07,0.00809991,4.9405986e-07,0.00019816268
L-BFGS-B,1433,2.8803586e-07,0.008118293,4.911914e-07,0.00019806702
L-BFGS-B,1434,2.8777478e-07,0.0081214085,4.905104e-07,0.00019795686
L-BFGS-B,1435,2.8721757e-07,0.008118561,4.906193e-07,0.00019786113
L-BFGS-B,1436,2.8594764e-07,0.008122113,4.90675e-07,0.00019771451
L-BFGS-B,1437,2.84878e-07,0.00809805,4.9258927e-07,0.0001976006
L-BFGS-B,1438,2.848927e-07,0.008142599,4.890306e-07,0.00019751448
L-BFGS-B,1439,2.8661037e-07,0.008234787,4.8373295e-07,0.00019789937
L-BFGS-B,1440,2.8490766e-07,0.008162869,4.8625583e-07,0.00019730322
L-BFGS-B,1441,2.8710534e-07,0.008210037,4.802105e-07,0.00019719775
L-BFGS-B,1442,2.8742804e-07,0.008145901,4.8276036e-07,0.00019698727
L-BFGS-B,1443,2.8499605e-07,0.00807586,4.8802497e-07,0.00019671176
L-BFGS-B,1444,2.7975722e-07,0.007954055,5.05686e-07,0.00019735703
L-BFGS-B,1445,2.8341725e-07,0.008036391,4.9167704e-07,0.00019662804
L-BFGS-B,1446,3.131097e-07,0.008978872,4.926385e-07,0.00021065095
L-BFGS-B,1447,2.8408033e-07,0.008055586,4.887885e-07,0.00019648619
L-BFGS-B,1448,2.8386773e-07,0.008027123,4.901014e-07,0.0001963666
L-BFGS-B,1449,2.836655e-07,0.008011307,4.9048185e-07,0.00019623517
L-BFGS-B,1450,2.8297515e-07,0.00799781,4.9080273e-07,0.00019604478
L-BFGS-B,1451,2.818594e-07,0.007986776,4.913959e-07,0.00019585606
L-BFGS-B,1452,2.8165167e-07,0.008009009,4.8956656e-07,0.00019577282
L-BFGS-B,1453,2.8177467e-07,0.008015631,4.8789366e-07,0.00019560655
L-BFGS-B,1454,2.8068902e-07,0.007980123,4.904714e-07,0.0001954753
L-BFGS-B,1455,2.7959945e-07,0.007970954,4.907519e-07,0.00019526224
L-BFGS-B,1456,2.7767237e-07,0.007956592,4.9214697e-07,0.00019503883
L-BFGS-B,1457,2.7587353e-07,0.007964658,4.9283597e-07,0.000194953
L-BFGS-B,1458,2.7582732e-07,0.007962991,4.9229305e-07,0.00019484796
L-BFGS-B,1459,2.7630932e-07,0.007970329,4.910496e-07,0.00019480713
L-BFGS-B,1460,2.7609462e-07,0.007970071,4.911497e-07,0.00019478737
L-BFGS-B,1461,2.7616704e-07,0.0079726465,4.906743e-07,0.00019475268
L-BFGS-B,1462,2.7613817e-07,0.0079775695,4.9025357e-07,0.00019473446
L-BFGS-B,1463,2.7617793e-07,0.007991541,4.890554e-07,0.0001947004
L-BFGS-B,1464,2.761056e-07,0.007997583,4.8849273e-07,0.00019466557
L-BFGS-B,1465,2.755534e-07,0.007986384,4.894462e-07,0.00019461378
L-BFGS-B,1466,2.756633e-07,0.008007744,4.8766094e-07,0.00019457607
L-BFGS-B,1467,2.7539156e-07,0.007981725,4.892818e-07,0.00019451824
L-BFGS-B,1468,2.7502426e-07,0.0079688225,4.9018246e-07,0.00019446923
L-BFGS-B,1469,2.745824e-07,0.007949934,4.914775e-07,0.00019440832
L-BFGS-B,1470,2.7514736e-07,0.007957552,4.9007076e-07,0.00019435823
L-BFGS-B,1471,2.7640252e-07,0.00797583,4.868822e-07,0.00019425101
L-BFGS-B,1472,2.7793547e-07,0.008001303,4.8289866e-07,0.00019413815
L-BFGS-B,1473,2.788736e-07,0.0080152545,4.8034605e-07,0.0001940355
L-BFGS-B,1474,2.7959643e-07,0.008036774,4.7734284e-07,0.0001939086
L-BFGS-B,1475,2.796065e-07,0.008049328,4.7625753e-07,0.00019387288
L-BFGS-B,1476,2.7954562e-07,0.008039869,4.767612e-07,0.00019384471
L-BFGS-B,1477,2.7917264e-07,0.008037061,4.7650232e-07,0.00019372185
L-BFGS-B,1478,2.794757e-07,0.008080395,4.7277283e-07,0.00019364122
L-BFGS-B,1479,2.788345e-07,0.008066312,4.737399e-07,0.00019354929
L-BFGS-B,1480,2.7946646e-07,0.008078474,4.7170374e-07,0.00019346026
L-BFGS-B,1481,2.7987622e-07,0.008085949,4.7018148e-07,0.00019336815
L-BFGS-B,1482,2.8054004e-07,0.008130189,4.712639e-07,0.00019407248
L-BFGS-B,1483,2.7979053e-07,0.008086662,4.7010792e-07,0.00019335138
L-BFGS-B,1484,2.7845678e-07,0.008096079,4.7083245e-07,0.00019335418
L-BFGS-B,1485,2.790522e-07,0.008089835,4.703368e-07,0.0001933067
L-BFGS-B,1486,2.778067e-07,0.008075331,4.7200595e-07,0.00019322522
L-BFGS-B,1487,2.7651365e-07,0.008054863,4.74267e-07,0.00019316573
L-BFGS-B,1488,2.749682e-07,0.008017946,4.7796453e-07,0.00019311937
L-BFGS-B,1489,2.7393915e-07,0.0079917405,4.80292e-07,0.00019305207
L-BFGS-B,1490,2.7282533e-07,0.007956636,4.8293595e-07,0.00019293054
L-BFGS-B,1491,2.726114e-07,0.007928711,4.8462647e-07,0.0001928728
L-BFGS-B,1492,2.7435786e-07,0.007980697,4.8360084e-07,0.00019350077
L-BFGS-B,1493,2.7271804e-07,0.007933409,4.8387244e-07,0.00019282266
L-BFGS-B,1494,2.730212e-07,0.007963099,4.815504e-07,0.00019281672
L-BFGS-B,1495,2.7280822e-07,0.00794665,4.824512e-07,0.00019275541
L-BFGS-B,1496,2.7414458e-07,0.007995066,4.7761733e-07,0.00019271494
L-BFGS-B,1497,2.73732e-07,0.007984684,4.7827274e-07,0.00019264755
L-BFGS-B,1498,2.7214534e-07,0.007933971,4.8272886e-07,0.00019257083
L-BFGS-B,1499,2.7072932e-07,0.007887777,4.864663e-07,0.00019245711
L-BFGS-B,1500,2.7546838e-07,0.007861074,4.917475e-07,0.00019369312
L-BFGS-B,1501,2.7119816e-07,0.007871832,4.867731e-07,0.00019241401
L-BFGS-B,1502,2.667673e-07,0.0077873706,4.952552e-07,0.00019217707
L-BFGS-B,1503,2.6676642e-07,0.0077930824,4.94139e-07,0.00019206664
L-BFGS-B,1504,2.6598622e-07,0.0078017036,4.936794e-07,0.00019196689
L-BFGS-B,1505,2.6669102e-07,0.007824405,4.9114124e-07,0.0001919189
L-BFGS-B,1506,2.6814652e-07,0.007853892,4.87308e-07,0.00019185708
L-BFGS-B,1507,2.6833573e-07,0.007845675,4.8749536e-07,0.00019183141
L-BFGS-B,1508,2.6857438e-07,0.0078972895,4.8484617e-07,0.00019198598
L-BFGS-B,1509,2.682484e-07,0.007860209,4.860003e-07,0.0001917394
L-BFGS-B,1510,2.6895472e-07,0.007871689,4.838735e-07,0.00019164113
L-BFGS-B,1511,2.6842466e-07,0.007850633,4.851154e-07,0.00019153733
L-BFGS-B,1512,2.6770738e-07,0.007816612,4.8610735e-07,0.00019123833
L-BFGS-B,1513,2.6856833e-07,0.0078099295,4.836052e-07,0.00019092532
L-BFGS-B,1514,2.6788587e-07,0.0077994387,4.841105e-07,0.00019079384
L-BFGS-B,1515,2.6913455e-07,0.007813477,4.8059934e-07,0.00019059484
L-BFGS-B,1516,2.670761e-07,0.0077929026,4.833322e-07,0.00019049027
L-BFGS-B,1517,2.676283e-07,0.0078041465,4.806145e-07,0.00019027787
L-BFGS-B,1518,2.6787782e-07,0.007834708,4.7689076e-07,0.00019006236
L-BFGS-B,1519,2.6700758e-07,0.0078050764,4.781208e-07,0.00018982001
L-BFGS-B,1520,2.6737345e-07,0.007799727,4.773416e-07,0.00018970453
L-BFGS-B,1521,2.6644716e-07,0.0078117284,4.756324e-07,0.00018942922
L-BFGS-B,1522,2.6851643e-07,0.007841997,4.7194408e-07,0.00018948904
L-BFGS-B,1523,2.6712564e-07,0.007817736,4.7383452e-07,0.00018932138
L-BFGS-B,1524,2.6743908e-07,0.007834225,4.7108725e-07,0.0001891212
L-BFGS-B,1525,2.691881e-07,0.007869478,4.6555786e-07,0.00018890668
L-BFGS-B,1526,2.701785e-07,0.007862855,4.6561667e-07,0.00018899782
L-BFGS-B,1527,2.6952557e-07,0.007862042,4.6478092e-07,0.0001887664
L-BFGS-B,1528,2.7108516e-07,0.00788209,4.6914852e-07,0.00018985596
L-BFGS-B,1529,2.695166e-07,0.007852077,4.6516672e-07,0.00018872326
L-BFGS-B,1530,2.6986586e-07,0.007846496,4.6472894e-07,0.00018865417
L-BFGS-B,1531,2.7041912e-07,0.007844452,4.6376388e-07,0.00018857195
L-BFGS-B,1532,2.7028366e-07,0.007822591,4.6425276e-07,0.00018840637
L-BFGS-B,1533,2.700726e-07,0.00780479,4.6357007e-07,0.0001880943
L-BFGS-B,1534,2.704074e-07,0.0078037228,4.5891133e-07,0.00018743504
L-BFGS-B,1535,2.6938136e-07,0.0077839447,4.5909405e-07,0.00018711077
L-BFGS-B,1536,2.6639995e-07,0.0077638556,4.600956e-07,0.00018661289
L-BFGS-B,1537,2.6620637e-07,0.0077486825,4.6069184e-07,0.00018652156
L-BFGS-B,1538,2.6465398e-07,0.0077077206,4.636129e-07,0.00018631724
L-BFGS-B,1539,2.619492e-07,0.007650053,4.6918518e-07,0.00018617068
L-BFGS-B,1540,2.6161524e-07,0.0076281866,4.6995225e-07,0.00018601699
L-BFGS-B,1541,2.6267588e-07,0.0076346043,4.6783882e-07,0.00018592324
L-BFGS-B,1542,2.6293253e-07,0.007621482,4.6777186e-07,0.00018582048
L-BFGS-B,1543,2.657895e-07,0.0076513775,4.6298157e-07,0.00018582944
L-BFGS-B,1544,2.6405186e-07,0.007629007,4.652341e-07,0.00018568296
L-BFGS-B,1545,2.7659664e-07,0.008193748,5.0409096e-07,0.00019904062
L-BFGS-B,1546,2.6378567e-07,0.0076116454,4.6633184e-07,0.00018563408
L-BFGS-B,1547,2.6370518e-07,0.007597069,4.653829e-07,0.00018533389
L-BFGS-B,1548,2.6382725e-07,0.0076215346,4.604974e-07,0.00018486404
L-BFGS-B,1549,2.6230143e-07,0.007584299,4.6119564e-07,0.00018436756
L-BFGS-B,1550,2.6498967e-07,0.007680362,4.5984228e-07,0.0001855284
L-BFGS-B,1551,2.6212737e-07,0.007563437,4.602958e-07,0.00018399785
L-BFGS-B,1552,2.5895406e-07,0.007442999,4.664938e-07,0.00018324718
L-BFGS-B,1553,2.5979708e-07,0.0074040545,4.6697127e-07,0.00018305579
L-BFGS-B,1554,2.5985617e-07,0.0074574007,4.6167983e-07,0.0001828044
L-BFGS-B,1555,2.5838938e-07,0.0073664873,4.6694984e-07,0.00018246577
L-BFGS-B,1556,2.5813787e-07,0.007335288,4.678685e-07,0.00018225383
L-BFGS-B,1557,2.5914122e-07,0.0072968123,4.7148166e-07,0.00018256155
L-BFGS-B,1558,2.581501e-07,0.00731104,4.6881303e-07,0.00018215488
L-BFGS-B,1559,2.571139e-07,0.00723409,4.746464e-07,0.00018210494
L-BFGS-B,1560,2.567031e-07,0.0072313207,4.7421997e-07,0.00018195168
L-BFGS-B,1561,2.5735287e-07,0.007252624,4.718536e-07,0.0001819072
L-BFGS-B,1562,2.573463e-07,0.007246874,4.7192083e-07,0.0001818588
L-BFGS-B,1563,2.5744225e-07,0.007221534,4.7276768e-07,0.00018174681
L-BFGS-B,1564,2.57519e-07,0.007217933,4.7258882e-07,0.0001816955
L-BFGS-B,1565,2.574216e-07,0.007200457,4.7320074e-07,0.00018159792
L-BFGS-B,1566,2.5841314e-07,0.0072177635,4.707053e-07,0.00018154539
L-BFGS-B,1567,2.5893488e-07,0.007225585,4.6925442e-07,0.00018148424
L-BFGS-B,1568,2.5958187e-07,0.0072379415,4.6713348e-07,0.00018138671
L-BFGS-B,1569,2.601388e-07,0.007250084,4.64975e-07,0.00018126791
L-BFGS-B,1570,2.5832665e-07,0.007214203,4.681919e-07,0.0001811198
L-BFGS-B,1571,2.5876136e-07,0.0071841483,4.6825267e-07,0.00018089358
L-BFGS-B,1572,2.5676346e-07,0.0071461215,4.7107258e-07,0.00018063662
L-BFGS-B,1573,2.573713e-07,0.0070645465,4.752759e-07,0.00018054256
L-BFGS-B,1574,2.5432252e-07,0.0070572705,4.779366e-07,0.00018041157
L-BFGS-B,1575,2.5475225e-07,0.0070788357,4.7572675e-07,0.0001803602
L-BFGS-B,1576,2.5557213e-07,0.0070813457,4.7431735e-07,0.00018029688
L-BFGS-B,1577,2.5513592e-07,0.0070642233,4.7559496e-07,0.00018025187
L-BFGS-B,1578,2.5477303e-07,0.0070584877,4.76077e-07,0.00018021237
L-BFGS-B,1579,2.5515226e-07,0.007070212,4.7472727e-07,0.00018018406
L-BFGS-B,1580,2.5417992e-07,0.0070914584,4.7531555e-07,0.00018033892
L-BFGS-B,1581,2.54864e-07,0.0070733125,4.7470647e-07,0.0001801687
L-BFGS-B,1582,2.5485394e-07,0.0070668017,4.7488382e-07,0.00018012867
L-BFGS-B,1583,2.560259e-07,0.007083441,4.719584e-07,0.00018003205
L-BFGS-B,1584,2.5617186e-07,0.0070766383,4.7161333e-07,0.00017993416
L-BFGS-B,1585,2.81324e-07,0.007839869,4.4771502e-07,0.00018775454
L-BFGS-B,1586,2.567899e-07,0.007095928,4.6948006e-07,0.00017989977
L-BFGS-B,1587,2.564824e-07,0.0070866114,4.6977783e-07,0.00017980515
L-BFGS-B,1588,2.5551498e-07,0.0070694895,4.7122595e-07,0.00017970602
L-BFGS-B,1589,2.5578652e-07,0.0070354547,4.780037e-07,0.00018042309
L-BFGS-B,1590,2.5536312e-07,0.0070581837,4.7196013e-07,0.00017968033
L-BFGS-B,1591,2.5300469e-07,0.0069962787,4.7784346e-07,0.00017959002
L-BFGS-B,1592,2.5362928e-07,0.007004934,4.759664e-07,0.0001794887
L-BFGS-B,1593,2.5501936e-07,0.007004104,4.7286503e-07,0.00017922369
L-BFGS-B,1594,2.5639488e-07,0.0070034005,4.7061664e-07,0.00017908573
L-BFGS-B,1595,2.5558128e-07,0.0069607627,4.7361814e-07,0.00017898754
L-BFGS-B,1596,2.7339365e-07,0.0074377465,4.673648e-07,0.00018549123
L-BFGS-B,1597,2.5586604e-07,0.006968951,4.726718e-07,0.00017897018
L-BFGS-B,1598,2.5763782e-07,0.0070616347,4.6511457e-07,0.00017902922
L-BFGS-B,1599,2.564803e-07,0.007003497,4.6937956e-07,0.00017891394
L-BFGS-B,1600,2.5821518e-07,0.007025844,4.6615142e-07,0.00017891343
L-BFGS-B,1601,2.5724083e-07,0.0070108543,4.6772777e-07,0.00017885384
L-BFGS-B,1602,2.5761418e-07,0.0070053437,4.671519e-07,0.00017876834
L-BFGS-B,1603,2.5653546e-07,0.0069815405,4.69336e-07,0.00017869612
L-BFGS-B,1604,2.56406e-07,0.006965536,4.6997818e-07,0.00017861299
L-BFGS-B,1605,2.5694385e-07,0.006977037,4.6845827e-07,0.0001785807
L-BFGS-B,1606,2.5656908e-07,0.0069626267,4.6923495e-07,0.00017849688
L-BFGS-B,1607,2.5643362e-07,0.0069571566,4.6920377e-07,0.00017841716
L-BFGS-B,1608,2.574788e-07,0.0069695385,4.6607227e-07,0.00017822805
L-BFGS-B,1609,2.5817252e-07,0.0070046238,4.618465e-07,0.00017804909
L-BFGS-B,1610,2.5944928e-07,0.007017351,4.5838712e-07,0.00017784897
L-BFGS-B,1611,2.5899092e-07,0.006958298,4.6040742e-07,0.00017749274
L-BFGS-B,1612,2.583902e-07,0.0069292616,4.6071202e-07,0.00017715796
L-BFGS-B,1613,2.5838185e-07,0.0069178166,4.5912867e-07,0.00017680475
L-BFGS-B,1614,2.5709858e-07,0.006920622,4.5896988e-07,0.0001766165
L-BFGS-B,1615,2.6129302e-07,0.0069399737,4.514174e-07,0.00017630629
L-BFGS-B,1616,2.570249e-07,0.0068632048,4.601729e-07,0.00017621173
L-BFGS-B,1617,2.570634e-07,0.006849782,4.5969267e-07,0.00017601124
L-BFGS-B,1618,2.6030673e-07,0.0069195568,4.516699e-07,0.00017599206
L-BFGS-B,1619,2.5867698e-07,0.0068828287,4.55401e-07,0.00017593997
L-BFGS-B,1620,2.5884248e-07,0.006884663,4.5473803e-07,0.0001758837
L-BFGS-B,1621,2.5941623e-07,0.006898665,4.525559e-07,0.00017578246
L-BFGS-B,1622,2.529246e-07,0.0067179133,5.0160446e-07,0.0001803585
L-BFGS-B,1623,2.581785e-07,0.006868921,4.5545826e-07,0.00017573472
L-BFGS-B,1624,2.575528e-07,0.0068611414,4.5508696e-07,0.00017550739
L-BFGS-B,1625,2.6231166e-07,0.0070599113,4.484752e-07,0.00017721714
L-BFGS-B,1626,2.5792454e-07,0.0068945703,4.508961e-07,0.0001752688
L-BFGS-B,1627,2.5752905e-07,0.0069113416,4.47318e-07,0.00017484048
L-BFGS-B,1628,2.5706652e-07,0.0069220793,4.4685692e-07,0.0001748093
L-BFGS-B,1629,2.571053e-07,0.006911621,4.460456e-07,0.00017458884
L-BFGS-B,1630,2.5078242e-07,0.00682583,4.5993832e-07,0.0001748664
L-BFGS-B,1631,2.542823e-07,0.0068694674,4.502578e-07,0.00017437569
L-BFGS-B,1632,2.5298704e-07,0.006863473,4.5000053e-07,0.00017408286
L-BFGS-B,1633,2.5114514e-07,0.0068481416,4.539837e-07,0.00017425074
L-BFGS-B,1634,2.519229e-07,0.0068499376,4.5103306e-07,0.00017394277
L-BFGS-B,1635,2.5296765e-07,0.0068733,4.4649235e-07,0.00017365199
L-BFGS-B,1636,2.5231773e-07,0.006872658,4.4476863e-07,0.00017328953
L-BFGS-B,1637,2.508524e-07,0.006842043,4.4639071e-07,0.0001730069
L-BFGS-B,1638,2.4780692e-07,0.006801314,4.4903675e-07,0.0001725397
L-BFGS-B,1639,2.4552747e-07,0.0068009244,4.4913745e-07,0.00017220898
L-BFGS-B,1640,2.40812e-07,0.006809685,4.5277955e-07,0.00017213558
L-BFGS-B,1641,2.4336634e-07,0.0068070744,4.4759318e-07,0.00017171467
L-BFGS-B,1642,2.4440192e-07,0.006808296,4.4549185e-07,0.00017156702
L-BFGS-B,1643,2.4351408e-07,0.0067950985,4.4468507e-07,0.00017118086
L-BFGS-B,1644,2.4170123e-07,0.0067949556,4.42766e-07,0.00017061963
L-BFGS-B,1645,2.4110378e-07,0.0069475267,4.3154228e-07,0.00017037218
L-BFGS-B,1646,2.392565e-07,0.006845166,4.3994274e-07,0.00017033154
L-BFGS-B,1647,2.3965836e-07,0.006881582,4.3458218e-07,0.0001699519
L-BFGS-B,1648,2.3646177e-07,0.0066931057,4.5050345e-07,0.00016997583
L-BFGS-B,1649,2.3775046e-07,0.006775382,4.4192902e-07,0.00016970575
L-BFGS-B,1650,2.3760289e-07,0.0067742956,4.4088e-07,0.00016951539
L-BFGS-B,1651,2.3708078e-07,0.00677605,4.4004832e-07,0.00016932987
L-BFGS-B,1652,2.3618301e-07,0.0067906263,4.3701044e-07,0.00016888528
L-BFGS-B,1653,2.3502572e-07,0.0067831143,4.352894e-07,0.0001683784
L-BFGS-B,1654,2.3762416e-07,0.0069237654,4.2311777e-07,0.00016834895
L-BFGS-B,1655,2.3580374e-07,0.006829987,4.298137e-07,0.00016814249
L-BFGS-B,1656,2.3664529e-07,0.00688371,4.236204e-07,0.00016787695
L-BFGS-B,1657,2.3806871e-07,0.006895415,4.2043146e-07,0.00016772917
L-BFGS-B,1658,2.3741659e-07,0.006836227,4.2410974e-07,0.00016759122
L-BFGS-B,1659,2.3787314e-07,0.006814932,4.2420012e-07,0.0001674603
L-BFGS-B,1660,2.376644e-07,0.0068241176,4.2291705e-07,0.0001673284
L-BFGS-B,1661,2.3521923e-07,0.0068345577,4.250128e-07,0.00016738038
L-BFGS-B,1662,2.3648454e-07,0.006824392,4.236572e-07,0.00016726519
L-BFGS-B,1663,2.38049e-07,0.0069148266,4.1682296e-07,0.00016737907
L-BFGS-B,1664,2.3690004e-07,0.0068521593,4.210959e-07,0.00016722098
L-BFGS-B,1665,2.3367804e-07,0.006740372,4.326431e-07,0.00016735189
L-BFGS-B,1666,2.3527262e-07,0.006795638,4.2552742e-07,0.00016707637
L-BFGS-B,1667,2.3499662e-07,0.006782169,4.2636623e-07,0.00016702613
L-BFGS-B,1668,2.3498536e-07,0.0067776525,4.2624296e-07,0.00016696077
L-BFGS-B,1669,2.324518e-07,0.0069005745,4.2389942e-07,0.00016745842
L-BFGS-B,1670,2.3387952e-07,0.006800603,4.2505252e-07,0.00016684584
L-BFGS-B,1671,2.3329044e-07,0.0067989216,4.2441727e-07,0.00016664538
L-BFGS-B,1672,2.3256439e-07,0.0068270373,4.1975346e-07,0.00016611804
L-BFGS-B,1673,3.8208455e-07,0.011440667,6.452614e-07,0.00026850856
L-BFGS-B,1674,2.3266419e-07,0.0068393718,4.183358e-07,0.00016604373
L-BFGS-B,1675,2.3288598e-07,0.0068780337,4.122583e-07,0.00016555197
L-BFGS-B,1676,2.3480624e-07,0.007022538,3.99338e-07,0.00016534702
L-BFGS-B,1677,2.3855006e-07,0.0069845775,4.03202e-07,0.00016610857
L-BFGS-B,1678,2.35089e-07,0.006960973,3.9936873e-07,0.00016477838
L-BFGS-B,1679,2.3211405e-07,0.0068720006,4.079789e-07,0.00016473395
L-BFGS-B,1680,2.3248667e-07,0.0068939594,4.0187464e-07,0.00016409378
L-BFGS-B,1681,2.3606701e-07,0.0069537307,3.9512122e-07,0.00016421554
L-BFGS-B,1682,2.332637e-07,0.00689912,3.9835953e-07,0.00016373469
L-BFGS-B,1683,2.3048412e-07,0.0068920953,3.9786687e-07,0.0001631736
L-BFGS-B,1684,2.3177162e-07,0.006918598,3.9242963e-07,0.00016281617
L-BFGS-B,1685,2.3469251e-07,0.0069661834,3.87069e-07,0.00016292607
L-BFGS-B,1686,2.3248818e-07,0.006919323,3.8952462e-07,0.00016249514
L-BFGS-B,1687,2.3260097e-07,0.006969704,3.8282755e-07,0.00016201132
L-BFGS-B,1688,2.2838161e-07,0.0069037373,3.931055e-07,0.00016226043
L-BFGS-B,1689,2.3008495e-07,0.0069204145,3.8622773e-07,0.00016165104
L-BFGS-B,1690,2.266634e-07,0.006881628,3.8824186e-07,0.00016105207
L-BFGS-B,1691,2.3011557e-07,0.006887586,3.7898417e-07,0.00016024082
L-BFGS-B,1692,2.3537254e-07,0.0069305953,3.747657e-07,0.00016082669
L-BFGS-B,1693,2.3041223e-07,0.0068556205,3.7572005e-07,0.00015947605
L-BFGS-B,1694,2.2731776e-07,0.0068434277,3.757251e-07,0.0001588907
L-BFGS-B,1695,2.2566138e-07,0.0068243844,3.745948e-07,0.00015828227
L-BFGS-B,1696,2.2558919e-07,0.0068152524,3.7479418e-07,0.00015821002
L-BFGS-B,1697,2.2496909e-07,0.006794348,3.754321e-07,0.00015800366
L-BFGS-B,1698,2.2540686e-07,0.0068307044,3.720945e-07,0.00015793224
L-BFGS-B,1699,2.2622596e-07,0.006844494,3.6903162e-07,0.00015773358
L-BFGS-B,1700,2.2584081e-07,0.00681385,3.7070228e-07,0.00015761996
L-BFGS-B,1701,2.2600679e-07,0.006823712,3.6870577e-07,0.000157444
L-BFGS-B,1702,2.257825e-07,0.0068354476,3.66841e-07,0.000157248
L-BFGS-B,1703,2.2523874e-07,0.006809487,3.6800017e-07,0.0001570807
L-BFGS-B,1704,2.2510507e-07,0.0068122516,3.6729625e-07,0.00015698271
L-BFGS-B,1705,2.2403097e-07,0.006772832,3.7051103e-07,0.00015690962
L-BFGS-B,1706,2.22869e-07,0.0067405626,3.7349994e-07,0.00015686097
L-BFGS-B,1707,2.220482e-07,0.006732183,3.7521062e-07,0.00015691065
L-BFGS-B,1708,2.2235704e-07,0.0067325938,3.7400443e-07,0.00015678015
L-BFGS-B,1709,2.2034286e-07,0.006697481,3.771615e-07,0.00015660046
L-BFGS-B,1710,2.1945871e-07,0.0066709924,3.7877223e-07,0.00015644456
L-BFGS-B,1711,2.1892411e-07,0.0066702617,3.7854082e-07,0.00015632235
L-BFGS-B,1712,2.1811404e-07,0.006651629,3.7991046e-07,0.00015621996
L-BFGS-B,1713,2.1806012e-07,0.0066469046,3.7925287e-07,0.000156066
L-BFGS-B,1714,2.184472e-07,0.0066330354,3.7788018e-07,0.00015577946
L-BFGS-B,1715,2.1950352e-07,0.006623773,3.7517302e-07,0.00015543921
L-BFGS-B,1716,2.223825e-07,0.0067002443,3.7569802e-07,0.00015671452
L-BFGS-B,1717,2.1956355e-07,0.0066015893,3.7517816e-07,0.00015522714
L-BFGS-B,1718,2.2183428e-07,0.006526746,3.7375628e-07,0.00015460604
L-BFGS-B,1719,2.2200796e-07,0.006532056,3.703635e-07,0.00015417628
L-BFGS-B,1720,2.2124817e-07,0.0064992923,3.6964025e-07,0.00015362618
L-BFGS-B,1721,2.1823607e-07,0.0063995477,3.7945316e-07,0.00015364886
L-BFGS-B,1722,2.1938814e-07,0.0064360853,3.740721e-07,0.0001533799
L-BFGS-B,1723,2.1828605e-07,0.0063676946,3.784928e-07,0.00015319377
L-BFGS-B,1724,2.181228e-07,0.0063590086,3.7705757e-07,0.00015286714
L-BFGS-B,1725,2.1788509e-07,0.0063156504,3.7813567e-07,0.00015255962
L-BFGS-B,1726,2.179134e-07,0.0062613203,3.794684e-07,0.00015222047
L-BFGS-B,1727,2.1956902e-07,0.006172986,3.805479e-07,0.0001517474
L-BFGS-B,1728,2.1830124e-07,0.006100497,3.87462e-07,0.00015186946
L-BFGS-B,1729,2.1875786e-07,0.0061316867,3.8305404e-07,0.00015158865
L-BFGS-B,1730,2.2300881e-07,0.0061842264,3.747148e-07,0.0001515008
L-BFGS-B,1731,2.2207064e-07,0.0061401967,3.7638958e-07,0.000151171
L-BFGS-B,1732,2.2117659e-07,0.0061513856,3.754432e-07,0.00015100683
L-BFGS-B,1733,2.2213989e-07,0.0061622276,3.728316e-07,0.000150868
L-BFGS-B,1734,2.2361257e-07,0.006171362,3.687291e-07,0.00015056487
L-BFGS-B,1735,2.2684844e-07,0.006172928,3.6349388e-07,0.00015028063
L-BFGS-B,1736,2.2483255e-07,0.0062078037,3.6940867e-07,0.00015121422
L-BFGS-B,1737,2.2550881e-07,0.006163564,3.6399314e-07,0.00015006094
L-BFGS-B,1738,2.2410674e-07,0.0061385394,3.6651423e-07,0.00014997854
L-BFGS-B,1739,2.232796e-07,0.006051017,3.6975536e-07,0.00014946541
L-BFGS-B,1740,2.2442494e-07,0.006092709,3.6374888e-07,0.00014915317
L-BFGS-B,1741,2.2402033e-07,0.0060887057,3.6202266e-07,0.00014879351
L-BFGS-B,1742,2.2404734e-07,0.006079878,3.5946266e-07,0.00014832529
L-BFGS-B,1743,2.2509832e-07,0.0061174654,3.5185383e-07,0.00014771748
L-BFGS-B,1744,2.2631738e-07,0.0061585396,3.469846e-07,0.0001475807
L-BFGS-B,1745,2.2475037e-07,0.006162254,3.4739787e-07,0.00014744478
L-BFGS-B,1746,2.251611e-07,0.0061465725,3.472922e-07,0.00014733372
L-BFGS-B,1747,2.2586741e-07,0.006135829,3.4666854e-07,0.00014723868
L-BFGS-B,1748,2.2715786e-07,0.006130638,3.4485686e-07,0.0001471086
L-BFGS-B,1749,2.27782e-07,0.0061303787,3.4345766e-07,0.00014698974
L-BFGS-B,1750,2.2931019e-07,0.0060878955,3.4688705e-07,0.00014730854
L-BFGS-B,1751,2.2798436e-07,0.0061125583,3.4410877e-07,0.00014693955
L-BFGS-B,1752,2.2836716e-07,0.0061370307,3.4125722e-07,0.00014681397
L-BFGS-B,1753,2.2911472e-07,0.0061508655,3.3866212e-07,0.00014667519
L-BFGS-B,1754,2.3834676e-07,0.0063839816,3.1527983e-07,0.0001468838
L-BFGS-B,1755,2.3237321e-07,0.0062313857,3.2893985e-07,0.0001465108
L-BFGS-B,1756,2.3373214e-07,0.006261602,3.2298675e-07,0.00014612384
L-BFGS-B,1757,2.3311982e-07,0.006295728,3.1621494e-07,0.0001453575
L-BFGS-B,1758,2.3763228e-07,0.0063726055,3.0213025e-07,0.00014469044
L-BFGS-B,1759,2.3557902e-07,0.0063696,2.9981734e-07,0.00014400545
L-BFGS-B,1760,2.3134282e-07,0.006220334,3.1027432e-07,0.00014344591
L-BFGS-B,1761,2.3317837e-07,0.0062320135,3.066002e-07,0.00014328692
L-BFGS-B,1762,2.3234792e-07,0.0061719106,3.0998015e-07,0.00014306832
L-BFGS-B,1763,2.2945957e-07,0.006130677,3.1386514e-07,0.00014280547
L-BFGS-B,1764,2.2758947e-07,0.0061007296,3.166556e-07,0.00014264404
L-BFGS-B,1765,2.2775299e-07,0.00609209,3.1563152e-07,0.00014242859
L-BFGS-B,1766,2.2689284e-07,0.0060455245,3.1873287e-07,0.0001422991
L-BFGS-B,1767,2.2608019e-07,0.006013242,3.2110356e-07,0.00014220997
L-BFGS-B,1768,2.2639634e-07,0.005968471,3.2378009e-07,0.00014221118
L-BFGS-B,1769,2.2613635e-07,0.005988327,3.2227422e-07,0.00014214485
L-BFGS-B,1770,2.2501534e-07,0.0059714853,3.2383355e-07,0.00014204219
L-BFGS-B,1771,2.2451653e-07,0.005970429,3.2375874e-07,0.00014194558
L-BFGS-B,1772,2.2470519e-07,0.005986551,3.2164044e-07,0.00014181735
L-BFGS-B,1773,2.2547252e-07,0.0060015335,3.188128e-07,0.00014165812
L-BFGS-B,1774,2.2639246e-07,0.006007117,3.1553432e-07,0.00014136019
L-BFGS-B,1775,2.2873044e-07,0.006033398,3.0741103e-07,0.0001407552
L-BFGS-B,1776,2.3947678e-07,0.0064052576,3.3797087e-07,0.00015066972
L-BFGS-B,1777,2.2850952e-07,0.006030071,3.074275e-07,0.00014069126
L-BFGS-B,1778,2.2925182e-07,0.0060599977,3.0094446e-07,0.00014012941
L-BFGS-B,1779,2.2966476e-07,0.006051874,2.9784e-07,0.00013964444
L-BFGS-B,1780,2.2741065e-07,0.0060059642,2.9902023e-07,0.00013902427
L-BFGS-B,1781,2.2610473e-07,0.0059452583,3.003554e-07,0.0001384216
L-BFGS-B,1782,2.2516146e-07,0.005896386,3.1348392e-07,0.00013976067
L-BFGS-B,1783,2.25261e-07,0.0059157903,3.0123195e-07,0.00013813184
L-BFGS-B,1784,2.2392565e-07,0.0058881235,3.0267393e-07,0.00013787116
L-BFGS-B,1785,2.2332264e-07,0.005889601,3.0105622e-07,0.00013755284
L-BFGS-B,1786,2.2354112e-07,0.0058936835,2.9929754e-07,0.00013736263
L-BFGS-B,1787,2.2491797e-07,0.005935223,2.9430822e-07,0.00013723616
L-BFGS-B,1788,2.2456544e-07,0.0058900695,2.971599e-07,0.0001371595
L-BFGS-B,1789,2.2498017e-07,0.005898161,2.9586135e-07,0.00013710783
L-BFGS-B,1790,2.2554971e-07,0.0059058177,2.944712e-07,0.00013706132
L-BFGS-B,1791,2.2615104e-07,0.0059108622,2.930556e-07,0.00013698962
L-BFGS-B,1792,2.2477847e-07,0.00590752,2.956642e-07,0.0001371416
L-BFGS-B,1793,2.2564102e-07,0.005906736,2.9360578e-07,0.00013695438
L-BFGS-B,1794,2.267444e-07,0.005882711,2.9337573e-07,0.00013684513
L-BFGS-B,1795,2.247342e-07,0.0058616023,2.9601816e-07,0.00013672888
L-BFGS-B,1796,2.2283368e-07,0.0058611776,2.9825054e-07,0.00013677441
L-BFGS-B,1797,2.238773e-07,0.005857735,2.9683662e-07,0.00013668442
L-BFGS-B,1798,2.2299479e-07,0.005842401,2.984115e-07,0.00013663495
L-BFGS-B,1799,2.2204283e-07,0.005816645,3.0059087e-07,0.0001365615
L-BFGS-B,1800,2.2190397e-07,0.005801235,3.0129962e-07,0.00013649289
L-BFGS-B,1801,2.2208319e-07,0.005791423,3.0115197e-07,0.0001363995
L-BFGS-B,1802,2.2288773e-07,0.005782022,3.0041573e-07,0.00013631574
L-BFGS-B,1803,2.2434143e-07,0.0058095264,2.9719817e-07,0.00013632621
L-BFGS-B,1804,2.234694e-07,0.005792342,2.9868363e-07,0.00013624638
L-BFGS-B,1805,2.243403e-07,0.0058181905,2.9533473e-07,0.00013613315
L-BFGS-B,1806,2.2414156e-07,0.0058166203,2.9479236e-07,0.00013600629
L-BFGS-B,1807,2.2379483e-07,0.005807279,2.9574338e-07,0.00013600351
L-BFGS-B,1808,2.2390462e-07,0.005809479,2.9515658e-07,0.00013595397
L-BFGS-B,1809,2.2323057e-07,0.005782876,2.9726428e-07,0.00013590298
L-BFGS-B,1810,2.229623e-07,0.0057757962,2.9774995e-07,0.0001358648
L-BFGS-B,1811,2.2128917e-07,0.005741036,3.0164594e-07,0.00013585063
L-BFGS-B,1812,2.2196183e-07,0.0057558003,2.9933904e-07,0.00013575313
L-BFGS-B,1813,2.221509e-07,0.0057571665,2.9880792e-07,0.0001357155
L-BFGS-B,1814,2.2213875e-07,0.005755391,2.9861633e-07,0.00013566717
L-BFGS-B,1815,2.2201748e-07,0.0057463027,2.99041e-07,0.0001356218
L-BFGS-B,1816,2.2152688e-07,0.005728797,3.0027158e-07,0.00013555774
L-BFGS-B,1817,2.2177872e-07,0.0057284483,2.9941975e-07,0.00013546424
L-BFGS-B,1818,2.2228188e-07,0.005727702,2.982784e-07,0.00013536106
L-BFGS-B,1819,2.2444536e-07,0.0057450035,2.9402662e-07,0.00013522083
L-BFGS-B,1820,2.5882224e-07,0.0065162634,3.096981e-07,0.00015044068
L-BFGS-B,1821,2.2497315e-07,0.0057490324,2.9299284e-07,0.00013518521
L-BFGS-B,1822,2.2619983e-07,0.005757215,2.9004983e-07,0.0001350096
L-BFGS-B,1823,2.2608694e-07,0.0057521635,2.8883457e-07,0.00013475986
L-BFGS-B,1824,2.2667479e-07,0.005736967,2.8749932e-07,0.00013449579
L-BFGS-B,1825,2.2389649e-07,0.00570603,2.9143115e-07,0.00013435943
L-BFGS-B,1826,2.2339258e-07,0.005687849,2.9222937e-07,0.00013422177
L-BFGS-B,1827,2.2336711e-07,0.0056729526,2.939925e-07,0.00013433347
L-BFGS-B,1828,2.2325167e-07,0.0056769135,2.9244254e-07,0.00013412327
L-BFGS-B,1829,2.2238763e-07,0.005680331,2.9248594e-07,0.00013403434
L-BFGS-B,1830,2.2184018e-07,0.005691985,2.9177363e-07,0.00013396192
L-BFGS-B,1831,2.2228649e-07,0.005716725,2.8918288e-07,0.00013388766
L-BFGS-B,1832,2.2268671e-07,0.0057305754,2.8727493e-07,0.0001338
L-BFGS-B,1833,2.236133e-07,0.005747093,2.8424276e-07,0.00013364933
L-BFGS-B,1834,2.2403877e-07,0.005734108,2.8347358e-07,0.00013346793
L-BFGS-B,1835,2.2551262e-07,0.005774264,2.8009265e-07,0.00013358344
L-BFGS-B,1836,2.2442323e-07,0.005742219,2.8205028e-07,0.00013339322
L-BFGS-B,1837,2.2371519e-07,0.005730862,2.822217e-07,0.00013319915
L-BFGS-B,1838,2.2289214e-07,0.005732856,2.81032e-07,0.00013291718
L-BFGS-B,1839,2.2147778e-07,0.0057250303,2.8226603e-07,0.00013281187
L-BFGS-B,1840,2.2184828e-07,0.0057571214,2.7967494e-07,0.00013279969
L-BFGS-B,1841,2.2145053e-07,0.0057315035,2.809321e-07,0.00013267243
L-BFGS-B,1842,2.2273542e-07,0.0057515465,2.7741402e-07,0.00013253788
L-BFGS-B,1843,2.2197008e-07,0.005726208,2.787517e-07,0.00013237035
L-BFGS-B,1844,2.2167012e-07,0.005726081,2.7832203e-07,0.00013225964
L-BFGS-B,1845,2.2223698e-07,0.0057385312,2.7595814e-07,0.00013211458
L-BFGS-B,1846,2.2279048e-07,0.005779708,2.7192633e-07,0.0001320046
L-BFGS-B,1847,2.2388032e-07,0.005777399,2.6949667e-07,0.00013178054
L-BFGS-B,1848,2.236048e-07,0.005766247,2.692845e-07,0.00013159587
L-BFGS-B,1849,2.2361485e-07,0.0057592876,2.683935e-07,0.00013139413
L-BFGS-B,1850,2.2379389e-07,0.005764364,2.6722375e-07,0.00013129628
L-BFGS-B,1851,2.2106799e-07,0.005732309,2.7317475e-07,0.0001314595
L-BFGS-B,1852,2.227156e-07,0.0057496387,2.6895162e-07,0.00013124647
L-BFGS-B,1853,2.2260286e-07,0.0057425145,2.6877404e-07,0.00013113167
L-BFGS-B,1854,2.229223e-07,0.005722757,2.6818392e-07,0.0001308935
L-BFGS-B,1855,2.2337801e-07,0.0057209264,2.6691754e-07,0.0001307536
L-BFGS-B,1856,2.2398184e-07,0.0057191965,2.6597846e-07,0.000130686
L-BFGS-B,1857,2.24614e-07,0.0057267463,2.6448262e-07,0.00013063196
L-BFGS-B,1858,2.2493256e-07,0.005734255,2.631373e-07,0.00013055303
L-BFGS-B,1859,2.2476927e-07,0.0057311603,2.6274796e-07,0.00013043918
L-BFGS-B,1860,2.2467474e-07,0.0057234364,2.6284363e-07,0.00013036211
L-BFGS-B,1861,2.2364442e-07,0.0056990506,2.6482155e-07,0.0001302604
L-BFGS-B,1862,2.2353643e-07,0.005672021,2.6642775e-07,0.00013021483
L-BFGS-B,1863,2.2180357e-07,0.005659585,2.6975098e-07,0.00013032903
L-BFGS-B,1864,2.2297438e-07,0.0056655705,2.6728156e-07,0.0001301941
L-BFGS-B,1865,2.2299018e-07,0.005666971,2.6689997e-07,0.00013015323
L-BFGS-B,1866,2.2300519e-07,0.0056672352,2.6665586e-07,0.00013012151
L-BFGS-B,1867,2.2284522e-07,0.0056628333,2.6683063e-07,0.0001300797
L-BFGS-B,1868,2.221655e-07,0.0056466954,2.6795087e-07,0.0001299844
L-BFGS-B,1869,2.2034658e-07,0.0056107626,2.7109513e-07,0.00012982388
L-BFGS-B,1870,2.1830972e-07,0.0055721602,2.7469758e-07,0.0001296727
L-BFGS-B,1871,2.1649599e-07,0.005565574,2.814812e-07,0.00013035232
L-BFGS-B,1872,2.1734019e-07,0.00554731,2.7663182e-07,0.0001295689
L-BFGS-B,1873,2.1629506e-07,0.005509039,2.7907763e-07,0.00012939629
L-BFGS-B,1874,2.1670893e-07,0.005496562,2.785922e-07,0.00012926079
L-BFGS-B,1875,2.1739596e-07,0.0054866583,2.778756e-07,0.00012915731
L-BFGS-B,1876,2.1878955e-07,0.00550542,2.7483034e-07,0.00012909717
L-BFGS-B,1877,2.1828312e-07,0.005498002,2.75495e-07,0.00012904673
L-BFGS-B,1878,2.1812785e-07,0.00549759,2.7554344e-07,0.0001290266
L-BFGS-B,1879,2.1788881e-07,0.0054966593,2.7546574e-07,0.00012896977
L-BFGS-B,1880,2.19757e-07,0.0055265045,2.7436494e-07,0.00012938333
L-BFGS-B,1881,2.1808421e-07,0.0054981783,2.750511e-07,0.00012895207
L-BFGS-B,1882,2.1842862e-07,0.0055000084,2.7414575e-07,0.00012888624
L-BFGS-B,1883,2.185599e-07,0.0054939077,2.740658e-07,0.00012883294
L-BFGS-B,1884,2.1958175e-07,0.0055102115,2.721218e-07,0.00012885765
L-BFGS-B,1885,2.1892336e-07,0.005499225,2.7323705e-07,0.00012881632
L-BFGS-B,1886,2.18963e-07,0.0054911063,2.7354844e-07,0.00012878778
L-BFGS-B,1887,2.1891353e-07,0.005482033,2.7404977e-07,0.00012876483
L-BFGS-B,1888,2.184228e-07,0.0054659666,2.7540403e-07,0.00012873369
L-BFGS-B,1889,2.1786597e-07,0.0054497933,2.7672365e-07,0.00012868637
L-BFGS-B,1890,2.1694727e-07,0.0054310346,2.7848057e-07,0.00012862452
L-BFGS-B,1891,2.166334e-07,0.005424488,2.787634e-07,0.0001285544
L-BFGS-B,1892,2.1643243e-07,0.0054314295,2.7798657e-07,0.00012847714
L-BFGS-B,1893,2.1653413e-07,0.005437351,2.769361e-07,0.00012839405
L-BFGS-B,1894,2.1812778e-07,0.005466516,2.7290716e-07,0.00012832039
L-BFGS-B,1895,2.1887136e-07,0.0054775607,2.7105125e-07,0.000128264
L-BFGS-B,1896,2.1945178e-07,0.0054876776,2.6938488e-07,0.00012820227
L-BFGS-B,1897,2.2023727e-07,0.005502236,2.6727324e-07,0.00012814894
L-BFGS-B,1898,2.1827317e-07,0.0054917196,2.7392653e-07,0.00012874715
L-BFGS-B,1899,2.1996706e-07,0.0054975585,2.6781223e-07,0.00012814248
L-BFGS-B,1900,2.1899028e-07,0.0055028116,2.6827195e-07,0.00012811745
L-BFGS-B,1901,2.1968182e-07,0.0054871114,2.7117576e-07,0.00012849976
L-BFGS-B,1902,2.1898116e-07,0.00549472,2.685662e-07,0.0001280793
L-BFGS-B,1903,2.1876379e-07,0.005489361,2.6863566e-07,0.00012800352
L-BFGS-B,1904,2.1816469e-07,0.005475802,2.6873175e-07,0.00012779249
L-BFGS-B,1905,2.1698874e-07,0.0054555815,2.7007667e-07,0.00012761563
L-BFGS-B,1906,2.1551976e-07,0.005442594,2.7148099e-07,0.00012747606
L-BFGS-B,1907,2.1228507e-07,0.005382574,2.770068e-07,0.00012721952
L-BFGS-B,1908,2.1229555e-07,0.0053759273,2.7636585e-07,0.00012705848
L-BFGS-B,1909,2.1336768e-07,0.005395114,2.736595e-07,0.00012700522
L-BFGS-B,1910,2.127807e-07,0.0053838133,2.7456375e-07,0.00012693979
L-BFGS-B,1911,2.1422784e-07,0.0054162117,2.702154e-07,0.0001268286
L-BFGS-B,1912,2.1355643e-07,0.005395008,2.7164822e-07,0.00012673077
L-BFGS-B,1913,2.1338542e-07,0.005394255,2.7149824e-07,0.00012667509
L-BFGS-B,1914,2.13027e-07,0.005394851,2.7139595e-07,0.00012661195
L-BFGS-B,1915,2.1334974e-07,0.0054112566,2.6969215e-07,0.00012656883
L-BFGS-B,1916,2.1317973e-07,0.0054172813,2.694934e-07,0.00012657378
L-BFGS-B,1917,2.1326072e-07,0.0054134903,2.6958529e-07,0.0001265618
L-BFGS-B,1918,2.1355477e-07,0.0054196846,2.687807e-07,0.00012654717
L-BFGS-B,1919,2.1399076e-07,0.0054289126,2.6754668e-07,0.00012651974
L-BFGS-B,1920,2.1528993e-07,0.0054534776,2.6413935e-07,0.00012644917
L-BFGS-B,1921,2.1633282e-07,0.0054740333,2.612606e-07,0.00012637935
L-BFGS-B,1922,2.1722579e-07,0.005563462,2.5686066e-07,0.00012674759
L-BFGS-B,1923,2.1630945e-07,0.00548611,2.6032382e-07,0.00012635608
L-BFGS-B,1924,2.1762672e-07,0.0055149943,2.5651607e-07,0.00012627136
L-BFGS-B,1925,3.5367884e-07,0.009613996,3.7005492e-07,0.00020470003
L-BFGS-B,1926,2.1834703e-07,0.005518605,2.551803e-07,0.00012621515
L-BFGS-B,1927,2.1773494e-07,0.0054978468,2.5666697e-07,0.00012613875
L-BFGS-B,1928,2.1716275e-07,0.005472185,2.583887e-07,0.00012605457
L-BFGS-B,1929,2.1764116e-07,0.0054872087,2.561881e-07,0.00012594648
L-BFGS-B,1930,2.1779232e-07,0.005492598,2.5528658e-07,0.00012588782
L-BFGS-B,1931,2.175702e-07,0.005486334,2.5579467e-07,0.00012586807
L-BFGS-B,1932,2.1829882e-07,0.0054969825,2.542279e-07,0.00012584883
L-BFGS-B,1933,2.1801749e-07,0.005497786,2.5429227e-07,0.00012582433
L-BFGS-B,1934,2.2442711e-07,0.005624462,2.4442852e-07,0.00012657297
L-BFGS-B,1935,2.188101e-07,0.005512222,2.523518e-07,0.0001257965
L-BFGS-B,1936,2.190272e-07,0.005516978,2.51386e-07,0.00012573176
L-BFGS-B,1937,2.1965701e-07,0.0055309134,2.490764e-07,0.00012561915
L-BFGS-B,1938,2.2172061e-07,0.0055680526,2.4484729e-07,0.00012566571
L-BFGS-B,1939,2.2047557e-07,0.0055408664,2.4701444e-07,0.00012553215
L-BFGS-B,1940,2.2286673e-07,0.0055810045,2.4041944e-07,0.00012530298
L-BFGS-B,1941,2.2367416e-07,0.005620167,2.3591501e-07,0.00012514004
L-BFGS-B,1942,2.2358748e-07,0.0056442814,2.3383818e-07,0.00012505666
L-BFGS-B,1943,2.2332445e-07,0.00561985,2.3446798e-07,0.00012486737
L-BFGS-B,1944,2.2383834e-07,0.0056467396,2.4015972e-07,0.00012606711
L-BFGS-B,1945,2.2293666e-07,0.005606574,2.3475445e-07,0.0001247194
L-BFGS-B,1946,2.2256623e-07,0.0055952775,2.3527967e-07,0.00012462966
L-BFGS-B,1947,2.2207806e-07,0.0055949837,2.3583966e-07,0.0001246375
L-BFGS-B,1948,2.222943e-07,0.0055934093,2.3548753e-07,0.00012460137
L-BFGS-B,1949,2.2229213e-07,0.0056038327,2.3458131e-07,0.00012456934
L-BFGS-B,1950,2.2290472e-07,0.0056125456,2.331795e-07,0.00012453808
L-BFGS-B,1951,2.2342103e-07,0.0056179315,2.3218253e-07,0.00012451985
L-BFGS-B,1952,2.2453034e-07,0.0056416695,2.295203e-07,0.00012452429
L-BFGS-B,1953,2.2390299e-07,0.005627732,2.3079194e-07,0.00012448155
L-BFGS-B,1954,2.2394929e-07,0.005628809,2.3051575e-07,0.00012445785
L-BFGS-B,1955,2.2325571e-07,0.0056129294,2.3200133e-07,0.00012441786
L-BFGS-B,1956,2.2292393e-07,0.0056080627,2.3320901e-07,0.00012450057
L-BFGS-B,1957,2.2306868e-07,0.0056087025,2.3232684e-07,0.00012439635
L-BFGS-B,1958,2.2219226e-07,0.005588979,2.3412709e-07,0.00012433768
L-BFGS-B,1959,2.2121752e-07,0.00556931,2.3587877e-07,0.00012425754
L-BFGS-B,1960,2.213048e-07,0.005571977,2.351656e-07,0.00012419032
L-BFGS-B,1961,2.2166351e-07,0.0055777123,2.3382357e-07,0.00012410019
L-BFGS-B,1962,2.2168551e-07,0.005572972,2.3347361e-07,0.00012400359
L-BFGS-B,1963,2.2134141e-07,0.0055618007,2.3423593e-07,0.00012395461
L-BFGS-B,1964,2.2052642e-07,0.0055427877,2.3590798e-07,0.00012389304
L-BFGS-B,1965,2.1935534e-07,0.005517464,2.3840332e-07,0.00012383844
L-BFGS-B,1966,2.1813965e-07,0.005494683,2.4074612e-07,0.0001237797
L-BFGS-B,1967,2.173234e-07,0.005485928,2.416171e-07,0.00012370036
L-BFGS-B,1968,2.2357294e-07,0.0055744527,2.4102877e-07,0.00012543479
L-BFGS-B,1969,2.176176e-07,0.0054871053,2.411646e-07,0.00012368838
L-BFGS-B,1970,2.1726025e-07,0.0054881866,2.4088166e-07,0.00012360315
L-BFGS-B,1971,2.1729699e-07,0.0054958966,2.397983e-07,0.00012352326
L-BFGS-B,1972,2.1727179e-07,0.005493567,2.392274e-07,0.00012341054
L-BFGS-B,1973,2.302621e-07,0.0058513926,2.3815991e-07,0.00012877723
L-BFGS-B,1974,2.1765076e-07,0.0054987,2.3833312e-07,0.00012338458
L-BFGS-B,1975,2.168878e-07,0.0054784724,2.3924443e-07,0.00012320456
L-BFGS-B,1976,2.1564595e-07,0.0054555647,2.412698e-07,0.000123093
L-BFGS-B,1977,2.151567e-07,0.0054385895,2.42531e-07,0.00012303906
L-BFGS-B,1978,2.1468159e-07,0.0054366514,2.4240785e-07,0.00012292992
L-BFGS-B,1979,2.1462152e-07,0.0054282653,2.4269775e-07,0.00012288053
L-BFGS-B,1980,2.147388e-07,0.0054275794,2.4219182e-07,0.00012281539
L-BFGS-B,1981,2.18932e-07,0.0055112545,2.388495e-07,0.00012377977
L-BFGS-B,1982,2.1508205e-07,0.0054344377,2.4121638e-07,0.00012278915
L-BFGS-B,1983,2.1684386e-07,0.005448657,2.3941786e-07,0.00012292582
L-BFGS-B,1984,2.1552727e-07,0.005433923,2.4013644e-07,0.0001226888
L-BFGS-B,1985,2.1530127e-07,0.005438441,2.3937403e-07,0.0001225857
L-BFGS-B,1986,2.1540306e-07,0.005452819,2.3733274e-07,0.00012243856
L-BFGS-B,1987,2.1564807e-07,0.005455828,2.3603013e-07,0.00012231001
L-BFGS-B,1988,2.1571861e-07,0.005463624,2.3431313e-07,0.000122141
L-BFGS-B,1989,2.1646673e-07,0.005462256,2.3311586e-07,0.000122059944
L-BFGS-B,1990,2.1462442e-07,0.005420972,2.368864e-07,0.00012193633
L-BFGS-B,1991,2.1411955e-07,0.005409444,2.377773e-07,0.00012187897
L-BFGS-B,1992,2.1417468e-07,0.0054028635,2.3784845e-07,0.0001218321
L-BFGS-B,1993,2.1376236e-07,0.0053852648,2.3918594e-07,0.00012179489
L-BFGS-B,1994,2.1323102e-07,0.005365757,2.4069925e-07,0.00012174711
L-BFGS-B,1995,2.1313126e-07,0.0053528436,2.4139067e-07,0.00012170672
L-BFGS-B,1996,2.132268e-07,0.0053528715,2.410927e-07,0.00012167663
L-BFGS-B,1997,2.1321395e-07,0.0053507364,2.4107862e-07,0.000121651254
L-BFGS-B,1998,2.1415752e-07,0.005392846,2.3867617e-07,0.00012185352
L-BFGS-B,1999,2.1332137e-07,0.0053563844,2.4050442e-07,0.00012163771
L-BFGS-B,2000,2.1306501e-07,0.005341687,2.4138293e-07,0.000121584046
L-BFGS-B,2001,2.1254989e-07,0.0053227353,2.4260555e-07,0.00012150066
L-BFGS-B,2002,2.1140976e-07,0.0052727917,2.4633314e-07,0.000121389356
L-BFGS-B,2003,2.133102e-07,0.0052858354,2.4355157e-07,0.00012138762
L-BFGS-B,2004,2.1221837e-07,0.005275154,2.448369e-07,0.00012130983
L-BFGS-B,2005,2.1218669e-07,0.0052752574,2.441584e-07,0.000121204335
L-BFGS-B,2006,2.1330139e-07,0.005290817,2.4173534e-07,0.000121163685
L-BFGS-B,2007,2.131021e-07,0.005278373,2.4211286e-07,0.00012106597
L-BFGS-B,2008,2.1326728e-07,0.00526904,2.4215544e-07,0.0001210038
L-BFGS-B,2009,2.1394155e-07,0.00527161,2.4082286e-07,0.00012093076
L-BFGS-B,2010,2.1485346e-07,0.005281784,2.3875435e-07,0.00012085901
L-BFGS-B,2011,2.1535544e-07,0.0052970117,2.3693516e-07,0.00012081371
L-BFGS-B,2012,2.1580811e-07,0.0053024148,2.3577407e-07,0.00012076147
L-BFGS-B,2013,2.1558867e-07,0.0053009423,2.3564672e-07,0.000120694735
L-BFGS-B,2014,2.1509913e-07,0.0052885995,2.3646575e-07,0.00012062073
L-BFGS-B,2015,2.143603e-07,0.0052717836,2.3794432e-07,0.00012056353
L-BFGS-B,2016,2.1417777e-07,0.0052589774,2.386895e-07,0.000120519864
L-BFGS-B,2017,2.1273661e-07,0.0052436325,2.4712125e-07,0.000121415
L-BFGS-B,2018,2.1370288e-07,0.0052520717,2.3947945e-07,0.000120498065
L-BFGS-B,2019,2.1382131e-07,0.005240977,2.3959777e-07,0.00012042263
L-BFGS-B,2020,2.140296e-07,0.0052262656,2.3971498e-07,0.000120324345
L-BFGS-B,2021,2.1488995e-07,0.0052224593,2.385859e-07,0.00012024597
L-BFGS-B,2022,2.1430057e-07,0.0052162516,2.3869939e-07,0.000120112505
L-BFGS-B,2023,2.132776e-07,0.005210855,2.3918747e-07,0.000119978315
L-BFGS-B,2024,2.1230986e-07,0.0051948945,2.4009938e-07,0.00011981033
L-BFGS-B,2025,2.1018894e-07,0.005144812,2.4432404e-07,0.00011962507
L-BFGS-B,2026,2.08848e-07,0.0051297313,2.4563641e-07,0.00011946997
L-BFGS-B,2027,2.0679789e-07,0.005098503,2.4841822e-07,0.000119267446
L-BFGS-B,2028,2.0499758e-07,0.00509769,2.5309544e-07,0.000119690856
L-BFGS-B,2029,2.0615934e-07,0.0050878474,2.4948002e-07,0.00011922437
L-BFGS-B,2030,2.0357831e-07,0.00503676,2.5536565e-07,0.00011920919
L-BFGS-B,2031,2.0476462e-07,0.0050593624,2.5235744e-07,0.00011916194
L-BFGS-B,2032,2.0449727e-07,0.0050441255,2.529376e-07,0.00011905648
L-BFGS-B,2033,2.0375442e-07,0.0050137746,2.5479548e-07,0.00011892023
L-BFGS-B,2034,2.0310561e-07,0.0049693026,2.590915e-07,0.000119022596
L-BFGS-B,2035,2.0344447e-07,0.004995839,2.5600633e-07,0.00011887601
L-BFGS-B,2036,2.0175818e-07,0.004979254,2.5819753e-07,0.0001187859
L-BFGS-B,2037,2.0287801e-07,0.0049847234,2.556959e-07,0.000118633325
L-BFGS-B,2038,2.024381e-07,0.0049671843,2.566459e-07,0.000118534444
L-BFGS-B,2039,2.0247066e-07,0.0049649435,2.5592635e-07,0.00011840898
L-BFGS-B,2040,2.024339e-07,0.0049477443,2.5764336e-07,0.000118489035
L-BFGS-B,2041,2.0222733e-07,0.004949031,2.5649726e-07,0.000118298994
L-BFGS-B,2042,2.0198613e-07,0.0049419203,2.5628276e-07,0.000118159536
L-BFGS-B,2043,2.0208816e-07,0.004932836,2.5639832e-07,0.000118101336
L-BFGS-B,2044,2.0143797e-07,0.0049178693,2.5779417e-07,0.000118063515
L-BFGS-B,2045,2.0132832e-07,0.004913928,2.5798505e-07,0.00011803629
L-BFGS-B,2046,2.0102696e-07,0.004907615,2.5857352e-07,0.00011801622
L-BFGS-B,2047,2.0018196e-07,0.004879803,2.613387e-07,0.00011802613
L-BFGS-B,2048,2.0062582e-07,0.0048947176,2.5974043e-07,0.00011800211
L-BFGS-B,2049,2.0047625e-07,0.0048911357,2.600259e-07,0.000117986674
L-BFGS-B,2050,2.0073323e-07,0.004887658,2.594068e-07,0.00011789758
L-BFGS-B,2051,2.0103819e-07,0.0048898063,2.583366e-07,0.00011780428
L-BFGS-B,2052,2.0148455e-07,0.0048847897,2.5762583e-07,0.00011771446
L-BFGS-B,2053,2.0188372e-07,0.004894802,2.5598877e-07,0.00011762889
L-BFGS-B,2054,2.013922e-07,0.0048856563,2.565396e-07,0.000117546326
L-BFGS-B,2055,2.0051121e-07,0.0048637274,2.580005e-07,0.000117414034
L-BFGS-B,2056,2.0514032e-07,0.004953933,2.5818514e-07,0.000119038144
L-BFGS-B,2057,2.0071306e-07,0.0048620235,2.5783896e-07,0.00011740303
L-BFGS-B,2058,2.0053768e-07,0.0048567164,2.5793503e-07,0.00011733807
L-BFGS-B,2059,1.9953788e-07,0.0048400615,2.596183e-07,0.000117274045
L-BFGS-B,2060,1.9894718e-07,0.004819698,2.6109797e-07,0.000117203745
L-BFGS-B,2061,1.9805557e-07,0.0048026373,2.6263953e-07,0.000117130636
L-BFGS-B,2062,1.9748656e-07,0.0047920737,2.6346223e-07,0.00011706306
L-BFGS-B,2063,1.9639774e-07,0.004786518,2.689836e-07,0.000117672374
L-BFGS-B,2064,1.9726289e-07,0.0047886507,2.6383418e-07,0.000117051066
L-BFGS-B,2065,1.9726563e-07,0.0047837696,2.6380928e-07,0.000116998934
L-BFGS-B,2066,1.9525997e-07,0.0047315285,2.697926e-07,0.00011707317
L-BFGS-B,2067,1.9638927e-07,0.0047609415,2.6590172e-07,0.00011695306
L-BFGS-B,2068,1.9596465e-07,0.0047441237,2.671352e-07,0.00011690621
L-BFGS-B,2069,1.9612355e-07,0.004750057,2.6635027e-07,0.00011687164
L-BFGS-B,2070,1.9637089e-07,0.0047499407,2.6558538e-07,0.00011679284
L-BFGS-B,2071,1.9609858e-07,0.004755441,2.6516275e-07,0.00011674361
L-BFGS-B,2072,1.9568164e-07,0.0047604074,2.6489388e-07,0.0001166904
L-BFGS-B,2073,1.9575735e-07,0.004757747,2.6462087e-07,0.0001166342
L-BFGS-B,2074,1.9561331e-07,0.0047572185,2.6435774e-07,0.00011656784
L-BFGS-B,2075,1.9501036e-07,0.0047450042,2.6493404e-07,0.000116441704
L-BFGS-B,2076,1.949985e-07,0.004726214,2.653359e-07,0.000116312294
L-BFGS-B,2077,1.9429599e-07,0.004692559,2.6732758e-07,0.00011616913
L-BFGS-B,2078,1.9351172e-07,0.0046573374,2.6813726e-07,0.000115820716
L-BFGS-B,2079,1.9099636e-07,0.004557247,2.736675e-07,0.00011527204
L-BFGS-B,2080,1.8674102e-07,0.004545558,2.8145777e-07,0.0001156854
L-BFGS-B,2081,1.8863923e-07,0.0045324587,2.7464574e-07,0.00011481733
L-BFGS-B,2082,1.888237e-07,0.0045090844,2.718204e-07,0.00011418745
L-BFGS-B,2083,1.882857e-07,0.004479176,2.71585e-07,0.00011377237
L-BFGS-B,2084,1.8811728e-07,0.0044726958,2.705726e-07,0.000113530434
L-BFGS-B,2085,1.896683e-07,0.0045087906,2.6535596e-07,0.00011334154
L-BFGS-B,2086,1.9131079e-07,0.0045353225,2.647027e-07,0.000113755246
L-BFGS-B,2087,1.8984066e-07,0.004509017,2.6458054e-07,0.00011325335
L-BFGS-B,2088,1.900746e-07,0.004531006,2.6190065e-07,0.00011310635
L-BFGS-B,2089,1.8940925e-07,0.0045330245,2.621237e-07,0.00011306019
L-BFGS-B,2090,1.9317639e-07,0.0045485077,2.6073698e-07,0.00011357208
L-BFGS-B,2091,1.9010068e-07,0.004527964,2.6118258e-07,0.00011297213
L-BFGS-B,2092,1.9061228e-07,0.0045445217,2.5900516e-07,0.000112887836
L-BFGS-B,2093,1.9105234e-07,0.0045643775,2.570598e-07,0.000112860595
L-BFGS-B,2094,1.9148789e-07,0.0045747547,2.5567488e-07,0.00011282196
L-BFGS-B,2095,1.919949e-07,0.004587688,2.5408985e-07,0.000112789596
L-BFGS-B,2096,1.9299915e-07,0.004591236,2.5317672e-07,0.00011283874
L-BFGS-B,2097,1.9231656e-07,0.0045872624,2.5358915e-07,0.000112758484
L-BFGS-B,2098,1.9254355e-07,0.0045941444,2.5264342e-07,0.00011271949
L-BFGS-B,2099,1.9276101e-07,0.004601727,2.5173526e-07,0.000112691705
L-BFGS-B,2100,1.9260895e-07,0.0045966897,2.5208823e-07,0.00011267148
L-BFGS-B,2101,1.926474e-07,0.0045955656,2.5201174e-07,0.000112654525
L-BFGS-B,2102,1.9262463e-07,0.004601335,2.5160938e-07,0.00011264846
L-BFGS-B,2103,1.9406947e-07,0.0046225265,2.5022095e-07,0.00011286883
L-BFGS-B,2104,1.9277022e-07,0.004603074,2.513118e-07,0.00011264304
L-BFGS-B,2105,1.9302682e-07,0.004605918,2.507987e-07,0.00011263301
L-BFGS-B,2106,1.9274377e-07,0.004600572,2.5130657e-07,0.00011261327
L-BFGS-B,2107,1.9248758e-07,0.004597313,2.5148802e-07,0.00011256947
L-BFGS-B,2108,1.9138092e-07,0.004576149,2.532251e-07,0.00011245239
L-BFGS-B,2109,1.9159013e-07,0.0045863446,2.5130382e-07,0.00011229754
L-BFGS-B,2110,1.9216156e-07,0.0045894873,2.491968e-07,0.00011209863
L-BFGS-B,2111,1.9241897e-07,0.0045883516,2.4678974e-07,0.00011176482
L-BFGS-B,2112,1.9277662e-07,0.0045695584,2.4690695e-07,0.00011164812
L-BFGS-B,2113,1.9177911e-07,0.004618746,2.4995686e-07,0.00011244786
L-BFGS-B,2114,1.9214752e-07,0.0045613456,2.4738e-07,0.000111542584
L-BFGS-B,2115,1.898046e-07,0.0045584757,2.5213762e-07,0.000111876085
L-BFGS-B,2116,1.9112518e-07,0.0045517236,2.4808836e-07,0.00011139926
L-BFGS-B,2117,1.902333e-07,0.004549109,2.4877608e-07,0.000111342495
L-BFGS-B,2118,1.8962898e-07,0.00453244,2.48863e-07,0.0001110982
L-BFGS-B,2119,1.8898177e-07,0.004514503,2.4961656e-07,0.00011093478
L-BFGS-B,2120,1.8813012e-07,0.004503456,2.5012616e-07,0.000110773006
L-BFGS-B,2121,1.8825546e-07,0.0045407843,2.5149095e-07,0.00011136981
L-BFGS-B,2122,1.8781334e-07,0.0045011477,2.5022803e-07,0.00011071768
L-BFGS-B,2123,1.8793494e-07,0.004504337,2.4959934e-07,0.000110673514
L-BFGS-B,2124,1.8783744e-07,0.0045049107,2.4951703e-07,0.000110652276
L-BFGS-B,2125,1.8799166e-07,0.0045056245,2.4923438e-07,0.000110640154
L-BFGS-B,2126,1.8816641e-07,0.0045021954,2.4915371e-07,0.00011061997
L-BFGS-B,2127,1.8793257e-07,0.004499358,2.4942705e-07,0.000110597524
L-BFGS-B,2128,1.8716392e-07,0.0044656536,2.5265425e-07,0.00011062926
L-BFGS-B,2129,1.8759654e-07,0.0044853706,2.5058418e-07,0.00011058081
L-BFGS-B,2130,1.8732861e-07,0.004479491,2.5106917e-07,0.00011055458
L-BFGS-B,2131,1.8635612e-07,0.004459405,2.5294622e-07,0.0001104894
L-BFGS-B,2132,1.860179e-07,0.0044467477,2.5381564e-07,0.0001104425
L-BFGS-B,2133,1.8618994e-07,0.004444323,2.53439e-07,0.00011038757
L-BFGS-B,2134,1.8609772e-07,0.0044649704,2.5183766e-07,0.00011034001
L-BFGS-B,2135,1.8610238e-07,0.0044559403,2.5180407e-07,0.00011024537
L-BFGS-B,2136,1.8619102e-07,0.0044489875,2.5180998e-07,0.00011019003
L-BFGS-B,2137,1.857037e-07,0.0044460907,2.5224406e-07,0.00011015307
L-BFGS-B,2138,1.8587717e-07,0.004444073,2.520053e-07,0.0001101231
L-BFGS-B,2139,1.8559798e-07,0.004446622,2.5175413e-07,0.00011006904
L-BFGS-B,2140,1.8533625e-07,0.004448445,2.5151837e-07,0.00011001264
L-BFGS-B,2141,1.8541833e-07,0.004447617,2.5124842e-07,0.00010997619
L-BFGS-B,2142,1.8553234e-07,0.0044457773,2.5091308e-07,0.000109924586
L-BFGS-B,2143,1.8635512e-07,0.0044491645,2.4939013e-07,0.00010985343
L-BFGS-B,2144,1.8635015e-07,0.00445331,2.485693e-07,0.00010977102
L-BFGS-B,2145,1.8657447e-07,0.0044469316,2.4861077e-07,0.000109747096
L-BFGS-B,2146,1.8625207e-07,0.00444624,2.4834992e-07,0.0001096527
L-BFGS-B,2147,1.857308e-07,0.004432669,2.4937387e-07,0.00010959238
L-BFGS-B,2148,1.853932e-07,0.0044183433,2.501863e-07,0.00010952036
L-BFGS-B,2149,1.8489628e-07,0.004390497,2.518826e-07,0.0001094218
L-BFGS-B,2150,1.8498933e-07,0.0043895678,2.516837e-07,0.00010939663
L-BFGS-B,2151,1.8494282e-07,0.004400877,2.5083224e-07,0.000109375025
L-BFGS-B,2152,1.8550125e-07,0.0044010016,2.500534e-07,0.00010934321
L-BFGS-B,2153,1.8503067e-07,0.004392343,2.512215e-07,0.00010936126
L-BFGS-B,2154,1.8529879e-07,0.004397225,2.504501e-07,0.000109334585
L-BFGS-B,2155,1.8484768e-07,0.0043908013,2.5150717e-07,0.00010936124
L-BFGS-B,2156,1.8509806e-07,0.004393688,2.507976e-07,0.00010932123
L-BFGS-B,2157,1.8500322e-07,0.004394492,2.5073123e-07,0.00010930508
L-BFGS-B,2158,1.847821e-07,0.0043869433,2.5129216e-07,0.000109280576
L-BFGS-B,2159,1.8466191e-07,0.0043837135,2.5150678e-07,0.00010926244
L-BFGS-B,2160,1.8452309e-07,0.0043764156,2.520119e-07,0.0001092444
L-BFGS-B,2161,1.8410003e-07,0.004360048,2.533551e-07,0.00010921875
L-BFGS-B,2162,1.8405645e-07,0.004353321,2.536459e-07,0.000109188564
L-BFGS-B,2163,1.8389893e-07,0.004344751,2.5410992e-07,0.00010914884
L-BFGS-B,2164,1.8375064e-07,0.004339404,2.5427164e-07,0.00010909738
L-BFGS-B,2165,1.8364639e-07,0.004336633,2.5430614e-07,0.00010905921
L-BFGS-B,2166,1.8353938e-07,0.00433726,2.5420613e-07,0.00010903443
L-BFGS-B,2167,1.8357558e-07,0.0043355087,2.541302e-07,0.00010901096
L-BFGS-B,2168,1.8364653e-07,0.0043365546,2.5382923e-07,0.000108986904
L-BFGS-B,2169,1.8370085e-07,0.004335982,2.536655e-07,0.00010896477
L-BFGS-B,2170,1.8379592e-07,0.0043351026,2.5350593e-07,0.000108946304
L-BFGS-B,2171,1.9226088e-07,0.004665937,2.691418e-07,0.00011586977
L-BFGS-B,2172,1.8372836e-07,0.004334678,2.5358804e-07,0.00010894424
L-BFGS-B,2173,1.8365475e-07,0.0043309582,2.5377165e-07,0.000108923545
L-BFGS-B,2174,1.8411784e-07,0.0043402077,2.5391563e-07,0.000109107095
L-BFGS-B,2175,1.836799e-07,0.0043304344,2.5372236e-07,0.00010891468
L-BFGS-B,2176,1.834696e-07,0.0043219076,2.5431035e-07,0.00010888607
L-BFGS-B,2177,1.8320854e-07,0.0043120785,2.549979e-07,0.000108851746
L-BFGS-B,2178,1.8277574e-07,0.0042941472,2.5643618e-07,0.00010882326
L-BFGS-B,2179,1.8240942e-07,0.004277741,2.5773886e-07,0.00010879965
L-BFGS-B,2180,1.8219758e-07,0.0042560003,2.5920588e-07,0.00010877052
L-BFGS-B,2181,1.8197807e-07,0.004237838,2.6043736e-07,0.000108740685
L-BFGS-B,2182,1.8250817e-07,0.004239911,2.596066e-07,0.000108716325
L-BFGS-B,2183,1.8321961e-07,0.004233185,2.6083987e-07,0.000108940774
L-BFGS-B,2184,1.825769e-07,0.0042350963,2.597483e-07,0.00010869975
L-BFGS-B,2185,1.8282749e-07,0.0042469027,2.5845787e-07,0.00010866183
L-BFGS-B,2186,1.8314229e-07,0.0042623547,2.5669493e-07,0.000108599124
L-BFGS-B,2187,1.8331258e-07,0.0042770053,2.5525088e-07,0.00010855457
L-BFGS-B,2188,1.8296605e-07,0.0042690076,2.558193e-07,0.00010850787
L-BFGS-B,2189,1.8218248e-07,0.004250864,2.5749168e-07,0.00010845976
L-BFGS-B,2190,1.8188253e-07,0.004237324,2.5830627e-07,0.00010840155
L-BFGS-B,2191,1.8083705e-07,0.0042015244,2.6132264e-07,0.0001083392
L-BFGS-B,2192,1.805366e-07,0.0042050765,2.6083512e-07,0.00010825652
L-BFGS-B,2193,1.7988447e-07,0.0042097955,2.6119886e-07,0.00010826046
L-BFGS-B,2194,1.8015211e-07,0.0042050728,2.6094176e-07,0.00010821481
L-BFGS-B,2195,1.7964732e-07,0.0042015812,2.6126565e-07,0.00010815276
L-BFGS-B,2196,1.7949263e-07,0.0041968436,2.6132977e-07,0.0001080918
L-BFGS-B,2197,1.7884312e-07,0.004159423,2.637303e-07,0.000107980246
L-BFGS-B,2198,1.806262e-07,0.0042189974,2.5919425e-07,0.00010816305
L-BFGS-B,2199,1.7925316e-07,0.004173574,2.6209196e-07,0.00010793751
L-BFGS-B,2200,1.8237185e-07,0.004228413,2.568443e-07,0.000108166554
L-BFGS-B,2201,1.8015726e-07,0.004186608,2.5961114e-07,0.000107831336
L-BFGS-B,2202,1.8037942e-07,0.0041978275,2.5792215e-07,0.00010772351
L-BFGS-B,2203,1.8008319e-07,0.0042120325,2.5733647e-07,0.00010773327
L-BFGS-B,2204,1.7997775e-07,0.0041947505,2.5745788e-07,0.00010756285
L-BFGS-B,2205,1.7990733e-07,0.0042063547,2.5649922e-07,0.00010752452
L-BFGS-B,2206,1.7981229e-07,0.004195619,2.5679947e-07,0.00010744795
L-BFGS-B,2207,1.7912478e-07,0.004185713,2.5755207e-07,0.00010735865
L-BFGS-B,2208,1.7860582e-07,0.004186897,2.5760596e-07,0.00010730074
L-BFGS-B,2209,1.779814e-07,0.004182308,2.582253e-07,0.00010725408
L-BFGS-B,2210,1.7755787e-07,0.004170245,2.591072e-07,0.00010720221
L-BFGS-B,2211,1.7690273e-07,0.0041529085,2.6053803e-07,0.0001071452
L-BFGS-B,2212,1.7625094e-07,0.004125834,2.6272912e-07,0.00010710534
L-BFGS-B,2213,1.7669049e-07,0.0041397735,2.610192e-07,0.00010705419
L-BFGS-B,2214,1.7682132e-07,0.004156227,2.5938144e-07,0.00010699269
L-BFGS-B,2215,1.7756463e-07,0.0041735475,2.5751046e-07,0.00010699674
L-BFGS-B,2216,1.7711855e-07,0.0041629043,2.5830437e-07,0.000106942476
L-BFGS-B,2217,1.7924377e-07,0.004228462,2.5342587e-07,0.00010718507
L-BFGS-B,2218,1.7752802e-07,0.0041766455,2.566444e-07,0.000106892316
L-BFGS-B,2219,1.7672043e-07,0.0041879867,2.5706677e-07,0.00010694795
L-BFGS-B,2220,1.77111e-07,0.004178877,2.5666657e-07,0.0001068554
L-BFGS-B,2221,1.7732884e-07,0.00418165,2.558611e-07,0.00010679499
L-BFGS-B,2222,1.7879641e-07,0.004224899,2.500963e-07,0.0001065829
L-BFGS-B,2223,1.7832201e-07,0.00421065,2.512017e-07,0.00010653506
L-BFGS-B,2224,1.8717081e-07,0.0045215115,2.2885939e-07,0.00010761965
L-BFGS-B,2225,1.7970055e-07,0.004259104,2.461019e-07,0.000106461404
L-BFGS-B,2226,1.7996456e-07,0.0042728027,2.4421195e-07,0.0001063545
L-BFGS-B,2227,1.803248e-07,0.004291743,2.4209632e-07,0.0001062806
L-BFGS-B,2228,1.7993263e-07,0.0042747147,2.4334747e-07,0.00010623917
L-BFGS-B,2229,1.796096e-07,0.004261266,2.4424511e-07,0.00010619086
L-BFGS-B,2230,1.792923e-07,0.0042424537,2.4523644e-07,0.00010610385
L-BFGS-B,2231,1.7898232e-07,0.0042340946,2.4583989e-07,0.00010606427
L-BFGS-B,2232,1.792881e-07,0.004243759,2.4463563e-07,0.00010602614
L-BFGS-B,2233,1.7947379e-07,0.0042526578,2.4350177e-07,0.00010597291
L-BFGS-B,2234,1.7952088e-07,0.0042689694,2.421257e-07,0.00010593668
L-BFGS-B,2235,1.7973551e-07,0.0042759757,2.412541e-07,0.0001059082
L-BFGS-B,2236,1.7967005e-07,0.0042765844,2.4112467e-07,0.00010588505
L-BFGS-B,2237,1.7977257e-07,0.0042778025,2.4084477e-07,0.000105870626
L-BFGS-B,2238,1.7976647e-07,0.004278814,2.4058363e-07,0.00010584065
L-BFGS-B,2239,1.8005645e-07,0.004286399,2.3948533e-07,0.00010579526
L-BFGS-B,2240,1.7714105e-07,0.0042301565,2.510385e-07,0.0001065285
L-BFGS-B,2241,1.79563e-07,0.0042754756,2.4059491e-07,0.00010577845
L-BFGS-B,2242,1.796165e-07,0.004276797,2.4011845e-07,0.00010572822
L-BFGS-B,2243,1.7942288e-07,0.004271379,2.4046727e-07,0.00010569731
L-BFGS-B,2244,1.7917478e-07,0.004266969,2.408329e-07,0.000105670835
L-BFGS-B,2245,1.7864036e-07,0.0042540915,2.4205477e-07,0.00010564518
L-BFGS-B,2246,1.7842672e-07,0.0042468095,2.4241115e-07,0.000105593776
L-BFGS-B,2247,1.7815572e-07,0.004234527,2.431039e-07,0.00010553421
L-BFGS-B,2248,1.7785493e-07,0.004224143,2.437548e-07,0.00010548289
L-BFGS-B,2249,1.779336e-07,0.004225204,2.4324908e-07,0.00010542944
L-BFGS-B,2250,1.7762034e-07,0.004207488,2.4496697e-07,0.00010546297
L-BFGS-B,2251,1.7773321e-07,0.0042156777,2.438154e-07,0.00010538907
L-BFGS-B,2252,1.7910018e-07,0.004283126,2.3880733e-07,0.00010551739
L-BFGS-B,2253,1.780903e-07,0.0042356905,2.416371e-07,0.00010531601
L-BFGS-B,2254,1.7858615e-07,0.0042524864,2.397471e-07,0.00010527484
L-BFGS-B,2255,1.7857529e-07,0.0042601735,2.3919156e-07,0.000105266765
L-BFGS-B,2256,1.78804e-07,0.00426081,2.385418e-07,0.00010520997
L-BFGS-B,2257,1.7891993e-07,0.0042582676,2.3836219e-07,0.000105175
L-BFGS-B,2258,1.7922133e-07,0.004254478,2.3793619e-07,0.00010511841
L-BFGS-B,2259,1.7994341e-07,0.004264436,2.3611784e-07,0.00010505355
L-BFGS-B,2260,1.8058329e-07,0.0042800233,2.3379489e-07,0.00010495696
L-BFGS-B,2261,1.8150297e-07,0.004311234,2.3068716e-07,0.00010494086
L-BFGS-B,2262,1.8091343e-07,0.004291606,2.3230999e-07,0.00010489958
L-BFGS-B,2263,1.8099536e-07,0.0043095225,2.3025939e-07,0.00010478344
L-BFGS-B,2264,1.8136404e-07,0.0043498077,2.2820174e-07,0.000104932944
L-BFGS-B,2265,1.8097825e-07,0.004316157,2.295428e-07,0.00010473972
L-BFGS-B,2266,1.7966659e-07,0.0043074205,2.3067902e-07,0.000104626044
L-BFGS-B,2267,1.7891773e-07,0.004306912,2.3151672e-07,0.00010463428
L-BFGS-B,2268,1.7923489e-07,0.004304924,2.3099975e-07,0.00010458444
L-BFGS-B,2269,1.7883664e-07,0.0043005045,2.3146156e-07,0.00010454977
L-BFGS-B,2270,1.7858201e-07,0.0042816764,2.3291517e-07,0.00010454134
L-BFGS-B,2271,1.7868406e-07,0.0042872247,2.3235476e-07,0.000104528066
L-BFGS-B,2272,1.7903515e-07,0.0042948984,2.3146302e-07,0.000104523715
L-BFGS-B,2273,1.8028673e-07,0.0043353518,2.28279e-07,0.00010463838
L-BFGS-B,2274,1.7927549e-07,0.004303121,2.3059536e-07,0.00010451184
L-BFGS-B,2275,1.7927636e-07,0.004305308,2.3031423e-07,0.00010449167
L-BFGS-B,2276,1.7913375e-07,0.0042972807,2.3081606e-07,0.000104465274
L-BFGS-B,2277,1.7997597e-07,0.0043316735,2.2741571e-07,0.00010442549
L-BFGS-B,2278,1.8052602e-07,0.004328716,2.265279e-07,0.00010434525
L-BFGS-B,2279,1.8023316e-07,0.0043134145,2.2722836e-07,0.00010425337
L-BFGS-B,2280,1.8027691e-07,0.0043079513,2.269582e-07,0.000104164785
L-BFGS-B,2281,1.8064937e-07,0.0043106037,2.2585522e-07,0.00010408173
L-BFGS-B,2282,1.8216508e-07,0.004323016,2.2361596e-07,0.000104097315
L-BFGS-B,2283,1.8119015e-07,0.0043099513,2.2463124e-07,0.00010397272
L-BFGS-B,2284,1.8132751e-07,0.0043017566,2.251221e-07,0.000103985
L-BFGS-B,2285,1.8115945e-07,0.0043008467,2.2480164e-07,0.000103902625
L-BFGS-B,2286,1.8170272e-07,0.0043132873,2.2349751e-07,0.00010391291
L-BFGS-B,2287,1.8120474e-07,0.004298703,2.2406991e-07,0.00010377822
L-BFGS-B,2288,1.8133645e-07,0.0042968504,2.2357716e-07,0.00010370555
L-BFGS-B,2289,1.8093368e-07,0.0042801066,2.244997e-07,0.00010361607
L-BFGS-B,2290,1.816387e-07,0.0042821513,2.2344105e-07,0.00010358347
L-BFGS-B,2291,1.814536e-07,0.004274304,2.2358735e-07,0.00010349919
L-BFGS-B,2292,1.8088544e-07,0.00426087,2.2460392e-07,0.0001034321
L-BFGS-B,2293,1.8039988e-07,0.004236342,2.2636243e-07,0.000103377766
L-BFGS-B,2294,1.8069184e-07,0.0042480393,2.2497657e-07,0.00010333065
L-BFGS-B,2295,1.8059791e-07,0.004247513,2.2485011e-07,0.00010329233
L-BFGS-B,2296,1.8063871e-07,0.0042457003,2.2451424e-07,0.00010322995
L-BFGS-B,2297,1.8042462e-07,0.004237338,2.2490961e-07,0.000103173516
L-BFGS-B,2298,1.8053223e-07,0.0042309547,2.2482841e-07,0.00010311364
L-BFGS-B,2299,1.8087053e-07,0.0042355927,2.2390886e-07,0.00010307283
L-BFGS-B,2300,1.8123737e-07,0.0042467457,2.225555e-07,0.000103036386
L-BFGS-B,2301,1.8179789e-07,0.0042649773,2.2049628e-07,0.0001029939
L-BFGS-B,2302,2.0506597e-07,0.00481809,2.6061267e-07,0.000118032694
L-BFGS-B,2303,1.8174124e-07,0.004258935,2.2089561e-07,0.00010298488
L-BFGS-B,2304,1.8205354e-07,0.004268356,2.1957678e-07,0.00010292811
L-BFGS-B,2305,1.8213728e-07,0.004265528,2.1918765e-07,0.00010285403
L-BFGS-B,2306,1.8193514e-07,0.0042488403,2.202682e-07,0.0001028189
L-BFGS-B,2307,1.8195516e-07,0.004236735,2.2068302e-07,0.00010276308
L-BFGS-B,2308,1.8180477e-07,0.0042150323,2.2194348e-07,0.000102712555
L-BFGS-B,2309,1.8215425e-07,0.0042028013,2.2236271e-07,0.00010270556
L-BFGS-B,2310,1.8194082e-07,0.004207704,2.221422e-07,0.0001026895
L-BFGS-B,2311,1.8233554e-07,0.0042007295,2.219438e-07,0.000102649195
L-BFGS-B,2312,1.8243786e-07,0.0042017456,2.2156044e-07,0.000102617196
L-BFGS-B,2313,1.8261238e-07,0.0042128656,2.2034472e-07,0.00010257222
L-BFGS-B,2314,1.8274727e-07,0.0042261677,2.1879991e-07,0.00010249375
L-BFGS-B,2315,1.8252288e-07,0.004242518,2.175601e-07,0.000102437625
L-BFGS-B,2316,1.8255457e-07,0.004244624,2.1710947e-07,0.000102395854
L-BFGS-B,2317,1.8208158e-07,0.004231932,2.1825288e-07,0.000102369486
L-BFGS-B,2318,1.8156713e-07,0.0042206366,2.1939117e-07,0.00010235011
L-BFGS-B,2319,1.8102078e-07,0.004206126,2.2096626e-07,0.00010235932
L-BFGS-B,2320,1.8128786e-07,0.0042131143,2.2004558e-07,0.000102331156
L-BFGS-B,2321,1.8116019e-07,0.0042177048,2.197393e-07,0.00010231197
L-BFGS-B,2322,1.814102e-07,0.0042345193,2.1825475e-07,0.00010229494
L-BFGS-B,2323,1.8115016e-07,0.004239056,2.1808502e-07,0.00010227584
L-BFGS-B,2324,1.8145708e-07,0.00423803,2.1759527e-07,0.000102238155
L-BFGS-B,2325,1.8298277e-07,0.004251831,2.1543198e-07,0.00010228052
L-BFGS-B,2326,1.8194442e-07,0.004241349,2.1675235e-07,0.00010221801
L-BFGS-B,2327,1.8215717e-07,0.0042460347,2.1606901e-07,0.00010219427
L-BFGS-B,2328,1.8223795e-07,0.0042472933,2.1571756e-07,0.00010216626
L-BFGS-B,2329,1.819441e-07,0.0042405836,2.1621862e-07,0.00010213024
L-BFGS-B,2330,1.8122873e-07,0.0042259293,2.1767806e-07,0.00010209531
L-BFGS-B,2331,1.8058537e-07,0.004210284,2.1917506e-07,0.0001020669
L-BFGS-B,2332,1.8012904e-07,0.004198909,2.2022648e-07,0.00010204241
L-BFGS-B,2333,1.7998669e-07,0.0041940697,2.206218e-07,0.000102031976
L-BFGS-B,2334,1.8006958e-07,0.004197089,2.2028426e-07,0.000102023965
L-BFGS-B,2335,1.8033346e-07,0.0042176284,2.1874467e-07,0.000102038
L-BFGS-B,2336,1.8014647e-07,0.004203544,2.1974418e-07,0.00010201904
L-BFGS-B,2337,1.8480002e-07,0.0043257293,2.3659257e-07,0.00010646618
L-BFGS-B,2338,1.8006155e-07,0.0042020604,2.1990506e-07,0.00010201559
L-BFGS-B,2339,1.8010797e-07,0.0042045475,2.1959345e-07,0.00010200069
L-BFGS-B,2340,1.8030394e-07,0.004215243,2.1837998e-07,0.00010195501
L-BFGS-B,2341,1.8025803e-07,0.0042190324,2.180282e-07,0.000101933256
L-BFGS-B,2342,1.8004994e-07,0.004222222,2.1784184e-07,0.000101905986
L-BFGS-B,2343,1.8012169e-07,0.004229142,2.1738515e-07,0.00010191744
L-BFGS-B,2344,1.8005538e-07,0.0042244256,2.1762581e-07,0.00010189644
L-BFGS-B,2345,1.8301168e-07,0.004303321,2.1422535e-07,0.00010261876
L-BFGS-B,2346,1.802428e-07,0.0042292825,2.1703102e-07,0.000101883896
L-BFGS-B,2347,1.8056502e-07,0.004251019,2.1499991e-07,0.000101844926
L-BFGS-B,2348,1.8059616e-07,0.0042499127,2.1509658e-07,0.000101853046
L-BFGS-B,2349,1.805302e-07,0.004248786,2.1497267e-07,0.00010181329
L-BFGS-B,2350,1.8040218e-07,0.004246648,2.1483055e-07,0.00010175139
L-BFGS-B,2351,1.7993023e-07,0.004230327,2.1595335e-07,0.0001016858
L-BFGS-B,2352,1.867195e-07,0.0045410707,2.2607404e-07,0.00010732974
L-BFGS-B,2353,1.7991509e-07,0.004235846,2.1518827e-07,0.00010162397
L-BFGS-B,2354,1.7991522e-07,0.0042376127,2.1468706e-07,0.00010156647
L-BFGS-B,2355,1.7979518e-07,0.0042462116,2.1362824e-07,0.00010147563
L-BFGS-B,2356,1.7954822e-07,0.0042431294,2.1381982e-07,0.0001014365
L-BFGS-B,2357,1.7950627e-07,0.004249065,2.1312594e-07,0.000101385485
L-BFGS-B,2358,1.7935507e-07,0.0042450433,2.1326876e-07,0.000101344005
L-BFGS-B,2359,1.7901378e-07,0.0042343857,2.1377703e-07,0.00010126247
L-BFGS-B,2360,1.783588e-07,0.0042191898,2.1471418e-07,0.000101152844
L-BFGS-B,2361,1.7744489e-07,0.004211248,2.1535686e-07,0.00010103274
L-BFGS-B,2362,1.7661236e-07,0.0041680923,2.2218275e-07,0.00010150019
L-BFGS-B,2363,1.7711834e-07,0.0041968357,2.1639896e-07,0.00010099595
L-BFGS-B,2364,1.7643187e-07,0.004195152,2.1674765e-07,0.000100928446
L-BFGS-B,2365,1.7629972e-07,0.0041995523,2.1641391e-07,0.000100902565
L-BFGS-B,2366,1.7613633e-07,0.0041979454,2.166395e-07,0.00010089583
L-BFGS-B,2367,1.760982e-07,0.0041969437,2.1666946e-07,0.00010088459
L-BFGS-B,2368,1.759487e-07,0.0041923225,2.1697413e-07,0.00010086165
L-BFGS-B,2369,1.7578564e-07,0.0041871625,2.1722894e-07,0.00010082381
L-BFGS-B,2370,1.7779341e-07,0.004220459,2.1918032e-07,0.00010175065
L-BFGS-B,2371,1.7580207e-07,0.004185603,2.1724841e-07,0.0001008136
L-BFGS-B,2372,1.7459571e-07,0.004180776,2.1863431e-07,0.000100792255
L-BFGS-B,2373,1.7485618e-07,0.00417161,2.1858023e-07,0.00010073156
L-BFGS-B,2374,1.7489157e-07,0.00416858,2.1847475e-07,0.00010069075
L-BFGS-B,2375,1.7481041e-07,0.0041652475,2.1841326e-07,0.000100636025
L-BFGS-B,2376,1.7450397e-07,0.0041551255,2.192309e-07,0.00010061149
L-BFGS-B,2377,1.8521654e-07,0.0045063747,2.477118e-07,0.00011000299
L-BFGS-B,2378,1.7436578e-07,0.0041528875,2.1946931e-07,0.000100604135
L-BFGS-B,2379,1.743193e-07,0.0041547623,2.1917617e-07,0.00010057194
L-BFGS-B,2380,1.7425951e-07,0.004157897,2.1867677e-07,0.00010051941
L-BFGS-B,2381,1.7389915e-07,0.004158538,2.1876252e-07,0.000100484634
L-BFGS-B,2382,1.7452159e-07,0.0041652946,2.1736264e-07,0.00010043558
L-BFGS-B,2383,1.7506595e-07,0.0041774735,2.1589436e-07,0.00010041878
L-BFGS-B,2384,1.7522306e-07,0.004179527,2.1549336e-07,0.00010040273
L-BFGS-B,2385,1.7550985e-07,0.0041839387,2.1485049e-07,0.00010039344
L-BFGS-B,2386,1.7567038e-07,0.0041845203,2.1462446e-07,0.00010038943
L-BFGS-B,2387,1.7583088e-07,0.0041895728,2.140911e-07,0.00010038403
L-BFGS-B,2388,1.7586773e-07,0.0041900305,2.1401137e-07,0.00010038217
L-BFGS-B,2389,1.758596e-07,0.004188211,2.1413118e-07,0.00010038073
L-BFGS-B,2390,1.7584671e-07,0.004187023,2.1421697e-07,0.00010037978
L-BFGS-B,2391,1.7583346e-07,0.0041851536,2.1434542e-07,0.00010037837
L-BFGS-B,2392,1.7619674e-07,0.0041889674,2.1376164e-07,0.00010038343
L-BFGS-B,2393,1.7597444e-07,0.004186521,2.1408498e-07,0.00010037412
L-BFGS-B,2394,1.7603826e-07,0.0041886535,2.13836e-07,0.00010036767
L-BFGS-B,2395,1.761892e-07,0.00419348,2.1325155e-07,0.00010035091
L-BFGS-B,2396,1.7609494e-07,0.004185327,2.1372382e-07,0.000100326084
L-BFGS-B,2397,1.7967841e-07,0.004273975,2.0616218e-07,0.000100615835
L-BFGS-B,2398,1.7673467e-07,0.0042000036,2.1195736e-07,0.000100303834
L-BFGS-B,2399,1.7647199e-07,0.0041887164,2.1258015e-07,0.000100244986
L-BFGS-B,2400,1.7572418e-07,0.0041616,2.1441173e-07,0.000100136385
L-BFGS-B,2401,1.7545962e-07,0.004153686,2.1467586e-07,0.00010005718
L-BFGS-B,2402,1.7540238e-07,0.004151686,2.1397017e-07,9.992275e-05
L-BFGS-B,2403,1.875194e-07,0.00481881,2.1662659e-07,0.000108809996
L-BFGS-B,2404,1.7538395e-07,0.004150807,2.1392451e-07,9.990434e-05
L-BFGS-B,2405,1.7475047e-07,0.0041400692,2.1560663e-07,9.995425e-05
L-BFGS-B,2406,1.7502208e-07,0.0041428427,2.1454251e-07,9.9863115e-05
L-BFGS-B,2407,1.7554747e-07,0.0041576964,2.1253952e-07,9.979002e-05
L-BFGS-B,2408,1.7582856e-07,0.004172842,2.1077486e-07,9.9718935e-05
L-BFGS-B,2409,1.7651962e-07,0.0041919854,2.083314e-07,9.96475e-05
L-BFGS-B,2410,1.7678687e-07,0.0042047156,2.0691918e-07,9.960306e-05
L-BFGS-B,2411,1.7686618e-07,0.0042078304,2.0634245e-07,9.9559606e-05
L-BFGS-B,2412,1.7702277e-07,0.0042103566,2.0583231e-07,9.9531826e-05
L-BFGS-B,2413,1.7768613e-07,0.004227658,2.0419354e-07,9.955853e-05
L-BFGS-B,2414,1.772444e-07,0.004215182,2.0517905e-07,9.951533e-05
L-BFGS-B,2415,1.7718716e-07,0.0042143967,2.0520962e-07,9.950348e-05
L-BFGS-B,2416,1.7725763e-07,0.0042179534,2.0475746e-07,9.94818e-05
L-BFGS-B,2417,1.853573e-07,0.004384578,2.1805627e-07,0.00010435782
L-BFGS-B,2418,1.7742742e-07,0.004219506,2.0442867e-07,9.947347e-05
L-BFGS-B,2419,1.7743562e-07,0.00422027,2.0418582e-07,9.944592e-05
L-BFGS-B,2420,1.7752063e-07,0.004219277,2.0399736e-07,9.9420475e-05
L-BFGS-B,2421,1.7755275e-07,0.004217049,2.0404093e-07,9.9409546e-05
L-BFGS-B,2422,1.7762032e-07,0.0042135045,2.0411495e-07,9.9395336e-05
L-BFGS-B,2423,1.7739983e-07,0.00421958,2.0384591e-07,9.938267e-05
L-BFGS-B,2424,1.7744617e-07,0.004205551,2.0456748e-07,9.935755e-05
L-BFGS-B,2425,1.7770046e-07,0.0042081554,2.0404626e-07,9.934355e-05
L-BFGS-B,2426,1.7754537e-07,0.004205879,2.0422571e-07,9.932445e-05
L-BFGS-B,2427,1.7731327e-07,0.0042016427,2.0465592e-07,9.93118e-05
L-BFGS-B,2428,1.7734736e-07,0.0041985926,2.0467661e-07,9.928952e-05
L-BFGS-B,2429,1.773874e-07,0.0041752085,2.0684475e-07,9.938691e-05
L-BFGS-B,2430,1.7732222e-07,0.0041915146,2.0509547e-07,9.927779e-05
L-BFGS-B,2431,1.7763138e-07,0.004192168,2.0462656e-07,9.926037e-05
L-BFGS-B,2432,1.7782257e-07,0.0041932585,2.0423307e-07,9.924093e-05
L-BFGS-B,2433,1.7811942e-07,0.004199021,2.0343114e-07,9.922279e-05
L-BFGS-B,2434,1.7823554e-07,0.0042030774,2.0295064e-07,9.920871e-05
L-BFGS-B,2435,1.7826945e-07,0.0042048087,2.0266253e-07,9.9187884e-05
L-BFGS-B,2436,1.7839197e-07,0.004207351,2.0243074e-07,9.9196914e-05
L-BFGS-B,2437,1.7829775e-07,0.0042052255,2.0255798e-07,9.9180616e-05
L-BFGS-B,2438,1.779499e-07,0.004196538,2.0331397e-07,9.915496e-05
L-BFGS-B,2439,1.7793258e-07,0.0041973395,2.0307475e-07,9.9124496e-05
L-BFGS-B,2440,1.7748052e-07,0.0041929125,2.032698e-07,9.9041674e-05
L-BFGS-B,2441,1.7732708e-07,0.00419303,2.03084e-07,9.899196e-05
L-BFGS-B,2442,1.8286563e-07,0.0044071153,2.383047e-07,0.0001072467
L-BFGS-B,2443,1.7716391e-07,0.004184636,2.0366144e-07,9.8970166e-05
L-BFGS-B,2444,1.7619342e-07,0.004184417,2.0393742e-07,9.88638e-05
L-BFGS-B,2445,1.7674087e-07,0.004182484,2.0288635e-07,9.876892e-05
L-BFGS-B,2446,1.76661e-07,0.004171449,2.0288986e-07,9.864713e-05
L-BFGS-B,2447,1.7561494e-07,0.004154496,2.0444992e-07,9.8554694e-05
L-BFGS-B,2448,1.7586808e-07,0.0041449126,2.043711e-07,9.8485005e-05
L-BFGS-B,2449,1.7598133e-07,0.0041465973,2.0374794e-07,9.842537e-05
L-BFGS-B,2450,1.7636324e-07,0.0041527865,2.0260441e-07,9.837301e-05
L-BFGS-B,2451,1.7599976e-07,0.0041514905,2.0275165e-07,9.832761e-05
L-BFGS-B,2452,1.7499481e-07,0.00413701,2.043698e-07,9.827479e-05
L-BFGS-B,2453,1.7435458e-07,0.0041234843,2.0578406e-07,9.825564e-05
L-BFGS-B,2454,1.7425356e-07,0.0041178474,2.0596566e-07,9.8211356e-05
L-BFGS-B,2455,1.7416933e-07,0.0041114045,2.0624542e-07,9.817625e-05
L-BFGS-B,2456,1.7398175e-07,0.0041006333,2.068514e-07,9.8131306e-05
L-BFGS-B,2457,1.7353318e-07,0.0040846756,2.0806117e-07,9.8085904e-05
L-BFGS-B,2458,1.7332368e-07,0.004083264,2.0796948e-07,9.802661e-05
L-BFGS-B,2459,1.7313997e-07,0.004088529,2.0746037e-07,9.797534e-05
L-BFGS-B,2460,1.724041e-07,0.004086949,2.0793912e-07,9.792097e-05
L-BFGS-B,2461,1.7187656e-07,0.0040685465,2.0938332e-07,9.787445e-05
L-BFGS-B,2462,1.70847e-07,0.0040652663,2.1089423e-07,9.791384e-05
L-BFGS-B,2463,1.7136985e-07,0.004065053,2.0984186e-07,9.7832286e-05
L-BFGS-B,2464,1.7752167e-07,0.00424303,2.2547808e-07,0.000102880265
L-BFGS-B,2465,1.7075908e-07,0.0040550884,2.1031232e-07,9.77116e-05
L-BFGS-B,2466,1.7035887e-07,0.004039992,2.1090784e-07,9.758993e-05
L-BFGS-B,2467,1.706542e-07,0.0040384308,2.1016518e-07,9.750722e-05
L-BFGS-B,2468,1.7142622e-07,0.004059643,2.0758606e-07,9.744827e-05
L-BFGS-B,2469,1.7148892e-07,0.00405474,2.0735835e-07,9.737449e-05
L-BFGS-B,2470,1.7197151e-07,0.004060575,2.0608594e-07,9.731436e-05
L-BFGS-B,2471,1.732632e-07,0.00406562,2.0449883e-07,9.73205e-05
L-BFGS-B,2472,1.7252073e-07,0.004060638,2.0522371e-07,9.726805e-05
L-BFGS-B,2473,1.7325193e-07,0.0040822676,2.0230517e-07,9.715625e-05
L-BFGS-B,2474,1.7343024e-07,0.004101827,2.0019313e-07,9.706177e-05
L-BFGS-B,2475,1.7386427e-07,0.004120885,1.982211e-07,9.702166e-05
L-BFGS-B,2476,1.7348292e-07,0.004124255,1.980693e-07,9.6975375e-05
L-BFGS-B,2477,1.7322854e-07,0.004119113,1.9850867e-07,9.695171e-05
L-BFGS-B,2478,1.7286281e-07,0.0041148267,1.9879336e-07,9.689669e-05
L-BFGS-B,2479,1.7278667e-07,0.004122826,1.9796887e-07,9.6841584e-05
L-BFGS-B,2480,1.7270932e-07,0.0041292063,1.9726038e-07,9.678752e-05
L-BFGS-B,2481,1.7292778e-07,0.0041370206,1.9624486e-07,9.67461e-05
L-BFGS-B,2482,1.7279567e-07,0.004130468,1.9653774e-07,9.670469e-05
L-BFGS-B,2483,1.7356368e-07,0.004141604,1.9492451e-07,9.668926e-05
L-BFGS-B,2484,1.7331139e-07,0.0041266535,1.9596256e-07,9.6657626e-05
L-BFGS-B,2485,1.7328426e-07,0.0041298894,1.9566835e-07,9.664179e-05
L-BFGS-B,2486,1.7271607e-07,0.0041215797,1.968295e-07,9.664764e-05
L-BFGS-B,2487,1.7301666e-07,0.004125742,1.9614902e-07,9.663226e-05
L-BFGS-B,2488,1.7390325e-07,0.004134794,1.9486833e-07,9.666368e-05
L-BFGS-B,2489,1.7333122e-07,0.0041270396,1.95588e-07,9.660827e-05
L-BFGS-B,2490,1.732252e-07,0.0041218116,1.9588983e-07,9.658537e-05
L-BFGS-B,2491,1.7310165e-07,0.0041154455,1.9629925e-07,9.656459e-05
L-BFGS-B,2492,1.7288058e-07,0.0041097593,1.9679702e-07,9.6549236e-05
L-BFGS-B,2493,1.7276918e-07,0.0041036336,1.9722627e-07,9.653565e-05
L-BFGS-B,2494,1.7285818e-07,0.004105908,1.969636e-07,9.653234e-05
L-BFGS-B,2495,1.729553e-07,0.004106411,1.9678043e-07,9.652447e-05
L-BFGS-B,2496,1.7312661e-07,0.0041072005,1.9652079e-07,9.6519114e-05
L-BFGS-B,2497,1.7329619e-07,0.0041063586,1.9633947e-07,9.6508935e-05
L-BFGS-B,2498,1.7350881e-07,0.0041100695,1.9583648e-07,9.650249e-05
L-BFGS-B,2499,1.7349898e-07,0.0041044545,1.9615004e-07,9.64919e-05
L-BFGS-B,2500,1.7334607e-07,0.004100041,1.9653727e-07,9.648291e-05
L-BFGS-B,2501,1.7330709e-07,0.004096342,1.9674478e-07,9.6471194e-05
L-BFGS-B,2502,1.7328189e-07,0.004095519,1.9671542e-07,9.645479e-05
L-BFGS-B,2503,1.7353055e-07,0.004098444,1.9612305e-07,9.643247e-05
L-BFGS-B,2504,1.7377556e-07,0.0041036997,1.9540981e-07,9.6414806e-05
L-BFGS-B,2505,1.746252e-07,0.0041169147,1.9356968e-07,9.639838e-05
L-BFGS-B,2506,1.7475251e-07,0.004117853,1.9324196e-07,9.63777e-05
L-BFGS-B,2507,1.7475324e-07,0.0041174586,1.9307943e-07,9.634948e-05
L-BFGS-B,2508,1.7547448e-07,0.004131428,1.9143863e-07,9.635125e-05
L-BFGS-B,2509,1.7508701e-07,0.004123591,1.9226157e-07,9.633819e-05
L-BFGS-B,2510,1.7529034e-07,0.004124224,1.9189741e-07,9.63204e-05
L-BFGS-B,2511,1.7581442e-07,0.004128944,1.9089629e-07,9.629605e-05
L-BFGS-B,2512,1.759862e-07,0.004131636,1.9046041e-07,9.628336e-05
L-BFGS-B,2513,1.7623213e-07,0.0041348785,1.8984416e-07,9.626023e-05
L-BFGS-B,2514,1.8992606e-07,0.0046356525,1.9442312e-07,0.0001040089
L-BFGS-B,2515,1.7634349e-07,0.00414235,1.8917542e-07,9.625134e-05
L-BFGS-B,2516,1.763723e-07,0.0041459315,1.8879452e-07,9.623433e-05
L-BFGS-B,2517,1.7641801e-07,0.0041523683,1.8819244e-07,9.6215255e-05
L-BFGS-B,2518,1.7636539e-07,0.0041550775,1.8798245e-07,9.620295e-05
L-BFGS-B,2519,1.7626671e-07,0.0041555488,1.8787907e-07,9.617735e-05
L-BFGS-B,2520,1.7790374e-07,0.004208978,1.8296699e-07,9.622039e-05
L-BFGS-B,2521,1.7682882e-07,0.004173714,1.8596953e-07,9.615689e-05
L-BFGS-B,2522,1.7673199e-07,0.004167606,1.86143e-07,9.610731e-05
L-BFGS-B,2523,1.7680051e-07,0.0041623507,1.8603892e-07,9.6049414e-05
L-BFGS-B,2524,1.7674394e-07,0.0041595944,1.860585e-07,9.601631e-05
L-BFGS-B,2525,1.765028e-07,0.00415709,1.8628971e-07,9.598977e-05
L-BFGS-B,2526,1.764324e-07,0.0041512256,1.8652176e-07,9.595538e-05
L-BFGS-B,2527,1.7628957e-07,0.004145496,1.8677761e-07,9.591504e-05
L-BFGS-B,2528,1.7649188e-07,0.004140742,1.8651888e-07,9.585904e-05
L-BFGS-B,2529,1.7669339e-07,0.004132873,1.8653522e-07,9.581302e-05
L-BFGS-B,2530,1.7728132e-07,0.0041318876,1.8562216e-07,9.5754396e-05
L-BFGS-B,2531,1.7783607e-07,0.004136934,1.8430258e-07,9.5690135e-05
L-BFGS-B,2532,1.7800575e-07,0.004095137,1.9032267e-07,9.620063e-05
L-BFGS-B,2533,1.7773438e-07,0.004124766,1.850494e-07,9.566524e-05
L-BFGS-B,2534,1.7819572e-07,0.004133078,1.836114e-07,9.560185e-05
L-BFGS-B,2535,1.776752e-07,0.0041334736,1.8369293e-07,9.553996e-05
L-BFGS-B,2536,1.7658422e-07,0.00412037,1.8528463e-07,9.548403e-05
L-BFGS-B,2537,1.7584304e-07,0.0041101477,1.8634762e-07,9.543007e-05
L-BFGS-B,2538,1.7530242e-07,0.0041010184,1.8705846e-07,9.536432e-05
L-BFGS-B,2539,1.7340182e-07,0.0041039158,1.9603189e-07,9.645422e-05
L-BFGS-B,2540,1.7491425e-07,0.004095313,1.877141e-07,9.534738e-05
L-BFGS-B,2541,1.7438462e-07,0.0040845266,1.8840483e-07,9.526368e-05
L-BFGS-B,2542,1.7445905e-07,0.0040853857,1.8785174e-07,9.520047e-05
L-BFGS-B,2543,4.203082e-07,0.014641161,2.9978574e-07,0.0002544257
L-BFGS-B,2544,1.7545447e-07,0.004102459,1.8731772e-07,9.5440424e-05
L-BFGS-B,2545,1.745372e-07,0.0040856027,1.8767926e-07,9.5188494e-05
L-BFGS-B,2546,1.7460324e-07,0.0040819496,1.8742043e-07,9.512305e-05
L-BFGS-B,2547,1.7510072e-07,0.004082186,1.8639196e-07,9.504576e-05
L-BFGS-B,2548,1.7435136e-07,0.0040573794,1.8861387e-07,9.501858e-05
L-BFGS-B,2549,1.7518488e-07,0.0040671616,1.867602e-07,9.4963376e-05
L-BFGS-B,2550,1.75199e-07,0.004068914,1.8658781e-07,9.495716e-05
L-BFGS-B,2551,1.7518032e-07,0.0040680026,1.8641016e-07,9.49186e-05
L-BFGS-B,2552,1.7520424e-07,0.004068465,1.8619669e-07,9.4894785e-05
L-BFGS-B,2553,1.752255e-07,0.0040693902,1.859043e-07,9.486337e-05
L-BFGS-B,2554,1.7557612e-07,0.0040676133,1.8568443e-07,9.4865216e-05
L-BFGS-B,2555,1.7537414e-07,0.004067918,1.8574966e-07,9.484775e-05
L-BFGS-B,2556,1.9774971e-07,0.0045744986,2.2865889e-07,0.00010970628
L-BFGS-B,2557,1.749656e-07,0.0040651658,1.8615927e-07,9.482038e-05
L-BFGS-B,2558,1.7489839e-07,0.0040584872,1.8630179e-07,9.4764895e-05
L-BFGS-B,2559,1.7501155e-07,0.004053245,1.8633365e-07,9.473423e-05
L-BFGS-B,2560,1.7353989e-07,0.0040378817,1.9005225e-07,9.491764e-05
L-BFGS-B,2561,1.7461186e-07,0.0040474962,1.8700025e-07,9.471678e-05
L-BFGS-B,2562,1.7315077e-07,0.004013229,1.9140076e-07,9.481502e-05
L-BFGS-B,2563,1.7384825e-07,0.004028902,1.885575e-07,9.4649884e-05
L-BFGS-B,2564,1.7334176e-07,0.004022993,1.8896648e-07,9.4576164e-05
L-BFGS-B,2565,1.7406259e-07,0.004017491,1.8810837e-07,9.450055e-05
L-BFGS-B,2566,1.7331139e-07,0.0040021352,1.8932134e-07,9.441626e-05
L-BFGS-B,2567,1.7302207e-07,0.003993889,1.899521e-07,9.438502e-05
L-BFGS-B,2568,1.7236793e-07,0.003976458,1.915711e-07,9.435544e-05
L-BFGS-B,2569,1.7190284e-07,0.0039649094,1.9256487e-07,9.431925e-05
L-BFGS-B,2570,1.7178716e-07,0.003956962,1.9295128e-07,9.428038e-05
L-BFGS-B,2571,1.710101e-07,0.0039405646,1.9457156e-07,9.4242896e-05
L-BFGS-B,2572,1.7115143e-07,0.00394309,1.9404412e-07,9.421023e-05
L-BFGS-B,2573,1.709273e-07,0.0039371466,1.9457495e-07,9.41968e-05
L-BFGS-B,2574,1.7084355e-07,0.003934166,1.947797e-07,9.418515e-05
L-BFGS-B,2575,1.7093542e-07,0.003936759,1.943823e-07,9.416525e-05
L-BFGS-B,2576,1.7104652e-07,0.0039429967,1.9367114e-07,9.413762e-05
L-BFGS-B,2577,1.7291781e-07,0.0039550257,1.9237683e-07,9.434445e-05
L-BFGS-B,2578,1.712051e-07,0.003943264,1.9347468e-07,9.413461e-05
L-BFGS-B,2579,1.7091187e-07,0.0039537437,1.9297516e-07,9.412049e-05
L-BFGS-B,2580,1.7082344e-07,0.0039487453,1.9332363e-07,9.4109506e-05
L-BFGS-B,2581,1.7080195e-07,0.0039446163,1.9356662e-07,9.4101444e-05
L-BFGS-B,2582,1.7065135e-07,0.0039358875,1.9419561e-07,9.408592e-05
L-BFGS-B,2583,1.705246e-07,0.0039268555,1.948043e-07,9.4067895e-05
L-BFGS-B,2584,1.7074042e-07,0.003924992,1.9458469e-07,9.404868e-05
L-BFGS-B,2585,1.7082561e-07,0.0039270003,1.9422698e-07,9.402789e-05
L-BFGS-B,2586,1.7107774e-07,0.0039325883,1.9348298e-07,9.400999e-05
L-BFGS-B,2587,1.712274e-07,0.0039416505,1.9264687e-07,9.3997645e-05
L-BFGS-B,2588,1.7082652e-07,0.0039362046,1.933761e-07,9.3992436e-05
L-BFGS-B,2589,1.7071959e-07,0.0039308867,1.9372955e-07,9.397624e-05
L-BFGS-B,2590,1.704625e-07,0.0039266367,1.9407052e-07,9.394632e-05
L-BFGS-B,2591,1.6980603e-07,0.003913426,1.9526838e-07,9.389542e-05
L-BFGS-B,2592,1.6921153e-07,0.0039016309,1.962851e-07,9.3840805e-05
L-BFGS-B,2593,1.6898434e-07,0.0038957605,1.9670156e-07,9.381049e-05
L-BFGS-B,2594,1.6924744e-07,0.0038962767,1.9622203e-07,9.3783194e-05
L-BFGS-B,2595,1.6929907e-07,0.0038980271,1.9591452e-07,9.3762304e-05
L-BFGS-B,2596,1.6938114e-07,0.0038974804,1.9575815e-07,9.374569e-05
L-BFGS-B,2597,1.6923143e-07,0.0038908734,1.9627903e-07,9.37353e-05
L-BFGS-B,2598,1.6896773e-07,0.0038854375,1.9685103e-07,9.372719e-05
L-BFGS-B,2599,1.6855255e-07,0.0038702919,1.9820646e-07,9.3716764e-05
L-BFGS-B,2600,1.6829277e-07,0.0038629617,1.988667e-07,9.370354e-05
L-BFGS-B,2601,1.6782295e-07,0.0038506063,2.0002365e-07,9.368305e-05
L-BFGS-B,2602,1.6726428e-07,0.0038379636,2.0131446e-07,9.3666444e-05
L-BFGS-B,2603,1.6739983e-07,0.003841755,2.0073414e-07,9.3637645e-05
L-BFGS-B,2604,1.6757099e-07,0.0038396174,2.0048878e-07,9.360514e-05
L-BFGS-B,2605,1.6791007e-07,0.0038456786,1.9954828e-07,9.357554e-05
L-BFGS-B,2606,1.6793288e-07,0.0038379135,1.9982318e-07,9.354254e-05
L-BFGS-B,2607,1.6773859e-07,0.0038285174,2.0036066e-07,9.350006e-05
L-BFGS-B,2608,1.6753133e-07,0.0038216189,2.0065082e-07,9.344351e-05
L-BFGS-B,2609,1.6709461e-07,0.003801025,2.0213334e-07,9.339444e-05
L-BFGS-B,2610,1.6680075e-07,0.0037941115,2.0233026e-07,9.3310766e-05
L-BFGS-B,2611,1.6665585e-07,0.0037838821,2.0277693e-07,9.325374e-05
L-BFGS-B,2612,1.669124e-07,0.0037788225,2.0216325e-07,9.3149574e-05
L-BFGS-B,2613,1.6785113e-07,0.0038031142,1.9882454e-07,9.303249e-05
L-BFGS-B,2614,1.6850211e-07,0.0038140535,1.9688748e-07,9.2948976e-05
L-BFGS-B,2615,1.6971667e-07,0.003864278,1.9275424e-07,9.301341e-05
L-BFGS-B,2616,1.6881921e-07,0.003828744,1.9546061e-07,9.292941e-05
L-BFGS-B,2617,1.6932322e-07,0.0038492118,1.9329661e-07,9.288509e-05
L-BFGS-B,2618,1.6968713e-07,0.0038607717,1.9181078e-07,9.28324e-05
L-BFGS-B,2619,1.70087e-07,0.0038770095,1.898828e-07,9.2765564e-05
L-BFGS-B,2620,1.7073351e-07,0.003894407,1.8777214e-07,9.2719914e-05
L-BFGS-B,2621,1.7099666e-07,0.003892164,1.8725194e-07,9.2658935e-05
L-BFGS-B,2622,1.7122662e-07,0.0038880047,1.8681857e-07,9.258682e-05
L-BFGS-B,2623,1.718275e-07,0.0038871306,1.8619322e-07,9.257441e-05
L-BFGS-B,2624,1.715885e-07,0.0038884175,1.8615205e-07,9.254526e-05
L-BFGS-B,2625,1.7182663e-07,0.0038988697,1.8509641e-07,9.2527145e-05
L-BFGS-B,2626,1.7212517e-07,0.0038979254,1.8507384e-07,9.25591e-05
L-BFGS-B,2627,1.718905e-07,0.0038976793,1.8505328e-07,9.2518356e-05
L-BFGS-B,2628,1.718894e-07,0.0038951284,1.8507305e-07,9.249565e-05
L-BFGS-B,2629,1.7210803e-07,0.0038935526,1.847032e-07,9.245721e-05
L-BFGS-B,2630,1.7224025e-07,0.0038956553,1.8418756e-07,9.242073e-05
L-BFGS-B,2631,1.7234919e-07,0.0038941647,1.8392352e-07,9.238256e-05
L-BFGS-B,2632,1.7235723e-07,0.0039014583,1.8323101e-07,9.235282e-05
L-BFGS-B,2633,1.721274e-07,0.003899408,1.8342595e-07,9.2327085e-05
L-BFGS-B,2634,1.721537e-07,0.0039004262,1.8316017e-07,9.230134e-05
L-BFGS-B,2635,1.7214748e-07,0.0039006406,1.8304536e-07,9.2285336e-05
L-BFGS-B,2636,1.7206251e-07,0.0038972804,1.8300416e-07,9.22328e-05
L-BFGS-B,2637,1.7161427e-07,0.003889276,1.8376878e-07,9.2200215e-05
L-BFGS-B,2638,1.7125981e-07,0.003889968,1.8397833e-07,9.218539e-05
L-BFGS-B,2639,1.7101252e-07,0.0038843409,1.8436388e-07,9.214987e-05
L-BFGS-B,2640,1.7086393e-07,0.0038849823,1.8438553e-07,9.213724e-05
L-BFGS-B,2641,1.708952e-07,0.0038909297,1.8389086e-07,9.212721e-05
L-BFGS-B,2642,1.709179e-07,0.00389375,1.8364425e-07,9.212182e-05
L-BFGS-B,2643,1.7082073e-07,0.0039032695,1.830826e-07,9.211819e-05
L-BFGS-B,2644,1.710475e-07,0.0039055133,1.825079e-07,9.208844e-05
L-BFGS-B,2645,1.7112696e-07,0.0039057117,1.8228211e-07,9.2068476e-05
L-BFGS-B,2646,1.7089495e-07,0.0038968676,1.8296956e-07,9.204836e-05
L-BFGS-B,2647,1.7101287e-07,0.0038981515,1.8266157e-07,9.203268e-05
L-BFGS-B,2648,1.707739e-07,0.0038969498,1.8295847e-07,9.202935e-05
L-BFGS-B,2649,1.7038379e-07,0.00391328,1.8384682e-07,9.2267386e-05
L-BFGS-B,2650,1.7062585e-07,0.0038976406,1.8296576e-07,9.201515e-05
L-BFGS-B,2651,1.7049001e-07,0.0038924345,1.8334367e-07,9.199939e-05
L-BFGS-B,2652,1.7044619e-07,0.0038906927,1.8344865e-07,9.1991154e-05
L-BFGS-B,2653,1.7036493e-07,0.003890202,1.8344419e-07,9.197339e-05
L-BFGS-B,2654,1.6892935e-07,0.0038331554,1.9423051e-07,9.280554e-05
L-BFGS-B,2655,1.7006143e-07,0.0038803958,1.8433084e-07,9.19628e-05
L-BFGS-B,2656,1.7020257e-07,0.0038852438,1.8368333e-07,9.193532e-05
L-BFGS-B,2657,1.7117236e-07,0.0039123297,1.8089247e-07,9.193303e-05
L-BFGS-B,2658,1.7068737e-07,0.003898803,1.8222129e-07,9.192433e-05
L-BFGS-B,2659,1.7006852e-07,0.0038863258,1.8364096e-07,9.1919675e-05
L-BFGS-B,2660,1.7036912e-07,0.003894861,1.8272263e-07,9.191237e-05
L-BFGS-B,2661,1.7049202e-07,0.0038956595,1.8250707e-07,9.1906455e-05
L-BFGS-B,2662,1.7041211e-07,0.0038951305,1.8260697e-07,9.190416e-05
L-BFGS-B,2663,1.7041471e-07,0.0038945286,1.8262735e-07,9.1901595e-05
L-BFGS-B,2664,1.7052035e-07,0.0038967794,1.8232579e-07,9.189471e-05
L-BFGS-B,2665,1.7035856e-07,0.0038954476,1.8254445e-07,9.188993e-05
L-BFGS-B,2666,1.7001527e-07,0.003929624,1.8259541e-07,9.218784e-05
L-BFGS-B,2667,1.7032039e-07,0.003896261,1.8252389e-07,9.1889255e-05
L-BFGS-B,2668,1.7044475e-07,0.003922673,1.849987e-07,9.254325e-05
L-BFGS-B,2669,1.703048e-07,0.003896236,1.8253938e-07,9.1888985e-05
L-BFGS-B,2670,1.7031095e-07,0.003897795,1.8240449e-07,9.188526e-05
L-BFGS-B,2671,1.7021216e-07,0.0038955535,1.8264086e-07,9.1883485e-05
L-BFGS-B,2672,1.7007518e-07,0.0038933775,1.8289651e-07,9.187953e-05
L-BFGS-B,2673,1.6991217e-07,0.0038893984,1.8329101e-07,9.187446e-05
L-BFGS-B,2674,1.7002995e-07,0.0038999896,1.8248917e-07,9.1877766e-05
L-BFGS-B,2675,1.6995581e-07,0.0038936527,1.8293802e-07,9.187061e-05
L-BFGS-B,2676,1.6972281e-07,0.0038840163,1.8375526e-07,9.1861875e-05
L-BFGS-B,2677,1.6973044e-07,0.00388385,1.8370777e-07,9.1854236e-05
L-BFGS-B,2678,1.7002354e-07,0.0038900939,1.8289477e-07,9.183868e-05
L-BFGS-B,2679,1.7002522e-07,0.0038847555,1.8327424e-07,9.184247e-05
L-BFGS-B,2680,1.7000255e-07,0.0038871192,1.8305691e-07,9.183011e-05
L-BFGS-B,2681,1.7030862e-07,0.0038988458,1.8192233e-07,9.1823094e-05
L-BFGS-B,2682,1.7031213e-07,0.0038988427,1.8187384e-07,9.181633e-05
L-BFGS-B,2683,1.7022647e-07,0.0038986222,1.8192392e-07,9.180878e-05
L-BFGS-B,2684,1.7022673e-07,0.0038985468,1.8189859e-07,9.180427e-05
L-BFGS-B,2685,1.7011878e-07,0.0038970655,1.8205182e-07,9.1796246e-05
L-BFGS-B,2686,1.7129392e-07,0.0039201044,1.8106923e-07,9.205552e-05
L-BFGS-B,2687,1.701997e-07,0.0038980849,1.8187274e-07,9.179171e-05
L-BFGS-B,2688,1.7023947e-07,0.00389893,1.8171431e-07,9.178237e-05
L-BFGS-B,2689,1.701707e-07,0.0038950678,1.8192961e-07,9.176572e-05
L-BFGS-B,2690,1.7026369e-07,0.0038991813,1.8147423e-07,9.17525e-05
L-BFGS-B,2691,1.7027462e-07,0.0039018835,1.8113785e-07,9.1730704e-05
L-BFGS-B,2692,1.6987748e-07,0.0039019017,1.815213e-07,9.1728834e-05
L-BFGS-B,2693,1.7005505e-07,0.0039014688,1.8131446e-07,9.172011e-05
L-BFGS-B,2694,1.7018223e-07,0.003908428,1.8062357e-07,9.170515e-05
L-BFGS-B,2695,1.700428e-07,0.0039032067,1.8104951e-07,9.169591e-05
L-BFGS-B,2696,1.6986692e-07,0.003897824,1.8151118e-07,9.168495e-05
L-BFGS-B,2697,1.6955308e-07,0.0038914545,1.8218167e-07,9.167475e-05
L-BFGS-B,2698,1.6935283e-07,0.003886042,1.8266711e-07,9.16634e-05
L-BFGS-B,2699,1.6895284e-07,0.0038792484,1.8348882e-07,9.165874e-05
L-BFGS-B,2700,1.6908564e-07,0.0038778738,1.8340411e-07,9.16522e-05
L-BFGS-B,2701,1.6976142e-07,0.0039020882,1.8131735e-07,9.16827e-05
L-BFGS-B,2702,1.6923943e-07,0.0038837416,1.8283056e-07,9.164791e-05
L-BFGS-B,2703,1.685084e-07,0.0038711352,1.8437495e-07,9.164385e-05
L-BFGS-B,2704,1.6892706e-07,0.003878019,1.8341457e-07,9.163143e-05
L-BFGS-B,2705,1.6900796e-07,0.003879898,1.8317346e-07,9.1626185e-05
L-BFGS-B,2706,1.6902007e-07,0.003881989,1.829802e-07,9.161993e-05
L-BFGS-B,2707,1.6903428e-07,0.0038851334,1.8271488e-07,9.161371e-05
L-BFGS-B,2708,1.6902396e-07,0.003891574,1.822131e-07,9.16013e-05
L-BFGS-B,2709,1.6923146e-07,0.0039014223,1.8130811e-07,9.159515e-05
L-BFGS-B,2710,1.6925414e-07,0.0039039375,1.8106172e-07,9.158676e-05
L-BFGS-B,2711,1.6931712e-07,0.003904386,1.8094741e-07,9.158354e-05
L-BFGS-B,2712,1.6917411e-07,0.0038937686,1.8166921e-07,9.156419e-05
L-BFGS-B,2713,1.7011834e-07,0.003931782,1.8554604e-07,9.266748e-05
L-BFGS-B,2714,1.6911527e-07,0.0038941638,1.8165048e-07,9.15565e-05
L-BFGS-B,2715,1.6908814e-07,0.0038919144,1.8169281e-07,9.153629e-05
L-BFGS-B,2716,1.6920703e-07,0.0039010239,1.8078983e-07,9.150977e-05
L-BFGS-B,2717,1.6917275e-07,0.0039061864,1.8040002e-07,9.149777e-05
L-BFGS-B,2718,1.691373e-07,0.0039181923,1.7949482e-07,9.147674e-05
L-BFGS-B,2719,1.688551e-07,0.0039191223,1.7961781e-07,9.146216e-05
L-BFGS-B,2720,1.6886145e-07,0.003923967,1.7937329e-07,9.147488e-05
L-BFGS-B,2721,1.6884822e-07,0.0039203563,1.7951858e-07,9.145858e-05
L-BFGS-B,2722,1.6867432e-07,0.0039207004,1.795983e-07,9.14479e-05
L-BFGS-B,2723,1.6853834e-07,0.0039156545,1.7999889e-07,9.143713e-05
L-BFGS-B,2724,1.6676213e-07,0.003882774,1.8451277e-07,9.1518974e-05
L-BFGS-B,2725,1.6812129e-07,0.0039077243,1.8090138e-07,9.1430644e-05
L-BFGS-B,2726,1.6793093e-07,0.0039106817,1.8080675e-07,9.1417474e-05
L-BFGS-B,2727,1.6805022e-07,0.003913221,1.8046595e-07,9.140963e-05
L-BFGS-B,2728,1.6813318e-07,0.003915395,1.8021068e-07,9.140553e-05
L-BFGS-B,2729,1.6814755e-07,0.0039184187,1.7996484e-07,9.1401045e-05
L-BFGS-B,2730,1.6813863e-07,0.003920788,1.797736e-07,9.1394715e-05
L-BFGS-B,2731,1.6818085e-07,0.003926525,1.7930525e-07,9.138816e-05
L-BFGS-B,2732,1.6801057e-07,0.0039222217,1.7966475e-07,9.137351e-05
L-BFGS-B,2733,1.6794856e-07,0.003918963,1.7983466e-07,9.1357106e-05
L-BFGS-B,2734,1.6771037e-07,0.0039112265,1.8041153e-07,9.133055e-05
L-BFGS-B,2735,1.6773906e-07,0.0039118724,1.8024615e-07,9.1316506e-05
L-BFGS-B,2736,1.6776104e-07,0.0039155264,1.7984492e-07,9.1296155e-05
L-BFGS-B,2737,1.6788537e-07,0.0039201234,1.7929716e-07,9.127861e-05
L-BFGS-B,2738,1.6791782e-07,0.0039238753,1.7893103e-07,9.1266076e-05
L-BFGS-B,2739,1.6789713e-07,0.0039240494,1.7887561e-07,9.12564e-05
L-BFGS-B,2740,1.6777372e-07,0.0039224513,1.7905207e-07,9.124838e-05
L-BFGS-B,2741,1.6751223e-07,0.0039142678,1.7975084e-07,9.1232134e-05
L-BFGS-B,2742,1.6751491e-07,0.003913438,1.7971027e-07,9.121816e-05
L-BFGS-B,2743,1.6783257e-07,0.003919505,1.788132e-07,9.119191e-05
L-BFGS-B,2744,1.6809692e-07,0.0039290916,1.7775797e-07,9.1169146e-05
L-BFGS-B,2745,1.69342e-07,0.003921024,1.7737955e-07,9.121847e-05
L-BFGS-B,2746,1.6845927e-07,0.003924941,1.7755272e-07,9.115121e-05
L-BFGS-B,2747,1.6871422e-07,0.0039279517,1.7690856e-07,9.1122936e-05
L-BFGS-B,2748,1.6929435e-07,0.003930288,1.7589332e-07,9.108103e-05
L-BFGS-B,2749,1.6919904e-07,0.0039336304,1.7568996e-07,9.1069654e-05
L-BFGS-B,2750,1.6921392e-07,0.003931274,1.7576605e-07,9.105974e-05
L-BFGS-B,2751,1.6922493e-07,0.003927247,1.7599992e-07,9.1056194e-05
L-BFGS-B,2752,1.6909776e-07,0.003922299,1.7636299e-07,9.10421e-05
L-BFGS-B,2753,1.6904504e-07,0.0039213165,1.7644261e-07,9.103631e-05
L-BFGS-B,2754,1.6894704e-07,0.0039194142,1.7657105e-07,9.102186e-05
L-BFGS-B,2755,1.6890588e-07,0.0039182818,1.7660868e-07,9.1010006e-05
L-BFGS-B,2756,1.6888688e-07,0.003916281,1.766231e-07,9.09893e-05
L-BFGS-B,2757,1.6889632e-07,0.0039139786,1.7659282e-07,9.0963156e-05
L-BFGS-B,2758,1.6893824e-07,0.0039121737,1.7644477e-07,9.092919e-05
L-BFGS-B,2759,1.6891937e-07,0.003908614,1.7637755e-07,9.088068e-05
L-BFGS-B,2760,1.6880131e-07,0.003902192,1.7655277e-07,9.082503e-05
L-BFGS-B,2761,1.6848836e-07,0.0038925551,1.7697081e-07,9.074442e-05
L-BFGS-B,2762,1.6806919e-07,0.00388596,1.7739372e-07,9.067903e-05
L-BFGS-B,2763,1.6777368e-07,0.0038686206,1.7846138e-07,9.062146e-05
L-BFGS-B,2764,1.6794579e-07,0.0038772312,1.7746389e-07,9.0583766e-05
L-BFGS-B,2765,1.6880276e-07,0.0038961775,1.7535974e-07,9.058615e-05
L-BFGS-B,2766,1.6832605e-07,0.0038855446,1.7633762e-07,9.0555e-05
L-BFGS-B,2767,1.6832678e-07,0.0038864366,1.7628011e-07,9.05554e-05
L-BFGS-B,2768,1.6830342e-07,0.003885292,1.7621933e-07,9.053133e-05
L-BFGS-B,2769,1.6873376e-07,0.0038905614,1.7525507e-07,9.050394e-05
L-BFGS-B,2770,1.6861146e-07,0.0038884406,1.7512801e-07,9.044533e-05
L-BFGS-B,2771,1.6897177e-07,0.0038875453,1.7492435e-07,9.045987e-05
L-BFGS-B,2772,1.6866366e-07,0.0038859057,1.7492637e-07,9.039756e-05
L-BFGS-B,2773,1.6853042e-07,0.003894063,1.7409495e-07,9.033443e-05
L-BFGS-B,2774,1.6899463e-07,0.003913726,1.7208511e-07,9.029922e-05
L-BFGS-B,2775,1.6901086e-07,0.0039198576,1.7160362e-07,9.029074e-05
L-BFGS-B,2776,1.6924936e-07,0.003919494,1.71234e-07,9.026744e-05
L-BFGS-B,2777,1.6926141e-07,0.003915571,1.713899e-07,9.025341e-05
L-BFGS-B,2778,1.6918706e-07,0.003909482,1.7179045e-07,9.024145e-05
L-BFGS-B,2779,1.6895672e-07,0.0039015308,1.7243653e-07,9.022429e-05
L-BFGS-B,2780,1.6863665e-07,0.003891779,1.733298e-07,9.021276e-05
L-BFGS-B,2781,1.6821717e-07,0.0038802698,1.7438614e-07,9.019319e-05
L-BFGS-B,2782,1.678778e-07,0.003872177,1.7514651e-07,9.017542e-05
L-BFGS-B,2783,1.6774666e-07,0.0038647435,1.7565533e-07,9.015774e-05
L-BFGS-B,2784,1.6757822e-07,0.0038549046,1.7630646e-07,9.013175e-05
L-BFGS-B,2785,1.6759476e-07,0.0038532757,1.7625221e-07,9.01098e-05
L-BFGS-B,2786,1.6745336e-07,0.0038531104,1.7618537e-07,9.0076916e-05
L-BFGS-B,2787,1.6733942e-07,0.0038582408,1.7576241e-07,9.004768e-05
L-BFGS-B,2788,1.6692404e-07,0.0038587418,1.7600493e-07,9.002676e-05
L-BFGS-B,2789,1.6686897e-07,0.0038635058,1.7563416e-07,9.001052e-05
L-BFGS-B,2790,1.6651535e-07,0.0038635982,1.7587222e-07,8.9994115e-05
L-BFGS-B,2791,1.7063469e-07,0.0040271776,1.7701548e-07,9.2419294e-05
L-BFGS-B,2792,1.6656844e-07,0.0038680623,1.7545757e-07,8.9984525e-05
L-BFGS-B,2793,1.6650495e-07,0.003865058,1.7563919e-07,8.99722e-05
L-BFGS-B,2794,1.6631853e-07,0.0038567297,1.7623259e-07,8.994997e-05
L-BFGS-B,2795,1.662721e-07,0.0038526165,1.764774e-07,8.9938585e-05
L-BFGS-B,2796,1.661108e-07,0.0038445173,1.7707767e-07,8.992344e-05
L-BFGS-B,2797,1.6627727e-07,0.0038448477,1.7682211e-07,8.991339e-05
L-BFGS-B,2798,1.6631373e-07,0.0038451517,1.7673293e-07,8.990851e-05
L-BFGS-B,2799,1.6637074e-07,0.0038453497,1.7660543e-07,8.989992e-05
L-BFGS-B,2800,1.6640728e-07,0.0038428209,1.766589e-07,8.988813e-05
L-BFGS-B,2801,1.6631492e-07,0.0038331808,1.7724263e-07,8.986544e-05
L-BFGS-B,2802,1.6614246e-07,0.003823704,1.7795801e-07,8.985211e-05
L-BFGS-B,2803,1.6591655e-07,0.003826225,1.7804652e-07,8.985671e-05
L-BFGS-B,2804,1.6602095e-07,0.0038242082,1.7798644e-07,8.984319e-05
L-BFGS-B,2805,1.6588658e-07,0.003820641,1.7828951e-07,8.9832814e-05
L-BFGS-B,2806,1.6586824e-07,0.0038197879,1.7830185e-07,8.982339e-05
L-BFGS-B,2807,1.6584217e-07,0.0038199124,1.782532e-07,8.981343e-05
L-BFGS-B,2808,1.6583611e-07,0.003820825,1.7815346e-07,8.980669e-05
L-BFGS-B,2809,1.6569315e-07,0.0038264915,1.780041e-07,8.98195e-05
L-BFGS-B,2810,1.6577833e-07,0.0038222119,1.7809602e-07,8.9803274e-05
L-BFGS-B,2811,1.6542047e-07,0.0038114395,1.7913632e-07,8.979791e-05
L-BFGS-B,2812,1.6536866e-07,0.003814337,1.789848e-07,8.979639e-05
L-BFGS-B,2813,1.6543525e-07,0.0038148167,1.7882354e-07,8.978698e-05
L-BFGS-B,2814,1.6536805e-07,0.0038129857,1.7899346e-07,8.978408e-05
L-BFGS-B,2815,1.6526265e-07,0.0038098034,1.7926494e-07,8.9777175e-05
L-BFGS-B,2816,1.65106e-07,0.0038070052,1.7957933e-07,8.977285e-05
L-BFGS-B,2817,1.6506806e-07,0.0038057484,1.7967383e-07,8.976877e-05
L-BFGS-B,2818,1.651216e-07,0.003808381,1.794097e-07,8.9763504e-05
L-BFGS-B,2819,1.6499325e-07,0.0038053098,1.797151e-07,8.975935e-05
L-BFGS-B,2820,1.6519373e-07,0.0038075086,1.7936361e-07,8.975869e-05
L-BFGS-B,2821,1.6509185e-07,0.0038062998,1.7952225e-07,8.975511e-05
L-BFGS-B,2822,1.6496965e-07,0.003803251,1.7980454e-07,8.974864e-05
L-BFGS-B,2823,1.6500454e-07,0.0037920007,1.8060878e-07,8.9762005e-05
L-BFGS-B,2824,1.6497053e-07,0.0037994199,1.8003658e-07,8.974527e-05
L-BFGS-B,2825,1.6469102e-07,0.0037807426,1.8304677e-07,8.996809e-05
L-BFGS-B,2826,1.6491873e-07,0.0037968776,1.8024375e-07,8.9743146e-05
L-BFGS-B,2827,1.64967e-07,0.0037968957,1.80149e-07,8.9736364e-05
L-BFGS-B,2828,1.6518345e-07,0.003803093,1.7947235e-07,8.97293e-05
L-BFGS-B,2829,1.6541921e-07,0.003806819,1.7892604e-07,8.971997e-05
L-BFGS-B,2830,1.6555929e-07,0.003807254,1.7868977e-07,8.9709894e-05
L-BFGS-B,2831,1.6641539e-07,0.0038151618,1.7796228e-07,8.9808265e-05
L-BFGS-B,2832,1.6564141e-07,0.0038075468,1.7857097e-07,8.9707326e-05
L-BFGS-B,2833,1.656488e-07,0.0038051053,1.7867893e-07,8.970022e-05
L-BFGS-B,2834,1.6549095e-07,0.003803635,1.7887983e-07,8.969197e-05
L-BFGS-B,2835,1.6512595e-07,0.0037922612,1.8000506e-07,8.9692265e-05
L-BFGS-B,2836,1.6530933e-07,0.0037980012,1.7941655e-07,8.968889e-05
L-BFGS-B,2837,1.6517333e-07,0.0037961078,1.7964393e-07,8.9683665e-05
L-BFGS-B,2838,1.6491316e-07,0.0037923215,1.8011447e-07,8.9677356e-05
L-BFGS-B,2839,1.6487819e-07,0.0037914217,1.8018976e-07,8.967441e-05
L-BFGS-B,2840,1.6482927e-07,0.0037895422,1.803193e-07,8.966771e-05
L-BFGS-B,2841,1.6491775e-07,0.0037943264,1.7988643e-07,8.966389e-05
L-BFGS-B,2842,1.6494165e-07,0.0037946329,1.7978915e-07,8.965595e-05
L-BFGS-B,2843,1.6490634e-07,0.00379457,1.7976664e-07,8.9646644e-05
L-BFGS-B,2844,1.6554453e-07,0.0038147175,1.7769912e-07,8.963372e-05
L-BFGS-B,2845,1.6305945e-07,0.0037596584,1.8834456e-07,9.0307185e-05
L-BFGS-B,2846,1.65229e-07,0.0038071582,1.7848092e-07,8.962807e-05
L-BFGS-B,2847,1.6510856e-07,0.0038060115,1.7860508e-07,8.961716e-05
L-BFGS-B,2848,1.6517933e-07,0.0038045968,1.7845727e-07,8.9591456e-05
L-BFGS-B,2849,1.6481958e-07,0.0038449622,1.7797747e-07,8.986918e-05
L-BFGS-B,2850,1.6507163e-07,0.0038080106,1.7828788e-07,8.9584035e-05
L-BFGS-B,2851,1.6522247e-07,0.0038096157,1.7784625e-07,8.955646e-05
L-BFGS-B,2852,1.6581687e-07,0.0038176067,1.7648652e-07,8.952158e-05
L-BFGS-B,2853,1.6618418e-07,0.0038320937,1.7524737e-07,8.9535664e-05
L-BFGS-B,2854,1.65928e-07,0.0038220375,1.7605252e-07,8.951745e-05
L-BFGS-B,2855,1.6594578e-07,0.0038217176,1.7601354e-07,8.951107e-05
L-BFGS-B,2856,1.659338e-07,0.003820998,1.7599328e-07,8.9499044e-05
L-BFGS-B,2857,1.6593339e-07,0.003820288,1.759586e-07,8.9486675e-05
L-BFGS-B,2858,1.6601474e-07,0.0038215145,1.7571101e-07,8.947401e-05
L-BFGS-B,2859,1.6604444e-07,0.0038219925,1.7555483e-07,8.945982e-05
L-BFGS-B,2860,1.661152e-07,0.0038233453,1.7531092e-07,8.944736e-05
L-BFGS-B,2861,1.6643516e-07,0.003831633,1.7439093e-07,8.944024e-05
L-BFGS-B,2862,1.6637944e-07,0.0038293924,1.7449858e-07,8.942562e-05
L-BFGS-B,2863,1.6632127e-07,0.003827775,1.7457624e-07,8.941238e-05
L-BFGS-B,2864,1.665395e-07,0.003830093,1.7415005e-07,8.940436e-05
L-BFGS-B,2865,1.6648673e-07,0.0038263288,1.758321e-07,8.961111e-05
L-BFGS-B,2866,1.6645943e-07,0.0038268254,1.7439964e-07,8.9397116e-05
L-BFGS-B,2867,1.6628798e-07,0.0038259465,1.7457756e-07,8.9389294e-05
L-BFGS-B,2868,1.6629339e-07,0.003826891,1.7445767e-07,8.9381574e-05
L-BFGS-B,2869,1.6628783e-07,0.0038263418,1.744234e-07,8.937011e-05
L-BFGS-B,2870,1.6649805e-07,0.0038283195,1.7398631e-07,8.9355846e-05
L-BFGS-B,2871,1.6688652e-07,0.003832353,1.7314689e-07,8.932854e-05
L-BFGS-B,2872,1.6722409e-07,0.0038304406,1.7278039e-07,8.9305075e-05
L-BFGS-B,2873,1.6749648e-07,0.0038295237,1.7243538e-07,8.9285015e-05
L-BFGS-B,2874,1.6749485e-07,0.0038277004,1.7248892e-07,8.927456e-05
L-BFGS-B,2875,1.675864e-07,0.003831529,1.7207891e-07,8.9265086e-05
L-BFGS-B,2876,1.6742908e-07,0.0038338122,1.7204297e-07,8.925892e-05
L-BFGS-B,2877,1.67419e-07,0.0038338902,1.7201975e-07,8.925471e-05
L-BFGS-B,2878,1.6737805e-07,0.0038331859,1.7206489e-07,8.92483e-05
L-BFGS-B,2879,1.672092e-07,0.0038283225,1.7251254e-07,8.924148e-05
L-BFGS-B,2880,1.6751149e-07,0.0038336776,1.7186863e-07,8.92438e-05
L-BFGS-B,2881,1.6733574e-07,0.0038304767,1.7222061e-07,8.9238216e-05
L-BFGS-B,2882,1.6743009e-07,0.0038332765,1.719064e-07,8.923324e-05
L-BFGS-B,2883,1.6758405e-07,0.003836096,1.7151703e-07,8.9226116e-05
L-BFGS-B,2884,1.6761713e-07,0.0038366627,1.7141473e-07,8.922141e-05
L-BFGS-B,2885,1.6750089e-07,0.0038305384,1.7190595e-07,8.921641e-05
L-BFGS-B,2886,1.8311164e-07,0.0043423967,1.6725043e-07,9.597828e-05
L-BFGS-B,2887,1.676499e-07,0.0038375575,1.7127039e-07,8.9213616e-05
L-BFGS-B,2888,1.675213e-07,0.0038332117,1.7164585e-07,8.920719e-05
L-BFGS-B,2889,1.6706626e-07,0.0038183173,1.7290292e-07,8.9178546e-05
L-BFGS-B,2890,1.665912e-07,0.0038107121,1.7377113e-07,8.916147e-05
L-BFGS-B,2891,1.6684368e-07,0.0038161536,1.7299847e-07,8.913785e-05
L-BFGS-B,2892,1.6723328e-07,0.0038252517,1.7175812e-07,8.910123e-05
L-BFGS-B,2893,1.6714333e-07,0.0038238363,1.7215179e-07,8.913263e-05
L-BFGS-B,2894,1.6716551e-07,0.0038239118,1.7180695e-07,8.9084984e-05
L-BFGS-B,2895,1.6703464e-07,0.0038231295,1.7168966e-07,8.903994e-05
L-BFGS-B,2896,1.6706804e-07,0.0038204205,1.7159532e-07,8.9003704e-05
L-BFGS-B,2897,1.6702617e-07,0.0038213343,1.7138653e-07,8.897525e-05
L-BFGS-B,2898,1.668919e-07,0.0038217264,1.7122257e-07,8.893444e-05
L-BFGS-B,2899,1.6676454e-07,0.0038238296,1.7101391e-07,8.890506e-05
L-BFGS-B,2900,1.6680582e-07,0.0038281758,1.705365e-07,8.88831e-05
L-BFGS-B,2901,1.6681133e-07,0.0038313582,1.7023132e-07,8.886998e-05
L-BFGS-B,2902,1.6682802e-07,0.0038335088,1.6998388e-07,8.8856876e-05
L-BFGS-B,2903,1.6685932e-07,0.0038333186,1.6989817e-07,8.8846806e-05
L-BFGS-B,2904,1.6677454e-07,0.003828819,1.7018388e-07,8.883195e-05
L-BFGS-B,2905,1.666234e-07,0.0038237304,1.7056914e-07,8.881619e-05
L-BFGS-B,2906,1.6634276e-07,0.0038148677,1.712566e-07,8.8788576e-05
L-BFGS-B,2907,1.6594909e-07,0.0038085862,1.7191086e-07,8.876485e-05
L-BFGS-B,2908,1.6513485e-07,0.0038033628,1.7292386e-07,8.874243e-05
L-BFGS-B,2909,1.6531537e-07,0.003805222,1.7243227e-07,8.871437e-05
L-BFGS-B,2910,1.6529856e-07,0.0038057636,1.7231902e-07,8.8700275e-05
L-BFGS-B,2911,1.6526998e-07,0.0038053486,1.7227009e-07,8.8684494e-05
L-BFGS-B,2912,1.6534737e-07,0.003805247,1.7202369e-07,8.8658126e-05
L-BFGS-B,2913,1.6546284e-07,0.0038033533,1.7185486e-07,8.863119e-05
L-BFGS-B,2914,1.6572668e-07,0.0038043752,1.7134369e-07,8.86043e-05
L-BFGS-B,2915,1.6554014e-07,0.003797418,1.7183086e-07,8.857983e-05
L-BFGS-B,2916,1.6539616e-07,0.0037946557,1.7198353e-07,8.855351e-05
L-BFGS-B,2917,1.652367e-07,0.003794263,1.7191955e-07,8.851607e-05
L-BFGS-B,2918,1.6507408e-07,0.003791219,1.7218885e-07,8.850163e-05
L-BFGS-B,2919,1.6506144e-07,0.0037878808,1.7227013e-07,8.847854e-05
L-BFGS-B,2920,1.6483861e-07,0.0037790905,1.7280865e-07,8.8438e-05
L-BFGS-B,2921,1.6485532e-07,0.003770946,1.7326673e-07,8.842777e-05
L-BFGS-B,2922,1.6478265e-07,0.0037689286,1.734144e-07,8.841884e-05
L-BFGS-B,2923,1.6469328e-07,0.0037676357,1.7354465e-07,8.8412045e-05
L-BFGS-B,2924,1.6486547e-07,0.0037667511,1.7336701e-07,8.840238e-05
L-BFGS-B,2925,1.650202e-07,0.0037636533,1.7330052e-07,8.838464e-05
L-BFGS-B,2926,1.6497147e-07,0.003747888,1.7422933e-07,8.8359e-05
L-BFGS-B,2927,1.6534226e-07,0.0037459913,1.7381159e-07,8.8332985e-05
L-BFGS-B,2928,1.646656e-07,0.0037676545,1.7473528e-07,8.8586676e-05
L-BFGS-B,2929,1.651007e-07,0.0037470309,1.7390559e-07,8.832125e-05
L-BFGS-B,2930,1.6427728e-07,0.003723488,1.7728058e-07,8.8468565e-05
L-BFGS-B,2931,1.6491721e-07,0.0037416988,1.7439491e-07,8.8313805e-05
L-BFGS-B,2932,1.6465081e-07,0.003731448,1.7521185e-07,8.829388e-05
L-BFGS-B,2933,1.644794e-07,0.0037223774,1.7586947e-07,8.827611e-05
L-BFGS-B,2934,1.6461112e-07,0.0037130394,1.7642432e-07,8.828571e-05
L-BFGS-B,2935,1.6451922e-07,0.0037185033,1.7605372e-07,8.827097e-05
L-BFGS-B,2936,1.6446101e-07,0.0037148064,1.7628726e-07,8.8260305e-05
L-BFGS-B,2937,1.6449029e-07,0.0037160814,1.7607245e-07,8.824522e-05
L-BFGS-B,2938,1.6424038e-07,0.0037142653,1.765747e-07,8.826491e-05
L-BFGS-B,2939,1.6434947e-07,0.0037141962,1.762285e-07,8.8228655e-05
L-BFGS-B,2940,1.6471787e-07,0.0037245771,1.75046e-07,8.821035e-05
L-BFGS-B,2941,1.6477712e-07,0.0037249324,1.749032e-07,8.820137e-05
L-BFGS-B,2942,1.650951e-07,0.0037272538,1.7429967e-07,8.8181754e-05
L-BFGS-B,2943,1.6398644e-07,0.0036956212,1.7907212e-07,8.8415e-05
L-BFGS-B,2944,1.6487684e-07,0.0037204623,1.749261e-07,8.817507e-05
L-BFGS-B,2945,1.6491472e-07,0.0037171207,1.7499384e-07,8.8157496e-05
L-BFGS-B,2946,1.6498294e-07,0.003713907,1.7503133e-07,8.814121e-05
L-BFGS-B,2947,1.6487134e-07,0.0037109384,1.7527437e-07,8.813124e-05
L-BFGS-B,2948,1.6471387e-07,0.0037091803,1.7547958e-07,8.8120825e-05
L-BFGS-B,2949,1.6460348e-07,0.0037079984,1.7557046e-07,8.810608e-05
L-BFGS-B,2950,1.644815e-07,0.0037052901,1.7564133e-07,8.807133e-05
L-BFGS-B,2951,1.6439884e-07,0.0037013888,1.7583822e-07,8.804945e-05
L-BFGS-B,2952,1.6444636e-07,0.0037008328,1.7569172e-07,8.802904e-05
L-BFGS-B,2953,1.6533444e-07,0.0037150616,1.7385892e-07,8.8029614e-05
L-BFGS-B,2954,1.6486717e-07,0.0037074052,1.7475728e-07,8.8017725e-05
L-BFGS-B,2955,1.6457564e-07,0.003703076,1.7534346e-07,8.801862e-05
L-BFGS-B,2956,1.6470548e-07,0.0037047314,1.7499384e-07,8.800221e-05
L-BFGS-B,2957,1.6498032e-07,0.0037073416,1.744273e-07,8.798456e-05
L-BFGS-B,2958,1.6505302e-07,0.0037067605,1.7426675e-07,8.796557e-05
L-BFGS-B,2959,1.6511554e-07,0.003705677,1.7410514e-07,8.793987e-05
L-BFGS-B,2960,1.676881e-07,0.0037292498,1.7571254e-07,8.88026e-05
L-BFGS-B,2961,1.6522426e-07,0.0037045463,1.7402225e-07,8.7932436e-05
L-BFGS-B,2962,1.6529202e-07,0.0037074306,1.736691e-07,8.791847e-05
L-BFGS-B,2963,1.6560922e-07,0.0037151654,1.726252e-07,8.7886816e-05
L-BFGS-B,2964,1.6582247e-07,0.003718591,1.7208689e-07,8.787231e-05
L-BFGS-B,2965,1.6625584e-07,0.0037216137,1.7128731e-07,8.784761e-05
L-BFGS-B,2966,1.6722923e-07,0.0037507087,1.6953224e-07,8.8021305e-05
L-BFGS-B,2967,1.6636254e-07,0.0037246328,1.7093822e-07,8.784144e-05
L-BFGS-B,2968,1.6660849e-07,0.0037242076,1.7064237e-07,8.78297e-05
L-BFGS-B,2969,1.6651859e-07,0.0037208833,1.7090251e-07,8.7821994e-05
L-BFGS-B,2970,1.6650542e-07,0.0037185338,1.7102158e-07,8.781439e-05
L-BFGS-B,2971,1.6634614e-07,0.0037141927,1.7137326e-07,8.779984e-05
L-BFGS-B,2972,1.6583842e-07,0.0037035104,1.7320252e-07,8.789125e-05
L-BFGS-B,2973,1.661537e-07,0.0037101025,1.7178715e-07,8.779215e-05
L-BFGS-B,2974,1.6636427e-07,0.0037143105,1.7109055e-07,8.776133e-05
L-BFGS-B,2975,1.6637537e-07,0.0037179969,1.7067784e-07,8.773795e-05
L-BFGS-B,2976,1.6671343e-07,0.0037316165,1.6921761e-07,8.770582e-05
L-BFGS-B,2977,1.6682847e-07,0.0037442944,1.6805623e-07,8.7675646e-05
L-BFGS-B,2978,1.6853832e-07,0.003768954,1.6583766e-07,8.784593e-05
L-BFGS-B,2979,1.671507e-07,0.003747724,1.6737137e-07,8.765555e-05
L-BFGS-B,2980,1.6749765e-07,0.003756227,1.6623886e-07,8.762274e-05
L-BFGS-B,2981,1.6788347e-07,0.0037673179,1.6488401e-07,8.75883e-05
L-BFGS-B,2982,1.682562e-07,0.0037674254,1.6440525e-07,8.757347e-05
L-BFGS-B,2983,1.6846914e-07,0.0037698643,1.639372e-07,8.75596e-05
L-BFGS-B,2984,1.685138e-07,0.003769793,1.6380189e-07,8.754528e-05
L-BFGS-B,2985,1.6843093e-07,0.0037704213,1.6377591e-07,8.753524e-05
L-BFGS-B,2986,1.6798853e-07,0.0037636887,1.6464405e-07,8.753178e-05
L-BFGS-B,2987,1.6807972e-07,0.0037634077,1.6449039e-07,8.751959e-05
L-BFGS-B,2988,1.6809996e-07,0.003762068,1.6446083e-07,8.75048e-05
L-BFGS-B,2989,1.6796795e-07,0.0037582216,1.6472502e-07,8.7486165e-05
L-BFGS-B,2990,1.6787092e-07,0.0037531853,1.6497815e-07,8.745921e-05
L-BFGS-B,2991,1.673746e-07,0.0037414338,1.6607665e-07,8.7432025e-05
L-BFGS-B,2992,1.6821171e-07,0.0037513054,1.6497428e-07,8.749095e-05
L-BFGS-B,2993,1.675465e-07,0.0037428488,1.6574049e-07,8.742153e-05
L-BFGS-B,2994,1.663255e-07,0.0037152967,1.6910018e-07,8.7466826e-05
L-BFGS-B,2995,1.6706355e-07,0.003731533,1.6684368e-07,8.740141e-05
L-BFGS-B,2996,1.670187e-07,0.0037276205,1.6693092e-07,8.736865e-05
L-BFGS-B,2997,1.6698901e-07,0.0037225767,1.6704928e-07,8.7331515e-05
L-BFGS-B,2998,1.66516e-07,0.0037142588,1.6795356e-07,8.731302e-05
L-BFGS-B,2999,1.6677637e-07,0.0037145738,1.6755622e-07,8.729562e-05
L-BFGS-B,3000,1.6683789e-07,0.003714875,1.674084e-07,8.728569e-05
L-BFGS-B,3001,1.6669125e-07,0.003709816,1.6785243e-07,8.727971e-05
L-BFGS-B,3002,1.6669394e-07,0.003707661,1.6797269e-07,8.7276596e-05
L-BFGS-B,3003,1.6674474e-07,0.0037059418,1.6801033e-07,8.727268e-05
L-BFGS-B,3004,1.6692178e-07,0.0037194374,1.671632e-07,8.730712e-05
L-BFGS-B,3005,1.6676924e-07,0.0037089132,1.6775567e-07,8.7267865e-05
L-BFGS-B,3006,1.6666468e-07,0.0037041754,1.6807748e-07,8.725307e-05
L-BFGS-B,3007,1.6696583e-07,0.0037074937,1.6746584e-07,8.723969e-05
L-BFGS-B,3008,1.6689923e-07,0.0037044168,1.6763903e-07,8.722491e-05
L-BFGS-B,3009,1.6691688e-07,0.003701934,1.6770026e-07,8.7211905e-05
L-BFGS-B,3010,1.6665214e-07,0.0036932623,1.6844164e-07,8.719669e-05
L-BFGS-B,3011,1.6665273e-07,0.0036906535,1.6846485e-07,8.717417e-05
L-BFGS-B,3012,1.6745652e-07,0.0037071249,1.6769243e-07,8.734359e-05
L-BFGS-B,3013,1.6674639e-07,0.0036917664,1.6822148e-07,8.716284e-05
L-BFGS-B,3014,1.6703243e-07,0.0037047076,1.6690728e-07,8.713803e-05
L-BFGS-B,3015,1.6720573e-07,0.00370278,1.6665962e-07,8.7107604e-05
L-BFGS-B,3016,1.6733233e-07,0.0037050066,1.6621127e-07,8.70816e-05
L-BFGS-B,3017,1.6789896e-07,0.0037102245,1.6511883e-07,8.705491e-05
L-BFGS-B,3018,1.6798987e-07,0.0037183322,1.6434214e-07,8.703312e-05
L-BFGS-B,3019,1.6738169e-07,0.003704738,1.6578294e-07,8.7022076e-05
L-BFGS-B,3020,1.6727495e-07,0.0037047619,1.6576044e-07,8.7002925e-05
L-BFGS-B,3021,1.6803438e-07,0.003722317,1.6374835e-07,8.699058e-05
L-BFGS-B,3022,1.677349e-07,0.0037185673,1.6417822e-07,8.6972635e-05
L-BFGS-B,3023,1.676015e-07,0.0037170143,1.64344e-07,8.696197e-05
L-BFGS-B,3024,1.676439e-07,0.0037191103,1.641306e-07,8.695727e-05
L-BFGS-B,3025,1.6765902e-07,0.0037214458,1.6391958e-07,8.6951244e-05
L-BFGS-B,3026,1.678681e-07,0.0037257753,1.633787e-07,8.6944776e-05
L-BFGS-B,3027,1.6800125e-07,0.0037343039,1.62691e-07,8.694688e-05
L-BFGS-B,3028,1.679149e-07,0.0037293192,1.6306288e-07,8.693986e-05
L-BFGS-B,3029,1.6808742e-07,0.0037312105,1.6271711e-07,8.693278e-05
L-BFGS-B,3030,1.6836789e-07,0.003733325,1.6220193e-07,8.691872e-05
L-BFGS-B,3031,1.6845796e-07,0.0037325388,1.6209889e-07,8.690891e-05
L-BFGS-B,3032,1.6846349e-07,0.00372921,1.6223267e-07,8.689652e-05
L-BFGS-B,3033,1.6833751e-07,0.0037240558,1.6262351e-07,8.688471e-05
L-BFGS-B,3034,1.68079e-07,0.0037163908,1.6330596e-07,8.687165e-05
L-BFGS-B,3035,1.6790447e-07,0.0037077654,1.6395845e-07,8.685709e-05
L-BFGS-B,3036,1.6776514e-07,0.0037049102,1.6418949e-07,8.6842294e-05
L-BFGS-B,3037,1.6759303e-07,0.0037009774,1.6450143e-07,8.6823944e-05
L-BFGS-B,3038,1.6788468e-07,0.0037087072,1.636478e-07,8.681694e-05
L-BFGS-B,3039,1.671948e-07,0.003699028,1.6532013e-07,8.686752e-05
L-BFGS-B,3040,1.676685e-07,0.0037050005,1.6405423e-07,8.680842e-05
L-BFGS-B,3041,1.6767328e-07,0.003701625,1.6413718e-07,8.678781e-05
L-BFGS-B,3042,1.6747028e-07,0.0036913112,1.6474317e-07,8.674512e-05
L-BFGS-B,3043,1.6735238e-07,0.0036900593,1.6471834e-07,8.671121e-05
L-BFGS-B,3044,1.671665e-07,0.0036892497,1.6476821e-07,8.66827e-05
L-BFGS-B,3045,1.6716153e-07,0.0036839363,1.6504951e-07,8.6671025e-05
L-BFGS-B,3046,1.6710302e-07,0.0036828385,1.6506256e-07,8.665322e-05
L-BFGS-B,3047,1.6718376e-07,0.0036845068,1.6478907e-07,8.6641e-05
L-BFGS-B,3048,1.6737138e-07,0.0036836462,1.645832e-07,8.662965e-05
L-BFGS-B,3049,1.673812e-07,0.0036777742,1.6489379e-07,8.6618995e-05
L-BFGS-B,3050,1.6702212e-07,0.0036682973,1.658571e-07,8.6614855e-05
L-BFGS-B,3051,1.6700031e-07,0.00366804,1.658568e-07,8.660897e-05
L-BFGS-B,3052,1.6699248e-07,0.003667912,1.6583365e-07,8.660303e-05
L-BFGS-B,3053,1.670091e-07,0.003667538,1.6580974e-07,8.6598215e-05
L-BFGS-B,3054,1.6705715e-07,0.0036678442,1.6571424e-07,8.659415e-05
L-BFGS-B,3055,1.6785975e-07,0.0036874542,1.63803e-07,8.662396e-05
L-BFGS-B,3056,1.6723524e-07,0.0036720568,1.6523407e-07,8.659097e-05
L-BFGS-B,3057,1.6928034e-07,0.003757872,1.6358963e-07,8.750921e-05
L-BFGS-B,3058,1.6727859e-07,0.003674132,1.6504191e-07,8.6589396e-05
L-BFGS-B,3059,1.672705e-07,0.0036728794,1.6509946e-07,8.658429e-05
L-BFGS-B,3060,1.6726615e-07,0.0036705732,1.652073e-07,8.657675e-05
L-BFGS-B,3061,1.6738224e-07,0.0036695073,1.6509728e-07,8.6567e-05
L-BFGS-B,3062,1.6751027e-07,0.0036695632,1.6489494e-07,8.655641e-05
L-BFGS-B,3063,1.6746428e-07,0.0036645685,1.6540739e-07,8.657644e-05
L-BFGS-B,3064,1.6748498e-07,0.003667533,1.6502271e-07,8.655148e-05
L-BFGS-B,3065,1.7844964e-07,0.0039062975,1.7745691e-07,9.244896e-05
L-BFGS-B,3066,1.6759749e-07,0.0036671774,1.6491963e-07,8.654934e-05
L-BFGS-B,3067,1.6764261e-07,0.0036681797,1.6473165e-07,8.653793e-05
L-BFGS-B,3068,1.676562e-07,0.0036695162,1.6455996e-07,8.652758e-05
L-BFGS-B,3069,1.677107e-07,0.003671079,1.6435364e-07,8.652044e-05
L-BFGS-B,3070,1.677075e-07,0.0036730778,1.6416513e-07,8.6511674e-05
L-BFGS-B,3071,1.6767329e-07,0.003672857,1.6414133e-07,8.650076e-05
L-BFGS-B,3072,1.6735547e-07,0.003665207,1.6490175e-07,8.649065e-05
L-BFGS-B,3073,1.6739375e-07,0.0036709672,1.6436744e-07,8.647385e-05
L-BFGS-B,3074,1.6745747e-07,0.0036658093,1.6454808e-07,8.6458924e-05
L-BFGS-B,3075,1.6728202e-07,0.0036663455,1.6451253e-07,8.643264e-05
L-BFGS-B,3076,1.6714303e-07,0.003667339,1.6434926e-07,8.6397224e-05
L-BFGS-B,3077,1.672199e-07,0.003676621,1.6350013e-07,8.637421e-05
L-BFGS-B,3078,1.6753131e-07,0.0036887869,1.6225346e-07,8.635558e-05
L-BFGS-B,3079,1.672461e-07,0.0036829591,1.6283884e-07,8.6342334e-05
L-BFGS-B,3080,1.6696723e-07,0.003678104,1.6338856e-07,8.633441e-05
L-BFGS-B,3081,1.6691685e-07,0.0036753523,1.6359364e-07,8.6330096e-05
L-BFGS-B,3082,1.6693333e-07,0.0036758229,1.6351572e-07,8.6325585e-05
L-BFGS-B,3083,1.6680852e-07,0.003669635,1.6399068e-07,8.631623e-05
L-BFGS-B,3084,1.6986938e-07,0.0037606969,1.617992e-07,8.735726e-05
L-BFGS-B,3085,1.6688483e-07,0.0036717847,1.6374719e-07,8.631265e-05
L-BFGS-B,3086,1.669117e-07,0.0036715313,1.636573e-07,8.6300664e-05
L-BFGS-B,3087,1.670593e-07,0.0036709204,1.6336888e-07,8.627343e-05
L-BFGS-B,3088,1.6731855e-07,0.0036747737,1.62716e-07,8.625293e-05
L-BFGS-B,3089,1.6741689e-07,0.0036762373,1.6240026e-07,8.623494e-05
L-BFGS-B,3090,1.6951486e-07,0.003705541,1.5938504e-07,8.639039e-05
L-BFGS-B,3091,1.6774915e-07,0.0036801326,1.6175505e-07,8.622696e-05
L-BFGS-B,3092,1.674226e-07,0.0036707823,1.625368e-07,8.6201726e-05
L-BFGS-B,3093,1.67272e-07,0.0036668307,1.627904e-07,8.6177664e-05
L-BFGS-B,3094,1.663716e-07,0.0036378345,1.6650655e-07,8.6310065e-05
L-BFGS-B,3095,1.6702482e-07,0.0036593894,1.6346844e-07,8.6167885e-05
L-BFGS-B,3096,1.668826e-07,0.0036569706,1.6358348e-07,8.613962e-05
L-BFGS-B,3097,1.6683637e-07,0.0036587736,1.6337019e-07,8.6118715e-05
L-BFGS-B,3098,1.6663172e-07,0.0036565042,1.6359361e-07,8.609884e-05
L-BFGS-B,3099,1.6658717e-07,0.0036617038,1.6319619e-07,8.608454e-05
L-BFGS-B,3100,1.6651195e-07,0.0036626654,1.6313058e-07,8.6073036e-05
L-BFGS-B,3101,1.666307e-07,0.0036628786,1.6293795e-07,8.606408e-05
L-BFGS-B,3102,1.6656197e-07,0.0036600486,1.6312288e-07,8.605322e-05
L-BFGS-B,3103,1.663148e-07,0.0036531363,1.6378338e-07,8.6046086e-05
L-BFGS-B,3104,1.6603174e-07,0.0036460317,1.6450336e-07,8.6040585e-05
L-BFGS-B,3105,1.6587289e-07,0.003641795,1.6490851e-07,8.603516e-05
L-BFGS-B,3106,1.6575905e-07,0.0036381958,1.6521916e-07,8.602868e-05
L-BFGS-B,3107,1.657758e-07,0.0036382056,1.6516987e-07,8.602391e-05
L-BFGS-B,3108,1.6581154e-07,0.0036360524,1.6523582e-07,8.601763e-05
L-BFGS-B,3109,1.6594329e-07,0.0036376135,1.6495905e-07,8.601149e-05
L-BFGS-B,3110,1.6620791e-07,0.0036360708,1.6558619e-07,8.6129825e-05
L-BFGS-B,3111,1.6593891e-07,0.0036364722,1.6502541e-07,8.600937e-05
L-BFGS-B,3112,1.6596623e-07,0.003637447,1.6488974e-07,8.600287e-05
L-BFGS-B,3113,1.6576675e-07,0.0036350992,1.6515207e-07,8.598881e-05
L-BFGS-B,3114,1.6581757e-07,0.0036336598,1.6508854e-07,8.597251e-05
L-BFGS-B,3115,1.6568912e-07,0.0036296337,1.6536087e-07,8.5953834e-05
L-BFGS-B,3116,1.6549295e-07,0.0036257876,1.656806e-07,8.5933905e-05
L-BFGS-B,3117,1.6557048e-07,0.0036271778,1.653732e-07,8.591333e-05
L-BFGS-B,3118,1.657922e-07,0.0036321632,1.6466096e-07,8.588961e-05
L-BFGS-B,3119,1.6606711e-07,0.003636713,1.6393513e-07,8.586747e-05
L-BFGS-B,3120,1.6634027e-07,0.0036423802,1.6321741e-07,8.585745e-05
L-BFGS-B,3121,1.6711473e-07,0.0036490406,1.6184855e-07,8.5834894e-05
L-BFGS-B,3122,1.6263822e-07,0.0036137043,1.9023399e-07,8.906788e-05
L-BFGS-B,3123,1.6619168e-07,0.0036305948,1.6381152e-07,8.580643e-05
L-BFGS-B,3124,1.6610127e-07,0.0036285308,1.6379062e-07,8.576909e-05
L-BFGS-B,3125,1.6573057e-07,0.003619377,1.6447417e-07,8.572449e-05
L-BFGS-B,3126,1.6563739e-07,0.0036148317,1.6466801e-07,8.5694126e-05
L-BFGS-B,3127,1.6544686e-07,0.003611218,1.6493037e-07,8.566876e-05
L-BFGS-B,3128,1.6501362e-07,0.003599386,1.6605e-07,8.56534e-05
L-BFGS-B,3129,1.6502409e-07,0.0036032817,1.6566734e-07,8.563653e-05
L-BFGS-B,3130,1.6514822e-07,0.0036094352,1.6505244e-07,8.562445e-05
L-BFGS-B,3131,1.6538175e-07,0.0036204152,1.6401927e-07,8.56143e-05
L-BFGS-B,3132,1.6539519e-07,0.003624215,1.636774e-07,8.560304e-05
L-BFGS-B,3133,1.6543206e-07,0.003626909,1.6336185e-07,8.558817e-05
L-BFGS-B,3134,1.6541479e-07,0.0036300397,1.6307234e-07,8.557347e-05
L-BFGS-B,3135,1.6542688e-07,0.0036310127,1.629168e-07,8.556168e-05
L-BFGS-B,3136,1.6537642e-07,0.0036303771,1.6291074e-07,8.554684e-05
L-BFGS-B,3137,1.6528593e-07,0.003624599,1.6339288e-07,8.5547814e-05
L-BFGS-B,3138,1.6532427e-07,0.003627372,1.6311843e-07,8.554012e-05
L-BFGS-B,3139,1.6495513e-07,0.003619984,1.6400391e-07,8.5543696e-05
L-BFGS-B,3140,1.6511096e-07,0.0036229223,1.6349873e-07,8.5520674e-05
L-BFGS-B,3141,1.6508203e-07,0.0036208848,1.6352078e-07,8.549927e-05
L-BFGS-B,3142,1.6482029e-07,0.0036124056,1.6407951e-07,8.545903e-05
L-BFGS-B,3143,1.663106e-07,0.0036731139,1.6260499e-07,8.6068474e-05
L-BFGS-B,3144,1.6489426e-07,0.003615698,1.6371895e-07,8.544896e-05
L-BFGS-B,3145,1.6474556e-07,0.0036105576,1.6410125e-07,8.54326e-05
L-BFGS-B,3146,1.64567e-07,0.0036050559,1.6453454e-07,8.541579e-05
L-BFGS-B,3147,1.6448473e-07,0.0035999562,1.6488913e-07,8.540564e-05
L-BFGS-B,3148,1.6477969e-07,0.0035999587,1.6447085e-07,8.538717e-05
L-BFGS-B,3149,1.6480573e-07,0.0035973857,1.6454098e-07,8.537586e-05
L-BFGS-B,3150,1.6488751e-07,0.0035985138,1.643175e-07,8.5365886e-05
L-BFGS-B,3151,1.6497309e-07,0.0035988481,1.6411421e-07,8.5351574e-05
L-BFGS-B,3152,1.6506011e-07,0.00360058,1.6379873e-07,8.533463e-05
L-BFGS-B,3153,1.6510367e-07,0.003602062,1.6348012e-07,8.530819e-05
L-BFGS-B,3154,1.6508075e-07,0.0035993592,1.636604e-07,8.530476e-05
L-BFGS-B,3155,1.6456731e-07,0.0036026582,1.6408231e-07,8.532402e-05
L-BFGS-B,3156,1.6484552e-07,0.0035994754,1.6378895e-07,8.528992e-05
L-BFGS-B,3157,1.6501176e-07,0.0036081523,1.6388289e-07,8.541572e-05
L-BFGS-B,3158,1.6483801e-07,0.0035999743,1.6373168e-07,8.5285195e-05
L-BFGS-B,3159,1.6486214e-07,0.003597775,1.6376197e-07,8.5271364e-05
L-BFGS-B,3160,1.6480811e-07,0.0035930227,1.6404047e-07,8.525752e-05
L-BFGS-B,3161,1.6453627e-07,0.0035871628,1.6464483e-07,8.5248794e-05
L-BFGS-B,3162,1.6918615e-07,0.0036815733,1.6243985e-07,8.655964e-05
L-BFGS-B,3163,1.6476204e-07,0.003591274,1.6407733e-07,8.5238644e-05
L-BFGS-B,3164,1.6567243e-07,0.0036180322,1.612755e-07,8.5222506e-05
L-BFGS-B,3165,1.6547631e-07,0.0036154424,1.6153116e-07,8.520554e-05
L-BFGS-B,3166,1.6537827e-07,0.0036146748,1.6160563e-07,8.519433e-05
L-BFGS-B,3167,1.6553577e-07,0.0036186222,1.6114109e-07,8.5187756e-05
L-BFGS-B,3168,1.6565079e-07,0.003620391,1.60853e-07,8.5179476e-05
L-BFGS-B,3169,1.6551473e-07,0.0036121453,1.6138348e-07,8.515618e-05
L-BFGS-B,3170,1.6663655e-07,0.003593589,1.6408488e-07,8.55441e-05
L-BFGS-B,3171,1.6559673e-07,0.003604864,1.6168059e-07,8.514024e-05
L-BFGS-B,3172,1.6561934e-07,0.0036006444,1.6175099e-07,8.511199e-05
L-BFGS-B,3173,1.6555965e-07,0.00359109,1.6218851e-07,8.507312e-05
L-BFGS-B,3174,1.654334e-07,0.003582297,1.6272656e-07,8.504696e-05
L-BFGS-B,3175,1.6551014e-07,0.0035822885,1.6254843e-07,8.503167e-05
L-BFGS-B,3176,1.6551928e-07,0.003581592,1.6252584e-07,8.5022686e-05
L-BFGS-B,3177,1.6545765e-07,0.0035788096,1.6273069e-07,8.501635e-05
L-BFGS-B,3178,1.6542738e-07,0.0035764931,1.628644e-07,8.5008694e-05
L-BFGS-B,3179,1.6530505e-07,0.0035697292,1.6337319e-07,8.499903e-05
L-BFGS-B,3180,1.652039e-07,0.0035654737,1.637196e-07,8.499326e-05
L-BFGS-B,3181,1.6519328e-07,0.0035646604,1.6375273e-07,8.498851e-05
L-BFGS-B,3182,1.6511429e-07,0.003563571,1.6382157e-07,8.497609e-05
L-BFGS-B,3183,1.6507101e-07,0.0035641547,1.6371084e-07,8.4958825e-05
L-BFGS-B,3184,1.6491735e-07,0.0035676444,1.6356671e-07,8.4949046e-05
L-BFGS-B,3185,1.6487535e-07,0.0035657934,1.6363285e-07,8.493416e-05
L-BFGS-B,3186,1.6481061e-07,0.0035620956,1.639256e-07,8.4931395e-05
L-BFGS-B,3187,1.644269e-07,0.0035779537,1.6390578e-07,8.502944e-05
L-BFGS-B,3188,1.6467278e-07,0.0035640246,1.6388448e-07,8.4923835e-05
L-BFGS-B,3189,1.648173e-07,0.0035685196,1.6335152e-07,8.491052e-05
L-BFGS-B,3190,1.6495581e-07,0.0035728547,1.6288712e-07,8.490498e-05
L-BFGS-B,3191,1.6517555e-07,0.003578164,1.6227017e-07,8.489849e-05
L-BFGS-B,3192,1.651029e-07,0.003576321,1.6244051e-07,8.4894724e-05
L-BFGS-B,3193,1.6516834e-07,0.0035772743,1.6228431e-07,8.489064e-05
L-BFGS-B,3194,1.6517107e-07,0.0035767567,1.6227686e-07,8.4884756e-05
L-BFGS-B,3195,1.6525632e-07,0.0035755269,1.6224611e-07,8.488063e-05
L-BFGS-B,3196,1.6521592e-07,0.0035756247,1.6225555e-07,8.487696e-05
L-BFGS-B,3197,1.6520707e-07,0.0035757523,1.6222609e-07,8.4872496e-05
L-BFGS-B,3198,1.6526127e-07,0.0035776817,1.619758e-07,8.4862375e-05
L-BFGS-B,3199,1.6527648e-07,0.0035784752,1.618215e-07,8.484945e-05
L-BFGS-B,3200,1.6531118e-07,0.0035798221,1.6153824e-07,8.482563e-05
L-BFGS-B,3201,1.6576882e-07,0.0035945554,1.6002653e-07,8.4814856e-05
L-BFGS-B,3202,1.6555188e-07,0.0035862084,1.6067875e-07,8.479667e-05
L-BFGS-B,3203,1.6531499e-07,0.003580209,1.6117934e-07,8.477624e-05
L-BFGS-B,3204,1.6506937e-07,0.0035762347,1.6140277e-07,8.473317e-05
L-BFGS-B,3205,1.6676151e-07,0.0036075665,1.6380127e-07,8.5660075e-05
L-BFGS-B,3206,1.6502229e-07,0.0035729273,1.6154725e-07,8.47147e-05
L-BFGS-B,3207,1.6493232e-07,0.003574598,1.6131817e-07,8.4683554e-05
L-BFGS-B,3208,1.6891182e-07,0.0037737093,1.6362577e-07,8.761773e-05
L-BFGS-B,3209,1.6492024e-07,0.003574699,1.6130357e-07,8.4680556e-05
L-BFGS-B,3210,1.6514606e-07,0.0035813125,1.6050679e-07,8.466106e-05
L-BFGS-B,3211,1.6516904e-07,0.003584165,1.6021826e-07,8.464974e-05
L-BFGS-B,3212,1.6539208e-07,0.003590827,1.5947006e-07,8.463759e-05
L-BFGS-B,3213,1.6558772e-07,0.00359797,1.5880923e-07,8.463924e-05
L-BFGS-B,3214,1.6547392e-07,0.0035938509,1.5913018e-07,8.462912e-05
L-BFGS-B,3215,1.6528578e-07,0.0035887104,1.595793e-07,8.461687e-05
L-BFGS-B,3216,1.6523587e-07,0.0035869777,1.596469e-07,8.460219e-05
L-BFGS-B,3217,1.6485131e-07,0.0035832888,1.6015977e-07,8.458455e-05
L-BFGS-B,3218,1.646127e-07,0.003581136,1.604342e-07,8.456839e-05
L-BFGS-B,3219,1.6447882e-07,0.003585768,1.6013263e-07,8.45494e-05
L-BFGS-B,3220,1.6445935e-07,0.003591626,1.5962772e-07,8.452932e-05
L-BFGS-B,3221,1.6430101e-07,0.0035896595,1.5980395e-07,8.451234e-05
L-BFGS-B,3222,1.6430357e-07,0.0035872848,1.5987281e-07,8.4499305e-05
L-BFGS-B,3223,1.6560975e-07,0.0036326323,1.5606741e-07,8.457789e-05
L-BFGS-B,3224,1.6453244e-07,0.0035951114,1.5908923e-07,8.4494364e-05
L-BFGS-B,3225,1.6384453e-07,0.0035661468,1.6162201e-07,8.448145e-05
L-BFGS-B,3226,1.6445762e-07,0.0035780873,1.5990922e-07,8.44359e-05
L-BFGS-B,3227,1.6465182e-07,0.0035906804,1.5874637e-07,8.441653e-05
L-BFGS-B,3228,1.6450198e-07,0.0035818897,1.5927374e-07,8.4385254e-05
L-BFGS-B,3229,1.6460682e-07,0.0035770582,1.59318e-07,8.435931e-05
L-BFGS-B,3230,1.654829e-07,0.003600724,1.5668137e-07,8.4331885e-05
L-BFGS-B,3231,1.6527972e-07,0.0035888257,1.5742057e-07,8.42933e-05
L-BFGS-B,3232,1.6515548e-07,0.0035855602,1.5771363e-07,8.428597e-05
L-BFGS-B,3233,1.6505726e-07,0.003578921,1.5812887e-07,8.426713e-05
L-BFGS-B,3234,1.6545032e-07,0.0035968004,1.5649559e-07,8.425988e-05
L-BFGS-B,3235,1.6540385e-07,0.0035931133,1.5669984e-07,8.424668e-05
L-BFGS-B,3236,1.6530554e-07,0.0035886543,1.5704641e-07,8.4239335e-05
L-BFGS-B,3237,1.6538233e-07,0.0035896606,1.5684002e-07,8.4229956e-05
L-BFGS-B,3238,1.6556062e-07,0.0035956756,1.5618248e-07,8.421822e-05
L-BFGS-B,3239,1.6546976e-07,0.0035888713,1.567534e-07,8.4222185e-05
L-BFGS-B,3240,1.6550823e-07,0.00359225,1.564182e-07,8.421146e-05
L-BFGS-B,3241,1.655485e-07,0.0035917545,1.5632845e-07,8.4199084e-05
L-BFGS-B,3242,1.652625e-07,0.0035873116,1.5679085e-07,8.418112e-05
L-BFGS-B,3243,1.6526732e-07,0.0035797711,1.5724942e-07,8.417522e-05
L-BFGS-B,3244,1.6526515e-07,0.003579831,1.5720374e-07,8.416864e-05
L-BFGS-B,3245,1.6513943e-07,0.0035809292,1.5724085e-07,8.4166335e-05
L-BFGS-B,3246,1.6512435e-07,0.0035766428,1.5740987e-07,8.414656e-05
L-BFGS-B,3247,1.6526029e-07,0.0035766135,1.5720896e-07,8.413652e-05
L-BFGS-B,3248,1.6540017e-07,0.003577362,1.5694951e-07,8.412608e-05
L-BFGS-B,3249,1.6566871e-07,0.0035841302,1.5617637e-07,8.411806e-05
L-BFGS-B,3250,1.6580478e-07,0.0035863589,1.5580025e-07,8.410434e-05
L-BFGS-B,3251,1.6588967e-07,0.0035881207,1.5549331e-07,8.408866e-05
L-BFGS-B,3252,1.662278e-07,0.0036072824,1.5381258e-07,8.407888e-05
L-BFGS-B,3253,1.660475e-07,0.0035934346,1.5477634e-07,8.405792e-05
L-BFGS-B,3254,1.6599482e-07,0.0035881868,1.5509782e-07,8.4045765e-05
L-BFGS-B,3255,1.659984e-07,0.0035849356,1.5519382e-07,8.402819e-05
L-BFGS-B,3256,1.6627416e-07,0.0035921114,1.5430962e-07,8.400868e-05
L-BFGS-B,3257,1.6630867e-07,0.0036266958,1.7023777e-07,8.674892e-05
L-BFGS-B,3258,1.66126e-07,0.0035883284,1.5466352e-07,8.400172e-05
L-BFGS-B,3259,1.6627602e-07,0.003594971,1.5390636e-07,8.3977066e-05
L-BFGS-B,3260,1.667424e-07,0.0036109798,1.521242e-07,8.393979e-05
L-BFGS-B,3261,1.6633555e-07,0.0036054759,1.528093e-07,8.392649e-05
L-BFGS-B,3262,1.661449e-07,0.003598827,1.5336813e-07,8.391522e-05
L-BFGS-B,3263,1.6607399e-07,0.0035934604,1.5374785e-07,8.3907886e-05
L-BFGS-B,3264,1.6584295e-07,0.0035863784,1.5439612e-07,8.389964e-05
L-BFGS-B,3265,1.6576713e-07,0.003585178,1.545087e-07,8.389315e-05
L-BFGS-B,3266,1.6593573e-07,0.00358778,1.5413258e-07,8.3888044e-05
L-BFGS-B,3267,1.658834e-07,0.003588615,1.5409954e-07,8.388359e-05
L-BFGS-B,3268,1.6593305e-07,0.0035909568,1.538751e-07,8.388079e-05
L-BFGS-B,3269,1.6598393e-07,0.003592753,1.5368384e-07,8.38777e-05
L-BFGS-B,3270,1.6596613e-07,0.0035918206,1.5374756e-07,8.387526e-05
L-BFGS-B,3271,1.6593276e-07,0.0035906236,1.5384978e-07,8.3873616e-05
L-BFGS-B,3272,1.6558174e-07,0.003589514,1.5432332e-07,8.38809e-05
L-BFGS-B,3273,1.6580601e-07,0.0035900099,1.540007e-07,8.3871106e-05
L-BFGS-B,3274,1.657324e-07,0.0035885298,1.541479e-07,8.3867344e-05
L-BFGS-B,3275,1.6566598e-07,0.0035870557,1.5427241e-07,8.386131e-05
L-BFGS-B,3276,1.6549926e-07,0.0035815488,1.5491601e-07,8.387778e-05
L-BFGS-B,3277,1.6557497e-07,0.0035842801,1.5448158e-07,8.3851286e-05
L-BFGS-B,3278,1.6549292e-07,0.003582767,1.5453661e-07,8.38321e-05
L-BFGS-B,3279,1.6545982e-07,0.0035839302,1.5431414e-07,8.38054e-05
L-BFGS-B,3280,1.6558072e-07,0.0035878986,1.5381089e-07,8.378772e-05
L-BFGS-B,3281,1.6577002e-07,0.0035909084,1.5330704e-07,8.377065e-05
L-BFGS-B,3282,1.66008e-07,0.0036009455,1.5247032e-07,8.37812e-05
L-BFGS-B,3283,1.6583648e-07,0.003593881,1.5302251e-07,8.3767656e-05
L-BFGS-B,3284,1.6593539e-07,0.0035927116,1.5291901e-07,8.375528e-05
L-BFGS-B,3285,1.6582543e-07,0.003589545,1.5319387e-07,8.3748346e-05
L-BFGS-B,3286,1.6578247e-07,0.0035862834,1.53399e-07,8.374006e-05
L-BFGS-B,3287,1.6585471e-07,0.0035882161,1.5308261e-07,8.3722756e-05
L-BFGS-B,3288,1.6603973e-07,0.0035920308,1.5245905e-07,8.369512e-05
L-BFGS-B,3289,1.661073e-07,0.0035932024,1.5220063e-07,8.367821e-05
L-BFGS-B,3290,1.6614668e-07,0.0035941103,1.5195153e-07,8.365583e-05
L-BFGS-B,3291,1.6586313e-07,0.0035858506,1.5272619e-07,8.3646904e-05
L-BFGS-B,3292,1.6563502e-07,0.0035860215,1.5288069e-07,8.363757e-05
L-BFGS-B,3293,1.6583517e-07,0.003589669,1.5236759e-07,8.362711e-05
L-BFGS-B,3294,1.6575001e-07,0.0035874252,1.5253616e-07,8.361718e-05
L-BFGS-B,3295,1.6567712e-07,0.0035870103,1.5254392e-07,8.3603256e-05
L-BFGS-B,3296,1.6547088e-07,0.0035506515,1.6022182e-07,8.436042e-05
L-BFGS-B,3297,1.654934e-07,0.0035799358,1.531362e-07,8.35938e-05
L-BFGS-B,3298,1.6533306e-07,0.0035779395,1.5331406e-07,8.3576466e-05
L-BFGS-B,3299,1.6526029e-07,0.0035758622,1.5386073e-07,8.362677e-05
L-BFGS-B,3300,1.6528371e-07,0.0035766729,1.5340076e-07,8.356939e-05
L-BFGS-B,3301,1.6526735e-07,0.0035757276,1.5337102e-07,8.355303e-05
L-BFGS-B,3302,1.6531166e-07,0.0035753741,1.533156e-07,8.354783e-05
L-BFGS-B,3303,1.65365e-07,0.003575756,1.5315285e-07,8.353523e-05
L-BFGS-B,3304,1.6548316e-07,0.0035772086,1.5287493e-07,8.3525796e-05
L-BFGS-B,3305,1.6556598e-07,0.0035813844,1.5241407e-07,8.351085e-05
L-BFGS-B,3306,1.655703e-07,0.003589721,1.5169682e-07,8.348728e-05
L-BFGS-B,3307,1.6550588e-07,0.0035946216,1.5129721e-07,8.346668e-05
L-BFGS-B,3308,1.6585402e-07,0.0036208555,1.4918858e-07,8.346494e-05
L-BFGS-B,3309,1.6565284e-07,0.003606853,1.5024096e-07,8.34526e-05
L-BFGS-B,3310,1.6456454e-07,0.0035920283,1.5239577e-07,8.346433e-05
L-BFGS-B,3311,1.6515912e-07,0.0036000812,1.5105702e-07,8.343323e-05
L-BFGS-B,3312,1.652023e-07,0.0036018456,1.508172e-07,8.342138e-05
L-BFGS-B,3313,1.6508417e-07,0.0036003294,1.5094979e-07,8.340839e-05
L-BFGS-B,3314,1.6485265e-07,0.0035933983,1.5159951e-07,8.340181e-05
L-BFGS-B,3315,1.6475697e-07,0.0035907067,1.5183811e-07,8.339633e-05
L-BFGS-B,3316,1.6476423e-07,0.0035905296,1.5181048e-07,8.33915e-05
L-BFGS-B,3317,1.6477433e-07,0.0035928162,1.5160431e-07,8.338496e-05
L-BFGS-B,3318,1.6479781e-07,0.0035953377,1.513687e-07,8.337835e-05
L-BFGS-B,3319,1.6475397e-07,0.0035986209,1.5114168e-07,8.3370556e-05
L-BFGS-B,3320,1.6471394e-07,0.0035998882,1.5104573e-07,8.336283e-05
L-BFGS-B,3321,1.6469113e-07,0.0036011424,1.5094919e-07,8.3357474e-05
L-BFGS-B,3322,1.6464244e-07,0.0036001124,1.5104061e-07,8.3353574e-05
L-BFGS-B,3323,1.645334e-07,0.0035977657,1.5128194e-07,8.334996e-05
L-BFGS-B,3324,1.6434221e-07,0.0035942162,1.5167726e-07,8.3345076e-05
L-BFGS-B,3325,1.6332501e-07,0.0035795157,1.5433871e-07,8.344471e-05
L-BFGS-B,3326,1.6423064e-07,0.0035924301,1.5190048e-07,8.334397e-05
L-BFGS-B,3327,1.6404381e-07,0.0035903591,1.5217783e-07,8.333684e-05
L-BFGS-B,3328,1.6382887e-07,0.0035895347,1.5238724e-07,8.332776e-05
L-BFGS-B,3329,1.6374152e-07,0.0035924076,1.5220114e-07,8.331547e-05
L-BFGS-B,3330,1.6356977e-07,0.0035915985,1.523103e-07,8.329799e-05
L-BFGS-B,3331,1.6345992e-07,0.0035915154,1.5231232e-07,8.328099e-05
L-BFGS-B,3332,1.6359853e-07,0.0035955424,1.5183103e-07,8.326986e-05
L-BFGS-B,3333,1.6348962e-07,0.0035915137,1.5214411e-07,8.3260195e-05
L-BFGS-B,3334,1.632617e-07,0.003586236,1.5267518e-07,8.32529e-05
L-BFGS-B,3335,1.6335444e-07,0.0035829137,1.5277061e-07,8.32479e-05
L-BFGS-B,3336,1.6322305e-07,0.0035825856,1.5299301e-07,8.325827e-05
L-BFGS-B,3337,1.6329042e-07,0.003582349,1.528328e-07,8.3241976e-05
L-BFGS-B,3338,1.6319571e-07,0.0035818557,1.5292461e-07,8.3236606e-05
L-BFGS-B,3339,1.630595e-07,0.0035814852,1.5304722e-07,8.323086e-05
L-BFGS-B,3340,1.6303545e-07,0.0035733185,1.5367485e-07,8.3239735e-05
L-BFGS-B,3341,1.6304341e-07,0.0035785472,1.5324015e-07,8.3228006e-05
L-BFGS-B,3342,1.630192e-07,0.003579521,1.5315537e-07,8.322139e-05
L-BFGS-B,3343,1.630792e-07,0.0035797136,1.5306185e-07,8.321829e-05
L-BFGS-B,3344,1.6311856e-07,0.0035778848,1.5310975e-07,8.321309e-05
L-BFGS-B,3345,1.6307573e-07,0.0035736857,1.5339712e-07,8.320778e-05
L-BFGS-B,3346,1.6310587e-07,0.0035743972,1.5324991e-07,8.319734e-05
L-BFGS-B,3347,1.6305039e-07,0.0035751525,1.5313103e-07,8.317873e-05
L-BFGS-B,3348,1.6302332e-07,0.003577296,1.529173e-07,8.316405e-05
L-BFGS-B,3349,1.6297751e-07,0.0035774324,1.5284394e-07,8.314754e-05
L-BFGS-B,3350,1.630222e-07,0.0035786205,1.5262124e-07,8.313272e-05
L-BFGS-B,3351,1.6287463e-07,0.0035735278,1.5302658e-07,8.312046e-05
L-BFGS-B,3352,1.6276431e-07,0.0035703129,1.5327035e-07,8.310833e-05
L-BFGS-B,3353,1.6267657e-07,0.0035690796,1.533831e-07,8.3099745e-05
L-BFGS-B,3354,1.6253402e-07,0.0035694283,1.534747e-07,8.309559e-05
L-BFGS-B,3355,1.624773e-07,0.00357085,1.5340697e-07,8.3091145e-05
L-BFGS-B,3356,1.6239262e-07,0.0035715248,1.534155e-07,8.308647e-05
L-BFGS-B,3357,1.6236838e-07,0.0035718684,1.533858e-07,8.308181e-05
L-BFGS-B,3358,1.6242707e-07,0.003573692,1.5316719e-07,8.3076055e-05
L-BFGS-B,3359,1.6241329e-07,0.003571674,1.5326971e-07,8.3069186e-05
L-BFGS-B,3360,1.6233848e-07,0.0035684968,1.53479e-07,8.305759e-05
L-BFGS-B,3361,1.6227287e-07,0.0035669776,1.5361654e-07,8.3053186e-05
L-BFGS-B,3362,1.6232543e-07,0.003566653,1.5355249e-07,8.304822e-05
L-BFGS-B,3363,1.6225319e-07,0.0035667724,1.5358614e-07,8.3043626e-05
L-BFGS-B,3364,1.621884e-07,0.003566027,1.536539e-07,8.303661e-05
L-BFGS-B,3365,1.6216292e-07,0.0035664893,1.5362778e-07,8.30335e-05
L-BFGS-B,3366,1.620819e-07,0.0035660116,1.5373936e-07,8.30333e-05
L-BFGS-B,3367,1.6212303e-07,0.0035662083,1.5367748e-07,8.303216e-05
L-BFGS-B,3368,1.6222128e-07,0.003567446,1.5348098e-07,8.30298e-05
L-BFGS-B,3369,1.6228485e-07,0.0035683599,1.5334192e-07,8.302761e-05
L-BFGS-B,3370,1.624403e-07,0.003570443,1.530239e-07,8.302406e-05
L-BFGS-B,3371,1.6251903e-07,0.0035711327,1.5288069e-07,8.302128e-05
L-BFGS-B,3372,1.6260292e-07,0.0035708644,1.5278619e-07,8.301701e-05
L-BFGS-B,3373,1.6823392e-07,0.0037073535,1.4960393e-07,8.474921e-05
L-BFGS-B,3374,1.6268172e-07,0.003572141,1.5261512e-07,8.301593e-05
L-BFGS-B,3375,1.6270849e-07,0.0035706093,1.5266045e-07,8.301144e-05
L-BFGS-B,3376,1.6269112e-07,0.0035677643,1.528308e-07,8.3005936e-05
L-BFGS-B,3377,1.6264835e-07,0.0035652444,1.5302078e-07,8.300281e-05
L-BFGS-B,3378,1.6260054e-07,0.0035627547,1.5321122e-07,8.299931e-05
L-BFGS-B,3379,1.6257836e-07,0.003560402,1.5336283e-07,8.29952e-05
L-BFGS-B,3380,1.6255734e-07,0.0035469676,1.5498418e-07,8.310091e-05
L-BFGS-B,3381,1.625607e-07,0.0035589011,1.5347528e-07,8.2994404e-05
L-BFGS-B,3382,1.6227919e-07,0.0035531465,1.5419302e-07,8.30023e-05
L-BFGS-B,3383,1.6246541e-07,0.0035568995,1.5368978e-07,8.299228e-05
L-BFGS-B,3384,1.625019e-07,0.0035534536,1.5383198e-07,8.298462e-05
L-BFGS-B,3385,1.6255949e-07,0.003551945,1.5382558e-07,8.297721e-05
L-BFGS-B,3386,1.6272405e-07,0.003553583,1.534849e-07,8.296718e-05
L-BFGS-B,3387,1.6279664e-07,0.003554389,1.5333138e-07,8.2963095e-05
L-BFGS-B,3388,1.6280075e-07,0.0035547798,1.5328209e-07,8.296022e-05
L-BFGS-B,3389,1.6285948e-07,0.0035556997,1.5311169e-07,8.295267e-05
L-BFGS-B,3390,1.6240406e-07,0.0035409029,1.5449339e-07,8.294365e-05
L-BFGS-B,3391,1.6263182e-07,0.0035455525,1.5382189e-07,8.292358e-05
L-BFGS-B,3392,1.6269293e-07,0.0035470366,1.5360719e-07,8.291539e-05
L-BFGS-B,3393,1.6256908e-07,0.0035435078,1.5388929e-07,8.290383e-05
L-BFGS-B,3394,1.6263311e-07,0.0035434356,1.5375588e-07,8.28927e-05
L-BFGS-B,3395,1.6234209e-07,0.003533398,1.5487062e-07,8.291588e-05
L-BFGS-B,3396,1.625208e-07,0.0035396605,1.540649e-07,8.2884464e-05
L-BFGS-B,3397,1.6283695e-07,0.0035401813,1.5368936e-07,8.288076e-05
L-BFGS-B,3398,1.6280596e-07,0.0035430556,1.5344605e-07,8.286836e-05
L-BFGS-B,3399,1.6284066e-07,0.0035456354,1.5319124e-07,8.286114e-05
L-BFGS-B,3400,1.6291351e-07,0.003549876,1.5273248e-07,8.2845654e-05
L-BFGS-B,3401,1.6307327e-07,0.0035552126,1.5211042e-07,8.2829676e-05
L-BFGS-B,3402,1.6329057e-07,0.0035601452,1.5146912e-07,8.281541e-05
L-BFGS-B,3403,1.6346232e-07,0.0035633503,1.509962e-07,8.280228e-05
L-BFGS-B,3404,1.635477e-07,0.0035638725,1.5081972e-07,8.2793835e-05
L-BFGS-B,3405,1.6360401e-07,0.0035626711,1.5078876e-07,8.278563e-05
L-BFGS-B,3406,1.6370359e-07,0.0035615505,1.506905e-07,8.277461e-05
L-BFGS-B,3407,1.6362742e-07,0.0035640055,1.5060677e-07,8.277518e-05
L-BFGS-B,3408,1.6365821e-07,0.0035623945,1.5063735e-07,8.276828e-05
L-BFGS-B,3409,1.6368108e-07,0.003561987,1.5056352e-07,8.275656e-05
L-BFGS-B,3410,1.6372299e-07,0.0035706423,1.5008007e-07,8.277688e-05
L-BFGS-B,3411,1.6367949e-07,0.0035644227,1.5035663e-07,8.274964e-05
L-BFGS-B,3412,1.6353349e-07,0.0035641207,1.5047134e-07,8.274193e-05
L-BFGS-B,3413,1.635591e-07,0.003566634,1.502456e-07,8.273704e-05
L-BFGS-B,3414,1.6344026e-07,0.0035666195,1.5033659e-07,8.273272e-05
L-BFGS-B,3415,1.6333915e-07,0.0035656658,1.504781e-07,8.2729246e-05
L-BFGS-B,3416,1.6324643e-07,0.0035617617,1.5080651e-07,8.272556e-05
L-BFGS-B,3417,1.6312045e-07,0.003559703,1.5104442e-07,8.272176e-05
L-BFGS-B,3418,1.6302637e-07,0.0035564282,1.5131954e-07,8.271617e-05
L-BFGS-B,3419,1.6297611e-07,0.0035526357,1.5158237e-07,8.2710125e-05
L-BFGS-B,3420,1.6298071e-07,0.0035501397,1.5170608e-07,8.270442e-05
L-BFGS-B,3421,1.6299691e-07,0.0035491744,1.517209e-07,8.2699415e-05
L-BFGS-B,3422,1.6304064e-07,0.0035499136,1.5161605e-07,8.269764e-05
L-BFGS-B,3423,1.6306201e-07,0.0035501856,1.5152503e-07,8.268991e-05
L-BFGS-B,3424,1.6308532e-07,0.00355106,1.5141676e-07,8.268591e-05
L-BFGS-B,3425,1.630507e-07,0.0035529186,1.512833e-07,8.267929e-05
L-BFGS-B,3426,1.6305388e-07,0.0035528736,1.5124719e-07,8.26739e-05
L-BFGS-B,3427,1.63341e-07,0.0035613065,1.5194644e-07,8.290618e-05
L-BFGS-B,3428,1.6304206e-07,0.0035526196,1.5125515e-07,8.267078e-05
L-BFGS-B,3429,1.6290394e-07,0.0035515595,1.5140793e-07,8.266237e-05
L-BFGS-B,3430,1.6266645e-07,0.00354581,1.519667e-07,8.2653074e-05
L-BFGS-B,3431,1.6256574e-07,0.0035415124,1.5232413e-07,8.264861e-05
L-BFGS-B,3432,1.623702e-07,0.0035331142,1.530498e-07,8.264414e-05
L-BFGS-B,3433,1.6240963e-07,0.0035325992,1.5300745e-07,8.263855e-05
L-BFGS-B,3434,1.624248e-07,0.003531236,1.5303277e-07,8.263099e-05
L-BFGS-B,3435,1.6235984e-07,0.0035290716,1.5320865e-07,8.262599e-05
L-BFGS-B,3436,1.6234712e-07,0.0035294439,1.5316536e-07,8.262131e-05
L-BFGS-B,3437,1.6230551e-07,0.0035276974,1.5329346e-07,8.261682e-05
L-BFGS-B,3438,1.622965e-07,0.0035249311,1.5344123e-07,8.260997e-05
L-BFGS-B,3439,1.622957e-07,0.0035211933,1.5362603e-07,8.260019e-05
L-BFGS-B,3440,1.6235654e-07,0.0035165253,1.5380422e-07,8.2589366e-05
L-BFGS-B,3441,1.6245733e-07,0.0035136081,1.5384161e-07,8.2580926e-05
L-BFGS-B,3442,1.6254643e-07,0.0035131157,1.5375191e-07,8.2575905e-05
L-BFGS-B,3443,1.6255895e-07,0.0035144724,1.5364016e-07,8.2574596e-05
L-BFGS-B,3444,1.6257604e-07,0.0035140526,1.5361056e-07,8.256851e-05
L-BFGS-B,3445,1.6256952e-07,0.0035140344,1.5356969e-07,8.256122e-05
L-BFGS-B,3446,1.6262457e-07,0.0035169974,1.532271e-07,8.2547725e-05
L-BFGS-B,3447,1.6232252e-07,0.0035105417,1.5394849e-07,8.254607e-05
L-BFGS-B,3448,1.624566e-07,0.0035133543,1.5358897e-07,8.254038e-05
L-BFGS-B,3449,1.6249047e-07,0.0035156813,1.5330248e-07,8.252575e-05
L-BFGS-B,3450,1.6249926e-07,0.003517527,1.5305187e-07,8.250793e-05
L-BFGS-B,3451,1.6247047e-07,0.0035169625,1.5306352e-07,8.2499726e-05
L-BFGS-B,3452,1.6249409e-07,0.0035146489,1.5324234e-07,8.250695e-05
L-BFGS-B,3453,1.6246591e-07,0.0035154969,1.5310884e-07,8.2491184e-05
L-BFGS-B,3454,1.62471e-07,0.0035160505,1.5303438e-07,8.248631e-05
L-BFGS-B,3455,1.6247597e-07,0.0035168878,1.5294161e-07,8.2481514e-05
L-BFGS-B,3456,1.6249219e-07,0.0035172729,1.5287718e-07,8.247813e-05
L-BFGS-B,3457,1.6250443e-07,0.003517447,1.5280999e-07,8.247163e-05
L-BFGS-B,3458,1.6273918e-07,0.0035251847,1.5209785e-07,8.24774e-05
L-BFGS-B,3459,1.6257987e-07,0.0035199996,1.5254551e-07,8.24688e-05
L-BFGS-B,3460,1.6260536e-07,0.003519855,1.5249567e-07,8.24637e-05
L-BFGS-B,3461,1.625612e-07,0.0035185288,1.5259484e-07,8.245869e-05
L-BFGS-B,3462,1.625107e-07,0.0035177574,1.5264042e-07,8.245024e-05
L-BFGS-B,3463,1.6238765e-07,0.0035146337,1.52875e-07,8.2435734e-05
L-BFGS-B,3464,1.6210063e-07,0.0035084,1.5344243e-07,8.2415456e-05
L-BFGS-B,3465,1.6328327e-07,0.0035112407,1.5826322e-07,8.3344385e-05
L-BFGS-B,3466,1.6209498e-07,0.0035063045,1.5356845e-07,8.241256e-05
L-BFGS-B,3467,1.6177083e-07,0.0034988644,1.542708e-07,8.239489e-05
L-BFGS-B,3468,1.6148454e-07,0.0034921514,1.5490947e-07,8.238061e-05
L-BFGS-B,3469,1.6135965e-07,0.0034893162,1.5516916e-07,8.2372484e-05
L-BFGS-B,3470,1.611661e-07,0.0034880792,1.5539361e-07,8.236475e-05
L-BFGS-B,3471,1.6117896e-07,0.0034869818,1.5541895e-07,8.2359504e-05
L-BFGS-B,3472,1.6117647e-07,0.0034861076,1.554551e-07,8.235581e-05
L-BFGS-B,3473,1.6116928e-07,0.0034854596,1.5547364e-07,8.2351035e-05
L-BFGS-B,3474,1.6114885e-07,0.0034848652,1.5549978e-07,8.234594e-05
L-BFGS-B,3475,1.6137383e-07,0.003491043,1.5490282e-07,8.235193e-05
L-BFGS-B,3476,1.6123012e-07,0.0034870654,1.5524098e-07,8.234132e-05
L-BFGS-B,3477,1.6117262e-07,0.0034850335,1.5535048e-07,8.23288e-05
L-BFGS-B,3478,1.611581e-07,0.0034839956,1.5533618e-07,8.2314094e-05
L-BFGS-B,3479,1.6120593e-07,0.0034838256,1.5521996e-07,8.230214e-05
L-BFGS-B,3480,1.6129084e-07,0.0034835597,1.5506951e-07,8.2289655e-05
L-BFGS-B,3481,1.6105793e-07,0.0034751354,1.5582056e-07,8.228313e-05
L-BFGS-B,3482,1.6123835e-07,0.0034803234,1.551361e-07,8.22594e-05
L-BFGS-B,3483,1.6132863e-07,0.0034838049,1.5474262e-07,8.2248735e-05
L-BFGS-B,3484,1.6132269e-07,0.003486946,1.5444712e-07,8.2234925e-05
L-BFGS-B,3485,1.6145722e-07,0.003493043,1.5375038e-07,8.221157e-05
L-BFGS-B,3486,1.615222e-07,0.0034884908,1.5381298e-07,8.218518e-05
L-BFGS-B,3487,1.6211955e-07,0.0035122437,1.5219662e-07,8.2269864e-05
L-BFGS-B,3488,1.616327e-07,0.0034934457,1.5327984e-07,8.217133e-05
L-BFGS-B,3489,1.6163594e-07,0.003488626,1.5352276e-07,8.216006e-05
L-BFGS-B,3490,1.616882e-07,0.0034900412,1.5334189e-07,8.2154926e-05
L-BFGS-B,3491,1.6160024e-07,0.0034871902,1.5358623e-07,8.214987e-05
L-BFGS-B,3492,1.6160105e-07,0.0034873225,1.53551e-07,8.2146034e-05
L-BFGS-B,3493,1.615622e-07,0.00348766,1.5353045e-07,8.21405e-05
L-BFGS-B,3494,1.6151033e-07,0.0034869288,1.5358275e-07,8.213325e-05
L-BFGS-B,3495,1.6144205e-07,0.0034850575,1.537362e-07,8.2127306e-05
L-BFGS-B,3496,1.614113e-07,0.0034833825,1.5381887e-07,8.211835e-05
L-BFGS-B,3497,1.6149934e-07,0.0034682548,1.5481496e-07,8.212969e-05
L-BFGS-B,3498,1.6142525e-07,0.0034772723,1.5417099e-07,8.211216e-05
L-BFGS-B,3499,1.6142397e-07,0.0034759606,1.5419535e-07,8.21025e-05
L-BFGS-B,3500,1.6151408e-07,0.0034763857,1.539801e-07,8.208798e-05
L-BFGS-B,3501,1.6145567e-07,0.0034740367,1.5420906e-07,8.2090075e-05
L-BFGS-B,3502,1.6148064e-07,0.003475036,1.5406961e-07,8.20829e-05
L-BFGS-B,3503,1.6158617e-07,0.0034769317,1.5377277e-07,8.207316e-05
L-BFGS-B,3504,1.6175922e-07,0.0034829862,1.5309293e-07,8.205768e-05
L-BFGS-B,3505,1.6226602e-07,0.0034969202,1.5148258e-07,8.203149e-05
L-BFGS-B,3506,1.6259598e-07,0.0035110242,1.500042e-07,8.200027e-05
L-BFGS-B,3507,1.629422e-07,0.0035231046,1.4863734e-07,8.196798e-05
L-BFGS-B,3508,1.6277303e-07,0.0035206126,1.4883094e-07,8.194672e-05
L-BFGS-B,3509,1.6256453e-07,0.003518036,1.4912666e-07,8.193404e-05
L-BFGS-B,3510,1.6241404e-07,0.0035164708,1.4934297e-07,8.192826e-05
L-BFGS-B,3511,1.6236591e-07,0.0035157488,1.4941456e-07,8.1924554e-05
L-BFGS-B,3512,1.624061e-07,0.0035167516,1.4929253e-07,8.1922306e-05
L-BFGS-B,3513,1.6246696e-07,0.003517841,1.4913702e-07,8.1919e-05
L-BFGS-B,3514,1.6262385e-07,0.0035176366,1.490019e-07,8.192023e-05
L-BFGS-B,3515,1.6253394e-07,0.0035176696,1.4906739e-07,8.191689e-05
L-BFGS-B,3516,1.6257778e-07,0.0035136323,1.4946353e-07,8.194252e-05
L-BFGS-B,3517,1.6253519e-07,0.0035168594,1.4911387e-07,8.1915954e-05
L-BFGS-B,3518,1.6253522e-07,0.0035164452,1.4912487e-07,8.1913466e-05
L-BFGS-B,3519,1.6248869e-07,0.003515179,1.4923899e-07,8.191094e-05
L-BFGS-B,3520,1.6242844e-07,0.0035120028,1.4947906e-07,8.190615e-05
L-BFGS-B,3521,1.6240934e-07,0.003509004,1.4965993e-07,8.190042e-05
L-BFGS-B,3522,1.6244645e-07,0.0035056318,1.4980283e-07,8.189371e-05
L-BFGS-B,3523,1.6261764e-07,0.0035076838,1.4946069e-07,8.188858e-05
L-BFGS-B,3524,1.62764e-07,0.0035011042,1.4974711e-07,8.188771e-05
L-BFGS-B,3525,1.6268521e-07,0.003504057,1.4959389e-07,8.1882434e-05
L-BFGS-B,3526,1.6271066e-07,0.003503393,1.4956937e-07,8.1875936e-05
L-BFGS-B,3527,1.62733e-07,0.0035032316,1.4949842e-07,8.186702e-05
L-BFGS-B,3528,1.6267553e-07,0.0035017848,1.4963972e-07,8.186513e-05
L-BFGS-B,3529,1.638044e-07,0.0035212117,1.4754839e-07,8.191503e-05
L-BFGS-B,3530,1.6292637e-07,0.003505661,1.4909602e-07,8.1859966e-05
L-BFGS-B,3531,1.6287136e-07,0.0035039473,1.4920684e-07,8.1851205e-05
L-BFGS-B,3532,1.6284558e-07,0.0035033498,1.4924451e-07,8.1847014e-05
L-BFGS-B,3533,1.6278634e-07,0.0035021664,1.4936055e-07,8.18437e-05
L-BFGS-B,3534,1.6273111e-07,0.0035015831,1.4943144e-07,8.184021e-05
L-BFGS-B,3535,1.6244333e-07,0.0034981826,1.4994946e-07,8.184074e-05
L-BFGS-B,3536,1.6258895e-07,0.0034998003,1.4967478e-07,8.183756e-05
L-BFGS-B,3537,1.6252234e-07,0.003500019,1.4969582e-07,8.183291e-05
L-BFGS-B,3538,1.6242876e-07,0.0035002527,1.4972241e-07,8.18252e-05
L-BFGS-B,3539,1.6232123e-07,0.0034996914,1.4981457e-07,8.1817285e-05
L-BFGS-B,3540,1.6221483e-07,0.0034973677,1.5000664e-07,8.1806895e-05
L-BFGS-B,3541,1.6211307e-07,0.0034950676,1.5019207e-07,8.179645e-05
L-BFGS-B,3542,1.6190273e-07,0.00348653,1.5107281e-07,8.1811624e-05
L-BFGS-B,3543,1.6204007e-07,0.003492093,1.5044137e-07,8.179314e-05
L-BFGS-B,3544,1.6204685e-07,0.0034903055,1.5051369e-07,8.178713e-05
L-BFGS-B,3545,1.6199016e-07,0.0034878254,1.5069556e-07,8.178111e-05
L-BFGS-B,3546,1.6197751e-07,0.0034860214,1.5078818e-07,8.177507e-05
L-BFGS-B,3547,1.6194302e-07,0.0034813278,1.5103994e-07,8.176072e-05
L-BFGS-B,3548,1.6193356e-07,0.003473302,1.5147486e-07,8.174428e-05
L-BFGS-B,3549,1.6228738e-07,0.0034872883,1.5043769e-07,8.178164e-05
L-BFGS-B,3550,1.6201678e-07,0.0034766905,1.5110976e-07,8.173588e-05
L-BFGS-B,3551,1.624223e-07,0.0034802533,1.509997e-07,8.181583e-05
L-BFGS-B,3552,1.620669e-07,0.003476203,1.5106478e-07,8.1731785e-05
L-BFGS-B,3553,1.6216954e-07,0.0034729997,1.5109602e-07,8.171983e-05
L-BFGS-B,3554,1.6230257e-07,0.0034736295,1.5086046e-07,8.171075e-05
L-BFGS-B,3555,1.6237237e-07,0.0034717203,1.5087683e-07,8.170458e-05
L-BFGS-B,3556,1.6261343e-07,0.003479629,1.5003582e-07,8.169367e-05
L-BFGS-B,3557,1.6265334e-07,0.0034812016,1.4980645e-07,8.1680984e-05
L-BFGS-B,3558,1.6270589e-07,0.003485324,1.4933988e-07,8.166011e-05
L-BFGS-B,3559,1.627354e-07,0.0034861867,1.4918355e-07,8.164971e-05
L-BFGS-B,3560,1.6268524e-07,0.003481833,1.4928295e-07,8.161356e-05
L-BFGS-B,3561,1.625885e-07,0.003485523,1.4906836e-07,8.160376e-05
L-BFGS-B,3562,1.6238518e-07,0.003476674,1.4967927e-07,8.15764e-05
L-BFGS-B,3563,1.6223518e-07,0.0034710062,1.5007758e-07,8.155698e-05
L-BFGS-B,3564,1.6186699e-07,0.003462252,1.5082838e-07,8.152683e-05
L-BFGS-B,3565,1.6131641e-07,0.0034490402,1.5188081e-07,8.146998e-05
L-BFGS-B,3566,1.6090566e-07,0.0034284105,1.539309e-07,8.1509585e-05
L-BFGS-B,3567,1.610951e-07,0.0034390814,1.5258914e-07,8.144345e-05
L-BFGS-B,3568,1.6048746e-07,0.0034291288,1.5348833e-07,8.1387654e-05
L-BFGS-B,3569,1.6027789e-07,0.003423365,1.5365882e-07,8.132416e-05
L-BFGS-B,3570,1.6020783e-07,0.0034287367,1.5317156e-07,8.1294274e-05
L-BFGS-B,3571,1.6069922e-07,0.0034343353,1.5192043e-07,8.12363e-05
L-BFGS-B,3572,1.607018e-07,0.003435006,1.5172782e-07,8.12145e-05
L-BFGS-B,3573,1.6107025e-07,0.0034443843,1.5063569e-07,8.119973e-05
L-BFGS-B,3574,1.6086902e-07,0.003442821,1.507916e-07,8.1177306e-05
L-BFGS-B,3575,1.606282e-07,0.0034427468,1.5124239e-07,8.1208054e-05
L-BFGS-B,3576,1.6074756e-07,0.0034418716,1.509024e-07,8.11662e-05
L-BFGS-B,3577,1.6084041e-07,0.003443533,1.5059388e-07,8.115047e-05
L-BFGS-B,3578,1.6095316e-07,0.003444533,1.5033125e-07,8.113799e-05
L-BFGS-B,3579,1.6099781e-07,0.0034483087,1.4986082e-07,8.111188e-05
L-BFGS-B,3580,1.6092476e-07,0.0034478635,1.4982925e-07,8.109173e-05
L-BFGS-B,3581,1.6065508e-07,0.003447,1.4989202e-07,8.105206e-05
L-BFGS-B,3582,1.6052735e-07,0.003445106,1.5001459e-07,8.103235e-05
L-BFGS-B,3583,1.6041639e-07,0.0034449748,1.4995945e-07,8.100612e-05
L-BFGS-B,3584,1.6035688e-07,0.0034411696,1.5013357e-07,8.0985265e-05
L-BFGS-B,3585,1.603656e-07,0.0034422434,1.4984192e-07,8.095356e-05
L-BFGS-B,3586,1.6058485e-07,0.0034459026,1.4899206e-07,8.089557e-05
L-BFGS-B,3587,1.6059352e-07,0.0034462898,1.4867672e-07,8.085343e-05
L-BFGS-B,3588,1.6075732e-07,0.0034466377,1.4825235e-07,8.081782e-05
L-BFGS-B,3589,1.6098565e-07,0.0034516929,1.4748298e-07,8.078723e-05
L-BFGS-B,3590,1.610592e-07,0.003453076,1.4714156e-07,8.0760874e-05
L-BFGS-B,3591,1.6105653e-07,0.0034524212,1.4706208e-07,8.074201e-05
L-BFGS-B,3592,1.6091678e-07,0.0034496547,1.4732048e-07,8.0732134e-05
L-BFGS-B,3593,1.6082761e-07,0.003445588,1.475868e-07,8.071804e-05
L-BFGS-B,3594,1.6103543e-07,0.003448729,1.4709694e-07,8.070715e-05
L-BFGS-B,3595,1.6096389e-07,0.0034607353,1.4643278e-07,8.0716854e-05
L-BFGS-B,3596,1.6098876e-07,0.003453235,1.4677732e-07,8.069726e-05
L-BFGS-B,3597,1.6070602e-07,0.0034493094,1.472419e-07,8.0685284e-05
L-BFGS-B,3598,1.606429e-07,0.00345049,1.471735e-07,8.067736e-05
L-BFGS-B,3599,1.6052182e-07,0.0034530223,1.4708907e-07,8.067185e-05
L-BFGS-B,3600,1.6032479e-07,0.0034522763,1.4741143e-07,8.0683196e-05
L-BFGS-B,3601,1.6045904e-07,0.0034525455,1.4717119e-07,8.066999e-05
L-BFGS-B,3602,1.603944e-07,0.0034537977,1.4711749e-07,8.066476e-05
L-BFGS-B,3603,1.6041234e-07,0.0034561353,1.4689525e-07,8.065749e-05
L-BFGS-B,3604,1.604992e-07,0.0034575649,1.466746e-07,8.065172e-05
L-BFGS-B,3605,1.605812e-07,0.0034576068,1.4655815e-07,8.064697e-05
L-BFGS-B,3606,1.6073916e-07,0.0034573812,1.4636971e-07,8.0640144e-05
L-BFGS-B,3607,1.6084518e-07,0.003456613,1.4627784e-07,8.063458e-05
L-BFGS-B,3608,1.7270332e-07,0.0037638466,1.4742679e-07,8.5657986e-05
L-BFGS-B,3609,1.6092771e-07,0.003458377,1.4606664e-07,8.063292e-05
L-BFGS-B,3610,1.6097096e-07,0.003457853,1.4602307e-07,8.062764e-05
L-BFGS-B,3611,1.6096796e-07,0.0034574687,1.46016e-07,8.062228e-05
L-BFGS-B,3612,1.613516e-07,0.0034678667,1.4493337e-07,8.062141e-05
L-BFGS-B,3613,1.6115891e-07,0.0034626897,1.4544372e-07,8.061729e-05
L-BFGS-B,3614,1.6120877e-07,0.0034628883,1.4532509e-07,8.060896e-05
L-BFGS-B,3615,1.6121791e-07,0.003464371,1.4522759e-07,8.061053e-05
L-BFGS-B,3616,1.6120633e-07,0.0034634708,1.4524822e-07,8.060289e-05
L-BFGS-B,3617,1.6122802e-07,0.0034651125,1.4506529e-07,8.059512e-05
L-BFGS-B,3618,1.6119293e-07,0.0034648539,1.4506239e-07,8.058683e-05
L-BFGS-B,3619,1.6118635e-07,0.0034639342,1.4507977e-07,8.057926e-05
L-BFGS-B,3620,1.611942e-07,0.0034580112,1.4528071e-07,8.055135e-05
L-BFGS-B,3621,1.6117065e-07,0.0034580424,1.4521298e-07,8.053797e-05
L-BFGS-B,3622,1.6116059e-07,0.0034542142,1.453596e-07,8.052017e-05
L-BFGS-B,3623,1.6124487e-07,0.0034574622,1.4498967e-07,8.05098e-05
L-BFGS-B,3624,1.6125647e-07,0.0034592547,1.4482976e-07,8.050548e-05
L-BFGS-B,3625,1.6130609e-07,0.0034586156,1.4477611e-07,8.049849e-05
L-BFGS-B,3626,1.6136748e-07,0.003458539,1.4469796e-07,8.04952e-05
L-BFGS-B,3627,1.6147975e-07,0.0034568724,1.4466801e-07,8.0490885e-05
L-BFGS-B,3628,1.6144166e-07,0.0034579793,1.4461834e-07,8.04888e-05
L-BFGS-B,3629,1.6140616e-07,0.0034579213,1.4463515e-07,8.0485406e-05
L-BFGS-B,3630,1.6133673e-07,0.0034567167,1.4473862e-07,8.047847e-05
L-BFGS-B,3631,1.613008e-07,0.0034564666,1.4476565e-07,8.047464e-05
L-BFGS-B,3632,1.6126502e-07,0.0034553448,1.4483855e-07,8.0468984e-05
L-BFGS-B,3633,1.6121908e-07,0.0034546787,1.448988e-07,8.0464466e-05
L-BFGS-B,3634,1.6124673e-07,0.0034538903,1.4488631e-07,8.045886e-05
L-BFGS-B,3635,1.6122597e-07,0.0034523073,1.4496327e-07,8.045146e-05
L-BFGS-B,3636,1.6125966e-07,0.003451688,1.4491796e-07,8.0443526e-05
L-BFGS-B,3637,1.6109074e-07,0.003444383,1.4557692e-07,8.044398e-05
L-BFGS-B,3638,1.611733e-07,0.003447978,1.4522831e-07,8.044002e-05
L-BFGS-B,3639,1.6126846e-07,0.0034497746,1.4496581e-07,8.043289e-05
L-BFGS-B,3640,1.614225e-07,0.0034516666,1.4464223e-07,8.042638e-05
L-BFGS-B,3641,1.615479e-07,0.0034527278,1.4440779e-07,8.0420636e-05
L-BFGS-B,3642,1.6161006e-07,0.0034536188,1.442592e-07,8.0416576e-05
L-BFGS-B,3643,1.6169413e-07,0.003453787,1.4412603e-07,8.041089e-05
L-BFGS-B,3644,1.6168408e-07,0.0034537746,1.4414937e-07,8.041276e-05
L-BFGS-B,3645,1.6168552e-07,0.0034536666,1.4412936e-07,8.040889e-05
L-BFGS-B,3646,1.6160087e-07,0.0034542165,1.4414299e-07,8.040374e-05
L-BFGS-B,3647,1.616194e-07,0.0034552696,1.4403675e-07,8.040112e-05
L-BFGS-B,3648,1.6171161e-07,0.0034585216,1.4370683e-07,8.039798e-05
L-BFGS-B,3649,1.617801e-07,0.0034584869,1.4363086e-07,8.039651e-05
L-BFGS-B,3650,1.6175008e-07,0.0034584026,1.4365322e-07,8.0394515e-05
L-BFGS-B,3651,1.6170621e-07,0.003458429,1.4367274e-07,8.0391124e-05
L-BFGS-B,3652,1.6164262e-07,0.003458227,1.4372485e-07,8.038739e-05
L-BFGS-B,3653,1.6156632e-07,0.0034569672,1.4384972e-07,8.038208e-05
L-BFGS-B,3654,1.6156666e-07,0.0034572582,1.4379866e-07,8.037738e-05
L-BFGS-B,3655,1.611803e-07,0.0034453208,1.4513182e-07,8.040002e-05
L-BFGS-B,3656,1.6143008e-07,0.0034532568,1.4417245e-07,8.037295e-05
L-BFGS-B,3657,1.61424e-07,0.0034526254,1.4419703e-07,8.0369406e-05
L-BFGS-B,3658,1.6131247e-07,0.0034489585,1.4449257e-07,8.036034e-05
L-BFGS-B,3659,1.6118207e-07,0.0034436523,1.4492295e-07,8.035228e-05
L-BFGS-B,3660,1.6109132e-07,0.00344229,1.450773e-07,8.0348196e-05
L-BFGS-B,3661,1.6095032e-07,0.0034404509,1.4531821e-07,8.034479e-05
L-BFGS-B,3662,1.6111076e-07,0.0034441273,1.448865e-07,8.034086e-05
L-BFGS-B,3663,1.6110845e-07,0.0034423813,1.4496855e-07,8.033536e-05
L-BFGS-B,3664,1.6110879e-07,0.003440131,1.450761e-07,8.0329046e-05
L-BFGS-B,3665,1.6116498e-07,0.0034391535,1.4505041e-07,8.0323836e-05
L-BFGS-B,3666,1.6118919e-07,0.0034385242,1.4503149e-07,8.031834e-05
L-BFGS-B,3667,1.6121464e-07,0.0034375053,1.450381e-07,8.0312966e-05
L-BFGS-B,3668,1.6118496e-07,0.0034367112,1.4508892e-07,8.0308186e-05
L-BFGS-B,3669,1.6117494e-07,0.0034364595,1.4509865e-07,8.030563e-05
L-BFGS-B,3670,1.6113867e-07,0.003435889,1.4515666e-07,8.030319e-05
L-BFGS-B,3671,1.6116604e-07,0.0034334983,1.4527153e-07,8.030062e-05
L-BFGS-B,3672,1.6099622e-07,0.0034354897,1.4531221e-07,8.0301164e-05
L-BFGS-B,3673,1.610852e-07,0.003434331,1.452871e-07,8.0299156e-05
L-BFGS-B,3674,1.6105537e-07,0.003433014,1.4538806e-07,8.029665e-05
L-BFGS-B,3675,1.6104174e-07,0.0034318755,1.4546762e-07,8.029516e-05
L-BFGS-B,3676,1.6101387e-07,0.0034300804,1.4559379e-07,8.029195e-05
L-BFGS-B,3677,1.6097869e-07,0.0034286757,1.4569619e-07,8.028799e-05
L-BFGS-B,3678,1.6093979e-07,0.00342748,1.4577364e-07,8.028181e-05
L-BFGS-B,3679,1.6095846e-07,0.003426852,1.4577239e-07,8.027815e-05
L-BFGS-B,3680,1.6092041e-07,0.003426798,1.4576536e-07,8.0270846e-05
L-BFGS-B,3681,1.6090134e-07,0.0034278575,1.4566805e-07,8.0263984e-05
L-BFGS-B,3682,1.6097326e-07,0.0034273532,1.4561219e-07,8.026135e-05
L-BFGS-B,3683,1.6105186e-07,0.0034250491,1.455962e-07,8.02477e-05
L-BFGS-B,3684,1.6102945e-07,0.003423332,1.4568352e-07,8.0240265e-05
L-BFGS-B,3685,1.6132918e-07,0.003416516,1.458209e-07,8.0237674e-05
L-BFGS-B,3686,1.6115628e-07,0.003419101,1.4575795e-07,8.022814e-05
L-BFGS-B,3687,1.6106725e-07,0.003419358,1.4580326e-07,8.0224156e-05
L-BFGS-B,3688,1.6090618e-07,0.0034191788,1.4589763e-07,8.021236e-05
L-BFGS-B,3689,1.6076372e-07,0.0034184053,1.459967e-07,8.0198115e-05
L-BFGS-B,3690,1.6090354e-07,0.0034205457,1.4633524e-07,8.029127e-05
L-BFGS-B,3691,1.6075518e-07,0.0034176582,1.4600971e-07,8.019131e-05
L-BFGS-B,3692,1.6077779e-07,0.003416163,1.4599048e-07,8.017687e-05
L-BFGS-B,3693,1.6075766e-07,0.0034106448,1.4623164e-07,8.0154845e-05
L-BFGS-B,3694,1.6499942e-07,0.0035282834,1.4045696e-07,8.1101294e-05
L-BFGS-B,3695,1.6090587e-07,0.003414825,1.4578822e-07,8.0152364e-05
L-BFGS-B,3696,1.609846e-07,0.003410997,1.4584421e-07,8.013429e-05
L-BFGS-B,3697,1.6082487e-07,0.0034049065,1.4626785e-07,8.011297e-05
L-BFGS-B,3698,1.6077766e-07,0.0034035451,1.4623379e-07,8.0087164e-05
L-BFGS-B,3699,1.6050178e-07,0.0034021952,1.4634112e-07,8.004838e-05
L-BFGS-B,3700,1.598863e-07,0.0033945194,1.4725958e-07,8.001708e-05
L-BFGS-B,3701,1.5976656e-07,0.0033919583,1.4733729e-07,7.9985155e-05
L-BFGS-B,3702,1.5947134e-07,0.0033807093,1.4806903e-07,7.993815e-05
L-BFGS-B,3703,1.592668e-07,0.0033710557,1.4867683e-07,7.99021e-05
L-BFGS-B,3704,1.6737424e-07,0.0037254589,1.609537e-07,8.650377e-05
L-BFGS-B,3705,1.593134e-07,0.0033743482,1.4838481e-07,7.989821e-05
L-BFGS-B,3706,1.5911203e-07,0.003364869,1.4899719e-07,7.986507e-05
L-BFGS-B,3707,1.5900974e-07,0.0033620216,1.4921913e-07,7.985455e-05
L-BFGS-B,3708,1.589405e-07,0.0033618642,1.4925521e-07,7.9847996e-05
L-BFGS-B,3709,1.5887116e-07,0.0033616917,1.4929344e-07,7.984161e-05
L-BFGS-B,3710,1.5877772e-07,0.003360912,1.4937996e-07,7.983277e-05
L-BFGS-B,3711,1.5897739e-07,0.0033645008,1.4953771e-07,7.992227e-05
L-BFGS-B,3712,1.5877497e-07,0.0033605825,1.493633e-07,7.982657e-05
L-BFGS-B,3713,1.5794743e-07,0.0033412876,1.5168781e-07,7.985816e-05
L-BFGS-B,3714,1.5843543e-07,0.0033522183,1.5013377e-07,7.980756e-05
L-BFGS-B,3715,1.5835305e-07,0.0033496344,1.5028373e-07,7.979186e-05
L-BFGS-B,3716,1.5831411e-07,0.0033468343,1.5041162e-07,7.977721e-05
L-BFGS-B,3717,1.5836561e-07,0.003347151,1.5026579e-07,7.976622e-05
L-BFGS-B,3718,1.5845742e-07,0.0033475887,1.4998615e-07,7.974243e-05
L-BFGS-B,3719,1.5863507e-07,0.003350566,1.494728e-07,7.972184e-05
L-BFGS-B,3720,1.5877602e-07,0.0033588028,1.4873578e-07,7.9714795e-05
L-BFGS-B,3721,1.587308e-07,0.0033549543,1.4892396e-07,7.9697755e-05
L-BFGS-B,3722,1.5863014e-07,0.0033522996,1.4914761e-07,7.9689664e-05
L-BFGS-B,3723,1.5853001e-07,0.0033510828,1.4926566e-07,7.9680176e-05
L-BFGS-B,3724,1.5836527e-07,0.0033487722,1.494861e-07,7.966543e-05
L-BFGS-B,3725,1.5821483e-07,0.0033454509,1.4973065e-07,7.9646336e-05
L-BFGS-B,3726,1.5819751e-07,0.003339408,1.4997823e-07,7.962044e-05
L-BFGS-B,3727,1.5821203e-07,0.0033344887,1.5018541e-07,7.9604506e-05
L-BFGS-B,3728,1.5825277e-07,0.0033367383,1.4993489e-07,7.959553e-05
L-BFGS-B,3729,1.5835145e-07,0.0033402676,1.4954938e-07,7.95878e-05
L-BFGS-B,3730,1.5846992e-07,0.0033456697,1.4899767e-07,7.9576836e-05
L-BFGS-B,3731,1.5852626e-07,0.0033490143,1.4865734e-07,7.956768e-05
L-BFGS-B,3732,1.5876786e-07,0.0033554598,1.4805813e-07,7.9578494e-05
L-BFGS-B,3733,1.585981e-07,0.0033508637,1.4840434e-07,7.9559e-05
L-BFGS-B,3734,1.5858964e-07,0.0033506835,1.4834971e-07,7.954774e-05
L-BFGS-B,3735,1.585357e-07,0.0033482215,1.4850632e-07,7.953851e-05
L-BFGS-B,3736,1.5859464e-07,0.0033465626,1.485242e-07,7.953345e-05
L-BFGS-B,3737,1.585625e-07,0.0033455994,1.4860824e-07,7.95316e-05
L-BFGS-B,3738,1.5856783e-07,0.0033433614,1.4868884e-07,7.952211e-05
L-BFGS-B,3739,1.5864633e-07,0.0033407903,1.4870069e-07,7.9509955e-05
L-BFGS-B,3740,1.5899545e-07,0.0033494497,1.4815603e-07,7.9567224e-05
L-BFGS-B,3741,1.5870478e-07,0.003342181,1.4852276e-07,7.950594e-05
L-BFGS-B,3742,1.587869e-07,0.0033407635,1.4846319e-07,7.949515e-05
L-BFGS-B,3743,1.588092e-07,0.0033373244,1.48563e-07,7.947907e-05
L-BFGS-B,3744,1.5842875e-07,0.0033358382,1.4908503e-07,7.948544e-05
L-BFGS-B,3745,1.5862278e-07,0.0033361448,1.4874605e-07,7.946677e-05
L-BFGS-B,3746,1.5851761e-07,0.003333955,1.4889469e-07,7.945139e-05
L-BFGS-B,3747,1.5825704e-07,0.0033308624,1.492233e-07,7.9430676e-05
L-BFGS-B,3748,1.58011e-07,0.0033267606,1.495969e-07,7.940879e-05
L-BFGS-B,3749,1.5776183e-07,0.0033241957,1.4980756e-07,7.9377365e-05
L-BFGS-B,3750,1.5809852e-07,0.0033371432,1.5095574e-07,7.972957e-05
L-BFGS-B,3751,1.5772382e-07,0.0033234172,1.4985227e-07,7.9370584e-05
L-BFGS-B,3752,1.5752644e-07,0.003321715,1.4997471e-07,7.9342324e-05
L-BFGS-B,3753,1.5759743e-07,0.0033222397,1.4968445e-07,7.9314676e-05
L-BFGS-B,3754,1.5789169e-07,0.0033296854,1.486896e-07,7.9284044e-05
L-BFGS-B,3755,1.5883943e-07,0.0033377698,1.5297226e-07,8.0149446e-05
L-BFGS-B,3756,1.5783405e-07,0.003326847,1.4888676e-07,7.927659e-05
L-BFGS-B,3757,1.5799654e-07,0.0033316326,1.4817545e-07,7.924213e-05
L-BFGS-B,3758,1.5812424e-07,0.0033367586,1.4745764e-07,7.920487e-05
L-BFGS-B,3759,1.5846919e-07,0.003343176,1.4653429e-07,7.918228e-05
L-BFGS-B,3760,1.5857239e-07,0.003345187,1.4620313e-07,7.9168196e-05
L-BFGS-B,3761,1.586511e-07,0.0033458357,1.4600036e-07,7.9156074e-05
L-BFGS-B,3762,1.5892773e-07,0.0033499429,1.453164e-07,7.913605e-05
L-BFGS-B,3763,1.5890997e-07,0.0033485226,1.4543102e-07,7.913637e-05
L-BFGS-B,3764,1.5891177e-07,0.0033489903,1.4535425e-07,7.912981e-05
L-BFGS-B,3765,1.595111e-07,0.003364768,1.4368347e-07,7.912687e-05
L-BFGS-B,3766,1.592496e-07,0.0033570977,1.4428674e-07,7.910143e-05
L-BFGS-B,3767,1.5910452e-07,0.0033535575,1.4454426e-07,7.908289e-05
L-BFGS-B,3768,1.5918351e-07,0.0033560803,1.4414637e-07,7.9060286e-05
L-BFGS-B,3769,1.6090634e-07,0.003423476,1.4148743e-07,7.9593825e-05
L-BFGS-B,3770,1.5926423e-07,0.003359404,1.4381638e-07,7.905613e-05
L-BFGS-B,3771,1.5935163e-07,0.003361916,1.4348116e-07,7.9044075e-05
L-BFGS-B,3772,1.5965072e-07,0.0033691477,1.4260512e-07,7.902985e-05
L-BFGS-B,3773,1.5995819e-07,0.003376084,1.4174874e-07,7.901688e-05
L-BFGS-B,3774,1.6018997e-07,0.0033805477,1.4114208e-07,7.900529e-05
L-BFGS-B,3775,1.6040792e-07,0.0033856886,1.4047703e-07,7.898963e-05
L-BFGS-B,3776,1.6065201e-07,0.0033885485,1.4001074e-07,7.89849e-05
L-BFGS-B,3777,1.6034389e-07,0.0033853783,1.4038638e-07,7.896332e-05
L-BFGS-B,3778,1.602748e-07,0.0033835808,1.4052596e-07,7.895592e-05
L-BFGS-B,3779,1.6009822e-07,0.0033816074,1.4078226e-07,7.894814e-05
L-BFGS-B,3780,1.5999643e-07,0.0033801622,1.4085028e-07,7.892863e-05
L-BFGS-B,3781,1.5999476e-07,0.0033779154,1.4084394e-07,7.890495e-05
L-BFGS-B,3782,1.6018492e-07,0.00338272,1.4031805e-07,7.8902645e-05
L-BFGS-B,3783,1.6018136e-07,0.0033806653,1.4039867e-07,7.889366e-05
L-BFGS-B,3784,1.6018512e-07,0.0033800795,1.4041508e-07,7.889082e-05
L-BFGS-B,3785,1.6002502e-07,0.0033775524,1.4069748e-07,7.8883895e-05
L-BFGS-B,3786,1.5993709e-07,0.0033769056,1.4078253e-07,7.8877e-05
L-BFGS-B,3787,1.6015403e-07,0.0033823005,1.401344e-07,7.886627e-05
L-BFGS-B,3788,1.6001545e-07,0.003380355,1.40314e-07,7.885297e-05
L-BFGS-B,3789,1.5993838e-07,0.0033809724,1.4022325e-07,7.883397e-05
L-BFGS-B,3790,1.6005802e-07,0.0033832418,1.3987713e-07,7.882269e-05
L-BFGS-B,3791,1.6016614e-07,0.0033865187,1.394654e-07,7.880991e-05
L-BFGS-B,3792,1.6024772e-07,0.0033888007,1.391417e-07,7.879642e-05
L-BFGS-B,3793,1.6025234e-07,0.0033890575,1.3900781e-07,7.8779594e-05
L-BFGS-B,3794,1.6020452e-07,0.0033862076,1.391524e-07,7.876561e-05
L-BFGS-B,3795,1.5993908e-07,0.003379032,1.3981135e-07,7.8752884e-05
L-BFGS-B,3796,1.5998272e-07,0.0033762774,1.398888e-07,7.87435e-05
L-BFGS-B,3797,1.5977386e-07,0.0033725074,1.4028534e-07,7.873395e-05
L-BFGS-B,3798,1.5945251e-07,0.0033670997,1.4087323e-07,7.871986e-05
L-BFGS-B,3799,1.5960423e-07,0.003371457,1.4037043e-07,7.871077e-05
L-BFGS-B,3800,1.5978283e-07,0.0033759305,1.3984038e-07,7.870278e-05
L-BFGS-B,3801,1.5983805e-07,0.0033778232,1.3960926e-07,7.869533e-05
L-BFGS-B,3802,1.6015386e-07,0.0033956394,1.3823885e-07,7.87153e-05
L-BFGS-B,3803,1.5993622e-07,0.0033832681,1.3910842e-07,7.868938e-05
L-BFGS-B,3804,1.6001327e-07,0.0033856607,1.3879367e-07,7.867765e-05
L-BFGS-B,3805,1.5997534e-07,0.003387591,1.3855015e-07,7.865473e-05
L-BFGS-B,3806,1.5990582e-07,0.0033864693,1.3864366e-07,7.8647114e-05
L-BFGS-B,3807,1.5987733e-07,0.0033847755,1.38729e-07,7.863871e-05
L-BFGS-B,3808,1.6017772e-07,0.003381864,1.3885752e-07,7.8673926e-05
L-BFGS-B,3809,1.5993238e-07,0.00338365,1.387227e-07,7.863476e-05
L-BFGS-B,3810,1.5986848e-07,0.0033816025,1.3886353e-07,7.8625824e-05
L-BFGS-B,3811,1.5992345e-07,0.0033824574,1.3870185e-07,7.861837e-05
L-BFGS-B,3812,1.5996267e-07,0.003384284,1.3850578e-07,7.861311e-05
L-BFGS-B,3813,1.5997954e-07,0.00338607,1.3833063e-07,7.860723e-05
L-BFGS-B,3814,1.6014586e-07,0.0033924137,1.3778909e-07,7.861438e-05
L-BFGS-B,3815,1.6003105e-07,0.0033882125,1.3810505e-07,7.8602534e-05
L-BFGS-B,3816,1.6003497e-07,0.0033916659,1.377904e-07,7.859046e-05
L-BFGS-B,3817,1.6169487e-07,0.0034219713,1.3441525e-07,7.863623e-05
L-BFGS-B,3818,1.6048236e-07,0.0033997137,1.367436e-07,7.8581026e-05
L-BFGS-B,3819,1.601865e-07,0.0034056904,1.3719789e-07,7.866456e-05
L-BFGS-B,3820,1.6033927e-07,0.0033994787,1.3679002e-07,7.8564175e-05
L-BFGS-B,3821,1.6032001e-07,0.0033997565,1.3666256e-07,7.854495e-05
L-BFGS-B,3822,1.6034932e-07,0.0033993307,1.3655006e-07,7.852822e-05
L-BFGS-B,3823,1.6033603e-07,0.0033992117,1.3653354e-07,7.852256e-05
L-BFGS-B,3824,1.602518e-07,0.0033981923,1.366246e-07,7.851339e-05
L-BFGS-B,3825,1.6010097e-07,0.0033965362,1.3685326e-07,7.850849e-05
L-BFGS-B,3826,1.602021e-07,0.003397905,1.3661966e-07,7.8502315e-05
L-BFGS-B,3827,1.5992863e-07,0.003399304,1.3668274e-07,7.848475e-05
L-BFGS-B,3828,1.6004509e-07,0.0033997833,1.3638765e-07,7.846275e-05
L-BFGS-B,3829,1.6022011e-07,0.0034013935,1.3584541e-07,7.842376e-05
L-BFGS-B,3830,1.6028035e-07,0.0034016753,1.3560096e-07,7.839895e-05
L-BFGS-B,3831,1.6022423e-07,0.003397559,1.3565192e-07,7.8357014e-05
L-BFGS-B,3832,1.6122252e-07,0.0034419522,1.397535e-07,7.956592e-05
L-BFGS-B,3833,1.6012767e-07,0.0033966212,1.3575044e-07,7.8347926e-05
L-BFGS-B,3834,1.5988897e-07,0.003388717,1.362964e-07,7.831497e-05
L-BFGS-B,3835,1.5941154e-07,0.0033746203,1.3743895e-07,7.827378e-05
L-BFGS-B,3836,1.5889879e-07,0.003362199,1.3854692e-07,7.8238845e-05
L-BFGS-B,3837,1.5863706e-07,0.00335498,1.3918097e-07,7.82225e-05
L-BFGS-B,3838,1.5823889e-07,0.0033505864,1.3979584e-07,7.821107e-05
L-BFGS-B,3839,1.5842627e-07,0.003356,1.3917726e-07,7.820052e-05
L-BFGS-B,3840,1.5840821e-07,0.0033555655,1.3911323e-07,7.8183875e-05
L-BFGS-B,3841,1.5837551e-07,0.0033554009,1.3908073e-07,7.817244e-05
L-BFGS-B,3842,1.5795992e-07,0.0033509291,1.3969415e-07,7.8157405e-05
L-BFGS-B,3843,1.5809925e-07,0.003349692,1.3935558e-07,7.811515e-05
L-BFGS-B,3844,1.5821169e-07,0.0033495165,1.3890373e-07,7.806248e-05
L-BFGS-B,3845,1.5791808e-07,0.003341998,1.3932544e-07,7.80065e-05
L-BFGS-B,3846,1.5781046e-07,0.0033328913,1.3980569e-07,7.797134e-05
L-BFGS-B,3847,1.5697634e-07,0.0033158765,1.4176568e-07,7.7970064e-05
L-BFGS-B,3848,1.5746232e-07,0.0033254097,1.4051128e-07,7.7950135e-05
L-BFGS-B,3849,1.5735544e-07,0.0033209033,1.4076927e-07,7.792774e-05
L-BFGS-B,3850,1.5732455e-07,0.0033194283,1.4082626e-07,7.7916906e-05
L-BFGS-B,3851,1.5736933e-07,0.0033201075,1.4069747e-07,7.791109e-05
L-BFGS-B,3852,1.5747968e-07,0.0033224227,1.4038874e-07,7.7904486e-05
L-BFGS-B,3853,1.5817253e-07,0.0033442345,1.3985468e-07,7.8146426e-05
L-BFGS-B,3854,1.5748404e-07,0.0033235592,1.402673e-07,7.7898294e-05
L-BFGS-B,3855,1.5748176e-07,0.0033236155,1.4018782e-07,7.7886594e-05
L-BFGS-B,3856,1.5822289e-07,0.0033347146,1.3826168e-07,7.781983e-05
L-BFGS-B,3857,1.5800208e-07,0.0033285134,1.3866592e-07,7.7785335e-05
L-BFGS-B,3858,1.5786735e-07,0.003315842,1.3946564e-07,7.775837e-05
L-BFGS-B,3859,1.5807007e-07,0.00331869,1.3895378e-07,7.774047e-05
L-BFGS-B,3860,1.5833373e-07,0.0033216486,1.3837034e-07,7.77221e-05
L-BFGS-B,3861,1.5839206e-07,0.0033200395,1.3828826e-07,7.770244e-05
L-BFGS-B,3862,1.583857e-07,0.0033190332,1.3828374e-07,7.769075e-05
L-BFGS-B,3863,1.5783871e-07,0.0033021485,1.3981669e-07,7.76698e-05
L-BFGS-B,3864,1.576463e-07,0.0033026538,1.3985003e-07,7.7650984e-05
L-BFGS-B,3865,1.5751161e-07,0.0033023262,1.3991773e-07,7.763766e-05
L-BFGS-B,3866,1.5720906e-07,0.0032993944,1.4032422e-07,7.762393e-05
L-BFGS-B,3867,1.571442e-07,0.003297296,1.404734e-07,7.76156e-05
L-BFGS-B,3868,1.5717185e-07,0.0032961138,1.4046881e-07,7.7607234e-05
L-BFGS-B,3869,1.5738001e-07,0.0032979366,1.4005823e-07,7.7595105e-05
L-BFGS-B,3870,1.5756268e-07,0.0032994072,1.396952e-07,7.758275e-05
L-BFGS-B,3871,1.5772028e-07,0.0032996929,1.394607e-07,7.757408e-05
L-BFGS-B,3872,1.57833e-07,0.0033009255,1.3907257e-07,7.754509e-05
L-BFGS-B,3873,1.5697317e-07,0.0032888753,1.4077501e-07,7.755098e-05
L-BFGS-B,3874,1.5739904e-07,0.0032944018,1.3980207e-07,7.7524186e-05
L-BFGS-B,3875,1.5736987e-07,0.0032944984,1.3952247e-07,7.7478835e-05
L-BFGS-B,3876,1.5748552e-07,0.0032943825,1.3913036e-07,7.7436205e-05
L-BFGS-B,3877,1.576519e-07,0.0033043984,1.3816133e-07,7.741596e-05
L-BFGS-B,3878,1.575233e-07,0.003298344,1.3851148e-07,7.738866e-05
L-BFGS-B,3879,1.5752633e-07,0.003292826,1.3874659e-07,7.736919e-05
L-BFGS-B,3880,1.5754082e-07,0.0032915254,1.3863209e-07,7.734119e-05
L-BFGS-B,3881,1.5787406e-07,0.003294209,1.3791933e-07,7.7311095e-05
L-BFGS-B,3882,1.5766072e-07,0.0032914756,1.3821071e-07,7.7295466e-05
L-BFGS-B,3883,1.5764063e-07,0.003292932,1.3801544e-07,7.727773e-05
L-BFGS-B,3884,1.5795077e-07,0.0033030328,1.3685323e-07,7.725093e-05
L-BFGS-B,3885,1.5766436e-07,0.003296456,1.3746367e-07,7.7233766e-05
L-BFGS-B,3886,1.5739563e-07,0.0032884995,1.381774e-07,7.7220946e-05
L-BFGS-B,3887,1.5730787e-07,0.003283073,1.3855175e-07,7.720967e-05
L-BFGS-B,3888,1.5701646e-07,0.0032770543,1.3931871e-07,7.722082e-05
L-BFGS-B,3889,1.5717157e-07,0.0032801314,1.3882037e-07,7.720011e-05
L-BFGS-B,3890,1.573289e-07,0.0032823482,1.3840246e-07,7.7183184e-05
L-BFGS-B,3891,1.5743393e-07,0.003283716,1.381095e-07,7.7168675e-05
L-BFGS-B,3892,1.5745451e-07,0.00328494,1.3792739e-07,7.7156685e-05
L-BFGS-B,3893,1.5748549e-07,0.0032864283,1.3761404e-07,7.712921e-05
L-BFGS-B,3894,1.5735846e-07,0.0032835214,1.377081e-07,7.70952e-05
L-BFGS-B,3895,1.5732176e-07,0.0032777186,1.379374e-07,7.706606e-05
L-BFGS-B,3896,1.570722e-07,0.0032597312,1.3929674e-07,7.705265e-05
L-BFGS-B,3897,1.5686209e-07,0.003265828,1.39999e-07,7.718745e-05
L-BFGS-B,3898,1.5693996e-07,0.003259061,1.3933573e-07,7.703196e-05
L-BFGS-B,3899,1.5763474e-07,0.0032752622,1.374339e-07,7.701292e-05
L-BFGS-B,3900,1.5721884e-07,0.0032692526,1.3800114e-07,7.697552e-05
L-BFGS-B,3901,1.5503531e-07,0.0032601196,1.4694673e-07,7.78985e-05
L-BFGS-B,3902,1.5683345e-07,0.0032633056,1.3865562e-07,7.695642e-05
L-BFGS-B,3903,1.5671057e-07,0.0032584947,1.3895456e-07,7.693472e-05
L-BFGS-B,3904,1.5655087e-07,0.0032519891,1.3937786e-07,7.69092e-05
L-BFGS-B,3905,1.5642034e-07,0.00324396,1.399281e-07,7.689187e-05
L-BFGS-B,3906,1.5614962e-07,0.0032427646,1.4004242e-07,7.685645e-05
L-BFGS-B,3907,1.5586419e-07,0.003239056,1.4045334e-07,7.683819e-05
L-BFGS-B,3908,1.5548127e-07,0.0032324363,1.4106871e-07,7.680686e-05
L-BFGS-B,3909,1.551148e-07,0.003225464,1.4177094e-07,7.67875e-05
L-BFGS-B,3910,1.5453456e-07,0.0032155206,1.4296906e-07,7.678075e-05
L-BFGS-B,3911,1.5484629e-07,0.0032157248,1.4241665e-07,7.6746684e-05
L-BFGS-B,3912,1.5487853e-07,0.0032167989,1.4210931e-07,7.671616e-05
L-BFGS-B,3913,1.5477302e-07,0.0032150582,1.4208989e-07,7.668002e-05
L-BFGS-B,3914,1.5495581e-07,0.0032159914,1.4166307e-07,7.665275e-05
L-BFGS-B,3915,1.5428726e-07,0.003202799,1.4296667e-07,7.661608e-05
L-BFGS-B,3916,1.5415499e-07,0.0032019934,1.4300828e-07,7.659442e-05
L-BFGS-B,3917,1.5411717e-07,0.0032017715,1.4286445e-07,7.656496e-05
L-BFGS-B,3918,1.5440219e-07,0.0032145663,1.422759e-07,7.664737e-05
L-BFGS-B,3919,1.5412292e-07,0.0032033885,1.4262719e-07,7.65464e-05
L-BFGS-B,3920,1.5921928e-07,0.0033177503,1.3367188e-07,7.711118e-05
L-BFGS-B,3921,1.5479984e-07,0.003218076,1.4078941e-07,7.651915e-05
L-BFGS-B,3922,1.546881e-07,0.0032141567,1.4096233e-07,7.648913e-05
L-BFGS-B,3923,1.5472858e-07,0.003214256,1.4074816e-07,7.646407e-05
L-BFGS-B,3924,1.5475892e-07,0.0032171821,1.4033063e-07,7.643525e-05
L-BFGS-B,3925,1.5446318e-07,0.0032133064,1.4069094e-07,7.6406184e-05
L-BFGS-B,3926,1.54407e-07,0.0032216576,1.4063684e-07,7.647315e-05
L-BFGS-B,3927,1.5435639e-07,0.003214583,1.4050507e-07,7.637504e-05
L-BFGS-B,3928,1.5453905e-07,0.003224208,1.3947405e-07,7.634404e-05
L-BFGS-B,3929,1.5388517e-07,0.0032134114,1.4063025e-07,7.631143e-05
L-BFGS-B,3930,1.5416045e-07,0.003214348,1.4019777e-07,7.629721e-05
L-BFGS-B,3931,1.5430517e-07,0.003220026,1.3958984e-07,7.628451e-05
L-BFGS-B,3932,1.5188068e-07,0.0031889111,1.4662734e-07,7.666531e-05
L-BFGS-B,3933,1.5391174e-07,0.003214141,1.4031235e-07,7.627503e-05
L-BFGS-B,3934,1.5348944e-07,0.0032107164,1.4082622e-07,7.625451e-05
L-BFGS-B,3935,1.5360257e-07,0.003215349,1.4022436e-07,7.622753e-05
L-BFGS-B,3936,1.5343196e-07,0.0032142352,1.4031896e-07,7.620499e-05
L-BFGS-B,3937,1.5323361e-07,0.0032140196,1.4038656e-07,7.618322e-05
L-BFGS-B,3938,1.5309847e-07,0.003212545,1.4052002e-07,7.616822e-05
L-BFGS-B,3939,1.5301296e-07,0.0032116466,1.4056043e-07,7.615248e-05
L-BFGS-B,3940,1.5293837e-07,0.003209859,1.4062637e-07,7.61333e-05
L-BFGS-B,3941,1.5288862e-07,0.0032064973,1.4076723e-07,7.611335e-05
L-BFGS-B,3942,1.5279416e-07,0.0032000742,1.4113178e-07,7.608964e-05
L-BFGS-B,3943,1.5276727e-07,0.003197623,1.4121392e-07,7.607341e-05
L-BFGS-B,3944,1.5274135e-07,0.0031966784,1.411769e-07,7.605452e-05
L-BFGS-B,3945,1.5284708e-07,0.0031990823,1.4078779e-07,7.6036056e-05
L-BFGS-B,3946,1.5291096e-07,0.003200511,1.4046857e-07,7.601204e-05
L-BFGS-B,3947,1.5309344e-07,0.0032064763,1.3966113e-07,7.597795e-05
L-BFGS-B,3948,1.5320681e-07,0.0032141716,1.3879377e-07,7.59418e-05
L-BFGS-B,3949,1.5321714e-07,0.0032217836,1.3812212e-07,7.5918724e-05
L-BFGS-B,3950,1.5315665e-07,0.0032218674,1.380755e-07,7.5903496e-05
L-BFGS-B,3951,1.5317974e-07,0.0032234038,1.3784e-07,7.5887e-05
L-BFGS-B,3952,1.528783e-07,0.0032168783,1.384662e-07,7.5870455e-05
L-BFGS-B,3953,1.5347166e-07,0.0032272402,1.369303e-07,7.583269e-05
L-BFGS-B,3954,1.5380546e-07,0.0032304125,1.3622862e-07,7.5809236e-05
L-BFGS-B,3955,1.5411652e-07,0.003232708,1.3561387e-07,7.578664e-05
L-BFGS-B,3956,1.5418173e-07,0.0032315818,1.3552244e-07,7.5771444e-05
L-BFGS-B,3957,1.5410846e-07,0.003229096,1.3556401e-07,7.574183e-05
L-BFGS-B,3958,1.540123e-07,0.0032281547,1.3557228e-07,7.571923e-05
L-BFGS-B,3959,1.538781e-07,0.0032283245,1.355495e-07,7.569738e-05
L-BFGS-B,3960,1.537432e-07,0.00322418,1.3597298e-07,7.569923e-05
L-BFGS-B,3961,1.5378836e-07,0.0032256246,1.3570472e-07,7.5680204e-05
L-BFGS-B,3962,1.5372993e-07,0.003223028,1.3576273e-07,7.565418e-05
L-BFGS-B,3963,1.5384379e-07,0.0032237193,1.3548501e-07,7.563651e-05
L-BFGS-B,3964,1.5395577e-07,0.003224542,1.3526906e-07,7.562914e-05
L-BFGS-B,3965,1.5416444e-07,0.0032288567,1.3466756e-07,7.561337e-05
L-BFGS-B,3966,1.5412073e-07,0.003225983,1.347518e-07,7.559071e-05
L-BFGS-B,3967,1.5570983e-07,0.0032576625,1.3250532e-07,7.580889e-05
L-BFGS-B,3968,1.5431061e-07,0.0032299003,1.3424096e-07,7.558173e-05
L-BFGS-B,3969,1.5388923e-07,0.0032262576,1.3476601e-07,7.556086e-05
L-BFGS-B,3970,1.649911e-07,0.0034882037,1.2978239e-07,7.9098056e-05
L-BFGS-B,3971,1.541004e-07,0.0032303864,1.3424471e-07,7.555563e-05
L-BFGS-B,3972,1.5396081e-07,0.0032299343,1.3422381e-07,7.552703e-05
L-BFGS-B,3973,1.5367242e-07,0.0032287221,1.3435162e-07,7.5490825e-05
L-BFGS-B,3974,1.5359363e-07,0.0032272937,1.38717e-07,7.611953e-05
L-BFGS-B,3975,1.5358464e-07,0.0032258118,1.3458282e-07,7.5483236e-05
L-BFGS-B,3976,1.5374809e-07,0.0032268427,1.341987e-07,7.546045e-05
L-BFGS-B,3977,1.5377618e-07,0.0032265838,1.339851e-07,7.5430034e-05
L-BFGS-B,3978,1.5387914e-07,0.0032276427,1.3364325e-07,7.540479e-05
L-BFGS-B,3979,1.5378428e-07,0.0032242609,1.338318e-07,7.538502e-05
L-BFGS-B,3980,1.5362724e-07,0.0032226173,1.3403618e-07,7.537569e-05
L-BFGS-B,3981,1.5353119e-07,0.0032191584,1.342975e-07,7.536588e-05
L-BFGS-B,3982,1.5335434e-07,0.003216196,1.3459068e-07,7.535371e-05
L-BFGS-B,3983,1.5324854e-07,0.0032127234,1.3476487e-07,7.532924e-05
L-BFGS-B,3984,1.5327512e-07,0.0032102715,1.3473397e-07,7.530408e-05
L-BFGS-B,3985,1.6285028e-07,0.0035169215,1.3919343e-07,8.047577e-05
L-BFGS-B,3986,1.5332245e-07,0.0032127837,1.3449794e-07,7.530089e-05
L-BFGS-B,3987,1.5353176e-07,0.0032098927,1.3423683e-07,7.5264215e-05
L-BFGS-B,3988,1.5363531e-07,0.003209494,1.3394171e-07,7.5231495e-05
L-BFGS-B,3989,1.5412468e-07,0.0032037722,1.3359858e-07,7.519621e-05
L-BFGS-B,3990,1.5362758e-07,0.0032003208,1.3406554e-07,7.515718e-05
L-BFGS-B,3991,1.5338e-07,0.0031988805,1.3421915e-07,7.512867e-05
L-BFGS-B,3992,1.5321162e-07,0.0031969477,1.3431294e-07,7.5098156e-05
L-BFGS-B,3993,1.5283638e-07,0.0031893556,1.3488508e-07,7.505178e-05
L-BFGS-B,3994,1.5216318e-07,0.0031744754,1.3635832e-07,7.502298e-05
L-BFGS-B,3995,1.520968e-07,0.0031714037,1.3639279e-07,7.4987474e-05
L-BFGS-B,3996,1.5186288e-07,0.003165026,1.3684367e-07,7.4956246e-05
L-BFGS-B,3997,1.5169557e-07,0.00316451,1.3693759e-07,7.494008e-05
L-BFGS-B,3998,1.5156465e-07,0.0031601123,1.3725284e-07,7.4923744e-05
L-BFGS-B,3999,1.514664e-07,0.0031587642,1.3730633e-07,7.490355e-05
L-BFGS-B,4000,1.5141367e-07,0.0031577789,1.3720476e-07,7.487055e-05
L-BFGS-B,4001,1.5535998e-07,0.0033114103,1.4369688e-07,7.797263e-05
L-BFGS-B,4002,1.514335e-07,0.0031586664,1.3709747e-07,7.486631e-05
L-BFGS-B,4003,1.5159183e-07,0.0031619237,1.3660114e-07,7.484818e-05
L-BFGS-B,4004,1.5178429e-07,0.0031656704,1.359867e-07,7.482235e-05
L-BFGS-B,4005,1.5200644e-07,0.0031703133,1.3530696e-07,7.480014e-05
L-BFGS-B,4006,1.5206217e-07,0.0031690933,1.3499108e-07,7.474892e-05
L-BFGS-B,4007,1.5219193e-07,0.0031624876,1.3487997e-07,7.468566e-05
L-BFGS-B,4008,1.5857813e-07,0.0033893925,1.3675627e-07,7.819408e-05
L-BFGS-B,4009,1.5226713e-07,0.0031675617,1.3437864e-07,7.467248e-05
L-BFGS-B,4010,1.5204972e-07,0.0031516927,1.3513805e-07,7.45951e-05
L-BFGS-B,4011,1.5227401e-07,0.0031444998,1.3502137e-07,7.4539304e-05
L-BFGS-B,4012,1.5204465e-07,0.0031402952,1.3528957e-07,7.4503085e-05
L-BFGS-B,4013,1.5197972e-07,0.003141588,1.3511341e-07,7.4479845e-05
L-BFGS-B,4014,1.5202991e-07,0.0031456312,1.3460493e-07,7.4451535e-05
L-BFGS-B,4015,1.5172678e-07,0.003142812,1.350074e-07,7.443825e-05
L-BFGS-B,4016,1.518673e-07,0.0031453746,1.3452677e-07,7.4412856e-05
L-BFGS-B,4017,1.5169327e-07,0.003140797,1.3493086e-07,7.4401585e-05
L-BFGS-B,4018,1.5167436e-07,0.003139038,1.3500217e-07,7.4391864e-05
L-BFGS-B,4019,1.5170083e-07,0.0031378581,1.3498989e-07,7.438219e-05
L-BFGS-B,4020,1.5120317e-07,0.0031304164,1.3762963e-07,7.462908e-05
L-BFGS-B,4021,1.5163005e-07,0.0031363668,1.3514921e-07,7.438056e-05
L-BFGS-B,4022,1.5176651e-07,0.003138933,1.3476559e-07,7.436914e-05
L-BFGS-B,4023,1.5185803e-07,0.003142331,1.3439568e-07,7.4361364e-05
L-BFGS-B,4024,1.5193578e-07,0.0031469457,1.3393333e-07,7.4349824e-05
L-BFGS-B,4025,1.5200588e-07,0.0031524543,1.3341564e-07,7.4337775e-05
L-BFGS-B,4026,1.5196488e-07,0.0031528375,1.3335519e-07,7.432638e-05
L-BFGS-B,4027,1.5188195e-07,0.0031514086,1.3342827e-07,7.431062e-05
L-BFGS-B,4028,1.516945e-07,0.0031467888,1.338401e-07,7.429808e-05
L-BFGS-B,4029,1.5167082e-07,0.0031466326,1.3381472e-07,7.428916e-05
L-BFGS-B,4030,1.5174474e-07,0.0031483544,1.3357358e-07,7.428129e-05
L-BFGS-B,4031,1.5171715e-07,0.0031498154,1.3344669e-07,7.427273e-05
L-BFGS-B,4032,1.5213176e-07,0.003164265,1.3223678e-07,7.429793e-05
L-BFGS-B,4033,1.518249e-07,0.0031535262,1.3305568e-07,7.426735e-05
L-BFGS-B,4034,1.5192376e-07,0.0031569328,1.3268392e-07,7.426048e-05
L-BFGS-B,4035,1.5189181e-07,0.0031570154,1.326676e-07,7.4254065e-05
L-BFGS-B,4036,1.51787e-07,0.003162885,1.3245983e-07,7.4265874e-05
L-BFGS-B,4037,1.5184483e-07,0.0031586625,1.325773e-07,7.424995e-05
L-BFGS-B,4038,1.5176988e-07,0.0031572944,1.3268027e-07,7.4240466e-05
L-BFGS-B,4039,1.5155598e-07,0.0031525486,1.3305028e-07,7.421643e-05
L-BFGS-B,4040,1.5144671e-07,0.003149389,1.3321129e-07,7.419259e-05
L-BFGS-B,4041,1.5130902e-07,0.0031441748,1.3351209e-07,7.416491e-05
L-BFGS-B,4042,1.512756e-07,0.0031431473,1.3346256e-07,7.41422e-05
L-BFGS-B,4043,1.5132396e-07,0.0031428537,1.3323346e-07,7.411215e-05
L-BFGS-B,4044,1.51426e-07,0.0031450815,1.3275573e-07,7.4078074e-05
L-BFGS-B,4045,1.514868e-07,0.0031428507,1.3265341e-07,7.404954e-05
L-BFGS-B,4046,1.5343345e-07,0.0031502657,1.3350103e-07,7.4542826e-05
L-BFGS-B,4047,1.5157936e-07,0.0031415562,1.3262498e-07,7.404621e-05
L-BFGS-B,4048,1.5161821e-07,0.0031405974,1.3257691e-07,7.403524e-05
L-BFGS-B,4049,1.5167902e-07,0.0031414232,1.3238913e-07,7.402446e-05
L-BFGS-B,4050,1.51748e-07,0.0031427064,1.3215003e-07,7.401177e-05
L-BFGS-B,4051,1.5374309e-07,0.0031921717,1.2820703e-07,7.421424e-05
L-BFGS-B,4052,1.5188374e-07,0.0031456894,1.3180372e-07,7.4010015e-05
L-BFGS-B,4053,1.5198788e-07,0.0031476077,1.3152719e-07,7.4003336e-05
L-BFGS-B,4054,1.5203533e-07,0.003149774,1.3128644e-07,7.3996e-05
L-BFGS-B,4055,1.5198401e-07,0.0031505707,1.3122607e-07,7.398722e-05
L-BFGS-B,4056,1.5526268e-07,0.003261058,1.2950666e-07,7.532598e-05
L-BFGS-B,4057,1.520746e-07,0.0031539956,1.3087661e-07,7.398264e-05
L-BFGS-B,4058,1.5200676e-07,0.0031537893,1.3090235e-07,7.397426e-05
L-BFGS-B,4059,1.5190362e-07,0.003152628,1.3092249e-07,7.39502e-05
L-BFGS-B,4060,1.5185478e-07,0.0031517432,1.3090568e-07,7.39315e-05
L-BFGS-B,4061,1.5185837e-07,0.0031486293,1.3097713e-07,7.391162e-05
L-BFGS-B,4062,1.5188702e-07,0.0031481064,1.3081636e-07,7.388657e-05
L-BFGS-B,4063,1.5211023e-07,0.0031463823,1.3056034e-07,7.3864416e-05
L-BFGS-B,4064,1.5209366e-07,0.0031471218,1.303843e-07,7.384291e-05
L-BFGS-B,4065,1.5190642e-07,0.0031431455,1.307224e-07,7.382578e-05
L-BFGS-B,4066,1.5176566e-07,0.0031417466,1.3084568e-07,7.380916e-05
L-BFGS-B,4067,1.5159299e-07,0.0031399599,1.309976e-07,7.3788186e-05
L-BFGS-B,4068,1.5123422e-07,0.0031304522,1.317081e-07,7.374587e-05
L-BFGS-B,4069,1.5066313e-07,0.0031109368,1.3305335e-07,7.366684e-05
L-BFGS-B,4070,1.5033822e-07,0.0030993284,1.3376945e-07,7.360944e-05
L-BFGS-B,4071,1.5042988e-07,0.0030910652,1.3410029e-07,7.359017e-05
L-BFGS-B,4072,1.5052532e-07,0.0030913455,1.3376061e-07,7.3556344e-05
L-BFGS-B,4073,1.5064305e-07,0.0030945486,1.3324754e-07,7.3529074e-05
L-BFGS-B,4074,1.5091614e-07,0.0031014201,1.3230402e-07,7.349723e-05
L-BFGS-B,4075,1.5116775e-07,0.0031029927,1.3175443e-07,7.3468254e-05
L-BFGS-B,4076,1.5119319e-07,0.0031038853,1.3164568e-07,7.346468e-05
L-BFGS-B,4077,1.5097466e-07,0.0030975053,1.3221239e-07,7.345311e-05
L-BFGS-B,4078,1.5095823e-07,0.0030958846,1.3230165e-07,7.344783e-05
L-BFGS-B,4079,1.5089059e-07,0.0030936864,1.3246263e-07,7.343984e-05
L-BFGS-B,4080,1.5079515e-07,0.0030908957,1.3267633e-07,7.342968e-05
L-BFGS-B,4081,1.5056531e-07,0.003086349,1.331155e-07,7.3415606e-05
L-BFGS-B,4082,1.50416e-07,0.0030774632,1.3397414e-07,7.3433155e-05
L-BFGS-B,4083,1.5046948e-07,0.0030819343,1.3339229e-07,7.339861e-05
L-BFGS-B,4084,1.5044876e-07,0.0030812833,1.3328983e-07,7.337362e-05
L-BFGS-B,4085,1.5038115e-07,0.0030796276,1.3321909e-07,7.333631e-05
L-BFGS-B,4086,1.504441e-07,0.0030794626,1.3308848e-07,7.332451e-05
L-BFGS-B,4087,1.5060303e-07,0.0030805494,1.3274202e-07,7.330725e-05
L-BFGS-B,4088,1.5065581e-07,0.003080908,1.3260676e-07,7.329846e-05
L-BFGS-B,4089,1.5068935e-07,0.003080857,1.3248102e-07,7.328413e-05
L-BFGS-B,4090,1.5067863e-07,0.0030803583,1.324365e-07,7.327085e-05
L-BFGS-B,4091,1.5048872e-07,0.0030777622,1.3268593e-07,7.325382e-05
L-BFGS-B,4092,1.504074e-07,0.0030762,1.329708e-07,7.326873e-05
L-BFGS-B,4093,1.5041414e-07,0.0030760828,1.3275763e-07,7.323659e-05
L-BFGS-B,4094,1.5023195e-07,0.0030720546,1.3308393e-07,7.321793e-05
L-BFGS-B,4095,1.5001294e-07,0.0030670592,1.3354924e-07,7.3204916e-05
L-BFGS-B,4096,1.498594e-07,0.0030651342,1.3373945e-07,7.319117e-05
L-BFGS-B,4097,1.4973185e-07,0.0030643519,1.3368648e-07,7.315626e-05
L-BFGS-B,4098,1.4970486e-07,0.0030638096,1.3352387e-07,7.3122406e-05
L-BFGS-B,4099,1.4982098e-07,0.0030652445,1.3293926e-07,7.306648e-05
L-BFGS-B,4100,1.49902e-07,0.0030692117,1.3236999e-07,7.303292e-05
L-BFGS-B,4101,1.5001531e-07,0.003074777,1.3148059e-07,7.297216e-05
L-BFGS-B,4102,1.5033888e-07,0.003077168,1.3061533e-07,7.291481e-05
L-BFGS-B,4103,1.4966058e-07,0.0030730662,1.3144043e-07,7.289581e-05
L-BFGS-B,4104,1.5015647e-07,0.0030721382,1.3081042e-07,7.2866416e-05
L-BFGS-B,4105,1.501668e-07,0.0030748888,1.3050216e-07,7.284923e-05
L-BFGS-B,4106,1.4991923e-07,0.0030665002,1.3125232e-07,7.284073e-05
L-BFGS-B,4107,1.5788453e-07,0.003253708,1.3250134e-07,7.609496e-05
L-BFGS-B,4108,1.5020396e-07,0.0030718779,1.3055553e-07,7.28327e-05
L-BFGS-B,4109,1.5030948e-07,0.003074735,1.3015315e-07,7.281674e-05
L-BFGS-B,4110,1.5037037e-07,0.0030761128,1.2991232e-07,7.280353e-05
L-BFGS-B,4111,1.504332e-07,0.0030783464,1.2965916e-07,7.279732e-05
L-BFGS-B,4112,1.5025599e-07,0.003068146,1.3101274e-07,7.2871764e-05
L-BFGS-B,4113,1.503922e-07,0.0030764753,1.2981066e-07,7.2795185e-05
L-BFGS-B,4114,1.5039662e-07,0.0030778851,1.2967746e-07,7.278996e-05
L-BFGS-B,4115,1.5043234e-07,0.0030783878,1.2955414e-07,7.278185e-05
L-BFGS-B,4116,1.5043062e-07,0.003077952,1.2951205e-07,7.277092e-05
L-BFGS-B,4117,1.5033528e-07,0.0030714946,1.2996765e-07,7.2760384e-05
L-BFGS-B,4118,1.5021858e-07,0.0030747317,1.2995201e-07,7.2772906e-05
L-BFGS-B,4119,1.5026774e-07,0.0030720576,1.299245e-07,7.2749404e-05
L-BFGS-B,4120,1.5037331e-07,0.0030693351,1.2989658e-07,7.2733834e-05
L-BFGS-B,4121,1.5029414e-07,0.0030654809,1.3015516e-07,7.27222e-05
L-BFGS-B,4122,1.5032778e-07,0.0030621064,1.3029039e-07,7.271379e-05
L-BFGS-B,4123,1.50292e-07,0.0030589874,1.3047583e-07,7.270504e-05
L-BFGS-B,4124,1.5025904e-07,0.0030541846,1.3073723e-07,7.2691284e-05
L-BFGS-B,4125,1.5020551e-07,0.003050606,1.3097183e-07,7.268266e-05
L-BFGS-B,4126,1.501225e-07,0.0030454043,1.3130658e-07,7.266841e-05
L-BFGS-B,4127,1.499286e-07,0.0030377472,1.3191712e-07,7.265433e-05
L-BFGS-B,4128,1.4974731e-07,0.0030337404,1.3229025e-07,7.264304e-05
L-BFGS-B,4129,1.5246547e-07,0.0031394418,1.3790674e-07,7.495025e-05
L-BFGS-B,4130,1.4973799e-07,0.0030332392,1.3232655e-07,7.264207e-05
L-BFGS-B,4131,1.4963528e-07,0.0030298352,1.325988e-07,7.263346e-05
L-BFGS-B,4132,1.4960516e-07,0.0030290713,1.3261973e-07,7.262445e-05
L-BFGS-B,4133,1.496156e-07,0.0030285267,1.3251463e-07,7.26048e-05
L-BFGS-B,4134,1.4969865e-07,0.0030305677,1.3213983e-07,7.2581446e-05
L-BFGS-B,4135,1.4977104e-07,0.0030300417,1.3196303e-07,7.256053e-05
L-BFGS-B,4136,1.5033422e-07,0.0030420842,1.3039194e-07,7.2529765e-05
L-BFGS-B,4137,1.5012276e-07,0.0030343712,1.3089554e-07,7.2496456e-05
L-BFGS-B,4138,1.5015038e-07,0.0030349423,1.3068288e-07,7.247441e-05
L-BFGS-B,4139,1.5038059e-07,0.003038779,1.3011856e-07,7.246266e-05
L-BFGS-B,4140,1.5053949e-07,0.0030404713,1.2980058e-07,7.2455725e-05
L-BFGS-B,4141,1.5066743e-07,0.003042189,1.294997e-07,7.244696e-05
L-BFGS-B,4142,1.5082078e-07,0.0030430383,1.2919874e-07,7.243331e-05
L-BFGS-B,4143,1.5083496e-07,0.0030417037,1.2919182e-07,7.2421055e-05
L-BFGS-B,4144,1.5176613e-07,0.0030551879,1.2772088e-07,7.247493e-05
L-BFGS-B,4145,1.5102523e-07,0.0030440495,1.2880936e-07,7.2415685e-05
L-BFGS-B,4146,1.5086593e-07,0.0030394418,1.2919108e-07,7.240297e-05
L-BFGS-B,4147,1.5062434e-07,0.0030346352,1.2966652e-07,7.238998e-05
L-BFGS-B,4148,1.50346e-07,0.0030287483,1.302306e-07,7.237397e-05
L-BFGS-B,4149,1.4997404e-07,0.00302145,1.3093539e-07,7.2350915e-05
L-BFGS-B,4150,1.4969422e-07,0.0030135706,1.3157586e-07,7.232621e-05
L-BFGS-B,4151,1.4940365e-07,0.0030054117,1.3219798e-07,7.229436e-05
L-BFGS-B,4152,1.4922631e-07,0.0029960047,1.3297915e-07,7.2290866e-05
L-BFGS-B,4153,1.4934702e-07,0.0029971916,1.3245472e-07,7.2242176e-05
L-BFGS-B,4154,1.4954033e-07,0.003006649,1.3166584e-07,7.2247414e-05
L-BFGS-B,4155,1.4941578e-07,0.0030009176,1.3204267e-07,7.2227944e-05
L-BFGS-B,4156,1.4934935e-07,0.0029976214,1.3219102e-07,7.2207265e-05
L-BFGS-B,4157,1.491537e-07,0.0029901022,1.3276717e-07,7.2189156e-05
L-BFGS-B,4158,1.4907911e-07,0.002983491,1.3320566e-07,7.217762e-05
L-BFGS-B,4159,1.4842011e-07,0.0029757114,1.3441985e-07,7.21831e-05
L-BFGS-B,4160,1.4878174e-07,0.0029797757,1.337013e-07,7.2170216e-05
L-BFGS-B,4161,1.4874546e-07,0.0029783843,1.3379602e-07,7.2165065e-05
L-BFGS-B,4162,1.4872751e-07,0.002976728,1.3388824e-07,7.215964e-05
L-BFGS-B,4163,1.487585e-07,0.0029779354,1.3371724e-07,7.215071e-05
L-BFGS-B,4164,1.4895731e-07,0.0029824355,1.3309852e-07,7.213273e-05
L-BFGS-B,4165,1.491724e-07,0.002986604,1.3248712e-07,7.211497e-05
L-BFGS-B,4166,1.4926046e-07,0.0029877855,1.3224991e-07,7.2104405e-05
L-BFGS-B,4167,1.5095253e-07,0.0030523147,1.3042545e-07,7.272985e-05
L-BFGS-B,4168,1.4944118e-07,0.002994822,1.314526e-07,7.2082286e-05
L-BFGS-B,4169,1.4927399e-07,0.0029922936,1.3150476e-07,7.203975e-05
L-BFGS-B,4170,1.4877367e-07,0.0029853957,1.3225343e-07,7.200802e-05
L-BFGS-B,4171,1.4825031e-07,0.0029766688,1.3312535e-07,7.197303e-05
L-BFGS-B,4172,1.4813313e-07,0.0029779659,1.3302555e-07,7.195346e-05
L-BFGS-B,4173,1.482383e-07,0.0029831878,1.3249247e-07,7.19415e-05
L-BFGS-B,4174,1.4822535e-07,0.002984728,1.3232278e-07,7.19295e-05
L-BFGS-B,4175,1.4819301e-07,0.0029844146,1.3225825e-07,7.191183e-05
L-BFGS-B,4176,1.4806957e-07,0.002981775,1.3245338e-07,7.189619e-05
L-BFGS-B,4177,1.4800486e-07,0.0029779198,1.3269833e-07,7.188468e-05
L-BFGS-B,4178,1.4796775e-07,0.002972776,1.3304296e-07,7.187937e-05
L-BFGS-B,4179,1.4834522e-07,0.0029855578,1.3168665e-07,7.1860355e-05
L-BFGS-B,4180,1.4787598e-07,0.0029738133,1.3274911e-07,7.18319e-05
L-BFGS-B,4181,1.4800943e-07,0.0029779223,1.3212966e-07,7.180009e-05
L-BFGS-B,4182,1.4820269e-07,0.0029826127,1.3131115e-07,7.17532e-05
L-BFGS-B,4183,1.4855182e-07,0.0029997109,1.2959293e-07,7.171882e-05
L-BFGS-B,4184,1.4860154e-07,0.002995216,1.296343e-07,7.168754e-05
L-BFGS-B,4185,1.4974138e-07,0.0030142753,1.2889933e-07,7.1938855e-05
L-BFGS-B,4186,1.4870508e-07,0.0029962799,1.2940818e-07,7.167979e-05
L-BFGS-B,4187,1.4841174e-07,0.0029922773,1.2972215e-07,7.164286e-05
L-BFGS-B,4188,1.4839536e-07,0.002992257,1.2960281e-07,7.162229e-05
L-BFGS-B,4189,1.485582e-07,0.0029942887,1.2914317e-07,7.159809e-05
L-BFGS-B,4190,1.4867734e-07,0.002995007,1.2878486e-07,7.1569404e-05
L-BFGS-B,4191,1.4880082e-07,0.002996023,1.284149e-07,7.1542585e-05
L-BFGS-B,4192,1.4865292e-07,0.0029910593,1.2873551e-07,7.151886e-05
L-BFGS-B,4193,1.4849547e-07,0.0029890535,1.2887065e-07,7.149545e-05
L-BFGS-B,4194,1.4785483e-07,0.0029782448,1.2989082e-07,7.1444294e-05
L-BFGS-B,4195,1.4780161e-07,0.0029879413,1.2978282e-07,7.1517075e-05
L-BFGS-B,4196,1.477813e-07,0.0029798602,1.2972407e-07,7.142441e-05
L-BFGS-B,4197,1.4748147e-07,0.0029757102,1.3012426e-07,7.139797e-05
L-BFGS-B,4198,1.470486e-07,0.002968828,1.3091152e-07,7.1382296e-05
L-BFGS-B,4199,1.472288e-07,0.002970807,1.305191e-07,7.1370254e-05
L-BFGS-B,4200,1.4731262e-07,0.0029717092,1.3034918e-07,7.136636e-05
L-BFGS-B,4201,1.474863e-07,0.0029726266,1.3005487e-07,7.135744e-05
L-BFGS-B,4202,1.4748244e-07,0.002972095,1.300327e-07,7.134822e-05
L-BFGS-B,4203,1.4748922e-07,0.002969388,1.3010343e-07,7.1332775e-05
L-BFGS-B,4204,1.4764603e-07,0.0029673015,1.3000358e-07,7.132046e-05
L-BFGS-B,4205,1.4740749e-07,0.0029641483,1.3037844e-07,7.1309376e-05
L-BFGS-B,4206,1.4723874e-07,0.0029607748,1.3067984e-07,7.129554e-05
L-BFGS-B,4207,1.4714698e-07,0.0029597068,1.30756e-07,7.128251e-05
L-BFGS-B,4208,1.4715732e-07,0.002959471,1.3067519e-07,7.1269584e-05
L-BFGS-B,4209,1.4690981e-07,0.0029679271,1.3074114e-07,7.132692e-05
L-BFGS-B,4210,1.470667e-07,0.002960417,1.3066622e-07,7.1264105e-05
L-BFGS-B,4211,1.47181e-07,0.0029602186,1.3043407e-07,7.1244445e-05
L-BFGS-B,4212,1.4710864e-07,0.0029522518,1.3087075e-07,7.121942e-05
L-BFGS-B,4213,1.4720474e-07,0.002954559,1.3050395e-07,7.1201895e-05
L-BFGS-B,4214,1.4717727e-07,0.0029525529,1.3058218e-07,7.1189446e-05
L-BFGS-B,4215,1.4710244e-07,0.0029505114,1.307044e-07,7.117614e-05
L-BFGS-B,4216,1.4712664e-07,0.0029519165,1.3045499e-07,7.115641e-05
L-BFGS-B,4217,1.4703248e-07,0.002954214,1.3027118e-07,7.1137685e-05
L-BFGS-B,4218,1.4729028e-07,0.002958991,1.2957229e-07,7.11193e-05
L-BFGS-B,4219,1.473778e-07,0.0029599145,1.2930425e-07,7.110145e-05
L-BFGS-B,4220,1.4757912e-07,0.002961168,1.2881925e-07,7.107144e-05
L-BFGS-B,4221,1.4782502e-07,0.0029547745,1.2914218e-07,7.109283e-05
L-BFGS-B,4222,1.4763478e-07,0.002957757,1.2887362e-07,7.105383e-05
L-BFGS-B,4223,1.474681e-07,0.0029544812,1.2913972e-07,7.103598e-05
L-BFGS-B,4224,1.473201e-07,0.0029542078,1.2912767e-07,7.100924e-05
L-BFGS-B,4225,1.4719029e-07,0.0029532216,1.2920505e-07,7.099152e-05
L-BFGS-B,4226,1.4711283e-07,0.0029508222,1.2932131e-07,7.097334e-05
L-BFGS-B,4227,1.4693487e-07,0.0029462096,1.2972353e-07,7.096086e-05
L-BFGS-B,4228,1.4678785e-07,0.0029390971,1.3033515e-07,7.095942e-05
L-BFGS-B,4229,1.4689618e-07,0.0029402717,1.3004846e-07,7.0944414e-05
L-BFGS-B,4230,1.4686755e-07,0.0029401903,1.3002683e-07,7.093606e-05
L-BFGS-B,4231,1.4695826e-07,0.0029417435,1.2973676e-07,7.0921684e-05
L-BFGS-B,4232,1.4718837e-07,0.002947802,1.290949e-07,7.092051e-05
L-BFGS-B,4233,1.4706502e-07,0.0029444625,1.293849e-07,7.0912116e-05
L-BFGS-B,4234,1.4736194e-07,0.002945716,1.288812e-07,7.089363e-05
L-BFGS-B,4235,1.4745059e-07,0.0029462678,1.2868938e-07,7.0883674e-05
L-BFGS-B,4236,1.4762668e-07,0.002947339,1.2836844e-07,7.087266e-05
L-BFGS-B,4237,1.4776343e-07,0.0029497694,1.2801303e-07,7.086416e-05
L-BFGS-B,4238,1.4796954e-07,0.0029546646,1.2737597e-07,7.084847e-05
L-BFGS-B,4239,1.4819433e-07,0.0029607832,1.2656498e-07,7.082173e-05
L-BFGS-B,4240,1.486628e-07,0.002969232,1.2557801e-07,7.0828435e-05
L-BFGS-B,4241,1.4838119e-07,0.002963981,1.2605453e-07,7.080517e-05
L-BFGS-B,4242,1.4847085e-07,0.0029667686,1.2562043e-07,7.0781374e-05
L-BFGS-B,4243,1.4855105e-07,0.0029647248,1.254976e-07,7.075455e-05
L-BFGS-B,4244,1.489157e-07,0.0029626074,1.2611684e-07,7.088095e-05
L-BFGS-B,4245,1.4857527e-07,0.0029630554,1.2554177e-07,7.074811e-05
L-BFGS-B,4246,1.484783e-07,0.0029536965,1.2607576e-07,7.0720074e-05
L-BFGS-B,4247,1.4839017e-07,0.00294368,1.266445e-07,7.0692e-05
L-BFGS-B,4248,1.4823422e-07,0.0029360512,1.2720933e-07,7.0677044e-05
L-BFGS-B,4249,1.4824896e-07,0.002935765,1.2715714e-07,7.066857e-05
L-BFGS-B,4250,1.4813206e-07,0.0029326302,1.273814e-07,7.065332e-05
L-BFGS-B,4251,1.4815045e-07,0.0029281562,1.2749418e-07,7.062826e-05
L-BFGS-B,4252,1.4769246e-07,0.0029260106,1.283808e-07,7.06711e-05
L-BFGS-B,4253,1.4798614e-07,0.0029267166,1.276912e-07,7.0618764e-05
L-BFGS-B,4254,1.47635e-07,0.0029109716,1.2888245e-07,7.058733e-05
L-BFGS-B,4255,1.4770683e-07,0.00291141,1.2860627e-07,7.0561066e-05
L-BFGS-B,4256,1.4771041e-07,0.0029105055,1.2856542e-07,7.054643e-05
L-BFGS-B,4257,1.4671707e-07,0.0029122531,1.3012239e-07,7.064845e-05
L-BFGS-B,4258,1.4749487e-07,0.002909991,1.2877746e-07,7.054076e-05
L-BFGS-B,4259,1.4744673e-07,0.002908501,1.287883e-07,7.052027e-05
L-BFGS-B,4260,1.4750574e-07,0.002907288,1.2861199e-07,7.049054e-05
L-BFGS-B,4261,1.4747017e-07,0.0029078722,1.2840881e-07,7.046057e-05
L-BFGS-B,4262,1.474854e-07,0.0029077958,1.282717e-07,7.044152e-05
L-BFGS-B,4263,1.4733318e-07,0.0029068692,1.2833084e-07,7.041829e-05
L-BFGS-B,4264,1.4701916e-07,0.002901998,1.2878084e-07,7.0389986e-05
L-BFGS-B,4265,1.4682144e-07,0.002897479,1.2922331e-07,7.03815e-05
L-BFGS-B,4266,1.465288e-07,0.0028935364,1.2960794e-07,7.0355876e-05
L-BFGS-B,4267,1.4640761e-07,0.0028919787,1.2969275e-07,7.033485e-05
L-BFGS-B,4268,1.4612944e-07,0.0028880527,1.3004686e-07,7.030697e-05
L-BFGS-B,4269,1.458912e-07,0.0028849135,1.303475e-07,7.028494e-05
L-BFGS-B,4270,1.458215e-07,0.0028851142,1.302315e-07,7.025909e-05
L-BFGS-B,4271,1.4595558e-07,0.0028863759,1.2988735e-07,7.0240196e-05
L-BFGS-B,4272,1.4607458e-07,0.0028888898,1.2950302e-07,7.0225535e-05
L-BFGS-B,4273,1.4659499e-07,0.0028914323,1.2876671e-07,7.021858e-05
L-BFGS-B,4274,1.4632576e-07,0.0028889875,1.2898754e-07,7.018687e-05
L-BFGS-B,4275,1.461366e-07,0.002884418,1.292274e-07,7.014878e-05
L-BFGS-B,4276,1.45857e-07,0.0028775623,1.2959977e-07,7.009414e-05
L-BFGS-B,4277,1.4581984e-07,0.0028739017,1.2954874e-07,7.0044305e-05
L-BFGS-B,4278,1.45822e-07,0.0028736484,1.2994516e-07,7.010156e-05
L-BFGS-B,4279,1.4575787e-07,0.0028719935,1.2956437e-07,7.001827e-05
L-BFGS-B,4280,1.4588656e-07,0.0028719788,1.2894841e-07,6.994503e-05
L-BFGS-B,4281,1.4613862e-07,0.0028786832,1.279724e-07,6.9903486e-05
L-BFGS-B,4282,1.4623869e-07,0.0028872536,1.2699222e-07,6.9857175e-05
L-BFGS-B,4283,1.4629616e-07,0.0028856,1.2674603e-07,6.9812326e-05
L-BFGS-B,4284,1.4700069e-07,0.0029174522,1.3381937e-07,7.129753e-05
L-BFGS-B,4285,1.4619572e-07,0.0028849752,1.2674923e-07,6.9791495e-05
L-BFGS-B,4286,1.4600745e-07,0.0028879568,1.2641462e-07,6.974288e-05
L-BFGS-B,4287,1.4591474e-07,0.0028776182,1.2684822e-07,6.969062e-05
L-BFGS-B,4288,1.4571992e-07,0.0028719495,1.2721485e-07,6.9659705e-05
L-BFGS-B,4289,1.4552127e-07,0.0028693278,1.2746247e-07,6.964084e-05
L-BFGS-B,4290,1.4539323e-07,0.0028678717,1.2761386e-07,6.962978e-05
L-BFGS-B,4291,1.452629e-07,0.0028659245,1.2778749e-07,6.9616806e-05
L-BFGS-B,4292,1.4515436e-07,0.00286245,1.2802414e-07,6.960127e-05
L-BFGS-B,4293,1.4514598e-07,0.002862477,1.2791403e-07,6.958377e-05
L-BFGS-B,4294,1.4517107e-07,0.0028632728,1.2776468e-07,6.9573085e-05
L-BFGS-B,4295,1.4523052e-07,0.0028658141,1.2747829e-07,6.9564456e-05
L-BFGS-B,4296,1.4528801e-07,0.0028694894,1.2708573e-07,6.955095e-05
L-BFGS-B,4297,1.4533956e-07,0.0028738596,1.2660941e-07,6.953094e-05
L-BFGS-B,4298,1.4835139e-07,0.0028976123,1.3298919e-07,7.117721e-05
L-BFGS-B,4299,1.4534999e-07,0.0028727255,1.266597e-07,6.95287e-05
L-BFGS-B,4300,1.4532026e-07,0.0028774668,1.2623595e-07,6.9508096e-05
L-BFGS-B,4301,1.4536563e-07,0.0028792447,1.2602254e-07,6.9500675e-05
L-BFGS-B,4302,1.4529829e-07,0.0028769064,1.2621038e-07,6.949536e-05
L-BFGS-B,4303,1.4528852e-07,0.002875991,1.2623127e-07,6.9487876e-05
L-BFGS-B,4304,1.4535937e-07,0.0028720617,1.2627287e-07,6.9465445e-05
L-BFGS-B,4305,1.4546899e-07,0.0028807279,1.2631044e-07,6.957419e-05
L-BFGS-B,4306,1.4532515e-07,0.0028726158,1.262053e-07,6.9455724e-05
L-BFGS-B,4307,1.4535982e-07,0.0028670197,1.2637065e-07,6.942976e-05
L-BFGS-B,4308,1.456975e-07,0.00287745,1.2540089e-07,6.943926e-05
L-BFGS-B,4309,1.4548043e-07,0.0028707653,1.2593874e-07,6.942053e-05
L-BFGS-B,4310,1.4541325e-07,0.00286788,1.2607961e-07,6.9402726e-05
L-BFGS-B,4311,1.4541371e-07,0.002866803,1.2607285e-07,6.939101e-05
L-BFGS-B,4312,1.4538644e-07,0.0028724608,1.2563235e-07,6.937743e-05
L-BFGS-B,4313,1.4538696e-07,0.002870058,1.2560868e-07,6.9349924e-05
L-BFGS-B,4314,1.4552751e-07,0.0028696714,1.2501903e-07,6.927869e-05
L-BFGS-B,4315,1.4499471e-07,0.0028645562,1.2553714e-07,6.922534e-05
L-BFGS-B,4316,1.4522239e-07,0.0028694882,1.2462453e-07,6.917192e-05
L-BFGS-B,4317,1.45206e-07,0.002870056,1.2439635e-07,6.9140915e-05
L-BFGS-B,4318,1.4510623e-07,0.0028704032,1.2431826e-07,6.9117705e-05
L-BFGS-B,4319,1.4500134e-07,0.0028696277,1.2432528e-07,6.909527e-05
L-BFGS-B,4320,1.4491229e-07,0.0028694111,1.242026e-07,6.9061345e-05
L-BFGS-B,4321,1.4473795e-07,0.0028675015,1.2425748e-07,6.902433e-05
L-BFGS-B,4322,1.4463977e-07,0.002865951,1.2415475e-07,6.897869e-05
L-BFGS-B,4323,1.4450683e-07,0.0028619089,1.2436084e-07,6.894924e-05
L-BFGS-B,4324,1.443834e-07,0.002858659,1.2459881e-07,6.893392e-05
L-BFGS-B,4325,1.4437668e-07,0.0028572602,1.246185e-07,6.892188e-05
L-BFGS-B,4326,1.4326416e-07,0.0028489057,1.2872809e-07,6.92879e-05
L-BFGS-B,4327,1.4412561e-07,0.0028534275,1.2505298e-07,6.891106e-05
L-BFGS-B,4328,1.4417523e-07,0.0028541554,1.2482522e-07,6.889162e-05
L-BFGS-B,4329,1.4430644e-07,0.0028599761,1.2414044e-07,6.886679e-05
L-BFGS-B,4330,1.4438868e-07,0.0028601557,1.2394534e-07,6.885166e-05
L-BFGS-B,4331,1.4434671e-07,0.0028606376,1.2384263e-07,6.883478e-05
L-BFGS-B,4332,1.443531e-07,0.0028619939,1.2355144e-07,6.880562e-05
L-BFGS-B,4333,1.4399882e-07,0.0028534124,1.2465773e-07,6.88326e-05
L-BFGS-B,4334,1.4418823e-07,0.002857707,1.2388823e-07,6.878854e-05
L-BFGS-B,4335,1.4418947e-07,0.0028619296,1.2347708e-07,6.876928e-05
L-BFGS-B,4336,1.4419324e-07,0.0028685264,1.229007e-07,6.874936e-05
L-BFGS-B,4337,1.4410728e-07,0.0028696607,1.2283404e-07,6.8737805e-05
L-BFGS-B,4338,1.4418252e-07,0.0028736547,1.224751e-07,6.8735186e-05
L-BFGS-B,4339,1.440451e-07,0.0028670875,1.2295152e-07,6.8720365e-05
L-BFGS-B,4340,1.4391273e-07,0.0028617152,1.2339711e-07,6.871363e-05
L-BFGS-B,4341,1.4374795e-07,0.0028564385,1.2386535e-07,6.870637e-05
L-BFGS-B,4342,1.4358358e-07,0.0028531528,1.2420226e-07,6.86994e-05
L-BFGS-B,4343,1.4345663e-07,0.0028526578,1.242886e-07,6.8688365e-05
L-BFGS-B,4344,1.4323544e-07,0.0028507882,1.2460005e-07,6.8683206e-05
L-BFGS-B,4345,1.4314857e-07,0.0028511933,1.2459432e-07,6.867337e-05
L-BFGS-B,4346,1.437671e-07,0.002870034,1.230912e-07,6.872908e-05
L-BFGS-B,4347,1.4326606e-07,0.0028549149,1.2418712e-07,6.866713e-05
L-BFGS-B,4348,1.4324831e-07,0.0028547007,1.2415767e-07,6.86579e-05
L-BFGS-B,4349,1.4314982e-07,0.0028516888,1.2437067e-07,6.864496e-05
L-BFGS-B,4350,1.4317962e-07,0.002852256,1.2435943e-07,6.865342e-05
L-BFGS-B,4351,1.4315351e-07,0.0028516639,1.2435294e-07,6.864261e-05
L-BFGS-B,4352,1.431291e-07,0.0028497153,1.2448558e-07,6.8639354e-05
L-BFGS-B,4353,1.4307129e-07,0.0028475185,1.2466727e-07,6.863597e-05
L-BFGS-B,4354,1.4304263e-07,0.0028473516,1.2469486e-07,6.863414e-05
L-BFGS-B,4355,1.430285e-07,0.002848409,1.2461547e-07,6.863069e-05
L-BFGS-B,4356,1.4304142e-07,0.0028497768,1.2448902e-07,6.8627334e-05
L-BFGS-B,4357,1.4308142e-07,0.0028513374,1.2429513e-07,6.8619855e-05
L-BFGS-B,4358,1.4298533e-07,0.002847919,1.2448004e-07,6.8598994e-05
L-BFGS-B,4359,1.4272045e-07,0.0028372607,1.2526881e-07,6.8571e-05
L-BFGS-B,4360,1.4698087e-07,0.0029101793,1.3203639e-07,7.095438e-05
L-BFGS-B,4361,1.4273003e-07,0.002836517,1.2529995e-07,6.8569665e-05
L-BFGS-B,4362,1.4248978e-07,0.0028284572,1.2600137e-07,6.855825e-05
L-BFGS-B,4363,1.4230196e-07,0.0028231214,1.265058e-07,6.855238e-05
L-BFGS-B,4364,1.4222346e-07,0.0028213812,1.2667984e-07,6.85493e-05
L-BFGS-B,4365,1.4206309e-07,0.0028183649,1.2700272e-07,6.8543515e-05
L-BFGS-B,4366,1.4155795e-07,0.0028112407,1.2803058e-07,6.855068e-05
L-BFGS-B,4367,1.4186793e-07,0.0028155106,1.2736545e-07,6.854011e-05
L-BFGS-B,4368,1.4173948e-07,0.0028133146,1.275503e-07,6.852661e-05
L-BFGS-B,4369,1.4159313e-07,0.0028107786,1.2774638e-07,6.850871e-05
L-BFGS-B,4370,1.4153127e-07,0.0028092703,1.2783416e-07,6.849752e-05
L-BFGS-B,4371,1.4155115e-07,0.0028062586,1.2786641e-07,6.847522e-05
L-BFGS-B,4372,1.4148453e-07,0.0027998579,1.2825352e-07,6.845928e-05
L-BFGS-B,4373,1.4114141e-07,0.0027943188,1.290344e-07,6.846956e-05
L-BFGS-B,4374,1.4131165e-07,0.0027965966,1.2856007e-07,6.844672e-05
L-BFGS-B,4375,1.4141105e-07,0.0027990267,1.2813773e-07,6.842258e-05
L-BFGS-B,4376,1.415242e-07,0.0027975787,1.2794773e-07,6.839657e-05
L-BFGS-B,4377,1.412515e-07,0.002799777,1.2821188e-07,6.841728e-05
L-BFGS-B,4378,1.4139907e-07,0.0027977116,1.280057e-07,6.838783e-05
L-BFGS-B,4379,1.4160707e-07,0.0027988276,1.327934e-07,6.9148344e-05
L-BFGS-B,4380,1.4128732e-07,0.0027931915,1.2832892e-07,6.837435e-05
L-BFGS-B,4381,1.4123776e-07,0.0027906715,1.2843957e-07,6.835831e-05
L-BFGS-B,4382,1.4111393e-07,0.0027848422,1.2859846e-07,6.830528e-05
L-BFGS-B,4383,1.4105858e-07,0.0027810244,1.2865273e-07,6.8266934e-05
L-BFGS-B,4384,1.4108727e-07,0.0027811201,1.2840397e-07,6.8234884e-05
L-BFGS-B,4385,1.4114346e-07,0.0027795308,1.2834842e-07,6.821909e-05
L-BFGS-B,4386,1.4120482e-07,0.0027818328,1.2801962e-07,6.820199e-05
L-BFGS-B,4387,1.4128678e-07,0.0027881437,1.273633e-07,6.8178946e-05
L-BFGS-B,4388,1.4133315e-07,0.0027898962,1.2706047e-07,6.8158006e-05
L-BFGS-B,4389,1.4131543e-07,0.0027923482,1.2674508e-07,6.8132555e-05
L-BFGS-B,4390,1.4151107e-07,0.002799716,1.2587753e-07,6.810545e-05
L-BFGS-B,4391,1.4048072e-07,0.0027849367,1.289657e-07,6.826632e-05
L-BFGS-B,4392,1.4129903e-07,0.0027957929,1.2630515e-07,6.8098554e-05
L-BFGS-B,4393,1.4126037e-07,0.002796599,1.2623039e-07,6.8089605e-05
L-BFGS-B,4394,1.4132151e-07,0.0027976276,1.2603991e-07,6.808049e-05
L-BFGS-B,4395,1.4133846e-07,0.0027971917,1.2603708e-07,6.807825e-05
L-BFGS-B,4396,1.4132739e-07,0.0027960506,1.261086e-07,6.8075904e-05
L-BFGS-B,4397,1.414095e-07,0.0027932501,1.2628395e-07,6.808652e-05
L-BFGS-B,4398,1.4134646e-07,0.0027948634,1.261449e-07,6.807234e-05
L-BFGS-B,4399,1.4128527e-07,0.002791626,1.2637979e-07,6.8066016e-05
L-BFGS-B,4400,1.4128457e-07,0.0027898739,1.2645854e-07,6.806021e-05
L-BFGS-B,4401,1.414191e-07,0.002792347,1.2615686e-07,6.805986e-05
L-BFGS-B,4402,1.4134854e-07,0.0027910292,1.2629266e-07,6.805647e-05
L-BFGS-B,4403,1.4134251e-07,0.0027899423,1.2632484e-07,6.804953e-05
L-BFGS-B,4404,1.4132868e-07,0.0027881903,1.2638992e-07,6.803969e-05
L-BFGS-B,4405,1.4139329e-07,0.0027853877,1.2640703e-07,6.802392e-05
L-BFGS-B,4406,1.4128591e-07,0.0027810687,1.2669042e-07,6.800714e-05
L-BFGS-B,4407,1.4116178e-07,0.002775245,1.2708067e-07,6.798882e-05
L-BFGS-B,4408,1.4102162e-07,0.0027694076,1.2745338e-07,6.7965324e-05
L-BFGS-B,4409,1.4132435e-07,0.0027786116,1.2657692e-07,6.7971305e-05
L-BFGS-B,4410,1.4113664e-07,0.002772948,1.2703663e-07,6.795547e-05
L-BFGS-B,4411,1.4098681e-07,0.0027675,1.275379e-07,6.7953704e-05
L-BFGS-B,4412,1.4098089e-07,0.0027697377,1.2730094e-07,6.793965e-05
L-BFGS-B,4413,1.4103269e-07,0.0027722146,1.2703697e-07,6.79326e-05
L-BFGS-B,4414,1.4113942e-07,0.002776193,1.265676e-07,6.791799e-05
L-BFGS-B,4415,1.4140355e-07,0.002784909,1.2584758e-07,6.793676e-05
L-BFGS-B,4416,1.4119773e-07,0.0027782097,1.2635178e-07,6.791452e-05
L-BFGS-B,4417,1.411449e-07,0.002778566,1.2632152e-07,6.7905625e-05
L-BFGS-B,4418,1.4111487e-07,0.002775922,1.2645647e-07,6.789492e-05
L-BFGS-B,4419,1.4104927e-07,0.0027741517,1.2657577e-07,6.7885274e-05
L-BFGS-B,4420,1.4104786e-07,0.0027734798,1.2655465e-07,6.7875175e-05
L-BFGS-B,4421,1.4105059e-07,0.0027737028,1.2650216e-07,6.786994e-05
L-BFGS-B,4422,1.4109337e-07,0.0027745164,1.2638984e-07,6.7867644e-05
L-BFGS-B,4423,1.4108751e-07,0.0027747883,1.2637021e-07,6.786654e-05
L-BFGS-B,4424,1.4100941e-07,0.0027703485,1.2671859e-07,6.786268e-05
L-BFGS-B,4425,1.4101639e-07,0.0027720137,1.2652367e-07,6.785114e-05
L-BFGS-B,4426,1.4105204e-07,0.0027730523,1.2633086e-07,6.783796e-05
L-BFGS-B,4427,1.4105564e-07,0.0027722178,1.263174e-07,6.7828136e-05
L-BFGS-B,4428,1.4125997e-07,0.002774284,1.258846e-07,6.781452e-05
L-BFGS-B,4429,1.4134011e-07,0.0027735925,1.2577216e-07,6.7802765e-05
L-BFGS-B,4430,1.4156254e-07,0.0027763888,1.2529952e-07,6.77932e-05
L-BFGS-B,4431,1.416093e-07,0.002775977,1.2523049e-07,6.778574e-05
L-BFGS-B,4432,1.4165919e-07,0.002774367,1.2517378e-07,6.776862e-05
L-BFGS-B,4433,1.4138608e-07,0.002771455,1.256853e-07,6.7775254e-05
L-BFGS-B,4434,1.4153878e-07,0.0027728751,1.2536142e-07,6.776379e-05
L-BFGS-B,4435,1.4155303e-07,0.0027716786,1.2532597e-07,6.774864e-05
L-BFGS-B,4436,1.4149684e-07,0.0027690998,1.2542287e-07,6.772896e-05
L-BFGS-B,4437,1.4136457e-07,0.0027659,1.2564999e-07,6.771118e-05
L-BFGS-B,4438,1.413259e-07,0.002767585,1.254432e-07,6.769121e-05
L-BFGS-B,4439,1.4112217e-07,0.0027664863,1.255707e-07,6.766879e-05
L-BFGS-B,4440,1.4113532e-07,0.0027677107,1.2536562e-07,6.765225e-05
L-BFGS-B,4441,1.4131969e-07,0.0027731294,1.2467427e-07,6.763039e-05
L-BFGS-B,4442,1.4170983e-07,0.0027764528,1.2394734e-07,6.76131e-05
L-BFGS-B,4443,1.4194522e-07,0.0027780526,1.2348082e-07,6.759443e-05
L-BFGS-B,4444,1.4220093e-07,0.002779738,1.2300606e-07,6.757843e-05
L-BFGS-B,4445,1.4224693e-07,0.0027793916,1.2291935e-07,6.756886e-05
L-BFGS-B,4446,1.423142e-07,0.0027791134,1.2276406e-07,6.755287e-05
L-BFGS-B,4447,1.4233403e-07,0.0027804268,1.2251184e-07,6.7531146e-05
L-BFGS-B,4448,1.4360877e-07,0.0028169407,1.1927293e-07,6.7601664e-05
L-BFGS-B,4449,1.4263742e-07,0.002789237,1.2154341e-07,6.75195e-05
L-BFGS-B,4450,1.426229e-07,0.002791459,1.2126087e-07,6.749715e-05
L-BFGS-B,4451,1.427031e-07,0.0027961126,1.2070444e-07,6.7472254e-05
L-BFGS-B,4452,1.4281477e-07,0.0027962395,1.2041069e-07,6.744621e-05
L-BFGS-B,4453,1.4280263e-07,0.0027956467,1.2027455e-07,6.741804e-05
L-BFGS-B,4454,1.4296947e-07,0.0027935186,1.1997629e-07,6.7377056e-05
L-BFGS-B,4455,1.4644314e-07,0.0029070182,1.2212526e-07,6.935544e-05
L-BFGS-B,4456,1.4297031e-07,0.0027933137,1.1993959e-07,6.736962e-05
L-BFGS-B,4457,1.4289921e-07,0.0027945056,1.1960329e-07,6.7320434e-05
L-BFGS-B,4458,1.4283738e-07,0.0028011436,1.1897679e-07,6.728356e-05
L-BFGS-B,4459,1.4252296e-07,0.002800725,1.1939926e-07,6.729558e-05
L-BFGS-B,4460,1.4259527e-07,0.002798345,1.1888772e-07,6.7205896e-05
L-BFGS-B,4461,1.4229543e-07,0.0027949228,1.1917676e-07,6.7170055e-05
L-BFGS-B,4462,1.4232117e-07,0.0027949999,1.188802e-07,6.7130204e-05
L-BFGS-B,4463,1.4261346e-07,0.0028032616,1.1780039e-07,6.709469e-05
L-BFGS-B,4464,1.4284731e-07,0.002806157,1.17282326e-07,6.708101e-05
L-BFGS-B,4465,1.4302226e-07,0.0028078929,1.16922806e-07,6.707069e-05
L-BFGS-B,4466,1.43309e-07,0.0028050784,1.1678294e-07,6.7064575e-05
L-BFGS-B,4467,1.4327104e-07,0.0028035156,1.16791774e-07,6.704458e-05
L-BFGS-B,4468,1.4309236e-07,0.00280082,1.1707674e-07,6.7033565e-05
L-BFGS-B,4469,1.429559e-07,0.0027975773,1.1732933e-07,6.7018555e-05
L-BFGS-B,4470,1.428836e-07,0.00279763,1.1722332e-07,6.699233e-05
L-BFGS-B,4471,1.4270172e-07,0.00279993,1.1688221e-07,6.693689e-05
L-BFGS-B,4472,1.4372486e-07,0.0028345953,1.1880372e-07,6.772524e-05
L-BFGS-B,4473,1.4267037e-07,0.0027999368,1.16835736e-07,6.6925284e-05
L-BFGS-B,4474,1.4234968e-07,0.0028003065,1.16871625e-07,6.688626e-05
L-BFGS-B,4475,1.421495e-07,0.002805029,1.1660947e-07,6.686413e-05
L-BFGS-B,4476,1.4193178e-07,0.0028054614,1.1656413e-07,6.6829e-05
L-BFGS-B,4477,1.4177573e-07,0.0028035531,1.167559e-07,6.681527e-05
L-BFGS-B,4478,1.4184187e-07,0.0028062023,1.1644426e-07,6.680495e-05
L-BFGS-B,4479,1.4182142e-07,0.0028057043,1.1644866e-07,6.6797555e-05
L-BFGS-B,4480,1.4142718e-07,0.0027954949,1.1748751e-07,6.679215e-05
L-BFGS-B,4481,1.4148787e-07,0.0027988092,1.17057205e-07,6.6769855e-05
L-BFGS-B,4482,1.4145895e-07,0.0027989533,1.16960756e-07,6.675249e-05
L-BFGS-B,4483,1.4136803e-07,0.0027986555,1.1693911e-07,6.6732624e-05
L-BFGS-B,4484,1.4172953e-07,0.0028139018,1.15991114e-07,6.679712e-05
L-BFGS-B,4485,1.4141719e-07,0.0028019554,1.1651137e-07,6.670884e-05
L-BFGS-B,4486,1.4133303e-07,0.002795907,1.1675448e-07,6.66722e-05
L-BFGS-B,4487,1.4181865e-07,0.0028004812,1.1625708e-07,6.671617e-05
L-BFGS-B,4488,1.4146048e-07,0.0027960353,1.164432e-07,6.66459e-05
L-BFGS-B,4489,1.411358e-07,0.0027872184,1.17148595e-07,6.661484e-05
L-BFGS-B,4490,1.4107036e-07,0.0027840903,1.1725941e-07,6.6590364e-05
L-BFGS-B,4491,1.4089993e-07,0.0027788382,1.1760749e-07,6.656449e-05
L-BFGS-B,4492,1.4100105e-07,0.0027815173,1.1724932e-07,6.655273e-05
L-BFGS-B,4493,1.4068691e-07,0.002774796,1.1768617e-07,6.6503926e-05
L-BFGS-B,4494,1.4032017e-07,0.0027679498,1.1817643e-07,6.645399e-05
L-BFGS-B,4495,1.4042044e-07,0.0027683296,1.1754741e-07,6.6378474e-05
L-BFGS-B,4496,1.4045177e-07,0.0027660292,1.173028e-07,6.6323475e-05
L-BFGS-B,4497,1.4055307e-07,0.0027680993,1.1685158e-07,6.6291694e-05
L-BFGS-B,4498,1.4052425e-07,0.002766226,1.1686527e-07,6.627069e-05
L-BFGS-B,4499,1.4055806e-07,0.0027660828,1.1668678e-07,6.624755e-05
L-BFGS-B,4500,1.4071824e-07,0.0027672579,1.1626933e-07,6.622072e-05
L-BFGS-B,4501,1.4093857e-07,0.0027730225,1.1549184e-07,6.6194785e-05
L-BFGS-B,4502,1.4097246e-07,0.002774059,1.1522192e-07,6.616975e-05
L-BFGS-B,4503,1.4131963e-07,0.002780484,1.1422065e-07,6.613588e-05
L-BFGS-B,4504,1.4108484e-07,0.0027739352,1.1466102e-07,6.610123e-05
L-BFGS-B,4505,1.4089086e-07,0.0027661887,1.15130696e-07,6.606512e-05
L-BFGS-B,4506,1.4297798e-07,0.0028097348,1.1656777e-07,6.702921e-05
L-BFGS-B,4507,1.4099389e-07,0.0027675696,1.14824225e-07,6.6048415e-05
L-BFGS-B,4508,1.4059589e-07,0.0027591833,1.1559254e-07,6.60201e-05
L-BFGS-B,4509,1.40605e-07,0.0027539285,1.1594523e-07,6.602182e-05
L-BFGS-B,4510,1.4057997e-07,0.0027560976,1.15722415e-07,6.600633e-05
L-BFGS-B,4511,1.4053066e-07,0.0027540051,1.15785625e-07,6.598749e-05
L-BFGS-B,4512,1.4038487e-07,0.0027501602,1.1599618e-07,6.595876e-05
L-BFGS-B,4513,1.4019074e-07,0.0027453974,1.16404976e-07,6.594333e-05
L-BFGS-B,4514,1.3987218e-07,0.002739259,1.16964976e-07,6.591817e-05
L-BFGS-B,4515,1.3949958e-07,0.0027330415,1.1753332e-07,6.588535e-05
L-BFGS-B,4516,1.3903464e-07,0.0027252075,1.18221564e-07,6.5840504e-05
L-BFGS-B,4517,1.3892377e-07,0.0027281542,1.1827606e-07,6.586152e-05
L-BFGS-B,4518,1.3892839e-07,0.0027249719,1.1815722e-07,6.581256e-05
L-BFGS-B,4519,1.3886766e-07,0.0027262997,1.1787663e-07,6.577464e-05
L-BFGS-B,4520,1.3900714e-07,0.0027233157,1.17668016e-07,6.573443e-05
L-BFGS-B,4521,1.3953742e-07,0.002731004,1.1644242e-07,6.570702e-05
L-BFGS-B,4522,1.3974673e-07,0.0027363454,1.15813044e-07,6.5697415e-05
L-BFGS-B,4523,1.398452e-07,0.0027369072,1.1564534e-07,6.569265e-05
L-BFGS-B,4524,1.3977939e-07,0.0027338732,1.15869646e-07,6.5686094e-05
L-BFGS-B,4525,1.3958423e-07,0.0027302504,1.1625315e-07,6.567811e-05
L-BFGS-B,4526,1.3931788e-07,0.0027228873,1.169905e-07,6.567513e-05
L-BFGS-B,4527,1.3934209e-07,0.0027257802,1.1673825e-07,6.5669854e-05
L-BFGS-B,4528,1.3937176e-07,0.0027288548,1.164723e-07,6.566516e-05
L-BFGS-B,4529,1.3934215e-07,0.0027300452,1.1639152e-07,6.56605e-05
L-BFGS-B,4530,1.3929187e-07,0.0027291044,1.1645279e-07,6.565274e-05
L-BFGS-B,4531,1.3939695e-07,0.00272573,1.286287e-07,6.7461144e-05
L-BFGS-B,4532,1.3916875e-07,0.0027245276,1.16854785e-07,6.5648805e-05
L-BFGS-B,4533,1.3916323e-07,0.0027223625,1.1696069e-07,6.564221e-05
L-BFGS-B,4534,1.3915567e-07,0.002719695,1.17113196e-07,6.563728e-05
L-BFGS-B,4535,1.3921603e-07,0.0027194028,1.1704677e-07,6.5633445e-05
L-BFGS-B,4536,1.3889294e-07,0.0027049235,1.1895414e-07,6.57263e-05
L-BFGS-B,4537,1.3917135e-07,0.0027174847,1.17210824e-07,6.563217e-05
L-BFGS-B,4538,1.3925927e-07,0.0027172538,1.170988e-07,6.562624e-05
L-BFGS-B,4539,1.3930807e-07,0.0027174766,1.17006934e-07,6.5622015e-05
L-BFGS-B,4540,1.3929802e-07,0.002717121,1.1702059e-07,6.5619e-05
L-BFGS-B,4541,1.3925414e-07,0.00271623,1.1710798e-07,6.5616616e-05
L-BFGS-B,4542,1.3913561e-07,0.0027111345,1.1757635e-07,6.561814e-05
L-BFGS-B,4543,1.3920086e-07,0.0027140058,1.1729673e-07,6.5614695e-05
L-BFGS-B,4544,1.3915644e-07,0.002713529,1.1734549e-07,6.561058e-05
L-BFGS-B,4545,1.3914577e-07,0.00271345,1.1733345e-07,6.560638e-05
L-BFGS-B,4546,1.39145e-07,0.0027132991,1.17313846e-07,6.560182e-05
L-BFGS-B,4547,1.3915408e-07,0.0027132658,1.1728303e-07,6.559823e-05
L-BFGS-B,4548,1.3914891e-07,0.0027125075,1.1728338e-07,6.558992e-05
L-BFGS-B,4549,1.3917229e-07,0.0027131534,1.1712149e-07,6.55756e-05
L-BFGS-B,4550,1.3910605e-07,0.0027126593,1.1714479e-07,6.556422e-05
L-BFGS-B,4551,1.3906025e-07,0.0027130772,1.17092114e-07,6.555363e-05
L-BFGS-B,4552,1.389955e-07,0.0027126193,1.1756946e-07,6.561093e-05
L-BFGS-B,4553,1.3903559e-07,0.0027125473,1.17130114e-07,6.5550325e-05
L-BFGS-B,4554,1.389488e-07,0.002714558,1.1703321e-07,6.554288e-05
L-BFGS-B,4555,1.3873384e-07,0.0027104777,1.1748008e-07,6.5536864e-05
L-BFGS-B,4556,1.3871674e-07,0.0027102844,1.1744073e-07,6.552646e-05
L-BFGS-B,4557,1.386447e-07,0.0027060302,1.1749283e-07,6.5480934e-05
L-BFGS-B,4558,1.3862814e-07,0.0027032064,1.1762021e-07,6.5469314e-05
L-BFGS-B,4559,1.3853867e-07,0.0027000774,1.17869604e-07,6.5462016e-05
L-BFGS-B,4560,1.3946729e-07,0.0027052586,1.1720566e-07,6.5553526e-05
L-BFGS-B,4561,1.3862167e-07,0.0027001388,1.1777359e-07,6.546068e-05
L-BFGS-B,4562,1.3859699e-07,0.0026991158,1.17850554e-07,6.5458284e-05
L-BFGS-B,4563,1.3857573e-07,0.0026988736,1.1784628e-07,6.545203e-05
L-BFGS-B,4564,1.3859257e-07,0.00269938,1.1776504e-07,6.544744e-05
L-BFGS-B,4565,1.3851557e-07,0.0026976466,1.17902225e-07,6.543913e-05
L-BFGS-B,4566,1.3853527e-07,0.0026985926,1.1775257e-07,6.542911e-05
L-BFGS-B,4567,1.3859476e-07,0.0027009328,1.1743993e-07,6.541453e-05
L-BFGS-B,4568,1.3864785e-07,0.0027022795,1.1725349e-07,6.540799e-05
L-BFGS-B,4569,1.3870368e-07,0.002703859,1.1704115e-07,6.5400316e-05
L-BFGS-B,4570,1.385604e-07,0.002688534,1.1892015e-07,6.550742e-05
L-BFGS-B,4571,1.3864079e-07,0.002700005,1.1732205e-07,6.539447e-05
L-BFGS-B,4572,1.3870792e-07,0.0027005856,1.17129794e-07,6.538151e-05
L-BFGS-B,4573,1.3872616e-07,0.0027013633,1.1697936e-07,6.536946e-05
L-BFGS-B,4574,1.387895e-07,0.0027024401,1.1677389e-07,6.535891e-05
L-BFGS-B,4575,1.3882344e-07,0.0027025817,1.166984e-07,6.535409e-05
L-BFGS-B,4576,1.3887866e-07,0.0027024562,1.1661717e-07,6.534893e-05
L-BFGS-B,4577,1.3888369e-07,0.0027015554,1.16643385e-07,6.534462e-05
L-BFGS-B,4578,1.38766e-07,0.002700597,1.1677295e-07,6.533681e-05
L-BFGS-B,4579,1.3878763e-07,0.0027000927,1.1673873e-07,6.532988e-05
L-BFGS-B,4580,1.3858306e-07,0.0026788283,1.1876691e-07,6.539078e-05
L-BFGS-B,4581,1.3870526e-07,0.0026937616,1.1718989e-07,6.532189e-05
L-BFGS-B,4582,1.385955e-07,0.0026921085,1.1733102e-07,6.5310065e-05
L-BFGS-B,4583,1.3834413e-07,0.0026887653,1.176134e-07,6.528129e-05
L-BFGS-B,4584,1.3808315e-07,0.0026861292,1.183092e-07,6.532014e-05
L-BFGS-B,4585,1.3826023e-07,0.0026876703,1.177445e-07,6.527741e-05
L-BFGS-B,4586,1.3827918e-07,0.0026876773,1.1767389e-07,6.5269734e-05
L-BFGS-B,4587,1.383868e-07,0.0026891853,1.1741783e-07,6.5262546e-05
L-BFGS-B,4588,1.3842715e-07,0.0026897332,1.1732219e-07,6.525973e-05
L-BFGS-B,4589,1.3847227e-07,0.0026899108,1.17240305e-07,6.5256e-05
L-BFGS-B,4590,1.3847517e-07,0.0026895797,1.17231075e-07,6.5251734e-05
L-BFGS-B,4591,1.3964889e-07,0.0027155175,1.17443456e-07,6.5719025e-05
L-BFGS-B,4592,1.3849247e-07,0.0026896708,1.17206014e-07,6.525148e-05
L-BFGS-B,4593,1.384603e-07,0.0026886605,1.17273466e-07,6.524667e-05
L-BFGS-B,4594,1.384171e-07,0.0026875462,1.1735373e-07,6.524108e-05
L-BFGS-B,4595,1.3835943e-07,0.0026864407,1.1742278e-07,6.523174e-05
L-BFGS-B,4596,1.3837817e-07,0.0026876584,1.1727501e-07,6.522456e-05
L-BFGS-B,4597,1.3828831e-07,0.0026793145,1.1875234e-07,6.5349246e-05
L-BFGS-B,4598,1.383472e-07,0.0026862028,1.17390705e-07,6.522271e-05
L-BFGS-B,4599,1.3848071e-07,0.0026910708,1.16855574e-07,6.521115e-05
L-BFGS-B,4600,1.3860134e-07,0.0026910312,1.1664396e-07,6.5197106e-05
L-BFGS-B,4601,1.3880711e-07,0.0026965875,1.15929815e-07,6.517641e-05
L-BFGS-B,4602,1.3903805e-07,0.0027041524,1.1498892e-07,6.514556e-05
L-BFGS-B,4603,1.3928019e-07,0.0027080118,1.1421412e-07,6.5104265e-05
L-BFGS-B,4604,1.3932221e-07,0.0027062506,1.1389176e-07,6.50446e-05
L-BFGS-B,4605,1.393084e-07,0.0026993942,1.1378255e-07,6.495758e-05
L-BFGS-B,4606,1.3882622e-07,0.0026867848,1.1469125e-07,6.4895474e-05
L-BFGS-B,4607,1.3898926e-07,0.0026859762,1.14445605e-07,6.487499e-05
L-BFGS-B,4608,1.3884917e-07,0.0026855618,1.14417524e-07,6.4845626e-05
L-BFGS-B,4609,1.3868288e-07,0.0026864638,1.1444103e-07,6.483322e-05
L-BFGS-B,4610,1.3870346e-07,0.0026857073,1.1425853e-07,6.4801374e-05
L-BFGS-B,4611,1.3882678e-07,0.0026873876,1.1375785e-07,6.476157e-05
L-BFGS-B,4612,1.386238e-07,0.0026897495,1.1382403e-07,6.476467e-05
L-BFGS-B,4613,1.3871951e-07,0.0026881304,1.1375281e-07,6.475215e-05
L-BFGS-B,4614,1.3863003e-07,0.0026862517,1.138423e-07,6.4733365e-05
L-BFGS-B,4615,1.386196e-07,0.0026877127,1.1365894e-07,6.471891e-05
L-BFGS-B,4616,1.3860877e-07,0.0026882177,1.1350023e-07,6.469853e-05
L-BFGS-B,4617,1.3816393e-07,0.0026739563,1.16016075e-07,6.486656e-05
L-BFGS-B,4618,1.3842221e-07,0.0026823422,1.1394592e-07,6.467864e-05
L-BFGS-B,4619,1.3821602e-07,0.0026777068,1.1422686e-07,6.46435e-05
L-BFGS-B,4620,1.380458e-07,0.0026731552,1.14495634e-07,6.461277e-05
L-BFGS-B,4621,1.3782953e-07,0.002670648,1.1479283e-07,6.459984e-05
L-BFGS-B,4622,1.3787468e-07,0.0026684697,1.1488918e-07,6.459928e-05
L-BFGS-B,4623,1.3784552e-07,0.0026692508,1.14836176e-07,6.459476e-05
L-BFGS-B,4624,1.3783483e-07,0.0026684862,1.14866964e-07,6.459013e-05
L-BFGS-B,4625,1.3792162e-07,0.0026686515,1.14720216e-07,6.458279e-05
L-BFGS-B,4626,1.3793384e-07,0.002669782,1.14593036e-07,6.4576845e-05
L-BFGS-B,4627,1.380455e-07,0.002668517,1.14535744e-07,6.4572356e-05
L-BFGS-B,4628,1.3807008e-07,0.0026696243,1.1436062e-07,6.4560845e-05
L-BFGS-B,4629,1.380855e-07,0.002670095,1.14247534e-07,6.4550906e-05
L-BFGS-B,4630,1.384448e-07,0.002676982,1.14283466e-07,6.467906e-05
L-BFGS-B,4631,1.3811449e-07,0.0026704338,1.141663e-07,6.454646e-05
L-BFGS-B,4632,1.3840366e-07,0.0026689633,1.1453723e-07,6.463076e-05
L-BFGS-B,4633,1.3813884e-07,0.002669419,1.1418232e-07,6.4542364e-05
L-BFGS-B,4634,1.3816963e-07,0.002668377,1.14139766e-07,6.453018e-05
L-BFGS-B,4635,1.3789527e-07,0.0026635937,1.14737055e-07,6.453079e-05
L-BFGS-B,4636,1.3802043e-07,0.0026655782,1.14393856e-07,6.4517924e-05
L-BFGS-B,4637,1.3792153e-07,0.0026635646,1.1447988e-07,6.4495856e-05
L-BFGS-B,4638,1.3782544e-07,0.002660795,1.146763e-07,6.448321e-05
L-BFGS-B,4639,1.3759343e-07,0.0026558756,1.1516542e-07,6.447258e-05
L-BFGS-B,4640,1.374525e-07,0.0026530446,1.154067e-07,6.4459324e-05
L-BFGS-B,4641,1.3710326e-07,0.002645885,1.16017915e-07,6.4427026e-05
L-BFGS-B,4642,1.3697144e-07,0.0026443677,1.16106776e-07,6.440541e-05
L-BFGS-B,4643,1.3669681e-07,0.0026418744,1.162462e-07,6.4360196e-05
L-BFGS-B,4644,1.3650308e-07,0.0026429608,1.16130224e-07,6.43246e-05
L-BFGS-B,4645,1.3633779e-07,0.0026432516,1.16146616e-07,6.4305175e-05
L-BFGS-B,4646,1.3633542e-07,0.002645303,1.1586389e-07,6.4282925e-05
L-BFGS-B,4647,1.3630013e-07,0.0026458143,1.1571721e-07,6.426074e-05
L-BFGS-B,4648,1.3601536e-07,0.0026437936,1.1581293e-07,6.421218e-05
L-BFGS-B,4649,1.3561014e-07,0.0026376327,1.1640361e-07,6.4178384e-05
L-BFGS-B,4650,1.3517322e-07,0.002630688,1.1704793e-07,6.4140055e-05
L-BFGS-B,4651,1.3495487e-07,0.0026267094,1.1746807e-07,6.413053e-05
L-BFGS-B,4652,1.3504956e-07,0.0026247771,1.1739453e-07,6.4114385e-05
L-BFGS-B,4653,1.351603e-07,0.002626305,1.1710873e-07,6.4103406e-05
L-BFGS-B,4654,1.353979e-07,0.0026312997,1.16456214e-07,6.409112e-05
L-BFGS-B,4655,1.355942e-07,0.0026387596,1.1568169e-07,6.407898e-05
L-BFGS-B,4656,1.3562432e-07,0.002639564,1.1552371e-07,6.406785e-05
L-BFGS-B,4657,1.3555433e-07,0.002638925,1.1552355e-07,6.405093e-05
L-BFGS-B,4658,1.353875e-07,0.0026356864,1.1582529e-07,6.403878e-05
L-BFGS-B,4659,1.3514044e-07,0.0026300189,1.1636119e-07,6.402543e-05
L-BFGS-B,4660,1.3486299e-07,0.0026214332,1.172287e-07,6.4028085e-05
L-BFGS-B,4661,1.3500437e-07,0.0026258982,1.16729346e-07,6.401904e-05
L-BFGS-B,4662,1.3466935e-07,0.0026121598,1.1785375e-07,6.4000065e-05
L-BFGS-B,4663,1.3466824e-07,0.0026123915,1.1769077e-07,6.397777e-05
L-BFGS-B,4664,1.3489421e-07,0.0026134376,1.1723049e-07,6.395308e-05
L-BFGS-B,4665,1.349113e-07,0.0026114797,1.1721745e-07,6.393411e-05
L-BFGS-B,4666,1.3480036e-07,0.0026071095,1.17477995e-07,6.391285e-05
L-BFGS-B,4667,1.3474038e-07,0.002602605,1.1772084e-07,6.389523e-05
L-BFGS-B,4668,1.3469776e-07,0.0025988922,1.1800989e-07,6.389507e-05
L-BFGS-B,4669,1.3470441e-07,0.002600302,1.1784447e-07,6.388535e-05
L-BFGS-B,4670,1.3465589e-07,0.0025999316,1.1777023e-07,6.3863234e-05
L-BFGS-B,4671,1.3485757e-07,0.002602665,1.1729309e-07,6.384925e-05
L-BFGS-B,4672,1.3492588e-07,0.0026064331,1.16887456e-07,6.383633e-05
L-BFGS-B,4673,1.3488102e-07,0.0026037963,1.1693236e-07,6.380997e-05
L-BFGS-B,4674,1.3500404e-07,0.00260471,1.1660286e-07,6.378813e-05
L-BFGS-B,4675,1.3511188e-07,0.0026070494,1.16226815e-07,6.3771295e-05
L-BFGS-B,4676,1.3519221e-07,0.0026077316,1.1600011e-07,6.375616e-05
L-BFGS-B,4677,1.3524371e-07,0.0026093563,1.15732306e-07,6.3739964e-05
L-BFGS-B,4678,1.3524514e-07,0.0026082243,1.15695165e-07,6.372329e-05
L-BFGS-B,4679,1.3540247e-07,0.0026041004,1.18422236e-07,6.411471e-05
L-BFGS-B,4680,1.3521618e-07,0.002606348,1.15829764e-07,6.372037e-05
L-BFGS-B,4681,1.3521888e-07,0.0026056368,1.15752364e-07,6.370206e-05
L-BFGS-B,4682,1.3513706e-07,0.0026012636,1.1593197e-07,6.367299e-05
L-BFGS-B,4683,1.3502087e-07,0.0025969027,1.16155796e-07,6.364553e-05
L-BFGS-B,4684,1.3479975e-07,0.0025897352,1.1668453e-07,6.362e-05
L-BFGS-B,4685,1.3474465e-07,0.0025891718,1.16621386e-07,6.359662e-05
L-BFGS-B,4686,1.3464596e-07,0.0025860695,1.167712e-07,6.357327e-05
L-BFGS-B,4687,1.3458134e-07,0.002584657,1.1681109e-07,6.355543e-05
L-BFGS-B,4688,1.3454013e-07,0.002581982,1.16924355e-07,6.353949e-05
L-BFGS-B,4689,1.3457594e-07,0.0025803898,1.1684672e-07,6.35173e-05
L-BFGS-B,4690,1.3487457e-07,0.0025809305,1.1628252e-07,6.348287e-05
L-BFGS-B,4691,1.3433484e-07,0.0025658861,1.1937581e-07,6.371546e-05
L-BFGS-B,4692,1.3473438e-07,0.0025769742,1.1664163e-07,6.347614e-05
L-BFGS-B,4693,1.349788e-07,0.0025791037,1.16133265e-07,6.345785e-05
L-BFGS-B,4694,1.3508311e-07,0.0025782662,1.1600377e-07,6.3445696e-05
L-BFGS-B,4695,1.3519801e-07,0.0025779314,1.1579989e-07,6.3429005e-05
L-BFGS-B,4696,1.3528837e-07,0.002576842,1.1561523e-07,6.340396e-05
L-BFGS-B,4697,1.3525865e-07,0.0025741593,1.1560968e-07,6.3371845e-05
L-BFGS-B,4698,1.3521205e-07,0.0025722473,1.1563294e-07,6.3349216e-05
L-BFGS-B,4699,1.349078e-07,0.002567692,1.161131e-07,6.333005e-05
L-BFGS-B,4700,1.3457095e-07,0.002578217,1.1641854e-07,6.343059e-05
L-BFGS-B,4701,1.3483941e-07,0.0025684682,1.16113995e-07,6.3327694e-05
L-BFGS-B,4702,1.3472564e-07,0.002566572,1.16266634e-07,6.331456e-05
L-BFGS-B,4703,1.3502867e-07,0.0025680724,1.1588504e-07,6.3317784e-05
L-BFGS-B,4704,1.3485077e-07,0.0025668675,1.1606863e-07,6.330658e-05
L-BFGS-B,4705,1.3476685e-07,0.0025746129,1.15696764e-07,6.331567e-05
L-BFGS-B,4706,1.3479804e-07,0.0025695914,1.15862846e-07,6.329505e-05
L-BFGS-B,4707,1.3493359e-07,0.0025775235,1.15094416e-07,6.327944e-05
L-BFGS-B,4708,1.3502058e-07,0.0025781724,1.1483737e-07,6.326041e-05
L-BFGS-B,4709,1.3506545e-07,0.0025806872,1.1450052e-07,6.3241765e-05
L-BFGS-B,4710,1.350365e-07,0.0025816015,1.14400464e-07,6.323156e-05
L-BFGS-B,4711,1.3571308e-07,0.0026066047,1.1383056e-07,6.3497595e-05
L-BFGS-B,4712,1.3507972e-07,0.0025845454,1.14102036e-07,6.322272e-05
L-BFGS-B,4713,1.3502594e-07,0.002584362,1.1407679e-07,6.320903e-05
L-BFGS-B,4714,1.3497375e-07,0.0025847766,1.1397843e-07,6.3190586e-05
L-BFGS-B,4715,1.3498175e-07,0.002585843,1.1384403e-07,6.31823e-05
L-BFGS-B,4716,1.349963e-07,0.0025866444,1.1371505e-07,6.3173145e-05
L-BFGS-B,4717,1.3798609e-07,0.0026622538,1.190908e-07,6.518407e-05
L-BFGS-B,4718,1.350087e-07,0.0025862155,1.1370752e-07,6.316959e-05
L-BFGS-B,4719,1.3509394e-07,0.002589019,1.1335447e-07,6.315745e-05
L-BFGS-B,4720,1.3502768e-07,0.002588502,1.13360365e-07,6.314322e-05
L-BFGS-B,4721,1.3493508e-07,0.0025889694,1.133304e-07,6.312952e-05
L-BFGS-B,4722,1.3468247e-07,0.0025854234,1.1373257e-07,6.311649e-05
L-BFGS-B,4723,1.3496471e-07,0.002595373,1.1285156e-07,6.3126165e-05
L-BFGS-B,4724,1.3477657e-07,0.0025888605,1.1336502e-07,6.310984e-05
L-BFGS-B,4725,1.3463436e-07,0.0025861193,1.1354833e-07,6.308859e-05
L-BFGS-B,4726,1.3465407e-07,0.002586293,1.1338218e-07,6.3068364e-05
L-BFGS-B,4727,1.3466223e-07,0.002587022,1.1309469e-07,6.303376e-05
L-BFGS-B,4728,1.3472952e-07,0.0025897212,1.12695865e-07,6.3011015e-05
L-BFGS-B,4729,1.3490174e-07,0.0025952314,1.1200125e-07,6.298776e-05
L-BFGS-B,4730,1.3478913e-07,0.0025911403,1.1232862e-07,6.297907e-05
L-BFGS-B,4731,1.3448316e-07,0.0025853289,1.12964216e-07,6.29704e-05
L-BFGS-B,4732,1.3473648e-07,0.002593511,1.12653275e-07,6.3043575e-05
L-BFGS-B,4733,1.3450479e-07,0.002586192,1.12843146e-07,6.296411e-05
L-BFGS-B,4734,1.3449561e-07,0.002584397,1.1293715e-07,6.295888e-05
L-BFGS-B,4735,1.3451765e-07,0.002581456,1.1305697e-07,6.2950756e-05
L-BFGS-B,4736,1.34539e-07,0.002580362,1.1307655e-07,6.2945954e-05
L-BFGS-B,4737,1.3456538e-07,0.0025793668,1.13062896e-07,6.293791e-05
L-BFGS-B,4738,1.3455774e-07,0.002579042,1.13021805e-07,6.292735e-05
L-BFGS-B,4739,1.3465106e-07,0.0025837738,1.1265244e-07,6.2933264e-05
L-BFGS-B,4740,1.3458173e-07,0.0025805589,1.1285239e-07,6.2920706e-05
L-BFGS-B,4741,1.3450351e-07,0.0025804795,1.12834954e-07,6.2905565e-05
L-BFGS-B,4742,1.3449142e-07,0.0025815177,1.1268176e-07,6.289115e-05
L-BFGS-B,4743,1.3456514e-07,0.0025826823,1.1237594e-07,6.2867985e-05
L-BFGS-B,4744,1.3601336e-07,0.0026109747,1.108133e-07,6.3133746e-05
L-BFGS-B,4745,1.3469842e-07,0.0025846863,1.1206658e-07,6.286161e-05
L-BFGS-B,4746,1.3489662e-07,0.0025906758,1.1123878e-07,6.2827065e-05
L-BFGS-B,4747,1.3496563e-07,0.002592558,1.108854e-07,6.2803236e-05
L-BFGS-B,4748,1.3509327e-07,0.0025953793,1.1039488e-07,6.277702e-05
L-BFGS-B,4749,1.3527645e-07,0.0026002582,1.0967951e-07,6.2745974e-05
L-BFGS-B,4750,1.3589501e-07,0.0026091682,1.0827297e-07,6.271688e-05
L-BFGS-B,4751,1.3592857e-07,0.0026127691,1.07805256e-07,6.2687766e-05
L-BFGS-B,4752,1.3600186e-07,0.002615255,1.0741187e-07,6.266461e-05
L-BFGS-B,4753,1.3611711e-07,0.0026171715,1.0709746e-07,6.26539e-05
L-BFGS-B,4754,1.3603909e-07,0.0026154884,1.0722836e-07,6.2645e-05
L-BFGS-B,4755,1.3611385e-07,0.0026154667,1.0706633e-07,6.263169e-05
L-BFGS-B,4756,1.3597605e-07,0.002611869,1.0740147e-07,6.262532e-05
L-BFGS-B,4757,1.3581511e-07,0.0026107386,1.0756245e-07,6.2614025e-05
L-BFGS-B,4758,1.357958e-07,0.0026117356,1.0748086e-07,6.260886e-05
L-BFGS-B,4759,1.3576596e-07,0.0026118655,1.0747081e-07,6.2604166e-05
L-BFGS-B,4760,1.3575726e-07,0.0026124527,1.0741482e-07,6.260034e-05
L-BFGS-B,4761,1.3608535e-07,0.002616668,1.0682607e-07,6.260339e-05
L-BFGS-B,4762,1.3588395e-07,0.002614002,1.0716678e-07,6.2597624e-05
L-BFGS-B,4763,1.3586573e-07,0.0026133768,1.0720126e-07,6.259381e-05
L-BFGS-B,4764,1.3593512e-07,0.0026146714,1.0697792e-07,6.258367e-05
L-BFGS-B,4765,1.3593682e-07,0.0026146919,1.06924446e-07,6.25761e-05
L-BFGS-B,4766,1.359985e-07,0.0026158495,1.0669176e-07,6.256203e-05
L-BFGS-B,4767,1.3605501e-07,0.0026160113,1.0653581e-07,6.254873e-05
L-BFGS-B,4768,1.3614762e-07,0.002617856,1.0621145e-07,6.253242e-05
L-BFGS-B,4769,1.3620814e-07,0.0026187256,1.059738e-07,6.251455e-05
L-BFGS-B,4770,1.3615035e-07,0.0026169103,1.0604919e-07,6.2499035e-05
L-BFGS-B,4771,1.3609117e-07,0.0026173284,1.06024785e-07,6.2490675e-05
L-BFGS-B,4772,1.3602771e-07,0.0026162846,1.0613225e-07,6.248684e-05
L-BFGS-B,4773,1.3599781e-07,0.0026158951,1.0616961e-07,6.248406e-05
L-BFGS-B,4774,1.3595768e-07,0.0026154947,1.0620643e-07,6.2479565e-05
L-BFGS-B,4775,1.3594979e-07,0.0026158676,1.0614343e-07,6.247266e-05
L-BFGS-B,4776,1.3577007e-07,0.0026047528,1.07248624e-07,6.250033e-05
L-BFGS-B,4777,1.358901e-07,0.0026127195,1.06392505e-07,6.246958e-05
L-BFGS-B,4778,1.3590686e-07,0.0026140744,1.06233486e-07,6.24618e-05
L-BFGS-B,4779,1.3594548e-07,0.002614989,1.06096024e-07,6.2456114e-05
L-BFGS-B,4780,1.3597345e-07,0.0026155608,1.05986196e-07,6.244955e-05
L-BFGS-B,4781,1.3598901e-07,0.002615899,1.0591151e-07,6.2444065e-05
L-BFGS-B,4782,1.3584136e-07,0.002615197,1.0611429e-07,6.2445324e-05
L-BFGS-B,4783,1.3591114e-07,0.0026153242,1.0599471e-07,6.243912e-05
L-BFGS-B,4784,1.3589441e-07,0.002615374,1.0595051e-07,6.243048e-05
L-BFGS-B,4785,1.3587777e-07,0.002615361,1.0590211e-07,6.242059e-05
L-BFGS-B,4786,1.3586009e-07,0.002613736,1.059775e-07,6.2413004e-05
L-BFGS-B,4787,1.3586279e-07,0.0026139633,1.05896895e-07,6.240359e-05
L-BFGS-B,4788,1.3586545e-07,0.002610861,1.0602777e-07,6.2392595e-05
L-BFGS-B,4789,1.3595766e-07,0.0026108364,1.0585777e-07,6.238068e-05
L-BFGS-B,4790,1.3576943e-07,0.0026008342,1.069946e-07,6.242294e-05
L-BFGS-B,4791,1.3588945e-07,0.0026077218,1.06101076e-07,6.2375795e-05
L-BFGS-B,4792,1.3589512e-07,0.0026081323,1.06025e-07,6.236934e-05
L-BFGS-B,4793,1.3655652e-07,0.0026176635,1.1664607e-07,6.415702e-05
L-BFGS-B,4794,1.3582266e-07,0.0026060056,1.0620572e-07,6.236431e-05
L-BFGS-B,4795,1.3577434e-07,0.002600238,1.0651847e-07,6.23463e-05
L-BFGS-B,4796,1.3603615e-07,0.0026051872,1.058814e-07,6.23395e-05
L-BFGS-B,4797,1.3576302e-07,0.0025938377,1.0662732e-07,6.2296924e-05
L-BFGS-B,4798,1.3567289e-07,0.0025865731,1.0705746e-07,6.2275285e-05
L-BFGS-B,4799,1.3570754e-07,0.0025794085,1.073691e-07,6.225558e-05
L-BFGS-B,4800,1.3565598e-07,0.00257512,1.07635664e-07,6.2244944e-05
L-BFGS-B,4801,1.3571828e-07,0.0025755428,1.07476886e-07,6.22347e-05
L-BFGS-B,4802,1.3573658e-07,0.0025752122,1.0740899e-07,6.222395e-05
L-BFGS-B,4803,1.3564949e-07,0.0025731113,1.0754259e-07,6.2209925e-05
L-BFGS-B,4804,1.3556476e-07,0.0025683844,1.0787182e-07,6.2199324e-05
L-BFGS-B,4805,1.3559395e-07,0.0025650007,1.0805619e-07,6.219753e-05
L-BFGS-B,4806,1.3555174e-07,0.002564968,1.08014085e-07,6.2184554e-05
L-BFGS-B,4807,1.3551387e-07,0.0025636218,1.0809752e-07,6.217793e-05
L-BFGS-B,4808,1.3541397e-07,0.0025621818,1.08242276e-07,6.217026e-05
L-BFGS-B,4809,1.3542564e-07,0.002561565,1.0823663e-07,6.216499e-05
L-BFGS-B,4810,1.3530405e-07,0.0025634177,1.0830641e-07,6.217574e-05
L-BFGS-B,4811,1.3537893e-07,0.002561915,1.08241146e-07,6.216216e-05
L-BFGS-B,4812,1.3529413e-07,0.002561217,1.0833991e-07,6.215727e-05
L-BFGS-B,4813,1.3518361e-07,0.002560555,1.08452184e-07,6.215092e-05
L-BFGS-B,4814,1.3505556e-07,0.0025601124,1.0857721e-07,6.214604e-05
L-BFGS-B,4815,1.3494164e-07,0.002560911,1.08581446e-07,6.213757e-05
L-BFGS-B,4816,1.3466759e-07,0.002555718,1.09183034e-07,6.213477e-05
L-BFGS-B,4817,1.346416e-07,0.002555196,1.09143464e-07,6.211972e-05
L-BFGS-B,4818,1.3471076e-07,0.002555096,1.0901792e-07,6.211026e-05
L-BFGS-B,4819,1.3434281e-07,0.002549966,1.1271751e-07,6.255871e-05
L-BFGS-B,4820,1.346179e-07,0.0025528693,1.0923028e-07,6.2105915e-05
L-BFGS-B,4821,1.3455858e-07,0.0025490033,1.0947891e-07,6.2095656e-05
L-BFGS-B,4822,1.3446439e-07,0.0025458161,1.09723494e-07,6.208634e-05
L-BFGS-B,4823,1.3425395e-07,0.0025419306,1.10069045e-07,6.206775e-05
L-BFGS-B,4824,1.3422995e-07,0.0025436261,1.0987106e-07,6.205141e-05
L-BFGS-B,4825,1.3427226e-07,0.0025466203,1.0951965e-07,6.203499e-05
L-BFGS-B,4826,1.3430137e-07,0.002548717,1.0926116e-07,6.202155e-05
L-BFGS-B,4827,1.343381e-07,0.0025505773,1.08917575e-07,6.199413e-05
L-BFGS-B,4828,1.3442772e-07,0.002552706,1.0848153e-07,6.1963445e-05
L-BFGS-B,4829,1.3450614e-07,0.0025560844,1.0802424e-07,6.19404e-05
L-BFGS-B,4830,1.345746e-07,0.0025579669,1.07709454e-07,6.192228e-05
L-BFGS-B,4831,1.348004e-07,0.002566307,1.0685422e-07,6.191127e-05
L-BFGS-B,4832,1.3476811e-07,0.0025643492,1.0691643e-07,6.189617e-05
L-BFGS-B,4833,1.348218e-07,0.002562842,1.0684272e-07,6.18781e-05
L-BFGS-B,4834,1.3488017e-07,0.0025622263,1.0673949e-07,6.186521e-05
L-BFGS-B,4835,1.3496438e-07,0.0025621245,1.0655577e-07,6.184926e-05
L-BFGS-B,4836,1.3512195e-07,0.0025734655,1.05939606e-07,6.189389e-05
L-BFGS-B,4837,1.3497404e-07,0.0025638423,1.064109e-07,6.184616e-05
L-BFGS-B,4838,1.3494432e-07,0.0025614658,1.0648015e-07,6.182832e-05
L-BFGS-B,4839,1.3498699e-07,0.002562683,1.06276666e-07,6.1816376e-05
L-BFGS-B,4840,1.3496074e-07,0.0025636826,1.06124254e-07,6.1799576e-05
L-BFGS-B,4841,1.3491339e-07,0.002563322,1.0609497e-07,6.178447e-05
L-BFGS-B,4842,1.3490838e-07,0.0025643858,1.05994545e-07,6.17793e-05
L-BFGS-B,4843,1.3503616e-07,0.0025642742,1.0579579e-07,6.176754e-05
L-BFGS-B,4844,1.3508375e-07,0.00256327,1.0578999e-07,6.176376e-05
L-BFGS-B,4845,1.3521839e-07,0.002563965,1.0559965e-07,6.176236e-05
L-BFGS-B,4846,1.352302e-07,0.0025582663,1.0597876e-07,6.1764e-05
L-BFGS-B,4847,1.3521895e-07,0.002561291,1.0575697e-07,6.1759296e-05
L-BFGS-B,4848,1.35148e-07,0.0025623117,1.0573693e-07,6.1755854e-05
L-BFGS-B,4849,1.3511405e-07,0.0025625317,1.0573993e-07,6.175342e-05
L-BFGS-B,4850,1.3503688e-07,0.002562536,1.0576031e-07,6.174494e-05
L-BFGS-B,4851,1.3502648e-07,0.0025613105,1.0580574e-07,6.173794e-05
L-BFGS-B,4852,1.3508532e-07,0.0025616062,1.0592249e-07,6.1767234e-05
L-BFGS-B,4853,1.3502356e-07,0.0025609673,1.0581561e-07,6.173555e-05
L-BFGS-B,4854,1.3497569e-07,0.002557987,1.06021204e-07,6.1729406e-05
L-BFGS-B,4855,1.3482891e-07,0.0025524287,1.06489466e-07,6.172204e-05
L-BFGS-B,4856,1.3464636e-07,0.002546343,1.0720122e-07,6.174056e-05
L-BFGS-B,4857,1.3477174e-07,0.0025506008,1.0665329e-07,6.1719766e-05
L-BFGS-B,4858,1.3482803e-07,0.0025504415,1.06556854e-07,6.171215e-05
L-BFGS-B,4859,1.3484487e-07,0.0025515188,1.0643538e-07,6.170722e-05
L-BFGS-B,4860,1.3496275e-07,0.0025541114,1.06097744e-07,6.170019e-05
L-BFGS-B,4861,1.3505606e-07,0.0025572842,1.0576132e-07,6.169545e-05
L-BFGS-B,4862,1.3514124e-07,0.002560407,1.05415126e-07,6.1687526e-05
L-BFGS-B,4863,1.3526281e-07,0.0025655818,1.0483118e-07,6.166992e-05
L-BFGS-B,4864,1.3529304e-07,0.0025657758,1.0471416e-07,6.165884e-05
L-BFGS-B,4865,1.3522312e-07,0.0025615215,1.0497833e-07,6.1645434e-05
L-BFGS-B,4866,1.350292e-07,0.0025502455,1.06260956e-07,6.169598e-05
L-BFGS-B,4867,1.3515368e-07,0.0025583361,1.0523045e-07,6.164098e-05
L-BFGS-B,4868,1.3600318e-07,0.0025608242,1.05963e-07,6.190316e-05
L-BFGS-B,4869,1.351959e-07,0.002557305,1.05237845e-07,6.1638115e-05
L-BFGS-B,4870,1.3511541e-07,0.0025529505,1.0556034e-07,6.163087e-05
L-BFGS-B,4871,1.3515731e-07,0.0025522793,1.0551268e-07,6.162329e-05
L-BFGS-B,4872,1.3502327e-07,0.0025487004,1.0586725e-07,6.162058e-05
L-BFGS-B,4873,1.3532399e-07,0.0025540877,1.0515732e-07,6.161307e-05
L-BFGS-B,4874,1.3537418e-07,0.0025560088,1.04964315e-07,6.161086e-05
L-BFGS-B,4875,1.3545318e-07,0.0025586064,1.0468151e-07,6.160626e-05
L-BFGS-B,4876,1.3554491e-07,0.002560575,1.043839e-07,6.159507e-05
L-BFGS-B,4877,1.3581572e-07,0.0025660212,1.0389585e-07,6.161694e-05
L-BFGS-B,4878,1.3561079e-07,0.002561812,1.0420639e-07,6.15907e-05
L-BFGS-B,4879,1.355934e-07,0.002559602,1.0429897e-07,6.157988e-05
L-BFGS-B,4880,1.355142e-07,0.002556431,1.0453574e-07,6.15718e-05
L-BFGS-B,4881,1.3534212e-07,0.002549921,1.05054376e-07,6.155868e-05
L-BFGS-B,4882,1.3522684e-07,0.0025450566,1.05392445e-07,6.1543455e-05
L-BFGS-B,4883,1.3893008e-07,0.0026115105,1.1690815e-07,6.4490836e-05
L-BFGS-B,4884,1.3515628e-07,0.0025417183,1.0564563e-07,6.1537474e-05
L-BFGS-B,4885,1.3502157e-07,0.0025363083,1.0593323e-07,6.15063e-05
L-BFGS-B,4886,1.3493386e-07,0.0025320307,1.0602379e-07,6.146396e-05
L-BFGS-B,4887,1.3472517e-07,0.0025390412,1.0645287e-07,6.1567116e-05
L-BFGS-B,4888,1.3482747e-07,0.002532383,1.0601655e-07,6.145043e-05
L-BFGS-B,4889,1.3491056e-07,0.002534694,1.0557718e-07,6.14201e-05
L-BFGS-B,4890,1.3506066e-07,0.0025405332,1.0496511e-07,6.14092e-05
L-BFGS-B,4891,1.3464906e-07,0.0025367595,1.05551244e-07,6.139764e-05
L-BFGS-B,4892,1.3479726e-07,0.0025392543,1.05015964e-07,6.136453e-05
L-BFGS-B,4893,1.3478395e-07,0.0025378668,1.0495819e-07,6.133999e-05
L-BFGS-B,4894,1.349602e-07,0.002554309,1.0376333e-07,6.135162e-05
L-BFGS-B,4895,1.3483576e-07,0.0025441898,1.04366826e-07,6.132228e-05
L-BFGS-B,4896,1.3456163e-07,0.0025408652,1.04692134e-07,6.129671e-05
L-BFGS-B,4897,1.3408705e-07,0.0025324556,1.0558452e-07,6.127529e-05
L-BFGS-B,4898,1.3396306e-07,0.0025333103,1.0558201e-07,6.126486e-05
L-BFGS-B,4899,1.3391055e-07,0.0025327913,1.056191e-07,6.125736e-05
L-BFGS-B,4900,1.3391107e-07,0.0025333278,1.0556416e-07,6.125456e-05
L-BFGS-B,4901,1.3393381e-07,0.0025337706,1.0549961e-07,6.125272e-05
L-BFGS-B,4902,1.341848e-07,0.002533895,1.052678e-07,6.125684e-05
L-BFGS-B,4903,1.3401404e-07,0.0025336847,1.0541598e-07,6.125135e-05
L-BFGS-B,4904,1.3392271e-07,0.0025214509,1.0662832e-07,6.129716e-05
L-BFGS-B,4905,1.3397612e-07,0.0025308616,1.0562578e-07,6.1248895e-05
L-BFGS-B,4906,1.339704e-07,0.0025309194,1.0560187e-07,6.124504e-05
L-BFGS-B,4907,1.3393473e-07,0.002530351,1.0562351e-07,6.1237246e-05
L-BFGS-B,4908,1.338956e-07,0.0025308058,1.0559883e-07,6.123222e-05
L-BFGS-B,4909,1.3392776e-07,0.0025300672,1.0560537e-07,6.123064e-05
L-BFGS-B,4910,1.3390684e-07,0.0025310207,1.0551969e-07,6.1224186e-05
L-BFGS-B,4911,1.3387788e-07,0.0025314682,1.0548585e-07,6.121924e-05
L-BFGS-B,4912,1.337735e-07,0.0025320845,1.05456806e-07,6.120539e-05
L-BFGS-B,4913,1.3362092e-07,0.002532594,1.05452635e-07,6.118697e-05
L-BFGS-B,4914,1.3333808e-07,0.0025320656,1.0559335e-07,6.116037e-05
L-BFGS-B,4915,1.3435545e-07,0.0025663185,1.03363746e-07,6.1321065e-05
L-BFGS-B,4916,1.3345439e-07,0.002536301,1.0515469e-07,6.1154366e-05
L-BFGS-B,4917,1.3318795e-07,0.0025351252,1.0534888e-07,6.113178e-05
L-BFGS-B,4918,1.3309261e-07,0.0025348573,1.05376486e-07,6.111894e-05
L-BFGS-B,4919,1.3309047e-07,0.0025349571,1.0531675e-07,6.111065e-05
L-BFGS-B,4920,1.3314703e-07,0.0025360559,1.05137445e-07,6.110323e-05
L-BFGS-B,4921,1.3286143e-07,0.0025296696,1.06048745e-07,6.113322e-05
L-BFGS-B,4922,1.3305919e-07,0.0025340545,1.053355e-07,6.1099745e-05
L-BFGS-B,4923,1.331621e-07,0.0025355178,1.0506169e-07,6.1088744e-05
L-BFGS-B,4924,1.332019e-07,0.0025348652,1.049865e-07,6.1076906e-05
L-BFGS-B,4925,1.3320472e-07,0.0025327948,1.05093434e-07,6.107267e-05
L-BFGS-B,4926,1.3313088e-07,0.0025311953,1.05206254e-07,6.106252e-05
L-BFGS-B,4927,1.3309851e-07,0.0025295373,1.0527651e-07,6.105163e-05
L-BFGS-B,4928,1.329988e-07,0.0025386587,1.05269976e-07,6.11269e-05
L-BFGS-B,4929,1.3306126e-07,0.0025304244,1.0523424e-07,6.104857e-05
L-BFGS-B,4930,1.3291235e-07,0.0025189004,1.06121846e-07,6.104413e-05
L-BFGS-B,4931,1.3296462e-07,0.0025239063,1.0565296e-07,6.10317e-05
L-BFGS-B,4932,1.3308497e-07,0.0025234728,1.0551247e-07,6.102434e-05
L-BFGS-B,4933,1.3309473e-07,0.0025233738,1.05459655e-07,6.1016894e-05
L-BFGS-B,4934,1.3312604e-07,0.0025242933,1.0533638e-07,6.1012295e-05
L-BFGS-B,4935,1.3317361e-07,0.0025256234,1.0515632e-07,6.1005725e-05
L-BFGS-B,4936,1.3318063e-07,0.0025264542,1.0502862e-07,6.0995928e-05
L-BFGS-B,4937,1.3314346e-07,0.0025238856,1.05148494e-07,6.0982646e-05
L-BFGS-B,4938,1.3325467e-07,0.0025268313,1.04806865e-07,6.0977545e-05
L-BFGS-B,4939,1.3219298e-07,0.0025064396,1.0842273e-07,6.115675e-05
L-BFGS-B,4940,1.3299606e-07,0.002521396,1.0535895e-07,6.096721e-05
L-BFGS-B,4941,1.3294998e-07,0.0025179745,1.05557696e-07,6.09559e-05
L-BFGS-B,4942,1.328968e-07,0.0025173898,1.055922e-07,6.0947248e-05
L-BFGS-B,4943,1.3288677e-07,0.002517771,1.0542842e-07,6.092499e-05
L-BFGS-B,4944,1.3283388e-07,0.0025197272,1.0513143e-07,6.0892067e-05
L-BFGS-B,4945,1.3312086e-07,0.0025500017,1.0467043e-07,6.116871e-05
L-BFGS-B,4946,1.3277167e-07,0.0025230034,1.0489964e-07,6.0880728e-05
L-BFGS-B,4947,1.3216963e-07,0.0025198227,1.0641185e-07,6.0985447e-05
L-BFGS-B,4948,1.3250154e-07,0.0025196637,1.05217346e-07,6.0854465e-05
L-BFGS-B,4949,1.325698e-07,0.0025223417,1.0478898e-07,6.082723e-05
L-BFGS-B,4950,1.3263107e-07,0.0025235736,1.04565686e-07,6.0815248e-05
L-BFGS-B,4951,1.3252821e-07,0.0025209612,1.04778124e-07,6.0805563e-05
L-BFGS-B,4952,1.3250374e-07,0.002520279,1.0480503e-07,6.0799102e-05
L-BFGS-B,4953,1.3257849e-07,0.002520215,1.04603025e-07,6.0779377e-05
L-BFGS-B,4954,1.323918e-07,0.002513823,1.0530261e-07,6.0792394e-05
L-BFGS-B,4955,1.32496e-07,0.0025175137,1.0481894e-07,6.0772378e-05
L-BFGS-B,4956,1.3253445e-07,0.0025183186,1.04663485e-07,6.0762875e-05
L-BFGS-B,4957,1.3263603e-07,0.0025189552,1.0446324e-07,6.0754443e-05
L-BFGS-B,4958,1.3268092e-07,0.002519147,1.04367146e-07,6.074868e-05
L-BFGS-B,4959,1.3272579e-07,0.0025188047,1.043183e-07,6.0744664e-05
L-BFGS-B,4960,1.3277605e-07,0.0025186664,1.04255065e-07,6.074133e-05
L-BFGS-B,4961,1.3276376e-07,0.0025183877,1.0426005e-07,6.073745e-05
L-BFGS-B,4962,1.3272948e-07,0.0025174597,1.04302195e-07,6.0729348e-05
L-BFGS-B,4963,1.3270058e-07,0.00251676,1.0433344e-07,6.0722705e-05
L-BFGS-B,4964,1.3262442e-07,0.0025146184,1.0448983e-07,6.0713322e-05
L-BFGS-B,4965,1.3258862e-07,0.0025098033,1.0478735e-07,6.0704428e-05
L-BFGS-B,4966,1.3152787e-07,0.0025014267,1.0762638e-07,6.0887407e-05
L-BFGS-B,4967,1.3233578e-07,0.002506722,1.0517929e-07,6.069448e-05
L-BFGS-B,4968,1.3234043e-07,0.002503579,1.05266636e-07,6.0676848e-05
L-BFGS-B,4969,1.3250823e-07,0.0025002784,1.0515849e-07,6.0652794e-05
L-BFGS-B,4970,1.3183407e-07,0.002485083,1.0742421e-07,6.073957e-05
L-BFGS-B,4971,1.3223782e-07,0.0024942197,1.0568766e-07,6.0631013e-05
L-BFGS-B,4972,1.3232118e-07,0.0024968134,1.0533604e-07,6.0616716e-05
L-BFGS-B,4973,1.3243532e-07,0.0025027478,1.0462358e-07,6.058631e-05
L-BFGS-B,4974,1.32654e-07,0.002508958,1.0389545e-07,6.0571998e-05
L-BFGS-B,4975,1.3243567e-07,0.002510433,1.0389978e-07,6.055465e-05
L-BFGS-B,4976,1.3244576e-07,0.0025046896,1.04163554e-07,6.0538292e-05
L-BFGS-B,4977,1.3248841e-07,0.002501723,1.0424992e-07,6.052798e-05
L-BFGS-B,4978,1.3247057e-07,0.002501506,1.0421639e-07,6.0518105e-05
L-BFGS-B,4979,1.325447e-07,0.0025044912,1.0388473e-07,6.0509323e-05
L-BFGS-B,4980,1.3244188e-07,0.0025027122,1.04055786e-07,6.050177e-05
L-BFGS-B,4981,1.3310111e-07,0.002517256,1.028339e-07,6.0562812e-05
L-BFGS-B,4982,1.3254629e-07,0.0025048386,1.03784814e-07,6.0498052e-05
L-BFGS-B,4983,1.3257063e-07,0.0025062277,1.0362975e-07,6.0492333e-05
L-BFGS-B,4984,1.3254525e-07,0.0025062666,1.03610446e-07,6.0486025e-05
L-BFGS-B,4985,1.3252759e-07,0.002506033,1.0356488e-07,6.04742e-05
L-BFGS-B,4986,1.3253516e-07,0.0025057073,1.0347636e-07,6.0458802e-05
L-BFGS-B,4987,1.3269278e-07,0.0025079863,1.0307469e-07,6.044498e-05
L-BFGS-B,4988,1.327491e-07,0.0025077234,1.0298884e-07,6.0437924e-05
L-BFGS-B,4989,1.3273944e-07,0.0025075832,1.029419e-07,6.0428032e-05
L-BFGS-B,4990,1.3278962e-07,0.0025072817,1.02899e-07,6.0426115e-05
L-BFGS-B,4991,1.3281628e-07,0.0025080906,1.0279885e-07,6.0423175e-05
L-BFGS-B,4992,1.3285974e-07,0.002509438,1.0264296e-07,6.0419785e-05
L-BFGS-B,4993,1.3289676e-07,0.0025107104,1.0249487e-07,6.041585e-05
L-BFGS-B,4994,1.3309172e-07,0.002515317,1.01987126e-07,6.0414994e-05
L-BFGS-B,4995,1.3294637e-07,0.00251398,1.0226003e-07,6.042076e-05
L-BFGS-B,4996,1.3301785e-07,0.0025144783,1.0207097e-07,6.0408103e-05
L-BFGS-B,4997,1.3292605e-07,0.0025117886,1.0231389e-07,6.0403876e-05
L-BFGS-B,4998,1.3286628e-07,0.0025095812,1.02487135e-07,6.0398823e-05
L-BFGS-B,4999,1.3285195e-07,0.0025084352,1.025416e-07,6.0393384e-05
L-BFGS-B,5000,1.3287786e-07,0.002508073,1.0248921e-07,6.0385788e-05
L-BFGS-B,5001,1.3293952e-07,0.0025086533,1.02323824e-07,6.0376035e-05
L-BFGS-B,5002,1.3314062e-07,0.0025130573,1.0176846e-07,6.0366932e-05
L-BFGS-B,5003,1.3314668e-07,0.0025108322,1.0181951e-07,6.035325e-05
L-BFGS-B,5004,1.3313593e-07,0.0025110226,1.0177808e-07,6.0347324e-05
L-BFGS-B,5005,1.3312085e-07,0.0025106333,1.0176361e-07,6.0339e-05
L-BFGS-B,5006,1.329387e-07,0.002509373,1.020999e-07,6.0349517e-05
L-BFGS-B,5007,1.3306348e-07,0.0025101085,1.0184245e-07,6.0336974e-05
L-BFGS-B,5008,1.3317889e-07,0.0025087066,1.0175979e-07,6.0327868e-05
L-BFGS-B,5009,1.3323206e-07,0.0025080857,1.0167672e-07,6.0317172e-05
L-BFGS-B,5010,1.3334389e-07,0.0025079036,1.0146498e-07,6.0300365e-05
L-BFGS-B,5011,1.3336214e-07,0.0025074154,1.0141508e-07,6.0290735e-05
L-BFGS-B,5012,1.333178e-07,0.0025078224,1.0128838e-07,6.026915e-05
L-BFGS-B,5013,1.3318922e-07,0.0025120827,1.0154499e-07,6.0330956e-05
L-BFGS-B,5014,1.3325052e-07,0.002507905,1.0129488e-07,6.026086e-05
L-BFGS-B,5015,1.3321144e-07,0.0025080862,1.0123408e-07,6.024769e-05
L-BFGS-B,5016,1.3319631e-07,0.0025098675,1.0101253e-07,6.0230002e-05
L-BFGS-B,5017,1.3295364e-07,0.0025066203,1.01633795e-07,6.025432e-05
L-BFGS-B,5018,1.3309815e-07,0.002508197,1.0117471e-07,6.0222897e-05
L-BFGS-B,5019,1.3298461e-07,0.0025060654,1.0136251e-07,6.0212722e-05
L-BFGS-B,5020,1.3278347e-07,0.0025008577,1.01796196e-07,6.019553e-05
L-BFGS-B,5021,1.3266249e-07,0.0024950902,1.02224874e-07,6.0184007e-05
L-BFGS-B,5022,1.3265995e-07,0.0024897219,1.025305e-07,6.0175786e-05
L-BFGS-B,5023,1.3229405e-07,0.0024756796,1.03943194e-07,6.019238e-05
L-BFGS-B,5024,1.3250217e-07,0.0024841677,1.0300833e-07,6.016825e-05
L-BFGS-B,5025,1.3243061e-07,0.002483153,1.0309333e-07,6.016012e-05
L-BFGS-B,5026,1.3229905e-07,0.0024821912,1.0317331e-07,6.0142767e-05
L-BFGS-B,5027,1.3215164e-07,0.002481493,1.0330699e-07,6.0133723e-05
L-BFGS-B,5028,1.3250622e-07,0.002468566,1.0833225e-07,6.0811428e-05
L-BFGS-B,5029,1.3212762e-07,0.0024796582,1.0343601e-07,6.0131126e-05
L-BFGS-B,5030,1.3211603e-07,0.0024812764,1.0326783e-07,6.0120343e-05
L-BFGS-B,5031,1.3166998e-07,0.0024748754,1.0411572e-07,6.0116603e-05
L-BFGS-B,5032,1.3190883e-07,0.002476566,1.03638904e-07,6.0097816e-05
L-BFGS-B,5033,1.320224e-07,0.0024772156,1.034126e-07,6.0087405e-05
L-BFGS-B,5034,1.321609e-07,0.0024785814,1.03110935e-07,6.0076592e-05
L-BFGS-B,5035,1.3220512e-07,0.0024800801,1.0289225e-07,6.0065406e-05
L-BFGS-B,5036,1.3213878e-07,0.002479962,1.0289431e-07,6.0054583e-05
L-BFGS-B,5037,1.323455e-07,0.0024943259,1.0184357e-07,6.007162e-05
L-BFGS-B,5038,1.3219399e-07,0.002484392,1.02505986e-07,6.0048915e-05
L-BFGS-B,5039,1.3214681e-07,0.0024840618,1.0251418e-07,6.003976e-05
L-BFGS-B,5040,1.3211456e-07,0.0024839207,1.0243087e-07,6.002102e-05
L-BFGS-B,5041,1.3213901e-07,0.0024841796,1.0232217e-07,6.001097e-05
L-BFGS-B,5042,1.3229489e-07,0.0024863312,1.0181212e-07,5.9979364e-05
L-BFGS-B,5043,1.3253748e-07,0.0024901626,1.0119483e-07,5.9961472e-05
L-BFGS-B,5044,1.3270962e-07,0.0024921147,1.0078108e-07,5.9944752e-05
L-BFGS-B,5045,1.32899e-07,0.00249371,1.0038247e-07,5.992932e-05
L-BFGS-B,5046,1.3304683e-07,0.0024943103,1.00084556e-07,5.9912807e-05
L-BFGS-B,5047,1.3279293e-07,0.002491229,1.00511855e-07,5.9908005e-05
L-BFGS-B,5048,1.3364215e-07,0.0025192301,9.938515e-08,6.0146394e-05
L-BFGS-B,5049,1.3285425e-07,0.0024930155,1.00300944e-07,5.9903436e-05
L-BFGS-B,5050,1.3291341e-07,0.0024929445,1.001588e-07,5.9890277e-05
L-BFGS-B,5051,1.3283909e-07,0.0024910825,1.0026129e-07,5.987588e-05
L-BFGS-B,5052,1.3283487e-07,0.0024903344,1.0017859e-07,5.985536e-05
L-BFGS-B,5053,1.327442e-07,0.0024870122,1.0030314e-07,5.9827224e-05
L-BFGS-B,5054,1.3267781e-07,0.0024850743,1.0037965e-07,5.980936e-05
L-BFGS-B,5055,1.3243651e-07,0.0024795253,1.00902305e-07,5.9796075e-05
L-BFGS-B,5056,1.324673e-07,0.002480603,1.0058592e-07,5.9764014e-05
L-BFGS-B,5057,1.32547e-07,0.002483493,1.00239056e-07,5.9752838e-05
L-BFGS-B,5058,1.3262286e-07,0.002486494,9.990461e-08,5.974406e-05
L-BFGS-B,5059,1.325485e-07,0.0024873074,9.977189e-08,5.972113e-05
L-BFGS-B,5060,1.3260626e-07,0.002487072,9.9572496e-08,5.9697533e-05
L-BFGS-B,5061,1.3266175e-07,0.0024848254,9.948018e-08,5.9669546e-05
L-BFGS-B,5062,1.3277827e-07,0.0024858622,9.912983e-08,5.9644837e-05
L-BFGS-B,5063,1.3281033e-07,0.002485171,9.897837e-08,5.9620015e-05
L-BFGS-B,5064,1.3283105e-07,0.002485719,9.878321e-08,5.9599326e-05
L-BFGS-B,5065,1.327969e-07,0.0024851162,9.873016e-08,5.9580223e-05
L-BFGS-B,5066,1.3268183e-07,0.002481211,9.89149e-08,5.9551618e-05
L-BFGS-B,5067,1.3267838e-07,0.0024818908,9.881914e-08,5.9543538e-05
L-BFGS-B,5068,1.3260531e-07,0.0024794023,9.900254e-08,5.9535203e-05
L-BFGS-B,5069,1.3244033e-07,0.002465586,1.00601085e-07,5.9612074e-05
L-BFGS-B,5070,1.3255435e-07,0.0024763606,9.9236004e-08,5.953216e-05
L-BFGS-B,5071,1.3251939e-07,0.002475786,9.923283e-08,5.952069e-05
L-BFGS-B,5072,1.3274979e-07,0.0024775362,9.893373e-08,5.952789e-05
L-BFGS-B,5073,1.3259714e-07,0.0024761893,9.909999e-08,5.951646e-05
L-BFGS-B,5074,1.3262847e-07,0.0024778077,9.889426e-08,5.950649e-05
L-BFGS-B,5075,1.3272093e-07,0.00248104,9.854066e-08,5.9499638e-05
L-BFGS-B,5076,1.3266863e-07,0.0024842883,9.833777e-08,5.9493843e-05
L-BFGS-B,5077,1.3266654e-07,0.0024847172,9.8272835e-08,5.948808e-05
L-BFGS-B,5078,1.3265296e-07,0.0024856022,9.8149826e-08,5.947644e-05
L-BFGS-B,5079,1.3264176e-07,0.0024857395,9.811691e-08,5.9471196e-05
L-BFGS-B,5080,1.3263228e-07,0.0024863624,9.8017765e-08,5.946113e-05
L-BFGS-B,5081,1.3268821e-07,0.0024859263,9.7925586e-08,5.9451333e-05
L-BFGS-B,5082,1.3267002e-07,0.0024864874,9.783461e-08,5.9440572e-05
L-BFGS-B,5083,1.3266903e-07,0.0024861721,9.7794214e-08,5.9431208e-05
L-BFGS-B,5084,1.3259452e-07,0.002484987,9.788752e-08,5.942218e-05
L-BFGS-B,5085,1.3249692e-07,0.002483601,9.802481e-08,5.941427e-05
L-BFGS-B,5086,1.3228893e-07,0.002480959,9.8324094e-08,5.9401544e-05
L-BFGS-B,5087,1.3191485e-07,0.0024758931,9.892697e-08,5.9385202e-05
L-BFGS-B,5088,1.317175e-07,0.0024743725,9.91157e-08,5.9368707e-05
L-BFGS-B,5089,1.3160613e-07,0.002474309,9.915563e-08,5.9357353e-05
L-BFGS-B,5090,1.3153664e-07,0.0024741876,9.915991e-08,5.9346356e-05
L-BFGS-B,5091,1.3124527e-07,0.0024766244,9.918872e-08,5.9331345e-05
L-BFGS-B,5092,1.3122224e-07,0.002479938,9.881105e-08,5.9304373e-05
L-BFGS-B,5093,1.3127357e-07,0.0024787236,9.869988e-08,5.928325e-05
L-BFGS-B,5094,1.3129292e-07,0.002477946,9.8539815e-08,5.925437e-05
L-BFGS-B,5095,1.3141424e-07,0.002481316,9.8047586e-08,5.9232432e-05
L-BFGS-B,5096,1.3157474e-07,0.002484028,9.7626646e-08,5.9220485e-05
L-BFGS-B,5097,1.3158807e-07,0.0024873586,9.719585e-08,5.9191174e-05
L-BFGS-B,5098,1.315346e-07,0.0024870138,9.715733e-08,5.917393e-05
L-BFGS-B,5099,1.3145551e-07,0.0024843577,9.718e-08,5.91389e-05
L-BFGS-B,5100,1.3095027e-07,0.0024680803,9.962502e-08,5.92671e-05
L-BFGS-B,5101,1.3125414e-07,0.002479562,9.763364e-08,5.912879e-05
L-BFGS-B,5102,1.3134817e-07,0.0024742528,9.763611e-08,5.909017e-05
L-BFGS-B,5103,1.314033e-07,0.002469627,9.7689615e-08,5.9060207e-05
L-BFGS-B,5104,1.3148296e-07,0.002463097,9.783087e-08,5.9028047e-05
L-BFGS-B,5105,1.3162803e-07,0.0024620022,9.761112e-08,5.9005895e-05
L-BFGS-B,5106,1.3172222e-07,0.0024621931,9.742332e-08,5.8993763e-05
L-BFGS-B,5107,1.319019e-07,0.002465172,9.69994e-08,5.8986912e-05
L-BFGS-B,5108,1.3186506e-07,0.0024649093,9.7016404e-08,5.8981313e-05
L-BFGS-B,5109,1.3181524e-07,0.0024644085,9.705266e-08,5.897427e-05
L-BFGS-B,5110,1.3184142e-07,0.0024644432,9.699032e-08,5.896919e-05
L-BFGS-B,5111,1.3186347e-07,0.0024629326,9.702942e-08,5.8963262e-05
L-BFGS-B,5112,1.318002e-07,0.00248914,1.01383975e-07,5.9869024e-05
L-BFGS-B,5113,1.3179937e-07,0.002462232,9.7119845e-08,5.8960202e-05
L-BFGS-B,5114,1.3183899e-07,0.0024595044,9.7217395e-08,5.89535e-05
L-BFGS-B,5115,1.318482e-07,0.0024576804,9.73059e-08,5.8949918e-05
L-BFGS-B,5116,1.3184764e-07,0.0024576145,9.727921e-08,5.8945174e-05
L-BFGS-B,5117,1.3180167e-07,0.0024569791,9.7340475e-08,5.8941114e-05
L-BFGS-B,5118,1.3123034e-07,0.0024496112,1.0025971e-07,5.921962e-05
L-BFGS-B,5119,1.317421e-07,0.002455903,9.7467684e-08,5.89405e-05
L-BFGS-B,5120,1.3170725e-07,0.0024555735,9.749964e-08,5.893677e-05
L-BFGS-B,5121,1.3134851e-07,0.0024594718,9.8102014e-08,5.9012295e-05
L-BFGS-B,5122,1.316516e-07,0.0024557298,9.753414e-08,5.893516e-05
L-BFGS-B,5123,1.3157867e-07,0.0024530536,9.774071e-08,5.892844e-05
L-BFGS-B,5124,1.3319533e-07,0.0025178923,9.6744095e-08,5.9669837e-05
L-BFGS-B,5125,1.315941e-07,0.002454797,9.759968e-08,5.8927042e-05
L-BFGS-B,5126,1.3157495e-07,0.0024538955,9.7627506e-08,5.8919326e-05
L-BFGS-B,5127,1.3153402e-07,0.0024540487,9.755885e-08,5.8904418e-05
L-BFGS-B,5128,1.3156101e-07,0.0024538755,9.7501555e-08,5.8898142e-05
L-BFGS-B,5129,1.3166188e-07,0.0024563547,9.7190565e-08,5.889141e-05
L-BFGS-B,5130,1.3176427e-07,0.0024572813,9.6981424e-08,5.8884667e-05
L-BFGS-B,5131,1.318849e-07,0.002458255,9.675425e-08,5.8878424e-05
L-BFGS-B,5132,1.319685e-07,0.0024546585,9.689582e-08,5.8876234e-05
L-BFGS-B,5133,1.368499e-07,0.00257736,1.0444902e-07,6.196844e-05
L-BFGS-B,5134,1.3196926e-07,0.0024532669,9.695467e-08,5.8871257e-05
L-BFGS-B,5135,1.3192978e-07,0.002453448,9.693995e-08,5.8864942e-05
L-BFGS-B,5136,1.3180959e-07,0.0024522769,9.708421e-08,5.8856836e-05
L-BFGS-B,5137,1.3166276e-07,0.0024472196,9.75025e-08,5.8846985e-05
L-BFGS-B,5138,1.3153313e-07,0.002442826,9.7867854e-08,5.883841e-05
L-BFGS-B,5139,1.3123815e-07,0.0024325694,9.8747e-08,5.8823465e-05
L-BFGS-B,5140,1.307592e-07,0.002415525,1.04163675e-07,5.9393682e-05
L-BFGS-B,5141,1.3100876e-07,0.0024243412,9.94065e-08,5.88057e-05
L-BFGS-B,5142,1.3092364e-07,0.0024233416,9.942171e-08,5.878522e-05
L-BFGS-B,5143,1.3075481e-07,0.002417976,9.977834e-08,5.8759735e-05
L-BFGS-B,5144,1.3066769e-07,0.002416271,9.989266e-08,5.8746762e-05
L-BFGS-B,5145,1.3034548e-07,0.0024099816,1.0048191e-07,5.8723923e-05
L-BFGS-B,5146,1.3008354e-07,0.0024058362,1.00858486e-07,5.869967e-05
L-BFGS-B,5147,1.2983621e-07,0.0024008516,1.01232104e-07,5.866876e-05
L-BFGS-B,5148,1.2968049e-07,0.0023990013,1.0131714e-07,5.8639656e-05
L-BFGS-B,5149,1.297286e-07,0.0023970862,1.0121827e-07,5.8612895e-05
L-BFGS-B,5150,1.2941659e-07,0.002396753,1.0138593e-07,5.858791e-05
L-BFGS-B,5151,1.2966092e-07,0.0024033235,1.0052526e-07,5.8561163e-05
L-BFGS-B,5152,1.2951067e-07,0.0023953903,1.0113242e-07,5.8550366e-05
L-BFGS-B,5153,1.2936552e-07,0.002397237,1.0097947e-07,5.852412e-05
L-BFGS-B,5154,1.2930998e-07,0.0024001698,1.00730496e-07,5.850777e-05
L-BFGS-B,5155,1.3426916e-07,0.0025089132,1.0233647e-07,6.057998e-05
L-BFGS-B,5156,1.2939985e-07,0.002401503,1.0052127e-07,5.8503196e-05
L-BFGS-B,5157,1.293909e-07,0.0024038441,1.00270455e-07,5.8487647e-05
L-BFGS-B,5158,1.2951787e-07,0.002405783,9.991626e-08,5.847295e-05
L-BFGS-B,5159,1.2974265e-07,0.0024067871,9.949577e-08,5.8453632e-05
L-BFGS-B,5160,1.3002847e-07,0.0024120759,9.877791e-08,5.8441714e-05
L-BFGS-B,5161,1.2991481e-07,0.0024103026,9.8905346e-08,5.842605e-05
L-BFGS-B,5162,1.2952522e-07,0.0024043177,9.951019e-08,5.8398487e-05
L-BFGS-B,5163,1.2933349e-07,0.0024013415,9.9842005e-08,5.8389734e-05
L-BFGS-B,5164,1.2919524e-07,0.00239915,9.99863e-08,5.8368732e-05
L-BFGS-B,5165,1.2979473e-07,0.0023954574,1.0285169e-07,5.8851532e-05
L-BFGS-B,5166,1.2914194e-07,0.0023956725,1.0021777e-07,5.836068e-05
L-BFGS-B,5167,1.2907368e-07,0.002393731,1.00155226e-07,5.8321646e-05
L-BFGS-B,5168,1.2910348e-07,0.0023913821,9.9970386e-08,5.8274905e-05
L-BFGS-B,5169,1.2951288e-07,0.0023968723,1.0023915e-07,5.8431524e-05
L-BFGS-B,5170,1.2911963e-07,0.0023909179,9.98749e-08,5.825836e-05
L-BFGS-B,5171,1.2920906e-07,0.0023840717,9.9769416e-08,5.818749e-05
L-BFGS-B,5172,1.2928066e-07,0.0023863388,9.917846e-08,5.8132257e-05
L-BFGS-B,5173,1.2933384e-07,0.0023878904,9.868061e-08,5.8081074e-05
L-BFGS-B,5174,1.2919874e-07,0.0023887416,9.84239e-08,5.8030808e-05
L-BFGS-B,5175,1.2826052e-07,0.0023959745,1.0116987e-07,5.8374302e-05
L-BFGS-B,5176,1.2886059e-07,0.0023872845,9.863514e-08,5.7997204e-05
L-BFGS-B,5177,1.2860676e-07,0.0023850212,9.867259e-08,5.7942114e-05
L-BFGS-B,5178,1.2822824e-07,0.002380724,9.905547e-08,5.7899797e-05
L-BFGS-B,5179,1.2802015e-07,0.0023766786,9.929999e-08,5.7864807e-05
L-BFGS-B,5180,1.2792427e-07,0.0023694928,9.977256e-08,5.784945e-05
L-BFGS-B,5181,1.2799352e-07,0.0023700274,9.955299e-08,5.783225e-05
L-BFGS-B,5182,1.2810655e-07,0.002370269,9.933711e-08,5.781924e-05
L-BFGS-B,5183,1.2828224e-07,0.002369641,9.908616e-08,5.7801666e-05
L-BFGS-B,5184,1.2828502e-07,0.0023686045,9.9010485e-08,5.778037e-05
L-BFGS-B,5185,1.283228e-07,0.0023672553,9.894166e-08,5.776222e-05
L-BFGS-B,5186,1.2818582e-07,0.0023650508,9.9122246e-08,5.7746718e-05
L-BFGS-B,5187,1.2846321e-07,0.0023765508,9.8149336e-08,5.775739e-05
L-BFGS-B,5188,1.2827442e-07,0.0023687927,9.8747016e-08,5.774114e-05
L-BFGS-B,5189,1.2807442e-07,0.0023653563,9.908177e-08,5.772699e-05
L-BFGS-B,5190,1.2803132e-07,0.0023657004,9.904592e-08,5.7718586e-05
L-BFGS-B,5191,1.2810777e-07,0.0023666415,9.884013e-08,5.77086e-05
L-BFGS-B,5192,1.2812791e-07,0.0023674958,9.87253e-08,5.770294e-05
L-BFGS-B,5193,1.2815472e-07,0.0023678225,9.862175e-08,5.7694695e-05
L-BFGS-B,5194,1.2879424e-07,0.0023744837,9.806521e-08,5.7773752e-05
L-BFGS-B,5195,1.282516e-07,0.0023684744,9.8450876e-08,5.7690115e-05
L-BFGS-B,5196,1.2821e-07,0.0023676043,9.849015e-08,5.7681067e-05
L-BFGS-B,5197,1.2807834e-07,0.0023612324,9.901539e-08,5.7676385e-05
L-BFGS-B,5198,1.2808252e-07,0.0023599467,9.90515e-08,5.7669567e-05
L-BFGS-B,5199,1.2807362e-07,0.0023590892,9.909157e-08,5.7665668e-05
L-BFGS-B,5200,1.2802423e-07,0.0023569134,9.925292e-08,5.76607e-05
L-BFGS-B,5201,1.2801631e-07,0.0023581642,9.9167536e-08,5.7659217e-05
L-BFGS-B,5202,1.2796379e-07,0.0023562678,9.92997e-08,5.76522e-05
L-BFGS-B,5203,1.2792486e-07,0.0023560412,9.9320516e-08,5.7647216e-05
L-BFGS-B,5204,1.2789545e-07,0.0023567458,9.9279056e-08,5.7643632e-05
L-BFGS-B,5205,1.2789144e-07,0.0023574624,9.9220934e-08,5.7641475e-05
L-BFGS-B,5206,1.2788976e-07,0.0023587833,9.910592e-08,5.7637182e-05
L-BFGS-B,5207,1.2792091e-07,0.0023605856,9.891608e-08,5.7631405e-05
L-BFGS-B,5208,1.2795894e-07,0.0023635088,9.861591e-08,5.7621313e-05
L-BFGS-B,5209,1.2803167e-07,0.0023651144,9.836189e-08,5.7610174e-05
L-BFGS-B,5210,1.2801183e-07,0.0023644636,9.833425e-08,5.759655e-05
L-BFGS-B,5211,1.2911897e-07,0.00240378,9.701984e-08,5.795862e-05
L-BFGS-B,5212,1.2806285e-07,0.0023665794,9.811306e-08,5.759218e-05
L-BFGS-B,5213,1.280194e-07,0.0023653472,9.8163305e-08,5.7580874e-05
L-BFGS-B,5214,1.2795348e-07,0.0023632448,9.8258305e-08,5.756422e-05
L-BFGS-B,5215,1.2788135e-07,0.0023639735,9.8119635e-08,5.753988e-05
L-BFGS-B,5216,1.2800119e-07,0.0023629204,9.784202e-08,5.7505684e-05
L-BFGS-B,5217,1.2811164e-07,0.0023677347,9.7149474e-08,5.746651e-05
L-BFGS-B,5218,1.2843687e-07,0.002376005,9.602264e-08,5.7428977e-05
L-BFGS-B,5219,1.2916287e-07,0.0023846338,9.4824934e-08,5.7444508e-05
L-BFGS-B,5220,1.2868529e-07,0.002378595,9.554714e-08,5.7420817e-05
L-BFGS-B,5221,1.288928e-07,0.002381767,9.493661e-08,5.7392077e-05
L-BFGS-B,5222,1.2890314e-07,0.0023802423,9.483704e-08,5.736345e-05
L-BFGS-B,5223,1.2883764e-07,0.002375647,9.4595386e-08,5.7271423e-05
L-BFGS-B,5224,1.2861172e-07,0.0023725543,9.448937e-08,5.7190708e-05
L-BFGS-B,5225,1.2827405e-07,0.0023701882,9.5077134e-08,5.720456e-05
L-BFGS-B,5226,1.2836662e-07,0.0023681063,9.466534e-08,5.713586e-05
L-BFGS-B,5227,1.2805401e-07,0.0023728088,9.4250446e-08,5.7073757e-05
L-BFGS-B,5228,1.277083e-07,0.0023671654,9.477444e-08,5.7044064e-05
L-BFGS-B,5229,1.2769374e-07,0.00236759,9.463883e-08,5.7025783e-05
L-BFGS-B,5230,1.2757371e-07,0.002369317,9.445845e-08,5.6997993e-05
L-BFGS-B,5231,1.2759064e-07,0.0023694406,9.4214855e-08,5.696523e-05
L-BFGS-B,5232,1.2759234e-07,0.0023669826,9.4181196e-08,5.693586e-05
L-BFGS-B,5233,1.2820284e-07,0.0023843844,9.2609966e-08,5.6965768e-05
L-BFGS-B,5234,1.2777315e-07,0.0023722185,9.356814e-08,5.6923378e-05
L-BFGS-B,5235,1.27681e-07,0.00235638,9.538431e-08,5.7023597e-05
L-BFGS-B,5236,1.2765503e-07,0.002364359,9.3999695e-08,5.6891797e-05
L-BFGS-B,5237,1.2773349e-07,0.0023655002,9.3681116e-08,5.686719e-05
L-BFGS-B,5238,1.2787784e-07,0.0023795988,9.293213e-08,5.691748e-05
L-BFGS-B,5239,1.2773903e-07,0.0023685477,9.3401255e-08,5.685652e-05
L-BFGS-B,5240,1.2774088e-07,0.0023707408,9.310332e-08,5.6834037e-05
L-BFGS-B,5241,1.2785948e-07,0.002374511,9.2546024e-08,5.6805933e-05
L-BFGS-B,5242,1.2796315e-07,0.0023791562,9.2036096e-08,5.6791447e-05
L-BFGS-B,5243,1.2810378e-07,0.0023825045,9.157032e-08,5.6776164e-05
L-BFGS-B,5244,1.2818835e-07,0.0023846321,9.1235464e-08,5.675989e-05
L-BFGS-B,5245,1.283369e-07,0.002386389,9.073302e-08,5.6724373e-05
L-BFGS-B,5246,1.3186643e-07,0.0024619696,9.0749225e-08,5.8012047e-05
L-BFGS-B,5247,1.2843469e-07,0.0023874703,9.053767e-08,5.672056e-05
L-BFGS-B,5248,1.2871708e-07,0.0023879686,8.981325e-08,5.6659235e-05
L-BFGS-B,5249,1.2879583e-07,0.0023857597,8.95621e-08,5.6611287e-05
L-BFGS-B,5250,1.2885997e-07,0.0023746677,8.981141e-08,5.6547382e-05
L-BFGS-B,5251,1.2904434e-07,0.0023707428,8.956419e-08,5.6498706e-05
L-BFGS-B,5252,1.2893298e-07,0.0023694222,8.942195e-08,5.644746e-05
L-BFGS-B,5253,1.290385e-07,0.0023768006,8.8579874e-08,5.641076e-05
L-BFGS-B,5254,1.2916715e-07,0.0023836386,8.776327e-08,5.6375953e-05
L-BFGS-B,5255,1.2901135e-07,0.0023859395,8.757734e-08,5.63477e-05
L-BFGS-B,5256,1.2887784e-07,0.0023843688,8.76035e-08,5.631589e-05
L-BFGS-B,5257,1.2899201e-07,0.0023850321,8.8265885e-08,5.6439003e-05
L-BFGS-B,5258,1.2886755e-07,0.0023833925,8.760258e-08,5.6304445e-05
L-BFGS-B,5259,1.287221e-07,0.0023834389,8.753457e-08,5.627289e-05
L-BFGS-B,5260,1.2861449e-07,0.0023742323,8.808368e-08,5.624705e-05
L-BFGS-B,5261,1.2869216e-07,0.0023746667,8.786599e-08,5.623039e-05
L-BFGS-B,5262,1.2885506e-07,0.002375799,8.7548216e-08,5.621848e-05
L-BFGS-B,5263,1.2877136e-07,0.0023769077,8.74631e-08,5.6204244e-05
L-BFGS-B,5264,1.2865833e-07,0.0023773366,8.743985e-08,5.6188095e-05
L-BFGS-B,5265,1.2858911e-07,0.0023791871,8.724752e-08,5.6167366e-05
L-BFGS-B,5266,1.285316e-07,0.002381504,8.701628e-08,5.6147222e-05
L-BFGS-B,5267,1.2853465e-07,0.0023819462,8.689428e-08,5.6133802e-05
L-BFGS-B,5268,1.285529e-07,0.002386789,8.653916e-08,5.61317e-05
L-BFGS-B,5269,1.2862316e-07,0.002385546,8.645743e-08,5.6117548e-05
L-BFGS-B,5270,1.2860976e-07,0.0023851653,8.646112e-08,5.6112287e-05
L-BFGS-B,5271,1.286078e-07,0.002386699,8.629643e-08,5.610262e-05
L-BFGS-B,5272,1.2858422e-07,0.0023883437,8.613542e-08,5.6091383e-05
L-BFGS-B,5273,1.2843756e-07,0.0023899234,8.6073605e-08,5.607591e-05
L-BFGS-B,5274,1.2846485e-07,0.0023923717,8.580399e-08,5.6064044e-05
L-BFGS-B,5275,1.284154e-07,0.0023893497,8.591446e-08,5.6042976e-05
L-BFGS-B,5276,1.282229e-07,0.0023810666,8.647744e-08,5.6015717e-05
L-BFGS-B,5277,1.2801418e-07,0.0023697447,8.733557e-08,5.599991e-05
L-BFGS-B,5278,1.281681e-07,0.0023716674,8.68608e-08,5.5971006e-05
L-BFGS-B,5279,1.2814976e-07,0.002369255,8.6902546e-08,5.5950397e-05
L-BFGS-B,5280,1.2802325e-07,0.0023565209,8.7587985e-08,5.5906894e-05
L-BFGS-B,5281,1.278169e-07,0.0023521613,8.7945104e-08,5.5885914e-05
L-BFGS-B,5282,1.2779736e-07,0.0023516845,8.795024e-08,5.5878987e-05
L-BFGS-B,5283,1.2787345e-07,0.0023518705,8.7803166e-08,5.5870194e-05
L-BFGS-B,5284,1.2791948e-07,0.002348631,8.790786e-08,5.5860408e-05
L-BFGS-B,5285,1.2803585e-07,0.0023483098,8.7737796e-08,5.5849145e-05
L-BFGS-B,5286,1.2812353e-07,0.0023494915,8.7472976e-08,5.583439e-05
L-BFGS-B,5287,1.2821441e-07,0.0023479192,8.74604e-08,5.5830416e-05
L-BFGS-B,5288,1.2817594e-07,0.0023510153,8.7203254e-08,5.5817032e-05
L-BFGS-B,5289,1.2805735e-07,0.002347836,8.7506905e-08,5.5812998e-05
L-BFGS-B,5290,1.2803996e-07,0.0023474658,8.752165e-08,5.5808898e-05
L-BFGS-B,5291,1.2804603e-07,0.0023463462,8.754066e-08,5.580146e-05
L-BFGS-B,5292,1.279685e-07,0.0023454542,8.7634064e-08,5.5794924e-05
L-BFGS-B,5293,1.293386e-07,0.002357802,9.216172e-08,5.6803066e-05
L-BFGS-B,5294,1.2799904e-07,0.0023450258,8.760259e-08,5.57905e-05
L-BFGS-B,5295,1.2791955e-07,0.0023443527,8.764638e-08,5.5778415e-05
L-BFGS-B,5296,1.2781042e-07,0.0023428027,8.767762e-08,5.5751232e-05
L-BFGS-B,5297,1.2786208e-07,0.0023438197,8.735664e-08,5.5721008e-05
L-BFGS-B,5298,1.2774558e-07,0.002344298,8.722961e-08,5.5689256e-05
L-BFGS-B,5299,1.2779448e-07,0.0023428043,8.7097405e-08,5.566183e-05
L-BFGS-B,5300,1.2781841e-07,0.002338597,8.719958e-08,5.563867e-05
L-BFGS-B,5301,1.2792485e-07,0.0023396693,8.698753e-08,5.563355e-05
L-BFGS-B,5302,1.279222e-07,0.0023394804,8.69679e-08,5.5628316e-05
L-BFGS-B,5303,1.280107e-07,0.0023378376,8.69119e-08,5.5616765e-05
L-BFGS-B,5304,1.279429e-07,0.0023388662,8.680774e-08,5.560126e-05
L-BFGS-B,5305,1.2766662e-07,0.0023324033,8.73868e-08,5.5582048e-05
L-BFGS-B,5306,1.2762584e-07,0.0023301593,8.7509555e-08,5.55719e-05
L-BFGS-B,5307,1.2755049e-07,0.0023270408,8.771018e-08,5.555951e-05
L-BFGS-B,5308,1.2752093e-07,0.0023236894,8.8323254e-08,5.5613524e-05
L-BFGS-B,5309,1.275234e-07,0.0023257858,8.7790276e-08,5.555491e-05
L-BFGS-B,5310,1.2746861e-07,0.0023248636,8.782271e-08,5.5542332e-05
L-BFGS-B,5311,1.2746453e-07,0.0023252827,8.771331e-08,5.5529505e-05
L-BFGS-B,5312,1.2751053e-07,0.002327856,8.745005e-08,5.5522647e-05
L-BFGS-B,5313,1.2758066e-07,0.002330702,8.714742e-08,5.5516233e-05
L-BFGS-B,5314,1.2763871e-07,0.0023332003,8.6886295e-08,5.5510754e-05
L-BFGS-B,5315,1.2764501e-07,0.0023340436,8.6796554e-08,5.550667e-05
L-BFGS-B,5316,1.275949e-07,0.0023369794,8.662335e-08,5.5502533e-05
L-BFGS-B,5317,1.2754269e-07,0.0023354369,8.6724896e-08,5.5494507e-05
L-BFGS-B,5318,1.2740298e-07,0.0023329768,8.696902e-08,5.548557e-05
L-BFGS-B,5319,1.2724874e-07,0.0023303563,8.724785e-08,5.547805e-05
L-BFGS-B,5320,1.2711992e-07,0.0023254682,8.7649425e-08,5.5470082e-05
L-BFGS-B,5321,1.2700062e-07,0.0023244014,8.782178e-08,5.5467375e-05
L-BFGS-B,5322,1.2704983e-07,0.0023230035,8.780898e-08,5.5458855e-05
L-BFGS-B,5323,1.2713872e-07,0.0023221155,8.774442e-08,5.5453624e-05
L-BFGS-B,5324,1.2716674e-07,0.0023215609,8.772518e-08,5.5449396e-05
L-BFGS-B,5325,1.2736045e-07,0.0023248114,8.734709e-08,5.5454246e-05
L-BFGS-B,5326,1.2723002e-07,0.0023225772,8.757677e-08,5.544679e-05
L-BFGS-B,5327,1.273029e-07,0.0023226428,8.745458e-08,5.544005e-05
L-BFGS-B,5328,1.2732693e-07,0.0023238698,8.728947e-08,5.5431155e-05
L-BFGS-B,5329,1.2736206e-07,0.0023254284,8.708188e-08,5.542088e-05
L-BFGS-B,5330,1.2729387e-07,0.0023231986,8.74257e-08,5.543992e-05
L-BFGS-B,5331,1.2733425e-07,0.0023245525,8.7151506e-08,5.5418386e-05
L-BFGS-B,5332,1.2755619e-07,0.002330147,8.650921e-08,5.5411278e-05
L-BFGS-B,5333,1.2764909e-07,0.0023320694,8.629113e-08,5.5411725e-05
L-BFGS-B,5334,1.2759331e-07,0.0023308052,8.637588e-08,5.540343e-05
L-BFGS-B,5335,1.274963e-07,0.0023286792,8.65198e-08,5.5389206e-05
L-BFGS-B,5336,1.2743088e-07,0.0023244065,8.670605e-08,5.5364606e-05
L-BFGS-B,5337,1.2760113e-07,0.0023270615,8.6135096e-08,5.533105e-05
L-BFGS-B,5338,1.2781976e-07,0.002335541,8.5190756e-08,5.5306984e-05
L-BFGS-B,5339,1.2798023e-07,0.0023399496,8.455941e-08,5.528044e-05
L-BFGS-B,5340,1.2830938e-07,0.0023448833,8.372977e-08,5.5254706e-05
L-BFGS-B,5341,1.2822187e-07,0.002351548,8.3489184e-08,5.527214e-05
L-BFGS-B,5342,1.2825127e-07,0.0023470074,8.353221e-08,5.5237593e-05
L-BFGS-B,5343,1.2829028e-07,0.0023477443,8.322332e-08,5.5204484e-05
L-BFGS-B,5344,1.2855953e-07,0.0023553423,8.23009e-08,5.518249e-05
L-BFGS-B,5345,1.2855203e-07,0.0023770418,8.194068e-08,5.5344324e-05
L-BFGS-B,5346,1.2847894e-07,0.002358948,8.1998564e-08,5.5161105e-05
L-BFGS-B,5347,1.2829884e-07,0.002355844,8.224525e-08,5.514005e-05
L-BFGS-B,5348,1.2830445e-07,0.0023565628,8.2115854e-08,5.5128676e-05
L-BFGS-B,5349,1.2836063e-07,0.002361586,8.159602e-08,5.510936e-05
L-BFGS-B,5350,1.2828016e-07,0.0023603286,8.16737e-08,5.5096363e-05
L-BFGS-B,5351,1.2808859e-07,0.0023568429,8.187786e-08,5.5063392e-05
L-BFGS-B,5352,1.3045194e-07,0.0024184622,8.5026116e-08,5.650633e-05
L-BFGS-B,5353,1.281319e-07,0.0023550342,8.186035e-08,5.504918e-05
L-BFGS-B,5354,1.2801758e-07,0.0023510135,8.201883e-08,5.5015596e-05
L-BFGS-B,5355,1.2813186e-07,0.002358223,8.2080334e-08,5.5114055e-05
L-BFGS-B,5356,1.2798877e-07,0.0023507802,8.192937e-08,5.4995522e-05
L-BFGS-B,5357,1.2791371e-07,0.0023492365,8.193819e-08,5.497015e-05
L-BFGS-B,5358,1.280276e-07,0.002353096,8.1494434e-08,5.4959262e-05
L-BFGS-B,5359,1.2800851e-07,0.0023570696,8.116596e-08,5.4946864e-05
L-BFGS-B,5360,1.2932405e-07,0.0023857597,7.8662445e-08,5.505557e-05
L-BFGS-B,5361,1.281599e-07,0.0023602622,8.078219e-08,5.4943936e-05
L-BFGS-B,5362,1.278976e-07,0.002360555,8.0878934e-08,5.492203e-05
L-BFGS-B,5363,1.2767036e-07,0.0023591083,8.109458e-08,5.4905824e-05
L-BFGS-B,5364,1.2752947e-07,0.0023576994,8.124438e-08,5.4893073e-05
L-BFGS-B,5365,1.2747168e-07,0.002355665,8.1379795e-08,5.488437e-05
L-BFGS-B,5366,1.2741818e-07,0.0023538303,8.1484885e-08,5.487376e-05
L-BFGS-B,5367,1.2736731e-07,0.002352424,8.157588e-08,5.4865715e-05
L-BFGS-B,5368,1.273096e-07,0.0023564303,8.161983e-08,5.4903718e-05
L-BFGS-B,5369,1.2734822e-07,0.0023530545,8.1533805e-08,5.4862845e-05
L-BFGS-B,5370,1.2733673e-07,0.0023542948,8.141653e-08,5.4855936e-05
L-BFGS-B,5371,1.2730737e-07,0.0023549933,8.134827e-08,5.484828e-05
L-BFGS-B,5372,1.2723915e-07,0.002354813,8.136638e-08,5.4838958e-05
L-BFGS-B,5373,1.2706687e-07,0.0023546054,8.143591e-08,5.482147e-05
L-BFGS-B,5374,1.2685035e-07,0.0023522498,8.173758e-08,5.4810687e-05
L-BFGS-B,5375,1.2662352e-07,0.0023491038,8.206875e-08,5.4794877e-05
L-BFGS-B,5376,1.2657564e-07,0.002349185,8.200385e-08,5.4778775e-05
L-BFGS-B,5377,1.2639863e-07,0.0023499022,8.1935596e-08,5.4749155e-05
L-BFGS-B,5378,1.2618482e-07,0.002342095,8.269277e-08,5.4752585e-05
L-BFGS-B,5379,1.2628892e-07,0.0023460004,8.2260016e-08,5.4742344e-05
L-BFGS-B,5380,1.263144e-07,0.002353147,8.164226e-08,5.472497e-05
L-BFGS-B,5381,1.2635637e-07,0.0023555367,8.137904e-08,5.4715678e-05
L-BFGS-B,5382,1.2634938e-07,0.002354531,8.142068e-08,5.471082e-05
L-BFGS-B,5383,1.2637503e-07,0.0023516628,8.155297e-08,5.470583e-05
L-BFGS-B,5384,1.2636808e-07,0.0023508791,8.159314e-08,5.4702974e-05
L-BFGS-B,5385,1.2632718e-07,0.0023505169,8.1620854e-08,5.4697375e-05
L-BFGS-B,5386,1.2647459e-07,0.002351485,8.153752e-08,5.4716664e-05
L-BFGS-B,5387,1.2635587e-07,0.0023504503,8.157382e-08,5.4693955e-05
L-BFGS-B,5388,1.2634565e-07,0.0023483837,8.165905e-08,5.468454e-05
L-BFGS-B,5389,1.2633281e-07,0.0023504472,8.143929e-08,5.4670283e-05
L-BFGS-B,5390,1.2635233e-07,0.0023544023,8.0962934e-08,5.464131e-05
L-BFGS-B,5391,1.265338e-07,0.002356074,8.059317e-08,5.4629785e-05
L-BFGS-B,5392,1.2672142e-07,0.0023583043,8.017676e-08,5.461777e-05
L-BFGS-B,5393,1.2691267e-07,0.0023595602,7.9847396e-08,5.460961e-05
L-BFGS-B,5394,1.2692766e-07,0.0023590385,7.984706e-08,5.4606593e-05
L-BFGS-B,5395,1.2693133e-07,0.0023588329,7.9847005e-08,5.460508e-05
L-BFGS-B,5396,1.2690838e-07,0.0023583095,7.988357e-08,5.4601885e-05
L-BFGS-B,5397,1.2688272e-07,0.0023568522,7.994763e-08,5.4593074e-05
L-BFGS-B,5398,1.2692215e-07,0.0023523597,8.0232006e-08,5.459672e-05
L-BFGS-B,5399,1.2688963e-07,0.0023547402,8.005765e-08,5.4589495e-05
L-BFGS-B,5400,1.2691049e-07,0.0023538847,8.005072e-08,5.4583026e-05
L-BFGS-B,5401,1.268942e-07,0.0023582429,7.981131e-08,5.4588254e-05
L-BFGS-B,5402,1.2689328e-07,0.0023553525,7.992947e-08,5.457694e-05
L-BFGS-B,5403,1.2692031e-07,0.0023541404,7.992792e-08,5.4568638e-05
L-BFGS-B,5404,1.2721183e-07,0.0023626713,7.954849e-08,5.464076e-05
L-BFGS-B,5405,1.2693958e-07,0.0023546938,7.98606e-08,5.4566965e-05
L-BFGS-B,5406,1.268604e-07,0.0023548643,7.9863675e-08,5.4557255e-05
L-BFGS-B,5407,1.2675665e-07,0.0023551458,7.989386e-08,5.4549033e-05
L-BFGS-B,5408,1.2667299e-07,0.002356146,7.985784e-08,5.4541088e-05
L-BFGS-B,5409,1.266236e-07,0.002351554,8.024756e-08,5.4546214e-05
L-BFGS-B,5410,1.2664376e-07,0.002353974,7.9996106e-08,5.4535718e-05
L-BFGS-B,5411,1.2658435e-07,0.0023546277,7.994147e-08,5.4525153e-05
L-BFGS-B,5412,1.2649555e-07,0.0023559718,7.985621e-08,5.4512482e-05
L-BFGS-B,5413,1.2646193e-07,0.0023540691,7.9959264e-08,5.4503867e-05
L-BFGS-B,5414,1.2646527e-07,0.0023541432,7.990685e-08,5.449725e-05
L-BFGS-B,5415,1.2642569e-07,0.002353156,7.997932e-08,5.449231e-05
L-BFGS-B,5416,1.2640966e-07,0.002351754,8.0018836e-08,5.4481818e-05
L-BFGS-B,5417,1.2640439e-07,0.0023508787,8.00057e-08,5.44703e-05
L-BFGS-B,5418,1.2644816e-07,0.002351662,7.987304e-08,5.44648e-05
L-BFGS-B,5419,1.2644504e-07,0.0023523434,7.9804074e-08,5.4460797e-05
L-BFGS-B,5420,1.2651934e-07,0.0023536806,7.960189e-08,5.4454988e-05
L-BFGS-B,5421,1.2659216e-07,0.0023542366,7.94427e-08,5.444759e-05
L-BFGS-B,5422,1.2688952e-07,0.0023557493,7.895662e-08,5.4434415e-05
L-BFGS-B,5423,1.2688146e-07,0.0023582792,7.868579e-08,5.441788e-05
L-BFGS-B,5424,1.2684244e-07,0.0023578901,7.861365e-08,5.4397315e-05
L-BFGS-B,5425,1.2670723e-07,0.0023582538,7.8548176e-08,5.4370852e-05
L-BFGS-B,5426,1.2664462e-07,0.0023593607,7.844945e-08,5.4357715e-05
L-BFGS-B,5427,1.2653358e-07,0.0023601232,7.841171e-08,5.4343025e-05
L-BFGS-B,5428,1.2644846e-07,0.00235629,7.8610014e-08,5.4321667e-05
L-BFGS-B,5429,1.2622394e-07,0.0023518943,7.8969194e-08,5.4297914e-05
L-BFGS-B,5430,1.2589933e-07,0.0023441822,7.961407e-08,5.4268832e-05
L-BFGS-B,5431,1.2836671e-07,0.002396121,7.87632e-08,5.5030694e-05
L-BFGS-B,5432,1.260178e-07,0.002346075,7.932866e-08,5.4262717e-05
L-BFGS-B,5433,1.2581191e-07,0.0023651344,7.91012e-08,5.438831e-05
L-BFGS-B,5434,1.2595767e-07,0.0023483806,7.919691e-08,5.425699e-05
L-BFGS-B,5435,1.2697865e-07,0.0023326925,8.066787e-08,5.44739e-05
L-BFGS-B,5436,1.2609617e-07,0.0023400064,7.934709e-08,5.421655e-05
L-BFGS-B,5437,1.2609922e-07,0.0023401761,7.905766e-08,5.4175292e-05
L-BFGS-B,5438,1.2613941e-07,0.0023454903,7.831625e-08,5.412325e-05
L-BFGS-B,5439,1.2569527e-07,0.002341333,7.881493e-08,5.4089855e-05
L-BFGS-B,5440,1.2569603e-07,0.00233828,7.882854e-08,5.4061486e-05
L-BFGS-B,5441,1.2560241e-07,0.0023386395,7.872567e-08,5.4035605e-05
L-BFGS-B,5442,1.2551476e-07,0.0023342336,7.89861e-08,5.4017466e-05
L-BFGS-B,5443,1.253713e-07,0.0023366367,7.884886e-08,5.3999393e-05
L-BFGS-B,5444,1.2527381e-07,0.0023336234,7.905422e-08,5.398544e-05
L-BFGS-B,5445,1.2516996e-07,0.0023321917,7.9142424e-08,5.3968775e-05
L-BFGS-B,5446,1.251253e-07,0.0023314834,7.9134736e-08,5.3953838e-05
L-BFGS-B,5447,1.2509413e-07,0.0023294843,7.920086e-08,5.3939093e-05
L-BFGS-B,5448,1.2501341e-07,0.0023257083,7.943319e-08,5.3924072e-05
L-BFGS-B,5449,1.2506067e-07,0.0023244654,7.9409276e-08,5.3915144e-05
L-BFGS-B,5450,1.2494748e-07,0.0023217287,7.965397e-08,5.3907504e-05
L-BFGS-B,5451,1.2495123e-07,0.0023221618,7.957761e-08,5.3900945e-05
L-BFGS-B,5452,1.2495201e-07,0.0023436225,8.0314656e-08,5.4226224e-05
L-BFGS-B,5453,1.2490504e-07,0.0023229115,7.955016e-08,5.3897395e-05
L-BFGS-B,5454,1.2493126e-07,0.002322328,7.94349e-08,5.3878204e-05
L-BFGS-B,5455,1.2496217e-07,0.0023226796,7.9265675e-08,5.3860975e-05
L-BFGS-B,5456,1.2502004e-07,0.0023205215,7.9177006e-08,5.3834774e-05
L-BFGS-B,5457,1.2489511e-07,0.002321832,7.927148e-08,5.3843312e-05
L-BFGS-B,5458,1.2492869e-07,0.0023201727,7.918845e-08,5.3819298e-05
L-BFGS-B,5459,1.2487851e-07,0.0023176044,7.9231334e-08,5.3792523e-05
L-BFGS-B,5460,1.2458881e-07,0.002308002,8.031015e-08,5.3814863e-05
L-BFGS-B,5461,1.2472694e-07,0.0023127252,7.959951e-08,5.3776217e-05
L-BFGS-B,5462,1.2446807e-07,0.0023060297,8.009609e-08,5.374492e-05
L-BFGS-B,5463,1.244167e-07,0.0023067554,8.000355e-08,5.3730593e-05
L-BFGS-B,5464,1.2440661e-07,0.0023037624,8.0094054e-08,5.3712723e-05
L-BFGS-B,5465,1.2436155e-07,0.0023003854,8.0271256e-08,5.3698775e-05
L-BFGS-B,5466,1.2431236e-07,0.0022963933,8.047789e-08,5.368247e-05
L-BFGS-B,5467,1.2451741e-07,0.0022887986,8.078086e-08,5.3682725e-05
L-BFGS-B,5468,1.2438136e-07,0.0022917367,8.061066e-08,5.366617e-05
L-BFGS-B,5469,1.2423543e-07,0.0022907245,8.0694015e-08,5.364666e-05
L-BFGS-B,5470,1.2414606e-07,0.002290416,8.066729e-08,5.3626158e-05
L-BFGS-B,5471,1.2414071e-07,0.002289412,8.061238e-08,5.3607087e-05
L-BFGS-B,5472,1.9894932e-07,0.0054764524,1.6188673e-07,0.00010888993
L-BFGS-B,5473,1.2417594e-07,0.0022872144,8.072015e-08,5.3606556e-05
L-BFGS-B,5474,1.2378277e-07,0.0022880826,8.089706e-08,5.35828e-05
L-BFGS-B,5475,1.2385058e-07,0.002285511,8.073424e-08,5.3542833e-05
L-BFGS-B,5476,1.2400032e-07,0.0022857157,8.026021e-08,5.349624e-05
L-BFGS-B,5477,1.2428734e-07,0.0022960806,7.8975226e-08,5.345019e-05
L-BFGS-B,5478,1.2366108e-07,0.0022778988,8.115721e-08,5.3501735e-05
L-BFGS-B,5479,1.2404425e-07,0.00228865,7.959419e-08,5.343226e-05
L-BFGS-B,5480,1.2409082e-07,0.002291088,7.92061e-08,5.3405416e-05
L-BFGS-B,5481,1.2411013e-07,0.002294865,7.896247e-08,5.3409538e-05
L-BFGS-B,5482,1.2407878e-07,0.0022919897,7.906417e-08,5.339134e-05
L-BFGS-B,5483,1.240944e-07,0.0022924768,7.893278e-08,5.3378848e-05
L-BFGS-B,5484,1.2412947e-07,0.0022942,7.873003e-08,5.3370924e-05
L-BFGS-B,5485,1.2424154e-07,0.0022962196,7.8424165e-08,5.3362048e-05
L-BFGS-B,5486,1.2422352e-07,0.0022966191,7.837411e-08,5.3355834e-05
L-BFGS-B,5487,1.2419783e-07,0.0022995614,7.812537e-08,5.334409e-05
L-BFGS-B,5488,1.2414029e-07,0.0022978252,7.8217695e-08,5.3331947e-05
L-BFGS-B,5489,1.240235e-07,0.0022980915,7.823103e-08,5.3319094e-05
L-BFGS-B,5490,1.2384376e-07,0.0022973132,7.834505e-08,5.3301457e-05
L-BFGS-B,5491,1.23821e-07,0.002296639,7.833008e-08,5.328905e-05
L-BFGS-B,5492,1.239154e-07,0.0022974191,7.806237e-08,5.3270855e-05
L-BFGS-B,5493,1.2401624e-07,0.0022967868,7.7882625e-08,5.3252697e-05
L-BFGS-B,5494,1.242914e-07,0.0022976007,7.743307e-08,5.3234675e-05
L-BFGS-B,5495,1.2439351e-07,0.0023425876,7.931451e-08,5.398208e-05
L-BFGS-B,5496,1.242098e-07,0.0022985784,7.740496e-08,5.3228e-05
L-BFGS-B,5497,1.2425211e-07,0.002296849,7.7358955e-08,5.3210148e-05
L-BFGS-B,5498,1.2424015e-07,0.0022934722,7.73461e-08,5.3172655e-05
L-BFGS-B,5499,1.2391384e-07,0.0022870386,7.794734e-08,5.314956e-05
L-BFGS-B,5500,1.2352766e-07,0.0022811715,7.853051e-08,5.3120442e-05
L-BFGS-B,5501,1.2337698e-07,0.0022809783,7.856743e-08,5.3101445e-05
L-BFGS-B,5502,1.2301652e-07,0.0022758716,7.915194e-08,5.3083982e-05
L-BFGS-B,5503,1.230697e-07,0.002277163,7.893485e-08,5.3072312e-05
L-BFGS-B,5504,1.2309364e-07,0.0022754834,7.8907604e-08,5.3055024e-05
L-BFGS-B,5505,1.2309133e-07,0.0022726415,7.8992976e-08,5.303906e-05
L-BFGS-B,5506,1.2372253e-07,0.002307036,7.9059234e-08,5.3487624e-05
L-BFGS-B,5507,1.230591e-07,0.0022738618,7.888378e-08,5.303005e-05
L-BFGS-B,5508,1.2305033e-07,0.0022688962,7.9107636e-08,5.3012656e-05
L-BFGS-B,5509,1.2324631e-07,0.00226807,7.892198e-08,5.300594e-05
L-BFGS-B,5510,1.2314159e-07,0.002266983,7.9003065e-08,5.2991527e-05
L-BFGS-B,5511,1.2308259e-07,0.002266126,7.9068975e-08,5.2983993e-05
L-BFGS-B,5512,1.230848e-07,0.0022664901,7.8972775e-08,5.2973537e-05
L-BFGS-B,5513,1.2306644e-07,0.0022641004,7.914498e-08,5.2972715e-05
L-BFGS-B,5514,1.2307028e-07,0.0022650934,7.90493e-08,5.296887e-05
L-BFGS-B,5515,1.2312556e-07,0.002265416,7.890539e-08,5.29588e-05
L-BFGS-B,5516,1.2324878e-07,0.0022675926,7.857003e-08,5.2948748e-05
L-BFGS-B,5517,1.2323076e-07,0.0022676114,7.8515825e-08,5.29381e-05
L-BFGS-B,5518,1.236383e-07,0.0022822279,7.74248e-08,5.2981744e-05
L-BFGS-B,5519,1.2331807e-07,0.0022709612,7.815778e-08,5.2930987e-05
L-BFGS-B,5520,1.2331233e-07,0.0022739242,7.788495e-08,5.2918833e-05
L-BFGS-B,5521,1.2323117e-07,0.0022781258,7.7536335e-08,5.2896386e-05
L-BFGS-B,5522,1.2325253e-07,0.0022821517,7.7123566e-08,5.287793e-05
L-BFGS-B,5523,1.2344253e-07,0.002285686,7.651826e-08,5.285098e-05
L-BFGS-B,5524,1.2605388e-07,0.0024301503,7.742853e-08,5.4823864e-05
L-BFGS-B,5525,1.2342274e-07,0.0022871492,7.641942e-08,5.2847812e-05
L-BFGS-B,5526,1.2344347e-07,0.0022862596,7.633194e-08,5.282891e-05
L-BFGS-B,5527,1.2357397e-07,0.0022857324,7.610781e-08,5.2809588e-05
L-BFGS-B,5528,1.2355314e-07,0.002283354,7.610826e-08,5.278275e-05
L-BFGS-B,5529,1.2355875e-07,0.0022810712,7.5929265e-08,5.2733914e-05
L-BFGS-B,5530,1.2346199e-07,0.0022808237,7.587622e-08,5.2708965e-05
L-BFGS-B,5531,1.235688e-07,0.0022813145,7.5350535e-08,5.265105e-05
L-BFGS-B,5532,1.2336065e-07,0.00227564,7.574656e-08,5.2622476e-05
L-BFGS-B,5533,1.2327789e-07,0.002275915,7.5616164e-08,5.2593256e-05
L-BFGS-B,5534,1.2338404e-07,0.002277911,7.526557e-08,5.257655e-05
L-BFGS-B,5535,1.234741e-07,0.002276007,7.5143426e-08,5.25527e-05
L-BFGS-B,5536,1.2297947e-07,0.0022695633,7.582029e-08,5.2515596e-05
L-BFGS-B,5537,1.2287774e-07,0.0022635954,7.6020406e-08,5.2470677e-05
L-BFGS-B,5538,1.2275191e-07,0.0022539117,7.650293e-08,5.2427346e-05
L-BFGS-B,5539,1.2278242e-07,0.002252692,7.687597e-08,5.2475676e-05
L-BFGS-B,5540,1.2268325e-07,0.0022506607,7.659409e-08,5.239821e-05
L-BFGS-B,5541,1.2266095e-07,0.0022543604,7.6276635e-08,5.238424e-05
L-BFGS-B,5542,1.2243027e-07,0.002254868,7.638815e-08,5.237144e-05
L-BFGS-B,5543,1.2239492e-07,0.0022549282,7.630866e-08,5.235482e-05
L-BFGS-B,5544,1.2211835e-07,0.002253779,7.663968e-08,5.2351494e-05
L-BFGS-B,5545,1.2199045e-07,0.0022494404,7.6912904e-08,5.2329906e-05
L-BFGS-B,5546,1.2209955e-07,0.0022492667,7.677273e-08,5.232351e-05
L-BFGS-B,5547,1.2208258e-07,0.002248909,7.670853e-08,5.2307754e-05
L-BFGS-B,5548,1.2202307e-07,0.0022461915,7.670868e-08,5.2271676e-05
L-BFGS-B,5549,1.2230674e-07,0.0022472427,7.648601e-08,5.229134e-05
L-BFGS-B,5550,1.2210253e-07,0.0022456434,7.657098e-08,5.2257463e-05
L-BFGS-B,5551,1.2159934e-07,0.0022299618,7.8478855e-08,5.231135e-05
L-BFGS-B,5552,1.2182399e-07,0.0022373314,7.717639e-08,5.2223368e-05
L-BFGS-B,5553,1.2173848e-07,0.002232967,7.733614e-08,5.2190866e-05
L-BFGS-B,5554,1.2163642e-07,0.0022233988,7.7766146e-08,5.214437e-05
L-BFGS-B,5555,1.2174537e-07,0.002222585,7.7630396e-08,5.2132214e-05
L-BFGS-B,5556,1.2162039e-07,0.0022184537,7.793535e-08,5.2117895e-05
L-BFGS-B,5557,1.2147976e-07,0.0022140995,7.82836e-08,5.21055e-05
L-BFGS-B,5558,1.2141538e-07,0.0022124276,7.8418395e-08,5.2099345e-05
L-BFGS-B,5559,1.2138804e-07,0.0022119118,7.8443186e-08,5.20938e-05
L-BFGS-B,5560,1.2131507e-07,0.002210831,7.850081e-08,5.2080693e-05
L-BFGS-B,5561,1.2117026e-07,0.0022072208,7.87257e-08,5.20566e-05
L-BFGS-B,5562,1.2101499e-07,0.0022060683,7.881661e-08,5.2035422e-05
L-BFGS-B,5563,1.206613e-07,0.0021927294,8.044313e-08,5.209296e-05
L-BFGS-B,5564,1.2087433e-07,0.0022006903,7.923202e-08,5.2022857e-05
L-BFGS-B,5565,1.2074968e-07,0.0021992514,7.9274386e-08,5.1996118e-05
L-BFGS-B,5566,1.2055781e-07,0.002193693,7.9685385e-08,5.1973413e-05
L-BFGS-B,5567,1.2052494e-07,0.0021947653,7.954613e-08,5.195831e-05
L-BFGS-B,5568,1.2044859e-07,0.0021918758,7.964959e-08,5.1933486e-05
L-BFGS-B,5569,1.2037417e-07,0.002183708,8.005793e-08,5.1901894e-05
L-BFGS-B,5570,1.2035947e-07,0.0021841088,7.98509e-08,5.187264e-05
L-BFGS-B,5571,1.2023303e-07,0.0021840287,7.976581e-08,5.1840114e-05
L-BFGS-B,5572,1.2023814e-07,0.002179999,7.993473e-08,5.182592e-05
L-BFGS-B,5573,1.2047623e-07,0.0021836443,7.94111e-08,5.1819545e-05
L-BFGS-B,5574,1.2039789e-07,0.0021807337,7.950302e-08,5.179247e-05
L-BFGS-B,5575,1.2042894e-07,0.0021826816,7.932207e-08,5.178947e-05
L-BFGS-B,5576,1.204726e-07,0.0021811947,7.928917e-08,5.1776213e-05
L-BFGS-B,5577,1.2049811e-07,0.002180706,7.9244984e-08,5.1768526e-05
L-BFGS-B,5578,1.2058655e-07,0.0021809873,7.907036e-08,5.1758405e-05
L-BFGS-B,5579,1.2066872e-07,0.002181377,7.887634e-08,5.1745526e-05
L-BFGS-B,5580,1.2066421e-07,0.0021830364,7.860181e-08,5.1720268e-05
L-BFGS-B,5581,1.2087291e-07,0.0021841538,7.805986e-08,5.1681454e-05
L-BFGS-B,5582,1.208318e-07,0.0021918844,7.721061e-08,5.1625204e-05
L-BFGS-B,5583,1.2064784e-07,0.0021833593,7.7578065e-08,5.1567476e-05
L-BFGS-B,5584,1.2054187e-07,0.0021644998,7.813056e-08,5.1445862e-05
L-BFGS-B,5585,1.200355e-07,0.002142512,7.9491656e-08,5.1354193e-05
L-BFGS-B,5586,1.2066181e-07,0.0021371453,7.8946144e-08,5.1312643e-05
L-BFGS-B,5587,1.2112267e-07,0.00214589,7.8642564e-08,5.142368e-05
L-BFGS-B,5588,1.2071803e-07,0.0021359914,7.883571e-08,5.1292973e-05
L-BFGS-B,5589,1.2052455e-07,0.0021368577,7.8777994e-08,5.126396e-05
L-BFGS-B,5590,1.2051159e-07,0.002138521,7.850317e-08,5.1237424e-05
L-BFGS-B,5591,1.2081422e-07,0.0021423267,7.7754095e-08,5.120851e-05
L-BFGS-B,5592,1.2145213e-07,0.0021581447,7.6941426e-08,5.134048e-05
L-BFGS-B,5593,1.2088942e-07,0.0021438655,7.753753e-08,5.12027e-05
L-BFGS-B,5594,1.2083191e-07,0.0021438252,7.766115e-08,5.121221e-05
L-BFGS-B,5595,1.2083933e-07,0.0021431872,7.753002e-08,5.1187275e-05
L-BFGS-B,5596,1.209435e-07,0.0021398577,7.7451396e-08,5.115781e-05
L-BFGS-B,5597,1.2103683e-07,0.002135515,7.7436496e-08,5.1126146e-05
L-BFGS-B,5598,1.2099214e-07,0.002133546,7.748139e-08,5.1106486e-05
L-BFGS-B,5599,1.2101916e-07,0.00213971,7.722176e-08,5.113324e-05
L-BFGS-B,5600,1.2098094e-07,0.0021349601,7.735504e-08,5.11e-05
L-BFGS-B,5601,1.2220437e-07,0.0021419162,7.8100925e-08,5.1464955e-05
L-BFGS-B,5602,1.2102495e-07,0.002131337,7.736618e-08,5.1072042e-05
L-BFGS-B,5603,1.2093757e-07,0.0021310234,7.729395e-08,5.104496e-05
L-BFGS-B,5604,1.2096008e-07,0.0021299643,7.7127616e-08,5.1012797e-05
L-BFGS-B,5605,1.2113097e-07,0.0021302288,7.6585756e-08,5.0959796e-05
L-BFGS-B,5606,1.2164513e-07,0.0021361029,7.531059e-08,5.0904382e-05
L-BFGS-B,5607,1.2200421e-07,0.0021399083,7.439323e-08,5.0858696e-05
L-BFGS-B,5608,1.2232378e-07,0.0021434843,7.3595174e-08,5.0822684e-05
L-BFGS-B,5609,1.22484e-07,0.0021438815,7.31781e-08,5.0788127e-05
L-BFGS-B,5610,1.2388712e-07,0.0021784892,7.5891094e-08,5.1751624e-05
L-BFGS-B,5611,1.22472e-07,0.00214276,7.322272e-08,5.0781804e-05
L-BFGS-B,5612,1.220077e-07,0.0021335047,7.4863706e-08,5.0865758e-05
L-BFGS-B,5613,1.2222499e-07,0.0021364947,7.365275e-08,5.0746607e-05
L-BFGS-B,5614,1.234764e-07,0.0022187894,7.4859e-08,5.1938205e-05
L-BFGS-B,5615,1.2218263e-07,0.0021405036,7.333949e-08,5.0733353e-05
L-BFGS-B,5616,1.2172457e-07,0.0021423318,7.344178e-08,5.069827e-05
L-BFGS-B,5617,1.2164452e-07,0.002139265,7.3351075e-08,5.064199e-05
L-BFGS-B,5618,1.2214694e-07,0.00215262,7.2828264e-08,5.0772484e-05
L-BFGS-B,5619,1.2166079e-07,0.0021398792,7.300723e-08,5.0598992e-05
L-BFGS-B,5620,1.2152829e-07,0.0021388188,7.300744e-08,5.0568546e-05
L-BFGS-B,5621,1.2143019e-07,0.0021392487,7.293311e-08,5.0546983e-05
L-BFGS-B,5622,1.2137362e-07,0.0021321375,7.334483e-08,5.0529143e-05
L-BFGS-B,5623,1.2164912e-07,0.002137707,7.2363314e-08,5.0478935e-05
L-BFGS-B,5624,1.2179704e-07,0.0021397758,7.198519e-08,5.0465092e-05
L-BFGS-B,5625,1.2176679e-07,0.0021391127,7.190737e-08,5.044225e-05
L-BFGS-B,5626,1.2165054e-07,0.0021368205,7.208823e-08,5.042902e-05
L-BFGS-B,5627,1.2144231e-07,0.0021325056,7.246804e-08,5.041161e-05
L-BFGS-B,5628,1.2139544e-07,0.002129829,7.2969314e-08,5.0453003e-05
L-BFGS-B,5629,1.2141557e-07,0.0021313457,7.255215e-08,5.0408613e-05
L-BFGS-B,5630,1.2129019e-07,0.0021285503,7.2816896e-08,5.040157e-05
L-BFGS-B,5631,1.2119634e-07,0.0021265207,7.2988456e-08,5.0392926e-05
L-BFGS-B,5632,1.211779e-07,0.0021258427,7.299519e-08,5.0384395e-05
L-BFGS-B,5633,1.2121298e-07,0.0021257484,7.2887815e-08,5.0372604e-05
L-BFGS-B,5634,1.215689e-07,0.0021400687,7.189002e-08,5.0419527e-05
L-BFGS-B,5635,1.212804e-07,0.0021282935,7.261889e-08,5.0367827e-05
L-BFGS-B,5636,1.2134925e-07,0.0021287291,7.243294e-08,5.0354618e-05
L-BFGS-B,5637,1.2134292e-07,0.0021281077,7.2361416e-08,5.0336726e-05
L-BFGS-B,5638,1.2129307e-07,0.0021272309,7.2339226e-08,5.0317154e-05
L-BFGS-B,5639,1.2119058e-07,0.002124792,7.244533e-08,5.0293307e-05
L-BFGS-B,5640,1.2097466e-07,0.0021232713,7.2689e-08,5.0282262e-05
L-BFGS-B,5641,1.2091024e-07,0.0021211663,7.278071e-08,5.0265302e-05
L-BFGS-B,5642,1.208149e-07,0.0021193966,7.292051e-08,5.0254275e-05
L-BFGS-B,5643,1.208051e-07,0.0021188215,7.290337e-08,5.0244485e-05
L-BFGS-B,5644,1.2085928e-07,0.0021198723,7.273261e-08,5.0237504e-05
L-BFGS-B,5645,1.2099373e-07,0.0021213172,7.247646e-08,5.0233702e-05
L-BFGS-B,5646,1.2108057e-07,0.0021224816,7.2292075e-08,5.0230712e-05
L-BFGS-B,5647,1.2108903e-07,0.0021228527,7.224044e-08,5.0227947e-05
L-BFGS-B,5648,1.2109959e-07,0.0021231656,7.2174196e-08,5.0222723e-05
L-BFGS-B,5649,1.2100496e-07,0.002123035,7.225144e-08,5.021881e-05
L-BFGS-B,5650,1.2086859e-07,0.002118958,7.263151e-08,5.0214592e-05
L-BFGS-B,5651,1.2072067e-07,0.002119173,7.269084e-08,5.020346e-05
L-BFGS-B,5652,1.2063147e-07,0.0021186213,7.2719196e-08,5.018881e-05
L-BFGS-B,5653,1.2070232e-07,0.0021189966,7.255536e-08,5.017862e-05
L-BFGS-B,5654,1.2058315e-07,0.00211584,7.273237e-08,5.015573e-05
L-BFGS-B,5655,1.2046073e-07,0.002112398,7.297021e-08,5.013862e-05
L-BFGS-B,5656,1.2049145e-07,0.002112302,7.283732e-08,5.0122333e-05
L-BFGS-B,5657,1.2050225e-07,0.0021122883,7.271921e-08,5.01061e-05
L-BFGS-B,5658,1.2051328e-07,0.0021140676,7.2537105e-08,5.009823e-05
L-BFGS-B,5659,1.2051025e-07,0.0021165514,7.231924e-08,5.0089937e-05
L-BFGS-B,5660,1.2046856e-07,0.002116336,7.234516e-08,5.008542e-05
L-BFGS-B,5661,1.2043209e-07,0.00211526,7.2428456e-08,5.008168e-05
L-BFGS-B,5662,1.204063e-07,0.0021139067,7.252413e-08,5.007863e-05
L-BFGS-B,5663,1.2037161e-07,0.0021119493,7.264576e-08,5.0072096e-05
L-BFGS-B,5664,1.200985e-07,0.0021065075,7.3236336e-08,5.0065304e-05
L-BFGS-B,5665,1.19989e-07,0.0021023569,7.3589064e-08,5.0060276e-05
L-BFGS-B,5666,1.200487e-07,0.002103595,7.337629e-08,5.0049697e-05
L-BFGS-B,5667,1.1999975e-07,0.0021030277,7.340494e-08,5.004098e-05
L-BFGS-B,5668,1.1989785e-07,0.0021006053,7.363079e-08,5.003535e-05
L-BFGS-B,5669,1.198117e-07,0.0020980297,7.3860754e-08,5.0031165e-05
L-BFGS-B,5670,1.1976024e-07,0.0020958793,7.4033956e-08,5.0027924e-05
L-BFGS-B,5671,1.1970499e-07,0.002093518,7.4203676e-08,5.0021477e-05
L-BFGS-B,5672,1.1963738e-07,0.0020914108,7.4342466e-08,5.0011084e-05
L-BFGS-B,5673,1.1963824e-07,0.002091556,7.426838e-08,5.0001552e-05
L-BFGS-B,5674,1.1961632e-07,0.0020933654,7.408577e-08,4.998897e-05
L-BFGS-B,5675,1.1966215e-07,0.0020952479,7.3833874e-08,4.9976883e-05
L-BFGS-B,5676,1.1959715e-07,0.00209537,7.377909e-08,4.9960137e-05
L-BFGS-B,5677,1.195457e-07,0.0020935137,7.38076e-08,4.9938135e-05
L-BFGS-B,5678,1.2071634e-07,0.0021304563,7.5138985e-08,5.0682862e-05
L-BFGS-B,5679,1.1956857e-07,0.0020941666,7.3724e-08,4.993555e-05
L-BFGS-B,5680,1.1971608e-07,0.0020845432,7.5469174e-08,5.0123217e-05
L-BFGS-B,5681,1.1950962e-07,0.002089457,7.401302e-08,4.9922965e-05
L-BFGS-B,5682,1.1944194e-07,0.0020820312,7.439761e-08,4.9896244e-05
L-BFGS-B,5683,1.1949118e-07,0.0020801895,7.4390236e-08,4.9884107e-05
L-BFGS-B,5684,1.1952835e-07,0.0020793094,7.4357295e-08,4.9875944e-05
L-BFGS-B,5685,1.1954154e-07,0.0020798799,7.42644e-08,4.986969e-05
L-BFGS-B,5686,1.1959897e-07,0.0020814496,7.406326e-08,4.986383e-05
L-BFGS-B,5687,1.1968078e-07,0.0020836715,7.378906e-08,4.9857186e-05
L-BFGS-B,5688,1.1976381e-07,0.0020853183,7.355406e-08,4.9850863e-05
L-BFGS-B,5689,1.1983576e-07,0.002086754,7.329258e-08,4.983679e-05
L-BFGS-B,5690,1.1997061e-07,0.002097816,7.2426275e-08,4.983769e-05
L-BFGS-B,5691,1.1988851e-07,0.0020916706,7.28483e-08,4.9827227e-05
L-BFGS-B,5692,1.1987329e-07,0.0020913044,7.267565e-08,4.9795388e-05
L-BFGS-B,5693,1.2001507e-07,0.002089416,7.242096e-08,4.975956e-05
L-BFGS-B,5694,1.1991276e-07,0.0020831374,7.26206e-08,4.971138e-05
L-BFGS-B,5695,1.1969668e-07,0.002077372,7.302798e-08,4.9682414e-05
L-BFGS-B,5696,1.1950064e-07,0.0020696905,7.3654164e-08,4.9670125e-05
L-BFGS-B,5697,1.1939917e-07,0.0020671198,7.375454e-08,4.9644255e-05
L-BFGS-B,5698,1.1940502e-07,0.0020661324,7.3752474e-08,4.963495e-05
L-BFGS-B,5699,1.1937763e-07,0.00206496,7.3825284e-08,4.9630038e-05
L-BFGS-B,5700,1.193109e-07,0.0020635559,7.39756e-08,4.9628532e-05
L-BFGS-B,5701,1.1930244e-07,0.002063082,7.4004404e-08,4.9626848e-05
L-BFGS-B,5702,1.1931645e-07,0.002062955,7.396079e-08,4.9621136e-05
L-BFGS-B,5703,1.1936979e-07,0.0020632602,7.386899e-08,4.961842e-05
L-BFGS-B,5704,1.1935781e-07,0.0020645177,7.3762465e-08,4.9613216e-05
L-BFGS-B,5705,1.1941816e-07,0.0020696293,7.337446e-08,4.9615188e-05
L-BFGS-B,5706,1.1937792e-07,0.0020666134,7.3577674e-08,4.9609473e-05
L-BFGS-B,5707,1.193713e-07,0.0020678178,7.346632e-08,4.960382e-05
L-BFGS-B,5708,1.1936412e-07,0.0020694954,7.332749e-08,4.9598697e-05
L-BFGS-B,5709,1.1938309e-07,0.0020707406,7.31824e-08,4.959223e-05
L-BFGS-B,5710,1.1942983e-07,0.0020728926,7.29001e-08,4.957841e-05
L-BFGS-B,5711,1.1948352e-07,0.0020755979,7.261611e-08,4.9570925e-05
L-BFGS-B,5712,1.1949332e-07,0.0020772617,7.250328e-08,4.9572103e-05
L-BFGS-B,5713,1.1948472e-07,0.002076208,7.2556915e-08,4.9568323e-05
L-BFGS-B,5714,1.1949685e-07,0.0020771667,7.245703e-08,4.9564747e-05
L-BFGS-B,5715,1.1950755e-07,0.0020794983,7.2257e-08,4.955966e-05
L-BFGS-B,5716,1.19541e-07,0.0020796524,7.217852e-08,4.9554452e-05
L-BFGS-B,5717,1.19618e-07,0.0020794233,7.2050064e-08,4.954444e-05
L-BFGS-B,5718,1.1957515e-07,0.0020781343,7.211234e-08,4.9534465e-05
L-BFGS-B,5719,1.1974858e-07,0.002079868,7.17661e-08,4.952588e-05
L-BFGS-B,5720,1.1971434e-07,0.002078114,7.185576e-08,4.9516653e-05
L-BFGS-B,5721,1.1968966e-07,0.0020774223,7.1860185e-08,4.95067e-05
L-BFGS-B,5722,1.1966114e-07,0.0020764198,7.188933e-08,4.9496768e-05
L-BFGS-B,5723,1.1958623e-07,0.0020746838,7.1922514e-08,4.947315e-05
L-BFGS-B,5724,1.1942578e-07,0.0020703597,7.2157576e-08,4.94411e-05
L-BFGS-B,5725,1.1924524e-07,0.0020649289,7.2502395e-08,4.9411436e-05
L-BFGS-B,5726,1.1914005e-07,0.002061865,7.260315e-08,4.9380127e-05
L-BFGS-B,5727,1.19111576e-07,0.0020583684,7.261246e-08,4.934229e-05
L-BFGS-B,5728,1.204809e-07,0.0020749564,7.245497e-08,4.9689945e-05
L-BFGS-B,5729,1.19204195e-07,0.0020584466,7.2485165e-08,4.933787e-05
L-BFGS-B,5730,1.1934854e-07,0.0020557966,7.2326436e-08,4.9309212e-05
L-BFGS-B,5731,1.1944641e-07,0.00205606,7.207522e-08,4.9288847e-05
L-BFGS-B,5732,1.1954442e-07,0.0020587856,7.172104e-08,4.9277674e-05
L-BFGS-B,5733,1.1962616e-07,0.002059775,7.153979e-08,4.927264e-05
L-BFGS-B,5734,1.1969793e-07,0.0020616131,7.1325346e-08,4.926962e-05
L-BFGS-B,5735,1.1983067e-07,0.0020645815,7.0963246e-08,4.92649e-05
L-BFGS-B,5736,1.1989694e-07,0.002066456,7.0752364e-08,4.9261955e-05
L-BFGS-B,5737,1.1992283e-07,0.0020672204,7.0642095e-08,4.925694e-05
L-BFGS-B,5738,1.1996379e-07,0.0020720914,7.024498e-08,4.9252227e-05
L-BFGS-B,5739,1.2345015e-07,0.0021262667,7.302124e-08,5.073338e-05
L-BFGS-B,5740,1.2002378e-07,0.002071442,7.02136e-08,4.925003e-05
L-BFGS-B,5741,1.2023568e-07,0.0020723136,7.036795e-08,4.931368e-05
L-BFGS-B,5742,1.2004125e-07,0.0020712642,7.019728e-08,4.9248418e-05
L-BFGS-B,5743,1.19848e-07,0.0020680898,7.053965e-08,4.9239046e-05
L-BFGS-B,5744,1.1981415e-07,0.0020672968,7.0587376e-08,4.9233196e-05
L-BFGS-B,5745,1.1979981e-07,0.0020680067,7.0500434e-08,4.9225106e-05
L-BFGS-B,5746,1.1982621e-07,0.0020696751,7.0317824e-08,4.9218354e-05
L-BFGS-B,5747,1.1987017e-07,0.0020726179,7.0007374e-08,4.920781e-05
L-BFGS-B,5748,1.1990167e-07,0.0020746482,6.97736e-08,4.9197773e-05
L-BFGS-B,5749,1.1991507e-07,0.0020759134,6.9583336e-08,4.9183895e-05
L-BFGS-B,5750,1.1992806e-07,0.0020759287,6.9474616e-08,4.9169692e-05
L-BFGS-B,5751,1.1990235e-07,0.0020736274,6.955917e-08,4.9155504e-05
L-BFGS-B,5752,1.1994047e-07,0.0020720286,6.956248e-08,4.9145725e-05
L-BFGS-B,5753,1.1996678e-07,0.002071271,6.9524816e-08,4.9136448e-05
L-BFGS-B,5754,1.1998502e-07,0.0020696835,6.949939e-08,4.9119495e-05
L-BFGS-B,5755,1.1994625e-07,0.002068,6.9588005e-08,4.911014e-05
L-BFGS-B,5756,1.1992454e-07,0.0020629333,6.975778e-08,4.908168e-05
L-BFGS-B,5757,1.1974704e-07,0.0020592131,7.000365e-08,4.905473e-05
L-BFGS-B,5758,1.1971402e-07,0.002058308,6.9949174e-08,4.9032555e-05
L-BFGS-B,5759,1.1973076e-07,0.0020598243,6.9533456e-08,4.8987877e-05
L-BFGS-B,5760,1.1977838e-07,0.002060474,6.929491e-08,4.8965732e-05
L-BFGS-B,5761,1.1988192e-07,0.0020617875,6.909465e-08,4.896436e-05
L-BFGS-B,5762,1.1981436e-07,0.0020605293,6.918062e-08,4.8954542e-05
L-BFGS-B,5763,1.1978344e-07,0.0020602972,6.911823e-08,4.893822e-05
L-BFGS-B,5764,1.1970715e-07,0.0020571768,6.9359366e-08,4.8931746e-05
L-BFGS-B,5765,1.1962665e-07,0.0020542115,6.958818e-08,4.892434e-05
L-BFGS-B,5766,1.1965322e-07,0.0020534357,6.9571236e-08,4.8918024e-05
L-BFGS-B,5767,1.1962939e-07,0.0020510536,6.965821e-08,4.8903676e-05
L-BFGS-B,5768,1.1965346e-07,0.0020500086,6.96064e-08,4.8889062e-05
L-BFGS-B,5769,1.204838e-07,0.002074344,7.3175734e-08,4.9792372e-05
L-BFGS-B,5770,1.1961623e-07,0.002049091,6.966557e-08,4.8883183e-05
L-BFGS-B,5771,1.1931527e-07,0.0020545134,6.966954e-08,4.8892856e-05
L-BFGS-B,5772,1.1944796e-07,0.0020504622,6.95996e-08,4.8861755e-05
L-BFGS-B,5773,1.1957081e-07,0.0020515418,6.9180075e-08,4.882805e-05
L-BFGS-B,5774,1.1981973e-07,0.0020571712,6.833389e-08,4.8794755e-05
L-BFGS-B,5775,1.1979436e-07,0.0020570203,6.8235636e-08,4.8774702e-05
L-BFGS-B,5776,1.198213e-07,0.0020581682,6.7866054e-08,4.8734786e-05
L-BFGS-B,5777,1.1973856e-07,0.0020550357,6.798404e-08,4.8708745e-05
L-BFGS-B,5778,1.1983985e-07,0.0020553393,6.765822e-08,4.86781e-05
L-BFGS-B,5779,1.1992582e-07,0.0020560778,6.739372e-08,4.865871e-05
L-BFGS-B,5780,1.199451e-07,0.002057058,6.724304e-08,4.86488e-05
L-BFGS-B,5781,1.2012049e-07,0.0020627219,6.663083e-08,4.8639915e-05
L-BFGS-B,5782,1.2024378e-07,0.0020701787,6.6322144e-08,4.8686677e-05
L-BFGS-B,5783,1.201232e-07,0.0020635994,6.655147e-08,4.8637194e-05
L-BFGS-B,5784,1.2064096e-07,0.002067367,6.629153e-08,4.8713548e-05
L-BFGS-B,5785,1.2018455e-07,0.0020635654,6.647432e-08,4.8634483e-05
L-BFGS-B,5786,1.2023055e-07,0.002064644,6.6319245e-08,4.8628906e-05
L-BFGS-B,5787,1.2029167e-07,0.0020654947,6.6154705e-08,4.8621903e-05
L-BFGS-B,5788,1.2032352e-07,0.0020658413,6.607282e-08,4.8617865e-05
L-BFGS-B,5789,1.2114818e-07,0.0020715282,6.6904626e-08,4.8923204e-05
L-BFGS-B,5790,1.203743e-07,0.002065461,6.602842e-08,4.8615013e-05
L-BFGS-B,5791,1.2048692e-07,0.0020663906,6.57724e-08,4.8602804e-05
L-BFGS-B,5792,1.2053262e-07,0.0020665957,6.568117e-08,4.8598027e-05
L-BFGS-B,5793,1.205481e-07,0.0020660565,6.5669354e-08,4.859318e-05
L-BFGS-B,5794,1.2053484e-07,0.0020657163,6.567524e-08,4.8588674e-05
L-BFGS-B,5795,1.2052702e-07,0.0020657815,6.563089e-08,4.85815e-05
L-BFGS-B,5796,1.205032e-07,0.0020661815,6.554989e-08,4.8569775e-05
L-BFGS-B,5797,1.2050886e-07,0.0020674067,6.538928e-08,4.8558788e-05
L-BFGS-B,5798,1.2047313e-07,0.0020689417,6.527617e-08,4.855181e-05
L-BFGS-B,5799,1.204847e-07,0.0020692577,6.5197206e-08,4.8544865e-05
L-BFGS-B,5800,1.2047418e-07,0.0020688868,6.521565e-08,4.854234e-05
L-BFGS-B,5801,1.2045227e-07,0.0020687096,6.523783e-08,4.8540613e-05
L-BFGS-B,5802,1.2062684e-07,0.0020712446,6.5145464e-08,4.857829e-05
L-BFGS-B,5803,1.2046804e-07,0.0020688085,6.520296e-08,4.8538735e-05
L-BFGS-B,5804,1.2040839e-07,0.0020685692,6.5247285e-08,4.8534042e-05
L-BFGS-B,5805,1.2034928e-07,0.0020700048,6.5115195e-08,4.851972e-05
L-BFGS-B,5806,1.2007412e-07,0.0020674914,6.59482e-08,4.8578266e-05
L-BFGS-B,5807,1.202552e-07,0.0020688556,6.523158e-08,4.8511574e-05
L-BFGS-B,5808,1.2022353e-07,0.0020684418,6.523144e-08,4.850266e-05
L-BFGS-B,5809,1.2026264e-07,0.002070022,6.4912264e-08,4.8476453e-05
L-BFGS-B,5810,1.2036044e-07,0.0020693652,6.475964e-08,4.8461665e-05
L-BFGS-B,5811,1.2040431e-07,0.0020682,6.472508e-08,4.8451406e-05
L-BFGS-B,5812,1.2041039e-07,0.002066964,6.475442e-08,4.8444363e-05
L-BFGS-B,5813,1.204552e-07,0.0020664558,6.470214e-08,4.843816e-05
L-BFGS-B,5814,1.203661e-07,0.002065042,6.488186e-08,4.8437614e-05
L-BFGS-B,5815,1.2019959e-07,0.0020653615,6.506909e-08,4.8443915e-05
L-BFGS-B,5816,1.2028502e-07,0.0020647817,6.492799e-08,4.842977e-05
L-BFGS-B,5817,1.2030843e-07,0.002065233,6.4810784e-08,4.842021e-05
L-BFGS-B,5818,1.2050738e-07,0.0020713657,6.415488e-08,4.8412996e-05
L-BFGS-B,5819,1.2038495e-07,0.0020695848,6.4258394e-08,4.839235e-05
L-BFGS-B,5820,1.2032393e-07,0.002069866,6.415572e-08,4.837061e-05
L-BFGS-B,5821,1.211085e-07,0.002084742,6.4016916e-08,4.861623e-05
L-BFGS-B,5822,1.2035524e-07,0.002070071,6.4093555e-08,4.8368027e-05
L-BFGS-B,5823,1.2037458e-07,0.0020719774,6.382155e-08,4.8349193e-05
L-BFGS-B,5824,1.204639e-07,0.0020753792,6.340912e-08,4.8334743e-05
L-BFGS-B,5825,1.2055197e-07,0.0020767427,6.315361e-08,4.8323265e-05
L-BFGS-B,5826,1.2065252e-07,0.0020781148,6.283396e-08,4.830412e-05
L-BFGS-B,5827,1.2053881e-07,0.0020752347,6.298731e-08,4.8281265e-05
L-BFGS-B,5828,1.2081131e-07,0.002081249,6.276394e-08,4.834878e-05
L-BFGS-B,5829,1.2059206e-07,0.0020758417,6.279098e-08,4.8265872e-05
L-BFGS-B,5830,1.2045e-07,0.0020733306,6.291469e-08,4.8238006e-05
L-BFGS-B,5831,1.2004394e-07,0.0020697224,6.326145e-08,4.8193033e-05
L-BFGS-B,5832,1.2004236e-07,0.002070621,6.3071305e-08,4.8173257e-05
L-BFGS-B,5833,1.2011394e-07,0.002073046,6.266045e-08,4.814662e-05
L-BFGS-B,5834,1.2017136e-07,0.0020767464,6.218688e-08,4.81212e-05
L-BFGS-B,5835,1.202511e-07,0.0020760698,6.20493e-08,4.8105754e-05
L-BFGS-B,5836,1.2022193e-07,0.0020739264,6.218092e-08,4.809969e-05
L-BFGS-B,5837,1.2016956e-07,0.0020706605,6.239335e-08,4.8091042e-05
L-BFGS-B,5838,1.2015884e-07,0.0020708744,6.2362e-08,4.808687e-05
L-BFGS-B,5839,1.2004489e-07,0.0020704286,6.242846e-08,4.807529e-05
L-BFGS-B,5840,1.1999605e-07,0.0020701697,6.242225e-08,4.806444e-05
L-BFGS-B,5841,1.1991428e-07,0.0020693743,6.244359e-08,4.804742e-05
L-BFGS-B,5842,1.1984204e-07,0.002067695,6.253157e-08,4.803299e-05
L-BFGS-B,5843,1.1963957e-07,0.0020625272,6.305953e-08,4.8030135e-05
L-BFGS-B,5844,1.197934e-07,0.002065732,6.253799e-08,4.8007027e-05
L-BFGS-B,5845,1.1970238e-07,0.002063843,6.270122e-08,4.799897e-05
L-BFGS-B,5846,1.1959713e-07,0.0020616283,6.290136e-08,4.7991056e-05
L-BFGS-B,5847,1.1935084e-07,0.0020572997,6.3336486e-08,4.7976097e-05
L-BFGS-B,5848,1.1922009e-07,0.0020545784,6.359327e-08,4.796779e-05
L-BFGS-B,5849,1.1913475e-07,0.002052443,6.375484e-08,4.7957867e-05
L-BFGS-B,5850,1.1913398e-07,0.0020517495,6.3752765e-08,4.7950507e-05
L-BFGS-B,5851,1.1919535e-07,0.0020515537,6.36399e-08,4.794082e-05
L-BFGS-B,5852,1.1929097e-07,0.002051959,6.34533e-08,4.793123e-05
L-BFGS-B,5853,1.1941886e-07,0.0020534548,6.313018e-08,4.7916903e-05
L-BFGS-B,5854,1.195081e-07,0.0020541886,6.288923e-08,4.7901485e-05
L-BFGS-B,5855,1.1953873e-07,0.00205413,6.280175e-08,4.789237e-05
L-BFGS-B,5856,1.1952974e-07,0.002054511,6.275506e-08,4.7887832e-05
L-BFGS-B,5857,1.1950075e-07,0.002053569,6.277898e-08,4.787765e-05
L-BFGS-B,5858,1.1952316e-07,0.002052845,6.276426e-08,4.787156e-05
L-BFGS-B,5859,1.1958959e-07,0.002052962,6.259617e-08,4.7857488e-05
L-BFGS-B,5860,1.1968591e-07,0.0020525174,6.23853e-08,4.7835852e-05
L-BFGS-B,5861,1.1971191e-07,0.0020499208,6.2320915e-08,4.7804133e-05
L-BFGS-B,5862,1.2068948e-07,0.0020694593,6.1412976e-08,4.8009962e-05
L-BFGS-B,5863,1.198507e-07,0.0020512636,6.198791e-08,4.7788428e-05
L-BFGS-B,5864,1.1977083e-07,0.0020494217,6.204191e-08,4.7766127e-05
L-BFGS-B,5865,1.196263e-07,0.0020470626,6.2234065e-08,4.7749687e-05
L-BFGS-B,5866,1.1952216e-07,0.002045176,6.239012e-08,4.7738602e-05
L-BFGS-B,5867,1.1936696e-07,0.0020422118,6.266096e-08,4.7726306e-05
L-BFGS-B,5868,1.19291e-07,0.0020401005,6.28216e-08,4.771789e-05
L-BFGS-B,5869,1.1924553e-07,0.0020387005,6.289513e-08,4.77081e-05
L-BFGS-B,5870,1.1924426e-07,0.0020371368,6.2941794e-08,4.7699275e-05
L-BFGS-B,5871,1.1928164e-07,0.002037198,6.2848265e-08,4.7691465e-05
L-BFGS-B,5872,1.1930324e-07,0.0020369247,6.2789134e-08,4.7683105e-05
L-BFGS-B,5873,1.1929241e-07,0.0020361256,6.28005e-08,4.767519e-05
L-BFGS-B,5874,1.19115356e-07,0.0020335917,6.306718e-08,4.76633e-05
L-BFGS-B,5875,1.1912542e-07,0.0020347754,6.291674e-08,4.7654077e-05
L-BFGS-B,5876,1.1915911e-07,0.002036739,6.2690205e-08,4.7644786e-05
L-BFGS-B,5877,1.1913965e-07,0.0020363952,6.265897e-08,4.7633745e-05
L-BFGS-B,5878,1.1916791e-07,0.002036525,6.2498046e-08,4.7615144e-05
L-BFGS-B,5879,1.1915456e-07,0.0020329866,6.328079e-08,4.7695168e-05
L-BFGS-B,5880,1.1914367e-07,0.0020350053,6.2592676e-08,4.7610505e-05
L-BFGS-B,5881,1.192446e-07,0.002034722,6.23778e-08,4.759058e-05
L-BFGS-B,5882,1.1935329e-07,0.0020324464,6.2293715e-08,4.7571517e-05
L-BFGS-B,5883,1.1947947e-07,0.0020314306,6.211881e-08,4.7554047e-05
L-BFGS-B,5884,1.1961926e-07,0.0020319396,6.184923e-08,4.7539666e-05
L-BFGS-B,5885,1.1967124e-07,0.0020336336,6.1594335e-08,4.752617e-05
L-BFGS-B,5886,1.1967508e-07,0.0020341254,6.148561e-08,4.7515354e-05
L-BFGS-B,5887,1.2000557e-07,0.0020428,6.0713184e-08,4.7535814e-05
L-BFGS-B,5888,1.1975413e-07,0.00203629,6.123175e-08,4.751078e-05
L-BFGS-B,5889,1.2099048e-07,0.0020847372,6.108938e-08,4.8159352e-05
L-BFGS-B,5890,1.1979589e-07,0.0020384958,6.102038e-08,4.7507398e-05
L-BFGS-B,5891,1.1967471e-07,0.002037536,6.1094276e-08,4.7490706e-05
L-BFGS-B,5892,1.1949166e-07,0.0020366975,6.120235e-08,4.7471076e-05
L-BFGS-B,5893,1.1944984e-07,0.002036454,6.118171e-08,4.745927e-05
L-BFGS-B,5894,1.1946268e-07,0.0020362209,6.106904e-08,4.7441965e-05
L-BFGS-B,5895,1.1953958e-07,0.002036186,6.087981e-08,4.7424768e-05
L-BFGS-B,5896,1.1964887e-07,0.0020340038,6.0775065e-08,4.7403628e-05
L-BFGS-B,5897,1.1969819e-07,0.0020308995,6.079887e-08,4.7383553e-05
L-BFGS-B,5898,1.1967019e-07,0.0020270997,6.098208e-08,4.7368834e-05
L-BFGS-B,5899,1.1956487e-07,0.0020242003,6.121514e-08,4.7359004e-05
L-BFGS-B,5900,1.19499e-07,0.0020228,6.132199e-08,4.735115e-05
L-BFGS-B,5901,1.1938687e-07,0.0020215719,6.142363e-08,4.7337293e-05
L-BFGS-B,5902,1.1931073e-07,0.0020202186,6.1499826e-08,4.7323767e-05
L-BFGS-B,5903,1.19284e-07,0.0020209085,6.1394125e-08,4.7310805e-05
L-BFGS-B,5904,1.1933199e-07,0.0020224287,6.118195e-08,4.7301375e-05
L-BFGS-B,5905,1.1937286e-07,0.0020229893,6.10634e-08,4.729533e-05
L-BFGS-B,5906,1.1933916e-07,0.0020215674,6.116547e-08,4.7291367e-05
L-BFGS-B,5907,1.1919239e-07,0.0020178033,6.1516594e-08,4.728438e-05
L-BFGS-B,5908,1.1910215e-07,0.0020155068,6.173743e-08,4.7281006e-05
L-BFGS-B,5909,1.18893574e-07,0.0020112223,6.258291e-08,4.7333695e-05
L-BFGS-B,5910,1.19055606e-07,0.0020144773,6.184026e-08,4.727915e-05
L-BFGS-B,5911,1.19012896e-07,0.0020116991,6.205105e-08,4.7276582e-05
L-BFGS-B,5912,1.18980445e-07,0.0020125834,6.199077e-08,4.727152e-05
L-BFGS-B,5913,1.1895677e-07,0.0020148007,6.1857726e-08,4.727018e-05
L-BFGS-B,5914,1.18925e-07,0.0020166917,6.169719e-08,4.7260244e-05
L-BFGS-B,5915,1.189372e-07,0.0020157984,6.1677966e-08,4.7250258e-05
L-BFGS-B,5916,1.18929336e-07,0.002014897,6.160189e-08,4.7228656e-05
L-BFGS-B,5917,1.1873745e-07,0.002013716,6.174203e-08,4.720908e-05
L-BFGS-B,5918,1.1856202e-07,0.002013777,6.175751e-08,4.71857e-05
L-BFGS-B,5919,1.183778e-07,0.0020145322,6.173433e-08,4.7162142e-05
L-BFGS-B,5920,1.1819518e-07,0.002016314,6.180803e-08,4.716362e-05
L-BFGS-B,5921,1.1828112e-07,0.0020149888,6.175168e-08,4.715481e-05
L-BFGS-B,5922,1.1819601e-07,0.0020135737,6.18654e-08,4.714495e-05
L-BFGS-B,5923,1.1813817e-07,0.0020146205,6.179509e-08,4.7136193e-05
L-BFGS-B,5924,1.18124845e-07,0.0020131723,6.184368e-08,4.7127e-05
L-BFGS-B,5925,1.1811541e-07,0.0020124752,6.185137e-08,4.7119767e-05
L-BFGS-B,5926,1.1805414e-07,0.002011095,6.194656e-08,4.711105e-05
L-BFGS-B,5927,1.1805406e-07,0.002010027,6.1949336e-08,4.710078e-05
L-BFGS-B,5928,1.1807913e-07,0.002011032,6.179847e-08,4.709196e-05
L-BFGS-B,5929,1.1800823e-07,0.0020095014,6.1896145e-08,4.708067e-05
L-BFGS-B,5930,1.1792508e-07,0.002006806,6.208648e-08,4.7069792e-05
L-BFGS-B,5931,1.1790078e-07,0.0020238368,6.216543e-08,4.7248297e-05
L-BFGS-B,5932,1.17890316e-07,0.0020077464,6.20346e-08,4.70662e-05
L-BFGS-B,5933,1.17851386e-07,0.0020069862,6.2062604e-08,4.705696e-05
L-BFGS-B,5934,1.1781688e-07,0.002005993,6.210387e-08,4.704804e-05
L-BFGS-B,5935,1.1781057e-07,0.0020068206,6.20202e-08,4.704282e-05
L-BFGS-B,5936,1.1783075e-07,0.0020076772,6.191333e-08,4.7038386e-05
L-BFGS-B,5937,1.178641e-07,0.0020081867,6.181703e-08,4.703404e-05
L-BFGS-B,5938,1.1772145e-07,0.0020070309,6.211136e-08,4.704523e-05
L-BFGS-B,5939,1.1782211e-07,0.0020077361,6.18783e-08,4.7032427e-05
L-BFGS-B,5940,1.1782558e-07,0.0020073468,6.188438e-08,4.702996e-05
L-BFGS-B,5941,1.1782519e-07,0.002006966,6.1871596e-08,4.7024176e-05
L-BFGS-B,5942,1.1754742e-07,0.0020012355,6.2648915e-08,4.70418e-05
L-BFGS-B,5943,1.17743255e-07,0.0020052053,6.205399e-08,4.702164e-05
L-BFGS-B,5944,1.1770686e-07,0.002004063,6.210629e-08,4.7012603e-05
L-BFGS-B,5945,1.1765737e-07,0.0020031603,6.2168255e-08,4.7005447e-05
L-BFGS-B,5946,1.17581635e-07,0.0019991645,6.247297e-08,4.6999834e-05
L-BFGS-B,5947,1.1752464e-07,0.0019996485,6.242888e-08,4.6989513e-05
L-BFGS-B,5948,1.1751646e-07,0.001999597,6.2399856e-08,4.6983416e-05
L-BFGS-B,5949,1.1750092e-07,0.0019988997,6.2403245e-08,4.697462e-05
L-BFGS-B,5950,1.1748655e-07,0.0019979915,6.245295e-08,4.697084e-05
L-BFGS-B,5951,1.173762e-07,0.0019951235,6.2702156e-08,4.696299e-05
L-BFGS-B,5952,1.17390854e-07,0.0019958166,6.258732e-08,4.6954894e-05
L-BFGS-B,5953,1.1738297e-07,0.0019969041,6.245962e-08,4.694543e-05
L-BFGS-B,5954,1.1725981e-07,0.0019952706,6.261872e-08,4.6934485e-05
L-BFGS-B,5955,1.16949344e-07,0.0019898792,6.3182846e-08,4.6918616e-05
L-BFGS-B,5956,1.16682536e-07,0.0019851357,6.373276e-08,4.691365e-05
L-BFGS-B,5957,1.16715256e-07,0.0019849902,6.3641664e-08,4.690344e-05
L-BFGS-B,5958,1.1666135e-07,0.0019833453,6.376381e-08,4.6897225e-05
L-BFGS-B,5959,1.1661941e-07,0.0019820528,6.3853214e-08,4.6891422e-05
L-BFGS-B,5960,1.16499166e-07,0.0019792747,6.424568e-08,4.6904475e-05
L-BFGS-B,5961,1.1658599e-07,0.0019812994,6.3929875e-08,4.6890375e-05
L-BFGS-B,5962,1.16503564e-07,0.001979023,6.4309965e-08,4.691226e-05
L-BFGS-B,5963,1.1656174e-07,0.001980638,6.3990164e-08,4.6889163e-05
L-BFGS-B,5964,1.1655053e-07,0.0019807701,6.393718e-08,4.6880858e-05
L-BFGS-B,5965,1.1652775e-07,0.0019800062,6.397081e-08,4.6874844e-05
L-BFGS-B,5966,1.1652951e-07,0.0019803261,6.389816e-08,4.6867415e-05
L-BFGS-B,5967,1.16479775e-07,0.0019787063,6.4028995e-08,4.686338e-05
L-BFGS-B,5968,1.1635234e-07,0.0019823243,6.4084404e-08,4.6888752e-05
L-BFGS-B,5969,1.1642174e-07,0.0019793613,6.399974e-08,4.6856836e-05
L-BFGS-B,5970,1.1622642e-07,0.0019741533,6.4409875e-08,4.6836976e-05
L-BFGS-B,5971,1.1620192e-07,0.0019739028,6.435161e-08,4.682206e-05
L-BFGS-B,5972,1.1604462e-07,0.0019735915,6.4427056e-08,4.6806665e-05
L-BFGS-B,5973,1.1608606e-07,0.001977407,6.407749e-08,4.67986e-05
L-BFGS-B,5974,1.1601734e-07,0.0019770795,6.4115866e-08,4.6790778e-05
L-BFGS-B,5975,1.15886756e-07,0.0019766542,6.422394e-08,4.6783145e-05
L-BFGS-B,5976,1.1586276e-07,0.0019766,6.423193e-08,4.6780206e-05
L-BFGS-B,5977,1.158469e-07,0.00197637,6.4228885e-08,4.677507e-05
L-BFGS-B,5978,1.1585187e-07,0.001975555,6.422357e-08,4.6766865e-05
L-BFGS-B,5979,1.1584037e-07,0.001974505,6.422768e-08,4.675526e-05
L-BFGS-B,5980,1.1578519e-07,0.0019716732,6.4314875e-08,4.673174e-05
L-BFGS-B,5981,1.1572205e-07,0.001967848,6.4403615e-08,4.6697332e-05
L-BFGS-B,5982,1.5210412e-07,0.003648544,9.083074e-08,7.2925664e-05
L-BFGS-B,5983,1.1540754e-07,0.0019614075,6.5439636e-08,4.6741152e-05
L-BFGS-B,5984,1.1563185e-07,0.001965877,6.45974e-08,4.6693156e-05
L-BFGS-B,5985,1.15574416e-07,0.0019644466,6.457741e-08,4.666724e-05
L-BFGS-B,5986,1.1558156e-07,0.0019645558,6.451824e-08,4.6660527e-05
L-BFGS-B,5987,1.1559835e-07,0.001966013,6.42907e-08,4.6643487e-05
L-BFGS-B,5988,1.1562378e-07,0.0019665677,6.4151685e-08,4.6631998e-05
L-BFGS-B,5989,1.1574711e-07,0.0019692476,6.376927e-08,4.6619934e-05
L-BFGS-B,5990,1.1576919e-07,0.001968894,6.372479e-08,4.6613037e-05
L-BFGS-B,5991,1.1581245e-07,0.0019696648,6.359856e-08,4.66083e-05
L-BFGS-B,5992,1.1579386e-07,0.0019696078,6.359974e-08,4.6605113e-05
L-BFGS-B,5993,1.1580528e-07,0.0019717193,6.3613896e-08,4.663007e-05
L-BFGS-B,5994,1.1578761e-07,0.0019697638,6.3589894e-08,4.6604262e-05
L-BFGS-B,5995,1.1574732e-07,0.0019702874,6.3569814e-08,4.6600442e-05
L-BFGS-B,5996,1.1575487e-07,0.00197114,6.348356e-08,4.6597164e-05
L-BFGS-B,5997,1.1580105e-07,0.0019728676,6.330624e-08,4.659477e-05
L-BFGS-B,5998,1.158438e-07,0.001973885,6.3186135e-08,4.659334e-05
L-BFGS-B,5999,1.15895645e-07,0.0019753638,6.301357e-08,4.6590023e-05
L-BFGS-B,6000,1.1595816e-07,0.00197727,6.2786704e-08,4.658443e-05
L-BFGS-B,6001,1.1599831e-07,0.0019806107,6.246246e-08,4.6575224e-05
L-BFGS-B,6002,1.1600093e-07,0.001981869,6.231223e-08,4.6565663e-05
L-BFGS-B,6003,1.15929225e-07,0.001981105,6.237337e-08,4.6556437e-05
L-BFGS-B,6004,1.1578157e-07,0.0019789797,6.258121e-08,4.6544214e-05
L-BFGS-B,6005,1.1982183e-07,0.0021075562,6.577866e-08,4.8915634e-05
L-BFGS-B,6006,1.15793924e-07,0.001979033,6.255905e-08,4.6543275e-05
L-BFGS-B,6007,1.159198e-07,0.0019802903,6.227684e-08,4.65324e-05
L-BFGS-B,6008,1.1599839e-07,0.0019813685,6.207469e-08,4.6524645e-05
L-BFGS-B,6009,1.1604282e-07,0.0019807175,6.202808e-08,4.651781e-05
L-BFGS-B,6010,1.16065095e-07,0.001980092,6.2013655e-08,4.651273e-05
L-BFGS-B,6011,1.16042486e-07,0.0019792828,6.207295e-08,4.651014e-05
L-BFGS-B,6012,1.1604213e-07,0.0019796963,6.203001e-08,4.6507783e-05
L-BFGS-B,6013,1.1598804e-07,0.001978983,6.2112086e-08,4.650485e-05
L-BFGS-B,6014,1.1588652e-07,0.0019772607,6.229391e-08,4.649967e-05
L-BFGS-B,6015,1.15892604e-07,0.0019781932,6.218307e-08,4.6493285e-05
L-BFGS-B,6016,1.15633384e-07,0.0020100062,6.7513376e-08,4.7572074e-05
L-BFGS-B,6017,1.1579299e-07,0.0019767657,6.2358225e-08,4.649034e-05
L-BFGS-B,6018,1.1585738e-07,0.0019780812,6.2148395e-08,4.6481677e-05
L-BFGS-B,6019,1.15964355e-07,0.0019797264,6.182744e-08,4.6466033e-05
L-BFGS-B,6020,1.1605427e-07,0.0019802758,6.161683e-08,4.6453424e-05
L-BFGS-B,6021,1.1643519e-07,0.0019863672,6.170437e-08,4.6584606e-05
L-BFGS-B,6022,1.1607164e-07,0.0019802845,6.1565764e-08,4.6448455e-05
L-BFGS-B,6023,1.1639473e-07,0.00197281,6.217134e-08,4.651301e-05
L-BFGS-B,6024,1.1612771e-07,0.0019768688,6.164868e-08,4.6435143e-05
L-BFGS-B,6025,1.1612496e-07,0.0019733247,6.180453e-08,4.6422672e-05
L-BFGS-B,6026,1.162217e-07,0.0019710134,6.176781e-08,4.6408557e-05
L-BFGS-B,6027,1.1632711e-07,0.0019697105,6.167373e-08,4.6397232e-05
L-BFGS-B,6028,1.1630341e-07,0.00196819,6.168571e-08,4.6380268e-05
L-BFGS-B,6029,1.1641422e-07,0.0019701165,6.1310054e-08,4.6359808e-05
L-BFGS-B,6030,1.16453585e-07,0.0019726036,6.1038314e-08,4.634982e-05
L-BFGS-B,6031,1.1652983e-07,0.0019744616,6.0788686e-08,4.6342393e-05
L-BFGS-B,6032,1.1663633e-07,0.0019770362,6.047108e-08,4.633647e-05
L-BFGS-B,6033,1.1667792e-07,0.0019775878,6.036569e-08,4.6332418e-05
L-BFGS-B,6034,1.1654982e-07,0.0020211274,6.4634555e-08,4.738893e-05
L-BFGS-B,6035,1.166243e-07,0.0019774577,6.041955e-08,4.633115e-05
L-BFGS-B,6036,1.16797835e-07,0.001978257,6.0114075e-08,4.6319354e-05
L-BFGS-B,6037,1.1670874e-07,0.0019753296,6.0349926e-08,4.6312092e-05
L-BFGS-B,6038,1.1667456e-07,0.0019739326,6.043749e-08,4.6306137e-05
L-BFGS-B,6039,1.1663445e-07,0.0019725214,6.054895e-08,4.630272e-05
L-BFGS-B,6040,1.1664394e-07,0.0019713538,6.0575736e-08,4.629649e-05
L-BFGS-B,6041,1.16280525e-07,0.0019648685,6.168021e-08,4.6342797e-05
L-BFGS-B,6042,1.1657383e-07,0.0019699356,6.072848e-08,4.6294703e-05
L-BFGS-B,6043,1.1661894e-07,0.0019701628,6.0630285e-08,4.6289013e-05
L-BFGS-B,6044,1.16596176e-07,0.0019710525,6.053727e-08,4.628054e-05
L-BFGS-B,6045,1.1671654e-07,0.0019762965,6.024806e-08,4.6307654e-05
L-BFGS-B,6046,1.1660981e-07,0.0019718832,6.0448656e-08,4.62776e-05
L-BFGS-B,6047,1.1661561e-07,0.0019723792,6.0375825e-08,4.6272504e-05
L-BFGS-B,6048,1.1651029e-07,0.0019712686,6.051943e-08,4.6267145e-05
L-BFGS-B,6049,1.1646841e-07,0.0019708367,6.0556374e-08,4.626209e-05
L-BFGS-B,6050,1.1637177e-07,0.0019697896,6.068533e-08,4.6256464e-05
L-BFGS-B,6051,1.16277306e-07,0.0019689095,6.0764016e-08,4.624529e-05
L-BFGS-B,6052,1.16257e-07,0.0019681156,6.0771924e-08,4.6235495e-05
L-BFGS-B,6053,1.1618074e-07,0.0019664878,6.0893676e-08,4.622604e-05
L-BFGS-B,6054,1.16088245e-07,0.0019652732,6.101991e-08,4.6218956e-05
L-BFGS-B,6055,1.16034336e-07,0.0019669072,6.093501e-08,4.621447e-05
L-BFGS-B,6056,1.1597036e-07,0.0019654732,6.107369e-08,4.621134e-05
L-BFGS-B,6057,1.1593679e-07,0.001964398,6.115697e-08,4.6208046e-05
L-BFGS-B,6058,1.1586768e-07,0.0019643083,6.119566e-08,4.6202582e-05
L-BFGS-B,6059,1.1575998e-07,0.001963649,6.1294735e-08,4.6194695e-05
L-BFGS-B,6060,1.1644556e-07,0.0020020257,6.175783e-08,4.675077e-05
L-BFGS-B,6061,1.1576988e-07,0.0019649249,6.117972e-08,4.619169e-05
L-BFGS-B,6062,1.15751675e-07,0.0019655253,6.111064e-08,4.6184603e-05
L-BFGS-B,6063,1.15728575e-07,0.0019658827,6.103508e-08,4.6173376e-05
L-BFGS-B,6064,1.1577501e-07,0.001966384,6.091147e-08,4.616681e-05
L-BFGS-B,6065,1.1571763e-07,0.0019638431,6.1090624e-08,4.6159672e-05
L-BFGS-B,6066,1.15757835e-07,0.0019635384,6.103693e-08,4.61546e-05
L-BFGS-B,6067,1.1579343e-07,0.0019634708,6.0958364e-08,4.6147477e-05
L-BFGS-B,6068,1.1584133e-07,0.0019619288,6.099975e-08,4.614545e-05
L-BFGS-B,6069,1.158437e-07,0.0019626562,6.094016e-08,4.6144138e-05
L-BFGS-B,6070,1.1583216e-07,0.0019619886,6.093329e-08,4.61347e-05
L-BFGS-B,6071,1.1582874e-07,0.0019635968,6.075924e-08,4.6124165e-05
L-BFGS-B,6072,1.1586742e-07,0.0019657223,6.049099e-08,4.611098e-05
L-BFGS-B,6073,1.15862946e-07,0.0019651735,6.04687e-08,4.610148e-05
L-BFGS-B,6074,1.1582604e-07,0.0019633644,6.055259e-08,4.6090438e-05
L-BFGS-B,6075,1.1570501e-07,0.0019597437,6.0809235e-08,4.6074572e-05
L-BFGS-B,6076,1.15669394e-07,0.0019578275,6.089422e-08,4.6062814e-05
L-BFGS-B,6077,1.1524443e-07,0.0019492098,6.210909e-08,4.6095127e-05
L-BFGS-B,6078,1.15539e-07,0.0019550913,6.117283e-08,4.605769e-05
L-BFGS-B,6079,1.1556403e-07,0.0019556135,6.104231e-08,4.6047084e-05
L-BFGS-B,6080,1.1559806e-07,0.0019561034,6.081227e-08,4.6022586e-05
L-BFGS-B,6081,1.15587454e-07,0.001958118,6.05955e-08,4.6008623e-05
L-BFGS-B,6082,1.1562961e-07,0.0019602699,6.0432704e-08,4.6012043e-05
L-BFGS-B,6083,1.15580185e-07,0.0019581094,6.048769e-08,4.5991277e-05
L-BFGS-B,6084,1.155739e-07,0.0019592883,6.038353e-08,4.5986497e-05
L-BFGS-B,6085,1.154692e-07,0.0019574119,6.053436e-08,4.597465e-05
L-BFGS-B,6086,1.15444934e-07,0.0019577492,6.0508725e-08,4.5970544e-05
L-BFGS-B,6087,1.1539773e-07,0.0019571434,6.0573164e-08,4.596707e-05
L-BFGS-B,6088,1.15704765e-07,0.001956902,6.057969e-08,4.601169e-05
L-BFGS-B,6089,1.1542163e-07,0.001956856,6.0562876e-08,4.596624e-05
L-BFGS-B,6090,1.15405406e-07,0.0019557655,6.062145e-08,4.5961682e-05
L-BFGS-B,6091,1.15403324e-07,0.0019556049,6.061772e-08,4.5959205e-05
L-BFGS-B,6092,1.1544227e-07,0.0019552272,6.0530915e-08,4.594825e-05
L-BFGS-B,6093,1.15454846e-07,0.0019557055,6.0462064e-08,4.594459e-05
L-BFGS-B,6094,1.15476034e-07,0.001955905,6.039464e-08,4.593965e-05
L-BFGS-B,6095,1.1546518e-07,0.0019557541,6.035339e-08,4.5930326e-05
L-BFGS-B,6096,1.15637306e-07,0.0019558915,6.0226036e-08,4.5938414e-05
L-BFGS-B,6097,1.1551564e-07,0.0019555516,6.029546e-08,4.5927183e-05
L-BFGS-B,6098,1.1548096e-07,0.0019550498,6.0304615e-08,4.5918332e-05
L-BFGS-B,6099,1.1549794e-07,0.0019560175,6.013813e-08,4.590558e-05
L-BFGS-B,6100,1.1509895e-07,0.0019495888,6.1176294e-08,4.5937173e-05
L-BFGS-B,6101,1.15360265e-07,0.001953514,6.0402066e-08,4.5899487e-05
L-BFGS-B,6102,1.154843e-07,0.001956465,5.9984e-08,4.5884895e-05
L-BFGS-B,6103,1.15480816e-07,0.0019562514,5.99412e-08,4.587582e-05
L-BFGS-B,6104,1.1545373e-07,0.0019548957,5.979483e-08,4.583624e-05
L-BFGS-B,6105,1.1541977e-07,0.0019489907,6.0212166e-08,4.58347e-05
L-BFGS-B,6106,1.1541265e-07,0.0019511852,5.998259e-08,4.5821136e-05
L-BFGS-B,6107,1.15361715e-07,0.0019492654,6.00152e-08,4.5799192e-05
L-BFGS-B,6108,1.1533692e-07,0.0019478108,5.994192e-08,4.576993e-05
L-BFGS-B,6109,1.15390286e-07,0.0019474528,5.974584e-08,4.574495e-05
L-BFGS-B,6110,1.1635159e-07,0.001971964,6.423809e-08,4.6808094e-05
L-BFGS-B,6111,1.15348506e-07,0.0019462747,5.980909e-08,4.5736386e-05
L-BFGS-B,6112,1.15453716e-07,0.001943851,5.959108e-08,4.569523e-05
L-BFGS-B,6113,1.1551388e-07,0.0019415293,5.94963e-08,4.566682e-05
L-BFGS-B,6114,1.1547506e-07,0.001939011,5.9600016e-08,4.565137e-05
L-BFGS-B,6115,1.1532051e-07,0.0019376227,5.978892e-08,4.5642642e-05
L-BFGS-B,6116,1.15241626e-07,0.0019363293,5.990104e-08,4.5634693e-05
L-BFGS-B,6117,1.1518864e-07,0.0019341992,6.001049e-08,4.5621862e-05
L-BFGS-B,6118,1.1525078e-07,0.0019361397,5.970317e-08,4.5604487e-05
L-BFGS-B,6119,1.1520248e-07,0.0019334649,5.9842584e-08,4.559141e-05
L-BFGS-B,6120,1.1527461e-07,0.0019346875,5.9569953e-08,4.5573557e-05
L-BFGS-B,6121,1.15370504e-07,0.0019360839,5.9204005e-08,4.5547018e-05
L-BFGS-B,6122,1.1628128e-07,0.0019616464,5.805784e-08,4.576733e-05
L-BFGS-B,6123,1.1545991e-07,0.0019383532,5.8915166e-08,4.5539797e-05
L-BFGS-B,6124,1.1557214e-07,0.0019391719,5.862366e-08,4.552109e-05
L-BFGS-B,6125,1.1562367e-07,0.001938609,5.8481405e-08,4.5501853e-05
L-BFGS-B,6126,1.15524294e-07,0.0019362944,5.861772e-08,4.5484245e-05
L-BFGS-B,6127,1.15445324e-07,0.0019350179,5.866262e-08,4.546637e-05
L-BFGS-B,6128,1.1542579e-07,0.0019353702,5.8580845e-08,4.5454697e-05
L-BFGS-B,6129,1.1548335e-07,0.0019346364,5.8441024e-08,4.5435023e-05
L-BFGS-B,6130,1.158944e-07,0.0019421218,5.781849e-08,4.547815e-05
L-BFGS-B,6131,1.15555544e-07,0.0019358072,5.8270693e-08,4.5432007e-05
L-BFGS-B,6132,1.1549428e-07,0.0019343767,5.8346668e-08,4.541991e-05
L-BFGS-B,6133,1.1545567e-07,0.0019328083,5.8452056e-08,4.5414243e-05
L-BFGS-B,6134,1.153778e-07,0.0019309722,5.8624522e-08,4.5410074e-05
L-BFGS-B,6135,1.153665e-07,0.0019295218,5.8705307e-08,4.540599e-05
L-BFGS-B,6136,1.15375215e-07,0.0019280883,5.876823e-08,4.5402398e-05
L-BFGS-B,6137,1.1541006e-07,0.0019267801,5.8797486e-08,4.5398934e-05
L-BFGS-B,6138,1.154428e-07,0.0019267494,5.8744423e-08,4.539558e-05
L-BFGS-B,6139,1.15455336e-07,0.0019268489,5.8698877e-08,4.5391622e-05
L-BFGS-B,6140,1.1543195e-07,0.0019279526,5.8621943e-08,4.5387613e-05
L-BFGS-B,6141,1.1522217e-07,0.0019331288,5.9651015e-08,4.5562265e-05
L-BFGS-B,6142,1.1540854e-07,0.0019278193,5.865257e-08,4.5387358e-05
L-BFGS-B,6143,1.1542028e-07,0.0019289623,5.854338e-08,4.538417e-05
L-BFGS-B,6144,1.1535385e-07,0.0019288008,5.859332e-08,4.538008e-05
L-BFGS-B,6145,1.1524447e-07,0.0019293015,5.8626362e-08,4.537364e-05
L-BFGS-B,6146,1.1519889e-07,0.001928982,5.8656486e-08,4.5368128e-05
L-BFGS-B,6147,1.15143564e-07,0.0019282127,5.869566e-08,4.535801e-05
L-BFGS-B,6148,1.1463939e-07,0.0019308818,6.049044e-08,4.557829e-05
L-BFGS-B,6149,1.1506961e-07,0.0019273402,5.8812944e-08,4.5355784e-05
L-BFGS-B,6150,1.1500483e-07,0.0019261132,5.89311e-08,4.5351517e-05
L-BFGS-B,6151,1.14969886e-07,0.0019249534,5.8999916e-08,4.5345005e-05
L-BFGS-B,6152,1.14924504e-07,0.0019247602,5.902343e-08,4.5339795e-05
L-BFGS-B,6153,1.14839786e-07,0.0019240916,5.910148e-08,4.5332104e-05
L-BFGS-B,6154,1.14848085e-07,0.0019245597,5.9026988e-08,4.532686e-05
L-BFGS-B,6155,1.1477797e-07,0.0019240243,5.9087856e-08,4.5320114e-05
L-BFGS-B,6156,1.1478549e-07,0.0019240193,5.9033983e-08,4.5313118e-05
L-BFGS-B,6157,1.1483928e-07,0.0019246775,5.8881103e-08,4.530483e-05
L-BFGS-B,6158,1.1481351e-07,0.0019255405,5.8770922e-08,4.529307e-05
L-BFGS-B,6159,1.148924e-07,0.0019271736,5.8507382e-08,4.5281704e-05
L-BFGS-B,6160,1.1495969e-07,0.0019312091,5.8041774e-08,4.526231e-05
L-BFGS-B,6161,1.14993426e-07,0.0019343626,5.77171e-08,4.5250203e-05
L-BFGS-B,6162,1.14959676e-07,0.0019365163,5.751156e-08,4.5235844e-05
L-BFGS-B,6163,1.148539e-07,0.0019334264,5.77363e-08,4.5222794e-05
L-BFGS-B,6164,1.14752005e-07,0.0019372143,5.7557475e-08,4.5218563e-05
L-BFGS-B,6165,1.1475238e-07,0.001933583,5.7704767e-08,4.52044e-05
L-BFGS-B,6166,1.14726184e-07,0.0019316315,5.7810087e-08,4.5196753e-05
L-BFGS-B,6167,1.1466228e-07,0.0019301173,5.7916257e-08,4.5187953e-05
L-BFGS-B,6168,1.1460098e-07,0.0019305052,5.7910853e-08,4.5181827e-05
L-BFGS-B,6169,1.14622694e-07,0.0019335571,5.7653292e-08,4.5176967e-05
L-BFGS-B,6170,1.14522976e-07,0.001933927,5.767826e-08,4.5169458e-05
L-BFGS-B,6171,1.1445825e-07,0.0019346839,5.766631e-08,4.516552e-05
L-BFGS-B,6172,1.1432888e-07,0.0019328785,5.791509e-08,4.516538e-05
L-BFGS-B,6173,1.1438814e-07,0.001933626,5.7784476e-08,4.516215e-05
L-BFGS-B,6174,1.1431387e-07,0.0019349295,5.77106e-08,4.5152963e-05
L-BFGS-B,6175,1.14371936e-07,0.0019282824,5.82927e-08,4.5182518e-05
L-BFGS-B,6176,1.14299716e-07,0.0019317657,5.786816e-08,4.514284e-05
L-BFGS-B,6177,1.1423167e-07,0.0019299702,5.792811e-08,4.512367e-05
L-BFGS-B,6178,1.14018576e-07,0.0019248829,5.831305e-08,4.509857e-05
L-BFGS-B,6179,1.1394292e-07,0.0019227071,5.8426416e-08,4.5082474e-05
L-BFGS-B,6180,1.1385134e-07,0.0019193853,5.8662767e-08,4.507097e-05
L-BFGS-B,6181,1.1383985e-07,0.0019202287,5.8599404e-08,4.5068176e-05
L-BFGS-B,6182,1.14118656e-07,0.0019288305,5.802008e-08,4.510912e-05
L-BFGS-B,6183,1.1388413e-07,0.00192163,5.8436843e-08,4.5064444e-05
L-BFGS-B,6184,1.1389325e-07,0.0019221819,5.834978e-08,4.5058274e-05
L-BFGS-B,6185,1.1393358e-07,0.0019251673,5.797378e-08,4.5037777e-05
L-BFGS-B,6186,1.1394693e-07,0.0019262615,5.778091e-08,4.502179e-05
L-BFGS-B,6187,1.13847875e-07,0.0019244079,5.7702685e-08,4.4976663e-05
L-BFGS-B,6188,1.15570714e-07,0.001977651,5.6295402e-08,4.5556426e-05
L-BFGS-B,6189,1.13917594e-07,0.0019273267,5.7388004e-08,4.4969107e-05
L-BFGS-B,6190,1.13820576e-07,0.0019232491,5.7521493e-08,4.4933804e-05
L-BFGS-B,6191,1.13779656e-07,0.0019212742,5.74687e-08,4.49e-05
L-BFGS-B,6192,1.1367384e-07,0.0019196421,5.751815e-08,4.4875218e-05
L-BFGS-B,6193,1.13575744e-07,0.0019183223,5.7543183e-08,4.4851062e-05
L-BFGS-B,6194,1.1351369e-07,0.0019163272,5.7586796e-08,4.4828346e-05
L-BFGS-B,6195,1.1356996e-07,0.0019150876,5.75468e-08,4.4818393e-05
L-BFGS-B,6196,1.1366512e-07,0.0019153921,5.7370666e-08,4.4809287e-05
L-BFGS-B,6197,1.1376596e-07,0.0019154047,5.7207366e-08,4.4800043e-05
L-BFGS-B,6198,1.1382658e-07,0.0019162085,5.699759e-08,4.4785713e-05
L-BFGS-B,6199,1.1375928e-07,0.0019161023,5.6994576e-08,4.4774097e-05
L-BFGS-B,6200,1.1375664e-07,0.0019167082,5.6909155e-08,4.476695e-05
L-BFGS-B,6201,1.13698746e-07,0.0019179499,5.7102692e-08,4.4799715e-05
L-BFGS-B,6202,1.13725534e-07,0.0019165268,5.693122e-08,4.476378e-05
L-BFGS-B,6203,1.137107e-07,0.0019154057,5.6979456e-08,4.475758e-05
L-BFGS-B,6204,1.1380922e-07,0.0019152322,5.685008e-08,4.4751218e-05
L-BFGS-B,6205,1.138327e-07,0.0019150823,5.6793624e-08,4.474477e-05
L-BFGS-B,6206,1.13792574e-07,0.0019131585,5.6923433e-08,4.4738987e-05
L-BFGS-B,6207,1.13859436e-07,0.0019123692,5.6875482e-08,4.4733926e-05
L-BFGS-B,6208,1.1438997e-07,0.001934966,5.7227847e-08,4.5092336e-05
L-BFGS-B,6209,1.13851286e-07,0.001912777,5.683186e-08,4.473024e-05
L-BFGS-B,6210,1.1383239e-07,0.001912838,5.6800594e-08,4.4723325e-05
L-BFGS-B,6211,1.1383626e-07,0.0019125796,5.6741758e-08,4.47125e-05
L-BFGS-B,6212,1.1389335e-07,0.001911232,5.6665446e-08,4.4696142e-05
L-BFGS-B,6213,1.1656925e-07,0.0019853278,6.11311e-08,4.650833e-05
L-BFGS-B,6214,1.13940075e-07,0.0019102425,5.6623172e-08,4.4686913e-05
L-BFGS-B,6215,1.1394796e-07,0.0019101673,5.6511826e-08,4.467064e-05
L-BFGS-B,6216,1.13928884e-07,0.0019098134,5.6419765e-08,4.465043e-05
L-BFGS-B,6217,1.1384375e-07,0.0019087262,5.6490425e-08,4.463739e-05
L-BFGS-B,6218,1.13691655e-07,0.0019070958,5.6639912e-08,4.4620694e-05
L-BFGS-B,6219,1.1346545e-07,0.0019098134,5.6805312e-08,4.4638746e-05
L-BFGS-B,6220,1.1360605e-07,0.0019076623,5.664804e-08,4.4614735e-05
L-BFGS-B,6221,1.13368486e-07,0.0019076566,5.677134e-08,4.459754e-05
L-BFGS-B,6222,1.1341982e-07,0.0019063634,5.671127e-08,4.4583296e-05
L-BFGS-B,6223,1.134195e-07,0.0019046724,5.675709e-08,4.4573215e-05
L-BFGS-B,6224,1.13400965e-07,0.0019041193,5.6777814e-08,4.456801e-05
L-BFGS-B,6225,1.13390826e-07,0.0019038876,5.6761174e-08,4.456168e-05
L-BFGS-B,6226,1.13444884e-07,0.0019056307,5.6553326e-08,4.455604e-05
L-BFGS-B,6227,1.134458e-07,0.0019049956,5.6514704e-08,4.454403e-05
L-BFGS-B,6228,1.13443086e-07,0.0019065607,5.6349084e-08,4.4534434e-05
L-BFGS-B,6229,1.1343522e-07,0.0019070524,5.625964e-08,4.4524753e-05
L-BFGS-B,6230,1.1338763e-07,0.0019075148,5.619912e-08,4.451316e-05
L-BFGS-B,6231,1.1335524e-07,0.0019054036,5.630046e-08,4.450239e-05
L-BFGS-B,6232,1.13346054e-07,0.0019020886,5.644704e-08,4.4489847e-05
L-BFGS-B,6233,1.133231e-07,0.0018983207,5.6641177e-08,4.4477845e-05
L-BFGS-B,6234,1.1344029e-07,0.0018959934,5.6632672e-08,4.447088e-05
L-BFGS-B,6235,1.13369545e-07,0.0018958232,5.6609288e-08,4.4455053e-05
L-BFGS-B,6236,1.1339093e-07,0.0018959393,5.651563e-08,4.444538e-05
L-BFGS-B,6237,1.1340167e-07,0.0018963222,5.643581e-08,4.4438842e-05
L-BFGS-B,6238,1.13478784e-07,0.001896191,5.6316992e-08,4.4431275e-05
L-BFGS-B,6239,1.1351588e-07,0.0018963708,5.620659e-08,4.442208e-05
L-BFGS-B,6240,1.1352332e-07,0.0018952158,5.6193244e-08,4.4409644e-05
L-BFGS-B,6241,1.13473945e-07,0.0018940605,5.6255075e-08,4.439996e-05
L-BFGS-B,6242,1.1326615e-07,0.0018826033,5.7588547e-08,4.4454235e-05
L-BFGS-B,6243,1.1337047e-07,0.0018897158,5.657938e-08,4.438963e-05
L-BFGS-B,6244,1.13238244e-07,0.0018866861,5.678165e-08,4.436984e-05
L-BFGS-B,6245,1.13091225e-07,0.0018795573,5.7320644e-08,4.4357355e-05
L-BFGS-B,6246,1.13092234e-07,0.0018877386,5.715287e-08,4.441415e-05
L-BFGS-B,6247,1.1306737e-07,0.0018809149,5.7209473e-08,4.4350676e-05
L-BFGS-B,6248,1.13069234e-07,0.0018809193,5.7157727e-08,4.4343236e-05
L-BFGS-B,6249,1.1312148e-07,0.0018919158,5.6606297e-08,4.4378325e-05
L-BFGS-B,6250,1.1306819e-07,0.00188263,5.70333e-08,4.4341523e-05
L-BFGS-B,6251,1.13265074e-07,0.0018874372,5.7898006e-08,4.4548833e-05
L-BFGS-B,6252,1.1304393e-07,0.0018819966,5.7036555e-08,4.433204e-05
L-BFGS-B,6253,1.130348e-07,0.0018805377,5.7100085e-08,4.432561e-05
L-BFGS-B,6254,1.1298968e-07,0.001877724,5.722376e-08,4.4309254e-05
L-BFGS-B,6255,1.1290749e-07,0.001873614,5.745858e-08,4.4291053e-05
L-BFGS-B,6256,1.1282439e-07,0.0018712841,5.7601913e-08,4.4276785e-05
L-BFGS-B,6257,1.1271149e-07,0.0018706322,5.765971e-08,4.4262004e-05
L-BFGS-B,6258,1.12678116e-07,0.0018698086,5.7679838e-08,4.425178e-05
L-BFGS-B,6259,1.12599096e-07,0.0018697811,5.7706078e-08,4.424359e-05
L-BFGS-B,6260,1.1255643e-07,0.0018691905,5.7754075e-08,4.423848e-05
L-BFGS-B,6261,1.1257756e-07,0.0018689058,5.772139e-08,4.42339e-05
L-BFGS-B,6262,1.12441526e-07,0.0018678711,5.7955983e-08,4.4238335e-05
L-BFGS-B,6263,1.12512275e-07,0.0018682805,5.779809e-08,4.422936e-05
L-BFGS-B,6264,1.1249813e-07,0.0018681266,5.7780294e-08,4.4223027e-05
L-BFGS-B,6265,1.1249881e-07,0.0018684256,5.7687938e-08,4.4212265e-05
L-BFGS-B,6266,1.1245451e-07,0.0018674596,5.7762822e-08,4.4207198e-05
L-BFGS-B,6267,1.1242432e-07,0.0018661427,5.792331e-08,4.421357e-05
L-BFGS-B,6268,1.1244129e-07,0.0018668666,5.7801216e-08,4.4205044e-05
L-BFGS-B,6269,1.124338e-07,0.0018653829,5.7871205e-08,4.419958e-05
L-BFGS-B,6270,1.1242939e-07,0.0018632702,5.795677e-08,4.4190627e-05
L-BFGS-B,6271,1.1241241e-07,0.0018621398,5.8008258e-08,4.4184497e-05
L-BFGS-B,6272,1.1232489e-07,0.001860462,5.8134464e-08,4.4173525e-05
L-BFGS-B,6273,1.12232e-07,0.0018597338,5.8217744e-08,4.41648e-05
L-BFGS-B,6274,1.1215954e-07,0.0018585762,5.833181e-08,4.4159464e-05
L-BFGS-B,6275,1.1210912e-07,0.0018587252,5.8346235e-08,4.4155553e-05
L-BFGS-B,6276,1.1209771e-07,0.0018583708,5.835787e-08,4.4152042e-05
L-BFGS-B,6277,1.1198392e-07,0.0018564232,5.8547116e-08,4.4143886e-05
L-BFGS-B,6278,1.1218551e-07,0.0018579924,5.8253228e-08,4.4145734e-05
L-BFGS-B,6279,1.1206534e-07,0.0018568705,5.8402264e-08,4.4138847e-05
L-BFGS-B,6280,1.11968454e-07,0.0018558237,5.8606837e-08,4.414453e-05
L-BFGS-B,6281,1.12020956e-07,0.0018562333,5.8465094e-08,4.413524e-05
L-BFGS-B,6282,1.12052284e-07,0.0018555938,5.842519e-08,4.412756e-05
L-BFGS-B,6283,1.1204921e-07,0.0018548851,5.8409725e-08,4.411769e-05
L-BFGS-B,6284,1.1396584e-07,0.0019307206,6.023522e-08,4.5437366e-05
L-BFGS-B,6285,1.12069976e-07,0.0018557574,5.828133e-08,4.4110267e-05
L-BFGS-B,6286,1.12009296e-07,0.0018539387,5.8365337e-08,4.409558e-05
L-BFGS-B,6287,1.1189158e-07,0.0018503041,5.8645018e-08,4.4083532e-05
L-BFGS-B,6288,1.11638194e-07,0.0018451881,5.911639e-08,4.406507e-05
L-BFGS-B,6289,1.1151025e-07,0.0018427615,5.9309038e-08,4.405051e-05
L-BFGS-B,6290,1.11360194e-07,0.0018410577,5.9446016e-08,4.4031505e-05
L-BFGS-B,6291,1.1131118e-07,0.0018410541,5.9391315e-08,4.4015913e-05
L-BFGS-B,6292,1.11346964e-07,0.0018420847,5.913743e-08,4.3993503e-05
L-BFGS-B,6293,1.1134005e-07,0.0018429692,5.9051615e-08,4.3988442e-05
L-BFGS-B,6294,1.11427376e-07,0.0018408205,5.901626e-08,4.3974753e-05
L-BFGS-B,6295,1.1138963e-07,0.0018405134,5.9015917e-08,4.3965967e-05
L-BFGS-B,6296,1.11364045e-07,0.0018397328,5.905996e-08,4.396093e-05
L-BFGS-B,6297,1.1130583e-07,0.0018380178,5.9187425e-08,4.3954165e-05
L-BFGS-B,6298,1.1125466e-07,0.0018363735,5.9311034e-08,4.394859e-05
L-BFGS-B,6299,1.1135488e-07,0.0018357127,5.9911535e-08,4.404709e-05
L-BFGS-B,6300,1.11241654e-07,0.0018355958,5.9355717e-08,4.394556e-05
L-BFGS-B,6301,1.11573726e-07,0.0018489084,6.126304e-08,4.44146e-05
L-BFGS-B,6302,1.111871e-07,0.0018339653,5.943326e-08,4.3932705e-05
L-BFGS-B,6303,1.11139585e-07,0.0018327249,5.946081e-08,4.391731e-05
L-BFGS-B,6304,1.1109528e-07,0.0018319193,5.9448908e-08,4.3900825e-05
L-BFGS-B,6305,1.1111374e-07,0.0018310754,5.9420177e-08,4.389084e-05
L-BFGS-B,6306,1.11175595e-07,0.0018328264,5.918426e-08,4.3882243e-05
L-BFGS-B,6307,1.1118411e-07,0.0018334143,5.9090333e-08,4.387531e-05
L-BFGS-B,6308,1.1121368e-07,0.0018350334,5.889918e-08,4.3867265e-05
L-BFGS-B,6309,1.11227884e-07,0.0018359063,5.87886e-08,4.3861535e-05
L-BFGS-B,6310,1.1125824e-07,0.00183569,5.866332e-08,4.384513e-05
L-BFGS-B,6311,1.1136142e-07,0.0018397899,5.8254365e-08,4.3840268e-05
L-BFGS-B,6312,1.1126208e-07,0.0018359958,5.8512892e-08,4.3826203e-05
L-BFGS-B,6313,1.1120804e-07,0.0018342629,5.8621755e-08,4.3817097e-05
L-BFGS-B,6314,1.1118729e-07,0.0018330839,5.8644957e-08,4.3805674e-05
L-BFGS-B,6315,1.1115287e-07,0.0018430299,6.0801426e-08,4.422344e-05
L-BFGS-B,6316,1.11150776e-07,0.0018326312,5.8703556e-08,4.380446e-05
L-BFGS-B,6317,1.111653e-07,0.0018320691,5.8682513e-08,4.3797863e-05
L-BFGS-B,6318,1.1112287e-07,0.0018300592,5.8808403e-08,4.3790285e-05
L-BFGS-B,6319,1.11127115e-07,0.0018266813,5.896803e-08,4.3781085e-05
L-BFGS-B,6320,1.11045416e-07,0.0018245205,5.914025e-08,4.3773052e-05
L-BFGS-B,6321,1.11021436e-07,0.0018234482,5.917729e-08,4.376429e-05
L-BFGS-B,6322,1.1097546e-07,0.0018233604,5.916978e-08,4.375539e-05
L-BFGS-B,6323,1.1095244e-07,0.0018229493,5.9200072e-08,4.3752367e-05
L-BFGS-B,6324,1.1080646e-07,0.0018212607,5.9374734e-08,4.3739783e-05
L-BFGS-B,6325,1.1081468e-07,0.0018212211,5.9335115e-08,4.373468e-05
L-BFGS-B,6326,1.10798034e-07,0.0018197937,5.9400346e-08,4.372769e-05
L-BFGS-B,6327,1.107705e-07,0.001817581,5.9532333e-08,4.3721237e-05
L-BFGS-B,6328,1.1079546e-07,0.0018163652,5.9553706e-08,4.3716027e-05
L-BFGS-B,6329,1.10831756e-07,0.0018154818,5.9541204e-08,4.371076e-05
L-BFGS-B,6330,1.10852405e-07,0.0018135628,5.9625606e-08,4.370733e-05
L-BFGS-B,6331,1.1080134e-07,0.0018126148,5.9702835e-08,4.3701773e-05
L-BFGS-B,6332,1.10718794e-07,0.00181036,5.986999e-08,4.3691914e-05
L-BFGS-B,6333,1.1065323e-07,0.0018056382,6.0387e-08,4.3712418e-05
L-BFGS-B,6334,1.10696405e-07,0.0018090913,5.996353e-08,4.3689906e-05
L-BFGS-B,6335,1.1067167e-07,0.0018086488,6.000489e-08,4.3687975e-05
L-BFGS-B,6336,1.1042299e-07,0.0018038652,6.0499566e-08,4.3677035e-05
L-BFGS-B,6337,1.1047839e-07,0.0018052052,6.03163e-08,4.3671258e-05
L-BFGS-B,6338,1.1079933e-07,0.001808704,5.9823265e-08,4.3680426e-05
L-BFGS-B,6339,1.1058084e-07,0.0018061011,6.012974e-08,4.36676e-05
L-BFGS-B,6340,1.10589276e-07,0.001806502,6.005302e-08,4.3661366e-05
L-BFGS-B,6341,1.10558716e-07,0.0018058751,6.0077504e-08,4.3654185e-05
L-BFGS-B,6342,1.1052094e-07,0.001804472,6.016662e-08,4.3647855e-05
L-BFGS-B,6343,1.1043984e-07,0.0018016396,6.0350814e-08,4.3634995e-05
L-BFGS-B,6344,1.10340046e-07,0.0017999776,6.041761e-08,4.361342e-05
L-BFGS-B,6345,1.1022173e-07,0.0017963371,6.059435e-08,4.358578e-05
L-BFGS-B,6346,1.1012831e-07,0.0017950429,6.062261e-08,4.3563065e-05
L-BFGS-B,6347,1.100617e-07,0.0017938911,6.066281e-08,4.354759e-05
L-BFGS-B,6348,1.1009781e-07,0.0017921295,6.06956e-08,4.3540305e-05
L-BFGS-B,6349,1.1009212e-07,0.0017945276,6.04775e-08,4.353072e-05
L-BFGS-B,6350,1.1152971e-07,0.001840702,6.034394e-08,4.418807e-05
L-BFGS-B,6351,1.1013135e-07,0.0017953892,6.036237e-08,4.352795e-05
L-BFGS-B,6352,1.1002104e-07,0.0017955049,6.0390434e-08,4.3516775e-05
L-BFGS-B,6353,1.09985315e-07,0.0017957484,6.0388324e-08,4.351353e-05
L-BFGS-B,6354,1.09964e-07,0.0017966304,6.027075e-08,4.3501517e-05
L-BFGS-B,6355,1.0991728e-07,0.0017970051,6.025353e-08,4.3495675e-05
L-BFGS-B,6356,1.0993209e-07,0.0017976448,6.015906e-08,4.3490123e-05
L-BFGS-B,6357,1.0994773e-07,0.001798122,6.0065176e-08,4.3483153e-05
L-BFGS-B,6358,1.09946534e-07,0.0017979325,6.004563e-08,4.3478147e-05
L-BFGS-B,6359,1.0995709e-07,0.0017980703,5.9986355e-08,4.3472217e-05
L-BFGS-B,6360,1.0991653e-07,0.0017992738,6.090425e-08,4.3615855e-05
L-BFGS-B,6361,1.099298e-07,0.001797448,6.0041685e-08,4.34702e-05
L-BFGS-B,6362,1.1003751e-07,0.0017990911,5.976514e-08,4.346131e-05
L-BFGS-B,6363,1.1001669e-07,0.0017994281,5.968813e-08,4.3450003e-05
L-BFGS-B,6364,1.0994336e-07,0.0017993326,5.965816e-08,4.3433556e-05
L-BFGS-B,6365,1.0986133e-07,0.0017987489,5.97249e-08,4.342542e-05
L-BFGS-B,6366,1.0980705e-07,0.0017980173,5.978714e-08,4.34193e-05
L-BFGS-B,6367,1.0970602e-07,0.001797276,5.991416e-08,4.341579e-05
L-BFGS-B,6368,1.0967384e-07,0.0017964456,5.995549e-08,4.3408858e-05
L-BFGS-B,6369,1.0969957e-07,0.0017969084,5.987719e-08,4.34056e-05
L-BFGS-B,6370,1.096496e-07,0.0017970874,5.98623e-08,4.339766e-05
L-BFGS-B,6371,1.0964895e-07,0.0017971183,5.982376e-08,4.3392087e-05
L-BFGS-B,6372,1.0964154e-07,0.0017974364,5.976234e-08,4.3384945e-05
L-BFGS-B,6373,1.0957944e-07,0.0017956651,5.991145e-08,4.3380285e-05
L-BFGS-B,6374,1.0927131e-07,0.0017944346,6.0389205e-08,4.3393422e-05
L-BFGS-B,6375,1.0945731e-07,0.0017948507,6.005381e-08,4.3375177e-05
L-BFGS-B,6376,1.0934252e-07,0.0017920719,6.028262e-08,4.336449e-05
L-BFGS-B,6377,1.09230946e-07,0.0017938265,6.024292e-08,4.335934e-05
L-BFGS-B,6378,1.09255936e-07,0.0017923565,6.02539e-08,4.335004e-05
L-BFGS-B,6379,1.0936606e-07,0.0017936059,6.00204e-08,4.3344025e-05
L-BFGS-B,6380,1.0941762e-07,0.0017942984,5.988263e-08,4.3338023e-05
L-BFGS-B,6381,1.0959038e-07,0.0017906481,5.9943524e-08,4.3336564e-05
L-BFGS-B,6382,1.0949711e-07,0.0017921897,5.989484e-08,4.333069e-05
L-BFGS-B,6383,1.0969858e-07,0.0017999382,5.9495413e-08,4.337848e-05
L-BFGS-B,6384,1.0951814e-07,0.001793318,5.973705e-08,4.3321455e-05
L-BFGS-B,6385,1.0954283e-07,0.0017945076,5.9582614e-08,4.3313892e-05
L-BFGS-B,6386,1.09634776e-07,0.0017964032,5.93325e-08,4.3309123e-05
L-BFGS-B,6387,1.0968712e-07,0.0017972126,5.9204954e-08,4.330594e-05
L-BFGS-B,6388,1.09732646e-07,0.0017975746,5.911985e-08,4.330362e-05
L-BFGS-B,6389,1.09787244e-07,0.0017983551,5.89875e-08,4.3299762e-05
L-BFGS-B,6390,1.0978455e-07,0.0017980098,5.8986014e-08,4.3295684e-05
L-BFGS-B,6391,1.0981205e-07,0.0017988692,5.8868434e-08,4.3290765e-05
L-BFGS-B,6392,1.0978285e-07,0.0017994063,5.882902e-08,4.3285843e-05
L-BFGS-B,6393,1.0977407e-07,0.0017991882,5.882316e-08,4.3281467e-05
L-BFGS-B,6394,1.097514e-07,0.0017984458,5.8872697e-08,4.3278073e-05
L-BFGS-B,6395,1.0984809e-07,0.0017993295,5.8666902e-08,4.3270542e-05
L-BFGS-B,6396,1.0984194e-07,0.0018050582,5.9837554e-08,4.3502503e-05
L-BFGS-B,6397,1.09806685e-07,0.0017985925,5.871933e-08,4.3264827e-05
L-BFGS-B,6398,1.0975396e-07,0.0017979342,5.8751542e-08,4.3255164e-05
L-BFGS-B,6399,1.09668576e-07,0.0017966054,5.874257e-08,4.3227727e-05
L-BFGS-B,6400,1.09640844e-07,0.0017953896,5.8748004e-08,4.321222e-05
L-BFGS-B,6401,1.0973603e-07,0.0017939941,5.860709e-08,4.319141e-05
L-BFGS-B,6402,1.096362e-07,0.0017985512,5.8566492e-08,4.3215914e-05
L-BFGS-B,6403,1.0967041e-07,0.0017948215,5.8548487e-08,4.318105e-05
L-BFGS-B,6404,1.09695556e-07,0.0017944145,5.846651e-08,4.3168457e-05
L-BFGS-B,6405,1.0969518e-07,0.0017931148,5.8409064e-08,4.3146785e-05
L-BFGS-B,6406,1.0973448e-07,0.0017962996,5.8125107e-08,4.3141932e-05
L-BFGS-B,6407,1.095834e-07,0.0017932032,5.8351322e-08,4.3122236e-05
L-BFGS-B,6408,1.0952448e-07,0.0017924334,5.8398964e-08,4.311285e-05
L-BFGS-B,6409,1.0948774e-07,0.001792099,5.8399426e-08,4.3104064e-05
L-BFGS-B,6410,1.0959685e-07,0.0017932841,5.8135228e-08,4.3092652e-05
L-BFGS-B,6411,1.09662714e-07,0.0017923431,5.8060923e-08,4.308198e-05
L-BFGS-B,6412,1.0971566e-07,0.0017897016,5.8102433e-08,4.306973e-05
L-BFGS-B,6413,1.09672534e-07,0.0017864379,5.828788e-08,4.305844e-05
L-BFGS-B,6414,1.0953411e-07,0.0017827727,5.8623723e-08,4.30514e-05
L-BFGS-B,6415,1.0953052e-07,0.0017839527,5.8557063e-08,4.3052663e-05
L-BFGS-B,6416,1.09528216e-07,0.0017831821,5.8587265e-08,4.3049142e-05
L-BFGS-B,6417,1.0942919e-07,0.0017783826,5.8964144e-08,4.3042823e-05
L-BFGS-B,6418,1.09503695e-07,0.001778556,5.8813125e-08,4.3033084e-05
L-BFGS-B,6419,1.0950178e-07,0.0017805205,5.859066e-08,4.301907e-05
L-BFGS-B,6420,1.0948476e-07,0.0017799644,5.851708e-08,4.299992e-05
L-BFGS-B,6421,1.0945826e-07,0.0017765414,5.86011e-08,4.2974316e-05
L-BFGS-B,6422,1.09492e-07,0.001777294,5.8297363e-08,4.294134e-05
L-BFGS-B,6423,1.0926988e-07,0.0017662529,5.9223435e-08,4.2936525e-05
L-BFGS-B,6424,1.09352925e-07,0.0017710766,5.8711915e-08,4.2920492e-05
L-BFGS-B,6425,1.0935572e-07,0.0017725076,5.8499676e-08,4.2903383e-05
L-BFGS-B,6426,1.0928504e-07,0.0017726263,5.8478726e-08,4.2890824e-05
L-BFGS-B,6427,1.0927046e-07,0.0017755103,5.8219285e-08,4.2878564e-05
L-BFGS-B,6428,1.0930532e-07,0.0017771684,5.8003145e-08,4.2867956e-05
L-BFGS-B,6429,1.0928914e-07,0.0017780573,5.7864735e-08,4.285365e-05
L-BFGS-B,6430,1.0933056e-07,0.0017802891,5.756824e-08,4.283771e-05
L-BFGS-B,6431,1.09601935e-07,0.0017888001,5.6914697e-08,4.2865493e-05
L-BFGS-B,6432,1.09386924e-07,0.0017820967,5.7358406e-08,4.283277e-05
L-BFGS-B,6433,1.0940422e-07,0.0017805262,5.7372702e-08,4.28218e-05
L-BFGS-B,6434,1.0938405e-07,0.001780652,5.733662e-08,4.2814623e-05
L-BFGS-B,6435,1.0936962e-07,0.0017804472,5.734338e-08,4.281142e-05
L-BFGS-B,6436,1.09383684e-07,0.0017804621,5.7309222e-08,4.2808555e-05
L-BFGS-B,6437,1.0941457e-07,0.0017807,5.7217232e-08,4.280177e-05
L-BFGS-B,6438,1.0945156e-07,0.001780926,5.7102845e-08,4.2792417e-05
L-BFGS-B,6439,1.09538355e-07,0.0017808806,5.687038e-08,4.2770116e-05
L-BFGS-B,6440,1.096753e-07,0.0017797648,5.659253e-08,4.2737825e-05
L-BFGS-B,6441,1.1021802e-07,0.0017878863,5.6251633e-08,4.2849308e-05
L-BFGS-B,6442,1.09733755e-07,0.0017798758,5.6459758e-08,4.2727785e-05
L-BFGS-B,6443,1.1007431e-07,0.0017844435,5.5570194e-08,4.269111e-05
L-BFGS-B,6444,1.1010501e-07,0.0017860559,5.520678e-08,4.2657324e-05
L-BFGS-B,6445,1.101775e-07,0.0017898483,5.4728638e-08,4.2634405e-05
L-BFGS-B,6446,1.1021098e-07,0.0017900653,5.4598075e-08,4.262201e-05
L-BFGS-B,6447,1.1021474e-07,0.0017955079,5.433367e-08,4.263734e-05
L-BFGS-B,6448,1.1019426e-07,0.001791609,5.4454613e-08,4.261342e-05
L-BFGS-B,6449,1.10252266e-07,0.0017920734,5.430839e-08,4.260483e-05
L-BFGS-B,6450,1.1020247e-07,0.001793011,5.4247018e-08,4.259753e-05
L-BFGS-B,6451,1.0976563e-07,0.0017943268,5.483441e-08,4.2633274e-05
L-BFGS-B,6452,1.1009224e-07,0.0017928359,5.435003e-08,4.2594696e-05
L-BFGS-B,6453,1.1003343e-07,0.0017927835,5.435722e-08,4.2586435e-05
L-BFGS-B,6454,1.1000728e-07,0.0017944444,5.422739e-08,4.2579642e-05
L-BFGS-B,6455,1.0998224e-07,0.0017953222,5.417662e-08,4.257705e-05
L-BFGS-B,6456,1.10002e-07,0.0017972294,5.401025e-08,4.257413e-05
L-BFGS-B,6457,1.0996766e-07,0.0017973069,5.4020223e-08,4.2571253e-05
L-BFGS-B,6458,1.09947855e-07,0.0017972044,5.401957e-08,4.2567157e-05
L-BFGS-B,6459,1.0996528e-07,0.0017965906,5.3989602e-08,4.2559135e-05
L-BFGS-B,6460,1.1002231e-07,0.001796468,5.3903086e-08,4.255349e-05
L-BFGS-B,6461,1.1007479e-07,0.0017960004,5.386068e-08,4.2550324e-05
L-BFGS-B,6462,1.10097695e-07,0.0017955259,5.3854055e-08,4.2548025e-05
L-BFGS-B,6463,1.1009755e-07,0.0017956411,5.3828067e-08,4.2545253e-05
L-BFGS-B,6464,1.10107315e-07,0.0017954733,5.379837e-08,4.254059e-05
L-BFGS-B,6465,1.101446e-07,0.0017965406,5.36446e-08,4.2533782e-05
L-BFGS-B,6466,1.1023101e-07,0.0017973398,5.348723e-08,4.2531134e-05
L-BFGS-B,6467,1.1026924e-07,0.001798155,5.3340656e-08,4.2523036e-05
L-BFGS-B,6468,1.1021789e-07,0.0017964403,5.3439322e-08,4.2512984e-05
L-BFGS-B,6469,1.1023681e-07,0.0017971789,5.3291913e-08,4.2501095e-05
L-BFGS-B,6470,1.1065615e-07,0.0018111566,5.2333654e-08,4.2560037e-05
L-BFGS-B,6471,1.1030519e-07,0.0017997017,5.30223e-08,4.2496144e-05
L-BFGS-B,6472,1.10509546e-07,0.0018058425,5.467002e-08,4.283536e-05
L-BFGS-B,6473,1.1021679e-07,0.001798137,5.3108593e-08,4.2480176e-05
L-BFGS-B,6474,1.10311966e-07,0.001798715,5.292408e-08,4.2472555e-05
L-BFGS-B,6475,1.1028449e-07,0.0017977562,5.2974787e-08,4.2466454e-05
L-BFGS-B,6476,1.1017968e-07,0.0017950804,5.3194224e-08,4.2456886e-05
L-BFGS-B,6477,1.100904e-07,0.0017924989,5.3400314e-08,4.2448595e-05
L-BFGS-B,6478,1.10048916e-07,0.0017911135,5.3480765e-08,4.2440588e-05
L-BFGS-B,6479,1.0999616e-07,0.0017869648,5.3749055e-08,4.2431428e-05
L-BFGS-B,6480,1.10066225e-07,0.0017903324,5.3417242e-08,4.2425843e-05
L-BFGS-B,6481,1.1009539e-07,0.0017904034,5.3334738e-08,4.2418553e-05
L-BFGS-B,6482,1.1011935e-07,0.0017912114,5.3212137e-08,4.2411837e-05
L-BFGS-B,6483,1.1010768e-07,0.0017913579,5.3184895e-08,4.2407464e-05
L-BFGS-B,6484,1.0997841e-07,0.001809821,5.4877486e-08,4.2826592e-05
L-BFGS-B,6485,1.10086056e-07,0.0017913583,5.320296e-08,4.2406937e-05
L-BFGS-B,6486,1.1004844e-07,0.0017910682,5.3229147e-08,4.2402324e-05
L-BFGS-B,6487,1.10044766e-07,0.0017908702,5.322583e-08,4.2399293e-05
L-BFGS-B,6488,1.1006129e-07,0.0017907617,5.318364e-08,4.2394353e-05
L-BFGS-B,6489,1.1009582e-07,0.0017894972,5.3284396e-08,4.2402004e-05
L-BFGS-B,6490,1.1006487e-07,0.0017901696,5.3203998e-08,4.239202e-05
L-BFGS-B,6491,1.10053094e-07,0.001788752,5.32765e-08,4.2386957e-05
L-BFGS-B,6492,1.1012038e-07,0.0017906617,5.326163e-08,4.2413918e-05
L-BFGS-B,6493,1.1005546e-07,0.0017888045,5.325604e-08,4.2384767e-05
L-BFGS-B,6494,1.1030181e-07,0.001793656,5.2715645e-08,4.238918e-05
L-BFGS-B,6495,1.1015095e-07,0.0017905962,5.3002722e-08,4.237901e-05
L-BFGS-B,6496,1.1012166e-07,0.0017897703,5.2998836e-08,4.2365777e-05
L-BFGS-B,6497,1.10144285e-07,0.0017899212,5.2883834e-08,4.235343e-05
L-BFGS-B,6498,1.10182974e-07,0.0017896254,5.277723e-08,4.234028e-05
L-BFGS-B,6499,1.1022196e-07,0.0017886558,5.274154e-08,4.2331085e-05
L-BFGS-B,6500,1.1020361e-07,0.0017880832,5.2790003e-08,4.2329873e-05
L-BFGS-B,6501,1.1017725e-07,0.001787446,5.283675e-08,4.232656e-05
L-BFGS-B,6502,1.1016178e-07,0.0017870829,5.2872995e-08,4.2326046e-05
L-BFGS-B,6503,1.1012148e-07,0.0017863046,5.295058e-08,4.2323856e-05
L-BFGS-B,6504,1.1007589e-07,0.001785578,5.3027545e-08,4.2321295e-05
L-BFGS-B,6505,1.10118364e-07,0.0017864766,5.2986255e-08,4.2330463e-05
L-BFGS-B,6506,1.1008185e-07,0.0017857134,5.3004158e-08,4.2320036e-05
L-BFGS-B,6507,1.101618e-07,0.0017853682,5.3307907e-08,4.2374137e-05
L-BFGS-B,6508,1.10077764e-07,0.0017852695,5.3026547e-08,4.2318345e-05
L-BFGS-B,6509,1.1002906e-07,0.0017857045,5.3028423e-08,4.2315667e-05
L-BFGS-B,6510,1.1015328e-07,0.0017904752,5.276654e-08,4.2342726e-05
L-BFGS-B,6511,1.100458e-07,0.0017864208,5.2952053e-08,4.2313884e-05
L-BFGS-B,6512,1.1009744e-07,0.0017873766,5.281442e-08,4.2310545e-05
L-BFGS-B,6513,1.1019579e-07,0.0017888251,5.258056e-08,4.2304706e-05
L-BFGS-B,6514,1.10225116e-07,0.0017891537,5.251061e-08,4.2301897e-05
L-BFGS-B,6515,1.1037409e-07,0.0017895277,5.2946067e-08,4.23933e-05
L-BFGS-B,6516,1.10228996e-07,0.001788861,5.252417e-08,4.2301584e-05
L-BFGS-B,6517,1.1022368e-07,0.0017886482,5.252088e-08,4.229816e-05
L-BFGS-B,6518,1.102315e-07,0.0017909443,5.2371878e-08,4.2299947e-05
L-BFGS-B,6519,1.10221585e-07,0.0017895215,5.2445458e-08,4.2295276e-05
L-BFGS-B,6520,1.1022617e-07,0.0017887704,5.243376e-08,4.228669e-05
L-BFGS-B,6521,1.1021165e-07,0.0017883623,5.2413355e-08,4.227737e-05
L-BFGS-B,6522,1.10039075e-07,0.0017876475,5.2734034e-08,4.229244e-05
L-BFGS-B,6523,1.1011451e-07,0.0017874187,5.2467428e-08,4.2261476e-05
L-BFGS-B,6524,1.1043781e-07,0.0017881368,5.191855e-08,4.2234824e-05
L-BFGS-B,6525,1.1038003e-07,0.00178738,5.1856496e-08,4.2209278e-05
L-BFGS-B,6526,1.1035195e-07,0.0017857827,5.1850257e-08,4.2188156e-05
L-BFGS-B,6527,1.1044606e-07,0.0017859559,5.1643127e-08,4.2172935e-05
L-BFGS-B,6528,1.10526024e-07,0.0017864004,5.1452435e-08,4.2160773e-05
L-BFGS-B,6529,1.10505766e-07,0.0017850698,5.1479432e-08,4.214848e-05
L-BFGS-B,6530,1.1041401e-07,0.0017844598,5.149171e-08,4.2130454e-05
L-BFGS-B,6531,1.1038657e-07,0.001783815,5.1495697e-08,4.212049e-05
L-BFGS-B,6532,1.1033063e-07,0.0017858183,5.128086e-08,4.2099906e-05
L-BFGS-B,6533,1.10217705e-07,0.0017891238,5.0903814e-08,4.2059466e-05
L-BFGS-B,6534,1.0964272e-07,0.0017924425,5.1228906e-08,4.2055166e-05
L-BFGS-B,6535,1.09892504e-07,0.0017901025,5.098646e-08,4.203287e-05
L-BFGS-B,6536,1.1099927e-07,0.0018220741,5.083253e-08,4.249551e-05
L-BFGS-B,6537,1.09927406e-07,0.0017914741,5.079481e-08,4.2023075e-05
L-BFGS-B,6538,1.0987097e-07,0.0017937828,5.0608477e-08,4.2009746e-05
L-BFGS-B,6539,1.09907006e-07,0.0017937475,5.0426284e-08,4.1987467e-05
L-BFGS-B,6540,1.0987211e-07,0.0017926042,5.0447394e-08,4.197397e-05
L-BFGS-B,6541,1.0983629e-07,0.0017931934,5.0260525e-08,4.1946456e-05
L-BFGS-B,6542,1.0980467e-07,0.0017946941,5.0002022e-08,4.1917945e-05
L-BFGS-B,6543,1.0979064e-07,0.0017946097,4.9704077e-08,4.1870302e-05
L-BFGS-B,6544,1.1021892e-07,0.0018029154,4.8454563e-08,4.1830175e-05
L-BFGS-B,6545,1.1037866e-07,0.0018008052,4.8295203e-08,4.1809133e-05
L-BFGS-B,6546,1.10177915e-07,0.001794004,4.878895e-08,4.178507e-05
L-BFGS-B,6547,1.1018167e-07,0.0017926367,4.8774783e-08,4.1769832e-05
L-BFGS-B,6548,1.1030697e-07,0.0017944486,4.8446392e-08,4.175749e-05
L-BFGS-B,6549,1.1038935e-07,0.0017950132,4.821891e-08,4.1741372e-05
L-BFGS-B,6550,1.1047833e-07,0.0017964176,4.7907456e-08,4.1722044e-05
L-BFGS-B,6551,1.1048142e-07,0.001794648,4.7804146e-08,4.1689316e-05
L-BFGS-B,6552,1.10315455e-07,0.001792141,4.795414e-08,4.166185e-05
L-BFGS-B,6553,1.101774e-07,0.0017903853,4.803714e-08,4.1636034e-05
L-BFGS-B,6554,1.10088706e-07,0.0017912594,4.7861892e-08,4.1605184e-05
L-BFGS-B,6555,1.1004658e-07,0.0017882313,4.7980336e-08,4.1586347e-05
L-BFGS-B,6556,1.09970806e-07,0.0017847207,4.817204e-08,4.156863e-05
L-BFGS-B,6557,1.10058785e-07,0.0017844879,4.797428e-08,4.1549836e-05
L-BFGS-B,6558,1.1004513e-07,0.001784398,4.7877958e-08,4.1532443e-05
L-BFGS-B,6559,1.1003204e-07,0.0017862769,4.7685234e-08,4.152036e-05
L-BFGS-B,6560,1.09982366e-07,0.001786923,4.7641944e-08,4.1512878e-05
L-BFGS-B,6561,1.0994351e-07,0.001787459,4.75984e-08,4.1505875e-05
L-BFGS-B,6562,1.0990051e-07,0.0017901624,4.7867196e-08,4.156678e-05
L-BFGS-B,6563,1.0991965e-07,0.0017874778,4.760535e-08,4.150353e-05
L-BFGS-B,6564,1.0990782e-07,0.0017862101,4.764654e-08,4.1495256e-05
L-BFGS-B,6565,1.0988824e-07,0.0017834159,4.77728e-08,4.1483316e-05
L-BFGS-B,6566,1.0984549e-07,0.0017803782,4.796446e-08,4.1475272e-05
L-BFGS-B,6567,1.0976749e-07,0.0017761195,4.8285894e-08,4.14692e-05
L-BFGS-B,6568,1.0963853e-07,0.0017735589,4.8559734e-08,4.146533e-05
L-BFGS-B,6569,1.09630534e-07,0.0017745577,4.8468337e-08,4.1460407e-05
L-BFGS-B,6570,1.09578856e-07,0.0017743981,4.8492836e-08,4.1454736e-05
L-BFGS-B,6571,1.09480446e-07,0.0017733461,4.862065e-08,4.1448624e-05
L-BFGS-B,6572,1.0942682e-07,0.0017731002,4.8665484e-08,4.1444848e-05
L-BFGS-B,6573,1.09406976e-07,0.0017724491,4.8705793e-08,4.1441406e-05
L-BFGS-B,6574,1.0938402e-07,0.0017712555,4.878711e-08,4.1438227e-05
L-BFGS-B,6575,1.0937764e-07,0.0017706715,4.8810207e-08,4.143489e-05
L-BFGS-B,6576,1.09354396e-07,0.0017701858,4.8826532e-08,4.1428997e-05
L-BFGS-B,6577,1.0919757e-07,0.0017713704,4.8830508e-08,4.1417916e-05
L-BFGS-B,6578,1.09135456e-07,0.0017704419,4.8892286e-08,4.1408577e-05
L-BFGS-B,6579,1.0907966e-07,0.0017675298,4.9046204e-08,4.1394174e-05
L-BFGS-B,6580,1.0911087e-07,0.0017674353,4.897426e-08,4.138712e-05
L-BFGS-B,6581,1.0907557e-07,0.0017669813,4.9001205e-08,4.1381325e-05
L-BFGS-B,6582,1.0906476e-07,0.0017664476,4.9011376e-08,4.1375897e-05
L-BFGS-B,6583,1.0903594e-07,0.0017657088,4.9058396e-08,4.1371237e-05
L-BFGS-B,6584,1.0903545e-07,0.0017649237,4.9106035e-08,4.137046e-05
L-BFGS-B,6585,1.0916536e-07,0.0017737112,5.020414e-08,4.1642536e-05
L-BFGS-B,6586,1.0900811e-07,0.0017644647,4.9142987e-08,4.136731e-05
L-BFGS-B,6587,1.0898691e-07,0.0017644605,4.913316e-08,4.1362615e-05
L-BFGS-B,6588,1.0892052e-07,0.0017639555,4.9180834e-08,4.1354757e-05
L-BFGS-B,6589,1.0882287e-07,0.0017630216,4.9259324e-08,4.1342544e-05
L-BFGS-B,6590,1.08746434e-07,0.0017620252,4.933606e-08,4.1332627e-05
L-BFGS-B,6591,1.08905965e-07,0.0017641018,4.9167173e-08,4.135199e-05
L-BFGS-B,6592,1.0877752e-07,0.0017623483,4.926596e-08,4.1330004e-05
L-BFGS-B,6593,1.0900335e-07,0.0017674004,4.8971724e-08,4.1370266e-05
L-BFGS-B,6594,1.088007e-07,0.0017628156,4.920138e-08,4.1328465e-05
L-BFGS-B,6595,1.08781684e-07,0.001762539,4.918461e-08,4.132033e-05
L-BFGS-B,6596,1.0889824e-07,0.0017628534,4.8992153e-08,4.131209e-05
L-BFGS-B,6597,1.08931395e-07,0.0017631395,4.890101e-08,4.1306255e-05
L-BFGS-B,6598,1.0898459e-07,0.0017635381,4.879332e-08,4.1302068e-05
L-BFGS-B,6599,1.0906443e-07,0.0017641077,4.861251e-08,4.129262e-05
L-BFGS-B,6600,1.091564e-07,0.0017649265,4.8429825e-08,4.12872e-05
L-BFGS-B,6601,1.09119625e-07,0.001763347,4.8509307e-08,4.127781e-05
L-BFGS-B,6602,1.0981279e-07,0.0017788296,4.8094517e-08,4.147439e-05
L-BFGS-B,6603,1.0915861e-07,0.0017639282,4.8405546e-08,4.1273903e-05
L-BFGS-B,6604,1.0910291e-07,0.0017633393,4.8364114e-08,4.1253446e-05
L-BFGS-B,6605,1.0909467e-07,0.0017655836,4.8122637e-08,4.1238432e-05
L-BFGS-B,6606,1.09127505e-07,0.001766856,4.795031e-08,4.1230232e-05
L-BFGS-B,6607,1.091909e-07,0.0017686752,4.767991e-08,4.1217372e-05
L-BFGS-B,6608,1.0923087e-07,0.0017675075,4.7633712e-08,4.120476e-05
L-BFGS-B,6609,1.0943321e-07,0.0017714717,4.7515773e-08,4.1257063e-05
L-BFGS-B,6610,1.0924367e-07,0.0017675479,4.754792e-08,4.119422e-05
L-BFGS-B,6611,1.09211605e-07,0.0017643021,4.7714465e-08,4.118193e-05
L-BFGS-B,6612,1.0909118e-07,0.0017603444,4.801569e-08,4.1169475e-05
L-BFGS-B,6613,1.0899687e-07,0.0017588765,4.8142937e-08,4.1159736e-05
L-BFGS-B,6614,1.0882852e-07,0.0017538655,4.8598686e-08,4.1152736e-05
L-BFGS-B,6615,1.0885614e-07,0.0017556455,4.8365354e-08,4.113968e-05
L-BFGS-B,6616,1.08846955e-07,0.001755339,4.832684e-08,4.1129457e-05
L-BFGS-B,6617,1.0878264e-07,0.001749232,4.8630522e-08,4.1104293e-05
L-BFGS-B,6618,1.094669e-07,0.0017778946,4.9241486e-08,4.1585205e-05
L-BFGS-B,6619,1.0878955e-07,0.0017493269,4.857818e-08,4.109843e-05
L-BFGS-B,6620,1.0871903e-07,0.0017487501,4.862183e-08,4.1088628e-05
L-BFGS-B,6621,1.0860083e-07,0.0017463708,4.8793027e-08,4.1072788e-05
L-BFGS-B,6622,1.085421e-07,0.0017489804,4.8648722e-08,4.1068426e-05
L-BFGS-B,6623,1.08537016e-07,0.001749065,4.8526175e-08,4.1050127e-05
L-BFGS-B,6624,1.0862639e-07,0.001749915,4.8291533e-08,4.1036834e-05
L-BFGS-B,6625,1.0865787e-07,0.0017506545,4.814778e-08,4.1027393e-05
L-BFGS-B,6626,1.0872639e-07,0.0017506351,4.803878e-08,4.102113e-05
L-BFGS-B,6627,1.0866987e-07,0.0017497381,4.807456e-08,4.1009047e-05
L-BFGS-B,6628,1.0854532e-07,0.0017485174,4.8184805e-08,4.099469e-05
L-BFGS-B,6629,1.0850207e-07,0.0017474726,4.818407e-08,4.0977648e-05
L-BFGS-B,6630,1.0848109e-07,0.0017470298,4.8112284e-08,4.0959305e-05
L-BFGS-B,6631,1.12657304e-07,0.001909256,5.3057438e-08,4.3949774e-05
L-BFGS-B,6632,1.0849071e-07,0.0017476387,4.8050723e-08,4.0957602e-05
L-BFGS-B,6633,1.0845993e-07,0.0017486782,4.7877553e-08,4.0937404e-05
L-BFGS-B,6634,1.0848593e-07,0.0017492363,4.7697377e-08,4.091986e-05
L-BFGS-B,6635,1.0856854e-07,0.001746111,4.7726225e-08,4.0905325e-05
L-BFGS-B,6636,1.0855651e-07,0.0017466581,4.7603322e-08,4.0890554e-05
L-BFGS-B,6637,1.084918e-07,0.0017463219,4.762724e-08,4.088107e-05
L-BFGS-B,6638,1.0835843e-07,0.0017451163,4.7805155e-08,4.08757e-05
L-BFGS-B,6639,1.0816119e-07,0.0017412683,4.90214e-08,4.099007e-05
L-BFGS-B,6640,1.0827932e-07,0.0017431522,4.7970076e-08,4.086893e-05
L-BFGS-B,6641,1.0828617e-07,0.0017395226,4.8238356e-08,4.0873903e-05
L-BFGS-B,6642,1.0826841e-07,0.0017411255,4.8071445e-08,4.0862233e-05
L-BFGS-B,6643,1.08205185e-07,0.0017388596,4.8212296e-08,4.0851213e-05
L-BFGS-B,6644,1.0805643e-07,0.0017358318,4.8456247e-08,4.083522e-05
L-BFGS-B,6645,1.07955486e-07,0.0017332085,4.8619107e-08,4.0818275e-05
L-BFGS-B,6646,1.0771258e-07,0.0017356512,4.87336e-08,4.082344e-05
L-BFGS-B,6647,1.0783638e-07,0.0017338248,4.8644985e-08,4.0810453e-05
L-BFGS-B,6648,1.07881235e-07,0.001735171,4.843158e-08,4.079863e-05
L-BFGS-B,6649,1.0776512e-07,0.001735433,4.8481116e-08,4.0791267e-05
L-BFGS-B,6650,1.0786611e-07,0.0017361437,4.829024e-08,4.078489e-05
L-BFGS-B,6651,1.079178e-07,0.001735692,4.8240995e-08,4.0780742e-05
L-BFGS-B,6652,1.0793175e-07,0.0017356222,4.819851e-08,4.077576e-05
L-BFGS-B,6653,1.0862677e-07,0.0017436126,4.98515e-08,4.1207863e-05
L-BFGS-B,6654,1.0793169e-07,0.0017353107,4.8213256e-08,4.077485e-05
L-BFGS-B,6655,1.07959345e-07,0.0017334077,4.826006e-08,4.076699e-05
L-BFGS-B,6656,1.07977506e-07,0.001734424,4.8144937e-08,4.0762607e-05
L-BFGS-B,6657,1.0797423e-07,0.001734131,4.814661e-08,4.0759434e-05
L-BFGS-B,6658,1.0793779e-07,0.0017334514,4.819997e-08,4.0755178e-05
L-BFGS-B,6659,1.077823e-07,0.0017320296,4.8400132e-08,4.074766e-05
L-BFGS-B,6660,1.07781496e-07,0.0017315533,4.8373682e-08,4.0738807e-05
L-BFGS-B,6661,1.0773279e-07,0.0017316903,4.836388e-08,4.07314e-05
L-BFGS-B,6662,1.0771276e-07,0.0017316473,4.8318224e-08,4.072112e-05
L-BFGS-B,6663,1.0772669e-07,0.0017318403,4.822765e-08,4.0711555e-05
L-BFGS-B,6664,1.07856835e-07,0.0017282628,5.002638e-08,4.096511e-05
L-BFGS-B,6665,1.0770297e-07,0.0017300814,4.834163e-08,4.0707502e-05
L-BFGS-B,6666,1.0774473e-07,0.0017296579,4.8255227e-08,4.069657e-05
L-BFGS-B,6667,1.0789157e-07,0.0017324361,4.7869204e-08,4.068848e-05
L-BFGS-B,6668,1.0785899e-07,0.001730469,4.7979903e-08,4.0680523e-05
L-BFGS-B,6669,1.0785002e-07,0.0017291013,4.803806e-08,4.0674226e-05
L-BFGS-B,6670,1.0784652e-07,0.0017282986,4.806119e-08,4.0669143e-05
L-BFGS-B,6671,1.0787556e-07,0.0017269745,4.808105e-08,4.0663235e-05
L-BFGS-B,6672,1.07774575e-07,0.0017244444,4.8426674e-08,4.067463e-05
L-BFGS-B,6673,1.07832626e-07,0.001725797,4.8171547e-08,4.0658597e-05
L-BFGS-B,6674,1.07774994e-07,0.0017260165,4.814364e-08,4.064796e-05
L-BFGS-B,6675,1.077471e-07,0.0017261388,4.8074263e-08,4.063459e-05
L-BFGS-B,6676,1.07786484e-07,0.0017255879,4.802385e-08,4.0627427e-05
L-BFGS-B,6677,1.07772856e-07,0.0017255446,4.8016066e-08,4.062378e-05
L-BFGS-B,6678,1.0775961e-07,0.0017253851,4.802396e-08,4.0621388e-05
L-BFGS-B,6679,1.07766425e-07,0.0017251106,4.8020055e-08,4.0619077e-05
L-BFGS-B,6680,1.0779561e-07,0.0017252237,4.7971085e-08,4.0617244e-05
L-BFGS-B,6681,1.07823304e-07,0.0017255199,4.7906994e-08,4.0614745e-05
L-BFGS-B,6682,1.0785173e-07,0.001725693,4.7851298e-08,4.0612387e-05
L-BFGS-B,6683,1.078668e-07,0.0017261882,4.7789655e-08,4.061035e-05
L-BFGS-B,6684,1.0785307e-07,0.0017262078,4.778859e-08,4.0608327e-05
L-BFGS-B,6685,1.0784247e-07,0.0017266929,4.774993e-08,4.0605788e-05
L-BFGS-B,6686,1.07835184e-07,0.001728741,4.7581302e-08,4.0599884e-05
L-BFGS-B,6687,1.07812255e-07,0.0017301941,4.748545e-08,4.0596595e-05
L-BFGS-B,6688,1.0828598e-07,0.001750745,4.8122583e-08,4.096873e-05
L-BFGS-B,6689,1.07808944e-07,0.0017307466,4.7438867e-08,4.0594634e-05
L-BFGS-B,6690,1.07825876e-07,0.0017311331,4.7371813e-08,4.0590985e-05
L-BFGS-B,6691,1.07869155e-07,0.0017323234,4.7219203e-08,4.058649e-05
L-BFGS-B,6692,1.0783018e-07,0.0017338597,4.7499704e-08,4.063808e-05
L-BFGS-B,6693,1.0785922e-07,0.001732245,4.723097e-08,4.0585976e-05
L-BFGS-B,6694,1.0787833e-07,0.0017329144,4.715395e-08,4.0583986e-05
L-BFGS-B,6695,1.07888134e-07,0.0017336006,4.707951e-08,4.058115e-05
L-BFGS-B,6696,1.07792744e-07,0.0017327815,4.726527e-08,4.0586518e-05
L-BFGS-B,6697,1.07853566e-07,0.0017332048,4.713008e-08,4.0579598e-05
L-BFGS-B,6698,1.0784064e-07,0.0017336343,4.7083244e-08,4.0574923e-05
L-BFGS-B,6699,1.0781608e-07,0.0017335298,4.7082587e-08,4.0570096e-05
L-BFGS-B,6700,1.0778835e-07,0.001733068,4.7103253e-08,4.0564417e-05
L-BFGS-B,6701,1.0777297e-07,0.0017326245,4.7104884e-08,4.0557923e-05
L-BFGS-B,6702,1.0777049e-07,0.0017333179,4.701902e-08,4.0551604e-05
L-BFGS-B,6703,1.0779646e-07,0.0017341359,4.6903892e-08,4.054641e-05
L-BFGS-B,6704,1.0784428e-07,0.0017342502,4.682712e-08,4.054321e-05
L-BFGS-B,6705,1.0786538e-07,0.0017343422,4.6773582e-08,4.0539268e-05
L-BFGS-B,6706,1.0788375e-07,0.0017349904,4.66976e-08,4.0537107e-05
L-BFGS-B,6707,1.0785904e-07,0.001735794,4.6655757e-08,4.053516e-05
L-BFGS-B,6708,1.07986494e-07,0.0017388726,4.6885827e-08,4.0619576e-05
L-BFGS-B,6709,1.0785915e-07,0.0017357055,4.665705e-08,4.0534487e-05
L-BFGS-B,6710,1.07868225e-07,0.0017358892,4.6619114e-08,4.0531995e-05
L-BFGS-B,6711,1.0792962e-07,0.0017370388,4.6415757e-08,4.0522194e-05
L-BFGS-B,6712,1.07976895e-07,0.0017377663,4.6293753e-08,4.0518258e-05
L-BFGS-B,6713,1.0801974e-07,0.001738837,4.6151097e-08,4.0513994e-05
L-BFGS-B,6714,1.0814073e-07,0.0017417518,4.6027196e-08,4.054271e-05
L-BFGS-B,6715,1.0803197e-07,0.0017390961,4.6111552e-08,4.051249e-05
L-BFGS-B,6716,1.0803778e-07,0.0017398023,4.601265e-08,4.0505587e-05
L-BFGS-B,6717,1.08027066e-07,0.0017404321,4.591021e-08,4.0494913e-05
L-BFGS-B,6718,1.080266e-07,0.001740356,4.586662e-08,4.0487543e-05
L-BFGS-B,6719,1.08089544e-07,0.0017400623,4.5748983e-08,4.04764e-05
L-BFGS-B,6720,1.081228e-07,0.0017398003,4.569302e-08,4.0470375e-05
L-BFGS-B,6721,1.08143766e-07,0.0017399504,4.5635435e-08,4.0466384e-05
L-BFGS-B,6722,1.08195906e-07,0.0017402921,4.5525834e-08,4.0461182e-05
L-BFGS-B,6723,1.08085096e-07,0.0017384525,4.5775852e-08,4.0463667e-05
L-BFGS-B,6724,1.0815255e-07,0.0017395504,4.5608985e-08,4.0459734e-05
L-BFGS-B,6725,1.0822217e-07,0.0017394209,4.56671e-08,4.04776e-05
L-BFGS-B,6726,1.0815994e-07,0.0017393957,4.5606456e-08,4.0458915e-05
L-BFGS-B,6727,1.0855461e-07,0.0017520044,4.463068e-08,4.0497835e-05
L-BFGS-B,6728,1.0823445e-07,0.0017418487,4.5342777e-08,4.045507e-05
L-BFGS-B,6729,1.0824604e-07,0.0017405901,4.5363926e-08,4.0447394e-05
L-BFGS-B,6730,1.0828002e-07,0.0017395735,4.5357883e-08,4.0441424e-05
L-BFGS-B,6731,1.0834569e-07,0.0017384922,4.5316238e-08,4.043421e-05
L-BFGS-B,6732,1.08348694e-07,0.001738306,4.530285e-08,4.043079e-05
L-BFGS-B,6733,1.0837042e-07,0.0017386366,4.5230763e-08,4.0426545e-05
L-BFGS-B,6734,1.0840744e-07,0.0017393205,4.5120167e-08,4.0422347e-05
L-BFGS-B,6735,1.0843424e-07,0.0017394306,4.506004e-08,4.0418447e-05
L-BFGS-B,6736,1.0882326e-07,0.0017687107,4.4913723e-08,4.0747655e-05
L-BFGS-B,6737,1.0842282e-07,0.0017404055,4.499318e-08,4.0416457e-05
L-BFGS-B,6738,1.08475895e-07,0.0017395385,4.4951758e-08,4.0409534e-05
L-BFGS-B,6739,1.0844303e-07,0.0017371385,4.5097053e-08,4.0402396e-05
L-BFGS-B,6740,1.0841495e-07,0.0017357154,4.5185786e-08,4.0397263e-05
L-BFGS-B,6741,1.0838566e-07,0.001734753,4.5270635e-08,4.0395975e-05
L-BFGS-B,6742,1.08337396e-07,0.0017345179,4.5289585e-08,4.0389226e-05
L-BFGS-B,6743,1.08335314e-07,0.0017342815,4.52667e-08,4.0383115e-05
L-BFGS-B,6744,1.0821275e-07,0.001727144,4.598354e-08,4.0400882e-05
L-BFGS-B,6745,1.0827579e-07,0.0017312027,4.5488928e-08,4.0376734e-05
L-BFGS-B,6746,1.0819781e-07,0.0017294115,4.563001e-08,4.0368286e-05
L-BFGS-B,6747,1.08220924e-07,0.0017294466,4.557841e-08,4.0364368e-05
L-BFGS-B,6748,1.0819424e-07,0.0017283134,4.5662745e-08,4.036168e-05
L-BFGS-B,6749,1.08179194e-07,0.0017275031,4.5717144e-08,4.0359482e-05
L-BFGS-B,6750,1.0817535e-07,0.0017271665,4.5727635e-08,4.035711e-05
L-BFGS-B,6751,1.0814017e-07,0.001726486,4.5738243e-08,4.0346622e-05
L-BFGS-B,6752,1.081537e-07,0.0017269513,4.5648243e-08,4.0339804e-05
L-BFGS-B,6753,1.081104e-07,0.0017262268,4.5686615e-08,4.033182e-05
L-BFGS-B,6754,1.079823e-07,0.0017227969,4.599818e-08,4.032504e-05
L-BFGS-B,6755,1.0798316e-07,0.0017239547,4.5879172e-08,4.0318897e-05
L-BFGS-B,6756,1.0796588e-07,0.0017252947,4.5761848e-08,4.031211e-05
L-BFGS-B,6757,1.0790941e-07,0.0017243932,4.584262e-08,4.030674e-05
L-BFGS-B,6758,1.0789458e-07,0.0017243228,4.5837254e-08,4.0303003e-05
L-BFGS-B,6759,1.0791302e-07,0.0017248084,4.5774026e-08,4.0301136e-05
L-BFGS-B,6760,1.07941574e-07,0.0017252419,4.570239e-08,4.0299015e-05
L-BFGS-B,6761,1.0795867e-07,0.0017253727,4.566587e-08,4.0297407e-05
L-BFGS-B,6762,1.07954165e-07,0.0017250002,4.5682626e-08,4.029552e-05
L-BFGS-B,6763,1.0790398e-07,0.0017230299,4.5883336e-08,4.0298397e-05
L-BFGS-B,6764,1.07939336e-07,0.0017244343,4.573298e-08,4.0295192e-05
L-BFGS-B,6765,1.07909315e-07,0.0017238153,4.578464e-08,4.0292245e-05
L-BFGS-B,6766,1.0786085e-07,0.0017238986,4.579093e-08,4.0286748e-05
L-BFGS-B,6767,1.0784213e-07,0.0017222278,4.6046917e-08,4.0305633e-05
L-BFGS-B,6768,1.0784371e-07,0.0017231245,4.5843542e-08,4.028433e-05
L-BFGS-B,6769,1.0786834e-07,0.0017233897,4.5773465e-08,4.0280167e-05
L-BFGS-B,6770,1.0791306e-07,0.0017244132,4.5677233e-08,4.0282674e-05
L-BFGS-B,6771,1.0788107e-07,0.0017236233,4.571205e-08,4.02752e-05
L-BFGS-B,6772,1.07886564e-07,0.0017239741,4.5642366e-08,4.0269082e-05
L-BFGS-B,6773,1.0793476e-07,0.0017249603,4.549444e-08,4.0263978e-05
L-BFGS-B,6774,1.0799225e-07,0.0017251701,4.537204e-08,4.0256346e-05
L-BFGS-B,6775,1.0804198e-07,0.0017245571,4.52848e-08,4.024459e-05
L-BFGS-B,6776,1.08056845e-07,0.0017226461,4.5316114e-08,4.0232408e-05
L-BFGS-B,6777,1.0801638e-07,0.0017204533,4.5445383e-08,4.02238e-05
L-BFGS-B,6778,1.0795947e-07,0.0017179955,4.5632795e-08,4.0218794e-05
L-BFGS-B,6779,1.07913905e-07,0.0017171676,4.5706813e-08,4.021478e-05
L-BFGS-B,6780,1.0786538e-07,0.0017161706,4.5781505e-08,4.020874e-05
L-BFGS-B,6781,1.07797675e-07,0.001714833,4.5883368e-08,4.0200488e-05
L-BFGS-B,6782,1.07906885e-07,0.0017185925,4.562001e-08,4.021496e-05
L-BFGS-B,6783,1.0782005e-07,0.0017156249,4.579076e-08,4.019787e-05
L-BFGS-B,6784,1.0776723e-07,0.0017135476,4.5916337e-08,4.018801e-05
L-BFGS-B,6785,1.07772095e-07,0.0017129817,4.590329e-08,4.0181123e-05
L-BFGS-B,6786,1.078114e-07,0.0017113585,4.5870348e-08,4.0165847e-05
L-BFGS-B,6787,1.0784176e-07,0.0017103474,4.5820986e-08,4.015288e-05
L-BFGS-B,6788,1.0787524e-07,0.0017075425,4.589242e-08,4.0140574e-05
L-BFGS-B,6789,1.0788058e-07,0.0017076499,4.584445e-08,4.013525e-05
L-BFGS-B,6790,1.078687e-07,0.0017078533,4.5803816e-08,4.012941e-05
L-BFGS-B,6791,1.07857915e-07,0.0017077993,4.5782592e-08,4.012407e-05
L-BFGS-B,6792,1.0784448e-07,0.0017079364,4.5760917e-08,4.0120172e-05
L-BFGS-B,6793,1.0784648e-07,0.0017082791,4.5685038e-08,4.0112518e-05
L-BFGS-B,6794,1.0784017e-07,0.0017085924,4.559929e-08,4.0101844e-05
L-BFGS-B,6795,1.0810915e-07,0.0017125078,4.513189e-08,4.0111234e-05
L-BFGS-B,6796,1.0792988e-07,0.0017096677,4.5373902e-08,4.0092244e-05
L-BFGS-B,6797,1.07911035e-07,0.0017088508,4.53471e-08,4.007723e-05
L-BFGS-B,6798,1.07913316e-07,0.0017054019,4.5417398e-08,4.0053626e-05
L-BFGS-B,6799,1.07936536e-07,0.0017040512,4.5378904e-08,4.003783e-05
L-BFGS-B,6800,1.0797613e-07,0.001701988,4.5417455e-08,4.0028917e-05
L-BFGS-B,6801,1.0792658e-07,0.0017026289,4.5346237e-08,4.0017214e-05
L-BFGS-B,6802,1.0791738e-07,0.001702615,4.528268e-08,4.0006158e-05
L-BFGS-B,6803,1.0789214e-07,0.0017025905,4.5238107e-08,3.999544e-05
L-BFGS-B,6804,1.0785946e-07,0.0017023124,4.5169056e-08,3.99774e-05
L-BFGS-B,6805,1.07831454e-07,0.0017039143,4.4961112e-08,3.9958024e-05
L-BFGS-B,6806,1.0784547e-07,0.0017055008,4.461044e-08,3.9923394e-05
L-BFGS-B,6807,1.0901666e-07,0.0017442659,4.3373355e-08,4.0301158e-05
L-BFGS-B,6808,1.07908605e-07,0.0017076452,4.4354348e-08,3.9915896e-05
L-BFGS-B,6809,1.08233586e-07,0.0017451746,4.5209767e-08,4.0468247e-05
L-BFGS-B,6810,1.0783728e-07,0.0017075291,4.4386905e-08,3.990892e-05
L-BFGS-B,6811,1.0785517e-07,0.0017083558,4.415515e-08,3.9885104e-05
L-BFGS-B,6812,1.0790838e-07,0.0017083256,4.4018652e-08,3.987231e-05
L-BFGS-B,6813,1.0790054e-07,0.0017049676,4.411928e-08,3.9852646e-05
L-BFGS-B,6814,1.07893285e-07,0.0017033188,4.4166484e-08,3.9842154e-05
L-BFGS-B,6815,1.0794067e-07,0.0017025323,4.4112067e-08,3.9833234e-05
L-BFGS-B,6816,1.0787106e-07,0.0017020446,4.4169443e-08,3.9826522e-05
L-BFGS-B,6817,1.0789006e-07,0.0017026776,4.4065946e-08,3.9820177e-05
L-BFGS-B,6818,1.0788637e-07,0.0017030704,4.4008566e-08,3.9814942e-05
L-BFGS-B,6819,1.0791033e-07,0.0017011776,4.4065423e-08,3.980814e-05
L-BFGS-B,6820,1.0783053e-07,0.0017007099,4.4126978e-08,3.9800725e-05
L-BFGS-B,6821,1.0779546e-07,0.0017000991,4.4160885e-08,3.9794442e-05
L-BFGS-B,6822,1.07864004e-07,0.0017044137,4.383841e-08,3.9799495e-05
L-BFGS-B,6823,1.0781168e-07,0.0017014266,4.399904e-08,3.9785875e-05
L-BFGS-B,6824,1.0779414e-07,0.0017007355,4.402543e-08,3.978029e-05
L-BFGS-B,6825,1.07845715e-07,0.0016997941,4.3986287e-08,3.977274e-05
L-BFGS-B,6826,1.0783007e-07,0.0016998932,4.393751e-08,3.976407e-05
L-BFGS-B,6827,1.0782059e-07,0.0016997159,4.390835e-08,3.9756498e-05
L-BFGS-B,6828,1.07824185e-07,0.0016994604,4.3885994e-08,3.9751132e-05
L-BFGS-B,6829,1.0783382e-07,0.0016988341,4.388467e-08,3.9746115e-05
L-BFGS-B,6830,1.1102985e-07,0.0018948563,4.5493408e-08,4.2427055e-05
L-BFGS-B,6831,1.0779944e-07,0.0016997217,4.3829026e-08,3.9741488e-05
L-BFGS-B,6832,1.0782664e-07,0.0017007958,4.3704105e-08,3.973757e-05
L-BFGS-B,6833,1.0782466e-07,0.0017003458,4.3687226e-08,3.9730243e-05
L-BFGS-B,6834,1.078298e-07,0.0017002244,4.366229e-08,3.972606e-05
L-BFGS-B,6835,1.07864594e-07,0.0017008145,4.3553943e-08,3.9720922e-05
L-BFGS-B,6836,1.07924606e-07,0.0017010889,4.3432635e-08,3.9714476e-05
L-BFGS-B,6837,1.08071006e-07,0.0017019985,4.31434e-08,3.9702147e-05
L-BFGS-B,6838,1.0817639e-07,0.0017026499,4.2939757e-08,3.969392e-05
L-BFGS-B,6839,1.082385e-07,0.0017029782,4.2805713e-08,3.9686412e-05
L-BFGS-B,6840,1.08191465e-07,0.0017022694,4.2850424e-08,3.9678976e-05
L-BFGS-B,6841,1.0810748e-07,0.0017020266,4.2897287e-08,3.967098e-05
L-BFGS-B,6842,1.0809063e-07,0.0017018454,4.2876703e-08,3.9663555e-05
L-BFGS-B,6843,1.07844166e-07,0.0017131757,4.41573e-08,3.9931976e-05
L-BFGS-B,6844,1.0801677e-07,0.0017019291,4.2919226e-08,3.9659688e-05
L-BFGS-B,6845,1.080048e-07,0.0017029664,4.2841762e-08,3.9656647e-05
L-BFGS-B,6846,1.0801309e-07,0.0017027218,4.2819075e-08,3.9652045e-05
L-BFGS-B,6847,1.0804516e-07,0.0017022502,4.279048e-08,3.964785e-05
L-BFGS-B,6848,1.0802668e-07,0.0017011268,4.2853177e-08,3.9643248e-05
L-BFGS-B,6849,1.0803872e-07,0.0017005748,4.284142e-08,3.9637765e-05
L-BFGS-B,6850,1.0803742e-07,0.0017004176,4.2824635e-08,3.9633484e-05
L-BFGS-B,6851,1.08137726e-07,0.0017029102,4.2591736e-08,3.963852e-05
L-BFGS-B,6852,1.0806574e-07,0.0017010763,4.2740965e-08,3.963177e-05
L-BFGS-B,6853,1.0807695e-07,0.0017016042,4.2654356e-08,3.9625735e-05
L-BFGS-B,6854,1.080924e-07,0.0017019584,4.2581473e-08,3.9620667e-05
L-BFGS-B,6855,1.08105105e-07,0.001702399,4.2507136e-08,3.9615825e-05
L-BFGS-B,6856,1.0808966e-07,0.0017023092,4.2505153e-08,3.9612314e-05
L-BFGS-B,6857,1.0804477e-07,0.0017013634,4.2581302e-08,3.9607545e-05
L-BFGS-B,6858,1.08047075e-07,0.0017003246,4.2626827e-08,3.9604332e-05
L-BFGS-B,6859,1.0795278e-07,0.0017002871,4.2731138e-08,3.9605457e-05
L-BFGS-B,6860,1.08003825e-07,0.001700231,4.266656e-08,3.960287e-05
L-BFGS-B,6861,1.0804579e-07,0.0017029669,4.2577845e-08,3.9623214e-05
L-BFGS-B,6862,1.0800327e-07,0.0017005836,4.2628304e-08,3.9600574e-05
L-BFGS-B,6863,1.0799527e-07,0.0016998382,4.2661892e-08,3.9596955e-05
L-BFGS-B,6864,1.0787525e-07,0.0016945512,4.312707e-08,3.9595863e-05
L-BFGS-B,6865,1.07925004e-07,0.001696879,4.287888e-08,3.9589373e-05
L-BFGS-B,6866,1.0791578e-07,0.0016965005,4.287114e-08,3.958304e-05
L-BFGS-B,6867,1.07884716e-07,0.0016960792,4.287698e-08,3.9575047e-05
L-BFGS-B,6868,1.07770326e-07,0.0016946298,4.2987953e-08,3.956004e-05
L-BFGS-B,6869,1.0764877e-07,0.0016911426,4.3272145e-08,3.9549566e-05
L-BFGS-B,6870,1.074727e-07,0.0016899224,4.3532218e-08,3.9549963e-05
L-BFGS-B,6871,1.07552424e-07,0.0016903235,4.3383906e-08,3.9543687e-05
L-BFGS-B,6872,1.0750498e-07,0.0016890864,4.347488e-08,3.9537845e-05
L-BFGS-B,6873,1.07499936e-07,0.0016883613,4.3498897e-08,3.953344e-05
L-BFGS-B,6874,1.07484695e-07,0.0016876091,4.3539075e-08,3.952966e-05
L-BFGS-B,6875,1.0746976e-07,0.0016882317,4.3524526e-08,3.9531464e-05
L-BFGS-B,6876,1.0747407e-07,0.0016877613,4.351976e-08,3.9526687e-05
L-BFGS-B,6877,1.0754536e-07,0.0016884613,4.3377923e-08,3.9523107e-05
L-BFGS-B,6878,1.07551855e-07,0.0016883792,4.3356806e-08,3.952009e-05
L-BFGS-B,6879,1.0757824e-07,0.0016876836,4.334813e-08,3.951579e-05
L-BFGS-B,6880,1.076089e-07,0.0016876003,4.3294175e-08,3.9511462e-05
L-BFGS-B,6881,1.0760494e-07,0.0016871224,4.3301007e-08,3.950712e-05
L-BFGS-B,6882,1.0761174e-07,0.0016870894,4.3260673e-08,3.9501756e-05
L-BFGS-B,6883,1.0765455e-07,0.0016877769,4.31446e-08,3.9497638e-05
L-BFGS-B,6884,1.0766101e-07,0.0016892122,4.3011983e-08,3.9493072e-05
L-BFGS-B,6885,1.07708935e-07,0.0016914501,4.2789466e-08,3.9489263e-05
L-BFGS-B,6886,1.0766813e-07,0.0016902467,4.299165e-08,3.9501436e-05
L-BFGS-B,6887,1.0768462e-07,0.0016907452,4.2835385e-08,3.9485454e-05
L-BFGS-B,6888,1.0775974e-07,0.0016904748,4.272651e-08,3.9477683e-05
L-BFGS-B,6889,1.0771547e-07,0.0016889549,4.2825967e-08,3.9470764e-05
L-BFGS-B,6890,1.0765664e-07,0.0016873322,4.294263e-08,3.946321e-05
L-BFGS-B,6891,1.07633944e-07,0.0016866679,4.2978275e-08,3.945851e-05
L-BFGS-B,6892,1.07631124e-07,0.0016867347,4.293744e-08,3.9452632e-05
L-BFGS-B,6893,1.07615385e-07,0.0016949681,4.3573067e-08,3.9627947e-05
L-BFGS-B,6894,1.0760694e-07,0.0016866635,4.295334e-08,3.9450675e-05
L-BFGS-B,6895,1.0761895e-07,0.0016870624,4.2894605e-08,3.944766e-05
L-BFGS-B,6896,1.0765446e-07,0.0016875494,4.2800608e-08,3.9443756e-05
L-BFGS-B,6897,1.0764269e-07,0.0016875812,4.2773518e-08,3.943824e-05
L-BFGS-B,6898,1.0760113e-07,0.0016878659,4.273028e-08,3.942837e-05
L-BFGS-B,6899,1.0756516e-07,0.0016849898,4.3160544e-08,3.9458755e-05
L-BFGS-B,6900,1.0759092e-07,0.0016873043,4.2774737e-08,3.942789e-05
L-BFGS-B,6901,1.0757239e-07,0.001687442,4.2755644e-08,3.9423623e-05
L-BFGS-B,6902,1.07516314e-07,0.001691139,4.2751758e-08,3.94516e-05
L-BFGS-B,6903,1.0754959e-07,0.0016879521,4.2732815e-08,3.942188e-05
L-BFGS-B,6904,1.0754122e-07,0.0016877943,4.2710482e-08,3.94157e-05
L-BFGS-B,6905,1.07559025e-07,0.0016877964,4.2676476e-08,3.941329e-05
L-BFGS-B,6906,1.07579105e-07,0.0016878865,4.2638963e-08,3.9411574e-05
L-BFGS-B,6907,1.0760496e-07,0.0016882622,4.258196e-08,3.941066e-05
L-BFGS-B,6908,1.0762921e-07,0.0016884636,4.2532935e-08,3.9408962e-05
L-BFGS-B,6909,1.0765987e-07,0.0016902875,4.2366132e-08,3.9406776e-05
L-BFGS-B,6910,1.0768529e-07,0.0016899985,4.2375444e-08,3.9409093e-05
L-BFGS-B,6911,1.0766375e-07,0.0016900034,4.2363148e-08,3.940407e-05
L-BFGS-B,6912,1.0765902e-07,0.0016892352,4.2381423e-08,3.9398423e-05
L-BFGS-B,6913,1.07627734e-07,0.0016877035,4.2434106e-08,3.9386312e-05
L-BFGS-B,6914,1.0762045e-07,0.0016873799,4.2429534e-08,3.9381295e-05
L-BFGS-B,6915,1.07796396e-07,0.0016870296,4.2572502e-08,3.9425628e-05
L-BFGS-B,6916,1.0763593e-07,0.0016870337,4.2429658e-08,3.9380175e-05
L-BFGS-B,6917,1.0758405e-07,0.0016857872,4.2588777e-08,3.9383795e-05
L-BFGS-B,6918,1.076127e-07,0.0016864361,4.247888e-08,3.9378097e-05
L-BFGS-B,6919,1.0855114e-07,0.0017320062,4.3100187e-08,4.006776e-05
L-BFGS-B,6920,1.07611e-07,0.0016871978,4.239188e-08,3.937241e-05
L-BFGS-B,6921,1.075491e-07,0.0016869064,4.2409482e-08,3.936285e-05
L-BFGS-B,6922,1.0750271e-07,0.0016870509,4.2355296e-08,3.934921e-05
L-BFGS-B,6923,1.0746054e-07,0.0016866848,4.2385157e-08,3.93437e-05
L-BFGS-B,6924,1.0746736e-07,0.0016867234,4.2343583e-08,3.9338873e-05
L-BFGS-B,6925,1.0752199e-07,0.0016874955,4.2194095e-08,3.9332368e-05
L-BFGS-B,6926,1.0764595e-07,0.0016884733,4.1976747e-08,3.9328137e-05
L-BFGS-B,6927,1.07665336e-07,0.0016862504,4.2079982e-08,3.9324306e-05
L-BFGS-B,6928,1.0768582e-07,0.0016860595,4.2042736e-08,3.931988e-05
L-BFGS-B,6929,1.0768887e-07,0.0016845086,4.2110432e-08,3.9314982e-05
L-BFGS-B,6930,1.0765382e-07,0.0016832555,4.2212378e-08,3.9312486e-05
L-BFGS-B,6931,1.0763707e-07,0.0016825122,4.2270937e-08,3.9311322e-05
L-BFGS-B,6932,1.0759798e-07,0.0016819068,4.2339998e-08,3.9309765e-05
L-BFGS-B,6933,1.0756393e-07,0.0016815905,4.2387494e-08,3.9308616e-05
L-BFGS-B,6934,1.0749186e-07,0.0016807386,4.247813e-08,3.9302886e-05
L-BFGS-B,6935,1.0746066e-07,0.0016803977,4.250972e-08,3.929953e-05
L-BFGS-B,6936,1.0744434e-07,0.0016803738,4.2508667e-08,3.929669e-05
L-BFGS-B,6937,1.0732599e-07,0.001675084,4.3154344e-08,3.9322887e-05
L-BFGS-B,6938,1.07420284e-07,0.0016793135,4.2598202e-08,3.929591e-05
L-BFGS-B,6939,1.07442766e-07,0.0016795116,4.2550848e-08,3.929416e-05
L-BFGS-B,6940,1.07440954e-07,0.0016793876,4.255175e-08,3.929278e-05
L-BFGS-B,6941,1.074337e-07,0.0016792965,4.256002e-08,3.9292023e-05
L-BFGS-B,6942,1.0741574e-07,0.0016791036,4.2582833e-08,3.929082e-05
L-BFGS-B,6943,1.0742227e-07,0.0016787421,4.2592653e-08,3.9289658e-05
L-BFGS-B,6944,1.07403714e-07,0.0016815799,4.2499458e-08,3.9301274e-05
L-BFGS-B,6945,1.0741222e-07,0.0016791852,4.25659e-08,3.928857e-05
L-BFGS-B,6946,1.0743515e-07,0.0016792791,4.252788e-08,3.9287246e-05
L-BFGS-B,6947,1.0746976e-07,0.0016794925,4.2471484e-08,3.9286115e-05
L-BFGS-B,6948,1.0747636e-07,0.001679425,4.2467395e-08,3.9285813e-05
L-BFGS-B,6949,1.07471934e-07,0.0016789725,4.24919e-08,3.9284303e-05
L-BFGS-B,6950,1.07548225e-07,0.0016802031,4.2330456e-08,3.9283834e-05
L-BFGS-B,6951,1.0749479e-07,0.0016791072,4.2445194e-08,3.928207e-05
L-BFGS-B,6952,1.0745488e-07,0.0016783933,4.2523702e-08,3.928072e-05
L-BFGS-B,6953,1.0742953e-07,0.0016779668,4.256624e-08,3.927903e-05
L-BFGS-B,6954,1.074253e-07,0.0016779053,4.256225e-08,3.9277187e-05
L-BFGS-B,6955,1.0744507e-07,0.0016781865,4.2504197e-08,3.9274255e-05
L-BFGS-B,6956,1.08282585e-07,0.001699999,4.2910134e-08,3.9678896e-05
L-BFGS-B,6957,1.0745348e-07,0.0016783157,4.248132e-08,3.927338e-05
L-BFGS-B,6958,1.0748664e-07,0.0016787396,4.238664e-08,3.926839e-05
L-BFGS-B,6959,1.07795515e-07,0.0016767168,4.253943e-08,3.931741e-05
L-BFGS-B,6960,1.07524436e-07,0.0016779894,4.2388635e-08,3.9266855e-05
L-BFGS-B,6961,1.07555856e-07,0.0016781893,4.2281794e-08,3.9257542e-05
L-BFGS-B,6962,1.0754432e-07,0.0016777582,4.227109e-08,3.924989e-05
L-BFGS-B,6963,1.07537815e-07,0.0016775625,4.225043e-08,3.924386e-05
L-BFGS-B,6964,1.0749161e-07,0.0016770787,4.229227e-08,3.923837e-05
L-BFGS-B,6965,1.07523974e-07,0.0016782056,4.213381e-08,3.923072e-05
L-BFGS-B,6966,1.07588036e-07,0.0016789708,4.2022517e-08,3.923129e-05
L-BFGS-B,6967,1.075493e-07,0.0016784484,4.2072177e-08,3.9227703e-05
L-BFGS-B,6968,1.12131055e-07,0.0017811576,4.387901e-08,4.1213083e-05
L-BFGS-B,6969,1.0760169e-07,0.0016790478,4.1944883e-08,3.922246e-05
L-BFGS-B,6970,1.0763916e-07,0.001679415,4.1859984e-08,3.921902e-05
L-BFGS-B,6971,1.0766632e-07,0.0016788075,4.1816318e-08,3.921047e-05
L-BFGS-B,6972,1.07690084e-07,0.0016774052,4.1820925e-08,3.9200702e-05
L-BFGS-B,6973,1.0771112e-07,0.0016752775,4.186137e-08,3.9188646e-05
L-BFGS-B,6974,1.0786206e-07,0.0016786559,4.190457e-08,3.925155e-05
L-BFGS-B,6975,1.07707756e-07,0.0016751754,4.18337e-08,3.9182974e-05
L-BFGS-B,6976,1.076401e-07,0.0016743264,4.1874642e-08,3.9170474e-05
L-BFGS-B,6977,1.07520314e-07,0.0016734729,4.1948343e-08,3.915503e-05
L-BFGS-B,6978,1.0745954e-07,0.0016738345,4.1906578e-08,3.9143262e-05
L-BFGS-B,6979,1.07483494e-07,0.0016745043,4.1805226e-08,3.913835e-05
L-BFGS-B,6980,1.0748569e-07,0.0016742758,4.1788667e-08,3.913391e-05
L-BFGS-B,6981,1.0751659e-07,0.0016741742,4.173909e-08,3.9130096e-05
L-BFGS-B,6982,1.07593586e-07,0.001674162,4.1623426e-08,3.912417e-05
L-BFGS-B,6983,1.0765058e-07,0.0016739689,4.1544443e-08,3.9118942e-05
L-BFGS-B,6984,1.0766218e-07,0.001672569,4.1565563e-08,3.910985e-05
L-BFGS-B,6985,1.07659396e-07,0.001672383,4.1527777e-08,3.9101906e-05
L-BFGS-B,6986,1.0764622e-07,0.0016729033,4.1454143e-08,3.9094088e-05
L-BFGS-B,6987,1.0766847e-07,0.0016750331,4.124563e-08,3.9087445e-05
L-BFGS-B,6988,1.0765211e-07,0.0016749143,4.1245762e-08,3.908382e-05
L-BFGS-B,6989,1.0764141e-07,0.0016741942,4.128927e-08,3.9081544e-05
L-BFGS-B,6990,1.0771328e-07,0.0016712341,4.1511708e-08,3.9096092e-05
L-BFGS-B,6991,1.0765122e-07,0.0016733188,4.1328505e-08,3.9080143e-05
L-BFGS-B,6992,1.0764837e-07,0.0016733324,4.1310976e-08,3.9077222e-05
L-BFGS-B,6993,1.0765449e-07,0.0016736271,4.1269015e-08,3.90748e-05
L-BFGS-B,6994,1.0766102e-07,0.0016740586,4.1203048e-08,3.9070193e-05
L-BFGS-B,6995,1.0765669e-07,0.0016746257,4.1117417e-08,3.906237e-05
L-BFGS-B,6996,1.0758707e-07,0.0016732985,4.1444242e-08,3.908768e-05
L-BFGS-B,6997,1.0763594e-07,0.0016741042,4.1164633e-08,3.9061128e-05
L-BFGS-B,6998,1.078631e-07,0.0016804592,4.0840625e-08,3.911015e-05
L-BFGS-B,6999,1.0767813e-07,0.0016750277,4.1016886e-08,3.905453e-05
L-BFGS-B,7000,1.0770063e-07,0.0016759103,4.081493e-08,3.9036437e-05
L-BFGS-B,7001,1.07641526e-07,0.0016743931,4.0834408e-08,3.901532e-05
L-BFGS-B,7002,1.0751229e-07,0.0016700806,4.1015944e-08,3.898004e-05
L-BFGS-B,7003,1.0746388e-07,0.0016699831,4.1080195e-08,3.8981445e-05
L-BFGS-B,7004,1.074791e-07,0.0016695656,4.1039446e-08,3.897344e-05
L-BFGS-B,7005,1.0745348e-07,0.0016692489,4.1015596e-08,3.8962848e-05
L-BFGS-B,7006,1.07391294e-07,0.0016693245,4.0979465e-08,3.8948856e-05
L-BFGS-B,7007,1.0730683e-07,0.0016696294,4.0987935e-08,3.894051e-05
L-BFGS-B,7008,1.0897875e-07,0.001720343,4.870441e-08,4.0855903e-05
L-BFGS-B,7009,1.0727923e-07,0.0016689526,4.1048406e-08,3.8938673e-05
L-BFGS-B,7010,1.0703161e-07,0.0016691054,4.111043e-08,3.891236e-05
L-BFGS-B,7011,1.0702793e-07,0.001670169,4.091216e-08,3.8892704e-05
L-BFGS-B,7012,1.0700574e-07,0.0016690498,4.0905846e-08,3.8877235e-05
L-BFGS-B,7013,1.06773655e-07,0.0016644595,4.1595545e-08,3.8899976e-05
L-BFGS-B,7014,1.06928674e-07,0.0016674201,4.106703e-08,3.8873557e-05
L-BFGS-B,7015,1.0702461e-07,0.0016680417,4.0858556e-08,3.886289e-05
L-BFGS-B,7016,1.06872655e-07,0.0016664715,4.0956152e-08,3.8839036e-05
L-BFGS-B,7017,1.0683746e-07,0.0016656009,4.096657e-08,3.8826616e-05
L-BFGS-B,7018,1.06807995e-07,0.0016656923,4.090061e-08,3.8813214e-05
L-BFGS-B,7019,1.0679498e-07,0.0016669583,4.0906258e-08,3.8824768e-05
L-BFGS-B,7020,1.0679583e-07,0.0016657594,4.0874347e-08,3.8808117e-05
L-BFGS-B,7021,1.0677117e-07,0.0016670054,4.0747956e-08,3.8797923e-05
L-BFGS-B,7022,1.06854564e-07,0.0016664236,4.068753e-08,3.879555e-05
L-BFGS-B,7023,1.0680513e-07,0.0016664537,4.0697742e-08,3.8789964e-05
L-BFGS-B,7024,1.0677464e-07,0.0016639192,4.0825228e-08,3.877917e-05
L-BFGS-B,7025,1.0671354e-07,0.0016623548,4.0930722e-08,3.877019e-05
L-BFGS-B,7026,1.0666309e-07,0.0016616395,4.0988e-08,3.8764058e-05
L-BFGS-B,7027,1.0666745e-07,0.0016604447,4.1036465e-08,3.8760034e-05
L-BFGS-B,7028,1.0667271e-07,0.0016599791,4.1043858e-08,3.8757273e-05
L-BFGS-B,7029,1.06664416e-07,0.0016595362,4.1071576e-08,3.875576e-05
L-BFGS-B,7030,1.0664658e-07,0.0016590197,4.1107437e-08,3.87533e-05
L-BFGS-B,7031,1.0663177e-07,0.0016587621,4.112135e-08,3.875059e-05
L-BFGS-B,7032,1.0664118e-07,0.0016583839,4.1103114e-08,3.8745482e-05
L-BFGS-B,7033,1.065619e-07,0.0016590816,4.1086683e-08,3.8738104e-05
L-BFGS-B,7034,1.06586874e-07,0.0016590398,4.103981e-08,3.87344e-05
L-BFGS-B,7035,1.0647619e-07,0.0016564184,4.1304933e-08,3.8731352e-05
L-BFGS-B,7036,1.06563235e-07,0.0016570623,4.1111438e-08,3.8721824e-05
L-BFGS-B,7037,1.06629294e-07,0.0016577048,4.0996483e-08,3.8720915e-05
L-BFGS-B,7038,1.06572436e-07,0.0016564889,4.1087198e-08,3.871383e-05
L-BFGS-B,7039,1.065111e-07,0.0016552907,4.120248e-08,3.8709946e-05
L-BFGS-B,7040,1.06479476e-07,0.0016546859,4.12477e-08,3.8705934e-05
L-BFGS-B,7041,1.0647435e-07,0.0016544217,4.1249073e-08,3.870273e-05
L-BFGS-B,7042,1.0649735e-07,0.0016548471,4.1183796e-08,3.870064e-05
L-BFGS-B,7043,1.0651537e-07,0.0016551343,4.1124583e-08,3.8697337e-05
L-BFGS-B,7044,1.06501126e-07,0.0016558893,4.107238e-08,3.8694918e-05
L-BFGS-B,7045,1.0791251e-07,0.0016885094,4.513475e-08,3.9842183e-05
L-BFGS-B,7046,1.064884e-07,0.0016549969,4.1114696e-08,3.8690432e-05
L-BFGS-B,7047,1.0689e-07,0.001672145,4.0258474e-08,3.879372e-05
L-BFGS-B,7048,1.06513426e-07,0.0016562382,4.0996674e-08,3.8688897e-05
L-BFGS-B,7049,1.0646723e-07,0.001654682,4.1108287e-08,3.8683145e-05
L-BFGS-B,7050,1.0636794e-07,0.0016521751,4.12964e-08,3.8671402e-05
L-BFGS-B,7051,1.0641892e-07,0.0016507006,4.136624e-08,3.8674778e-05
L-BFGS-B,7052,1.0637951e-07,0.0016511077,4.1311615e-08,3.8664744e-05
L-BFGS-B,7053,1.0624343e-07,0.0016497364,4.146564e-08,3.865372e-05
L-BFGS-B,7054,1.06189624e-07,0.0016491452,4.1523617e-08,3.8648435e-05
L-BFGS-B,7055,1.0615346e-07,0.0016488262,4.1536655e-08,3.8641778e-05
L-BFGS-B,7056,1.0613866e-07,0.0016482101,4.1559645e-08,3.863685e-05
L-BFGS-B,7057,1.0615945e-07,0.0016480724,4.151552e-08,3.863197e-05
L-BFGS-B,7058,1.0617626e-07,0.001648229,4.146301e-08,3.862818e-05
L-BFGS-B,7059,1.0616234e-07,0.0016475685,4.149767e-08,3.8624687e-05
L-BFGS-B,7060,1.06154566e-07,0.0016477846,4.1460787e-08,3.8620146e-05
L-BFGS-B,7061,1.0613766e-07,0.0016476593,4.1457824e-08,3.8615915e-05
L-BFGS-B,7062,1.0629437e-07,0.0016574658,4.2764796e-08,3.8933536e-05
L-BFGS-B,7063,1.0611799e-07,0.0016473491,4.149118e-08,3.8614864e-05
L-BFGS-B,7064,1.0610787e-07,0.0016472017,4.148208e-08,3.861051e-05
L-BFGS-B,7065,1.06098376e-07,0.001647114,4.1454353e-08,3.8604052e-05
L-BFGS-B,7066,1.0610915e-07,0.0016470022,4.140367e-08,3.8596943e-05
L-BFGS-B,7067,1.0603225e-07,0.0016467436,4.147003e-08,3.8592778e-05
L-BFGS-B,7068,1.0604712e-07,0.0016466512,4.141494e-08,3.8585822e-05
L-BFGS-B,7069,1.0603956e-07,0.0016468024,4.1373276e-08,3.857995e-05
L-BFGS-B,7070,1.0599057e-07,0.0016462923,4.140069e-08,3.8571612e-05
L-BFGS-B,7071,1.05902124e-07,0.0016444253,4.1545267e-08,3.856136e-05
L-BFGS-B,7072,1.0588152e-07,0.0016438593,4.1551388e-08,3.855353e-05
L-BFGS-B,7073,1.05867876e-07,0.0016417586,4.166828e-08,3.8548005e-05
L-BFGS-B,7074,1.0589094e-07,0.0016430762,4.1458268e-08,3.8533144e-05
L-BFGS-B,7075,1.0589324e-07,0.0016426148,4.1439996e-08,3.8526134e-05
L-BFGS-B,7076,1.05891786e-07,0.0016426564,4.139933e-08,3.852023e-05
L-BFGS-B,7077,1.0588848e-07,0.0016425158,4.1337422e-08,3.8509046e-05
L-BFGS-B,7078,1.05867926e-07,0.0016426456,4.131722e-08,3.8504226e-05
L-BFGS-B,7079,1.0584565e-07,0.0016425699,4.132717e-08,3.850162e-05
L-BFGS-B,7080,1.05824945e-07,0.0016422662,4.1336875e-08,3.8496935e-05
L-BFGS-B,7081,1.0580355e-07,0.001641847,4.137177e-08,3.849477e-05
L-BFGS-B,7082,1.05775115e-07,0.0016415328,4.139722e-08,3.849118e-05
L-BFGS-B,7083,1.057694e-07,0.001641808,4.136028e-08,3.848753e-05
L-BFGS-B,7084,1.0576336e-07,0.001642348,4.1303412e-08,3.8483497e-05
L-BFGS-B,7085,1.0588689e-07,0.001642756,4.116222e-08,3.8484926e-05
L-BFGS-B,7086,1.05811544e-07,0.0016424294,4.1242657e-08,3.8482423e-05
L-BFGS-B,7087,1.0576674e-07,0.001643316,4.1208025e-08,3.8479375e-05
L-BFGS-B,7088,1.0578306e-07,0.0016427551,4.1210704e-08,3.8476617e-05
L-BFGS-B,7089,1.0579022e-07,0.0016419856,4.123461e-08,3.8473576e-05
L-BFGS-B,7090,1.0578691e-07,0.0016409295,4.128573e-08,3.847019e-05
L-BFGS-B,7091,1.0575568e-07,0.0016396736,4.1383018e-08,3.8467544e-05
L-BFGS-B,7092,1.0574197e-07,0.0016399462,4.1366945e-08,3.84658e-05
L-BFGS-B,7093,1.0573071e-07,0.001640192,4.1352084e-08,3.846434e-05
L-BFGS-B,7094,1.057488e-07,0.0016407024,4.1287837e-08,3.846252e-05
L-BFGS-B,7095,1.05762126e-07,0.0016419906,4.1167716e-08,3.845938e-05
L-BFGS-B,7096,1.0580952e-07,0.0016422644,4.1082135e-08,3.8456394e-05
L-BFGS-B,7097,1.05830956e-07,0.0016422506,4.1047972e-08,3.8454345e-05
L-BFGS-B,7098,1.0584389e-07,0.0016419347,4.102224e-08,3.8449267e-05
L-BFGS-B,7099,1.0598622e-07,0.0016423035,4.106333e-08,3.8480466e-05
L-BFGS-B,7100,1.05858504e-07,0.0016416307,4.1014307e-08,3.8447226e-05
L-BFGS-B,7101,1.0585325e-07,0.0016418403,4.0976975e-08,3.8442937e-05
L-BFGS-B,7102,1.05839455e-07,0.0016420496,4.09465e-08,3.8438386e-05
L-BFGS-B,7103,1.05862284e-07,0.0016416439,4.0924245e-08,3.843442e-05
L-BFGS-B,7104,1.0584852e-07,0.0016419921,4.089393e-08,3.8431288e-05
L-BFGS-B,7105,1.05832584e-07,0.0016422509,4.087101e-08,3.842805e-05
L-BFGS-B,7106,1.0583952e-07,0.0016427523,4.081042e-08,3.8425012e-05
L-BFGS-B,7107,1.0596668e-07,0.0016461131,4.0479676e-08,3.8428083e-05
L-BFGS-B,7108,1.05885036e-07,0.0016439463,4.0669796e-08,3.8422688e-05
L-BFGS-B,7109,1.0612163e-07,0.0016478881,4.0344677e-08,3.8448827e-05
L-BFGS-B,7110,1.05934895e-07,0.0016445684,4.055117e-08,3.8418595e-05
L-BFGS-B,7111,1.0591057e-07,0.0016446272,4.054566e-08,3.8414706e-05
L-BFGS-B,7112,1.0588522e-07,0.0016447369,4.053856e-08,3.8410933e-05
L-BFGS-B,7113,1.05849054e-07,0.0016436342,4.0620808e-08,3.840682e-05
L-BFGS-B,7114,1.0584549e-07,0.0016432621,4.0629597e-08,3.8403883e-05
L-BFGS-B,7115,1.0583162e-07,0.0016431129,4.062076e-08,3.8398983e-05
L-BFGS-B,7116,1.0584264e-07,0.0016440845,4.053223e-08,3.8397076e-05
L-BFGS-B,7117,1.0582657e-07,0.0016444089,4.0499607e-08,3.8393013e-05
L-BFGS-B,7118,1.0581184e-07,0.0016444083,4.048993e-08,3.838935e-05
L-BFGS-B,7119,1.0579941e-07,0.0016445604,4.045183e-08,3.838329e-05
L-BFGS-B,7120,1.0577377e-07,0.001643721,4.0514646e-08,3.8380473e-05
L-BFGS-B,7121,1.0685454e-07,0.0016686452,3.995199e-08,3.8707432e-05
L-BFGS-B,7122,1.0580875e-07,0.0016441597,4.043972e-08,3.8378865e-05
L-BFGS-B,7123,1.0581893e-07,0.001643385,4.0455422e-08,3.8375005e-05
L-BFGS-B,7124,1.058006e-07,0.0016424996,4.051167e-08,3.8371836e-05
L-BFGS-B,7125,1.0579528e-07,0.0016418942,4.0547757e-08,3.8370395e-05
L-BFGS-B,7126,1.0584491e-07,0.001642355,4.0456282e-08,3.836873e-05
L-BFGS-B,7127,1.05822934e-07,0.0016415477,4.0498527e-08,3.8363694e-05
L-BFGS-B,7128,1.05826544e-07,0.0016417614,4.0457483e-08,3.8360216e-05
L-BFGS-B,7129,1.05851214e-07,0.0016420033,4.038394e-08,3.8355305e-05
L-BFGS-B,7130,1.061892e-07,0.0016499573,4.116047e-08,3.8602026e-05
L-BFGS-B,7131,1.05852614e-07,0.0016416647,4.0398888e-08,3.835437e-05
L-BFGS-B,7132,1.05875586e-07,0.0016416704,4.0354212e-08,3.8351172e-05
L-BFGS-B,7133,1.05861254e-07,0.0016401202,4.044534e-08,3.8347192e-05
L-BFGS-B,7134,1.05867784e-07,0.0016387679,4.0494196e-08,3.8341976e-05
L-BFGS-B,7135,1.05832086e-07,0.0016370004,4.059938e-08,3.8334725e-05
L-BFGS-B,7136,1.0578383e-07,0.0016338791,4.0796326e-08,3.8325812e-05
L-BFGS-B,7137,1.0575236e-07,0.0016329755,4.0858296e-08,3.8321356e-05
L-BFGS-B,7138,1.0573065e-07,0.0016331782,4.0846047e-08,3.8318285e-05
L-BFGS-B,7139,1.0572548e-07,0.0016331605,4.0841137e-08,3.83166e-05
L-BFGS-B,7140,1.0572577e-07,0.001633278,4.0815255e-08,3.8313934e-05
L-BFGS-B,7141,1.05688386e-07,0.001632421,4.1072223e-08,3.83383e-05
L-BFGS-B,7142,1.0570976e-07,0.0016328573,4.084995e-08,3.8312526e-05
L-BFGS-B,7143,1.05682254e-07,0.001632646,4.0866947e-08,3.8308837e-05
L-BFGS-B,7144,1.0564117e-07,0.0016319631,4.0923364e-08,3.830431e-05
L-BFGS-B,7145,1.05618746e-07,0.0016312674,4.097205e-08,3.8301292e-05
L-BFGS-B,7146,1.0556391e-07,0.0016297966,4.1089756e-08,3.8296013e-05
L-BFGS-B,7147,1.05544736e-07,0.0016285089,4.117298e-08,3.8292746e-05
L-BFGS-B,7148,1.0552273e-07,0.0016282432,4.1169653e-08,3.828629e-05
L-BFGS-B,7149,1.0552148e-07,0.0016285246,4.1122192e-08,3.8281796e-05
L-BFGS-B,7150,1.0548957e-07,0.0016282566,4.1156746e-08,3.827951e-05
L-BFGS-B,7151,1.05468686e-07,0.0016284125,4.1157428e-08,3.827804e-05
L-BFGS-B,7152,1.054582e-07,0.0016284034,4.1157666e-08,3.8276412e-05
L-BFGS-B,7153,1.0546347e-07,0.0016287786,4.1111726e-08,3.8274065e-05
L-BFGS-B,7154,1.0543842e-07,0.0016287445,4.1125432e-08,3.827202e-05
L-BFGS-B,7155,1.0540615e-07,0.00162873,4.1138527e-08,3.8269e-05
L-BFGS-B,7156,1.053548e-07,0.0016279774,4.122247e-08,3.8266364e-05
L-BFGS-B,7157,1.0533359e-07,0.0016281385,4.1220794e-08,3.826454e-05
L-BFGS-B,7158,1.0532298e-07,0.0016278655,4.124122e-08,3.8263282e-05
L-BFGS-B,7159,1.0529363e-07,0.0016273499,4.128197e-08,3.8259837e-05
L-BFGS-B,7160,1.0529644e-07,0.0016270521,4.129407e-08,3.8259095e-05
L-BFGS-B,7161,1.0529384e-07,0.00162719,4.1264663e-08,3.8255675e-05
L-BFGS-B,7162,1.0528392e-07,0.0016271194,4.126801e-08,3.8253984e-05
L-BFGS-B,7163,1.0527619e-07,0.0016272062,4.126089e-08,3.8252627e-05
L-BFGS-B,7164,1.0526218e-07,0.0016273313,4.1255316e-08,3.8250935e-05
L-BFGS-B,7165,1.05240815e-07,0.001627681,4.1235467e-08,3.8248254e-05
L-BFGS-B,7166,1.0510514e-07,0.0016273502,4.1705185e-08,3.829505e-05
L-BFGS-B,7167,1.05219016e-07,0.0016274591,4.1267775e-08,3.824761e-05
L-BFGS-B,7168,1.05222746e-07,0.0016288909,4.117438e-08,3.8248476e-05
L-BFGS-B,7169,1.05218824e-07,0.0016279826,4.1227473e-08,3.824677e-05
L-BFGS-B,7170,1.0511143e-07,0.0016266778,4.1405663e-08,3.8244343e-05
L-BFGS-B,7171,1.0513228e-07,0.0016265324,4.1376587e-08,3.8241655e-05
L-BFGS-B,7172,1.0513453e-07,0.0016262785,4.1382997e-08,3.8240414e-05
L-BFGS-B,7173,1.0513913e-07,0.001625106,4.14351e-08,3.823719e-05
L-BFGS-B,7174,1.0523248e-07,0.0016234873,4.1591814e-08,3.8258517e-05
L-BFGS-B,7175,1.05147635e-07,0.0016244783,4.146067e-08,3.8236027e-05
L-BFGS-B,7176,1.0513494e-07,0.0016238297,4.1484945e-08,3.823128e-05
L-BFGS-B,7177,1.0510579e-07,0.0016237746,4.1481528e-08,3.822584e-05
L-BFGS-B,7178,1.0513136e-07,0.0016245317,4.1384794e-08,3.822274e-05
L-BFGS-B,7179,1.05156786e-07,0.0016244805,4.1331962e-08,3.8218117e-05
L-BFGS-B,7180,1.05186224e-07,0.0016253052,4.122068e-08,3.8214086e-05
L-BFGS-B,7181,1.0518117e-07,0.0016250676,4.1211116e-08,3.8209517e-05
L-BFGS-B,7182,1.051505e-07,0.0016249894,4.123085e-08,3.82071e-05
L-BFGS-B,7183,1.05137474e-07,0.0016247075,4.1250587e-08,3.8205286e-05
L-BFGS-B,7184,1.0512865e-07,0.0016248748,4.1234365e-08,3.8203198e-05
L-BFGS-B,7185,1.05156495e-07,0.0016252944,4.1157623e-08,3.820006e-05
L-BFGS-B,7186,1.0527462e-07,0.0016300011,4.0826716e-08,3.821521e-05
L-BFGS-B,7187,1.05172965e-07,0.0016260222,4.1089613e-08,3.8199607e-05
L-BFGS-B,7188,1.0521263e-07,0.0016262596,4.1007624e-08,3.8195634e-05
L-BFGS-B,7189,1.0525829e-07,0.0016264899,4.092582e-08,3.8192513e-05
L-BFGS-B,7190,1.0529338e-07,0.0016263587,4.0878454e-08,3.8189362e-05
L-BFGS-B,7191,1.0534591e-07,0.0016265011,4.0786265e-08,3.8184837e-05
L-BFGS-B,7192,1.0543455e-07,0.0016253024,4.073249e-08,3.817808e-05
L-BFGS-B,7193,1.05453516e-07,0.0016266467,4.0585217e-08,3.817228e-05
L-BFGS-B,7194,1.05435994e-07,0.0016264484,4.057161e-08,3.8165625e-05
L-BFGS-B,7195,1.0542204e-07,0.0016270904,4.0481734e-08,3.8156468e-05
L-BFGS-B,7196,1.0548208e-07,0.0016275968,4.034984e-08,3.8150756e-05
L-BFGS-B,7197,1.0558471e-07,0.0016286753,4.0146368e-08,3.8146412e-05
L-BFGS-B,7198,1.0560606e-07,0.0016284022,4.0135372e-08,3.8145237e-05
L-BFGS-B,7199,1.05599085e-07,0.0016281261,4.014985e-08,3.8143604e-05
L-BFGS-B,7200,1.0558237e-07,0.0016278289,4.0176207e-08,3.814208e-05
L-BFGS-B,7201,1.055552e-07,0.0016273375,4.0218843e-08,3.8139482e-05
L-BFGS-B,7202,1.05479415e-07,0.0016264505,4.032663e-08,3.813541e-05
L-BFGS-B,7203,1.0543298e-07,0.0016262501,4.0371248e-08,3.8133137e-05
L-BFGS-B,7204,1.0542392e-07,0.0016260542,4.035653e-08,3.812761e-05
L-BFGS-B,7205,1.05434125e-07,0.0016260467,4.0331507e-08,3.8125312e-05
L-BFGS-B,7206,1.0542304e-07,0.0016263413,4.031354e-08,3.8123897e-05
L-BFGS-B,7207,1.0540519e-07,0.0016265241,4.0312443e-08,3.812289e-05
L-BFGS-B,7208,1.05388025e-07,0.0016262378,4.0337564e-08,3.8121216e-05
L-BFGS-B,7209,1.05354445e-07,0.0016259744,4.0365396e-08,3.811772e-05
L-BFGS-B,7210,1.0535151e-07,0.0016259741,4.0352433e-08,3.8115333e-05
L-BFGS-B,7211,1.0536483e-07,0.0016264747,4.0283588e-08,3.8112008e-05
L-BFGS-B,7212,1.0538666e-07,0.0016269557,4.0213557e-08,3.810959e-05
L-BFGS-B,7213,1.05414294e-07,0.0016275353,4.012531e-08,3.8106293e-05
L-BFGS-B,7214,1.0545666e-07,0.0016289995,3.993495e-08,3.8098737e-05
L-BFGS-B,7215,1.05568446e-07,0.0016343667,3.9779675e-08,3.8145885e-05
L-BFGS-B,7216,1.05464935e-07,0.0016296656,3.9863487e-08,3.809592e-05
L-BFGS-B,7217,1.05455314e-07,0.0016298057,3.9822844e-08,3.808978e-05
L-BFGS-B,7218,1.0544838e-07,0.0016296281,3.981148e-08,3.8085258e-05
L-BFGS-B,7219,1.0545387e-07,0.0016306123,3.9697376e-08,3.807881e-05
L-BFGS-B,7220,1.0548574e-07,0.0016321214,3.952231e-08,3.807242e-05
L-BFGS-B,7221,1.0552656e-07,0.0016347938,3.9248125e-08,3.806414e-05
L-BFGS-B,7222,1.05552104e-07,0.0016364267,3.9069196e-08,3.805746e-05
L-BFGS-B,7223,1.05568134e-07,0.0016380874,3.8888405e-08,3.804935e-05
L-BFGS-B,7224,1.0555951e-07,0.0016382908,3.8848654e-08,3.8044134e-05
L-BFGS-B,7225,1.0553614e-07,0.0016384664,3.8840295e-08,3.804113e-05
L-BFGS-B,7226,1.05514374e-07,0.0016385183,3.8843936e-08,3.803893e-05
L-BFGS-B,7227,1.05505556e-07,0.0016392001,3.8791768e-08,3.80366e-05
L-BFGS-B,7228,1.0558126e-07,0.0016409083,3.8578353e-08,3.8033024e-05
L-BFGS-B,7229,1.054412e-07,0.0016443846,3.8502435e-08,3.803539e-05
L-BFGS-B,7230,1.0551476e-07,0.0016422231,3.8533006e-08,3.8029397e-05
L-BFGS-B,7231,1.05531704e-07,0.0016420495,3.8511097e-08,3.802692e-05
L-BFGS-B,7232,1.05548374e-07,0.0016415956,3.8504936e-08,3.802395e-05
L-BFGS-B,7233,1.0554557e-07,0.0016413443,3.851446e-08,3.8022445e-05
L-BFGS-B,7234,1.05543556e-07,0.0016413385,3.850263e-08,3.8020313e-05
L-BFGS-B,7235,1.05605416e-07,0.0016423517,3.8373955e-08,3.8020426e-05
L-BFGS-B,7236,1.0557171e-07,0.0016417584,3.84343e-08,3.8018483e-05
L-BFGS-B,7237,1.0557062e-07,0.0016420863,3.839828e-08,3.80162e-05
L-BFGS-B,7238,1.0556941e-07,0.0016426645,3.8335404e-08,3.8012367e-05
L-BFGS-B,7239,1.05571104e-07,0.0016428774,3.8299078e-08,3.8009304e-05
L-BFGS-B,7240,1.0557183e-07,0.0016433684,3.8223927e-08,3.8003047e-05
L-BFGS-B,7241,1.055387e-07,0.0016420071,3.830602e-08,3.7996782e-05
L-BFGS-B,7242,1.0551865e-07,0.0016417698,3.8284142e-08,3.7988117e-05
L-BFGS-B,7243,1.05425016e-07,0.0016419326,3.8243147e-08,3.796955e-05
L-BFGS-B,7244,1.0537888e-07,0.0016411665,3.8291702e-08,3.796225e-05
L-BFGS-B,7245,1.0532946e-07,0.0016405614,3.8332438e-08,3.79549e-05
L-BFGS-B,7246,1.0527615e-07,0.0016408989,3.8310947e-08,3.7947055e-05
L-BFGS-B,7247,1.0525804e-07,0.0016445844,3.808221e-08,3.7946884e-05
L-BFGS-B,7248,1.05255886e-07,0.0016424705,3.81785e-08,3.7939863e-05
L-BFGS-B,7249,1.05600726e-07,0.0016366531,3.9231363e-08,3.8091344e-05
L-BFGS-B,7250,1.0526283e-07,0.0016397883,3.830144e-08,3.7932525e-05
L-BFGS-B,7251,1.0527075e-07,0.0016403021,3.8196593e-08,3.792312e-05
L-BFGS-B,7252,1.0530954e-07,0.001640917,3.8031818e-08,3.7910373e-05
L-BFGS-B,7253,1.0529154e-07,0.0016408684,3.7994557e-08,3.79016e-05
L-BFGS-B,7254,1.05241234e-07,0.0016401496,3.8032496e-08,3.7892554e-05
L-BFGS-B,7255,1.05431546e-07,0.0016401719,3.811695e-08,3.793399e-05
L-BFGS-B,7256,1.0525966e-07,0.0016397396,3.802813e-08,3.7890564e-05
L-BFGS-B,7257,1.0522294e-07,0.001638243,3.8119737e-08,3.788383e-05
L-BFGS-B,7258,1.05195035e-07,0.0016365787,3.819367e-08,3.787409e-05
L-BFGS-B,7259,1.0512578e-07,0.0016350601,3.8325876e-08,3.7868347e-05
L-BFGS-B,7260,1.05134205e-07,0.0016356381,3.824699e-08,3.786356e-05
L-BFGS-B,7261,1.05116555e-07,0.0016359952,3.8209123e-08,3.78588e-05
L-BFGS-B,7262,1.048045e-07,0.001644374,3.8995374e-08,3.8013717e-05
L-BFGS-B,7263,1.0508408e-07,0.0016360336,3.8236326e-08,3.7858394e-05
L-BFGS-B,7264,1.0510506e-07,0.0016357431,3.819685e-08,3.785272e-05
L-BFGS-B,7265,1.05107475e-07,0.0016349548,3.8198053e-08,3.7845377e-05
L-BFGS-B,7266,1.05108654e-07,0.001633249,3.82365e-08,3.7834263e-05
L-BFGS-B,7267,1.05215705e-07,0.0016335587,3.8012036e-08,3.7819744e-05
L-BFGS-B,7268,1.05343595e-07,0.0016374015,3.7619714e-08,3.781851e-05
L-BFGS-B,7269,1.05323195e-07,0.0016361239,3.760152e-08,3.7799946e-05
L-BFGS-B,7270,1.0534681e-07,0.0016368577,3.7488313e-08,3.779384e-05
L-BFGS-B,7271,1.05384274e-07,0.0016383328,3.72993e-08,3.7785863e-05
L-BFGS-B,7272,1.0542583e-07,0.0016408871,3.702501e-08,3.77765e-05
L-BFGS-B,7273,1.0543247e-07,0.0016424224,3.6866453e-08,3.776906e-05
L-BFGS-B,7274,1.0537984e-07,0.0016428949,3.685095e-08,3.776357e-05
L-BFGS-B,7275,1.0548248e-07,0.0016436747,3.6819156e-08,3.7781992e-05
L-BFGS-B,7276,1.0539616e-07,0.0016427295,3.6822033e-08,3.7760023e-05
L-BFGS-B,7277,1.0540777e-07,0.0016423304,3.6789903e-08,3.7752958e-05
L-BFGS-B,7278,1.0536764e-07,0.0016410092,3.686929e-08,3.774563e-05
L-BFGS-B,7279,1.0533435e-07,0.0016405014,3.6842483e-08,3.773154e-05
L-BFGS-B,7280,1.0535334e-07,0.0016405475,3.6733024e-08,3.7718426e-05
L-BFGS-B,7281,1.0541167e-07,0.0016413509,3.654167e-08,3.770651e-05
L-BFGS-B,7282,1.0535848e-07,0.0016396638,3.6642096e-08,3.7696725e-05
L-BFGS-B,7283,1.0555847e-07,0.0016424638,3.632791e-08,3.7707596e-05
L-BFGS-B,7284,1.0541427e-07,0.0016403532,3.6512468e-08,3.769254e-05
L-BFGS-B,7285,1.053914e-07,0.0016387539,3.6593615e-08,3.768529e-05
L-BFGS-B,7286,1.0538555e-07,0.0016374569,3.6622737e-08,3.7675814e-05
L-BFGS-B,7287,1.053952e-07,0.0016352664,3.668251e-08,3.7664322e-05
L-BFGS-B,7288,1.0541564e-07,0.0016359285,3.6585458e-08,3.7659447e-05
L-BFGS-B,7289,1.0544452e-07,0.0016364065,3.6484238e-08,3.7653383e-05
L-BFGS-B,7290,1.0543949e-07,0.0016354705,3.6518614e-08,3.764842e-05
L-BFGS-B,7291,1.05412816e-07,0.001636399,3.645508e-08,3.7644175e-05
L-BFGS-B,7292,1.053678e-07,0.001634867,3.6560547e-08,3.763792e-05
L-BFGS-B,7293,1.05728304e-07,0.0016445465,3.684967e-08,3.783216e-05
L-BFGS-B,7294,1.0537822e-07,0.0016351448,3.652406e-08,3.763679e-05
L-BFGS-B,7295,1.05344824e-07,0.0016342478,3.6534264e-08,3.7624337e-05
L-BFGS-B,7296,1.0529648e-07,0.0016309017,3.663356e-08,3.7598522e-05
L-BFGS-B,7297,1.0526918e-07,0.001628413,3.6705547e-08,3.7580343e-05
L-BFGS-B,7298,1.0529309e-07,0.0016240815,3.680701e-08,3.7555827e-05
L-BFGS-B,7299,1.05158854e-07,0.0016234675,3.681879e-08,3.753132e-05
L-BFGS-B,7300,1.0506888e-07,0.0016223495,3.684733e-08,3.7510923e-05
L-BFGS-B,7301,1.0508534e-07,0.0016235422,3.6665195e-08,3.7498e-05
L-BFGS-B,7302,1.0506241e-07,0.0016229562,3.6612395e-08,3.7480782e-05
L-BFGS-B,7303,1.05002925e-07,0.0016234269,3.6510798e-08,3.746133e-05
L-BFGS-B,7304,1.05131434e-07,0.0016304271,3.5948513e-08,3.7466263e-05
L-BFGS-B,7305,1.05034054e-07,0.0016256481,3.621497e-08,3.744383e-05
L-BFGS-B,7306,1.05083664e-07,0.0016297922,3.5760443e-08,3.7424536e-05
L-BFGS-B,7307,1.05107844e-07,0.0016351384,3.545912e-08,3.7436428e-05
L-BFGS-B,7308,1.05068786e-07,0.0016315307,3.5576782e-08,3.741214e-05
L-BFGS-B,7309,1.0732127e-07,0.0017239135,3.562767e-08,3.8681475e-05
L-BFGS-B,7310,1.0511682e-07,0.0016312118,3.5489112e-08,3.7403006e-05
L-BFGS-B,7311,1.05249626e-07,0.0016303594,3.5314965e-08,3.7388287e-05
L-BFGS-B,7312,1.05270445e-07,0.0016311776,3.5172693e-08,3.7378246e-05
L-BFGS-B,7313,1.05246045e-07,0.0016301132,3.520016e-08,3.7368063e-05
L-BFGS-B,7314,1.05251196e-07,0.0016281484,3.5257557e-08,3.7357793e-05
L-BFGS-B,7315,1.0523969e-07,0.0016249949,3.5394386e-08,3.734506e-05
L-BFGS-B,7316,1.0522984e-07,0.0016231411,3.547116e-08,3.7336562e-05
L-BFGS-B,7317,1.0522347e-07,0.0016232333,3.5426595e-08,3.732984e-05
L-BFGS-B,7318,1.05215065e-07,0.0016235111,3.538552e-08,3.73252e-05
L-BFGS-B,7319,1.05211e-07,0.001623877,3.5337436e-08,3.7321035e-05
L-BFGS-B,7320,1.0516753e-07,0.0016232106,3.537338e-08,3.7313243e-05
L-BFGS-B,7321,1.06166084e-07,0.001630642,3.625504e-08,3.766959e-05
L-BFGS-B,7322,1.05209025e-07,0.0016224566,3.5356216e-08,3.730935e-05
L-BFGS-B,7323,1.0506435e-07,0.0016224344,3.544156e-08,3.730023e-05
L-BFGS-B,7324,1.05049594e-07,0.0016209411,3.5467014e-08,3.7286904e-05
L-BFGS-B,7325,1.0502976e-07,0.0016195928,3.552838e-08,3.7279646e-05
L-BFGS-B,7326,1.0501886e-07,0.0016186417,3.5531347e-08,3.7268946e-05
L-BFGS-B,7327,1.0504548e-07,0.0016188561,3.5627686e-08,3.7289537e-05
L-BFGS-B,7328,1.0501349e-07,0.0016181399,3.5527776e-08,3.7262587e-05
L-BFGS-B,7329,1.0515399e-07,0.001623963,3.5224815e-08,3.729645e-05
L-BFGS-B,7330,1.0502209e-07,0.0016193087,3.5320593e-08,3.7244492e-05
L-BFGS-B,7331,1.04925675e-07,0.0016164314,3.5402866e-08,3.7213595e-05
L-BFGS-B,7332,1.0482051e-07,0.0016130427,3.547192e-08,3.717429e-05
L-BFGS-B,7333,1.0478331e-07,0.0016105656,3.546784e-08,3.714333e-05
L-BFGS-B,7334,1.0475743e-07,0.0016080502,3.5436553e-08,3.71096e-05
L-BFGS-B,7335,1.0474025e-07,0.0016067007,3.547846e-08,3.7099813e-05
L-BFGS-B,7336,1.0468744e-07,0.0016061565,3.542107e-08,3.7077836e-05
L-BFGS-B,7337,1.04699396e-07,0.0016058498,3.535058e-08,3.7065995e-05
L-BFGS-B,7338,1.0470344e-07,0.0016048911,3.5304133e-08,3.7050046e-05
L-BFGS-B,7339,1.04665766e-07,0.001603532,3.5364895e-08,3.7039918e-05
L-BFGS-B,7340,1.04585624e-07,0.0016024897,3.5481612e-08,3.7034984e-05
L-BFGS-B,7341,1.04589226e-07,0.0016023763,3.5449528e-08,3.7029575e-05
L-BFGS-B,7342,1.0457974e-07,0.0016027964,3.534877e-08,3.701724e-05
L-BFGS-B,7343,1.0951663e-07,0.0018124129,4.3203755e-08,4.1032188e-05
L-BFGS-B,7344,1.0468278e-07,0.0016019067,3.5316784e-08,3.7019003e-05
L-BFGS-B,7345,1.04622394e-07,0.0016021881,3.532101e-08,3.701339e-05
L-BFGS-B,7346,1.0462474e-07,0.0016030513,3.5133535e-08,3.6994254e-05
L-BFGS-B,7347,1.046451e-07,0.0016042675,3.4914592e-08,3.6976628e-05
L-BFGS-B,7348,1.0469651e-07,0.0016043572,3.473514e-08,3.6958318e-05
L-BFGS-B,7349,1.0475488e-07,0.0016149911,3.5097806e-08,3.7127815e-05
L-BFGS-B,7350,1.0465929e-07,0.00160494,3.467601e-08,3.6949692e-05
L-BFGS-B,7351,1.0473827e-07,0.0016050449,3.446307e-08,3.693065e-05
L-BFGS-B,7352,1.04773505e-07,0.0016016694,3.4451602e-08,3.6900463e-05
L-BFGS-B,7353,1.0474114e-07,0.001598914,3.4484273e-08,3.6872956e-05
L-BFGS-B,7354,1.0466648e-07,0.0015990525,3.4446575e-08,3.6857484e-05
L-BFGS-B,7355,1.04567384e-07,0.0015988579,3.4457276e-08,3.6842277e-05
L-BFGS-B,7356,1.0452667e-07,0.0015984974,3.444505e-08,3.683073e-05
L-BFGS-B,7357,1.0452329e-07,0.0015990816,3.433583e-08,3.6819685e-05
L-BFGS-B,7358,1.0453558e-07,0.0015993953,3.4240145e-08,3.681031e-05
L-BFGS-B,7359,1.06193475e-07,0.0016234781,3.6431416e-08,3.7628513e-05
L-BFGS-B,7360,1.0457009e-07,0.0015987152,3.4240042e-08,3.6808673e-05
L-BFGS-B,7361,1.0592665e-07,0.0016364713,3.4541173e-08,3.7434886e-05
L-BFGS-B,7362,1.0457514e-07,0.0015992003,3.4189878e-08,3.6806756e-05
L-BFGS-B,7363,1.0455071e-07,0.0015995994,3.4078298e-08,3.6790345e-05
L-BFGS-B,7364,1.0467498e-07,0.0016014493,3.3764202e-08,3.678037e-05
L-BFGS-B,7365,1.0457703e-07,0.0016005619,3.381778e-08,3.676484e-05
L-BFGS-B,7366,1.04504984e-07,0.0016001996,3.3849506e-08,3.675517e-05
L-BFGS-B,7367,1.04675095e-07,0.0016021773,3.4746904e-08,3.6935075e-05
L-BFGS-B,7368,1.0449161e-07,0.001599299,3.3902488e-08,3.6752106e-05
L-BFGS-B,7369,1.0444524e-07,0.0016005153,3.3799203e-08,3.6741818e-05
L-BFGS-B,7370,1.04449036e-07,0.0016024502,3.3637917e-08,3.6737547e-05
L-BFGS-B,7371,1.0440982e-07,0.0016024418,3.3631434e-08,3.673061e-05
L-BFGS-B,7372,1.04396996e-07,0.001602887,3.358658e-08,3.6726404e-05
L-BFGS-B,7373,1.0439505e-07,0.0016034546,3.3525843e-08,3.672268e-05
L-BFGS-B,7374,1.0440976e-07,0.0016038503,3.3466655e-08,3.6719965e-05
L-BFGS-B,7375,1.0441422e-07,0.0016042137,3.341612e-08,3.671669e-05
L-BFGS-B,7376,1.0440981e-07,0.0016032204,3.3462875e-08,3.6713107e-05
L-BFGS-B,7377,1.04390864e-07,0.001603398,3.344432e-08,3.6709258e-05
L-BFGS-B,7378,1.043627e-07,0.0016036724,3.342927e-08,3.6705518e-05
L-BFGS-B,7379,1.0435117e-07,0.0016037518,3.342442e-08,3.6703856e-05
L-BFGS-B,7380,1.04349525e-07,0.0016036587,3.3416388e-08,3.6701473e-05
L-BFGS-B,7381,1.04340636e-07,0.0016030457,3.344875e-08,3.6698864e-05
L-BFGS-B,7382,1.04333644e-07,0.0016025112,3.3463095e-08,3.6694622e-05
L-BFGS-B,7383,1.0427791e-07,0.0016001725,3.3621134e-08,3.668658e-05
L-BFGS-B,7384,1.0414505e-07,0.0015979725,3.38611e-08,3.6680645e-05
L-BFGS-B,7385,1.0415192e-07,0.0015974806,3.3746858e-08,3.665962e-05
L-BFGS-B,7386,1.04109496e-07,0.0016021434,3.371774e-08,3.6695517e-05
L-BFGS-B,7387,1.04119756e-07,0.0015977337,3.372856e-08,3.6654586e-05
L-BFGS-B,7388,1.0408876e-07,0.0015980294,3.3735567e-08,3.665394e-05
L-BFGS-B,7389,1.0409224e-07,0.0015975744,3.3695066e-08,3.664384e-05
L-BFGS-B,7390,1.0399065e-07,0.0015964165,3.3830613e-08,3.6637353e-05
L-BFGS-B,7391,1.0394326e-07,0.0015957413,3.3888025e-08,3.6632104e-05
L-BFGS-B,7392,1.03829876e-07,0.0015935927,3.4066954e-08,3.662045e-05
L-BFGS-B,7393,1.0378564e-07,0.0015940501,3.401122e-08,3.661003e-05
L-BFGS-B,7394,1.0371265e-07,0.0015942958,3.3951082e-08,3.6592515e-05
L-BFGS-B,7395,1.0381372e-07,0.0015956052,3.3705952e-08,3.6584e-05
L-BFGS-B,7396,1.0375342e-07,0.0015946744,3.3742563e-08,3.6571142e-05
L-BFGS-B,7397,1.0377409e-07,0.0015946674,3.3684515e-08,3.6565467e-05
L-BFGS-B,7398,1.03951386e-07,0.0015960376,3.3513217e-08,3.6580066e-05
L-BFGS-B,7399,1.0381475e-07,0.0015948489,3.361951e-08,3.6563626e-05
L-BFGS-B,7400,1.0471245e-07,0.0016140675,3.3000017e-08,3.6797544e-05
L-BFGS-B,7401,1.0388428e-07,0.001595757,3.345348e-08,3.655824e-05
L-BFGS-B,7402,1.0390851e-07,0.0015960666,3.337553e-08,3.6553276e-05
L-BFGS-B,7403,1.0388036e-07,0.0015962913,3.3363133e-08,3.6549434e-05
L-BFGS-B,7404,1.0386331e-07,0.0015967903,3.3310197e-08,3.654393e-05
L-BFGS-B,7405,1.03831454e-07,0.0015973024,3.322666e-08,3.6531743e-05
L-BFGS-B,7406,1.03866036e-07,0.0015978216,3.3086675e-08,3.652112e-05
L-BFGS-B,7407,1.0390276e-07,0.0015980743,3.297765e-08,3.6512803e-05
L-BFGS-B,7408,1.0394574e-07,0.0015976342,3.2931695e-08,3.6507958e-05
L-BFGS-B,7409,1.0412144e-07,0.0016097517,3.324151e-08,3.670196e-05
L-BFGS-B,7410,1.0393703e-07,0.0015979303,3.291223e-08,3.650669e-05
L-BFGS-B,7411,1.0394256e-07,0.0015949573,3.3082273e-08,3.6503297e-05
L-BFGS-B,7412,1.0393991e-07,0.0015957063,3.302178e-08,3.650132e-05
L-BFGS-B,7413,1.03917486e-07,0.0015958616,3.3014707e-08,3.6498444e-05
L-BFGS-B,7414,1.0387895e-07,0.0015959453,3.3018754e-08,3.649411e-05
L-BFGS-B,7415,1.038337e-07,0.0015946117,3.31321e-08,3.6490987e-05
L-BFGS-B,7416,1.0381477e-07,0.0015938404,3.3177933e-08,3.648731e-05
L-BFGS-B,7417,1.0378033e-07,0.0015932034,3.3217482e-08,3.6481706e-05
L-BFGS-B,7418,1.0377293e-07,0.0015931382,3.318338e-08,3.647483e-05
L-BFGS-B,7419,1.0379564e-07,0.0015936481,3.3062026e-08,3.646513e-05
L-BFGS-B,7420,1.03818444e-07,0.0015939933,3.2990584e-08,3.6461286e-05
L-BFGS-B,7421,1.0383057e-07,0.0015945322,3.2932746e-08,3.645982e-05
L-BFGS-B,7422,1.0383479e-07,0.0015943777,3.2930515e-08,3.6458576e-05
L-BFGS-B,7423,1.0382944e-07,0.0015940188,3.294961e-08,3.6457044e-05
L-BFGS-B,7424,1.0382521e-07,0.0015934829,3.2976438e-08,3.6455076e-05
L-BFGS-B,7425,1.0381027e-07,0.001592551,3.3033878e-08,3.6452133e-05
L-BFGS-B,7426,1.0377808e-07,0.0015920519,3.306304e-08,3.6446687e-05
L-BFGS-B,7427,1.0373358e-07,0.0015890407,3.342457e-08,3.6464127e-05
L-BFGS-B,7428,1.0375721e-07,0.0015909749,3.3139113e-08,3.6444195e-05
L-BFGS-B,7429,1.0372039e-07,0.0015908268,3.3140267e-08,3.6437366e-05
L-BFGS-B,7430,1.0364393e-07,0.0015916924,3.3030208e-08,3.6418045e-05
L-BFGS-B,7431,1.312931e-07,0.002371692,9.158236e-08,5.714824e-05
L-BFGS-B,7432,1.03595134e-07,0.0015912122,3.3287776e-08,3.644456e-05
L-BFGS-B,7433,1.0362184e-07,0.0015912581,3.306637e-08,3.641581e-05
L-BFGS-B,7434,1.0359322e-07,0.0015917723,3.3015368e-08,3.6409012e-05
L-BFGS-B,7435,1.0358295e-07,0.0015920587,3.2974924e-08,3.6404268e-05
L-BFGS-B,7436,1.0361953e-07,0.0015919161,3.29195e-08,3.6400015e-05
L-BFGS-B,7437,1.0364244e-07,0.0015909568,3.2920216e-08,3.6393965e-05
L-BFGS-B,7438,1.0366245e-07,0.0015896959,3.2930387e-08,3.638588e-05
L-BFGS-B,7439,1.03846034e-07,0.0015884541,3.348818e-08,3.648467e-05
L-BFGS-B,7440,1.0366628e-07,0.0015885029,3.2960372e-08,3.6379028e-05
L-BFGS-B,7441,1.0359576e-07,0.0015880755,3.3024556e-08,3.63738e-05
L-BFGS-B,7442,1.03527704e-07,0.0015879711,3.307713e-08,3.637044e-05
L-BFGS-B,7443,1.0348909e-07,0.0015877011,3.3106964e-08,3.6366422e-05
L-BFGS-B,7444,1.0340551e-07,0.0015876923,3.3180186e-08,3.6364778e-05
L-BFGS-B,7445,1.0341965e-07,0.0015871149,3.3166792e-08,3.6359113e-05
L-BFGS-B,7446,1.0337743e-07,0.0015861716,3.3260047e-08,3.6357338e-05
L-BFGS-B,7447,1.0337966e-07,0.0015856385,3.3281143e-08,3.635551e-05
L-BFGS-B,7448,1.03359554e-07,0.001585652,3.328886e-08,3.6353784e-05
L-BFGS-B,7449,1.0335414e-07,0.0015864598,3.3220214e-08,3.635075e-05
L-BFGS-B,7450,1.0335968e-07,0.0015872408,3.3140292e-08,3.6347403e-05
L-BFGS-B,7451,1.0339647e-07,0.0015883984,3.300323e-08,3.6343936e-05
L-BFGS-B,7452,1.03281515e-07,0.0015896015,3.310884e-08,3.6354566e-05
L-BFGS-B,7453,1.0336807e-07,0.0015884932,3.3018555e-08,3.6342928e-05
L-BFGS-B,7454,1.0341825e-07,0.0015888689,3.2922795e-08,3.6339843e-05
L-BFGS-B,7455,1.0336988e-07,0.0015882534,3.3008593e-08,3.6339305e-05
L-BFGS-B,7456,1.03475834e-07,0.0015883713,3.3031828e-08,3.6359863e-05
L-BFGS-B,7457,1.03389716e-07,0.0015880043,3.2989778e-08,3.633697e-05
L-BFGS-B,7458,1.0338326e-07,0.001587543,3.30058e-08,3.633379e-05
L-BFGS-B,7459,1.0337293e-07,0.0015872169,3.3026538e-08,3.633209e-05
L-BFGS-B,7460,1.03339175e-07,0.0015874662,3.304409e-08,3.6332152e-05
L-BFGS-B,7461,1.0335516e-07,0.0015872768,3.303329e-08,3.6331032e-05
L-BFGS-B,7462,1.0331807e-07,0.0015857752,3.3144826e-08,3.6327187e-05
L-BFGS-B,7463,1.0329061e-07,0.0015848737,3.321038e-08,3.6323887e-05
L-BFGS-B,7464,1.03212514e-07,0.0015829377,3.336748e-08,3.6316378e-05
L-BFGS-B,7465,1.0314169e-07,0.0015819315,3.3486092e-08,3.6313482e-05
L-BFGS-B,7466,1.0313435e-07,0.001581995,3.345578e-08,3.630847e-05
L-BFGS-B,7467,1.031232e-07,0.0015825744,3.3394308e-08,3.6303372e-05
L-BFGS-B,7468,1.0314192e-07,0.0015848267,3.3184985e-08,3.6297304e-05
L-BFGS-B,7469,1.03122886e-07,0.0015853524,3.3151018e-08,3.629461e-05
L-BFGS-B,7470,1.0304323e-07,0.0015821082,3.345968e-08,3.629652e-05
L-BFGS-B,7471,1.0308295e-07,0.0015837663,3.327732e-08,3.62917e-05
L-BFGS-B,7472,1.0309336e-07,0.0015846804,3.321007e-08,3.6292317e-05
L-BFGS-B,7473,1.0307746e-07,0.0015839676,3.3226264e-08,3.6285233e-05
L-BFGS-B,7474,1.0308758e-07,0.0015833627,3.3219155e-08,3.6279635e-05
L-BFGS-B,7475,1.030996e-07,0.0015835781,3.31448e-08,3.627244e-05
L-BFGS-B,7476,1.0307231e-07,0.0015834889,3.314541e-08,3.6267546e-05
L-BFGS-B,7477,1.0304984e-07,0.0015838314,3.3097947e-08,3.6260484e-05
L-BFGS-B,7478,1.0301015e-07,0.0015838013,3.3080596e-08,3.6251626e-05
L-BFGS-B,7479,1.0295756e-07,0.0015822025,3.315408e-08,3.623877e-05
L-BFGS-B,7480,1.0292544e-07,0.0015804622,3.323474e-08,3.622865e-05
L-BFGS-B,7481,1.028789e-07,0.0015789424,3.3345835e-08,3.6223133e-05
L-BFGS-B,7482,1.0288685e-07,0.001578795,3.332037e-08,3.6219033e-05
L-BFGS-B,7483,1.0287927e-07,0.0015781734,3.3331055e-08,3.6213285e-05
L-BFGS-B,7484,1.02922044e-07,0.0015784055,3.3252423e-08,3.621023e-05
L-BFGS-B,7485,1.02872896e-07,0.0015773171,3.334494e-08,3.6205845e-05
L-BFGS-B,7486,1.0287974e-07,0.0015771462,3.3318077e-08,3.6201134e-05
L-BFGS-B,7487,1.0290743e-07,0.0015765559,3.3242706e-08,3.6188078e-05
L-BFGS-B,7488,1.0292906e-07,0.001574035,3.331549e-08,3.6177033e-05
L-BFGS-B,7489,1.0293104e-07,0.0015720656,3.3335645e-08,3.616066e-05
L-BFGS-B,7490,1.02884755e-07,0.0015689443,3.384354e-08,3.6198686e-05
L-BFGS-B,7491,1.0289277e-07,0.0015702909,3.3440084e-08,3.6152836e-05
L-BFGS-B,7492,1.02873706e-07,0.0015718382,3.375882e-08,3.621326e-05
L-BFGS-B,7493,1.02871695e-07,0.0015700564,3.3448796e-08,3.6148638e-05
L-BFGS-B,7494,1.0415012e-07,0.00161711,3.690075e-08,3.732873e-05
L-BFGS-B,7495,1.02849086e-07,0.0015695317,3.3485726e-08,3.614554e-05
L-BFGS-B,7496,1.0285986e-07,0.0015692062,3.3389334e-08,3.6129437e-05
L-BFGS-B,7497,1.0288294e-07,0.0015683583,3.3299067e-08,3.6110887e-05
L-BFGS-B,7498,1.02881124e-07,0.0015670867,3.329441e-08,3.6097197e-05
L-BFGS-B,7499,1.0287247e-07,0.0015662658,3.3297525e-08,3.6088157e-05
L-BFGS-B,7500,1.028272e-07,0.0015646343,3.33953e-08,3.607972e-05
L-BFGS-B,7501,1.0282367e-07,0.0015647513,3.332625e-08,3.607e-05
L-BFGS-B,7502,1.0281439e-07,0.0015653808,3.3256494e-08,3.6064437e-05
L-BFGS-B,7503,1.028095e-07,0.0015657579,3.3198113e-08,3.6058722e-05
L-BFGS-B,7504,1.02805934e-07,0.0015662053,3.3135517e-08,3.605327e-05
L-BFGS-B,7505,1.0281274e-07,0.0015661935,3.3103216e-08,3.6049325e-05
L-BFGS-B,7506,1.028235e-07,0.001565779,3.3087346e-08,3.6044414e-05
L-BFGS-B,7507,1.02839664e-07,0.0015649084,3.3095592e-08,3.603937e-05
L-BFGS-B,7508,1.02874694e-07,0.0015629283,3.316734e-08,3.6035588e-05
L-BFGS-B,7509,1.028854e-07,0.001562892,3.313222e-08,3.603156e-05
L-BFGS-B,7510,1.02881486e-07,0.0015629729,3.3109526e-08,3.602838e-05
L-BFGS-B,7511,1.02884044e-07,0.0015630487,3.3090846e-08,3.602672e-05
L-BFGS-B,7512,1.02932574e-07,0.0015639295,3.2965442e-08,3.6023997e-05
L-BFGS-B,7513,1.0301388e-07,0.0015653211,3.2816825e-08,3.6027817e-05
L-BFGS-B,7514,1.0295887e-07,0.001564291,3.289973e-08,3.6021698e-05
L-BFGS-B,7515,1.02992935e-07,0.0015647854,3.280977e-08,3.601826e-05
L-BFGS-B,7516,1.0306839e-07,0.001566031,3.260385e-08,3.6011144e-05
L-BFGS-B,7517,1.03089164e-07,0.0015664579,3.2514194e-08,3.600508e-05
L-BFGS-B,7518,1.031019e-07,0.0015665374,3.240644e-08,3.5991623e-05
L-BFGS-B,7519,1.03061055e-07,0.0015657484,3.244012e-08,3.598266e-05
L-BFGS-B,7520,1.0296888e-07,0.0015637997,3.2610746e-08,3.597494e-05
L-BFGS-B,7521,1.029989e-07,0.0015656665,3.2661116e-08,3.600567e-05
L-BFGS-B,7522,1.0295693e-07,0.0015637518,3.2594027e-08,3.5970163e-05
L-BFGS-B,7523,1.02903975e-07,0.001561408,3.272335e-08,3.595818e-05
L-BFGS-B,7524,1.0322796e-07,0.0015836195,3.4017738e-08,3.642305e-05
L-BFGS-B,7525,1.0287009e-07,0.0015604979,3.278882e-08,3.5953813e-05
L-BFGS-B,7526,1.0284717e-07,0.0015583249,3.2855613e-08,3.5938665e-05
L-BFGS-B,7527,1.0281911e-07,0.0015569568,3.2902165e-08,3.592776e-05
L-BFGS-B,7528,1.02896585e-07,0.0015573602,3.275591e-08,3.5921472e-05
L-BFGS-B,7529,1.0286869e-07,0.0015575622,3.273417e-08,3.591605e-05
L-BFGS-B,7530,1.0284712e-07,0.001557653,3.272978e-08,3.5913064e-05
L-BFGS-B,7531,1.02820366e-07,0.0015574158,3.273382e-08,3.5907287e-05
L-BFGS-B,7532,1.02784924e-07,0.0015565602,3.2744286e-08,3.5894984e-05
L-BFGS-B,7533,1.0273548e-07,0.0015554246,3.2734846e-08,3.5874797e-05
L-BFGS-B,7534,1.02727924e-07,0.0015501932,3.332541e-08,3.5909932e-05
L-BFGS-B,7535,1.0270936e-07,0.0015533358,3.2855752e-08,3.5868125e-05
L-BFGS-B,7536,1.02693086e-07,0.0015532534,3.2793114e-08,3.5855464e-05
L-BFGS-B,7537,1.0268314e-07,0.0015536399,3.2746883e-08,3.5850902e-05
L-BFGS-B,7538,1.0267434e-07,0.0015539401,3.271605e-08,3.584796e-05
L-BFGS-B,7539,1.0268322e-07,0.0015537391,3.2708865e-08,3.5846206e-05
L-BFGS-B,7540,1.0268916e-07,0.001553635,3.269957e-08,3.5844656e-05
L-BFGS-B,7541,1.0268569e-07,0.0015533107,3.2709497e-08,3.5842386e-05
L-BFGS-B,7542,1.0260459e-07,0.0015532298,3.2962095e-08,3.5867302e-05
L-BFGS-B,7543,1.0264463e-07,0.001552816,3.2755676e-08,3.5838206e-05
L-BFGS-B,7544,1.0262374e-07,0.001552541,3.275699e-08,3.583252e-05
L-BFGS-B,7545,1.0256538e-07,0.0015521331,3.275498e-08,3.5819383e-05
L-BFGS-B,7546,1.0255088e-07,0.0015520939,3.2747568e-08,3.5815705e-05
L-BFGS-B,7547,1.02547645e-07,0.0015521257,3.2685502e-08,3.5806228e-05
L-BFGS-B,7548,1.0258837e-07,0.0015541766,3.2547785e-08,3.581219e-05
L-BFGS-B,7549,1.0255218e-07,0.0015525743,3.2625834e-08,3.580244e-05
L-BFGS-B,7550,1.02569906e-07,0.0015522579,3.259303e-08,3.579702e-05
L-BFGS-B,7551,1.0256943e-07,0.0015517544,3.2584396e-08,3.5790617e-05
L-BFGS-B,7552,1.0255236e-07,0.0015509526,3.260363e-08,3.5782927e-05
L-BFGS-B,7553,1.0248934e-07,0.0015499848,3.2674304e-08,3.5774396e-05
L-BFGS-B,7554,1.0241173e-07,0.0015488007,3.2749824e-08,3.576224e-05
L-BFGS-B,7555,1.0233198e-07,0.0015472658,3.2841893e-08,3.574874e-05
L-BFGS-B,7556,1.0230989e-07,0.0015464299,3.2777354e-08,3.572739e-05
L-BFGS-B,7557,1.0235313e-07,0.0015463183,3.2613528e-08,3.5708184e-05
L-BFGS-B,7558,1.02444616e-07,0.0015472476,3.238917e-08,3.5697543e-05
L-BFGS-B,7559,1.0245531e-07,0.0015473625,3.235433e-08,3.569507e-05
L-BFGS-B,7560,1.0246547e-07,0.0015471902,3.2339365e-08,3.5692625e-05
L-BFGS-B,7561,1.02473074e-07,0.0015467746,3.2337994e-08,3.5689405e-05
L-BFGS-B,7562,1.02479746e-07,0.0015467507,3.2308616e-08,3.568576e-05
L-BFGS-B,7563,1.02495974e-07,0.0015468054,3.2267394e-08,3.568256e-05
L-BFGS-B,7564,1.0250031e-07,0.0015471132,3.221983e-08,3.567915e-05
L-BFGS-B,7565,1.02485274e-07,0.0015470261,3.2222093e-08,3.5676367e-05
L-BFGS-B,7566,1.02663414e-07,0.0015511377,3.1840788e-08,3.5687004e-05
L-BFGS-B,7567,1.0252683e-07,0.0015479636,3.2106144e-08,3.567458e-05
L-BFGS-B,7568,1.02522954e-07,0.0015481078,3.2091044e-08,3.5673176e-05
L-BFGS-B,7569,1.0254651e-07,0.0015476104,3.2072432e-08,3.566894e-05
L-BFGS-B,7570,1.0258332e-07,0.0015474297,3.2017695e-08,3.5664452e-05
L-BFGS-B,7571,1.02651406e-07,0.0015474869,3.190627e-08,3.565852e-05
L-BFGS-B,7572,1.02683344e-07,0.0015486216,3.1771837e-08,3.565449e-05
L-BFGS-B,7573,1.0268462e-07,0.0015488629,3.17148e-08,3.5648543e-05
L-BFGS-B,7574,1.02672615e-07,0.0015489203,3.1701454e-08,3.564531e-05
L-BFGS-B,7575,1.02673404e-07,0.0015494287,3.1641097e-08,3.564146e-05
L-BFGS-B,7576,1.0267049e-07,0.0015501869,3.1546804e-08,3.563446e-05
L-BFGS-B,7577,1.0268548e-07,0.0015505684,3.1462843e-08,3.5627934e-05
L-BFGS-B,7578,1.0269253e-07,0.0015506492,3.1412313e-08,3.562222e-05
L-BFGS-B,7579,1.0270293e-07,0.0015501122,3.1411414e-08,3.561827e-05
L-BFGS-B,7580,1.0270023e-07,0.0015496836,3.14291e-08,3.5616238e-05
L-BFGS-B,7581,1.0270094e-07,0.001549198,3.1439487e-08,3.5613044e-05
L-BFGS-B,7582,1.0268293e-07,0.0015488226,3.1459134e-08,3.5609537e-05
L-BFGS-B,7583,1.0269597e-07,0.0015470006,3.1578615e-08,3.5611192e-05
L-BFGS-B,7584,1.0268526e-07,0.001548083,3.1501802e-08,3.5608886e-05
L-BFGS-B,7585,1.02727064e-07,0.0015490538,3.139029e-08,3.5608136e-05
L-BFGS-B,7586,1.0269099e-07,0.0015490407,3.1381603e-08,3.5601293e-05
L-BFGS-B,7587,1.02717514e-07,0.0015488866,3.1332576e-08,3.5596382e-05
L-BFGS-B,7588,1.02694095e-07,0.0015498599,3.1251442e-08,3.559043e-05
L-BFGS-B,7589,1.02687785e-07,0.0015503771,3.118421e-08,3.558457e-05
L-BFGS-B,7590,1.0270118e-07,0.0015513328,3.1065717e-08,3.5578363e-05
L-BFGS-B,7591,1.0269694e-07,0.0015508607,3.1055375e-08,3.557146e-05
L-BFGS-B,7592,1.0270284e-07,0.0015505168,3.0982864e-08,3.5558027e-05
L-BFGS-B,7593,1.0296279e-07,0.0015468119,3.125158e-08,3.5600275e-05
L-BFGS-B,7594,1.0274993e-07,0.0015490312,3.1003257e-08,3.555329e-05
L-BFGS-B,7595,1.0262956e-07,0.001548818,3.116334e-08,3.5557114e-05
L-BFGS-B,7596,1.0268389e-07,0.0015485117,3.1058338e-08,3.554645e-05
L-BFGS-B,7597,1.0266901e-07,0.0015470199,3.1003065e-08,3.552101e-05
L-BFGS-B,7598,1.0263347e-07,0.0015440335,3.1083328e-08,3.5497855e-05
L-BFGS-B,7599,1.02704576e-07,0.0015416485,3.1286763e-08,3.5515186e-05
L-BFGS-B,7600,1.0263617e-07,0.0015421994,3.1142037e-08,3.5488727e-05
L-BFGS-B,7601,1.0271747e-07,0.0015419817,3.1056683e-08,3.548594e-05
L-BFGS-B,7602,1.0266392e-07,0.0015416685,3.1090103e-08,3.5479785e-05
L-BFGS-B,7603,1.0267824e-07,0.0015404435,3.109523e-08,3.5470457e-05
L-BFGS-B,7604,1.0270868e-07,0.0015397926,3.1052572e-08,3.5462115e-05
L-BFGS-B,7605,1.0267612e-07,0.0015388416,3.1097628e-08,3.545448e-05
L-BFGS-B,7606,1.026375e-07,0.001538016,3.1126756e-08,3.54448e-05
L-BFGS-B,7607,1.0256844e-07,0.0015380279,3.133373e-08,3.5465608e-05
L-BFGS-B,7608,1.0260562e-07,0.0015375853,3.1157043e-08,3.5440247e-05
L-BFGS-B,7609,1.0256223e-07,0.0015375945,3.1171293e-08,3.5435976e-05
L-BFGS-B,7610,1.0251943e-07,0.0015366622,3.1229536e-08,3.5428966e-05
L-BFGS-B,7611,1.02495626e-07,0.0015357137,3.1278024e-08,3.5423185e-05
L-BFGS-B,7612,1.02526975e-07,0.0015349047,3.1285953e-08,3.5420988e-05
L-BFGS-B,7613,1.025506e-07,0.0015346359,3.126124e-08,3.5418136e-05
L-BFGS-B,7614,1.0255361e-07,0.0015345122,3.125713e-08,3.541673e-05
L-BFGS-B,7615,1.02570034e-07,0.0015343553,3.1235338e-08,3.541436e-05
L-BFGS-B,7616,1.02593695e-07,0.0015345244,3.1166504e-08,3.5409277e-05
L-BFGS-B,7617,1.0263992e-07,0.0015349482,3.10674e-08,3.5405577e-05
L-BFGS-B,7618,1.0265299e-07,0.0015361963,3.0941052e-08,3.540107e-05
L-BFGS-B,7619,1.02647945e-07,0.0015369784,3.087618e-08,3.5398403e-05
L-BFGS-B,7620,1.0264719e-07,0.0015375828,3.082249e-08,3.539628e-05
L-BFGS-B,7621,1.0265403e-07,0.0015381622,3.075976e-08,3.539369e-05
L-BFGS-B,7622,1.0268899e-07,0.0015398299,3.056646e-08,3.5386616e-05
L-BFGS-B,7623,1.0281734e-07,0.0015421874,3.0259784e-08,3.538344e-05
L-BFGS-B,7624,1.02781826e-07,0.0015409441,3.0295833e-08,3.537109e-05
L-BFGS-B,7625,1.0278356e-07,0.0015405193,3.0282404e-08,3.5365087e-05
L-BFGS-B,7626,1.0281976e-07,0.0015404687,3.020898e-08,3.5358997e-05
L-BFGS-B,7627,1.0283634e-07,0.0015403619,3.0164376e-08,3.5353725e-05
L-BFGS-B,7628,1.02866025e-07,0.001540543,3.0094558e-08,3.5349516e-05
L-BFGS-B,7629,1.0285683e-07,0.0015404144,3.0077207e-08,3.5344252e-05
L-BFGS-B,7630,1.0284699e-07,0.0015407535,3.00151e-08,3.533685e-05
L-BFGS-B,7631,1.0292365e-07,0.0015422353,3.0085335e-08,3.53737e-05
L-BFGS-B,7632,1.0285022e-07,0.0015407673,2.9986758e-08,3.5333218e-05
L-BFGS-B,7633,1.0284043e-07,0.0015404108,2.996725e-08,3.532526e-05
L-BFGS-B,7634,1.0457828e-07,0.0016363055,3.242946e-08,3.691421e-05
L-BFGS-B,7635,1.0282836e-07,0.0015405355,2.9949092e-08,3.5321973e-05
L-BFGS-B,7636,1.0282223e-07,0.0015396868,2.9927175e-08,3.530928e-05
L-BFGS-B,7637,1.0279758e-07,0.001538704,2.9981813e-08,3.530395e-05
L-BFGS-B,7638,1.0275743e-07,0.0015379846,3.0037587e-08,3.5299097e-05
L-BFGS-B,7639,1.0271662e-07,0.0015372192,3.009848e-08,3.5294455e-05
L-BFGS-B,7640,1.026632e-07,0.0015360025,3.0185987e-08,3.52874e-05
L-BFGS-B,7641,1.0264502e-07,0.0015342474,3.0255404e-08,3.5277535e-05
L-BFGS-B,7642,1.0248209e-07,0.001533202,3.0403136e-08,3.5264806e-05
L-BFGS-B,7643,1.0260797e-07,0.0015306856,3.0328618e-08,3.5247343e-05
L-BFGS-B,7644,1.0261409e-07,0.001533104,3.0029252e-08,3.5227542e-05
L-BFGS-B,7645,1.02618266e-07,0.0015348395,2.980184e-08,3.5211408e-05
L-BFGS-B,7646,1.0255786e-07,0.001535009,2.981326e-08,3.5205758e-05
L-BFGS-B,7647,1.02540255e-07,0.0015346283,2.9809573e-08,3.519876e-05
L-BFGS-B,7648,1.0253077e-07,0.001534022,2.9803516e-08,3.519036e-05
L-BFGS-B,7649,1.02914704e-07,0.0015478104,3.0345905e-08,3.5467197e-05
L-BFGS-B,7650,1.02518584e-07,0.0015338795,2.9817997e-08,3.518928e-05
L-BFGS-B,7651,1.0251873e-07,0.0015333507,2.9811403e-08,3.5183024e-05
L-BFGS-B,7652,1.02555326e-07,0.0015336929,2.9713156e-08,3.5177203e-05
L-BFGS-B,7653,1.0255519e-07,0.0015327248,2.9759725e-08,3.517449e-05
L-BFGS-B,7654,1.0275651e-07,0.0015331082,2.9658949e-08,3.51934e-05
L-BFGS-B,7655,1.0260912e-07,0.0015321905,2.9674455e-08,3.516444e-05
L-BFGS-B,7656,1.02627936e-07,0.0015334415,2.9509332e-08,3.5155004e-05
L-BFGS-B,7657,1.0262691e-07,0.001533774,2.9456297e-08,3.515022e-05
L-BFGS-B,7658,1.0262663e-07,0.001533312,2.9448874e-08,3.5144447e-05
L-BFGS-B,7659,1.0261975e-07,0.0015326691,2.947453e-08,3.514083e-05
L-BFGS-B,7660,1.0262402e-07,0.001532426,2.9453703e-08,3.513592e-05
L-BFGS-B,7661,1.0262157e-07,0.0015312714,2.9493432e-08,3.5129964e-05
L-BFGS-B,7662,1.02812955e-07,0.0015382526,2.8905768e-08,3.5140336e-05
L-BFGS-B,7663,1.0267671e-07,0.0015334022,2.9269689e-08,3.5125984e-05
L-BFGS-B,7664,1.0267524e-07,0.001533437,2.9240823e-08,3.5121775e-05
L-BFGS-B,7665,1.0269864e-07,0.0015341851,2.9128095e-08,3.511586e-05
L-BFGS-B,7666,1.0271095e-07,0.0015349365,2.9045994e-08,3.5112902e-05
L-BFGS-B,7667,1.0270501e-07,0.0015353725,2.9005449e-08,3.5110294e-05
L-BFGS-B,7668,1.0269869e-07,0.0015356921,2.8971161e-08,3.5107398e-05
L-BFGS-B,7669,1.02660195e-07,0.0015355909,2.8985967e-08,3.5102832e-05
L-BFGS-B,7670,1.042523e-07,0.0015739549,2.9951643e-08,3.587014e-05
L-BFGS-B,7671,1.026861e-07,0.0015356416,2.8946587e-08,3.510132e-05
L-BFGS-B,7672,1.0266727e-07,0.0015352806,2.8958384e-08,3.5096655e-05
L-BFGS-B,7673,1.0262826e-07,0.0015346414,2.8986378e-08,3.5088608e-05
L-BFGS-B,7674,1.02654816e-07,0.0015349239,2.8912591e-08,3.508435e-05
L-BFGS-B,7675,1.0264981e-07,0.0015352283,2.8870234e-08,3.5080287e-05
L-BFGS-B,7676,1.0264248e-07,0.0015355822,2.882689e-08,3.5076224e-05
L-BFGS-B,7677,1.02629244e-07,0.0015357503,2.8808424e-08,3.5073157e-05
L-BFGS-B,7678,1.03196065e-07,0.0015710515,2.9533242e-08,3.5619913e-05
L-BFGS-B,7679,1.0262101e-07,0.0015362018,2.8781082e-08,3.5072328e-05
L-BFGS-B,7680,1.025749e-07,0.0015352088,2.8846808e-08,3.5065343e-05
L-BFGS-B,7681,1.0254302e-07,0.0015340596,2.8922111e-08,3.5060362e-05
L-BFGS-B,7682,1.0260736e-07,0.0015327337,2.9234497e-08,3.5103614e-05
L-BFGS-B,7683,1.0254268e-07,0.0015335653,2.8944447e-08,3.505872e-05
L-BFGS-B,7684,1.02543e-07,0.0015311423,2.9162894e-08,3.5067304e-05
L-BFGS-B,7685,1.02532994e-07,0.0015325769,2.9003193e-08,3.5056197e-05
L-BFGS-B,7686,1.02506185e-07,0.0015321893,2.9031678e-08,3.5052573e-05
L-BFGS-B,7687,1.0251006e-07,0.0015321723,2.9011108e-08,3.50499e-05
L-BFGS-B,7688,1.0252217e-07,0.0015314125,2.9032174e-08,3.5047276e-05
L-BFGS-B,7689,1.0275554e-07,0.001541232,2.938886e-08,3.5233978e-05
L-BFGS-B,7690,1.0251915e-07,0.0015317696,2.8992515e-08,3.5044446e-05
L-BFGS-B,7691,1.02541705e-07,0.0015319603,2.8930742e-08,3.504047e-05
L-BFGS-B,7692,1.025711e-07,0.0015312391,2.8918034e-08,3.5035762e-05
L-BFGS-B,7693,1.0260467e-07,0.0015308729,2.8868389e-08,3.5029687e-05
L-BFGS-B,7694,1.026529e-07,0.0015306525,2.8783827e-08,3.5022036e-05
L-BFGS-B,7695,1.0268003e-07,0.0015306543,2.8737649e-08,3.50192e-05
L-BFGS-B,7696,1.0271198e-07,0.0015306834,2.871037e-08,3.5020184e-05
L-BFGS-B,7697,1.02691224e-07,0.0015305856,2.8721118e-08,3.5017707e-05
L-BFGS-B,7698,1.02708825e-07,0.001530538,2.8691481e-08,3.5015422e-05
L-BFGS-B,7699,1.0272914e-07,0.0015306347,2.8651568e-08,3.501345e-05
L-BFGS-B,7700,1.02774926e-07,0.0015310268,2.8562026e-08,3.501081e-05
L-BFGS-B,7701,1.0281753e-07,0.0015312724,2.847826e-08,3.5007095e-05
L-BFGS-B,7702,1.0289558e-07,0.0015321615,2.8308586e-08,3.5002242e-05
L-BFGS-B,7703,1.0289684e-07,0.001531874,2.829062e-08,3.499686e-05
L-BFGS-B,7704,1.0291318e-07,0.0015318551,2.8228316e-08,3.4989775e-05
L-BFGS-B,7705,1.0293567e-07,0.0015331686,2.8096048e-08,3.4986442e-05
L-BFGS-B,7706,1.02944405e-07,0.0015331733,2.805173e-08,3.4981153e-05
L-BFGS-B,7707,1.0296383e-07,0.0015337836,2.7957888e-08,3.4976092e-05
L-BFGS-B,7708,1.02962716e-07,0.0015340387,2.7928321e-08,3.4974044e-05
L-BFGS-B,7709,1.0293356e-07,0.0015341876,2.7923695e-08,3.4970464e-05
L-BFGS-B,7710,1.0306673e-07,0.0015333614,2.7955172e-08,3.4986897e-05
L-BFGS-B,7711,1.0295386e-07,0.0015338282,2.7922752e-08,3.4969773e-05
L-BFGS-B,7712,1.02924375e-07,0.0015342071,2.7899253e-08,3.4965615e-05
L-BFGS-B,7713,1.02903805e-07,0.0015345659,2.7868877e-08,3.4961562e-05
L-BFGS-B,7714,1.0291102e-07,0.0015360636,2.7727873e-08,3.495647e-05
L-BFGS-B,7715,1.0293984e-07,0.0015366033,2.764811e-08,3.4954224e-05
L-BFGS-B,7716,1.02905794e-07,0.0015358122,2.7699684e-08,3.4948946e-05
L-BFGS-B,7717,1.0287037e-07,0.0015349631,2.7747271e-08,3.4942277e-05
L-BFGS-B,7718,1.02833006e-07,0.001534137,2.776312e-08,3.493079e-05
L-BFGS-B,7719,1.0278166e-07,0.0015334254,2.7751772e-08,3.4914265e-05
L-BFGS-B,7720,1.02766236e-07,0.0015332847,2.764076e-08,3.4893896e-05
L-BFGS-B,7721,1.0278245e-07,0.0015341676,2.7492773e-08,3.488296e-05
L-BFGS-B,7722,1.028488e-07,0.0015338752,2.7328003e-08,3.4865276e-05
L-BFGS-B,7723,1.0286752e-07,0.0015336606,2.7278475e-08,3.48585e-05
L-BFGS-B,7724,1.0283691e-07,0.0015330934,2.731744e-08,3.4854085e-05
L-BFGS-B,7725,1.0284163e-07,0.0015322682,2.7352758e-08,3.485184e-05
L-BFGS-B,7726,1.02820394e-07,0.0015321599,2.7377114e-08,3.4851226e-05
L-BFGS-B,7727,1.0284122e-07,0.0015317188,2.7397054e-08,3.4852932e-05
L-BFGS-B,7728,1.0282596e-07,0.0015319214,2.7381377e-08,3.4850313e-05
L-BFGS-B,7729,1.02831656e-07,0.0015315859,2.7388207e-08,3.484884e-05
L-BFGS-B,7730,1.0288335e-07,0.0015318715,2.7309483e-08,3.484764e-05
L-BFGS-B,7731,1.028734e-07,0.0015316971,2.7320253e-08,3.484602e-05
L-BFGS-B,7732,1.0286814e-07,0.0015314455,2.7502725e-08,3.4870085e-05
L-BFGS-B,7733,1.0286528e-07,0.0015314538,2.733845e-08,3.4845096e-05
L-BFGS-B,7734,1.0282844e-07,0.0015310018,2.7378999e-08,3.4841134e-05
L-BFGS-B,7735,1.0283416e-07,0.0015309472,2.7351348e-08,3.4837296e-05
L-BFGS-B,7736,1.0295611e-07,0.0015290091,2.736175e-08,3.483777e-05
L-BFGS-B,7737,1.0288426e-07,0.001529536,2.7343356e-08,3.4829503e-05
L-BFGS-B,7738,1.02862096e-07,0.0015284398,2.737974e-08,3.4820674e-05
L-BFGS-B,7739,1.02820074e-07,0.0015275218,2.742455e-08,3.4811907e-05
L-BFGS-B,7740,1.02758214e-07,0.0015268569,2.7494787e-08,3.4806515e-05
L-BFGS-B,7741,1.0272594e-07,0.0015262723,2.754635e-08,3.4803565e-05
L-BFGS-B,7742,1.027264e-07,0.00152631,2.7530689e-08,3.4801666e-05
L-BFGS-B,7743,1.0273124e-07,0.0015264336,2.7507072e-08,3.4800083e-05
L-BFGS-B,7744,1.0271814e-07,0.0015264426,2.7491174e-08,3.4795827e-05
L-BFGS-B,7745,1.030913e-07,0.0015441362,2.8557787e-08,3.5188725e-05
L-BFGS-B,7746,1.0270342e-07,0.0015260318,2.7498574e-08,3.4790617e-05
L-BFGS-B,7747,1.02656685e-07,0.0015257349,2.7522672e-08,3.478425e-05
L-BFGS-B,7748,1.0260625e-07,0.0015249895,2.7598459e-08,3.47806e-05
L-BFGS-B,7749,1.0260272e-07,0.0015244278,2.7615599e-08,3.4777026e-05
L-BFGS-B,7750,1.0255898e-07,0.0015227185,2.7724733e-08,3.4769742e-05
L-BFGS-B,7751,1.0253207e-07,0.00152207,2.7726237e-08,3.4759447e-05
L-BFGS-B,7752,1.02493644e-07,0.0015204162,2.7724193e-08,3.4736837e-05
L-BFGS-B,7753,1.0248754e-07,0.0015216571,2.7500434e-08,3.4714765e-05
L-BFGS-B,7754,1.02638886e-07,0.0015278473,2.8104397e-08,3.4889967e-05
L-BFGS-B,7755,1.0243894e-07,0.0015208243,2.7536126e-08,3.4704502e-05
L-BFGS-B,7756,1.0235943e-07,0.0015215104,2.7453913e-08,3.4687106e-05
L-BFGS-B,7757,1.02354925e-07,0.0015224783,2.7327706e-08,3.4677174e-05
L-BFGS-B,7758,1.02308306e-07,0.0015217004,2.7378253e-08,3.466999e-05
L-BFGS-B,7759,1.02270235e-07,0.0015211597,2.741307e-08,3.466409e-05
L-BFGS-B,7760,1.0345597e-07,0.0015531776,3.0949924e-08,3.569266e-05
L-BFGS-B,7761,1.0226723e-07,0.0015210994,2.7415275e-08,3.4663368e-05
L-BFGS-B,7762,1.02232015e-07,0.0015212756,2.7393396e-08,3.465657e-05
L-BFGS-B,7763,1.0220834e-07,0.0015209788,2.7386404e-08,3.4648998e-05
L-BFGS-B,7764,1.02187975e-07,0.0015209542,2.73822e-08,3.464507e-05
L-BFGS-B,7765,1.0220925e-07,0.0015200181,2.737979e-08,3.4638535e-05
L-BFGS-B,7766,1.0220093e-07,0.001519447,2.7411756e-08,3.463637e-05
L-BFGS-B,7767,1.0216721e-07,0.0015186974,2.7485674e-08,3.4634908e-05
L-BFGS-B,7768,1.02138934e-07,0.0015183304,2.7524552e-08,3.4632827e-05
L-BFGS-B,7769,1.0216822e-07,0.0015186701,2.7460032e-08,3.463094e-05
L-BFGS-B,7770,1.02159916e-07,0.0015189726,2.7433112e-08,3.462868e-05
L-BFGS-B,7771,1.021324e-07,0.0015194769,2.7401594e-08,3.4624867e-05
L-BFGS-B,7772,1.0212383e-07,0.0015198372,2.7367559e-08,3.462208e-05
L-BFGS-B,7773,1.02129306e-07,0.0015204547,2.7293728e-08,3.4618e-05
L-BFGS-B,7774,1.02157756e-07,0.001520785,2.7222528e-08,3.461489e-05
L-BFGS-B,7775,1.0214653e-07,0.0015208144,2.7198855e-08,3.460995e-05
L-BFGS-B,7776,1.0213844e-07,0.0015203926,2.7184374e-08,3.4602348e-05
L-BFGS-B,7777,1.02076505e-07,0.0015195451,2.7291122e-08,3.4600595e-05
L-BFGS-B,7778,1.02005274e-07,0.0015190718,2.7395167e-08,3.4600784e-05
L-BFGS-B,7779,1.0203404e-07,0.0015191197,2.7325145e-08,3.4595076e-05
L-BFGS-B,7780,1.0268613e-07,0.0015315567,2.8301235e-08,3.4963676e-05
L-BFGS-B,7781,1.020359e-07,0.0015184745,2.7339206e-08,3.4591012e-05
L-BFGS-B,7782,1.0204046e-07,0.0015185085,2.7289902e-08,3.458464e-05
L-BFGS-B,7783,1.0196552e-07,0.001518127,2.7399942e-08,3.458609e-05
L-BFGS-B,7784,1.0200108e-07,0.0015181677,2.7332547e-08,3.458172e-05
L-BFGS-B,7785,1.019886e-07,0.0015183237,2.7294176e-08,3.4575653e-05
L-BFGS-B,7786,1.0198211e-07,0.0015197775,2.7202297e-08,3.4575438e-05
L-BFGS-B,7787,1.0198266e-07,0.0015187572,2.72463e-08,3.4571916e-05
L-BFGS-B,7788,1.0199868e-07,0.001518312,2.7205923e-08,3.456381e-05
L-BFGS-B,7789,1.02007014e-07,0.0015178013,2.7176828e-08,3.455559e-05
L-BFGS-B,7790,1.0213604e-07,0.0015188849,2.69982e-08,3.4558983e-05
L-BFGS-B,7791,1.0205473e-07,0.0015180146,2.7082782e-08,3.4550772e-05
L-BFGS-B,7792,1.0201391e-07,0.0015172327,2.7127744e-08,3.4543576e-05
L-BFGS-B,7793,1.0186011e-07,0.0015161973,2.7340832e-08,3.4542114e-05
L-BFGS-B,7794,1.0193504e-07,0.001516499,2.7219809e-08,3.4538218e-05
L-BFGS-B,7795,1.0188334e-07,0.0015167982,2.7216217e-08,3.4532917e-05
L-BFGS-B,7796,1.0194523e-07,0.0015202418,2.7748229e-08,3.4656437e-05
L-BFGS-B,7797,1.0187137e-07,0.0015164879,2.7240592e-08,3.4531673e-05
L-BFGS-B,7798,1.0194307e-07,0.0015176996,2.7049825e-08,3.4525932e-05
L-BFGS-B,7799,1.01877454e-07,0.0015180327,2.7087124e-08,3.4525012e-05
L-BFGS-B,7800,1.0189094e-07,0.0015177353,2.7072494e-08,3.452187e-05
L-BFGS-B,7801,1.019214e-07,0.0015177561,2.7032536e-08,3.452065e-05
L-BFGS-B,7802,1.01907126e-07,0.0015178106,2.7037556e-08,3.4519806e-05
L-BFGS-B,7803,1.0189282e-07,0.0015178586,2.7041313e-08,3.4518707e-05
L-BFGS-B,7804,1.0187411e-07,0.0015182263,2.7021699e-08,3.4516634e-05
L-BFGS-B,7805,1.0187619e-07,0.0015177379,2.7021498e-08,3.451203e-05
L-BFGS-B,7806,1.01900206e-07,0.0015174532,2.6985477e-08,3.4507386e-05
L-BFGS-B,7807,1.0191152e-07,0.0015163564,2.7017613e-08,3.4502933e-05
L-BFGS-B,7808,1.01925195e-07,0.0015164979,2.6970065e-08,3.4499266e-05
L-BFGS-B,7809,1.01891494e-07,0.0015159538,2.7015602e-08,3.4495602e-05
L-BFGS-B,7810,1.0181893e-07,0.0015151356,2.7109875e-08,3.4490677e-05
L-BFGS-B,7811,1.0175986e-07,0.001514815,2.7155155e-08,3.44854e-05
L-BFGS-B,7812,1.0170105e-07,0.0015150747,2.7148136e-08,3.4478126e-05
L-BFGS-B,7813,1.016994e-07,0.0015152377,2.7097462e-08,3.447191e-05
L-BFGS-B,7814,1.0173658e-07,0.0015154321,2.7009744e-08,3.446627e-05
L-BFGS-B,7815,1.01800545e-07,0.0015153503,2.6935401e-08,3.4463894e-05
L-BFGS-B,7816,1.01887075e-07,0.0015163006,2.6786019e-08,3.446397e-05
L-BFGS-B,7817,1.0183853e-07,0.0015157172,2.6855227e-08,3.4461234e-05
L-BFGS-B,7818,1.0184783e-07,0.001515519,2.6837895e-08,3.445805e-05
L-BFGS-B,7819,1.0185731e-07,0.0015155917,2.6801105e-08,3.445468e-05
L-BFGS-B,7820,1.0185743e-07,0.0015158125,2.675896e-08,3.4450582e-05
L-BFGS-B,7821,1.018092e-07,0.0015165664,2.6736297e-08,3.444749e-05
L-BFGS-B,7822,1.0179342e-07,0.0015165068,2.6744267e-08,3.4445722e-05
L-BFGS-B,7823,1.01799564e-07,0.0015166579,2.6718586e-08,3.44443e-05
L-BFGS-B,7824,1.01817136e-07,0.0015171746,2.6649651e-08,3.4441764e-05
L-BFGS-B,7825,1.0180265e-07,0.001520796,2.6624157e-08,3.447198e-05
L-BFGS-B,7826,1.0181005e-07,0.0015174216,2.6636286e-08,3.4441167e-05
L-BFGS-B,7827,1.0181665e-07,0.001517688,2.6602445e-08,3.4439745e-05
L-BFGS-B,7828,1.01815225e-07,0.0015178821,2.6579281e-08,3.4438e-05
L-BFGS-B,7829,1.018114e-07,0.0015178266,2.6571287e-08,3.443567e-05
L-BFGS-B,7830,1.01800296e-07,0.0015177241,2.6571353e-08,3.443299e-05
L-BFGS-B,7831,1.0179571e-07,0.0015176996,2.6557567e-08,3.4429988e-05
L-BFGS-B,7832,1.0174792e-07,0.0015186642,2.6513462e-08,3.442585e-05
L-BFGS-B,7833,1.0368127e-07,0.0015946052,2.711875e-08,3.5566052e-05
L-BFGS-B,7834,1.017517e-07,0.0015192174,2.6459679e-08,3.442388e-05
L-BFGS-B,7835,1.0177247e-07,0.0015191778,2.641632e-08,3.4420096e-05
L-BFGS-B,7836,1.0177899e-07,0.0015186857,2.6447612e-08,3.4420846e-05
L-BFGS-B,7837,1.01774596e-07,0.0015189488,2.6424274e-08,3.4419318e-05
L-BFGS-B,7838,1.0177607e-07,0.0015194693,2.6377156e-08,3.4417677e-05
L-BFGS-B,7839,1.0177188e-07,0.0015196131,2.6370607e-08,3.4417506e-05
L-BFGS-B,7840,1.0174497e-07,0.0015199048,2.6355794e-08,3.4414163e-05
L-BFGS-B,7841,1.0172507e-07,0.0015196014,2.6379253e-08,3.4411663e-05
L-BFGS-B,7842,1.01604556e-07,0.001523044,2.6619261e-08,3.4464014e-05
L-BFGS-B,7843,1.0169489e-07,0.0015196113,2.6399208e-08,3.4410226e-05
L-BFGS-B,7844,1.0167282e-07,0.0015188146,2.6454481e-08,3.440724e-05
L-BFGS-B,7845,1.0166008e-07,0.001518164,2.6498933e-08,3.4405493e-05
L-BFGS-B,7846,1.0166734e-07,0.0015180837,2.6485802e-08,3.440381e-05
L-BFGS-B,7847,1.0167492e-07,0.0015181965,2.6454932e-08,3.440144e-05
L-BFGS-B,7848,1.0167327e-07,0.0015176215,2.6473847e-08,3.4398283e-05
L-BFGS-B,7849,1.0162772e-07,0.0015176551,2.6477379e-08,3.4392317e-05
L-BFGS-B,7850,1.0227366e-07,0.0015332547,2.6459418e-08,3.4642508e-05
L-BFGS-B,7851,1.016605e-07,0.0015177893,2.6432733e-08,3.4391876e-05
L-BFGS-B,7852,1.01866306e-07,0.0015381402,2.709529e-08,3.4725643e-05
L-BFGS-B,7853,1.0164451e-07,0.001517759,2.6437908e-08,3.4389952e-05
L-BFGS-B,7854,1.0158056e-07,0.0015169807,2.6485989e-08,3.4379787e-05
L-BFGS-B,7855,1.0149158e-07,0.0015145404,2.6641427e-08,3.4365356e-05
L-BFGS-B,7856,1.0151564e-07,0.0015148958,2.6557833e-08,3.435998e-05
L-BFGS-B,7857,1.01550846e-07,0.0015149548,2.650418e-08,3.43578e-05
L-BFGS-B,7858,1.0156468e-07,0.0015148888,2.6482532e-08,3.435597e-05
L-BFGS-B,7859,1.0158969e-07,0.0015145022,2.646551e-08,3.4353303e-05
L-BFGS-B,7860,1.0163171e-07,0.0015150165,2.640689e-08,3.435596e-05
L-BFGS-B,7861,1.0159975e-07,0.001514596,2.6444178e-08,3.435255e-05
L-BFGS-B,7862,1.0159151e-07,0.0015140004,2.6476744e-08,3.4350243e-05
L-BFGS-B,7863,1.015978e-07,0.001513943,2.6457068e-08,3.4347657e-05
L-BFGS-B,7864,1.017342e-07,0.0015285973,2.6229428e-08,3.4480516e-05
L-BFGS-B,7865,1.015905e-07,0.0015147108,2.6405202e-08,3.4346464e-05
L-BFGS-B,7866,1.015358e-07,0.0015142979,2.6461452e-08,3.4342564e-05
L-BFGS-B,7867,1.015124e-07,0.0015142075,2.6463143e-08,3.4338405e-05
L-BFGS-B,7868,1.0148927e-07,0.0015140113,2.6462267e-08,3.4332843e-05
L-BFGS-B,7869,1.0147979e-07,0.001513244,2.6527564e-08,3.433354e-05
L-BFGS-B,7870,1.0148408e-07,0.0015136591,2.6486795e-08,3.433222e-05
L-BFGS-B,7871,1.014291e-07,0.0015148394,2.6457384e-08,3.4331366e-05
L-BFGS-B,7872,1.0144719e-07,0.0015144764,2.6429106e-08,3.4326207e-05
L-BFGS-B,7873,1.0144967e-07,0.0015143739,2.6417492e-08,3.4323813e-05
L-BFGS-B,7874,1.0144379e-07,0.0015146082,2.6387738e-08,3.432081e-05
L-BFGS-B,7875,1.0142787e-07,0.0015147263,2.6376078e-08,3.4317854e-05
L-BFGS-B,7876,1.0142429e-07,0.0015143262,2.6384745e-08,3.4314617e-05
L-BFGS-B,7877,1.0141421e-07,0.0015139999,2.6405706e-08,3.4312987e-05
L-BFGS-B,7878,1.0138725e-07,0.0015134636,2.6458101e-08,3.4311437e-05
L-BFGS-B,7879,1.0136053e-07,0.0015130155,2.6505285e-08,3.431003e-05
L-BFGS-B,7880,1.0123643e-07,0.0015133366,2.6626319e-08,3.4312776e-05
L-BFGS-B,7881,1.01312985e-07,0.0015130168,2.6543841e-08,3.430869e-05
L-BFGS-B,7882,1.0127657e-07,0.0015124127,2.660528e-08,3.4306402e-05
L-BFGS-B,7883,1.0123931e-07,0.0015121007,2.6643702e-08,3.430346e-05
L-BFGS-B,7884,1.0122309e-07,0.0015120697,2.6644418e-08,3.430082e-05
L-BFGS-B,7885,1.0119932e-07,0.00151221,2.6623823e-08,3.4295572e-05
L-BFGS-B,7886,1.01191915e-07,0.0015121846,2.6594808e-08,3.4289853e-05
L-BFGS-B,7887,1.01178884e-07,0.0015120986,2.6575046e-08,3.4284076e-05
L-BFGS-B,7888,1.0119884e-07,0.0015124262,2.6477725e-08,3.4275745e-05
L-BFGS-B,7889,1.0124188e-07,0.0015123935,2.6362349e-08,3.426457e-05
L-BFGS-B,7890,1.01422756e-07,0.0015257676,2.6038744e-08,3.43769e-05
L-BFGS-B,7891,1.0124539e-07,0.0015131291,2.6296968e-08,3.4262644e-05
L-BFGS-B,7892,1.0129692e-07,0.0015132845,2.6198004e-08,3.4257082e-05
L-BFGS-B,7893,1.0130512e-07,0.0015124452,2.622545e-08,3.4254037e-05
L-BFGS-B,7894,1.0131177e-07,0.0015119571,2.623733e-08,3.4251934e-05
L-BFGS-B,7895,1.0131437e-07,0.0015115532,2.6242564e-08,3.424907e-05
L-BFGS-B,7896,1.0130881e-07,0.0015113143,2.6249172e-08,3.424684e-05
L-BFGS-B,7897,1.01295555e-07,0.001511311,2.624565e-08,3.424429e-05
L-BFGS-B,7898,1.0127154e-07,0.0015107541,2.6276377e-08,3.423973e-05
L-BFGS-B,7899,1.01739786e-07,0.0015337989,2.6313252e-08,3.4545945e-05
L-BFGS-B,7900,1.012729e-07,0.0015117264,2.618852e-08,3.4236476e-05
L-BFGS-B,7901,1.01232295e-07,0.0015122168,2.6159594e-08,3.423095e-05
L-BFGS-B,7902,1.01161554e-07,0.0015124881,2.6177366e-08,3.422572e-05
L-BFGS-B,7903,1.0112033e-07,0.0015128847,2.6161965e-08,3.422119e-05
L-BFGS-B,7904,1.0110045e-07,0.0015134183,2.6112511e-08,3.4216126e-05
L-BFGS-B,7905,1.0113763e-07,0.0015149646,2.600959e-08,3.4221728e-05
L-BFGS-B,7906,1.0110833e-07,0.0015137882,2.6069761e-08,3.4214594e-05
L-BFGS-B,7907,1.0111032e-07,0.0015139997,2.6030715e-08,3.421115e-05
L-BFGS-B,7908,1.0111417e-07,0.0015140721,2.6007825e-08,3.420902e-05
L-BFGS-B,7909,1.01109e-07,0.0015142818,2.5987852e-08,3.4207347e-05
L-BFGS-B,7910,1.01092375e-07,0.0015143615,2.5993753e-08,3.4206532e-05
L-BFGS-B,7911,1.0106644e-07,0.0015144601,2.6003194e-08,3.4205048e-05
L-BFGS-B,7912,1.010396e-07,0.0015144444,2.6021452e-08,3.42036e-05
L-BFGS-B,7913,1.0098324e-07,0.0015147262,2.6047147e-08,3.420182e-05
L-BFGS-B,7914,1.0099409e-07,0.0015148289,2.602164e-08,3.420065e-05
L-BFGS-B,7915,1.00999046e-07,0.0015147629,2.6012927e-08,3.4199424e-05
L-BFGS-B,7916,1.0100423e-07,0.0015150465,2.598253e-08,3.4198478e-05
L-BFGS-B,7917,1.0102033e-07,0.0015153205,2.5933858e-08,3.4196335e-05
L-BFGS-B,7918,1.0102766e-07,0.0015157961,2.5882747e-08,3.419452e-05
L-BFGS-B,7919,1.0105083e-07,0.0015161764,2.5823491e-08,3.419291e-05
L-BFGS-B,7920,1.0105796e-07,0.0015163813,2.579187e-08,3.4191286e-05
L-BFGS-B,7921,1.01072175e-07,0.0015165606,2.5755119e-08,3.41897e-05
L-BFGS-B,7922,1.01085654e-07,0.001516888,2.5704171e-08,3.4187353e-05
L-BFGS-B,7923,1.0112972e-07,0.0015170359,2.5639183e-08,3.4185694e-05
L-BFGS-B,7924,1.0112728e-07,0.0015191955,2.5527758e-08,3.4190212e-05
L-BFGS-B,7925,1.0112297e-07,0.0015177027,2.558563e-08,3.418332e-05
L-BFGS-B,7926,1.0111766e-07,0.0015171553,2.560517e-08,3.4179975e-05
L-BFGS-B,7927,1.01107034e-07,0.0015164479,2.5634904e-08,3.417577e-05
L-BFGS-B,7928,1.0110839e-07,0.0015160784,2.5646461e-08,3.4174012e-05
L-BFGS-B,7929,1.0115052e-07,0.0015175844,2.7068674e-08,3.4408724e-05
L-BFGS-B,7930,1.0107883e-07,0.0015152732,2.5715607e-08,3.41719e-05
L-BFGS-B,7931,1.0107509e-07,0.0015150984,2.5708832e-08,3.4168574e-05
L-BFGS-B,7932,1.0107046e-07,0.0015145923,2.570905e-08,3.4162847e-05
L-BFGS-B,7933,1.0107359e-07,0.0015146707,2.5692604e-08,3.4161636e-05
L-BFGS-B,7934,1.0108238e-07,0.0015144703,2.5684873e-08,3.415979e-05
L-BFGS-B,7935,1.0105079e-07,0.0015124254,2.5882327e-08,3.416422e-05
L-BFGS-B,7936,1.010735e-07,0.0015139634,2.5725463e-08,3.415948e-05
L-BFGS-B,7937,1.0107316e-07,0.0015139009,2.5719975e-08,3.415798e-05
L-BFGS-B,7938,1.0107725e-07,0.0015136175,2.5721073e-08,3.415592e-05
L-BFGS-B,7939,1.01072814e-07,0.0015137661,2.5707724e-08,3.4154742e-05
L-BFGS-B,7940,1.01066775e-07,0.001514183,2.5677721e-08,3.4153505e-05
L-BFGS-B,7941,1.0108235e-07,0.0015142076,2.5665338e-08,3.415423e-05
L-BFGS-B,7942,1.01071876e-07,0.0015141772,2.5671788e-08,3.415332e-05
L-BFGS-B,7943,1.01073674e-07,0.0015142336,2.5659734e-08,3.415235e-05
L-BFGS-B,7944,1.0108309e-07,0.0015143768,2.5630825e-08,3.4150857e-05
L-BFGS-B,7945,1.0106221e-07,0.0015143304,2.565053e-08,3.4150216e-05
L-BFGS-B,7946,1.01047014e-07,0.0015140495,2.5674277e-08,3.414869e-05
L-BFGS-B,7947,1.0103171e-07,0.0015137981,2.5697235e-08,3.414732e-05
L-BFGS-B,7948,1.01012375e-07,0.0015133673,2.5729538e-08,3.414496e-05
L-BFGS-B,7949,1.0114161e-07,0.0015119277,2.6012998e-08,3.4192468e-05
L-BFGS-B,7950,1.01015814e-07,0.001513152,2.5739158e-08,3.4144767e-05
L-BFGS-B,7951,1.010304e-07,0.0015122107,2.5825356e-08,3.415047e-05
L-BFGS-B,7952,1.010159e-07,0.0015128646,2.5753378e-08,3.4144035e-05
L-BFGS-B,7953,1.0101338e-07,0.0015127783,2.5749296e-08,3.4142184e-05
L-BFGS-B,7954,1.01019744e-07,0.0015126895,2.574088e-08,3.4140987e-05
L-BFGS-B,7955,1.01029194e-07,0.0015127143,2.5725363e-08,3.4140325e-05
L-BFGS-B,7956,1.0097153e-07,0.0015123545,2.5829015e-08,3.4143628e-05
L-BFGS-B,7957,1.0101506e-07,0.0015125959,2.574569e-08,3.414007e-05
L-BFGS-B,7958,1.01011366e-07,0.0015126073,2.5746957e-08,3.413982e-05
L-BFGS-B,7959,1.0100056e-07,0.0015121666,2.5776828e-08,3.4138273e-05
L-BFGS-B,7960,1.0099223e-07,0.0015121832,2.5788289e-08,3.413891e-05
L-BFGS-B,7961,1.0099576e-07,0.0015121065,2.577902e-08,3.413728e-05
L-BFGS-B,7962,1.0099222e-07,0.0015123299,2.57545e-08,3.4135308e-05
L-BFGS-B,7963,1.0098971e-07,0.0015124694,2.5742002e-08,3.413445e-05
L-BFGS-B,7964,1.0099987e-07,0.0015126186,2.5700269e-08,3.4131204e-05
L-BFGS-B,7965,1.0095686e-07,0.0015120859,2.5830852e-08,3.4139015e-05
L-BFGS-B,7966,1.0098752e-07,0.0015124067,2.5722523e-08,3.4130575e-05
L-BFGS-B,7967,1.0099409e-07,0.0015123247,2.5710657e-08,3.412896e-05
L-BFGS-B,7968,1.010067e-07,0.00151229,2.5680826e-08,3.4126027e-05
L-BFGS-B,7969,1.0101165e-07,0.0015128352,2.5618974e-08,3.4122946e-05
L-BFGS-B,7970,1.0731092e-07,0.001821628,2.7039619e-08,3.8368857e-05
L-BFGS-B,7971,1.01038324e-07,0.0015133023,2.5586374e-08,3.4126726e-05
L-BFGS-B,7972,1.0101936e-07,0.0015128943,2.560168e-08,3.41221e-05
L-BFGS-B,7973,1.0102291e-07,0.0015127261,2.5587955e-08,3.4118893e-05
L-BFGS-B,7974,1.0104044e-07,0.0015122388,2.5558776e-08,3.4112272e-05
L-BFGS-B,7975,1.0099484e-07,0.0015122979,2.5560004e-08,3.4106204e-05
L-BFGS-B,7976,1.0149169e-07,0.0015169752,2.5283878e-08,3.4186087e-05
L-BFGS-B,7977,1.010746e-07,0.0015120768,2.54488e-08,3.4099277e-05
L-BFGS-B,7978,1.01122595e-07,0.0015120422,2.5361821e-08,3.4093086e-05
L-BFGS-B,7979,1.0114366e-07,0.0015115966,2.5262848e-08,3.4076944e-05
L-BFGS-B,7980,1.01134724e-07,0.0015106902,2.5292405e-08,3.4070974e-05
L-BFGS-B,7981,1.0105819e-07,0.0015090775,2.5472836e-08,3.407043e-05
L-BFGS-B,7982,1.01126886e-07,0.0015067812,2.5982375e-08,3.4134202e-05
L-BFGS-B,7983,1.0104615e-07,0.0015076493,2.5544715e-08,3.4065124e-05
L-BFGS-B,7984,1.01050006e-07,0.0015079723,2.544171e-08,3.405348e-05
L-BFGS-B,7985,1.0104223e-07,0.0015086086,2.5250515e-08,3.4029996e-05
L-BFGS-B,7986,1.0103127e-07,0.0015090286,2.5117144e-08,3.4012548e-05
L-BFGS-B,7987,1.01045465e-07,0.0015095153,2.4929296e-08,3.3991368e-05
L-BFGS-B,7988,1.0097386e-07,0.0015096399,2.493778e-08,3.3983146e-05
L-BFGS-B,7989,1.00992764e-07,0.0015094739,2.4829232e-08,3.3968037e-05
L-BFGS-B,7990,1.0097179e-07,0.0015086875,2.4837156e-08,3.3958215e-05
L-BFGS-B,7991,1.0100239e-07,0.0015081312,2.475114e-08,3.394434e-05
L-BFGS-B,7992,1.0092348e-07,0.0015071369,2.4786704e-08,3.3927896e-05
L-BFGS-B,7993,1.0095756e-07,0.0015077167,2.4634646e-08,3.3915996e-05
L-BFGS-B,7994,1.01005746e-07,0.0015080125,2.4414197e-08,3.3893117e-05
L-BFGS-B,7995,1.0098788e-07,0.0015077516,2.4337975e-08,3.3876397e-05
L-BFGS-B,7996,1.0101493e-07,0.0015075912,2.4186699e-08,3.3856155e-05
L-BFGS-B,7997,1.0094793e-07,0.0015064409,2.4208987e-08,3.3837947e-05
L-BFGS-B,7998,1.0077234e-07,0.0015053552,2.42694e-08,3.380981e-05
L-BFGS-B,7999,1.0072951e-07,0.001505025,2.4223201e-08,3.3793156e-05
L-BFGS-B,8000,1.0073711e-07,0.0015054726,2.4135499e-08,3.3785618e-05
L-BFGS-B,8001,1.0360005e-07,0.0015812829,3.1216654e-08,3.6035333e-05
L-BFGS-B,8002,1.00721785e-07,0.0015047824,2.413273e-08,3.3776e-05
L-BFGS-B,8003,1.0070901e-07,0.0015048095,2.4092486e-08,3.376832e-05
L-BFGS-B,8004,1.0072218e-07,0.0015046803,2.4055439e-08,3.3763445e-05
L-BFGS-B,8005,1.0072081e-07,0.0015058065,2.3946214e-08,3.375812e-05
L-BFGS-B,8006,1.0067034e-07,0.0015056644,2.3958938e-08,3.3751036e-05
L-BFGS-B,8007,1.0062296e-07,0.001505253,2.4006198e-08,3.3746903e-05
L-BFGS-B,8008,1.00552114e-07,0.0015056983,2.4029337e-08,3.37442e-05
L-BFGS-B,8009,1.0054544e-07,0.0015045933,2.409769e-08,3.3742403e-05
L-BFGS-B,8010,1.00537505e-07,0.0015040382,2.4124686e-08,3.373971e-05
L-BFGS-B,8011,1.00492414e-07,0.00150268,2.4219013e-08,3.3733515e-05
L-BFGS-B,8012,1.0038286e-07,0.0015016258,2.434722e-08,3.372577e-05
L-BFGS-B,8013,1.00324954e-07,0.001500698,2.4369285e-08,3.3711116e-05
L-BFGS-B,8014,1.0017581e-07,0.0015039196,2.4374751e-08,3.372178e-05
L-BFGS-B,8015,1.0025473e-07,0.0015014721,2.433289e-08,3.3702865e-05
L-BFGS-B,8016,1.0015933e-07,0.0015007012,2.4364335e-08,3.3685563e-05
L-BFGS-B,8017,1.0013666e-07,0.0015001333,2.4333275e-08,3.3671822e-05
L-BFGS-B,8018,1.000904e-07,0.0014997516,2.4282414e-08,3.365344e-05
L-BFGS-B,8019,1.00015484e-07,0.0014988723,2.4321672e-08,3.36393e-05
L-BFGS-B,8020,9.99986e-08,0.00149647,2.4433476e-08,3.362951e-05
L-BFGS-B,8021,9.994096e-08,0.0014957918,2.4471431e-08,3.3619777e-05
L-BFGS-B,8022,9.989912e-08,0.0014941074,2.453949e-08,3.3606866e-05
L-BFGS-B,8023,9.9929736e-08,0.001492086,2.45496e-08,3.3592758e-05
L-BFGS-B,8024,1.00029325e-07,0.0014898648,2.4580718e-08,3.3590153e-05
L-BFGS-B,8025,1.0001509e-07,0.001488959,2.4529731e-08,3.3571312e-05
L-BFGS-B,8026,9.994579e-08,0.0014888353,2.460669e-08,3.3571225e-05
L-BFGS-B,8027,9.997003e-08,0.0014884368,2.4560318e-08,3.356392e-05
L-BFGS-B,8028,9.9974e-08,0.0014880913,2.4551197e-08,3.3559692e-05
L-BFGS-B,8029,9.9987005e-08,0.0014875967,2.4529914e-08,3.3553504e-05
L-BFGS-B,8030,9.996678e-08,0.0014869455,2.4571017e-08,3.3550124e-05
L-BFGS-B,8031,9.9969455e-08,0.0014874305,2.4518528e-08,3.35475e-05
L-BFGS-B,8032,9.997785e-08,0.0014884506,2.4425637e-08,3.3545028e-05
L-BFGS-B,8033,9.996577e-08,0.0014883309,2.4429239e-08,3.354256e-05
L-BFGS-B,8034,9.9974876e-08,0.0014888435,2.436958e-08,3.3540102e-05
L-BFGS-B,8035,9.995788e-08,0.0014885545,2.4378597e-08,3.3536016e-05
L-BFGS-B,8036,9.997617e-08,0.00148837,2.4352671e-08,3.3533026e-05
L-BFGS-B,8037,9.999256e-08,0.0014877751,2.4333591e-08,3.3526674e-05
L-BFGS-B,8038,9.9974066e-08,0.0014872161,2.4370356e-08,3.3523826e-05
L-BFGS-B,8039,9.994214e-08,0.0014873107,2.4376213e-08,3.352086e-05
L-BFGS-B,8040,9.993647e-08,0.0014868855,2.438631e-08,3.3517274e-05
L-BFGS-B,8041,9.992602e-08,0.0014861756,2.4409076e-08,3.351202e-05
L-BFGS-B,8042,9.9936024e-08,0.0014855679,2.4428827e-08,3.3510405e-05
L-BFGS-B,8043,9.992908e-08,0.0014854829,2.4427031e-08,3.3508248e-05
L-BFGS-B,8044,9.9917024e-08,0.00148549,2.4430083e-08,3.3506964e-05
L-BFGS-B,8045,9.9910885e-08,0.0014854819,2.4431463e-08,3.350617e-05
L-BFGS-B,8046,9.990531e-08,0.0014855128,2.4426942e-08,3.3504966e-05
L-BFGS-B,8047,9.988566e-08,0.0014878338,2.483045e-08,3.3585755e-05
L-BFGS-B,8048,9.990044e-08,0.0014854668,2.443418e-08,3.350486e-05
L-BFGS-B,8049,9.990475e-08,0.0014854589,2.442248e-08,3.3503675e-05
L-BFGS-B,8050,9.9909556e-08,0.0014854892,2.4412781e-08,3.3503242e-05
L-BFGS-B,8051,9.991685e-08,0.0014855816,2.4396993e-08,3.3502893e-05
L-BFGS-B,8052,9.99202e-08,0.0014857798,2.4376387e-08,3.3502285e-05
L-BFGS-B,8053,9.990018e-08,0.0014875173,2.4378382e-08,3.3516957e-05
L-BFGS-B,8054,9.9917614e-08,0.001485853,2.4373294e-08,3.3502165e-05
L-BFGS-B,8055,9.991273e-08,0.0014859666,2.4365447e-08,3.350139e-05
L-BFGS-B,8056,9.99059e-08,0.0014859356,2.4370506e-08,3.3500815e-05
L-BFGS-B,8057,9.989811e-08,0.0014861567,2.4358743e-08,3.3500095e-05
L-BFGS-B,8058,9.990181e-08,0.0014860643,2.4350477e-08,3.3498483e-05
L-BFGS-B,8059,9.99313e-08,0.0014862084,2.429596e-08,3.3496173e-05
L-BFGS-B,8060,9.994655e-08,0.0014862039,2.4275419e-08,3.3495333e-05
L-BFGS-B,8061,9.997536e-08,0.0014863933,2.4226244e-08,3.3494172e-05
L-BFGS-B,8062,9.998131e-08,0.0014865685,2.4204441e-08,3.3493547e-05
L-BFGS-B,8063,9.997689e-08,0.0014865949,2.4200855e-08,3.3492608e-05
L-BFGS-B,8064,1.000161e-07,0.0014869603,2.4152762e-08,3.3494933e-05
L-BFGS-B,8065,9.998725e-08,0.0014866643,2.418137e-08,3.3491935e-05
L-BFGS-B,8066,9.99715e-08,0.0014870965,2.4157185e-08,3.3490265e-05
L-BFGS-B,8067,9.996534e-08,0.001486929,2.4154458e-08,3.348726e-05
L-BFGS-B,8068,9.996524e-08,0.001487008,2.4137764e-08,3.3485532e-05
L-BFGS-B,8069,9.996748e-08,0.0014871528,2.4113973e-08,3.3483746e-05
L-BFGS-B,8070,9.996767e-08,0.0014872765,2.409665e-08,3.3482414e-05
L-BFGS-B,8071,9.999265e-08,0.0014864104,2.413329e-08,3.3482993e-05
L-BFGS-B,8072,9.9976795e-08,0.0014868331,2.4109886e-08,3.348133e-05
L-BFGS-B,8073,9.997227e-08,0.0014870254,2.4086026e-08,3.3479e-05
L-BFGS-B,8074,9.9975445e-08,0.0014870923,2.4063075e-08,3.3476703e-05
L-BFGS-B,8075,9.99646e-08,0.0014870211,2.4065628e-08,3.3474746e-05
L-BFGS-B,8076,9.997626e-08,0.0014869471,2.4044672e-08,3.347261e-05
L-BFGS-B,8077,9.9979964e-08,0.0014866956,2.4029225e-08,3.3468332e-05
L-BFGS-B,8078,9.996614e-08,0.0014865163,2.4024475e-08,3.3463755e-05
L-BFGS-B,8079,9.987537e-08,0.0014875802,2.4185967e-08,3.3485e-05
L-BFGS-B,8080,9.993531e-08,0.0014864797,2.4045114e-08,3.346186e-05
L-BFGS-B,8081,9.992364e-08,0.0014862537,2.4034708e-08,3.345629e-05
L-BFGS-B,8082,9.9899935e-08,0.0014863071,2.4052609e-08,3.345595e-05
L-BFGS-B,8083,9.9843874e-08,0.0014858303,2.439772e-08,3.349454e-05
L-BFGS-B,8084,9.988912e-08,0.0014860929,2.4073211e-08,3.345528e-05
L-BFGS-B,8085,9.988712e-08,0.0014860309,2.4051342e-08,3.3451077e-05
L-BFGS-B,8086,9.9884716e-08,0.0014858434,2.40493e-08,3.3448538e-05
L-BFGS-B,8087,9.988919e-08,0.0014853346,2.4032596e-08,3.344161e-05
L-BFGS-B,8088,9.986053e-08,0.0014862949,2.3980222e-08,3.343906e-05
L-BFGS-B,8089,9.9890336e-08,0.0014860168,2.3928067e-08,3.343293e-05
L-BFGS-B,8090,9.9923916e-08,0.0014856934,2.3876506e-08,3.3426997e-05
L-BFGS-B,8091,9.995406e-08,0.0014854685,2.382142e-08,3.3421005e-05
L-BFGS-B,8092,9.996975e-08,0.0014857154,2.3769719e-08,3.3418077e-05
L-BFGS-B,8093,9.9964154e-08,0.0014859615,2.3750744e-08,3.3416847e-05
L-BFGS-B,8094,9.995229e-08,0.0014860481,2.3748843e-08,3.341565e-05
L-BFGS-B,8095,9.994483e-08,0.0014861425,2.3744194e-08,3.3414777e-05
L-BFGS-B,8096,9.994445e-08,0.0014862707,2.3729775e-08,3.3413842e-05
L-BFGS-B,8097,9.9894955e-08,0.0014867893,2.3778497e-08,3.3418914e-05
L-BFGS-B,8098,9.993243e-08,0.001486305,2.3736508e-08,3.341339e-05
L-BFGS-B,8099,9.992448e-08,0.0014858384,2.3767303e-08,3.341215e-05
L-BFGS-B,8100,9.988885e-08,0.0014866536,2.375386e-08,3.3412944e-05
L-BFGS-B,8101,9.990733e-08,0.0014861131,2.3757519e-08,3.341086e-05
L-BFGS-B,8102,9.989968e-08,0.0014859772,2.3762402e-08,3.3409084e-05
L-BFGS-B,8103,9.987829e-08,0.0014853664,2.3804901e-08,3.3406144e-05
L-BFGS-B,8104,9.991037e-08,0.0014853664,2.3818364e-08,3.3412973e-05
L-BFGS-B,8105,9.9884254e-08,0.0014852904,2.3801817e-08,3.3405813e-05
L-BFGS-B,8106,9.9871876e-08,0.0014846921,2.3835073e-08,3.340296e-05
L-BFGS-B,8107,9.985101e-08,0.0014832467,2.3917655e-08,3.3397766e-05
L-BFGS-B,8108,9.984277e-08,0.0014826296,2.3949424e-08,3.3395125e-05
L-BFGS-B,8109,9.982927e-08,0.0014817272,2.3992932e-08,3.3390603e-05
L-BFGS-B,8110,9.979508e-08,0.0014808046,2.4072365e-08,3.338816e-05
L-BFGS-B,8111,9.9810975e-08,0.001480797,2.4029584e-08,3.338405e-05
L-BFGS-B,8112,9.98068e-08,0.0014808953,2.400612e-08,3.338089e-05
L-BFGS-B,8113,9.978979e-08,0.0014811978,2.3981823e-08,3.337772e-05
L-BFGS-B,8114,9.9815125e-08,0.0014813943,2.392652e-08,3.337519e-05
L-BFGS-B,8115,9.981247e-08,0.00148109,2.3924946e-08,3.337151e-05
L-BFGS-B,8116,9.98206e-08,0.0014806654,2.390026e-08,3.3364784e-05
L-BFGS-B,8117,9.982669e-08,0.0014806036,2.3880455e-08,3.3362106e-05
L-BFGS-B,8118,9.9833095e-08,0.0014805304,2.3855966e-08,3.335866e-05
L-BFGS-B,8119,9.980894e-08,0.0014817609,2.3861471e-08,3.336817e-05
L-BFGS-B,8120,9.98239e-08,0.0014806968,2.3845455e-08,3.335737e-05
L-BFGS-B,8121,9.9767334e-08,0.0014793533,2.3971218e-08,3.3354318e-05
L-BFGS-B,8122,9.975995e-08,0.0014792087,2.395931e-08,3.3349977e-05
L-BFGS-B,8123,9.972957e-08,0.0014788043,2.3979144e-08,3.334435e-05
L-BFGS-B,8124,9.9856955e-08,0.0014794406,2.3828761e-08,3.3347264e-05
L-BFGS-B,8125,9.976655e-08,0.0014784164,2.3880524e-08,3.3331224e-05
L-BFGS-B,8126,9.9708814e-08,0.0014776392,2.3909923e-08,3.33192e-05
L-BFGS-B,8127,9.9654486e-08,0.0014769407,2.3959032e-08,3.3311433e-05
L-BFGS-B,8128,9.961756e-08,0.0014769104,2.395269e-08,3.330464e-05
L-BFGS-B,8129,9.964046e-08,0.001476763,2.391366e-08,3.330075e-05
L-BFGS-B,8130,9.964781e-08,0.0014763746,2.3893596e-08,3.3294957e-05
L-BFGS-B,8131,9.9642165e-08,0.001476115,2.388679e-08,3.3290493e-05
L-BFGS-B,8132,9.963162e-08,0.0014758081,2.3884427e-08,3.3285487e-05
L-BFGS-B,8133,9.964186e-08,0.0014756873,2.3844015e-08,3.3279754e-05
L-BFGS-B,8134,9.966753e-08,0.0014757595,2.378436e-08,3.3275377e-05
L-BFGS-B,8135,9.968153e-08,0.0014759881,2.373345e-08,3.327213e-05
L-BFGS-B,8136,9.968626e-08,0.001476303,2.3674492e-08,3.326714e-05
L-BFGS-B,8137,9.965232e-08,0.0014773312,2.3622333e-08,3.326451e-05
L-BFGS-B,8138,9.9624835e-08,0.001477329,2.3623867e-08,3.3260596e-05
L-BFGS-B,8139,9.9619434e-08,0.0014769629,2.3639899e-08,3.325853e-05
L-BFGS-B,8140,9.9611114e-08,0.0014768469,2.3646828e-08,3.325716e-05
L-BFGS-B,8141,9.959089e-08,0.0014766358,2.3670644e-08,3.325559e-05
L-BFGS-B,8142,9.959599e-08,0.0014765636,2.3662343e-08,3.3254386e-05
L-BFGS-B,8143,9.9600754e-08,0.0014766201,2.3643587e-08,3.325285e-05
L-BFGS-B,8144,9.961987e-08,0.0014768254,2.360145e-08,3.3251454e-05
L-BFGS-B,8145,9.958878e-08,0.0014776145,2.358253e-08,3.325184e-05
L-BFGS-B,8146,9.960472e-08,0.0014771358,2.3591875e-08,3.3250846e-05
L-BFGS-B,8147,9.963499e-08,0.0014774259,2.3534964e-08,3.324975e-05
L-BFGS-B,8148,9.962946e-08,0.0014775774,2.3524063e-08,3.32488e-05
L-BFGS-B,8149,9.9620046e-08,0.0014777712,2.3512971e-08,3.3247663e-05
L-BFGS-B,8150,9.9601486e-08,0.0014783024,2.34946e-08,3.3247437e-05
L-BFGS-B,8151,1.0015704e-07,0.0014899954,2.324782e-08,3.341068e-05
L-BFGS-B,8152,9.961689e-08,0.0014784824,2.3461773e-08,3.3246622e-05
L-BFGS-B,8153,9.962024e-08,0.001478231,2.3471776e-08,3.3246113e-05
L-BFGS-B,8154,9.962345e-08,0.0014781802,2.34619e-08,3.3244603e-05
L-BFGS-B,8155,9.963131e-08,0.0014784044,2.3425775e-08,3.3242606e-05
L-BFGS-B,8156,9.963421e-08,0.0014787508,2.338763e-08,3.3240784e-05
L-BFGS-B,8157,9.9634754e-08,0.0014793255,2.3330346e-08,3.3238022e-05
L-BFGS-B,8158,9.963507e-08,0.0014796603,2.329351e-08,3.323589e-05
L-BFGS-B,8159,9.9618916e-08,0.0014800252,2.3267681e-08,3.3233242e-05
L-BFGS-B,8160,9.959372e-08,0.0014796733,2.3302093e-08,3.3231106e-05
L-BFGS-B,8161,9.9574955e-08,0.0014791387,2.3337991e-08,3.322833e-05
L-BFGS-B,8162,9.955561e-08,0.0014785364,2.3377988e-08,3.3225402e-05
L-BFGS-B,8163,9.954902e-08,0.0014784243,2.3381045e-08,3.3223754e-05
L-BFGS-B,8164,9.954174e-08,0.0014785506,2.3363055e-08,3.3221226e-05
L-BFGS-B,8165,9.954075e-08,0.0014787621,2.3335485e-08,3.3219054e-05
L-BFGS-B,8166,9.954396e-08,0.0014788874,2.3362096e-08,3.3224784e-05
L-BFGS-B,8167,9.953946e-08,0.001478734,2.3334549e-08,3.3218443e-05
L-BFGS-B,8168,9.95448e-08,0.0014790936,2.3301485e-08,3.3217875e-05
L-BFGS-B,8169,9.952902e-08,0.0014790819,2.329724e-08,3.3214757e-05
L-BFGS-B,8170,9.952205e-08,0.0014787124,2.3316362e-08,3.3212884e-05
L-BFGS-B,8171,9.950677e-08,0.0014781378,2.3358425e-08,3.3211156e-05
L-BFGS-B,8172,9.949887e-08,0.0014779071,2.3372587e-08,3.3209788e-05
L-BFGS-B,8173,9.949683e-08,0.0014781561,2.335203e-08,3.320889e-05
L-BFGS-B,8174,9.94582e-08,0.0014779795,2.3402526e-08,3.3208904e-05
L-BFGS-B,8175,9.9476274e-08,0.0014780437,2.3374644e-08,3.3208074e-05
L-BFGS-B,8176,9.9466334e-08,0.0014785549,2.333753e-08,3.3206128e-05
L-BFGS-B,8177,9.9454304e-08,0.0014789937,2.330867e-08,3.3204382e-05
L-BFGS-B,8178,9.944172e-08,0.0014789843,2.3314108e-08,3.3203214e-05
L-BFGS-B,8179,9.94438e-08,0.0014787554,2.332173e-08,3.3202385e-05
L-BFGS-B,8180,9.944643e-08,0.0014786184,2.3321995e-08,3.3201446e-05
L-BFGS-B,8181,9.9461644e-08,0.0014785472,2.3297291e-08,3.3199314e-05
L-BFGS-B,8182,9.94766e-08,0.0014785614,2.3272351e-08,3.3197957e-05
L-BFGS-B,8183,9.947388e-08,0.0014788181,2.3266738e-08,3.3199274e-05
L-BFGS-B,8184,9.947432e-08,0.0014786023,2.3267933e-08,3.319736e-05
L-BFGS-B,8185,9.9769366e-08,0.0014854121,2.2851163e-08,3.32472e-05
L-BFGS-B,8186,9.951091e-08,0.0014792953,2.3173005e-08,3.319554e-05
L-BFGS-B,8187,9.9513315e-08,0.0014793831,2.315109e-08,3.3193493e-05
L-BFGS-B,8188,9.9506295e-08,0.0014795734,2.3121205e-08,3.318986e-05
L-BFGS-B,8189,9.950447e-08,0.001479456,2.312562e-08,3.3189073e-05
L-BFGS-B,8190,9.950815e-08,0.0014793571,2.3118037e-08,3.3187498e-05
L-BFGS-B,8191,9.94932e-08,0.0014796155,2.3114598e-08,3.3187323e-05
L-BFGS-B,8192,9.94984e-08,0.0014793067,2.311961e-08,3.3185766e-05
L-BFGS-B,8193,9.950313e-08,0.0014792428,2.311207e-08,3.3184708e-05
L-BFGS-B,8194,9.950901e-08,0.001479179,2.3100823e-08,3.3183263e-05
L-BFGS-B,8195,9.9522715e-08,0.0014796401,2.3052053e-08,3.3182616e-05
L-BFGS-B,8196,9.9503666e-08,0.0014804465,2.3067853e-08,3.3190194e-05
L-BFGS-B,8197,9.951786e-08,0.001479688,2.3052014e-08,3.318236e-05
L-BFGS-B,8198,9.951082e-08,0.0014795583,2.3062196e-08,3.3181535e-05
L-BFGS-B,8199,9.950358e-08,0.0014796072,2.3061e-08,3.318076e-05
L-BFGS-B,8200,9.9501975e-08,0.001479643,2.3055879e-08,3.318011e-05
L-BFGS-B,8201,9.950672e-08,0.0014794194,2.3057538e-08,3.3178832e-05
L-BFGS-B,8202,9.952165e-08,0.0014790685,2.3056923e-08,3.317747e-05
L-BFGS-B,8203,9.953067e-08,0.0014788399,2.3055234e-08,3.3176286e-05
L-BFGS-B,8204,9.957864e-08,0.0014789212,2.2988965e-08,3.3174354e-05
L-BFGS-B,8205,9.9596505e-08,0.0014790565,2.2947345e-08,3.3172142e-05
L-BFGS-B,8206,9.957258e-08,0.0014790222,2.2949374e-08,3.3168515e-05
L-BFGS-B,8207,9.95853e-08,0.0014795627,2.2881375e-08,3.316563e-05
L-BFGS-B,8208,9.957078e-08,0.0014794803,2.28893e-08,3.3163815e-05
L-BFGS-B,8209,9.9521074e-08,0.0014787777,2.2972412e-08,3.31618e-05
L-BFGS-B,8210,9.953277e-08,0.0014787574,2.2951923e-08,3.316028e-05
L-BFGS-B,8211,9.954178e-08,0.0014787324,2.294153e-08,3.315982e-05
L-BFGS-B,8212,9.954608e-08,0.0014784958,2.2945734e-08,3.315873e-05
L-BFGS-B,8213,9.954034e-08,0.0014783548,2.2958405e-08,3.315836e-05
L-BFGS-B,8214,9.952984e-08,0.0014782301,2.2975366e-08,3.315808e-05
L-BFGS-B,8215,9.951722e-08,0.001478177,2.2985617e-08,3.3157197e-05
L-BFGS-B,8216,9.95007e-08,0.0014781002,2.2995163e-08,3.3155382e-05
L-BFGS-B,8217,9.9485085e-08,0.0014781547,2.2996385e-08,3.3153767e-05
L-BFGS-B,8218,9.9537594e-08,0.0014746977,2.366189e-08,3.32269e-05
L-BFGS-B,8219,9.947896e-08,0.0014772896,2.3049786e-08,3.315221e-05
L-BFGS-B,8220,9.948822e-08,0.0014770367,2.3039929e-08,3.314959e-05
L-BFGS-B,8221,9.951467e-08,0.0014763888,2.3023523e-08,3.3144617e-05
L-BFGS-B,8222,9.951774e-08,0.0014758364,2.3041855e-08,3.31423e-05
L-BFGS-B,8223,9.950727e-08,0.0014744502,2.3112966e-08,3.3137538e-05
L-BFGS-B,8224,9.953379e-08,0.0014737828,2.314406e-08,3.3139506e-05
L-BFGS-B,8225,9.951259e-08,0.0014739385,2.3123167e-08,3.3134747e-05
L-BFGS-B,8226,9.950406e-08,0.001473739,2.312977e-08,3.3132463e-05
L-BFGS-B,8227,9.9498926e-08,0.0014736247,2.311835e-08,3.312884e-05
L-BFGS-B,8228,9.950278e-08,0.0014741338,2.3057918e-08,3.312544e-05
L-BFGS-B,8229,9.947476e-08,0.0014742519,2.3061505e-08,3.3122957e-05
L-BFGS-B,8230,9.953521e-08,0.0014742886,2.2984306e-08,3.3120814e-05
L-BFGS-B,8231,9.952179e-08,0.0014743012,2.2995089e-08,3.3120545e-05
L-BFGS-B,8232,9.952649e-08,0.0014742402,2.2984711e-08,3.3119082e-05
L-BFGS-B,8233,9.9519326e-08,0.001473916,2.2995255e-08,3.3116346e-05
L-BFGS-B,8234,9.950997e-08,0.001473632,2.3005756e-08,3.3113676e-05
L-BFGS-B,8235,9.952631e-08,0.0014756062,2.2890683e-08,3.311861e-05
L-BFGS-B,8236,9.951111e-08,0.0014741069,2.2965013e-08,3.3112487e-05
L-BFGS-B,8237,9.9499964e-08,0.0014738628,2.2982395e-08,3.311098e-05
L-BFGS-B,8238,9.953983e-08,0.0014731496,2.2994337e-08,3.311162e-05
L-BFGS-B,8239,9.951513e-08,0.0014735173,2.2985628e-08,3.3110286e-05
L-BFGS-B,8240,9.94974e-08,0.0014730486,2.3029093e-08,3.310946e-05
L-BFGS-B,8241,9.9509535e-08,0.001473045,2.3010328e-08,3.310843e-05
L-BFGS-B,8242,9.9517074e-08,0.0014731365,2.2993166e-08,3.31079e-05
L-BFGS-B,8243,9.951002e-08,0.0014729834,2.3002489e-08,3.310671e-05
L-BFGS-B,8244,9.949756e-08,0.0014734154,2.2981698e-08,3.3106044e-05
L-BFGS-B,8245,9.9744284e-08,0.0014760346,2.2826883e-08,3.314602e-05
L-BFGS-B,8246,9.952329e-08,0.0014735397,2.2939775e-08,3.3104858e-05
L-BFGS-B,8247,9.947872e-08,0.0014727204,2.3066706e-08,3.3109016e-05
L-BFGS-B,8248,9.950285e-08,0.001473082,2.2979368e-08,3.310315e-05
L-BFGS-B,8249,9.951625e-08,0.0014725684,2.2972108e-08,3.309894e-05
L-BFGS-B,8250,9.955484e-08,0.0014714941,2.2923386e-08,3.3086675e-05
L-BFGS-B,8251,9.961762e-08,0.0014710055,2.2899291e-08,3.3087592e-05
L-BFGS-B,8252,9.9575935e-08,0.001471073,2.2892303e-08,3.3080967e-05
L-BFGS-B,8253,9.958018e-08,0.0014706738,2.2832268e-08,3.3068605e-05
L-BFGS-B,8254,9.957914e-08,0.0014707311,2.2785555e-08,3.3062013e-05
L-BFGS-B,8255,9.9542184e-08,0.0014709921,2.278214e-08,3.3058568e-05
L-BFGS-B,8256,9.9522545e-08,0.0014710488,2.278095e-08,3.305601e-05
L-BFGS-B,8257,9.9458525e-08,0.0014718844,2.2733106e-08,3.304759e-05
L-BFGS-B,8258,9.9414656e-08,0.0014716373,2.275636e-08,3.3042026e-05
L-BFGS-B,8259,9.954312e-08,0.0014747682,2.2491658e-08,3.30529e-05
L-BFGS-B,8260,9.9445735e-08,0.0014723701,2.265446e-08,3.303873e-05
L-BFGS-B,8261,9.945829e-08,0.0014711756,2.2680288e-08,3.3032542e-05
L-BFGS-B,8262,9.940804e-08,0.001471083,2.2661093e-08,3.3021202e-05
L-BFGS-B,8263,9.9332794e-08,0.0014708315,2.2664214e-08,3.3007866e-05
L-BFGS-B,8264,9.926486e-08,0.0014706395,2.2676256e-08,3.2997563e-05
L-BFGS-B,8265,9.921795e-08,0.0014698689,2.2724581e-08,3.299007e-05
L-BFGS-B,8266,9.919892e-08,0.0014693933,2.2744128e-08,3.298539e-05
L-BFGS-B,8267,9.925364e-08,0.0014700949,2.2672085e-08,3.2989807e-05
L-BFGS-B,8268,9.9213416e-08,0.0014695128,2.2711061e-08,3.29838e-05
L-BFGS-B,8269,9.9222156e-08,0.001468749,2.2731728e-08,3.298057e-05
L-BFGS-B,8270,9.9234384e-08,0.0014684587,2.2722325e-08,3.2978092e-05
L-BFGS-B,8271,9.924882e-08,0.0014695838,2.262498e-08,3.297691e-05
L-BFGS-B,8272,9.9240964e-08,0.001469623,2.2624e-08,3.2975975e-05
L-BFGS-B,8273,9.923092e-08,0.0014695625,2.2629196e-08,3.2974644e-05
L-BFGS-B,8274,9.922722e-08,0.0014699609,2.2598616e-08,3.2973487e-05
L-BFGS-B,8275,9.922191e-08,0.00146967,2.2615072e-08,3.2972246e-05
L-BFGS-B,8276,9.922078e-08,0.001469562,2.2607983e-08,3.2969932e-05
L-BFGS-B,8277,9.9197045e-08,0.0014689073,2.2644016e-08,3.2965232e-05
L-BFGS-B,8278,9.917703e-08,0.0014683581,2.2674321e-08,3.296128e-05
L-BFGS-B,8279,9.912752e-08,0.0014672824,2.2753612e-08,3.2954995e-05
L-BFGS-B,8280,9.910212e-08,0.0014664958,2.2802602e-08,3.2950666e-05
L-BFGS-B,8281,9.905471e-08,0.0014654734,2.2886493e-08,3.2945914e-05
L-BFGS-B,8282,9.9034985e-08,0.0014645051,2.2942508e-08,3.2941673e-05
L-BFGS-B,8283,9.90219e-08,0.0014628923,2.3054723e-08,3.2940414e-05
L-BFGS-B,8284,9.912849e-08,0.0014644599,2.294444e-08,3.2955537e-05
L-BFGS-B,8285,9.904036e-08,0.0014630172,2.301336e-08,3.293823e-05
L-BFGS-B,8286,9.902825e-08,0.0014630366,2.2986614e-08,3.2932596e-05
L-BFGS-B,8287,9.9029016e-08,0.0014632611,2.2955348e-08,3.2930264e-05
L-BFGS-B,8288,9.904981e-08,0.0014632087,2.291889e-08,3.292739e-05
L-BFGS-B,8289,9.90836e-08,0.0014644781,2.2880508e-08,3.29394e-05
L-BFGS-B,8290,9.905066e-08,0.0014633235,2.290423e-08,3.2926466e-05
L-BFGS-B,8291,9.90735e-08,0.0014634574,2.2858641e-08,3.2924392e-05
L-BFGS-B,8292,9.907954e-08,0.0014632859,2.2848713e-08,3.2922097e-05
L-BFGS-B,8293,9.907165e-08,0.0014632544,2.2848623e-08,3.2920583e-05
L-BFGS-B,8294,9.9052485e-08,0.0014635675,2.2839021e-08,3.29194e-05
L-BFGS-B,8295,9.9029386e-08,0.0014634929,2.2863016e-08,3.291879e-05
L-BFGS-B,8296,9.901406e-08,0.001463428,2.2876922e-08,3.2917927e-05
L-BFGS-B,8297,9.897518e-08,0.0014629979,2.2928598e-08,3.2915545e-05
L-BFGS-B,8298,9.8973366e-08,0.0014629881,2.2928399e-08,3.2915148e-05
L-BFGS-B,8299,9.89505e-08,0.0014624661,2.2964834e-08,3.291196e-05
L-BFGS-B,8300,9.8953755e-08,0.0014622627,2.2960384e-08,3.2909746e-05
L-BFGS-B,8301,9.896726e-08,0.0014619547,2.2951683e-08,3.290739e-05
L-BFGS-B,8302,9.897697e-08,0.0014617643,2.293421e-08,3.2904318e-05
L-BFGS-B,8303,9.896728e-08,0.0014614287,2.2937035e-08,3.2899934e-05
L-BFGS-B,8304,9.8935324e-08,0.0014612537,2.2945686e-08,3.2894688e-05
L-BFGS-B,8305,9.885447e-08,0.0014611371,2.2984816e-08,3.2887263e-05
L-BFGS-B,8306,9.8795084e-08,0.0014616705,2.2982103e-08,3.2883283e-05
L-BFGS-B,8307,9.875302e-08,0.0014616934,2.3004906e-08,3.2880624e-05
L-BFGS-B,8308,9.871811e-08,0.0014616188,2.3025637e-08,3.287775e-05
L-BFGS-B,8309,9.870845e-08,0.0014614866,2.302956e-08,3.2875567e-05
L-BFGS-B,8310,9.8678605e-08,0.0014609565,2.3066958e-08,3.28714e-05
L-BFGS-B,8311,9.867875e-08,0.0014605725,2.3077273e-08,3.2869128e-05
L-BFGS-B,8312,1.00487064e-07,0.0015352535,2.897581e-08,3.4771965e-05
L-BFGS-B,8313,9.866837e-08,0.0014605566,2.3082027e-08,3.2868127e-05
L-BFGS-B,8314,9.867125e-08,0.0014604409,2.3072689e-08,3.2866e-05
L-BFGS-B,8315,9.867436e-08,0.0014603426,2.3051593e-08,3.2862317e-05
L-BFGS-B,8316,9.864466e-08,0.001460695,2.3040322e-08,3.2859698e-05
L-BFGS-B,8317,9.8618514e-08,0.0014606059,2.3056845e-08,3.2857362e-05
L-BFGS-B,8318,9.8579754e-08,0.0014597914,2.3126088e-08,3.285379e-05
L-BFGS-B,8319,9.85851e-08,0.0014594545,2.3137247e-08,3.28529e-05
L-BFGS-B,8320,9.858057e-08,0.0014592096,2.314481e-08,3.2850905e-05
L-BFGS-B,8321,9.8568925e-08,0.0014589949,2.3154115e-08,3.2848406e-05
L-BFGS-B,8322,9.854712e-08,0.0014590696,2.3158687e-08,3.2846565e-05
L-BFGS-B,8323,9.850853e-08,0.0014587577,2.320655e-08,3.2844837e-05
L-BFGS-B,8324,9.847991e-08,0.0014591153,2.3217963e-08,3.2845834e-05
L-BFGS-B,8325,9.849702e-08,0.0014588477,2.3208306e-08,3.2844277e-05
L-BFGS-B,8326,9.847915e-08,0.0014583698,2.32455e-08,3.2842396e-05
L-BFGS-B,8327,9.847147e-08,0.0014577209,2.3275026e-08,3.2839183e-05
L-BFGS-B,8328,9.842371e-08,0.001457276,2.3322803e-08,3.2834738e-05
L-BFGS-B,8329,9.8426554e-08,0.0014571702,2.3296657e-08,3.2830183e-05
L-BFGS-B,8330,9.845462e-08,0.0014575628,2.3239162e-08,3.2829696e-05
L-BFGS-B,8331,9.843768e-08,0.0014572679,2.3257567e-08,3.2826967e-05
L-BFGS-B,8332,9.845078e-08,0.001463905,2.3537861e-08,3.2937347e-05
L-BFGS-B,8333,9.840879e-08,0.001457525,2.324612e-08,3.2823486e-05
L-BFGS-B,8334,9.83944e-08,0.0014579481,2.3199629e-08,3.2818585e-05
L-BFGS-B,8335,9.835711e-08,0.0014585938,2.3163825e-08,3.2814078e-05
L-BFGS-B,8336,9.8357404e-08,0.0014585882,2.3150267e-08,3.2812033e-05
L-BFGS-B,8337,9.831225e-08,0.0014574339,2.3250605e-08,3.2808766e-05
L-BFGS-B,8338,9.82671e-08,0.0014560481,2.336721e-08,3.2805627e-05
L-BFGS-B,8339,9.82519e-08,0.0014551858,2.3424173e-08,3.280327e-05
L-BFGS-B,8340,9.823922e-08,0.0014549117,2.3446933e-08,3.280204e-05
L-BFGS-B,8341,9.822266e-08,0.0014551232,2.34423e-08,3.2800977e-05
L-BFGS-B,8342,1.0473266e-07,0.0016664026,2.9198032e-08,3.675363e-05
L-BFGS-B,8343,9.8227005e-08,0.0014548519,2.3450431e-08,3.2800133e-05
L-BFGS-B,8344,9.825452e-08,0.0014545782,2.3394149e-08,3.2793083e-05
L-BFGS-B,8345,9.826275e-08,0.0014545979,2.3362421e-08,3.2789754e-05
L-BFGS-B,8346,9.8290556e-08,0.0014546195,2.3315804e-08,3.278715e-05
L-BFGS-B,8347,9.83111e-08,0.0014545361,2.3283619e-08,3.2784566e-05
L-BFGS-B,8348,9.832317e-08,0.0014543389,2.3271939e-08,3.2782653e-05
L-BFGS-B,8349,9.832659e-08,0.0014540063,2.3284795e-08,3.278177e-05
L-BFGS-B,8350,9.832966e-08,0.0014552012,2.3715986e-08,3.2858858e-05
L-BFGS-B,8351,9.831332e-08,0.0014536593,2.331153e-08,3.278032e-05
L-BFGS-B,8352,9.83332e-08,0.0014535083,2.328909e-08,3.2778426e-05
L-BFGS-B,8353,9.830899e-08,0.0014529892,2.3334994e-08,3.277649e-05
L-BFGS-B,8354,9.825734e-08,0.0014519115,2.3429449e-08,3.2772135e-05
L-BFGS-B,8355,9.8243866e-08,0.0014518298,2.3412944e-08,3.276682e-05
L-BFGS-B,8356,9.825136e-08,0.0014525207,2.3316144e-08,3.2760334e-05
L-BFGS-B,8357,9.8248776e-08,0.0014529758,2.3264926e-08,3.2756812e-05
L-BFGS-B,8358,9.845504e-08,0.0014665037,2.3066068e-08,3.2893204e-05
L-BFGS-B,8359,9.824701e-08,0.0014534342,2.3228752e-08,3.2755706e-05
L-BFGS-B,8360,9.824391e-08,0.0014536927,2.3200739e-08,3.2753625e-05
L-BFGS-B,8361,9.821767e-08,0.001453313,2.3235835e-08,3.2751155e-05
L-BFGS-B,8362,9.8159354e-08,0.0014525137,2.3322723e-08,3.2747448e-05
L-BFGS-B,8363,9.810622e-08,0.001451811,2.3394364e-08,3.27432e-05
L-BFGS-B,8364,9.80477e-08,0.001450935,2.348033e-08,3.2738557e-05
L-BFGS-B,8365,9.799561e-08,0.0014506332,2.3533337e-08,3.2735672e-05
L-BFGS-B,8366,9.800062e-08,0.0014505194,2.351083e-08,3.273191e-05
L-BFGS-B,8367,9.799578e-08,0.0014503263,2.3506566e-08,3.2728614e-05
L-BFGS-B,8368,9.799207e-08,0.0014500772,2.3508415e-08,3.2725846e-05
L-BFGS-B,8369,9.7971885e-08,0.0014495886,2.3538231e-08,3.2722404e-05
L-BFGS-B,8370,9.7959955e-08,0.0014493354,2.3548381e-08,3.2719603e-05
L-BFGS-B,8371,9.7932315e-08,0.00144896,2.3581038e-08,3.27166e-05
L-BFGS-B,8372,9.793258e-08,0.0014490037,2.3552383e-08,3.271278e-05
L-BFGS-B,8373,9.7921586e-08,0.0014484295,2.3585345e-08,3.2710337e-05
L-BFGS-B,8374,9.79105e-08,0.0014489397,2.3543041e-08,3.2707427e-05
L-BFGS-B,8375,9.791641e-08,0.0014492279,2.3500382e-08,3.2704796e-05
L-BFGS-B,8376,9.78834e-08,0.0014491226,2.3524859e-08,3.2702465e-05
L-BFGS-B,8377,9.7866945e-08,0.0014485797,2.356285e-08,3.2700267e-05
L-BFGS-B,8378,9.7840584e-08,0.0014480886,2.3613367e-08,3.269898e-05
L-BFGS-B,8379,9.780795e-08,0.001448037,2.3637295e-08,3.2697157e-05
L-BFGS-B,8380,9.780835e-08,0.0014472989,2.3666455e-08,3.269421e-05
L-BFGS-B,8381,9.7786504e-08,0.0014468809,2.369818e-08,3.269151e-05
L-BFGS-B,8382,9.777093e-08,0.0014467172,2.3701245e-08,3.2687996e-05
L-BFGS-B,8383,9.781233e-08,0.0014467995,2.3664477e-08,3.2689517e-05
L-BFGS-B,8384,9.778358e-08,0.0014465973,2.3677552e-08,3.268514e-05
L-BFGS-B,8385,9.776521e-08,0.0014468068,2.3667226e-08,3.2682936e-05
L-BFGS-B,8386,9.779071e-08,0.0014466036,2.3651468e-08,3.268236e-05
L-BFGS-B,8387,9.771628e-08,0.0014466143,2.371017e-08,3.268011e-05
L-BFGS-B,8388,9.772467e-08,0.0014468044,2.3681006e-08,3.2678894e-05
L-BFGS-B,8389,9.771985e-08,0.0014466528,2.3692442e-08,3.267837e-05
L-BFGS-B,8390,9.7709965e-08,0.0014464925,2.3709932e-08,3.2677908e-05
L-BFGS-B,8391,9.768101e-08,0.0014459715,2.376637e-08,3.267682e-05
L-BFGS-B,8392,1.0008617e-07,0.0015347451,2.8185166e-08,3.458815e-05
L-BFGS-B,8393,9.768156e-08,0.0014459724,2.3763292e-08,3.2676453e-05
L-BFGS-B,8394,9.7702156e-08,0.0014489016,2.3625985e-08,3.2688236e-05
L-BFGS-B,8395,9.76821e-08,0.0014463364,2.3735216e-08,3.2675962e-05
L-BFGS-B,8396,9.7906785e-08,0.0014512131,2.4100755e-08,3.2813263e-05
L-BFGS-B,8397,9.768275e-08,0.0014463174,2.3733564e-08,3.267562e-05
L-BFGS-B,8398,9.7688556e-08,0.0014461095,2.3735524e-08,3.2674707e-05
L-BFGS-B,8399,9.768729e-08,0.0014457152,2.3754513e-08,3.2673423e-05
L-BFGS-B,8400,9.7692364e-08,0.0014457708,2.3739002e-08,3.2672415e-05
L-BFGS-B,8401,9.769968e-08,0.001445965,2.3713207e-08,3.267158e-05
L-BFGS-B,8402,9.7707826e-08,0.0014461867,2.3686612e-08,3.2671032e-05
L-BFGS-B,8403,9.771343e-08,0.0014464488,2.3659812e-08,3.2670476e-05
L-BFGS-B,8404,9.77207e-08,0.001446648,2.3635193e-08,3.2669865e-05
L-BFGS-B,8405,9.772514e-08,0.001446804,2.36152e-08,3.2669093e-05
L-BFGS-B,8406,9.772703e-08,0.0014466841,2.3619199e-08,3.2668773e-05
L-BFGS-B,8407,9.7728346e-08,0.0014465528,2.362185e-08,3.2668057e-05
L-BFGS-B,8408,9.773395e-08,0.0014464884,2.3618925e-08,3.2667816e-05
L-BFGS-B,8409,9.774048e-08,0.0014464761,2.3609061e-08,3.266719e-05
L-BFGS-B,8410,9.774714e-08,0.0014465617,2.3591715e-08,3.2666445e-05
L-BFGS-B,8411,9.775038e-08,0.0014466447,2.3579958e-08,3.2665997e-05
L-BFGS-B,8412,9.774174e-08,0.0014467199,2.3578538e-08,3.266524e-05
L-BFGS-B,8413,9.7728595e-08,0.0014463942,2.360896e-08,3.2664575e-05
L-BFGS-B,8414,9.771124e-08,0.0014463951,2.3624441e-08,3.2664306e-05
L-BFGS-B,8415,9.770469e-08,0.0014464881,2.3621482e-08,3.2663804e-05
L-BFGS-B,8416,9.7700806e-08,0.0014464011,2.3629621e-08,3.2663575e-05
L-BFGS-B,8417,9.77043e-08,0.0014463187,2.3630442e-08,3.2663396e-05
L-BFGS-B,8418,9.770768e-08,0.001446271,2.3631232e-08,3.2663545e-05
L-BFGS-B,8419,9.770462e-08,0.0014463209,2.3630545e-08,3.2663484e-05
L-BFGS-B,8420,9.770412e-08,0.0014463247,2.3630296e-08,3.2663407e-05
L-BFGS-B,8421,9.77041e-08,0.0014463187,2.3630422e-08,3.2663367e-05
L-BFGS-B,8422,9.77041e-08,0.0014463187,2.3630422e-08,3.2663367e-05
L-BFGS-B,8423,9.77043e-08,0.0014463228,2.3630237e-08,3.266341e-05
L-BFGS-B,8424,9.770426e-08,0.00144632,2.3630331e-08,3.2663385e-05
L-BFGS-B,8425,9.77041e-08,0.0014463187,2.3630422e-08,3.2663367e-05
L-BFGS-B,8426,1.2740037e-07,0.0020968178,1.2184415e-07,5.8354857e-05
L-BFGS-B,8427,9.784405e-08,0.0014460385,2.3822544e-08,3.2710373e-05
L-BFGS-B,8428,9.7710746e-08,0.0014461887,2.3632529e-08,3.2663378e-05
L-BFGS-B,8429,9.770614e-08,0.0014462707,2.3630514e-08,3.2663207e-05
L-BFGS-B,8430,9.770879e-08,0.0014465711,2.36798e-08,3.2674e-05
L-BFGS-B,8431,9.7705e-08,0.001446263,2.3632815e-08,3.26633e-05
L-BFGS-B,8432,9.7706675e-08,0.0014462693,2.363143e-08,3.266341e-05
L-BFGS-B,8433,9.7706064e-08,0.0014462658,2.363098e-08,3.2663214e-05
L-BFGS-B,8434,9.7705936e-08,0.0014462651,2.3630554e-08,3.2663127e-05
L-BFGS-B,8435,9.7705936e-08,0.0014462651,2.3630554e-08,3.2663127e-05
L-BFGS-B,8436,9.770613e-08,0.0014462735,2.3630738e-08,3.2663265e-05
L-BFGS-B,8437,9.770579e-08,0.0014462636,2.3630648e-08,3.2663098e-05
L-BFGS-B,8438,9.770579e-08,0.0014462636,2.3630648e-08,3.2663098e-05
L-BFGS-B,8439,9.770566e-08,0.0014462736,2.36306e-08,3.2663174e-05
L-BFGS-B,8440,9.770579e-08,0.0014462641,2.3630673e-08,3.2663113e-05
L-BFGS-B,8441,9.770579e-08,0.0014462636,2.3630648e-08,3.2663098e-05
L-BFGS-B,8442,9.777787e-08,0.0014489559,2.3976371e-08,3.2752694e-05
L-BFGS-B,8443,9.770372e-08,0.001446239,2.363496e-08,3.266319e-05
L-BFGS-B,8444,9.770533e-08,0.0014462633,2.3631683e-08,3.2663185e-05
L-BFGS-B,8445,9.770673e-08,0.0014462812,2.3630813e-08,3.2663444e-05
L-BFGS-B,8446,9.770588e-08,0.0014462632,2.3630575e-08,3.2663098e-05
L-BFGS-B,8447,9.770577e-08,0.0014462642,2.363068e-08,3.266311e-05
L-BFGS-B,8448,9.770579e-08,0.0014462636,2.3630648e-08,3.2663098e-05
L-BFGS-B,8449,9.770579e-08,0.0014462636,2.3630648e-08,3.2663098e-05
L-BFGS-B,8450,9.770583e-08,0.0014462651,2.3630669e-08,3.2663123e-05
L-BFGS-B,8451,9.770579e-08,0.0014462636,2.3630648e-08,3.2663098e-05
L-BFGS-B,8452,9.770579e-08,0.0014462636,2.3630648e-08,3.2663098e-05
L-BFGS-B,8453,9.770579e-08,0.0014462642,2.3630669e-08,3.266311e-05
L-BFGS-B,8454,9.770579e-08,0.0014462636,2.3630648e-08,3.2663098e-05
L-BFGS-B,8455,9.770579e-08,0.0014462636,2.3630648e-08,3.2663098e-05
L-BFGS-B,8456,9.770579e-08,0.0014462641,2.3630673e-08,3.2663113e-05
L-BFGS-B,8457,9.770579e-08,0.0014462636,2.3630648e-08,3.2663098e-05
L-BFGS-B,8458,9.770579e-08,0.0014462636,2.3630648e-08,3.2663098e-05
L-BFGS-B,8459,9.770579e-08,0.0014462641,2.3630673e-08,3.2663113e-05
L-BFGS-B,8460,9.770579e-08,0.0014462636,2.3630648e-08,3.2663098e-05
L-BFGS-B,8461,9.770579e-08,0.0014462636,2.3630648e-08,3.2663098e-05
L-BFGS-B,8462,9.770579e-08,0.0014462636,2.3630642e-08,3.2663098e-05
L-BFGS-B,8463,9.770579e-08,0.0014462636,2.3630648e-08,3.2663098e-05
L-BFGS-B,8464,9.770579e-08,0.0014462636,2.3630648e-08,3.2663098e-05
L-BFGS-B,8465,9.770579e-08,0.0014462636,2.3630648e-08,3.2663098e-05
L-BFGS-B,8466,9.770579e-08,0.0014462636,2.3630648e-08,3.2663098e-05
L-BFGS-B,8467,9.770579e-08,0.0014462636,2.3630648e-08,3.2663098e-05
L-BFGS-B,8468,9.770579e-08,0.0014462636,2.3630648e-08,3.2663098e-05
L-BFGS-B,8469,9.770579e-08,0.0014462636,2.3630648e-08,3.2663098e-05
L-BFGS-B,8470,9.770579e-08,0.0014462636,2.3630648e-08,3.2663098e-05
L-BFGS-B,8471,9.770579e-08,0.0014462636,2.3630648e-08,3.2663098e-05
L-BFGS-B,8472,9.770579e-08,0.0014462636,2.3630648e-08,3.2663098e-05
L-BFGS-B,8473,9.770579e-08,0.0014462636,2.3630648e-08,3.2663098e-05
