,z,t,theta_train,psi_train
0,20.0,0.1,0.4096,-0.538
1,20.0,0.102,0.4096,-0.547
2,20.0,0.103,0.4096,-0.552
3,20.0,0.105,0.4096,-0.562
4,20.0,0.106,0.4096,-0.566
5,20.0,0.108,0.4096,-0.576
6,20.0,0.11,0.4096,-0.585
7,20.0,0.111,0.4096,-0.59
8,20.0,0.113,0.4095,-0.599
9,20.0,0.115,0.4095,-0.609
10,20.0,0.116,0.4095,-0.614
11,20.0,0.118,0.4095,-0.624
12,20.0,0.12,0.4095,-0.633
13,20.0,0.122,0.4095,-0.643
14,20.0,0.124,0.4095,-0.653
15,20.0,0.126,0.4094,-0.663
16,20.0,0.128,0.4094,-0.672
17,20.0,0.13,0.4094,-0.682
18,20.0,0.132,0.4094,-0.691
19,20.0,0.134,0.4094,-0.7
20,20.0,0.136,0.4094,-0.709
21,20.0,0.138,0.4094,-0.718
22,20.0,0.14,0.4093,-0.727
23,20.0,0.142,0.4093,-0.736
24,20.0,0.144,0.4093,-0.745
25,20.0,0.146,0.4093,-0.754
26,20.0,0.149,0.4093,-0.768
27,20.0,0.151,0.4092,-0.777
28,20.0,0.153,0.4092,-0.786
29,20.0,0.156,0.4092,-0.801
30,20.0,0.158,0.4092,-0.81
31,20.0,0.16,0.4092,-0.819
32,20.0,0.163,0.4091,-0.833
33,20.0,0.165,0.4091,-0.842
34,20.0,0.168,0.4091,-0.856
35,20.0,0.17,0.4091,-0.865
36,20.0,0.173,0.409,-0.878
37,20.0,0.176,0.409,-0.891
38,20.0,0.178,0.409,-0.899
39,20.0,0.181,0.409,-0.912
40,20.0,0.184,0.409,-0.924
41,20.0,0.187,0.4089,-0.937
42,20.0,0.19,0.4089,-0.95
43,20.0,0.193,0.4089,-0.963
44,20.0,0.195,0.4088,-0.972
45,20.0,0.198,0.4088,-0.985
46,20.0,0.202,0.4088,-1.002
47,20.0,0.205,0.4087,-1.016
48,20.0,0.208,0.4087,-1.029
49,20.0,0.211,0.4087,-1.042
50,20.0,0.214,0.4087,-1.055
51,20.0,0.217,0.4086,-1.068
52,20.0,0.221,0.4086,-1.085
53,20.0,0.224,0.4086,-1.097
54,20.0,0.228,0.4085,-1.114
55,20.0,0.231,0.4085,-1.126
56,20.0,0.235,0.4084,-1.141
57,20.0,0.238,0.4084,-1.153
58,20.0,0.242,0.4084,-1.168
59,20.0,0.246,0.4083,-1.184
60,20.0,0.249,0.4083,-1.196
61,20.0,0.253,0.4083,-1.212
62,20.0,0.257,0.4082,-1.229
63,20.0,0.261,0.4082,-1.245
64,20.0,0.265,0.4081,-1.262
65,20.0,0.269,0.4081,-1.278
66,20.0,0.273,0.408,-1.295
67,20.0,0.277,0.408,-1.311
68,20.0,0.282,0.4079,-1.331
69,20.0,0.286,0.4079,-1.347
70,20.0,0.29,0.4078,-1.363
71,20.0,0.295,0.4078,-1.382
72,20.0,0.299,0.4077,-1.397
73,20.0,0.304,0.4077,-1.416
74,20.0,0.309,0.4076,-1.434
75,20.0,0.313,0.4076,-1.448
76,20.0,0.318,0.4075,-1.466
77,20.0,0.323,0.4075,-1.484
78,20.0,0.328,0.4074,-1.502
79,20.0,0.333,0.4073,-1.521
80,20.0,0.338,0.4073,-1.54
81,20.0,0.343,0.4072,-1.558
82,20.0,0.349,0.4071,-1.581
83,20.0,0.354,0.4071,-1.6
84,20.0,0.359,0.407,-1.619
85,20.0,0.365,0.4069,-1.641
86,20.0,0.371,0.4068,-1.664
87,20.0,0.376,0.4068,-1.682
88,20.0,0.382,0.4067,-1.704
89,20.0,0.388,0.4066,-1.725
90,20.0,0.394,0.4065,-1.746
91,20.0,0.4,0.4065,-1.767
92,20.0,0.406,0.4064,-1.787
93,20.0,0.412,0.4063,-1.807
94,20.0,0.419,0.4063,-1.829
95,20.0,0.425,0.4062,-1.849
96,20.0,0.432,0.4061,-1.872
97,20.0,0.438,0.406,-1.891
98,20.0,0.445,0.4059,-1.915
99,20.0,0.452,0.4058,-1.938
100,20.0,0.459,0.4057,-1.962
101,20.0,0.466,0.4056,-1.986
102,20.0,0.473,0.4055,-2.01
103,20.0,0.48,0.4054,-2.034
104,20.0,0.488,0.4053,-2.061
105,20.0,0.495,0.4052,-2.085
106,20.0,0.503,0.4051,-2.111
107,20.0,0.51,0.405,-2.134
108,20.0,0.518,0.4049,-2.16
109,20.0,0.526,0.4048,-2.186
110,20.0,0.534,0.4047,-2.211
111,20.0,0.542,0.4046,-2.235
112,20.0,0.551,0.4044,-2.262
113,20.0,0.559,0.4043,-2.285
114,20.0,0.568,0.4042,-2.31
115,20.0,0.576,0.4041,-2.333
116,20.0,0.585,0.404,-2.359
117,20.0,0.594,0.4039,-2.385
118,20.0,0.603,0.4037,-2.412
119,20.0,0.613,0.4036,-2.442
120,20.0,0.622,0.4034,-2.469
121,20.0,0.632,0.4033,-2.499
122,20.0,0.641,0.4031,-2.527
123,20.0,0.651,0.403,-2.557
124,20.0,0.661,0.4028,-2.587
125,20.0,0.671,0.4027,-2.617
126,20.0,0.682,0.4025,-2.649
127,20.0,0.692,0.4024,-2.678
128,20.0,0.703,0.4022,-2.71
129,20.0,0.713,0.4021,-2.738
130,20.0,0.724,0.4019,-2.768
131,20.0,0.736,0.4018,-2.801
132,20.0,0.747,0.4016,-2.829
133,20.0,0.758,0.4015,-2.857
134,20.0,0.77,0.4013,-2.887
135,20.0,0.782,0.4012,-2.917
136,20.0,0.794,0.401,-2.946
137,20.0,0.806,0.4008,-2.976
138,20.0,0.818,0.4006,-3.006
139,20.0,0.831,0.4004,-3.039
140,20.0,0.844,0.4002,-3.073
141,20.0,0.857,0.4,-3.107
142,20.0,0.87,0.3998,-3.14
143,20.0,0.883,0.3996,-3.174
144,20.0,0.897,0.3994,-3.211
145,20.0,0.91,0.3992,-3.245
146,20.0,0.924,0.399,-3.281
147,20.0,0.939,0.3988,-3.319
148,20.0,0.953,0.3986,-3.355
149,20.0,0.968,0.3983,-3.392
150,20.0,0.982,0.3981,-3.426
151,20.0,0.997,0.3979,-3.462
152,20.0,1.013,0.3977,-3.499
153,20.0,1.028,0.3975,-3.533
154,20.0,1.044,0.3973,-3.568
155,20.0,1.06,0.3971,-3.603
156,20.0,1.076,0.3969,-3.636
157,20.0,1.093,0.3967,-3.671
158,20.0,1.11,0.3964,-3.705
159,20.0,1.127,0.3962,-3.74
160,20.0,1.144,0.3959,-3.776
161,20.0,1.162,0.3957,-3.814
162,20.0,1.179,0.3954,-3.851
163,20.0,1.198,0.3951,-3.892
164,20.0,1.216,0.3948,-3.931
165,20.0,1.235,0.3946,-3.972
166,20.0,1.254,0.3943,-4.014
167,20.0,1.273,0.394,-4.055
168,20.0,1.292,0.3937,-4.097
169,20.0,1.312,0.3934,-4.14
170,20.0,1.332,0.3931,-4.182
171,20.0,1.353,0.3928,-4.227
172,20.0,1.374,0.3925,-4.27
173,20.0,1.395,0.3922,-4.313
174,20.0,1.416,0.3919,-4.354
175,20.0,1.438,0.3916,-4.397
176,20.0,1.46,0.3913,-4.438
177,20.0,1.482,0.391,-4.478
178,20.0,1.505,0.3907,-4.519
179,20.0,1.528,0.3905,-4.558
180,20.0,1.552,0.3902,-4.598
181,20.0,1.575,0.3899,-4.636
182,20.0,1.599,0.3896,-4.675
183,20.0,1.624,0.3893,-4.716
184,20.0,1.649,0.389,-4.758
185,20.0,1.674,0.3886,-4.8
186,20.0,1.7,0.3883,-4.845
187,20.0,1.726,0.3879,-4.89
188,20.0,1.753,0.3875,-4.938
189,20.0,1.779,0.3872,-4.983
190,20.0,1.807,0.3868,-5.033
191,20.0,1.835,0.3864,-5.082
192,20.0,1.863,0.386,-5.131
193,20.0,1.891,0.3856,-5.18
194,20.0,1.92,0.3852,-5.231
195,20.0,1.95,0.3848,-5.282
196,20.0,1.98,0.3844,-5.332
197,20.0,2.01,0.384,-5.382
198,20.0,2.041,0.3836,-5.432
199,20.0,2.072,0.3832,-5.481
200,20.0,2.104,0.3828,-5.53
201,20.0,2.136,0.3824,-5.578
202,20.0,2.169,0.3821,-5.625
203,20.0,2.202,0.3817,-5.671
204,20.0,2.236,0.3813,-5.717
205,20.0,2.271,0.381,-5.763
206,20.0,2.305,0.3806,-5.806
207,20.0,2.341,0.3803,-5.85
208,20.0,2.377,0.3799,-5.895
209,20.0,2.413,0.3795,-5.94
210,20.0,2.45,0.3791,-5.987
211,20.0,2.488,0.3787,-6.036
212,20.0,2.526,0.3782,-6.086
213,20.0,2.565,0.3778,-6.138
214,20.0,2.604,0.3773,-6.19
215,20.0,2.644,0.3769,-6.244
216,20.0,2.685,0.3764,-6.3
217,20.0,2.726,0.3759,-6.356
218,20.0,2.768,0.3754,-6.413
219,20.0,2.81,0.3749,-6.469
220,20.0,2.853,0.3744,-6.527
221,20.0,2.897,0.3739,-6.586
222,20.0,2.942,0.3734,-6.645
223,20.0,2.987,0.3729,-6.703
224,20.0,3.033,0.3724,-6.761
225,20.0,3.079,0.3719,-6.818
226,20.0,3.126,0.3714,-6.875
227,20.0,3.174,0.3709,-6.931
228,20.0,3.223,0.3704,-6.987
229,20.0,3.273,0.3699,-7.042
230,20.0,3.323,0.3695,-7.095
231,20.0,3.374,0.369,-7.147
232,20.0,3.426,0.3686,-7.198
233,20.0,3.478,0.3681,-7.248
234,20.0,3.532,0.3677,-7.298
235,20.0,3.586,0.3673,-7.346
236,20.0,3.641,0.3668,-7.395
237,20.0,3.697,0.3664,-7.444
238,20.0,3.754,0.3659,-7.496
239,20.0,3.811,0.3654,-7.548
240,20.0,3.87,0.3649,-7.603
241,20.0,3.929,0.3644,-7.659
242,20.0,3.989,0.3639,-7.716
243,20.0,4.051,0.3634,-7.776
244,20.0,4.113,0.3628,-7.837
245,20.0,4.176,0.3623,-7.898
246,20.0,4.24,0.3617,-7.961
247,20.0,4.305,0.3611,-8.025
248,20.0,4.371,0.3605,-8.09
249,20.0,4.438,0.3599,-8.155
250,20.0,4.506,0.3593,-8.221
251,20.0,4.575,0.3587,-8.287
252,20.0,4.646,0.3581,-8.354
253,20.0,4.717,0.3575,-8.42
254,20.0,4.789,0.3569,-8.486
255,20.0,4.863,0.3563,-8.551
256,20.0,4.938,0.3557,-8.616
257,20.0,5.013,0.3551,-8.679
258,20.0,5.09,0.3546,-8.742
259,20.0,5.168,0.354,-8.803
260,20.0,5.248,0.3535,-8.863
261,20.0,5.328,0.3529,-8.921
262,20.0,5.41,0.3524,-8.979
263,20.0,5.493,0.3519,-9.035
264,20.0,5.577,0.3514,-9.09
265,20.0,5.663,0.3509,-9.145
266,20.0,5.75,0.3504,-9.198
267,20.0,5.838,0.3499,-9.251
268,20.0,5.928,0.3494,-9.305
269,20.0,6.019,0.349,-9.358
270,20.0,6.111,0.3485,-9.413
271,20.0,6.205,0.348,-9.47
272,20.0,6.3,0.3474,-9.528
273,20.0,6.397,0.3469,-9.589
274,20.0,6.495,0.3463,-9.651
275,20.0,6.595,0.3457,-9.715
276,20.0,6.696,0.3452,-9.78
277,20.0,6.799,0.3446,-9.847
278,20.0,6.903,0.3439,-9.915
279,20.0,7.009,0.3433,-9.984
280,20.0,7.117,0.3427,-10.055
281,20.0,7.226,0.3421,-10.126
282,20.0,7.337,0.3414,-10.198
283,20.0,7.45,0.3408,-10.271
284,20.0,7.564,0.3401,-10.343
285,20.0,7.68,0.3394,-10.416
286,20.0,7.798,0.3388,-10.488
287,20.0,7.918,0.3381,-10.56
288,20.0,8.039,0.3375,-10.632
289,20.0,8.162,0.3369,-10.702
290,20.0,8.288,0.3362,-10.772
291,20.0,8.415,0.3356,-10.84
292,20.0,8.544,0.335,-10.907
293,20.0,8.675,0.3344,-10.972
294,20.0,8.808,0.3339,-11.036
295,20.0,8.944,0.3333,-11.099
296,20.0,9.081,0.3328,-11.16
297,20.0,9.22,0.3322,-11.221
298,20.0,9.362,0.3317,-11.28
299,20.0,9.505,0.3312,-11.338
300,20.0,9.651,0.3306,-11.396
301,20.0,9.799,0.3301,-11.453
302,20.0,9.95,0.3296,-11.511
303,20.0,10.103,0.3291,-11.568
304,20.0,10.258,0.3286,-11.625
305,20.0,10.415,0.3281,-11.682
306,20.0,10.575,0.3275,-11.739
307,20.0,10.737,0.327,-11.797
308,20.0,10.902,0.3266,-11.856
309,20.0,11.069,0.326,-11.917
310,20.0,11.239,0.3255,-11.98
311,20.0,11.412,0.325,-12.045
312,20.0,11.587,0.3244,-12.111
313,20.0,11.765,0.3239,-12.179
314,20.0,11.945,0.3233,-12.247
315,20.0,12.129,0.3227,-12.317
316,20.0,12.315,0.3221,-12.388
317,20.0,12.504,0.3215,-12.46
318,20.0,12.696,0.3209,-12.533
319,20.0,12.891,0.3203,-12.606
320,20.0,13.089,0.3197,-12.679
321,20.0,13.289,0.3191,-12.752
322,20.0,13.493,0.3185,-12.825
323,20.0,13.701,0.3179,-12.898
324,20.0,13.911,0.3173,-12.97
325,20.0,14.124,0.3167,-13.04
326,20.0,14.341,0.3161,-13.111
327,20.0,14.561,0.3156,-13.18
328,20.0,14.785,0.315,-13.247
329,20.0,15.012,0.3145,-13.314
330,20.0,15.242,0.3139,-13.379
331,20.0,15.476,0.3134,-13.442
332,20.0,15.714,0.3129,-13.505
333,20.0,15.955,0.3124,-13.566
334,20.0,16.2,0.3119,-13.626
335,20.0,16.448,0.3114,-13.685
336,20.0,16.701,0.3109,-13.744
337,20.0,16.957,0.3104,-13.802
338,20.0,17.217,0.3099,-13.86
339,20.0,17.482,0.3094,-13.917
340,20.0,17.75,0.309,-13.975
341,20.0,18.022,0.3085,-14.032
342,20.0,18.299,0.308,-14.089
343,20.0,18.58,0.3075,-14.147
344,20.0,18.865,0.3071,-14.204
345,20.0,19.155,0.3066,-14.263
346,20.0,19.449,0.3061,-14.321
347,20.0,19.747,0.3056,-14.38
348,20.0,20.05,0.3051,-14.438
349,20.0,20.358,0.3046,-14.498
350,20.0,20.671,0.3041,-14.557
351,20.0,20.988,0.3036,-14.617
352,20.0,21.31,0.3031,-14.677
353,20.0,21.637,0.3026,-14.738
354,20.0,21.969,0.3021,-14.798
355,20.0,22.306,0.3016,-14.859
356,20.0,22.649,0.3012,-14.92
357,20.0,22.996,0.3008,-14.981
358,20.0,23.349,0.3003,-15.042
359,20.0,23.708,0.2999,-15.104
360,20.0,24.072,0.2994,-15.166
361,20.0,24.441,0.299,-15.227
362,20.0,24.816,0.2986,-15.288
363,20.0,25.197,0.2981,-15.349
364,20.0,25.584,0.2977,-15.408
365,20.0,25.977,0.2973,-15.467
366,20.0,26.375,0.2969,-15.525
367,20.0,26.78,0.2965,-15.582
368,20.0,27.191,0.2961,-15.638
369,20.0,27.608,0.2957,-15.694
370,20.0,28.032,0.2953,-15.748
371,20.0,28.462,0.2949,-15.8
372,20.0,28.899,0.2945,-15.852
373,20.0,29.343,0.2942,-15.904
374,20.0,29.793,0.2938,-15.955
375,20.0,30.251,0.2934,-16.004
376,20.0,30.715,0.2931,-16.054
377,20.0,31.186,0.2927,-16.102
378,20.0,31.665,0.2924,-16.151
379,20.0,32.151,0.292,-16.199
380,20.0,32.645,0.2917,-16.247
381,20.0,33.146,0.2914,-16.295
382,20.0,33.654,0.291,-16.342
383,20.0,34.171,0.2907,-16.39
384,20.0,34.695,0.2903,-16.438
385,20.0,35.228,0.29,-16.486
386,20.0,35.769,0.2896,-16.534
387,20.0,36.318,0.2893,-16.583
388,20.0,36.875,0.289,-16.631
389,20.0,37.441,0.2886,-16.679
390,20.0,38.016,0.2883,-16.728
391,20.0,38.599,0.2879,-16.776
392,20.0,39.192,0.2876,-16.824
393,20.0,39.793,0.2872,-16.871
394,20.0,40.404,0.2869,-16.919
395,20.0,41.024,0.2865,-16.967
396,20.0,41.654,0.2862,-17.015
397,20.0,42.293,0.2859,-17.063
398,20.0,42.942,0.2855,-17.11
399,20.0,43.601,0.2852,-17.157
400,20.0,44.271,0.2849,-17.203
401,20.0,44.95,0.2845,-17.249
402,20.0,45.64,0.2842,-17.295
403,20.0,46.341,0.2839,-17.34
404,20.0,47.052,0.2836,-17.384
405,20.0,47.774,0.2833,-17.427
406,20.0,48.507,0.283,-17.469
407,20.0,49.252,0.2827,-17.509
408,20.0,50.008,0.2824,-17.549
409,20.0,50.775,0.2821,-17.588
410,20.0,51.555,0.2818,-17.625
411,20.0,52.346,0.2816,-17.662
412,20.0,53.15,0.2813,-17.699
413,20.0,53.965,0.2811,-17.735
414,20.0,54.794,0.2808,-17.77
415,20.0,55.635,0.2806,-17.806
416,20.0,56.489,0.2803,-17.84
417,20.0,57.356,0.2801,-17.874
418,20.0,58.236,0.2798,-17.907
419,20.0,59.13,0.2796,-17.939
420,20.0,60.037,0.2794,-17.97
421,20.0,60.959,0.2792,-18.001
422,20.0,61.895,0.2789,-18.031
423,20.0,62.845,0.2787,-18.062
424,20.0,63.809,0.2785,-18.092
425,20.0,64.789,0.2783,-18.122
426,20.0,65.783,0.2781,-18.153
427,20.0,66.793,0.2779,-18.183
428,20.0,67.818,0.2776,-18.212
429,20.0,68.859,0.2774,-18.242
430,20.0,69.916,0.2772,-18.272
431,20.0,70.989,0.277,-18.301
432,20.0,72.078,0.2768,-18.33
433,20.0,73.185,0.2766,-18.36
434,20.0,74.308,0.2764,-18.389
435,20.0,75.449,0.2762,-18.418
436,20.0,76.607,0.276,-18.447
437,20.0,77.783,0.2758,-18.476
438,20.0,78.976,0.2755,-18.505
439,20.0,80.189,0.2753,-18.533
440,20.0,81.419,0.2751,-18.561
441,20.0,82.669,0.275,-18.588
442,20.0,83.938,0.2748,-18.615
443,20.0,85.226,0.2746,-18.64
444,20.0,86.534,0.2744,-18.666
445,20.0,87.863,0.2742,-18.69
446,20.0,89.211,0.2741,-18.714
447,20.0,90.581,0.2739,-18.737
448,20.0,91.971,0.2738,-18.76
449,20.0,93.382,0.2736,-18.781
450,20.0,94.816,0.2735,-18.802
451,20.0,96.271,0.2734,-18.823
452,20.0,97.749,0.2733,-18.843
453,20.0,99.249,0.2732,-18.863
454,20.0,100.772,0.273,-18.883
455,20.0,102.319,0.2729,-18.902
456,20.0,103.89,0.2728,-18.922
457,20.0,105.484,0.2727,-18.941
458,20.0,107.103,0.2726,-18.959
459,20.0,108.747,0.2725,-18.977
460,20.0,110.416,0.2724,-18.994
461,20.0,112.111,0.2723,-19.012
462,20.0,113.832,0.2722,-19.028
463,20.0,115.579,0.2721,-19.045
464,20.0,117.353,0.272,-19.06
465,20.0,119.154,0.2719,-19.076
466,20.0,120.983,0.2718,-19.091
467,20.0,122.84,0.2718,-19.105
468,20.0,124.726,0.2717,-19.121
469,20.0,126.64,0.2716,-19.136
470,20.0,128.584,0.2715,-19.151
471,20.0,130.558,0.2714,-19.166
472,20.0,132.561,0.2713,-19.18
473,20.0,134.596,0.2712,-19.195
474,20.0,136.662,0.2712,-19.21
475,20.0,138.76,0.2711,-19.224
476,20.0,140.889,0.271,-19.239
477,20.0,143.052,0.2709,-19.252
478,20.0,145.248,0.2708,-19.266
479,20.0,147.477,0.2708,-19.279
480,20.0,149.741,0.2707,-19.291
481,20.0,152.039,0.2706,-19.304
482,20.0,154.373,0.2706,-19.316
483,20.0,156.742,0.2705,-19.328
484,20.0,159.148,0.2704,-19.339
485,20.0,161.591,0.2704,-19.35
486,20.0,164.071,0.2703,-19.362
487,20.0,166.589,0.2702,-19.374
488,20.0,169.146,0.2702,-19.385
489,20.0,171.742,0.2701,-19.396
490,20.0,174.378,0.27,-19.407
491,20.0,177.055,0.27,-19.418
492,20.0,179.772,0.2699,-19.429
493,20.0,182.532,0.2698,-19.439
494,20.0,185.333,0.2698,-19.449
495,20.0,188.178,0.2697,-19.459
496,20.0,191.066,0.2697,-19.469
497,20.0,193.999,0.2696,-19.479
498,20.0,196.977,0.2696,-19.488
499,20.0,200.0,0.2695,-19.496
500,22.5,0.1,0.4096,-0.559
501,22.5,0.102,0.4096,-0.568
502,22.5,0.103,0.4096,-0.573
503,22.5,0.105,0.4096,-0.583
504,22.5,0.106,0.4096,-0.588
505,22.5,0.108,0.4095,-0.598
506,22.5,0.11,0.4095,-0.608
507,22.5,0.111,0.4095,-0.613
508,22.5,0.113,0.4095,-0.623
509,22.5,0.115,0.4095,-0.633
510,22.5,0.116,0.4095,-0.638
511,22.5,0.118,0.4095,-0.649
512,22.5,0.12,0.4094,-0.659
513,22.5,0.122,0.4094,-0.669
514,22.5,0.124,0.4094,-0.679
515,22.5,0.126,0.4094,-0.689
516,22.5,0.128,0.4094,-0.698
517,22.5,0.13,0.4094,-0.708
518,22.5,0.132,0.4094,-0.717
519,22.5,0.134,0.4093,-0.726
520,22.5,0.136,0.4093,-0.735
521,22.5,0.138,0.4093,-0.745
522,22.5,0.14,0.4093,-0.754
523,22.5,0.142,0.4093,-0.764
524,22.5,0.144,0.4092,-0.774
525,22.5,0.146,0.4092,-0.783
526,22.5,0.149,0.4092,-0.798
527,22.5,0.151,0.4092,-0.808
528,22.5,0.153,0.4092,-0.818
529,22.5,0.156,0.4091,-0.832
530,22.5,0.158,0.4091,-0.842
531,22.5,0.16,0.4091,-0.851
532,22.5,0.163,0.4091,-0.865
533,22.5,0.165,0.4091,-0.875
534,22.5,0.168,0.409,-0.888
535,22.5,0.17,0.409,-0.897
536,22.5,0.173,0.409,-0.91
537,22.5,0.176,0.409,-0.923
538,22.5,0.178,0.4089,-0.932
539,22.5,0.181,0.4089,-0.945
540,22.5,0.184,0.4089,-0.959
541,22.5,0.187,0.4088,-0.972
542,22.5,0.19,0.4088,-0.986
543,22.5,0.193,0.4088,-1.0
544,22.5,0.195,0.4088,-1.009
545,22.5,0.198,0.4087,-1.023
546,22.5,0.202,0.4087,-1.041
547,22.5,0.205,0.4087,-1.055
548,22.5,0.208,0.4086,-1.068
549,22.5,0.211,0.4086,-1.082
550,22.5,0.214,0.4086,-1.095
551,22.5,0.217,0.4085,-1.108
552,22.5,0.221,0.4085,-1.125
553,22.5,0.224,0.4085,-1.137
554,22.5,0.228,0.4084,-1.153
555,22.5,0.231,0.4084,-1.165
556,22.5,0.235,0.4083,-1.181
557,22.5,0.238,0.4083,-1.194
558,22.5,0.242,0.4083,-1.211
559,22.5,0.246,0.4082,-1.228
560,22.5,0.249,0.4082,-1.241
561,22.5,0.253,0.4081,-1.258
562,22.5,0.257,0.4081,-1.275
563,22.5,0.261,0.408,-1.292
564,22.5,0.265,0.408,-1.309
565,22.5,0.269,0.4079,-1.326
566,22.5,0.273,0.4079,-1.343
567,22.5,0.277,0.4078,-1.36
568,22.5,0.282,0.4078,-1.38
569,22.5,0.286,0.4077,-1.396
570,22.5,0.29,0.4077,-1.411
571,22.5,0.295,0.4076,-1.431
572,22.5,0.299,0.4076,-1.445
573,22.5,0.304,0.4075,-1.464
574,22.5,0.309,0.4075,-1.483
575,22.5,0.313,0.4074,-1.498
576,22.5,0.318,0.4073,-1.517
577,22.5,0.323,0.4073,-1.537
578,22.5,0.328,0.4072,-1.556
579,22.5,0.333,0.4071,-1.576
580,22.5,0.338,0.4071,-1.596
581,22.5,0.343,0.407,-1.615
582,22.5,0.349,0.4069,-1.639
583,22.5,0.354,0.4069,-1.659
584,22.5,0.359,0.4068,-1.678
585,22.5,0.365,0.4067,-1.701
586,22.5,0.371,0.4066,-1.723
587,22.5,0.376,0.4066,-1.742
588,22.5,0.382,0.4065,-1.764
589,22.5,0.388,0.4064,-1.785
590,22.5,0.394,0.4063,-1.806
591,22.5,0.4,0.4063,-1.826
592,22.5,0.406,0.4062,-1.846
593,22.5,0.412,0.4061,-1.866
594,22.5,0.419,0.406,-1.89
595,22.5,0.425,0.4059,-1.911
596,22.5,0.432,0.4058,-1.936
597,22.5,0.438,0.4057,-1.957
598,22.5,0.445,0.4056,-1.982
599,22.5,0.452,0.4055,-2.007
600,22.5,0.459,0.4054,-2.032
601,22.5,0.466,0.4053,-2.057
602,22.5,0.473,0.4052,-2.081
603,22.5,0.48,0.4051,-2.106
604,22.5,0.488,0.405,-2.134
605,22.5,0.495,0.4049,-2.157
606,22.5,0.503,0.4048,-2.184
607,22.5,0.51,0.4047,-2.207
608,22.5,0.518,0.4046,-2.233
609,22.5,0.526,0.4045,-2.258
610,22.5,0.534,0.4044,-2.282
611,22.5,0.542,0.4043,-2.306
612,22.5,0.551,0.4041,-2.332
613,22.5,0.559,0.404,-2.356
614,22.5,0.568,0.4039,-2.384
615,22.5,0.576,0.4037,-2.408
616,22.5,0.585,0.4036,-2.436
617,22.5,0.594,0.4035,-2.465
618,22.5,0.603,0.4033,-2.493
619,22.5,0.613,0.4032,-2.525
620,22.5,0.622,0.403,-2.553
621,22.5,0.632,0.4029,-2.585
622,22.5,0.641,0.4027,-2.613
623,22.5,0.651,0.4026,-2.644
624,22.5,0.661,0.4024,-2.675
625,22.5,0.671,0.4022,-2.705
626,22.5,0.682,0.4021,-2.738
627,22.5,0.692,0.4019,-2.767
628,22.5,0.703,0.4018,-2.798
629,22.5,0.713,0.4016,-2.826
630,22.5,0.724,0.4015,-2.855
631,22.5,0.736,0.4013,-2.887
632,22.5,0.747,0.4012,-2.915
633,22.5,0.758,0.401,-2.943
634,22.5,0.77,0.4008,-2.974
635,22.5,0.782,0.4006,-3.005
636,22.5,0.794,0.4005,-3.037
637,22.5,0.806,0.4003,-3.069
638,22.5,0.818,0.4001,-3.102
639,22.5,0.831,0.3999,-3.137
640,22.5,0.844,0.3996,-3.173
641,22.5,0.857,0.3994,-3.208
642,22.5,0.87,0.3992,-3.244
643,22.5,0.883,0.399,-3.279
644,22.5,0.897,0.3988,-3.316
645,22.5,0.91,0.3986,-3.351
646,22.5,0.924,0.3984,-3.388
647,22.5,0.939,0.3981,-3.426
648,22.5,0.953,0.3979,-3.462
649,22.5,0.968,0.3977,-3.499
650,22.5,0.982,0.3975,-3.532
651,22.5,0.997,0.3973,-3.568
652,22.5,1.013,0.3971,-3.604
653,22.5,1.028,0.3969,-3.637
654,22.5,1.044,0.3967,-3.671
655,22.5,1.06,0.3964,-3.705
656,22.5,1.076,0.3962,-3.739
657,22.5,1.093,0.3959,-3.776
658,22.5,1.11,0.3957,-3.814
659,22.5,1.127,0.3954,-3.852
660,22.5,1.144,0.3951,-3.89
661,22.5,1.162,0.3948,-3.931
662,22.5,1.179,0.3946,-3.97
663,22.5,1.198,0.3943,-4.014
664,22.5,1.216,0.394,-4.055
665,22.5,1.235,0.3937,-4.098
666,22.5,1.254,0.3934,-4.141
667,22.5,1.273,0.3931,-4.184
668,22.5,1.292,0.3928,-4.226
669,22.5,1.312,0.3925,-4.27
670,22.5,1.332,0.3922,-4.313
671,22.5,1.353,0.3919,-4.357
672,22.5,1.374,0.3916,-4.4
673,22.5,1.395,0.3913,-4.442
674,22.5,1.416,0.391,-4.483
675,22.5,1.438,0.3907,-4.524
676,22.5,1.46,0.3904,-4.564
677,22.5,1.482,0.3902,-4.603
678,22.5,1.505,0.3899,-4.642
679,22.5,1.528,0.3896,-4.681
680,22.5,1.552,0.3892,-4.722
681,22.5,1.575,0.3889,-4.762
682,22.5,1.599,0.3886,-4.805
683,22.5,1.624,0.3882,-4.85
684,22.5,1.649,0.3879,-4.896
685,22.5,1.674,0.3875,-4.942
686,22.5,1.7,0.3871,-4.99
687,22.5,1.726,0.3867,-5.038
688,22.5,1.753,0.3863,-5.088
689,22.5,1.779,0.386,-5.136
690,22.5,1.807,0.3855,-5.188
691,22.5,1.835,0.3851,-5.239
692,22.5,1.863,0.3847,-5.29
693,22.5,1.891,0.3843,-5.34
694,22.5,1.92,0.3839,-5.391
695,22.5,1.95,0.3835,-5.443
696,22.5,1.98,0.3831,-5.493
697,22.5,2.01,0.3827,-5.542
698,22.5,2.041,0.3823,-5.592
699,22.5,2.072,0.382,-5.64
700,22.5,2.104,0.3816,-5.687
701,22.5,2.136,0.3812,-5.733
702,22.5,2.169,0.3809,-5.779
703,22.5,2.202,0.3805,-5.823
704,22.5,2.236,0.3801,-5.866
705,22.5,2.271,0.3798,-5.912
706,22.5,2.305,0.3794,-5.957
707,22.5,2.341,0.3789,-6.005
708,22.5,2.377,0.3785,-6.054
709,22.5,2.413,0.3781,-6.104
710,22.5,2.45,0.3776,-6.156
711,22.5,2.488,0.3772,-6.21
712,22.5,2.526,0.3767,-6.264
713,22.5,2.565,0.3762,-6.32
714,22.5,2.604,0.3757,-6.376
715,22.5,2.644,0.3752,-6.434
716,22.5,2.685,0.3747,-6.493
717,22.5,2.726,0.3742,-6.551
718,22.5,2.768,0.3737,-6.611
719,22.5,2.81,0.3732,-6.669
720,22.5,2.853,0.3726,-6.729
721,22.5,2.897,0.3721,-6.788
722,22.5,2.942,0.3716,-6.848
723,22.5,2.987,0.3711,-6.907
724,22.5,3.033,0.3706,-6.965
725,22.5,3.079,0.3701,-7.021
726,22.5,3.126,0.3696,-7.077
727,22.5,3.174,0.3691,-7.132
728,22.5,3.223,0.3687,-7.185
729,22.5,3.273,0.3682,-7.238
730,22.5,3.323,0.3678,-7.288
731,22.5,3.374,0.3673,-7.338
732,22.5,3.426,0.3669,-7.387
733,22.5,3.478,0.3665,-7.435
734,22.5,3.532,0.366,-7.486
735,22.5,3.586,0.3655,-7.538
736,22.5,3.641,0.365,-7.593
737,22.5,3.697,0.3645,-7.649
738,22.5,3.754,0.364,-7.707
739,22.5,3.811,0.3635,-7.765
740,22.5,3.87,0.3629,-7.826
741,22.5,3.929,0.3623,-7.888
742,22.5,3.989,0.3618,-7.951
743,22.5,4.051,0.3612,-8.016
744,22.5,4.113,0.3606,-8.082
745,22.5,4.176,0.36,-8.148
746,22.5,4.24,0.3594,-8.215
747,22.5,4.305,0.3587,-8.283
748,22.5,4.371,0.3581,-8.351
749,22.5,4.438,0.3575,-8.42
750,22.5,4.506,0.3569,-8.488
751,22.5,4.575,0.3563,-8.556
752,22.5,4.646,0.3556,-8.625
753,22.5,4.717,0.355,-8.692
754,22.5,4.789,0.3544,-8.758
755,22.5,4.863,0.3538,-8.823
756,22.5,4.938,0.3532,-8.888
757,22.5,5.013,0.3527,-8.949
758,22.5,5.09,0.3521,-9.01
759,22.5,5.168,0.3516,-9.069
760,22.5,5.248,0.3511,-9.127
761,22.5,5.328,0.3505,-9.183
762,22.5,5.41,0.35,-9.238
763,22.5,5.493,0.3496,-9.292
764,22.5,5.577,0.3491,-9.344
765,22.5,5.663,0.3486,-9.399
766,22.5,5.75,0.3481,-9.455
767,22.5,5.838,0.3476,-9.513
768,22.5,5.928,0.347,-9.573
769,22.5,6.019,0.3465,-9.636
770,22.5,6.111,0.3459,-9.699
771,22.5,6.205,0.3453,-9.765
772,22.5,6.3,0.3447,-9.832
773,22.5,6.397,0.3441,-9.901
774,22.5,6.495,0.3434,-9.971
775,22.5,6.595,0.3428,-10.043
776,22.5,6.696,0.3421,-10.116
777,22.5,6.799,0.3415,-10.191
778,22.5,6.903,0.3408,-10.265
779,22.5,7.009,0.3401,-10.341
780,22.5,7.117,0.3394,-10.418
781,22.5,7.226,0.3387,-10.495
782,22.5,7.337,0.338,-10.572
783,22.5,7.45,0.3373,-10.65
784,22.5,7.564,0.3367,-10.726
785,22.5,7.68,0.336,-10.803
786,22.5,7.798,0.3353,-10.878
787,22.5,7.918,0.3346,-10.953
788,22.5,8.039,0.334,-11.026
789,22.5,8.162,0.3333,-11.098
790,22.5,8.288,0.3327,-11.169
791,22.5,8.415,0.3321,-11.237
792,22.5,8.544,0.3315,-11.303
793,22.5,8.675,0.3309,-11.368
794,22.5,8.808,0.3303,-11.431
795,22.5,8.944,0.3298,-11.493
796,22.5,9.081,0.3292,-11.554
797,22.5,9.22,0.3287,-11.613
798,22.5,9.362,0.3282,-11.671
799,22.5,9.505,0.3276,-11.728
800,22.5,9.651,0.3271,-11.785
801,22.5,9.799,0.3267,-11.844
802,22.5,9.95,0.3262,-11.905
803,22.5,10.103,0.3256,-11.967
804,22.5,10.258,0.3251,-12.032
805,22.5,10.415,0.3245,-12.098
806,22.5,10.575,0.324,-12.167
807,22.5,10.737,0.3234,-12.237
808,22.5,10.902,0.3228,-12.309
809,22.5,11.069,0.3222,-12.382
810,22.5,11.239,0.3216,-12.457
811,22.5,11.412,0.3209,-12.534
812,22.5,11.587,0.3203,-12.612
813,22.5,11.765,0.3196,-12.691
814,22.5,11.945,0.319,-12.771
815,22.5,12.129,0.3183,-12.852
816,22.5,12.315,0.3176,-12.934
817,22.5,12.504,0.3169,-13.016
818,22.5,12.696,0.3162,-13.099
819,22.5,12.891,0.3156,-13.181
820,22.5,13.089,0.3149,-13.263
821,22.5,13.289,0.3142,-13.345
822,22.5,13.493,0.3135,-13.426
823,22.5,13.701,0.3129,-13.506
824,22.5,13.911,0.3122,-13.585
825,22.5,14.124,0.3116,-13.662
826,22.5,14.341,0.3109,-13.739
827,22.5,14.561,0.3103,-13.813
828,22.5,14.785,0.3097,-13.885
829,22.5,15.012,0.3091,-13.957
830,22.5,15.242,0.3085,-14.025
831,22.5,15.476,0.308,-14.093
832,22.5,15.714,0.3074,-14.16
833,22.5,15.955,0.3069,-14.225
834,22.5,16.2,0.3064,-14.288
835,22.5,16.448,0.3058,-14.351
836,22.5,16.701,0.3053,-14.414
837,22.5,16.957,0.3048,-14.476
838,22.5,17.217,0.3043,-14.538
839,22.5,17.482,0.3038,-14.599
840,22.5,17.75,0.3033,-14.66
841,22.5,18.022,0.3028,-14.721
842,22.5,18.299,0.3023,-14.782
843,22.5,18.58,0.3017,-14.844
844,22.5,18.865,0.3013,-14.907
845,22.5,19.155,0.3008,-14.971
846,22.5,19.449,0.3004,-15.037
847,22.5,19.747,0.2999,-15.105
848,22.5,20.05,0.2994,-15.174
849,22.5,20.358,0.2989,-15.245
850,22.5,20.671,0.2984,-15.317
851,22.5,20.988,0.2978,-15.39
852,22.5,21.31,0.2973,-15.464
853,22.5,21.637,0.2968,-15.539
854,22.5,21.969,0.2962,-15.616
855,22.5,22.306,0.2957,-15.693
856,22.5,22.649,0.2951,-15.77
857,22.5,22.996,0.2946,-15.847
858,22.5,23.349,0.294,-15.925
859,22.5,23.708,0.2935,-16.002
860,22.5,24.072,0.2929,-16.079
861,22.5,24.441,0.2924,-16.155
862,22.5,24.816,0.2918,-16.23
863,22.5,25.197,0.2913,-16.305
864,22.5,25.584,0.2908,-16.378
865,22.5,25.977,0.2903,-16.45
866,22.5,26.375,0.2897,-16.52
867,22.5,26.78,0.2892,-16.591
868,22.5,27.191,0.2888,-16.659
869,22.5,27.608,0.2883,-16.725
870,22.5,28.032,0.2878,-16.791
871,22.5,28.462,0.2874,-16.855
872,22.5,28.899,0.2869,-16.918
873,22.5,29.343,0.2865,-16.981
874,22.5,29.793,0.286,-17.043
875,22.5,30.251,0.2856,-17.103
876,22.5,30.715,0.2851,-17.163
877,22.5,31.186,0.2847,-17.222
878,22.5,31.665,0.2843,-17.281
879,22.5,32.151,0.2839,-17.34
880,22.5,32.645,0.2835,-17.399
881,22.5,33.146,0.283,-17.458
882,22.5,33.654,0.2826,-17.516
883,22.5,34.171,0.2822,-17.575
884,22.5,34.695,0.2818,-17.634
885,22.5,35.228,0.2814,-17.693
886,22.5,35.769,0.2809,-17.753
887,22.5,36.318,0.2805,-17.813
888,22.5,36.875,0.2801,-17.872
889,22.5,37.441,0.2797,-17.931
890,22.5,38.016,0.2792,-17.991
891,22.5,38.599,0.2788,-18.05
892,22.5,39.192,0.2784,-18.109
893,22.5,39.793,0.278,-18.168
894,22.5,40.404,0.2775,-18.227
895,22.5,41.024,0.2771,-18.287
896,22.5,41.654,0.2767,-18.346
897,22.5,42.293,0.2763,-18.405
898,22.5,42.942,0.2758,-18.463
899,22.5,43.601,0.2754,-18.521
900,22.5,44.271,0.275,-18.578
901,22.5,44.95,0.2746,-18.635
902,22.5,45.64,0.2742,-18.691
903,22.5,46.341,0.2738,-18.747
904,22.5,47.052,0.2735,-18.801
905,22.5,47.774,0.2732,-18.855
906,22.5,48.507,0.2729,-18.907
907,22.5,49.252,0.2726,-18.958
908,22.5,50.008,0.2723,-19.009
909,22.5,50.775,0.272,-19.058
910,22.5,51.555,0.2718,-19.107
911,22.5,52.346,0.2715,-19.154
912,22.5,53.15,0.2712,-19.202
913,22.5,53.965,0.2709,-19.249
914,22.5,54.794,0.2707,-19.296
915,22.5,55.635,0.2704,-19.342
916,22.5,56.489,0.2701,-19.388
917,22.5,57.356,0.2699,-19.432
918,22.5,58.236,0.2696,-19.476
919,22.5,59.13,0.2694,-19.519
920,22.5,60.037,0.2691,-19.562
921,22.5,60.959,0.2689,-19.604
922,22.5,61.895,0.2687,-19.646
923,22.5,62.845,0.2684,-19.688
924,22.5,63.809,0.2682,-19.73
925,22.5,64.789,0.2679,-19.772
926,22.5,65.783,0.2677,-19.814
927,22.5,66.793,0.2674,-19.855
928,22.5,67.818,0.2672,-19.897
929,22.5,68.859,0.267,-19.938
930,22.5,69.916,0.2667,-19.98
931,22.5,70.989,0.2665,-20.021
932,22.5,72.078,0.2662,-20.063
933,22.5,73.185,0.266,-20.104
934,22.5,74.308,0.2658,-20.146
935,22.5,75.449,0.2655,-20.187
936,22.5,76.607,0.2653,-20.229
937,22.5,77.783,0.2651,-20.27
938,22.5,78.976,0.2648,-20.311
939,22.5,80.189,0.2646,-20.352
940,22.5,81.419,0.2644,-20.391
941,22.5,82.669,0.2641,-20.43
942,22.5,83.938,0.2639,-20.468
943,22.5,85.226,0.2637,-20.505
944,22.5,86.534,0.2635,-20.541
945,22.5,87.863,0.2633,-20.576
946,22.5,89.211,0.2631,-20.611
947,22.5,90.581,0.2629,-20.644
948,22.5,91.971,0.2627,-20.677
949,22.5,93.382,0.2625,-20.709
950,22.5,94.816,0.2624,-20.739
951,22.5,96.271,0.2622,-20.769
952,22.5,97.749,0.262,-20.799
953,22.5,99.249,0.2618,-20.828
954,22.5,100.772,0.2617,-20.857
955,22.5,102.319,0.2615,-20.885
956,22.5,103.89,0.2614,-20.913
957,22.5,105.484,0.2612,-20.941
958,22.5,107.103,0.261,-20.968
959,22.5,108.747,0.2609,-20.994
960,22.5,110.416,0.2607,-21.019
961,22.5,112.111,0.2606,-21.044
962,22.5,113.832,0.2605,-21.068
963,22.5,115.579,0.2603,-21.092
964,22.5,117.353,0.2602,-21.115
965,22.5,119.154,0.2601,-21.138
966,22.5,120.983,0.2599,-21.161
967,22.5,122.84,0.2598,-21.183
968,22.5,124.726,0.2597,-21.204
969,22.5,126.64,0.2595,-21.227
970,22.5,128.584,0.2594,-21.249
971,22.5,130.558,0.2593,-21.271
972,22.5,132.561,0.2592,-21.291
973,22.5,134.596,0.259,-21.314
974,22.5,136.662,0.2589,-21.335
975,22.5,138.76,0.2588,-21.357
976,22.5,140.889,0.2587,-21.377
977,22.5,143.052,0.2586,-21.397
978,22.5,145.248,0.2584,-21.418
979,22.5,147.477,0.2583,-21.437
980,22.5,149.741,0.2582,-21.455
981,22.5,152.039,0.2581,-21.474
982,22.5,154.373,0.258,-21.491
983,22.5,156.742,0.2579,-21.509
984,22.5,159.148,0.2578,-21.526
985,22.5,161.591,0.2577,-21.543
986,22.5,164.071,0.2576,-21.56
987,22.5,166.589,0.2575,-21.577
988,22.5,169.146,0.2574,-21.594
989,22.5,171.742,0.2573,-21.61
990,22.5,174.378,0.2572,-21.626
991,22.5,177.055,0.2571,-21.642
992,22.5,179.772,0.2571,-21.658
993,22.5,182.532,0.257,-21.674
994,22.5,185.333,0.2569,-21.69
995,22.5,188.178,0.2568,-21.704
996,22.5,191.066,0.2567,-21.719
997,22.5,193.999,0.2566,-21.734
998,22.5,196.977,0.2565,-21.747
999,22.5,200.0,0.2565,-21.759
1000,25.0,0.1,0.4096,-0.579
1001,25.0,0.102,0.4096,-0.589
1002,25.0,0.103,0.4095,-0.595
1003,25.0,0.105,0.4095,-0.605
1004,25.0,0.106,0.4095,-0.61
1005,25.0,0.108,0.4095,-0.621
1006,25.0,0.11,0.4095,-0.632
1007,25.0,0.111,0.4095,-0.637
1008,25.0,0.113,0.4095,-0.648
1009,25.0,0.115,0.4094,-0.658
1010,25.0,0.116,0.4094,-0.664
1011,25.0,0.118,0.4094,-0.674
1012,25.0,0.12,0.4094,-0.684
1013,25.0,0.122,0.4094,-0.695
1014,25.0,0.124,0.4094,-0.705
1015,25.0,0.126,0.4094,-0.714
1016,25.0,0.128,0.4093,-0.724
1017,25.0,0.13,0.4093,-0.733
1018,25.0,0.132,0.4093,-0.743
1019,25.0,0.134,0.4093,-0.753
1020,25.0,0.136,0.4093,-0.763
1021,25.0,0.138,0.4092,-0.773
1022,25.0,0.14,0.4092,-0.783
1023,25.0,0.142,0.4092,-0.793
1024,25.0,0.144,0.4092,-0.803
1025,25.0,0.146,0.4092,-0.814
1026,25.0,0.149,0.4091,-0.829
1027,25.0,0.151,0.4091,-0.839
1028,25.0,0.153,0.4091,-0.849
1029,25.0,0.156,0.4091,-0.864
1030,25.0,0.158,0.4091,-0.873
1031,25.0,0.16,0.409,-0.883
1032,25.0,0.163,0.409,-0.897
1033,25.0,0.165,0.409,-0.906
1034,25.0,0.168,0.409,-0.919
1035,25.0,0.17,0.4089,-0.928
1036,25.0,0.173,0.4089,-0.942
1037,25.0,0.176,0.4089,-0.956
1038,25.0,0.178,0.4089,-0.966
1039,25.0,0.181,0.4088,-0.98
1040,25.0,0.184,0.4088,-0.994
1041,25.0,0.187,0.4088,-1.009
1042,25.0,0.19,0.4087,-1.023
1043,25.0,0.193,0.4087,-1.037
1044,25.0,0.195,0.4087,-1.047
1045,25.0,0.198,0.4086,-1.061
1046,25.0,0.202,0.4086,-1.08
1047,25.0,0.205,0.4086,-1.093
1048,25.0,0.208,0.4085,-1.107
1049,25.0,0.211,0.4085,-1.12
1050,25.0,0.214,0.4085,-1.133
1051,25.0,0.217,0.4084,-1.146
1052,25.0,0.221,0.4084,-1.163
1053,25.0,0.224,0.4084,-1.175
1054,25.0,0.228,0.4083,-1.193
1055,25.0,0.231,0.4083,-1.206
1056,25.0,0.235,0.4082,-1.223
1057,25.0,0.238,0.4082,-1.237
1058,25.0,0.242,0.4081,-1.255
1059,25.0,0.246,0.4081,-1.272
1060,25.0,0.249,0.408,-1.286
1061,25.0,0.253,0.408,-1.304
1062,25.0,0.257,0.4079,-1.321
1063,25.0,0.261,0.4079,-1.339
1064,25.0,0.265,0.4078,-1.356
1065,25.0,0.269,0.4078,-1.373
1066,25.0,0.273,0.4077,-1.39
1067,25.0,0.277,0.4077,-1.407
1068,25.0,0.282,0.4076,-1.427
1069,25.0,0.286,0.4076,-1.442
1070,25.0,0.29,0.4075,-1.458
1071,25.0,0.295,0.4075,-1.477
1072,25.0,0.299,0.4074,-1.493
1073,25.0,0.304,0.4074,-1.513
1074,25.0,0.309,0.4073,-1.533
1075,25.0,0.313,0.4072,-1.549
1076,25.0,0.318,0.4072,-1.57
1077,25.0,0.323,0.4071,-1.59
1078,25.0,0.328,0.407,-1.611
1079,25.0,0.333,0.4069,-1.631
1080,25.0,0.338,0.4069,-1.652
1081,25.0,0.343,0.4068,-1.672
1082,25.0,0.349,0.4067,-1.696
1083,25.0,0.354,0.4067,-1.716
1084,25.0,0.359,0.4066,-1.735
1085,25.0,0.365,0.4065,-1.758
1086,25.0,0.371,0.4064,-1.78
1087,25.0,0.376,0.4064,-1.799
1088,25.0,0.382,0.4063,-1.82
1089,25.0,0.388,0.4062,-1.841
1090,25.0,0.394,0.4061,-1.861
1091,25.0,0.4,0.406,-1.883
1092,25.0,0.406,0.4059,-1.904
1093,25.0,0.412,0.4059,-1.926
1094,25.0,0.419,0.4057,-1.952
1095,25.0,0.425,0.4057,-1.974
1096,25.0,0.432,0.4055,-2.0
1097,25.0,0.438,0.4054,-2.023
1098,25.0,0.445,0.4053,-2.049
1099,25.0,0.452,0.4052,-2.074
1100,25.0,0.459,0.4051,-2.1
1101,25.0,0.466,0.405,-2.125
1102,25.0,0.473,0.4049,-2.15
1103,25.0,0.48,0.4048,-2.175
1104,25.0,0.488,0.4047,-2.203
1105,25.0,0.495,0.4046,-2.226
1106,25.0,0.503,0.4045,-2.253
1107,25.0,0.51,0.4044,-2.275
1108,25.0,0.518,0.4043,-2.3
1109,25.0,0.526,0.4042,-2.324
1110,25.0,0.534,0.404,-2.349
1111,25.0,0.542,0.4039,-2.374
1112,25.0,0.551,0.4038,-2.403
1113,25.0,0.559,0.4036,-2.429
1114,25.0,0.568,0.4035,-2.458
1115,25.0,0.576,0.4034,-2.484
1116,25.0,0.585,0.4032,-2.514
1117,25.0,0.594,0.4031,-2.544
1118,25.0,0.603,0.4029,-2.573
1119,25.0,0.613,0.4027,-2.606
1120,25.0,0.622,0.4026,-2.635
1121,25.0,0.632,0.4024,-2.667
1122,25.0,0.641,0.4023,-2.696
1123,25.0,0.651,0.4021,-2.727
1124,25.0,0.661,0.402,-2.758
1125,25.0,0.671,0.4018,-2.788
1126,25.0,0.682,0.4017,-2.82
1127,25.0,0.692,0.4015,-2.848
1128,25.0,0.703,0.4014,-2.879
1129,25.0,0.713,0.4012,-2.905
1130,25.0,0.724,0.4011,-2.934
1131,25.0,0.736,0.4009,-2.966
1132,25.0,0.747,0.4007,-2.996
1133,25.0,0.758,0.4005,-3.026
1134,25.0,0.77,0.4003,-3.06
1135,25.0,0.782,0.4001,-3.094
1136,25.0,0.794,0.3999,-3.128
1137,25.0,0.806,0.3997,-3.162
1138,25.0,0.818,0.3995,-3.196
1139,25.0,0.831,0.3993,-3.233
1140,25.0,0.844,0.3991,-3.27
1141,25.0,0.857,0.3988,-3.306
1142,25.0,0.87,0.3986,-3.342
1143,25.0,0.883,0.3984,-3.378
1144,25.0,0.897,0.3982,-3.416
1145,25.0,0.91,0.398,-3.451
1146,25.0,0.924,0.3978,-3.487
1147,25.0,0.939,0.3975,-3.525
1148,25.0,0.953,0.3973,-3.56
1149,25.0,0.968,0.3971,-3.596
1150,25.0,0.982,0.3969,-3.628
1151,25.0,0.997,0.3967,-3.662
1152,25.0,1.013,0.3965,-3.697
1153,25.0,1.028,0.3962,-3.73
1154,25.0,1.044,0.396,-3.766
1155,25.0,1.06,0.3957,-3.803
1156,25.0,1.076,0.3955,-3.84
1157,25.0,1.093,0.3952,-3.88
1158,25.0,1.11,0.3949,-3.92
1159,25.0,1.127,0.3946,-3.961
1160,25.0,1.144,0.3944,-4.001
1161,25.0,1.162,0.3941,-4.044
1162,25.0,1.179,0.3938,-4.085
1163,25.0,1.198,0.3935,-4.13
1164,25.0,1.216,0.3932,-4.172
1165,25.0,1.235,0.3929,-4.217
1166,25.0,1.254,0.3925,-4.26
1167,25.0,1.273,0.3922,-4.303
1168,25.0,1.292,0.3919,-4.345
1169,25.0,1.312,0.3916,-4.389
1170,25.0,1.332,0.3913,-4.431
1171,25.0,1.353,0.391,-4.475
1172,25.0,1.374,0.3908,-4.516
1173,25.0,1.395,0.3905,-4.557
1174,25.0,1.416,0.3902,-4.596
1175,25.0,1.438,0.3899,-4.635
1176,25.0,1.46,0.3896,-4.673
1177,25.0,1.482,0.3893,-4.713
1178,25.0,1.505,0.389,-4.754
1179,25.0,1.528,0.3886,-4.797
1180,25.0,1.552,0.3883,-4.842
1181,25.0,1.575,0.3879,-4.886
1182,25.0,1.599,0.3876,-4.931
1183,25.0,1.624,0.3872,-4.98
1184,25.0,1.649,0.3868,-5.028
1185,25.0,1.674,0.3864,-5.076
1186,25.0,1.7,0.386,-5.127
1187,25.0,1.726,0.3856,-5.177
1188,25.0,1.753,0.3852,-5.229
1189,25.0,1.779,0.3848,-5.278
1190,25.0,1.807,0.3844,-5.331
1191,25.0,1.835,0.384,-5.383
1192,25.0,1.863,0.3836,-5.434
1193,25.0,1.891,0.3832,-5.484
1194,25.0,1.92,0.3828,-5.534
1195,25.0,1.95,0.3824,-5.585
1196,25.0,1.98,0.382,-5.634
1197,25.0,2.01,0.3816,-5.681
1198,25.0,2.041,0.3812,-5.729
1199,25.0,2.072,0.3809,-5.774
1200,25.0,2.104,0.3805,-5.819
1201,25.0,2.136,0.3802,-5.862
1202,25.0,2.169,0.3798,-5.907
1203,25.0,2.202,0.3794,-5.952
1204,25.0,2.236,0.379,-6.0
1205,25.0,2.271,0.3785,-6.05
1206,25.0,2.305,0.3781,-6.099
1207,25.0,2.341,0.3777,-6.152
1208,25.0,2.377,0.3772,-6.205
1209,25.0,2.413,0.3767,-6.259
1210,25.0,2.45,0.3762,-6.314
1211,25.0,2.488,0.3757,-6.371
1212,25.0,2.526,0.3753,-6.429
1213,25.0,2.565,0.3747,-6.487
1214,25.0,2.604,0.3742,-6.546
1215,25.0,2.644,0.3737,-6.605
1216,25.0,2.685,0.3732,-6.666
1217,25.0,2.726,0.3727,-6.726
1218,25.0,2.768,0.3721,-6.786
1219,25.0,2.81,0.3716,-6.845
1220,25.0,2.853,0.3711,-6.905
1221,25.0,2.897,0.3706,-6.964
1222,25.0,2.942,0.3701,-7.023
1223,25.0,2.987,0.3696,-7.079
1224,25.0,3.033,0.3691,-7.136
1225,25.0,3.079,0.3686,-7.19
1226,25.0,3.126,0.3682,-7.242
1227,25.0,3.174,0.3677,-7.294
1228,25.0,3.223,0.3673,-7.344
1229,25.0,3.273,0.3668,-7.394
1230,25.0,3.323,0.3664,-7.442
1231,25.0,3.374,0.3659,-7.493
1232,25.0,3.426,0.3655,-7.546
1233,25.0,3.478,0.365,-7.6
1234,25.0,3.532,0.3645,-7.657
1235,25.0,3.586,0.3639,-7.715
1236,25.0,3.641,0.3634,-7.774
1237,25.0,3.697,0.3628,-7.835
1238,25.0,3.754,0.3623,-7.898
1239,25.0,3.811,0.3617,-7.961
1240,25.0,3.87,0.3611,-8.027
1241,25.0,3.929,0.3605,-8.092
1242,25.0,3.989,0.3599,-8.159
1243,25.0,4.051,0.3592,-8.228
1244,25.0,4.113,0.3586,-8.297
1245,25.0,4.176,0.358,-8.366
1246,25.0,4.24,0.3574,-8.435
1247,25.0,4.305,0.3567,-8.505
1248,25.0,4.371,0.3561,-8.574
1249,25.0,4.438,0.3555,-8.643
1250,25.0,4.506,0.3548,-8.712
1251,25.0,4.575,0.3542,-8.78
1252,25.0,4.646,0.3536,-8.848
1253,25.0,4.717,0.353,-8.913
1254,25.0,4.789,0.3524,-8.977
1255,25.0,4.863,0.3519,-9.04
1256,25.0,4.938,0.3513,-9.101
1257,25.0,5.013,0.3508,-9.159
1258,25.0,5.09,0.3502,-9.216
1259,25.0,5.168,0.3497,-9.271
1260,25.0,5.248,0.3493,-9.325
1261,25.0,5.328,0.3488,-9.379
1262,25.0,5.41,0.3483,-9.434
1263,25.0,5.493,0.3478,-9.492
1264,25.0,5.577,0.3472,-9.552
1265,25.0,5.663,0.3467,-9.614
1266,25.0,5.75,0.3461,-9.677
1267,25.0,5.838,0.3455,-9.743
1268,25.0,5.928,0.3449,-9.81
1269,25.0,6.019,0.3443,-9.879
1270,25.0,6.111,0.3436,-9.949
1271,25.0,6.205,0.343,-10.022
1272,25.0,6.3,0.3423,-10.095
1273,25.0,6.397,0.3417,-10.17
1274,25.0,6.495,0.341,-10.246
1275,25.0,6.595,0.3403,-10.324
1276,25.0,6.696,0.3396,-10.401
1277,25.0,6.799,0.3389,-10.48
1278,25.0,6.903,0.3382,-10.559
1279,25.0,7.009,0.3374,-10.639
1280,25.0,7.117,0.3367,-10.719
1281,25.0,7.226,0.336,-10.798
1282,25.0,7.337,0.3353,-10.877
1283,25.0,7.45,0.3346,-10.956
1284,25.0,7.564,0.3339,-11.034
1285,25.0,7.68,0.3332,-11.11
1286,25.0,7.798,0.3325,-11.185
1287,25.0,7.918,0.3319,-11.259
1288,25.0,8.039,0.3312,-11.33
1289,25.0,8.162,0.3306,-11.399
1290,25.0,8.288,0.33,-11.467
1291,25.0,8.415,0.3294,-11.532
1292,25.0,8.544,0.3288,-11.595
1293,25.0,8.675,0.3283,-11.656
1294,25.0,8.808,0.3278,-11.715
1295,25.0,8.944,0.3272,-11.773
1296,25.0,9.081,0.3268,-11.832
1297,25.0,9.22,0.3263,-11.892
1298,25.0,9.362,0.3257,-11.955
1299,25.0,9.505,0.3252,-12.019
1300,25.0,9.651,0.3246,-12.086
1301,25.0,9.799,0.3241,-12.155
1302,25.0,9.95,0.3235,-12.226
1303,25.0,10.103,0.3229,-12.299
1304,25.0,10.258,0.3223,-12.374
1305,25.0,10.415,0.3216,-12.45
1306,25.0,10.575,0.321,-12.528
1307,25.0,10.737,0.3203,-12.608
1308,25.0,10.902,0.3196,-12.69
1309,25.0,11.069,0.3189,-12.772
1310,25.0,11.239,0.3183,-12.856
1311,25.0,11.412,0.3175,-12.942
1312,25.0,11.587,0.3168,-13.028
1313,25.0,11.765,0.3161,-13.115
1314,25.0,11.945,0.3154,-13.202
1315,25.0,12.129,0.3146,-13.29
1316,25.0,12.315,0.3139,-13.379
1317,25.0,12.504,0.3132,-13.467
1318,25.0,12.696,0.3124,-13.555
1319,25.0,12.891,0.3117,-13.642
1320,25.0,13.089,0.311,-13.728
1321,25.0,13.289,0.3103,-13.814
1322,25.0,13.493,0.3096,-13.898
1323,25.0,13.701,0.3089,-13.98
1324,25.0,13.911,0.3082,-14.061
1325,25.0,14.124,0.3076,-14.139
1326,25.0,14.341,0.307,-14.216
1327,25.0,14.561,0.3063,-14.29
1328,25.0,14.785,0.3057,-14.363
1329,25.0,15.012,0.3052,-14.433
1330,25.0,15.242,0.3046,-14.501
1331,25.0,15.476,0.304,-14.568
1332,25.0,15.714,0.3035,-14.634
1333,25.0,15.955,0.303,-14.698
1334,25.0,16.2,0.3024,-14.761
1335,25.0,16.448,0.3019,-14.823
1336,25.0,16.701,0.3014,-14.885
1337,25.0,16.957,0.301,-14.95
1338,25.0,17.217,0.3005,-15.015
1339,25.0,17.482,0.3,-15.083
1340,25.0,17.75,0.2995,-15.153
1341,25.0,18.022,0.299,-15.225
1342,25.0,18.299,0.2985,-15.298
1343,25.0,18.58,0.2979,-15.374
1344,25.0,18.865,0.2974,-15.451
1345,25.0,19.155,0.2968,-15.531
1346,25.0,19.449,0.2962,-15.611
1347,25.0,19.747,0.2957,-15.693
1348,25.0,20.05,0.2951,-15.777
1349,25.0,20.358,0.2945,-15.862
1350,25.0,20.671,0.2938,-15.948
1351,25.0,20.988,0.2932,-16.035
1352,25.0,21.31,0.2926,-16.123
1353,25.0,21.637,0.2919,-16.212
1354,25.0,21.969,0.2913,-16.302
1355,25.0,22.306,0.2907,-16.391
1356,25.0,22.649,0.29,-16.481
1357,25.0,22.996,0.2894,-16.571
1358,25.0,23.349,0.2887,-16.66
1359,25.0,23.708,0.2881,-16.749
1360,25.0,24.072,0.2875,-16.836
1361,25.0,24.441,0.2869,-16.922
1362,25.0,24.816,0.2863,-17.008
1363,25.0,25.197,0.2857,-17.091
1364,25.0,25.584,0.2851,-17.172
1365,25.0,25.977,0.2845,-17.253
1366,25.0,26.375,0.2839,-17.333
1367,25.0,26.78,0.2834,-17.411
1368,25.0,27.191,0.2828,-17.486
1369,25.0,27.608,0.2823,-17.559
1370,25.0,28.032,0.2818,-17.631
1371,25.0,28.462,0.2813,-17.702
1372,25.0,28.899,0.2808,-17.773
1373,25.0,29.343,0.2803,-17.843
1374,25.0,29.793,0.2798,-17.911
1375,25.0,30.251,0.2793,-17.978
1376,25.0,30.715,0.2788,-18.045
1377,25.0,31.186,0.2784,-18.11
1378,25.0,31.665,0.2779,-18.176
1379,25.0,32.151,0.2774,-18.241
1380,25.0,32.645,0.277,-18.307
1381,25.0,33.146,0.2765,-18.372
1382,25.0,33.654,0.276,-18.437
1383,25.0,34.171,0.2756,-18.503
1384,25.0,34.695,0.2751,-18.569
1385,25.0,35.228,0.2746,-18.636
1386,25.0,35.769,0.2741,-18.703
1387,25.0,36.318,0.2737,-18.769
1388,25.0,36.875,0.2733,-18.837
1389,25.0,37.441,0.2729,-18.905
1390,25.0,38.016,0.2725,-18.974
1391,25.0,38.599,0.2721,-19.044
1392,25.0,39.192,0.2717,-19.115
1393,25.0,39.793,0.2713,-19.187
1394,25.0,40.404,0.2709,-19.26
1395,25.0,41.024,0.2704,-19.334
1396,25.0,41.654,0.27,-19.408
1397,25.0,42.293,0.2696,-19.482
1398,25.0,42.942,0.2692,-19.555
1399,25.0,43.601,0.2688,-19.628
1400,25.0,44.271,0.2683,-19.701
1401,25.0,44.95,0.2679,-19.774
1402,25.0,45.64,0.2675,-19.847
1403,25.0,46.341,0.2671,-19.92
1404,25.0,47.052,0.2667,-19.992
1405,25.0,47.774,0.2663,-20.061
1406,25.0,48.507,0.2659,-20.129
1407,25.0,49.252,0.2655,-20.195
1408,25.0,50.008,0.2651,-20.26
1409,25.0,50.775,0.2647,-20.324
1410,25.0,51.555,0.2644,-20.387
1411,25.0,52.346,0.264,-20.449
1412,25.0,53.15,0.2637,-20.51
1413,25.0,53.965,0.2633,-20.572
1414,25.0,54.794,0.263,-20.633
1415,25.0,55.635,0.2626,-20.692
1416,25.0,56.489,0.2623,-20.749
1417,25.0,57.356,0.262,-20.806
1418,25.0,58.236,0.2616,-20.862
1419,25.0,59.13,0.2613,-20.917
1420,25.0,60.037,0.261,-20.971
1421,25.0,60.959,0.2607,-21.026
1422,25.0,61.895,0.2604,-21.08
1423,25.0,62.845,0.2601,-21.135
1424,25.0,63.809,0.2598,-21.19
1425,25.0,64.789,0.2594,-21.245
1426,25.0,65.783,0.2591,-21.299
1427,25.0,66.793,0.2588,-21.354
1428,25.0,67.818,0.2585,-21.408
1429,25.0,68.859,0.2582,-21.463
1430,25.0,69.916,0.2579,-21.517
1431,25.0,70.989,0.2576,-21.572
1432,25.0,72.078,0.2572,-21.626
1433,25.0,73.185,0.2569,-21.681
1434,25.0,74.308,0.2566,-21.735
1435,25.0,75.449,0.2563,-21.79
1436,25.0,76.607,0.256,-21.844
1437,25.0,77.783,0.2557,-21.899
1438,25.0,78.976,0.2554,-21.953
1439,25.0,80.189,0.255,-22.007
1440,25.0,81.419,0.2547,-22.059
1441,25.0,82.669,0.2545,-22.11
1442,25.0,83.938,0.2542,-22.16
1443,25.0,85.226,0.2539,-22.209
1444,25.0,86.534,0.2536,-22.257
1445,25.0,87.863,0.2533,-22.304
1446,25.0,89.211,0.2531,-22.349
1447,25.0,90.581,0.2528,-22.394
1448,25.0,91.971,0.2526,-22.438
1449,25.0,93.382,0.2523,-22.48
1450,25.0,94.816,0.2521,-22.521
1451,25.0,96.271,0.2519,-22.561
1452,25.0,97.749,0.2516,-22.6
1453,25.0,99.249,0.2514,-22.64
1454,25.0,100.772,0.2512,-22.679
1455,25.0,102.319,0.251,-22.717
1456,25.0,103.89,0.2507,-22.755
1457,25.0,105.484,0.2505,-22.792
1458,25.0,107.103,0.2503,-22.829
1459,25.0,108.747,0.2501,-22.864
1460,25.0,110.416,0.2499,-22.899
1461,25.0,112.111,0.2497,-22.933
1462,25.0,113.832,0.2495,-22.966
1463,25.0,115.579,0.2493,-22.998
1464,25.0,117.353,0.2492,-23.03
1465,25.0,119.154,0.249,-23.061
1466,25.0,120.983,0.2488,-23.092
1467,25.0,122.84,0.2486,-23.123
1468,25.0,124.726,0.2484,-23.153
1469,25.0,126.64,0.2483,-23.183
1470,25.0,128.584,0.2481,-23.214
1471,25.0,130.558,0.2479,-23.244
1472,25.0,132.561,0.2478,-23.273
1473,25.0,134.596,0.2476,-23.303
1474,25.0,136.662,0.2474,-23.333
1475,25.0,138.76,0.2472,-23.362
1476,25.0,140.889,0.2471,-23.391
1477,25.0,143.052,0.2469,-23.419
1478,25.0,145.248,0.2467,-23.448
1479,25.0,147.477,0.2466,-23.474
1480,25.0,149.741,0.2464,-23.499
1481,25.0,152.039,0.2463,-23.525
1482,25.0,154.373,0.2462,-23.55
1483,25.0,156.742,0.246,-23.575
1484,25.0,159.148,0.2459,-23.599
1485,25.0,161.591,0.2457,-23.623
1486,25.0,164.071,0.2456,-23.647
1487,25.0,166.589,0.2455,-23.671
1488,25.0,169.146,0.2454,-23.694
1489,25.0,171.742,0.2453,-23.718
1490,25.0,174.378,0.2452,-23.741
1491,25.0,177.055,0.2451,-23.764
1492,25.0,179.772,0.245,-23.786
1493,25.0,182.532,0.2449,-23.809
1494,25.0,185.333,0.2448,-23.831
1495,25.0,188.178,0.2447,-23.851
1496,25.0,191.066,0.2446,-23.873
1497,25.0,193.999,0.2445,-23.894
1498,25.0,196.977,0.2444,-23.912
1499,25.0,200.0,0.2444,-23.93
1500,27.5,0.1,0.4095,-0.601
1501,27.5,0.102,0.4095,-0.612
1502,27.5,0.103,0.4095,-0.618
1503,27.5,0.105,0.4095,-0.629
1504,27.5,0.106,0.4095,-0.635
1505,27.5,0.108,0.4095,-0.646
1506,27.5,0.11,0.4094,-0.657
1507,27.5,0.111,0.4094,-0.662
1508,27.5,0.113,0.4094,-0.673
1509,27.5,0.115,0.4094,-0.684
1510,27.5,0.116,0.4094,-0.689
1511,27.5,0.118,0.4094,-0.7
1512,27.5,0.12,0.4094,-0.71
1513,27.5,0.122,0.4093,-0.72
1514,27.5,0.124,0.4093,-0.73
1515,27.5,0.126,0.4093,-0.74
1516,27.5,0.128,0.4093,-0.75
1517,27.5,0.13,0.4093,-0.761
1518,27.5,0.132,0.4093,-0.771
1519,27.5,0.134,0.4092,-0.782
1520,27.5,0.136,0.4092,-0.792
1521,27.5,0.138,0.4092,-0.803
1522,27.5,0.14,0.4092,-0.814
1523,27.5,0.142,0.4092,-0.824
1524,27.5,0.144,0.4091,-0.835
1525,27.5,0.146,0.4091,-0.845
1526,27.5,0.149,0.4091,-0.86
1527,27.5,0.151,0.4091,-0.871
1528,27.5,0.153,0.409,-0.881
1529,27.5,0.156,0.409,-0.895
1530,27.5,0.158,0.409,-0.905
1531,27.5,0.16,0.409,-0.914
1532,27.5,0.163,0.4089,-0.928
1533,27.5,0.165,0.4089,-0.938
1534,27.5,0.168,0.4089,-0.952
1535,27.5,0.17,0.4089,-0.962
1536,27.5,0.173,0.4088,-0.977
1537,27.5,0.176,0.4088,-0.992
1538,27.5,0.178,0.4088,-1.002
1539,27.5,0.181,0.4087,-1.017
1540,27.5,0.184,0.4087,-1.032
1541,27.5,0.187,0.4087,-1.047
1542,27.5,0.19,0.4086,-1.061
1543,27.5,0.193,0.4086,-1.076
1544,27.5,0.195,0.4086,-1.086
1545,27.5,0.198,0.4085,-1.1
1546,27.5,0.202,0.4085,-1.118
1547,27.5,0.205,0.4085,-1.132
1548,27.5,0.208,0.4084,-1.145
1549,27.5,0.211,0.4084,-1.158
1550,27.5,0.214,0.4084,-1.171
1551,27.5,0.217,0.4083,-1.185
1552,27.5,0.221,0.4083,-1.203
1553,27.5,0.224,0.4082,-1.217
1554,27.5,0.228,0.4082,-1.235
1555,27.5,0.231,0.4081,-1.249
1556,27.5,0.235,0.4081,-1.268
1557,27.5,0.238,0.4081,-1.282
1558,27.5,0.242,0.408,-1.3
1559,27.5,0.246,0.4079,-1.319
1560,27.5,0.249,0.4079,-1.332
1561,27.5,0.253,0.4079,-1.351
1562,27.5,0.257,0.4078,-1.368
1563,27.5,0.261,0.4078,-1.386
1564,27.5,0.265,0.4077,-1.403
1565,27.5,0.269,0.4077,-1.42
1566,27.5,0.273,0.4076,-1.437
1567,27.5,0.277,0.4076,-1.453
1568,27.5,0.282,0.4075,-1.473
1569,27.5,0.286,0.4074,-1.489
1570,27.5,0.29,0.4074,-1.506
1571,27.5,0.295,0.4073,-1.526
1572,27.5,0.299,0.4073,-1.543
1573,27.5,0.304,0.4072,-1.565
1574,27.5,0.309,0.4071,-1.586
1575,27.5,0.313,0.407,-1.603
1576,27.5,0.318,0.407,-1.624
1577,27.5,0.323,0.4069,-1.646
1578,27.5,0.328,0.4068,-1.667
1579,27.5,0.333,0.4067,-1.688
1580,27.5,0.338,0.4067,-1.708
1581,27.5,0.343,0.4066,-1.729
1582,27.5,0.349,0.4065,-1.753
1583,27.5,0.354,0.4065,-1.772
1584,27.5,0.359,0.4064,-1.791
1585,27.5,0.365,0.4063,-1.814
1586,27.5,0.371,0.4062,-1.835
1587,27.5,0.376,0.4062,-1.854
1588,27.5,0.382,0.4061,-1.876
1589,27.5,0.388,0.406,-1.898
1590,27.5,0.394,0.4059,-1.921
1591,27.5,0.4,0.4058,-1.944
1592,27.5,0.406,0.4057,-1.967
1593,27.5,0.412,0.4056,-1.99
1594,27.5,0.419,0.4055,-2.017
1595,27.5,0.425,0.4054,-2.04
1596,27.5,0.432,0.4053,-2.067
1597,27.5,0.438,0.4052,-2.09
1598,27.5,0.445,0.4051,-2.116
1599,27.5,0.452,0.4049,-2.142
1600,27.5,0.459,0.4048,-2.168
1601,27.5,0.466,0.4047,-2.194
1602,27.5,0.473,0.4046,-2.218
1603,27.5,0.48,0.4045,-2.243
1604,27.5,0.488,0.4044,-2.27
1605,27.5,0.495,0.4043,-2.293
1606,27.5,0.503,0.4042,-2.318
1607,27.5,0.51,0.4041,-2.34
1608,27.5,0.518,0.404,-2.366
1609,27.5,0.526,0.4038,-2.393
1610,27.5,0.534,0.4037,-2.42
1611,27.5,0.542,0.4036,-2.447
1612,27.5,0.551,0.4034,-2.477
1613,27.5,0.559,0.4033,-2.504
1614,27.5,0.568,0.4031,-2.535
1615,27.5,0.576,0.403,-2.563
1616,27.5,0.585,0.4028,-2.593
1617,27.5,0.594,0.4027,-2.624
1618,27.5,0.603,0.4025,-2.654
1619,27.5,0.613,0.4023,-2.687
1620,27.5,0.622,0.4022,-2.717
1621,27.5,0.632,0.402,-2.749
1622,27.5,0.641,0.4019,-2.777
1623,27.5,0.651,0.4017,-2.808
1624,27.5,0.661,0.4016,-2.838
1625,27.5,0.671,0.4014,-2.867
1626,27.5,0.682,0.4013,-2.898
1627,27.5,0.692,0.4011,-2.925
1628,27.5,0.703,0.4009,-2.956
1629,27.5,0.713,0.4008,-2.984
1630,27.5,0.724,0.4006,-3.015
1631,27.5,0.736,0.4004,-3.05
1632,27.5,0.747,0.4002,-3.082
1633,27.5,0.758,0.4,-3.114
1634,27.5,0.77,0.3998,-3.149
1635,27.5,0.782,0.3996,-3.185
1636,27.5,0.794,0.3994,-3.22
1637,27.5,0.806,0.3991,-3.255
1638,27.5,0.818,0.3989,-3.291
1639,27.5,0.831,0.3987,-3.328
1640,27.5,0.844,0.3985,-3.366
1641,27.5,0.857,0.3983,-3.403
1642,27.5,0.87,0.398,-3.439
1643,27.5,0.883,0.3978,-3.475
1644,27.5,0.897,0.3976,-3.512
1645,27.5,0.91,0.3974,-3.546
1646,27.5,0.924,0.3972,-3.582
1647,27.5,0.939,0.397,-3.618
1648,27.5,0.953,0.3968,-3.651
1649,27.5,0.968,0.3966,-3.686
1650,27.5,0.982,0.3963,-3.718
1651,27.5,0.997,0.3961,-3.753
1652,27.5,1.013,0.3958,-3.791
1653,27.5,1.028,0.3956,-3.827
1654,27.5,1.044,0.3953,-3.865
1655,27.5,1.06,0.395,-3.905
1656,27.5,1.076,0.3948,-3.944
1657,27.5,1.093,0.3945,-3.986
1658,27.5,1.11,0.3942,-4.028
1659,27.5,1.127,0.3939,-4.07
1660,27.5,1.144,0.3936,-4.112
1661,27.5,1.162,0.3933,-4.157
1662,27.5,1.179,0.393,-4.198
1663,27.5,1.198,0.3927,-4.244
1664,27.5,1.216,0.3924,-4.287
1665,27.5,1.235,0.3921,-4.331
1666,27.5,1.254,0.3917,-4.374
1667,27.5,1.273,0.3915,-4.417
1668,27.5,1.292,0.3912,-4.458
1669,27.5,1.312,0.3909,-4.5
1670,27.5,1.332,0.3906,-4.541
1671,27.5,1.353,0.3903,-4.582
1672,27.5,1.374,0.39,-4.622
1673,27.5,1.395,0.3897,-4.66
1674,27.5,1.416,0.3894,-4.699
1675,27.5,1.438,0.3891,-4.74
1676,27.5,1.46,0.3888,-4.782
1677,27.5,1.482,0.3884,-4.825
1678,27.5,1.505,0.3881,-4.87
1679,27.5,1.528,0.3877,-4.916
1680,27.5,1.552,0.3873,-4.964
1681,27.5,1.575,0.387,-5.01
1682,27.5,1.599,0.3866,-5.058
1683,27.5,1.624,0.3862,-5.108
1684,27.5,1.649,0.3858,-5.159
1685,27.5,1.674,0.3854,-5.209
1686,27.5,1.7,0.385,-5.26
1687,27.5,1.726,0.3846,-5.311
1688,27.5,1.753,0.3841,-5.364
1689,27.5,1.779,0.3838,-5.414
1690,27.5,1.807,0.3833,-5.466
1691,27.5,1.835,0.3829,-5.517
1692,27.5,1.863,0.3825,-5.568
1693,27.5,1.891,0.3821,-5.616
1694,27.5,1.92,0.3818,-5.665
1695,27.5,1.95,0.3814,-5.714
1696,27.5,1.98,0.381,-5.76
1697,27.5,2.01,0.3806,-5.805
1698,27.5,2.041,0.3803,-5.85
1699,27.5,2.072,0.3799,-5.893
1700,27.5,2.104,0.3795,-5.938
1701,27.5,2.136,0.3791,-5.985
1702,27.5,2.169,0.3787,-6.034
1703,27.5,2.202,0.3783,-6.083
1704,27.5,2.236,0.3778,-6.135
1705,27.5,2.271,0.3773,-6.188
1706,27.5,2.305,0.3769,-6.241
1707,27.5,2.341,0.3764,-6.297
1708,27.5,2.377,0.3759,-6.354
1709,27.5,2.413,0.3754,-6.41
1710,27.5,2.45,0.3749,-6.468
1711,27.5,2.488,0.3744,-6.528
1712,27.5,2.526,0.3739,-6.587
1713,27.5,2.565,0.3734,-6.647
1714,27.5,2.604,0.3728,-6.707
1715,27.5,2.644,0.3723,-6.767
1716,27.5,2.685,0.3718,-6.828
1717,27.5,2.726,0.3713,-6.887
1718,27.5,2.768,0.3707,-6.947
1719,27.5,2.81,0.3702,-7.005
1720,27.5,2.853,0.3697,-7.063
1721,27.5,2.897,0.3692,-7.12
1722,27.5,2.942,0.3687,-7.177
1723,27.5,2.987,0.3683,-7.231
1724,27.5,3.033,0.3678,-7.283
1725,27.5,3.079,0.3674,-7.334
1726,27.5,3.126,0.3669,-7.383
1727,27.5,3.174,0.3665,-7.431
1728,27.5,3.223,0.366,-7.482
1729,27.5,3.273,0.3656,-7.535
1730,27.5,3.323,0.3651,-7.589
1731,27.5,3.374,0.3646,-7.645
1732,27.5,3.426,0.364,-7.703
1733,27.5,3.478,0.3635,-7.762
1734,27.5,3.532,0.3629,-7.823
1735,27.5,3.586,0.3624,-7.885
1736,27.5,3.641,0.3618,-7.949
1737,27.5,3.697,0.3612,-8.014
1738,27.5,3.754,0.3606,-8.08
1739,27.5,3.811,0.36,-8.147
1740,27.5,3.87,0.3594,-8.215
1741,27.5,3.929,0.3587,-8.284
1742,27.5,3.989,0.3581,-8.353
1743,27.5,4.051,0.3575,-8.424
1744,27.5,4.113,0.3568,-8.493
1745,27.5,4.176,0.3562,-8.563
1746,27.5,4.24,0.3556,-8.633
1747,27.5,4.305,0.3549,-8.703
1748,27.5,4.371,0.3543,-8.772
1749,27.5,4.438,0.3537,-8.84
1750,27.5,4.506,0.3531,-8.907
1751,27.5,4.575,0.3525,-8.972
1752,27.5,4.646,0.3519,-9.037
1753,27.5,4.717,0.3513,-9.099
1754,27.5,4.789,0.3508,-9.159
1755,27.5,4.863,0.3502,-9.217
1756,27.5,4.938,0.3497,-9.274
1757,27.5,5.013,0.3492,-9.327
1758,27.5,5.09,0.3487,-9.381
1759,27.5,5.168,0.3482,-9.437
1760,27.5,5.248,0.3477,-9.496
1761,27.5,5.328,0.3472,-9.556
1762,27.5,5.41,0.3466,-9.618
1763,27.5,5.493,0.346,-9.682
1764,27.5,5.577,0.3455,-9.748
1765,27.5,5.663,0.3448,-9.816
1766,27.5,5.75,0.3442,-9.885
1767,27.5,5.838,0.3436,-9.956
1768,27.5,5.928,0.3429,-10.029
1769,27.5,6.019,0.3423,-10.103
1770,27.5,6.111,0.3416,-10.179
1771,27.5,6.205,0.3409,-10.256
1772,27.5,6.3,0.3402,-10.333
1773,27.5,6.397,0.3395,-10.413
1774,27.5,6.495,0.3388,-10.492
1775,27.5,6.595,0.338,-10.573
1776,27.5,6.696,0.3373,-10.653
1777,27.5,6.799,0.3366,-10.734
1778,27.5,6.903,0.3359,-10.815
1779,27.5,7.009,0.3351,-10.896
1780,27.5,7.117,0.3344,-10.976
1781,27.5,7.226,0.3337,-11.055
1782,27.5,7.337,0.333,-11.134
1783,27.5,7.45,0.3323,-11.211
1784,27.5,7.564,0.3316,-11.286
1785,27.5,7.68,0.331,-11.36
1786,27.5,7.798,0.3303,-11.431
1787,27.5,7.918,0.3297,-11.501
1788,27.5,8.039,0.3291,-11.567
1789,27.5,8.162,0.3285,-11.631
1790,27.5,8.288,0.328,-11.694
1791,27.5,8.415,0.3274,-11.753
1792,27.5,8.544,0.3269,-11.812
1793,27.5,8.675,0.3264,-11.873
1794,27.5,8.808,0.3259,-11.935
1795,27.5,8.944,0.3254,-12.001
1796,27.5,9.081,0.3248,-12.068
1797,27.5,9.22,0.3242,-12.137
1798,27.5,9.362,0.3236,-12.208
1799,27.5,9.505,0.323,-12.281
1800,27.5,9.651,0.3224,-12.356
1801,27.5,9.799,0.3218,-12.433
1802,27.5,9.95,0.3211,-12.513
1803,27.5,10.103,0.3204,-12.594
1804,27.5,10.258,0.3197,-12.676
1805,27.5,10.415,0.3191,-12.759
1806,27.5,10.575,0.3183,-12.845
1807,27.5,10.737,0.3176,-12.932
1808,27.5,10.902,0.3169,-13.02
1809,27.5,11.069,0.3162,-13.109
1810,27.5,11.239,0.3154,-13.199
1811,27.5,11.412,0.3147,-13.289
1812,27.5,11.587,0.3139,-13.38
1813,27.5,11.765,0.3131,-13.472
1814,27.5,11.945,0.3124,-13.563
1815,27.5,12.129,0.3116,-13.655
1816,27.5,12.315,0.3109,-13.746
1817,27.5,12.504,0.3101,-13.836
1818,27.5,12.696,0.3094,-13.926
1819,27.5,12.891,0.3086,-14.014
1820,27.5,13.089,0.3079,-14.1
1821,27.5,13.289,0.3072,-14.185
1822,27.5,13.493,0.3065,-14.267
1823,27.5,13.701,0.3059,-14.348
1824,27.5,13.911,0.3052,-14.425
1825,27.5,14.124,0.3046,-14.5
1826,27.5,14.341,0.304,-14.573
1827,27.5,14.561,0.3034,-14.644
1828,27.5,14.785,0.3028,-14.712
1829,27.5,15.012,0.3023,-14.778
1830,27.5,15.242,0.3018,-14.842
1831,27.5,15.476,0.3013,-14.906
1832,27.5,15.714,0.3008,-14.972
1833,27.5,15.955,0.3003,-15.04
1834,27.5,16.2,0.2998,-15.11
1835,27.5,16.448,0.2993,-15.181
1836,27.5,16.701,0.2988,-15.256
1837,27.5,16.957,0.2982,-15.332
1838,27.5,17.217,0.2977,-15.41
1839,27.5,17.482,0.2971,-15.491
1840,27.5,17.75,0.2965,-15.572
1841,27.5,18.022,0.2959,-15.656
1842,27.5,18.299,0.2953,-15.742
1843,27.5,18.58,0.2947,-15.829
1844,27.5,18.865,0.2941,-15.918
1845,27.5,19.155,0.2934,-16.009
1846,27.5,19.449,0.2927,-16.101
1847,27.5,19.747,0.2921,-16.195
1848,27.5,20.05,0.2914,-16.29
1849,27.5,20.358,0.2907,-16.385
1850,27.5,20.671,0.29,-16.482
1851,27.5,20.988,0.2893,-16.58
1852,27.5,21.31,0.2886,-16.677
1853,27.5,21.637,0.2879,-16.776
1854,27.5,21.969,0.2872,-16.874
1855,27.5,22.306,0.2865,-16.972
1856,27.5,22.649,0.2858,-17.07
1857,27.5,22.996,0.2851,-17.167
1858,27.5,23.349,0.2844,-17.263
1859,27.5,23.708,0.2838,-17.357
1860,27.5,24.072,0.2831,-17.45
1861,27.5,24.441,0.2824,-17.542
1862,27.5,24.816,0.2818,-17.632
1863,27.5,25.197,0.2812,-17.718
1864,27.5,25.584,0.2806,-17.802
1865,27.5,25.977,0.28,-17.886
1866,27.5,26.375,0.2794,-17.969
1867,27.5,26.78,0.2788,-18.049
1868,27.5,27.191,0.2783,-18.126
1869,27.5,27.608,0.2777,-18.2
1870,27.5,28.032,0.2772,-18.273
1871,27.5,28.462,0.2767,-18.346
1872,27.5,28.899,0.2762,-18.419
1873,27.5,29.343,0.2757,-18.49
1874,27.5,29.793,0.2752,-18.56
1875,27.5,30.251,0.2747,-18.629
1876,27.5,30.715,0.2742,-18.697
1877,27.5,31.186,0.2737,-18.764
1878,27.5,31.665,0.2733,-18.833
1879,27.5,32.151,0.2729,-18.904
1880,27.5,32.645,0.2725,-18.977
1881,27.5,33.146,0.2721,-19.051
1882,27.5,33.654,0.2716,-19.127
1883,27.5,34.171,0.2712,-19.205
1884,27.5,34.695,0.2707,-19.285
1885,27.5,35.228,0.2703,-19.366
1886,27.5,35.769,0.2698,-19.45
1887,27.5,36.318,0.2693,-19.534
1888,27.5,36.875,0.2688,-19.618
1889,27.5,37.441,0.2683,-19.704
1890,27.5,38.016,0.2678,-19.791
1891,27.5,38.599,0.2673,-19.878
1892,27.5,39.192,0.2668,-19.966
1893,27.5,39.793,0.2663,-20.055
1894,27.5,40.404,0.2658,-20.145
1895,27.5,41.024,0.2653,-20.236
1896,27.5,41.654,0.2647,-20.326
1897,27.5,42.293,0.2642,-20.416
1898,27.5,42.942,0.2637,-20.504
1899,27.5,43.601,0.2632,-20.592
1900,27.5,44.271,0.2627,-20.68
1901,27.5,44.95,0.2622,-20.767
1902,27.5,45.64,0.2617,-20.855
1903,27.5,46.341,0.2612,-20.942
1904,27.5,47.052,0.2607,-21.025
1905,27.5,47.774,0.2602,-21.107
1906,27.5,48.507,0.2598,-21.187
1907,27.5,49.252,0.2593,-21.265
1908,27.5,50.008,0.2589,-21.343
1909,27.5,50.775,0.2584,-21.419
1910,27.5,51.555,0.258,-21.494
1911,27.5,52.346,0.2576,-21.568
1912,27.5,53.15,0.2572,-21.642
1913,27.5,53.965,0.2567,-21.715
1914,27.5,54.794,0.2563,-21.788
1915,27.5,55.635,0.2559,-21.857
1916,27.5,56.489,0.2555,-21.925
1917,27.5,57.356,0.2551,-21.992
1918,27.5,58.236,0.2548,-22.058
1919,27.5,59.13,0.2544,-22.123
1920,27.5,60.037,0.254,-22.188
1921,27.5,60.959,0.2536,-22.253
1922,27.5,61.895,0.2533,-22.319
1923,27.5,62.845,0.2529,-22.384
1924,27.5,63.809,0.2525,-22.45
1925,27.5,64.789,0.2521,-22.516
1926,27.5,65.783,0.2517,-22.581
1927,27.5,66.793,0.2514,-22.646
1928,27.5,67.818,0.251,-22.712
1929,27.5,68.859,0.2506,-22.777
1930,27.5,69.916,0.2502,-22.842
1931,27.5,70.989,0.2499,-22.908
1932,27.5,72.078,0.2495,-22.973
1933,27.5,73.185,0.2491,-23.039
1934,27.5,74.308,0.2487,-23.105
1935,27.5,75.449,0.2483,-23.171
1936,27.5,76.607,0.248,-23.236
1937,27.5,77.783,0.2476,-23.302
1938,27.5,78.976,0.2472,-23.367
1939,27.5,80.189,0.2468,-23.432
1940,27.5,81.419,0.2465,-23.496
1941,27.5,82.669,0.2461,-23.558
1942,27.5,83.938,0.2458,-23.619
1943,27.5,85.226,0.2455,-23.679
1944,27.5,86.534,0.2452,-23.738
1945,27.5,87.863,0.2449,-23.796
1946,27.5,89.211,0.2447,-23.853
1947,27.5,90.581,0.2444,-23.91
1948,27.5,91.971,0.2442,-23.965
1949,27.5,93.382,0.244,-24.019
1950,27.5,94.816,0.2437,-24.071
1951,27.5,96.271,0.2435,-24.123
1952,27.5,97.749,0.2433,-24.175
1953,27.5,99.249,0.2431,-24.226
1954,27.5,100.772,0.2428,-24.277
1955,27.5,102.319,0.2426,-24.327
1956,27.5,103.89,0.2424,-24.377
1957,27.5,105.484,0.2422,-24.426
1958,27.5,107.103,0.242,-24.475
1959,27.5,108.747,0.2418,-24.522
1960,27.5,110.416,0.2416,-24.568
1961,27.5,112.111,0.2414,-24.613
1962,27.5,113.832,0.2412,-24.658
1963,27.5,115.579,0.241,-24.702
1964,27.5,117.353,0.2408,-24.745
1965,27.5,119.154,0.2406,-24.788
1966,27.5,120.983,0.2404,-24.83
1967,27.5,122.84,0.2402,-24.873
1968,27.5,124.726,0.2401,-24.914
1969,27.5,126.64,0.2399,-24.955
1970,27.5,128.584,0.2397,-24.997
1971,27.5,130.558,0.2395,-25.039
1972,27.5,132.561,0.2393,-25.08
1973,27.5,134.596,0.2391,-25.121
1974,27.5,136.662,0.239,-25.162
1975,27.5,138.76,0.2388,-25.203
1976,27.5,140.889,0.2386,-25.243
1977,27.5,143.052,0.2384,-25.283
1978,27.5,145.248,0.2383,-25.323
1979,27.5,147.477,0.2381,-25.36
1980,27.5,149.741,0.2379,-25.395
1981,27.5,152.039,0.2378,-25.431
1982,27.5,154.373,0.2376,-25.466
1983,27.5,156.742,0.2375,-25.501
1984,27.5,159.148,0.2373,-25.536
1985,27.5,161.591,0.2372,-25.569
1986,27.5,164.071,0.237,-25.603
1987,27.5,166.589,0.2369,-25.637
1988,27.5,169.146,0.2367,-25.67
1989,27.5,171.742,0.2366,-25.703
1990,27.5,174.378,0.2365,-25.736
1991,27.5,177.055,0.2363,-25.768
1992,27.5,179.772,0.2362,-25.8
1993,27.5,182.532,0.236,-25.832
1994,27.5,185.333,0.2359,-25.863
1995,27.5,188.178,0.2358,-25.893
1996,27.5,191.066,0.2356,-25.923
1997,27.5,193.999,0.2355,-25.953
1998,27.5,196.977,0.2354,-25.979
1999,27.5,200.0,0.2353,-26.003
2000,30.0,0.1,0.4095,-0.626
2001,30.0,0.102,0.4095,-0.637
2002,30.0,0.103,0.4095,-0.643
2003,30.0,0.105,0.4094,-0.655
2004,30.0,0.106,0.4094,-0.66
2005,30.0,0.108,0.4094,-0.672
2006,30.0,0.11,0.4094,-0.683
2007,30.0,0.111,0.4094,-0.689
2008,30.0,0.113,0.4094,-0.7
2009,30.0,0.115,0.4094,-0.71
2010,30.0,0.116,0.4094,-0.716
2011,30.0,0.118,0.4093,-0.726
2012,30.0,0.12,0.4093,-0.736
2013,30.0,0.122,0.4093,-0.747
2014,30.0,0.124,0.4093,-0.758
2015,30.0,0.126,0.4093,-0.769
2016,30.0,0.128,0.4092,-0.78
2017,30.0,0.13,0.4092,-0.791
2018,30.0,0.132,0.4092,-0.802
2019,30.0,0.134,0.4092,-0.813
2020,30.0,0.136,0.4092,-0.824
2021,30.0,0.138,0.4091,-0.835
2022,30.0,0.14,0.4091,-0.846
2023,30.0,0.142,0.4091,-0.856
2024,30.0,0.144,0.4091,-0.867
2025,30.0,0.146,0.409,-0.877
2026,30.0,0.149,0.409,-0.893
2027,30.0,0.151,0.409,-0.903
2028,30.0,0.153,0.409,-0.912
2029,30.0,0.156,0.4089,-0.927
2030,30.0,0.158,0.4089,-0.937
2031,30.0,0.16,0.4089,-0.947
2032,30.0,0.163,0.4089,-0.962
2033,30.0,0.165,0.4088,-0.973
2034,30.0,0.168,0.4088,-0.988
2035,30.0,0.17,0.4088,-0.999
2036,30.0,0.173,0.4087,-1.014
2037,30.0,0.176,0.4087,-1.03
2038,30.0,0.178,0.4087,-1.04
2039,30.0,0.181,0.4086,-1.056
2040,30.0,0.184,0.4086,-1.071
2041,30.0,0.187,0.4086,-1.086
2042,30.0,0.19,0.4085,-1.101
2043,30.0,0.193,0.4085,-1.115
2044,30.0,0.195,0.4085,-1.125
2045,30.0,0.198,0.4085,-1.139
2046,30.0,0.202,0.4084,-1.157
2047,30.0,0.205,0.4084,-1.171
2048,30.0,0.208,0.4083,-1.185
2049,30.0,0.211,0.4083,-1.199
2050,30.0,0.214,0.4082,-1.213
2051,30.0,0.217,0.4082,-1.227
2052,30.0,0.221,0.4082,-1.247
2053,30.0,0.224,0.4081,-1.261
2054,30.0,0.228,0.4081,-1.281
2055,30.0,0.231,0.408,-1.295
2056,30.0,0.235,0.408,-1.314
2057,30.0,0.238,0.4079,-1.329
2058,30.0,0.242,0.4079,-1.348
2059,30.0,0.246,0.4078,-1.366
2060,30.0,0.249,0.4078,-1.38
2061,30.0,0.253,0.4077,-1.398
2062,30.0,0.257,0.4077,-1.416
2063,30.0,0.261,0.4076,-1.433
2064,30.0,0.265,0.4076,-1.45
2065,30.0,0.269,0.4075,-1.467
2066,30.0,0.273,0.4075,-1.483
2067,30.0,0.277,0.4074,-1.501
2068,30.0,0.282,0.4073,-1.522
2069,30.0,0.286,0.4073,-1.54
2070,30.0,0.29,0.4072,-1.558
2071,30.0,0.295,0.4071,-1.58
2072,30.0,0.299,0.4071,-1.598
2073,30.0,0.304,0.407,-1.62
2074,30.0,0.309,0.4069,-1.642
2075,30.0,0.313,0.4068,-1.66
2076,30.0,0.318,0.4068,-1.681
2077,30.0,0.323,0.4067,-1.703
2078,30.0,0.328,0.4066,-1.724
2079,30.0,0.333,0.4066,-1.745
2080,30.0,0.338,0.4065,-1.766
2081,30.0,0.343,0.4064,-1.786
2082,30.0,0.349,0.4063,-1.809
2083,30.0,0.354,0.4063,-1.828
2084,30.0,0.359,0.4062,-1.847
2085,30.0,0.365,0.4061,-1.87
2086,30.0,0.371,0.406,-1.893
2087,30.0,0.376,0.4059,-1.913
2088,30.0,0.382,0.4058,-1.936
2089,30.0,0.388,0.4057,-1.96
2090,30.0,0.394,0.4056,-1.984
2091,30.0,0.4,0.4055,-2.008
2092,30.0,0.406,0.4054,-2.032
2093,30.0,0.412,0.4053,-2.056
2094,30.0,0.419,0.4052,-2.084
2095,30.0,0.425,0.4051,-2.108
2096,30.0,0.432,0.405,-2.135
2097,30.0,0.438,0.4049,-2.158
2098,30.0,0.445,0.4048,-2.185
2099,30.0,0.452,0.4047,-2.211
2100,30.0,0.459,0.4045,-2.236
2101,30.0,0.466,0.4044,-2.261
2102,30.0,0.473,0.4043,-2.285
2103,30.0,0.48,0.4042,-2.309
2104,30.0,0.488,0.4041,-2.335
2105,30.0,0.495,0.404,-2.359
2106,30.0,0.503,0.4039,-2.386
2107,30.0,0.51,0.4037,-2.41
2108,30.0,0.518,0.4036,-2.438
2109,30.0,0.526,0.4034,-2.467
2110,30.0,0.534,0.4033,-2.495
2111,30.0,0.542,0.4032,-2.523
2112,30.0,0.551,0.403,-2.555
2113,30.0,0.559,0.4029,-2.584
2114,30.0,0.568,0.4027,-2.615
2115,30.0,0.576,0.4026,-2.643
2116,30.0,0.585,0.4024,-2.675
2117,30.0,0.594,0.4022,-2.705
2118,30.0,0.603,0.4021,-2.736
2119,30.0,0.613,0.4019,-2.769
2120,30.0,0.622,0.4018,-2.798
2121,30.0,0.632,0.4016,-2.829
2122,30.0,0.641,0.4015,-2.857
2123,30.0,0.651,0.4013,-2.887
2124,30.0,0.661,0.4012,-2.915
2125,30.0,0.671,0.401,-2.944
2126,30.0,0.682,0.4008,-2.976
2127,30.0,0.692,0.4006,-3.005
2128,30.0,0.703,0.4004,-3.038
2129,30.0,0.713,0.4003,-3.068
2130,30.0,0.724,0.4001,-3.101
2131,30.0,0.736,0.3998,-3.138
2132,30.0,0.747,0.3996,-3.172
2133,30.0,0.758,0.3994,-3.206
2134,30.0,0.77,0.3992,-3.242
2135,30.0,0.782,0.399,-3.279
2136,30.0,0.794,0.3988,-3.315
2137,30.0,0.806,0.3986,-3.351
2138,30.0,0.818,0.3984,-3.387
2139,30.0,0.831,0.3981,-3.425
2140,30.0,0.844,0.3979,-3.462
2141,30.0,0.857,0.3977,-3.499
2142,30.0,0.87,0.3975,-3.534
2143,30.0,0.883,0.3973,-3.569
2144,30.0,0.897,0.397,-3.605
2145,30.0,0.91,0.3969,-3.638
2146,30.0,0.924,0.3967,-3.672
2147,30.0,0.939,0.3964,-3.707
2148,30.0,0.953,0.3962,-3.741
2149,30.0,0.968,0.3959,-3.778
2150,30.0,0.982,0.3957,-3.812
2151,30.0,0.997,0.3954,-3.85
2152,30.0,1.013,0.3951,-3.89
2153,30.0,1.028,0.3949,-3.929
2154,30.0,1.044,0.3946,-3.97
2155,30.0,1.06,0.3943,-4.011
2156,30.0,1.076,0.394,-4.052
2157,30.0,1.093,0.3937,-4.096
2158,30.0,1.11,0.3934,-4.139
2159,30.0,1.127,0.3931,-4.182
2160,30.0,1.144,0.3928,-4.225
2161,30.0,1.162,0.3925,-4.27
2162,30.0,1.179,0.3922,-4.311
2163,30.0,1.198,0.3919,-4.357
2164,30.0,1.216,0.3916,-4.399
2165,30.0,1.235,0.3913,-4.443
2166,30.0,1.254,0.391,-4.485
2167,30.0,1.273,0.3907,-4.526
2168,30.0,1.292,0.3904,-4.565
2169,30.0,1.312,0.3901,-4.605
2170,30.0,1.332,0.3899,-4.644
2171,30.0,1.353,0.3895,-4.684
2172,30.0,1.374,0.3892,-4.724
2173,30.0,1.395,0.3889,-4.766
2174,30.0,1.416,0.3886,-4.808
2175,30.0,1.438,0.3882,-4.853
2176,30.0,1.46,0.3878,-4.898
2177,30.0,1.482,0.3875,-4.943
2178,30.0,1.505,0.3871,-4.991
2179,30.0,1.528,0.3867,-5.039
2180,30.0,1.552,0.3863,-5.089
2181,30.0,1.575,0.3859,-5.137
2182,30.0,1.599,0.3855,-5.187
2183,30.0,1.624,0.3851,-5.239
2184,30.0,1.649,0.3847,-5.29
2185,30.0,1.674,0.3843,-5.341
2186,30.0,1.7,0.3839,-5.393
2187,30.0,1.726,0.3835,-5.444
2188,30.0,1.753,0.3831,-5.496
2189,30.0,1.779,0.3827,-5.545
2190,30.0,1.807,0.3823,-5.596
2191,30.0,1.835,0.3819,-5.646
2192,30.0,1.863,0.3815,-5.694
2193,30.0,1.891,0.3812,-5.741
2194,30.0,1.92,0.3808,-5.787
2195,30.0,1.95,0.3804,-5.832
2196,30.0,1.98,0.3801,-5.876
2197,30.0,2.01,0.3797,-5.92
2198,30.0,2.041,0.3793,-5.967
2199,30.0,2.072,0.3789,-6.014
2200,30.0,2.104,0.3784,-6.064
2201,30.0,2.136,0.378,-6.114
2202,30.0,2.169,0.3775,-6.166
2203,30.0,2.202,0.3771,-6.219
2204,30.0,2.236,0.3766,-6.274
2205,30.0,2.271,0.3761,-6.331
2206,30.0,2.305,0.3756,-6.386
2207,30.0,2.341,0.3751,-6.445
2208,30.0,2.377,0.3746,-6.503
2209,30.0,2.413,0.3741,-6.562
2210,30.0,2.45,0.3736,-6.621
2211,30.0,2.488,0.373,-6.682
2212,30.0,2.526,0.3725,-6.742
2213,30.0,2.565,0.372,-6.803
2214,30.0,2.604,0.3715,-6.862
2215,30.0,2.644,0.371,-6.922
2216,30.0,2.685,0.3704,-6.982
2217,30.0,2.726,0.3699,-7.04
2218,30.0,2.768,0.3694,-7.098
2219,30.0,2.81,0.3689,-7.154
2220,30.0,2.853,0.3685,-7.209
2221,30.0,2.897,0.368,-7.263
2222,30.0,2.942,0.3675,-7.315
2223,30.0,2.987,0.3671,-7.365
2224,30.0,3.033,0.3667,-7.414
2225,30.0,3.079,0.3662,-7.464
2226,30.0,3.126,0.3657,-7.515
2227,30.0,3.174,0.3653,-7.569
2228,30.0,3.223,0.3647,-7.625
2229,30.0,3.273,0.3642,-7.682
2230,30.0,3.323,0.3637,-7.741
2231,30.0,3.374,0.3631,-7.801
2232,30.0,3.426,0.3626,-7.863
2233,30.0,3.478,0.362,-7.925
2234,30.0,3.532,0.3614,-7.991
2235,30.0,3.586,0.3608,-8.056
2236,30.0,3.641,0.3602,-8.123
2237,30.0,3.697,0.3596,-8.191
2238,30.0,3.754,0.359,-8.259
2239,30.0,3.811,0.3583,-8.328
2240,30.0,3.87,0.3577,-8.398
2241,30.0,3.929,0.3571,-8.468
2242,30.0,3.989,0.3564,-8.538
2243,30.0,4.051,0.3558,-8.609
2244,30.0,4.113,0.3551,-8.679
2245,30.0,4.176,0.3545,-8.748
2246,30.0,4.24,0.3539,-8.817
2247,30.0,4.305,0.3533,-8.885
2248,30.0,4.371,0.3527,-8.951
2249,30.0,4.438,0.3521,-9.017
2250,30.0,4.506,0.3515,-9.08
2251,30.0,4.575,0.3509,-9.142
2252,30.0,4.646,0.3504,-9.202
2253,30.0,4.717,0.3499,-9.259
2254,30.0,4.789,0.3494,-9.314
2255,30.0,4.863,0.3489,-9.368
2256,30.0,4.938,0.3484,-9.424
2257,30.0,5.013,0.3478,-9.482
2258,30.0,5.09,0.3473,-9.542
2259,30.0,5.168,0.3468,-9.603
2260,30.0,5.248,0.3462,-9.668
2261,30.0,5.328,0.3456,-9.733
2262,30.0,5.41,0.345,-9.801
2263,30.0,5.493,0.3444,-9.87
2264,30.0,5.577,0.3437,-9.941
2265,30.0,5.663,0.3431,-10.014
2266,30.0,5.75,0.3424,-10.088
2267,30.0,5.838,0.3417,-10.163
2268,30.0,5.928,0.341,-10.24
2269,30.0,6.019,0.3403,-10.318
2270,30.0,6.111,0.3396,-10.397
2271,30.0,6.205,0.3389,-10.477
2272,30.0,6.3,0.3382,-10.557
2273,30.0,6.397,0.3374,-10.639
2274,30.0,6.495,0.3367,-10.72
2275,30.0,6.595,0.336,-10.802
2276,30.0,6.696,0.3352,-10.883
2277,30.0,6.799,0.3345,-10.964
2278,30.0,6.903,0.3338,-11.044
2279,30.0,7.009,0.3331,-11.124
2280,30.0,7.117,0.3324,-11.203
2281,30.0,7.226,0.3317,-11.28
2282,30.0,7.337,0.331,-11.355
2283,30.0,7.45,0.3303,-11.428
2284,30.0,7.564,0.3297,-11.499
2285,30.0,7.68,0.3291,-11.568
2286,30.0,7.798,0.3285,-11.634
2287,30.0,7.918,0.3279,-11.697
2288,30.0,8.039,0.3274,-11.758
2289,30.0,8.162,0.3269,-11.817
2290,30.0,8.288,0.3264,-11.879
2291,30.0,8.415,0.3258,-11.942
2292,30.0,8.544,0.3253,-12.008
2293,30.0,8.675,0.3247,-12.076
2294,30.0,8.808,0.3241,-12.146
2295,30.0,8.944,0.3235,-12.219
2296,30.0,9.081,0.3229,-12.293
2297,30.0,9.22,0.3223,-12.369
2298,30.0,9.362,0.3216,-12.448
2299,30.0,9.505,0.321,-12.527
2300,30.0,9.651,0.3203,-12.609
2301,30.0,9.799,0.3196,-12.693
2302,30.0,9.95,0.3189,-12.778
2303,30.0,10.103,0.3182,-12.865
2304,30.0,10.258,0.3174,-12.953
2305,30.0,10.415,0.3167,-13.042
2306,30.0,10.575,0.316,-13.132
2307,30.0,10.737,0.3152,-13.224
2308,30.0,10.902,0.3144,-13.316
2309,30.0,11.069,0.3137,-13.409
2310,30.0,11.239,0.3129,-13.502
2311,30.0,11.412,0.3121,-13.595
2312,30.0,11.587,0.3113,-13.689
2313,30.0,11.765,0.3106,-13.782
2314,30.0,11.945,0.3098,-13.874
2315,30.0,12.129,0.309,-13.966
2316,30.0,12.315,0.3083,-14.056
2317,30.0,12.504,0.3075,-14.145
2318,30.0,12.696,0.3068,-14.233
2319,30.0,12.891,0.3061,-14.318
2320,30.0,13.089,0.3054,-14.401
2321,30.0,13.289,0.3048,-14.481
2322,30.0,13.493,0.3041,-14.558
2323,30.0,13.701,0.3035,-14.634
2324,30.0,13.911,0.3029,-14.705
2325,30.0,14.124,0.3023,-14.774
2326,30.0,14.341,0.3018,-14.84
2327,30.0,14.561,0.3013,-14.906
2328,30.0,14.785,0.3008,-14.973
2329,30.0,15.012,0.3003,-15.043
2330,30.0,15.242,0.2998,-15.115
2331,30.0,15.476,0.2993,-15.189
2332,30.0,15.714,0.2987,-15.265
2333,30.0,15.955,0.2982,-15.343
2334,30.0,16.2,0.2976,-15.423
2335,30.0,16.448,0.297,-15.505
2336,30.0,16.701,0.2964,-15.59
2337,30.0,16.957,0.2958,-15.676
2338,30.0,17.217,0.2952,-15.764
2339,30.0,17.482,0.2945,-15.854
2340,30.0,17.75,0.2939,-15.945
2341,30.0,18.022,0.2932,-16.038
2342,30.0,18.299,0.2925,-16.134
2343,30.0,18.58,0.2918,-16.23
2344,30.0,18.865,0.2911,-16.328
2345,30.0,19.155,0.2904,-16.427
2346,30.0,19.449,0.2897,-16.528
2347,30.0,19.747,0.289,-16.629
2348,30.0,20.05,0.2882,-16.732
2349,30.0,20.358,0.2875,-16.835
2350,30.0,20.671,0.2868,-16.939
2351,30.0,20.988,0.286,-17.042
2352,30.0,21.31,0.2853,-17.146
2353,30.0,21.637,0.2845,-17.25
2354,30.0,21.969,0.2838,-17.352
2355,30.0,22.306,0.2831,-17.454
2356,30.0,22.649,0.2823,-17.555
2357,30.0,22.996,0.2816,-17.655
2358,30.0,23.349,0.2809,-17.752
2359,30.0,23.708,0.2803,-17.847
2360,30.0,24.072,0.2796,-17.94
2361,30.0,24.441,0.2789,-18.032
2362,30.0,24.816,0.2783,-18.12
2363,30.0,25.197,0.2777,-18.205
2364,30.0,25.584,0.2771,-18.288
2365,30.0,25.977,0.2765,-18.37
2366,30.0,26.375,0.276,-18.449
2367,30.0,26.78,0.2754,-18.525
2368,30.0,27.191,0.2749,-18.599
2369,30.0,27.608,0.2744,-18.671
2370,30.0,28.032,0.2739,-18.741
2371,30.0,28.462,0.2735,-18.813
2372,30.0,28.899,0.273,-18.887
2373,30.0,29.343,0.2726,-18.962
2374,30.0,29.793,0.2721,-19.04
2375,30.0,30.251,0.2717,-19.119
2376,30.0,30.715,0.2712,-19.2
2377,30.0,31.186,0.2707,-19.282
2378,30.0,31.665,0.2703,-19.367
2379,30.0,32.151,0.2698,-19.453
2380,30.0,32.645,0.2693,-19.54
2381,30.0,33.146,0.2687,-19.63
2382,30.0,33.654,0.2682,-19.721
2383,30.0,34.171,0.2677,-19.814
2384,30.0,34.695,0.2671,-19.908
2385,30.0,35.228,0.2666,-20.005
2386,30.0,35.769,0.266,-20.103
2387,30.0,36.318,0.2655,-20.201
2388,30.0,36.875,0.2649,-20.3
2389,30.0,37.441,0.2643,-20.4
2390,30.0,38.016,0.2637,-20.5
2391,30.0,38.599,0.2631,-20.601
2392,30.0,39.192,0.2626,-20.703
2393,30.0,39.793,0.262,-20.806
2394,30.0,40.404,0.2614,-20.911
2395,30.0,41.024,0.2608,-21.013
2396,30.0,41.654,0.2602,-21.115
2397,30.0,42.293,0.2596,-21.216
2398,30.0,42.942,0.259,-21.316
2399,30.0,43.601,0.2585,-21.415
2400,30.0,44.271,0.2579,-21.514
2401,30.0,44.95,0.2573,-21.613
2402,30.0,45.64,0.2567,-21.712
2403,30.0,46.341,0.2562,-21.809
2404,30.0,47.052,0.2557,-21.9
2405,30.0,47.774,0.2551,-21.989
2406,30.0,48.507,0.2546,-22.077
2407,30.0,49.252,0.2542,-22.162
2408,30.0,50.008,0.2537,-22.246
2409,30.0,50.775,0.2532,-22.328
2410,30.0,51.555,0.2527,-22.41
2411,30.0,52.346,0.2522,-22.493
2412,30.0,53.15,0.2518,-22.575
2413,30.0,53.965,0.2513,-22.658
2414,30.0,54.794,0.2508,-22.737
2415,30.0,55.635,0.2504,-22.814
2416,30.0,56.489,0.25,-22.889
2417,30.0,57.356,0.2495,-22.962
2418,30.0,58.236,0.2491,-23.035
2419,30.0,59.13,0.2487,-23.107
2420,30.0,60.037,0.2483,-23.179
2421,30.0,60.959,0.2479,-23.252
2422,30.0,61.895,0.2475,-23.325
2423,30.0,62.845,0.247,-23.398
2424,30.0,63.809,0.2466,-23.472
2425,30.0,64.789,0.2462,-23.544
2426,30.0,65.783,0.2458,-23.617
2427,30.0,66.793,0.2454,-23.689
2428,30.0,67.818,0.2451,-23.763
2429,30.0,68.859,0.2448,-23.837
2430,30.0,69.916,0.2444,-23.913
2431,30.0,70.989,0.2441,-23.989
2432,30.0,72.078,0.2438,-24.067
2433,30.0,73.185,0.2434,-24.146
2434,30.0,74.308,0.2431,-24.225
2435,30.0,75.449,0.2427,-24.305
2436,30.0,76.607,0.2424,-24.386
2437,30.0,77.783,0.242,-24.466
2438,30.0,78.976,0.2417,-24.547
2439,30.0,80.189,0.2413,-24.629
2440,30.0,81.419,0.241,-24.709
2441,30.0,82.669,0.2406,-24.789
2442,30.0,83.938,0.2403,-24.869
2443,30.0,85.226,0.2399,-24.947
2444,30.0,86.534,0.2396,-25.024
2445,30.0,87.863,0.2392,-25.1
2446,30.0,89.211,0.2389,-25.174
2447,30.0,90.581,0.2386,-25.247
2448,30.0,91.971,0.2383,-25.318
2449,30.0,93.382,0.238,-25.387
2450,30.0,94.816,0.2377,-25.456
2451,30.0,96.271,0.2374,-25.523
2452,30.0,97.749,0.2371,-25.589
2453,30.0,99.249,0.2368,-25.656
2454,30.0,100.772,0.2365,-25.721
2455,30.0,102.319,0.2362,-25.785
2456,30.0,103.89,0.236,-25.848
2457,30.0,105.484,0.2357,-25.91
2458,30.0,107.103,0.2354,-25.972
2459,30.0,108.747,0.2352,-26.033
2460,30.0,110.416,0.2349,-26.092
2461,30.0,112.111,0.2346,-26.151
2462,30.0,113.832,0.2344,-26.209
2463,30.0,115.579,0.2341,-26.266
2464,30.0,117.353,0.2339,-26.323
2465,30.0,119.154,0.2336,-26.378
2466,30.0,120.983,0.2334,-26.433
2467,30.0,122.84,0.2332,-26.488
2468,30.0,124.726,0.2329,-26.543
2469,30.0,126.64,0.2327,-26.597
2470,30.0,128.584,0.2324,-26.651
2471,30.0,130.558,0.2322,-26.705
2472,30.0,132.561,0.232,-26.759
2473,30.0,134.596,0.2317,-26.813
2474,30.0,136.662,0.2315,-26.867
2475,30.0,138.76,0.2313,-26.92
2476,30.0,140.889,0.231,-26.973
2477,30.0,143.052,0.2308,-27.025
2478,30.0,145.248,0.2306,-27.077
2479,30.0,147.477,0.2304,-27.125
2480,30.0,149.741,0.2302,-27.173
2481,30.0,152.039,0.23,-27.22
2482,30.0,154.373,0.2298,-27.266
2483,30.0,156.742,0.2296,-27.312
2484,30.0,159.148,0.2294,-27.357
2485,30.0,161.591,0.2292,-27.402
2486,30.0,164.071,0.229,-27.446
2487,30.0,166.589,0.2288,-27.491
2488,30.0,169.146,0.2286,-27.535
2489,30.0,171.742,0.2284,-27.578
2490,30.0,174.378,0.2282,-27.622
2491,30.0,177.055,0.228,-27.665
2492,30.0,179.772,0.2278,-27.707
2493,30.0,182.532,0.2276,-27.75
2494,30.0,185.333,0.2275,-27.791
2495,30.0,188.178,0.2273,-27.832
2496,30.0,191.066,0.2271,-27.872
2497,30.0,193.999,0.2269,-27.912
2498,30.0,196.977,0.2268,-27.947
2499,30.0,200.0,0.2266,-27.979
2500,32.5,0.1,0.4095,-0.652
2501,32.5,0.102,0.4094,-0.664
2502,32.5,0.103,0.4094,-0.67
2503,32.5,0.105,0.4094,-0.682
2504,32.5,0.106,0.4094,-0.687
2505,32.5,0.108,0.4094,-0.699
2506,32.5,0.11,0.4094,-0.71
2507,32.5,0.111,0.4094,-0.716
2508,32.5,0.113,0.4093,-0.726
2509,32.5,0.115,0.4093,-0.737
2510,32.5,0.116,0.4093,-0.743
2511,32.5,0.118,0.4093,-0.754
2512,32.5,0.12,0.4093,-0.765
2513,32.5,0.122,0.4092,-0.777
2514,32.5,0.124,0.4092,-0.788
2515,32.5,0.126,0.4092,-0.8
2516,32.5,0.128,0.4092,-0.811
2517,32.5,0.13,0.4092,-0.823
2518,32.5,0.132,0.4091,-0.834
2519,32.5,0.134,0.4091,-0.846
2520,32.5,0.136,0.4091,-0.857
2521,32.5,0.138,0.4091,-0.868
2522,32.5,0.14,0.409,-0.879
2523,32.5,0.142,0.409,-0.889
2524,32.5,0.144,0.409,-0.9
2525,32.5,0.146,0.409,-0.91
2526,32.5,0.149,0.409,-0.925
2527,32.5,0.151,0.4089,-0.936
2528,32.5,0.153,0.4089,-0.946
2529,32.5,0.156,0.4089,-0.962
2530,32.5,0.158,0.4088,-0.973
2531,32.5,0.16,0.4088,-0.984
2532,32.5,0.163,0.4088,-1.0
2533,32.5,0.165,0.4088,-1.011
2534,32.5,0.168,0.4087,-1.027
2535,32.5,0.17,0.4087,-1.038
2536,32.5,0.173,0.4087,-1.054
2537,32.5,0.176,0.4086,-1.07
2538,32.5,0.178,0.4086,-1.08
2539,32.5,0.181,0.4086,-1.096
2540,32.5,0.184,0.4085,-1.111
2541,32.5,0.187,0.4085,-1.126
2542,32.5,0.19,0.4085,-1.141
2543,32.5,0.193,0.4084,-1.155
2544,32.5,0.195,0.4084,-1.164
2545,32.5,0.198,0.4083,-1.179
2546,32.5,0.202,0.4083,-1.199
2547,32.5,0.205,0.4082,-1.213
2548,32.5,0.208,0.4082,-1.228
2549,32.5,0.211,0.4082,-1.243
2550,32.5,0.214,0.4081,-1.259
2551,32.5,0.217,0.4081,-1.274
2552,32.5,0.221,0.408,-1.294
2553,32.5,0.224,0.408,-1.309
2554,32.5,0.228,0.4079,-1.329
2555,32.5,0.231,0.4079,-1.344
2556,32.5,0.235,0.4078,-1.363
2557,32.5,0.238,0.4078,-1.378
2558,32.5,0.242,0.4077,-1.396
2559,32.5,0.246,0.4077,-1.415
2560,32.5,0.249,0.4076,-1.429
2561,32.5,0.253,0.4076,-1.446
2562,32.5,0.257,0.4075,-1.464
2563,32.5,0.261,0.4075,-1.481
2564,32.5,0.265,0.4074,-1.499
2565,32.5,0.269,0.4073,-1.517
2566,32.5,0.273,0.4073,-1.535
2567,32.5,0.277,0.4072,-1.554
2568,32.5,0.282,0.4071,-1.577
2569,32.5,0.286,0.4071,-1.595
2570,32.5,0.29,0.407,-1.614
2571,32.5,0.295,0.4069,-1.637
2572,32.5,0.299,0.4069,-1.655
2573,32.5,0.304,0.4068,-1.678
2574,32.5,0.309,0.4067,-1.7
2575,32.5,0.313,0.4066,-1.718
2576,32.5,0.318,0.4066,-1.74
2577,32.5,0.323,0.4065,-1.762
2578,32.5,0.328,0.4064,-1.783
2579,32.5,0.333,0.4063,-1.803
2580,32.5,0.338,0.4063,-1.823
2581,32.5,0.343,0.4062,-1.843
2582,32.5,0.349,0.4061,-1.866
2583,32.5,0.354,0.406,-1.886
2584,32.5,0.359,0.4059,-1.907
2585,32.5,0.365,0.4058,-1.931
2586,32.5,0.371,0.4057,-1.956
2587,32.5,0.376,0.4056,-1.977
2588,32.5,0.382,0.4055,-2.002
2589,32.5,0.388,0.4054,-2.027
2590,32.5,0.394,0.4053,-2.052
2591,32.5,0.4,0.4052,-2.077
2592,32.5,0.406,0.4051,-2.102
2593,32.5,0.412,0.405,-2.126
2594,32.5,0.419,0.4049,-2.154
2595,32.5,0.425,0.4048,-2.178
2596,32.5,0.432,0.4047,-2.205
2597,32.5,0.438,0.4046,-2.228
2598,32.5,0.445,0.4045,-2.254
2599,32.5,0.452,0.4044,-2.28
2600,32.5,0.459,0.4043,-2.304
2601,32.5,0.466,0.4041,-2.328
2602,32.5,0.473,0.404,-2.353
2603,32.5,0.48,0.4039,-2.378
2604,32.5,0.488,0.4038,-2.406
2605,32.5,0.495,0.4036,-2.432
2606,32.5,0.503,0.4035,-2.461
2607,32.5,0.51,0.4033,-2.487
2608,32.5,0.518,0.4032,-2.516
2609,32.5,0.526,0.4031,-2.546
2610,32.5,0.534,0.4029,-2.575
2611,32.5,0.542,0.4028,-2.605
2612,32.5,0.551,0.4026,-2.637
2613,32.5,0.559,0.4024,-2.666
2614,32.5,0.568,0.4023,-2.698
2615,32.5,0.576,0.4021,-2.726
2616,32.5,0.585,0.402,-2.758
2617,32.5,0.594,0.4018,-2.788
2618,32.5,0.603,0.4017,-2.818
2619,32.5,0.613,0.4015,-2.85
2620,32.5,0.622,0.4014,-2.878
2621,32.5,0.632,0.4012,-2.908
2622,32.5,0.641,0.4011,-2.935
2623,32.5,0.651,0.4009,-2.965
2624,32.5,0.661,0.4007,-2.996
2625,32.5,0.671,0.4005,-3.026
2626,32.5,0.682,0.4003,-3.061
2627,32.5,0.692,0.4001,-3.092
2628,32.5,0.703,0.3999,-3.127
2629,32.5,0.713,0.3997,-3.159
2630,32.5,0.724,0.3995,-3.194
2631,32.5,0.736,0.3993,-3.232
2632,32.5,0.747,0.3991,-3.267
2633,32.5,0.758,0.3989,-3.302
2634,32.5,0.77,0.3986,-3.339
2635,32.5,0.782,0.3984,-3.376
2636,32.5,0.794,0.3982,-3.413
2637,32.5,0.806,0.398,-3.449
2638,32.5,0.818,0.3978,-3.484
2639,32.5,0.831,0.3975,-3.522
2640,32.5,0.844,0.3973,-3.558
2641,32.5,0.857,0.3971,-3.594
2642,32.5,0.87,0.3969,-3.628
2643,32.5,0.883,0.3967,-3.661
2644,32.5,0.897,0.3965,-3.696
2645,32.5,0.91,0.3963,-3.728
2646,32.5,0.924,0.396,-3.763
2647,32.5,0.939,0.3957,-3.802
2648,32.5,0.953,0.3955,-3.838
2649,32.5,0.968,0.3952,-3.878
2650,32.5,0.982,0.395,-3.915
2651,32.5,0.997,0.3947,-3.955
2652,32.5,1.013,0.3944,-3.997
2653,32.5,1.028,0.3941,-4.037
2654,32.5,1.044,0.3938,-4.08
2655,32.5,1.06,0.3935,-4.123
2656,32.5,1.076,0.3932,-4.165
2657,32.5,1.093,0.3929,-4.209
2658,32.5,1.11,0.3926,-4.253
2659,32.5,1.127,0.3923,-4.297
2660,32.5,1.144,0.392,-4.339
2661,32.5,1.162,0.3917,-4.384
2662,32.5,1.179,0.3914,-4.424
2663,32.5,1.198,0.3911,-4.469
2664,32.5,1.216,0.3908,-4.51
2665,32.5,1.235,0.3905,-4.552
2666,32.5,1.254,0.3902,-4.592
2667,32.5,1.273,0.39,-4.63
2668,32.5,1.292,0.3897,-4.668
2669,32.5,1.312,0.3894,-4.708
2670,32.5,1.332,0.389,-4.749
2671,32.5,1.353,0.3887,-4.792
2672,32.5,1.374,0.3883,-4.836
2673,32.5,1.395,0.388,-4.881
2674,32.5,1.416,0.3876,-4.926
2675,32.5,1.438,0.3872,-4.973
2676,32.5,1.46,0.3869,-5.021
2677,32.5,1.482,0.3865,-5.068
2678,32.5,1.505,0.3861,-5.118
2679,32.5,1.528,0.3857,-5.168
2680,32.5,1.552,0.3853,-5.219
2681,32.5,1.575,0.3849,-5.269
2682,32.5,1.599,0.3845,-5.319
2683,32.5,1.624,0.3841,-5.372
2684,32.5,1.649,0.3837,-5.423
2685,32.5,1.674,0.3833,-5.473
2686,32.5,1.7,0.3829,-5.525
2687,32.5,1.726,0.3825,-5.575
2688,32.5,1.753,0.3821,-5.626
2689,32.5,1.779,0.3817,-5.673
2690,32.5,1.807,0.3813,-5.722
2691,32.5,1.835,0.3809,-5.769
2692,32.5,1.863,0.3806,-5.814
2693,32.5,1.891,0.3802,-5.858
2694,32.5,1.92,0.3798,-5.902
2695,32.5,1.95,0.3794,-5.948
2696,32.5,1.98,0.379,-5.995
2697,32.5,2.01,0.3786,-6.044
2698,32.5,2.041,0.3782,-6.094
2699,32.5,2.072,0.3777,-6.145
2700,32.5,2.104,0.3773,-6.198
2701,32.5,2.136,0.3768,-6.251
2702,32.5,2.169,0.3763,-6.307
2703,32.5,2.202,0.3758,-6.362
2704,32.5,2.236,0.3753,-6.42
2705,32.5,2.271,0.3748,-6.479
2706,32.5,2.305,0.3743,-6.536
2707,32.5,2.341,0.3738,-6.597
2708,32.5,2.377,0.3733,-6.656
2709,32.5,2.413,0.3728,-6.716
2710,32.5,2.45,0.3722,-6.776
2711,32.5,2.488,0.3717,-6.836
2712,32.5,2.526,0.3712,-6.896
2713,32.5,2.565,0.3707,-6.956
2714,32.5,2.604,0.3702,-7.014
2715,32.5,2.644,0.3696,-7.072
2716,32.5,2.685,0.3691,-7.13
2717,32.5,2.726,0.3687,-7.186
2718,32.5,2.768,0.3682,-7.241
2719,32.5,2.81,0.3677,-7.293
2720,32.5,2.853,0.3673,-7.344
2721,32.5,2.897,0.3668,-7.394
2722,32.5,2.942,0.3664,-7.444
2723,32.5,2.987,0.3659,-7.495
2724,32.5,3.033,0.3654,-7.548
2725,32.5,3.079,0.365,-7.602
2726,32.5,3.126,0.3644,-7.658
2727,32.5,3.174,0.3639,-7.716
2728,32.5,3.223,0.3634,-7.776
2729,32.5,3.273,0.3628,-7.838
2730,32.5,3.323,0.3622,-7.9
2731,32.5,3.374,0.3617,-7.964
2732,32.5,3.426,0.3611,-8.029
2733,32.5,3.478,0.3605,-8.094
2734,32.5,3.532,0.3598,-8.162
2735,32.5,3.586,0.3592,-8.23
2736,32.5,3.641,0.3586,-8.299
2737,32.5,3.697,0.358,-8.369
2738,32.5,3.754,0.3573,-8.439
2739,32.5,3.811,0.3567,-8.508
2740,32.5,3.87,0.356,-8.579
2741,32.5,3.929,0.3554,-8.649
2742,32.5,3.989,0.3548,-8.718
2743,32.5,4.051,0.3541,-8.788
2744,32.5,4.113,0.3535,-8.857
2745,32.5,4.176,0.3529,-8.924
2746,32.5,4.24,0.3523,-8.99
2747,32.5,4.305,0.3517,-9.055
2748,32.5,4.371,0.3511,-9.117
2749,32.5,4.438,0.3506,-9.178
2750,32.5,4.506,0.3501,-9.237
2751,32.5,4.575,0.3495,-9.293
2752,32.5,4.646,0.349,-9.348
2753,32.5,4.717,0.3486,-9.403
2754,32.5,4.789,0.348,-9.46
2755,32.5,4.863,0.3475,-9.52
2756,32.5,4.938,0.3469,-9.582
2757,32.5,5.013,0.3464,-9.645
2758,32.5,5.09,0.3458,-9.71
2759,32.5,5.168,0.3452,-9.777
2760,32.5,5.248,0.3446,-9.846
2761,32.5,5.328,0.3439,-9.916
2762,32.5,5.41,0.3433,-9.989
2763,32.5,5.493,0.3426,-10.062
2764,32.5,5.577,0.342,-10.137
2765,32.5,5.663,0.3413,-10.214
2766,32.5,5.75,0.3406,-10.291
2767,32.5,5.838,0.3399,-10.37
2768,32.5,5.928,0.3391,-10.45
2769,32.5,6.019,0.3384,-10.53
2770,32.5,6.111,0.3377,-10.611
2771,32.5,6.205,0.337,-10.692
2772,32.5,6.3,0.3362,-10.774
2773,32.5,6.397,0.3355,-10.856
2774,32.5,6.495,0.3348,-10.937
2775,32.5,6.595,0.334,-11.018
2776,32.5,6.696,0.3333,-11.098
2777,32.5,6.799,0.3326,-11.178
2778,32.5,6.903,0.3319,-11.256
2779,32.5,7.009,0.3312,-11.332
2780,32.5,7.117,0.3305,-11.407
2781,32.5,7.226,0.3299,-11.48
2782,32.5,7.337,0.3292,-11.55
2783,32.5,7.45,0.3286,-11.618
2784,32.5,7.564,0.3281,-11.683
2785,32.5,7.68,0.3275,-11.745
2786,32.5,7.798,0.327,-11.805
2787,32.5,7.918,0.3265,-11.867
2788,32.5,8.039,0.3259,-11.93
2789,32.5,8.162,0.3254,-11.996
2790,32.5,8.288,0.3248,-12.065
2791,32.5,8.415,0.3242,-12.135
2792,32.5,8.544,0.3236,-12.207
2793,32.5,8.675,0.323,-12.282
2794,32.5,8.808,0.3224,-12.358
2795,32.5,8.944,0.3217,-12.437
2796,32.5,9.081,0.3211,-12.517
2797,32.5,9.22,0.3204,-12.599
2798,32.5,9.362,0.3197,-12.683
2799,32.5,9.505,0.319,-12.768
2800,32.5,9.651,0.3183,-12.855
2801,32.5,9.799,0.3175,-12.943
2802,32.5,9.95,0.3168,-13.033
2803,32.5,10.103,0.316,-13.124
2804,32.5,10.258,0.3153,-13.216
2805,32.5,10.415,0.3145,-13.309
2806,32.5,10.575,0.3137,-13.402
2807,32.5,10.737,0.3129,-13.495
2808,32.5,10.902,0.3122,-13.59
2809,32.5,11.069,0.3114,-13.684
2810,32.5,11.239,0.3106,-13.778
2811,32.5,11.412,0.3098,-13.872
2812,32.5,11.587,0.309,-13.965
2813,32.5,11.765,0.3083,-14.057
2814,32.5,11.945,0.3075,-14.148
2815,32.5,12.129,0.3068,-14.237
2816,32.5,12.315,0.3061,-14.324
2817,32.5,12.504,0.3054,-14.409
2818,32.5,12.696,0.3047,-14.492
2819,32.5,12.891,0.304,-14.572
2820,32.5,13.089,0.3034,-14.648
2821,32.5,13.289,0.3028,-14.721
2822,32.5,13.493,0.3022,-14.792
2823,32.5,13.701,0.3016,-14.859
2824,32.5,13.911,0.3011,-14.926
2825,32.5,14.124,0.3007,-14.996
2826,32.5,14.341,0.3001,-15.068
2827,32.5,14.561,0.2996,-15.142
2828,32.5,14.785,0.2991,-15.218
2829,32.5,15.012,0.2985,-15.296
2830,32.5,15.242,0.2979,-15.376
2831,32.5,15.476,0.2973,-15.459
2832,32.5,15.714,0.2967,-15.544
2833,32.5,15.955,0.2961,-15.63
2834,32.5,16.2,0.2955,-15.718
2835,32.5,16.448,0.2948,-15.809
2836,32.5,16.701,0.2942,-15.901
2837,32.5,16.957,0.2935,-15.995
2838,32.5,17.217,0.2928,-16.091
2839,32.5,17.482,0.2921,-16.188
2840,32.5,17.75,0.2914,-16.287
2841,32.5,18.022,0.2907,-16.388
2842,32.5,18.299,0.29,-16.49
2843,32.5,18.58,0.2892,-16.593
2844,32.5,18.865,0.2885,-16.697
2845,32.5,19.155,0.2877,-16.802
2846,32.5,19.449,0.287,-16.908
2847,32.5,19.747,0.2862,-17.015
2848,32.5,20.05,0.2854,-17.122
2849,32.5,20.358,0.2847,-17.229
2850,32.5,20.671,0.2839,-17.335
2851,32.5,20.988,0.2832,-17.441
2852,32.5,21.31,0.2824,-17.548
2853,32.5,21.637,0.2816,-17.653
2854,32.5,21.969,0.2809,-17.755
2855,32.5,22.306,0.2802,-17.857
2856,32.5,22.649,0.2795,-17.957
2857,32.5,22.996,0.2788,-18.054
2858,32.5,23.349,0.2781,-18.149
2859,32.5,23.708,0.2774,-18.241
2860,32.5,24.072,0.2768,-18.329
2861,32.5,24.441,0.2762,-18.415
2862,32.5,24.816,0.2756,-18.497
2863,32.5,25.197,0.275,-18.578
2864,32.5,25.584,0.2745,-18.655
2865,32.5,25.977,0.2739,-18.73
2866,32.5,26.375,0.2735,-18.804
2867,32.5,26.78,0.2731,-18.88
2868,32.5,27.191,0.2726,-18.958
2869,32.5,27.608,0.2722,-19.037
2870,32.5,28.032,0.2717,-19.119
2871,32.5,28.462,0.2712,-19.202
2872,32.5,28.899,0.2707,-19.288
2873,32.5,29.343,0.2702,-19.377
2874,32.5,29.793,0.2697,-19.467
2875,32.5,30.251,0.2692,-19.559
2876,32.5,30.715,0.2686,-19.652
2877,32.5,31.186,0.2681,-19.747
2878,32.5,31.665,0.2675,-19.844
2879,32.5,32.151,0.2669,-19.943
2880,32.5,32.645,0.2664,-20.043
2881,32.5,33.146,0.2658,-20.144
2882,32.5,33.654,0.2652,-20.248
2883,32.5,34.171,0.2646,-20.353
2884,32.5,34.695,0.264,-20.46
2885,32.5,35.228,0.2633,-20.568
2886,32.5,35.769,0.2627,-20.678
2887,32.5,36.318,0.2621,-20.787
2888,32.5,36.875,0.2614,-20.897
2889,32.5,37.441,0.2608,-21.007
2890,32.5,38.016,0.2602,-21.118
2891,32.5,38.599,0.2595,-21.229
2892,32.5,39.192,0.2589,-21.342
2893,32.5,39.793,0.2582,-21.455
2894,32.5,40.404,0.2576,-21.569
2895,32.5,41.024,0.2569,-21.68
2896,32.5,41.654,0.2563,-21.789
2897,32.5,42.293,0.2557,-21.895
2898,32.5,42.942,0.2551,-21.999
2899,32.5,43.601,0.2545,-22.104
2900,32.5,44.271,0.2539,-22.208
2901,32.5,44.95,0.2533,-22.314
2902,32.5,45.64,0.2527,-22.42
2903,32.5,46.341,0.2521,-22.521
2904,32.5,47.052,0.2515,-22.616
2905,32.5,47.774,0.251,-22.709
2906,32.5,48.507,0.2505,-22.8
2907,32.5,49.252,0.25,-22.888
2908,32.5,50.008,0.2495,-22.974
2909,32.5,50.775,0.249,-23.058
2910,32.5,51.555,0.2485,-23.141
2911,32.5,52.346,0.248,-23.224
2912,32.5,53.15,0.2475,-23.308
2913,32.5,53.965,0.2471,-23.392
2914,32.5,54.794,0.2466,-23.473
2915,32.5,55.635,0.2461,-23.552
2916,32.5,56.489,0.2457,-23.63
2917,32.5,57.356,0.2453,-23.706
2918,32.5,58.236,0.245,-23.784
2919,32.5,59.13,0.2447,-23.864
2920,32.5,60.037,0.2443,-23.945
2921,32.5,60.959,0.2439,-24.027
2922,32.5,61.895,0.2436,-24.112
2923,32.5,62.845,0.2432,-24.198
2924,32.5,63.809,0.2428,-24.286
2925,32.5,64.789,0.2424,-24.375
2926,32.5,65.783,0.242,-24.465
2927,32.5,66.793,0.2416,-24.556
2928,32.5,67.818,0.2412,-24.648
2929,32.5,68.859,0.2408,-24.741
2930,32.5,69.916,0.2404,-24.835
2931,32.5,70.989,0.24,-24.93
2932,32.5,72.078,0.2396,-25.026
2933,32.5,73.185,0.2391,-25.122
2934,32.5,74.308,0.2387,-25.219
2935,32.5,75.449,0.2383,-25.316
2936,32.5,76.607,0.2379,-25.414
2937,32.5,77.783,0.2374,-25.512
2938,32.5,78.976,0.237,-25.609
2939,32.5,80.189,0.2366,-25.706
2940,32.5,81.419,0.2362,-25.803
2941,32.5,82.669,0.2357,-25.9
2942,32.5,83.938,0.2353,-25.996
2943,32.5,85.226,0.2349,-26.09
2944,32.5,86.534,0.2345,-26.182
2945,32.5,87.863,0.2341,-26.274
2946,32.5,89.211,0.2337,-26.363
2947,32.5,90.581,0.2333,-26.451
2948,32.5,91.971,0.233,-26.537
2949,32.5,93.382,0.2326,-26.62
2950,32.5,94.816,0.2322,-26.701
2951,32.5,96.271,0.2319,-26.782
2952,32.5,97.749,0.2315,-26.863
2953,32.5,99.249,0.2312,-26.942
2954,32.5,100.772,0.2308,-27.021
2955,32.5,102.319,0.2305,-27.097
2956,32.5,103.89,0.2302,-27.173
2957,32.5,105.484,0.2298,-27.247
2958,32.5,107.103,0.2295,-27.32
2959,32.5,108.747,0.2292,-27.393
2960,32.5,110.416,0.2289,-27.464
2961,32.5,112.111,0.2286,-27.535
2962,32.5,113.832,0.2283,-27.604
2963,32.5,115.579,0.228,-27.673
2964,32.5,117.353,0.2277,-27.741
2965,32.5,119.154,0.2274,-27.808
2966,32.5,120.983,0.2271,-27.875
2967,32.5,122.84,0.2268,-27.942
2968,32.5,124.726,0.2265,-28.009
2969,32.5,126.64,0.2262,-28.075
2970,32.5,128.584,0.2259,-28.142
2971,32.5,130.558,0.2256,-28.208
2972,32.5,132.561,0.2253,-28.275
2973,32.5,134.596,0.2251,-28.341
2974,32.5,136.662,0.2248,-28.408
2975,32.5,138.76,0.2245,-28.474
2976,32.5,140.889,0.2242,-28.539
2977,32.5,143.052,0.2239,-28.604
2978,32.5,145.248,0.2236,-28.667
2979,32.5,147.477,0.2234,-28.727
2980,32.5,149.741,0.2231,-28.786
2981,32.5,152.039,0.2228,-28.844
2982,32.5,154.373,0.2226,-28.902
2983,32.5,156.742,0.2223,-28.959
2984,32.5,159.148,0.2221,-29.015
2985,32.5,161.591,0.2219,-29.071
2986,32.5,164.071,0.2216,-29.127
2987,32.5,166.589,0.2214,-29.183
2988,32.5,169.146,0.2211,-29.238
2989,32.5,171.742,0.2209,-29.293
2990,32.5,174.378,0.2206,-29.348
2991,32.5,177.055,0.2204,-29.402
2992,32.5,179.772,0.2202,-29.456
2993,32.5,182.532,0.2199,-29.509
2994,32.5,185.333,0.2197,-29.562
2995,32.5,188.178,0.2195,-29.614
2996,32.5,191.066,0.2193,-29.665
2997,32.5,193.999,0.219,-29.717
2998,32.5,196.977,0.2188,-29.762
2999,32.5,200.0,0.2187,-29.802
3000,35.0,0.1,0.4094,-0.68
3001,35.0,0.102,0.4094,-0.692
3002,35.0,0.103,0.4094,-0.698
3003,35.0,0.105,0.4094,-0.71
3004,35.0,0.106,0.4094,-0.716
3005,35.0,0.108,0.4093,-0.727
3006,35.0,0.11,0.4093,-0.738
3007,35.0,0.111,0.4093,-0.744
3008,35.0,0.113,0.4093,-0.756
3009,35.0,0.115,0.4093,-0.768
3010,35.0,0.116,0.4092,-0.774
3011,35.0,0.118,0.4092,-0.786
3012,35.0,0.12,0.4092,-0.798
3013,35.0,0.122,0.4092,-0.81
3014,35.0,0.124,0.4092,-0.822
3015,35.0,0.126,0.4091,-0.834
3016,35.0,0.128,0.4091,-0.845
3017,35.0,0.13,0.4091,-0.857
3018,35.0,0.132,0.4091,-0.869
3019,35.0,0.134,0.409,-0.88
3020,35.0,0.136,0.409,-0.891
3021,35.0,0.138,0.409,-0.902
3022,35.0,0.14,0.409,-0.913
3023,35.0,0.142,0.409,-0.923
3024,35.0,0.144,0.4089,-0.934
3025,35.0,0.146,0.4089,-0.945
3026,35.0,0.149,0.4089,-0.962
3027,35.0,0.151,0.4088,-0.973
3028,35.0,0.153,0.4088,-0.984
3029,35.0,0.156,0.4088,-1.001
3030,35.0,0.158,0.4087,-1.013
3031,35.0,0.16,0.4087,-1.024
3032,35.0,0.163,0.4087,-1.041
3033,35.0,0.165,0.4087,-1.052
3034,35.0,0.168,0.4086,-1.069
3035,35.0,0.17,0.4086,-1.08
3036,35.0,0.173,0.4086,-1.096
3037,35.0,0.176,0.4085,-1.112
3038,35.0,0.178,0.4085,-1.122
3039,35.0,0.181,0.4085,-1.137
3040,35.0,0.184,0.4084,-1.152
3041,35.0,0.187,0.4084,-1.167
3042,35.0,0.19,0.4083,-1.182
3043,35.0,0.193,0.4083,-1.198
3044,35.0,0.195,0.4083,-1.208
3045,35.0,0.198,0.4082,-1.224
3046,35.0,0.202,0.4082,-1.245
3047,35.0,0.205,0.4081,-1.26
3048,35.0,0.208,0.4081,-1.276
3049,35.0,0.211,0.408,-1.292
3050,35.0,0.214,0.408,-1.308
3051,35.0,0.217,0.4079,-1.323
3052,35.0,0.221,0.4079,-1.344
3053,35.0,0.224,0.4078,-1.359
3054,35.0,0.228,0.4078,-1.379
3055,35.0,0.231,0.4077,-1.394
3056,35.0,0.235,0.4077,-1.413
3057,35.0,0.238,0.4076,-1.428
3058,35.0,0.242,0.4076,-1.446
3059,35.0,0.246,0.4075,-1.464
3060,35.0,0.249,0.4075,-1.478
3061,35.0,0.253,0.4074,-1.497
3062,35.0,0.257,0.4073,-1.515
3063,35.0,0.261,0.4073,-1.534
3064,35.0,0.265,0.4072,-1.554
3065,35.0,0.269,0.4071,-1.573
3066,35.0,0.273,0.4071,-1.592
3067,35.0,0.277,0.407,-1.611
3068,35.0,0.282,0.4069,-1.635
3069,35.0,0.286,0.4069,-1.654
3070,35.0,0.29,0.4068,-1.673
3071,35.0,0.295,0.4067,-1.697
3072,35.0,0.299,0.4067,-1.716
3073,35.0,0.304,0.4066,-1.738
3074,35.0,0.309,0.4065,-1.761
3075,35.0,0.313,0.4064,-1.778
3076,35.0,0.318,0.4064,-1.8
3077,35.0,0.323,0.4063,-1.821
3078,35.0,0.328,0.4062,-1.841
3079,35.0,0.333,0.4061,-1.862
3080,35.0,0.338,0.406,-1.883
3081,35.0,0.343,0.4059,-1.904
3082,35.0,0.349,0.4058,-1.93
3083,35.0,0.354,0.4057,-1.951
3084,35.0,0.359,0.4057,-1.973
3085,35.0,0.365,0.4055,-1.999
3086,35.0,0.371,0.4054,-2.025
3087,35.0,0.376,0.4053,-2.047
3088,35.0,0.382,0.4052,-2.072
3089,35.0,0.388,0.4051,-2.098
3090,35.0,0.394,0.405,-2.124
3091,35.0,0.4,0.4049,-2.149
3092,35.0,0.406,0.4048,-2.174
3093,35.0,0.412,0.4047,-2.198
3094,35.0,0.419,0.4046,-2.226
3095,35.0,0.425,0.4045,-2.249
3096,35.0,0.432,0.4044,-2.276
3097,35.0,0.438,0.4043,-2.298
3098,35.0,0.445,0.4042,-2.323
3099,35.0,0.452,0.404,-2.349
3100,35.0,0.459,0.4039,-2.375
3101,35.0,0.466,0.4038,-2.401
3102,35.0,0.473,0.4036,-2.427
3103,35.0,0.48,0.4035,-2.454
3104,35.0,0.488,0.4034,-2.484
3105,35.0,0.495,0.4032,-2.511
3106,35.0,0.503,0.4031,-2.542
3107,35.0,0.51,0.4029,-2.569
3108,35.0,0.518,0.4028,-2.599
3109,35.0,0.526,0.4026,-2.63
3110,35.0,0.534,0.4025,-2.66
3111,35.0,0.542,0.4023,-2.69
3112,35.0,0.551,0.4022,-2.723
3113,35.0,0.559,0.402,-2.751
3114,35.0,0.568,0.4019,-2.783
3115,35.0,0.576,0.4017,-2.811
3116,35.0,0.585,0.4016,-2.841
3117,35.0,0.594,0.4014,-2.871
3118,35.0,0.603,0.4013,-2.9
3119,35.0,0.613,0.4011,-2.931
3120,35.0,0.622,0.4009,-2.959
3121,35.0,0.632,0.4007,-2.99
3122,35.0,0.641,0.4006,-3.019
3123,35.0,0.651,0.4004,-3.052
3124,35.0,0.661,0.4002,-3.084
3125,35.0,0.671,0.4,-3.117
3126,35.0,0.682,0.3998,-3.154
3127,35.0,0.692,0.3996,-3.187
3128,35.0,0.703,0.3993,-3.223
3129,35.0,0.713,0.3991,-3.256
3130,35.0,0.724,0.3989,-3.292
3131,35.0,0.736,0.3987,-3.331
3132,35.0,0.747,0.3985,-3.367
3133,35.0,0.758,0.3983,-3.402
3134,35.0,0.77,0.398,-3.439
3135,35.0,0.782,0.3978,-3.476
3136,35.0,0.794,0.3976,-3.512
3137,35.0,0.806,0.3974,-3.548
3138,35.0,0.818,0.3972,-3.582
3139,35.0,0.831,0.397,-3.618
3140,35.0,0.844,0.3968,-3.653
3141,35.0,0.857,0.3966,-3.687
3142,35.0,0.87,0.3963,-3.72
3143,35.0,0.883,0.3961,-3.754
3144,35.0,0.897,0.3958,-3.792
3145,35.0,0.91,0.3956,-3.827
3146,35.0,0.924,0.3953,-3.865
3147,35.0,0.939,0.395,-3.906
3148,35.0,0.953,0.3947,-3.945
3149,35.0,0.968,0.3945,-3.986
3150,35.0,0.982,0.3942,-4.025
3151,35.0,0.997,0.3939,-4.067
3152,35.0,1.013,0.3936,-4.111
3153,35.0,1.028,0.3933,-4.152
3154,35.0,1.044,0.393,-4.196
3155,35.0,1.06,0.3927,-4.239
3156,35.0,1.076,0.3924,-4.281
3157,35.0,1.093,0.3921,-4.326
3158,35.0,1.11,0.3918,-4.37
3159,35.0,1.127,0.3915,-4.412
3160,35.0,1.144,0.3912,-4.454
3161,35.0,1.162,0.3909,-4.497
3162,35.0,1.179,0.3906,-4.536
3163,35.0,1.198,0.3903,-4.579
3164,35.0,1.216,0.39,-4.618
3165,35.0,1.235,0.3898,-4.657
3166,35.0,1.254,0.3894,-4.696
3167,35.0,1.273,0.3891,-4.737
3168,35.0,1.292,0.3888,-4.777
3169,35.0,1.312,0.3885,-4.821
3170,35.0,1.332,0.3881,-4.865
3171,35.0,1.353,0.3877,-4.911
3172,35.0,1.374,0.3874,-4.958
3173,35.0,1.395,0.387,-5.005
3174,35.0,1.416,0.3866,-5.052
3175,35.0,1.438,0.3862,-5.102
3176,35.0,1.46,0.3858,-5.151
3177,35.0,1.482,0.3854,-5.2
3178,35.0,1.505,0.385,-5.251
3179,35.0,1.528,0.3846,-5.302
3180,35.0,1.552,0.3842,-5.354
3181,35.0,1.575,0.3838,-5.404
3182,35.0,1.599,0.3834,-5.454
3183,35.0,1.624,0.383,-5.506
3184,35.0,1.649,0.3826,-5.557
3185,35.0,1.674,0.3822,-5.606
3186,35.0,1.7,0.3818,-5.656
3187,35.0,1.726,0.3814,-5.704
3188,35.0,1.753,0.3811,-5.752
3189,35.0,1.779,0.3807,-5.796
3190,35.0,1.807,0.3803,-5.842
3191,35.0,1.835,0.38,-5.887
3192,35.0,1.863,0.3796,-5.932
3193,35.0,1.891,0.3792,-5.977
3194,35.0,1.92,0.3788,-6.025
3195,35.0,1.95,0.3783,-6.076
3196,35.0,1.98,0.3779,-6.127
3197,35.0,2.01,0.3774,-6.178
3198,35.0,2.041,0.377,-6.232
3199,35.0,2.072,0.3765,-6.286
3200,35.0,2.104,0.376,-6.342
3201,35.0,2.136,0.3755,-6.398
3202,35.0,2.169,0.375,-6.456
3203,35.0,2.202,0.3745,-6.513
3204,35.0,2.236,0.374,-6.573
3205,35.0,2.271,0.3735,-6.633
3206,35.0,2.305,0.373,-6.691
3207,35.0,2.341,0.3724,-6.752
3208,35.0,2.377,0.3719,-6.812
3209,35.0,2.413,0.3714,-6.871
3210,35.0,2.45,0.3709,-6.931
3211,35.0,2.488,0.3704,-6.991
3212,35.0,2.526,0.3699,-7.049
3213,35.0,2.565,0.3693,-7.107
3214,35.0,2.604,0.3689,-7.163
3215,35.0,2.644,0.3684,-7.218
3216,35.0,2.685,0.3679,-7.272
3217,35.0,2.726,0.3675,-7.324
3218,35.0,2.768,0.367,-7.375
3219,35.0,2.81,0.3666,-7.423
3220,35.0,2.853,0.3661,-7.474
3221,35.0,2.897,0.3656,-7.526
3222,35.0,2.942,0.3651,-7.581
3223,35.0,2.987,0.3646,-7.637
3224,35.0,3.033,0.3641,-7.694
3225,35.0,3.079,0.3636,-7.752
3226,35.0,3.126,0.363,-7.813
3227,35.0,3.174,0.3625,-7.874
3228,35.0,3.223,0.3619,-7.938
3229,35.0,3.273,0.3613,-8.003
3230,35.0,3.323,0.3607,-8.068
3231,35.0,3.374,0.3601,-8.135
3232,35.0,3.426,0.3595,-8.203
3233,35.0,3.478,0.3589,-8.27
3234,35.0,3.532,0.3582,-8.34
3235,35.0,3.586,0.3576,-8.409
3236,35.0,3.641,0.357,-8.479
3237,35.0,3.697,0.3563,-8.549
3238,35.0,3.754,0.3557,-8.619
3239,35.0,3.811,0.3551,-8.689
3240,35.0,3.87,0.3544,-8.759
3241,35.0,3.929,0.3538,-8.827
3242,35.0,3.989,0.3532,-8.894
3243,35.0,4.051,0.3526,-8.962
3244,35.0,4.113,0.352,-9.027
3245,35.0,4.176,0.3514,-9.091
3246,35.0,4.24,0.3508,-9.153
3247,35.0,4.305,0.3503,-9.213
3248,35.0,4.371,0.3498,-9.271
3249,35.0,4.438,0.3492,-9.326
3250,35.0,4.506,0.3488,-9.381
3251,35.0,4.575,0.3482,-9.438
3252,35.0,4.646,0.3477,-9.497
3253,35.0,4.717,0.3472,-9.558
3254,35.0,4.789,0.3466,-9.62
3255,35.0,4.863,0.346,-9.685
3256,35.0,4.938,0.3454,-9.752
3257,35.0,5.013,0.3448,-9.819
3258,35.0,5.09,0.3442,-9.889
3259,35.0,5.168,0.3435,-9.96
3260,35.0,5.248,0.3429,-10.034
3261,35.0,5.328,0.3422,-10.108
3262,35.0,5.41,0.3415,-10.184
3263,35.0,5.493,0.3408,-10.261
3264,35.0,5.577,0.3401,-10.339
3265,35.0,5.663,0.3394,-10.418
3266,35.0,5.75,0.3387,-10.498
3267,35.0,5.838,0.338,-10.579
3268,35.0,5.928,0.3373,-10.66
3269,35.0,6.019,0.3365,-10.742
3270,35.0,6.111,0.3358,-10.823
3271,35.0,6.205,0.3351,-10.904
3272,35.0,6.3,0.3343,-10.986
3273,35.0,6.397,0.3336,-11.067
3274,35.0,6.495,0.3329,-11.146
3275,35.0,6.595,0.3322,-11.225
3276,35.0,6.696,0.3315,-11.303
3277,35.0,6.799,0.3308,-11.379
3278,35.0,6.903,0.3301,-11.452
3279,35.0,7.009,0.3295,-11.524
3280,35.0,7.117,0.3289,-11.594
3281,35.0,7.226,0.3283,-11.66
3282,35.0,7.337,0.3277,-11.724
3283,35.0,7.45,0.3271,-11.785
3284,35.0,7.564,0.3266,-11.846
3285,35.0,7.68,0.3261,-11.91
3286,35.0,7.798,0.3256,-11.976
3287,35.0,7.918,0.325,-12.044
3288,35.0,8.039,0.3244,-12.114
3289,35.0,8.162,0.3238,-12.186
3290,35.0,8.288,0.3232,-12.26
3291,35.0,8.415,0.3226,-12.337
3292,35.0,8.544,0.3219,-12.415
3293,35.0,8.675,0.3213,-12.494
3294,35.0,8.808,0.3206,-12.576
3295,35.0,8.944,0.3199,-12.66
3296,35.0,9.081,0.3192,-12.745
3297,35.0,9.22,0.3185,-12.831
3298,35.0,9.362,0.3177,-12.92
3299,35.0,9.505,0.317,-13.009
3300,35.0,9.651,0.3162,-13.1
3301,35.0,9.799,0.3155,-13.191
3302,35.0,9.95,0.3147,-13.284
3303,35.0,10.103,0.3139,-13.378
3304,35.0,10.258,0.3131,-13.472
3305,35.0,10.415,0.3124,-13.567
3306,35.0,10.575,0.3116,-13.661
3307,35.0,10.737,0.3108,-13.755
3308,35.0,10.902,0.31,-13.85
3309,35.0,11.069,0.3092,-13.943
3310,35.0,11.239,0.3085,-14.036
3311,35.0,11.412,0.3077,-14.128
3312,35.0,11.587,0.3069,-14.219
3313,35.0,11.765,0.3062,-14.308
3314,35.0,11.945,0.3055,-14.394
3315,35.0,12.129,0.3048,-14.478
3316,35.0,12.315,0.3041,-14.56
3317,35.0,12.504,0.3034,-14.638
3318,35.0,12.696,0.3028,-14.714
3319,35.0,12.891,0.3022,-14.786
3320,35.0,13.089,0.3017,-14.855
3321,35.0,13.289,0.3012,-14.922
3322,35.0,13.493,0.3007,-14.993
3323,35.0,13.701,0.3001,-15.066
3324,35.0,13.911,0.2996,-15.141
3325,35.0,14.124,0.2991,-15.218
3326,35.0,14.341,0.2985,-15.297
3327,35.0,14.561,0.2979,-15.379
3328,35.0,14.785,0.2973,-15.463
3329,35.0,15.012,0.2967,-15.548
3330,35.0,15.242,0.2961,-15.636
3331,35.0,15.476,0.2954,-15.725
3332,35.0,15.714,0.2948,-15.817
3333,35.0,15.955,0.2941,-15.91
3334,35.0,16.2,0.2934,-16.005
3335,35.0,16.448,0.2927,-16.102
3336,35.0,16.701,0.292,-16.201
3337,35.0,16.957,0.2913,-16.301
3338,35.0,17.217,0.2906,-16.403
3339,35.0,17.482,0.2898,-16.506
3340,35.0,17.75,0.2891,-16.61
3341,35.0,18.022,0.2883,-16.716
3342,35.0,18.299,0.2876,-16.822
3343,35.0,18.58,0.2868,-16.93
3344,35.0,18.865,0.286,-17.037
3345,35.0,19.155,0.2853,-17.146
3346,35.0,19.449,0.2845,-17.255
3347,35.0,19.747,0.2837,-17.365
3348,35.0,20.05,0.2829,-17.473
3349,35.0,20.358,0.2822,-17.58
3350,35.0,20.671,0.2814,-17.687
3351,35.0,20.988,0.2806,-17.793
3352,35.0,21.31,0.2799,-17.898
3353,35.0,21.637,0.2792,-18.0
3354,35.0,21.969,0.2784,-18.1
3355,35.0,22.306,0.2778,-18.197
3356,35.0,22.649,0.2771,-18.292
3357,35.0,22.996,0.2764,-18.383
3358,35.0,23.349,0.2758,-18.472
3359,35.0,23.708,0.2752,-18.556
3360,35.0,24.072,0.2746,-18.637
3361,35.0,24.441,0.2741,-18.714
3362,35.0,24.816,0.2736,-18.791
3363,35.0,25.197,0.2731,-18.869
3364,35.0,25.584,0.2727,-18.949
3365,35.0,25.977,0.2722,-19.031
3366,35.0,26.375,0.2717,-19.115
3367,35.0,26.78,0.2712,-19.201
3368,35.0,27.191,0.2707,-19.29
3369,35.0,27.608,0.2702,-19.38
3370,35.0,28.032,0.2697,-19.473
3371,35.0,28.462,0.2691,-19.567
3372,35.0,28.899,0.2686,-19.663
3373,35.0,29.343,0.268,-19.762
3374,35.0,29.793,0.2674,-19.863
3375,35.0,30.251,0.2668,-19.965
3376,35.0,30.715,0.2662,-20.069
3377,35.0,31.186,0.2656,-20.174
3378,35.0,31.665,0.265,-20.281
3379,35.0,32.151,0.2644,-20.389
3380,35.0,32.645,0.2637,-20.499
3381,35.0,33.146,0.2631,-20.611
3382,35.0,33.654,0.2624,-20.724
3383,35.0,34.171,0.2618,-20.839
3384,35.0,34.695,0.2611,-20.955
3385,35.0,35.228,0.2604,-21.072
3386,35.0,35.769,0.2598,-21.188
3387,35.0,36.318,0.2591,-21.304
3388,35.0,36.875,0.2584,-21.42
3389,35.0,37.441,0.2578,-21.537
3390,35.0,38.016,0.2571,-21.655
3391,35.0,38.599,0.2564,-21.774
3392,35.0,39.192,0.2557,-21.893
3393,35.0,39.793,0.255,-22.014
3394,35.0,40.404,0.2543,-22.133
3395,35.0,41.024,0.2537,-22.248
3396,35.0,41.654,0.253,-22.359
3397,35.0,42.293,0.2524,-22.467
3398,35.0,42.942,0.2518,-22.573
3399,35.0,43.601,0.2512,-22.678
3400,35.0,44.271,0.2506,-22.783
3401,35.0,44.95,0.25,-22.888
3402,35.0,45.64,0.2494,-22.991
3403,35.0,46.341,0.2488,-23.09
3404,35.0,47.052,0.2483,-23.185
3405,35.0,47.774,0.2477,-23.277
3406,35.0,48.507,0.2472,-23.366
3407,35.0,49.252,0.2467,-23.452
3408,35.0,50.008,0.2462,-23.535
3409,35.0,50.775,0.2458,-23.617
3410,35.0,51.555,0.2454,-23.698
3411,35.0,52.346,0.245,-23.781
3412,35.0,53.15,0.2446,-23.867
3413,35.0,53.965,0.2442,-23.956
3414,35.0,54.794,0.2439,-24.046
3415,35.0,55.635,0.2435,-24.138
3416,35.0,56.489,0.243,-24.23
3417,35.0,57.356,0.2426,-24.324
3418,35.0,58.236,0.2422,-24.419
3419,35.0,59.13,0.2418,-24.515
3420,35.0,60.037,0.2414,-24.612
3421,35.0,60.959,0.2409,-24.712
3422,35.0,61.895,0.2405,-24.813
3423,35.0,62.845,0.24,-24.915
3424,35.0,63.809,0.2396,-25.019
3425,35.0,64.789,0.2391,-25.125
3426,35.0,65.783,0.2387,-25.231
3427,35.0,66.793,0.2382,-25.338
3428,35.0,67.818,0.2377,-25.446
3429,35.0,68.859,0.2372,-25.555
3430,35.0,69.916,0.2368,-25.665
3431,35.0,70.989,0.2363,-25.775
3432,35.0,72.078,0.2358,-25.887
3433,35.0,73.185,0.2353,-25.999
3434,35.0,74.308,0.2348,-26.11
3435,35.0,75.449,0.2343,-26.222
3436,35.0,76.607,0.2338,-26.334
3437,35.0,77.783,0.2333,-26.446
3438,35.0,78.976,0.2329,-26.557
3439,35.0,80.189,0.2324,-26.667
3440,35.0,81.419,0.2319,-26.778
3441,35.0,82.669,0.2314,-26.888
3442,35.0,83.938,0.2309,-26.997
3443,35.0,85.226,0.2305,-27.104
3444,35.0,86.534,0.23,-27.209
3445,35.0,87.863,0.2296,-27.312
3446,35.0,89.211,0.2291,-27.412
3447,35.0,90.581,0.2287,-27.511
3448,35.0,91.971,0.2283,-27.607
3449,35.0,93.382,0.2279,-27.701
3450,35.0,94.816,0.2274,-27.794
3451,35.0,96.271,0.227,-27.886
3452,35.0,97.749,0.2266,-27.977
3453,35.0,99.249,0.2262,-28.068
3454,35.0,100.772,0.2259,-28.156
3455,35.0,102.319,0.2255,-28.242
3456,35.0,103.89,0.2251,-28.326
3457,35.0,105.484,0.2248,-28.41
3458,35.0,107.103,0.2244,-28.493
3459,35.0,108.747,0.224,-28.574
3460,35.0,110.416,0.2237,-28.655
3461,35.0,112.111,0.2233,-28.736
3462,35.0,113.832,0.223,-28.815
3463,35.0,115.579,0.2226,-28.892
3464,35.0,117.353,0.2223,-28.97
3465,35.0,119.154,0.222,-29.046
3466,35.0,120.983,0.2216,-29.123
3467,35.0,122.84,0.2213,-29.199
3468,35.0,124.726,0.221,-29.275
3469,35.0,126.64,0.2206,-29.351
3470,35.0,128.584,0.2203,-29.427
3471,35.0,130.558,0.22,-29.504
3472,35.0,132.561,0.2196,-29.58
3473,35.0,134.596,0.2193,-29.657
3474,35.0,136.662,0.219,-29.733
3475,35.0,138.76,0.2186,-29.809
3476,35.0,140.889,0.2184,-29.885
3477,35.0,143.052,0.2181,-29.96
3478,35.0,145.248,0.2179,-30.034
3479,35.0,147.477,0.2177,-30.106
3480,35.0,149.741,0.2174,-30.177
3481,35.0,152.039,0.2172,-30.248
3482,35.0,154.373,0.217,-30.319
3483,35.0,156.742,0.2168,-30.389
3484,35.0,159.148,0.2165,-30.46
3485,35.0,161.591,0.2163,-30.53
3486,35.0,164.071,0.2161,-30.6
3487,35.0,166.589,0.2159,-30.67
3488,35.0,169.146,0.2156,-30.741
3489,35.0,171.742,0.2154,-30.811
3490,35.0,174.378,0.2152,-30.881
3491,35.0,177.055,0.215,-30.951
3492,35.0,179.772,0.2148,-31.021
3493,35.0,182.532,0.2145,-31.09
3494,35.0,185.333,0.2143,-31.158
3495,35.0,188.178,0.2141,-31.226
3496,35.0,191.066,0.2139,-31.294
3497,35.0,193.999,0.2137,-31.362
3498,35.0,196.977,0.2135,-31.421
3499,35.0,200.0,0.2133,-31.474
3500,37.5,0.1,0.4094,-0.709
3501,37.5,0.102,0.4093,-0.721
3502,37.5,0.103,0.4093,-0.727
3503,37.5,0.105,0.4093,-0.739
3504,37.5,0.106,0.4093,-0.745
3505,37.5,0.108,0.4093,-0.757
3506,37.5,0.11,0.4093,-0.77
3507,37.5,0.111,0.4092,-0.776
3508,37.5,0.113,0.4092,-0.789
3509,37.5,0.115,0.4092,-0.801
3510,37.5,0.116,0.4092,-0.807
3511,37.5,0.118,0.4092,-0.82
3512,37.5,0.12,0.4091,-0.832
3513,37.5,0.122,0.4091,-0.845
3514,37.5,0.124,0.4091,-0.857
3515,37.5,0.126,0.4091,-0.869
3516,37.5,0.128,0.409,-0.881
3517,37.5,0.13,0.409,-0.893
3518,37.5,0.132,0.409,-0.904
3519,37.5,0.134,0.409,-0.915
3520,37.5,0.136,0.4089,-0.927
3521,37.5,0.138,0.4089,-0.938
3522,37.5,0.14,0.4089,-0.949
3523,37.5,0.142,0.4089,-0.961
3524,37.5,0.144,0.4088,-0.973
3525,37.5,0.146,0.4088,-0.985
3526,37.5,0.149,0.4088,-1.002
3527,37.5,0.151,0.4087,-1.014
3528,37.5,0.153,0.4087,-1.026
3529,37.5,0.156,0.4087,-1.043
3530,37.5,0.158,0.4086,-1.055
3531,37.5,0.16,0.4086,-1.067
3532,37.5,0.163,0.4086,-1.084
3533,37.5,0.165,0.4086,-1.095
3534,37.5,0.168,0.4085,-1.112
3535,37.5,0.17,0.4085,-1.123
3536,37.5,0.173,0.4085,-1.139
3537,37.5,0.176,0.4084,-1.154
3538,37.5,0.178,0.4084,-1.165
3539,37.5,0.181,0.4083,-1.181
3540,37.5,0.184,0.4083,-1.197
3541,37.5,0.187,0.4082,-1.213
3542,37.5,0.19,0.4082,-1.229
3543,37.5,0.193,0.4082,-1.246
3544,37.5,0.195,0.4081,-1.257
3545,37.5,0.198,0.4081,-1.273
3546,37.5,0.202,0.408,-1.295
3547,37.5,0.205,0.408,-1.311
3548,37.5,0.208,0.4079,-1.328
3549,37.5,0.211,0.4079,-1.344
3550,37.5,0.214,0.4078,-1.36
3551,37.5,0.217,0.4078,-1.375
3552,37.5,0.221,0.4077,-1.396
3553,37.5,0.224,0.4077,-1.411
3554,37.5,0.228,0.4076,-1.431
3555,37.5,0.231,0.4076,-1.446
3556,37.5,0.235,0.4075,-1.465
3557,37.5,0.238,0.4075,-1.479
3558,37.5,0.242,0.4074,-1.498
3559,37.5,0.246,0.4073,-1.518
3560,37.5,0.249,0.4073,-1.533
3561,37.5,0.253,0.4072,-1.553
3562,37.5,0.257,0.4071,-1.573
3563,37.5,0.261,0.4071,-1.593
3564,37.5,0.265,0.407,-1.613
3565,37.5,0.269,0.4069,-1.633
3566,37.5,0.273,0.4069,-1.653
3567,37.5,0.277,0.4068,-1.673
3568,37.5,0.282,0.4067,-1.698
3569,37.5,0.286,0.4066,-1.717
3570,37.5,0.29,0.4066,-1.736
3571,37.5,0.295,0.4065,-1.76
3572,37.5,0.299,0.4064,-1.778
3573,37.5,0.304,0.4064,-1.8
3574,37.5,0.309,0.4063,-1.822
3575,37.5,0.313,0.4062,-1.839
3576,37.5,0.318,0.4061,-1.861
3577,37.5,0.323,0.406,-1.883
3578,37.5,0.328,0.4059,-1.905
3579,37.5,0.333,0.4058,-1.927
3580,37.5,0.338,0.4058,-1.95
3581,37.5,0.343,0.4057,-1.972
3582,37.5,0.349,0.4055,-1.999
3583,37.5,0.354,0.4055,-2.022
3584,37.5,0.359,0.4054,-2.045
3585,37.5,0.365,0.4052,-2.072
3586,37.5,0.371,0.4051,-2.098
3587,37.5,0.376,0.405,-2.121
3588,37.5,0.382,0.4049,-2.147
3589,37.5,0.388,0.4048,-2.173
3590,37.5,0.394,0.4047,-2.198
3591,37.5,0.4,0.4046,-2.223
3592,37.5,0.406,0.4045,-2.248
3593,37.5,0.412,0.4044,-2.272
3594,37.5,0.419,0.4043,-2.299
3595,37.5,0.425,0.4042,-2.321
3596,37.5,0.432,0.404,-2.348
3597,37.5,0.438,0.4039,-2.371
3598,37.5,0.445,0.4038,-2.398
3599,37.5,0.452,0.4037,-2.426
3600,37.5,0.459,0.4035,-2.453
3601,37.5,0.466,0.4034,-2.481
3602,37.5,0.473,0.4032,-2.509
3603,37.5,0.48,0.4031,-2.537
3604,37.5,0.488,0.4029,-2.569
3605,37.5,0.495,0.4028,-2.597
3606,37.5,0.503,0.4026,-2.629
3607,37.5,0.51,0.4025,-2.656
3608,37.5,0.518,0.4023,-2.687
3609,37.5,0.526,0.4022,-2.718
3610,37.5,0.534,0.402,-2.748
3611,37.5,0.542,0.4019,-2.777
3612,37.5,0.551,0.4017,-2.81
3613,37.5,0.559,0.4016,-2.838
3614,37.5,0.568,0.4014,-2.869
3615,37.5,0.576,0.4013,-2.896
3616,37.5,0.585,0.4011,-2.925
3617,37.5,0.594,0.401,-2.954
3618,37.5,0.603,0.4008,-2.984
3619,37.5,0.613,0.4006,-3.017
3620,37.5,0.622,0.4004,-3.048
3621,37.5,0.632,0.4002,-3.082
3622,37.5,0.641,0.4,-3.113
3623,37.5,0.651,0.3998,-3.147
3624,37.5,0.661,0.3996,-3.181
3625,37.5,0.671,0.3994,-3.216
3626,37.5,0.682,0.3992,-3.254
3627,37.5,0.692,0.399,-3.288
3628,37.5,0.703,0.3987,-3.325
3629,37.5,0.713,0.3985,-3.359
3630,37.5,0.724,0.3983,-3.395
3631,37.5,0.736,0.3981,-3.434
3632,37.5,0.747,0.3979,-3.47
3633,37.5,0.758,0.3977,-3.504
3634,37.5,0.77,0.3974,-3.541
3635,37.5,0.782,0.3972,-3.577
3636,37.5,0.794,0.397,-3.612
3637,37.5,0.806,0.3968,-3.646
3638,37.5,0.818,0.3966,-3.679
3639,37.5,0.831,0.3964,-3.714
3640,37.5,0.844,0.3961,-3.749
3641,37.5,0.857,0.3959,-3.785
3642,37.5,0.87,0.3956,-3.822
3643,37.5,0.883,0.3954,-3.859
3644,37.5,0.897,0.3951,-3.898
3645,37.5,0.91,0.3948,-3.936
3646,37.5,0.924,0.3945,-3.976
3647,37.5,0.939,0.3942,-4.019
3648,37.5,0.953,0.3939,-4.06
3649,37.5,0.968,0.3936,-4.103
3650,37.5,0.982,0.3934,-4.143
3651,37.5,0.997,0.3931,-4.185
3652,37.5,1.013,0.3928,-4.23
3653,37.5,1.028,0.3925,-4.272
3654,37.5,1.044,0.3922,-4.316
3655,37.5,1.06,0.3919,-4.359
3656,37.5,1.076,0.3916,-4.401
3657,37.5,1.093,0.3913,-4.444
3658,37.5,1.11,0.391,-4.487
3659,37.5,1.127,0.3907,-4.528
3660,37.5,1.144,0.3904,-4.568
3661,37.5,1.162,0.3901,-4.609
3662,37.5,1.179,0.3898,-4.646
3663,37.5,1.198,0.3895,-4.687
3664,37.5,1.216,0.3892,-4.727
3665,37.5,1.235,0.3889,-4.769
3666,37.5,1.254,0.3885,-4.812
3667,37.5,1.273,0.3882,-4.855
3668,37.5,1.292,0.3878,-4.899
3669,37.5,1.312,0.3875,-4.945
3670,37.5,1.332,0.3871,-4.992
3671,37.5,1.353,0.3867,-5.041
3672,37.5,1.374,0.3863,-5.09
3673,37.5,1.395,0.3859,-5.139
3674,37.5,1.416,0.3855,-5.187
3675,37.5,1.438,0.3851,-5.238
3676,37.5,1.46,0.3847,-5.289
3677,37.5,1.482,0.3843,-5.338
3678,37.5,1.505,0.3839,-5.39
3679,37.5,1.528,0.3835,-5.441
3680,37.5,1.552,0.3831,-5.492
3681,37.5,1.575,0.3827,-5.541
3682,37.5,1.599,0.3823,-5.591
3683,37.5,1.624,0.3819,-5.641
3684,37.5,1.649,0.3816,-5.69
3685,37.5,1.674,0.3812,-5.737
3686,37.5,1.7,0.3808,-5.784
3687,37.5,1.726,0.3805,-5.829
3688,37.5,1.753,0.3801,-5.874
3689,37.5,1.779,0.3797,-5.917
3690,37.5,1.807,0.3793,-5.964
3691,37.5,1.835,0.3789,-6.013
3692,37.5,1.863,0.3784,-6.061
3693,37.5,1.891,0.378,-6.111
3694,37.5,1.92,0.3776,-6.163
3695,37.5,1.95,0.3771,-6.216
3696,37.5,1.98,0.3766,-6.271
3697,37.5,2.01,0.3762,-6.325
3698,37.5,2.041,0.3757,-6.381
3699,37.5,2.072,0.3752,-6.438
3700,37.5,2.104,0.3747,-6.496
3701,37.5,2.136,0.3742,-6.554
3702,37.5,2.169,0.3736,-6.613
3703,37.5,2.202,0.3731,-6.672
3704,37.5,2.236,0.3726,-6.732
3705,37.5,2.271,0.3721,-6.792
3706,37.5,2.305,0.3716,-6.851
3707,37.5,2.341,0.3711,-6.911
3708,37.5,2.377,0.3705,-6.97
3709,37.5,2.413,0.37,-7.028
3710,37.5,2.45,0.3695,-7.086
3711,37.5,2.488,0.369,-7.143
3712,37.5,2.526,0.3685,-7.199
3713,37.5,2.565,0.3681,-7.253
3714,37.5,2.604,0.3676,-7.306
3715,37.5,2.644,0.3672,-7.357
3716,37.5,2.685,0.3667,-7.407
3717,37.5,2.726,0.3663,-7.457
3718,37.5,2.768,0.3658,-7.509
3719,37.5,2.81,0.3653,-7.562
3720,37.5,2.853,0.3648,-7.617
3721,37.5,2.897,0.3643,-7.674
3722,37.5,2.942,0.3638,-7.733
3723,37.5,2.987,0.3632,-7.793
3724,37.5,3.033,0.3627,-7.854
3725,37.5,3.079,0.3621,-7.916
3726,37.5,3.126,0.3615,-7.979
3727,37.5,3.174,0.3609,-8.044
3728,37.5,3.223,0.3603,-8.111
3729,37.5,3.273,0.3597,-8.178
3730,37.5,3.323,0.3591,-8.246
3731,37.5,3.374,0.3585,-8.314
3732,37.5,3.426,0.3578,-8.384
3733,37.5,3.478,0.3572,-8.452
3734,37.5,3.532,0.3566,-8.523
3735,37.5,3.586,0.3559,-8.592
3736,37.5,3.641,0.3553,-8.662
3737,37.5,3.697,0.3547,-8.732
3738,37.5,3.754,0.354,-8.801
3739,37.5,3.811,0.3534,-8.868
3740,37.5,3.87,0.3528,-8.936
3741,37.5,3.929,0.3522,-9.001
3742,37.5,3.989,0.3516,-9.066
3743,37.5,4.051,0.351,-9.129
3744,37.5,4.113,0.3505,-9.19
3745,37.5,4.176,0.3499,-9.249
3746,37.5,4.24,0.3494,-9.305
3747,37.5,4.305,0.3489,-9.36
3748,37.5,4.371,0.3484,-9.417
3749,37.5,4.438,0.3479,-9.475
3750,37.5,4.506,0.3474,-9.535
3751,37.5,4.575,0.3468,-9.597
3752,37.5,4.646,0.3462,-9.662
3753,37.5,4.717,0.3456,-9.728
3754,37.5,4.789,0.345,-9.795
3755,37.5,4.863,0.3444,-9.864
3756,37.5,4.938,0.3438,-9.935
3757,37.5,5.013,0.3431,-10.007
3758,37.5,5.09,0.3425,-10.081
3759,37.5,5.168,0.3418,-10.156
3760,37.5,5.248,0.3411,-10.233
3761,37.5,5.328,0.3404,-10.31
3762,37.5,5.41,0.3397,-10.388
3763,37.5,5.493,0.339,-10.468
3764,37.5,5.577,0.3383,-10.547
3765,37.5,5.663,0.3375,-10.629
3766,37.5,5.75,0.3368,-10.71
3767,37.5,5.838,0.3361,-10.791
3768,37.5,5.928,0.3353,-10.873
3769,37.5,6.019,0.3346,-10.954
3770,37.5,6.111,0.3339,-11.034
3771,37.5,6.205,0.3332,-11.115
3772,37.5,6.3,0.3325,-11.194
3773,37.5,6.397,0.3317,-11.272
3774,37.5,6.495,0.3311,-11.348
3775,37.5,6.595,0.3304,-11.423
3776,37.5,6.696,0.3297,-11.496
3777,37.5,6.799,0.3291,-11.567
3778,37.5,6.903,0.3285,-11.635
3779,37.5,7.009,0.3279,-11.7
3780,37.5,7.117,0.3273,-11.763
3781,37.5,7.226,0.3268,-11.824
3782,37.5,7.337,0.3263,-11.888
3783,37.5,7.45,0.3257,-11.953
3784,37.5,7.564,0.3252,-12.021
3785,37.5,7.68,0.3246,-12.09
3786,37.5,7.798,0.324,-12.162
3787,37.5,7.918,0.3234,-12.236
3788,37.5,8.039,0.3228,-12.312
3789,37.5,8.162,0.3221,-12.389
3790,37.5,8.288,0.3215,-12.469
3791,37.5,8.415,0.3208,-12.55
3792,37.5,8.544,0.3201,-12.633
3793,37.5,8.675,0.3194,-12.717
3794,37.5,8.808,0.3187,-12.803
3795,37.5,8.944,0.318,-12.891
3796,37.5,9.081,0.3172,-12.98
3797,37.5,9.22,0.3165,-13.07
3798,37.5,9.362,0.3157,-13.162
3799,37.5,9.505,0.3149,-13.254
3800,37.5,9.651,0.3142,-13.347
3801,37.5,9.799,0.3134,-13.441
3802,37.5,9.95,0.3126,-13.536
3803,37.5,10.103,0.3118,-13.63
3804,37.5,10.258,0.311,-13.724
3805,37.5,10.415,0.3103,-13.819
3806,37.5,10.575,0.3095,-13.913
3807,37.5,10.737,0.3087,-14.006
3808,37.5,10.902,0.3079,-14.099
3809,37.5,11.069,0.3072,-14.19
3810,37.5,11.239,0.3064,-14.28
3811,37.5,11.412,0.3057,-14.368
3812,37.5,11.587,0.305,-14.454
3813,37.5,11.765,0.3043,-14.537
3814,37.5,11.945,0.3036,-14.617
3815,37.5,12.129,0.303,-14.694
3816,37.5,12.315,0.3024,-14.768
3817,37.5,12.504,0.3018,-14.839
3818,37.5,12.696,0.3013,-14.907
3819,37.5,12.891,0.3008,-14.978
3820,37.5,13.089,0.3003,-15.052
3821,37.5,13.289,0.2997,-15.127
3822,37.5,13.493,0.2992,-15.204
3823,37.5,13.701,0.2986,-15.284
3824,37.5,13.911,0.298,-15.366
3825,37.5,14.124,0.2974,-15.45
3826,37.5,14.341,0.2968,-15.536
3827,37.5,14.561,0.2962,-15.624
3828,37.5,14.785,0.2955,-15.714
3829,37.5,15.012,0.2949,-15.806
3830,37.5,15.242,0.2942,-15.899
3831,37.5,15.476,0.2935,-15.995
3832,37.5,15.714,0.2928,-16.092
3833,37.5,15.955,0.2921,-16.191
3834,37.5,16.2,0.2914,-16.292
3835,37.5,16.448,0.2907,-16.394
3836,37.5,16.701,0.2899,-16.498
3837,37.5,16.957,0.2892,-16.602
3838,37.5,17.217,0.2884,-16.708
3839,37.5,17.482,0.2876,-16.815
3840,37.5,17.75,0.2869,-16.923
3841,37.5,18.022,0.2861,-17.032
3842,37.5,18.299,0.2853,-17.141
3843,37.5,18.58,0.2845,-17.25
3844,37.5,18.865,0.2837,-17.359
3845,37.5,19.155,0.283,-17.469
3846,37.5,19.449,0.2822,-17.579
3847,37.5,19.747,0.2814,-17.688
3848,37.5,20.05,0.2806,-17.795
3849,37.5,20.358,0.2799,-17.9
3850,37.5,20.671,0.2791,-18.005
3851,37.5,20.988,0.2784,-18.107
3852,37.5,21.31,0.2777,-18.206
3853,37.5,21.637,0.277,-18.303
3854,37.5,21.969,0.2763,-18.397
3855,37.5,22.306,0.2757,-18.487
3856,37.5,22.649,0.2751,-18.574
3857,37.5,22.996,0.2745,-18.657
3858,37.5,23.349,0.2739,-18.736
3859,37.5,23.708,0.2734,-18.814
3860,37.5,24.072,0.273,-18.894
3861,37.5,24.441,0.2725,-18.976
3862,37.5,24.816,0.272,-19.061
3863,37.5,25.197,0.2715,-19.148
3864,37.5,25.584,0.271,-19.237
3865,37.5,25.977,0.2705,-19.329
3866,37.5,26.375,0.2699,-19.422
3867,37.5,26.78,0.2694,-19.518
3868,37.5,27.191,0.2688,-19.615
3869,37.5,27.608,0.2683,-19.715
3870,37.5,28.032,0.2677,-19.816
3871,37.5,28.462,0.2671,-19.919
3872,37.5,28.899,0.2665,-20.025
3873,37.5,29.343,0.2658,-20.132
3874,37.5,29.793,0.2652,-20.241
3875,37.5,30.251,0.2646,-20.352
3876,37.5,30.715,0.2639,-20.464
3877,37.5,31.186,0.2633,-20.577
3878,37.5,31.665,0.2626,-20.692
3879,37.5,32.151,0.262,-20.807
3880,37.5,32.645,0.2613,-20.925
3881,37.5,33.146,0.2606,-21.044
3882,37.5,33.654,0.2599,-21.164
3883,37.5,34.171,0.2592,-21.287
3884,37.5,34.695,0.2585,-21.41
3885,37.5,35.228,0.2578,-21.531
3886,37.5,35.769,0.2571,-21.651
3887,37.5,36.318,0.2564,-21.77
3888,37.5,36.875,0.2557,-21.889
3889,37.5,37.441,0.255,-22.008
3890,37.5,38.016,0.2544,-22.128
3891,37.5,38.599,0.2537,-22.249
3892,37.5,39.192,0.2529,-22.372
3893,37.5,39.793,0.2522,-22.496
3894,37.5,40.404,0.2515,-22.616
3895,37.5,41.024,0.2509,-22.73
3896,37.5,41.654,0.2502,-22.84
3897,37.5,42.293,0.2496,-22.947
3898,37.5,42.942,0.249,-23.051
3899,37.5,43.601,0.2484,-23.154
3900,37.5,44.271,0.2479,-23.253
3901,37.5,44.95,0.2473,-23.351
3902,37.5,45.64,0.2468,-23.446
3903,37.5,46.341,0.2462,-23.538
3904,37.5,47.052,0.2457,-23.627
3905,37.5,47.774,0.2453,-23.715
3906,37.5,48.507,0.2449,-23.803
3907,37.5,49.252,0.2445,-23.893
3908,37.5,50.008,0.2441,-23.984
3909,37.5,50.775,0.2437,-24.077
3910,37.5,51.555,0.2433,-24.172
3911,37.5,52.346,0.2429,-24.269
3912,37.5,53.15,0.2424,-24.368
3913,37.5,53.965,0.242,-24.47
3914,37.5,54.794,0.2415,-24.573
3915,37.5,55.635,0.2411,-24.679
3916,37.5,56.489,0.2406,-24.785
3917,37.5,57.356,0.2401,-24.893
3918,37.5,58.236,0.2397,-25.002
3919,37.5,59.13,0.2392,-25.113
3920,37.5,60.037,0.2387,-25.225
3921,37.5,60.959,0.2382,-25.338
3922,37.5,61.895,0.2377,-25.453
3923,37.5,62.845,0.2372,-25.57
3924,37.5,63.809,0.2367,-25.687
3925,37.5,64.789,0.2361,-25.806
3926,37.5,65.783,0.2356,-25.926
3927,37.5,66.793,0.2351,-26.046
3928,37.5,67.818,0.2346,-26.167
3929,37.5,68.859,0.234,-26.289
3930,37.5,69.916,0.2335,-26.412
3931,37.5,70.989,0.233,-26.535
3932,37.5,72.078,0.2324,-26.659
3933,37.5,73.185,0.2319,-26.782
3934,37.5,74.308,0.2313,-26.904
3935,37.5,75.449,0.2308,-27.028
3936,37.5,76.607,0.2303,-27.15
3937,37.5,77.783,0.2297,-27.272
3938,37.5,78.976,0.2292,-27.393
3939,37.5,80.189,0.2287,-27.513
3940,37.5,81.419,0.2281,-27.633
3941,37.5,82.669,0.2276,-27.754
3942,37.5,83.938,0.2271,-27.871
3943,37.5,85.226,0.2266,-27.986
3944,37.5,86.534,0.2261,-28.099
3945,37.5,87.863,0.2256,-28.209
3946,37.5,89.211,0.2252,-28.317
3947,37.5,90.581,0.2247,-28.421
3948,37.5,91.971,0.2243,-28.522
3949,37.5,93.382,0.2238,-28.621
3950,37.5,94.816,0.2234,-28.72
3951,37.5,96.271,0.223,-28.819
3952,37.5,97.749,0.2225,-28.918
3953,37.5,99.249,0.2221,-29.017
3954,37.5,100.772,0.2217,-29.11
3955,37.5,102.319,0.2213,-29.2
3956,37.5,103.89,0.2209,-29.29
3957,37.5,105.484,0.2205,-29.378
3958,37.5,107.103,0.2201,-29.466
3959,37.5,108.747,0.2197,-29.553
3960,37.5,110.416,0.2194,-29.639
3961,37.5,112.111,0.219,-29.724
3962,37.5,113.832,0.2186,-29.808
3963,37.5,115.579,0.2183,-29.892
3964,37.5,117.353,0.2181,-29.976
3965,37.5,119.154,0.2178,-30.061
3966,37.5,120.983,0.2175,-30.148
3967,37.5,122.84,0.2172,-30.235
3968,37.5,124.726,0.217,-30.324
3969,37.5,126.64,0.2167,-30.413
3970,37.5,128.584,0.2164,-30.504
3971,37.5,130.558,0.2161,-30.596
3972,37.5,132.561,0.2158,-30.689
3973,37.5,134.596,0.2155,-30.783
3974,37.5,136.662,0.2152,-30.876
3975,37.5,138.76,0.2149,-30.97
3976,37.5,140.889,0.2146,-31.063
3977,37.5,143.052,0.2143,-31.156
3978,37.5,145.248,0.214,-31.247
3979,37.5,147.477,0.2137,-31.338
3980,37.5,149.741,0.2135,-31.427
3981,37.5,152.039,0.2132,-31.516
3982,37.5,154.373,0.2129,-31.605
3983,37.5,156.742,0.2126,-31.693
3984,37.5,159.148,0.2123,-31.781
3985,37.5,161.591,0.2121,-31.868
3986,37.5,164.071,0.2118,-31.956
3987,37.5,166.589,0.2115,-32.044
3988,37.5,169.146,0.2112,-32.132
3989,37.5,171.742,0.2109,-32.219
3990,37.5,174.378,0.2107,-32.307
3991,37.5,177.055,0.2104,-32.394
3992,37.5,179.772,0.2101,-32.481
3993,37.5,182.532,0.2098,-32.567
3994,37.5,185.333,0.2096,-32.653
3995,37.5,188.178,0.2093,-32.738
3996,37.5,191.066,0.209,-32.823
3997,37.5,193.999,0.2088,-32.909
3998,37.5,196.977,0.2085,-32.982
3999,37.5,200.0,0.2083,-33.047
4000,40.0,0.1,0.4093,-0.74
4001,40.0,0.102,0.4093,-0.752
4002,40.0,0.103,0.4093,-0.759
4003,40.0,0.105,0.4093,-0.772
4004,40.0,0.106,0.4092,-0.779
4005,40.0,0.108,0.4092,-0.792
4006,40.0,0.11,0.4092,-0.805
4007,40.0,0.111,0.4092,-0.811
4008,40.0,0.113,0.4092,-0.825
4009,40.0,0.115,0.4091,-0.838
4010,40.0,0.116,0.4091,-0.844
4011,40.0,0.118,0.4091,-0.857
4012,40.0,0.12,0.4091,-0.87
4013,40.0,0.122,0.409,-0.882
4014,40.0,0.124,0.409,-0.894
4015,40.0,0.126,0.409,-0.906
4016,40.0,0.128,0.409,-0.918
4017,40.0,0.13,0.4089,-0.93
4018,40.0,0.132,0.4089,-0.942
4019,40.0,0.134,0.4089,-0.954
4020,40.0,0.136,0.4089,-0.966
4021,40.0,0.138,0.4088,-0.978
4022,40.0,0.14,0.4088,-0.991
4023,40.0,0.142,0.4088,-1.003
4024,40.0,0.144,0.4087,-1.015
4025,40.0,0.146,0.4087,-1.028
4026,40.0,0.149,0.4087,-1.046
4027,40.0,0.151,0.4086,-1.058
4028,40.0,0.153,0.4086,-1.07
4029,40.0,0.156,0.4086,-1.088
4030,40.0,0.158,0.4085,-1.1
4031,40.0,0.16,0.4085,-1.112
4032,40.0,0.163,0.4085,-1.129
4033,40.0,0.165,0.4085,-1.14
4034,40.0,0.168,0.4084,-1.156
4035,40.0,0.17,0.4084,-1.167
4036,40.0,0.173,0.4083,-1.184
4037,40.0,0.176,0.4083,-1.201
4038,40.0,0.178,0.4083,-1.212
4039,40.0,0.181,0.4082,-1.229
4040,40.0,0.184,0.4082,-1.246
4041,40.0,0.187,0.4081,-1.264
4042,40.0,0.19,0.4081,-1.281
4043,40.0,0.193,0.408,-1.298
4044,40.0,0.195,0.408,-1.309
4045,40.0,0.198,0.4079,-1.326
4046,40.0,0.202,0.4079,-1.349
4047,40.0,0.205,0.4078,-1.366
4048,40.0,0.208,0.4078,-1.382
4049,40.0,0.211,0.4077,-1.398
4050,40.0,0.214,0.4077,-1.414
4051,40.0,0.217,0.4076,-1.429
4052,40.0,0.221,0.4076,-1.45
4053,40.0,0.224,0.4075,-1.465
4054,40.0,0.228,0.4075,-1.485
4055,40.0,0.231,0.4074,-1.5
4056,40.0,0.235,0.4073,-1.521
4057,40.0,0.238,0.4073,-1.536
4058,40.0,0.242,0.4072,-1.557
4059,40.0,0.246,0.4071,-1.578
4060,40.0,0.249,0.4071,-1.594
4061,40.0,0.253,0.407,-1.615
4062,40.0,0.257,0.4069,-1.636
4063,40.0,0.261,0.4069,-1.657
4064,40.0,0.265,0.4068,-1.677
4065,40.0,0.269,0.4067,-1.698
4066,40.0,0.273,0.4066,-1.718
4067,40.0,0.277,0.4066,-1.738
4068,40.0,0.282,0.4065,-1.763
4069,40.0,0.286,0.4064,-1.782
4070,40.0,0.29,0.4064,-1.801
4071,40.0,0.295,0.4063,-1.823
4072,40.0,0.299,0.4062,-1.841
4073,40.0,0.304,0.4061,-1.864
4074,40.0,0.309,0.406,-1.887
4075,40.0,0.313,0.4059,-1.905
4076,40.0,0.318,0.4058,-1.929
4077,40.0,0.323,0.4057,-1.952
4078,40.0,0.328,0.4056,-1.976
4079,40.0,0.333,0.4055,-1.999
4080,40.0,0.338,0.4054,-2.023
4081,40.0,0.343,0.4053,-2.047
4082,40.0,0.349,0.4052,-2.075
4083,40.0,0.354,0.4051,-2.098
4084,40.0,0.359,0.405,-2.121
4085,40.0,0.365,0.4049,-2.149
4086,40.0,0.371,0.4048,-2.176
4087,40.0,0.376,0.4047,-2.198
4088,40.0,0.382,0.4046,-2.224
4089,40.0,0.388,0.4045,-2.249
4090,40.0,0.394,0.4044,-2.274
4091,40.0,0.4,0.4043,-2.299
4092,40.0,0.406,0.4042,-2.322
4093,40.0,0.412,0.4041,-2.346
4094,40.0,0.419,0.4039,-2.374
4095,40.0,0.425,0.4038,-2.399
4096,40.0,0.432,0.4036,-2.427
4097,40.0,0.438,0.4035,-2.452
4098,40.0,0.445,0.4034,-2.481
4099,40.0,0.452,0.4032,-2.511
4100,40.0,0.459,0.4031,-2.54
4101,40.0,0.466,0.4029,-2.569
4102,40.0,0.473,0.4028,-2.598
4103,40.0,0.48,0.4026,-2.627
4104,40.0,0.488,0.4025,-2.659
4105,40.0,0.495,0.4023,-2.688
4106,40.0,0.503,0.4022,-2.72
4107,40.0,0.51,0.402,-2.747
4108,40.0,0.518,0.4019,-2.778
4109,40.0,0.526,0.4017,-2.808
4110,40.0,0.534,0.4016,-2.838
4111,40.0,0.542,0.4014,-2.867
4112,40.0,0.551,0.4013,-2.898
4113,40.0,0.559,0.4011,-2.925
4114,40.0,0.568,0.4009,-2.956
4115,40.0,0.576,0.4008,-2.983
4116,40.0,0.585,0.4006,-3.015
4117,40.0,0.594,0.4004,-3.046
4118,40.0,0.603,0.4002,-3.078
4119,40.0,0.613,0.4,-3.114
4120,40.0,0.622,0.3998,-3.146
4121,40.0,0.632,0.3996,-3.182
4122,40.0,0.641,0.3994,-3.214
4123,40.0,0.651,0.3992,-3.25
4124,40.0,0.661,0.399,-3.286
4125,40.0,0.671,0.3988,-3.321
4126,40.0,0.682,0.3985,-3.36
4127,40.0,0.692,0.3983,-3.394
4128,40.0,0.703,0.3981,-3.432
4129,40.0,0.713,0.3979,-3.465
4130,40.0,0.724,0.3977,-3.501
4131,40.0,0.736,0.3974,-3.54
4132,40.0,0.747,0.3972,-3.574
4133,40.0,0.758,0.397,-3.608
4134,40.0,0.77,0.3968,-3.643
4135,40.0,0.782,0.3966,-3.678
4136,40.0,0.794,0.3964,-3.711
4137,40.0,0.806,0.3961,-3.746
4138,40.0,0.818,0.3959,-3.78
4139,40.0,0.831,0.3956,-3.818
4140,40.0,0.844,0.3954,-3.857
4141,40.0,0.857,0.3951,-3.895
4142,40.0,0.87,0.3948,-3.934
4143,40.0,0.883,0.3946,-3.973
4144,40.0,0.897,0.3943,-4.015
4145,40.0,0.91,0.394,-4.054
4146,40.0,0.924,0.3937,-4.096
4147,40.0,0.939,0.3934,-4.141
4148,40.0,0.953,0.3931,-4.182
4149,40.0,0.968,0.3928,-4.226
4150,40.0,0.982,0.3925,-4.266
4151,40.0,0.997,0.3922,-4.309
4152,40.0,1.013,0.3919,-4.354
4153,40.0,1.028,0.3916,-4.395
4154,40.0,1.044,0.3913,-4.438
4155,40.0,1.06,0.391,-4.48
4156,40.0,1.076,0.3907,-4.521
4157,40.0,1.093,0.3904,-4.563
4158,40.0,1.11,0.3901,-4.603
4159,40.0,1.127,0.3899,-4.642
4160,40.0,1.144,0.3896,-4.68
4161,40.0,1.162,0.3892,-4.722
4162,40.0,1.179,0.3889,-4.761
4163,40.0,1.198,0.3886,-4.806
4164,40.0,1.216,0.3882,-4.849
4165,40.0,1.235,0.3879,-4.894
4166,40.0,1.254,0.3875,-4.94
4167,40.0,1.273,0.3871,-4.986
4168,40.0,1.292,0.3868,-5.032
4169,40.0,1.312,0.3864,-5.081
4170,40.0,1.332,0.386,-5.129
4171,40.0,1.353,0.3856,-5.18
4172,40.0,1.374,0.3852,-5.23
4173,40.0,1.395,0.3848,-5.28
4174,40.0,1.416,0.3844,-5.33
4175,40.0,1.438,0.384,-5.381
4176,40.0,1.46,0.3836,-5.432
4177,40.0,1.482,0.3832,-5.481
4178,40.0,1.505,0.3828,-5.532
4179,40.0,1.528,0.3824,-5.582
4180,40.0,1.552,0.382,-5.632
4181,40.0,1.575,0.3816,-5.679
4182,40.0,1.599,0.3813,-5.726
4183,40.0,1.624,0.3809,-5.774
4184,40.0,1.649,0.3805,-5.82
4185,40.0,1.674,0.3802,-5.863
4186,40.0,1.7,0.3798,-5.909
4187,40.0,1.726,0.3794,-5.955
4188,40.0,1.753,0.379,-6.003
4189,40.0,1.779,0.3785,-6.05
4190,40.0,1.807,0.3781,-6.102
4191,40.0,1.835,0.3776,-6.153
4192,40.0,1.863,0.3772,-6.206
4193,40.0,1.891,0.3767,-6.258
4194,40.0,1.92,0.3763,-6.313
4195,40.0,1.95,0.3758,-6.369
4196,40.0,1.98,0.3753,-6.426
4197,40.0,2.01,0.3748,-6.483
4198,40.0,2.041,0.3743,-6.541
4199,40.0,2.072,0.3738,-6.599
4200,40.0,2.104,0.3733,-6.658
4201,40.0,2.136,0.3727,-6.717
4202,40.0,2.169,0.3722,-6.777
4203,40.0,2.202,0.3717,-6.835
4204,40.0,2.236,0.3712,-6.895
4205,40.0,2.271,0.3707,-6.955
4206,40.0,2.305,0.3702,-7.012
4207,40.0,2.341,0.3697,-7.071
4208,40.0,2.377,0.3692,-7.128
4209,40.0,2.413,0.3687,-7.184
4210,40.0,2.45,0.3682,-7.238
4211,40.0,2.488,0.3677,-7.292
4212,40.0,2.526,0.3673,-7.344
4213,40.0,2.565,0.3668,-7.394
4214,40.0,2.604,0.3664,-7.443
4215,40.0,2.644,0.3659,-7.495
4216,40.0,2.685,0.3654,-7.549
4217,40.0,2.726,0.3649,-7.604
4218,40.0,2.768,0.3644,-7.66
4219,40.0,2.81,0.3639,-7.717
4220,40.0,2.853,0.3634,-7.777
4221,40.0,2.897,0.3628,-7.838
4222,40.0,2.942,0.3622,-7.9
4223,40.0,2.987,0.3617,-7.963
4224,40.0,3.033,0.3611,-8.028
4225,40.0,3.079,0.3605,-8.093
4226,40.0,3.126,0.3599,-8.159
4227,40.0,3.174,0.3593,-8.226
4228,40.0,3.223,0.3586,-8.294
4229,40.0,3.273,0.358,-8.364
4230,40.0,3.323,0.3574,-8.432
4231,40.0,3.374,0.3568,-8.502
4232,40.0,3.426,0.3561,-8.571
4233,40.0,3.478,0.3555,-8.64
4234,40.0,3.532,0.3549,-8.71
4235,40.0,3.586,0.3542,-8.778
4236,40.0,3.641,0.3536,-8.847
4237,40.0,3.697,0.353,-8.914
4238,40.0,3.754,0.3524,-8.981
4239,40.0,3.811,0.3518,-9.045
4240,40.0,3.87,0.3512,-9.109
4241,40.0,3.929,0.3507,-9.17
4242,40.0,3.989,0.3501,-9.23
4243,40.0,4.051,0.3496,-9.288
4244,40.0,4.113,0.3491,-9.344
4245,40.0,4.176,0.3486,-9.4
4246,40.0,4.24,0.3481,-9.458
4247,40.0,4.305,0.3475,-9.518
4248,40.0,4.371,0.347,-9.579
4249,40.0,4.438,0.3464,-9.643
4250,40.0,4.506,0.3458,-9.708
4251,40.0,4.575,0.3452,-9.775
4252,40.0,4.646,0.3446,-9.844
4253,40.0,4.717,0.344,-9.914
4254,40.0,4.789,0.3433,-9.985
4255,40.0,4.863,0.3427,-10.059
4256,40.0,4.938,0.342,-10.133
4257,40.0,5.013,0.3413,-10.208
4258,40.0,5.09,0.3406,-10.285
4259,40.0,5.168,0.3399,-10.363
4260,40.0,5.248,0.3392,-10.442
4261,40.0,5.328,0.3385,-10.521
4262,40.0,5.41,0.3378,-10.602
4263,40.0,5.493,0.3371,-10.682
4264,40.0,5.577,0.3363,-10.763
4265,40.0,5.663,0.3356,-10.844
4266,40.0,5.75,0.3349,-10.925
4267,40.0,5.838,0.3341,-11.006
4268,40.0,5.928,0.3334,-11.086
4269,40.0,6.019,0.3327,-11.166
4270,40.0,6.111,0.332,-11.244
4271,40.0,6.205,0.3313,-11.321
4272,40.0,6.3,0.3306,-11.396
4273,40.0,6.397,0.33,-11.47
4274,40.0,6.495,0.3293,-11.542
4275,40.0,6.595,0.3287,-11.612
4276,40.0,6.696,0.3281,-11.678
4277,40.0,6.799,0.3275,-11.742
4278,40.0,6.903,0.327,-11.803
4279,40.0,7.009,0.3265,-11.867
4280,40.0,7.117,0.3259,-11.932
4281,40.0,7.226,0.3254,-11.999
4282,40.0,7.337,0.3248,-12.069
4283,40.0,7.45,0.3242,-12.14
4284,40.0,7.564,0.3236,-12.213
4285,40.0,7.68,0.323,-12.288
4286,40.0,7.798,0.3223,-12.366
4287,40.0,7.918,0.3217,-12.445
4288,40.0,8.039,0.321,-12.525
4289,40.0,8.162,0.3203,-12.607
4290,40.0,8.288,0.3196,-12.692
4291,40.0,8.415,0.3189,-12.777
4292,40.0,8.544,0.3182,-12.864
4293,40.0,8.675,0.3175,-12.952
4294,40.0,8.808,0.3167,-13.042
4295,40.0,8.944,0.316,-13.133
4296,40.0,9.081,0.3152,-13.225
4297,40.0,9.22,0.3144,-13.317
4298,40.0,9.362,0.3136,-13.411
4299,40.0,9.505,0.3129,-13.504
4300,40.0,9.651,0.3121,-13.598
4301,40.0,9.799,0.3113,-13.693
4302,40.0,9.95,0.3105,-13.788
4303,40.0,10.103,0.3097,-13.882
4304,40.0,10.258,0.309,-13.975
4305,40.0,10.415,0.3082,-14.068
4306,40.0,10.575,0.3074,-14.16
4307,40.0,10.737,0.3067,-14.25
4308,40.0,10.902,0.3059,-14.339
4309,40.0,11.069,0.3052,-14.425
4310,40.0,11.239,0.3045,-14.51
4311,40.0,11.412,0.3038,-14.592
4312,40.0,11.587,0.3032,-14.671
4313,40.0,11.765,0.3026,-14.747
4314,40.0,11.945,0.302,-14.818
4315,40.0,12.129,0.3014,-14.888
4316,40.0,12.315,0.3009,-14.959
4317,40.0,12.504,0.3004,-15.032
4318,40.0,12.696,0.2998,-15.108
4319,40.0,12.891,0.2993,-15.186
4320,40.0,13.089,0.2987,-15.265
4321,40.0,13.289,0.2981,-15.347
4322,40.0,13.493,0.2975,-15.431
4323,40.0,13.701,0.2969,-15.517
4324,40.0,13.911,0.2963,-15.605
4325,40.0,14.124,0.2957,-15.695
4326,40.0,14.341,0.295,-15.787
4327,40.0,14.561,0.2943,-15.88
4328,40.0,14.785,0.2936,-15.976
4329,40.0,15.012,0.2929,-16.073
4330,40.0,15.242,0.2922,-16.172
4331,40.0,15.476,0.2915,-16.272
4332,40.0,15.714,0.2908,-16.374
4333,40.0,15.955,0.2901,-16.477
4334,40.0,16.2,0.2893,-16.582
4335,40.0,16.448,0.2885,-16.688
4336,40.0,16.701,0.2878,-16.795
4337,40.0,16.957,0.287,-16.902
4338,40.0,17.217,0.2862,-17.011
4339,40.0,17.482,0.2855,-17.121
4340,40.0,17.75,0.2847,-17.231
4341,40.0,18.022,0.2839,-17.341
4342,40.0,18.299,0.2831,-17.451
4343,40.0,18.58,0.2823,-17.56
4344,40.0,18.865,0.2815,-17.669
4345,40.0,19.155,0.2808,-17.777
4346,40.0,19.449,0.28,-17.885
4347,40.0,19.747,0.2792,-17.99
4348,40.0,20.05,0.2785,-18.094
4349,40.0,20.358,0.2778,-18.195
4350,40.0,20.671,0.2771,-18.294
4351,40.0,20.988,0.2764,-18.389
4352,40.0,21.31,0.2757,-18.481
4353,40.0,21.637,0.2751,-18.57
4354,40.0,21.969,0.2745,-18.655
4355,40.0,22.306,0.2739,-18.736
4356,40.0,22.649,0.2734,-18.816
4357,40.0,22.996,0.273,-18.897
4358,40.0,23.349,0.2725,-18.981
4359,40.0,23.708,0.272,-19.068
4360,40.0,24.072,0.2715,-19.156
4361,40.0,24.441,0.271,-19.247
4362,40.0,24.816,0.2704,-19.339
4363,40.0,25.197,0.2699,-19.435
4364,40.0,25.584,0.2693,-19.532
4365,40.0,25.977,0.2687,-19.631
4366,40.0,26.375,0.2682,-19.732
4367,40.0,26.78,0.2676,-19.835
4368,40.0,27.191,0.267,-19.94
4369,40.0,27.608,0.2663,-20.047
4370,40.0,28.032,0.2657,-20.156
4371,40.0,28.462,0.2651,-20.267
4372,40.0,28.899,0.2644,-20.379
4373,40.0,29.343,0.2638,-20.494
4374,40.0,29.793,0.2631,-20.61
4375,40.0,30.251,0.2624,-20.727
4376,40.0,30.715,0.2617,-20.844
4377,40.0,31.186,0.2611,-20.963
4378,40.0,31.665,0.2604,-21.083
4379,40.0,32.151,0.2597,-21.205
4380,40.0,32.645,0.259,-21.328
4381,40.0,33.146,0.2582,-21.452
4382,40.0,33.654,0.2575,-21.578
4383,40.0,34.171,0.2568,-21.706
4384,40.0,34.695,0.2561,-21.832
4385,40.0,35.228,0.2553,-21.956
4386,40.0,35.769,0.2546,-22.077
4387,40.0,36.318,0.254,-22.197
4388,40.0,36.875,0.2533,-22.316
4389,40.0,37.441,0.2526,-22.435
4390,40.0,38.016,0.2519,-22.555
4391,40.0,38.599,0.2512,-22.676
4392,40.0,39.192,0.2505,-22.797
4393,40.0,39.793,0.2498,-22.915
4394,40.0,40.404,0.2492,-23.03
4395,40.0,41.024,0.2485,-23.141
4396,40.0,41.654,0.2479,-23.246
4397,40.0,42.293,0.2473,-23.348
4398,40.0,42.942,0.2468,-23.446
4399,40.0,43.601,0.2462,-23.54
4400,40.0,44.271,0.2457,-23.631
4401,40.0,44.95,0.2453,-23.721
4402,40.0,45.64,0.2449,-23.814
4403,40.0,46.341,0.2445,-23.909
4404,40.0,47.052,0.244,-24.006
4405,40.0,47.774,0.2436,-24.104
4406,40.0,48.507,0.2432,-24.205
4407,40.0,49.252,0.2427,-24.307
4408,40.0,50.008,0.2423,-24.411
4409,40.0,50.775,0.2418,-24.516
4410,40.0,51.555,0.2413,-24.623
4411,40.0,52.346,0.2409,-24.732
4412,40.0,53.15,0.2404,-24.843
4413,40.0,53.965,0.2399,-24.956
4414,40.0,54.794,0.2394,-25.071
4415,40.0,55.635,0.2389,-25.188
4416,40.0,56.489,0.2383,-25.306
4417,40.0,57.356,0.2378,-25.426
4418,40.0,58.236,0.2373,-25.547
4419,40.0,59.13,0.2367,-25.669
4420,40.0,60.037,0.2362,-25.793
4421,40.0,60.959,0.2357,-25.919
4422,40.0,61.895,0.2351,-26.045
4423,40.0,62.845,0.2345,-26.173
4424,40.0,63.809,0.234,-26.302
4425,40.0,64.789,0.2334,-26.431
4426,40.0,65.783,0.2328,-26.562
4427,40.0,66.793,0.2323,-26.692
4428,40.0,67.818,0.2317,-26.823
4429,40.0,68.859,0.2311,-26.955
4430,40.0,69.916,0.2305,-27.087
4431,40.0,70.989,0.23,-27.221
4432,40.0,72.078,0.2294,-27.352
4433,40.0,73.185,0.2288,-27.482
4434,40.0,74.308,0.2282,-27.612
4435,40.0,75.449,0.2277,-27.743
4436,40.0,76.607,0.2271,-27.873
4437,40.0,77.783,0.2265,-27.999
4438,40.0,78.976,0.226,-28.123
4439,40.0,80.189,0.2255,-28.249
4440,40.0,81.419,0.2249,-28.374
4441,40.0,82.669,0.2244,-28.5
4442,40.0,83.938,0.2238,-28.62
4443,40.0,85.226,0.2233,-28.738
4444,40.0,86.534,0.2228,-28.853
4445,40.0,87.863,0.2223,-28.965
4446,40.0,89.211,0.2218,-29.076
4447,40.0,90.581,0.2214,-29.182
4448,40.0,91.971,0.2209,-29.283
4449,40.0,93.382,0.2205,-29.383
4450,40.0,94.816,0.2201,-29.482
4451,40.0,96.271,0.2196,-29.581
4452,40.0,97.749,0.2192,-29.682
4453,40.0,99.249,0.2188,-29.78
4454,40.0,100.772,0.2184,-29.874
4455,40.0,102.319,0.2181,-29.968
4456,40.0,103.89,0.2178,-30.062
4457,40.0,105.484,0.2175,-30.158
4458,40.0,107.103,0.2172,-30.255
4459,40.0,108.747,0.2169,-30.354
4460,40.0,110.416,0.2166,-30.453
4461,40.0,112.111,0.2162,-30.552
4462,40.0,113.832,0.2159,-30.653
4463,40.0,115.579,0.2156,-30.754
4464,40.0,117.353,0.2153,-30.856
4465,40.0,119.154,0.2149,-30.96
4466,40.0,120.983,0.2146,-31.064
4467,40.0,122.84,0.2143,-31.17
4468,40.0,124.726,0.2139,-31.276
4469,40.0,126.64,0.2136,-31.384
4470,40.0,128.584,0.2133,-31.492
4471,40.0,130.558,0.2129,-31.603
4472,40.0,132.561,0.2126,-31.714
4473,40.0,134.596,0.2122,-31.824
4474,40.0,136.662,0.2119,-31.935
4475,40.0,138.76,0.2115,-32.044
4476,40.0,140.889,0.2112,-32.151
4477,40.0,143.052,0.2108,-32.259
4478,40.0,145.248,0.2105,-32.365
4479,40.0,147.477,0.2102,-32.471
4480,40.0,149.741,0.2098,-32.577
4481,40.0,152.039,0.2095,-32.683
4482,40.0,154.373,0.2091,-32.788
4483,40.0,156.742,0.2088,-32.892
4484,40.0,159.148,0.2085,-32.996
4485,40.0,161.591,0.2082,-33.1
4486,40.0,164.071,0.2078,-33.204
4487,40.0,166.589,0.2075,-33.307
4488,40.0,169.146,0.2072,-33.41
4489,40.0,171.742,0.2068,-33.514
4490,40.0,174.378,0.2065,-33.618
4491,40.0,177.055,0.2062,-33.721
4492,40.0,179.772,0.2059,-33.825
4493,40.0,182.532,0.2055,-33.927
4494,40.0,185.333,0.2052,-34.029
4495,40.0,188.178,0.2049,-34.132
4496,40.0,191.066,0.2046,-34.234
4497,40.0,193.999,0.2042,-34.336
4498,40.0,196.977,0.204,-34.424
4499,40.0,200.0,0.2037,-34.501
