Stage,Epoch,Theta Loss,Psi Loss,Physics Loss,Total Loss
Adam,0,0.019168593,572.78253,0.00069193426,8.706904
Adam,1,0.012676662,270.98074,0.00057806587,4.6980166
Adam,2,0.0074340883,125.12039,0.00051630073,2.4437623
Adam,3,0.004199526,65.63864,0.0004959697,1.3607106
Adam,4,0.0027006492,47.111134,0.00050115475,0.95138186
Adam,5,0.0022503922,45.281384,0.00048612623,0.8632916
Adam,6,0.0022646913,48.478184,0.00048281977,0.8969085
Adam,7,0.0024007922,51.565308,0.0005085159,0.95204926
Adam,8,0.002503649,52.707817,0.0005220834,0.9809381
Adam,9,0.0025219896,51.616932,0.00052991457,0.9739549
Adam,10,0.0024524105,48.71954,0.000537153,0.9356299
Adam,11,0.0023107282,44.77372,0.00052798557,0.8735443
Adam,12,0.0021186573,40.622555,0.0005010446,0.79918087
Adam,13,0.001898017,36.941578,0.0004661774,0.7240449
Adam,14,0.0016689503,34.067448,0.00042664,0.655013
Adam,15,0.0014503403,32.02837,0.00038603548,0.59574
Adam,16,0.0012597789,30.570257,0.0003431006,0.5461345
Adam,17,0.0011121422,29.306572,0.0002970993,0.50445193
Adam,18,0.0010159725,27.88728,0.0002509445,0.46891034
Adam,19,0.0009691671,26.10257,0.00020780218,0.43757108
Adam,20,0.0009576356,23.934982,0.00016973953,0.40845606
Adam,21,0.00095986936,21.571617,0.00013803382,0.38040164
Adam,22,0.00095618423,19.360245,0.0001137843,0.35409772
Adam,23,0.0009367878,17.690123,9.766071e-05,0.3320685
Adam,24,0.0009034016,16.828094,8.8881075e-05,0.31712332
Adam,25,0.0008643705,16.79339,8.491458e-05,0.31032667
Adam,26,0.0008275807,17.34275,8.285437e-05,0.3099928
Adam,27,0.0007958367,18.066442,8.089139e-05,0.31217363
Adam,28,0.00076666725,18.536446,7.8403464e-05,0.3121251
Adam,29,0.00073537044,18.440466,7.535024e-05,0.30601275
Adam,30,0.00069865136,17.663279,7.186397e-05,0.29221007
Adam,31,0.0006567014,16.30485,6.8156e-05,0.2717771
Adam,32,0.00061302615,14.640721,6.4563435e-05,0.24804565
Adam,33,0.00057256315,13.033494,6.154843e-05,0.2254517
Adam,34,0.00053925836,11.8109255,5.953408e-05,0.20792812
Adam,35,0.0005143336,11.14356,5.863829e-05,0.19738138
Adam,36,0.0004960695,10.9756975,5.855102e-05,0.19295006
Adam,37,0.00048111234,11.058635,5.8703183e-05,0.19155869
Adam,38,0.00046645245,11.083761,5.855362e-05,0.18958852
Adam,39,0.0004508504,10.841327,5.7737707e-05,0.18470149
Adam,40,0.00043495907,10.307378,5.6043762e-05,0.17672421
Adam,41,0.0004202952,9.615492,5.3352327e-05,0.16720204
Adam,42,0.00040784414,8.950256,4.964845e-05,0.15812644
Adam,43,0.0003971235,8.439316,4.512136e-05,0.15072988
Adam,44,0.000386183,8.102827,4.028094e-05,0.14499785
Adam,45,0.0003725313,7.872552,3.596445e-05,0.13999988
Adam,46,0.00035452883,7.6531987,3.312081e-05,0.13467942
Adam,47,0.00033252765,7.384416,3.2408185e-05,0.12858453
Adam,48,0.00030909997,7.071643,3.386527e-05,0.12216121
Adam,49,0.00028807623,6.774243,3.693489e-05,0.116494104
Adam,50,0.00027268947,6.5603733,4.0792165e-05,0.11262598
Adam,51,0.00026372922,6.45514,4.4665183e-05,0.110810556
Adam,52,0.00025891777,6.4167223,4.797174e-05,0.11020065
Adam,53,0.00025424242,6.361836,5.033995e-05,0.10930571
Adam,54,0.00024654763,6.2248726,5.161843e-05,0.10697363
Adam,55,0.00023548346,6.003368,5.1891344e-05,0.1031399
Adam,56,0.00022333061,5.7527065,5.1457508e-05,0.09874528
Adam,57,0.00021302895,5.5387573,5.074512e-05,0.094953686
Adam,58,0.0002061166,5.3913946,5.018052e-05,0.09235851
Adam,59,0.00020202347,5.293232,5.0063452e-05,0.09074535
Adam,60,0.00019885943,5.2035756,5.049952e-05,0.0894396
Adam,61,0.00019480863,5.092579,5.141085e-05,0.08785871
Adam,62,0.00018912139,4.9599953,5.260592e-05,0.08585905
Adam,63,0.00018223366,4.8291554,5.386764e-05,0.08370675
Adam,64,0.00017517588,4.7245283,5.5020195e-05,0.0817747
Adam,65,0.00016880766,4.650996,5.5960525e-05,0.080225185
Adam,66,0.0001633885,4.590239,5.665909e-05,0.07890953
Adam,67,0.00015868455,4.5164785,5.714338e-05,0.07753897
Adam,68,0.00015439851,4.4183607,5.747367e-05,0.075964436
Adam,69,0.00015050404,4.308567,5.7717516e-05,0.0743189
Adam,70,0.00014721479,4.213557,5.7931175e-05,0.07290746
Adam,71,0.00014467962,4.152905,5.8155583e-05,0.071954325
Adam,72,0.00014273354,4.1255684,5.8426645e-05,0.071429715
Adam,73,0.00014094898,4.1128626,5.8787256e-05,0.07108906
Adam,74,0.0001389353,4.093576,5.928642e-05,0.07066902
Adam,75,0.00013661014,4.0581303,5.995964e-05,0.070066765
Adam,76,0.00013420526,4.0115886,6.080098e-05,0.06936682
Adam,77,0.00013202339,3.9654367,6.174348e-05,0.068719395
Adam,78,0.0001301832,3.9266768,6.2663246e-05,0.06819373
Adam,79,0.00012857879,3.8935432,6.3413194e-05,0.06773423
Adam,80,0.00012705832,3.860129,6.387622e-05,0.06724147
Adam,81,0.00012561656,3.823893,6.4012514e-05,0.06668329
Adam,82,0.00012439792,3.7883685,6.3876956e-05,0.066124916
Adam,83,0.00012351162,3.759116,6.36023e-05,0.06565825
Adam,84,0.0001228433,3.7377725,6.336517e-05,0.06530899
Adam,85,0.00012205798,3.7202265,6.3346706e-05,0.06501297
Adam,86,0.000120840974,3.7006829,6.368553e-05,0.06468581
Adam,87,0.00011913957,3.677251,6.43538e-05,0.06429652
Adam,88,0.00011716903,3.652167,6.5315755e-05,0.06389439
Adam,89,0.00011524557,3.6291382,6.6441185e-05,0.0635444
Adam,90,0.00011359103,3.609462,6.754367e-05,0.063264824
Adam,91,0.00011225457,3.5911932,6.844022e-05,0.063016154
Adam,92,0.00011118218,3.5716846,6.900451e-05,0.06274485
Adam,93,0.00011032983,3.550458,6.92033e-05,0.06243455
Adam,94,0.000109696564,3.5293446,6.910044e-05,0.062112994
Adam,95,0.00010926553,3.5101376,6.882705e-05,0.061815266
Adam,96,0.00010894623,3.4926121,6.853277e-05,0.061547972
Adam,97,0.00010859699,3.475024,6.8347894e-05,0.06129197
Adam,98,0.0001081074,3.4562228,6.8356785e-05,0.061031856
Adam,99,0.00010745872,3.4368696,6.857563e-05,0.06077385
Adam,100,0.000106711166,3.4186063,6.8956964e-05,0.06053628
Adam,101,0.00010594182,3.4022918,6.941347e-05,0.06032621
Adam,102,0.000105196385,3.3872921,6.985016e-05,0.060129903
Adam,103,0.00010448589,3.372437,7.019757e-05,0.05992689
Adam,104,0.000103809376,3.3574026,7.043405e-05,0.05971054
Adam,105,0.00010316367,3.342915,7.0589405e-05,0.05949211
Adam,106,0.00010253183,3.3296933,7.072787e-05,0.059285887
Adam,107,0.00010187601,3.3174496,7.091838e-05,0.059093654
Adam,108,0.000101156475,3.305072,7.1210845e-05,0.058905818
Adam,109,0.00010036379,3.2917151,7.162013e-05,0.05871474
Adam,110,9.953317e-05,3.2775216,7.211512e-05,0.058522463
Adam,111,9.872599e-05,3.2633095,7.2628296e-05,0.058336236
Adam,112,9.799712e-05,3.249743,7.308018e-05,0.058159024
Adam,113,9.7375356e-05,3.236908,7.340656e-05,0.057986364
Adam,114,9.686414e-05,3.2245936,7.3581454e-05,0.057812776
Adam,115,9.6448406e-05,3.212742,7.362613e-05,0.0576386
Adam,116,9.609384e-05,3.2014582,7.359925e-05,0.057468545
Adam,117,9.574626e-05,3.1906824,7.3572046e-05,0.057304572
Adam,118,9.534537e-05,3.1800435,7.36114e-05,0.05714395
Adam,119,9.4852156e-05,3.1691484,7.375988e-05,0.05698329
Adam,120,9.426951e-05,3.1579669,7.401523e-05,0.056822382
Adam,121,9.363928e-05,3.1468456,7.433485e-05,0.05666457
Adam,122,9.301766e-05,3.1361568,7.465577e-05,0.056512587
Adam,123,9.2449554e-05,3.1260042,7.491809e-05,0.05636519
Adam,124,9.1957896e-05,3.1163127,7.508298e-05,0.056219257
Adam,125,9.154505e-05,3.1070194,7.5143325e-05,0.05607345
Adam,126,9.119496e-05,3.098033,7.512699e-05,0.05592862
Adam,127,9.087718e-05,3.089167,7.508501e-05,0.055786
Adam,128,9.0554146e-05,3.0801833,7.506862e-05,0.05564525
Adam,129,9.0194204e-05,3.0709286,7.511209e-05,0.055505227
Adam,130,8.97853e-05,3.0614643,7.522388e-05,0.055366017
Adam,131,8.933813e-05,3.0520508,7.538717e-05,0.055229306
Adam,132,8.8877074e-05,3.0429401,7.556814e-05,0.055096183
Adam,133,8.842648e-05,3.0342355,7.573036e-05,0.05496588
Adam,134,8.800154e-05,3.0258734,7.585116e-05,0.05483664
Adam,135,8.7604996e-05,3.0177314,7.593127e-05,0.054707754
Adam,136,8.7228575e-05,3.0097344,7.598841e-05,0.05457989
Adam,137,8.685592e-05,3.0017838,7.604897e-05,0.05445357
Adam,138,8.6470456e-05,2.993719,7.613756e-05,0.054328393
Adam,139,8.606549e-05,2.9854302,7.62641e-05,0.05420374
Adam,140,8.5649444e-05,2.976984,7.641784e-05,0.054079935
Adam,141,8.524178e-05,2.9685733,7.6571014e-05,0.05395765
Adam,142,8.48623e-05,2.9603767,7.66926e-05,0.053837
Adam,143,8.452237e-05,2.952473,7.676187e-05,0.053717364
Adam,144,8.4221e-05,2.9448647,7.6775694e-05,0.05359815
Adam,145,8.394519e-05,2.9375114,7.675095e-05,0.053479534
Adam,146,8.3674146e-05,2.930326,7.6716715e-05,0.05336189
Adam,147,8.338677e-05,2.9231899,7.6701224e-05,0.053245097
Adam,148,8.3070845e-05,2.9160101,7.67201e-05,0.05312874
Adam,149,8.2728846e-05,2.9087965,7.677159e-05,0.053013027
Adam,150,8.237624e-05,2.9016511,7.683804e-05,0.052898653
Adam,151,8.2033934e-05,2.8947022,7.689424e-05,0.05278625
Adam,152,8.171884e-05,2.8880258,7.691992e-05,0.05267607
Adam,153,8.143838e-05,2.8816187,7.690875e-05,0.052568253
Adam,154,8.1188424e-05,2.8753645,7.68716e-05,0.052462645
Adam,155,8.095439e-05,2.869032,7.683277e-05,0.052358393
Adam,156,8.0716956e-05,2.8623767,7.681822e-05,0.052254044
Adam,157,8.045825e-05,2.8553047,7.684619e-05,0.05214871
Adam,158,8.016762e-05,2.8478713,7.692456e-05,0.05204254
Adam,159,7.98451e-05,2.840236,7.704782e-05,0.051936295
Adam,160,7.95008e-05,2.832598,7.7197634e-05,0.051830743
Adam,161,7.914967e-05,2.8251195,7.735021e-05,0.051726177
Adam,162,7.880534e-05,2.8178992,7.748561e-05,0.051622633
Adam,163,7.8475794e-05,2.8109646,7.759421e-05,0.051520146
Adam,164,7.816241e-05,2.804282,7.76778e-05,0.051418856
Adam,165,7.786188e-05,2.797763,7.774539e-05,0.05131872
Adam,166,7.757007e-05,2.7913084,7.780667e-05,0.051219594
Adam,167,7.7285426e-05,2.7848413,7.786717e-05,0.051121302
Adam,168,7.700962e-05,2.778328,7.7925804e-05,0.05102359
Adam,169,7.674593e-05,2.7718027,7.797542e-05,0.050926227
Adam,170,7.649585e-05,2.7653525,7.8009245e-05,0.050829288
Adam,171,7.625664e-05,2.759033,7.802631e-05,0.05073277
Adam,172,7.602059e-05,2.7528543,7.803292e-05,0.050636567
Adam,173,7.577722e-05,2.7467735,7.804199e-05,0.05054062
Adam,174,7.5518416e-05,2.7407367,7.806589e-05,0.050445013
Adam,175,7.5242984e-05,2.7347019,7.810905e-05,0.050349824
Adam,176,7.495817e-05,2.7286694,7.81655e-05,0.050255243
Adam,177,7.4675925e-05,2.7226653,7.822205e-05,0.05016135
Adam,178,7.440749e-05,2.7167084,7.8265424e-05,0.05006802
Adam,179,7.4158794e-05,2.710804,7.828828e-05,0.049975097
Adam,180,7.392834e-05,2.704933,7.829275e-05,0.049882494
Adam,181,7.3708325e-05,2.6990643,7.8288474e-05,0.049790163
Adam,182,7.3488394e-05,2.6931703,7.828766e-05,0.049698114
Adam,183,7.326012e-05,2.687241,7.8299236e-05,0.049606316
Adam,184,7.301972e-05,2.6812944,7.832553e-05,0.049514733
Adam,185,7.2769195e-05,2.6753707,7.836234e-05,0.049423434
Adam,186,7.2513525e-05,2.6695075,7.8402e-05,0.049332403
Adam,187,7.2258204e-05,2.663721,7.8438075e-05,0.04924165
Adam,188,7.200661e-05,2.6580055,7.846797e-05,0.04915124
Adam,189,7.175949e-05,2.6523232,7.849334e-05,0.049061157
Adam,190,7.151637e-05,2.6466367,7.85171e-05,0.048971385
Adam,191,7.1276794e-05,2.6409242,7.8540885e-05,0.048881896
Adam,192,7.104153e-05,2.6351957,7.856302e-05,0.04879264
Adam,193,7.0811984e-05,2.629485,7.857993e-05,0.048703633
Adam,194,7.0588656e-05,2.6238294,7.858858e-05,0.04861488
Adam,195,7.037011e-05,2.6182487,7.858883e-05,0.048526324
Adam,196,7.015285e-05,2.6127403,7.85841e-05,0.048437946
Adam,197,6.993292e-05,2.607287,7.857957e-05,0.048349746
Adam,198,6.9708025e-05,2.6018605,7.857944e-05,0.048261724
Adam,199,6.947884e-05,2.5964398,7.8584235e-05,0.048173856
Adam,200,6.924891e-05,2.5910196,7.859068e-05,0.048086133
Adam,201,6.90229e-05,2.5856075,7.859357e-05,0.047998544
Adam,202,6.880399e-05,2.5802095,7.858892e-05,0.047911033
Adam,203,6.859243e-05,2.5748224,7.85766e-05,0.047823578
Adam,204,6.838506e-05,2.5694327,7.8560326e-05,0.047736138
Adam,205,6.8177265e-05,2.5640287,7.854574e-05,0.047648735
Adam,206,6.7964895e-05,2.5586028,7.853712e-05,0.04756133
Adam,207,6.774622e-05,2.553159,7.85359e-05,0.047473907
Adam,208,6.752235e-05,2.547713,7.853985e-05,0.04738646
Adam,209,6.7296256e-05,2.5422843,7.8544595e-05,0.047298968
Adam,210,6.7071e-05,2.5368845,7.8546014e-05,0.047211397
Adam,211,6.6848545e-05,2.5315151,7.8542114e-05,0.04712375
Adam,212,6.6629415e-05,2.5261667,7.85325e-05,0.047035955
Adam,213,6.641325e-05,2.5208342,7.8517754e-05,0.046947993
Adam,214,6.619978e-05,2.51552,7.849747e-05,0.046859786
Adam,215,6.598919e-05,2.510241,7.84702e-05,0.046771318
Adam,216,6.578178e-05,2.505017,7.843394e-05,0.04668253
Adam,217,6.55778e-05,2.499867,7.838712e-05,0.046593405
Adam,218,6.537696e-05,2.4948003,7.832942e-05,0.046503957
Adam,219,6.5178945e-05,2.4898221,7.8261524e-05,0.04641429
Adam,220,6.4984015e-05,2.4849315,7.818444e-05,0.04632458
Adam,221,6.479341e-05,2.480127,7.8098834e-05,0.046235107
Adam,222,6.460845e-05,2.4753878,7.800651e-05,0.04614612
Adam,223,6.442892e-05,2.4706557,7.791132e-05,0.04605759
Adam,224,6.425299e-05,2.465862,7.781788e-05,0.04596925
Adam,225,6.4076696e-05,2.4609113,7.77305e-05,0.04588019
Adam,226,6.3894484e-05,2.455741,7.765059e-05,0.04578917
Adam,227,6.3701074e-05,2.4503539,7.7576165e-05,0.045695122
Adam,228,6.349472e-05,2.444748,7.749907e-05,0.045596547
Adam,229,6.327974e-05,2.438892,7.740082e-05,0.045491003
Adam,230,6.3063475e-05,2.4326227,7.7266246e-05,0.045375682
Adam,231,6.284999e-05,2.4253497,7.7186996e-05,0.045259047
Adam,232,6.263944e-05,2.4166105,7.767281e-05,0.04521294
Adam,233,6.246832e-05,2.413214,7.716065e-05,0.045076486
Adam,234,6.227922e-05,2.4102287,7.68371e-05,0.044969738
Adam,235,6.2054336e-05,2.4062405,7.6774595e-05,0.044886746
Adam,236,6.181654e-05,2.4014735,7.6765304e-05,0.04480201
Adam,237,6.16014e-05,2.3964567,7.669391e-05,0.044708867
Adam,238,6.1425075e-05,2.3913827,7.65072e-05,0.04460367
Adam,239,6.127167e-05,2.3859065,7.625812e-05,0.044488534
Adam,240,6.110382e-05,2.3794014,7.612325e-05,0.044378076
Adam,241,6.0894057e-05,2.3721833,7.629107e-05,0.044299603
Adam,242,6.065443e-05,2.366892,7.6239514e-05,0.044203013
Adam,243,6.0408547e-05,2.3634813,7.5921766e-05,0.04408436
Adam,244,6.0182625e-05,2.3601787,7.5735e-05,0.04398943
Adam,245,5.9995928e-05,2.3558083,7.562303e-05,0.043900926
Adam,246,5.9848888e-05,2.350288,7.5463824e-05,0.043799784
Adam,247,5.9716793e-05,2.3438,7.527853e-05,0.0436873
Adam,248,5.9562142e-05,2.33669,7.522191e-05,0.043584503
Adam,249,5.9362683e-05,2.3303313,7.5252516e-05,0.043495595
Adam,250,5.912425e-05,2.3260615,7.505897e-05,0.043388095
Adam,251,5.8871738e-05,2.32312,7.479423e-05,0.043281093
Adam,252,5.863971e-05,2.319858,7.4636235e-05,0.043189973
Adam,253,5.845491e-05,2.3152204,7.4499e-05,0.04309529
Adam,254,5.8322505e-05,2.3090937,7.435243e-05,0.042992175
Adam,255,5.821852e-05,2.302182,7.4270574e-05,0.042895183
Adam,256,5.8092166e-05,2.295926,7.420001e-05,0.042803086
Adam,257,5.7897363e-05,2.2910488,7.4028285e-05,0.042699337
Adam,258,5.7632915e-05,2.286948,7.38835e-05,0.042596944
Adam,259,5.7343917e-05,2.2825615,7.383222e-05,0.04250204
Adam,260,5.7083038e-05,2.2771745,7.3791125e-05,0.042402867
Adam,261,5.6875495e-05,2.2708642,7.374018e-05,0.04230099
Adam,262,5.67105e-05,2.264449,7.3690055e-05,0.042204574
Adam,263,5.6557088e-05,2.258876,7.356111e-05,0.042106487
Adam,264,5.6388828e-05,2.2542512,7.335304e-05,0.04200379
Adam,265,5.6200723e-05,2.2499156,7.316905e-05,0.04190462
Adam,266,5.60023e-05,2.2450564,7.302983e-05,0.041805383
Adam,267,5.5800658e-05,2.2393827,7.2920455e-05,0.04170199
Adam,268,5.5593835e-05,2.2333074,7.285026e-05,0.041599687
Adam,269,5.537764e-05,2.2275422,7.2778465e-05,0.041498836
Adam,270,5.515812e-05,2.2224412,7.2645715e-05,0.041394986
Adam,271,5.495269e-05,2.2177548,7.247149e-05,0.041291174
Adam,272,5.477446e-05,2.2128897,7.22886e-05,0.041188356
Adam,273,5.4616554e-05,2.2074194,7.2112154e-05,0.0410835
Adam,274,5.445262e-05,2.2014477,7.197016e-05,0.04097789
Adam,275,5.4256183e-05,2.1954625,7.186395e-05,0.040872645
Adam,276,5.4023963e-05,2.1898892,7.175391e-05,0.040765572
Adam,277,5.3780357e-05,2.1847646,7.161939e-05,0.04065761
Adam,278,5.3555897e-05,2.1797311,7.146119e-05,0.040549874
Adam,279,5.336269e-05,2.1743467,7.128597e-05,0.040440764
Adam,280,5.318826e-05,2.1685097,7.1115406e-05,0.04033065
Adam,281,5.3008942e-05,2.1625228,7.095903e-05,0.040220425
Adam,282,5.2810145e-05,2.156767,7.079864e-05,0.040108986
Adam,283,5.259583e-05,2.1513746,7.062219e-05,0.03999645
Adam,284,5.237945e-05,2.1461504,7.043337e-05,0.039883427
Adam,285,5.216947e-05,2.1407552,7.0241294e-05,0.039769165
Adam,286,5.1964438e-05,2.1350157,7.006005e-05,0.03965383
Adam,287,5.176033e-05,2.129071,6.9887355e-05,0.039537862
Adam,288,5.1557807e-05,2.1232169,6.969863e-05,0.039420635
Adam,289,5.1360836e-05,2.117602,6.948075e-05,0.03930226
Adam,290,5.1168634e-05,2.1121082,6.924545e-05,0.039183192
Adam,291,5.097284e-05,2.1064832,6.901401e-05,0.039062858
Adam,292,5.076482e-05,2.1005979,6.8803805e-05,0.03894127
Adam,293,5.0545124e-05,2.094563,6.8609246e-05,0.038818784
Adam,294,5.032472e-05,2.0886006,6.8402056e-05,0.038695022
Adam,295,5.0114395e-05,2.0828009,6.8164794e-05,0.038569886
Adam,296,4.9914852e-05,2.0770438,6.7906796e-05,0.038443685
Adam,297,4.9716673e-05,2.0711446,6.764804e-05,0.038316153
Adam,298,4.9509967e-05,2.0650558,6.7400986e-05,0.038187202
Adam,299,4.9292987e-05,2.0589285,6.7158464e-05,0.038057003
Adam,300,4.9071834e-05,2.053016,6.689605e-05,0.03792534
Adam,301,4.8852908e-05,2.0473638,6.660668e-05,0.037792575
Adam,302,4.863219e-05,2.0408669,6.637037e-05,0.03765905
Adam,303,4.8413658e-05,2.0346217,6.6096836e-05,0.037522793
Adam,304,4.8200727e-05,2.0284355,6.580347e-05,0.037384983
Adam,305,4.7997008e-05,2.0222795,6.549834e-05,0.0372471
Adam,306,4.779371e-05,2.0160394,6.517667e-05,0.03710595
Adam,307,4.7576224e-05,2.0096788,6.4871674e-05,0.036963973
Adam,308,4.7342714e-05,2.0032,6.4582826e-05,0.03682083
Adam,309,4.7109963e-05,1.996781,6.427072e-05,0.03667491
Adam,310,4.6893274e-05,1.9905667,6.392304e-05,0.036528114
Adam,311,4.668639e-05,1.9842739,6.355927e-05,0.03637959
Adam,312,4.646924e-05,1.9775666,6.3217245e-05,0.03622864
Adam,313,4.6235746e-05,1.970665,6.289862e-05,0.036076806
Adam,314,4.600188e-05,1.9639162,6.255322e-05,0.035922423
Adam,315,4.5782253e-05,1.957451,6.216382e-05,0.035766423
Adam,316,4.5566816e-05,1.9508734,6.1766164e-05,0.03560868
Adam,317,4.5334833e-05,1.9439211,6.139466e-05,0.035448633
Adam,318,4.508769e-05,1.9367502,6.104174e-05,0.035286915
Adam,319,4.485065e-05,1.9297019,6.0656996e-05,0.035123166
Adam,320,4.4636075e-05,1.9229276,6.02162e-05,0.03495712
Adam,321,4.4422683e-05,1.9161794,5.9760536e-05,0.03478928
Adam,322,4.4181972e-05,1.9090528,5.934247e-05,0.034619194
Adam,323,4.391881e-05,1.9015375,5.8957725e-05,0.034446858
Adam,324,4.366537e-05,1.8940021,5.855114e-05,0.034272496
Adam,325,4.343793e-05,1.8866789,5.8088375e-05,0.034095734
Adam,326,4.321947e-05,1.8794273,5.7596415e-05,0.033916652
Adam,327,4.2985237e-05,1.8720156,5.7115536e-05,0.03373527
Adam,328,4.273256e-05,1.8644207,5.6648554e-05,0.033551373
Adam,329,4.247422e-05,1.8566957,5.617815e-05,0.03336481
Adam,330,4.221584e-05,1.8487766,5.570267e-05,0.033175543
Adam,331,4.1955587e-05,1.8405511,5.5229437e-05,0.032983262
Adam,332,4.1697647e-05,1.8320484,5.475028e-05,0.032787673
Adam,333,4.144656e-05,1.8233898,5.4250784e-05,0.032588497
Adam,334,4.1191426e-05,1.8145559,5.373995e-05,0.032385267
Adam,335,4.0914325e-05,1.8053682,5.3242733e-05,0.03217724
Adam,336,4.0615792e-05,1.795717,5.275988e-05,0.03196352
Adam,337,4.031269e-05,1.7856803,5.2262483e-05,0.03174308
Adam,338,4.001334e-05,1.775285,5.17321e-05,0.031514667
Adam,339,3.9710627e-05,1.7644526,5.116919e-05,0.031276498
Adam,340,3.9389757e-05,1.7530984,5.057993e-05,0.031026436
Adam,341,3.9044535e-05,1.741204,4.9958977e-05,0.030762566
Adam,342,3.8690898e-05,1.7289802,4.9267757e-05,0.0304836
Adam,343,3.835082e-05,1.716667,4.8474038e-05,0.030190399
Adam,344,3.8042584e-05,1.7045951,4.7580008e-05,0.029889338
Adam,345,3.778804e-05,1.6934366,4.6632726e-05,0.02959748
Adam,346,3.7577924e-05,1.6836395,4.579655e-05,0.029342566
Adam,347,3.724051e-05,1.6730405,4.5383924e-05,0.02912407
Adam,348,3.6833553e-05,1.6614001,4.5103032e-05,0.02890449
Adam,349,3.6461104e-05,1.6482567,4.4713823e-05,0.028658804
Adam,350,3.614303e-05,1.6324135,4.4222244e-05,0.028378926
Adam,351,3.5906636e-05,1.6173651,4.3523607e-05,0.028088188
Adam,352,3.5632387e-05,1.6042525,4.27678e-05,0.027802553
Adam,353,3.520398e-05,1.591055,4.2208896e-05,0.02752248
Adam,354,3.477588e-05,1.5780703,4.169907e-05,0.027251946
Adam,355,3.4459856e-05,1.5645438,4.1098985e-05,0.026979264
Adam,356,3.4205044e-05,1.5484326,4.0510284e-05,0.026691625
Adam,357,3.3991164e-05,1.5311121,3.9888637e-05,0.02639309
Adam,358,3.3754543e-05,1.5137677,3.9243205e-05,0.026087338
Adam,359,3.3410794e-05,1.4961272,3.8696155e-05,0.025777314
Adam,360,3.30605e-05,1.479993,3.8076174e-05,0.025470428
Adam,361,3.2764117e-05,1.4647634,3.7389294e-05,0.025170647
Adam,362,3.253773e-05,1.4502546,3.6683698e-05,0.024885759
Adam,363,3.2347965e-05,1.4373134,3.5987854e-05,0.024623508
Adam,364,3.2061394e-05,1.4239266,3.5569257e-05,0.024383863
Adam,365,3.1843934e-05,1.4142829,3.501953e-05,0.024172349
Adam,366,3.157712e-05,1.4023762,3.4799745e-05,0.02398029
Adam,367,3.159368e-05,1.3981317,3.3848628e-05,0.023797665
Adam,368,3.1291183e-05,1.3870968,3.3645472e-05,0.023611465
Adam,369,3.118524e-05,1.3827809,3.2664888e-05,0.023405328
Adam,370,3.0686868e-05,1.3692524,3.2577587e-05,0.023182193
Adam,371,3.0436291e-05,1.3601986,3.1876723e-05,0.022948937
Adam,372,3.0095196e-05,1.345612,3.1619154e-05,0.022713274
Adam,373,2.9852932e-05,1.3331552,3.1176853e-05,0.02248602
Adam,374,2.9565583e-05,1.3207415,3.086401e-05,0.022271853
Adam,375,2.924011e-05,1.3087777,3.0644824e-05,0.022070516
Adam,376,2.9021929e-05,1.3015448,3.0077932e-05,0.021880427
Adam,377,2.8719784e-05,1.2909591,2.9941939e-05,0.02170885
Adam,378,2.8772372e-05,1.2953941,2.884225e-05,0.021596136
Adam,379,2.8400604e-05,1.2920027,2.966847e-05,0.021630388
Adam,380,2.9049914e-05,1.3179096,2.7646462e-05,0.021683551
Adam,381,2.8088492e-05,1.2829462,2.9364364e-05,0.02144739
Adam,382,2.7845004e-05,1.2497404,2.7509503e-05,0.02080058
Adam,383,2.7407898e-05,1.234101,2.7393173e-05,0.020561172
Adam,384,2.7152006e-05,1.2360322,2.841887e-05,0.020695955
Adam,385,2.739384e-05,1.2399002,2.6356805e-05,0.020461598
Adam,386,2.6403573e-05,1.1958095,2.7031394e-05,0.01997334
Adam,387,2.6210624e-05,1.1875942,2.6702268e-05,0.019812876
Adam,388,2.6672165e-05,1.2044324,2.5331112e-05,0.019844817
Adam,389,2.5813066e-05,1.1771926,2.6448446e-05,0.019611152
Adam,390,2.55671e-05,1.1593755,2.5254547e-05,0.019217003
Adam,391,2.5458465e-05,1.1524465,2.4818846e-05,0.019066062
Adam,392,2.5134981e-05,1.1459588,2.5454578e-05,0.01904802
Adam,393,2.5302166e-05,1.1457918,2.3932213e-05,0.018843073
Adam,394,2.4481333e-05,1.1159027,2.4512887e-05,0.018508159
Adam,395,2.4235138e-05,1.1040229,2.3985327e-05,0.018273298
Adam,396,2.4333545e-05,1.105533,2.3192899e-05,0.018184297
Adam,397,2.3917164e-05,1.0930289,2.385765e-05,0.01809651
Adam,398,2.404749e-05,1.0906126,2.2514076e-05,0.01789036
Adam,399,2.3334636e-05,1.0644062,2.3115224e-05,0.01761154
Adam,400,2.3117746e-05,1.0526075,2.2398082e-05,0.017353449
Adam,401,2.2879203e-05,1.0421596,2.210842e-05,0.017169738
Adam,402,2.258757e-05,1.0317956,2.2259926e-05,0.01704508
Adam,403,2.2743163e-05,1.0354527,2.121282e-05,0.016947925
Adam,404,2.229205e-05,1.0225496,2.2016977e-05,0.016871851
Adam,405,2.2652312e-05,1.0325869,2.046513e-05,0.016793486
Adam,406,2.2089598e-05,1.0156848,2.1681426e-05,0.016722502
Adam,407,2.2487637e-05,1.0224564,1.9804558e-05,0.016568394
Adam,408,2.1604823e-05,0.99298203,2.1095457e-05,0.016334862
Adam,409,2.1594946e-05,0.98317474,1.9441968e-05,0.015987284
Adam,410,2.0725693e-05,0.94958246,2.0188996e-05,0.015633028
Adam,411,2.050835e-05,0.93599844,1.9338315e-05,0.015336983
Adam,412,2.0192618e-05,0.92170036,1.9217758e-05,0.01512856
Adam,413,1.994299e-05,0.91168857,1.923256e-05,0.014993218
Adam,414,2.0096288e-05,0.91607815,1.8327648e-05,0.014924372
Adam,415,1.9860145e-05,0.9117671,1.9107058e-05,0.014962751
Adam,416,2.0795409e-05,0.94658744,1.7304732e-05,0.015180895
Adam,417,2.0903874e-05,0.97030544,1.9170842e-05,0.015714262
Adam,418,2.2984044e-05,1.0339096,1.6201739e-05,0.016216962
Adam,419,2.1643875e-05,1.0040252,1.8935762e-05,0.016127197
Adam,420,2.0981644e-05,0.9351726,1.5975587e-05,0.014895311
Adam,421,1.8309618e-05,0.8361291,1.7134707e-05,0.01367794
Adam,422,1.8174125e-05,0.83212596,1.7058463e-05,0.013606148
Adam,423,1.9850744e-05,0.90059865,1.5425418e-05,0.014297411
Adam,424,1.9650193e-05,0.90554523,1.7339915e-05,0.014603969
Adam,425,1.9742778e-05,0.87194157,1.4872823e-05,0.013911756
Adam,426,1.7383409e-05,0.79372936,1.5980737e-05,0.012941916
Adam,427,1.7008704e-05,0.77920675,1.5661637e-05,0.012692618
Adam,428,1.8041812e-05,0.82218117,1.4448593e-05,0.013095372
Adam,429,1.8141183e-05,0.83177173,1.5818263e-05,0.013411634
Adam,430,1.8770172e-05,0.82421005,1.3688634e-05,0.013110922
Adam,431,1.677786e-05,0.7645249,1.4836096e-05,0.012387341
Adam,432,1.6131655e-05,0.7365644,1.4027681e-05,0.011889544
Adam,433,1.6237811e-05,0.74064165,1.35660885e-05,0.011877002
Adam,434,1.651364e-05,0.7523311,1.420614e-05,0.012131278
Adam,435,1.764902e-05,0.7758604,1.2624457e-05,0.012299625
Adam,436,1.6619104e-05,0.75705844,1.3903029e-05,0.012148904
Adam,437,1.641124e-05,0.7410413,1.2420878e-05,0.011735231
Adam,438,1.5401296e-05,0.69857496,1.3143351e-05,0.011267447
Adam,439,1.51473605e-05,0.6801513,1.2359707e-05,0.010927573
Adam,440,1.49926955e-05,0.6706271,1.2163266e-05,0.010779665
Adam,441,1.4834238e-05,0.67013174,1.2350393e-05,0.010779012
Adam,442,1.5238805e-05,0.6872322,1.1503294e-05,0.010883637
Adam,443,1.5330663e-05,0.693349,1.2285342e-05,0.011075891
Adam,444,1.655782e-05,0.7263727,1.0856223e-05,0.011375833
Adam,445,1.6468195e-05,0.74800533,1.2189233e-05,0.011778667
Adam,446,1.8074126e-05,0.7922951,1.0389807e-05,0.012192542
Adam,447,1.7638476e-05,0.7931679,1.2127649e-05,0.012396597
Adam,448,1.8221132e-05,0.78749037,1.008092e-05,0.0121202115
Adam,449,1.5823232e-05,0.7120583,1.1467823e-05,0.011214241
Adam,450,1.4652387e-05,0.6427452,1.014746e-05,0.010147429
Adam,451,1.3278473e-05,0.59360254,1.0524679e-05,0.0095064975
Adam,452,1.3310249e-05,0.594707,1.0500533e-05,0.009518688
Adam,453,1.4454476e-05,0.633445,9.724191e-06,0.00996125
Adam,454,1.4805065e-05,0.66360766,1.0607981e-05,0.010448034
Adam,455,1.595415e-05,0.68649477,9.324552e-06,0.010656753
Adam,456,1.4867184e-05,0.6604815,1.0416528e-05,0.010397372
Adam,457,1.438044e-05,0.62785393,9.234835e-06,0.00982083
Adam,458,1.299447e-05,0.5757918,9.788227e-06,0.009175322
Adam,459,1.2509361e-05,0.5488253,9.29126e-06,0.008758347
Adam,460,1.233221e-05,0.5431949,9.214525e-06,0.008663959
Adam,461,1.2494935e-05,0.55291873,9.4352745e-06,0.008818719
Adam,462,1.326967e-05,0.5775013,8.853025e-06,0.009093417
Adam,463,1.3425804e-05,0.5939238,9.447292e-06,0.009370202
Adam,464,1.4362918e-05,0.6135151,8.639368e-06,0.009585494
Adam,465,1.3962735e-05,0.6141745,9.386171e-06,0.009644081
Adam,466,1.4301768e-05,0.61354077,8.526939e-06,0.009559713
Adam,467,1.3420269e-05,0.5890948,9.15963e-06,0.009277933
Adam,468,1.32251225e-05,0.5645987,8.436174e-06,0.008895181
Adam,469,1.2144716e-05,0.5315668,8.843731e-06,0.008463935
Adam,470,1.1725293e-05,0.50805557,8.417315e-06,0.008101947
Adam,471,1.1214752e-05,0.4885082,8.556295e-06,0.007850739
Adam,472,1.1071996e-05,0.47938612,8.404262e-06,0.0077152997
Adam,473,1.1061453e-05,0.47664925,8.313808e-06,0.0076727816
Adam,474,1.1044358e-05,0.47843665,8.4024805e-06,0.0077013923
Adam,475,1.13546175e-05,0.48771074,8.144558e-06,0.0078019835
Adam,476,1.1546454e-05,0.5009387,8.414833e-06,0.00800358
Adam,477,1.2564581e-05,0.53117424,7.982173e-06,0.008393755
Adam,478,1.3306626e-05,0.5810624,8.493128e-06,0.009080587
Adam,479,1.6047588e-05,0.6695735,7.887942e-06,0.010286065
Adam,480,1.794849e-05,0.7890456,8.736132e-06,0.011893149
Adam,481,2.2448818e-05,0.90662605,7.88003e-06,0.013615588
Adam,482,2.0482445e-05,0.90541446,8.733973e-06,0.013436607
Adam,483,1.8229222e-05,0.7307799,7.711052e-06,0.01119884
Adam,484,1.1757801e-05,0.50237745,8.0108175e-06,0.007989068
Adam,485,1.0109091e-05,0.4331151,7.7678515e-06,0.0070126923
Adam,486,1.2892421e-05,0.54614204,7.505086e-06,0.0085210465
Adam,487,1.5200048e-05,0.6595753,8.135915e-06,0.010096148
Adam,488,1.5937301e-05,0.6314381,7.313545e-06,0.009802007
Adam,489,1.1406786e-05,0.4913414,7.681148e-06,0.007776604
Adam,490,9.722237e-06,0.4158494,7.3805904e-06,0.006723918
Adam,491,1.1117516e-05,0.47726434,7.174318e-06,0.0075164186
Adam,492,1.2867527e-05,0.55130947,7.671308e-06,0.00859392
Adam,493,1.3547651e-05,0.537724,6.9579837e-06,0.008453085
Adam,494,1.04691e-05,0.45119232,7.2440007e-06,0.007168888
Adam,495,9.39412e-06,0.40273723,7.0359083e-06,0.0064918767
Adam,496,1.0240704e-05,0.4427587,6.8733393e-06,0.0069946935
Adam,497,1.141812e-05,0.4875634,7.2037324e-06,0.0076689115
Adam,498,1.2011656e-05,0.47875634,6.6633747e-06,0.0075888177
Adam,499,9.9658855e-06,0.42492902,6.876548e-06,0.0067756553
Adam,500,9.14244e-06,0.38842812,6.707825e-06,0.006261821
Adam,501,9.455002e-06,0.40634406,6.604627e-06,0.006472385
Adam,502,1.0248057e-05,0.4361663,6.801871e-06,0.0069191516
Adam,503,1.1041555e-05,0.44174278,6.3909138e-06,0.007032298
Adam,504,9.750983e-06,0.415841,6.594906e-06,0.006610294
Adam,505,9.036472e-06,0.38231942,6.3726256e-06,0.0061345585
Adam,506,8.764702e-06,0.37192792,6.3581015e-06,0.0059876996
Adam,507,9.117519e-06,0.3836669,6.366241e-06,0.006159233
Adam,508,9.934333e-06,0.39968276,6.1143182e-06,0.0064041256
Adam,509,9.567811e-06,0.40474647,6.2892814e-06,0.0064260284
Adam,510,9.346479e-06,0.3925644,6.0425223e-06,0.0062339944
Adam,511,8.832348e-06,0.36979306,6.1304922e-06,0.005942357
Adam,512,8.60155e-06,0.35434043,5.9254608e-06,0.0057224557
Adam,513,8.532611e-06,0.34943277,5.8577466e-06,0.005652881
Adam,514,8.51904e-06,0.3538935,5.875825e-06,0.005698165
Adam,515,8.71416e-06,0.36338168,5.737076e-06,0.005801502
Adam,516,8.8508705e-06,0.36837006,5.8083924e-06,0.00588259
Adam,517,9.205266e-06,0.37084937,5.5702717e-06,0.005924824
Adam,518,8.898865e-06,0.37162417,5.6507674e-06,0.0058986866
Adam,519,8.940881e-06,0.36767292,5.454847e-06,0.005836088
Adam,520,8.728765e-06,0.3608599,5.5369132e-06,0.0057484508
Adam,521,8.767095e-06,0.35526443,5.3035005e-06,0.0056632333
Adam,522,8.494974e-06,0.35109025,5.3248527e-06,0.0055838763
Adam,523,8.550401e-06,0.34629583,5.1606094e-06,0.00551961
Adam,524,8.379562e-06,0.3439546,5.2099404e-06,0.005477971
Adam,525,8.480418e-06,0.3447188,5.0186572e-06,0.0054720496
Adam,526,8.457781e-06,0.34872139,5.0366366e-06,0.005511376
Adam,527,8.898538e-06,0.35649827,4.865414e-06,0.005629576
Adam,528,9.09323e-06,0.37561658,4.9579908e-06,0.005863849
Adam,529,1.0094353e-05,0.41172627,4.755618e-06,0.006344758
Adam,530,1.1201829e-05,0.4755132,4.9197397e-06,0.0071733673
Adam,531,1.4450682e-05,0.5782271,4.7511558e-06,0.008662546
Adam,532,1.675308e-05,0.7348349,5.057779e-06,0.0106199775
Adam,533,2.2383561e-05,0.9016121,4.921367e-06,0.0131118605
Adam,534,2.173388e-05,0.9666096,5.1017983e-06,0.013691448
Adam,535,2.1006603e-05,0.81794417,4.731412e-06,0.012040143
Adam,536,1.2090367e-05,0.51146066,4.4024755e-06,0.007588533
Adam,537,7.6035512e-06,0.30662885,4.0846285e-06,0.0048195156
Adam,538,8.861978e-06,0.36766332,4.063976e-06,0.005615526
Adam,539,1.3020247e-05,0.5463841,4.271034e-06,0.008057533
Adam,540,1.5713102e-05,0.6031198,4.1776016e-06,0.009014804
Adam,541,1.0874993e-05,0.46565506,3.948889e-06,0.0068801325
Adam,542,7.5996313e-06,0.30719402,3.7010482e-06,0.004767042
Adam,543,7.870204e-06,0.3287011,3.6555741e-06,0.005015878
Adam,544,1.0729192e-05,0.4395878,3.7855418e-06,0.0065730875
Adam,545,1.2206282e-05,0.46589145,3.7049283e-06,0.007045596
Adam,546,8.872993e-06,0.37413818,3.4974494e-06,0.005596948
Adam,547,7.1004356e-06,0.289057,3.3820052e-06,0.004462936
Adam,548,7.768238e-06,0.32799646,3.3589254e-06,0.004949039
Adam,549,9.606109e-06,0.39212823,3.3930457e-06,0.0058711553
Adam,550,1.0018635e-05,0.38169035,3.3207812e-06,0.0058178157
Adam,551,7.719223e-06,0.3163901,3.1352597e-06,0.0047920733
Adam,552,6.950738e-06,0.28096572,3.0823858e-06,0.0043146256
Adam,553,7.634811e-06,0.32093844,3.074283e-06,0.0048157484
Adam,554,8.644309e-06,0.3535003,3.0650738e-06,0.0052914103
Adam,555,8.671921e-06,0.33184856,3.0355843e-06,0.0050746114
Adam,556,7.1405516e-06,0.29020494,2.887545e-06,0.0044062636
Adam,557,6.7866713e-06,0.27467042,2.8583402e-06,0.004193456
Adam,558,7.2602115e-06,0.30133075,2.85082e-06,0.004529962
Adam,559,7.871826e-06,0.32084683,2.793567e-06,0.0048082774
Adam,560,7.961095e-06,0.3053889,2.8110733e-06,0.0046697143
Adam,561,6.9472544e-06,0.27936545,2.6857401e-06,0.004238603
Adam,562,6.5872796e-06,0.26574212,2.66373e-06,0.0040450725
Adam,563,6.798109e-06,0.2763983,2.6536038e-06,0.00418174
Adam,564,7.217989e-06,0.29228595,2.5912482e-06,0.004394245
Adam,565,7.4854024e-06,0.28940374,2.6356545e-06,0.004412196
Adam,566,6.9309162e-06,0.27667338,2.5263803e-06,0.0041853283
Adam,567,6.5005675e-06,0.26141036,2.5106053e-06,0.0039657797
Adam,568,6.440698e-06,0.25560886,2.473632e-06,0.003893238
Adam,569,6.6081525e-06,0.26252547,2.430271e-06,0.0039810184
Adam,570,6.8808577e-06,0.26850462,2.474987e-06,0.0040884227
Adam,571,6.836117e-06,0.27149004,2.395871e-06,0.0040996987
Adam,572,6.622519e-06,0.26560533,2.4159863e-06,0.0040118294
Adam,573,6.458953e-06,0.25525925,2.3353978e-06,0.003871745
Adam,574,6.339229e-06,0.24656698,2.3349141e-06,0.0037667912
Adam,575,6.2388212e-06,0.24434367,2.3036262e-06,0.0037248037
Adam,576,6.2718163e-06,0.24652609,2.2728022e-06,0.0037469538
Adam,577,6.337777e-06,0.24965219,2.29063e-06,0.003790783
Adam,578,6.409124e-06,0.25308576,2.226553e-06,0.003826209
Adam,579,6.4828314e-06,0.25189468,2.2730965e-06,0.0038323358
Adam,580,6.400059e-06,0.2514966,2.193767e-06,0.0038040401
Adam,581,6.29501e-06,0.24800718,2.224918e-06,0.0037580607
Adam,582,6.233597e-06,0.24417469,2.1550777e-06,0.003700048
Adam,583,6.1870387e-06,0.23894028,2.1848282e-06,0.0036451828
Adam,584,6.0644597e-06,0.23649377,2.1269798e-06,0.0035936534
Adam,585,5.9787644e-06,0.23347875,2.1402989e-06,0.003552647
Adam,586,5.941483e-06,0.23111263,2.1029005e-06,0.0035177837
Adam,587,5.9205454e-06,0.22859746,2.10737e-06,0.0034901618
Adam,588,5.871665e-06,0.2273308,2.0783903e-06,0.0034658161
Adam,589,5.8286078e-06,0.22593577,2.0738667e-06,0.0034447287
Adam,590,5.803038e-06,0.22464386,2.0545458e-06,0.0034250761
Adam,591,5.7885654e-06,0.22308132,2.0487432e-06,0.0034064096
Adam,592,5.760307e-06,0.22194903,2.0338775e-06,0.0033886181
Adam,593,5.721599e-06,0.22088099,2.0258863e-06,0.0033709325
Adam,594,5.6923386e-06,0.21984234,2.0119548e-06,0.0033540674
Adam,595,5.677451e-06,0.21847118,2.0048126e-06,0.0033370515
Adam,596,5.658205e-06,0.21737763,1.9901195e-06,0.003321025
Adam,597,5.629166e-06,0.21631306,1.9846925e-06,0.0033052093
Adam,598,5.6015506e-06,0.21559168,1.9670886e-06,0.0032912127
Adam,599,5.590378e-06,0.21456526,1.9695685e-06,0.0032796448
Adam,600,5.582303e-06,0.21461676,1.9443603e-06,0.003275167
Adam,601,5.610679e-06,0.21506745,1.964224e-06,0.0032869098
Adam,602,5.687637e-06,0.21998131,1.9199283e-06,0.0033409477
Adam,603,5.981011e-06,0.23120168,1.9900833e-06,0.0035076807
Adam,604,6.686417e-06,0.26802123,1.9144584e-06,0.0039703436
Adam,605,8.968528e-06,0.3587892,2.1876472e-06,0.0052613188
Adam,606,1.4012057e-05,0.6153237,2.1720975e-06,0.008580861
Adam,607,2.9521874e-05,1.2221093,3.2985013e-06,0.01714415
Adam,608,4.8604776e-05,2.3776605,3.6643055e-06,0.031616963
Adam,609,8.9593224e-05,3.454156,6.1145597e-06,0.04889773
Adam,610,4.6112906e-05,2.3428671,3.311676e-06,0.030842358
Adam,611,1.1480981e-05,0.40782607,2.2672018e-06,0.006140488
Adam,612,1.4647526e-05,0.6803221,2.356565e-06,0.009353834
Adam,613,4.3871165e-05,1.7162908,3.76744e-06,0.024308698
Adam,614,3.2563377e-05,1.1325752,3.4451066e-06,0.016727025
Adam,615,7.1119007e-06,0.24292383,1.9501008e-06,0.0037885385
Adam,616,2.7198645e-05,1.1705681,2.698653e-06,0.016190276
Adam,617,2.6263535e-05,1.2133626,2.6868493e-06,0.016476184
Adam,618,5.502683e-06,0.22807921,1.7665743e-06,0.0033711807
Adam,619,2.1390844e-05,0.9654079,2.4342708e-06,0.013227846
Adam,620,2.5760855e-05,0.8516203,2.904135e-06,0.012815951
Adam,621,6.028645e-06,0.23571569,1.8199427e-06,0.0035344448
Adam,622,2.4233492e-05,0.906317,2.8575155e-06,0.01312682
Adam,623,1.4513678e-05,0.6519701,2.1336848e-06,0.009016805
Adam,624,7.4481018e-06,0.29625717,1.8611918e-06,0.004358966
Adam,625,1.8834382e-05,0.85714954,2.348034e-06,0.011748857
Adam,626,9.494791e-06,0.3537956,2.002774e-06,0.0052625905
Adam,627,9.863375e-06,0.42510298,2.0032678e-06,0.006031026
Adam,628,1.644269e-05,0.61586213,2.33578e-06,0.008975392
Adam,629,5.480615e-06,0.23899812,1.7976764e-06,0.0034817248
Adam,630,1.2602742e-05,0.4708541,2.2315462e-06,0.006933684
Adam,631,8.868123e-06,0.39850342,1.8481312e-06,0.0055924724
Adam,632,6.193375e-06,0.26364183,1.7668287e-06,0.003830449
Adam,633,1.0379455e-05,0.46933866,2.0351488e-06,0.006555577
Adam,634,5.945717e-06,0.25048685,1.7721578e-06,0.0036625497
Adam,635,7.981957e-06,0.34420577,1.8396108e-06,0.004915293
Adam,636,8.994429e-06,0.34721774,2.0714185e-06,0.0051320544
Adam,637,5.4518346e-06,0.23300786,1.8284505e-06,0.0034221213
Adam,638,8.996515e-06,0.3623437,1.9218587e-06,0.005261193
Adam,639,5.897994e-06,0.26796958,1.8565764e-06,0.0038428814
Adam,640,6.2125164e-06,0.26705578,1.8904686e-06,0.0038860054
Adam,641,7.45414e-06,0.32425487,1.8617745e-06,0.0046399357
Adam,642,5.2666596e-06,0.22257504,1.8267547e-06,0.0032897627
Adam,643,6.712104e-06,0.28857172,1.921408e-06,0.004180744
Adam,644,6.3116236e-06,0.25928783,1.8406081e-06,0.003815713
Adam,645,5.3180042e-06,0.22601855,1.8046164e-06,0.0033285785
Adam,646,6.6530242e-06,0.27485362,1.9367546e-06,0.004037003
Adam,647,5.2411306e-06,0.22453083,1.7991135e-06,0.003301345
Adam,648,5.640255e-06,0.23901439,1.7971247e-06,0.003505751
Adam,649,5.788213e-06,0.25390735,1.8666034e-06,0.003687296
Adam,650,4.9445207e-06,0.21197724,1.7871251e-06,0.0031295193
Adam,651,5.7247894e-06,0.24197036,1.7849645e-06,0.003546167
Adam,652,5.4559696e-06,0.2256155,1.8535728e-06,0.0033525864
Adam,653,4.9907508e-06,0.2099839,1.8029975e-06,0.0031189013
Adam,654,5.610603e-06,0.2338347,1.7708849e-06,0.0034455701
Adam,655,4.9348787e-06,0.21214111,1.7836745e-06,0.003129194
Adam,656,4.9850196e-06,0.21066824,1.7852618e-06,0.0031222245
Adam,657,5.2864802e-06,0.22301243,1.7479766e-06,0.0032852928
Adam,658,4.8403454e-06,0.20129259,1.7585178e-06,0.0030027553
Adam,659,4.96467e-06,0.20875314,1.7649215e-06,0.00309697
Adam,660,5.101019e-06,0.21094495,1.732379e-06,0.003134459
Adam,661,4.7077037e-06,0.19655378,1.7306072e-06,0.0029312843
Adam,662,4.937406e-06,0.2037126,1.7566509e-06,0.0030412346
Adam,663,4.8633865e-06,0.20266238,1.7165567e-06,0.0030136153
Adam,664,4.641786e-06,0.19276917,1.7162522e-06,0.0028813973
Adam,665,4.7654876e-06,0.19993845,1.7315948e-06,0.0029739467
Adam,666,4.7349163e-06,0.1958566,1.7011556e-06,0.0029239769
Adam,667,4.590689e-06,0.18937436,1.7016321e-06,0.0028375918
Adam,668,4.732412e-06,0.19367169,1.7211195e-06,0.0029047467
Adam,669,4.6300456e-06,0.19079804,1.6868398e-06,0.0028555132
Adam,670,4.5226047e-06,0.18635683,1.685011e-06,0.0027947105
Adam,671,4.5928896e-06,0.18966345,1.6979767e-06,0.0028402645
Adam,672,4.549672e-06,0.18678726,1.6752531e-06,0.0028016116
Adam,673,4.476568e-06,0.18295346,1.6764335e-06,0.0027524848
Adam,674,4.5272145e-06,0.18500465,1.6855023e-06,0.0027819541
Adam,675,4.4846643e-06,0.18337116,1.6631316e-06,0.0027558808
Adam,676,4.4109224e-06,0.18013553,1.6625295e-06,0.0027123732
Adam,677,4.4556537e-06,0.18105252,1.6693019e-06,0.0027292687
Adam,678,4.4298417e-06,0.18026862,1.6505768e-06,0.002714749
Adam,679,4.369683e-06,0.17725985,1.6511805e-06,0.0026757282
Adam,680,4.3733594e-06,0.17778756,1.6518275e-06,0.0026816537
Adam,681,4.3735104e-06,0.1774429,1.6375686e-06,0.0026760907
Adam,682,4.32566e-06,0.17481768,1.6406799e-06,0.0026431277
Adam,683,4.3267382e-06,0.17435145,1.6399628e-06,0.0026385197
Adam,684,4.3197665e-06,0.17464975,1.6263723e-06,0.0026384182
Adam,685,4.2780966e-06,0.17275642,1.6294729e-06,0.0026136995
Adam,686,4.260186e-06,0.17176282,1.6247151e-06,0.0026003635
Adam,687,4.266817e-06,0.1718958,1.6155835e-06,0.002601318
Adam,688,4.2514994e-06,0.17048477,1.6209748e-06,0.0025857186
Adam,689,4.217498e-06,0.16932791,1.6122377e-06,0.0025677395
Adam,690,4.2122647e-06,0.16926956,1.604733e-06,0.0025652451
Adam,691,4.2028832e-06,0.16856201,1.6086565e-06,0.002557351
Adam,692,4.179057e-06,0.16732833,1.5991759e-06,0.0025400182
Adam,693,4.1682024e-06,0.16672537,1.5948796e-06,0.002531716
Adam,694,4.164159e-06,0.16634333,1.5966784e-06,0.0025275587
Adam,695,4.140812e-06,0.16559371,1.5859432e-06,0.0025149502
Adam,696,4.123344e-06,0.16462944,1.5843784e-06,0.0025024526
Adam,697,4.1210355e-06,0.16414206,1.5842155e-06,0.002497208
Adam,698,4.10612e-06,0.16375767,1.5748332e-06,0.0024897198
Adam,699,4.0881064e-06,0.16279626,1.5748344e-06,0.0024774035
Adam,700,4.0734603e-06,0.16220751,1.5704114e-06,0.0024686558
Adam,701,4.0656073e-06,0.16186887,1.5634295e-06,0.0024630441
Adam,702,4.057818e-06,0.16107891,1.5646217e-06,0.0024541551
Adam,703,4.0396376e-06,0.16040325,1.557758e-06,0.002443642
Adam,704,4.026775e-06,0.15994267,1.5529997e-06,0.002436393
Adam,705,4.0184e-06,0.15944275,1.5527648e-06,0.002430102
Adam,706,4.00391e-06,0.15887886,1.5454715e-06,0.0024211956
Adam,707,3.992445e-06,0.15817237,1.5437541e-06,0.0024121534
Adam,708,3.982457e-06,0.15768164,1.5412094e-06,0.0024053666
Adam,709,3.968816e-06,0.15732598,1.5342081e-06,0.0023987135
Adam,710,3.9578617e-06,0.15667023,1.5334514e-06,0.002390399
Adam,711,3.9459546e-06,0.15610431,1.5285705e-06,0.0023822219
Adam,712,3.9357806e-06,0.15566058,1.5239657e-06,0.0023755676
Adam,713,3.927187e-06,0.15514114,1.5228646e-06,0.002368919
Adam,714,3.912391e-06,0.15468846,1.5165183e-06,0.0023612208
Adam,715,3.901594e-06,0.15412414,1.514146e-06,0.0023536023
Adam,716,3.893039e-06,0.15362775,1.5116302e-06,0.0023469778
Adam,717,3.8813537e-06,0.1532365,1.5061895e-06,0.0023404963
Adam,718,3.871378e-06,0.15269178,1.5048346e-06,0.0023333495
Adam,719,3.8586063e-06,0.15223269,1.5001214e-06,0.002326136
Adam,720,3.8485196e-06,0.15177864,1.4965176e-06,0.0023195418
Adam,721,3.840746e-06,0.15128967,1.4948253e-06,0.0023132325
Adam,722,3.828363e-06,0.15088788,1.4895614e-06,0.0023065675
Adam,723,3.8179937e-06,0.15038994,1.4873956e-06,0.0022997076
Adam,724,3.8073163e-06,0.14995019,1.4838798e-06,0.0022931811
Adam,725,3.7971922e-06,0.14954394,1.4797563e-06,0.0022869818
Adam,726,3.789071e-06,0.1490629,1.4780808e-06,0.0022807017
Adam,727,3.777138e-06,0.1486627,1.4733986e-06,0.0022742075
Adam,728,3.7670288e-06,0.14821422,1.4706984e-06,0.0022678012
Adam,729,3.757604e-06,0.14778484,1.4678459e-06,0.0022616656
Adam,730,3.7474363e-06,0.14739569,1.4637399e-06,0.0022556332
Adam,731,3.7389168e-06,0.14693807,1.4618571e-06,0.0022494968
Adam,732,3.7276711e-06,0.14654905,1.4577173e-06,0.0022432986
Adam,733,3.717911e-06,0.1461324,1.4547958e-06,0.0022372298
Adam,734,3.7090824e-06,0.14571391,1.4521593e-06,0.0022313255
Adam,735,3.6990714e-06,0.14533652,1.4482129e-06,0.0022254577
Adam,736,3.690391e-06,0.14490628,1.4460754e-06,0.0022195328
Adam,737,3.6798021e-06,0.14452964,1.4422791e-06,0.0022136085
Adam,738,3.670399e-06,0.14413139,1.4393846e-06,0.0022077812
Adam,739,3.661659e-06,0.14372891,1.4368054e-06,0.002202059
Adam,740,3.6517172e-06,0.14336452,1.4331303e-06,0.0021963723
Adam,741,3.6429292e-06,0.14295928,1.4308923e-06,0.002190666
Adam,742,3.6328165e-06,0.14259501,1.4273223e-06,0.0021849708
Adam,743,3.6238553e-06,0.14220746,1.4245694e-06,0.0021793381
Adam,744,3.6151737e-06,0.14182249,1.4218804e-06,0.002173783
Adam,745,3.6055724e-06,0.141467,1.4184357e-06,0.0021682712
Adam,746,3.5969392e-06,0.14108089,1.4161022e-06,0.002162765
Adam,747,3.5872763e-06,0.14072771,1.4126798e-06,0.0021572704
Adam,748,3.578666e-06,0.14034952,1.4101226e-06,0.0021518136
Adam,749,3.56982e-06,0.13998431,1.4073157e-06,0.0021464133
Adam,750,3.560511e-06,0.13963562,1.4041844e-06,0.0021410605
Adam,751,3.5519686e-06,0.13926703,1.4017895e-06,0.0021357338
Adam,752,3.542673e-06,0.13892399,1.3985364e-06,0.002130421
Adam,753,3.5343585e-06,0.13855588,1.3961452e-06,0.0021251345
Adam,754,3.5253925e-06,0.13820922,1.3932095e-06,0.0021198825
Adam,755,3.5164999e-06,0.13786355,1.390406e-06,0.0021146713
Adam,756,3.508001e-06,0.13751134,1.3879004e-06,0.0021094987
Adam,757,3.4990724e-06,0.13717562,1.3848837e-06,0.0021043497
Adam,758,3.4908855e-06,0.13682048,1.3825764e-06,0.0020992241
Adam,759,3.481897e-06,0.1364896,1.3796017e-06,0.0020941207
Adam,760,3.4734346e-06,0.1361464,1.3771136e-06,0.0020890462
Adam,761,3.4649086e-06,0.13580996,1.3744593e-06,0.0020840047
Adam,762,3.4563911e-06,0.1354775,1.3717548e-06,0.0020789967
Adam,763,3.448169e-06,0.13513854,1.3693697e-06,0.0020740163
Adam,764,3.4393915e-06,0.1348174,1.3665073e-06,0.002069059
Adam,765,3.4312575e-06,0.13448058,1.3641974e-06,0.002064124
Adam,766,3.4227307e-06,0.13415861,1.3614512e-06,0.0020592134
Adam,767,3.4145885e-06,0.1338285,1.3590526e-06,0.0020543311
Adam,768,3.4062277e-06,0.1335067,1.3564958e-06,0.0020494754
Adam,769,3.397867e-06,0.13318788,1.3539274e-06,0.002044648
Adam,770,3.3898118e-06,0.13286336,1.3515908e-06,0.002039844
Adam,771,3.3814667e-06,0.13255008,1.348959e-06,0.0020350646
Adam,772,3.3735078e-06,0.13222755,1.3467148e-06,0.0020303088
Adam,773,3.3651206e-06,0.13191918,1.3440956e-06,0.0020255742
Adam,774,3.3571669e-06,0.13160135,1.3418341e-06,0.0020208636
Adam,775,3.3490312e-06,0.13129191,1.3393534e-06,0.0020161767
Adam,776,3.3410502e-06,0.13098028,1.3370191e-06,0.002011513
Adam,777,3.333037e-06,0.13067171,1.334671e-06,0.0020068733
Adam,778,3.324962e-06,0.13036741,1.3322543e-06,0.0020022565
Adam,779,3.3171466e-06,0.1300585,1.3300402e-06,0.001997663
Adam,780,3.3091014e-06,0.12975839,1.3276061e-06,0.00199309
Adam,781,3.301349e-06,0.1294519,1.325454e-06,0.0019885392
Adam,782,3.2933008e-06,0.12915589,1.3230336e-06,0.001984009
Adam,783,3.2856103e-06,0.12885238,1.3209058e-06,0.0019795012
Adam,784,3.2777002e-06,0.12855747,1.3185589e-06,0.0019750136
Adam,785,3.270021e-06,0.12825805,1.3164249e-06,0.0019705473
Adam,786,3.2621765e-06,0.12796524,1.314149e-06,0.0019661011
Adam,787,3.254485e-06,0.12767038,1.3119966e-06,0.001961676
Adam,788,3.2467835e-06,0.12737815,1.3098173e-06,0.0019572717
Adam,789,3.239109e-06,0.12708737,1.3076542e-06,0.0019528882
Adam,790,3.2314877e-06,0.12679687,1.305547e-06,0.0019485238
Adam,791,3.223805e-06,0.12651041,1.303375e-06,0.001944181
Adam,792,3.2162832e-06,0.12622127,1.3013403e-06,0.0019398561
Adam,793,3.2086377e-06,0.1259378,1.2991796e-06,0.0019355506
Adam,794,3.2011876e-06,0.12565067,1.2971993e-06,0.0019312648
Adam,795,3.1935533e-06,0.12537096,1.2950412e-06,0.0019269988
Adam,796,3.1861737e-06,0.12508564,1.2931124e-06,0.0019227493
Adam,797,3.1785999e-06,0.124808595,1.2909787e-06,0.0019185226
Adam,798,3.1712939e-06,0.12452517,1.2890979e-06,0.0019143104
Adam,799,3.1637246e-06,0.124251425,1.2869731e-06,0.0019101189
Adam,800,3.156487e-06,0.12396993,1.2851482e-06,0.0019059445
Adam,801,3.1489515e-06,0.12369922,1.2830334e-06,0.0019017899
Adam,802,3.1418056e-06,0.12341893,1.2812782e-06,0.0018976518
Adam,803,3.1342574e-06,0.123152286,1.2791463e-06,0.0018935334
Adam,804,3.1272195e-06,0.12287284,1.2774799e-06,0.0018894332
Adam,805,3.119653e-06,0.122610725,1.2753031e-06,0.0018853507
Adam,806,3.1127852e-06,0.12233054,1.2737701e-06,0.0018812886
Adam,807,3.1051263e-06,0.12207551,1.2714899e-06,0.0018772475
Adam,808,3.0985e-06,0.12179316,1.270161e-06,0.0018732307
Adam,809,3.090672e-06,0.12154873,1.267684e-06,0.0018692405
Adam,810,3.084471e-06,0.12126123,1.2666975e-06,0.0018652875
Adam,811,3.0763317e-06,0.12103579,1.2638445e-06,0.0018613843
Adam,812,3.0708977e-06,0.12074093,1.2634401e-06,0.0018575599
Adam,813,3.0622862e-06,0.12055382,1.259886e-06,0.001853864
Adam,814,3.058474e-06,0.12025402,1.2605423e-06,0.0018503926
Adam,815,3.0493627e-06,0.120157585,1.2556744e-06,0.0018473314
Adam,816,3.0493834e-06,0.119888514,1.25834e-06,0.0018450437
Adam,817,3.040893e-06,0.120045625,1.2509852e-06,0.0018442379
Adam,818,3.0516649e-06,0.11999613,1.2576847e-06,0.0018463638
Adam,819,3.0508627e-06,0.120980226,1.2456627e-06,0.001854281
Adam,820,3.0968934e-06,0.122042745,1.2609707e-06,0.0018741072
Adam,821,3.1390603e-06,0.12609869,1.2406123e-06,0.0019179378
Adam,822,3.318649e-06,0.13238299,1.2760696e-06,0.0020130377
Adam,823,3.5687356e-06,0.1490297,1.2435003e-06,0.0022121326
Adam,824,4.3134132e-06,0.17952606,1.332357e-06,0.002642126
Adam,825,5.5073933e-06,0.2505433,1.2971769e-06,0.0035261184
Adam,826,8.778084e-06,0.3897126,1.5472326e-06,0.0054459237
Adam,827,1.3625285e-05,0.6805227,1.5973778e-06,0.009088626
Adam,828,2.6841939e-05,1.2050596,2.316616e-06,0.01642438
Adam,829,3.722859e-05,1.9712931,2.6009586e-06,0.025687363
Adam,830,6.316876e-05,2.6818187,3.7474979e-06,0.036855623
Adam,831,4.2929274e-05,2.2993524,2.8699035e-06,0.0298634
Adam,832,2.483009e-05,1.0126648,2.1989838e-06,0.014181009
Adam,833,3.2979754e-06,0.13259839,1.2275323e-06,0.00200481
Adam,834,1.4621605e-05,0.62134546,1.7729789e-06,0.008672642
Adam,835,3.240259e-05,1.3568797,2.4768203e-06,0.01880071
Adam,836,1.526385e-05,0.81870335,1.6404305e-06,0.010722675
Adam,837,3.2464384e-06,0.1289708,1.229442e-06,0.00196109
Adam,838,1.0839432e-05,0.5272072,1.4745693e-06,0.0071191723
Adam,839,1.8945679e-05,0.77541226,2.1187532e-06,0.010913787
Adam,840,9.033966e-06,0.33523795,1.4747862e-06,0.0049286922
Adam,841,4.6814034e-06,0.16211738,1.3088505e-06,0.0025197119
Adam,842,1.2282626e-05,0.53579324,1.7745449e-06,0.007466508
Adam,843,9.642892e-06,0.47283837,1.4160526e-06,0.006387225
Adam,844,3.069262e-06,0.13051938,1.2603429e-06,0.0019546344
Adam,845,7.5801704e-06,0.3625481,1.4679337e-06,0.004982697
Adam,846,1.0891273e-05,0.41343427,1.6497977e-06,0.0060155033
Adam,847,3.3720578e-06,0.14554092,1.2891544e-06,0.002154591
Adam,848,6.5592385e-06,0.25562778,1.4503418e-06,0.0037577148
Adam,849,8.422037e-06,0.37747252,1.5101543e-06,0.0052645537
Adam,850,3.5549242e-06,0.15987432,1.2980599e-06,0.0023266908
Adam,851,4.626109e-06,0.21481562,1.3344352e-06,0.0030422376
Adam,852,7.1609193e-06,0.3155969,1.5155214e-06,0.0044574356
Adam,853,3.805289e-06,0.15695062,1.3169536e-06,0.0023378427
Adam,854,4.197104e-06,0.17869246,1.3389373e-06,0.0026173308
Adam,855,6.456521e-06,0.26170385,1.551478e-06,0.0038182382
Adam,856,3.4686582e-06,0.15682991,1.3386682e-06,0.0022893979
Adam,857,3.772821e-06,0.16080323,1.3553235e-06,0.0023772542
Adam,858,5.040751e-06,0.23672478,1.4364676e-06,0.0033388305
Adam,859,3.533137e-06,0.15023649,1.3636333e-06,0.0022368804
Adam,860,3.3620654e-06,0.1490207,1.36712e-06,0.0021995849
Adam,861,4.826618e-06,0.19933936,1.4817699e-06,0.0029396517
Adam,862,3.421025e-06,0.14679249,1.3785726e-06,0.0021878646
Adam,863,3.2507091e-06,0.13776687,1.3722813e-06,0.0020711173
Adam,864,4.0818236e-06,0.18131281,1.4325068e-06,0.0026402776
Adam,865,3.3095737e-06,0.1455956,1.3748825e-06,0.0021586244
Adam,866,3.0137437e-06,0.131185,1.3669476e-06,0.0019689535
Adam,867,3.6970323e-06,0.16382454,1.4175456e-06,0.0024054323
Adam,868,3.3583785e-06,0.14173284,1.3677737e-06,0.0021262513
Adam,869,2.8944494e-06,0.12583232,1.360247e-06,0.0018965277
Adam,870,3.4798238e-06,0.14793305,1.4277197e-06,0.002215462
Adam,871,3.1963605e-06,0.14050767,1.3629725e-06,0.0020889766
Adam,872,2.820156e-06,0.12310578,1.3572732e-06,0.0018576721
Adam,873,3.1048676e-06,0.13899139,1.3795263e-06,0.0020625729
Adam,874,3.1826605e-06,0.13684906,1.3558663e-06,0.0020492696
Adam,875,2.8340232e-06,0.12141194,1.3578597e-06,0.0018429018
Adam,876,3.0023177e-06,0.12824567,1.3684661e-06,0.0019380742
Adam,877,3.1178795e-06,0.13293917,1.3518423e-06,0.00199985
Adam,878,2.801766e-06,0.122082636,1.3461762e-06,0.0018430176
Adam,879,2.82867e-06,0.12204119,1.3512225e-06,0.0018473958
Adam,880,2.97413e-06,0.129,1.3470433e-06,0.0019381759
Adam,881,2.8437244e-06,0.121849574,1.3514993e-06,0.0018477793
Adam,882,2.7384442e-06,0.118169054,1.3380904e-06,0.0017931706
Adam,883,2.890295e-06,0.12334255,1.3367127e-06,0.0018674766
Adam,884,2.8431364e-06,0.1217454,1.3444647e-06,0.0018455941
Adam,885,2.720217e-06,0.11621383,1.3324893e-06,0.0017700442
Adam,886,2.7656733e-06,0.118537314,1.3282607e-06,0.0017994633
Adam,887,2.7912292e-06,0.12061308,1.3341687e-06,0.0018249404
Adam,888,2.7129374e-06,0.11608914,1.3220767e-06,0.0017661435
Adam,889,2.6868674e-06,0.114875525,1.321132e-06,0.0017499551
Adam,890,2.760862e-06,0.11710676,1.3289263e-06,0.0017845358
Adam,891,2.7170238e-06,0.11591982,1.3156099e-06,0.0017640933
Adam,892,2.653196e-06,0.11312801,1.3124996e-06,0.0017261344
Adam,893,2.6764646e-06,0.11397925,1.3134438e-06,0.0017382789
Adam,894,2.697668e-06,0.11479832,1.3087696e-06,0.0017489489
Adam,895,2.6602345e-06,0.11244568,1.3100343e-06,0.001719997
Adam,896,2.6285368e-06,0.11147176,1.304297e-06,0.0017046427
Adam,897,2.6546466e-06,0.11253213,1.3001745e-06,0.0017185444
Adam,898,2.6473933e-06,0.112108774,1.3026602e-06,0.0017135957
Adam,899,2.6129617e-06,0.11041438,1.2965185e-06,0.0016905657
Adam,900,2.6083392e-06,0.11015539,1.2935611e-06,0.001686839
Adam,901,2.6205776e-06,0.11071787,1.2942892e-06,0.0016944086
Adam,902,2.6064802e-06,0.11004177,1.2872005e-06,0.0016844698
Adam,903,2.5828722e-06,0.108816184,1.2870157e-06,0.001668645
Adam,904,2.586933e-06,0.108727895,1.2865344e-06,0.0016682991
Adam,905,2.5861123e-06,0.10907465,1.2801211e-06,0.0016706814
Adam,906,2.5719908e-06,0.108323075,1.2798935e-06,0.0016610133
Adam,907,2.5567824e-06,0.10752866,1.2751939e-06,0.001650083
Adam,908,2.5584627e-06,0.10747707,1.2724194e-06,0.001649403
Adam,909,2.5656955e-06,0.107357875,1.2733005e-06,0.001649428
Adam,910,2.5481816e-06,0.10689878,1.266925e-06,0.0016412537
Adam,911,2.535668e-06,0.10628782,1.2651001e-06,0.0016329935
Adam,912,2.5353295e-06,0.10613424,1.2641233e-06,0.0016312604
Adam,913,2.5325367e-06,0.106125504,1.2602407e-06,0.0016301717
Adam,914,2.527072e-06,0.10557959,1.2602511e-06,0.0016238944
Adam,915,2.5136867e-06,0.10514941,1.2559085e-06,0.0016169334
Adam,916,2.5100774e-06,0.104974575,1.2531234e-06,0.0016142258
Adam,917,2.5119782e-06,0.10478427,1.2531746e-06,0.0016126155
Adam,918,2.5028726e-06,0.104513295,1.2490207e-06,0.0016079169
Adam,919,2.4953927e-06,0.10404265,1.2477849e-06,0.0016019031
Adam,920,2.489086e-06,0.10381706,1.2454e-06,0.0015983435
Adam,921,2.485211e-06,0.10371842,1.2423499e-06,0.0015963183
Adam,922,2.4835117e-06,0.10339032,1.2424517e-06,0.0015927978
Adam,923,2.4737753e-06,0.10308558,1.2388904e-06,0.0015877555
Adam,924,2.4678548e-06,0.10279169,1.2368835e-06,0.0015836277
Adam,925,2.4650296e-06,0.10259938,1.2354297e-06,0.0015810627
Adam,926,2.460069e-06,0.10243746,1.2323303e-06,0.0015782346
Adam,927,2.457069e-06,0.10208555,1.2319055e-06,0.0015742017
Adam,928,2.4490755e-06,0.10182773,1.2290428e-06,0.0015699951
Adam,929,2.4435963e-06,0.10162367,1.2268599e-06,0.0015668052
Adam,930,2.4409678e-06,0.10141068,1.2259524e-06,0.0015641449
Adam,931,2.4350163e-06,0.10121984,1.2232488e-06,0.0015609382
Adam,932,2.4313533e-06,0.1009068,1.2225001e-06,0.001557146
Adam,933,2.4249043e-06,0.10068089,1.2201991e-06,0.0015535745
Adam,934,2.4199048e-06,0.10049311,1.218153e-06,0.0015506397
Adam,935,2.4173053e-06,0.100262396,1.2174231e-06,0.0015478332
Adam,936,2.4111387e-06,0.10007234,1.2149969e-06,0.0015446437
Adam,937,2.4069177e-06,0.0998041,1.2140281e-06,0.0015411829
Adam,938,2.4010214e-06,0.099598564,1.2120097e-06,0.0015379403
Adam,939,2.396174e-06,0.0994107,1.2101315e-06,0.0015350529
Adam,940,2.3934201e-06,0.09918155,1.2093093e-06,0.0015322248
Adam,941,2.3875632e-06,0.09899986,1.2069647e-06,0.0015291778
Adam,942,2.383501e-06,0.098757796,1.2058424e-06,0.0015259795
Adam,943,2.3781827e-06,0.098558076,1.2039573e-06,0.0015229017
Adam,944,2.3736288e-06,0.09836439,1.2023131e-06,0.0015200352
Adam,945,2.3703767e-06,0.0981481,1.2013712e-06,0.0015172431
Adam,946,2.3646007e-06,0.09797758,1.1992154e-06,0.0015143482
Adam,947,2.3605942e-06,0.09775409,1.1981473e-06,0.001511352
Adam,948,2.3555303e-06,0.09756,1.1963732e-06,0.0015083855
Adam,949,2.3513328e-06,0.09736007,1.1949528e-06,0.0015055435
Adam,950,2.3476834e-06,0.09715653,1.1938123e-06,0.0015027897
Adam,951,2.342314e-06,0.09698924,1.1918473e-06,0.0015000167
Adam,952,2.338488e-06,0.096778624,1.1908359e-06,0.0014971847
Adam,953,2.3334187e-06,0.09659501,1.1891167e-06,0.0014943304
Adam,954,2.329254e-06,0.09639561,1.1878883e-06,0.0014915274
Adam,955,2.324921e-06,0.09620768,1.1865435e-06,0.0014887964
Adam,956,2.3199625e-06,0.096038446,1.1848124e-06,0.0014861006
Adam,957,2.31631e-06,0.09583808,1.1837794e-06,0.0014833942
Adam,958,2.3114758e-06,0.095662914,1.1820705e-06,0.001480661
Adam,959,2.3076032e-06,0.09546466,1.1809436e-06,0.0014779286
Adam,960,2.3029404e-06,0.09528749,1.1794149e-06,0.001475228
Adam,961,2.298479e-06,0.09510998,1.177982e-06,0.0014725688
Adam,962,2.2946265e-06,0.09492126,1.1768615e-06,0.0014699358
Adam,963,2.2899235e-06,0.09475258,1.1752804e-06,0.0014673063
Adam,964,2.286069e-06,0.09456265,1.1742111e-06,0.0014646684
Adam,965,2.281293e-06,0.09439436,1.1726295e-06,0.0014620321
Adam,966,2.2772997e-06,0.09420951,1.1714632e-06,0.0014594095
Adam,967,2.2731115e-06,0.09403208,1.1701685e-06,0.0014568128
Adam,968,2.2687095e-06,0.09386145,1.1687825e-06,0.0014542384
Adam,969,2.2646955e-06,0.09368272,1.1676411e-06,0.0014516776
Adam,970,2.2600811e-06,0.09351864,1.1661513e-06,0.0014491212
Adam,971,2.2562758e-06,0.09333582,1.1651165e-06,0.001446567
Adam,972,2.2517831e-06,0.093169756,1.1636952e-06,0.0014440194
Adam,973,2.2477127e-06,0.09299476,1.1625258e-06,0.0014414833
Adam,974,2.2434629e-06,0.09282584,1.1612394e-06,0.0014389637
Adam,975,2.2392633e-06,0.09265751,1.1599653e-06,0.0014364594
Adam,976,2.2353506e-06,0.09248363,1.1588564e-06,0.0014339674
Adam,977,2.230924e-06,0.092322335,1.1574772e-06,0.0014314835
Adam,978,2.227005e-06,0.0921496,1.1564034e-06,0.0014290072
Adam,979,2.2226318e-06,0.09198832,1.1550512e-06,0.0014265355
Adam,980,2.218749e-06,0.09181642,1.153977e-06,0.001424073
Adam,981,2.2145211e-06,0.091653705,1.1527076e-06,0.0014216213
Adam,982,2.2104305e-06,0.09148878,1.1515309e-06,0.0014191819
Adam,983,2.2063725e-06,0.091324024,1.1503716e-06,0.0014167519
Adam,984,2.2022134e-06,0.09116282,1.1491502e-06,0.0014143328
Adam,985,2.198307e-06,0.09099638,1.1480888e-06,0.0014119231
Adam,986,2.1940166e-06,0.09083954,1.1468193e-06,0.0014095207
Adam,987,2.1901183e-06,0.090674154,1.1457807e-06,0.0014071263
Adam,988,2.1859087e-06,0.09051716,1.1445419e-06,0.0014047392
Adam,989,2.182046e-06,0.09035284,1.1435053e-06,0.001402361
Adam,990,2.177896e-06,0.09019597,1.1423092e-06,0.0013999904
Adam,991,2.1739313e-06,0.0900357,1.1412237e-06,0.0013976303
Adam,992,2.1699009e-06,0.08987781,1.140098e-06,0.0013952778
Adam,993,2.1659002e-06,0.08971997,1.138994e-06,0.0013929339
Adam,994,2.1619514e-06,0.089561746,1.1379291e-06,0.0013905994
Adam,995,2.1578655e-06,0.08940752,1.1367861e-06,0.001388273
Adam,996,2.1539843e-06,0.089249134,1.135766e-06,0.0013859539
Adam,997,2.1499272e-06,0.089096025,1.1346283e-06,0.0013836435
Adam,998,2.1460978e-06,0.088938065,1.1336392e-06,0.0013813413
Adam,999,2.142013e-06,0.08878682,1.1324986e-06,0.0013790448
L-BFGS-B,1,2.142013e-06,0.08878682,1.1324986e-06,0.0013790448
L-BFGS-B,2,0.013245923,299.39478,2.6552683e-05,4.9848194
L-BFGS-B,3,1.0278334e-05,0.51413876,1.3838079e-06,0.006890709
L-BFGS-B,4,2.142185e-06,0.088782586,1.1324299e-06,0.0013790181
L-BFGS-B,5,2.1422402e-06,0.08878119,1.1323787e-06,0.0013790048
L-BFGS-B,6,2.1420904e-06,0.088777624,1.1320292e-06,0.0013788941
L-BFGS-B,7,2.1413002e-06,0.088782385,1.1317903e-06,0.0013787874
L-BFGS-B,8,2.139292e-06,0.08879555,1.1311815e-06,0.0013785264
L-BFGS-B,9,2.1386531e-06,0.088780284,1.1286812e-06,0.001377903
L-BFGS-B,10,2.139315e-06,0.08871796,1.1204934e-06,0.0013761509
L-BFGS-B,11,2.1400906e-06,0.08861838,1.1081303e-06,0.001373417
L-BFGS-B,12,2.1306507e-06,0.088556394,1.0869335e-06,0.0013682015
L-BFGS-B,13,2.1257038e-06,0.0884018,1.0733258e-06,0.0013638726
L-BFGS-B,14,2.1201452e-06,0.08819608,1.0641634e-06,0.001359607
L-BFGS-B,15,2.112546e-06,0.08808162,1.0633818e-06,0.0013572053
L-BFGS-B,16,2.1006808e-06,0.08794095,1.064007e-06,0.0013541128
L-BFGS-B,17,2.0927284e-06,0.08759206,1.0576314e-06,0.0013484745
L-BFGS-B,18,2.090456e-06,0.08706179,1.044284e-06,0.001340829
L-BFGS-B,19,2.0944071e-06,0.086605884,1.0365256e-06,0.0013356988
L-BFGS-B,20,2.1001078e-06,0.08606034,1.0323533e-06,0.0013304725
L-BFGS-B,21,2.0997668e-06,0.08582683,1.0352705e-06,0.001328524
L-BFGS-B,22,2.1050264e-06,0.08568437,1.0304166e-06,0.0013271602
L-BFGS-B,23,2.0953098e-06,0.08566291,1.0321049e-06,0.0013257413
L-BFGS-B,24,2.0774355e-06,0.08570801,1.0345359e-06,0.0013238757
L-BFGS-B,25,2.06369e-06,0.08568292,1.0382464e-06,0.0013221196
L-BFGS-B,26,2.0473587e-06,0.08547346,1.0453567e-06,0.0013186419
L-BFGS-B,27,2.0384873e-06,0.08515801,1.052141e-06,0.0013151743
L-BFGS-B,28,2.0392526e-06,0.08476893,1.0550759e-06,0.0013118385
L-BFGS-B,29,2.0545451e-06,0.08409875,1.0474357e-06,0.0013062847
L-BFGS-B,30,2.0848954e-06,0.08358497,1.032984e-06,0.0013035316
L-BFGS-B,31,2.0915334e-06,0.08341731,1.0291164e-06,0.0013022707
L-BFGS-B,32,2.0840207e-06,0.08347654,1.0295156e-06,0.001301796
L-BFGS-B,33,2.0822e-06,0.0834844,1.0284052e-06,0.0013014347
L-BFGS-B,34,2.076189e-06,0.08349801,1.0218398e-06,0.0012996844
L-BFGS-B,35,2.0730138e-06,0.08346067,1.0154358e-06,0.0012978741
L-BFGS-B,36,2.0726748e-06,0.08331002,1.0082322e-06,0.0012952363
L-BFGS-B,37,2.0716996e-06,0.08308284,1.0048955e-06,0.0012923176
L-BFGS-B,38,2.072858e-06,0.08271383,1.0019161e-06,0.0012883544
L-BFGS-B,39,2.0659793e-06,0.082448564,1.0066419e-06,0.0012853788
L-BFGS-B,40,2.0589262e-06,0.082075864,1.0065429e-06,0.001280579
L-BFGS-B,41,2.0366704e-06,0.081901304,1.0238602e-06,0.0012780926
L-BFGS-B,42,2.041042e-06,0.081894755,1.0085561e-06,0.0012763874
L-BFGS-B,43,2.0407394e-06,0.08194154,9.998064e-07,0.0012754973
L-BFGS-B,44,2.038694e-06,0.08198727,9.940013e-07,0.001274777
L-BFGS-B,45,2.035549e-06,0.082001105,9.882011e-07,0.0012735736
L-BFGS-B,46,2.0318005e-06,0.08195259,9.831215e-07,0.001271764
L-BFGS-B,47,2.0290272e-06,0.08178403,9.815735e-07,0.0012694304
L-BFGS-B,48,2.0197588e-06,0.08143003,9.707475e-07,0.0012628763
L-BFGS-B,49,2.0109003e-06,0.08069705,9.785648e-07,0.0012553902
L-BFGS-B,50,2.0042512e-06,0.0806617,9.682661e-07,0.0012524945
L-BFGS-B,51,1.9955266e-06,0.08031838,9.71372e-07,0.0012482185
L-BFGS-B,52,1.9887682e-06,0.0802183,9.721708e-07,0.0012463239
L-BFGS-B,53,1.967146e-06,0.07891051,9.74265e-07,0.0012303168
L-BFGS-B,54,1.928941e-06,0.07816656,1.0293454e-06,0.0012254086
L-BFGS-B,55,1.9511785e-06,0.07782333,1.001025e-06,0.0012210639
L-BFGS-B,56,1.9518975e-06,0.07762407,1.0012081e-06,0.0012192065
L-BFGS-B,57,1.9525544e-06,0.077404544,1.0085718e-06,0.0012182144
L-BFGS-B,58,1.9494914e-06,0.07710781,1.0110466e-06,0.0012151588
L-BFGS-B,59,1.9420424e-06,0.07578264,1.0449301e-06,0.0012058723
L-BFGS-B,60,1.9019618e-06,0.07514751,1.0406276e-06,0.0011928634
L-BFGS-B,61,1.8278747e-06,0.074727245,1.0390721e-06,0.0011773144
L-BFGS-B,62,1.7983259e-06,0.074808076,1.0328341e-06,0.0011727548
L-BFGS-B,63,1.7892103e-06,0.07469618,1.025872e-06,0.0011692242
L-BFGS-B,64,1.7783782e-06,0.074512705,1.0301751e-06,0.00116641
L-BFGS-B,65,1.7672874e-06,0.074323,1.0327246e-06,0.0011632319
L-BFGS-B,66,1.7529254e-06,0.07415307,1.0326343e-06,0.0011593647
L-BFGS-B,67,1.7434786e-06,0.073962405,1.0365109e-06,0.0011566224
L-BFGS-B,68,1.729636e-06,0.07388285,1.0506847e-06,0.0011558766
L-BFGS-B,69,1.7233508e-06,0.073543884,1.0659072e-06,0.0011538275
L-BFGS-B,70,1.7255769e-06,0.07339154,1.0631014e-06,0.0011522172
L-BFGS-B,71,1.7151747e-06,0.07273361,1.0778153e-06,0.0011462846
L-BFGS-B,72,1.7034271e-06,0.07216843,1.0973099e-06,0.0011417948
L-BFGS-B,73,1.7968104e-06,0.07457342,9.787391e-07,0.0011620666
L-BFGS-B,74,1.7149134e-06,0.07243546,1.0509921e-06,0.0011392405
L-BFGS-B,75,1.7023078e-06,0.071897365,1.059678e-06,0.0011332715
L-BFGS-B,76,1.6783086e-06,0.07119945,1.0989479e-06,0.001128583
L-BFGS-B,77,1.6458237e-06,0.06962972,1.1657369e-06,0.0011180313
L-BFGS-B,78,1.6164852e-06,0.06810883,1.2114699e-06,0.0011052815
L-BFGS-B,79,1.5832788e-06,0.06705303,1.2634302e-06,0.0010975366
L-BFGS-B,80,1.5893817e-06,0.06720907,1.2253871e-06,0.001094306
L-BFGS-B,81,1.5878253e-06,0.06729808,1.212727e-06,0.0010930636
L-BFGS-B,82,1.5694933e-06,0.06718617,1.2343338e-06,0.0010924358
L-BFGS-B,83,1.577252e-06,0.06625904,1.4450508e-06,0.0011159357
L-BFGS-B,84,1.5679778e-06,0.0669794,1.2477765e-06,0.0010921571
L-BFGS-B,85,1.5694601e-06,0.06690095,1.2405026e-06,0.0010905039
L-BFGS-B,86,1.5716003e-06,0.06670365,1.2295958e-06,0.0010872158
L-BFGS-B,87,1.5749392e-06,0.06636072,1.2128944e-06,0.0010817822
L-BFGS-B,88,1.5671119e-06,0.065864824,1.2138852e-06,0.0010757977
L-BFGS-B,89,1.5400791e-06,0.065056935,1.2521252e-06,0.0010694
L-BFGS-B,90,1.518878e-06,0.0648297,1.2508686e-06,0.001063759
L-BFGS-B,91,1.5070611e-06,0.064956404,1.236577e-06,0.0010611097
L-BFGS-B,92,1.48942e-06,0.064866856,1.2451253e-06,0.0010588503
L-BFGS-B,93,1.4777542e-06,0.064659566,1.2575331e-06,0.0010568887
L-BFGS-B,94,1.469016e-06,0.06437572,1.2715154e-06,0.0010548369
L-BFGS-B,95,1.4672374e-06,0.0639692,1.2841409e-06,0.0010523987
L-BFGS-B,96,1.4678029e-06,0.063605264,1.287573e-06,0.001049359
L-BFGS-B,97,1.4706796e-06,0.063166834,1.2870846e-06,0.001045333
L-BFGS-B,98,1.5145914e-06,0.065083325,1.2803287e-06,0.0010700712
L-BFGS-B,99,1.4720339e-06,0.063042425,1.2852148e-06,0.0010440116
L-BFGS-B,100,1.4661209e-06,0.0627565,1.2955155e-06,0.0010418105
L-BFGS-B,101,1.456706e-06,0.06268668,1.3002148e-06,0.0010404049
L-BFGS-B,102,1.4541836e-06,0.06255159,1.305915e-06,0.0010395307
L-BFGS-B,103,1.4470369e-06,0.061950054,1.3350756e-06,0.0010368174
L-BFGS-B,104,1.4245904e-06,0.06080674,1.3998035e-06,0.0010317265
L-BFGS-B,105,1.403559e-06,0.05957037,1.4589342e-06,0.0010250777
L-BFGS-B,106,1.4095722e-06,0.05979542,1.3795636e-06,0.0010163246
L-BFGS-B,107,1.4306711e-06,0.060652927,1.2903953e-06,0.0010146892
L-BFGS-B,108,1.4171434e-06,0.06000392,1.3358473e-06,0.0010129878
L-BFGS-B,109,1.4411643e-06,0.060530894,1.2640982e-06,0.0010110983
L-BFGS-B,110,1.4213094e-06,0.060270272,1.2846658e-06,0.001008599
L-BFGS-B,111,1.4076101e-06,0.05981682,1.3168499e-06,0.0010068371
L-BFGS-B,112,1.3994918e-06,0.05953456,1.3289208e-06,0.0010046074
L-BFGS-B,113,1.3752468e-06,0.058830716,1.370943e-06,0.0010002357
L-BFGS-B,114,1.3623247e-06,0.058362942,1.3970215e-06,0.0009975313
L-BFGS-B,115,1.3449525e-06,0.058174893,1.4179443e-06,0.0009961834
L-BFGS-B,116,1.3474447e-06,0.058134813,1.4072882e-06,0.0009945581
L-BFGS-B,117,1.3458113e-06,0.058086425,1.4049637e-06,0.0009934804
L-BFGS-B,118,1.3351539e-06,0.057805467,1.419651e-06,0.0009912753
L-BFGS-B,119,1.3205367e-06,0.057215568,1.4476133e-06,0.0009873782
L-BFGS-B,120,1.2939236e-06,0.055836182,1.5055136e-06,0.0009782773
L-BFGS-B,121,1.3535151e-06,0.059491295,1.7859554e-06,0.0010658335
L-BFGS-B,122,1.2557707e-06,0.054555196,1.5730798e-06,0.00096987956
L-BFGS-B,123,1.2125336e-06,0.053546216,1.6579824e-06,0.00096603954
L-BFGS-B,124,1.1446201e-06,0.050398983,1.7552926e-06,0.00093897665
L-BFGS-B,125,1.1132282e-06,0.04988118,1.7610573e-06,0.0009299546
L-BFGS-B,126,1.1102585e-06,0.05109578,1.6624963e-06,0.00092687097
L-BFGS-B,127,1.0994157e-06,0.049587656,1.6973693e-06,0.0009153943
L-BFGS-B,128,1.0926098e-06,0.04902113,1.7272304e-06,0.00091318734
L-BFGS-B,129,1.0866352e-06,0.048834115,1.7344771e-06,0.000911508
L-BFGS-B,130,1.0825358e-06,0.048834473,1.7259855e-06,0.00090962293
L-BFGS-B,131,1.0792247e-06,0.04868099,1.732084e-06,0.0009085062
L-BFGS-B,132,1.080385e-06,0.048572853,1.7201223e-06,0.0009058047
L-BFGS-B,133,1.0818624e-06,0.04829955,1.712663e-06,0.00090217433
L-BFGS-B,134,1.090658e-06,0.047909178,1.7167014e-06,0.0009001957
L-BFGS-B,135,1.0856313e-06,0.047370773,1.7295328e-06,0.0008959823
L-BFGS-B,136,1.0832854e-06,0.047024507,1.7390468e-06,0.00089359493
L-BFGS-B,137,1.0722513e-06,0.046091985,1.8000404e-06,0.0008917636
L-BFGS-B,138,1.073322e-06,0.046188407,1.7720881e-06,0.0008886956
L-BFGS-B,139,1.0723049e-06,0.04614429,1.7676728e-06,0.0008874396
L-BFGS-B,140,1.0690071e-06,0.045960404,1.7622957e-06,0.0008842994
L-BFGS-B,141,1.0615884e-06,0.04573936,1.7719915e-06,0.0008824306
L-BFGS-B,142,1.0391076e-06,0.045607198,1.7745422e-06,0.0008781195
L-BFGS-B,143,1.0272602e-06,0.045663066,1.7639336e-06,0.0008753097
L-BFGS-B,144,1.024698e-06,0.04584087,1.7308162e-06,0.00087173586
L-BFGS-B,145,1.0286432e-06,0.04611796,1.68617e-06,0.0008684016
L-BFGS-B,146,1.0283271e-06,0.045877233,1.6737705e-06,0.0008640869
L-BFGS-B,147,1.0316214e-06,0.04576593,1.6618771e-06,0.0008616841
L-BFGS-B,148,1.0527103e-06,0.045480788,1.681829e-06,0.0008649887
L-BFGS-B,149,1.0347666e-06,0.04550524,1.6676826e-06,0.0008604198
L-BFGS-B,150,1.0271166e-06,0.045156512,1.6846905e-06,0.0008583362
L-BFGS-B,151,1.0208751e-06,0.044947717,1.6825511e-06,0.0008549911
L-BFGS-B,152,1.019358e-06,0.044833485,1.6651803e-06,0.0008510156
L-BFGS-B,153,9.996161e-07,0.045831755,1.7812738e-06,0.000875451
L-BFGS-B,154,1.0102185e-06,0.044674765,1.6750679e-06,0.0008495406
L-BFGS-B,155,1.0099595e-06,0.044400025,1.6624997e-06,0.0008448691
L-BFGS-B,156,1.028377e-06,0.0448233,1.6182452e-06,0.00084522634
L-BFGS-B,157,1.0173313e-06,0.044395197,1.6366604e-06,0.00084205065
L-BFGS-B,158,1.019898e-06,0.04414267,1.6298528e-06,0.0008388893
L-BFGS-B,159,1.0194746e-06,0.04376838,1.6344108e-06,0.00083576655
L-BFGS-B,160,1.0106849e-06,0.043143593,1.6476464e-06,0.0008301856
L-BFGS-B,161,9.98375e-07,0.04254445,1.6566206e-06,0.0008236939
L-BFGS-B,162,9.833572e-07,0.04286708,1.6669604e-06,0.0008262184
L-BFGS-B,163,9.90714e-07,0.04243931,1.6576846e-06,0.00082165294
L-BFGS-B,164,9.797881e-07,0.04187592,1.6857191e-06,0.0008185853
L-BFGS-B,165,9.80728e-07,0.041910164,1.6656378e-06,0.0008160565
L-BFGS-B,166,9.76336e-07,0.0417417,1.6703787e-06,0.0008144242
L-BFGS-B,167,9.735995e-07,0.041550025,1.6763171e-06,0.00081298774
L-BFGS-B,168,9.701308e-07,0.04141896,1.6830598e-06,0.0008121681
L-BFGS-B,169,9.697848e-07,0.041353587,1.6844181e-06,0.00081166625
L-BFGS-B,170,9.750357e-07,0.04166073,1.648745e-06,0.0008101744
L-BFGS-B,171,9.615236e-07,0.0412075,1.6649452e-06,0.0008060453
L-BFGS-B,172,9.711588e-07,0.040039044,1.7274115e-06,0.000805176
L-BFGS-B,173,9.617743e-07,0.040426757,1.6915291e-06,0.0008022631
L-BFGS-B,174,9.435069e-07,0.040038846,1.6679696e-06,0.00079210993
L-BFGS-B,175,9.51619e-07,0.040036235,1.623118e-06,0.00078657287
L-BFGS-B,176,9.929458e-07,0.04043458,1.553528e-06,0.0007863169
L-BFGS-B,177,9.563925e-07,0.039796058,1.5607714e-06,0.0007755351
L-BFGS-B,178,9.451234e-07,0.03940412,1.5629977e-06,0.0007702593
L-BFGS-B,179,9.4564024e-07,0.0391281,1.5367018e-06,0.00076363224
L-BFGS-B,180,9.591379e-07,0.039578266,1.4776057e-06,0.0007612942
L-BFGS-B,181,9.972523e-07,0.039532423,1.4320307e-06,0.00075971667
L-BFGS-B,182,9.540278e-07,0.039164033,1.4522633e-06,0.00075258396
L-BFGS-B,183,9.463767e-07,0.03880204,1.4562182e-06,0.00074840966
L-BFGS-B,184,9.489902e-07,0.038749877,1.4453934e-06,0.0007466563
L-BFGS-B,185,9.4767705e-07,0.038809776,1.4352527e-06,0.0007455372
L-BFGS-B,186,9.4609214e-07,0.038789053,1.4345843e-06,0.00074499205
L-BFGS-B,187,9.469824e-07,0.03874284,1.435142e-06,0.00074474706
L-BFGS-B,188,9.469437e-07,0.038702756,1.4362221e-06,0.0007445024
L-BFGS-B,189,9.47269e-07,0.03866929,1.4360179e-06,0.0007441859
L-BFGS-B,190,9.497293e-07,0.038846042,1.421357e-06,0.00074412336
L-BFGS-B,191,9.481464e-07,0.03874868,1.427106e-06,0.00074377464
L-BFGS-B,192,9.4587887e-07,0.038704693,1.4276159e-06,0.00074307114
L-BFGS-B,193,9.406628e-07,0.03860256,1.428538e-06,0.0007414057
L-BFGS-B,194,1.1669247e-06,0.05148837,1.7654897e-06,0.0009547458
L-BFGS-B,195,9.4015337e-07,0.038608078,1.4257025e-06,0.0007409592
L-BFGS-B,196,9.323972e-07,0.038408615,1.4280381e-06,0.00073815143
L-BFGS-B,197,9.272951e-07,0.03781218,1.4252531e-06,0.000731004
L-BFGS-B,198,9.232123e-07,0.037177686,1.4248143e-06,0.00072398083
L-BFGS-B,199,1.2222939e-06,0.03953377,1.5710374e-06,0.0008143374
L-BFGS-B,200,9.3365287e-07,0.03674721,1.4341792e-06,0.00072264695
L-BFGS-B,201,9.378444e-07,0.03653289,1.4045581e-06,0.0007166893
L-BFGS-B,202,9.415035e-07,0.03648144,1.3814127e-06,0.0007132519
L-BFGS-B,203,9.450391e-07,0.036609646,1.3492893e-06,0.0007102457
L-BFGS-B,204,9.4262947e-07,0.036778826,1.3322746e-06,0.0007090239
L-BFGS-B,205,9.4532345e-07,0.03676619,1.3226921e-06,0.00070786424
L-BFGS-B,206,9.399872e-07,0.03674923,1.3245507e-06,0.00070717296
L-BFGS-B,207,9.366808e-07,0.03674439,1.325418e-06,0.0007067587
L-BFGS-B,208,9.322943e-07,0.036746837,1.3265322e-06,0.00070629234
L-BFGS-B,209,9.255976e-07,0.03662073,1.3367587e-06,0.0007055607
L-BFGS-B,210,9.1717175e-07,0.03630345,1.3591366e-06,0.0007044807
L-BFGS-B,211,9.1005415e-07,0.03596942,1.3836997e-06,0.0007037573
L-BFGS-B,212,9.105296e-07,0.035865843,1.3871454e-06,0.00070330966
L-BFGS-B,213,9.1301894e-07,0.035861816,1.3822312e-06,0.0007029057
L-BFGS-B,214,9.1322727e-07,0.03581707,1.3830711e-06,0.0007026155
L-BFGS-B,215,9.1201184e-07,0.0357756,1.3847034e-06,0.0007022633
L-BFGS-B,216,9.0971173e-07,0.035729207,1.3886649e-06,0.00070204854
L-BFGS-B,217,9.070517e-07,0.035692334,1.3922506e-06,0.0007018186
L-BFGS-B,218,9.0321856e-07,0.03561089,1.3993108e-06,0.0007014882
L-BFGS-B,219,8.9852017e-07,0.035516858,1.4067626e-06,0.000700961
L-BFGS-B,220,8.92872e-07,0.03523725,1.4259604e-06,0.0007001973
L-BFGS-B,221,8.881779e-07,0.034974895,1.4392419e-06,0.0006988619
L-BFGS-B,222,8.8710897e-07,0.034549076,1.4596882e-06,0.0006975103
L-BFGS-B,223,8.889388e-07,0.034335125,1.4613479e-06,0.00069589424
L-BFGS-B,224,8.908491e-07,0.03421495,1.463186e-06,0.00069525477
L-BFGS-B,225,8.919395e-07,0.034242727,1.4558761e-06,0.0006945996
L-BFGS-B,226,8.8874503e-07,0.034261234,1.4556201e-06,0.0006942671
L-BFGS-B,227,8.8863015e-07,0.034188997,1.4545424e-06,0.0006933659
L-BFGS-B,228,8.834242e-07,0.033929206,1.4632593e-06,0.00069129455
L-BFGS-B,229,8.7601586e-07,0.03368595,1.4751719e-06,0.0006895377
L-BFGS-B,230,8.6904373e-07,0.03398297,1.4474291e-06,0.0006873006
L-BFGS-B,231,8.697242e-07,0.033999886,1.4379441e-06,0.0006861491
L-BFGS-B,232,8.733489e-07,0.034147803,1.413169e-06,0.0006844557
L-BFGS-B,233,8.8010347e-07,0.034332927,1.3845133e-06,0.0006830218
L-BFGS-B,234,8.827696e-07,0.034402214,1.3705139e-06,0.0006820146
L-BFGS-B,235,8.795832e-07,0.034308203,1.3724161e-06,0.0006808819
L-BFGS-B,236,8.7866266e-07,0.034334272,1.3689827e-06,0.0006804895
L-BFGS-B,237,8.7728034e-07,0.034347385,1.3674314e-06,0.0006801806
L-BFGS-B,238,8.7765676e-07,0.03451846,1.353482e-06,0.00067985547
L-BFGS-B,239,8.95234e-07,0.036202718,1.3514993e-06,0.00069903716
L-BFGS-B,240,8.774314e-07,0.034560204,1.3500661e-06,0.00067972665
L-BFGS-B,241,8.86342e-07,0.034914143,1.3156406e-06,0.0006794388
L-BFGS-B,242,8.811297e-07,0.03494842,1.3100954e-06,0.00067816797
L-BFGS-B,243,8.81322e-07,0.035017405,1.2977442e-06,0.00067703397
L-BFGS-B,244,8.860365e-07,0.035060007,1.2771268e-06,0.0006750746
L-BFGS-B,245,8.9003066e-07,0.035135347,1.2568037e-06,0.0006733786
L-BFGS-B,246,8.889895e-07,0.03492614,1.2589334e-06,0.0006714498
L-BFGS-B,247,8.86528e-07,0.034741458,1.258916e-06,0.0006692312
L-BFGS-B,248,8.823012e-07,0.034327272,1.2826272e-06,0.00066801195
L-BFGS-B,249,8.8111483e-07,0.034384944,1.2838857e-06,0.0006685995
L-BFGS-B,250,8.813263e-07,0.034296088,1.2828494e-06,0.0006675872
L-BFGS-B,251,8.7615985e-07,0.03430656,1.282788e-06,0.0006669078
L-BFGS-B,252,8.7216785e-07,0.0342305,1.2872922e-06,0.000666224
L-BFGS-B,253,8.7062745e-07,0.033878017,1.3073176e-06,0.00066547195
L-BFGS-B,254,8.704893e-07,0.033937544,1.2972191e-06,0.0006645317
L-BFGS-B,255,8.7276777e-07,0.034001753,1.2839147e-06,0.0006635199
L-BFGS-B,256,8.712159e-07,0.03401125,1.2756376e-06,0.0006621405
L-BFGS-B,257,8.726683e-07,0.033832826,1.2792132e-06,0.00066111045
L-BFGS-B,258,8.724197e-07,0.03360972,1.2884694e-06,0.0006602306
L-BFGS-B,259,8.7014064e-07,0.033650115,1.2821713e-06,0.0006593479
L-BFGS-B,260,8.723334e-07,0.033574715,1.2941073e-06,0.00066071324
L-BFGS-B,261,8.7010574e-07,0.033560388,1.2856224e-06,0.0006589631
L-BFGS-B,262,8.691734e-07,0.033519197,1.2867523e-06,0.0006585808
L-BFGS-B,263,8.773275e-07,0.0339479,1.2715839e-06,0.0006618157
L-BFGS-B,264,8.6963604e-07,0.033545353,1.284219e-06,0.0006585318
L-BFGS-B,265,8.668451e-07,0.033360902,1.2976332e-06,0.00065828074
L-BFGS-B,266,8.665193e-07,0.033300642,1.3008366e-06,0.0006581098
L-BFGS-B,267,8.644935e-07,0.033242974,1.3043217e-06,0.00065775204
L-BFGS-B,268,8.6138994e-07,0.03310459,1.3149609e-06,0.00065749855
L-BFGS-B,269,8.568731e-07,0.033077423,1.3177321e-06,0.000656965
L-BFGS-B,270,8.5483754e-07,0.03297016,1.3250234e-06,0.0006566807
L-BFGS-B,271,8.512976e-07,0.032724388,1.341805e-06,0.00065620925
L-BFGS-B,272,8.512145e-07,0.03266597,1.3430476e-06,0.00065579906
L-BFGS-B,273,8.5073896e-07,0.032534763,1.348275e-06,0.0006551997
L-BFGS-B,274,8.50709e-07,0.032407038,1.3539027e-06,0.00065476215
L-BFGS-B,275,8.4863603e-07,0.032427337,1.3522757e-06,0.0006544101
L-BFGS-B,276,8.469595e-07,0.03236523,1.3549366e-06,0.0006539367
L-BFGS-B,277,8.4201287e-07,0.03215919,1.372415e-06,0.0006537561
L-BFGS-B,278,8.3972355e-07,0.032194167,1.3695883e-06,0.00065333844
L-BFGS-B,279,8.3842014e-07,0.032151163,1.3722379e-06,0.0006531103
L-BFGS-B,280,8.3178753e-07,0.03190119,1.3936362e-06,0.00065282546
L-BFGS-B,281,8.326266e-07,0.03189005,1.3916828e-06,0.0006525469
L-BFGS-B,282,8.3096825e-07,0.03185087,1.3949117e-06,0.0006523907
L-BFGS-B,283,8.175415e-07,0.031987246,1.4105e-06,0.00065407867
L-BFGS-B,284,8.263644e-07,0.03184276,1.3987793e-06,0.00065219915
L-BFGS-B,285,8.236067e-07,0.031731483,1.4086975e-06,0.00065216044
L-BFGS-B,286,8.2507773e-07,0.03178572,1.4028114e-06,0.0006520406
L-BFGS-B,287,8.231318e-07,0.031723943,1.406096e-06,0.0006516236
L-BFGS-B,288,8.213322e-07,0.03171448,1.4057862e-06,0.0006512125
L-BFGS-B,289,8.1571784e-07,0.03177751,1.4053164e-06,0.0006509302
L-BFGS-B,290,8.100376e-07,0.032023836,1.3926812e-06,0.00065064617
L-BFGS-B,291,8.107227e-07,0.03191008,1.3948445e-06,0.0006499359
L-BFGS-B,292,8.1182503e-07,0.03190144,1.3921718e-06,0.0006496139
L-BFGS-B,293,8.161719e-07,0.03192804,1.3815244e-06,0.00064893486
L-BFGS-B,294,8.1861504e-07,0.03191381,1.3762651e-06,0.0006483701
L-BFGS-B,295,8.16414e-07,0.032033302,1.3684507e-06,0.00064806273
L-BFGS-B,296,8.1769593e-07,0.03215435,1.3570026e-06,0.0006477483
L-BFGS-B,297,8.174525e-07,0.032090772,1.3603357e-06,0.00064757594
L-BFGS-B,298,8.171364e-07,0.03206936,1.3613094e-06,0.00064746046
L-BFGS-B,299,8.180193e-07,0.032067757,1.3598388e-06,0.00064735627
L-BFGS-B,300,8.192628e-07,0.032279372,1.3478087e-06,0.00064785447
L-BFGS-B,301,8.1815097e-07,0.03210869,1.3565893e-06,0.00064729794
L-BFGS-B,302,8.1842796e-07,0.032095186,1.3563408e-06,0.0006471672
L-BFGS-B,303,8.1802756e-07,0.032095782,1.3535258e-06,0.00064669084
L-BFGS-B,304,8.176202e-07,0.03210614,1.3517288e-06,0.0006464637
L-BFGS-B,305,8.171118e-07,0.032163393,1.3472204e-06,0.00064628373
L-BFGS-B,306,8.165912e-07,0.0321676,1.3462886e-06,0.00064610795
L-BFGS-B,307,8.166086e-07,0.03221668,1.341581e-06,0.0006458952
L-BFGS-B,308,8.159983e-07,0.03219436,1.3422571e-06,0.00064568187
L-BFGS-B,309,8.163053e-07,0.032205075,1.3398763e-06,0.00064547797
L-BFGS-B,310,8.155512e-07,0.03213928,1.3431403e-06,0.00064519653
L-BFGS-B,311,8.1502554e-07,0.032093827,1.3443332e-06,0.00064484205
L-BFGS-B,312,8.148836e-07,0.031914663,1.3550224e-06,0.0006446325
L-BFGS-B,313,8.155091e-07,0.031977825,1.3469552e-06,0.00064414786
L-BFGS-B,314,8.2325334e-07,0.03195459,1.3709688e-06,0.0006486792
L-BFGS-B,315,8.156867e-07,0.03193652,1.3486273e-06,0.00064401224
L-BFGS-B,316,8.150045e-07,0.031957876,1.3434179e-06,0.00064334215
L-BFGS-B,317,8.2022103e-07,0.03212339,1.3185087e-06,0.00064204336
L-BFGS-B,318,8.2698466e-07,0.032075044,1.312369e-06,0.0006416535
L-BFGS-B,319,8.227026e-07,0.03177068,1.3255826e-06,0.0006399496
L-BFGS-B,320,8.1937634e-07,0.031472493,1.3402112e-06,0.00063866307
L-BFGS-B,321,8.168644e-07,0.031308867,1.34268e-06,0.00063702033
L-BFGS-B,322,8.192768e-07,0.031291243,1.3327033e-06,0.00063570944
L-BFGS-B,323,8.181945e-07,0.03136447,1.3321305e-06,0.00063619344
L-BFGS-B,324,8.163598e-07,0.03111241,1.3311796e-06,0.000633255
L-BFGS-B,325,8.125063e-07,0.030952344,1.3368108e-06,0.000631921
L-BFGS-B,326,8.1144924e-07,0.030949686,1.3262459e-06,0.00063015113
L-BFGS-B,327,8.1209987e-07,0.030986631,1.3084912e-06,0.00062795496
L-BFGS-B,328,8.1079986e-07,0.031029172,1.3022195e-06,0.00062724465
L-BFGS-B,329,8.0888606e-07,0.031093046,1.2963447e-06,0.0006267151
L-BFGS-B,330,8.0764255e-07,0.031183196,1.2893198e-06,0.0006263763
L-BFGS-B,331,8.0509267e-07,0.031110534,1.2943578e-06,0.0006260229
L-BFGS-B,332,7.982376e-07,0.031607393,1.2727998e-06,0.0006267295
L-BFGS-B,333,8.021301e-07,0.031253573,1.2861146e-06,0.00062577246
L-BFGS-B,334,8.0156053e-07,0.03129953,1.2806344e-06,0.00062532455
L-BFGS-B,335,7.9858415e-07,0.031227365,1.2847896e-06,0.0006247797
L-BFGS-B,336,7.995707e-07,0.031240534,1.2808613e-06,0.0006244702
L-BFGS-B,337,7.990571e-07,0.031239113,1.279661e-06,0.0006241988
L-BFGS-B,338,7.964289e-07,0.031350102,1.2720664e-06,0.0006237753
L-BFGS-B,339,8.024587e-07,0.03139632,1.2660819e-06,0.0006242443
L-BFGS-B,340,7.9802237e-07,0.031340294,1.2685988e-06,0.00062339613
L-BFGS-B,341,7.988736e-07,0.03136532,1.2630494e-06,0.00062294165
L-BFGS-B,342,8.0319035e-07,0.03142607,1.245558e-06,0.00062157295
L-BFGS-B,343,8.052956e-07,0.031421173,1.2393051e-06,0.0006209018
L-BFGS-B,344,8.195193e-07,0.033068344,1.1838509e-06,0.000631189
L-BFGS-B,345,8.049545e-07,0.03162781,1.2225985e-06,0.00062041107
L-BFGS-B,346,8.1044584e-07,0.031457976,1.2196031e-06,0.0006190871
L-BFGS-B,347,8.15353e-07,0.03121759,1.2261456e-06,0.0006184007
L-BFGS-B,348,8.1689245e-07,0.03115833,1.2260775e-06,0.0006180288
L-BFGS-B,349,8.152906e-07,0.031233463,1.2204486e-06,0.0006176955
L-BFGS-B,350,8.1452635e-07,0.03120041,1.2222531e-06,0.000617521
L-BFGS-B,351,8.1982637e-07,0.03121262,1.2192908e-06,0.00061799376
L-BFGS-B,352,8.158816e-07,0.031194007,1.2205795e-06,0.00061740924
L-BFGS-B,353,8.3711444e-07,0.031493764,1.292028e-06,0.000634309
L-BFGS-B,354,8.1496074e-07,0.031161245,1.2230272e-06,0.00061731064
L-BFGS-B,355,8.136561e-07,0.031114964,1.2262017e-06,0.00061712833
L-BFGS-B,356,8.126574e-07,0.03109007,1.2274609e-06,0.00061691843
L-BFGS-B,357,8.1174704e-07,0.030983187,1.2332225e-06,0.0006165773
L-BFGS-B,358,8.108822e-07,0.030924706,1.2350658e-06,0.00061613927
L-BFGS-B,359,8.151901e-07,0.030866764,1.2271513e-06,0.0006150188
L-BFGS-B,360,8.1216757e-07,0.030802453,1.2304729e-06,0.0006144206
L-BFGS-B,361,8.089402e-07,0.030728111,1.2338634e-06,0.00061370165
L-BFGS-B,362,8.092329e-07,0.030699387,1.2269551e-06,0.00061242207
L-BFGS-B,363,8.104447e-07,0.030696228,1.2183677e-06,0.0006112841
L-BFGS-B,364,8.134038e-07,0.030795597,1.2037467e-06,0.0006105285
L-BFGS-B,365,8.1107163e-07,0.030868907,1.1969942e-06,0.00060989894
L-BFGS-B,366,8.123001e-07,0.03085559,1.194728e-06,0.0006096101
L-BFGS-B,367,8.116967e-07,0.030769844,1.1992882e-06,0.0006093462
L-BFGS-B,368,8.08581e-07,0.030643031,1.2093432e-06,0.00060911896
L-BFGS-B,369,8.074761e-07,0.030625219,1.209622e-06,0.0006088169
L-BFGS-B,370,8.052834e-07,0.030541053,1.213781e-06,0.0006082702
L-BFGS-B,371,8.049454e-07,0.030511182,1.2139894e-06,0.000607952
L-BFGS-B,372,8.0288345e-07,0.030405914,1.2204634e-06,0.00060756115
L-BFGS-B,373,8.0166063e-07,0.03027606,1.2260339e-06,0.00060691475
L-BFGS-B,374,8.0126927e-07,0.030246558,1.224045e-06,0.0006062627
L-BFGS-B,375,8.014064e-07,0.030262297,1.222343e-06,0.0006061854
L-BFGS-B,376,8.0102024e-07,0.030220155,1.2233172e-06,0.00060585217
L-BFGS-B,377,8.0145554e-07,0.03022229,1.2170508e-06,0.00060499884
L-BFGS-B,378,8.0353135e-07,0.030232,1.2126249e-06,0.0006047434
L-BFGS-B,379,8.02868e-07,0.030200303,1.2132339e-06,0.00060441834
L-BFGS-B,380,8.0290823e-07,0.030149968,1.2156958e-06,0.0006042903
L-BFGS-B,381,8.017126e-07,0.030061843,1.2214858e-06,0.0006040982
L-BFGS-B,382,8.015264e-07,0.029970212,1.226446e-06,0.00060389796
L-BFGS-B,383,8.0303727e-07,0.02994474,1.2260055e-06,0.0006038038
L-BFGS-B,384,8.0143195e-07,0.029958365,1.224669e-06,0.0006034988
L-BFGS-B,385,8.0221685e-07,0.030003587,1.219351e-06,0.00060327107
L-BFGS-B,386,8.059103e-07,0.030074066,1.2097539e-06,0.0006030903
L-BFGS-B,387,8.0634067e-07,0.03007958,1.2065011e-06,0.00060272205
L-BFGS-B,388,8.074234e-07,0.030061282,1.2045089e-06,0.00060240267
L-BFGS-B,389,8.099953e-07,0.030059274,1.1995409e-06,0.00060202315
L-BFGS-B,390,8.087959e-07,0.030032577,1.2010504e-06,0.0006018027
L-BFGS-B,391,8.0625125e-07,0.030013522,1.2032647e-06,0.00060156255
L-BFGS-B,392,8.038858e-07,0.029971473,1.2071149e-06,0.0006013648
L-BFGS-B,393,8.0344205e-07,0.029918827,1.2105975e-06,0.0006012942
L-BFGS-B,394,8.005679e-07,0.029845985,1.2158853e-06,0.00060092786
L-BFGS-B,395,8.0070674e-07,0.029812654,1.2166672e-06,0.00060073263
L-BFGS-B,396,8.001825e-07,0.029712306,1.2202219e-06,0.0006001837
L-BFGS-B,397,8.007546e-07,0.029625218,1.2213706e-06,0.0005995709
L-BFGS-B,398,8.025058e-07,0.0297326,1.2231072e-06,0.0006011679
L-BFGS-B,399,8.005636e-07,0.029587867,1.2216593e-06,0.0005992121
L-BFGS-B,400,7.971438e-07,0.029488366,1.2273092e-06,0.0005985516
L-BFGS-B,401,7.956671e-07,0.029494977,1.2248095e-06,0.00059802126
L-BFGS-B,402,7.9307864e-07,0.029475583,1.2263137e-06,0.0005976647
L-BFGS-B,403,7.9298235e-07,0.029886669,1.2060302e-06,0.0005987186
L-BFGS-B,404,7.927114e-07,0.029543612,1.2216873e-06,0.00059759594
L-BFGS-B,405,7.9183627e-07,0.029534189,1.2208941e-06,0.00059725146
L-BFGS-B,406,7.898811e-07,0.029591046,1.2133756e-06,0.00059639895
L-BFGS-B,407,7.898362e-07,0.029732374,1.204038e-06,0.0005964049
L-BFGS-B,408,7.896008e-07,0.029648172,1.2084431e-06,0.0005961883
L-BFGS-B,409,7.896466e-07,0.029648071,1.2068659e-06,0.00059595756
L-BFGS-B,410,7.914462e-07,0.029670443,1.201854e-06,0.0005956995
L-BFGS-B,411,7.996072e-07,0.029513685,1.2118098e-06,0.0005968494
L-BFGS-B,412,7.92902e-07,0.029611422,1.2034892e-06,0.00059557287
L-BFGS-B,413,7.912524e-07,0.029589044,1.2056673e-06,0.0005954284
L-BFGS-B,414,7.919241e-07,0.02964687,1.1994508e-06,0.00059517496
L-BFGS-B,415,7.9109884e-07,0.02965974,1.1986402e-06,0.00059505826
L-BFGS-B,416,7.896054e-07,0.029592201,1.2037221e-06,0.0005949211
L-BFGS-B,417,7.885673e-07,0.029552199,1.2065964e-06,0.00059479655
L-BFGS-B,418,7.868256e-07,0.029505841,1.2103059e-06,0.00059462816
L-BFGS-B,419,7.852056e-07,0.029488008,1.2119975e-06,0.0005944605
L-BFGS-B,420,7.8423494e-07,0.029509157,1.2104789e-06,0.00059429865
L-BFGS-B,421,7.8353287e-07,0.029527616,1.2090463e-06,0.000594163
L-BFGS-B,422,7.8343186e-07,0.029541656,1.2075564e-06,0.0005940648
L-BFGS-B,423,7.8335006e-07,0.029547494,1.2061089e-06,0.00059389375
L-BFGS-B,424,7.797206e-07,0.029634183,1.2057208e-06,0.0005941581
L-BFGS-B,425,7.814657e-07,0.02956612,1.2057264e-06,0.00059374
L-BFGS-B,426,7.798816e-07,0.029459229,1.2114358e-06,0.0005932899
L-BFGS-B,427,7.790822e-07,0.029398413,1.213438e-06,0.00059286214
L-BFGS-B,428,7.813233e-07,0.0293521,1.2094812e-06,0.0005921417
L-BFGS-B,429,7.782243e-07,0.029264668,1.2146279e-06,0.00059157447
L-BFGS-B,430,7.772728e-07,0.029167654,1.2168908e-06,0.00059080106
L-BFGS-B,431,8.101075e-07,0.034026932,1.3057683e-06,0.0006576507
L-BFGS-B,432,7.749674e-07,0.029236488,1.2131695e-06,0.0005905854
L-BFGS-B,433,7.744877e-07,0.029111067,1.2219027e-06,0.0005905692
L-BFGS-B,434,7.7439023e-07,0.029152893,1.2162615e-06,0.00059012667
L-BFGS-B,435,7.689801e-07,0.028856985,1.2402829e-06,0.00058995927
L-BFGS-B,436,7.709179e-07,0.028962215,1.2265094e-06,0.00058923627
L-BFGS-B,437,7.737143e-07,0.028953552,1.2210278e-06,0.00058874686
L-BFGS-B,438,7.7285046e-07,0.028937994,1.2227056e-06,0.00058871333
L-BFGS-B,439,7.7116096e-07,0.02888315,1.2249606e-06,0.0005882497
L-BFGS-B,440,7.710553e-07,0.028903827,1.2217695e-06,0.000587962
L-BFGS-B,441,7.6999703e-07,0.028855667,1.2232811e-06,0.00058754836
L-BFGS-B,442,7.6819646e-07,0.028801369,1.2288608e-06,0.0005875723
L-BFGS-B,443,7.6867224e-07,0.028811261,1.2250069e-06,0.0005871645
L-BFGS-B,444,7.6736814e-07,0.02868325,1.2323369e-06,0.0005867883
L-BFGS-B,445,7.6785017e-07,0.02866411,1.2311901e-06,0.00058649713
L-BFGS-B,446,7.692226e-07,0.028616011,1.2299488e-06,0.0005860358
L-BFGS-B,447,7.6964153e-07,0.028579134,1.2256189e-06,0.0005850804
L-BFGS-B,448,7.7099367e-07,0.028548356,1.2198237e-06,0.00058410614
L-BFGS-B,449,7.8253674e-07,0.028678492,1.2113119e-06,0.0005858622
L-BFGS-B,450,7.717919e-07,0.028526288,1.2170095e-06,0.0005835831
L-BFGS-B,451,7.765252e-07,0.028445365,1.2151949e-06,0.00058321166
L-BFGS-B,452,7.714593e-07,0.02849125,1.2157203e-06,0.0005829894
L-BFGS-B,453,7.71103e-07,0.028440425,1.2186649e-06,0.0005828694
L-BFGS-B,454,7.713641e-07,0.0283489,1.2239458e-06,0.00058278546
L-BFGS-B,455,7.7090453e-07,0.028343596,1.223851e-06,0.00058264926
L-BFGS-B,456,7.700098e-07,0.028292462,1.2272403e-06,0.0005825121
L-BFGS-B,457,7.695733e-07,0.028254889,1.2296991e-06,0.00058243977
L-BFGS-B,458,7.692339e-07,0.028213186,1.2321908e-06,0.0005823455
L-BFGS-B,459,7.680953e-07,0.028159931,1.2361339e-06,0.0005822337
L-BFGS-B,460,8.0415987e-07,0.02889898,1.2249089e-06,0.0005933501
L-BFGS-B,461,7.688178e-07,0.02816128,1.235112e-06,0.0005822023
L-BFGS-B,462,7.683984e-07,0.028142355,1.2360448e-06,0.00058209
L-BFGS-B,463,7.6882657e-07,0.028129548,1.2358136e-06,0.0005819915
L-BFGS-B,464,7.685218e-07,0.028145658,1.2345994e-06,0.00058192475
L-BFGS-B,465,7.6892536e-07,0.028140234,1.2341043e-06,0.0005818568
L-BFGS-B,466,7.696443e-07,0.02812678,1.2336338e-06,0.0005817595
L-BFGS-B,467,7.7083337e-07,0.02819457,1.2303399e-06,0.0005821217
L-BFGS-B,468,7.697266e-07,0.028135667,1.2327691e-06,0.00058173103
L-BFGS-B,469,7.692376e-07,0.028165486,1.2306098e-06,0.00058163196
L-BFGS-B,470,7.6907753e-07,0.028159453,1.2301741e-06,0.0005814823
L-BFGS-B,471,7.6691776e-07,0.028153405,1.231097e-06,0.00058123627
L-BFGS-B,472,7.6840774e-07,0.028137624,1.2307667e-06,0.0005812524
L-BFGS-B,473,7.675487e-07,0.028142301,1.2308235e-06,0.0005811788
L-BFGS-B,474,7.662762e-07,0.02813377,1.2322437e-06,0.00058111566
L-BFGS-B,475,7.6461197e-07,0.028130652,1.2338453e-06,0.0005810751
L-BFGS-B,476,7.6399533e-07,0.028107248,1.2356151e-06,0.000581014
L-BFGS-B,477,7.6140276e-07,0.028033199,1.2420128e-06,0.00058084435
L-BFGS-B,478,7.610818e-07,0.028004427,1.2434675e-06,0.00058072666
L-BFGS-B,479,7.6014476e-07,0.027916757,1.2486648e-06,0.000580489
L-BFGS-B,480,7.5972656e-07,0.027885094,1.2497412e-06,0.0005802711
L-BFGS-B,481,7.587959e-07,0.027800757,1.2537896e-06,0.0005798954
L-BFGS-B,482,7.652822e-07,0.027768508,1.2616999e-06,0.00058173237
L-BFGS-B,483,7.592957e-07,0.02774662,1.2552229e-06,0.000579644
L-BFGS-B,484,7.581991e-07,0.027610004,1.2616765e-06,0.00057908136
L-BFGS-B,485,7.543609e-07,0.027356548,1.2747333e-06,0.0005779296
L-BFGS-B,486,7.5555755e-07,0.02718882,1.2800292e-06,0.0005772262
L-BFGS-B,487,7.551207e-07,0.027077364,1.2832182e-06,0.0005765245
L-BFGS-B,488,7.5710767e-07,0.027084393,1.2778003e-06,0.0005760801
L-BFGS-B,489,7.5707743e-07,0.027103676,1.2702774e-06,0.00057514
L-BFGS-B,490,7.5348436e-07,0.027461443,1.2400372e-06,0.00057364267
L-BFGS-B,491,7.5509206e-07,0.027849529,1.2191878e-06,0.00057463726
L-BFGS-B,492,7.5268343e-07,0.027518522,1.2301042e-06,0.00057260337
L-BFGS-B,493,7.4406586e-07,0.027358938,1.2395643e-06,0.0005711339
L-BFGS-B,494,7.398579e-07,0.027279003,1.2433505e-06,0.0005702713
L-BFGS-B,495,7.3492487e-07,0.027153663,1.2518824e-06,0.0005695577
L-BFGS-B,496,7.332683e-07,0.0270684,1.2573506e-06,0.0005692768
L-BFGS-B,497,7.331626e-07,0.02696267,1.2629919e-06,0.00056904985
L-BFGS-B,498,7.3300146e-07,0.026829643,1.2708566e-06,0.0005688751
L-BFGS-B,499,7.319496e-07,0.026847117,1.2697591e-06,0.0005687275
L-BFGS-B,500,7.3082504e-07,0.026860107,1.269025e-06,0.0005685786
L-BFGS-B,501,7.299012e-07,0.02685213,1.2700173e-06,0.0005685091
L-BFGS-B,502,7.292634e-07,0.026820712,1.2722315e-06,0.00056843134
L-BFGS-B,503,7.284308e-07,0.026787592,1.2747043e-06,0.0005683462
L-BFGS-B,504,7.2869057e-07,0.02686814,1.2686804e-06,0.0005682871
L-BFGS-B,505,7.2811287e-07,0.026835889,1.270413e-06,0.00056813774
L-BFGS-B,506,7.2882733e-07,0.026867392,1.2668373e-06,0.0005680236
L-BFGS-B,507,7.300459e-07,0.026926514,1.260994e-06,0.0005679211
L-BFGS-B,508,7.310262e-07,0.026960656,1.257186e-06,0.0005678384
L-BFGS-B,509,7.324276e-07,0.026995862,1.2526937e-06,0.0005677268
L-BFGS-B,510,7.3290875e-07,0.026997328,1.2515303e-06,0.00056763913
L-BFGS-B,511,7.331289e-07,0.026965462,1.2521981e-06,0.0005674537
L-BFGS-B,512,7.3230154e-07,0.026900616,1.2561652e-06,0.00056727615
L-BFGS-B,513,7.30487e-07,0.026741253,1.2699717e-06,0.0005674813
L-BFGS-B,514,7.314836e-07,0.026836988,1.2607401e-06,0.00056720345
L-BFGS-B,515,7.2950655e-07,0.026750831,1.2672866e-06,0.00056702725
L-BFGS-B,516,7.2798497e-07,0.026726037,1.2706199e-06,0.0005670511
L-BFGS-B,517,7.286302e-07,0.02672961,1.2688636e-06,0.00056692015
L-BFGS-B,518,7.2734747e-07,0.026739,1.2684991e-06,0.00056676695
L-BFGS-B,519,7.271719e-07,0.026776038,1.2656277e-06,0.0005666803
L-BFGS-B,520,7.2791994e-07,0.026858926,1.258733e-06,0.0005665872
L-BFGS-B,521,7.2817977e-07,0.026889188,1.2561799e-06,0.0005665459
L-BFGS-B,522,7.285526e-07,0.026896304,1.2551088e-06,0.00056651223
L-BFGS-B,523,7.286532e-07,0.026872084,1.2564464e-06,0.00056648575
L-BFGS-B,524,7.285332e-07,0.02683771,1.2586544e-06,0.00056645524
L-BFGS-B,525,7.283243e-07,0.02682212,1.2596201e-06,0.00056641287
L-BFGS-B,526,7.281862e-07,0.026829317,1.2586984e-06,0.00056632585
L-BFGS-B,527,7.2941634e-07,0.026873892,1.2538878e-06,0.0005662345
L-BFGS-B,528,7.2815186e-07,0.026895432,1.2531779e-06,0.0005661538
L-BFGS-B,529,7.278236e-07,0.026930114,1.2503966e-06,0.00056603417
L-BFGS-B,530,7.281077e-07,0.026994215,1.2446762e-06,0.0005658597
L-BFGS-B,531,7.2769365e-07,0.027039694,1.2405874e-06,0.00056563906
L-BFGS-B,532,7.2766824e-07,0.027038686,1.2388388e-06,0.0005653629
L-BFGS-B,533,7.2789913e-07,0.027010292,1.2367708e-06,0.00056480337
L-BFGS-B,534,7.2672964e-07,0.026926732,1.2413451e-06,0.0005644785
L-BFGS-B,535,7.2454316e-07,0.02684851,1.2458669e-06,0.0005640466
L-BFGS-B,536,7.2106917e-07,0.026806105,1.247765e-06,0.00056338613
L-BFGS-B,537,7.1994805e-07,0.026721586,1.2510759e-06,0.0005628695
L-BFGS-B,538,7.1475154e-07,0.02654132,1.2641029e-06,0.00056224136
L-BFGS-B,539,7.1632985e-07,0.026465317,1.2591748e-06,0.0005609789
L-BFGS-B,540,7.1614335e-07,0.026420522,1.2570549e-06,0.00056018494
L-BFGS-B,541,7.1144433e-07,0.026383737,1.2644327e-06,0.00056021893
L-BFGS-B,542,7.134229e-07,0.026366252,1.2601862e-06,0.00055970385
L-BFGS-B,543,7.116256e-07,0.026299227,1.2620567e-06,0.0005590446
L-BFGS-B,544,7.09468e-07,0.02626943,1.26183e-06,0.000558389
L-BFGS-B,545,7.078258e-07,0.026329815,1.2567484e-06,0.0005579842
L-BFGS-B,546,7.0659974e-07,0.026343327,1.2535477e-06,0.00055745535
L-BFGS-B,547,7.0795676e-07,0.026345888,1.2489662e-06,0.0005569973
L-BFGS-B,548,7.119524e-07,0.026423974,1.2354493e-06,0.00055635
L-BFGS-B,549,7.132651e-07,0.026407367,1.2349892e-06,0.0005563118
L-BFGS-B,550,7.117669e-07,0.026388792,1.2352668e-06,0.000555943
L-BFGS-B,551,7.138223e-07,0.026336925,1.231326e-06,0.0005551415
L-BFGS-B,552,7.7500727e-07,0.02682461,1.3195717e-06,0.00058243296
L-BFGS-B,553,7.162217e-07,0.026223967,1.2339109e-06,0.0005547595
L-BFGS-B,554,7.1400126e-07,0.026094027,1.2394619e-06,0.00055395975
L-BFGS-B,555,7.0828145e-07,0.02583241,1.2623276e-06,0.0005539155
L-BFGS-B,556,7.104196e-07,0.025791598,1.259214e-06,0.000553361
L-BFGS-B,557,7.1162833e-07,0.02590552,1.2494174e-06,0.00055321207
L-BFGS-B,558,7.110158e-07,0.025884973,1.2503351e-06,0.00055305235
L-BFGS-B,559,7.20252e-07,0.02734889,1.2548335e-06,0.0005697517
L-BFGS-B,560,7.10607e-07,0.02591363,1.2484069e-06,0.0005529884
L-BFGS-B,561,7.097346e-07,0.025783006,1.2541043e-06,0.0005524059
L-BFGS-B,562,7.0877786e-07,0.025732035,1.2555795e-06,0.00055197394
L-BFGS-B,563,7.0662475e-07,0.025647283,1.2608496e-06,0.00055159396
L-BFGS-B,564,7.074306e-07,0.025675494,1.2571953e-06,0.00055144884
L-BFGS-B,565,7.074614e-07,0.025619606,1.2588331e-06,0.0005511402
L-BFGS-B,566,7.080377e-07,0.025571961,1.260713e-06,0.00055103225
L-BFGS-B,567,7.0785586e-07,0.025555955,1.2609988e-06,0.0005508877
L-BFGS-B,568,7.0782295e-07,0.025532166,1.261572e-06,0.0005507309
L-BFGS-B,569,7.0788684e-07,0.025505338,1.2625278e-06,0.0005506156
L-BFGS-B,570,7.0718863e-07,0.0255043,1.2620995e-06,0.00055043626
L-BFGS-B,571,7.0684484e-07,0.025501456,1.2616723e-06,0.00055029214
L-BFGS-B,572,7.0541955e-07,0.025478393,1.2633457e-06,0.0005500987
L-BFGS-B,573,7.055666e-07,0.025435932,1.2654423e-06,0.00055001065
L-BFGS-B,574,7.048235e-07,0.025376154,1.2702275e-06,0.00055001915
L-BFGS-B,575,7.0511464e-07,0.025398787,1.267842e-06,0.00054993137
L-BFGS-B,576,7.039464e-07,0.02530982,1.2738527e-06,0.0005497681
L-BFGS-B,577,7.0306703e-07,0.025283378,1.2751971e-06,0.0005495734
L-BFGS-B,578,7.0006746e-07,0.025189877,1.2850535e-06,0.0005496669
L-BFGS-B,579,7.0155636e-07,0.025231646,1.2791651e-06,0.0005494247
L-BFGS-B,580,7.013904e-07,0.025183223,1.2814604e-06,0.0005492598
L-BFGS-B,581,7.00436e-07,0.025143119,1.2844465e-06,0.00054916355
L-BFGS-B,582,6.991279e-07,0.025146747,1.285135e-06,0.0005491069
L-BFGS-B,583,6.98754e-07,0.025165964,1.2837332e-06,0.0005490327
L-BFGS-B,584,6.987868e-07,0.025197444,1.2812451e-06,0.00054897927
L-BFGS-B,585,6.986017e-07,0.025221435,1.2796e-06,0.00054894463
L-BFGS-B,586,6.980417e-07,0.025261663,1.2772942e-06,0.000548917
L-BFGS-B,587,6.981356e-07,0.025264855,1.2768272e-06,0.000548893
L-BFGS-B,588,7.0037237e-07,0.025369065,1.2711997e-06,0.0005494265
L-BFGS-B,589,6.9829764e-07,0.025278823,1.2755143e-06,0.00054886
L-BFGS-B,590,7.0265696e-07,0.025516286,1.2587966e-06,0.0005493809
L-BFGS-B,591,6.9906446e-07,0.025329443,1.2709936e-06,0.00054880313
L-BFGS-B,592,6.9918605e-07,0.02533951,1.2696394e-06,0.0005487189
L-BFGS-B,593,6.9989693e-07,0.025331097,1.2696233e-06,0.000548739
L-BFGS-B,594,6.993958e-07,0.025332613,1.2695109e-06,0.00054866215
L-BFGS-B,595,6.9893525e-07,0.025361434,1.2663958e-06,0.00054841395
L-BFGS-B,596,6.964483e-07,0.025357239,1.2676876e-06,0.00054819277
L-BFGS-B,597,6.9387187e-07,0.025323793,1.2711439e-06,0.0005479903
L-BFGS-B,598,6.901365e-07,0.025255391,1.2773531e-06,0.00054767734
L-BFGS-B,599,6.8635114e-07,0.025153391,1.2847345e-06,0.0005471967
L-BFGS-B,600,6.8224176e-07,0.024977183,1.2964665e-06,0.0005465781
L-BFGS-B,601,6.8242946e-07,0.024953755,1.2940858e-06,0.00054601487
L-BFGS-B,602,6.820028e-07,0.025020668,1.2887202e-06,0.00054581516
L-BFGS-B,603,6.8528357e-07,0.025062228,1.2811367e-06,0.0005455853
L-BFGS-B,604,6.855874e-07,0.02496936,1.2844838e-06,0.00054520427
L-BFGS-B,605,6.8506813e-07,0.02493501,1.2866461e-06,0.00054510724
L-BFGS-B,606,6.8477584e-07,0.024892846,1.2891389e-06,0.0005450157
L-BFGS-B,607,6.8470837e-07,0.024850637,1.2914702e-06,0.00054493314
L-BFGS-B,608,6.870813e-07,0.025245925,1.273034e-06,0.00054647657
L-BFGS-B,609,6.847456e-07,0.024901964,1.2875497e-06,0.0005448639
L-BFGS-B,610,6.837143e-07,0.024825517,1.2919724e-06,0.0005446082
L-BFGS-B,611,6.8398646e-07,0.024763381,1.2937944e-06,0.00054430094
L-BFGS-B,612,6.815324e-07,0.024947772,1.312469e-06,0.0005485779
L-BFGS-B,613,6.830155e-07,0.02476191,1.2944399e-06,0.0005442374
L-BFGS-B,614,6.839659e-07,0.024732573,1.2929945e-06,0.0005438698
L-BFGS-B,615,7.9428446e-07,0.033437036,1.389115e-06,0.0006618803
L-BFGS-B,616,6.838746e-07,0.024832435,1.2867266e-06,0.0005439145
L-BFGS-B,617,6.838418e-07,0.024771465,1.2900982e-06,0.00054380565
L-BFGS-B,618,6.830662e-07,0.024769496,1.2894175e-06,0.00054356747
L-BFGS-B,619,6.7926e-07,0.024685627,1.2971427e-06,0.00054331665
L-BFGS-B,620,6.793554e-07,0.024726808,1.2929584e-06,0.00054311514
L-BFGS-B,621,6.786506e-07,0.024749037,1.2914718e-06,0.00054300873
L-BFGS-B,622,6.769721e-07,0.024787217,1.288996e-06,0.00054276735
L-BFGS-B,623,6.7552594e-07,0.024791827,1.2882485e-06,0.00054248446
L-BFGS-B,624,8.3592886e-07,0.029603131,1.82772e-06,0.00069557864
L-BFGS-B,625,6.757585e-07,0.024768524,1.2893602e-06,0.000542453
L-BFGS-B,626,6.737053e-07,0.024720928,1.2911788e-06,0.0005419419
L-BFGS-B,627,6.7187665e-07,0.024591697,1.2971306e-06,0.00054126803
L-BFGS-B,628,6.7066617e-07,0.024407284,1.3052645e-06,0.00054046244
L-BFGS-B,629,6.7008943e-07,0.02424662,1.3118962e-06,0.00053976406
L-BFGS-B,630,6.71728e-07,0.024129076,1.3162031e-06,0.0005394804
L-BFGS-B,631,6.7088894e-07,0.02419987,1.3210546e-06,0.0005407902
L-BFGS-B,632,6.7051394e-07,0.024113944,1.3171082e-06,0.00053928274
L-BFGS-B,633,6.6969613e-07,0.02415241,1.3134685e-06,0.00053899875
L-BFGS-B,634,6.6907813e-07,0.024196383,1.3100597e-06,0.0005388345
L-BFGS-B,635,6.699559e-07,0.02418896,1.308926e-06,0.0005387219
L-BFGS-B,636,6.713035e-07,0.02416849,1.3081082e-06,0.00053859665
L-BFGS-B,637,6.745775e-07,0.024158765,1.3046679e-06,0.0005384744
L-BFGS-B,638,6.76253e-07,0.02417955,1.3014294e-06,0.0005384479
L-BFGS-B,639,6.750253e-07,0.024134306,1.3049234e-06,0.00053833536
L-BFGS-B,640,6.748868e-07,0.02413614,1.3046673e-06,0.0005382945
L-BFGS-B,641,6.901891e-07,0.023951314,1.4930124e-06,0.0005669934
L-BFGS-B,642,6.738788e-07,0.024061233,1.310266e-06,0.000538234
L-BFGS-B,643,6.741129e-07,0.02405611,1.3093373e-06,0.0005380786
L-BFGS-B,644,6.741003e-07,0.02407128,1.3066438e-06,0.0005378244
L-BFGS-B,645,6.746879e-07,0.024393858,1.3066829e-06,0.00054114417
L-BFGS-B,646,6.737566e-07,0.024081618,1.306106e-06,0.0005377956
L-BFGS-B,647,6.7337703e-07,0.024068808,1.3061441e-06,0.00053761626
L-BFGS-B,648,6.721001e-07,0.024069492,1.306883e-06,0.0005375424
L-BFGS-B,649,6.7215785e-07,0.024057303,1.3074534e-06,0.0005375147
L-BFGS-B,650,6.718981e-07,0.024049547,1.3081178e-06,0.0005374978
L-BFGS-B,651,6.7151956e-07,0.024041997,1.3087746e-06,0.00053746405
L-BFGS-B,652,6.711324e-07,0.02403278,1.309568e-06,0.00053743285
L-BFGS-B,653,6.7069465e-07,0.024027437,1.309972e-06,0.00053737435
L-BFGS-B,654,6.7021926e-07,0.024040917,1.3086492e-06,0.0005372394
L-BFGS-B,655,6.697695e-07,0.024062116,1.3059222e-06,0.0005369749
L-BFGS-B,656,6.6893404e-07,0.024099778,1.3024419e-06,0.00053670414
L-BFGS-B,657,6.694017e-07,0.024125379,1.2993371e-06,0.0005365646
L-BFGS-B,658,6.6861236e-07,0.024127394,1.2993859e-06,0.0005364737
L-BFGS-B,659,6.6811293e-07,0.024095938,1.3005105e-06,0.00053625286
L-BFGS-B,660,6.680838e-07,0.0240668,1.3015808e-06,0.0005361177
L-BFGS-B,661,6.6587467e-07,0.023960205,1.3088724e-06,0.0005358141
L-BFGS-B,662,6.6459114e-07,0.023929289,1.3115883e-06,0.0005357198
L-BFGS-B,663,6.637176e-07,0.02391439,1.3131975e-06,0.00053568115
L-BFGS-B,664,6.6363697e-07,0.023896348,1.3142483e-06,0.0005356463
L-BFGS-B,665,6.607276e-07,0.023955775,1.3143381e-06,0.0005358176
L-BFGS-B,666,6.626704e-07,0.02391149,1.3139442e-06,0.00053560705
L-BFGS-B,667,6.626843e-07,0.023900785,1.3142586e-06,0.0005355493
L-BFGS-B,668,6.628385e-07,0.02385792,1.3162927e-06,0.0005354489
L-BFGS-B,669,6.6176403e-07,0.023816481,1.3198395e-06,0.00053540536
L-BFGS-B,670,6.6008045e-07,0.023824157,1.3208986e-06,0.0005353884
L-BFGS-B,671,6.594744e-07,0.023778174,1.324117e-06,0.00053532043
L-BFGS-B,672,6.5918096e-07,0.023787865,1.3235888e-06,0.0005352941
L-BFGS-B,673,6.5789584e-07,0.023760548,1.3269979e-06,0.0005353395
L-BFGS-B,674,6.5858734e-07,0.023774942,1.3248235e-06,0.00053526106
L-BFGS-B,675,6.574697e-07,0.023812918,1.3226594e-06,0.00053514855
L-BFGS-B,676,6.566528e-07,0.0238397,1.321088e-06,0.0005350581
L-BFGS-B,677,6.5549307e-07,0.023876192,1.3187575e-06,0.0005348995
L-BFGS-B,678,6.5529713e-07,0.02389725,1.3164912e-06,0.00053474074
L-BFGS-B,679,6.553344e-07,0.023912955,1.3133807e-06,0.0005344368
L-BFGS-B,680,6.569167e-07,0.0239171,1.3097581e-06,0.0005341722
L-BFGS-B,681,6.571428e-07,0.02389996,1.3086876e-06,0.00053387415
L-BFGS-B,682,6.516712e-07,0.023881996,1.3127127e-06,0.0005334775
L-BFGS-B,683,6.526461e-07,0.023842763,1.311078e-06,0.00053298625
L-BFGS-B,684,6.5344057e-07,0.023806075,1.3106733e-06,0.0005326778
L-BFGS-B,685,6.513244e-07,0.023799412,1.3106485e-06,0.0005322901
L-BFGS-B,686,6.498143e-07,0.023801683,1.3104255e-06,0.0005320528
L-BFGS-B,687,6.5343283e-07,0.023923049,1.3006193e-06,0.0005323383
L-BFGS-B,688,6.507317e-07,0.023834651,1.3062313e-06,0.00053189095
L-BFGS-B,689,6.503906e-07,0.02322375,1.3870311e-06,0.0005378508
L-BFGS-B,690,6.4974853e-07,0.023700716,1.3150124e-06,0.0005317213
L-BFGS-B,691,6.5015985e-07,0.0239185,1.3221724e-06,0.0005350348
L-BFGS-B,692,6.491867e-07,0.0237052,1.3149189e-06,0.00053166784
L-BFGS-B,693,6.4880055e-07,0.023691293,1.3131852e-06,0.0005312108
L-BFGS-B,694,6.4955776e-07,0.023684641,1.3113765e-06,0.0005309866
L-BFGS-B,695,6.512575e-07,0.023642784,1.3107152e-06,0.0005307237
L-BFGS-B,696,6.54676e-07,0.023595102,1.3092961e-06,0.0005305468
L-BFGS-B,697,6.537379e-07,0.023556028,1.3113491e-06,0.00053032336
L-BFGS-B,698,6.520138e-07,0.023502966,1.3148924e-06,0.0005300656
L-BFGS-B,699,6.4952286e-07,0.023428518,1.3204154e-06,0.0005297759
L-BFGS-B,700,6.486902e-07,0.023369873,1.3235508e-06,0.0005295349
L-BFGS-B,701,6.477951e-07,0.023285288,1.328418e-06,0.0005292848
L-BFGS-B,702,6.4873245e-07,0.023370054,1.3267256e-06,0.0005300192
L-BFGS-B,703,6.476134e-07,0.023290396,1.3276925e-06,0.00052919984
L-BFGS-B,704,6.4807944e-07,0.023285678,1.3261418e-06,0.00052898994
L-BFGS-B,705,6.4963433e-07,0.023316395,1.3202197e-06,0.00052864203
L-BFGS-B,706,7.005777e-07,0.02474771,1.3829747e-06,0.00056000997
L-BFGS-B,707,6.499209e-07,0.023300791,1.3206951e-06,0.0005286003
L-BFGS-B,708,6.4829857e-07,0.023220181,1.3259128e-06,0.00052833353
L-BFGS-B,709,6.483936e-07,0.023204869,1.3241734e-06,0.0005279337
L-BFGS-B,710,6.4575283e-07,0.023190083,1.3238587e-06,0.00052734255
L-BFGS-B,711,6.456993e-07,0.023169495,1.3222773e-06,0.00052689144
L-BFGS-B,712,6.451604e-07,0.023189947,1.3185135e-06,0.0005264505
L-BFGS-B,713,6.477764e-07,0.023156803,1.3155445e-06,0.0005260662
L-BFGS-B,714,6.4943214e-07,0.023214884,1.3085084e-06,0.0005258399
L-BFGS-B,715,6.4804647e-07,0.023276255,1.3101115e-06,0.00052648626
L-BFGS-B,716,6.49049e-07,0.023216031,1.3086448e-06,0.00052581436
L-BFGS-B,717,6.4846773e-07,0.02321472,1.3087468e-06,0.0005257294
L-BFGS-B,718,6.464003e-07,0.023231067,1.3087707e-06,0.0005255863
L-BFGS-B,719,6.4493844e-07,0.023231026,1.3097341e-06,0.0005255111
L-BFGS-B,720,6.4400956e-07,0.02324774,1.3090659e-06,0.0005254387
L-BFGS-B,721,6.454424e-07,0.023455255,1.2978876e-06,0.000526052
L-BFGS-B,722,6.440713e-07,0.023278745,1.3067098e-06,0.0005254046
L-BFGS-B,723,6.4417276e-07,0.023280445,1.3056892e-06,0.00052528374
L-BFGS-B,724,6.447589e-07,0.023297679,1.3032283e-06,0.0005251749
L-BFGS-B,725,6.454872e-07,0.02331304,1.3011919e-06,0.0005251323
L-BFGS-B,726,6.461466e-07,0.023318958,1.2994105e-06,0.00052502315
L-BFGS-B,727,6.473993e-07,0.023360685,1.294388e-06,0.0005248749
L-BFGS-B,728,6.4734047e-07,0.02331267,1.2975089e-06,0.0005248541
L-BFGS-B,729,6.4655364e-07,0.02332419,1.2965494e-06,0.0005247073
L-BFGS-B,730,6.466129e-07,0.023353014,1.2940554e-06,0.0005246304
L-BFGS-B,731,6.46077e-07,0.023349741,1.2940031e-06,0.00052450947
L-BFGS-B,732,6.45791e-07,0.023350662,1.2932711e-06,0.0005243659
L-BFGS-B,733,6.456494e-07,0.023370018,1.2917392e-06,0.0005243084
L-BFGS-B,734,6.46088e-07,0.023384804,1.2899367e-06,0.0005242517
L-BFGS-B,735,6.4689493e-07,0.023400595,1.2876939e-06,0.00052419427
L-BFGS-B,736,6.4746524e-07,0.023431022,1.2847332e-06,0.00052413996
L-BFGS-B,737,6.4822825e-07,0.0234636,1.2811977e-06,0.00052404986
L-BFGS-B,738,6.486167e-07,0.023510737,1.2769173e-06,0.00052393746
L-BFGS-B,739,6.479654e-07,0.023543444,1.2747388e-06,0.0005238401
L-BFGS-B,740,6.479248e-07,0.023596471,1.2710897e-06,0.00052381685
L-BFGS-B,741,6.4726936e-07,0.023551641,1.2743659e-06,0.00052376173
L-BFGS-B,742,6.471358e-07,0.023550823,1.274382e-06,0.0005237359
L-BFGS-B,743,6.4662004e-07,0.023556007,1.2740334e-06,0.00052365806
L-BFGS-B,744,6.800231e-07,0.024325335,1.2630395e-06,0.00053471274
L-BFGS-B,745,6.4713623e-07,0.02356288,1.2729778e-06,0.0005236459
L-BFGS-B,746,6.466337e-07,0.023611423,1.2690822e-06,0.0005234716
L-BFGS-B,747,6.465061e-07,0.023645232,1.2661004e-06,0.00052334333
L-BFGS-B,748,6.4816425e-07,0.023696149,1.2594761e-06,0.00052310753
L-BFGS-B,749,6.4989496e-07,0.023695622,1.2558343e-06,0.00052281556
L-BFGS-B,750,6.5119406e-07,0.023746876,1.2485241e-06,0.00052242645
L-BFGS-B,751,6.501988e-07,0.023719316,1.2477623e-06,0.0005218873
L-BFGS-B,752,6.387005e-07,0.023927128,1.2630265e-06,0.00052453036
L-BFGS-B,753,6.459798e-07,0.023716822,1.2505108e-06,0.0005216418
L-BFGS-B,754,6.462234e-07,0.02367998,1.2496486e-06,0.00052118057
L-BFGS-B,755,6.438719e-07,0.023596013,1.2537997e-06,0.00052061083
L-BFGS-B,756,6.4318556e-07,0.023602089,1.2514689e-06,0.00052021904
L-BFGS-B,757,6.419081e-07,0.023615183,1.2489495e-06,0.00051978044
L-BFGS-B,758,6.421449e-07,0.023621174,1.2491429e-06,0.0005199049
L-BFGS-B,759,6.4185764e-07,0.023607243,1.2488821e-06,0.0005196834
L-BFGS-B,760,6.4285473e-07,0.023555009,1.2492121e-06,0.00051936007
L-BFGS-B,761,6.433399e-07,0.023597943,1.2444772e-06,0.000519152
L-BFGS-B,762,6.431225e-07,0.023654109,1.2395293e-06,0.0005189389
L-BFGS-B,763,6.6649113e-07,0.023957204,1.2582656e-06,0.0005282856
L-BFGS-B,764,6.436618e-07,0.023640363,1.2396684e-06,0.00051890314
L-BFGS-B,765,6.4712964e-07,0.023677895,1.2332115e-06,0.0005188301
L-BFGS-B,766,6.446648e-07,0.023699531,1.232636e-06,0.00051859044
L-BFGS-B,767,6.4374353e-07,0.023714177,1.2318037e-06,0.00051847385
L-BFGS-B,768,6.425955e-07,0.023725728,1.2308503e-06,0.00051827414
L-BFGS-B,769,6.4175833e-07,0.023735384,1.2297951e-06,0.00051808683
L-BFGS-B,770,6.4022515e-07,0.023702359,1.2320005e-06,0.00051785744
L-BFGS-B,771,6.4607747e-07,0.023970852,1.2203637e-06,0.00051967474
L-BFGS-B,772,6.4030576e-07,0.02373089,1.2291816e-06,0.000517732
L-BFGS-B,773,6.4058673e-07,0.02370727,1.2284808e-06,0.0005174328
L-BFGS-B,774,6.398201e-07,0.023570895,1.2349566e-06,0.0005169255
L-BFGS-B,775,6.41066e-07,0.023500456,1.2357283e-06,0.0005165237
L-BFGS-B,776,6.431264e-07,0.023393871,1.2375949e-06,0.0005160469
L-BFGS-B,777,6.418412e-07,0.02329855,1.2442532e-06,0.0005158997
L-BFGS-B,778,6.422094e-07,0.023248514,1.2453601e-06,0.0005156206
L-BFGS-B,779,6.417891e-07,0.02318603,1.2474225e-06,0.00051524205
L-BFGS-B,780,6.401305e-07,0.023136256,1.2499113e-06,0.0005148688
L-BFGS-B,781,6.390188e-07,0.023069965,1.2535701e-06,0.00051458797
L-BFGS-B,782,6.407518e-07,0.023144795,1.2518421e-06,0.00051533704
L-BFGS-B,783,6.3915115e-07,0.02306522,1.2529483e-06,0.00051446713
L-BFGS-B,784,6.3828367e-07,0.02304399,1.25366e-06,0.00051423145
L-BFGS-B,785,6.3876996e-07,0.023025593,1.2532405e-06,0.0005140575
L-BFGS-B,786,6.402494e-07,0.02292144,1.2593856e-06,0.0005141597
L-BFGS-B,787,6.3921567e-07,0.02297896,1.2554196e-06,0.0005139849
L-BFGS-B,788,6.387013e-07,0.022999547,1.2536974e-06,0.00051385525
L-BFGS-B,789,6.384185e-07,0.023005718,1.2525246e-06,0.0005136986
L-BFGS-B,790,6.373397e-07,0.023008548,1.2524108e-06,0.00051354803
L-BFGS-B,791,6.358065e-07,0.023002839,1.252427e-06,0.0005132634
L-BFGS-B,792,6.345569e-07,0.022992687,1.253323e-06,0.00051310885
L-BFGS-B,793,6.3443576e-07,0.022987438,1.2527645e-06,0.00051295443
L-BFGS-B,794,6.355795e-07,0.02299992,1.2495904e-06,0.0005127747
L-BFGS-B,795,6.37272e-07,0.023030644,1.2448486e-06,0.0005126245
L-BFGS-B,796,6.364378e-07,0.02318434,1.2409702e-06,0.0005134546
L-BFGS-B,797,6.36534e-07,0.023050988,1.2436966e-06,0.0005125445
L-BFGS-B,798,6.3628386e-07,0.023124661,1.2381189e-06,0.00051240704
L-BFGS-B,799,6.3300274e-07,0.023157466,1.2470392e-06,0.000513581
L-BFGS-B,800,6.3555996e-07,0.023117887,1.2390697e-06,0.0005123733
L-BFGS-B,801,6.3351945e-07,0.023165246,1.2374087e-06,0.0005122917
L-BFGS-B,802,6.3330396e-07,0.023163363,1.2370251e-06,0.000512183
L-BFGS-B,803,6.326507e-07,0.023135014,1.2390523e-06,0.0005121056
L-BFGS-B,804,6.323779e-07,0.023117565,1.2399144e-06,0.0005120195
L-BFGS-B,805,6.323132e-07,0.023108862,1.2396761e-06,0.000511887
L-BFGS-B,806,6.3371016e-07,0.02312941,1.2356542e-06,0.0005116988
L-BFGS-B,807,6.3496884e-07,0.023141982,1.2326498e-06,0.0005115626
L-BFGS-B,808,6.355582e-07,0.023180434,1.2288656e-06,0.0005114679
L-BFGS-B,809,6.3590403e-07,0.023199977,1.226732e-06,0.00051139516
L-BFGS-B,810,6.3597764e-07,0.023221355,1.2249415e-06,0.0005113514
L-BFGS-B,811,6.3613874e-07,0.023207163,1.2253178e-06,0.0005112901
L-BFGS-B,812,6.3636384e-07,0.023170501,1.226843e-06,0.000511186
L-BFGS-B,813,6.346705e-07,0.023178134,1.2280711e-06,0.0005111926
L-BFGS-B,814,6.355011e-07,0.023172066,1.2273242e-06,0.00051114446
L-BFGS-B,815,6.36144e-07,0.022954972,1.2475115e-06,0.0005120981
L-BFGS-B,816,6.353478e-07,0.023102455,1.2313969e-06,0.00051103625
L-BFGS-B,817,6.3548845e-07,0.023085924,1.2318019e-06,0.0005109528
L-BFGS-B,818,6.349933e-07,0.023051636,1.2336676e-06,0.0005108155
L-BFGS-B,819,6.346627e-07,0.02303492,1.2347372e-06,0.0005107592
L-BFGS-B,820,6.3396834e-07,0.022990476,1.2378179e-06,0.0005106727
L-BFGS-B,821,6.325273e-07,0.022947509,1.2415537e-06,0.00051058724
L-BFGS-B,822,6.325898e-07,0.022904254,1.2437063e-06,0.00051048695
L-BFGS-B,823,6.327252e-07,0.022815362,1.2476464e-06,0.00051020936
L-BFGS-B,824,6.3431764e-07,0.022766305,1.2478413e-06,0.0005099869
L-BFGS-B,825,6.3505917e-07,0.022744028,1.2470225e-06,0.00050975254
L-BFGS-B,826,6.3600334e-07,0.022784462,1.2417456e-06,0.00050950696
L-BFGS-B,827,6.349846e-07,0.022826951,1.239532e-06,0.000509447
L-BFGS-B,828,6.356437e-07,0.022842642,1.2370404e-06,0.000509329
L-BFGS-B,829,6.360149e-07,0.022860343,1.2348821e-06,0.000509238
L-BFGS-B,830,6.364068e-07,0.022883315,1.2324051e-06,0.0005091549
L-BFGS-B,831,6.367057e-07,0.022892293,1.2311438e-06,0.0005091003
L-BFGS-B,832,6.36821e-07,0.022895053,1.2305588e-06,0.0005090575
L-BFGS-B,833,6.3670035e-07,0.022900118,1.2299645e-06,0.0005090009
L-BFGS-B,834,6.362359e-07,0.02290539,1.2299361e-06,0.00050897966
L-BFGS-B,835,6.364859e-07,0.022907872,1.2289953e-06,0.0005089009
L-BFGS-B,836,6.366276e-07,0.022906177,1.2285562e-06,0.0005088393
L-BFGS-B,837,6.3737014e-07,0.022892626,1.2274353e-06,0.00050864706
L-BFGS-B,838,6.389715e-07,0.022960223,1.2236318e-06,0.0005089927
L-BFGS-B,839,6.375709e-07,0.022903452,1.2261614e-06,0.0005085944
L-BFGS-B,840,6.3883056e-07,0.022884324,1.2249822e-06,0.00050841516
L-BFGS-B,841,7.006627e-07,0.02735686,1.3079571e-06,0.00057486154
L-BFGS-B,842,6.3900006e-07,0.022822505,1.2294312e-06,0.0005084897
L-BFGS-B,843,6.388089e-07,0.022862492,1.2263245e-06,0.0005083949
L-BFGS-B,844,6.389048e-07,0.022835027,1.2268558e-06,0.00050821435
L-BFGS-B,845,6.381418e-07,0.022796378,1.2290313e-06,0.0005080397
L-BFGS-B,846,6.3747564e-07,0.02273682,1.2325476e-06,0.0005078717
L-BFGS-B,847,6.3313064e-07,0.0226385,1.2484743e-06,0.00050862576
L-BFGS-B,848,6.3642386e-07,0.02270728,1.2352594e-06,0.0005078253
L-BFGS-B,849,6.36179e-07,0.022675112,1.2370958e-06,0.00050774234
L-BFGS-B,850,6.356983e-07,0.02267836,1.2368994e-06,0.00050767325
L-BFGS-B,851,6.451929e-07,0.022958787,1.2244379e-06,0.0005100325
L-BFGS-B,852,6.3607763e-07,0.022689054,1.2357249e-06,0.0005076609
L-BFGS-B,853,6.3636855e-07,0.022699108,1.2344759e-06,0.0005076177
L-BFGS-B,854,6.3631813e-07,0.022724431,1.232433e-06,0.00050755695
L-BFGS-B,855,6.3630665e-07,0.022735208,1.2315327e-06,0.00050752796
L-BFGS-B,856,6.360528e-07,0.022728173,1.2320694e-06,0.0005075001
L-BFGS-B,857,6.3628437e-07,0.022714322,1.2326115e-06,0.00050747755
L-BFGS-B,858,6.372376e-07,0.022686336,1.2340483e-06,0.00050755625
L-BFGS-B,859,6.3649134e-07,0.022704486,1.2329734e-06,0.0005074646
L-BFGS-B,860,6.366107e-07,0.022690319,1.2336872e-06,0.00050744787
L-BFGS-B,861,6.370686e-07,0.022673765,1.2341995e-06,0.00050742785
L-BFGS-B,862,6.3665084e-07,0.022659114,1.2355498e-06,0.0005074212
L-BFGS-B,863,6.368826e-07,0.022640437,1.2363284e-06,0.000507386
L-BFGS-B,864,6.367723e-07,0.022647073,1.2357102e-06,0.0005073431
L-BFGS-B,865,6.357253e-07,0.022658147,1.2350813e-06,0.00050720247
L-BFGS-B,866,6.347896e-07,0.022659864,1.235141e-06,0.00050708826
L-BFGS-B,867,6.3352644e-07,0.022653304,1.23581e-06,0.0005069335
L-BFGS-B,868,6.330662e-07,0.022652103,1.2354158e-06,0.0005067933
L-BFGS-B,869,6.300519e-07,0.022669537,1.2374652e-06,0.00050682295
L-BFGS-B,870,6.3152623e-07,0.022655886,1.2362651e-06,0.00050672755
L-BFGS-B,871,6.318594e-07,0.022657583,1.2350587e-06,0.0005066135
L-BFGS-B,872,6.3314616e-07,0.022641642,1.2343004e-06,0.0005065334
L-BFGS-B,873,6.3162906e-07,0.022625197,1.2363491e-06,0.0005064487
L-BFGS-B,874,6.309865e-07,0.022635339,1.236049e-06,0.00050640875
L-BFGS-B,875,6.3023924e-07,0.022638757,1.2363238e-06,0.000506372
L-BFGS-B,876,6.3018416e-07,0.022639982,1.2361304e-06,0.000506347
L-BFGS-B,877,6.2994394e-07,0.02262862,1.2368349e-06,0.00050630304
L-BFGS-B,878,6.30666e-07,0.022630896,1.2356842e-06,0.0005062615
L-BFGS-B,879,6.31035e-07,0.022610188,1.2362232e-06,0.0005061906
L-BFGS-B,880,6.3325945e-07,0.022652583,1.2308468e-06,0.00050614175
L-BFGS-B,881,6.322164e-07,0.022615822,1.2335763e-06,0.00050602714
L-BFGS-B,882,6.313905e-07,0.022580683,1.2361602e-06,0.0005059394
L-BFGS-B,883,6.309908e-07,0.022550585,1.2381206e-06,0.00050587254
L-BFGS-B,884,6.295491e-07,0.02250006,1.2422929e-06,0.0005057769
L-BFGS-B,885,6.297413e-07,0.022480886,1.2427197e-06,0.000505678
L-BFGS-B,886,6.307537e-07,0.022451792,1.2425188e-06,0.0005055088
L-BFGS-B,887,6.304389e-07,0.022451442,1.2420547e-06,0.0005053885
L-BFGS-B,888,6.300615e-07,0.022449432,1.241958e-06,0.0005052972
L-BFGS-B,889,6.272066e-07,0.022943862,1.2335594e-06,0.0005085535
L-BFGS-B,890,6.294575e-07,0.0224736,1.2407942e-06,0.00050527375
L-BFGS-B,891,6.321842e-07,0.022607747,1.2385358e-06,0.00050668546
L-BFGS-B,892,6.294637e-07,0.02248049,1.2398544e-06,0.0005052026
L-BFGS-B,893,6.292453e-07,0.022489874,1.2391387e-06,0.00050515635
L-BFGS-B,894,6.290039e-07,0.022500226,1.2384046e-06,0.0005051135
L-BFGS-B,895,6.2869447e-07,0.02250766,1.2378283e-06,0.000505055
L-BFGS-B,896,6.284916e-07,0.022516267,1.237069e-06,0.00050499674
L-BFGS-B,897,6.283028e-07,0.02250676,1.2375549e-06,0.0005049463
L-BFGS-B,898,6.2809426e-07,0.022508735,1.2374454e-06,0.0005049183
L-BFGS-B,899,6.280735e-07,0.022494303,1.2383128e-06,0.000504901
L-BFGS-B,900,6.2803747e-07,0.022475889,1.2394546e-06,0.0005048827
L-BFGS-B,901,6.282311e-07,0.022469219,1.2396434e-06,0.00050487334
L-BFGS-B,902,6.2824313e-07,0.022462275,1.2400353e-06,0.0005048645
L-BFGS-B,903,6.282469e-07,0.022455208,1.2404445e-06,0.00050485577
L-BFGS-B,904,6.281933e-07,0.022444876,1.241117e-06,0.0005048453
L-BFGS-B,905,6.277706e-07,0.022422414,1.2434422e-06,0.00050490606
L-BFGS-B,906,6.280802e-07,0.022439187,1.2415791e-06,0.00050484075
L-BFGS-B,907,6.287686e-07,0.022381108,1.2447457e-06,0.00050483824
L-BFGS-B,908,6.283191e-07,0.02240782,1.2430993e-06,0.000504791
L-BFGS-B,909,6.280258e-07,0.022382855,1.244627e-06,0.0005047265
L-BFGS-B,910,6.2741236e-07,0.022314329,1.248445e-06,0.0005045219
L-BFGS-B,911,6.264573e-07,0.022256944,1.2519355e-06,0.00050432835
L-BFGS-B,912,6.252957e-07,0.022197815,1.2559043e-06,0.00050415815
L-BFGS-B,913,6.238628e-07,0.022192951,1.2567311e-06,0.0005040186
L-BFGS-B,914,6.231025e-07,0.02219428,1.2562814e-06,0.0005038504
L-BFGS-B,915,6.2209796e-07,0.022200013,1.2548534e-06,0.00050354283
L-BFGS-B,916,6.213608e-07,0.022219473,1.2528137e-06,0.0005033209
L-BFGS-B,917,6.21449e-07,0.022167044,1.2541027e-06,0.0005030032
L-BFGS-B,918,6.19008e-07,0.022285378,1.2499663e-06,0.00050319993
L-BFGS-B,919,6.2030097e-07,0.022201266,1.252248e-06,0.000502895
L-BFGS-B,920,6.204688e-07,0.022198977,1.251374e-06,0.00050276617
L-BFGS-B,921,6.2055267e-07,0.022100821,1.2568721e-06,0.00050262193
L-BFGS-B,922,6.2041744e-07,0.022122728,1.2549125e-06,0.00050252676
L-BFGS-B,923,6.197597e-07,0.022107571,1.2560553e-06,0.00050244795
L-BFGS-B,924,6.189803e-07,0.02209405,1.2573162e-06,0.00050238497
L-BFGS-B,925,6.18603e-07,0.022033311,1.2612954e-06,0.0005023179
L-BFGS-B,926,6.175722e-07,0.022009319,1.2635377e-06,0.00050225965
L-BFGS-B,927,6.169133e-07,0.021992886,1.2647032e-06,0.00050217134
L-BFGS-B,928,6.163371e-07,0.021946397,1.267416e-06,0.00050202693
L-BFGS-B,929,6.155848e-07,0.021968989,1.2662148e-06,0.0005019598
L-BFGS-B,930,6.184647e-07,0.02230231,1.243952e-06,0.0005023856
L-BFGS-B,931,6.160485e-07,0.02204704,1.2600618e-06,0.00050188694
L-BFGS-B,932,6.1623786e-07,0.022076895,1.2570583e-06,0.00050176337
L-BFGS-B,933,6.1649183e-07,0.022072572,1.255712e-06,0.0005015563
L-BFGS-B,934,6.1709017e-07,0.022029307,1.2569393e-06,0.0005013975
L-BFGS-B,935,6.185469e-07,0.02201852,1.2544904e-06,0.0005011408
L-BFGS-B,936,6.190125e-07,0.02199716,1.2535588e-06,0.00050085725
L-BFGS-B,937,6.2027675e-07,0.02204521,1.2466971e-06,0.00050049816
L-BFGS-B,938,6.203104e-07,0.022134848,1.2384293e-06,0.00050015945
L-BFGS-B,939,6.1922105e-07,0.022191698,1.2346082e-06,0.00049999135
L-BFGS-B,940,6.1985213e-07,0.022239197,1.2300153e-06,0.0004998721
L-BFGS-B,941,6.191781e-07,0.02222737,1.2309883e-06,0.0004997986
L-BFGS-B,942,6.187922e-07,0.022222806,1.2307956e-06,0.0004996662
L-BFGS-B,943,6.1829314e-07,0.02224047,1.2292518e-06,0.00049953646
L-BFGS-B,944,6.177616e-07,0.022256512,1.2281293e-06,0.00049944874
L-BFGS-B,945,6.239276e-07,0.022591528,1.2203056e-06,0.0005025503
L-BFGS-B,946,6.1778684e-07,0.02227585,1.2261858e-06,0.0004993544
L-BFGS-B,947,6.17534e-07,0.022314671,1.2231028e-06,0.0004992422
L-BFGS-B,948,6.166439e-07,0.022272857,1.2258763e-06,0.0004991066
L-BFGS-B,949,6.1641396e-07,0.022248304,1.2268833e-06,0.0004989776
L-BFGS-B,950,6.151267e-07,0.022229236,1.2290142e-06,0.00049891346
L-BFGS-B,951,6.14188e-07,0.022229671,1.2294784e-06,0.00049884664
L-BFGS-B,952,6.129465e-07,0.022248905,1.2280558e-06,0.0004986394
L-BFGS-B,953,6.093429e-07,0.022332186,1.2257577e-06,0.0004985869
L-BFGS-B,954,6.110255e-07,0.022277392,1.2266613e-06,0.00049842696
L-BFGS-B,955,6.098061e-07,0.022285253,1.2248366e-06,0.00049804896
L-BFGS-B,956,6.104015e-07,0.022260047,1.2241378e-06,0.0004977814
L-BFGS-B,957,6.1067277e-07,0.022198841,1.2264148e-06,0.0004975515
L-BFGS-B,958,6.1069176e-07,0.022187244,1.2263309e-06,0.00049742585
L-BFGS-B,959,6.1018807e-07,0.022187153,1.2258802e-06,0.0004972818
L-BFGS-B,960,6.0420825e-07,0.022054316,1.2562555e-06,0.0004996127
L-BFGS-B,961,6.0865756e-07,0.022149568,1.2295278e-06,0.00049722346
L-BFGS-B,962,6.078292e-07,0.022135515,1.2300574e-06,0.0004970381
L-BFGS-B,963,6.0626263e-07,0.022051945,1.2345652e-06,0.0004966436
L-BFGS-B,964,6.0316006e-07,0.02192201,1.2434175e-06,0.00049620675
L-BFGS-B,965,6.0236925e-07,0.021749925,1.2545925e-06,0.0004960435
L-BFGS-B,966,5.9965566e-07,0.021669636,1.2585219e-06,0.000495423
L-BFGS-B,967,5.9969665e-07,0.021708874,1.2530554e-06,0.00049500156
L-BFGS-B,968,5.989629e-07,0.021677842,1.2521419e-06,0.00049444416
L-BFGS-B,969,5.976126e-07,0.021618258,1.2547299e-06,0.000494034
L-BFGS-B,970,5.958812e-07,0.021628404,1.2536174e-06,0.0004937088
L-BFGS-B,971,1.1046211e-06,0.03394441,1.511743e-06,0.0007318987
L-BFGS-B,972,5.9658686e-07,0.021701379,1.2485028e-06,0.0004937772
L-BFGS-B,973,5.956483e-07,0.021650411,1.2508352e-06,0.00049347663
L-BFGS-B,974,5.927527e-07,0.021709736,1.2517294e-06,0.00049376965
L-BFGS-B,975,5.9382563e-07,0.021658609,1.250258e-06,0.00049319863
L-BFGS-B,976,5.930241e-07,0.021715838,1.2449848e-06,0.0004928597
L-BFGS-B,977,5.9146697e-07,0.021700038,1.2454617e-06,0.00049253966
L-BFGS-B,978,5.9464037e-07,0.021675445,1.2419154e-06,0.0004922378
L-BFGS-B,979,5.9442067e-07,0.02170011,1.2390898e-06,0.00049202767
L-BFGS-B,980,5.918161e-07,0.0216525,1.2403178e-06,0.00049134507
L-BFGS-B,981,5.9322826e-07,0.021596314,1.2393508e-06,0.00049085
L-BFGS-B,982,5.9376333e-07,0.021571068,1.2377833e-06,0.0004904427
L-BFGS-B,983,5.9240983e-07,0.021495234,1.2404388e-06,0.00048987963
L-BFGS-B,984,5.912563e-07,0.02144522,1.2424496e-06,0.0004895081
L-BFGS-B,985,5.9092173e-07,0.021407984,1.2426991e-06,0.00048912293
L-BFGS-B,986,5.887841e-07,0.02137209,1.245631e-06,0.0004888831
L-BFGS-B,987,5.891131e-07,0.021372939,1.244174e-06,0.00048872246
L-BFGS-B,988,5.879858e-07,0.021252632,1.2520935e-06,0.0004885382
L-BFGS-B,989,5.8838674e-07,0.021262448,1.2497962e-06,0.0004883519
L-BFGS-B,990,5.883164e-07,0.021250093,1.2490875e-06,0.00048811152
L-BFGS-B,991,5.8823815e-07,0.021226646,1.2501542e-06,0.0004880253
L-BFGS-B,992,5.897062e-07,0.021167798,1.2521649e-06,0.00048795863
L-BFGS-B,993,5.8917556e-07,0.021152372,1.253195e-06,0.0004878793
L-BFGS-B,994,5.8957926e-07,0.02114995,1.2522969e-06,0.00048778093
L-BFGS-B,995,5.8941686e-07,0.021116227,1.2540362e-06,0.0004876802
L-BFGS-B,996,5.8933574e-07,0.021016737,1.2606139e-06,0.00048765983
L-BFGS-B,997,5.906042e-07,0.02102548,1.2583082e-06,0.00048759166
L-BFGS-B,998,5.879446e-07,0.021177659,1.2512046e-06,0.000487649
L-BFGS-B,999,5.8927304e-07,0.02108488,1.2551135e-06,0.0004875068
L-BFGS-B,1000,5.889961e-07,0.021075664,1.2556014e-06,0.00048744626
L-BFGS-B,1001,5.8844086e-07,0.021058584,1.2566732e-06,0.00048735293
L-BFGS-B,1002,5.868988e-07,0.021030579,1.2583973e-06,0.00048710022
L-BFGS-B,1003,5.846091e-07,0.020949949,1.2630456e-06,0.0004866477
L-BFGS-B,1004,3.2412956e-06,0.49158895,1.8178099e-06,0.005674755
L-BFGS-B,1005,5.840419e-07,0.021190329,1.2803978e-06,0.0004915692
L-BFGS-B,1006,5.8404254e-07,0.020921778,1.2650567e-06,0.00048658263
L-BFGS-B,1007,5.811805e-07,0.020827238,1.2699727e-06,0.00048594532
L-BFGS-B,1008,5.7505775e-07,0.020653728,1.2844608e-06,0.00048546505
L-BFGS-B,1009,5.718918e-07,0.020666264,1.2853e-06,0.0004852414
L-BFGS-B,1010,5.748218e-07,0.020674532,1.2783968e-06,0.0004847281
L-BFGS-B,1011,5.720545e-07,0.0205999,1.2869629e-06,0.0004848516
L-BFGS-B,1012,5.7279493e-07,0.020627936,1.2818496e-06,0.00048447604
L-BFGS-B,1013,5.6840156e-07,0.020623004,1.2855361e-06,0.00048432068
L-BFGS-B,1014,5.689467e-07,0.020596832,1.2855339e-06,0.00048414042
L-BFGS-B,1015,5.6797103e-07,0.020601835,1.2847254e-06,0.0004839228
L-BFGS-B,1016,5.663887e-07,0.020575238,1.2873926e-06,0.00048381957
L-BFGS-B,1017,5.6392685e-07,0.020585742,1.2882754e-06,0.00048368773
L-BFGS-B,1018,5.622939e-07,0.020534147,1.2927366e-06,0.00048359606
L-BFGS-B,1019,5.63067e-07,0.020399712,1.3011858e-06,0.000483635
L-BFGS-B,1020,5.625351e-07,0.02047387,1.2961846e-06,0.00048354664
L-BFGS-B,1021,5.674913e-07,0.020523196,1.3051992e-06,0.00048613554
L-BFGS-B,1022,5.6235865e-07,0.020451216,1.2972868e-06,0.00048345895
L-BFGS-B,1023,5.616926e-07,0.020447697,1.2974737e-06,0.00048335193
L-BFGS-B,1024,5.610203e-07,0.020471323,1.2951708e-06,0.00048314192
L-BFGS-B,1025,5.600277e-07,0.02048716,1.29391e-06,0.00048296223
L-BFGS-B,1026,5.603967e-07,0.020519797,1.2899984e-06,0.00048275723
L-BFGS-B,1027,5.631972e-07,0.020636315,1.2786464e-06,0.0004826397
L-BFGS-B,1028,5.6421504e-07,0.020619988,1.2780299e-06,0.00048253662
L-BFGS-B,1029,5.7027705e-07,0.020965796,1.3056699e-06,0.00049105
L-BFGS-B,1030,5.6409635e-07,0.020615563,1.2776004e-06,0.00048241013
L-BFGS-B,1031,5.637245e-07,0.020602822,1.2770579e-06,0.00048214555
L-BFGS-B,1032,5.627168e-07,0.020568335,1.278734e-06,0.00048190093
L-BFGS-B,1033,5.621021e-07,0.020620132,1.2748299e-06,0.0004817411
L-BFGS-B,1034,5.596116e-07,0.020526154,1.2845954e-06,0.00048189255
L-BFGS-B,1035,5.602664e-07,0.020561958,1.2781117e-06,0.0004813763
L-BFGS-B,1036,5.604998e-07,0.020541899,1.2774028e-06,0.00048110436
L-BFGS-B,1037,5.6170194e-07,0.020586608,1.270898e-06,0.00048075605
L-BFGS-B,1038,5.6111037e-07,0.020557007,1.2708414e-06,0.0004803628
L-BFGS-B,1039,5.608505e-07,0.020507498,1.2711926e-06,0.00047988142
L-BFGS-B,1040,5.5893753e-07,0.020411145,1.2769646e-06,0.00047949675
L-BFGS-B,1041,5.58757e-07,0.0203719,1.277428e-06,0.00047914675
L-BFGS-B,1042,5.5775627e-07,0.020310387,1.2805485e-06,0.0004788496
L-BFGS-B,1043,5.560336e-07,0.02025071,1.2854019e-06,0.00047872242
L-BFGS-B,1044,5.581686e-07,0.020348089,1.2748433e-06,0.00047843266
L-BFGS-B,1045,5.580502e-07,0.020400504,1.2698231e-06,0.000478186
L-BFGS-B,1046,5.567583e-07,0.020387955,1.270325e-06,0.00047794206
L-BFGS-B,1047,5.560032e-07,0.020381648,1.26876e-06,0.000477531
L-BFGS-B,1048,5.5434833e-07,0.020360056,1.2701631e-06,0.0004772773
L-BFGS-B,1049,5.544846e-07,0.020370357,1.266942e-06,0.00047691754
L-BFGS-B,1050,5.539023e-07,0.020331131,1.2672743e-06,0.0004764878
L-BFGS-B,1051,5.528526e-07,0.020217001,1.2731625e-06,0.00047607225
L-BFGS-B,1052,5.47054e-07,0.020204784,1.2934992e-06,0.00047813082
L-BFGS-B,1053,5.500389e-07,0.020137249,1.2783526e-06,0.0004756312
L-BFGS-B,1054,5.491035e-07,0.020108674,1.2786927e-06,0.00047525618
L-BFGS-B,1055,5.4832066e-07,0.020120375,1.2767829e-06,0.00047496927
L-BFGS-B,1056,5.466501e-07,0.020042738,1.2811417e-06,0.00047459616
L-BFGS-B,1057,5.493623e-07,0.020014364,1.2786479e-06,0.00047434517
L-BFGS-B,1058,5.4854377e-07,0.020037089,1.276257e-06,0.00047409098
L-BFGS-B,1059,5.4751024e-07,0.020021241,1.2769764e-06,0.0004738854
L-BFGS-B,1060,5.4781697e-07,0.020028621,1.2748004e-06,0.0004736788
L-BFGS-B,1061,5.4901653e-07,0.0200428,1.2708282e-06,0.0004734047
L-BFGS-B,1062,5.472015e-07,0.02010433,1.2697432e-06,0.00047358498
L-BFGS-B,1063,5.4824903e-07,0.020053387,1.2703533e-06,0.0004733242
L-BFGS-B,1064,5.4806355e-07,0.0201172,1.2658627e-06,0.00047326094
L-BFGS-B,1065,5.484194e-07,0.020063682,1.2676148e-06,0.00047304193
L-BFGS-B,1066,5.471671e-07,0.019971598,1.2735338e-06,0.00047282112
L-BFGS-B,1067,5.4831975e-07,0.019976895,1.27087e-06,0.00047264743
L-BFGS-B,1068,5.484549e-07,0.020004887,1.2681375e-06,0.0004725377
L-BFGS-B,1069,5.4845043e-07,0.02000371,1.2675823e-06,0.000472442
L-BFGS-B,1070,5.4931434e-07,0.019949697,1.2685418e-06,0.0004721754
L-BFGS-B,1071,5.473232e-07,0.019973785,1.2720791e-06,0.0004726482
L-BFGS-B,1072,5.4831696e-07,0.019941388,1.2691692e-06,0.00047203677
L-BFGS-B,1073,5.521257e-07,0.019896423,1.2733974e-06,0.0004727927
L-BFGS-B,1074,5.4860624e-07,0.019907614,1.2700708e-06,0.0004718777
L-BFGS-B,1075,5.490757e-07,0.019868853,1.2698896e-06,0.0004715333
L-BFGS-B,1076,5.502891e-07,0.01978843,1.2784269e-06,0.0004721917
L-BFGS-B,1077,5.4899135e-07,0.019827077,1.2714111e-06,0.00047133112
L-BFGS-B,1078,5.505416e-07,0.019779984,1.270823e-06,0.00047100452
L-BFGS-B,1079,5.506903e-07,0.019758102,1.2715063e-06,0.0004709105
L-BFGS-B,1080,5.505007e-07,0.019734386,1.2725104e-06,0.00047079552
L-BFGS-B,1081,5.5061497e-07,0.01971118,1.2725403e-06,0.0004705851
L-BFGS-B,1082,5.507749e-07,0.019725643,1.2693777e-06,0.0004702793
L-BFGS-B,1083,5.509078e-07,0.019771602,1.2647275e-06,0.00047006132
L-BFGS-B,1084,5.5153527e-07,0.019855577,1.2569914e-06,0.00046983478
L-BFGS-B,1085,5.5154817e-07,0.019918354,1.2515663e-06,0.00046965072
L-BFGS-B,1086,5.5179385e-07,0.019938946,1.2489302e-06,0.00046949805
L-BFGS-B,1087,5.5072917e-07,0.019909179,1.2505897e-06,0.0004692896
L-BFGS-B,1088,5.507607e-07,0.019857964,1.2527228e-06,0.00046910215
L-BFGS-B,1089,5.485328e-07,0.019809842,1.2571396e-06,0.00046894926
L-BFGS-B,1090,5.477187e-07,0.019801356,1.2575344e-06,0.0004688015
L-BFGS-B,1091,5.464111e-07,0.019813797,1.2569901e-06,0.00046864816
L-BFGS-B,1092,5.458444e-07,0.019835597,1.255295e-06,0.0004685269
L-BFGS-B,1093,5.450271e-07,0.019860404,1.2534168e-06,0.00046837062
L-BFGS-B,1094,5.5454956e-07,0.020347128,1.267094e-06,0.0004767178
L-BFGS-B,1095,5.446293e-07,0.019864656,1.2532963e-06,0.0004683354
L-BFGS-B,1096,5.4381417e-07,0.019890526,1.2513226e-06,0.0004681758
L-BFGS-B,1097,5.4442813e-07,0.019920027,1.2482462e-06,0.0004681014
L-BFGS-B,1098,5.440983e-07,0.019867774,1.2511508e-06,0.0004679651
L-BFGS-B,1099,5.436991e-07,0.019810814,1.254777e-06,0.00046787958
L-BFGS-B,1100,5.431933e-07,0.019755386,1.2581618e-06,0.0004677571
L-BFGS-B,1101,5.425978e-07,0.019832656,1.2543306e-06,0.00046786582
L-BFGS-B,1102,5.428628e-07,0.019779611,1.2564973e-06,0.00046770013
L-BFGS-B,1103,5.423297e-07,0.019743046,1.258613e-06,0.00046757184
L-BFGS-B,1104,5.421195e-07,0.019735545,1.2585022e-06,0.00046744867
L-BFGS-B,1105,5.4131755e-07,0.019724453,1.25939e-06,0.00046735068
L-BFGS-B,1106,5.415793e-07,0.019742772,1.2574809e-06,0.00046728674
L-BFGS-B,1107,5.417096e-07,0.019749977,1.2564753e-06,0.00046722748
L-BFGS-B,1108,5.4262887e-07,0.01975703,1.254044e-06,0.00046707125
L-BFGS-B,1109,5.4321396e-07,0.019733042,1.2542504e-06,0.00046695006
L-BFGS-B,1110,5.4466113e-07,0.019688008,1.2551067e-06,0.00046684523
L-BFGS-B,1111,5.4357304e-07,0.019926807,1.2976211e-06,0.00047544716
L-BFGS-B,1112,5.442849e-07,0.019679224,1.255998e-06,0.0004668347
L-BFGS-B,1113,5.4374567e-07,0.019633897,1.259638e-06,0.0004668465
L-BFGS-B,1114,5.4397424e-07,0.019656649,1.2576007e-06,0.00046680274
L-BFGS-B,1115,5.435886e-07,0.019633045,1.2592012e-06,0.00046674896
L-BFGS-B,1116,5.430652e-07,0.01960975,1.2609323e-06,0.0004666971
L-BFGS-B,1117,5.42853e-07,0.019607553,1.2610496e-06,0.00046666095
L-BFGS-B,1118,5.42559e-07,0.019605538,1.2609164e-06,0.00046657666
L-BFGS-B,1119,5.423028e-07,0.019614153,1.260032e-06,0.00046649174
L-BFGS-B,1120,5.412876e-07,0.019577578,1.2625196e-06,0.00046634686
L-BFGS-B,1121,5.4268673e-07,0.019612085,1.2582509e-06,0.0004662615
L-BFGS-B,1122,5.5891815e-07,0.022153934,1.2977303e-06,0.00050003664
L-BFGS-B,1123,5.416591e-07,0.019662593,1.2551825e-06,0.00046615215
L-BFGS-B,1124,5.4124627e-07,0.019634383,1.2561409e-06,0.0004659519
L-BFGS-B,1125,5.4170687e-07,0.019665731,1.2521857e-06,0.0004657412
L-BFGS-B,1126,5.4169885e-07,0.019671697,1.2512841e-06,0.0004656644
L-BFGS-B,1127,5.41834e-07,0.01968558,1.2497377e-06,0.00046559155
L-BFGS-B,1128,5.416471e-07,0.019678755,1.2500552e-06,0.0004655429
L-BFGS-B,1129,5.417002e-07,0.0196645,1.2503137e-06,0.00046544708
L-BFGS-B,1130,5.41297e-07,0.019618098,1.2524638e-06,0.0004652451
L-BFGS-B,1131,5.417414e-07,0.019579759,1.2527346e-06,0.000464969
L-BFGS-B,1132,5.4317405e-07,0.01952731,1.2513071e-06,0.00046444527
L-BFGS-B,1133,5.435052e-07,0.019504735,1.2503999e-06,0.0004641331
L-BFGS-B,1134,5.451119e-07,0.019607093,1.249513e-06,0.00046526466
L-BFGS-B,1135,5.4337363e-07,0.019509459,1.2499266e-06,0.00046408962
L-BFGS-B,1136,5.445518e-07,0.019526368,1.246642e-06,0.00046394276
L-BFGS-B,1137,5.4412516e-07,0.019523596,1.2467628e-06,0.00046386916
L-BFGS-B,1138,5.448105e-07,0.019532656,1.2449523e-06,0.000463791
L-BFGS-B,1139,5.4567016e-07,0.019543597,1.2425503e-06,0.00046366907
L-BFGS-B,1140,5.462992e-07,0.019541807,1.2410936e-06,0.000463527
L-BFGS-B,1141,5.5355935e-07,0.019916292,1.2286524e-06,0.0004664947
L-BFGS-B,1142,5.4678463e-07,0.019572638,1.2379736e-06,0.00046344014
L-BFGS-B,1143,5.4651235e-07,0.019559486,1.2380797e-06,0.00046328365
L-BFGS-B,1144,5.4676633e-07,0.019525763,1.2385752e-06,0.00046305885
L-BFGS-B,1145,5.440762e-07,0.01953572,1.242294e-06,0.00046331275
L-BFGS-B,1146,5.457482e-07,0.019521961,1.239417e-06,0.0004629944
L-BFGS-B,1147,5.4586974e-07,0.019494813,1.2401038e-06,0.00046284415
L-BFGS-B,1148,5.458435e-07,0.019445116,1.2418163e-06,0.0004626001
L-BFGS-B,1149,5.4467733e-07,0.019428171,1.2433038e-06,0.00046247887
L-BFGS-B,1150,5.446509e-07,0.019462636,1.2403533e-06,0.00046237698
L-BFGS-B,1151,5.4282606e-07,0.019361777,1.2580455e-06,0.0004637485
L-BFGS-B,1152,5.4404364e-07,0.019434383,1.2424722e-06,0.0004623212
L-BFGS-B,1153,5.431003e-07,0.019452568,1.2416955e-06,0.00046224505
L-BFGS-B,1154,5.4303166e-07,0.019475391,1.2395216e-06,0.00046213687
L-BFGS-B,1155,5.421297e-07,0.019473659,1.2395975e-06,0.00046199566
L-BFGS-B,1156,5.408919e-07,0.019450331,1.2408927e-06,0.00046177098
L-BFGS-B,1157,5.395947e-07,0.01941364,1.2433231e-06,0.00046157406
L-BFGS-B,1158,5.37519e-07,0.019300187,1.2531774e-06,0.0004616063
L-BFGS-B,1159,5.3846605e-07,0.019356206,1.2477223e-06,0.0004614903
L-BFGS-B,1160,5.378396e-07,0.019338528,1.2484988e-06,0.00046133605
L-BFGS-B,1161,5.37388e-07,0.019305492,1.2501545e-06,0.00046118628
L-BFGS-B,1162,5.37869e-07,0.019260133,1.2506193e-06,0.00046087458
L-BFGS-B,1163,5.376109e-07,0.019220525,1.252205e-06,0.00046067766
L-BFGS-B,1164,5.379289e-07,0.019181559,1.25175e-06,0.00046026742
L-BFGS-B,1165,5.521739e-07,0.01932095,1.315866e-06,0.00047341548
L-BFGS-B,1166,5.379062e-07,0.019146748,1.2538407e-06,0.00046022952
L-BFGS-B,1167,5.3679827e-07,0.019131038,1.2532264e-06,0.0004598141
L-BFGS-B,1168,5.3615094e-07,0.019122941,1.2508867e-06,0.00045928507
L-BFGS-B,1169,5.334934e-07,0.019135885,1.2503365e-06,0.00045893333
L-BFGS-B,1170,5.337934e-07,0.019128725,1.2491536e-06,0.00045872928
L-BFGS-B,1171,5.334627e-07,0.019135552,1.2482519e-06,0.0004586127
L-BFGS-B,1172,5.2937315e-07,0.019276068,1.2451769e-06,0.0004589432
L-BFGS-B,1173,5.31979e-07,0.019172203,1.2466812e-06,0.00045852107
L-BFGS-B,1174,5.314193e-07,0.019183738,1.2450623e-06,0.0004583096
L-BFGS-B,1175,5.318149e-07,0.019196559,1.2432013e-06,0.00045821798
L-BFGS-B,1176,5.3187256e-07,0.019197417,1.2420023e-06,0.0004580554
L-BFGS-B,1177,5.3167633e-07,0.019171406,1.2425992e-06,0.0004578554
L-BFGS-B,1178,5.3196936e-07,0.019116163,1.243606e-06,0.00045749795
L-BFGS-B,1179,5.3139473e-07,0.019027459,1.247097e-06,0.00045704833
L-BFGS-B,1180,5.326471e-07,0.018989174,1.2456079e-06,0.00045663002
L-BFGS-B,1181,5.334196e-07,0.018935986,1.2458806e-06,0.0004562549
L-BFGS-B,1182,5.3395433e-07,0.018941805,1.2417213e-06,0.0004557694
L-BFGS-B,1183,5.3572904e-07,0.01893821,1.2362757e-06,0.0004551828
L-BFGS-B,1184,5.3287937e-07,0.018929709,1.2368723e-06,0.00045475987
L-BFGS-B,1185,5.338806e-07,0.018920016,1.2336252e-06,0.00045432601
L-BFGS-B,1186,5.3227114e-07,0.018890614,1.2346799e-06,0.0004539488
L-BFGS-B,1187,5.2964333e-07,0.018842522,1.2377625e-06,0.0004535361
L-BFGS-B,1188,5.2776704e-07,0.018841539,1.2368165e-06,0.00045310293
L-BFGS-B,1189,5.25668e-07,0.018822981,1.2374248e-06,0.00045269373
L-BFGS-B,1190,5.247171e-07,0.018802645,1.2378079e-06,0.0004524052
L-BFGS-B,1191,5.2336725e-07,0.0188887,1.2333879e-06,0.00045240027
L-BFGS-B,1192,5.238241e-07,0.018837024,1.2353684e-06,0.0004522491
L-BFGS-B,1193,5.227537e-07,0.018827472,1.2359314e-06,0.00045207748
L-BFGS-B,1194,5.23488e-07,0.018813156,1.2349893e-06,0.00045190315
L-BFGS-B,1195,5.236249e-07,0.01880457,1.2340388e-06,0.00045169523
L-BFGS-B,1196,5.230728e-07,0.01880683,1.2332557e-06,0.00045151758
L-BFGS-B,1197,5.227039e-07,0.018803326,1.232923e-06,0.0004513773
L-BFGS-B,1198,5.223324e-07,0.018805465,1.2320811e-06,0.00045121665
L-BFGS-B,1199,5.193666e-07,0.01880627,1.2433283e-06,0.00045246692
L-BFGS-B,1200,5.212926e-07,0.018793311,1.2334247e-06,0.0004511407
L-BFGS-B,1201,8.184713e-07,0.028096901,2.0622554e-06,0.000713078
L-BFGS-B,1202,5.2114575e-07,0.018782368,1.232674e-06,0.00045089662
L-BFGS-B,1203,5.206375e-07,0.018863382,1.2251229e-06,0.0004504979
L-BFGS-B,1204,5.1877953e-07,0.018834095,1.2265425e-06,0.00045013925
L-BFGS-B,1205,5.185102e-07,0.018784383,1.2282043e-06,0.00044985098
L-BFGS-B,1206,5.188345e-07,0.018830601,1.2239356e-06,0.00044972153
L-BFGS-B,1207,5.179016e-07,0.01876788,1.2260153e-06,0.00044926634
L-BFGS-B,1208,5.17395e-07,0.018769322,1.2255373e-06,0.00044913308
L-BFGS-B,1209,5.167566e-07,0.018771317,1.2247284e-06,0.0004489359
L-BFGS-B,1210,5.1593736e-07,0.018747324,1.22645e-06,0.00044883133
L-BFGS-B,1211,5.134137e-07,0.018775346,1.2273151e-06,0.0004488628
L-BFGS-B,1212,5.147263e-07,0.018755864,1.2266466e-06,0.0004487646
L-BFGS-B,1213,5.128295e-07,0.018611727,1.2379843e-06,0.00044873933
L-BFGS-B,1214,5.135121e-07,0.018675769,1.2321839e-06,0.0004486121
L-BFGS-B,1215,5.125651e-07,0.018661011,1.2333122e-06,0.00044849172
L-BFGS-B,1216,5.120113e-07,0.01866853,1.2325382e-06,0.00044836773
L-BFGS-B,1217,5.1204796e-07,0.018695783,1.2301042e-06,0.00044828065
L-BFGS-B,1218,5.116666e-07,0.018718265,1.2283658e-06,0.0004481875
L-BFGS-B,1219,5.113862e-07,0.018730711,1.2272404e-06,0.00044810108
L-BFGS-B,1220,5.10842e-07,0.018730635,1.2273558e-06,0.00044803604
L-BFGS-B,1221,5.10393e-07,0.018722193,1.2280523e-06,0.0004479887
L-BFGS-B,1222,5.0979e-07,0.018707355,1.2292353e-06,0.00044792733
L-BFGS-B,1223,5.0899223e-07,0.018732082,1.2280759e-06,0.00044788103
L-BFGS-B,1224,5.1048784e-07,0.01864414,1.2354698e-06,0.00044833502
L-BFGS-B,1225,5.091165e-07,0.018706456,1.229406e-06,0.00044784293
L-BFGS-B,1226,5.089259e-07,0.018715287,1.2285334e-06,0.00044777177
L-BFGS-B,1227,5.0874394e-07,0.01874673,1.225571e-06,0.00044761453
L-BFGS-B,1228,5.082201e-07,0.01874344,1.2254981e-06,0.00044749214
L-BFGS-B,1229,5.07452e-07,0.018736824,1.2250923e-06,0.00044724985
L-BFGS-B,1230,5.0704676e-07,0.018677844,1.228227e-06,0.0004470695
L-BFGS-B,1231,5.0618945e-07,0.018890688,1.2246581e-06,0.00044853403
L-BFGS-B,1232,5.062897e-07,0.018703843,1.2265957e-06,0.00044697121
L-BFGS-B,1233,5.0627585e-07,0.018675633,1.2274043e-06,0.00044680835
L-BFGS-B,1234,5.06198e-07,0.018627396,1.2287475e-06,0.00044651577
L-BFGS-B,1235,5.042924e-07,0.018559946,1.2321073e-06,0.0004460594
L-BFGS-B,1236,5.04321e-07,0.01855926,1.2299868e-06,0.00044573878
L-BFGS-B,1237,5.012757e-07,0.01854786,1.2322768e-06,0.00044551148
L-BFGS-B,1238,5.016602e-07,0.018568626,1.2294349e-06,0.00044535054
L-BFGS-B,1239,5.0211537e-07,0.0186107,1.2251088e-06,0.00044519058
L-BFGS-B,1240,5.025202e-07,0.018637968,1.22191e-06,0.0004450442
L-BFGS-B,1241,5.034516e-07,0.018649003,1.2187379e-06,0.00044481846
L-BFGS-B,1242,5.045445e-07,0.018646372,1.2161948e-06,0.00044457463
L-BFGS-B,1243,5.4163183e-07,0.019653525,1.186219e-06,0.0004557129
L-BFGS-B,1244,5.050817e-07,0.018674113,1.2135237e-06,0.0004445319
L-BFGS-B,1245,5.0947943e-07,0.018660909,1.211065e-06,0.00044469073
L-BFGS-B,1246,5.065034e-07,0.018657692,1.2122406e-06,0.00044438854
L-BFGS-B,1247,5.0376167e-07,0.018623667,1.2227792e-06,0.0004452178
L-BFGS-B,1248,5.053643e-07,0.018638412,1.2141792e-06,0.00044431564
L-BFGS-B,1249,5.0605473e-07,0.018638108,1.2124382e-06,0.000444155
L-BFGS-B,1250,5.0697025e-07,0.018620614,1.2114031e-06,0.00044396214
L-BFGS-B,1251,5.0750424e-07,0.018607015,1.210953e-06,0.0004438387
L-BFGS-B,1252,5.1362326e-07,0.018849237,1.2136288e-06,0.00044758018
L-BFGS-B,1253,5.0743256e-07,0.018603211,1.2110615e-06,0.00044380623
L-BFGS-B,1254,5.074685e-07,0.018603466,1.210057e-06,0.0004436635
L-BFGS-B,1255,5.077132e-07,0.018599542,1.2076421e-06,0.00044329872
L-BFGS-B,1256,5.0633656e-07,0.018597905,1.2077509e-06,0.00044309214
L-BFGS-B,1257,5.0634753e-07,0.018576063,1.2078484e-06,0.00044289004
L-BFGS-B,1258,5.0519327e-07,0.018534133,1.2106949e-06,0.00044272456
L-BFGS-B,1259,5.045454e-07,0.018521098,1.2115601e-06,0.0004426268
L-BFGS-B,1260,5.025331e-07,0.018476546,1.2250209e-06,0.00044389855
L-BFGS-B,1261,5.0374337e-07,0.018497618,1.2135566e-06,0.00044257115
L-BFGS-B,1262,5.030383e-07,0.018481115,1.2145199e-06,0.00044244487
L-BFGS-B,1263,5.028843e-07,0.01848427,1.2130934e-06,0.00044223934
L-BFGS-B,1264,5.028447e-07,0.018497365,1.2109681e-06,0.00044204557
L-BFGS-B,1265,5.033061e-07,0.018541569,1.2059822e-06,0.00044180892
L-BFGS-B,1266,5.027979e-07,0.018547231,1.2043377e-06,0.00044154262
L-BFGS-B,1267,5.020256e-07,0.01858774,1.1999836e-06,0.00044117877
L-BFGS-B,1268,5.0111197e-07,0.0186014,1.199347e-06,0.00044108287
L-BFGS-B,1269,5.015027e-07,0.018616667,1.196627e-06,0.00044088613
L-BFGS-B,1270,5.0139204e-07,0.018633125,1.1941772e-06,0.00044066663
L-BFGS-B,1271,5.0125016e-07,0.018647416,1.192242e-06,0.000440498
L-BFGS-B,1272,5.009564e-07,0.018648641,1.1916818e-06,0.00044038214
L-BFGS-B,1273,5.0074806e-07,0.018651372,1.1911754e-06,0.00044030225
L-BFGS-B,1274,4.9490774e-07,0.018907793,1.1888599e-06,0.00044164306
L-BFGS-B,1275,4.998822e-07,0.018669711,1.1906848e-06,0.00044028217
L-BFGS-B,1276,5.000408e-07,0.018668927,1.189988e-06,0.00044019357
L-BFGS-B,1277,5.0018315e-07,0.018656533,1.1900717e-06,0.00044010353
L-BFGS-B,1278,5.0031724e-07,0.0186351,1.1907589e-06,0.00044001243
L-BFGS-B,1279,5.007386e-07,0.018593429,1.1924827e-06,0.0004399175
L-BFGS-B,1280,5.001166e-07,0.018570486,1.1937399e-06,0.00043978333
L-BFGS-B,1281,4.999171e-07,0.018558232,1.1937542e-06,0.00043963303
L-BFGS-B,1282,4.999255e-07,0.018566394,1.1915948e-06,0.000439392
L-BFGS-B,1283,4.990373e-07,0.018535832,1.1931209e-06,0.00043918204
L-BFGS-B,1284,4.982648e-07,0.018553048,1.1914358e-06,0.0004389856
L-BFGS-B,1285,5.059836e-07,0.018901138,1.1746324e-06,0.00044110377
L-BFGS-B,1286,4.992137e-07,0.018597092,1.1868002e-06,0.00043887302
L-BFGS-B,1287,4.985023e-07,0.018604454,1.185364e-06,0.00043862447
L-BFGS-B,1288,4.980558e-07,0.018608958,1.1841632e-06,0.00043842243
L-BFGS-B,1289,4.9819914e-07,0.018620212,1.1820429e-06,0.00043823844
L-BFGS-B,1290,4.978203e-07,0.01863813,1.1799754e-06,0.00043805066
L-BFGS-B,1291,4.982216e-07,0.018660825,1.1771407e-06,0.0004379126
L-BFGS-B,1292,4.976544e-07,0.018678037,1.175643e-06,0.000437775
L-BFGS-B,1293,4.9744347e-07,0.018686328,1.1744654e-06,0.0004376496
L-BFGS-B,1294,4.9690766e-07,0.018689003,1.1736738e-06,0.00043747725
L-BFGS-B,1295,5.056463e-07,0.019589705,1.2005141e-06,0.00045182114
L-BFGS-B,1296,4.9626027e-07,0.018704735,1.1730577e-06,0.00043744507
L-BFGS-B,1297,4.95861e-07,0.018699171,1.1725017e-06,0.0004372461
L-BFGS-B,1298,4.9593865e-07,0.018730707,1.1693269e-06,0.0004370969
L-BFGS-B,1299,4.95613e-07,0.018712586,1.1699041e-06,0.00043695344
L-BFGS-B,1300,4.9581354e-07,0.018688984,1.1699042e-06,0.0004367475
L-BFGS-B,1301,4.9507577e-07,0.018665478,1.1729365e-06,0.00043685662
L-BFGS-B,1302,4.9537476e-07,0.018674735,1.1708078e-06,0.00043667475
L-BFGS-B,1303,4.958867e-07,0.018653877,1.1702722e-06,0.0004364626
L-BFGS-B,1304,4.9570605e-07,0.018621393,1.1708547e-06,0.00043619802
L-BFGS-B,1305,4.955794e-07,0.01856065,1.1729339e-06,0.00043588347
L-BFGS-B,1306,4.9969003e-07,0.018612826,1.1737424e-06,0.0004371431
L-BFGS-B,1307,4.959004e-07,0.018552778,1.1727573e-06,0.00043582643
L-BFGS-B,1308,4.966451e-07,0.018498257,1.174055e-06,0.0004355876
L-BFGS-B,1309,4.966675e-07,0.01842281,1.1771905e-06,0.0004353068
L-BFGS-B,1310,4.9969134e-07,0.018380143,1.1756614e-06,0.0004351043
L-BFGS-B,1311,4.9902553e-07,0.018325603,1.1767235e-06,0.00043461839
L-BFGS-B,1312,4.9737946e-07,0.01831014,1.1764196e-06,0.0004341713
L-BFGS-B,1313,4.957767e-07,0.018265953,1.1776503e-06,0.00043367356
L-BFGS-B,1314,4.939982e-07,0.018212084,1.1804208e-06,0.00043328368
L-BFGS-B,1315,4.888336e-07,0.018111395,1.1900005e-06,0.00043293906
L-BFGS-B,1316,4.886711e-07,0.018040383,1.1908744e-06,0.00043233566
L-BFGS-B,1317,4.870131e-07,0.017976344,1.1941675e-06,0.0004319405
L-BFGS-B,1318,4.878575e-07,0.017924024,1.1954015e-06,0.00043172907
L-BFGS-B,1319,4.868945e-07,0.01792188,1.195173e-06,0.00043152893
L-BFGS-B,1320,4.849314e-07,0.017905042,1.1969576e-06,0.00043133378
L-BFGS-B,1321,6.232914e-07,0.020187955,1.3245765e-06,0.00049405976
L-BFGS-B,1322,4.8498123e-07,0.017873656,1.1987993e-06,0.00043130363
L-BFGS-B,1323,4.8478626e-07,0.017878277,1.1974178e-06,0.00043111335
L-BFGS-B,1324,4.8191254e-07,0.0178929,1.1980429e-06,0.00043092231
L-BFGS-B,1325,4.8350745e-07,0.017887283,1.1956243e-06,0.0004307426
L-BFGS-B,1326,4.834089e-07,0.017873708,1.1959166e-06,0.00043063593
L-BFGS-B,1327,4.8274177e-07,0.017857214,1.1970607e-06,0.0004305425
L-BFGS-B,1328,4.828732e-07,0.017881306,1.195117e-06,0.0004305116
L-BFGS-B,1329,4.833249e-07,0.017856374,1.1964459e-06,0.00043052936
L-BFGS-B,1330,4.8300905e-07,0.017867148,1.1956276e-06,0.000430467
L-BFGS-B,1331,4.83137e-07,0.017871704,1.194778e-06,0.00043040427
L-BFGS-B,1332,4.8341894e-07,0.017870802,1.1940183e-06,0.0004303236
L-BFGS-B,1333,4.8429604e-07,0.017870588,1.192593e-06,0.00043023925
L-BFGS-B,1334,4.832877e-07,0.017932478,1.1895625e-06,0.0004302523
L-BFGS-B,1335,4.8376506e-07,0.017897101,1.1911384e-06,0.00043020654
L-BFGS-B,1336,4.841795e-07,0.017898632,1.1902416e-06,0.0004301495
L-BFGS-B,1337,4.8387284e-07,0.017896043,1.1902946e-06,0.00043008552
L-BFGS-B,1338,4.8378104e-07,0.01790345,1.1895772e-06,0.00043003826
L-BFGS-B,1339,4.828755e-07,0.017912878,1.1892356e-06,0.00042994547
L-BFGS-B,1340,4.850644e-07,0.017968377,1.1904962e-06,0.00043101783
L-BFGS-B,1341,4.8274745e-07,0.017913438,1.1890352e-06,0.00042990176
L-BFGS-B,1342,4.818211e-07,0.017937006,1.1873925e-06,0.0004297521
L-BFGS-B,1343,4.794033e-07,0.017929235,1.1890459e-06,0.00042955973
L-BFGS-B,1344,4.7990653e-07,0.017967677,1.1849634e-06,0.00042940723
L-BFGS-B,1345,4.792768e-07,0.01796952,1.1848225e-06,0.00042931008
L-BFGS-B,1346,4.7962726e-07,0.01795449,1.1846292e-06,0.00042918336
L-BFGS-B,1347,4.798309e-07,0.017963503,1.1823066e-06,0.00042895565
L-BFGS-B,1348,4.812045e-07,0.01797609,1.1780545e-06,0.0004286497
L-BFGS-B,1349,4.8176713e-07,0.018008338,1.1717457e-06,0.0004281103
L-BFGS-B,1350,4.8180164e-07,0.01806456,1.1640418e-06,0.0004275221
L-BFGS-B,1351,4.815207e-07,0.018155927,1.1542785e-06,0.00042692915
L-BFGS-B,1352,4.800649e-07,0.01817327,1.1536323e-06,0.0004267873
L-BFGS-B,1353,4.8066823e-07,0.018199505,1.1498504e-06,0.00042657286
L-BFGS-B,1354,4.793776e-07,0.01819256,1.1500603e-06,0.00042634126
L-BFGS-B,1355,4.7736154e-07,0.018192345,1.1503006e-06,0.00042607277
L-BFGS-B,1356,4.7347407e-07,0.018160257,1.1562104e-06,0.00042605525
L-BFGS-B,1357,4.7517497e-07,0.018169716,1.1531316e-06,0.00042594314
L-BFGS-B,1358,4.7495104e-07,0.01813405,1.1537402e-06,0.00042564416
L-BFGS-B,1359,4.7425698e-07,0.018051019,1.1580247e-06,0.00042535242
L-BFGS-B,1360,4.728028e-07,0.018028772,1.1596758e-06,0.00042515952
L-BFGS-B,1361,4.7255404e-07,0.0180382,1.1586591e-06,0.000425064
L-BFGS-B,1362,4.719424e-07,0.018028324,1.1590153e-06,0.0004249269
L-BFGS-B,1363,4.7084347e-07,0.018040469,1.1588294e-06,0.00042485562
L-BFGS-B,1364,4.7133705e-07,0.018046014,1.1572827e-06,0.00042475312
L-BFGS-B,1365,4.7103322e-07,0.0180867,1.1539474e-06,0.0004246141
L-BFGS-B,1366,4.709197e-07,0.018103875,1.1523778e-06,0.00042453338
L-BFGS-B,1367,4.7386604e-07,0.018129518,1.1502269e-06,0.0004249091
L-BFGS-B,1368,4.7138985e-07,0.018102577,1.1518275e-06,0.00042450838
L-BFGS-B,1369,4.7289265e-07,0.018154405,1.1586792e-06,0.00042627982
L-BFGS-B,1370,4.7105158e-07,0.018091794,1.1524342e-06,0.00042444078
L-BFGS-B,1371,4.711541e-07,0.01806618,1.1533995e-06,0.00042434485
L-BFGS-B,1372,4.7155265e-07,0.01802116,1.154985e-06,0.00042419223
L-BFGS-B,1373,4.765339e-07,0.018027708,1.1622726e-06,0.00042609806
L-BFGS-B,1374,4.7198967e-07,0.017998762,1.1554513e-06,0.00042410375
L-BFGS-B,1375,4.7256614e-07,0.017961696,1.1560397e-06,0.00042390783
L-BFGS-B,1376,4.7255816e-07,0.017929131,1.1562383e-06,0.0004236108
L-BFGS-B,1377,4.7154265e-07,0.017879486,1.1571891e-06,0.00042310462
L-BFGS-B,1378,5.785141e-07,0.01920668,1.2697762e-06,0.00046931035
L-BFGS-B,1379,4.7254855e-07,0.017812165,1.1595546e-06,0.00042293713
L-BFGS-B,1380,4.7044352e-07,0.017796021,1.1593495e-06,0.00042242918
L-BFGS-B,1381,4.7091225e-07,0.017819623,1.1523008e-06,0.00042167818
L-BFGS-B,1382,4.703352e-07,0.01776317,1.1549195e-06,0.0004214199
L-BFGS-B,1383,4.70342e-07,0.017837694,1.1487427e-06,0.00042123965
L-BFGS-B,1384,4.703679e-07,0.01784193,1.1471802e-06,0.00042105152
L-BFGS-B,1385,4.7101423e-07,0.017771553,1.1488686e-06,0.00042069796
L-BFGS-B,1386,4.6985815e-07,0.017685853,1.1535857e-06,0.0004203751
L-BFGS-B,1387,4.6756168e-07,0.017610267,1.158318e-06,0.00041998463
L-BFGS-B,1388,4.63968e-07,0.017577142,1.161787e-06,0.00041963466
L-BFGS-B,1389,4.6446374e-07,0.017579526,1.1607159e-06,0.0004195722
L-BFGS-B,1390,4.6368694e-07,0.01758791,1.1628548e-06,0.00041986036
L-BFGS-B,1391,4.6399995e-07,0.01757125,1.1611944e-06,0.00041949167
L-BFGS-B,1392,4.6373341e-07,0.017595753,1.1592083e-06,0.00041939877
L-BFGS-B,1393,4.6355657e-07,0.017615184,1.1573627e-06,0.00041928975
L-BFGS-B,1394,4.6380478e-07,0.017633567,1.1540068e-06,0.00041900738
L-BFGS-B,1395,4.6384264e-07,0.017721344,1.1456788e-06,0.00041864166
L-BFGS-B,1396,4.6481628e-07,0.017722776,1.1423632e-06,0.00041830467
L-BFGS-B,1397,4.6510704e-07,0.017730819,1.1390473e-06,0.00041793133
L-BFGS-B,1398,4.657726e-07,0.017706813,1.1368332e-06,0.000417459
L-BFGS-B,1399,4.6618786e-07,0.017656017,1.1351394e-06,0.00041675926
L-BFGS-B,1400,4.667902e-07,0.01766343,1.1341598e-06,0.0004167768
L-BFGS-B,1401,4.661978e-07,0.01764699,1.1340061e-06,0.0004165005
L-BFGS-B,1402,4.6454954e-07,0.01758829,1.1364662e-06,0.00041603524
L-BFGS-B,1403,4.6393313e-07,0.017518038,1.1394787e-06,0.00041569216
L-BFGS-B,1404,4.6243375e-07,0.017449664,1.1433121e-06,0.00041535852
L-BFGS-B,1405,4.6097537e-07,0.017429855,1.1441375e-06,0.0004150655
L-BFGS-B,1406,4.612615e-07,0.017439276,1.141644e-06,0.0004148286
L-BFGS-B,1407,4.598105e-07,0.017429927,1.1427429e-06,0.0004146823
L-BFGS-B,1408,4.5997126e-07,0.0174154,1.1428932e-06,0.0004145837
L-BFGS-B,1409,4.593994e-07,0.017392915,1.1439762e-06,0.0004144355
L-BFGS-B,1410,4.6097284e-07,0.017367007,1.1428181e-06,0.00041423872
L-BFGS-B,1411,4.6109787e-07,0.01738713,1.1398333e-06,0.00041401095
L-BFGS-B,1412,5.2233224e-07,0.020521797,1.2683695e-06,0.00047382322
L-BFGS-B,1413,4.6109264e-07,0.017362772,1.1405542e-06,0.00041387475
L-BFGS-B,1414,4.6093953e-07,0.01740867,1.1356402e-06,0.00041357367
L-BFGS-B,1415,4.584327e-07,0.017489921,1.132532e-06,0.0004135439
L-BFGS-B,1416,4.586945e-07,0.017431643,1.1345695e-06,0.00041330603
L-BFGS-B,1417,4.604291e-07,0.017372064,1.1422927e-06,0.0004141289
L-BFGS-B,1418,4.5863797e-07,0.017407374,1.1357037e-06,0.00041322497
L-BFGS-B,1419,4.5868632e-07,0.017410778,1.1351317e-06,0.00041318047
L-BFGS-B,1420,4.57704e-07,0.017404674,1.1354796e-06,0.00041302427
L-BFGS-B,1421,4.5733688e-07,0.017410683,1.1351399e-06,0.00041297835
L-BFGS-B,1422,4.568917e-07,0.017412473,1.1353322e-06,0.00041295832
L-BFGS-B,1423,4.5668048e-07,0.017406384,1.1358198e-06,0.00041293888
L-BFGS-B,1424,4.564422e-07,0.017399233,1.1362563e-06,0.0004128971
L-BFGS-B,1425,4.564691e-07,0.017389733,1.1364078e-06,0.00041282887
L-BFGS-B,1426,4.5698013e-07,0.017384972,1.1354406e-06,0.00041271283
L-BFGS-B,1427,4.5923028e-07,0.017384056,1.1335316e-06,0.00041275483
L-BFGS-B,1428,4.5780743e-07,0.017379424,1.1343395e-06,0.0004126163
L-BFGS-B,1429,4.5873088e-07,0.01743881,1.1313322e-06,0.00041289756
L-BFGS-B,1430,4.5790344e-07,0.017390158,1.1332409e-06,0.00041257322
L-BFGS-B,1431,4.5935013e-07,0.017394641,1.129981e-06,0.00041234607
L-BFGS-B,1432,4.6012758e-07,0.017390955,1.1278289e-06,0.00041210302
L-BFGS-B,1433,4.599165e-07,0.017370787,1.1283947e-06,0.00041195453
L-BFGS-B,1434,4.5910264e-07,0.017340425,1.1302646e-06,0.00041180933
L-BFGS-B,1435,4.575311e-07,0.017258404,1.1362847e-06,0.00041165642
L-BFGS-B,1436,4.574456e-07,0.017243838,1.1359481e-06,0.00041144743
L-BFGS-B,1437,4.5762178e-07,0.017230103,1.135518e-06,0.000411272
L-BFGS-B,1438,4.582423e-07,0.01721431,1.134801e-06,0.00041109958
L-BFGS-B,1439,4.580043e-07,0.01722901,1.1328355e-06,0.00041091605
L-BFGS-B,1440,4.5769733e-07,0.017186653,1.1347829e-06,0.00041073858
L-BFGS-B,1441,5.32177e-07,0.023374854,1.2014265e-06,0.0004937891
L-BFGS-B,1442,4.5797717e-07,0.017184258,1.1343591e-06,0.000410693
L-BFGS-B,1443,4.578112e-07,0.017197024,1.1316421e-06,0.00041038822
L-BFGS-B,1444,4.5592222e-07,0.017211063,1.1300006e-06,0.00040999905
L-BFGS-B,1445,4.5515966e-07,0.017281124,1.1249483e-06,0.00040982745
L-BFGS-B,1446,4.5360085e-07,0.017293196,1.1248679e-06,0.00040970228
L-BFGS-B,1447,4.5261777e-07,0.017283296,1.1257799e-06,0.00040959258
L-BFGS-B,1448,4.5124463e-07,0.017269908,1.1274788e-06,0.00040950757
L-BFGS-B,1449,4.5124185e-07,0.017254125,1.1279503e-06,0.00040942006
L-BFGS-B,1450,4.5120876e-07,0.017230546,1.1291102e-06,0.0004093533
L-BFGS-B,1451,4.5135556e-07,0.017211422,1.1299406e-06,0.00040930865
L-BFGS-B,1452,4.517308e-07,0.017195895,1.1302699e-06,0.00040925905
L-BFGS-B,1453,4.530043e-07,0.017182542,1.1304624e-06,0.00040934543
L-BFGS-B,1454,4.5209765e-07,0.017188795,1.1301455e-06,0.00040922442
L-BFGS-B,1455,4.5257462e-07,0.017177427,1.1297716e-06,0.00040912622
L-BFGS-B,1456,4.5233122e-07,0.01719125,1.1286712e-06,0.00040906286
L-BFGS-B,1457,4.5179644e-07,0.017202742,1.1281373e-06,0.0004090175
L-BFGS-B,1458,4.515863e-07,0.01720495,1.1280367e-06,0.00040899293
L-BFGS-B,1459,4.5133936e-07,0.017212752,1.1276544e-06,0.00040897657
L-BFGS-B,1460,4.5100154e-07,0.017217014,1.1276072e-06,0.00040896144
L-BFGS-B,1461,4.5080998e-07,0.017221345,1.1273995e-06,0.00040894488
L-BFGS-B,1462,4.490083e-07,0.017315486,1.1241077e-06,0.00040912227
L-BFGS-B,1463,4.5041057e-07,0.01723694,1.1266895e-06,0.00040893443
L-BFGS-B,1464,4.5047912e-07,0.017235784,1.1265513e-06,0.0004089124
L-BFGS-B,1465,4.5063825e-07,0.017233074,1.1263393e-06,0.0004088774
L-BFGS-B,1466,4.5201605e-07,0.017246194,1.12406e-06,0.00040887334
L-BFGS-B,1467,4.5128772e-07,0.017238589,1.1251327e-06,0.00040884895
L-BFGS-B,1468,4.5121587e-07,0.01724244,1.124633e-06,0.00040880172
L-BFGS-B,1469,4.5144242e-07,0.017269803,1.1220849e-06,0.00040872712
L-BFGS-B,1470,4.5154803e-07,0.017305648,1.1190758e-06,0.00040865006
L-BFGS-B,1471,4.5168335e-07,0.0173832,1.1137961e-06,0.00040865393
L-BFGS-B,1472,4.5148684e-07,0.017340777,1.1163912e-06,0.0004085895
L-BFGS-B,1473,4.5187974e-07,0.017418288,1.1104707e-06,0.00040853544
L-BFGS-B,1474,4.5119734e-07,0.017390426,1.1117467e-06,0.00040834583
L-BFGS-B,1475,4.511244e-07,0.017357325,1.1133163e-06,0.00040823937
L-BFGS-B,1476,4.5101865e-07,0.017326983,1.1142813e-06,0.0004080648
L-BFGS-B,1477,6.303188e-07,0.020926194,1.2889587e-06,0.0004971536
L-BFGS-B,1478,4.5222706e-07,0.017347237,1.1118217e-06,0.00040807968
L-BFGS-B,1479,4.5142343e-07,0.017332885,1.1129819e-06,0.00040798966
L-BFGS-B,1480,4.5225318e-07,0.017321153,1.1114508e-06,0.00040776713
L-BFGS-B,1481,4.5172004e-07,0.017350085,1.1174469e-06,0.00040887587
L-BFGS-B,1482,4.5178857e-07,0.017316835,1.1115651e-06,0.00040767138
L-BFGS-B,1483,3.0881317e-06,0.13261196,2.7049396e-06,0.0021950803
L-BFGS-B,1484,4.7039111e-07,0.017466808,1.1143619e-06,0.00041238102
L-BFGS-B,1485,4.5260455e-07,0.017306315,1.1112397e-06,0.00040763977
L-BFGS-B,1486,4.5121377e-07,0.017377412,1.1054972e-06,0.00040728075
L-BFGS-B,1487,4.5009438e-07,0.017393015,1.101332e-06,0.0004066441
L-BFGS-B,1488,4.5061793e-07,0.017403523,1.0929989e-06,0.00040557777
L-BFGS-B,1489,4.5029367e-07,0.01728489,1.0958314e-06,0.00040476766
L-BFGS-B,1490,4.4977105e-07,0.017241152,1.0961679e-06,0.00040430238
L-BFGS-B,1491,4.4965788e-07,0.017613316,1.1027619e-06,0.00040899613
L-BFGS-B,1492,4.4891578e-07,0.017210117,1.0972719e-06,0.00040402933
L-BFGS-B,1493,4.447649e-07,0.017104939,1.1034971e-06,0.0004032887
L-BFGS-B,1494,4.4700897e-07,0.01713065,1.0948647e-06,0.00040258755
L-BFGS-B,1495,4.4711257e-07,0.017114544,1.0961658e-06,0.00040263718
L-BFGS-B,1496,4.4640572e-07,0.017091068,1.0953042e-06,0.00040216715
L-BFGS-B,1497,4.4458557e-07,0.017061474,1.0969258e-06,0.00040184142
L-BFGS-B,1498,4.439204e-07,0.01702456,1.0976833e-06,0.00040148615
L-BFGS-B,1499,4.4418312e-07,0.017000996,1.0982374e-06,0.00040137302
L-BFGS-B,1500,4.4390328e-07,0.016993152,1.0979871e-06,0.00040121507
L-BFGS-B,1501,4.4468632e-07,0.016955096,1.0990432e-06,0.0004011104
L-BFGS-B,1502,4.4443493e-07,0.016950957,1.0987966e-06,0.00040099432
L-BFGS-B,1503,4.4297292e-07,0.016949475,1.0985821e-06,0.000400728
L-BFGS-B,1504,4.4189284e-07,0.016951622,1.0979234e-06,0.00040048864
L-BFGS-B,1505,4.4053485e-07,0.016927047,1.1006516e-06,0.00040044842
L-BFGS-B,1506,4.404754e-07,0.016944066,1.0985585e-06,0.0004002957
L-BFGS-B,1507,4.400121e-07,0.016932182,1.099546e-06,0.00040025555
L-BFGS-B,1508,4.4022246e-07,0.016919103,1.0999005e-06,0.00040020945
L-BFGS-B,1509,4.401217e-07,0.016909683,1.1003154e-06,0.00040016242
L-BFGS-B,1510,4.3945158e-07,0.016908206,1.1007577e-06,0.00040011344
L-BFGS-B,1511,4.3914483e-07,0.016907731,1.1006564e-06,0.0004000475
L-BFGS-B,1512,4.3892783e-07,0.016903386,1.1007907e-06,0.00039999164
L-BFGS-B,1513,4.3868454e-07,0.016913293,1.1031841e-06,0.00040041324
L-BFGS-B,1514,4.3880473e-07,0.016901294,1.100958e-06,0.00039997732
L-BFGS-B,1515,4.3912132e-07,0.016903894,1.1000564e-06,0.0003999156
L-BFGS-B,1516,4.4001231e-07,0.016912391,1.0980975e-06,0.0003998404
L-BFGS-B,1517,4.4083308e-07,0.016946703,1.0946267e-06,0.000399786
L-BFGS-B,1518,4.4131053e-07,0.016921408,1.0955745e-06,0.00039974684
L-BFGS-B,1519,4.4092238e-07,0.01692476,1.0954167e-06,0.00039969845
L-BFGS-B,1520,4.407168e-07,0.016919414,1.0956221e-06,0.00039964495
L-BFGS-B,1521,4.4081983e-07,0.01689881,1.0967489e-06,0.00039962342
L-BFGS-B,1522,4.421462e-07,0.016914813,1.0954562e-06,0.0003997885
L-BFGS-B,1523,4.410524e-07,0.016899128,1.0962972e-06,0.00039959373
L-BFGS-B,1524,4.4100466e-07,0.0168945,1.0963823e-06,0.00039955304
L-BFGS-B,1525,4.4119588e-07,0.016892487,1.0960046e-06,0.00039950496
L-BFGS-B,1526,4.4116285e-07,0.016909081,1.094647e-06,0.0003994623
L-BFGS-B,1527,4.4126034e-07,0.0169083,1.0943763e-06,0.00039942848
L-BFGS-B,1528,4.400615e-07,0.016947204,1.0927956e-06,0.00039940063
L-BFGS-B,1529,4.4035266e-07,0.016932752,1.0931309e-06,0.00039935
L-BFGS-B,1530,4.404135e-07,0.01692344,1.0933703e-06,0.000399302
L-BFGS-B,1531,4.4046186e-07,0.016926706,1.0928223e-06,0.00039925968
L-BFGS-B,1532,4.4067482e-07,0.016924785,1.092365e-06,0.00039920383
L-BFGS-B,1533,4.416939e-07,0.01691492,1.0910438e-06,0.00039905985
L-BFGS-B,1534,4.430606e-07,0.01689686,1.0899149e-06,0.0003989149
L-BFGS-B,1535,4.4475667e-07,0.016872613,1.0886519e-06,0.0003987374
L-BFGS-B,1536,4.460298e-07,0.016845705,1.0884132e-06,0.0003986235
L-BFGS-B,1537,4.533614e-07,0.017043505,1.0852602e-06,0.00040122826
L-BFGS-B,1538,4.4666274e-07,0.01684798,1.0867833e-06,0.0003984967
L-BFGS-B,1539,4.4583808e-07,0.01685251,1.0863271e-06,0.00039834986
L-BFGS-B,1540,4.4269757e-07,0.016880818,1.0857707e-06,0.0003980784
L-BFGS-B,1541,4.418099e-07,0.016879722,1.0853262e-06,0.00039786764
L-BFGS-B,1542,4.4136752e-07,0.01686679,1.0849077e-06,0.0003976092
L-BFGS-B,1543,4.4039697e-07,0.016860738,1.0852532e-06,0.0003974549
L-BFGS-B,1544,4.406275e-07,0.016796086,1.0874957e-06,0.00039717933
L-BFGS-B,1545,4.4021198e-07,0.016779637,1.0876525e-06,0.00039697601
L-BFGS-B,1546,4.3912618e-07,0.016749833,1.089687e-06,0.0003968203
L-BFGS-B,1547,4.3939383e-07,0.01674569,1.088599e-06,0.0003966558
L-BFGS-B,1548,4.386737e-07,0.016713383,1.0899498e-06,0.00039642735
L-BFGS-B,1549,4.3834694e-07,0.016686462,1.0911846e-06,0.00039629434
L-BFGS-B,1550,4.37468e-07,0.016654562,1.0929645e-06,0.0003961105
L-BFGS-B,1551,4.368299e-07,0.016640082,1.0933537e-06,0.00039592836
L-BFGS-B,1552,4.3566138e-07,0.01665081,1.0925011e-06,0.00039573247
L-BFGS-B,1553,4.3525947e-07,0.016662598,1.0909908e-06,0.00039556352
L-BFGS-B,1554,4.3796146e-07,0.016744273,1.0850357e-06,0.0003958923
L-BFGS-B,1555,4.3545614e-07,0.01667984,1.088747e-06,0.00039542888
L-BFGS-B,1556,4.3437444e-07,0.016704584,1.0878489e-06,0.00039537932
L-BFGS-B,1557,4.339605e-07,0.016698195,1.0876868e-06,0.00039522903
L-BFGS-B,1558,4.3471977e-07,0.016637646,1.0903722e-06,0.00039514026
L-BFGS-B,1559,4.346572e-07,0.016618509,1.0913685e-06,0.00039508892
L-BFGS-B,1560,4.3330672e-07,0.016623577,1.0918588e-06,0.00039501057
L-BFGS-B,1561,4.339614e-07,0.016612856,1.0914945e-06,0.00039494692
L-BFGS-B,1562,4.340357e-07,0.016588999,1.0927216e-06,0.0003949036
L-BFGS-B,1563,4.339729e-07,0.01656887,1.0938554e-06,0.00039486293
L-BFGS-B,1564,4.347134e-07,0.016609447,1.0927149e-06,0.0003952087
L-BFGS-B,1565,4.3401215e-07,0.016571494,1.0935553e-06,0.00039485004
L-BFGS-B,1566,4.3434554e-07,0.0165509,1.0943365e-06,0.00039481133
L-BFGS-B,1567,4.3494163e-07,0.016449362,1.0999329e-06,0.00039472478
L-BFGS-B,1568,4.3449938e-07,0.016496826,1.0960952e-06,0.00039455743
L-BFGS-B,1569,4.3457783e-07,0.016535258,1.0929086e-06,0.00039447553
L-BFGS-B,1570,4.3482333e-07,0.016561532,1.0902797e-06,0.00039438077
L-BFGS-B,1571,4.3512722e-07,0.016557787,1.0896724e-06,0.00039429782
L-BFGS-B,1572,4.351078e-07,0.016584512,1.0911729e-06,0.00039478723
L-BFGS-B,1573,4.3488458e-07,0.016555741,1.0897958e-06,0.00039425946
L-BFGS-B,1574,4.390145e-07,0.01662448,1.0838329e-06,0.00039467192
L-BFGS-B,1575,4.3579723e-07,0.016569482,1.087408e-06,0.0003941756
L-BFGS-B,1576,4.3566985e-07,0.016548194,1.0882973e-06,0.00039407698
L-BFGS-B,1577,4.3473804e-07,0.01650249,1.0916134e-06,0.00039397762
L-BFGS-B,1578,4.3421696e-07,0.016498769,1.0919578e-06,0.00039391388
L-BFGS-B,1579,4.3368405e-07,0.01648009,1.0932529e-06,0.00039384142
L-BFGS-B,1580,4.3280036e-07,0.016460275,1.0951177e-06,0.00039379045
L-BFGS-B,1581,4.3119712e-07,0.016465822,1.0960478e-06,0.00039374497
L-BFGS-B,1582,4.3117993e-07,0.016456373,1.0963981e-06,0.00039370044
L-BFGS-B,1583,4.3128455e-07,0.016441762,1.096992e-06,0.0003936591
L-BFGS-B,1584,4.3135526e-07,0.016430289,1.0973442e-06,0.0003936078
L-BFGS-B,1585,4.315411e-07,0.01639743,1.0990481e-06,0.00039356266
L-BFGS-B,1586,4.31222e-07,0.016390907,1.0995624e-06,0.00039352675
L-BFGS-B,1587,4.3099845e-07,0.016375257,1.1006533e-06,0.00039350032
L-BFGS-B,1588,4.306869e-07,0.01635677,1.1019641e-06,0.00039346534
L-BFGS-B,1589,4.304706e-07,0.016339254,1.1031404e-06,0.0003934342
L-BFGS-B,1590,4.3027325e-07,0.016321292,1.1042655e-06,0.00039339374
L-BFGS-B,1591,4.3041732e-07,0.016310513,1.1044904e-06,0.0003933413
L-BFGS-B,1592,4.3061777e-07,0.016300568,1.1045496e-06,0.0003932808
L-BFGS-B,1593,4.3049405e-07,0.016306011,1.103946e-06,0.0003932261
L-BFGS-B,1594,4.302387e-07,0.01632037,1.1027677e-06,0.00039315468
L-BFGS-B,1595,4.3303112e-07,0.016338544,1.1028418e-06,0.0003937664
L-BFGS-B,1596,4.3044804e-07,0.016318442,1.1025974e-06,0.00039314124
L-BFGS-B,1597,4.3031602e-07,0.016324196,1.1019114e-06,0.00039307607
L-BFGS-B,1598,4.3045048e-07,0.016347712,1.0995639e-06,0.00039297927
L-BFGS-B,1599,4.3032097e-07,0.016356925,1.0984105e-06,0.00039287895
L-BFGS-B,1600,4.3057366e-07,0.016358443,1.0975746e-06,0.00039280666
L-BFGS-B,1601,4.31209e-07,0.016330421,1.0983852e-06,0.00039274333
L-BFGS-B,1602,4.3094252e-07,0.016339222,1.0972781e-06,0.0003926253
L-BFGS-B,1603,4.306314e-07,0.016344687,1.0966298e-06,0.00039253605
L-BFGS-B,1604,4.3095082e-07,0.016351048,1.0950766e-06,0.00039241457
L-BFGS-B,1605,4.305035e-07,0.016371015,1.0937736e-06,0.0003923517
L-BFGS-B,1606,4.31978e-07,0.016377674,1.0911492e-06,0.00039224583
L-BFGS-B,1607,4.3224e-07,0.016363043,1.0906463e-06,0.00039206338
L-BFGS-B,1608,4.34611e-07,0.016461572,1.0869388e-06,0.0003928482
L-BFGS-B,1609,4.3260025e-07,0.016373016,1.0891714e-06,0.00039199588
L-BFGS-B,1610,4.3278618e-07,0.01639118,1.0855547e-06,0.00039166294
L-BFGS-B,1611,4.3181703e-07,0.016437052,1.0828409e-06,0.00039156922
L-BFGS-B,1612,4.3193157e-07,0.016392468,1.084541e-06,0.00039139556
L-BFGS-B,1613,4.3184747e-07,0.016430087,1.0802084e-06,0.00039110926
L-BFGS-B,1614,4.3066842e-07,0.016455432,1.0781557e-06,0.00039087795
L-BFGS-B,1615,4.2998462e-07,0.016428482,1.0799696e-06,0.00039077795
L-BFGS-B,1616,4.2962964e-07,0.016406408,1.0801896e-06,0.00039053697
L-BFGS-B,1617,4.2953923e-07,0.016378315,1.0815522e-06,0.00039044686
L-BFGS-B,1618,4.2737827e-07,0.016264774,1.0976563e-06,0.00039140292
L-BFGS-B,1619,4.288233e-07,0.01633926,1.0844632e-06,0.00039038557
L-BFGS-B,1620,4.287809e-07,0.016314188,1.0859371e-06,0.0003903496
L-BFGS-B,1621,4.2868044e-07,0.016321905,1.0850929e-06,0.00039028504
L-BFGS-B,1622,4.290932e-07,0.016279092,1.0868972e-06,0.00039018947
L-BFGS-B,1623,4.2990186e-07,0.016278146,1.0853055e-06,0.00039006255
L-BFGS-B,1624,4.2940272e-07,0.016260037,1.0864437e-06,0.00038997736
L-BFGS-B,1625,4.2898785e-07,0.016245214,1.087518e-06,0.000389928
L-BFGS-B,1626,4.2879245e-07,0.016225494,1.0887939e-06,0.0003898929
L-BFGS-B,1627,4.288332e-07,0.016235283,1.0877983e-06,0.00038984756
L-BFGS-B,1628,4.2861248e-07,0.016226197,1.0879452e-06,0.00038974563
L-BFGS-B,1629,4.2626831e-07,0.016396968,1.1105037e-06,0.00039448548
L-BFGS-B,1630,4.281235e-07,0.016221277,1.088612e-06,0.0003897231
L-BFGS-B,1631,4.2799152e-07,0.016197147,1.0894519e-06,0.00038958795
L-BFGS-B,1632,4.286146e-07,0.016178206,1.0889904e-06,0.0003894228
L-BFGS-B,1633,4.2927502e-07,0.01615198,1.0886646e-06,0.00038921073
L-BFGS-B,1634,4.2845e-07,0.016111305,1.0904251e-06,0.00038894432
L-BFGS-B,1635,4.284007e-07,0.016130932,1.0861804e-06,0.0003884965
L-BFGS-B,1636,4.2853034e-07,0.016157892,1.0820071e-06,0.00038815953
L-BFGS-B,1637,4.2849945e-07,0.01617459,1.0791222e-06,0.00038788916
L-BFGS-B,1638,4.2894587e-07,0.016252406,1.0722308e-06,0.00038770057
L-BFGS-B,1639,4.2820758e-07,0.016205445,1.07489e-06,0.00038751907
L-BFGS-B,1640,4.2765825e-07,0.016169399,1.0765361e-06,0.00038732315
L-BFGS-B,1641,4.2713296e-07,0.016149139,1.0769376e-06,0.00038710196
L-BFGS-B,1642,4.2618532e-07,0.016129665,1.0774272e-06,0.0003868385
L-BFGS-B,1643,4.803799e-07,0.018393273,1.2179623e-06,0.00043868404
L-BFGS-B,1644,4.2611973e-07,0.016125584,1.0775128e-06,0.00038680073
L-BFGS-B,1645,4.2571e-07,0.016112864,1.077769e-06,0.0003866505
L-BFGS-B,1646,4.4190293e-07,0.016710397,1.0987327e-06,0.0003981993
L-BFGS-B,1647,4.256852e-07,0.016117781,1.0766289e-06,0.00038652492
L-BFGS-B,1648,4.2640264e-07,0.016080154,1.0758937e-06,0.000386146
L-BFGS-B,1649,4.3223628e-07,0.016078528,1.068583e-06,0.00038590818
L-BFGS-B,1650,4.258339e-07,0.01597885,1.0760948e-06,0.0003850778
L-BFGS-B,1651,4.252978e-07,0.015985824,1.074e-06,0.0003847529
L-BFGS-B,1652,4.2555206e-07,0.015928613,1.074574e-06,0.00038430502
L-BFGS-B,1653,4.2579532e-07,0.01588084,1.0733704e-06,0.00038368325
L-BFGS-B,1654,4.2456435e-07,0.015805561,1.0766026e-06,0.00038323068
L-BFGS-B,1655,4.2286692e-07,0.015776101,1.0774038e-06,0.00038280163
L-BFGS-B,1656,4.198615e-07,0.01583442,1.0752932e-06,0.0003826174
L-BFGS-B,1657,4.1970694e-07,0.015834462,1.0738285e-06,0.0003823749
L-BFGS-B,1658,4.2045792e-07,0.01584264,1.0712654e-06,0.00038218492
L-BFGS-B,1659,4.207235e-07,0.015851906,1.0696898e-06,0.00038208105
L-BFGS-B,1660,4.2102084e-07,0.015870241,1.0667198e-06,0.0003818635
L-BFGS-B,1661,4.210935e-07,0.015863793,1.0660829e-06,0.00038171437
L-BFGS-B,1662,4.214579e-07,0.015829325,1.0649741e-06,0.00038125803
L-BFGS-B,1663,4.2068592e-07,0.015779853,1.0668242e-06,0.00038092505
L-BFGS-B,1664,4.2030587e-07,0.015761388,1.0650139e-06,0.00038041183
L-BFGS-B,1665,4.1995398e-07,0.015686665,1.0664418e-06,0.000379826
L-BFGS-B,1666,4.2095587e-07,0.015668081,1.0649937e-06,0.00037957326
L-BFGS-B,1667,4.2035373e-07,0.015675992,1.061443e-06,0.00037902943
L-BFGS-B,1668,4.2071767e-07,0.015649546,1.060098e-06,0.00037861778
L-BFGS-B,1669,4.214496e-07,0.015675992,1.0566386e-06,0.00037847314
L-BFGS-B,1670,4.202819e-07,0.015652673,1.0569397e-06,0.00037810998
L-BFGS-B,1671,4.1969054e-07,0.015630951,1.05776e-06,0.0003779271
L-BFGS-B,1672,4.178948e-07,0.015643697,1.0603804e-06,0.00037817826
L-BFGS-B,1673,4.1873597e-07,0.015616971,1.0584218e-06,0.0003777434
L-BFGS-B,1674,4.1720264e-07,0.015629752,1.0577739e-06,0.000377544
L-BFGS-B,1675,4.172694e-07,0.015637115,1.056266e-06,0.00037740148
L-BFGS-B,1676,4.1713108e-07,0.015638553,1.0556536e-06,0.00037730322
L-BFGS-B,1677,4.148789e-07,0.015653802,1.0590887e-06,0.00037763317
L-BFGS-B,1678,4.164191e-07,0.01563702,1.0562231e-06,0.00037726655
L-BFGS-B,1679,4.1638287e-07,0.015642097,1.0553351e-06,0.00037717866
L-BFGS-B,1680,4.1592529e-07,0.015650105,1.0542518e-06,0.0003770276
L-BFGS-B,1681,4.1565585e-07,0.015662465,1.052638e-06,0.00037686873
L-BFGS-B,1682,4.148572e-07,0.015670955,1.0517327e-06,0.00037669804
L-BFGS-B,1683,4.1451935e-07,0.015663676,1.0509847e-06,0.00037646235
L-BFGS-B,1684,4.1400105e-07,0.01570736,1.0462951e-06,0.00037611803
L-BFGS-B,1685,4.1339433e-07,0.015729878,1.0440345e-06,0.0003759131
L-BFGS-B,1686,4.1145054e-07,0.015751507,1.0428079e-06,0.00037565385
L-BFGS-B,1687,4.0912568e-07,0.015809989,1.0387196e-06,0.00037527666
L-BFGS-B,1688,4.0763544e-07,0.015713194,1.0464511e-06,0.00037524494
L-BFGS-B,1689,4.0795993e-07,0.015752045,1.0420787e-06,0.00037502625
L-BFGS-B,1690,4.0417572e-07,0.015860898,1.0377785e-06,0.0003749021
L-BFGS-B,1691,4.043079e-07,0.015791107,1.0386623e-06,0.00037435658
L-BFGS-B,1692,4.065688e-07,0.015728716,1.0391707e-06,0.00037414808
L-BFGS-B,1693,4.0480327e-07,0.015662752,1.0425098e-06,0.00037372447
L-BFGS-B,1694,4.0294037e-07,0.015658867,1.0423706e-06,0.00037338532
L-BFGS-B,1695,4.0260508e-07,0.01570035,1.0376417e-06,0.0003730405
L-BFGS-B,1696,4.016689e-07,0.01568765,1.0372714e-06,0.00037271754
L-BFGS-B,1697,3.9968265e-07,0.015711322,1.035597e-06,0.00037240516
L-BFGS-B,1698,4.0211407e-07,0.015705133,1.0453316e-06,0.00037416816
L-BFGS-B,1699,3.9960216e-07,0.015679201,1.0369179e-06,0.00037227
L-BFGS-B,1700,3.9802305e-07,0.015738396,1.0326372e-06,0.00037198298
L-BFGS-B,1701,3.977324e-07,0.015819214,1.0257947e-06,0.00037172122
L-BFGS-B,1702,3.969834e-07,0.01588427,1.0211313e-06,0.00037155993
L-BFGS-B,1703,3.968597e-07,0.015862662,1.0201616e-06,0.00037117978
L-BFGS-B,1704,3.9862906e-07,0.01585579,1.0167292e-06,0.0003708616
L-BFGS-B,1705,3.986567e-07,0.015859826,1.0143948e-06,0.00037055596
L-BFGS-B,1706,3.9986944e-07,0.015879916,1.0099636e-06,0.00037027412
L-BFGS-B,1707,3.987957e-07,0.01589746,1.008734e-06,0.00037010404
L-BFGS-B,1708,3.977635e-07,0.015879814,1.0099722e-06,0.0003699585
L-BFGS-B,1709,3.9364454e-07,0.015704552,1.032597e-06,0.00037098175
L-BFGS-B,1710,3.9604853e-07,0.01581479,1.0150216e-06,0.0003698084
L-BFGS-B,1711,3.9497039e-07,0.015785657,1.0164262e-06,0.00036956606
L-BFGS-B,1712,3.926737e-07,0.01574261,1.0200545e-06,0.0003693353
L-BFGS-B,1713,3.9190306e-07,0.015698234,1.0224254e-06,0.00036913162
L-BFGS-B,1714,3.9229545e-07,0.015646206,1.0239252e-06,0.00036889515
L-BFGS-B,1715,6.533128e-07,0.024738502,1.3074134e-06,0.00054149394
L-BFGS-B,1716,3.914863e-07,0.015638731,1.024717e-06,0.0003688178
L-BFGS-B,1717,3.9105652e-07,0.015585576,1.0259045e-06,0.0003683999
L-BFGS-B,1718,3.9567956e-07,0.015513974,1.0243276e-06,0.0003681408
L-BFGS-B,1719,3.9293346e-07,0.015469886,1.0256559e-06,0.00036748726
L-BFGS-B,1720,3.9052443e-07,0.015479154,1.0234733e-06,0.00036689118
L-BFGS-B,1721,3.8982333e-07,0.015436732,1.0233706e-06,0.0003663464
L-BFGS-B,1722,3.8859616e-07,0.015264408,1.0360887e-06,0.0003663468
L-BFGS-B,1723,3.8885432e-07,0.01534117,1.0291936e-06,0.0003661189
L-BFGS-B,1724,3.8813846e-07,0.015332477,1.0290006e-06,0.00036589563
L-BFGS-B,1725,3.8810143e-07,0.015319243,1.0278376e-06,0.00036558328
L-BFGS-B,1726,3.8883556e-07,0.015303329,1.026234e-06,0.00036529373
L-BFGS-B,1727,3.8824666e-07,0.015290091,1.0261067e-06,0.0003650539
L-BFGS-B,1728,3.8896275e-07,0.015307014,1.0224318e-06,0.00036477932
L-BFGS-B,1729,3.8864442e-07,0.015280992,1.0224362e-06,0.00036447198
L-BFGS-B,1730,3.8841642e-07,0.015267212,1.021635e-06,0.00036417984
L-BFGS-B,1731,3.8865306e-07,0.0152379675,1.022255e-06,0.00036401587
L-BFGS-B,1732,3.8913984e-07,0.015254259,1.0200008e-06,0.00036391368
L-BFGS-B,1733,3.8848057e-07,0.015251363,1.0202514e-06,0.0003638234
L-BFGS-B,1734,3.8833812e-07,0.015253106,1.0195978e-06,0.00036372145
L-BFGS-B,1735,3.873877e-07,0.015244616,1.0203238e-06,0.00036360289
L-BFGS-B,1736,3.8599222e-07,0.015233466,1.0215723e-06,0.00036346936
L-BFGS-B,1737,3.8427214e-07,0.0152159715,1.031715e-06,0.00036455778
L-BFGS-B,1738,3.8540114e-07,0.015215483,1.0229204e-06,0.00036340306
L-BFGS-B,1739,3.8469884e-07,0.015200281,1.0238783e-06,0.00036328938
L-BFGS-B,1740,3.8449537e-07,0.015189438,1.0239386e-06,0.00036315946
L-BFGS-B,1741,3.849723e-07,0.0151818,1.0234369e-06,0.00036307937
L-BFGS-B,1742,3.853424e-07,0.015187397,1.0223172e-06,0.0003630229
L-BFGS-B,1743,3.8562104e-07,0.015181892,1.0220165e-06,0.00036296452
L-BFGS-B,1744,3.8584326e-07,0.015172657,1.0214309e-06,0.00036281766
L-BFGS-B,1745,3.8552218e-07,0.015107146,1.0260078e-06,0.00036280096
L-BFGS-B,1746,3.8542544e-07,0.015121655,1.0232287e-06,0.00036251466
L-BFGS-B,1747,3.8458322e-07,0.015113633,1.0235617e-06,0.00036235806
L-BFGS-B,1748,3.8416283e-07,0.015088959,1.0246184e-06,0.00036220677
L-BFGS-B,1749,3.8375921e-07,0.015058702,1.0263815e-06,0.0003621081
L-BFGS-B,1750,3.844122e-07,0.0150246145,1.0272669e-06,0.00036199798
L-BFGS-B,1751,3.838326e-07,0.015017158,1.0274455e-06,0.0003618633
L-BFGS-B,1752,3.8670845e-07,0.015055348,1.0211262e-06,0.00036172866
L-BFGS-B,1753,3.8525783e-07,0.015055299,1.0216177e-06,0.0003615843
L-BFGS-B,1754,3.8457696e-07,0.01507143,1.0203178e-06,0.0003614485
L-BFGS-B,1755,3.8418014e-07,0.015076212,1.0186875e-06,0.00036119227
L-BFGS-B,1756,3.8401276e-07,0.015114286,1.0142003e-06,0.0003608748
L-BFGS-B,1757,3.908933e-07,0.015360126,1.0109776e-06,0.00036388187
L-BFGS-B,1758,3.8458865e-07,0.015129319,1.0116743e-06,0.0003607326
L-BFGS-B,1759,3.8491268e-07,0.015148726,1.0079273e-06,0.00036041325
L-BFGS-B,1760,3.8678454e-07,0.015195558,9.995581e-07,0.000359907
L-BFGS-B,1761,4.7542576e-07,0.018976185,1.0179992e-06,0.0004137756
L-BFGS-B,1762,3.868077e-07,0.015228737,9.967943e-07,0.00035982765
L-BFGS-B,1763,3.8662014e-07,0.015224471,9.95035e-07,0.00035949296
L-BFGS-B,1764,3.8752876e-07,0.015252401,9.907117e-07,0.00035926007
L-BFGS-B,1765,3.8605208e-07,0.015208048,9.936509e-07,0.00035903594
L-BFGS-B,1766,3.860929e-07,0.0152156465,9.922711e-07,0.00035891106
L-BFGS-B,1767,3.864247e-07,0.015287912,9.862797e-07,0.00035878478
L-BFGS-B,1768,3.8629796e-07,0.0152393095,9.889591e-07,0.00035868166
L-BFGS-B,1769,3.859423e-07,0.01523825,9.890065e-07,0.0003586248
L-BFGS-B,1770,3.863132e-07,0.015226692,9.887159e-07,0.0003585213
L-BFGS-B,1771,4.1604085e-07,0.016677173,9.946702e-07,0.00037837838
L-BFGS-B,1772,3.863232e-07,0.01523646,9.878681e-07,0.0003584933
L-BFGS-B,1773,3.8699093e-07,0.015246738,9.85925e-07,0.00035840477
L-BFGS-B,1774,3.8822532e-07,0.015254286,9.835877e-07,0.0003583148
L-BFGS-B,1775,3.886685e-07,0.015262814,9.821657e-07,0.00035825325
L-BFGS-B,1776,3.8905847e-07,0.015261137,9.81546e-07,0.00035820203
L-BFGS-B,1777,3.908851e-07,0.015370711,9.757014e-07,0.00035869508
L-BFGS-B,1778,3.8917324e-07,0.015275853,9.80297e-07,0.00035817907
L-BFGS-B,1779,3.889612e-07,0.015295607,9.780845e-07,0.0003580129
L-BFGS-B,1780,3.8838215e-07,0.015287215,9.784433e-07,0.00035789597
L-BFGS-B,1781,3.8709535e-07,0.015307631,9.77006e-07,0.00035769152
L-BFGS-B,1782,3.8666886e-07,0.015303155,9.769672e-07,0.00035757694
L-BFGS-B,1783,3.8680244e-07,0.01531042,9.759743e-07,0.0003575207
L-BFGS-B,1784,3.87271e-07,0.015323414,9.740837e-07,0.00035743735
L-BFGS-B,1785,3.8760717e-07,0.015335006,9.72279e-07,0.000357333
L-BFGS-B,1786,3.8849456e-07,0.015347979,9.69225e-07,0.0003571377
L-BFGS-B,1787,3.8874086e-07,0.015384841,9.651418e-07,0.0003569308
L-BFGS-B,1788,4.271051e-07,0.016733186,1.0412383e-06,0.0003875834
L-BFGS-B,1789,3.8851073e-07,0.015390213,9.645155e-07,0.00035685604
L-BFGS-B,1790,3.8788238e-07,0.015386905,9.635534e-07,0.00035658438
L-BFGS-B,1791,3.8492587e-07,0.015403581,9.630156e-07,0.00035622704
L-BFGS-B,1792,3.8387583e-07,0.015415262,9.632831e-07,0.00035622646
L-BFGS-B,1793,3.842988e-07,0.015406783,9.626378e-07,0.0003561083
L-BFGS-B,1794,3.830251e-07,0.015421646,9.617986e-07,0.00035594002
L-BFGS-B,1795,3.8025522e-07,0.0154562425,9.598949e-07,0.00035558495
L-BFGS-B,1796,3.7868642e-07,0.015505437,9.558225e-07,0.0003552307
L-BFGS-B,1797,3.7696398e-07,0.015550068,9.529693e-07,0.00035499065
L-BFGS-B,1798,3.7694113e-07,0.015568683,9.500403e-07,0.00035473402
L-BFGS-B,1799,3.755689e-07,0.0155222295,9.620835e-07,0.00035587017
L-BFGS-B,1800,3.7631995e-07,0.015544647,9.5161494e-07,0.0003546367
L-BFGS-B,1801,3.7787433e-07,0.015517475,9.503066e-07,0.00035440188
L-BFGS-B,1802,3.7798014e-07,0.015415972,9.551111e-07,0.00035412342
L-BFGS-B,1803,3.781369e-07,0.015450932,9.490753e-07,0.00035359114
L-BFGS-B,1804,3.7866377e-07,0.01554576,9.3949683e-07,0.0003531817
L-BFGS-B,1805,3.7755282e-07,0.015577212,9.3694376e-07,0.0003529466
L-BFGS-B,1806,3.771211e-07,0.0155834295,9.351496e-07,0.00035267492
L-BFGS-B,1807,3.7814175e-07,0.01557982,9.331313e-07,0.00035248915
L-BFGS-B,1808,3.773415e-07,0.015603173,9.3075704e-07,0.0003522465
L-BFGS-B,1809,3.7699817e-07,0.015621746,9.289126e-07,0.00035210408
L-BFGS-B,1810,3.7687278e-07,0.015631195,9.280172e-07,0.00035204543
L-BFGS-B,1811,3.7668306e-07,0.015625205,9.282602e-07,0.00035199354
L-BFGS-B,1812,3.763034e-07,0.015636135,9.274099e-07,0.00035191834
L-BFGS-B,1813,3.7610516e-07,0.015621842,9.2810757e-07,0.00035185032
L-BFGS-B,1814,3.76241e-07,0.015590289,9.297113e-07,0.00035179575
L-BFGS-B,1815,3.7627618e-07,0.015598868,9.2883056e-07,0.00035175466
L-BFGS-B,1816,3.783238e-07,0.015794463,9.1943065e-07,0.0003526078
L-BFGS-B,1817,3.764024e-07,0.015620145,9.271516e-07,0.00035173455
L-BFGS-B,1818,3.7520698e-07,0.015623575,9.273012e-07,0.000351612
L-BFGS-B,1819,3.7610573e-07,0.015634399,9.249752e-07,0.0003515061
L-BFGS-B,1820,3.7623008e-07,0.015651667,9.228536e-07,0.00035137922
L-BFGS-B,1821,3.7655585e-07,0.015643977,9.233343e-07,0.00035142328
L-BFGS-B,1822,3.7630733e-07,0.015645474,9.2278685e-07,0.00035131886
L-BFGS-B,1823,3.7610488e-07,0.015628785,9.2352616e-07,0.00035123248
L-BFGS-B,1824,3.760031e-07,0.015611456,9.242039e-07,0.00035114557
L-BFGS-B,1825,3.7586707e-07,0.015600796,9.245619e-07,0.0003510723
L-BFGS-B,1826,3.7607163e-07,0.015592299,9.2441076e-07,0.00035099534
L-BFGS-B,1827,3.7606384e-07,0.015600489,9.235956e-07,0.00035095378
L-BFGS-B,1828,3.7600392e-07,0.015610868,9.2270915e-07,0.00035091565
L-BFGS-B,1829,3.7590544e-07,0.015613515,9.223033e-07,0.00035086647
L-BFGS-B,1830,3.7526948e-07,0.01561199,9.223024e-07,0.0003507557
L-BFGS-B,1831,3.7948152e-07,0.015637165,9.263501e-07,0.0003522464
L-BFGS-B,1832,3.753885e-07,0.015598168,9.222832e-07,0.0003506324
L-BFGS-B,1833,3.7446196e-07,0.015553746,9.2482423e-07,0.0003504304
L-BFGS-B,1834,3.7338822e-07,0.0153886285,9.340391e-07,0.0003500004
L-BFGS-B,1835,3.729819e-07,0.015333423,9.369806e-07,0.0003498286
L-BFGS-B,1836,3.729406e-07,0.01525842,9.4070066e-07,0.00034963037
L-BFGS-B,1837,3.7257558e-07,0.015230974,9.42338e-07,0.00034954678
L-BFGS-B,1838,3.7274782e-07,0.01522656,9.420483e-07,0.00034948502
L-BFGS-B,1839,3.7221332e-07,0.015237241,9.41591e-07,0.00034944306
L-BFGS-B,1840,3.7195375e-07,0.015253195,9.405451e-07,0.00034940676
L-BFGS-B,1841,3.716182e-07,0.015268728,9.3954276e-07,0.00034936142
L-BFGS-B,1842,3.7169184e-07,0.015279442,9.3810013e-07,0.0003492632
L-BFGS-B,1843,3.7189793e-07,0.0152688855,9.377689e-07,0.00034913886
L-BFGS-B,1844,3.7245889e-07,0.015233911,9.3824497e-07,0.00034894468
L-BFGS-B,1845,3.729515e-07,0.015210902,9.3833205e-07,0.00034880155
L-BFGS-B,1846,3.7369745e-07,0.015208891,9.3695274e-07,0.00034868642
L-BFGS-B,1847,3.7905446e-07,0.0152972555,9.3632957e-07,0.00035028017
L-BFGS-B,1848,3.7407804e-07,0.015207157,9.36545e-07,0.000348665
L-BFGS-B,1849,3.7468922e-07,0.015217062,9.34686e-07,0.0003485769
L-BFGS-B,1850,3.7502934e-07,0.015245887,9.3194683e-07,0.0003485053
L-BFGS-B,1851,3.744544e-07,0.015267048,9.306428e-07,0.00034843507
L-BFGS-B,1852,3.7526738e-07,0.015262519,9.293238e-07,0.0003483139
L-BFGS-B,1853,3.750153e-07,0.015258108,9.2928565e-07,0.00034822623
L-BFGS-B,1854,3.7487098e-07,0.015258477,9.289635e-07,0.00034815993
L-BFGS-B,1855,3.7475897e-07,0.015273986,9.2754937e-07,0.00034808612
L-BFGS-B,1856,3.747843e-07,0.015281048,9.264423e-07,0.00034799444
L-BFGS-B,1857,3.7544243e-07,0.015300621,9.239494e-07,0.000347915
L-BFGS-B,1858,3.7571053e-07,0.015288575,9.239149e-07,0.00034782954
L-BFGS-B,1859,3.760548e-07,0.015281389,9.237737e-07,0.00034778815
L-BFGS-B,1860,3.7621837e-07,0.015426153,9.619773e-07,0.0003549909
L-BFGS-B,1861,3.7576496e-07,0.0152776865,9.24272e-07,0.0003477824
L-BFGS-B,1862,3.7561853e-07,0.015235199,9.266402e-07,0.0003476908
L-BFGS-B,1863,5.0542684e-07,0.022860803,1.1478376e-06,0.0004765977
L-BFGS-B,1864,3.76218e-07,0.015230586,9.2560754e-07,0.00034757968
L-BFGS-B,1865,3.7527093e-07,0.015203951,9.2692426e-07,0.00034736877
L-BFGS-B,1866,3.7403004e-07,0.015213179,9.2613305e-07,0.00034715625
L-BFGS-B,1867,3.733977e-07,0.015240478,9.235999e-07,0.00034695442
L-BFGS-B,1868,3.717975e-07,0.015301216,9.2148593e-07,0.00034700468
L-BFGS-B,1869,3.7256441e-07,0.015259871,9.2242914e-07,0.00034684775
L-BFGS-B,1870,3.722735e-07,0.015292008,9.196801e-07,0.00034671312
L-BFGS-B,1871,3.722868e-07,0.015280024,9.198829e-07,0.0003466257
L-BFGS-B,1872,3.7149977e-07,0.0152717875,9.2028745e-07,0.00034648593
L-BFGS-B,1873,3.7186743e-07,0.015277571,9.191503e-07,0.00034642837
L-BFGS-B,1874,3.7122274e-07,0.015255141,9.205124e-07,0.00034631166
L-BFGS-B,1875,3.708187e-07,0.015266798,9.1938745e-07,0.0003461989
L-BFGS-B,1876,3.710829e-07,0.015293391,9.167166e-07,0.00034610386
L-BFGS-B,1877,3.7190068e-07,0.015313407,9.140409e-07,0.0003460253
L-BFGS-B,1878,3.7215966e-07,0.015328102,9.12349e-07,0.00034595732
L-BFGS-B,1879,3.72328e-07,0.015337235,9.1109666e-07,0.00034588604
L-BFGS-B,1880,3.7187252e-07,0.015350694,9.101702e-07,0.00034581334
L-BFGS-B,1881,3.733869e-07,0.015342036,9.105673e-07,0.0003460135
L-BFGS-B,1882,3.7218064e-07,0.01534675,9.0998475e-07,0.0003457923
L-BFGS-B,1883,3.7143792e-07,0.015337357,9.110138e-07,0.00034574134
L-BFGS-B,1884,3.7120301e-07,0.015328935,9.1140123e-07,0.00034568
L-BFGS-B,1885,3.7110416e-07,0.01533013,9.1076987e-07,0.0003455824
L-BFGS-B,1886,3.7163338e-07,0.015359237,9.0906957e-07,0.0003456978
L-BFGS-B,1887,3.7114347e-07,0.015336836,9.100389e-07,0.0003455457
L-BFGS-B,1888,3.7149383e-07,0.015331346,9.096386e-07,0.0003454833
L-BFGS-B,1889,3.7235637e-07,0.015320885,9.0856565e-07,0.00034534716
L-BFGS-B,1890,3.729416e-07,0.015306304,9.087793e-07,0.0003453212
L-BFGS-B,1891,3.7254256e-07,0.015306495,9.0886226e-07,0.00034527568
L-BFGS-B,1892,3.7191006e-07,0.015307591,9.092261e-07,0.00034524634
L-BFGS-B,1893,3.7153453e-07,0.015313946,9.090052e-07,0.0003452204
L-BFGS-B,1894,3.7095134e-07,0.015322179,9.08862e-07,0.00034519378
L-BFGS-B,1895,3.71164e-07,0.015333243,9.0772585e-07,0.0003451659
L-BFGS-B,1896,3.713997e-07,0.015332062,9.0736523e-07,0.00034513534
L-BFGS-B,1897,3.7270365e-07,0.01534364,9.07273e-07,0.0003454329
L-BFGS-B,1898,3.7151264e-07,0.015330961,9.072076e-07,0.00034511765
L-BFGS-B,1899,3.7196364e-07,0.015308507,9.0797e-07,0.0003450751
L-BFGS-B,1900,3.7206573e-07,0.015289599,9.089697e-07,0.0003450513
L-BFGS-B,1901,3.7205598e-07,0.015264925,9.103498e-07,0.0003450101
L-BFGS-B,1902,3.7191728e-07,0.015249522,9.1127697e-07,0.00034497434
L-BFGS-B,1903,3.7154132e-07,0.015277268,9.1015386e-07,0.00034502696
L-BFGS-B,1904,3.7173288e-07,0.01525758,9.107809e-07,0.00034495286
L-BFGS-B,1905,3.7164625e-07,0.01527251,9.09544e-07,0.00034490364
L-BFGS-B,1906,3.7090737e-07,0.015302147,9.08081e-07,0.00034486974
L-BFGS-B,1907,3.7116493e-07,0.015314255,9.0635854e-07,0.00034477108
L-BFGS-B,1908,3.7136968e-07,0.015326585,9.0447423e-07,0.00034464244
L-BFGS-B,1909,3.71499e-07,0.015339544,9.024889e-07,0.0003444936
L-BFGS-B,1910,3.7148953e-07,0.015339214,9.0221016e-07,0.0003444471
L-BFGS-B,1911,3.711786e-07,0.015326321,9.027504e-07,0.00034435256
L-BFGS-B,1912,3.713386e-07,0.015308354,9.03462e-07,0.00034430364
L-BFGS-B,1913,3.7080395e-07,0.015295119,9.043232e-07,0.00034422026
L-BFGS-B,1914,3.707641e-07,0.015285656,9.0422134e-07,0.00034410437
L-BFGS-B,1915,3.6928358e-07,0.015275052,9.0721596e-07,0.00034422544
L-BFGS-B,1916,3.7015732e-07,0.015279077,9.0500254e-07,0.00034406476
L-BFGS-B,1917,3.699268e-07,0.015261723,9.0563634e-07,0.0003439517
L-BFGS-B,1918,3.699974e-07,0.015233048,9.0671756e-07,0.00034383772
L-BFGS-B,1919,3.7013797e-07,0.015206866,9.0768293e-07,0.0003437418
L-BFGS-B,1920,3.702603e-07,0.015176702,9.082364e-07,0.00034354153
L-BFGS-B,1921,3.7010858e-07,0.015077446,9.134977e-07,0.0003433154
L-BFGS-B,1922,3.8913214e-07,0.015018162,9.316847e-07,0.00034830417
L-BFGS-B,1923,3.717018e-07,0.015031555,9.140242e-07,0.00034317444
L-BFGS-B,1924,3.7116718e-07,0.01500374,9.1463914e-07,0.00034290834
L-BFGS-B,1925,3.7528267e-07,0.015054997,9.104313e-07,0.00034340704
L-BFGS-B,1926,3.71984e-07,0.015009418,9.1272466e-07,0.00034280046
L-BFGS-B,1927,3.712145e-07,0.014997885,9.1330423e-07,0.00034265665
L-BFGS-B,1928,3.705358e-07,0.015022198,9.1195517e-07,0.00034259562
L-BFGS-B,1929,3.703642e-07,0.015035659,9.107428e-07,0.00034252263
L-BFGS-B,1930,3.6868397e-07,0.0150579,9.110451e-07,0.00034253835
L-BFGS-B,1931,3.6949356e-07,0.015043119,9.107577e-07,0.00034246888
L-BFGS-B,1932,3.6999637e-07,0.015040309,9.1007496e-07,0.00034241378
L-BFGS-B,1933,3.703764e-07,0.015051914,9.086326e-07,0.0003423705
L-BFGS-B,1934,3.726386e-07,0.01506576,9.061838e-07,0.00034248095
L-BFGS-B,1935,3.7102336e-07,0.015053855,9.076584e-07,0.0003423408
L-BFGS-B,1936,3.7074463e-07,0.0150658,9.0681993e-07,0.0003422927
L-BFGS-B,1937,3.7000592e-07,0.015084403,9.0584274e-07,0.00034222132
L-BFGS-B,1938,3.6948725e-07,0.015093978,9.0544245e-07,0.00034217924
L-BFGS-B,1939,3.6851907e-07,0.015165649,9.0237603e-07,0.00034229073
L-BFGS-B,1940,3.6909302e-07,0.015114287,9.0429256e-07,0.0003421507
L-BFGS-B,1941,3.6875903e-07,0.015129432,9.0317064e-07,0.00034208375
L-BFGS-B,1942,3.6868693e-07,0.015127849,9.0309305e-07,0.00034204547
L-BFGS-B,1943,3.6853638e-07,0.015123819,9.030945e-07,0.0003419828
L-BFGS-B,1944,3.6827933e-07,0.015122993,9.030632e-07,0.0003419313
L-BFGS-B,1945,3.6797937e-07,0.015126965,9.027156e-07,0.0003418739
L-BFGS-B,1946,3.6781353e-07,0.015129167,9.023712e-07,0.00034181937
L-BFGS-B,1947,3.6804772e-07,0.015131516,9.0171727e-07,0.0003417799
L-BFGS-B,1948,3.682975e-07,0.015131647,9.013115e-07,0.0003417578
L-BFGS-B,1949,3.6867664e-07,0.015137261,9.0037446e-07,0.00034173025
L-BFGS-B,1950,3.6897768e-07,0.015147832,8.991082e-07,0.0003416912
L-BFGS-B,1951,3.6958647e-07,0.015196036,8.9590276e-07,0.00034178374
L-BFGS-B,1952,3.6909955e-07,0.015159903,8.980438e-07,0.00034167053
L-BFGS-B,1953,3.691729e-07,0.015177483,8.9656794e-07,0.00034163595
L-BFGS-B,1954,3.688647e-07,0.015186444,8.959985e-07,0.00034159393
L-BFGS-B,1955,3.6874314e-07,0.015197918,8.950893e-07,0.00034155403
L-BFGS-B,1956,3.686392e-07,0.015234508,8.9271816e-07,0.0003415487
L-BFGS-B,1957,3.6819995e-07,0.015226857,8.933577e-07,0.0003415022
L-BFGS-B,1958,3.6856915e-07,0.015210748,8.937822e-07,0.00034146017
L-BFGS-B,1959,3.687826e-07,0.015194096,8.9436804e-07,0.00034141354
L-BFGS-B,1960,3.6906806e-07,0.01517776,8.948764e-07,0.00034136928
L-BFGS-B,1961,3.6892828e-07,0.015157279,8.961325e-07,0.0003413319
L-BFGS-B,1962,3.6889935e-07,0.015158925,8.9567004e-07,0.00034127466
L-BFGS-B,1963,3.6887266e-07,0.015162807,8.9480335e-07,0.0003411795
L-BFGS-B,1964,3.6887113e-07,0.0151605625,8.9422355e-07,0.00034106983
L-BFGS-B,1965,3.6852384e-07,0.015180988,8.928392e-07,0.00034101433
L-BFGS-B,1966,3.8281513e-07,0.015442962,9.0296413e-07,0.00034729647
L-BFGS-B,1967,3.6886584e-07,0.015175505,8.9257185e-07,0.0003409707
L-BFGS-B,1968,3.6883748e-07,0.01516802,8.9267854e-07,0.0003409076
L-BFGS-B,1969,3.6856196e-07,0.015147463,8.9380217e-07,0.00034082925
L-BFGS-B,1970,3.6837523e-07,0.015137688,8.9443813e-07,0.00034079887
L-BFGS-B,1971,3.6764e-07,0.0150988465,8.9781344e-07,0.00034080647
L-BFGS-B,1972,3.6799236e-07,0.015117474,8.959111e-07,0.00034076025
L-BFGS-B,1973,3.6787586e-07,0.015107816,8.962782e-07,0.00034070126
L-BFGS-B,1974,3.6813896e-07,0.015092724,8.9630385e-07,0.00034059366
L-BFGS-B,1975,3.6796365e-07,0.015097526,8.9585365e-07,0.00034054788
L-BFGS-B,1976,3.688435e-07,0.0151154045,8.9339244e-07,0.00034048944
L-BFGS-B,1977,3.6861545e-07,0.015108292,8.934234e-07,0.00034038874
L-BFGS-B,1978,3.682464e-07,0.015119265,8.927533e-07,0.00034034258
L-BFGS-B,1979,3.6822235e-07,0.015129247,8.9180975e-07,0.0003402973
L-BFGS-B,1980,3.6845285e-07,0.015153722,8.893e-07,0.00034020015
L-BFGS-B,1981,3.685919e-07,0.015153199,8.8820127e-07,0.00034005096
L-BFGS-B,1982,3.6952636e-07,0.015188899,8.833857e-07,0.0003398258
L-BFGS-B,1983,3.7135555e-07,0.015171171,8.823966e-07,0.00033977453
L-BFGS-B,1984,3.6933764e-07,0.015161316,8.839791e-07,0.00033961068
L-BFGS-B,1985,3.6892575e-07,0.015174894,8.830565e-07,0.00033954627
L-BFGS-B,1986,3.6851162e-07,0.015188794,8.819755e-07,0.000339461
L-BFGS-B,1987,3.6837253e-07,0.01520643,8.805174e-07,0.00033939778
L-BFGS-B,1988,3.6881525e-07,0.01522334,8.7864527e-07,0.00033935247
L-BFGS-B,1989,3.686013e-07,0.015235983,8.778443e-07,0.00033932665
L-BFGS-B,1990,3.6852813e-07,0.015240668,8.775293e-07,0.00033931527
L-BFGS-B,1991,3.685929e-07,0.015248318,8.767979e-07,0.00033929182
L-BFGS-B,1992,3.6877486e-07,0.015249667,8.763688e-07,0.0003392682
L-BFGS-B,1993,3.692865e-07,0.015246704,8.758294e-07,0.00033923442
L-BFGS-B,1994,3.6982794e-07,0.015240995,8.7535204e-07,0.00033918695
L-BFGS-B,1995,3.704514e-07,0.015230259,8.751814e-07,0.00033914752
L-BFGS-B,1996,3.7068094e-07,0.015271941,8.726543e-07,0.0003392197
L-BFGS-B,1997,3.7045464e-07,0.015241525,8.7429976e-07,0.00033912843
L-BFGS-B,1998,3.7109723e-07,0.015222847,8.748405e-07,0.0003391191
L-BFGS-B,1999,3.7002434e-07,0.015207677,8.7628666e-07,0.00033902342
L-BFGS-B,2000,3.698079e-07,0.015203037,8.7648726e-07,0.00033897464
L-BFGS-B,2001,3.6923817e-07,0.01519274,8.770607e-07,0.00033887223
L-BFGS-B,2002,3.6837494e-07,0.015187071,8.7761975e-07,0.00033876993
L-BFGS-B,2003,3.718849e-07,0.015207566,9.0452e-07,0.00034353638
L-BFGS-B,2004,3.6763936e-07,0.015166504,8.7906926e-07,0.00033867132
L-BFGS-B,2005,3.66718e-07,0.015173624,8.785471e-07,0.00033852604
L-BFGS-B,2006,3.6532282e-07,0.015164306,8.78888e-07,0.0003382747
L-BFGS-B,2007,3.6894616e-07,0.015490557,8.993597e-07,0.00034515146
L-BFGS-B,2008,3.6486355e-07,0.015167615,8.793034e-07,0.00033830118
L-BFGS-B,2009,3.6514638e-07,0.01516455,8.789818e-07,0.0003382647
L-BFGS-B,2010,3.651129e-07,0.015169452,8.782408e-07,0.00033819757
L-BFGS-B,2011,3.6497707e-07,0.0151553955,8.789134e-07,0.0003381375
L-BFGS-B,2012,3.6540865e-07,0.015130845,8.79885e-07,0.00033810252
L-BFGS-B,2013,3.6636067e-07,0.015113182,8.7949667e-07,0.00033801043
L-BFGS-B,2014,3.6518796e-07,0.015083624,8.8205155e-07,0.00033792216
L-BFGS-B,2015,3.653065e-07,0.015070275,8.8247987e-07,0.0003378707
L-BFGS-B,2016,3.6572618e-07,0.015047876,8.832957e-07,0.00033783205
L-BFGS-B,2017,3.696147e-07,0.014949315,8.8897855e-07,0.00033828215
L-BFGS-B,2018,3.661779e-07,0.015027545,8.840803e-07,0.00033781416
L-BFGS-B,2019,3.6624937e-07,0.015017125,8.8453356e-07,0.0003377887
L-BFGS-B,2020,3.6643166e-07,0.015003036,8.85126e-07,0.00033776398
L-BFGS-B,2021,3.664376e-07,0.015004846,8.849016e-07,0.00033774934
L-BFGS-B,2022,3.6631081e-07,0.015015271,8.84195e-07,0.0003377286
L-BFGS-B,2023,3.6669903e-07,0.015016699,8.835436e-07,0.0003377034
L-BFGS-B,2024,3.6619022e-07,0.015029844,8.8297054e-07,0.00033767254
L-BFGS-B,2025,3.654968e-07,0.015033588,8.8315244e-07,0.00033763325
L-BFGS-B,2026,3.6523227e-07,0.01504322,8.8254205e-07,0.00033759835
L-BFGS-B,2027,3.650304e-07,0.015028752,8.834532e-07,0.00033756005
L-BFGS-B,2028,3.6501726e-07,0.015014453,8.8412605e-07,0.00033751602
L-BFGS-B,2029,3.6527538e-07,0.014972588,8.863222e-07,0.00033746552
L-BFGS-B,2030,3.651882e-07,0.014958167,8.86976e-07,0.0003374063
L-BFGS-B,2031,3.6449046e-07,0.014930551,8.8865016e-07,0.0003372766
L-BFGS-B,2032,3.663084e-07,0.0149042625,8.913582e-07,0.00033769262
L-BFGS-B,2033,3.6475564e-07,0.0149214575,8.887966e-07,0.00033724742
L-BFGS-B,2034,3.64372e-07,0.015101502,8.8381324e-07,0.0003382428
L-BFGS-B,2035,3.6460548e-07,0.014933409,8.880848e-07,0.0003372376
L-BFGS-B,2036,3.642338e-07,0.014927279,8.8849293e-07,0.0003371818
L-BFGS-B,2037,3.6364307e-07,0.014907341,8.8970035e-07,0.00033707492
L-BFGS-B,2038,3.6300457e-07,0.014951132,8.869541e-07,0.00033700513
L-BFGS-B,2039,3.633426e-07,0.014971966,8.843628e-07,0.00033687544
L-BFGS-B,2040,3.6384202e-07,0.014985749,8.82332e-07,0.0003367836
L-BFGS-B,2041,3.6449248e-07,0.015013148,8.7924985e-07,0.00033669284
L-BFGS-B,2042,3.643735e-07,0.015015839,8.7847656e-07,0.00033658592
L-BFGS-B,2043,3.642239e-07,0.015010463,8.783314e-07,0.0003364879
L-BFGS-B,2044,3.6356585e-07,0.014992091,8.795164e-07,0.00033638324
L-BFGS-B,2045,3.657484e-07,0.014990539,8.8389316e-07,0.00033735164
L-BFGS-B,2046,3.6357625e-07,0.014985923,8.79747e-07,0.00033635768
L-BFGS-B,2047,3.628152e-07,0.014970266,8.809604e-07,0.00033626897
L-BFGS-B,2048,3.6270666e-07,0.014972625,8.802572e-07,0.00033617084
L-BFGS-B,2049,3.6233885e-07,0.014972646,8.789105e-07,0.00033591385
L-BFGS-B,2050,3.6184093e-07,0.014971771,8.784915e-07,0.00033576757
L-BFGS-B,2051,3.6210844e-07,0.014927411,8.8012644e-07,0.00033560934
L-BFGS-B,2052,3.6270777e-07,0.015048525,8.728788e-07,0.00033582322
L-BFGS-B,2053,3.620387e-07,0.014965097,8.7670253e-07,0.00033546216
L-BFGS-B,2054,3.6228963e-07,0.015049575,8.7053274e-07,0.00033541908
L-BFGS-B,2055,3.6123802e-07,0.015044837,8.700577e-07,0.00033514271
L-BFGS-B,2056,3.6180592e-07,0.015080679,8.6684986e-07,0.00033510517
L-BFGS-B,2057,3.6130044e-07,0.015049889,8.684363e-07,0.00033495942
L-BFGS-B,2058,3.612319e-07,0.015049166,8.681516e-07,0.00033489917
L-BFGS-B,2059,3.611485e-07,0.015029199,8.688032e-07,0.00033478474
L-BFGS-B,2060,3.6066118e-07,0.015027684,8.68911e-07,0.00033471268
L-BFGS-B,2061,3.6144945e-07,0.015028411,8.6754704e-07,0.00033463357
L-BFGS-B,2062,3.6152795e-07,0.015060289,8.651798e-07,0.00033460904
L-BFGS-B,2063,3.612055e-07,0.015060852,8.65114e-07,0.00033455645
L-BFGS-B,2064,3.6063568e-07,0.015069702,8.647442e-07,0.000334504
L-BFGS-B,2065,3.6050687e-07,0.015066533,8.651012e-07,0.00033450656
L-BFGS-B,2066,3.605289e-07,0.015066089,8.64882e-07,0.0003344725
L-BFGS-B,2067,3.5965414e-07,0.015066887,8.6538796e-07,0.0003344252
L-BFGS-B,2068,3.5945996e-07,0.015088143,8.638666e-07,0.00033438043
L-BFGS-B,2069,3.5923512e-07,0.015061751,8.6565194e-07,0.00033435057
L-BFGS-B,2070,3.5919535e-07,0.0150713865,8.649441e-07,0.0003343348
L-BFGS-B,2071,3.597026e-07,0.015062269,8.648112e-07,0.00033429975
L-BFGS-B,2072,3.5933448e-07,0.015077306,8.639209e-07,0.0003342614
L-BFGS-B,2073,3.5922702e-07,0.015076955,8.638194e-07,0.00033422653
L-BFGS-B,2074,3.5936066e-07,0.015078512,8.6318755e-07,0.00033416736
L-BFGS-B,2075,3.596234e-07,0.015067545,8.634386e-07,0.00033413473
L-BFGS-B,2076,3.601571e-07,0.015064921,8.6281307e-07,0.00033409474
L-BFGS-B,2077,3.6057494e-07,0.015069742,8.6179307e-07,0.0003340526
L-BFGS-B,2078,3.609234e-07,0.015072456,8.6103955e-07,0.000334019
L-BFGS-B,2079,3.6090034e-07,0.01507098,8.610609e-07,0.000334004
L-BFGS-B,2080,3.6215738e-07,0.015078899,8.6035226e-07,0.00033416547
L-BFGS-B,2081,3.611265e-07,0.01507054,8.6069906e-07,0.00033397923
L-BFGS-B,2082,3.5966573e-07,0.015069423,8.623631e-07,0.00033399856
L-BFGS-B,2083,3.604512e-07,0.015068542,8.613217e-07,0.00033395138
L-BFGS-B,2084,3.6077216e-07,0.015070227,8.6048766e-07,0.00033389125
L-BFGS-B,2085,3.6027248e-07,0.015065146,8.6064904e-07,0.00033378968
L-BFGS-B,2086,3.5948472e-07,0.015062173,8.60593e-07,0.0003336334
L-BFGS-B,2087,3.5855106e-07,0.015062575,8.608319e-07,0.00033353321
L-BFGS-B,2088,3.5843055e-07,0.015059702,8.6029297e-07,0.00033340554
L-BFGS-B,2089,3.5822305e-07,0.015031189,8.6111817e-07,0.00033321307
L-BFGS-B,2090,3.5905595e-07,0.015019879,8.602728e-07,0.00033309808
L-BFGS-B,2091,3.5947014e-07,0.015003155,8.6042337e-07,0.00033301557
L-BFGS-B,2092,3.594787e-07,0.015004843,8.6026694e-07,0.00033301028
L-BFGS-B,2093,3.6021538e-07,0.014997017,8.59363e-07,0.0003329069
L-BFGS-B,2094,3.5978144e-07,0.015003153,8.58929e-07,0.0003328381
L-BFGS-B,2095,3.5828717e-07,0.015024673,8.582923e-07,0.00033273367
L-BFGS-B,2096,3.5821216e-07,0.015028147,8.5731705e-07,0.00033261086
L-BFGS-B,2097,3.5806036e-07,0.015028276,8.568345e-07,0.00033251697
L-BFGS-B,2098,3.5775545e-07,0.015010986,8.5759694e-07,0.00033241272
L-BFGS-B,2099,3.5745055e-07,0.0149896145,8.5881726e-07,0.0003323363
L-BFGS-B,2100,3.572572e-07,0.014968503,8.600169e-07,0.00033227616
L-BFGS-B,2101,3.5716863e-07,0.014960219,8.604853e-07,0.00033225026
L-BFGS-B,2102,3.57019e-07,0.014954461,8.6068803e-07,0.00033220067
L-BFGS-B,2103,3.568902e-07,0.014952604,8.602296e-07,0.000332094
L-BFGS-B,2104,3.5628346e-07,0.014931244,8.6168853e-07,0.00033200823
L-BFGS-B,2105,3.5623492e-07,0.01494427,8.599619e-07,0.00033187223
L-BFGS-B,2106,3.5606553e-07,0.014941431,8.592508e-07,0.00033171175
L-BFGS-B,2107,3.559832e-07,0.014909637,8.6099124e-07,0.0003316425
L-BFGS-B,2108,3.5586663e-07,0.014899292,8.615532e-07,0.0003316059
L-BFGS-B,2109,3.5604333e-07,0.014880402,8.623384e-07,0.00033156128
L-BFGS-B,2110,3.5619905e-07,0.01485099,8.6373177e-07,0.0003314995
L-BFGS-B,2111,3.5627338e-07,0.0148330685,8.644967e-07,0.00033144618
L-BFGS-B,2112,3.5580655e-07,0.014805864,8.661773e-07,0.00033135622
L-BFGS-B,2113,3.5526597e-07,0.014792789,8.669741e-07,0.0003312639
L-BFGS-B,2114,3.5530564e-07,0.014784839,8.673375e-07,0.00033124487
L-BFGS-B,2115,3.5468497e-07,0.014780637,8.6757746e-07,0.0003311457
L-BFGS-B,2116,3.5455e-07,0.01476699,8.6834086e-07,0.0003311035
L-BFGS-B,2117,3.556051e-07,0.014789485,8.65475e-07,0.00033105686
L-BFGS-B,2118,3.5460064e-07,0.014780201,8.662672e-07,0.00033093218
L-BFGS-B,2119,3.603142e-07,0.015203255,8.688955e-07,0.000336414
L-BFGS-B,2120,3.5469918e-07,0.01478309,8.6590194e-07,0.00033092106
L-BFGS-B,2121,3.539323e-07,0.014780226,8.664757e-07,0.00033086346
L-BFGS-B,2122,3.537434e-07,0.014787109,8.658456e-07,0.00033080945
L-BFGS-B,2123,3.5386407e-07,0.0147942975,8.6483794e-07,0.00033074827
L-BFGS-B,2124,3.5363314e-07,0.014792705,8.648191e-07,0.0003306949
L-BFGS-B,2125,3.5340088e-07,0.014795057,8.6449967e-07,0.00033063564
L-BFGS-B,2126,3.5364445e-07,0.014805728,8.6307284e-07,0.00033056486
L-BFGS-B,2127,3.53052e-07,0.014827565,8.619557e-07,0.0003305268
L-BFGS-B,2128,3.5343103e-07,0.014835543,8.605283e-07,0.00033044931
L-BFGS-B,2129,3.5370942e-07,0.014857997,8.5811706e-07,0.00033035394
L-BFGS-B,2130,3.5365326e-07,0.014905831,8.5408243e-07,0.00033021867
L-BFGS-B,2131,3.534979e-07,0.014946097,8.507401e-07,0.00033009666
L-BFGS-B,2132,3.5336606e-07,0.014977692,8.4788076e-07,0.00032996392
L-BFGS-B,2133,3.5332116e-07,0.014984466,8.471056e-07,0.00032990868
L-BFGS-B,2134,3.528324e-07,0.014970226,8.4835403e-07,0.00032988022
L-BFGS-B,2135,3.529385e-07,0.014959301,8.488667e-07,0.0003298638
L-BFGS-B,2136,3.526505e-07,0.014950623,8.495654e-07,0.00032983863
L-BFGS-B,2137,3.525291e-07,0.014951061,8.494485e-07,0.00032980723
L-BFGS-B,2138,3.5235914e-07,0.014959852,8.4884556e-07,0.00032977923
L-BFGS-B,2139,3.521262e-07,0.014966117,8.484731e-07,0.00032975106
L-BFGS-B,2140,3.5160636e-07,0.0149535965,8.496614e-07,0.00032972614
L-BFGS-B,2141,3.5178402e-07,0.014969768,8.480613e-07,0.00032967445
L-BFGS-B,2142,3.5197718e-07,0.014973051,8.472987e-07,0.0003296219
L-BFGS-B,2143,3.5249104e-07,0.014986116,8.4542614e-07,0.00032954873
L-BFGS-B,2144,3.5235445e-07,0.014946291,8.478127e-07,0.000329488
L-BFGS-B,2145,3.525842e-07,0.0149297295,8.483286e-07,0.00032943423
L-BFGS-B,2146,3.5246126e-07,0.0149245085,8.4841e-07,0.0003293758
L-BFGS-B,2147,3.5667247e-07,0.014855983,8.562131e-07,0.00033049265
L-BFGS-B,2148,3.5267982e-07,0.014913887,8.488314e-07,0.00032936555
L-BFGS-B,2149,3.5291603e-07,0.014916031,8.479817e-07,0.00032929497
L-BFGS-B,2150,3.5230468e-07,0.014914514,8.4836415e-07,0.00032924546
L-BFGS-B,2151,3.5239728e-07,0.014952097,8.45504e-07,0.00032920617
L-BFGS-B,2152,3.5278038e-07,0.014982719,8.4296533e-07,0.00032918906
L-BFGS-B,2153,3.5258418e-07,0.014974292,8.435321e-07,0.00032916036
L-BFGS-B,2154,3.526223e-07,0.014970332,8.4357663e-07,0.00032913318
L-BFGS-B,2155,3.5288406e-07,0.014977517,8.4252434e-07,0.00032908644
L-BFGS-B,2156,3.5329845e-07,0.014982503,8.415312e-07,0.00032904948
L-BFGS-B,2157,3.5383252e-07,0.014983776,8.406832e-07,0.0003290151
L-BFGS-B,2158,3.542913e-07,0.014975763,8.405659e-07,0.0003289862
L-BFGS-B,2159,3.60625e-07,0.015024793,8.417668e-07,0.0003306067
L-BFGS-B,2160,3.546497e-07,0.0149728,8.4026345e-07,0.00032896496
L-BFGS-B,2161,3.545166e-07,0.014967219,8.4057547e-07,0.00032893597
L-BFGS-B,2162,3.5472576e-07,0.014964255,8.420728e-07,0.0003291623
L-BFGS-B,2163,3.544762e-07,0.014964553,8.4066033e-07,0.000328916
L-BFGS-B,2164,3.5438637e-07,0.014958726,8.406984e-07,0.00032884997
L-BFGS-B,2165,3.5438774e-07,0.014954606,8.4061566e-07,0.00032879657
L-BFGS-B,2166,3.5445365e-07,0.014949028,8.3994314e-07,0.0003286498
L-BFGS-B,2167,3.545111e-07,0.01495427,8.389855e-07,0.00032856717
L-BFGS-B,2168,3.5483615e-07,0.014954099,8.3782606e-07,0.00032844034
L-BFGS-B,2169,3.546879e-07,0.01495259,8.373858e-07,0.00032833696
L-BFGS-B,2170,3.5570162e-07,0.014980154,8.361384e-07,0.00032857753
L-BFGS-B,2171,3.548912e-07,0.01495499,8.3673854e-07,0.00032829435
L-BFGS-B,2172,3.5523314e-07,0.014937737,8.366385e-07,0.0003281581
L-BFGS-B,2173,3.5480574e-07,0.014889639,8.3869554e-07,0.0003279216
L-BFGS-B,2174,3.54063e-07,0.014887078,8.3902734e-07,0.00032783434
L-BFGS-B,2175,3.5366023e-07,0.014894017,8.385515e-07,0.00032777194
L-BFGS-B,2176,3.5366165e-07,0.014887764,8.3867116e-07,0.00032772755
L-BFGS-B,2177,3.536699e-07,0.014881012,8.3883924e-07,0.0003276865
L-BFGS-B,2178,3.5239205e-07,0.014877251,8.400784e-07,0.00032764307
L-BFGS-B,2179,3.5284353e-07,0.014875791,8.394452e-07,0.0003276012
L-BFGS-B,2180,3.529835e-07,0.014904299,8.3668476e-07,0.00032749324
L-BFGS-B,2181,3.519135e-07,0.014908039,8.37107e-07,0.00032743346
L-BFGS-B,2182,3.5133598e-07,0.01491411,8.3688667e-07,0.0003273745
L-BFGS-B,2183,3.5068473e-07,0.014910952,8.374629e-07,0.00032733165
L-BFGS-B,2184,3.5029865e-07,0.01491645,8.371669e-07,0.00032728433
L-BFGS-B,2185,3.503688e-07,0.014917567,8.366526e-07,0.00032722886
L-BFGS-B,2186,3.504604e-07,0.014896189,8.367829e-07,0.00032704836
L-BFGS-B,2187,3.5072168e-07,0.014908573,8.355657e-07,0.00032702883
L-BFGS-B,2188,3.503051e-07,0.014891581,8.3657653e-07,0.00032694807
L-BFGS-B,2189,3.4986473e-07,0.014882352,8.373082e-07,0.00032689946
L-BFGS-B,2190,3.505122e-07,0.0149222175,8.483016e-07,0.00032904424
L-BFGS-B,2191,3.4973436e-07,0.014873659,8.37856e-07,0.00032687516
L-BFGS-B,2192,3.4891298e-07,0.014828676,8.425389e-07,0.00032700453
L-BFGS-B,2193,3.4937725e-07,0.014854202,8.39125e-07,0.00032681736
L-BFGS-B,2194,3.491755e-07,0.01485461,8.384135e-07,0.00032668444
L-BFGS-B,2195,3.4952657e-07,0.01487667,8.3547457e-07,0.00032651686
L-BFGS-B,2196,3.48999e-07,0.014856772,8.367575e-07,0.00032643118
L-BFGS-B,2197,3.4943452e-07,0.01484244,8.3671165e-07,0.00032634631
L-BFGS-B,2198,3.488122e-07,0.014804854,8.392547e-07,0.0003262586
L-BFGS-B,2199,3.4883425e-07,0.014768916,8.411269e-07,0.00032618333
L-BFGS-B,2200,3.4799282e-07,0.014739932,8.4349745e-07,0.00032612286
L-BFGS-B,2201,3.482207e-07,0.014719821,8.4417934e-07,0.0003260582
L-BFGS-B,2202,3.4812751e-07,0.0146956295,8.4523964e-07,0.00032596136
L-BFGS-B,2203,3.480942e-07,0.0146716535,8.4611617e-07,0.0003258481
L-BFGS-B,2204,3.4920578e-07,0.014644362,8.526933e-07,0.0003267285
L-BFGS-B,2205,3.4816213e-07,0.01466018,8.465396e-07,0.00032580705
L-BFGS-B,2206,3.481051e-07,0.014647642,8.470002e-07,0.00032574224
L-BFGS-B,2207,3.4794513e-07,0.014682047,8.4477625e-07,0.00032572867
L-BFGS-B,2208,3.478428e-07,0.01466764,8.45426e-07,0.00032566674
L-BFGS-B,2209,3.4777747e-07,0.014658949,8.4552886e-07,0.00032558542
L-BFGS-B,2210,3.4771082e-07,0.01466652,8.4429803e-07,0.00032546654
L-BFGS-B,2211,3.47789e-07,0.014685192,8.421241e-07,0.0003253389
L-BFGS-B,2212,3.466034e-07,0.014746981,8.391064e-07,0.00032532628
L-BFGS-B,2213,3.4741865e-07,0.01472214,8.393841e-07,0.0003252418
L-BFGS-B,2214,3.4748987e-07,0.014712102,8.397535e-07,0.0003252075
L-BFGS-B,2215,3.4713e-07,0.0147233065,8.390047e-07,0.0003251533
L-BFGS-B,2216,3.4699215e-07,0.014718572,8.3930394e-07,0.00032513012
L-BFGS-B,2217,3.4678928e-07,0.014718302,8.3941063e-07,0.000325113
L-BFGS-B,2218,3.466273e-07,0.014721431,8.392926e-07,0.0003251023
L-BFGS-B,2219,3.465659e-07,0.014720684,8.393089e-07,0.00032508804
L-BFGS-B,2220,3.4648053e-07,0.014719786,8.3933236e-07,0.0003250698
L-BFGS-B,2221,3.465055e-07,0.0147118075,8.397089e-07,0.0003250502
L-BFGS-B,2222,3.4633146e-07,0.014777393,8.369111e-07,0.0003252603
L-BFGS-B,2223,3.4646825e-07,0.014719264,8.392112e-07,0.00032504456
L-BFGS-B,2224,3.4658532e-07,0.014707881,8.3972157e-07,0.00032502483
L-BFGS-B,2225,3.4678268e-07,0.01469509,8.4014465e-07,0.00032499002
L-BFGS-B,2226,3.4677439e-07,0.014678766,8.4083206e-07,0.0003249286
L-BFGS-B,2227,3.4718397e-07,0.014685286,8.394155e-07,0.00032484278
L-BFGS-B,2228,3.4658163e-07,0.014688453,8.390148e-07,0.00032472398
L-BFGS-B,2229,3.4596377e-07,0.014731605,8.3554835e-07,0.00032454287
L-BFGS-B,2230,3.457955e-07,0.014750845,8.3525975e-07,0.00032466673
L-BFGS-B,2231,3.4585875e-07,0.01473422,8.3509656e-07,0.00032448547
L-BFGS-B,2232,3.4554532e-07,0.014771499,8.320755e-07,0.00032435812
L-BFGS-B,2233,3.4564533e-07,0.0147740105,8.308831e-07,0.00032421935
L-BFGS-B,2234,3.4566403e-07,0.014755037,8.309178e-07,0.00032403765
L-BFGS-B,2235,3.459826e-07,0.014745291,8.3039816e-07,0.00032391003
L-BFGS-B,2236,3.454688e-07,0.01471681,8.3164e-07,0.00032373442
L-BFGS-B,2237,3.45326e-07,0.014641813,8.357824e-07,0.00032358436
L-BFGS-B,2238,3.456239e-07,0.014615269,8.367621e-07,0.00032351058
L-BFGS-B,2239,3.4577386e-07,0.014608265,8.3665213e-07,0.00032344655
L-BFGS-B,2240,3.4601211e-07,0.014605996,8.362992e-07,0.00032340665
L-BFGS-B,2241,3.4603914e-07,0.01460475,8.360739e-07,0.00032336445
L-BFGS-B,2242,3.4598102e-07,0.014615922,8.3518756e-07,0.0003233345
L-BFGS-B,2243,3.4801658e-07,0.014579034,8.363873e-07,0.00032345095
L-BFGS-B,2244,3.4659337e-07,0.014600424,8.352837e-07,0.0003232858
L-BFGS-B,2245,3.4614715e-07,0.014573525,8.384097e-07,0.00032341876
L-BFGS-B,2246,3.4636767e-07,0.014589696,8.3598337e-07,0.0003232496
L-BFGS-B,2247,3.4644634e-07,0.014572706,8.367254e-07,0.0003232028
L-BFGS-B,2248,3.4578116e-07,0.014487396,8.471846e-07,0.00032381882
L-BFGS-B,2249,3.4609914e-07,0.014544404,8.386191e-07,0.00032315176
L-BFGS-B,2250,3.4631825e-07,0.014513367,8.398929e-07,0.00032306532
L-BFGS-B,2251,3.4649017e-07,0.014485796,8.4088265e-07,0.00032296387
L-BFGS-B,2252,3.4678922e-07,0.014456775,8.413395e-07,0.00032278706
L-BFGS-B,2253,3.4693144e-07,0.014434174,8.4118466e-07,0.00032255915
L-BFGS-B,2254,3.4699934e-07,0.014508575,8.4363614e-07,0.00032368107
L-BFGS-B,2255,3.4667576e-07,0.014439369,8.407179e-07,0.00032250272
L-BFGS-B,2256,3.4728282e-07,0.014390863,8.422084e-07,0.00032233231
L-BFGS-B,2257,3.4639697e-07,0.014386632,8.4232965e-07,0.00032217533
L-BFGS-B,2258,3.464126e-07,0.01442011,8.39408e-07,0.0003220742
L-BFGS-B,2259,3.4614646e-07,0.014408041,8.395441e-07,0.000321934
L-BFGS-B,2260,3.4576934e-07,0.01438361,8.4014033e-07,0.00032172256
L-BFGS-B,2261,3.4650085e-07,0.014363882,8.398417e-07,0.0003215902
L-BFGS-B,2262,3.456094e-07,0.014346215,8.4166567e-07,0.00032155344
L-BFGS-B,2263,3.4604258e-07,0.014349128,8.4043694e-07,0.00032146322
L-BFGS-B,2264,3.460093e-07,0.014339475,8.408931e-07,0.0003214301
L-BFGS-B,2265,3.4599807e-07,0.014330723,8.4096655e-07,0.00032135192
L-BFGS-B,2266,3.4649884e-07,0.014296438,8.424774e-07,0.00032131083
L-BFGS-B,2267,3.460968e-07,0.014307688,8.414315e-07,0.0003212061
L-BFGS-B,2268,3.4642713e-07,0.014314114,8.3992427e-07,0.00032109383
L-BFGS-B,2269,3.4707924e-07,0.01431672,8.382847e-07,0.00032097177
L-BFGS-B,2270,3.4880884e-07,0.014279391,8.388984e-07,0.00032095
L-BFGS-B,2271,3.477917e-07,0.01429428,8.3845896e-07,0.00032088038
L-BFGS-B,2272,3.4928917e-07,0.014271147,8.379719e-07,0.00032080064
L-BFGS-B,2273,3.487923e-07,0.01426379,8.387846e-07,0.00032077444
L-BFGS-B,2274,3.491367e-07,0.014263998,8.3836574e-07,0.00032076534
L-BFGS-B,2275,3.4889342e-07,0.014264047,8.384238e-07,0.00032073804
L-BFGS-B,2276,3.4877e-07,0.014266932,8.382277e-07,0.00032071897
L-BFGS-B,2277,3.4864698e-07,0.014272917,8.3770897e-07,0.00032068256
L-BFGS-B,2278,3.481523e-07,0.014297305,8.3652367e-07,0.00032067444
L-BFGS-B,2279,3.483485e-07,0.014300235,8.357731e-07,0.0003206206
L-BFGS-B,2280,3.4883757e-07,0.014279761,8.364773e-07,0.00032059482
L-BFGS-B,2281,3.4898204e-07,0.014267995,8.36964e-07,0.00032057182
L-BFGS-B,2282,3.4899335e-07,0.014256448,8.375811e-07,0.00032055064
L-BFGS-B,2283,3.4918526e-07,0.0142513355,8.3777434e-07,0.00032055727
L-BFGS-B,2284,3.490528e-07,0.014253067,8.375917e-07,0.00032052735
L-BFGS-B,2285,3.4867543e-07,0.014249153,8.3797016e-07,0.00032048835
L-BFGS-B,2286,3.4812876e-07,0.0142456805,8.384722e-07,0.00032044697
L-BFGS-B,2287,3.475232e-07,0.014226601,8.399767e-07,0.000320391
L-BFGS-B,2288,3.47077e-07,0.014215975,8.407185e-07,0.00032032907
L-BFGS-B,2289,3.465574e-07,0.014187377,8.424994e-07,0.0003202323
L-BFGS-B,2290,3.4537788e-07,0.014114149,8.495124e-07,0.00032037502
L-BFGS-B,2291,3.4601206e-07,0.014156188,8.446963e-07,0.00032016812
L-BFGS-B,2292,3.4591312e-07,0.014150023,8.446467e-07,0.00032008422
L-BFGS-B,2293,3.463696e-07,0.014152116,8.434796e-07,0.00031999854
L-BFGS-B,2294,3.4653561e-07,0.014173822,8.4145375e-07,0.0003199366
L-BFGS-B,2295,3.4698314e-07,0.014202092,8.384906e-07,0.000319842
L-BFGS-B,2296,3.473141e-07,0.014235446,8.3522303e-07,0.00031973503
L-BFGS-B,2297,3.4734188e-07,0.014246406,8.341975e-07,0.00031969498
L-BFGS-B,2298,3.474245e-07,0.014259671,8.3232777e-07,0.00031955953
L-BFGS-B,2299,3.465293e-07,0.014234732,8.341526e-07,0.0003194496
L-BFGS-B,2300,3.4604014e-07,0.014234295,8.3366587e-07,0.00031929885
L-BFGS-B,2301,3.456965e-07,0.014229359,8.331769e-07,0.0003191246
L-BFGS-B,2302,3.4570937e-07,0.014242082,8.310443e-07,0.00031893386
L-BFGS-B,2303,3.4542765e-07,0.014266274,8.2849044e-07,0.00031875045
L-BFGS-B,2304,3.5092364e-07,0.014626482,8.207309e-07,0.000322013
L-BFGS-B,2305,3.456817e-07,0.014282605,8.2691696e-07,0.00031871584
L-BFGS-B,2306,3.4593097e-07,0.014284033,8.256387e-07,0.00031857577
L-BFGS-B,2307,3.4451128e-07,0.014290283,8.2624456e-07,0.00031851622
L-BFGS-B,2308,3.4513954e-07,0.014273459,8.260925e-07,0.0003184194
L-BFGS-B,2309,3.4541063e-07,0.014257204,8.2716645e-07,0.0003184586
L-BFGS-B,2310,3.451962e-07,0.014263392,8.264442e-07,0.00031837999
L-BFGS-B,2311,3.449639e-07,0.0142544955,8.269475e-07,0.00031833167
L-BFGS-B,2312,3.44416e-07,0.014258112,8.269002e-07,0.00031827856
L-BFGS-B,2313,3.4451668e-07,0.0142415045,8.2767895e-07,0.0003182444
L-BFGS-B,2314,3.445949e-07,0.014245992,8.271175e-07,0.00031821677
L-BFGS-B,2315,3.4459214e-07,0.014260476,8.257664e-07,0.00031815853
L-BFGS-B,2316,3.4583334e-07,0.014281794,8.237616e-07,0.0003182572
L-BFGS-B,2317,3.44853e-07,0.014264361,8.251445e-07,0.00031814323
L-BFGS-B,2318,3.4410144e-07,0.014270504,8.250972e-07,0.00031808484
L-BFGS-B,2319,3.429912e-07,0.014279545,8.247923e-07,0.000317963
L-BFGS-B,2320,3.4158927e-07,0.014260227,8.268481e-07,0.00031786787
L-BFGS-B,2321,3.4095555e-07,0.014231336,8.283942e-07,0.0003177158
L-BFGS-B,2322,3.396623e-07,0.01422083,8.298187e-07,0.00031763045
L-BFGS-B,2323,3.4033621e-07,0.014178178,8.3150974e-07,0.00031755868
L-BFGS-B,2324,3.4118014e-07,0.014198474,8.285659e-07,0.00031744665
L-BFGS-B,2325,3.4066002e-07,0.014198923,8.287802e-07,0.00031740527
L-BFGS-B,2326,3.397042e-07,0.014198334,8.2949117e-07,0.00031736266
L-BFGS-B,2327,3.3868275e-07,0.01410635,8.418214e-07,0.00031813912
L-BFGS-B,2328,3.3938562e-07,0.014172084,8.311994e-07,0.0003173086
L-BFGS-B,2329,3.395425e-07,0.014160279,8.3096245e-07,0.00031717855
L-BFGS-B,2330,3.3929823e-07,0.014126892,8.319449e-07,0.00031695538
L-BFGS-B,2331,3.389943e-07,0.014092809,8.3386277e-07,0.00031685666
L-BFGS-B,2332,3.383139e-07,0.014077066,8.351339e-07,0.00031678783
L-BFGS-B,2333,3.3805986e-07,0.014070834,8.354378e-07,0.00031673297
L-BFGS-B,2334,3.378718e-07,0.014067111,8.3510224e-07,0.0003166172
L-BFGS-B,2335,3.3708454e-07,0.014048949,8.362732e-07,0.00031649315
L-BFGS-B,2336,3.4428516e-07,0.015241396,8.950584e-07,0.0003383155
L-BFGS-B,2337,3.363617e-07,0.014063796,8.357713e-07,0.0003164579
L-BFGS-B,2338,3.3698944e-07,0.014029353,8.3648564e-07,0.0003163148
L-BFGS-B,2339,3.3710137e-07,0.014006682,8.3654504e-07,0.00031611376
L-BFGS-B,2340,3.3810716e-07,0.014030092,8.3421634e-07,0.00031614944
L-BFGS-B,2341,3.3742415e-07,0.014014343,8.353169e-07,0.0003160546
L-BFGS-B,2342,3.3530864e-07,0.014039352,8.421891e-07,0.0003170182
L-BFGS-B,2343,3.3671188e-07,0.014008697,8.357487e-07,0.00031595604
L-BFGS-B,2344,3.362578e-07,0.014007188,8.358965e-07,0.000315895
L-BFGS-B,2345,3.3571277e-07,0.014003475,8.361482e-07,0.0003158139
L-BFGS-B,2346,3.3515988e-07,0.013998975,8.3660296e-07,0.00031575418
L-BFGS-B,2347,3.3486248e-07,0.013989382,8.370542e-07,0.00031568133
L-BFGS-B,2348,3.3441788e-07,0.013980415,8.3767003e-07,0.00031561733
L-BFGS-B,2349,3.3447833e-07,0.013979185,8.3720823e-07,0.00031554484
L-BFGS-B,2350,3.3464025e-07,0.013980179,8.365646e-07,0.00031548252
L-BFGS-B,2351,3.3475808e-07,0.014000757,8.3527067e-07,0.0003155119
L-BFGS-B,2352,3.346598e-07,0.013986592,8.3596984e-07,0.00031546038
L-BFGS-B,2353,3.3449933e-07,0.013977317,8.364999e-07,0.00031542307
L-BFGS-B,2354,3.3449237e-07,0.013975785,8.3631977e-07,0.00031537967
L-BFGS-B,2355,3.3437712e-07,0.013977439,8.359138e-07,0.00031531803
L-BFGS-B,2356,3.3430527e-07,0.013984796,8.352415e-07,0.00031527996
L-BFGS-B,2357,3.3429964e-07,0.013984242,8.350616e-07,0.00031524658
L-BFGS-B,2358,3.3421094e-07,0.013995627,8.3415546e-07,0.00031521122
L-BFGS-B,2359,3.3414298e-07,0.0140087865,8.328998e-07,0.0003151443
L-BFGS-B,2360,3.341061e-07,0.0140321255,8.30785e-07,0.0003150549
L-BFGS-B,2361,3.3392638e-07,0.014059988,8.286593e-07,0.00031498773
L-BFGS-B,2362,3.3380576e-07,0.014064639,8.2816234e-07,0.0003149416
L-BFGS-B,2363,3.3349917e-07,0.0140685,8.2794594e-07,0.00031490176
L-BFGS-B,2364,3.332313e-07,0.014066782,8.279396e-07,0.00031484343
L-BFGS-B,2365,3.3314035e-07,0.0140625145,8.2803456e-07,0.00031480135
L-BFGS-B,2366,3.3314268e-07,0.014058504,8.2801006e-07,0.00031475793
L-BFGS-B,2367,3.3305213e-07,0.014045809,8.286574e-07,0.0003147145
L-BFGS-B,2368,3.3432238e-07,0.014121026,8.230057e-07,0.00031480947
L-BFGS-B,2369,3.3345495e-07,0.014068113,8.26544e-07,0.00031468098
L-BFGS-B,2370,3.3362303e-07,0.014063048,8.263041e-07,0.00031461957
L-BFGS-B,2371,3.4333215e-07,0.014582343,8.4505604e-07,0.00032408166
L-BFGS-B,2372,3.3359768e-07,0.014068374,8.258778e-07,0.00031460507
L-BFGS-B,2373,3.3426085e-07,0.014057848,8.252877e-07,0.00031451078
L-BFGS-B,2374,3.3458738e-07,0.014033442,8.261119e-07,0.0003144393
L-BFGS-B,2375,3.6657502e-07,0.014963651,9.0440176e-07,0.000340283
L-BFGS-B,2376,3.3487981e-07,0.014024715,8.2618936e-07,0.00031440752
L-BFGS-B,2377,3.350463e-07,0.014011946,8.2616594e-07,0.0003143013
L-BFGS-B,2378,3.3527093e-07,0.014001597,8.2576605e-07,0.0003141715
L-BFGS-B,2379,3.3594776e-07,0.014005414,8.2344445e-07,0.00031396298
L-BFGS-B,2380,3.3568767e-07,0.013992569,8.2311044e-07,0.0003137454
L-BFGS-B,2381,3.3524216e-07,0.013950423,8.241181e-07,0.00031340827
L-BFGS-B,2382,3.3619204e-07,0.013922982,8.24456e-07,0.000313327
L-BFGS-B,2383,3.3509014e-07,0.013956856,8.226652e-07,0.00031323184
L-BFGS-B,2384,3.3431894e-07,0.013912791,8.2565896e-07,0.0003131246
L-BFGS-B,2385,3.3480373e-07,0.013928836,8.2365403e-07,0.00031305704
L-BFGS-B,2386,3.3461632e-07,0.013937737,8.226862e-07,0.00031297276
L-BFGS-B,2387,3.346356e-07,0.013955296,8.211786e-07,0.00031292508
L-BFGS-B,2388,3.344677e-07,0.013954645,8.212117e-07,0.00031289837
L-BFGS-B,2389,3.3444624e-07,0.0139603745,8.2072864e-07,0.00031287997
L-BFGS-B,2390,3.3444365e-07,0.013957034,8.2088724e-07,0.00031286996
L-BFGS-B,2391,3.345745e-07,0.013968765,8.1985604e-07,0.00031285224
L-BFGS-B,2392,3.3474612e-07,0.013960007,8.201316e-07,0.00031283172
L-BFGS-B,2393,3.349847e-07,0.013954045,8.2007114e-07,0.00031279883
L-BFGS-B,2394,3.3512998e-07,0.013949486,8.196688e-07,0.0003127147
L-BFGS-B,2395,3.3499123e-07,0.013950583,8.190474e-07,0.0003126116
L-BFGS-B,2396,3.3450362e-07,0.013948173,8.1897906e-07,0.00031250413
L-BFGS-B,2397,3.3361758e-07,0.0139534,8.190178e-07,0.0003124293
L-BFGS-B,2398,3.3297943e-07,0.013947134,8.197316e-07,0.000312378
L-BFGS-B,2399,3.3249714e-07,0.013939901,8.204244e-07,0.00031233724
L-BFGS-B,2400,3.3217347e-07,0.013929443,8.211587e-07,0.00031229426
L-BFGS-B,2401,3.3221787e-07,0.013919537,8.2147477e-07,0.00031224926
L-BFGS-B,2402,3.3248367e-07,0.013911318,8.2147733e-07,0.00031220732
L-BFGS-B,2403,3.3306864e-07,0.01390118,8.2125746e-07,0.0003121607
L-BFGS-B,2404,3.6415528e-07,0.015168306,9.2496634e-07,0.0003450513
L-BFGS-B,2405,3.3294154e-07,0.013900291,8.2136125e-07,0.0003121483
L-BFGS-B,2406,3.3340547e-07,0.01389738,8.208157e-07,0.00031210697
L-BFGS-B,2407,3.3367084e-07,0.013885021,8.209047e-07,0.00031203654
L-BFGS-B,2408,3.3423305e-07,0.013875397,8.2085035e-07,0.00031201646
L-BFGS-B,2409,3.3404262e-07,0.013852902,8.218542e-07,0.00031191355
L-BFGS-B,2410,3.3336352e-07,0.013866718,8.213656e-07,0.00031187653
L-BFGS-B,2411,3.3152568e-07,0.013803117,8.277934e-07,0.00031192903
L-BFGS-B,2412,3.325338e-07,0.013838945,8.237781e-07,0.00031183622
L-BFGS-B,2413,3.3333689e-07,0.013830473,8.2367944e-07,0.00031185715
L-BFGS-B,2414,3.328155e-07,0.013832841,8.2356286e-07,0.00031178514
L-BFGS-B,2415,3.3289632e-07,0.013819819,8.2369866e-07,0.0003116874
L-BFGS-B,2416,3.3198035e-07,0.013783787,8.2641736e-07,0.0003115975
L-BFGS-B,2417,3.3122086e-07,0.01374049,8.285278e-07,0.0003113672
L-BFGS-B,2418,3.3121785e-07,0.013729617,8.284664e-07,0.00031124882
L-BFGS-B,2419,3.309082e-07,0.013719731,8.284014e-07,0.00031109375
L-BFGS-B,2420,3.309404e-07,0.013674783,8.303358e-07,0.00031093924
L-BFGS-B,2421,3.293272e-07,0.013586318,8.3768924e-07,0.00031091564
L-BFGS-B,2422,3.2998722e-07,0.013626263,8.339658e-07,0.00031085557
L-BFGS-B,2423,3.308343e-07,0.013576242,8.3592505e-07,0.00031077632
L-BFGS-B,2424,3.311763e-07,0.013574348,8.352208e-07,0.00031070306
L-BFGS-B,2425,3.307142e-07,0.013589555,8.3407406e-07,0.00031061377
L-BFGS-B,2426,3.3077538e-07,0.013608743,8.322963e-07,0.00031054817
L-BFGS-B,2427,3.3062676e-07,0.013617664,8.3154475e-07,0.00031050236
L-BFGS-B,2428,3.3066652e-07,0.013647648,8.324956e-07,0.0003109508
L-BFGS-B,2429,3.3060508e-07,0.0136193875,8.3139497e-07,0.00031049387
L-BFGS-B,2430,3.3054718e-07,0.0136215305,8.311652e-07,0.00031047215
L-BFGS-B,2431,3.3052473e-07,0.013614506,8.31389e-07,0.0003104321
L-BFGS-B,2432,3.3055815e-07,0.013612696,8.311825e-07,0.00031038804
L-BFGS-B,2433,3.3079053e-07,0.013601357,8.313412e-07,0.00031033333
L-BFGS-B,2434,3.305821e-07,0.013593113,8.318594e-07,0.00031029736
L-BFGS-B,2435,3.307588e-07,0.013586153,8.3193555e-07,0.0003102657
L-BFGS-B,2436,3.3093707e-07,0.013581557,8.3181527e-07,0.00031022844
L-BFGS-B,2437,3.3091123e-07,0.013567286,8.32525e-07,0.00031018828
L-BFGS-B,2438,3.3067488e-07,0.013545959,8.3391166e-07,0.0003101476
L-BFGS-B,2439,3.30327e-07,0.013522114,8.3549764e-07,0.00031009485
L-BFGS-B,2440,3.3004008e-07,0.01347443,8.3916837e-07,0.0003101256
L-BFGS-B,2441,3.3020737e-07,0.01350227,8.3679765e-07,0.00031007346
L-BFGS-B,2442,3.2977394e-07,0.013509115,8.3650514e-07,0.000310033
L-BFGS-B,2443,3.296714e-07,0.013514403,8.3604453e-07,0.00031000143
L-BFGS-B,2444,3.2904148e-07,0.013514766,8.362479e-07,0.00030994107
L-BFGS-B,2445,3.3024568e-07,0.013584862,8.3051305e-07,0.00030996243
L-BFGS-B,2446,3.2951252e-07,0.013542333,8.337863e-07,0.00030991813
L-BFGS-B,2447,3.2866745e-07,0.013573369,8.328511e-07,0.00030996144
L-BFGS-B,2448,3.2921116e-07,0.013551581,8.3338364e-07,0.00030990504
L-BFGS-B,2449,3.2762208e-07,0.013483188,8.400778e-07,0.00030998688
L-BFGS-B,2450,3.285694e-07,0.013525415,8.3555506e-07,0.00030987282
L-BFGS-B,2451,3.2841945e-07,0.013538131,8.34661e-07,0.00030984337
L-BFGS-B,2452,3.286545e-07,0.01354685,8.33572e-07,0.00030980248
L-BFGS-B,2453,3.2850835e-07,0.013549587,8.333102e-07,0.00030976866
L-BFGS-B,2454,3.2798079e-07,0.013540584,8.339764e-07,0.0003096994
L-BFGS-B,2455,3.2755202e-07,0.01353106,8.347601e-07,0.00030965742
L-BFGS-B,2456,3.272274e-07,0.013534426,8.343481e-07,0.0003095806
L-BFGS-B,2457,3.2615293e-07,0.013513301,8.3631807e-07,0.00030950364
L-BFGS-B,2458,3.2593059e-07,0.01351428,8.359429e-07,0.00030942383
L-BFGS-B,2459,3.2545182e-07,0.0135243,8.3543983e-07,0.00030937674
L-BFGS-B,2460,3.2549e-07,0.013538663,8.3425005e-07,0.00030934764
L-BFGS-B,2461,3.305089e-07,0.013788967,8.2745873e-07,0.00031158482
L-BFGS-B,2462,3.2563457e-07,0.013543739,8.337174e-07,0.0003093402
L-BFGS-B,2463,3.2549005e-07,0.013539086,8.3401966e-07,0.0003093173
L-BFGS-B,2464,3.2534052e-07,0.013533391,8.343916e-07,0.00030929374
L-BFGS-B,2465,3.2546077e-07,0.013538091,8.338484e-07,0.00030927727
L-BFGS-B,2466,3.254312e-07,0.013541164,8.335794e-07,0.00030926324
L-BFGS-B,2467,3.254108e-07,0.013540734,8.3350994e-07,0.00030924543
L-BFGS-B,2468,3.2518648e-07,0.013540318,8.336108e-07,0.00030922279
L-BFGS-B,2469,3.2513373e-07,0.013539588,8.335447e-07,0.00030919764
L-BFGS-B,2470,3.247425e-07,0.013541049,8.3359214e-07,0.00030916068
L-BFGS-B,2471,3.2471243e-07,0.013543676,8.3323056e-07,0.0003091282
L-BFGS-B,2472,3.247839e-07,0.013549943,8.325346e-07,0.00030909723
L-BFGS-B,2473,3.2521598e-07,0.013557941,8.3130294e-07,0.00030905724
L-BFGS-B,2474,3.4034932e-07,0.014458885,8.398744e-07,0.0003216224
L-BFGS-B,2475,3.2532932e-07,0.013574707,8.29935e-07,0.00030903672
L-BFGS-B,2476,3.2518338e-07,0.013574737,8.2985287e-07,0.00030900282
L-BFGS-B,2477,3.2523977e-07,0.013554818,8.3070614e-07,0.00030894007
L-BFGS-B,2478,3.2470302e-07,0.013719069,8.332532e-07,0.0003108841
L-BFGS-B,2479,3.2491874e-07,0.013559002,8.3056227e-07,0.0003089122
L-BFGS-B,2480,3.2495737e-07,0.013556533,8.299968e-07,0.00030880846
L-BFGS-B,2481,3.2510118e-07,0.0135384435,8.334403e-07,0.00030916563
L-BFGS-B,2482,3.2492375e-07,0.01353849,8.306663e-07,0.00030872342
L-BFGS-B,2483,3.2511082e-07,0.0135210175,8.3136604e-07,0.0003086817
L-BFGS-B,2484,3.2502913e-07,0.01351517,8.316369e-07,0.0003086516
L-BFGS-B,2485,3.250034e-07,0.013512707,8.3173006e-07,0.0003086371
L-BFGS-B,2486,3.2473554e-07,0.013501292,8.325715e-07,0.000308609
L-BFGS-B,2487,3.249022e-07,0.013491863,8.3295805e-07,0.00030859766
L-BFGS-B,2488,3.2504647e-07,0.013478603,8.3356264e-07,0.00030857738
L-BFGS-B,2489,3.2517136e-07,0.013466393,8.3408054e-07,0.0003085517
L-BFGS-B,2490,3.2504175e-07,0.013458684,8.3444064e-07,0.00030850922
L-BFGS-B,2491,3.2479747e-07,0.013441885,8.355607e-07,0.00030847258
L-BFGS-B,2492,3.241542e-07,0.013452651,8.351574e-07,0.00030842324
L-BFGS-B,2493,3.245775e-07,0.013279837,8.64736e-07,0.00031119538
L-BFGS-B,2494,3.239438e-07,0.013422685,8.370949e-07,0.00030838265
L-BFGS-B,2495,3.237364e-07,0.013408184,8.378293e-07,0.00030831672
L-BFGS-B,2496,3.2345227e-07,0.013398547,8.3838313e-07,0.0003082608
L-BFGS-B,2497,3.2362198e-07,0.0134021435,8.378199e-07,0.00030823774
L-BFGS-B,2498,3.2326494e-07,0.013399233,8.380724e-07,0.00030819295
L-BFGS-B,2499,3.2309694e-07,0.013408182,8.374284e-07,0.0003081606
L-BFGS-B,2500,3.230183e-07,0.013425345,8.361181e-07,0.00030812388
L-BFGS-B,2501,3.2299903e-07,0.013438015,8.350888e-07,0.00030809332
L-BFGS-B,2502,3.2301975e-07,0.013448186,8.341633e-07,0.00030805933
L-BFGS-B,2503,3.2305766e-07,0.013449318,8.337162e-07,0.00030800927
L-BFGS-B,2504,3.2322947e-07,0.013527128,8.286048e-07,0.0003080464
L-BFGS-B,2505,3.2309265e-07,0.01347617,8.3176775e-07,0.00030799076
L-BFGS-B,2506,3.2490706e-07,0.01345341,8.3307293e-07,0.0003082311
L-BFGS-B,2507,3.2355314e-07,0.013464846,8.317567e-07,0.00030794492
L-BFGS-B,2508,3.2347376e-07,0.013455989,8.3227474e-07,0.00030792216
L-BFGS-B,2509,3.2359617e-07,0.013457914,8.318632e-07,0.00030789804
L-BFGS-B,2510,3.2315955e-07,0.0134559795,8.322285e-07,0.000307868
L-BFGS-B,2511,3.2289822e-07,0.013457157,8.322157e-07,0.00030783864
L-BFGS-B,2512,3.2242792e-07,0.013466165,8.31838e-07,0.00030780153
L-BFGS-B,2513,3.2201467e-07,0.0134722665,8.316228e-07,0.0003077683
L-BFGS-B,2514,3.2168342e-07,0.013489389,8.306206e-07,0.00030773948
L-BFGS-B,2515,3.2160816e-07,0.013493325,8.301624e-07,0.00030769885
L-BFGS-B,2516,3.2154142e-07,0.013495268,8.2971945e-07,0.0003076418
L-BFGS-B,2517,3.2203454e-07,0.013493582,8.287695e-07,0.00030755642
L-BFGS-B,2518,3.220833e-07,0.0134798065,8.30313e-07,0.00030765752
L-BFGS-B,2519,3.2202774e-07,0.0134885805,8.29033e-07,0.00030754492
L-BFGS-B,2520,3.2204852e-07,0.013490988,8.2859714e-07,0.0003075067
L-BFGS-B,2521,3.2248283e-07,0.013490941,8.278961e-07,0.00030746625
L-BFGS-B,2522,3.2269153e-07,0.0135050025,8.2652974e-07,0.00030743322
L-BFGS-B,2523,3.227561e-07,0.013504702,8.261678e-07,0.0003073856
L-BFGS-B,2524,3.2298757e-07,0.013505683,8.2556426e-07,0.00030733962
L-BFGS-B,2525,3.230505e-07,0.013515423,8.2467966e-07,0.00030731375
L-BFGS-B,2526,3.2303353e-07,0.013511287,8.2476924e-07,0.0003072833
L-BFGS-B,2527,3.228495e-07,0.013506978,8.250149e-07,0.00030724943
L-BFGS-B,2528,3.2271143e-07,0.013512067,8.2453926e-07,0.00030720828
L-BFGS-B,2529,3.2282688e-07,0.013527625,8.229335e-07,0.0003071403
L-BFGS-B,2530,3.2236463e-07,0.013523193,8.23579e-07,0.00030712347
L-BFGS-B,2531,3.225973e-07,0.013519403,8.2326284e-07,0.00030707306
L-BFGS-B,2532,3.2273198e-07,0.013527128,8.223428e-07,0.0003070325
L-BFGS-B,2533,3.2268406e-07,0.013540128,8.2133624e-07,0.00030700432
L-BFGS-B,2534,3.225373e-07,0.013550397,8.2071784e-07,0.00030699224
L-BFGS-B,2535,3.224077e-07,0.013562371,8.1996654e-07,0.00030697984
L-BFGS-B,2536,3.2219796e-07,0.013573803,8.1927385e-07,0.0003069588
L-BFGS-B,2537,3.2198042e-07,0.013593912,8.178057e-07,0.00030690705
L-BFGS-B,2538,3.2145658e-07,0.013614279,8.1654525e-07,0.00030684305
L-BFGS-B,2539,3.2377497e-07,0.013578211,8.2296896e-07,0.00030779367
L-BFGS-B,2540,3.2155836e-07,0.013608333,8.167924e-07,0.00030683592
L-BFGS-B,2541,3.2185656e-07,0.013648839,8.1446615e-07,0.0003069368
L-BFGS-B,2542,3.216296e-07,0.013618573,8.1586217e-07,0.0003068095
L-BFGS-B,2543,3.222298e-07,0.013658313,8.1259213e-07,0.0003068064
L-BFGS-B,2544,3.218953e-07,0.013636709,8.1414106e-07,0.00030677253
L-BFGS-B,2545,3.2180498e-07,0.013630658,8.1442414e-07,0.00030674096
L-BFGS-B,2546,3.218267e-07,0.013618979,8.149772e-07,0.00030671037
L-BFGS-B,2547,3.2178608e-07,0.013606835,8.1564264e-07,0.00030668266
L-BFGS-B,2548,3.2171778e-07,0.013608032,8.154523e-07,0.00030665583
L-BFGS-B,2549,3.215211e-07,0.013609149,8.154515e-07,0.00030663738
L-BFGS-B,2550,3.212598e-07,0.013617108,8.150793e-07,0.00030662195
L-BFGS-B,2551,3.2100317e-07,0.013624962,8.1470705e-07,0.00030660615
L-BFGS-B,2552,3.2073754e-07,0.013628205,8.1466203e-07,0.00030659197
L-BFGS-B,2553,3.205296e-07,0.013621868,8.1518755e-07,0.00030657626
L-BFGS-B,2554,3.190427e-07,0.013613761,8.191871e-07,0.00030687207
L-BFGS-B,2555,3.2038622e-07,0.013620282,8.154261e-07,0.00030657466
L-BFGS-B,2556,3.2049044e-07,0.01361501,8.155488e-07,0.000306556
L-BFGS-B,2557,3.205907e-07,0.013613446,8.154093e-07,0.00030653446
L-BFGS-B,2558,3.2056215e-07,0.013628702,8.142637e-07,0.0003065109
L-BFGS-B,2559,3.2065847e-07,0.013644912,8.1292893e-07,0.00030648723
L-BFGS-B,2560,3.2066822e-07,0.0136565035,8.119821e-07,0.00030646258
L-BFGS-B,2561,3.2093033e-07,0.013653816,8.116636e-07,0.00030642725
L-BFGS-B,2562,3.2081783e-07,0.013651653,8.117383e-07,0.00030639995
L-BFGS-B,2563,3.210089e-07,0.013644488,8.118277e-07,0.00030637038
L-BFGS-B,2564,3.211048e-07,0.013641155,8.118307e-07,0.00030635187
L-BFGS-B,2565,3.2131314e-07,0.013637064,8.118049e-07,0.00030633836
L-BFGS-B,2566,3.2151135e-07,0.013640606,8.112817e-07,0.00030632503
L-BFGS-B,2567,3.2156942e-07,0.013602033,8.1393034e-07,0.0003063453
L-BFGS-B,2568,3.2152656e-07,0.013626009,8.121753e-07,0.00030631537
L-BFGS-B,2569,3.2167563e-07,0.013636022,8.1121266e-07,0.00030629346
L-BFGS-B,2570,3.2187955e-07,0.013643693,8.102643e-07,0.0003062585
L-BFGS-B,2571,3.2206316e-07,0.01363089,8.121519e-07,0.00030644116
L-BFGS-B,2572,3.2187683e-07,0.013638305,8.1052895e-07,0.0003062439
L-BFGS-B,2573,3.2185199e-07,0.01363716,8.104683e-07,0.00030621965
L-BFGS-B,2574,3.217502e-07,0.013626346,8.1118003e-07,0.000306203
L-BFGS-B,2575,3.212547e-07,0.013627248,8.115629e-07,0.0003061951
L-BFGS-B,2576,3.2142307e-07,0.013616143,8.119289e-07,0.0003061642
L-BFGS-B,2577,3.2161242e-07,0.013618366,8.1144424e-07,0.00030614217
L-BFGS-B,2578,3.2180003e-07,0.013622398,8.108754e-07,0.0003061253
L-BFGS-B,2579,3.2176425e-07,0.013627698,8.1048336e-07,0.0003061141
L-BFGS-B,2580,3.2166452e-07,0.0136289615,8.104034e-07,0.0003060998
L-BFGS-B,2581,3.215486e-07,0.013624538,8.107201e-07,0.00030608568
L-BFGS-B,2582,3.2291018e-07,0.0138287,8.517184e-07,0.0003144813
L-BFGS-B,2583,3.215423e-07,0.013621494,8.1086904e-07,0.00030607663
L-BFGS-B,2584,3.214782e-07,0.013616542,8.1113603e-07,0.00030605754
L-BFGS-B,2585,3.2142313e-07,0.013613533,8.112372e-07,0.0003060344
L-BFGS-B,2586,3.2154435e-07,0.013616288,8.10794e-07,0.00030601362
L-BFGS-B,2587,3.2158138e-07,0.0136213405,8.1025365e-07,0.00030598865
L-BFGS-B,2588,3.245512e-07,0.013631728,8.078739e-07,0.00030618103
L-BFGS-B,2589,3.221798e-07,0.01362108,8.0954476e-07,0.0003059695
L-BFGS-B,2590,3.221546e-07,0.013625416,8.090499e-07,0.0003059348
L-BFGS-B,2591,3.2221217e-07,0.0136267245,8.0875697e-07,0.00030591263
L-BFGS-B,2592,3.233097e-07,0.013617873,8.096634e-07,0.00030612468
L-BFGS-B,2593,3.2236179e-07,0.01362376,8.0875867e-07,0.00030590565
L-BFGS-B,2594,3.2226524e-07,0.013613792,8.093991e-07,0.00030588757
L-BFGS-B,2595,3.2218873e-07,0.013609284,8.096616e-07,0.00030587037
L-BFGS-B,2596,3.2209354e-07,0.013589421,8.1098045e-07,0.0003058553
L-BFGS-B,2597,3.2196004e-07,0.013590613,8.109863e-07,0.00030584808
L-BFGS-B,2598,3.2073302e-07,0.013424009,8.300837e-07,0.0003068626
L-BFGS-B,2599,3.2172807e-07,0.013571711,8.1240717e-07,0.0003058374
L-BFGS-B,2600,3.2177618e-07,0.013576611,8.1196214e-07,0.00030582686
L-BFGS-B,2601,3.2189774e-07,0.013585016,8.111629e-07,0.00030580926
L-BFGS-B,2602,3.2192887e-07,0.013589187,8.107377e-07,0.00030579185
L-BFGS-B,2603,3.2195817e-07,0.013597758,8.097776e-07,0.00030573795
L-BFGS-B,2604,3.2182132e-07,0.013602019,8.0932597e-07,0.0003056923
L-BFGS-B,2605,3.215054e-07,0.013606247,8.0891346e-07,0.0003056253
L-BFGS-B,2606,3.2119576e-07,0.01361423,8.082428e-07,0.0003055581
L-BFGS-B,2607,3.2118507e-07,0.013622994,8.0702756e-07,0.0003054618
L-BFGS-B,2608,3.2034703e-07,0.013637078,8.06488e-07,0.00030539604
L-BFGS-B,2609,3.2159375e-07,0.01360211,8.07891e-07,0.0003054438
L-BFGS-B,2610,3.206811e-07,0.01361419,8.0707014e-07,0.0003053046
L-BFGS-B,2611,3.199528e-07,0.013571397,8.10215e-07,0.00030523914
L-BFGS-B,2612,3.1955025e-07,0.013513443,8.1394256e-07,0.00030515835
L-BFGS-B,2613,3.198717e-07,0.013483589,8.154774e-07,0.00030513824
L-BFGS-B,2614,3.1913004e-07,0.013473604,8.164978e-07,0.0003050802
L-BFGS-B,2615,3.1925626e-07,0.013496719,8.146249e-07,0.00030504938
L-BFGS-B,2616,3.1937597e-07,0.013520352,8.125408e-07,0.00030499103
L-BFGS-B,2617,3.189817e-07,0.013533001,8.1301135e-07,0.00030512898
L-BFGS-B,2618,3.19217e-07,0.013520672,8.125353e-07,0.00030496955
L-BFGS-B,2619,3.1916642e-07,0.013509529,8.130282e-07,0.00030492447
L-BFGS-B,2620,3.193443e-07,0.013493915,8.135717e-07,0.00030487656
L-BFGS-B,2621,3.1928317e-07,0.013450371,8.1625893e-07,0.00030483503
L-BFGS-B,2622,3.1941264e-07,0.013457973,8.1537e-07,0.0003047971
L-BFGS-B,2623,3.1931293e-07,0.0134649845,8.1468835e-07,0.00030475005
L-BFGS-B,2624,3.1886242e-07,0.013460736,8.1515276e-07,0.00030470965
L-BFGS-B,2625,3.190354e-07,0.013475522,8.1384775e-07,0.0003046877
L-BFGS-B,2626,3.186198e-07,0.0134569295,8.149459e-07,0.00030460412
L-BFGS-B,2627,3.1830288e-07,0.013437505,8.162339e-07,0.00030455558
L-BFGS-B,2628,3.1817174e-07,0.013426309,8.167911e-07,0.0003045075
L-BFGS-B,2629,3.1821676e-07,0.013426241,8.1663603e-07,0.00030449033
L-BFGS-B,2630,3.1825735e-07,0.0134407515,8.155211e-07,0.0003044743
L-BFGS-B,2631,3.1829956e-07,0.013440537,8.1541e-07,0.0003044618
L-BFGS-B,2632,3.1843646e-07,0.013440725,8.15103e-07,0.00030443817
L-BFGS-B,2633,3.177888e-07,0.013433533,8.177291e-07,0.000304663
L-BFGS-B,2634,3.1827298e-07,0.013436821,8.1544965e-07,0.0003044266
L-BFGS-B,2635,3.1813832e-07,0.013435544,8.155205e-07,0.00030440427
L-BFGS-B,2636,3.176669e-07,0.013438221,8.1547023e-07,0.00030435278
L-BFGS-B,2637,3.1783503e-07,0.013509813,8.13478e-07,0.00030479504
L-BFGS-B,2638,3.1763273e-07,0.013442214,8.15212e-07,0.00030434883
L-BFGS-B,2639,3.1768622e-07,0.0134448055,8.14798e-07,0.00030432068
L-BFGS-B,2640,3.176321e-07,0.013442502,8.148097e-07,0.00030429132
L-BFGS-B,2641,3.1771586e-07,0.013445517,8.1454715e-07,0.00030429463
L-BFGS-B,2642,3.1766507e-07,0.013443327,8.146273e-07,0.0003042771
L-BFGS-B,2643,3.1777466e-07,0.013440974,8.1453084e-07,0.00030425558
L-BFGS-B,2644,3.1809142e-07,0.013439399,8.140174e-07,0.00030421032
L-BFGS-B,2645,3.1859994e-07,0.013435149,8.1399077e-07,0.0003042401
L-BFGS-B,2646,3.1825581e-07,0.013437241,8.139243e-07,0.00030419944
L-BFGS-B,2647,3.1836697e-07,0.013437554,8.135671e-07,0.00030416565
L-BFGS-B,2648,3.1846722e-07,0.013451358,8.123566e-07,0.00030413715
L-BFGS-B,2649,3.183383e-07,0.013463513,8.1151546e-07,0.00030411317
L-BFGS-B,2650,3.1808887e-07,0.013479777,8.104922e-07,0.0003040849
L-BFGS-B,2651,3.178379e-07,0.013494425,8.0952947e-07,0.00030404935
L-BFGS-B,2652,3.1842706e-07,0.01356339,8.1363487e-07,0.0003054432
L-BFGS-B,2653,3.1780607e-07,0.0134940315,8.095583e-07,0.00030404498
L-BFGS-B,2654,3.1767212e-07,0.013512297,8.0817625e-07,0.00030400022
L-BFGS-B,2655,3.1781002e-07,0.013521935,8.0720133e-07,0.00030397106
L-BFGS-B,2656,3.1807733e-07,0.013530872,8.0620845e-07,0.0003039516
L-BFGS-B,2657,3.1834122e-07,0.013529078,8.0597727e-07,0.00030393855
L-BFGS-B,2658,3.1831453e-07,0.013533278,8.0566497e-07,0.0003039297
L-BFGS-B,2659,3.1827238e-07,0.0135452645,8.0483176e-07,0.00030391826
L-BFGS-B,2660,3.1823035e-07,0.013549579,8.045529e-07,0.0003039133
L-BFGS-B,2661,3.1816597e-07,0.013620122,8.0099585e-07,0.0003040755
L-BFGS-B,2662,3.1813912e-07,0.013564059,8.035617e-07,0.0003038957
L-BFGS-B,2663,3.1795958e-07,0.01356123,8.0375514e-07,0.00030386948
L-BFGS-B,2664,3.1797285e-07,0.0135558825,8.038561e-07,0.00030383316
L-BFGS-B,2665,3.1811624e-07,0.013543363,8.0436973e-07,0.0003038065
L-BFGS-B,2666,3.1837442e-07,0.013539717,8.0421034e-07,0.00030378485
L-BFGS-B,2667,3.1867796e-07,0.013539261,8.038066e-07,0.0003037653
L-BFGS-B,2668,3.1896056e-07,0.013539336,8.033385e-07,0.0003037382
L-BFGS-B,2669,3.1928266e-07,0.0135545535,8.0181576e-07,0.0003037103
L-BFGS-B,2670,3.194818e-07,0.013558678,8.011381e-07,0.0003036798
L-BFGS-B,2671,3.194827e-07,0.013569857,8.001585e-07,0.00030364475
L-BFGS-B,2672,3.1929423e-07,0.01357245,7.998766e-07,0.0003036001
L-BFGS-B,2673,3.1986764e-07,0.013724825,7.9228914e-07,0.00030407176
L-BFGS-B,2674,3.1927456e-07,0.013582104,7.992337e-07,0.00030359728
L-BFGS-B,2675,3.1920115e-07,0.013618804,7.965105e-07,0.00030354477
L-BFGS-B,2676,3.1920686e-07,0.013616513,7.9649294e-07,0.0003035201
L-BFGS-B,2677,3.1917185e-07,0.013617246,7.961094e-07,0.00030346465
L-BFGS-B,2678,3.2129185e-07,0.013585193,7.970613e-07,0.0003036049
L-BFGS-B,2679,3.1961645e-07,0.013607706,7.9619497e-07,0.00030344876
L-BFGS-B,2680,3.1935187e-07,0.013602877,7.965176e-07,0.00030340918
L-BFGS-B,2681,3.1912623e-07,0.013596234,7.9775515e-07,0.00030349454
L-BFGS-B,2682,3.1925921e-07,0.013599753,7.9671895e-07,0.00030339425
L-BFGS-B,2683,3.1874293e-07,0.013571291,8.004186e-07,0.00030358712
L-BFGS-B,2684,3.1907356e-07,0.01358916,7.9737976e-07,0.0003033596
L-BFGS-B,2685,3.1902778e-07,0.013569568,7.9851907e-07,0.0003033277
L-BFGS-B,2686,3.1895175e-07,0.013579007,7.9771115e-07,0.0003032895
L-BFGS-B,2687,3.1891184e-07,0.013582348,7.9726067e-07,0.00030324934
L-BFGS-B,2688,3.1879753e-07,0.013582264,7.969011e-07,0.00030317745
L-BFGS-B,2689,3.186018e-07,0.01357455,7.972669e-07,0.0003031258
L-BFGS-B,2690,3.1778805e-07,0.013538951,8.009236e-07,0.00030319626
L-BFGS-B,2691,3.183394e-07,0.013562782,7.982071e-07,0.0003031098
L-BFGS-B,2692,3.1794292e-07,0.013540508,7.9987603e-07,0.00030307792
L-BFGS-B,2693,3.1796398e-07,0.013531673,8.003591e-07,0.0003030652
L-BFGS-B,2694,3.177452e-07,0.013524318,8.010278e-07,0.00030305912
L-BFGS-B,2695,3.177569e-07,0.013525628,8.0091877e-07,0.0003030576
L-BFGS-B,2696,3.1776892e-07,0.013526854,8.0078706e-07,0.00030305193
L-BFGS-B,2697,3.1773783e-07,0.013528633,8.006747e-07,0.0003030482
L-BFGS-B,2698,3.1769807e-07,0.013533978,8.0028815e-07,0.00030303773
L-BFGS-B,2699,3.1762363e-07,0.013538004,8.000165e-07,0.00030302606
L-BFGS-B,2700,3.1752913e-07,0.01353823,7.9998426e-07,0.0003030093
L-BFGS-B,2701,3.1740322e-07,0.01353879,7.999706e-07,0.00030299395
L-BFGS-B,2702,3.1743923e-07,0.013537661,7.999024e-07,0.00030297786
L-BFGS-B,2703,3.175893e-07,0.013533865,7.998781e-07,0.00030295874
L-BFGS-B,2704,3.1762664e-07,0.013513059,8.010566e-07,0.00030293307
L-BFGS-B,2705,3.1761152e-07,0.0135028465,8.0162306e-07,0.00030291366
L-BFGS-B,2706,3.1742317e-07,0.013491974,8.024309e-07,0.00030289785
L-BFGS-B,2707,3.171415e-07,0.013475755,8.036583e-07,0.0003028775
L-BFGS-B,2708,3.160492e-07,0.013450211,8.0922797e-07,0.00030329367
L-BFGS-B,2709,3.1696038e-07,0.013470927,8.041255e-07,0.00030287215
L-BFGS-B,2710,3.168915e-07,0.013466463,8.043455e-07,0.00030285018
L-BFGS-B,2711,3.170871e-07,0.013466797,8.03971e-07,0.00030282667
L-BFGS-B,2712,3.1723042e-07,0.013471931,8.0336434e-07,0.0003028085
L-BFGS-B,2713,3.176339e-07,0.013479985,8.0227886e-07,0.00030278676
L-BFGS-B,2714,3.1773854e-07,0.013484297,8.017749e-07,0.00030276997
L-BFGS-B,2715,3.177544e-07,0.013482169,8.017578e-07,0.00030274852
L-BFGS-B,2716,3.17356e-07,0.013439299,8.070621e-07,0.00030305568
L-BFGS-B,2717,3.176695e-07,0.013476045,8.022136e-07,0.0003027429
L-BFGS-B,2718,3.176724e-07,0.013478543,8.0189625e-07,0.00030272073
L-BFGS-B,2719,3.1760072e-07,0.0134710185,8.0236634e-07,0.00030270524
L-BFGS-B,2720,3.1764114e-07,0.01345359,8.0327914e-07,0.00030267393
L-BFGS-B,2721,3.1749963e-07,0.013443787,8.0397024e-07,0.00030265836
L-BFGS-B,2722,3.1767345e-07,0.013421692,8.051501e-07,0.00030264043
L-BFGS-B,2723,3.1724304e-07,0.01341225,8.06012e-07,0.00030261074
L-BFGS-B,2724,3.1700665e-07,0.013409468,8.0631577e-07,0.00030259305
L-BFGS-B,2725,3.1689768e-07,0.01341072,8.062205e-07,0.00030257492
L-BFGS-B,2726,3.1677783e-07,0.01340948,8.062902e-07,0.000302555
L-BFGS-B,2727,3.1659135e-07,0.013406348,8.0642275e-07,0.0003025156
L-BFGS-B,2728,3.161832e-07,0.013395489,8.0719894e-07,0.00030246223
L-BFGS-B,2729,4.6348816e-07,0.020291485,1.1655011e-06,0.00044726324
L-BFGS-B,2730,3.164573e-07,0.0134280445,8.049747e-07,0.00030249526
L-BFGS-B,2731,3.1623406e-07,0.013402304,8.066738e-07,0.00030245923
L-BFGS-B,2732,3.1598088e-07,0.013394895,8.070548e-07,0.0003024043
L-BFGS-B,2733,3.15547e-07,0.013397785,8.067645e-07,0.00030232457
L-BFGS-B,2734,3.1541538e-07,0.013410564,8.0524325e-07,0.00030220443
L-BFGS-B,2735,3.1583986e-07,0.013388712,8.0585437e-07,0.00030214127
L-BFGS-B,2736,3.161608e-07,0.013364137,8.070641e-07,0.00030212512
L-BFGS-B,2737,3.159596e-07,0.013370603,8.063877e-07,0.00030205812
L-BFGS-B,2738,3.1610134e-07,0.013400377,8.0419227e-07,0.00030204782
L-BFGS-B,2739,3.1551266e-07,0.013379424,8.0535045e-07,0.00030192372
L-BFGS-B,2740,3.1583025e-07,0.013365969,8.055353e-07,0.00030186452
L-BFGS-B,2741,3.157634e-07,0.013373317,8.0452986e-07,0.00030177715
L-BFGS-B,2742,3.1519087e-07,0.013362389,8.049329e-07,0.00030164246
L-BFGS-B,2743,3.1586976e-07,0.013305817,8.075304e-07,0.0003015682
L-BFGS-B,2744,3.15397e-07,0.013292647,8.0826646e-07,0.000301476
L-BFGS-B,2745,3.1488102e-07,0.013280647,8.090267e-07,0.00030139263
L-BFGS-B,2746,3.1569314e-07,0.013296244,8.0677603e-07,0.0003013328
L-BFGS-B,2747,3.1536882e-07,0.013263886,8.087446e-07,0.00030125587
L-BFGS-B,2748,3.1515353e-07,0.013226025,8.11151e-07,0.00030120593
L-BFGS-B,2749,3.151104e-07,0.013227845,8.107549e-07,0.00030115823
L-BFGS-B,2750,3.1509393e-07,0.013238516,8.097712e-07,0.00030111492
L-BFGS-B,2751,3.1492368e-07,0.013249088,8.090436e-07,0.00030108597
L-BFGS-B,2752,3.1455542e-07,0.013261778,8.081139e-07,0.00030101815
L-BFGS-B,2753,3.141473e-07,0.013263775,8.078709e-07,0.00030094048
L-BFGS-B,2754,3.2244722e-07,0.013366771,8.960806e-07,0.00031644688
L-BFGS-B,2755,3.1385628e-07,0.013252756,8.0873053e-07,0.00030091556
L-BFGS-B,2756,3.1407805e-07,0.013265417,8.1095226e-07,0.0003014087
L-BFGS-B,2757,3.1380605e-07,0.0132502485,8.0883893e-07,0.0003008992
L-BFGS-B,2758,3.1373264e-07,0.013226168,8.100365e-07,0.00030082703
L-BFGS-B,2759,3.1389598e-07,0.013197355,8.112389e-07,0.0003007438
L-BFGS-B,2760,3.1385449e-07,0.013177136,8.1237e-07,0.00030070503
L-BFGS-B,2761,3.138012e-07,0.013160695,8.130927e-07,0.00030064103
L-BFGS-B,2762,3.137376e-07,0.0131595135,8.1303745e-07,0.0003006114
L-BFGS-B,2763,3.1420504e-07,0.013287884,8.1225056e-07,0.00030184718
L-BFGS-B,2764,3.136998e-07,0.01316513,8.1264164e-07,0.00030060252
L-BFGS-B,2765,3.131483e-07,0.0131545365,8.135116e-07,0.00030054434
L-BFGS-B,2766,3.1347676e-07,0.013159762,8.124237e-07,0.00030048267
L-BFGS-B,2767,3.1336083e-07,0.013168483,8.1154803e-07,0.00030042115
L-BFGS-B,2768,3.1338814e-07,0.013181032,8.102054e-07,0.00030034935
L-BFGS-B,2769,3.129753e-07,0.013177159,8.105226e-07,0.0003002963
L-BFGS-B,2770,3.2559223e-07,0.013888416,8.2276796e-07,0.0003111382
L-BFGS-B,2771,3.1291253e-07,0.013196761,8.0900406e-07,0.0003002551
L-BFGS-B,2772,3.1322506e-07,0.013204002,8.079093e-07,0.00030021017
L-BFGS-B,2773,3.1177981e-07,0.013156346,8.225641e-07,0.00030171504
L-BFGS-B,2774,3.1303134e-07,0.013189286,8.0877453e-07,0.00030016372
L-BFGS-B,2775,3.1258625e-07,0.0131726125,8.099237e-07,0.0003001026
L-BFGS-B,2776,3.1268618e-07,0.013158424,8.105297e-07,0.00030006663
L-BFGS-B,2777,3.1252063e-07,0.0131587405,8.1052957e-07,0.00030004492
L-BFGS-B,2778,3.118385e-07,0.013156599,8.114976e-07,0.0003000664
L-BFGS-B,2779,3.1225977e-07,0.013157447,8.1079133e-07,0.00030003212
L-BFGS-B,2780,3.12035e-07,0.013158838,8.107923e-07,0.0003000125
L-BFGS-B,2781,3.1180315e-07,0.013154686,8.1119634e-07,0.00029999678
L-BFGS-B,2782,3.1156043e-07,0.013147628,8.118331e-07,0.00029998532
L-BFGS-B,2783,3.113888e-07,0.013141257,8.1236306e-07,0.00029997533
L-BFGS-B,2784,3.112314e-07,0.013134407,8.128854e-07,0.0002999616
L-BFGS-B,2785,3.1113387e-07,0.013126301,8.1337384e-07,0.00029993916
L-BFGS-B,2786,3.1119635e-07,0.013119697,8.135497e-07,0.00029990886
L-BFGS-B,2787,3.1124753e-07,0.013124848,8.1298253e-07,0.000299883
L-BFGS-B,2788,3.1129875e-07,0.013130991,8.1235294e-07,0.00029985767
L-BFGS-B,2789,3.1155068e-07,0.013153797,8.1005044e-07,0.00029977813
L-BFGS-B,2790,3.1141664e-07,0.013166779,8.0886804e-07,0.0002997105
L-BFGS-B,2791,3.1155932e-07,0.013178169,8.074628e-07,0.000299635
L-BFGS-B,2792,3.1115806e-07,0.013161722,8.085531e-07,0.00029957388
L-BFGS-B,2793,3.1061478e-07,0.013124851,8.110624e-07,0.00029950007
L-BFGS-B,2794,3.0970682e-07,0.01310145,8.133789e-07,0.00029947737
L-BFGS-B,2795,3.0972063e-07,0.013072895,8.145481e-07,0.00029936928
L-BFGS-B,2796,3.114382e-07,0.013021658,8.2245276e-07,0.00030030025
L-BFGS-B,2797,3.0982739e-07,0.013062345,8.150355e-07,0.00029935286
L-BFGS-B,2798,3.1003162e-07,0.013062909,8.1420245e-07,0.0002992642
L-BFGS-B,2799,3.1005263e-07,0.0130798435,8.12395e-07,0.00029916558
L-BFGS-B,2800,3.10086e-07,0.013075695,8.123732e-07,0.00029912582
L-BFGS-B,2801,3.099188e-07,0.01307281,8.1252847e-07,0.0002990952
L-BFGS-B,2802,3.1074703e-07,0.01312985,8.110985e-07,0.00029957533
L-BFGS-B,2803,3.0995747e-07,0.0130761815,8.1222817e-07,0.00029908965
L-BFGS-B,2804,3.0974542e-07,0.013066402,8.1292103e-07,0.00029906398
L-BFGS-B,2805,3.0954445e-07,0.013057903,8.1338646e-07,0.0002990187
L-BFGS-B,2806,3.101479e-07,0.013092433,8.117222e-07,0.00029920484
L-BFGS-B,2807,3.0959535e-07,0.013061118,8.1308434e-07,0.00029901313
L-BFGS-B,2808,3.0976312e-07,0.013066121,8.123664e-07,0.00029898062
L-BFGS-B,2809,3.1021187e-07,0.0130761545,8.1092963e-07,0.00029893278
L-BFGS-B,2810,3.1039392e-07,0.013083694,8.1004043e-07,0.0002989021
L-BFGS-B,2811,3.1045874e-07,0.013081285,8.098855e-07,0.0002988645
L-BFGS-B,2812,3.0995756e-07,0.013033492,8.1576053e-07,0.00029919262
L-BFGS-B,2813,3.10288e-07,0.013070409,8.1069686e-07,0.0002988518
L-BFGS-B,2814,3.104692e-07,0.01300852,8.1477157e-07,0.0002988713
L-BFGS-B,2815,3.1034304e-07,0.0130437575,8.122948e-07,0.00029883324
L-BFGS-B,2816,3.1061595e-07,0.013046545,8.116576e-07,0.00029880647
L-BFGS-B,2817,3.1066034e-07,0.013047186,8.114699e-07,0.0002987914
L-BFGS-B,2818,3.108617e-07,0.013054849,8.106379e-07,0.0002987734
L-BFGS-B,2819,3.1099927e-07,0.013057845,8.102432e-07,0.0002987648
L-BFGS-B,2820,3.1100757e-07,0.013064736,8.097166e-07,0.000298756
L-BFGS-B,2821,3.1105802e-07,0.013082458,8.083791e-07,0.00029874014
L-BFGS-B,2822,3.113105e-07,0.01308173,8.0796764e-07,0.00029870903
L-BFGS-B,2823,3.11374e-07,0.013082157,8.075885e-07,0.00029866595
L-BFGS-B,2824,3.11116e-07,0.013084078,8.071542e-07,0.00029858132
L-BFGS-B,2825,3.1115266e-07,0.013083339,8.069236e-07,0.00029854482
L-BFGS-B,2826,3.1092276e-07,0.0130868815,8.067072e-07,0.0002985133
L-BFGS-B,2827,3.1061987e-07,0.013101713,8.0575677e-07,0.0002984736
L-BFGS-B,2828,3.1018865e-07,0.013084805,8.072532e-07,0.00029846432
L-BFGS-B,2829,3.1025604e-07,0.013108365,8.0535546e-07,0.00029842538
L-BFGS-B,2830,3.10295e-07,0.013107786,8.0519703e-07,0.00029840166
L-BFGS-B,2831,3.1020565e-07,0.013106043,8.051888e-07,0.00029836962
L-BFGS-B,2832,3.1021975e-07,0.013088128,8.0587813e-07,0.00029829596
L-BFGS-B,2833,3.102161e-07,0.01307928,8.0649215e-07,0.00029829904
L-BFGS-B,2834,3.1021352e-07,0.013083439,8.06092e-07,0.0002982802
L-BFGS-B,2835,3.103068e-07,0.013062277,8.071642e-07,0.00029824342
L-BFGS-B,2836,3.103584e-07,0.013069991,8.063154e-07,0.000298201
L-BFGS-B,2837,3.1078542e-07,0.013077386,8.0482334e-07,0.0002981152
L-BFGS-B,2838,3.1084144e-07,0.013073974,8.0467936e-07,0.00029806787
L-BFGS-B,2839,3.1288948e-07,0.013132169,8.004141e-07,0.00029831723
L-BFGS-B,2840,3.1117045e-07,0.013084232,8.035315e-07,0.0002980476
L-BFGS-B,2841,3.1105688e-07,0.013076373,8.0389094e-07,0.0002980059
L-BFGS-B,2842,3.110305e-07,0.013068829,8.0425724e-07,0.00029798146
L-BFGS-B,2843,3.1082914e-07,0.013057953,8.049647e-07,0.0002979486
L-BFGS-B,2844,3.1155605e-07,0.0130121205,8.07258e-07,0.0002979433
L-BFGS-B,2845,3.1088652e-07,0.013022007,8.0692377e-07,0.00029789162
L-BFGS-B,2846,3.1054063e-07,0.013020057,8.0718314e-07,0.00029785914
L-BFGS-B,2847,3.1015642e-07,0.013006114,8.0825333e-07,0.0002978226
L-BFGS-B,2848,3.1007374e-07,0.012994514,8.0899514e-07,0.00029780547
L-BFGS-B,2849,3.1019562e-07,0.012981483,8.09711e-07,0.0002978008
L-BFGS-B,2850,3.1021716e-07,0.012984525,8.093326e-07,0.0002977777
L-BFGS-B,2851,3.1035344e-07,0.012992042,8.0859064e-07,0.00029776205
L-BFGS-B,2852,3.105868e-07,0.012992739,8.082162e-07,0.00029774784
L-BFGS-B,2853,3.106421e-07,0.013001308,8.07509e-07,0.00029773574
L-BFGS-B,2854,3.107794e-07,0.01300484,8.0706235e-07,0.00029772468
L-BFGS-B,2855,3.1089144e-07,0.012997276,8.0735566e-07,0.00029770983
L-BFGS-B,2856,3.11025e-07,0.012988894,8.076947e-07,0.00029769688
L-BFGS-B,2857,3.112377e-07,0.012976339,8.0825265e-07,0.00029768696
L-BFGS-B,2858,3.112639e-07,0.012970659,8.0855733e-07,0.00029767977
L-BFGS-B,2859,3.112775e-07,0.012955944,8.093696e-07,0.00029765652
L-BFGS-B,2860,3.1090156e-07,0.012925409,8.117619e-07,0.0002976536
L-BFGS-B,2861,3.108577e-07,0.012931906,8.110748e-07,0.00029760893
L-BFGS-B,2862,3.1123707e-07,0.012941533,8.100928e-07,0.00029761478
L-BFGS-B,2863,3.1100436e-07,0.012935774,8.1061927e-07,0.00029760128
L-BFGS-B,2864,3.1105264e-07,0.012990869,8.0761413e-07,0.0002977087
L-BFGS-B,2865,3.1099762e-07,0.012949554,8.095732e-07,0.00029758117
L-BFGS-B,2866,3.1065287e-07,0.012939516,8.10488e-07,0.0002975663
L-BFGS-B,2867,3.09706e-07,0.012909433,8.139738e-07,0.0002976463
L-BFGS-B,2868,3.104684e-07,0.01293361,8.1104145e-07,0.00029756257
L-BFGS-B,2869,3.103652e-07,0.012917579,8.121212e-07,0.00029754874
L-BFGS-B,2870,3.103097e-07,0.012908391,8.127312e-07,0.00029754004
L-BFGS-B,2871,3.102905e-07,0.012903327,8.130342e-07,0.00029753198
L-BFGS-B,2872,3.102928e-07,0.012903549,8.1295536e-07,0.0002975227
L-BFGS-B,2873,3.106844e-07,0.012903072,8.1486024e-07,0.0002978624
L-BFGS-B,2874,3.102891e-07,0.012902193,8.1303364e-07,0.00029752034
L-BFGS-B,2875,3.10275e-07,0.012902406,8.1287965e-07,0.00029749726
L-BFGS-B,2876,3.1025078e-07,0.0129025625,8.126684e-07,0.0002974635
L-BFGS-B,2877,3.1012888e-07,0.012904482,8.123565e-07,0.00029741763
L-BFGS-B,2878,3.099748e-07,0.012900351,8.125653e-07,0.0002973845
L-BFGS-B,2879,3.0972322e-07,0.0128900595,8.132182e-07,0.00029734182
L-BFGS-B,2880,3.088439e-07,0.012798477,8.3663224e-07,0.00029980618
L-BFGS-B,2881,3.094464e-07,0.01286895,8.1477225e-07,0.0002973223
L-BFGS-B,2882,3.091657e-07,0.012847209,8.161708e-07,0.00029727258
L-BFGS-B,2883,3.0891167e-07,0.012823445,8.178055e-07,0.00029724202
L-BFGS-B,2884,3.0875754e-07,0.01281212,8.186221e-07,0.00029722814
L-BFGS-B,2885,3.0870416e-07,0.01279958,8.193826e-07,0.00029720878
L-BFGS-B,2886,3.0871044e-07,0.012792852,8.197267e-07,0.0002971941
L-BFGS-B,2887,3.0859417e-07,0.01278672,8.2017914e-07,0.0002971832
L-BFGS-B,2888,3.0888398e-07,0.012787367,8.197633e-07,0.00029717077
L-BFGS-B,2889,3.0886045e-07,0.012789453,8.1959234e-07,0.00029716245
L-BFGS-B,2890,3.0889703e-07,0.012801228,8.1868967e-07,0.00029715028
L-BFGS-B,2891,3.0896095e-07,0.012807295,8.1815267e-07,0.00029713998
L-BFGS-B,2892,3.090448e-07,0.012809169,8.1785174e-07,0.00029712616
L-BFGS-B,2893,3.0905733e-07,0.01280348,8.181465e-07,0.00029711536
L-BFGS-B,2894,3.0968894e-07,0.012822022,8.1680145e-07,0.00029719376
L-BFGS-B,2895,3.091705e-07,0.012806862,8.177476e-07,0.00029710634
L-BFGS-B,2896,3.0853087e-07,0.012702834,8.2613724e-07,0.00029722857
L-BFGS-B,2897,3.0874745e-07,0.012758967,8.207659e-07,0.00029701667
L-BFGS-B,2898,3.0823998e-07,0.012718377,8.239921e-07,0.0002970186
L-BFGS-B,2899,3.0842324e-07,0.012737932,8.2220316e-07,0.00029697327
L-BFGS-B,2900,3.0836708e-07,0.012749459,8.2101894e-07,0.0002969025
L-BFGS-B,2901,3.0797764e-07,0.012738391,8.2162404e-07,0.00029682415
L-BFGS-B,2902,3.0761595e-07,0.012733302,8.217037e-07,0.00029673096
L-BFGS-B,2903,3.0692004e-07,0.0127156945,8.228466e-07,0.00029662193
L-BFGS-B,2904,3.065738e-07,0.012707562,8.2275096e-07,0.00029647432
L-BFGS-B,2905,3.0607285e-07,0.012715914,8.222315e-07,0.00029640482
L-BFGS-B,2906,3.0610124e-07,0.012735795,8.203969e-07,0.0002963327
L-BFGS-B,2907,3.0626958e-07,0.012775468,8.1707475e-07,0.00029625633
L-BFGS-B,2908,3.062343e-07,0.012769586,8.1719327e-07,0.00029621
L-BFGS-B,2909,3.0400935e-07,0.012864345,8.1901476e-07,0.00029709705
L-BFGS-B,2910,3.0577175e-07,0.012776309,8.170887e-07,0.00029619213
L-BFGS-B,2911,3.05589e-07,0.012730208,8.19756e-07,0.00029610383
L-BFGS-B,2912,3.053912e-07,0.012730573,8.1971535e-07,0.00029607172
L-BFGS-B,2913,3.0507547e-07,0.012737056,8.193989e-07,0.00029604172
L-BFGS-B,2914,3.049993e-07,0.01274569,8.187946e-07,0.000296026
L-BFGS-B,2915,3.0495147e-07,0.012760955,8.176989e-07,0.00029600709
L-BFGS-B,2916,3.0487962e-07,0.012750109,8.183385e-07,0.0002959838
L-BFGS-B,2917,3.050815e-07,0.012746995,8.181871e-07,0.00029596023
L-BFGS-B,2918,3.0516904e-07,0.0127366055,8.1865363e-07,0.00029593945
L-BFGS-B,2919,3.0534372e-07,0.012739759,8.1814176e-07,0.0002959204
L-BFGS-B,2920,3.052364e-07,0.012743058,8.178761e-07,0.00029589745
L-BFGS-B,2921,3.0592074e-07,0.012842914,8.1117275e-07,0.00029599317
L-BFGS-B,2922,3.0538183e-07,0.012769195,8.158785e-07,0.000295881
L-BFGS-B,2923,3.0533897e-07,0.012776766,8.1519994e-07,0.0002958485
L-BFGS-B,2924,3.050655e-07,0.012793999,8.1398036e-07,0.00029579687
L-BFGS-B,2925,3.049414e-07,0.012800761,8.133774e-07,0.00029575542
L-BFGS-B,2926,3.0452628e-07,0.012799598,8.132083e-07,0.00029565618
L-BFGS-B,2927,3.0460487e-07,0.012809537,8.118828e-07,0.00029556852
L-BFGS-B,2928,3.0458344e-07,0.012757872,8.145587e-07,0.00029545004
L-BFGS-B,2929,3.0402842e-07,0.012713105,8.174366e-07,0.0002953508
L-BFGS-B,2930,3.044265e-07,0.0127083855,8.1676296e-07,0.00029526226
L-BFGS-B,2931,3.043452e-07,0.012694122,8.174451e-07,0.00029520976
L-BFGS-B,2932,3.0447308e-07,0.012691101,8.1720975e-07,0.00029516342
L-BFGS-B,2933,3.04373e-07,0.012673457,8.1816273e-07,0.00029511494
L-BFGS-B,2934,3.0442578e-07,0.012668537,8.181669e-07,0.00029507425
L-BFGS-B,2935,3.0467427e-07,0.012650266,8.188401e-07,0.00029502984
L-BFGS-B,2936,3.0475346e-07,0.012643052,8.201349e-07,0.00029516377
L-BFGS-B,2937,3.0467422e-07,0.012647295,8.18958e-07,0.0002950178
L-BFGS-B,2938,3.049503e-07,0.012644769,8.1861526e-07,0.0002949825
L-BFGS-B,2939,3.0552675e-07,0.0126403645,8.182208e-07,0.00029496578
L-BFGS-B,2940,3.056151e-07,0.012626106,8.189961e-07,0.00029495274
L-BFGS-B,2941,3.055972e-07,0.012701592,8.148898e-07,0.00029508898
L-BFGS-B,2942,3.0557953e-07,0.012641719,8.1790586e-07,0.00029494
L-BFGS-B,2943,3.052968e-07,0.0126477,8.176781e-07,0.00029492323
L-BFGS-B,2944,3.0540855e-07,0.01265726,8.1685033e-07,0.0002949114
L-BFGS-B,2945,3.0548262e-07,0.012677293,8.1531954e-07,0.00029489325
L-BFGS-B,2946,3.9127744e-07,0.016048523,1.0448836e-06,0.00037590938
L-BFGS-B,2947,3.0557587e-07,0.012713238,8.128908e-07,0.00029490236
L-BFGS-B,2948,3.055146e-07,0.012691692,8.1426697e-07,0.00029488414
L-BFGS-B,2949,3.057425e-07,0.012692327,8.138045e-07,0.00029485533
L-BFGS-B,2950,3.0626904e-07,0.0127007235,8.1230274e-07,0.000294793
L-BFGS-B,2951,3.0678507e-07,0.012684166,8.127253e-07,0.00029476825
L-BFGS-B,2952,3.067072e-07,0.012683033,8.1265193e-07,0.0002947342
L-BFGS-B,2953,3.06716e-07,0.012686417,8.1214006e-07,0.00029469258
L-BFGS-B,2954,3.0686772e-07,0.012677293,8.1245975e-07,0.00029467203
L-BFGS-B,2955,3.0686908e-07,0.012667154,8.129854e-07,0.0002946497
L-BFGS-B,2956,3.0692271e-07,0.012629813,8.1542544e-07,0.00029465032
L-BFGS-B,2957,3.0687954e-07,0.012648007,8.1416493e-07,0.00029463673
L-BFGS-B,2958,3.0724732e-07,0.012674061,8.12205e-07,0.00029465844
L-BFGS-B,2959,3.0699266e-07,0.012657769,8.132241e-07,0.0002946102
L-BFGS-B,2960,3.0680965e-07,0.012648642,8.138467e-07,0.00029458487
L-BFGS-B,2961,3.0664344e-07,0.012648865,8.1383064e-07,0.00029455975
L-BFGS-B,2962,3.0657426e-07,0.012650721,8.136589e-07,0.00029454217
L-BFGS-B,2963,3.064801e-07,0.012651585,8.134082e-07,0.0002944991
L-BFGS-B,2964,3.0618966e-07,0.012658902,8.1326334e-07,0.00029450696
L-BFGS-B,2965,3.063223e-07,0.012653793,8.1323043e-07,0.00029447084
L-BFGS-B,2966,3.0614535e-07,0.012652809,8.131913e-07,0.00029442858
L-BFGS-B,2967,3.0785662e-07,0.012745682,8.2298794e-07,0.00029708352
L-BFGS-B,2968,3.0614123e-07,0.012651755,8.1321224e-07,0.00029442058
L-BFGS-B,2969,3.0614638e-07,0.012650454,8.1312345e-07,0.00029439502
L-BFGS-B,2970,3.0622556e-07,0.012641698,8.1337936e-07,0.0002943577
L-BFGS-B,2971,3.056934e-07,0.012641996,8.136701e-07,0.00029432448
L-BFGS-B,2972,3.0598085e-07,0.01263847,8.1336674e-07,0.00029428682
L-BFGS-B,2973,3.0587785e-07,0.012634475,8.135204e-07,0.00029425448
L-BFGS-B,2974,3.0577885e-07,0.012642501,8.1299993e-07,0.00029424182
L-BFGS-B,2975,3.0564652e-07,0.012642517,8.130641e-07,0.00029423175
L-BFGS-B,2976,3.0567955e-07,0.0126644345,8.117491e-07,0.00029425864
L-BFGS-B,2977,3.0564692e-07,0.012647747,8.126948e-07,0.00029422872
L-BFGS-B,2978,3.0549495e-07,0.012652517,8.124167e-07,0.0002942119
L-BFGS-B,2979,3.055855e-07,0.0126418015,8.1291654e-07,0.00029419333
L-BFGS-B,2980,3.0589942e-07,0.01261057,8.1441607e-07,0.000294153
L-BFGS-B,2981,3.0612617e-07,0.012592812,8.1520847e-07,0.00029412832
L-BFGS-B,2982,3.0646476e-07,0.012549701,8.175687e-07,0.00029410204
L-BFGS-B,2983,3.0660613e-07,0.012557547,8.1672005e-07,0.0002940744
L-BFGS-B,2984,3.0661468e-07,0.012571439,8.157074e-07,0.00029406272
L-BFGS-B,2985,3.0668144e-07,0.012581156,8.1494414e-07,0.00029405538
L-BFGS-B,2986,3.067161e-07,0.012581383,8.1487144e-07,0.00029405195
L-BFGS-B,2987,3.0685206e-07,0.012579991,8.1475787e-07,0.00029404138
L-BFGS-B,2988,3.0703018e-07,0.01257512,8.1478555e-07,0.00029402354
L-BFGS-B,2989,3.0724587e-07,0.012570795,8.146636e-07,0.00029399438
L-BFGS-B,2990,3.0733938e-07,0.012559204,8.1508864e-07,0.00029395625
L-BFGS-B,2991,3.0759472e-07,0.012569113,8.140193e-07,0.0002939332
L-BFGS-B,2992,3.0730277e-07,0.0125452345,8.156331e-07,0.00029389272
L-BFGS-B,2993,3.067412e-07,0.0125255985,8.1729473e-07,0.00029386138
L-BFGS-B,2994,3.0647976e-07,0.012517268,8.1796844e-07,0.0002938399
L-BFGS-B,2995,3.0614095e-07,0.012494906,8.196818e-07,0.0002938225
L-BFGS-B,2996,3.0622846e-07,0.012494355,8.1951276e-07,0.00029380474
L-BFGS-B,2997,3.0629266e-07,0.012483967,8.2004476e-07,0.00029379028
L-BFGS-B,2998,3.0620095e-07,0.012469398,8.2100485e-07,0.00029377485
L-BFGS-B,2999,3.0607643e-07,0.012460752,8.216378e-07,0.00029376466
L-BFGS-B,3000,3.0611736e-07,0.012455498,8.218268e-07,0.0002937466
L-BFGS-B,3001,3.059455e-07,0.012457623,8.2177104e-07,0.0002937337
L-BFGS-B,3002,3.0682898e-07,0.012472975,8.204583e-07,0.00029382284
L-BFGS-B,3003,3.061167e-07,0.012459921,8.2140025e-07,0.00029372674
L-BFGS-B,3004,3.0633728e-07,0.012465625,8.206981e-07,0.00029371155
L-BFGS-B,3005,3.0664282e-07,0.012481016,8.1921814e-07,0.0002936893
L-BFGS-B,3006,3.0662088e-07,0.012469999,8.199607e-07,0.00029368722
L-BFGS-B,3007,3.0667474e-07,0.012475318,8.19486e-07,0.00029367727
L-BFGS-B,3008,3.0665038e-07,0.012473691,8.1958996e-07,0.00029367296
L-BFGS-B,3009,3.0663577e-07,0.01246782,8.1996893e-07,0.00029366888
L-BFGS-B,3010,3.0661403e-07,0.012462953,8.2029936e-07,0.00029366653
L-BFGS-B,3011,3.082116e-07,0.012394046,8.280452e-07,0.000294379
L-BFGS-B,3012,3.066506e-07,0.012458693,8.2053725e-07,0.0002936651
L-BFGS-B,3013,3.0669722e-07,0.012458585,8.20484e-07,0.00029366303
L-BFGS-B,3014,3.0676068e-07,0.012461544,8.2020034e-07,0.0002936596
L-BFGS-B,3015,3.0682156e-07,0.01246319,8.2001765e-07,0.0002936578
L-BFGS-B,3016,3.069004e-07,0.012465128,8.1976697e-07,0.00029365136
L-BFGS-B,3017,3.0680954e-07,0.0124633685,8.199592e-07,0.00029364898
L-BFGS-B,3018,3.0689242e-07,0.012462502,8.198005e-07,0.00029362895
L-BFGS-B,3019,3.06829e-07,0.012453714,8.2035825e-07,0.00029361522
L-BFGS-B,3020,3.0664907e-07,0.012445085,8.2101326e-07,0.0002936002
L-BFGS-B,3021,3.0647976e-07,0.01244264,8.2123057e-07,0.00029358294
L-BFGS-B,3022,3.0563885e-07,0.012417641,8.239708e-07,0.00029361784
L-BFGS-B,3023,3.0628942e-07,0.012436765,8.217917e-07,0.00029357983
L-BFGS-B,3024,3.062723e-07,0.012430783,8.220489e-07,0.00029355602
L-BFGS-B,3025,3.0621734e-07,0.012432657,8.217844e-07,0.00029352683
L-BFGS-B,3026,3.0621183e-07,0.012442538,8.210333e-07,0.00029351213
L-BFGS-B,3027,3.061489e-07,0.012450724,8.2046654e-07,0.00029349956
L-BFGS-B,3028,3.0614802e-07,0.012458693,8.198759e-07,0.00029349054
L-BFGS-B,3029,3.0579625e-07,0.012457432,8.206976e-07,0.0002935484
L-BFGS-B,3030,3.06074e-07,0.012458031,8.1997933e-07,0.00029348832
L-BFGS-B,3031,3.060208e-07,0.012466057,8.194262e-07,0.0002934776
L-BFGS-B,3032,3.0605918e-07,0.012462523,8.195722e-07,0.00029346993
L-BFGS-B,3033,3.060245e-07,0.012457797,8.198341e-07,0.00029345677
L-BFGS-B,3034,3.0588805e-07,0.0124559775,8.200585e-07,0.00029345177
L-BFGS-B,3035,3.0597073e-07,0.012473269,8.1887697e-07,0.00029345986
L-BFGS-B,3036,3.0591303e-07,0.012461311,8.196628e-07,0.0002934495
L-BFGS-B,3037,3.053661e-07,0.01246116,8.2018147e-07,0.00029344374
L-BFGS-B,3038,3.0534403e-07,0.012477876,8.190198e-07,0.00029343332
L-BFGS-B,3039,3.0554898e-07,0.012474809,8.1893165e-07,0.00029342016
L-BFGS-B,3040,3.0581668e-07,0.012469677,8.1886725e-07,0.00029339938
L-BFGS-B,3041,3.0585e-07,0.012460519,8.193367e-07,0.0002933832
L-BFGS-B,3042,3.0690066e-07,0.012558696,8.1260185e-07,0.00029351233
L-BFGS-B,3043,3.0601754e-07,0.012479121,8.1786914e-07,0.0002933742
L-BFGS-B,3044,3.059015e-07,0.012470175,8.1836185e-07,0.00029334126
L-BFGS-B,3045,3.0556652e-07,0.012465865,8.187172e-07,0.0002933012
L-BFGS-B,3046,3.0547864e-07,0.012479297,8.17699e-07,0.0002932696
L-BFGS-B,3047,3.0523125e-07,0.0124954255,8.167083e-07,0.0002932452
L-BFGS-B,3048,3.0538206e-07,0.012510267,8.154359e-07,0.00029322534
L-BFGS-B,3049,3.0560327e-07,0.012528447,8.138324e-07,0.00029319985
L-BFGS-B,3050,3.0612492e-07,0.012508272,8.1477714e-07,0.000293218
L-BFGS-B,3051,3.0578698e-07,0.012517867,8.14178e-07,0.00029317342
L-BFGS-B,3052,3.060464e-07,0.01253031,8.1277983e-07,0.00029312703
L-BFGS-B,3053,3.0641633e-07,0.012530083,8.117725e-07,0.00029302915
L-BFGS-B,3054,3.065436e-07,0.012515628,8.120539e-07,0.0002929459
L-BFGS-B,3055,3.0684586e-07,0.012467422,8.141788e-07,0.0002928279
L-BFGS-B,3056,3.0692752e-07,0.0124522075,8.1453976e-07,0.00029274216
L-BFGS-B,3057,3.0706164e-07,0.012412615,8.161874e-07,0.00029261352
L-BFGS-B,3058,3.0689313e-07,0.012383694,8.1746526e-07,0.0002924907
L-BFGS-B,3059,3.067314e-07,0.012396086,8.164546e-07,0.00029243875
L-BFGS-B,3060,3.066902e-07,0.012375204,8.179493e-07,0.00029244798
L-BFGS-B,3061,3.0671276e-07,0.012384963,8.1702694e-07,0.0002924106
L-BFGS-B,3062,3.0655838e-07,0.012387434,8.1672056e-07,0.0002923662
L-BFGS-B,3063,3.0619393e-07,0.012387341,8.168177e-07,0.00029232516
L-BFGS-B,3064,3.0617397e-07,0.012377542,8.17215e-07,0.00029228377
L-BFGS-B,3065,3.0636073e-07,0.012350204,8.1820235e-07,0.0002921865
L-BFGS-B,3066,3.064373e-07,0.012312816,8.2003777e-07,0.00029209943
L-BFGS-B,3067,3.068616e-07,0.012312009,8.193388e-07,0.00029205013
L-BFGS-B,3068,3.0703583e-07,0.012307009,8.1910594e-07,0.00029199134
L-BFGS-B,3069,3.072184e-07,0.012316534,8.178085e-07,0.0002919194
L-BFGS-B,3070,3.0691592e-07,0.012322794,8.1701694e-07,0.00029181785
L-BFGS-B,3071,3.0943932e-07,0.012685885,8.0435154e-07,0.00029392747
L-BFGS-B,3072,3.0692323e-07,0.012347344,8.152177e-07,0.00029179457
L-BFGS-B,3073,3.0666854e-07,0.012337785,8.155998e-07,0.00029171808
L-BFGS-B,3074,3.0636795e-07,0.012324169,8.16492e-07,0.00029167067
L-BFGS-B,3075,3.0652123e-07,0.012320143,8.1628235e-07,0.00029162195
L-BFGS-B,3076,3.0692388e-07,0.0123079885,8.159851e-07,0.00029151625
L-BFGS-B,3077,3.0727657e-07,0.012295739,8.156181e-07,0.00029139157
L-BFGS-B,3078,3.075169e-07,0.012272637,8.156559e-07,0.00029120228
L-BFGS-B,3079,3.1203308e-07,0.012661883,8.070986e-07,0.00029448856
L-BFGS-B,3080,3.07621e-07,0.01229646,8.1368756e-07,0.0002911609
L-BFGS-B,3081,3.0771923e-07,0.012274735,8.1347355e-07,0.00029092625
L-BFGS-B,3082,3.0753304e-07,0.012243692,8.1465197e-07,0.00029076467
L-BFGS-B,3083,3.0774913e-07,0.01227879,8.1125427e-07,0.00029063842
L-BFGS-B,3084,3.0715913e-07,0.012249552,8.1335884e-07,0.00029057323
L-BFGS-B,3085,3.073623e-07,0.012258949,8.1213005e-07,0.00029051333
L-BFGS-B,3086,3.0744349e-07,0.01225946,8.1153684e-07,0.00029044165
L-BFGS-B,3087,3.080644e-07,0.012252134,8.107742e-07,0.00029034715
L-BFGS-B,3088,2.1318942e-06,0.04150503,1.4356939e-06,0.00095018855
L-BFGS-B,3089,3.1016052e-07,0.012297083,8.148061e-07,0.00029171584
L-BFGS-B,3090,3.0804958e-07,0.012250039,8.108051e-07,0.00029032858
L-BFGS-B,3091,3.0805418e-07,0.012244287,8.107584e-07,0.00029026475
L-BFGS-B,3092,3.0839672e-07,0.012247777,8.094301e-07,0.0002901518
L-BFGS-B,3093,3.0829273e-07,0.012253591,8.087004e-07,0.00029008486
L-BFGS-B,3094,3.0837626e-07,0.012259679,8.077946e-07,0.0002900224
L-BFGS-B,3095,3.0829088e-07,0.01225875,8.076279e-07,0.00028997532
L-BFGS-B,3096,3.0836452e-07,0.012256677,8.0720883e-07,0.00028990276
L-BFGS-B,3097,3.0769573e-07,0.012258831,8.072516e-07,0.0002898304
L-BFGS-B,3098,3.0731937e-07,0.0122938305,8.0461916e-07,0.0002897291
L-BFGS-B,3099,3.0894125e-07,0.012253516,8.0544396e-07,0.00028969295
L-BFGS-B,3100,3.0734645e-07,0.012272061,8.047078e-07,0.00028952875
L-BFGS-B,3101,3.0694952e-07,0.012305128,8.023624e-07,0.00028944807
L-BFGS-B,3102,3.0675653e-07,0.012321,8.009779e-07,0.00028937016
L-BFGS-B,3103,3.0655715e-07,0.0123117855,8.0146117e-07,0.0002893206
L-BFGS-B,3104,3.068939e-07,0.012314911,8.0059505e-07,0.00028927246
L-BFGS-B,3105,3.0698732e-07,0.012311242,8.005659e-07,0.0002892454
L-BFGS-B,3106,3.069003e-07,0.01230293,8.0097857e-07,0.0002892111
L-BFGS-B,3107,3.0661317e-07,0.012293869,8.016627e-07,0.00028918005
L-BFGS-B,3108,3.0639475e-07,0.012281124,8.024311e-07,0.00028913512
L-BFGS-B,3109,3.061083e-07,0.012253657,8.040047e-07,0.0002890535
L-BFGS-B,3110,3.0611233e-07,0.0122509645,8.039944e-07,0.00028902566
L-BFGS-B,3111,3.062394e-07,0.012258655,8.0321837e-07,0.00028900523
L-BFGS-B,3112,3.0632424e-07,0.012262092,8.0280097e-07,0.0002889897
L-BFGS-B,3113,3.0662994e-07,0.01226747,8.0200294e-07,0.00028896963
L-BFGS-B,3114,3.066411e-07,0.012275,8.0129985e-07,0.00028894114
L-BFGS-B,3115,3.0658472e-07,0.0122783575,8.008413e-07,0.00028889749
L-BFGS-B,3116,3.0636437e-07,0.0122828325,8.005445e-07,0.00028886466
L-BFGS-B,3117,3.0620407e-07,0.01227791,8.008008e-07,0.00028882982
L-BFGS-B,3118,3.1070834e-07,0.012732832,8.0841875e-07,0.00029519736
L-BFGS-B,3119,3.0615755e-07,0.012284447,8.0034295e-07,0.00028881954
L-BFGS-B,3120,3.0598457e-07,0.012268869,8.0116916e-07,0.00028876174
L-BFGS-B,3121,3.0588689e-07,0.012239145,8.027743e-07,0.00028869061
L-BFGS-B,3122,3.0595243e-07,0.012203948,8.045701e-07,0.00028861786
L-BFGS-B,3123,3.066307e-07,0.012095477,8.124493e-07,0.00028881678
L-BFGS-B,3124,3.060101e-07,0.01217595,8.0625483e-07,0.00028859923
L-BFGS-B,3125,3.0853698e-07,0.012252516,8.03692e-07,0.0002893595
L-BFGS-B,3126,3.0617358e-07,0.012180103,8.057464e-07,0.00028858904
L-BFGS-B,3127,3.055605e-07,0.012153999,8.0788783e-07,0.00028855723
L-BFGS-B,3128,3.0605744e-07,0.012151994,8.071119e-07,0.00028849533
L-BFGS-B,3129,3.066174e-07,0.01216887,8.050168e-07,0.00028843383
L-BFGS-B,3130,3.0631102e-07,0.012181073,8.0419164e-07,0.00028838613
L-BFGS-B,3131,3.0627072e-07,0.012194618,8.0293336e-07,0.0002883268
L-BFGS-B,3132,3.059861e-07,0.012192832,8.030902e-07,0.00028828977
L-BFGS-B,3133,3.056565e-07,0.012190869,8.0331876e-07,0.000288255
L-BFGS-B,3134,3.0539837e-07,0.012187854,8.034683e-07,0.00028820854
L-BFGS-B,3135,3.0528076e-07,0.012183793,8.035071e-07,0.0002881561
L-BFGS-B,3136,3.0632913e-07,0.012268787,7.987647e-07,0.00028845193
L-BFGS-B,3137,3.0540764e-07,0.012197206,8.023429e-07,0.00028813464
L-BFGS-B,3138,3.054131e-07,0.012196966,8.0206416e-07,0.00028809125
L-BFGS-B,3139,3.05629e-07,0.012200499,8.0143826e-07,0.00028806506
L-BFGS-B,3140,3.0566423e-07,0.012199317,8.0140217e-07,0.00028805312
L-BFGS-B,3141,3.0636093e-07,0.012214085,8.016107e-07,0.0002883366
L-BFGS-B,3142,3.05726e-07,0.012198398,8.01355e-07,0.0002880461
L-BFGS-B,3143,3.0565892e-07,0.012201156,8.0102797e-07,0.0002880146
L-BFGS-B,3144,3.0695566e-07,0.012265218,7.9592246e-07,0.00028808392
L-BFGS-B,3145,3.0603996e-07,0.012222448,7.9903106e-07,0.00028798514
L-BFGS-B,3146,3.0585625e-07,0.01220966,7.9968794e-07,0.00028792824
L-BFGS-B,3147,3.0584562e-07,0.012213192,7.9919045e-07,0.00028788732
L-BFGS-B,3148,3.0614655e-07,0.012221288,7.9796536e-07,0.00028782967
L-BFGS-B,3149,3.0618057e-07,0.012225898,7.9714124e-07,0.00028775726
L-BFGS-B,3150,3.06507e-07,0.01219969,7.9810906e-07,0.0002876893
L-BFGS-B,3151,3.0668016e-07,0.012180532,7.989975e-07,0.00028765696
L-BFGS-B,3152,3.0691706e-07,0.012151384,8.004051e-07,0.00028761214
L-BFGS-B,3153,3.0767612e-07,0.012107747,8.0269734e-07,0.00028763348
L-BFGS-B,3154,3.0719804e-07,0.0121317515,8.0127916e-07,0.0002875891
L-BFGS-B,3155,3.0716538e-07,0.012116587,8.0194457e-07,0.00028753237
L-BFGS-B,3156,3.0703148e-07,0.012106852,8.0229137e-07,0.00028746694
L-BFGS-B,3157,3.0691584e-07,0.012112152,8.017543e-07,0.00028742204
L-BFGS-B,3158,3.0675366e-07,0.012125934,8.00499e-07,0.00028734724
L-BFGS-B,3159,3.0647695e-07,0.012168426,7.9726607e-07,0.00028724573
L-BFGS-B,3160,3.0637608e-07,0.012164844,7.97188e-07,0.00028718307
L-BFGS-B,3161,3.0694918e-07,0.012145076,7.975032e-07,0.0002871186
L-BFGS-B,3162,3.0695472e-07,0.012148851,7.968539e-07,0.0002870598
L-BFGS-B,3163,3.06683e-07,0.012138258,7.973959e-07,0.00028699441
L-BFGS-B,3164,3.0688238e-07,0.012135187,7.9691426e-07,0.00028692136
L-BFGS-B,3165,3.0664933e-07,0.01211212,7.980349e-07,0.00028682384
L-BFGS-B,3166,3.070233e-07,0.0121022565,7.9796985e-07,0.00028677154
L-BFGS-B,3167,3.0547238e-07,0.012095606,8.004838e-07,0.00028684948
L-BFGS-B,3168,3.0640234e-07,0.012096491,7.986811e-07,0.00028672742
L-BFGS-B,3169,3.1392332e-07,0.012370291,8.217602e-07,0.00029405544
L-BFGS-B,3170,3.0649113e-07,0.012070314,8.001512e-07,0.0002866995
L-BFGS-B,3171,3.061217e-07,0.012074527,7.9992486e-07,0.00028665224
L-BFGS-B,3172,3.0600424e-07,0.012083395,7.992807e-07,0.0002866267
L-BFGS-B,3173,3.0569984e-07,0.012080401,7.9967214e-07,0.0002866098
L-BFGS-B,3174,3.0555432e-07,0.012084651,7.993822e-07,0.000286587
L-BFGS-B,3175,3.053638e-07,0.012090766,7.9900826e-07,0.00028656347
L-BFGS-B,3176,3.0519942e-07,0.012092005,7.9895057e-07,0.00028654255
L-BFGS-B,3177,3.0510623e-07,0.012088776,7.991099e-07,0.00028652017
L-BFGS-B,3178,3.048283e-07,0.01208454,7.9955225e-07,0.00028650247
L-BFGS-B,3179,3.0459e-07,0.01208039,7.99974e-07,0.0002864885
L-BFGS-B,3180,3.0427455e-07,0.012070608,8.00831e-07,0.0002864719
L-BFGS-B,3181,3.0419088e-07,0.012071653,8.006761e-07,0.0002864466
L-BFGS-B,3182,3.044383e-07,0.012083431,7.994067e-07,0.00028641106
L-BFGS-B,3183,3.0452722e-07,0.012087118,7.98677e-07,0.0002863518
L-BFGS-B,3184,3.0440003e-07,0.012093767,7.976468e-07,0.0002862447
L-BFGS-B,3185,3.0432835e-07,0.012089213,7.9774014e-07,0.0002862024
L-BFGS-B,3186,3.0422396e-07,0.0120860655,7.9783433e-07,0.0002861694
L-BFGS-B,3187,3.0396836e-07,0.012075335,7.9873007e-07,0.00028615812
L-BFGS-B,3188,3.0352422e-07,0.012091536,7.9855306e-07,0.00028622695
L-BFGS-B,3189,3.0382216e-07,0.0120786205,7.985801e-07,0.00028614653
L-BFGS-B,3190,3.0535918e-07,0.012096122,7.9612266e-07,0.0002861835
L-BFGS-B,3191,3.0437516e-07,0.012084238,7.9739095e-07,0.0002861073
L-BFGS-B,3192,3.0429575e-07,0.012075495,7.977311e-07,0.000286059
L-BFGS-B,3193,3.041286e-07,0.012066069,7.980494e-07,0.0002859874
L-BFGS-B,3194,3.0424854e-07,0.012063143,7.9758934e-07,0.0002859071
L-BFGS-B,3195,3.0296823e-07,0.012065277,8.0431437e-07,0.00028674517
L-BFGS-B,3196,3.039215e-07,0.012056428,7.982075e-07,0.00028588364
L-BFGS-B,3197,3.0412187e-07,0.012044708,7.980668e-07,0.0002857754
L-BFGS-B,3198,3.0449937e-07,0.012027126,7.984701e-07,0.00028571667
L-BFGS-B,3199,3.0478057e-07,0.012017089,7.986272e-07,0.00028568206
L-BFGS-B,3200,3.0490642e-07,0.012013113,7.986327e-07,0.000285662
L-BFGS-B,3201,3.049041e-07,0.012005036,7.991096e-07,0.0002856524
L-BFGS-B,3202,3.048615e-07,0.01199038,8.000683e-07,0.00028564327
L-BFGS-B,3203,3.0483463e-07,0.011984195,8.004594e-07,0.00028563605
L-BFGS-B,3204,3.0477477e-07,0.011978884,8.0083e-07,0.00028562956
L-BFGS-B,3205,3.1247828e-07,0.01257208,8.591817e-07,0.00030146976
L-BFGS-B,3206,3.047102e-07,0.011976355,8.0105775e-07,0.00028562875
L-BFGS-B,3207,3.0456286e-07,0.01199018,8.0024273e-07,0.00028562263
L-BFGS-B,3208,3.045616e-07,0.011992074,7.999901e-07,0.00028560348
L-BFGS-B,3209,3.0457014e-07,0.011992341,7.9984244e-07,0.0002855853
L-BFGS-B,3210,3.0449922e-07,0.011992823,7.997128e-07,0.00028556003
L-BFGS-B,3211,3.0434666e-07,0.011988753,7.9985506e-07,0.00028551777
L-BFGS-B,3212,3.0429396e-07,0.011990558,7.995504e-07,0.00028548224
L-BFGS-B,3213,3.0414353e-07,0.011978125,8.003435e-07,0.0002854543
L-BFGS-B,3214,3.0408847e-07,0.011964997,8.0110397e-07,0.00028542883
L-BFGS-B,3215,3.0403714e-07,0.011954963,8.017022e-07,0.00028541053
L-BFGS-B,3216,3.0411988e-07,0.011944086,8.022342e-07,0.00028539397
L-BFGS-B,3217,3.0556475e-07,0.011926981,8.0652643e-07,0.0002860835
L-BFGS-B,3218,3.04135e-07,0.011941246,8.0238533e-07,0.0002853905
L-BFGS-B,3219,3.0389688e-07,0.011920574,8.042696e-07,0.0002854307
L-BFGS-B,3220,3.0405346e-07,0.011935263,8.028274e-07,0.00028538477
L-BFGS-B,3221,3.0524828e-07,0.011916313,8.101827e-07,0.0002864778
L-BFGS-B,3222,3.0407944e-07,0.011930417,8.030861e-07,0.000285379
L-BFGS-B,3223,3.0408177e-07,0.011930699,8.029787e-07,0.00028536606
L-BFGS-B,3224,3.0400903e-07,0.011932711,8.026962e-07,0.0002853329
L-BFGS-B,3225,3.0383316e-07,0.011940373,8.02182e-07,0.000285306
L-BFGS-B,3226,3.0372357e-07,0.011922242,8.033843e-07,0.0002852886
L-BFGS-B,3227,3.0320072e-07,0.011990427,7.995401e-07,0.0002853154
L-BFGS-B,3228,3.0341621e-07,0.011949091,8.017288e-07,0.00028526268
L-BFGS-B,3229,3.0348536e-07,0.011949497,8.014537e-07,0.00028523582
L-BFGS-B,3230,3.0373926e-07,0.011944578,8.0123874e-07,0.00028519248
L-BFGS-B,3231,3.0367707e-07,0.011940567,8.0138267e-07,0.00028516463
L-BFGS-B,3232,3.035803e-07,0.011939796,8.012073e-07,0.00028511608
L-BFGS-B,3233,3.0351728e-07,0.011955019,7.9994356e-07,0.0002850693
L-BFGS-B,3234,3.0305867e-07,0.011924776,8.025387e-07,0.00028508736
L-BFGS-B,3235,3.0330253e-07,0.011942101,8.0092144e-07,0.00028505462
L-BFGS-B,3236,3.0366604e-07,0.012030919,7.9497914e-07,0.00028510595
L-BFGS-B,3237,3.0337574e-07,0.011967365,7.990822e-07,0.00028504233
L-BFGS-B,3238,3.0336926e-07,0.011990012,7.9749543e-07,0.00028502982
L-BFGS-B,3239,3.0337995e-07,0.011982711,7.978411e-07,0.00028501026
L-BFGS-B,3240,3.033946e-07,0.011986748,7.9748895e-07,0.00028500002
L-BFGS-B,3241,3.035075e-07,0.012007047,7.958137e-07,0.00028496867
L-BFGS-B,3242,3.033113e-07,0.012033914,7.9426525e-07,0.00028497563
L-BFGS-B,3243,3.0341815e-07,0.012017916,7.951319e-07,0.00028496166
L-BFGS-B,3244,3.0775914e-07,0.0125489775,7.8557514e-07,0.00028948992
L-BFGS-B,3245,3.0359496e-07,0.012042874,7.9314253e-07,0.00028493936
L-BFGS-B,3246,3.0350975e-07,0.0120407855,7.9321256e-07,0.0002849162
L-BFGS-B,3247,3.031335e-07,0.012039168,7.9330675e-07,0.0002848577
L-BFGS-B,3248,3.0293322e-07,0.012037897,7.933941e-07,0.00028482807
L-BFGS-B,3249,3.027024e-07,0.012039116,7.9319005e-07,0.00028477504
L-BFGS-B,3250,3.0265468e-07,0.0120402565,7.92835e-07,0.00028472603
L-BFGS-B,3251,3.027061e-07,0.012038351,7.926196e-07,0.00028468235
L-BFGS-B,3252,3.0278048e-07,0.012034555,7.924148e-07,0.00028462484
L-BFGS-B,3253,3.0274285e-07,0.012035035,7.91931e-07,0.0002845514
L-BFGS-B,3254,3.0271482e-07,0.012011423,7.928303e-07,0.000284446
L-BFGS-B,3255,3.0312225e-07,0.012006398,7.925435e-07,0.00028441384
L-BFGS-B,3256,3.0274302e-07,0.011981318,7.940585e-07,0.00028433342
L-BFGS-B,3257,3.0260296e-07,0.011963128,7.950823e-07,0.00028428406
L-BFGS-B,3258,3.0244814e-07,0.011945857,7.960785e-07,0.00028423755
L-BFGS-B,3259,3.0247767e-07,0.011949887,7.957917e-07,0.00028423927
L-BFGS-B,3260,3.0244024e-07,0.011946902,7.959028e-07,0.00028422047
L-BFGS-B,3261,3.02017e-07,0.011946519,7.963374e-07,0.00028421835
L-BFGS-B,3262,3.0220855e-07,0.011945431,7.960359e-07,0.000284191
L-BFGS-B,3263,3.0234636e-07,0.011940371,7.960404e-07,0.0002841617
L-BFGS-B,3264,3.0262095e-07,0.0119409105,7.953775e-07,0.00028410886
L-BFGS-B,3265,3.029267e-07,0.011934376,7.9509226e-07,0.0002840466
L-BFGS-B,3266,3.0328354e-07,0.011922969,7.947051e-07,0.00028392798
L-BFGS-B,3267,3.0355187e-07,0.0119274575,7.928105e-07,0.00028372894
L-BFGS-B,3268,3.0332876e-07,0.0118927825,7.937361e-07,0.00028348755
L-BFGS-B,3269,3.0157634e-07,0.0119747985,7.921263e-07,0.00028380338
L-BFGS-B,3270,3.0262058e-07,0.011910625,7.925292e-07,0.0002833787
L-BFGS-B,3271,3.027262e-07,0.011919798,7.906123e-07,0.00028319875
L-BFGS-B,3272,3.017764e-07,0.0119491955,7.8621355e-07,0.00028269045
L-BFGS-B,3273,3.020603e-07,0.012023494,7.797319e-07,0.00028250375
L-BFGS-B,3274,3.0148112e-07,0.011979735,7.8024505e-07,0.00028205628
L-BFGS-B,3275,3.0150147e-07,0.01193827,7.7982406e-07,0.00028158154
L-BFGS-B,3276,3.0117292e-07,0.011935524,7.7850206e-07,0.00028130648
L-BFGS-B,3277,3.0203213e-07,0.011936347,7.757428e-07,0.0002810297
L-BFGS-B,3278,3.0183105e-07,0.011942582,7.7467695e-07,0.00028090202
L-BFGS-B,3279,3.01868e-07,0.011970569,7.723187e-07,0.0002808337
L-BFGS-B,3280,3.02394e-07,0.011953641,7.724224e-07,0.00028075886
L-BFGS-B,3281,3.0263115e-07,0.011945106,7.7248455e-07,0.0002807184
L-BFGS-B,3282,3.047298e-07,0.011935492,7.7225235e-07,0.00028090223
L-BFGS-B,3283,3.0307314e-07,0.011938902,7.7226633e-07,0.0002806899
L-BFGS-B,3284,3.032076e-07,0.011937826,7.720422e-07,0.00028066573
L-BFGS-B,3285,3.0309977e-07,0.011944846,7.714936e-07,0.00028063747
L-BFGS-B,3286,3.0327718e-07,0.011943825,7.711683e-07,0.00028060505
L-BFGS-B,3287,3.0336025e-07,0.011942073,7.7086145e-07,0.00028055397
L-BFGS-B,3288,3.0349182e-07,0.01192611,7.712472e-07,0.00028047196
L-BFGS-B,3289,3.03641e-07,0.011882524,7.734973e-07,0.00028039597
L-BFGS-B,3290,3.0360343e-07,0.0118693905,7.740383e-07,0.00028034014
L-BFGS-B,3291,3.035038e-07,0.011848263,7.7479086e-07,0.00028022684
L-BFGS-B,3292,1.8095734e-06,0.2182254,1.1214776e-06,0.0026219117
L-BFGS-B,3293,3.0501184e-07,0.012105544,7.6796397e-07,0.0002820018
L-BFGS-B,3294,3.0350407e-07,0.011864257,7.737042e-07,0.0002802238
L-BFGS-B,3295,3.032278e-07,0.011845964,7.7403683e-07,0.00028004934
L-BFGS-B,3296,3.028854e-07,0.011853767,7.7274547e-07,0.00027988228
L-BFGS-B,3297,3.0267447e-07,0.011839372,7.7332714e-07,0.00027979395
L-BFGS-B,3298,3.0231928e-07,0.011850809,7.724926e-07,0.00027972987
L-BFGS-B,3299,3.0223617e-07,0.011848603,7.722218e-07,0.00027965475
L-BFGS-B,3300,3.0611136e-07,0.012097938,7.6162496e-07,0.00028113983
L-BFGS-B,3301,3.0265002e-07,0.011873245,7.6994803e-07,0.00027962215
L-BFGS-B,3302,3.0293538e-07,0.011893298,7.682656e-07,0.00027961313
L-BFGS-B,3303,3.0277192e-07,0.011880783,7.690654e-07,0.00027958344
L-BFGS-B,3304,3.0233275e-07,0.011911208,7.668745e-07,0.00027949316
L-BFGS-B,3305,3.024755e-07,0.0119150365,7.658491e-07,0.00027939904
L-BFGS-B,3306,3.0204413e-07,0.011921659,7.6505256e-07,0.0002792811
L-BFGS-B,3307,3.013311e-07,0.011876238,7.675122e-07,0.00027908888
L-BFGS-B,3308,3.0068787e-07,0.0118740965,7.6712e-07,0.00027891214
L-BFGS-B,3309,2.9936794e-07,0.011869093,7.6638855e-07,0.0002785544
L-BFGS-B,3310,2.9879254e-07,0.011894311,7.645595e-07,0.00027844592
L-BFGS-B,3311,3.026826e-07,0.011904949,7.6621586e-07,0.00027938426
L-BFGS-B,3312,2.9923265e-07,0.01185717,7.6471963e-07,0.00027816455
L-BFGS-B,3313,2.9872663e-07,0.011815434,7.66641e-07,0.00027795948
L-BFGS-B,3314,2.992913e-07,0.011800305,7.6593386e-07,0.0002777868
L-BFGS-B,3315,2.9987896e-07,0.011788365,7.653917e-07,0.00027767426
L-BFGS-B,3316,2.9997838e-07,0.01176779,7.662669e-07,0.0002776147
L-BFGS-B,3317,3.0037577e-07,0.011720196,7.688348e-07,0.00027758355
L-BFGS-B,3318,2.9947296e-07,0.011781213,7.671784e-07,0.00027780983
L-BFGS-B,3319,2.9996454e-07,0.011736056,7.6778144e-07,0.00027752246
L-BFGS-B,3320,2.9953878e-07,0.011750058,7.6663883e-07,0.00027742723
L-BFGS-B,3321,2.985109e-07,0.011779799,7.6462806e-07,0.00027726882
L-BFGS-B,3322,2.9819395e-07,0.01177493,7.645775e-07,0.00027716503
L-BFGS-B,3323,2.9762256e-07,0.011753232,7.6507007e-07,0.00027693622
L-BFGS-B,3324,2.977321e-07,0.011717953,7.717104e-07,0.0002775959
L-BFGS-B,3325,2.9748463e-07,0.011737896,7.655899e-07,0.00027684015
L-BFGS-B,3326,2.961537e-07,0.011736917,7.660541e-07,0.00027670033
L-BFGS-B,3327,2.9652378e-07,0.011723502,7.6481734e-07,0.00027643619
L-BFGS-B,3328,2.967766e-07,0.011698275,7.6471827e-07,0.000276207
L-BFGS-B,3329,2.9701488e-07,0.011713311,7.6303985e-07,0.00027614133
L-BFGS-B,3330,2.9714795e-07,0.011707179,7.6189076e-07,0.0002759276
L-BFGS-B,3331,2.9628575e-07,0.01172218,7.6136774e-07,0.00027586982
L-BFGS-B,3332,2.964208e-07,0.01171591,7.6092743e-07,0.00027576133
L-BFGS-B,3333,2.9601526e-07,0.0117143225,7.605077e-07,0.00027562166
L-BFGS-B,3334,2.959121e-07,0.011715701,7.600528e-07,0.00027555172
L-BFGS-B,3335,2.9513558e-07,0.011701902,7.613557e-07,0.0002754927
L-BFGS-B,3336,2.9490727e-07,0.0116885565,7.621185e-07,0.00027543944
L-BFGS-B,3337,2.9486765e-07,0.011663749,7.634547e-07,0.00027538586
L-BFGS-B,3338,2.9475544e-07,0.011643244,7.6461015e-07,0.00027533728
L-BFGS-B,3339,2.9455214e-07,0.011622355,7.65768e-07,0.00027527157
L-BFGS-B,3340,2.94308e-07,0.011592463,7.673626e-07,0.0002751752
L-BFGS-B,3341,2.933129e-07,0.011599175,7.7817884e-07,0.0002767155
L-BFGS-B,3342,2.9400223e-07,0.011586695,7.679131e-07,0.00027515425
L-BFGS-B,3343,2.9368445e-07,0.01159547,7.669479e-07,0.00027504953
L-BFGS-B,3344,2.925643e-07,0.011575679,7.7000215e-07,0.00027514176
L-BFGS-B,3345,2.9307668e-07,0.011582742,7.679518e-07,0.00027498172
L-BFGS-B,3346,2.9252197e-07,0.011588289,7.6752633e-07,0.00027489013
L-BFGS-B,3347,2.9193106e-07,0.011612822,7.6580085e-07,0.000274788
L-BFGS-B,3348,2.9149794e-07,0.011648179,7.6415336e-07,0.0002748295
L-BFGS-B,3349,2.9167327e-07,0.011624881,7.6496497e-07,0.00027474455
L-BFGS-B,3350,2.9079982e-07,0.011640543,7.6408276e-07,0.00027463783
L-BFGS-B,3351,2.9092516e-07,0.011726888,7.57853e-07,0.00027458562
L-BFGS-B,3352,2.9053163e-07,0.011700252,7.5923805e-07,0.00027446798
L-BFGS-B,3353,2.905783e-07,0.0116584,7.613591e-07,0.00027437462
L-BFGS-B,3354,2.908104e-07,0.011619902,7.625959e-07,0.00027420998
L-BFGS-B,3355,2.9105192e-07,0.011600431,7.62621e-07,0.00027405526
L-BFGS-B,3356,2.9117504e-07,0.011591854,7.627476e-07,0.00027400692
L-BFGS-B,3357,2.9100994e-07,0.011653778,7.5943245e-07,0.00027410412
L-BFGS-B,3358,2.9109717e-07,0.011606385,7.6176406e-07,0.00027399304
L-BFGS-B,3359,2.910783e-07,0.011592753,7.624811e-07,0.00027396143
L-BFGS-B,3360,2.9112874e-07,0.011582975,7.629226e-07,0.00027393745
L-BFGS-B,3361,2.9105306e-07,0.011580555,7.630546e-07,0.00027392167
L-BFGS-B,3362,2.910197e-07,0.011576395,7.632719e-07,0.00027390767
L-BFGS-B,3363,2.909388e-07,0.011572457,7.634537e-07,0.00027388346
L-BFGS-B,3364,2.9125022e-07,0.011565293,7.634667e-07,0.00027386047
L-BFGS-B,3365,2.9117396e-07,0.011561333,7.6401375e-07,0.0002738915
L-BFGS-B,3366,2.911981e-07,0.011562545,7.6357816e-07,0.00027384187
L-BFGS-B,3367,2.913097e-07,0.011565941,7.630995e-07,0.0002738208
L-BFGS-B,3368,2.912931e-07,0.011568255,7.626668e-07,0.00027377653
L-BFGS-B,3369,2.9140972e-07,0.011580655,7.615248e-07,0.00027374673
L-BFGS-B,3370,2.9124666e-07,0.011579316,7.6161217e-07,0.000273722
L-BFGS-B,3371,2.9090126e-07,0.011535984,7.648185e-07,0.0002737178
L-BFGS-B,3372,2.9105055e-07,0.011555918,7.6322704e-07,0.0002737008
L-BFGS-B,3373,2.902253e-07,0.011568923,7.6313023e-07,0.00027369257
L-BFGS-B,3374,2.904851e-07,0.011553908,7.6361505e-07,0.00027365412
L-BFGS-B,3375,2.9062244e-07,0.011541667,7.6413755e-07,0.00027363066
L-BFGS-B,3376,2.9087497e-07,0.011505514,7.6611923e-07,0.00027360427
L-BFGS-B,3377,2.9072604e-07,0.011504843,7.659766e-07,0.00027355383
L-BFGS-B,3378,2.9027677e-07,0.011501784,7.658898e-07,0.00027344283
L-BFGS-B,3379,2.898314e-07,0.011422117,7.728175e-07,0.0002736185
L-BFGS-B,3380,2.9006844e-07,0.011471277,7.6779537e-07,0.00027339233
L-BFGS-B,3381,2.8982802e-07,0.011465472,7.680769e-07,0.00027334047
L-BFGS-B,3382,2.897336e-07,0.011470834,7.6712035e-07,0.00027323642
L-BFGS-B,3383,2.9002874e-07,0.011462804,7.6673786e-07,0.00027314303
L-BFGS-B,3384,2.905917e-07,0.011459513,7.6583353e-07,0.0002730589
L-BFGS-B,3385,2.9105323e-07,0.011456958,7.651991e-07,0.00027300743
L-BFGS-B,3386,2.922154e-07,0.011516353,7.61458e-07,0.00027321454
L-BFGS-B,3387,2.912212e-07,0.011466945,7.642888e-07,0.00027299594
L-BFGS-B,3388,2.9177744e-07,0.011447664,7.648805e-07,0.00027297533
L-BFGS-B,3389,2.9148015e-07,0.011459527,7.644436e-07,0.00027298383
L-BFGS-B,3390,2.9162246e-07,0.011452479,7.645875e-07,0.00027295627
L-BFGS-B,3391,2.9121375e-07,0.011455861,7.64558e-07,0.00027292437
L-BFGS-B,3392,2.9114815e-07,0.011431409,7.677338e-07,0.00027314638
L-BFGS-B,3393,2.9115262e-07,0.011447235,7.65032e-07,0.00027290004
L-BFGS-B,3394,2.9099706e-07,0.01145408,7.642678e-07,0.00027283054
L-BFGS-B,3395,2.911851e-07,0.011461451,7.632049e-07,0.000272773
L-BFGS-B,3396,2.915806e-07,0.011458139,7.626809e-07,0.00027272062
L-BFGS-B,3397,2.9204827e-07,0.011447225,7.627002e-07,0.00027268453
L-BFGS-B,3398,2.9154756e-07,0.011473978,7.621982e-07,0.00027280164
L-BFGS-B,3399,2.9190318e-07,0.011452387,7.624051e-07,0.00027267012
L-BFGS-B,3400,2.9225149e-07,0.011450949,7.617777e-07,0.00027261386
L-BFGS-B,3401,2.9590592e-07,0.011380608,7.8141704e-07,0.0002754045
L-BFGS-B,3402,2.9235895e-07,0.01143114,7.6263507e-07,0.0002725605
L-BFGS-B,3403,2.9256069e-07,0.011443242,7.608124e-07,0.00027243837
L-BFGS-B,3404,2.9235946e-07,0.011474591,7.5768315e-07,0.0002722523
L-BFGS-B,3405,2.9188877e-07,0.011504518,7.5543574e-07,0.00027214387
L-BFGS-B,3406,2.917037e-07,0.011525234,7.535797e-07,0.00027204485
L-BFGS-B,3407,2.918646e-07,0.011531945,7.526345e-07,0.00027199433
L-BFGS-B,3408,2.9197852e-07,0.011527069,7.5263085e-07,0.00027196208
L-BFGS-B,3409,2.9211313e-07,0.01153141,7.5199364e-07,0.00027193013
L-BFGS-B,3410,2.9200677e-07,0.011547494,7.507205e-07,0.00027188403
L-BFGS-B,3411,2.9240584e-07,0.011552781,7.496775e-07,0.0002718403
L-BFGS-B,3412,2.915359e-07,0.011549381,7.5057324e-07,0.00027181016
L-BFGS-B,3413,2.9183207e-07,0.011547535,7.499712e-07,0.00027174584
L-BFGS-B,3414,2.9032344e-07,0.011585216,7.559745e-07,0.00027279684
L-BFGS-B,3415,2.914093e-07,0.011543215,7.5041305e-07,0.0002717055
L-BFGS-B,3416,2.9087548e-07,0.011547544,7.5021757e-07,0.00027163938
L-BFGS-B,3417,2.908334e-07,0.011534058,7.5054504e-07,0.00027154735
L-BFGS-B,3418,2.9064498e-07,0.011525775,7.507948e-07,0.00027147372
L-BFGS-B,3419,2.907901e-07,0.011501965,7.519729e-07,0.0002714341
L-BFGS-B,3420,2.9063258e-07,0.011496329,7.522622e-07,0.00027139753
L-BFGS-B,3421,2.9039418e-07,0.011489831,7.526334e-07,0.00027135244
L-BFGS-B,3422,2.903283e-07,0.011476766,7.5328245e-07,0.00027130928
L-BFGS-B,3423,2.9022664e-07,0.011452755,7.541617e-07,0.0002711858
L-BFGS-B,3424,2.9067877e-07,0.011399056,7.56665e-07,0.0002710921
L-BFGS-B,3425,2.9070222e-07,0.011430324,7.545297e-07,0.00027108804
L-BFGS-B,3426,2.9059856e-07,0.011404311,7.553849e-07,0.00027094063
L-BFGS-B,3427,2.9053552e-07,0.01144888,7.5251893e-07,0.00027094697
L-BFGS-B,3428,2.90454e-07,0.011421477,7.537508e-07,0.00027084548
L-BFGS-B,3429,2.9079126e-07,0.011490906,7.4860907e-07,0.00027081912
L-BFGS-B,3430,2.9047615e-07,0.011452293,7.510139e-07,0.00027074642
L-BFGS-B,3431,2.9077728e-07,0.0114821745,7.4798913e-07,0.00027063672
L-BFGS-B,3432,2.9110956e-07,0.011480801,7.4732367e-07,0.000270573
L-BFGS-B,3433,2.91316e-07,0.01147282,7.4726245e-07,0.00027051495
L-BFGS-B,3434,2.912728e-07,0.011465227,7.473223e-07,0.00027044152
L-BFGS-B,3435,2.913153e-07,0.0114509845,7.4806985e-07,0.00027041763
L-BFGS-B,3436,2.9106957e-07,0.011446508,7.483514e-07,0.00027037822
L-BFGS-B,3437,2.9100113e-07,0.011444259,7.483897e-07,0.00027035121
L-BFGS-B,3438,2.9080238e-07,0.011429367,7.493502e-07,0.00027031655
L-BFGS-B,3439,3.0993655e-07,0.01253164,7.531954e-07,0.0002847862
L-BFGS-B,3440,2.9083736e-07,0.011437704,7.4870616e-07,0.00027030858
L-BFGS-B,3441,2.9066211e-07,0.011455165,7.473457e-07,0.0002702528
L-BFGS-B,3442,2.908757e-07,0.011459697,7.464296e-07,0.00027019277
L-BFGS-B,3443,2.9121335e-07,0.01146248,7.4544096e-07,0.00027012295
L-BFGS-B,3444,2.9137013e-07,0.011456888,7.452908e-07,0.000270068
L-BFGS-B,3445,2.912392e-07,0.011452367,7.452246e-07,0.00026999324
L-BFGS-B,3446,2.914265e-07,0.01145781,7.4474303e-07,0.0002700035
L-BFGS-B,3447,2.9128597e-07,0.011453787,7.4486906e-07,0.00026996114
L-BFGS-B,3448,2.9037471e-07,0.01147686,7.45592e-07,0.0002701636
L-BFGS-B,3449,2.9092462e-07,0.011457105,7.4463844e-07,0.0002699055
L-BFGS-B,3450,2.9088977e-07,0.011482616,7.4276596e-07,0.00026987452
L-BFGS-B,3451,2.9080806e-07,0.011472332,7.433187e-07,0.00026984233
L-BFGS-B,3452,2.9063048e-07,0.011472979,7.432819e-07,0.00026981664
L-BFGS-B,3453,2.911687e-07,0.011472445,7.424847e-07,0.00026977246
L-BFGS-B,3454,2.908425e-07,0.011472211,7.4247464e-07,0.0002697197
L-BFGS-B,3455,2.9099954e-07,0.011491154,7.407424e-07,0.00026967283
L-BFGS-B,3456,2.9057136e-07,0.011473328,7.417143e-07,0.00026957612
L-BFGS-B,3457,2.903676e-07,0.011457038,7.4292956e-07,0.00026956495
L-BFGS-B,3458,2.90555e-07,0.011455663,7.424145e-07,0.00026950205
L-BFGS-B,3459,2.906272e-07,0.011455879,7.421348e-07,0.00026947306
L-BFGS-B,3460,2.9061843e-07,0.011452895,7.421743e-07,0.00026944786
L-BFGS-B,3461,2.9050878e-07,0.0114570595,7.418751e-07,0.0002694282
L-BFGS-B,3462,2.9038276e-07,0.011464712,7.413779e-07,0.00026941122
L-BFGS-B,3463,2.903144e-07,0.0114789475,7.403757e-07,0.00026939297
L-BFGS-B,3464,2.9027007e-07,0.011484665,7.3990384e-07,0.00026937271
L-BFGS-B,3465,2.9037804e-07,0.011490838,7.39174e-07,0.0002693412
L-BFGS-B,3466,2.9049514e-07,0.011493073,7.3861213e-07,0.0002692968
L-BFGS-B,3467,2.9061164e-07,0.011484511,7.387457e-07,0.00026924873
L-BFGS-B,3468,2.9083577e-07,0.011477743,7.3872155e-07,0.000269211
L-BFGS-B,3469,2.9091893e-07,0.011466562,7.391867e-07,0.00026918144
L-BFGS-B,3470,2.9116399e-07,0.011464397,7.3892045e-07,0.00026915665
L-BFGS-B,3471,2.912931e-07,0.011465538,7.385871e-07,0.0002691374
L-BFGS-B,3472,2.9154123e-07,0.011465716,7.383103e-07,0.00026913488
L-BFGS-B,3473,2.9143928e-07,0.011468815,7.381191e-07,0.0002691219
L-BFGS-B,3474,2.9055903e-07,0.01141877,7.439534e-07,0.00026936457
L-BFGS-B,3475,2.9127978e-07,0.0114609115,7.3876714e-07,0.00026911614
L-BFGS-B,3476,2.9124132e-07,0.011461557,7.386963e-07,0.0002691062
L-BFGS-B,3477,2.913732e-07,0.011469285,7.378966e-07,0.0002690833
L-BFGS-B,3478,2.9104268e-07,0.011504667,7.3723595e-07,0.00026928846
L-BFGS-B,3479,2.9127256e-07,0.011473314,7.376641e-07,0.00026907364
L-BFGS-B,3480,2.910803e-07,0.0114739435,7.376173e-07,0.00026904407
L-BFGS-B,3481,2.9091458e-07,0.011485664,7.3665205e-07,0.00026899163
L-BFGS-B,3482,2.9075406e-07,0.011500727,7.3546346e-07,0.0002689399
L-BFGS-B,3483,2.9058225e-07,0.011527816,7.336977e-07,0.00026892015
L-BFGS-B,3484,2.9065066e-07,0.011528747,7.3335246e-07,0.00026888793
L-BFGS-B,3485,2.9062892e-07,0.011521717,7.336981e-07,0.0002688662
L-BFGS-B,3486,2.9051907e-07,0.011518746,7.337455e-07,0.00026882713
L-BFGS-B,3487,2.904566e-07,0.011516534,7.3373945e-07,0.00026879474
L-BFGS-B,3488,2.904249e-07,0.011509448,7.3405926e-07,0.00026876712
L-BFGS-B,3489,2.9075585e-07,0.011507965,7.343079e-07,0.0002688392
L-BFGS-B,3490,2.9048013e-07,0.011508292,7.3402987e-07,0.0002687594
L-BFGS-B,3491,2.9029061e-07,0.01150458,7.343531e-07,0.00026874235
L-BFGS-B,3492,2.9043784e-07,0.011505638,7.3406864e-07,0.00026873234
L-BFGS-B,3493,2.9070065e-07,0.011516527,7.3297275e-07,0.00026871628
L-BFGS-B,3494,2.906526e-07,0.011518577,7.328037e-07,0.0002687042
L-BFGS-B,3495,2.906621e-07,0.011523208,7.324081e-07,0.00026869262
L-BFGS-B,3496,2.90611e-07,0.011533375,7.318176e-07,0.00026869803
L-BFGS-B,3497,2.9063247e-07,0.011527112,7.321284e-07,0.00026868522
L-BFGS-B,3498,2.9054516e-07,0.011531759,7.318328e-07,0.00026867428
L-BFGS-B,3499,2.9054056e-07,0.0115277385,7.320457e-07,0.00026866532
L-BFGS-B,3500,2.9238106e-07,0.011459935,7.384592e-07,0.0002692254
L-BFGS-B,3501,2.9065257e-07,0.011519449,7.3244354e-07,0.0002686589
L-BFGS-B,3502,2.9056497e-07,0.011511521,7.329594e-07,0.00026864387
L-BFGS-B,3503,2.9054138e-07,0.011504365,7.332936e-07,0.0002686189
L-BFGS-B,3504,2.9051944e-07,0.011499081,7.3352913e-07,0.0002685981
L-BFGS-B,3505,2.9053123e-07,0.011497607,7.3345984e-07,0.00026857475
L-BFGS-B,3506,2.9054388e-07,0.011498284,7.3323366e-07,0.00026854948
L-BFGS-B,3507,2.9059052e-07,0.011499336,7.329062e-07,0.00026851788
L-BFGS-B,3508,2.9029238e-07,0.011507827,7.326013e-07,0.00026851232
L-BFGS-B,3509,2.9012475e-07,0.011515501,7.3207406e-07,0.00026848482
L-BFGS-B,3510,2.9035985e-07,0.01150216,7.324695e-07,0.000268446
L-BFGS-B,3511,2.905391e-07,0.011490483,7.328991e-07,0.00026842055
L-BFGS-B,3512,2.904488e-07,0.011478081,7.336595e-07,0.00026839707
L-BFGS-B,3513,2.8998303e-07,0.0114663625,7.348467e-07,0.00026838807
L-BFGS-B,3514,2.9025514e-07,0.011467551,7.3431426e-07,0.00026836092
L-BFGS-B,3515,2.9047106e-07,0.011461049,7.3435655e-07,0.00026833464
L-BFGS-B,3516,2.90589e-07,0.011455775,7.3445517e-07,0.00026831438
L-BFGS-B,3517,2.9072558e-07,0.011445146,7.349306e-07,0.0002682999
L-BFGS-B,3518,2.907276e-07,0.011446437,7.34728e-07,0.00026828272
L-BFGS-B,3519,2.9072606e-07,0.011442045,7.349066e-07,0.00026826534
L-BFGS-B,3520,2.9189388e-07,0.011458319,7.3765875e-07,0.00026901608
L-BFGS-B,3521,2.9076006e-07,0.011439979,7.349647e-07,0.0002682585
L-BFGS-B,3522,2.90689e-07,0.011417196,7.3638046e-07,0.00026823237
L-BFGS-B,3523,2.9064333e-07,0.011417146,7.3631077e-07,0.00026821456
L-BFGS-B,3524,2.9066757e-07,0.011417586,7.361654e-07,0.00026820082
L-BFGS-B,3525,2.9068883e-07,0.011417807,7.360465e-07,0.00026818836
L-BFGS-B,3526,2.9072922e-07,0.011419225,7.358291e-07,0.000268176
L-BFGS-B,3527,2.907238e-07,0.011427734,7.351438e-07,0.00026815748
L-BFGS-B,3528,2.9065745e-07,0.011434581,7.3468686e-07,0.00026814744
L-BFGS-B,3529,2.9050668e-07,0.011443453,7.3415447e-07,0.0002681337
L-BFGS-B,3530,2.8970013e-07,0.011475821,7.3314084e-07,0.00026818435
L-BFGS-B,3531,2.9027532e-07,0.011450954,7.338462e-07,0.00026812777
L-BFGS-B,3532,2.9021126e-07,0.011461522,7.3309405e-07,0.000268111
L-BFGS-B,3533,2.8996635e-07,0.01146514,7.329629e-07,0.00026809078
L-BFGS-B,3534,2.89725e-07,0.011463475,7.3315823e-07,0.00026806723
L-BFGS-B,3535,2.897079e-07,0.011474842,7.32931e-07,0.00026814427
L-BFGS-B,3536,2.8968572e-07,0.011464847,7.3305057e-07,0.0002680589
L-BFGS-B,3537,2.894298e-07,0.011458555,7.3360656e-07,0.000268041
L-BFGS-B,3538,2.892303e-07,0.011439938,7.349219e-07,0.0002680222
L-BFGS-B,3539,2.892363e-07,0.011421581,7.363746e-07,0.00026805745
L-BFGS-B,3540,2.8921818e-07,0.011435444,7.352149e-07,0.0002680194
L-BFGS-B,3541,2.8918794e-07,0.0114277415,7.35687e-07,0.00026800865
L-BFGS-B,3542,2.8915557e-07,0.011415211,7.364424e-07,0.0002679918
L-BFGS-B,3543,2.8913357e-07,0.011421973,7.359903e-07,0.0002679883
L-BFGS-B,3544,2.8906194e-07,0.011402879,7.3713807e-07,0.0002679588
L-BFGS-B,3545,2.8902585e-07,0.011414532,7.362611e-07,0.00026793836
L-BFGS-B,3546,2.8906595e-07,0.011424805,7.354799e-07,0.00026792992
L-BFGS-B,3547,2.890159e-07,0.011432998,7.3492413e-07,0.00026792096
L-BFGS-B,3548,2.8900095e-07,0.011431935,7.349743e-07,0.00026791563
L-BFGS-B,3549,2.8899544e-07,0.011428825,7.351124e-07,0.00026790443
L-BFGS-B,3550,2.8862883e-07,0.011393139,7.3867574e-07,0.00026802707
L-BFGS-B,3551,2.8894078e-07,0.011424663,7.3543174e-07,0.0002679025
L-BFGS-B,3552,2.891019e-07,0.011418434,7.3670344e-07,0.00026805513
L-BFGS-B,3553,2.8894337e-07,0.011423748,7.354782e-07,0.0002679007
L-BFGS-B,3554,2.8894914e-07,0.011417267,7.358111e-07,0.0002678867
L-BFGS-B,3555,2.8893132e-07,0.0113888765,7.3747555e-07,0.00026784977
L-BFGS-B,3556,2.889789e-07,0.011370815,7.3851066e-07,0.00026783158
L-BFGS-B,3557,2.8876605e-07,0.011350042,7.3993704e-07,0.00026780588
L-BFGS-B,3558,2.882275e-07,0.011350511,7.4051235e-07,0.00026781607
L-BFGS-B,3559,2.8851565e-07,0.011349515,7.4012337e-07,0.000267791
L-BFGS-B,3560,2.8863195e-07,0.011308146,7.428457e-07,0.00026780312
L-BFGS-B,3561,2.8856064e-07,0.011328725,7.412193e-07,0.00026775425
L-BFGS-B,3562,2.887077e-07,0.011326889,7.40914e-07,0.00026771214
L-BFGS-B,3563,2.8847927e-07,0.0113198245,7.4132157e-07,0.00026766837
L-BFGS-B,3564,2.8841512e-07,0.011316569,7.4132555e-07,0.00026762678
L-BFGS-B,3565,2.883244e-07,0.011305946,7.418098e-07,0.00026757957
L-BFGS-B,3566,2.882187e-07,0.011302606,7.4174494e-07,0.0002675206
L-BFGS-B,3567,2.882376e-07,0.011297371,7.4180014e-07,0.00026747936
L-BFGS-B,3568,2.8814904e-07,0.011291581,7.4201813e-07,0.0002674409
L-BFGS-B,3569,2.8822498e-07,0.0112947365,7.4150813e-07,0.00026740733
L-BFGS-B,3570,2.880685e-07,0.011280529,7.423696e-07,0.000267371
L-BFGS-B,3571,2.881476e-07,0.011281321,7.4203865e-07,0.00026734115
L-BFGS-B,3572,2.8971743e-07,0.011254949,7.494562e-07,0.00026842553
L-BFGS-B,3573,2.8815825e-07,0.011278045,7.4221987e-07,0.00026733716
L-BFGS-B,3574,2.8777134e-07,0.011261748,7.4351277e-07,0.0002673101
L-BFGS-B,3575,2.8771876e-07,0.011257897,7.436019e-07,0.00026727706
L-BFGS-B,3576,2.87468e-07,0.01125341,7.4358127e-07,0.0002671915
L-BFGS-B,3577,2.8733132e-07,0.011253053,7.433902e-07,0.00026713876
L-BFGS-B,3578,2.8699705e-07,0.011237148,7.468187e-07,0.00026744383
L-BFGS-B,3579,2.8722766e-07,0.011248129,7.437435e-07,0.00026712698
L-BFGS-B,3580,2.871511e-07,0.011251061,7.430415e-07,0.0002670395
L-BFGS-B,3581,2.960208e-07,0.011638592,7.50233e-07,0.000273324
L-BFGS-B,3582,2.8721837e-07,0.011254946,7.4265944e-07,0.00026703114
L-BFGS-B,3583,2.8712765e-07,0.011268294,7.4112694e-07,0.00026692112
L-BFGS-B,3584,2.8647935e-07,0.011265535,7.4085875e-07,0.00026675605
L-BFGS-B,3585,2.868697e-07,0.011299913,7.378552e-07,0.00026670785
L-BFGS-B,3586,2.8705853e-07,0.011316664,7.3587796e-07,0.00026660712
L-BFGS-B,3587,2.8616472e-07,0.011300301,7.3742945e-07,0.00026654213
L-BFGS-B,3588,2.8658215e-07,0.011285776,7.375742e-07,0.0002664812
L-BFGS-B,3589,2.869846e-07,0.011604287,7.281753e-07,0.00026831686
L-BFGS-B,3590,2.8626482e-07,0.011316173,7.3552087e-07,0.0002664296
L-BFGS-B,3591,2.864541e-07,0.011343712,7.3320456e-07,0.0002663859
L-BFGS-B,3592,2.8639434e-07,0.011347602,7.329197e-07,0.00026637313
L-BFGS-B,3593,2.8638812e-07,0.011353995,7.323886e-07,0.00026635645
L-BFGS-B,3594,2.8642387e-07,0.011365345,7.31349e-07,0.00026631937
L-BFGS-B,3595,2.864855e-07,0.0113749765,7.304076e-07,0.00026628372
L-BFGS-B,3596,2.8650766e-07,0.011379425,7.298437e-07,0.00026624696
L-BFGS-B,3597,2.8655975e-07,0.011381064,7.2953264e-07,0.0002662245
L-BFGS-B,3598,2.8658044e-07,0.011373311,7.2992316e-07,0.00026620866
L-BFGS-B,3599,2.8656405e-07,0.011383491,7.291911e-07,0.00026619819
L-BFGS-B,3600,2.8656967e-07,0.011398578,7.2810815e-07,0.00026618745
L-BFGS-B,3601,2.8650234e-07,0.011406852,7.2754887e-07,0.0002661762
L-BFGS-B,3602,2.864653e-07,0.011417739,7.2677494e-07,0.00026616344
L-BFGS-B,3603,2.8632414e-07,0.01141914,7.2672583e-07,0.00026614888
L-BFGS-B,3604,2.8635418e-07,0.011425199,7.2618303e-07,0.00026613259
L-BFGS-B,3605,2.863004e-07,0.011441097,7.251326e-07,0.00026612592
L-BFGS-B,3606,2.8632908e-07,0.01143192,7.2566195e-07,0.00026611786
L-BFGS-B,3607,2.862887e-07,0.011428025,7.257033e-07,0.00026607903
L-BFGS-B,3608,2.864069e-07,0.011425591,7.2559584e-07,0.00026605633
L-BFGS-B,3609,2.86611e-07,0.011421623,7.2544e-07,0.00026602388
L-BFGS-B,3610,2.86653e-07,0.011427754,7.2476195e-07,0.00026598977
L-BFGS-B,3611,2.867668e-07,0.011431941,7.240881e-07,0.00026594763
L-BFGS-B,3612,2.865961e-07,0.0114517715,7.227144e-07,0.0002659143
L-BFGS-B,3613,2.864044e-07,0.011457347,7.2233325e-07,0.00026588413
L-BFGS-B,3614,2.8623612e-07,0.011456786,7.2237896e-07,0.00026586012
L-BFGS-B,3615,2.861537e-07,0.01145262,7.2259746e-07,0.00026583887
L-BFGS-B,3616,2.862177e-07,0.011411103,7.2497517e-07,0.00026578997
L-BFGS-B,3617,2.846395e-07,0.011420595,7.269196e-07,0.00026593983
L-BFGS-B,3618,2.856087e-07,0.011409532,7.253436e-07,0.00026573817
L-BFGS-B,3619,2.8570537e-07,0.011408583,7.2498005e-07,0.00026568864
L-BFGS-B,3620,2.8540174e-07,0.011407576,7.2491156e-07,0.00026562274
L-BFGS-B,3621,2.853926e-07,0.0114020975,7.251029e-07,0.0002655953
L-BFGS-B,3622,2.8695894e-07,0.011409499,7.245457e-07,0.00026582068
L-BFGS-B,3623,2.8564753e-07,0.011400421,7.2478514e-07,0.0002655691
L-BFGS-B,3624,2.8543815e-07,0.011396804,7.2491406e-07,0.00026552088
L-BFGS-B,3625,2.8504425e-07,0.0114191985,7.233167e-07,0.00026544614
L-BFGS-B,3626,2.8505565e-07,0.011444118,7.212214e-07,0.00026538273
L-BFGS-B,3627,2.8494975e-07,0.011476712,7.187497e-07,0.00026532204
L-BFGS-B,3628,2.8508663e-07,0.011493558,7.17265e-07,0.00026528834
L-BFGS-B,3629,2.8536562e-07,0.011497984,7.1653784e-07,0.00026526535
L-BFGS-B,3630,2.858478e-07,0.011490354,7.164182e-07,0.00026524343
L-BFGS-B,3631,2.86233e-07,0.011513244,7.1457714e-07,0.00026525394
L-BFGS-B,3632,2.8599987e-07,0.011499429,7.1550926e-07,0.00026522067
L-BFGS-B,3633,2.8603284e-07,0.011487396,7.1610515e-07,0.00026519466
L-BFGS-B,3634,2.8595446e-07,0.011479363,7.165701e-07,0.0002651723
L-BFGS-B,3635,2.8594505e-07,0.011477736,7.1653744e-07,0.00026514972
L-BFGS-B,3636,2.8591774e-07,0.011479653,7.1620127e-07,0.0002651144
L-BFGS-B,3637,2.8577892e-07,0.011477933,7.160635e-07,0.00026505569
L-BFGS-B,3638,2.8538642e-07,0.011472201,7.160481e-07,0.00026493717
L-BFGS-B,3639,2.852165e-07,0.01147273,7.1563113e-07,0.00026485443
L-BFGS-B,3640,2.8451782e-07,0.011457165,7.171433e-07,0.00026482082
L-BFGS-B,3641,2.848954e-07,0.011456081,7.1647173e-07,0.00026476587
L-BFGS-B,3642,2.8507503e-07,0.011464192,7.1563414e-07,0.0002647483
L-BFGS-B,3643,2.8512454e-07,0.011469215,7.15058e-07,0.00026471954
L-BFGS-B,3644,2.8505116e-07,0.011469567,7.149159e-07,0.00026469075
L-BFGS-B,3645,2.849814e-07,0.011465178,7.151483e-07,0.00026467122
L-BFGS-B,3646,2.8432734e-07,0.011466245,7.15968e-07,0.00026470676
L-BFGS-B,3647,2.8477447e-07,0.011464697,7.153436e-07,0.0002646647
L-BFGS-B,3648,2.8481668e-07,0.011455865,7.156997e-07,0.0002646361
L-BFGS-B,3649,2.848167e-07,0.01145199,7.157804e-07,0.00026460947
L-BFGS-B,3650,2.8479138e-07,0.011456267,7.152171e-07,0.00026456395
L-BFGS-B,3651,2.8495833e-07,0.011467534,7.139347e-07,0.0002645093
L-BFGS-B,3652,2.8469364e-07,0.011487185,7.1256073e-07,0.00026446
L-BFGS-B,3653,2.8448693e-07,0.01149882,7.116898e-07,0.0002644147
L-BFGS-B,3654,2.844004e-07,0.011506918,7.10915e-07,0.00026436648
L-BFGS-B,3655,2.8413243e-07,0.011503437,7.109235e-07,0.00026429276
L-BFGS-B,3656,3.0285938e-07,0.011644534,7.352228e-07,0.00027215766
L-BFGS-B,3657,2.8424571e-07,0.011496953,7.1120206e-07,0.0002642867
L-BFGS-B,3658,2.8425907e-07,0.0114966445,7.1101846e-07,0.00026425807
L-BFGS-B,3659,2.8433254e-07,0.01148153,7.111581e-07,0.0002641389
L-BFGS-B,3660,2.8423128e-07,0.011452679,7.127752e-07,0.00026407774
L-BFGS-B,3661,2.8448747e-07,0.011424189,7.137279e-07,0.0002639742
L-BFGS-B,3662,2.8517775e-07,0.011328735,7.1854436e-07,0.00026384566
L-BFGS-B,3663,2.8460067e-07,0.0113023175,7.196411e-07,0.00026365946
L-BFGS-B,3664,2.8481526e-07,0.011271892,7.198265e-07,0.00026341516
L-BFGS-B,3665,2.89179e-07,0.011450152,7.213381e-07,0.0002660791
L-BFGS-B,3666,2.848685e-07,0.011269893,7.192488e-07,0.00026331653
L-BFGS-B,3667,2.8342043e-07,0.011277516,7.1906555e-07,0.00026314807
L-BFGS-B,3668,2.8353926e-07,0.011297352,7.164694e-07,0.00026297482
L-BFGS-B,3669,2.8346668e-07,0.011281732,7.1629347e-07,0.00026278134
L-BFGS-B,3670,2.83484e-07,0.011271691,7.1662936e-07,0.0002627339
L-BFGS-B,3671,2.8437526e-07,0.01129488,7.151417e-07,0.00026287633
L-BFGS-B,3672,2.8348916e-07,0.011268334,7.158463e-07,0.00026258366
L-BFGS-B,3673,2.8249414e-07,0.011329312,7.1604904e-07,0.0002630746
L-BFGS-B,3674,2.8296273e-07,0.011266204,7.157516e-07,0.00026246917
L-BFGS-B,3675,2.8246527e-07,0.011255093,7.164979e-07,0.00026239542
L-BFGS-B,3676,2.8275673e-07,0.01123977,7.165441e-07,0.00026229283
L-BFGS-B,3677,2.831564e-07,0.01122413,7.166427e-07,0.0002622112
L-BFGS-B,3678,2.8324712e-07,0.011236318,7.152602e-07,0.00026213928
L-BFGS-B,3679,2.82848e-07,0.011217152,7.163837e-07,0.00026205627
L-BFGS-B,3680,2.8293599e-07,0.011189409,7.175566e-07,0.00026196797
L-BFGS-B,3681,2.8303631e-07,0.011167717,7.185086e-07,0.0002619089
L-BFGS-B,3682,2.8306883e-07,0.011162466,7.1832307e-07,0.00026183345
L-BFGS-B,3683,2.832311e-07,0.011171995,7.1703846e-07,0.00026176037
L-BFGS-B,3684,2.8309978e-07,0.01118785,7.1540467e-07,0.00026165415
L-BFGS-B,3685,2.8298882e-07,0.011193761,7.146711e-07,0.0002615866
L-BFGS-B,3686,2.8273672e-07,0.011205446,7.1369266e-07,0.00026151887
L-BFGS-B,3687,2.826789e-07,0.011188863,7.145902e-07,0.000261479
L-BFGS-B,3688,2.8252876e-07,0.011158933,7.164201e-07,0.00026143165
L-BFGS-B,3689,2.8275434e-07,0.011148515,7.1663516e-07,0.00026139355
L-BFGS-B,3690,2.8246953e-07,0.011146524,7.1675794e-07,0.00026134937
L-BFGS-B,3691,2.820667e-07,0.011154743,7.1635867e-07,0.00026131124
L-BFGS-B,3692,2.82079e-07,0.011155788,7.1594275e-07,0.00026126113
L-BFGS-B,3693,2.8224494e-07,0.01115453,7.154577e-07,0.0002612007
L-BFGS-B,3694,2.825551e-07,0.011146505,7.1546884e-07,0.00026116864
L-BFGS-B,3695,2.8271927e-07,0.0111428965,7.154158e-07,0.00026114922
L-BFGS-B,3696,2.8279484e-07,0.011145256,7.1507105e-07,0.00026113243
L-BFGS-B,3697,2.8289193e-07,0.0111660985,7.1342816e-07,0.000261109
L-BFGS-B,3698,2.82837e-07,0.011164409,7.135077e-07,0.0002610958
L-BFGS-B,3699,2.8284137e-07,0.011165709,7.133591e-07,0.00026108717
L-BFGS-B,3700,2.8275477e-07,0.011169105,7.1311126e-07,0.00026107096
L-BFGS-B,3701,2.827372e-07,0.011171228,7.129218e-07,0.00026106113
L-BFGS-B,3702,2.826203e-07,0.0111731505,7.127424e-07,0.00026103592
L-BFGS-B,3703,2.8245768e-07,0.011173355,7.126469e-07,0.00026099922
L-BFGS-B,3704,2.8237412e-07,0.011169137,7.127762e-07,0.00026096392
L-BFGS-B,3705,2.8229817e-07,0.011162518,7.131278e-07,0.00026093906
L-BFGS-B,3706,2.8230733e-07,0.01115363,7.1363587e-07,0.00026092777
L-BFGS-B,3707,2.8241178e-07,0.011146947,7.138987e-07,0.00026091604
L-BFGS-B,3708,2.8250452e-07,0.011136978,7.1438564e-07,0.00026090333
L-BFGS-B,3709,2.825234e-07,0.011124573,7.15032e-07,0.00026087905
L-BFGS-B,3710,2.8626684e-07,0.011269238,7.488121e-07,0.00026795422
L-BFGS-B,3711,2.824574e-07,0.0111082485,7.1614517e-07,0.00026087288
L-BFGS-B,3712,2.8237292e-07,0.011106288,7.1626886e-07,0.00026085915
L-BFGS-B,3713,2.8227004e-07,0.011105783,7.1630706e-07,0.00026084442
L-BFGS-B,3714,2.8222843e-07,0.011109425,7.160248e-07,0.00026083222
L-BFGS-B,3715,2.8222132e-07,0.011107773,7.1606087e-07,0.00026082003
L-BFGS-B,3716,2.8229323e-07,0.011102109,7.161475e-07,0.0002607872
L-BFGS-B,3717,2.8228993e-07,0.011094361,7.1650413e-07,0.00026076272
L-BFGS-B,3718,2.8220225e-07,0.011088355,7.168389e-07,0.0002607397
L-BFGS-B,3719,2.820233e-07,0.011088169,7.169095e-07,0.0002607216
L-BFGS-B,3720,2.818427e-07,0.01109291,7.1660963e-07,0.00026069695
L-BFGS-B,3721,2.8178306e-07,0.011094196,7.164036e-07,0.00026066997
L-BFGS-B,3722,2.8178232e-07,0.011093258,7.162393e-07,0.0002606358
L-BFGS-B,3723,2.8180986e-07,0.011084889,7.165345e-07,0.00026060053
L-BFGS-B,3724,2.8240706e-07,0.011078423,7.163489e-07,0.00026059762
L-BFGS-B,3725,2.8211173e-07,0.011080743,7.163754e-07,0.0002605805
L-BFGS-B,3726,2.819472e-07,0.011184512,7.247674e-07,0.0002628523
L-BFGS-B,3727,2.8185548e-07,0.011069264,7.170283e-07,0.0002605252
L-BFGS-B,3728,3.0252997e-07,0.011354321,8.007641e-07,0.0002790373
L-BFGS-B,3729,2.8186696e-07,0.011056888,7.1777583e-07,0.0002605153
L-BFGS-B,3730,2.8166812e-07,0.011062995,7.172575e-07,0.0002604688
L-BFGS-B,3731,2.8108468e-07,0.011073808,7.1679574e-07,0.00026042014
L-BFGS-B,3732,2.808943e-07,0.011069671,7.1702243e-07,0.00026038423
L-BFGS-B,3733,2.8056837e-07,0.011062784,7.175589e-07,0.00026034692
L-BFGS-B,3734,2.8055217e-07,0.011057256,7.177149e-07,0.00026031263
L-BFGS-B,3735,2.8045193e-07,0.011049986,7.181816e-07,0.00026029488
L-BFGS-B,3736,2.8055587e-07,0.011052642,7.177801e-07,0.0002602768
L-BFGS-B,3737,2.8062234e-07,0.011050957,7.176997e-07,0.0002602579
L-BFGS-B,3738,2.807274e-07,0.011051842,7.1740715e-07,0.0002602386
L-BFGS-B,3739,2.8097762e-07,0.011085483,7.1587215e-07,0.0002603823
L-BFGS-B,3740,2.807342e-07,0.011055539,7.171252e-07,0.00026023432
L-BFGS-B,3741,2.807394e-07,0.011052611,7.171812e-07,0.0002602142
L-BFGS-B,3742,2.8105106e-07,0.011062997,7.161037e-07,0.0002602032
L-BFGS-B,3743,2.8111106e-07,0.011054829,7.1650487e-07,0.0002601907
L-BFGS-B,3744,2.8084457e-07,0.011061129,7.1602125e-07,0.00026014115
L-BFGS-B,3745,2.807713e-07,0.011067608,7.154308e-07,0.0002601064
L-BFGS-B,3746,2.8060822e-07,0.011074909,7.145945e-07,0.0002600295
L-BFGS-B,3747,2.8046404e-07,0.011079456,7.1390656e-07,0.00025995015
L-BFGS-B,3748,2.8022768e-07,0.01107701,7.138479e-07,0.00025988143
L-BFGS-B,3749,2.799147e-07,0.011068836,7.143001e-07,0.00025982058
L-BFGS-B,3750,2.797261e-07,0.011069343,7.141546e-07,0.00025977555
L-BFGS-B,3751,2.7937972e-07,0.011072471,7.14103e-07,0.00025974712
L-BFGS-B,3752,2.793445e-07,0.011077705,7.13681e-07,0.00025973088
L-BFGS-B,3753,2.7910255e-07,0.011089735,7.12977e-07,0.00025970928
L-BFGS-B,3754,2.7938987e-07,0.011076612,7.160457e-07,0.00026008146
L-BFGS-B,3755,2.7911312e-07,0.0110866185,7.1313553e-07,0.0002597035
L-BFGS-B,3756,2.7885807e-07,0.0111015905,7.121488e-07,0.00025966694
L-BFGS-B,3757,2.7873745e-07,0.011109251,7.1146314e-07,0.00025962258
L-BFGS-B,3758,2.7882464e-07,0.011108607,7.109756e-07,0.0002595561
L-BFGS-B,3759,2.7912722e-07,0.011087615,7.117043e-07,0.00025950087
L-BFGS-B,3760,2.795345e-07,0.01105894,7.1271927e-07,0.00025942747
L-BFGS-B,3761,2.7932458e-07,0.011047814,7.128909e-07,0.00025931047
L-BFGS-B,3762,2.7903477e-07,0.011034335,7.134094e-07,0.00025920998
L-BFGS-B,3763,2.789571e-07,0.011005181,7.150201e-07,0.0002591484
L-BFGS-B,3764,2.8104864e-07,0.011001975,7.160641e-07,0.00025958667
L-BFGS-B,3765,2.7914197e-07,0.010997646,7.1516513e-07,0.00025912252
L-BFGS-B,3766,2.7919916e-07,0.011006502,7.142954e-07,0.00025908923
L-BFGS-B,3767,2.792043e-07,0.011012627,7.137023e-07,0.00025906228
L-BFGS-B,3768,2.7917443e-07,0.011021618,7.128255e-07,0.00025901617
L-BFGS-B,3769,2.7914413e-07,0.01102479,7.123253e-07,0.00025896833
L-BFGS-B,3770,2.7923696e-07,0.011012702,7.1266464e-07,0.00025891227
L-BFGS-B,3771,2.790154e-07,0.010997385,7.1384824e-07,0.0002589034
L-BFGS-B,3772,2.7911224e-07,0.011002984,7.1320085e-07,0.0002588768
L-BFGS-B,3773,2.7959942e-07,0.01097525,7.1442383e-07,0.000258856
L-BFGS-B,3774,2.7972445e-07,0.010972872,7.141393e-07,0.0002588083
L-BFGS-B,3775,2.7954965e-07,0.010986373,7.131707e-07,0.0002587718
L-BFGS-B,3776,2.793757e-07,0.010970739,7.142148e-07,0.00025874597
L-BFGS-B,3777,2.7916897e-07,0.010998698,7.1203567e-07,0.0002586677
L-BFGS-B,3778,2.7926373e-07,0.010990575,7.1225577e-07,0.00025863366
L-BFGS-B,3779,2.793391e-07,0.010976767,7.1266425e-07,0.00025856815
L-BFGS-B,3780,2.795416e-07,0.01097332,7.1231665e-07,0.00025851192
L-BFGS-B,3781,2.7941635e-07,0.010977086,7.1149685e-07,0.00025840782
L-BFGS-B,3782,2.7917912e-07,0.010987542,7.10349e-07,0.00025830464
L-BFGS-B,3783,2.7881438e-07,0.010994261,7.0959476e-07,0.00025820397
L-BFGS-B,3784,2.7882612e-07,0.010990683,7.097685e-07,0.00025819603
L-BFGS-B,3785,2.7879125e-07,0.010990476,7.096458e-07,0.0002581703
L-BFGS-B,3786,2.787323e-07,0.010982721,7.097863e-07,0.000258105
L-BFGS-B,3787,2.7937546e-07,0.010960894,7.110434e-07,0.00025817176
L-BFGS-B,3788,2.78847e-07,0.010971356,7.1017894e-07,0.00025806745
L-BFGS-B,3789,2.7887327e-07,0.0109616555,7.104429e-07,0.00025801398
L-BFGS-B,3790,2.7905185e-07,0.010952752,7.105463e-07,0.00025796724
L-BFGS-B,3791,2.793601e-07,0.010934996,7.1085213e-07,0.0002578818
L-BFGS-B,3792,2.7930454e-07,0.010933312,7.105142e-07,0.00025780592
L-BFGS-B,3793,2.7886986e-07,0.010935388,7.10542e-07,0.00025776564
L-BFGS-B,3794,2.7863553e-07,0.0109322,7.105726e-07,0.0002577032
L-BFGS-B,3795,2.7840053e-07,0.010931629,7.105621e-07,0.0002576607
L-BFGS-B,3796,2.7807613e-07,0.010925406,7.1098924e-07,0.00025761386
L-BFGS-B,3797,2.7809872e-07,0.010918619,7.112033e-07,0.0002575815
L-BFGS-B,3798,2.783222e-07,0.010913778,7.109434e-07,0.00025752763
L-BFGS-B,3799,2.7856217e-07,0.0109108295,7.105959e-07,0.000257482
L-BFGS-B,3800,2.789014e-07,0.010931098,7.089289e-07,0.00025748552
L-BFGS-B,3801,2.786757e-07,0.010918175,7.0973954e-07,0.00025744404
L-BFGS-B,3802,2.78954e-07,0.010929384,7.08395e-07,0.0002573962
L-BFGS-B,3803,2.7865232e-07,0.01093862,7.074709e-07,0.0002573047
L-BFGS-B,3804,2.7732494e-07,0.010971594,7.054823e-07,0.000257137
L-BFGS-B,3805,2.7712431e-07,0.010972912,7.0495634e-07,0.00025704122
L-BFGS-B,3806,2.7707037e-07,0.0109556215,7.050622e-07,0.00025687608
L-BFGS-B,3807,2.7647994e-07,0.010930847,7.058906e-07,0.00025666406
L-BFGS-B,3808,2.7620132e-07,0.0109209595,7.0592785e-07,0.00025652896
L-BFGS-B,3809,2.761973e-07,0.010900389,7.0671683e-07,0.000256441
L-BFGS-B,3810,2.7641977e-07,0.0108895525,7.0686326e-07,0.00025638798
L-BFGS-B,3811,2.765884e-07,0.01086988,7.0756386e-07,0.00025632163
L-BFGS-B,3812,2.7707136e-07,0.010866728,7.071668e-07,0.000256303
L-BFGS-B,3813,2.7721458e-07,0.010860942,7.0713196e-07,0.0002562614
L-BFGS-B,3814,2.770159e-07,0.010862342,7.070541e-07,0.0002562339
L-BFGS-B,3815,2.7692386e-07,0.0108681945,7.064815e-07,0.00025619275
L-BFGS-B,3816,2.7717914e-07,0.010876911,7.0537743e-07,0.0002561526
L-BFGS-B,3817,2.766156e-07,0.0109221,7.0321414e-07,0.00025619546
L-BFGS-B,3818,2.7694423e-07,0.010891482,7.045201e-07,0.0002561345
L-BFGS-B,3819,2.772607e-07,0.010894523,7.0366076e-07,0.00025608344
L-BFGS-B,3820,2.781094e-07,0.010905311,7.036851e-07,0.0002563223
L-BFGS-B,3821,2.7740165e-07,0.010892323,7.033646e-07,0.00025603815
L-BFGS-B,3822,2.778795e-07,0.010899547,7.0187895e-07,0.00025595922
L-BFGS-B,3823,2.7798725e-07,0.010915675,7.002478e-07,0.000255892
L-BFGS-B,3824,2.779815e-07,0.010932325,6.9866275e-07,0.00025581988
L-BFGS-B,3825,2.7852445e-07,0.010881416,7.033849e-07,0.00025610055
L-BFGS-B,3826,2.7794957e-07,0.010917245,6.9953893e-07,0.00025579572
L-BFGS-B,3827,2.7747646e-07,0.010912421,6.9961203e-07,0.00025568748
L-BFGS-B,3828,2.7702845e-07,0.010906972,7.0006064e-07,0.0002556331
L-BFGS-B,3829,2.7679764e-07,0.01088996,7.0099816e-07,0.00025556897
L-BFGS-B,3830,2.768018e-07,0.010867436,7.0202015e-07,0.00025549767
L-BFGS-B,3831,2.7645544e-07,0.010851063,7.030222e-07,0.00025543227
L-BFGS-B,3832,2.7648198e-07,0.010845369,7.031057e-07,0.00025539182
L-BFGS-B,3833,2.7625939e-07,0.01084687,7.030438e-07,0.00025536417
L-BFGS-B,3834,2.7630662e-07,0.010873739,7.018448e-07,0.0002554601
L-BFGS-B,3835,2.7624074e-07,0.010852377,7.0262115e-07,0.00025535305
L-BFGS-B,3836,2.7642665e-07,0.010845128,7.026734e-07,0.0002553163
L-BFGS-B,3837,2.762421e-07,0.010834102,7.0333647e-07,0.0002552778
L-BFGS-B,3838,2.7598477e-07,0.010799267,7.050923e-07,0.00025515424
L-BFGS-B,3839,2.7585796e-07,0.010783844,7.058119e-07,0.0002550889
L-BFGS-B,3840,2.7566955e-07,0.010768904,7.063653e-07,0.00025499426
L-BFGS-B,3841,2.7565164e-07,0.010767198,7.058205e-07,0.0002548928
L-BFGS-B,3842,2.7588536e-07,0.010753017,7.059769e-07,0.0002548095
L-BFGS-B,3843,2.761113e-07,0.010740086,7.060199e-07,0.00025472054
L-BFGS-B,3844,2.7635076e-07,0.010720565,7.0622934e-07,0.00025459265
L-BFGS-B,3845,2.7655202e-07,0.010726398,7.043578e-07,0.00025440045
L-BFGS-B,3846,2.7734086e-07,0.010693805,7.059132e-07,0.00025442615
L-BFGS-B,3847,2.768395e-07,0.010708554,7.048983e-07,0.0002543462
L-BFGS-B,3848,2.768345e-07,0.01070957,7.046205e-07,0.00025431393
L-BFGS-B,3849,2.7656603e-07,0.01071618,7.043098e-07,0.00025429318
L-BFGS-B,3850,2.7631373e-07,0.010719313,7.039931e-07,0.00025423916
L-BFGS-B,3851,2.768132e-07,0.010710362,7.038863e-07,0.00025420857
L-BFGS-B,3852,2.7664734e-07,0.010707354,7.038752e-07,0.0002541519
L-BFGS-B,3853,2.7613723e-07,0.010700473,7.0401956e-07,0.00025402824
L-BFGS-B,3854,2.760858e-07,0.010694259,7.0369475e-07,0.00025390967
L-BFGS-B,3855,2.761629e-07,0.010685135,7.0325564e-07,0.00025376413
L-BFGS-B,3856,2.7623457e-07,0.010694149,7.0171205e-07,0.00025363348
L-BFGS-B,3857,2.7623292e-07,0.010679495,7.018862e-07,0.00025351282
L-BFGS-B,3858,2.7607794e-07,0.01068188,7.014435e-07,0.000253447
L-BFGS-B,3859,2.7536484e-07,0.010685134,7.0165675e-07,0.00025340458
L-BFGS-B,3860,2.7584636e-07,0.010673046,7.016124e-07,0.00025334928
L-BFGS-B,3861,2.7555348e-07,0.010676182,7.015531e-07,0.0002533278
L-BFGS-B,3862,2.7554856e-07,0.010666467,7.020151e-07,0.00025329922
L-BFGS-B,3863,2.7564946e-07,0.010663536,7.019815e-07,0.00025327998
L-BFGS-B,3864,2.7552537e-07,0.0106513435,7.029681e-07,0.00025328744
L-BFGS-B,3865,2.7558144e-07,0.01065787,7.0235654e-07,0.0002532694
L-BFGS-B,3866,2.7614783e-07,0.010638804,7.0285506e-07,0.00025323848
L-BFGS-B,3867,2.758943e-07,0.010663377,7.0059264e-07,0.00025310682
L-BFGS-B,3868,2.7576297e-07,0.010714327,6.9657824e-07,0.00025299445
L-BFGS-B,3869,2.7570096e-07,0.010688681,6.969308e-07,0.00025278155
L-BFGS-B,3870,2.7587174e-07,0.010667734,6.9736063e-07,0.0002526622
L-BFGS-B,3871,2.7589115e-07,0.010652569,6.9689975e-07,0.00025244433
L-BFGS-B,3872,2.7598293e-07,0.010617092,6.978117e-07,0.0002522401
L-BFGS-B,3873,2.764739e-07,0.010602044,6.9762626e-07,0.00025213545
L-BFGS-B,3874,2.7628815e-07,0.010595264,6.9768817e-07,0.00025204907
L-BFGS-B,3875,2.76454e-07,0.010588964,6.9737337e-07,0.00025196373
L-BFGS-B,3876,2.7666198e-07,0.010585416,6.9666294e-07,0.0002518529
L-BFGS-B,3877,2.771153e-07,0.010579632,6.961979e-07,0.0002517933
L-BFGS-B,3878,2.7658103e-07,0.010579333,6.965011e-07,0.00025175564
L-BFGS-B,3879,2.764564e-07,0.010569854,6.970844e-07,0.00025172965
L-BFGS-B,3880,2.749507e-07,0.0105346395,7.027653e-07,0.00025200378
L-BFGS-B,3881,2.76108e-07,0.010559781,6.979707e-07,0.0002517096
L-BFGS-B,3882,2.7624884e-07,0.010570926,6.9662053e-07,0.00025163966
L-BFGS-B,3883,2.760843e-07,0.010567337,6.964646e-07,0.0002515557
L-BFGS-B,3884,2.7564707e-07,0.01057844,6.9539726e-07,0.00025144103
L-BFGS-B,3885,2.7613618e-07,0.010586034,6.9344225e-07,0.00025129708
L-BFGS-B,3886,2.7684635e-07,0.01059597,6.9116e-07,0.00025116064
L-BFGS-B,3887,2.7809807e-07,0.010597662,6.8908037e-07,0.0002510534
L-BFGS-B,3888,2.784697e-07,0.010577393,6.8857946e-07,0.0002508313
L-BFGS-B,3889,2.7895572e-07,0.010564876,6.8727974e-07,0.00025058407
L-BFGS-B,3890,2.7913867e-07,0.010579519,6.8483433e-07,0.00025039114
L-BFGS-B,3891,2.7891926e-07,0.0105995275,6.8305815e-07,0.0002502919
L-BFGS-B,3892,2.7917056e-07,0.010617561,6.813713e-07,0.00025025688
L-BFGS-B,3893,2.788485e-07,0.0106078405,6.8209374e-07,0.00025021975
L-BFGS-B,3894,2.787905e-07,0.010607339,6.820841e-07,0.00025020458
L-BFGS-B,3895,2.7871724e-07,0.010606212,6.819771e-07,0.00025016625
L-BFGS-B,3896,2.7906083e-07,0.01058229,6.851805e-07,0.0002504591
L-BFGS-B,3897,2.786972e-07,0.010600291,6.8233066e-07,0.00025015709
L-BFGS-B,3898,2.7850925e-07,0.010598527,6.8235875e-07,0.00025011547
L-BFGS-B,3899,2.7849447e-07,0.010589333,6.8259e-07,0.00025005598
L-BFGS-B,3900,2.783802e-07,0.010575113,6.8333617e-07,0.0002500086
L-BFGS-B,3901,2.784922e-07,0.010554957,6.842641e-07,0.00024996302
L-BFGS-B,3902,2.7816503e-07,0.010532929,6.857596e-07,0.00024991797
L-BFGS-B,3903,2.78325e-07,0.010501835,6.8739655e-07,0.00024987658
L-BFGS-B,3904,2.7830956e-07,0.010484027,6.883701e-07,0.0002498422
L-BFGS-B,3905,2.7821716e-07,0.010485255,6.8815893e-07,0.00024980897
L-BFGS-B,3906,2.7872287e-07,0.010487718,6.87317e-07,0.00024978316
L-BFGS-B,3907,2.7871278e-07,0.0104727615,6.88146e-07,0.0002497564
L-BFGS-B,3908,2.7858886e-07,0.010463615,6.886852e-07,0.00024972728
L-BFGS-B,3909,2.7858005e-07,0.010452815,6.8920735e-07,0.00024969626
L-BFGS-B,3910,2.785528e-07,0.01046094,6.884817e-07,0.00024966456
L-BFGS-B,3911,2.785636e-07,0.01046333,6.8815103e-07,0.0002496405
L-BFGS-B,3912,2.785418e-07,0.0104597965,6.882637e-07,0.00024961878
L-BFGS-B,3913,2.7876507e-07,0.010457941,6.880555e-07,0.00024960248
L-BFGS-B,3914,2.787296e-07,0.01045067,6.884175e-07,0.00024957876
L-BFGS-B,3915,2.7889337e-07,0.010441513,6.8862795e-07,0.00024954334
L-BFGS-B,3916,2.7889263e-07,0.010431073,6.890296e-07,0.00024949905
L-BFGS-B,3917,2.7873992e-07,0.01043515,6.8853217e-07,0.00024944232
L-BFGS-B,3918,2.7847196e-07,0.010445702,6.876563e-07,0.00024937626
L-BFGS-B,3919,2.779875e-07,0.010465059,6.8627776e-07,0.0002492904
L-BFGS-B,3920,2.7778103e-07,0.010473307,6.856386e-07,0.00024924602
L-BFGS-B,3921,2.7750005e-07,0.010475115,6.8578686e-07,0.00024924419
L-BFGS-B,3922,2.7763397e-07,0.010471408,6.856259e-07,0.00024920306
L-BFGS-B,3923,2.7755652e-07,0.010466939,6.8546484e-07,0.0002491226
L-BFGS-B,3924,2.7752742e-07,0.010455306,6.856535e-07,0.00024903018
L-BFGS-B,3925,2.7751426e-07,0.010449909,6.854623e-07,0.00024894558
L-BFGS-B,3926,2.860847e-07,0.010485179,6.929618e-07,0.00025170879
L-BFGS-B,3927,2.7785012e-07,0.010437895,6.856842e-07,0.0002489091
L-BFGS-B,3928,2.7778634e-07,0.010447715,6.8475237e-07,0.00024885795
L-BFGS-B,3929,2.781108e-07,0.010455191,6.836448e-07,0.00024881525
L-BFGS-B,3930,2.7815594e-07,0.01045523,6.834687e-07,0.00024879602
L-BFGS-B,3931,2.7795582e-07,0.010449205,6.8390284e-07,0.00024877084
L-BFGS-B,3932,2.7777605e-07,0.0104365265,6.847225e-07,0.00024874005
L-BFGS-B,3933,2.776094e-07,0.010397069,6.871114e-07,0.0002486788
L-BFGS-B,3934,2.7741714e-07,0.010385369,6.8794697e-07,0.0002486583
L-BFGS-B,3935,2.773763e-07,0.010374887,6.8855815e-07,0.00024863903
L-BFGS-B,3936,2.7735925e-07,0.010372793,6.886098e-07,0.00024862328
L-BFGS-B,3937,2.7743886e-07,0.010376349,6.8802944e-07,0.00024858373
L-BFGS-B,3938,2.783678e-07,0.010390687,6.8666895e-07,0.00024866237
L-BFGS-B,3939,2.7766058e-07,0.010378584,6.874367e-07,0.00024855044
L-BFGS-B,3940,2.7794349e-07,0.010375371,6.8705265e-07,0.00024850311
L-BFGS-B,3941,2.7830106e-07,0.01036618,6.870421e-07,0.00024846327
L-BFGS-B,3942,2.7777327e-07,0.010314422,6.9363233e-07,0.00024885507
L-BFGS-B,3943,2.7798484e-07,0.010349501,6.882103e-07,0.00024842427
L-BFGS-B,3944,2.874424e-07,0.01110794,6.9499475e-07,0.00025844498
L-BFGS-B,3945,2.7789824e-07,0.010357025,6.877285e-07,0.00024841426
L-BFGS-B,3946,2.8096642e-07,0.0104685705,6.7988793e-07,0.00024881386
L-BFGS-B,3947,2.7849114e-07,0.010379735,6.853573e-07,0.0002483746
L-BFGS-B,3948,2.775842e-07,0.010354963,6.889432e-07,0.00024852876
L-BFGS-B,3949,2.7806263e-07,0.010365732,6.863286e-07,0.00024831598
L-BFGS-B,3950,2.777824e-07,0.0103686545,6.858666e-07,0.0002482339
L-BFGS-B,3951,2.7734978e-07,0.0103575,6.864264e-07,0.0002481414
L-BFGS-B,3952,2.7693147e-07,0.010345892,6.8732135e-07,0.00024809683
L-BFGS-B,3953,2.7675324e-07,0.010340985,6.876421e-07,0.00024806915
L-BFGS-B,3954,2.7677456e-07,0.010332332,6.8806645e-07,0.00024804947
L-BFGS-B,3955,2.7748695e-07,0.01034606,6.8838386e-07,0.00024834124
L-BFGS-B,3956,2.76829e-07,0.010331944,6.879959e-07,0.00024804316
L-BFGS-B,3957,2.7656395e-07,0.010327165,6.883842e-07,0.00024801388
L-BFGS-B,3958,2.765651e-07,0.010313563,6.889087e-07,0.00024795672
L-BFGS-B,3959,2.7653218e-07,0.01030585,6.8918297e-07,0.00024791577
L-BFGS-B,3960,2.766905e-07,0.010302983,6.890164e-07,0.00024788588
L-BFGS-B,3961,2.7671481e-07,0.01029493,6.893551e-07,0.00024785977
L-BFGS-B,3962,2.7659195e-07,0.010287851,6.897406e-07,0.0002478284
L-BFGS-B,3963,2.763652e-07,0.01027514,6.906993e-07,0.00024781108
L-BFGS-B,3964,2.7613717e-07,0.010274226,6.909327e-07,0.00024780273
L-BFGS-B,3965,2.7606904e-07,0.010277844,6.9071154e-07,0.0002477955
L-BFGS-B,3966,2.7591335e-07,0.01026921,6.913685e-07,0.00024778437
L-BFGS-B,3967,2.7554853e-07,0.010298429,6.8975385e-07,0.00024777965
L-BFGS-B,3968,2.7582212e-07,0.010288544,6.8998804e-07,0.00024775695
L-BFGS-B,3969,2.7597176e-07,0.010283522,6.900604e-07,0.00024774004
L-BFGS-B,3970,2.761898e-07,0.010283365,6.896717e-07,0.0002477129
L-BFGS-B,3971,2.761778e-07,0.010286522,6.893249e-07,0.00024769062
L-BFGS-B,3972,2.76153e-07,0.010287186,6.891453e-07,0.0002476666
L-BFGS-B,3973,2.7558775e-07,0.010325488,6.8851097e-07,0.0002478697
L-BFGS-B,3974,2.7597213e-07,0.010294069,6.887162e-07,0.00024764394
L-BFGS-B,3975,2.757992e-07,0.010293971,6.8870116e-07,0.00024761475
L-BFGS-B,3976,2.7539636e-07,0.010296618,6.88338e-07,0.00024752633
L-BFGS-B,3977,2.7536183e-07,0.010292792,6.884599e-07,0.0002475012
L-BFGS-B,3978,2.75419e-07,0.0102939475,6.8811687e-07,0.00024746984
L-BFGS-B,3979,2.7568277e-07,0.010303192,6.870621e-07,0.00024744365
L-BFGS-B,3980,2.926543e-07,0.010939425,7.1290265e-07,0.0002602278
L-BFGS-B,3981,2.7566952e-07,0.010301835,6.8711233e-07,0.00024743564
L-BFGS-B,3982,2.7586535e-07,0.010314644,6.8587127e-07,0.00024740695
L-BFGS-B,3983,2.7605856e-07,0.010326881,6.8467523e-07,0.00024737886
L-BFGS-B,3984,2.760868e-07,0.010331291,6.8421537e-07,0.00024735823
L-BFGS-B,3985,2.760795e-07,0.010328658,6.84239e-07,0.00024733436
L-BFGS-B,3986,2.7614414e-07,0.010323789,6.843479e-07,0.0002473117
L-BFGS-B,3987,2.7630787e-07,0.010312552,6.8481637e-07,0.00024729414
L-BFGS-B,3988,2.7644577e-07,0.010306775,6.8496047e-07,0.0002472787
L-BFGS-B,3989,2.7655818e-07,0.010302315,6.850373e-07,0.00024726248
L-BFGS-B,3990,2.7672846e-07,0.010299711,6.8482154e-07,0.0002472296
L-BFGS-B,3991,2.76912e-07,0.010303971,6.8411646e-07,0.00024719397
L-BFGS-B,3992,2.7712775e-07,0.010313364,6.829599e-07,0.0002471468
L-BFGS-B,3993,2.772431e-07,0.010310138,6.8382894e-07,0.00024726219
L-BFGS-B,3994,2.7710186e-07,0.010311013,6.830674e-07,0.00024713553
L-BFGS-B,3995,2.7727947e-07,0.010308603,6.8279854e-07,0.00024709775
L-BFGS-B,3996,2.772202e-07,0.01029754,6.8346475e-07,0.00024707813
L-BFGS-B,3997,2.770805e-07,0.0102866115,6.841921e-07,0.000247057
L-BFGS-B,3998,2.7705352e-07,0.010283833,6.8432246e-07,0.00024704472
L-BFGS-B,3999,2.7708205e-07,0.010290986,6.83756e-07,0.00024703558
L-BFGS-B,4000,2.7700045e-07,0.010284882,6.841891e-07,0.00024702726
L-BFGS-B,4001,2.7697678e-07,0.010284297,6.842204e-07,0.00024702254
L-BFGS-B,4002,2.7703814e-07,0.01028223,6.842389e-07,0.00024701387
L-BFGS-B,4003,2.769595e-07,0.010274493,6.847076e-07,0.000246995
L-BFGS-B,4004,2.7717005e-07,0.010264605,6.849552e-07,0.00024696483
L-BFGS-B,4005,2.7714023e-07,0.0102537675,6.8541476e-07,0.0002469209
L-BFGS-B,4006,2.7707154e-07,0.010254277,6.853415e-07,0.00024690473
L-BFGS-B,4007,2.7694875e-07,0.0102443425,6.8574116e-07,0.0002468469
L-BFGS-B,4008,2.76779e-07,0.010246382,6.8556426e-07,0.0002468153
L-BFGS-B,4009,2.7611776e-07,0.01026076,6.8519574e-07,0.00024680462
L-BFGS-B,4010,2.763459e-07,0.010238918,6.861748e-07,0.00024676727
L-BFGS-B,4011,2.765571e-07,0.010241218,6.855283e-07,0.000246725
L-BFGS-B,4012,2.7667681e-07,0.010241579,6.8513384e-07,0.00024668738
L-BFGS-B,4013,2.768543e-07,0.010245926,6.842963e-07,0.00024663185
L-BFGS-B,4014,2.7714088e-07,0.010250927,6.8335464e-07,0.0002465836
L-BFGS-B,4015,2.771889e-07,0.01025384,6.8297084e-07,0.00024656235
L-BFGS-B,4016,2.772034e-07,0.010255728,6.826701e-07,0.00024653831
L-BFGS-B,4017,2.7699636e-07,0.010254708,6.827581e-07,0.00024651026
L-BFGS-B,4018,2.8016458e-07,0.010256169,6.9861835e-07,0.00024937914
L-BFGS-B,4019,2.769926e-07,0.0102460515,6.832467e-07,0.0002464964
L-BFGS-B,4020,2.755838e-07,0.010235659,6.85462e-07,0.00024651346
L-BFGS-B,4021,2.7628263e-07,0.010238874,6.840844e-07,0.0002464438
L-BFGS-B,4022,2.7635883e-07,0.010216652,6.853697e-07,0.0002464258
L-BFGS-B,4023,2.7622897e-07,0.010215718,6.853822e-07,0.00024639885
L-BFGS-B,4024,2.7640772e-07,0.010218816,6.8492267e-07,0.00024638773
L-BFGS-B,4025,2.7646703e-07,0.010211256,6.8527277e-07,0.00024637353
L-BFGS-B,4026,2.7668705e-07,0.010193628,6.860658e-07,0.0002463492
L-BFGS-B,4027,2.7672215e-07,0.010186445,6.864273e-07,0.00024633686
L-BFGS-B,4028,2.7684814e-07,0.010174581,6.869215e-07,0.00024631125
L-BFGS-B,4029,2.7680278e-07,0.010169605,6.8711864e-07,0.00024628424
L-BFGS-B,4030,2.768624e-07,0.0101695135,6.8687575e-07,0.00024625586
L-BFGS-B,4031,2.7687165e-07,0.01017287,6.865495e-07,0.00024624186
L-BFGS-B,4032,2.769024e-07,0.0101733105,6.863722e-07,0.00024622428
L-BFGS-B,4033,2.7688205e-07,0.0101728635,6.8631533e-07,0.00024620825
L-BFGS-B,4034,2.7683546e-07,0.010177382,6.8594625e-07,0.00024619108
L-BFGS-B,4035,2.7691206e-07,0.010168778,6.863271e-07,0.00024617364
L-BFGS-B,4036,2.7697786e-07,0.010165938,6.8635075e-07,0.00024615868
L-BFGS-B,4037,2.7694406e-07,0.010165809,6.862894e-07,0.0002461431
L-BFGS-B,4038,2.7691442e-07,0.01015962,6.8662985e-07,0.00024612783
L-BFGS-B,4039,2.7696592e-07,0.0101490365,6.8718833e-07,0.00024611352
L-BFGS-B,4040,3.362816e-07,0.017184138,7.494283e-07,0.00033469786
L-BFGS-B,4041,2.7663194e-07,0.010174316,6.8743583e-07,0.00024635333
L-BFGS-B,4042,2.768702e-07,0.0101509895,6.871061e-07,0.00024610633
L-BFGS-B,4043,2.7685206e-07,0.010141307,6.875896e-07,0.00024607932
L-BFGS-B,4044,2.7672823e-07,0.010107368,6.8946537e-07,0.00024600272
L-BFGS-B,4045,2.766138e-07,0.010083217,6.9076265e-07,0.00024593866
L-BFGS-B,4046,2.7643708e-07,0.010062117,6.919153e-07,0.00024587405
L-BFGS-B,4047,2.7643023e-07,0.010064976,6.912299e-07,0.0002457988
L-BFGS-B,4048,2.7645999e-07,0.010064765,6.9062173e-07,0.0002457099
L-BFGS-B,4049,2.766313e-07,0.010070583,6.89503e-07,0.00024562597
L-BFGS-B,4050,2.769585e-07,0.010050876,6.900594e-07,0.00024556144
L-BFGS-B,4051,2.769774e-07,0.0100459475,6.899268e-07,0.00024549512
L-BFGS-B,4052,2.772112e-07,0.010034363,6.897757e-07,0.00024539165
L-BFGS-B,4053,2.773784e-07,0.0100184325,6.899718e-07,0.00024528685
L-BFGS-B,4054,2.7721643e-07,0.010037037,6.891011e-07,0.000245318
L-BFGS-B,4055,2.7726577e-07,0.010022632,6.8953403e-07,0.00024524628
L-BFGS-B,4056,2.7745955e-07,0.010030286,6.882548e-07,0.00024516002
L-BFGS-B,4057,2.7750363e-07,0.010033381,6.870433e-07,0.00024501586
L-BFGS-B,4058,2.765366e-07,0.010088536,6.852366e-07,0.00024515134
L-BFGS-B,4059,2.7709436e-07,0.010049113,6.860955e-07,0.00024496962
L-BFGS-B,4060,2.7740683e-07,0.010041393,6.855625e-07,0.00024485934
L-BFGS-B,4061,2.7744883e-07,0.0100514665,6.841996e-07,0.00024476193
L-BFGS-B,4062,2.776328e-07,0.010043959,6.840527e-07,0.0002446924
L-BFGS-B,4063,2.7773245e-07,0.010054373,6.830076e-07,0.00024465474
L-BFGS-B,4064,2.7814747e-07,0.010066814,6.8143044e-07,0.00024460483
L-BFGS-B,4065,2.7826698e-07,0.01008973,6.7926385e-07,0.00024452692
L-BFGS-B,4066,2.7826525e-07,0.010101454,6.777864e-07,0.0002444223
L-BFGS-B,4067,3.0550282e-07,0.010988855,7.157553e-07,0.00026307727
L-BFGS-B,4068,2.782928e-07,0.010100037,6.7779814e-07,0.00024441403
L-BFGS-B,4069,2.7845928e-07,0.01009782,6.7727285e-07,0.00024433804
L-BFGS-B,4070,2.7818905e-07,0.010088716,6.7747976e-07,0.00024423748
L-BFGS-B,4071,2.78315e-07,0.010057644,6.8067743e-07,0.0002444253
L-BFGS-B,4072,2.7814963e-07,0.010071653,6.783124e-07,0.00024418585
L-BFGS-B,4073,2.7791197e-07,0.010067437,6.7806417e-07,0.00024407079
L-BFGS-B,4074,2.7801653e-07,0.010064186,6.773248e-07,0.00024394305
L-BFGS-B,4075,2.7755064e-07,0.0100617,6.77203e-07,0.00024383006
L-BFGS-B,4076,2.7736704e-07,0.010058364,6.7695254e-07,0.00024373157
L-BFGS-B,4077,2.7722632e-07,0.0100637,6.7640315e-07,0.00024368142
L-BFGS-B,4078,2.769964e-07,0.010068362,6.762214e-07,0.00024366629
L-BFGS-B,4079,2.7721666e-07,0.010055489,6.766594e-07,0.00024363628
L-BFGS-B,4080,2.774721e-07,0.010053669,6.7633624e-07,0.00024360794
L-BFGS-B,4081,2.7749232e-07,0.010052904,6.761787e-07,0.00024357968
L-BFGS-B,4082,2.7770145e-07,0.010052738,6.7580373e-07,0.00024355315
L-BFGS-B,4083,2.7768965e-07,0.01005409,6.755656e-07,0.00024352918
L-BFGS-B,4084,2.776214e-07,0.010057312,6.751963e-07,0.00024349577
L-BFGS-B,4085,2.772495e-07,0.010061211,6.750714e-07,0.00024346025
L-BFGS-B,4086,2.7709103e-07,0.010067902,6.752672e-07,0.00024353275
L-BFGS-B,4087,2.7714563e-07,0.0100610955,6.750246e-07,0.00024343649
L-BFGS-B,4088,2.7711727e-07,0.010056878,6.75221e-07,0.00024341952
L-BFGS-B,4089,2.7704522e-07,0.010051566,6.755324e-07,0.0002434023
L-BFGS-B,4090,2.7693875e-07,0.010050591,6.756513e-07,0.0002433944
L-BFGS-B,4091,2.7679212e-07,0.0100532565,6.7556437e-07,0.00024338602
L-BFGS-B,4092,2.7671788e-07,0.010055845,6.7542004e-07,0.00024337914
L-BFGS-B,4093,2.7655983e-07,0.010062911,6.74991e-07,0.00024336172
L-BFGS-B,4094,2.7658e-07,0.010094524,6.8180617e-07,0.00024470317
L-BFGS-B,4095,2.7652035e-07,0.010062395,6.750514e-07,0.00024335971
L-BFGS-B,4096,2.766079e-07,0.010045767,6.76065e-07,0.00024335859
L-BFGS-B,4097,2.7653817e-07,0.010053428,6.755451e-07,0.00024334677
L-BFGS-B,4098,2.7722618e-07,0.010064695,6.740417e-07,0.00024333713
L-BFGS-B,4099,2.7677714e-07,0.01006096,6.7451873e-07,0.00024330398
L-BFGS-B,4100,2.767481e-07,0.010058014,6.74681e-07,0.0002432945
L-BFGS-B,4101,2.7676498e-07,0.010055421,6.7475867e-07,0.00024328276
L-BFGS-B,4102,2.7678766e-07,0.010049509,6.7500844e-07,0.00024326451
L-BFGS-B,4103,2.771408e-07,0.009977461,6.853896e-07,0.00024415416
L-BFGS-B,4104,2.7675227e-07,0.010039541,6.756784e-07,0.00024326002
L-BFGS-B,4105,2.767335e-07,0.0100265425,6.7641906e-07,0.00024323829
L-BFGS-B,4106,2.7655727e-07,0.01000863,6.7763455e-07,0.00024321506
L-BFGS-B,4107,2.7647482e-07,0.009991561,6.7872537e-07,0.00024319564
L-BFGS-B,4108,2.7637878e-07,0.00998006,6.7949395e-07,0.00024318151
L-BFGS-B,4109,2.7640792e-07,0.009978521,6.79503e-07,0.00024317185
L-BFGS-B,4110,2.765668e-07,0.009982345,6.790073e-07,0.00024315956
L-BFGS-B,4111,2.766695e-07,0.009981628,6.788786e-07,0.0002431485
L-BFGS-B,4112,2.767255e-07,0.009981741,6.7874873e-07,0.00024313855
L-BFGS-B,4113,2.767584e-07,0.009980844,6.7869865e-07,0.000243127
L-BFGS-B,4114,2.768709e-07,0.00998762,6.780651e-07,0.0002431166
L-BFGS-B,4115,2.7666292e-07,0.00997395,6.790195e-07,0.00024309187
L-BFGS-B,4116,2.7655338e-07,0.009974348,6.7895365e-07,0.00024306953
L-BFGS-B,4117,2.7641994e-07,0.009975159,6.788756e-07,0.00024304591
L-BFGS-B,4118,2.7631532e-07,0.009977691,6.787003e-07,0.00024302927
L-BFGS-B,4119,2.762593e-07,0.009983819,6.7824305e-07,0.00024301354
L-BFGS-B,4120,2.7628516e-07,0.009986126,6.779701e-07,0.00024299955
L-BFGS-B,4121,2.7641335e-07,0.0099923955,6.777807e-07,0.00024305306
L-BFGS-B,4122,2.7629554e-07,0.009986687,6.7786027e-07,0.00024299024
L-BFGS-B,4123,2.7633396e-07,0.009992532,6.772956e-07,0.00024296976
L-BFGS-B,4124,2.7620132e-07,0.010003984,6.7647886e-07,0.00024294187
L-BFGS-B,4125,2.7620416e-07,0.010012004,6.757908e-07,0.00024291927
L-BFGS-B,4126,2.7615948e-07,0.010021562,6.7506414e-07,0.00024289916
L-BFGS-B,4127,2.7623426e-07,0.010028986,6.7441545e-07,0.00024288733
L-BFGS-B,4128,2.7623116e-07,0.010036927,6.7379744e-07,0.00024287356
L-BFGS-B,4129,2.761221e-07,0.010056062,6.730803e-07,0.00024294098
L-BFGS-B,4130,2.7618816e-07,0.010040286,6.7357246e-07,0.00024286695
L-BFGS-B,4131,2.7613845e-07,0.010044991,6.732088e-07,0.00024285198
L-BFGS-B,4132,2.760192e-07,0.010047857,6.7306024e-07,0.00024284048
L-BFGS-B,4133,2.758776e-07,0.010046358,6.732562e-07,0.00024283364
L-BFGS-B,4134,2.756981e-07,0.010043332,6.7357473e-07,0.00024282426
L-BFGS-B,4135,2.7544243e-07,0.010040946,6.7390505e-07,0.00024281157
L-BFGS-B,4136,2.7524817e-07,0.010041515,6.7397525e-07,0.00024279866
L-BFGS-B,4137,2.751706e-07,0.010046098,6.7366125e-07,0.00024278575
L-BFGS-B,4138,2.7516182e-07,0.0100536905,6.730653e-07,0.00024277097
L-BFGS-B,4139,2.7566387e-07,0.010073284,6.7239927e-07,0.0002429423
L-BFGS-B,4140,2.7515276e-07,0.010055172,6.7292956e-07,0.00024276406
L-BFGS-B,4141,2.751567e-07,0.010066855,6.719193e-07,0.00024272995
L-BFGS-B,4142,2.7522333e-07,0.010078391,6.707844e-07,0.00024268507
L-BFGS-B,4143,2.751856e-07,0.010083994,6.7020045e-07,0.00024264783
L-BFGS-B,4144,2.7522162e-07,0.010078624,6.704396e-07,0.0002426354
L-BFGS-B,4145,2.7520835e-07,0.010077368,6.704045e-07,0.0002426156
L-BFGS-B,4146,2.7511294e-07,0.010074431,6.706387e-07,0.00024260704
L-BFGS-B,4147,2.7515267e-07,0.0100722825,6.7066577e-07,0.00024259559
L-BFGS-B,4148,2.7481983e-07,0.010119777,6.724564e-07,0.00024328919
L-BFGS-B,4149,2.7510566e-07,0.010072137,6.70712e-07,0.00024259402
L-BFGS-B,4150,2.7510046e-07,0.01007395,6.705364e-07,0.00024258503
L-BFGS-B,4151,2.7531036e-07,0.01007521,6.7009216e-07,0.00024256247
L-BFGS-B,4152,2.753308e-07,0.010078794,6.697009e-07,0.00024254271
L-BFGS-B,4153,2.7540688e-07,0.01007452,6.6979493e-07,0.00024252548
L-BFGS-B,4154,2.7535762e-07,0.010075378,6.696404e-07,0.00024250348
L-BFGS-B,4155,2.7534816e-07,0.01006857,6.6994596e-07,0.00024247981
L-BFGS-B,4156,2.7517882e-07,0.010057792,6.7067606e-07,0.00024245615
L-BFGS-B,4157,2.751867e-07,0.010056972,6.706556e-07,0.00024244605
L-BFGS-B,4158,2.7518715e-07,0.010059083,6.704596e-07,0.00024243783
L-BFGS-B,4159,2.7513946e-07,0.010051945,6.709569e-07,0.00024243392
L-BFGS-B,4160,2.7561725e-07,0.010064326,6.701274e-07,0.00024250496
L-BFGS-B,4161,2.7524672e-07,0.010054139,6.705775e-07,0.00024241503
L-BFGS-B,4162,2.7529583e-07,0.0100612,6.6983114e-07,0.00024238104
L-BFGS-B,4163,2.754116e-07,0.010063749,6.690955e-07,0.00024231354
L-BFGS-B,4164,2.7553128e-07,0.010054171,6.692115e-07,0.00024225313
L-BFGS-B,4165,2.7627942e-07,0.009992643,6.726313e-07,0.00024226302
L-BFGS-B,4166,2.7582706e-07,0.010022541,6.7076843e-07,0.00024221474
L-BFGS-B,4167,2.755688e-07,0.009994882,6.723797e-07,0.0002421411
L-BFGS-B,4168,2.7520557e-07,0.009962353,6.7443e-07,0.00024206887
L-BFGS-B,4169,2.7515406e-07,0.009932524,6.7592117e-07,0.0002419865
L-BFGS-B,4170,2.7388606e-07,0.0099014025,6.8285254e-07,0.00024252481
L-BFGS-B,4171,2.747779e-07,0.009918654,6.7699546e-07,0.00024195254
L-BFGS-B,4172,2.7498584e-07,0.009911401,6.768995e-07,0.00024189682
L-BFGS-B,4173,2.751693e-07,0.009924241,6.7586444e-07,0.00024189748
L-BFGS-B,4174,2.7502634e-07,0.00991464,6.762769e-07,0.00024184189
L-BFGS-B,4175,2.748183e-07,0.009924246,6.754488e-07,0.00024178252
L-BFGS-B,4176,2.7430363e-07,0.009960667,6.7260703e-07,0.00024164325
L-BFGS-B,4177,2.7472407e-07,0.009946129,6.7382615e-07,0.00024174382
L-BFGS-B,4178,2.7438853e-07,0.009954866,6.7276824e-07,0.00024162217
L-BFGS-B,4179,2.7427305e-07,0.009947426,6.7293627e-07,0.00024155565
L-BFGS-B,4180,2.7431335e-07,0.009934208,6.7303085e-07,0.0002414437
L-BFGS-B,4181,2.743293e-07,0.009924356,6.7347764e-07,0.00024141459
L-BFGS-B,4182,2.7463693e-07,0.009917168,6.734045e-07,0.00024137789
L-BFGS-B,4183,2.7436258e-07,0.009917642,6.7350265e-07,0.0002413562
L-BFGS-B,4184,2.7462787e-07,0.0099192,6.730138e-07,0.00024133825
L-BFGS-B,4185,2.7444057e-07,0.009910773,6.7357996e-07,0.0002413108
L-BFGS-B,4186,2.7438261e-07,0.009896677,6.744135e-07,0.00024128618
L-BFGS-B,4187,2.7430667e-07,0.009889913,6.748124e-07,0.00024126699
L-BFGS-B,4188,2.744254e-07,0.009883871,6.7492147e-07,0.00024124075
L-BFGS-B,4189,2.7440367e-07,0.00988853,6.745506e-07,0.00024122845
L-BFGS-B,4190,2.744784e-07,0.009892401,6.7414067e-07,0.00024121687
L-BFGS-B,4191,2.7452566e-07,0.009898182,6.735465e-07,0.00024119264
L-BFGS-B,4192,2.744952e-07,0.009901098,6.7320326e-07,0.00024116575
L-BFGS-B,4193,2.7442746e-07,0.009895609,6.735386e-07,0.00024115099
L-BFGS-B,4194,2.742727e-07,0.00989267,6.7376664e-07,0.0002411326
L-BFGS-B,4195,2.7411642e-07,0.009890934,6.739814e-07,0.00024112401
L-BFGS-B,4196,2.741081e-07,0.009886639,6.742546e-07,0.00024112078
L-BFGS-B,4197,2.740688e-07,0.009891732,6.739177e-07,0.0002411153
L-BFGS-B,4198,2.7404974e-07,0.009898669,6.734303e-07,0.0002411087
L-BFGS-B,4199,2.7408356e-07,0.009903089,6.730636e-07,0.00024110297
L-BFGS-B,4200,2.7411093e-07,0.009902359,6.7301096e-07,0.00024109187
L-BFGS-B,4201,2.7464407e-07,0.009905751,6.7260555e-07,0.00024114495
L-BFGS-B,4202,2.7421112e-07,0.009901632,6.7290006e-07,0.00024108299
L-BFGS-B,4203,2.7496358e-07,0.009858688,6.7697823e-07,0.00024137815
L-BFGS-B,4204,2.742439e-07,0.009896042,6.732189e-07,0.00024107983
L-BFGS-B,4205,2.7422143e-07,0.009885224,6.7381745e-07,0.00024105806
L-BFGS-B,4206,2.7460177e-07,0.009867469,6.743823e-07,0.0002410223
L-BFGS-B,4207,2.7463574e-07,0.009846182,6.7576906e-07,0.00024102253
L-BFGS-B,4208,2.7460257e-07,0.009856237,6.7503083e-07,0.00024100738
L-BFGS-B,4209,2.7487874e-07,0.009849011,6.75108e-07,0.00024098813
L-BFGS-B,4210,2.7494576e-07,0.009846284,6.7510507e-07,0.00024097046
L-BFGS-B,4211,2.750359e-07,0.009845138,6.7497524e-07,0.00024095304
L-BFGS-B,4212,2.7518254e-07,0.009849192,6.7440766e-07,0.00024093044
L-BFGS-B,4213,2.7547108e-07,0.009855523,6.7353557e-07,0.00024090623
L-BFGS-B,4214,2.7564892e-07,0.009858703,6.7303176e-07,0.00024088912
L-BFGS-B,4215,2.7581103e-07,0.009855279,6.730457e-07,0.00024088129
L-BFGS-B,4216,2.7572733e-07,0.009854936,6.731383e-07,0.00024087919
L-BFGS-B,4217,2.7568223e-07,0.009852818,6.7329444e-07,0.00024087468
L-BFGS-B,4218,2.7563058e-07,0.009853746,6.7325846e-07,0.00024087081
L-BFGS-B,4219,2.755494e-07,0.009858711,6.729545e-07,0.00024086269
L-BFGS-B,4220,2.754207e-07,0.00986384,6.726844e-07,0.00024085416
L-BFGS-B,4221,2.7545033e-07,0.009870642,6.720684e-07,0.00024083423
L-BFGS-B,4222,2.7528787e-07,0.009927652,6.6876237e-07,0.00024088405
L-BFGS-B,4223,2.7533147e-07,0.009887428,6.7096005e-07,0.00024081802
L-BFGS-B,4224,2.7542205e-07,0.009891003,6.704397e-07,0.00024078929
L-BFGS-B,4225,2.7546048e-07,0.009894888,6.699047e-07,0.00024075365
L-BFGS-B,4226,2.7522483e-07,0.00988001,6.708414e-07,0.00024071004
L-BFGS-B,4227,2.7536956e-07,0.009868718,6.712594e-07,0.00024068152
L-BFGS-B,4228,2.7516217e-07,0.009854476,6.72381e-07,0.00024067624
L-BFGS-B,4229,2.7523967e-07,0.009856715,6.7199846e-07,0.00024065288
L-BFGS-B,4230,2.7539727e-07,0.009857971,6.7166377e-07,0.00024063888
L-BFGS-B,4231,2.7555714e-07,0.009856438,6.714691e-07,0.0002406183
L-BFGS-B,4232,2.757326e-07,0.009846875,6.718331e-07,0.00024060361
L-BFGS-B,4233,2.7598819e-07,0.009851152,6.7122585e-07,0.00024059362
L-BFGS-B,4234,2.7590397e-07,0.009851966,6.7108095e-07,0.0002405674
L-BFGS-B,4235,2.7585935e-07,0.009854586,6.708456e-07,0.0002405516
L-BFGS-B,4236,2.7571062e-07,0.009907131,6.6835247e-07,0.00024068078
L-BFGS-B,4237,2.7580492e-07,0.009865662,6.7005885e-07,0.00024053617
L-BFGS-B,4238,2.7590104e-07,0.009842977,6.715e-07,0.00024053993
L-BFGS-B,4239,2.7583766e-07,0.009855343,6.7066946e-07,0.0002405295
L-BFGS-B,4240,2.777267e-07,0.009915084,6.6628877e-07,0.00024075317
L-BFGS-B,4241,2.762057e-07,0.009866335,6.6944403e-07,0.00024051082
L-BFGS-B,4242,2.7601797e-07,0.009858043,6.700746e-07,0.00024049432
L-BFGS-B,4243,2.760111e-07,0.009849281,6.705295e-07,0.00024047389
L-BFGS-B,4244,2.7607135e-07,0.00985196,6.7018675e-07,0.00024045832
L-BFGS-B,4245,2.7607086e-07,0.009846857,6.7039275e-07,0.00024043811
L-BFGS-B,4246,2.7594203e-07,0.009844006,6.705259e-07,0.00024041024
L-BFGS-B,4247,2.7569078e-07,0.00984729,6.702874e-07,0.00024036963
L-BFGS-B,4248,2.7536493e-07,0.009854211,6.6991174e-07,0.00024033361
L-BFGS-B,4249,2.7509722e-07,0.009859005,6.6966413e-07,0.00024030425
L-BFGS-B,4250,2.7493923e-07,0.009870334,6.688261e-07,0.00024026814
L-BFGS-B,4251,2.75176e-07,0.009889648,6.6729217e-07,0.0002402667
L-BFGS-B,4252,2.7503896e-07,0.009878047,6.680718e-07,0.00024024709
L-BFGS-B,4253,2.7536845e-07,0.009880768,6.6731917e-07,0.00024021082
L-BFGS-B,4254,2.7562078e-07,0.009867732,6.676865e-07,0.00024017341
L-BFGS-B,4255,2.75931e-07,0.009854932,6.680479e-07,0.00024014615
L-BFGS-B,4256,2.760403e-07,0.009847824,6.6832126e-07,0.00024013247
L-BFGS-B,4257,2.7583312e-07,0.009845133,6.6858763e-07,0.00024011444
L-BFGS-B,4258,2.7558823e-07,0.009843716,6.6883484e-07,0.00024010062
L-BFGS-B,4259,2.753543e-07,0.009838831,6.692528e-07,0.00024007939
L-BFGS-B,4260,2.748282e-07,0.009828085,6.7038343e-07,0.0002400626
L-BFGS-B,4261,2.7499186e-07,0.009824657,6.703771e-07,0.00024005192
L-BFGS-B,4262,2.7496037e-07,0.009826477,6.701917e-07,0.00024003757
L-BFGS-B,4263,2.7479697e-07,0.0098277815,6.7013076e-07,0.00024001699
L-BFGS-B,4264,2.7450633e-07,0.009826582,6.7032266e-07,0.00023999016
L-BFGS-B,4265,2.7437753e-07,0.00982805,6.7021426e-07,0.00023996926
L-BFGS-B,4266,2.743078e-07,0.009816961,6.7092424e-07,0.00023995442
L-BFGS-B,4267,2.7398826e-07,0.00980153,6.722007e-07,0.00023994365
L-BFGS-B,4268,2.7403544e-07,0.009804312,6.718828e-07,0.00023993086
L-BFGS-B,4269,2.7399022e-07,0.009802981,6.7194514e-07,0.00023992012
L-BFGS-B,4270,2.740911e-07,0.009803184,6.7176643e-07,0.00023991047
L-BFGS-B,4271,2.7416058e-07,0.009796543,6.7202967e-07,0.00023989397
L-BFGS-B,4272,2.744492e-07,0.009800062,6.7135556e-07,0.00023987133
L-BFGS-B,4273,2.7433006e-07,0.009798003,6.714769e-07,0.00023985107
L-BFGS-B,4274,2.7395777e-07,0.0098033445,6.712551e-07,0.00023981537
L-BFGS-B,4275,2.739107e-07,0.00977529,6.737691e-07,0.00023990487
L-BFGS-B,4276,2.7390624e-07,0.009794884,6.717975e-07,0.0002398044
L-BFGS-B,4277,2.73493e-07,0.009802373,6.715342e-07,0.00023977782
L-BFGS-B,4278,2.7327795e-07,0.009809223,6.7110767e-07,0.00023975006
L-BFGS-B,4279,2.730322e-07,0.009804409,6.7146146e-07,0.00023971814
L-BFGS-B,4280,2.7339536e-07,0.009809725,6.7045005e-07,0.00023967406
L-BFGS-B,4281,2.7904468e-07,0.009914685,6.7766683e-07,0.00024265356
L-BFGS-B,4282,2.7336975e-07,0.009805209,6.70541e-07,0.0002396387
L-BFGS-B,4283,2.7496515e-07,0.009778617,6.7353807e-07,0.00024006164
L-BFGS-B,4284,2.734769e-07,0.0097943805,6.709916e-07,0.00023961408
L-BFGS-B,4285,2.7570468e-07,0.009941598,6.6717166e-07,0.00024084742
L-BFGS-B,4286,2.7348776e-07,0.009802107,6.703813e-07,0.00023960143
L-BFGS-B,4287,2.7361884e-07,0.00979704,6.7024024e-07,0.00023954926
L-BFGS-B,4288,2.7397465e-07,0.009796381,6.6940765e-07,0.00023947115
L-BFGS-B,4289,2.7404337e-07,0.009787173,6.697786e-07,0.00023944504
L-BFGS-B,4290,2.7408e-07,0.00978031,6.6990776e-07,0.00023940127
L-BFGS-B,4291,2.737216e-07,0.009776677,6.702411e-07,0.00023936116
L-BFGS-B,4292,2.733328e-07,0.009769328,6.708572e-07,0.00023932179
L-BFGS-B,4293,2.7270386e-07,0.009731798,6.742512e-07,0.00023936125
L-BFGS-B,4294,2.7308408e-07,0.009754912,6.7195396e-07,0.00023930482
L-BFGS-B,4295,2.7252224e-07,0.009744468,6.728497e-07,0.00023925048
L-BFGS-B,4296,2.7293692e-07,0.009743865,6.719725e-07,0.00023917505
L-BFGS-B,4297,2.7364507e-07,0.009734187,6.7138603e-07,0.00023909652
L-BFGS-B,4298,2.7327684e-07,0.009727839,6.715271e-07,0.00023899898
L-BFGS-B,4299,2.7279629e-07,0.009717696,6.720516e-07,0.00023890415
L-BFGS-B,4300,2.72103e-07,0.009702814,6.7332616e-07,0.0002388425
L-BFGS-B,4301,2.7251056e-07,0.009711424,6.71865e-07,0.00023877056
L-BFGS-B,4302,2.719473e-07,0.009683869,6.73923e-07,0.00023871925
L-BFGS-B,4303,2.719981e-07,0.009689767,6.731341e-07,0.0002386675
L-BFGS-B,4304,2.7216018e-07,0.009690613,6.727348e-07,0.00023864038
L-BFGS-B,4305,2.7226932e-07,0.009697464,6.72196e-07,0.00023864442
L-BFGS-B,4306,2.7219562e-07,0.009693253,6.724651e-07,0.00023863165
L-BFGS-B,4307,2.7228512e-07,0.00969251,6.7233776e-07,0.00023861854
L-BFGS-B,4308,2.723588e-07,0.009692018,6.722267e-07,0.000238608
L-BFGS-B,4309,2.7240276e-07,0.009692328,6.720958e-07,0.00023859806
L-BFGS-B,4310,2.723171e-07,0.009696917,6.7178473e-07,0.00023858444
L-BFGS-B,4311,2.7235077e-07,0.009713807,6.706846e-07,0.00023859338
L-BFGS-B,4312,2.7231292e-07,0.009703326,6.713039e-07,0.00023857578
L-BFGS-B,4313,2.718263e-07,0.009713348,6.71142e-07,0.00023857872
L-BFGS-B,4314,2.720791e-07,0.009707427,6.712179e-07,0.00023856881
L-BFGS-B,4315,2.718212e-07,0.009707612,6.714139e-07,0.00023856139
L-BFGS-B,4316,2.7161585e-07,0.009707692,6.7153354e-07,0.00023854933
L-BFGS-B,4317,2.7150068e-07,0.009706791,6.71601e-07,0.00023853316
L-BFGS-B,4318,2.7148477e-07,0.0097315535,6.7019675e-07,0.00023856777
L-BFGS-B,4319,2.7149053e-07,0.009712058,6.7124023e-07,0.00023853019
L-BFGS-B,4320,2.7148286e-07,0.009714205,6.710285e-07,0.00023851874
L-BFGS-B,4321,2.7125884e-07,0.009723548,6.704299e-07,0.00023848879
L-BFGS-B,4322,2.7143292e-07,0.009704723,6.717833e-07,0.00023852967
L-BFGS-B,4323,2.712937e-07,0.009716642,6.7078395e-07,0.00023847807
L-BFGS-B,4324,2.7110045e-07,0.009734598,6.696277e-07,0.00023845519
L-BFGS-B,4325,2.7112188e-07,0.0097379815,6.692547e-07,0.0002384363
L-BFGS-B,4326,2.7114461e-07,0.009730153,6.696493e-07,0.00023842062
L-BFGS-B,4327,2.7124722e-07,0.009724205,6.6986934e-07,0.00023840953
L-BFGS-B,4328,2.7115706e-07,0.009723956,6.6993e-07,0.0002384026
L-BFGS-B,4329,2.7114638e-07,0.009722713,6.699907e-07,0.00023839768
L-BFGS-B,4330,2.7108084e-07,0.009722634,6.700387e-07,0.00023839426
L-BFGS-B,4331,2.7101444e-07,0.009721748,6.7013025e-07,0.00023838918
L-BFGS-B,4332,2.7092346e-07,0.0097184125,6.704099e-07,0.00023838413
L-BFGS-B,4333,2.7095945e-07,0.0097103175,6.7087115e-07,0.00023837776
L-BFGS-B,4334,2.7089462e-07,0.009706234,6.711447e-07,0.00023836823
L-BFGS-B,4335,2.7085466e-07,0.009702727,6.71362e-07,0.00023835976
L-BFGS-B,4336,2.7088672e-07,0.009700045,6.7147226e-07,0.00023835429
L-BFGS-B,4337,2.709166e-07,0.009698015,6.715477e-07,0.00023834979
L-BFGS-B,4338,2.7100032e-07,0.009696427,6.715194e-07,0.00023834223
L-BFGS-B,4339,2.7106609e-07,0.009694348,6.714976e-07,0.00023832804
L-BFGS-B,4340,2.7121743e-07,0.009693341,6.712678e-07,0.00023830621
L-BFGS-B,4341,2.7124437e-07,0.009700481,6.7055987e-07,0.00023827545
L-BFGS-B,4342,2.7126094e-07,0.009704751,6.700802e-07,0.00023824867
L-BFGS-B,4343,2.7108265e-07,0.009716015,6.693832e-07,0.00023823002
L-BFGS-B,4344,2.7127868e-07,0.009719483,6.6893216e-07,0.00023822645
L-BFGS-B,4345,2.7118284e-07,0.00971735,6.691419e-07,0.00023822222
L-BFGS-B,4346,2.7133444e-07,0.009712593,6.692343e-07,0.00023821124
L-BFGS-B,4347,2.7133868e-07,0.009715047,6.69025e-07,0.00023820502
L-BFGS-B,4348,2.7172368e-07,0.009712772,6.688792e-07,0.00023821816
L-BFGS-B,4349,2.7146737e-07,0.00971383,6.689304e-07,0.00023819797
L-BFGS-B,4350,2.7184507e-07,0.009734304,6.67065e-07,0.00023817955
L-BFGS-B,4351,2.7148994e-07,0.009729454,6.674864e-07,0.00023814099
L-BFGS-B,4352,2.7126265e-07,0.009725751,6.6763215e-07,0.00023809174
L-BFGS-B,4353,2.7113038e-07,0.00972545,6.671462e-07,0.00023799596
L-BFGS-B,4354,2.7154272e-07,0.00974082,6.655107e-07,0.00023796622
L-BFGS-B,4355,2.7153396e-07,0.009751404,6.6463514e-07,0.0002379394
L-BFGS-B,4356,2.7134638e-07,0.009746016,6.6496665e-07,0.00023790711
L-BFGS-B,4357,2.7117795e-07,0.0097481115,6.6482716e-07,0.00023788188
L-BFGS-B,4358,2.7101402e-07,0.009759613,6.639019e-07,0.00023783352
L-BFGS-B,4359,2.7072977e-07,0.009774115,6.6286196e-07,0.00023777991
L-BFGS-B,4360,2.7079128e-07,0.009796908,6.6099005e-07,0.00023773627
L-BFGS-B,4361,2.7052448e-07,0.009795813,6.6118685e-07,0.00023771482
L-BFGS-B,4362,2.706217e-07,0.009798155,6.606154e-07,0.00023766712
L-BFGS-B,4363,2.7067497e-07,0.009801266,6.6002883e-07,0.00023761822
L-BFGS-B,4364,2.705594e-07,0.009788629,6.607295e-07,0.0002375796
L-BFGS-B,4365,2.702631e-07,0.009768636,6.6212704e-07,0.00023754488
L-BFGS-B,4366,2.6996292e-07,0.009759461,6.6286367e-07,0.0002375186
L-BFGS-B,4367,2.6993493e-07,0.009763541,6.623038e-07,0.00023747122
L-BFGS-B,4368,2.6990085e-07,0.009776432,6.6129616e-07,0.00023744388
L-BFGS-B,4369,2.6998782e-07,0.009776627,6.611125e-07,0.00023743132
L-BFGS-B,4370,2.6995116e-07,0.0097741345,6.612416e-07,0.00023742026
L-BFGS-B,4371,2.6974826e-07,0.009764513,6.6198845e-07,0.00023740563
L-BFGS-B,4372,2.6975044e-07,0.009757591,6.624344e-07,0.00023740364
L-BFGS-B,4373,2.693566e-07,0.009742552,6.637789e-07,0.00023739586
L-BFGS-B,4374,2.681866e-07,0.009766619,6.7501543e-07,0.0002391465
L-BFGS-B,4375,2.691031e-07,0.00973816,6.6425804e-07,0.00023738577
L-BFGS-B,4376,2.6918696e-07,0.009741116,6.6386866e-07,0.0002373695
L-BFGS-B,4377,2.6921774e-07,0.009740495,6.636996e-07,0.00023734255
L-BFGS-B,4378,2.6901822e-07,0.00973678,6.6396245e-07,0.0002373149
L-BFGS-B,4379,2.6881946e-07,0.009725367,6.648121e-07,0.0002372984
L-BFGS-B,4380,2.7116013e-07,0.009971898,6.667328e-07,0.00024040291
L-BFGS-B,4381,2.687613e-07,0.009728906,6.6458773e-07,0.00023729142
L-BFGS-B,4382,2.686895e-07,0.009722373,6.6496915e-07,0.00023727253
L-BFGS-B,4383,2.6866078e-07,0.009709998,6.6560153e-07,0.00023723932
L-BFGS-B,4384,2.6876359e-07,0.009709673,6.6540485e-07,0.00023722199
L-BFGS-B,4385,2.6902822e-07,0.009713228,6.6477355e-07,0.00023720253
L-BFGS-B,4386,2.693128e-07,0.009749299,6.62293e-07,0.00023723385
L-BFGS-B,4387,2.691042e-07,0.009724932,6.6385024e-07,0.00023719248
L-BFGS-B,4388,2.692038e-07,0.009729497,6.6330233e-07,0.0002371709
L-BFGS-B,4389,2.6940987e-07,0.009747432,6.6143787e-07,0.00023710149
L-BFGS-B,4390,2.694021e-07,0.009754156,6.60762e-07,0.00023706617
L-BFGS-B,4391,2.693259e-07,0.009751726,6.6078036e-07,0.0002370332
L-BFGS-B,4392,2.6915654e-07,0.009759205,6.6027e-07,0.00023700602
L-BFGS-B,4393,2.6911258e-07,0.009754692,6.604125e-07,0.0002369757
L-BFGS-B,4394,2.6926057e-07,0.009758289,6.598466e-07,0.00023694897
L-BFGS-B,4395,2.6849608e-07,0.009765919,6.598588e-07,0.00023691243
L-BFGS-B,4396,2.6855952e-07,0.009762947,6.5966657e-07,0.00023686339
L-BFGS-B,4397,2.6916925e-07,0.009756194,6.588733e-07,0.00023676833
L-BFGS-B,4398,2.6931758e-07,0.0097372085,6.5940986e-07,0.0002366812
L-BFGS-B,4399,2.6986234e-07,0.009730805,6.583284e-07,0.00023653667
L-BFGS-B,4400,2.698005e-07,0.0097205425,6.5855187e-07,0.00023645828
L-BFGS-B,4401,2.6943079e-07,0.009718905,6.5863725e-07,0.00023639925
L-BFGS-B,4402,2.693362e-07,0.009718591,6.5843875e-07,0.00023635216
L-BFGS-B,4403,2.6947185e-07,0.00971363,6.582867e-07,0.00023630008
L-BFGS-B,4404,2.6960106e-07,0.009698815,6.588762e-07,0.00023625974
L-BFGS-B,4405,2.697832e-07,0.009682586,6.5931005e-07,0.00023618984
L-BFGS-B,4406,2.7343592e-07,0.009663696,6.5973177e-07,0.00023661213
L-BFGS-B,4407,2.7053852e-07,0.009671176,6.588749e-07,0.00023612377
L-BFGS-B,4408,2.702779e-07,0.00963844,6.6022716e-07,0.00023596015
L-BFGS-B,4409,2.6981712e-07,0.00959208,6.6348855e-07,0.00023591664
L-BFGS-B,4410,2.7019775e-07,0.009584123,6.6237203e-07,0.0002357267
L-BFGS-B,4411,2.7066375e-07,0.009574179,6.6187073e-07,0.00023562196
L-BFGS-B,4412,2.7069365e-07,0.009562004,6.619331e-07,0.00023551405
L-BFGS-B,4413,2.7058795e-07,0.009545216,6.6245497e-07,0.0002354086
L-BFGS-B,4414,2.70381e-07,0.009538665,6.6209174e-07,0.00023525755
L-BFGS-B,4415,2.6884862e-07,0.009507976,6.646415e-07,0.00023510327
L-BFGS-B,4416,2.6867028e-07,0.009609889,6.595958e-07,0.00023533881
L-BFGS-B,4417,2.6845063e-07,0.00953562,6.626143e-07,0.00023501593
L-BFGS-B,4418,2.6883433e-07,0.009527735,6.6180877e-07,0.00023487382
L-BFGS-B,4419,2.6788362e-07,0.009508264,6.624597e-07,0.00023463415
L-BFGS-B,4420,2.679589e-07,0.009532779,6.63621e-07,0.00023506478
L-BFGS-B,4421,2.6768424e-07,0.009498778,6.6254563e-07,0.00023452227
L-BFGS-B,4422,2.67433e-07,0.009483305,6.631534e-07,0.00023442101
L-BFGS-B,4423,2.6690427e-07,0.009478956,6.634704e-07,0.00023434576
L-BFGS-B,4424,2.6661357e-07,0.009474415,6.6355335e-07,0.00023426919
L-BFGS-B,4425,2.6656338e-07,0.009475698,6.6287754e-07,0.00023417312
L-BFGS-B,4426,2.6660354e-07,0.0095343795,6.591512e-07,0.00023420701
L-BFGS-B,4427,2.6650883e-07,0.00949862,6.6106844e-07,0.0002341228
L-BFGS-B,4428,2.663506e-07,0.009486303,6.615724e-07,0.00023405149
L-BFGS-B,4429,2.6887173e-07,0.009788228,6.6883365e-07,0.0002385381
L-BFGS-B,4430,2.6623772e-07,0.009491013,6.6125324e-07,0.00023403377
L-BFGS-B,4431,2.6601282e-07,0.009467613,6.622809e-07,0.00023392017
L-BFGS-B,4432,2.6575267e-07,0.009446181,6.6335076e-07,0.00023382733
L-BFGS-B,4433,2.6582353e-07,0.009438008,6.6344086e-07,0.00023376974
L-BFGS-B,4434,2.6579025e-07,0.009450208,6.624417e-07,0.00023373688
L-BFGS-B,4435,2.658572e-07,0.009452129,6.620556e-07,0.00023370821
L-BFGS-B,4436,2.6600128e-07,0.009460342,6.610432e-07,0.0002336601
L-BFGS-B,4437,2.661009e-07,0.009468682,6.6008846e-07,0.00023361522
L-BFGS-B,4438,2.6598389e-07,0.009465652,6.6009596e-07,0.00023356848
L-BFGS-B,4439,2.6584186e-07,0.009452214,6.608321e-07,0.00023352323
L-BFGS-B,4440,2.6574912e-07,0.009431935,6.619496e-07,0.00023347416
L-BFGS-B,4441,2.655757e-07,0.009411692,6.6295286e-07,0.00023339619
L-BFGS-B,4442,2.6542185e-07,0.009402089,6.6307433e-07,0.00023329532
L-BFGS-B,4443,2.6489712e-07,0.009411371,6.625075e-07,0.0002332244
L-BFGS-B,4444,2.6507104e-07,0.009435406,6.612243e-07,0.00023329836
L-BFGS-B,4445,2.6487473e-07,0.0094159115,6.6198805e-07,0.00023318853
L-BFGS-B,4446,2.6548312e-07,0.009430512,6.6041775e-07,0.00023319025
L-BFGS-B,4447,2.6512734e-07,0.0094216075,6.611676e-07,0.0002331603
L-BFGS-B,4448,2.6493674e-07,0.009423009,6.610174e-07,0.00023312322
L-BFGS-B,4449,2.6489496e-07,0.009429299,6.603563e-07,0.00023308069
L-BFGS-B,4450,2.6362179e-07,0.0093865,6.6779774e-07,0.00023357794
L-BFGS-B,4451,2.6445738e-07,0.009414385,6.615653e-07,0.00023304726
L-BFGS-B,4452,2.642547e-07,0.009409669,6.617957e-07,0.00023300425
L-BFGS-B,4453,2.6401878e-07,0.00941473,6.6120424e-07,0.00023293076
L-BFGS-B,4454,2.6382068e-07,0.0094102835,6.6125097e-07,0.00023286357
L-BFGS-B,4455,2.6339424e-07,0.009407224,6.6154854e-07,0.00023281365
L-BFGS-B,4456,2.6284033e-07,0.00941021,6.6137875e-07,0.00023273495
L-BFGS-B,4457,2.6233468e-07,0.009415964,6.6129945e-07,0.00023270476
L-BFGS-B,4458,2.6255236e-07,0.009429583,6.5982886e-07,0.00023265301
L-BFGS-B,4459,2.6307032e-07,0.0094437,6.5808825e-07,0.0002326108
L-BFGS-B,4460,2.6321322e-07,0.009459047,6.566263e-07,0.00023256638
L-BFGS-B,4461,2.6354388e-07,0.009474552,6.549743e-07,0.00023252325
L-BFGS-B,4462,2.6347075e-07,0.009472887,6.5498864e-07,0.00023249778
L-BFGS-B,4463,2.6363247e-07,0.009472362,6.5479196e-07,0.00023248728
L-BFGS-B,4464,2.635999e-07,0.009481531,6.5389014e-07,0.0002324388
L-BFGS-B,4465,2.6329576e-07,0.009490733,6.534061e-07,0.00023241261
L-BFGS-B,4466,2.6344713e-07,0.009496328,6.5267983e-07,0.00023238233
L-BFGS-B,4467,2.633543e-07,0.009494261,6.526342e-07,0.00023234088
L-BFGS-B,4468,2.6353072e-07,0.009496818,6.518815e-07,0.00023228003
L-BFGS-B,4469,2.6347047e-07,0.009484962,6.5250276e-07,0.0002322456
L-BFGS-B,4470,2.6364674e-07,0.009480336,6.5253676e-07,0.00023223087
L-BFGS-B,4471,2.6348746e-07,0.009469812,6.5315663e-07,0.00023219472
L-BFGS-B,4472,2.6340285e-07,0.009467411,6.5322865e-07,0.00023216882
L-BFGS-B,4473,2.6325574e-07,0.00946346,6.533514e-07,0.00023212566
L-BFGS-B,4474,2.631784e-07,0.009458678,6.5360337e-07,0.00023210404
L-BFGS-B,4475,2.6304457e-07,0.0094546275,6.5395375e-07,0.00023209602
L-BFGS-B,4476,2.6298653e-07,0.009450223,6.5428236e-07,0.00023209256
L-BFGS-B,4477,2.6296033e-07,0.009446361,6.545343e-07,0.0002320878
L-BFGS-B,4478,2.626444e-07,0.009420003,6.566493e-07,0.00023209408
L-BFGS-B,4479,2.6283308e-07,0.009436118,6.553209e-07,0.00023208428
L-BFGS-B,4480,2.6283385e-07,0.009433801,6.5539314e-07,0.00023207205
L-BFGS-B,4481,2.6288618e-07,0.009425787,6.557327e-07,0.00023205072
L-BFGS-B,4482,2.6289254e-07,0.009414597,6.5617144e-07,0.00023200558
L-BFGS-B,4483,2.6296954e-07,0.009382622,6.5804375e-07,0.00023197822
L-BFGS-B,4484,2.6301566e-07,0.0093835415,6.577211e-07,0.00023194592
L-BFGS-B,4485,2.6314072e-07,0.00938568,6.572439e-07,0.00023191448
L-BFGS-B,4486,2.630772e-07,0.009380998,6.57477e-07,0.00023189312
L-BFGS-B,4487,2.6301458e-07,0.009374665,6.5777374e-07,0.00023186489
L-BFGS-B,4488,2.6286594e-07,0.00936414,6.5838583e-07,0.00023182918
L-BFGS-B,4489,2.630556e-07,0.009371886,6.576455e-07,0.00023182403
L-BFGS-B,4490,2.6308567e-07,0.00936496,6.5795285e-07,0.00023180537
L-BFGS-B,4491,2.6304758e-07,0.009363353,6.580053e-07,0.00023179146
L-BFGS-B,4492,2.631461e-07,0.00937105,6.572663e-07,0.00023177234
L-BFGS-B,4493,2.6292943e-07,0.009395335,6.557464e-07,0.00023175473
L-BFGS-B,4494,2.6306049e-07,0.00940528,6.547918e-07,0.00023173064
L-BFGS-B,4495,2.6306003e-07,0.009412377,6.5420784e-07,0.00023171394
L-BFGS-B,4496,2.63054e-07,0.009417053,6.5381334e-07,0.00023170063
L-BFGS-B,4497,2.630306e-07,0.009420085,6.5351935e-07,0.00023168334
L-BFGS-B,4498,2.6303312e-07,0.009422243,6.5329846e-07,0.00023167215
L-BFGS-B,4499,2.6313487e-07,0.009426786,6.528145e-07,0.00023166026
L-BFGS-B,4500,2.6302175e-07,0.009421722,6.5316897e-07,0.00023164583
L-BFGS-B,4501,2.6279946e-07,0.009418336,6.5350355e-07,0.0002316288
L-BFGS-B,4502,2.6291465e-07,0.009420132,6.5312696e-07,0.00023160756
L-BFGS-B,4503,2.6246676e-07,0.009422608,6.532861e-07,0.000231589
L-BFGS-B,4504,2.6224066e-07,0.00942992,6.528544e-07,0.00023156346
L-BFGS-B,4505,2.6224131e-07,0.009464292,6.5045043e-07,0.00023154667
L-BFGS-B,4506,2.6223267e-07,0.009462515,6.5038756e-07,0.00023151818
L-BFGS-B,4507,2.6232868e-07,0.009432318,6.5249844e-07,0.00023154722
L-BFGS-B,4508,2.6224654e-07,0.009450621,6.510826e-07,0.00023150558
L-BFGS-B,4509,2.623763e-07,0.009447278,6.5105246e-07,0.0002314871
L-BFGS-B,4510,2.6260182e-07,0.009441426,6.510476e-07,0.00023146169
L-BFGS-B,4511,2.6474862e-07,0.009509432,6.5054945e-07,0.00023238902
L-BFGS-B,4512,2.6266213e-07,0.0094418125,6.509386e-07,0.00023145822
L-BFGS-B,4513,2.6244115e-07,0.009438281,6.512961e-07,0.0002314434
L-BFGS-B,4514,2.6221844e-07,0.00943798,6.5142126e-07,0.00023142576
L-BFGS-B,4515,2.6203372e-07,0.009438419,6.5150283e-07,0.00023141467
L-BFGS-B,4516,2.6136814e-07,0.009463545,6.508291e-07,0.00023146503
L-BFGS-B,4517,2.618036e-07,0.009445436,6.5117746e-07,0.00023140153
L-BFGS-B,4518,2.6180345e-07,0.00944737,6.509067e-07,0.00023138023
L-BFGS-B,4519,2.6159253e-07,0.009449332,6.5092394e-07,0.0002313708
L-BFGS-B,4520,2.61397e-07,0.009439215,6.516234e-07,0.00023134521
L-BFGS-B,4521,2.6133458e-07,0.009438335,6.516138e-07,0.00023132561
L-BFGS-B,4522,2.6112676e-07,0.009431431,6.51805e-07,0.00023125407
L-BFGS-B,4523,2.610097e-07,0.009425952,6.5203517e-07,0.00023121625
L-BFGS-B,4524,2.610531e-07,0.009432754,6.5133554e-07,0.00023118581
L-BFGS-B,4525,2.6111945e-07,0.009434986,6.5098124e-07,0.00023116497
L-BFGS-B,4526,2.6117456e-07,0.0094371205,6.506373e-07,0.00023114297
L-BFGS-B,4527,2.6140307e-07,0.009434605,6.5033646e-07,0.00023110697
L-BFGS-B,4528,2.6146836e-07,0.009421498,6.509207e-07,0.00023107333
L-BFGS-B,4529,2.6140864e-07,0.009408875,6.51616e-07,0.00023104245
L-BFGS-B,4530,2.6184134e-07,0.009400685,6.51504e-07,0.00023100866
L-BFGS-B,4531,2.616344e-07,0.009364537,6.5437183e-07,0.00023104629
L-BFGS-B,4532,2.6175582e-07,0.009387372,6.523855e-07,0.00023099492
L-BFGS-B,4533,2.6210535e-07,0.0093951095,6.5146486e-07,0.00023098662
L-BFGS-B,4534,2.6214335e-07,0.009396774,6.51097e-07,0.00023095378
L-BFGS-B,4535,2.6221406e-07,0.00940182,6.505986e-07,0.00023094009
L-BFGS-B,4536,2.6244365e-07,0.009408752,6.498092e-07,0.00023092545
L-BFGS-B,4537,2.6250814e-07,0.009414979,6.492536e-07,0.00023091405
L-BFGS-B,4538,2.625612e-07,0.009415701,6.490916e-07,0.00023090493
L-BFGS-B,4539,2.6260858e-07,0.009414889,6.490198e-07,0.00023089314
L-BFGS-B,4540,2.6246497e-07,0.009409303,6.4939456e-07,0.00023087196
L-BFGS-B,4541,2.6240315e-07,0.00939964,6.4988916e-07,0.00023084023
L-BFGS-B,4542,2.6232354e-07,0.009391826,6.5024693e-07,0.00023080382
L-BFGS-B,4543,2.6244996e-07,0.009388298,6.501435e-07,0.00023077198
L-BFGS-B,4544,2.6254946e-07,0.0093944585,6.4951837e-07,0.00023075475
L-BFGS-B,4545,2.6287105e-07,0.009391444,6.492811e-07,0.00023073726
L-BFGS-B,4546,2.6285042e-07,0.009391443,6.492012e-07,0.00023072217
L-BFGS-B,4547,2.6276481e-07,0.009385494,6.495467e-07,0.00023070165
L-BFGS-B,4548,2.6261796e-07,0.009381077,6.4992247e-07,0.00023069183
L-BFGS-B,4549,2.6240593e-07,0.009372217,6.5062915e-07,0.00023067743
L-BFGS-B,4550,2.6275947e-07,0.009371304,6.5693536e-07,0.00023166726
L-BFGS-B,4551,2.6240605e-07,0.009371397,6.506736e-07,0.00023067591
L-BFGS-B,4552,2.6225413e-07,0.009369176,6.508699e-07,0.00023066037
L-BFGS-B,4553,2.621853e-07,0.009363395,6.5118303e-07,0.00023063921
L-BFGS-B,4554,2.6218694e-07,0.0093659675,6.5090893e-07,0.00023062405
L-BFGS-B,4555,2.623953e-07,0.009364793,6.506921e-07,0.00023061104
L-BFGS-B,4556,2.624656e-07,0.009366528,6.5044316e-07,0.0002306016
L-BFGS-B,4557,2.6251544e-07,0.0093675945,6.5025387e-07,0.00023059134
L-BFGS-B,4558,2.630106e-07,0.009364197,6.5135595e-07,0.00023079696
L-BFGS-B,4559,2.625411e-07,0.0093660755,6.5030474e-07,0.00023058763
L-BFGS-B,4560,2.6255285e-07,0.009360596,6.504326e-07,0.00023055376
L-BFGS-B,4561,2.6239692e-07,0.0093927365,6.4826986e-07,0.00023052738
L-BFGS-B,4562,2.620384e-07,0.009365914,6.5002007e-07,0.00023046791
L-BFGS-B,4563,2.6161638e-07,0.00932414,6.528053e-07,0.00023040464
L-BFGS-B,4564,2.6111098e-07,0.0093108425,6.540192e-07,0.00023037795
L-BFGS-B,4565,2.6099292e-07,0.009305331,6.543155e-07,0.00023034957
L-BFGS-B,4566,2.610547e-07,0.009307502,6.539681e-07,0.00023032844
L-BFGS-B,4567,2.609439e-07,0.009317548,6.5320864e-07,0.00023029835
L-BFGS-B,4568,2.6154763e-07,0.009289797,6.5553564e-07,0.00023046046
L-BFGS-B,4569,2.6101054e-07,0.009308054,6.536446e-07,0.0002302788
L-BFGS-B,4570,2.6080212e-07,0.009303691,6.53864e-07,0.00023023682
L-BFGS-B,4571,2.6055903e-07,0.0092905825,6.5476587e-07,0.00023020456
L-BFGS-B,4572,2.6017577e-07,0.009277105,6.5577507e-07,0.00023016369
L-BFGS-B,4573,2.5960173e-07,0.009239968,6.5815664e-07,0.00023006344
L-BFGS-B,4574,2.5837184e-07,0.009192976,6.6202136e-07,0.00022998874
L-BFGS-B,4575,2.574667e-07,0.009199619,6.656713e-07,0.00023046689
L-BFGS-B,4576,2.5804496e-07,0.009189914,6.624086e-07,0.00022996718
L-BFGS-B,4577,2.5851708e-07,0.0091757905,6.624603e-07,0.00022990452
L-BFGS-B,4578,2.5860305e-07,0.009197559,6.60477e-07,0.00022983759
L-BFGS-B,4579,2.5858077e-07,0.009206683,6.596307e-07,0.00022979855
L-BFGS-B,4580,2.5858142e-07,0.009218678,6.58637e-07,0.00022976953
L-BFGS-B,4581,2.5833225e-07,0.009211401,6.5915594e-07,0.00022973723
L-BFGS-B,4582,2.582518e-07,0.009194918,6.602276e-07,0.0002297211
L-BFGS-B,4583,2.5799204e-07,0.009202831,6.5976644e-07,0.00022969209
L-BFGS-B,4584,2.578529e-07,0.009210154,6.592619e-07,0.00022966876
L-BFGS-B,4585,2.5766022e-07,0.00921831,6.5866425e-07,0.00022963178
L-BFGS-B,4586,2.5750336e-07,0.00922396,6.580755e-07,0.00022957644
L-BFGS-B,4587,2.5656274e-07,0.009210198,6.5944226e-07,0.00022950272
L-BFGS-B,4588,2.5638047e-07,0.009180735,6.614742e-07,0.00022948555
L-BFGS-B,4589,2.5626082e-07,0.009193185,6.603772e-07,0.00022942756
L-BFGS-B,4590,2.5639144e-07,0.009183308,6.604199e-07,0.00022935477
L-BFGS-B,4591,2.5651522e-07,0.0091752205,6.604387e-07,0.00022929528
L-BFGS-B,4592,2.564356e-07,0.00917451,6.602197e-07,0.0002292434
L-BFGS-B,4593,2.5637615e-07,0.009179097,6.5953265e-07,0.00022917727
L-BFGS-B,4594,2.5603921e-07,0.009185011,6.592256e-07,0.00022913981
L-BFGS-B,4595,2.5573414e-07,0.009185101,6.596192e-07,0.000229154
L-BFGS-B,4596,2.5590023e-07,0.009184341,6.5935706e-07,0.000229132
L-BFGS-B,4597,2.561081e-07,0.009202493,6.5897217e-07,0.00022928696
L-BFGS-B,4598,2.5591993e-07,0.00918613,6.591687e-07,0.00022912459
L-BFGS-B,4599,2.5584924e-07,0.009184825,6.592432e-07,0.00022911212
L-BFGS-B,4600,2.557354e-07,0.009178775,6.596635e-07,0.00022909758
L-BFGS-B,4601,2.556487e-07,0.009170743,6.602105e-07,0.0002290863
L-BFGS-B,4602,2.5550548e-07,0.009160716,6.609591e-07,0.00022907683
L-BFGS-B,4603,2.553933e-07,0.009154756,6.613797e-07,0.0002290635
L-BFGS-B,4604,2.5525026e-07,0.009140087,6.623218e-07,0.00022903668
L-BFGS-B,4605,2.552846e-07,0.0091503095,6.6130525e-07,0.00022899156
L-BFGS-B,4606,2.5561755e-07,0.0091650095,6.598389e-07,0.00022896857
L-BFGS-B,4607,2.5572035e-07,0.009166337,6.5952355e-07,0.00022894995
L-BFGS-B,4608,2.5569392e-07,0.009161547,6.5976803e-07,0.00022893476
L-BFGS-B,4609,2.5567792e-07,0.009155675,6.6008056e-07,0.00022892051
L-BFGS-B,4610,2.5558768e-07,0.009147353,6.6053553e-07,0.000228892
L-BFGS-B,4611,2.554665e-07,0.009140009,6.607916e-07,0.0002288388
L-BFGS-B,4612,2.5520072e-07,0.00913534,6.6076655e-07,0.00022874848
L-BFGS-B,4613,2.5540012e-07,0.009158036,6.582522e-07,0.0002286282
L-BFGS-B,4614,2.5505963e-07,0.009173224,6.56872e-07,0.00022852198
L-BFGS-B,4615,2.5519392e-07,0.009202512,6.5422677e-07,0.00022843822
L-BFGS-B,4616,2.5529417e-07,0.009221885,6.5211776e-07,0.00022833064
L-BFGS-B,4617,2.554906e-07,0.009226008,6.5135555e-07,0.00022828701
L-BFGS-B,4618,2.5571896e-07,0.009226485,6.5085976e-07,0.00022825165
L-BFGS-B,4619,2.5583878e-07,0.009233474,6.5005315e-07,0.00022821852
L-BFGS-B,4620,2.559524e-07,0.009207765,6.5151045e-07,0.00022819705
L-BFGS-B,4621,2.5580184e-07,0.0092160655,6.509829e-07,0.00022817837
L-BFGS-B,4622,2.557677e-07,0.009210796,6.512045e-07,0.00022815379
L-BFGS-B,4623,2.556489e-07,0.009181643,6.5286434e-07,0.00022809341
L-BFGS-B,4624,2.5551205e-07,0.009170901,6.535728e-07,0.00022807173
L-BFGS-B,4625,2.5547456e-07,0.0091610355,6.540707e-07,0.00022804213
L-BFGS-B,4626,2.5543076e-07,0.009158327,6.5410916e-07,0.00022801427
L-BFGS-B,4627,2.5548414e-07,0.009167041,6.533219e-07,0.00022799132
L-BFGS-B,4628,2.5580573e-07,0.009183673,6.516714e-07,0.00022795831
L-BFGS-B,4629,2.5598743e-07,0.009180601,6.51635e-07,0.00022794938
L-BFGS-B,4630,2.560785e-07,0.009184798,6.510635e-07,0.00022791928
L-BFGS-B,4631,2.5610424e-07,0.009176772,6.51434e-07,0.00022789845
L-BFGS-B,4632,2.5615716e-07,0.009160653,6.5221445e-07,0.00022786227
L-BFGS-B,4633,2.5617368e-07,0.009146012,6.5292085e-07,0.0002278243
L-BFGS-B,4634,2.5615282e-07,0.009121443,6.5419266e-07,0.00022776626
L-BFGS-B,4635,2.5632232e-07,0.00911843,6.5386274e-07,0.00022771207
L-BFGS-B,4636,2.5605496e-07,0.009106856,6.544806e-07,0.00022764888
L-BFGS-B,4637,2.5607028e-07,0.009113217,6.53684e-07,0.0002275953
L-BFGS-B,4638,2.5581352e-07,0.009122027,6.5354845e-07,0.00022762457
L-BFGS-B,4639,2.5594278e-07,0.009115278,6.5359524e-07,0.00022758348
L-BFGS-B,4640,2.566037e-07,0.009130127,6.517321e-07,0.00022755163
L-BFGS-B,4641,2.5693402e-07,0.009132296,6.511232e-07,0.00022753153
L-BFGS-B,4642,2.5717384e-07,0.009145595,6.498714e-07,0.00022751273
L-BFGS-B,4643,2.5708874e-07,0.009140375,6.501762e-07,0.0002274935
L-BFGS-B,4644,2.5697275e-07,0.009135179,6.50506e-07,0.0002274736
L-BFGS-B,4645,2.5694447e-07,0.009134431,6.505003e-07,0.00022746103
L-BFGS-B,4646,2.568855e-07,0.009128825,6.508352e-07,0.00022744635
L-BFGS-B,4647,2.5689053e-07,0.009121896,6.5117007e-07,0.00022742804
L-BFGS-B,4648,2.5675095e-07,0.009101535,6.5251714e-07,0.00022740557
L-BFGS-B,4649,2.567562e-07,0.0090977615,6.5262105e-07,0.00022738421
L-BFGS-B,4650,2.5658287e-07,0.009093962,6.528605e-07,0.0002273561
L-BFGS-B,4651,2.5639903e-07,0.009097653,6.525756e-07,0.00022732271
L-BFGS-B,4652,2.5621117e-07,0.009096988,6.525552e-07,0.00022728482
L-BFGS-B,4653,2.5588207e-07,0.009091413,6.5288253e-07,0.00022722881
L-BFGS-B,4654,2.5527456e-07,0.009092784,6.530015e-07,0.00022716925
L-BFGS-B,4655,2.5530545e-07,0.009079419,6.53595e-07,0.00022712926
L-BFGS-B,4656,2.5531423e-07,0.009096894,6.522243e-07,0.00022709972
L-BFGS-B,4657,2.5546635e-07,0.009101656,6.5167626e-07,0.00022708796
L-BFGS-B,4658,2.555081e-07,0.009107984,6.5112937e-07,0.00022707545
L-BFGS-B,4659,2.556093e-07,0.009112318,6.506439e-07,0.00022706116
L-BFGS-B,4660,2.5544696e-07,0.009100081,6.5158486e-07,0.00022705557
L-BFGS-B,4661,2.556549e-07,0.0090976525,6.513967e-07,0.00022703427
L-BFGS-B,4662,2.554857e-07,0.009093477,6.517194e-07,0.00022701552
L-BFGS-B,4663,2.5519603e-07,0.0090664625,6.5368965e-07,0.00022699748
L-BFGS-B,4664,2.550892e-07,0.009063659,6.53869e-07,0.00022698031
L-BFGS-B,4665,2.5494927e-07,0.009053146,6.5457493e-07,0.00022696008
L-BFGS-B,4666,2.54866e-07,0.009048639,6.5488916e-07,0.00022694966
L-BFGS-B,4667,2.5483777e-07,0.009043023,6.552174e-07,0.00022693851
L-BFGS-B,4668,2.5477485e-07,0.00903449,6.558027e-07,0.00022693153
L-BFGS-B,4669,2.550704e-07,0.009052693,6.5422313e-07,0.00022692097
L-BFGS-B,4670,2.5483257e-07,0.00905224,6.5446005e-07,0.0002269163
L-BFGS-B,4671,2.5497957e-07,0.009053384,6.5408483e-07,0.0002268935
L-BFGS-B,4672,2.550551e-07,0.009056692,6.537015e-07,0.0002268804
L-BFGS-B,4673,2.5519793e-07,0.009064355,6.5292846e-07,0.0002268625
L-BFGS-B,4674,2.5506026e-07,0.00907711,6.5213857e-07,0.00022685093
L-BFGS-B,4675,2.5545538e-07,0.009082689,6.5127233e-07,0.00022683604
L-BFGS-B,4676,2.554002e-07,0.009078578,6.514953e-07,0.00022682009
L-BFGS-B,4677,2.554004e-07,0.009073485,6.5168956e-07,0.00022679834
L-BFGS-B,4678,2.558437e-07,0.009083999,6.5044196e-07,0.00022678284
L-BFGS-B,4679,2.56294e-07,0.0090766745,6.5027206e-07,0.00022675164
L-BFGS-B,4680,2.5628424e-07,0.0090716425,6.5044225e-07,0.00022672539
L-BFGS-B,4681,2.5651565e-07,0.009072977,6.4997914e-07,0.000226704
L-BFGS-B,4682,2.5654384e-07,0.009067923,6.501432e-07,0.00022668228
L-BFGS-B,4683,2.5664164e-07,0.009058427,6.50537e-07,0.00022666107
L-BFGS-B,4684,2.5640668e-07,0.0090439515,6.516064e-07,0.00022664148
L-BFGS-B,4685,2.5645318e-07,0.009033931,6.5211464e-07,0.00022662448
L-BFGS-B,4686,2.5661564e-07,0.009029249,6.5211833e-07,0.00022660257
L-BFGS-B,4687,2.571628e-07,0.0090138335,6.524909e-07,0.00022658639
L-BFGS-B,4688,2.5889912e-07,0.009103569,6.4884625e-07,0.0002271975
L-BFGS-B,4689,2.5730574e-07,0.009022019,6.51712e-07,0.00022657285
L-BFGS-B,4690,2.5666392e-07,0.00901898,6.5250435e-07,0.00022656503
L-BFGS-B,4691,2.5676766e-07,0.00901544,6.522654e-07,0.00022650935
L-BFGS-B,4692,2.6297963e-07,0.009187102,6.4592217e-07,0.00022820629
L-BFGS-B,4693,2.5715562e-07,0.009021832,6.5132264e-07,0.00022649005
L-BFGS-B,4694,2.5708314e-07,0.009020155,6.5123265e-07,0.00022644892
L-BFGS-B,4695,2.564753e-07,0.008988479,6.5352265e-07,0.00022638448
L-BFGS-B,4696,2.563086e-07,0.009004462,6.5198304e-07,0.00022628836
L-BFGS-B,4697,2.5625815e-07,0.009016443,6.505761e-07,0.00022618956
L-BFGS-B,4698,2.5696798e-07,0.00905226,6.47134e-07,0.0002261379
L-BFGS-B,4699,2.5534396e-07,0.009005803,6.5066956e-07,0.00022596006
L-BFGS-B,4700,2.561122e-07,0.009019743,6.4867663e-07,0.00022591575
L-BFGS-B,4701,2.555394e-07,0.009020564,6.5108486e-07,0.00022619928
L-BFGS-B,4702,2.5583586e-07,0.009010477,6.4925894e-07,0.00022586898
L-BFGS-B,4703,2.5487984e-07,0.009001242,6.501804e-07,0.00022577147
L-BFGS-B,4704,2.5479002e-07,0.009007038,6.4947415e-07,0.00022570998
L-BFGS-B,4705,2.5554334e-07,0.00903811,6.460117e-07,0.00022561436
L-BFGS-B,4706,2.548539e-07,0.009049247,6.4531633e-07,0.000225518
L-BFGS-B,4707,2.5413254e-07,0.009038417,6.4618325e-07,0.00022543153
L-BFGS-B,4708,2.5437032e-07,0.0090193935,6.465781e-07,0.00022533619
L-BFGS-B,4709,2.5687675e-07,0.0090839965,6.43915e-07,0.00022595872
L-BFGS-B,4710,2.5452096e-07,0.0090219565,6.462245e-07,0.00022533137
L-BFGS-B,4711,2.5453429e-07,0.009009787,6.4675163e-07,0.00022529076
L-BFGS-B,4712,2.5501745e-07,0.00898687,6.474477e-07,0.00022523847
L-BFGS-B,4713,2.552081e-07,0.008997223,6.4633815e-07,0.00022520417
L-BFGS-B,4714,2.5500393e-07,0.009004098,6.45913e-07,0.00022517852
L-BFGS-B,4715,2.5496368e-07,0.009009893,6.454817e-07,0.00022516571
L-BFGS-B,4716,2.5480242e-07,0.009009065,6.45654e-07,0.0002251591
L-BFGS-B,4717,2.547052e-07,0.009012638,6.4551955e-07,0.0002251601
L-BFGS-B,4718,2.54749e-07,0.009010537,6.4557366e-07,0.00022515375
L-BFGS-B,4719,2.5471755e-07,0.009015355,6.452273e-07,0.00022514528
L-BFGS-B,4720,2.5470644e-07,0.009018536,6.449422e-07,0.00022513265
L-BFGS-B,4721,2.547489e-07,0.009023602,6.4439604e-07,0.00022510777
L-BFGS-B,4722,2.5479832e-07,0.009025018,6.4409204e-07,0.00022508373
L-BFGS-B,4723,2.5485946e-07,0.0090246685,6.438793e-07,0.00022505749
L-BFGS-B,4724,2.5486818e-07,0.009023867,6.437282e-07,0.00022502811
L-BFGS-B,4725,2.5483402e-07,0.009024998,6.433673e-07,0.00022498018
L-BFGS-B,4726,2.5487788e-07,0.009041879,6.4184076e-07,0.00022492658
L-BFGS-B,4727,2.5457874e-07,0.00904082,6.4201845e-07,0.00022489778
L-BFGS-B,4728,2.5749088e-07,0.009206149,6.309595e-07,0.00022532904
L-BFGS-B,4729,2.5514152e-07,0.009073465,6.3902047e-07,0.00022485894
L-BFGS-B,4730,2.5492795e-07,0.009073575,6.389701e-07,0.00022482045
L-BFGS-B,4731,2.546737e-07,0.009070647,6.391826e-07,0.00022478492
L-BFGS-B,4732,2.5435529e-07,0.0090648,6.3938194e-07,0.00022470858
L-BFGS-B,4733,2.5391205e-07,0.009051036,6.4036385e-07,0.00022465174
L-BFGS-B,4734,2.5401317e-07,0.009052044,6.3982384e-07,0.00022459599
L-BFGS-B,4735,2.5401158e-07,0.009048729,6.398121e-07,0.00022456082
L-BFGS-B,4736,2.5388147e-07,0.009057156,6.391167e-07,0.00022452128
L-BFGS-B,4737,2.539098e-07,0.009051752,6.3929826e-07,0.00022449874
L-BFGS-B,4738,2.537737e-07,0.009054363,6.391564e-07,0.00022448314
L-BFGS-B,4739,2.536345e-07,0.009053421,6.3926234e-07,0.00022446873
L-BFGS-B,4740,2.5366484e-07,0.009052742,6.391692e-07,0.00022445252
L-BFGS-B,4741,2.5381038e-07,0.0090523,6.3892315e-07,0.00022443302
L-BFGS-B,4742,2.5405322e-07,0.009033587,6.3975534e-07,0.00022440715
L-BFGS-B,4743,2.547448e-07,0.009043525,6.383658e-07,0.00022440183
L-BFGS-B,4744,2.5404378e-07,0.009003803,6.4127164e-07,0.00022433535
L-BFGS-B,4745,2.5388678e-07,0.00899097,6.4195876e-07,0.00022428652
L-BFGS-B,4746,2.5324567e-07,0.008962994,6.441735e-07,0.00022424282
L-BFGS-B,4747,2.529692e-07,0.008962355,6.4423637e-07,0.00022420438
L-BFGS-B,4748,2.5344866e-07,0.008972861,6.4294255e-07,0.0002241873
L-BFGS-B,4749,2.533696e-07,0.008961977,6.4355004e-07,0.00022415773
L-BFGS-B,4750,2.5316385e-07,0.008961334,6.4369544e-07,0.00022414222
L-BFGS-B,4751,2.5317672e-07,0.008963412,6.433029e-07,0.00022410604
L-BFGS-B,4752,2.531959e-07,0.00896571,6.429149e-07,0.00022407371
L-BFGS-B,4753,2.535533e-07,0.008968439,6.420846e-07,0.00022403008
L-BFGS-B,4754,2.537202e-07,0.0089541115,6.425938e-07,0.0002239882
L-BFGS-B,4755,2.5396403e-07,0.0089484425,6.423965e-07,0.0002239385
L-BFGS-B,4756,2.5449094e-07,0.008929761,6.4269267e-07,0.00022387516
L-BFGS-B,4757,2.5498085e-07,0.0089365775,6.416751e-07,0.00022386416
L-BFGS-B,4758,1.339249e-05,1.129186,5.140313e-06,0.01407178
L-BFGS-B,4759,2.8601224e-07,0.010152304,7.0025135e-07,0.00024946258
L-BFGS-B,4760,2.551552e-07,0.008898385,6.4421687e-07,0.00022388966
L-BFGS-B,4761,2.5501316e-07,0.008920475,6.4259655e-07,0.0002238462
L-BFGS-B,4762,2.5466963e-07,0.008904637,6.433822e-07,0.00022375413
L-BFGS-B,4763,2.5443322e-07,0.0088925725,6.438025e-07,0.00022366107
L-BFGS-B,4764,2.5449324e-07,0.00889013,6.4337047e-07,0.00022358086
L-BFGS-B,4765,2.5423074e-07,0.00888173,6.4347114e-07,0.00022347258
L-BFGS-B,4766,2.550227e-07,0.008896222,6.4118126e-07,0.00022339282
L-BFGS-B,4767,2.5512327e-07,0.008908842,6.3990734e-07,0.000223343
L-BFGS-B,4768,2.5510286e-07,0.008912565,6.394029e-07,0.00022330151
L-BFGS-B,4769,2.5510334e-07,0.008921863,6.38392e-07,0.00022324291
L-BFGS-B,4770,2.5394243e-07,0.008916358,6.3930787e-07,0.00022315112
L-BFGS-B,4771,2.5703736e-07,0.008962015,6.356221e-07,0.00022351905
L-BFGS-B,4772,2.5464925e-07,0.008921462,6.379294e-07,0.00022310141
L-BFGS-B,4773,2.5533703e-07,0.0089257425,6.36741e-07,0.00022306913
L-BFGS-B,4774,2.556457e-07,0.0089340275,6.355699e-07,0.00022302262
L-BFGS-B,4775,2.5526484e-07,0.008929914,6.360151e-07,0.00022299113
L-BFGS-B,4776,2.5480608e-07,0.008923827,6.363775e-07,0.0002229158
L-BFGS-B,4777,2.5444663e-07,0.00891087,6.369737e-07,0.00022282175
L-BFGS-B,4778,2.542619e-07,0.008915515,6.367013e-07,0.00022279962
L-BFGS-B,4779,2.546892e-07,0.008887393,6.3704573e-07,0.00022263417
L-BFGS-B,4780,2.5408715e-07,0.008868996,6.388795e-07,0.00022263496
L-BFGS-B,4781,2.54343e-07,0.008876454,6.3789713e-07,0.00022260056
L-BFGS-B,4782,2.546847e-07,0.008885573,6.36455e-07,0.0002225267
L-BFGS-B,4783,2.5485912e-07,0.008887631,6.354216e-07,0.00022241841
L-BFGS-B,4784,2.5471294e-07,0.008896155,6.3481014e-07,0.00022239001
L-BFGS-B,4785,2.546304e-07,0.008888007,6.3479393e-07,0.00022229372
L-BFGS-B,4786,2.5429333e-07,0.008871145,6.3583184e-07,0.00022223021
L-BFGS-B,4787,2.5416114e-07,0.008862675,6.360686e-07,0.00022216121
L-BFGS-B,4788,2.5403335e-07,0.008851241,6.366481e-07,0.00022211463
L-BFGS-B,4789,2.5427966e-07,0.008844588,6.365994e-07,0.00022207774
L-BFGS-B,4790,2.5444075e-07,0.008836557,6.3678164e-07,0.00022204893
L-BFGS-B,4791,2.548426e-07,0.008821966,6.368404e-07,0.0002219721
L-BFGS-B,4792,2.550828e-07,0.008818923,6.3616477e-07,0.00022187637
L-BFGS-B,4793,2.5536588e-07,0.008794971,6.379088e-07,0.00022194092
L-BFGS-B,4794,2.5503817e-07,0.008804046,6.36788e-07,0.00022181438
L-BFGS-B,4795,2.546918e-07,0.008799417,6.368686e-07,0.00022172823
L-BFGS-B,4796,2.548641e-07,0.0088292835,6.3459674e-07,0.00022171196
L-BFGS-B,4797,2.5473025e-07,0.008811418,6.356839e-07,0.00022167631
L-BFGS-B,4798,2.5465772e-07,0.00883242,6.341458e-07,0.00022164473
L-BFGS-B,4799,2.543808e-07,0.00882874,6.344535e-07,0.00022161254
L-BFGS-B,4800,2.5460474e-07,0.00882486,6.344323e-07,0.00022160416
L-BFGS-B,4801,2.5447432e-07,0.008821022,6.3470986e-07,0.00022158783
L-BFGS-B,4802,2.543781e-07,0.008820136,6.347984e-07,0.00022157782
L-BFGS-B,4803,2.5439246e-07,0.008819171,6.347276e-07,0.00022155972
L-BFGS-B,4804,2.542347e-07,0.00881509,6.3503035e-07,0.00022154066
L-BFGS-B,4805,2.5450714e-07,0.008813355,6.347931e-07,0.00022152858
L-BFGS-B,4806,2.5452204e-07,0.008819911,6.3426324e-07,0.00022151691
L-BFGS-B,4807,2.5452658e-07,0.008828972,6.335303e-07,0.00022149825
L-BFGS-B,4808,2.5475433e-07,0.008848151,6.3190754e-07,0.00022148079
L-BFGS-B,4809,2.547469e-07,0.008847179,6.318405e-07,0.0002214599
L-BFGS-B,4810,2.549566e-07,0.0088417735,6.3175816e-07,0.00022142494
L-BFGS-B,4811,2.551555e-07,0.008849752,6.3075305e-07,0.0002213838
L-BFGS-B,4812,2.5564003e-07,0.008867276,6.301096e-07,0.0002215352
L-BFGS-B,4813,2.5519964e-07,0.008851808,6.305147e-07,0.00022137522
L-BFGS-B,4814,2.5536363e-07,0.008857514,6.298152e-07,0.00022135195
L-BFGS-B,4815,2.5569094e-07,0.008867224,6.287134e-07,0.00022133288
L-BFGS-B,4816,2.5547263e-07,0.008865459,6.2897413e-07,0.0002213216
L-BFGS-B,4817,2.5552575e-07,0.008864562,6.28914e-07,0.00022131158
L-BFGS-B,4818,2.5561044e-07,0.0088606365,6.2894037e-07,0.000221289
L-BFGS-B,4819,2.5564182e-07,0.008856362,6.291267e-07,0.0002212789
L-BFGS-B,4820,2.558247e-07,0.00884805,6.294344e-07,0.00022126935
L-BFGS-B,4821,2.5576895e-07,0.008843753,6.297361e-07,0.0002212633
L-BFGS-B,4822,2.5578e-07,0.008834714,6.302537e-07,0.00022125218
L-BFGS-B,4823,2.5589813e-07,0.008892624,6.3794556e-07,0.00022300279
L-BFGS-B,4824,2.5572731e-07,0.008834779,6.302822e-07,0.00022124921
L-BFGS-B,4825,2.552998e-07,0.008826538,6.312747e-07,0.00022125155
L-BFGS-B,4826,2.5551884e-07,0.00883056,6.307219e-07,0.00022124172
L-BFGS-B,4827,2.5552362e-07,0.008830834,6.30575e-07,0.00022122313
L-BFGS-B,4828,2.5551762e-07,0.008821539,6.3095075e-07,0.00022118563
L-BFGS-B,4829,2.555567e-07,0.008814322,6.313067e-07,0.00022117273
L-BFGS-B,4830,2.5575454e-07,0.008819421,6.30739e-07,0.00022116823
L-BFGS-B,4831,2.5600346e-07,0.0088855475,6.282992e-07,0.00022150087
L-BFGS-B,4832,2.557208e-07,0.008825484,6.3032655e-07,0.00022116193
L-BFGS-B,4833,2.5682112e-07,0.008852774,6.814911e-07,0.00022927456
L-BFGS-B,4834,2.5512497e-07,0.008810031,6.31732e-07,0.00022112885
L-BFGS-B,4835,2.5516798e-07,0.00881294,6.313308e-07,0.00022110422
L-BFGS-B,4836,2.5516948e-07,0.008820449,6.305783e-07,0.00022106667
L-BFGS-B,4837,2.5517565e-07,0.0088270465,6.300154e-07,0.00022104911
L-BFGS-B,4838,2.551359e-07,0.008832121,6.2961976e-07,0.00022103456
L-BFGS-B,4839,2.550333e-07,0.008833072,6.2952523e-07,0.00022101449
L-BFGS-B,4840,2.5495723e-07,0.008831183,6.295793e-07,0.00022099231
L-BFGS-B,4841,2.5466235e-07,0.008815983,6.3232244e-07,0.00022120755
L-BFGS-B,4842,2.5487515e-07,0.008827869,6.29856e-07,0.00022098835
L-BFGS-B,4843,2.5486062e-07,0.0088221785,6.30113e-07,0.00022096784
L-BFGS-B,4844,2.5516604e-07,0.008813682,6.302281e-07,0.00022094595
L-BFGS-B,4845,2.5556784e-07,0.00878688,6.3199286e-07,0.0002210029
L-BFGS-B,4846,2.5525273e-07,0.008804317,6.306817e-07,0.00022093332
L-BFGS-B,4847,2.553554e-07,0.008799804,6.3079057e-07,0.00022091993
L-BFGS-B,4848,2.5541246e-07,0.008799844,6.306364e-07,0.00022090576
L-BFGS-B,4849,2.5522547e-07,0.00880313,6.3043524e-07,0.0002208804
L-BFGS-B,4850,2.549031e-07,0.008804645,6.3032365e-07,0.00022083046
L-BFGS-B,4851,2.5459207e-07,0.008816144,6.294665e-07,0.00022077022
L-BFGS-B,4852,2.5403236e-07,0.008805959,6.303607e-07,0.00022071855
L-BFGS-B,4853,2.5434423e-07,0.0088057425,6.2966353e-07,0.00022065858
L-BFGS-B,4854,2.5475956e-07,0.00881392,6.2834096e-07,0.0002206043
L-BFGS-B,4855,2.5507174e-07,0.00882816,6.267179e-07,0.00022055005
L-BFGS-B,4856,2.55467e-07,0.008848226,6.245316e-07,0.00022048203
L-BFGS-B,4857,2.5553476e-07,0.008859737,6.2338654e-07,0.00022043556
L-BFGS-B,4858,2.5579465e-07,0.008868001,6.226373e-07,0.00022044481
L-BFGS-B,4859,2.5562593e-07,0.008861099,6.23005e-07,0.00022040564
L-BFGS-B,4860,2.5571742e-07,0.008862368,6.2273443e-07,0.00022039146
L-BFGS-B,4861,2.553128e-07,0.008860437,6.231692e-07,0.00022037668
L-BFGS-B,4862,2.5576446e-07,0.008853854,6.230553e-07,0.00022036151
L-BFGS-B,4863,2.560313e-07,0.008855149,6.226088e-07,0.00022034752
L-BFGS-B,4864,2.5637473e-07,0.008868282,6.212738e-07,0.00022033008
L-BFGS-B,4865,2.5649695e-07,0.008870909,6.209364e-07,0.00022032409
L-BFGS-B,4866,2.5649078e-07,0.008874206,6.2069086e-07,0.00022031929
L-BFGS-B,4867,2.5648336e-07,0.008878214,6.2037464e-07,0.00022031085
L-BFGS-B,4868,2.5642427e-07,0.008876732,6.2047144e-07,0.00022030168
L-BFGS-B,4869,2.565053e-07,0.008878452,6.2019495e-07,0.00022028956
L-BFGS-B,4870,2.5670565e-07,0.008878279,6.198455e-07,0.00022026544
L-BFGS-B,4871,2.568278e-07,0.008873494,6.198177e-07,0.00022023176
L-BFGS-B,4872,2.5696156e-07,0.008867408,6.1977295e-07,0.00022018426
L-BFGS-B,4873,2.5690346e-07,0.0088561755,6.2025066e-07,0.00022013487
L-BFGS-B,4874,2.5695024e-07,0.008852115,6.2013294e-07,0.00022008363
L-BFGS-B,4875,2.56709e-07,0.008846477,6.203837e-07,0.00022002867
L-BFGS-B,4876,2.5655143e-07,0.00885149,6.199436e-07,0.00021998916
L-BFGS-B,4877,2.568187e-07,0.008856608,6.1924015e-07,0.00021997491
L-BFGS-B,4878,2.6018222e-07,0.008888453,6.1956626e-07,0.00022084679
L-BFGS-B,4879,2.5708513e-07,0.008857293,6.188594e-07,0.00021996463
L-BFGS-B,4880,2.5638255e-07,0.008848616,6.200888e-07,0.00021995687
L-BFGS-B,4881,2.5663968e-07,0.008845385,6.198929e-07,0.00021993373
L-BFGS-B,4882,2.5676542e-07,0.008850911,6.193142e-07,0.00021992106
L-BFGS-B,4883,2.5675058e-07,0.008856513,6.1884595e-07,0.00021990461
L-BFGS-B,4884,2.5656686e-07,0.008867543,6.181364e-07,0.00021988092
L-BFGS-B,4885,2.5631348e-07,0.008873718,6.178829e-07,0.00021986663
L-BFGS-B,4886,2.5608995e-07,0.008880913,6.175118e-07,0.00021984939
L-BFGS-B,4887,2.559179e-07,0.008883549,6.173543e-07,0.00021982632
L-BFGS-B,4888,2.5607164e-07,0.008886537,6.168434e-07,0.00021980263
L-BFGS-B,4889,2.5615907e-07,0.008888638,6.1655993e-07,0.00021979422
L-BFGS-B,4890,2.561368e-07,0.008883786,6.168442e-07,0.00021978503
L-BFGS-B,4891,2.5615608e-07,0.008884421,6.16685e-07,0.00021977036
L-BFGS-B,4892,2.559736e-07,0.0088843005,6.167841e-07,0.00021975665
L-BFGS-B,4893,2.557953e-07,0.008884196,6.1678475e-07,0.00021972897
L-BFGS-B,4894,2.5488154e-07,0.00905955,6.210113e-07,0.00022197943
L-BFGS-B,4895,2.5567212e-07,0.008884756,6.168435e-07,0.0002197249
L-BFGS-B,4896,2.5549136e-07,0.008881721,6.17007e-07,0.00021969197
L-BFGS-B,4897,2.5514905e-07,0.008883053,6.169782e-07,0.0002196496
L-BFGS-B,4898,2.5526373e-07,0.008881906,6.1677315e-07,0.00021962459
L-BFGS-B,4899,2.550702e-07,0.008867877,6.177631e-07,0.00021960377
L-BFGS-B,4900,2.5453934e-07,0.008872155,6.178259e-07,0.00021957634
L-BFGS-B,4901,2.5460048e-07,0.008882174,6.166427e-07,0.00021950822
L-BFGS-B,4902,2.5494575e-07,0.008878726,6.162337e-07,0.00021946416
L-BFGS-B,4903,2.5469177e-07,0.008863274,6.169523e-07,0.00021937935
L-BFGS-B,4904,2.5432024e-07,0.008840485,6.1918115e-07,0.00021943005
L-BFGS-B,4905,2.5440767e-07,0.008849799,6.1780514e-07,0.0002193299
L-BFGS-B,4906,2.5461185e-07,0.008838497,6.18012e-07,0.00021927855
L-BFGS-B,4907,2.5426507e-07,0.008829441,6.1868457e-07,0.00021923686
L-BFGS-B,4908,2.5366242e-07,0.008813149,6.201175e-07,0.00021919847
L-BFGS-B,4909,2.5345526e-07,0.00881714,6.206241e-07,0.0002192833
L-BFGS-B,4910,2.535844e-07,0.008812391,6.201656e-07,0.00021918642
L-BFGS-B,4911,2.5293923e-07,0.008797468,6.2150133e-07,0.00021914075
L-BFGS-B,4912,2.525355e-07,0.008770901,6.2367627e-07,0.00021914077
L-BFGS-B,4913,2.5272138e-07,0.008783556,6.2252144e-07,0.00021912198
L-BFGS-B,4914,2.5241908e-07,0.008763987,6.241986e-07,0.00021913252
L-BFGS-B,4915,2.525719e-07,0.008773815,6.2323727e-07,0.00021910953
L-BFGS-B,4916,2.525078e-07,0.008768072,6.236141e-07,0.000219099
L-BFGS-B,4917,2.523809e-07,0.008764378,6.239273e-07,0.00021909
L-BFGS-B,4918,2.5235727e-07,0.008746925,6.250279e-07,0.00021907702
L-BFGS-B,4919,2.523545e-07,0.008749414,6.247805e-07,0.00021906439
L-BFGS-B,4920,2.5229915e-07,0.008752576,6.2459856e-07,0.00021906041
L-BFGS-B,4921,2.524322e-07,0.008750304,6.244437e-07,0.00021903442
L-BFGS-B,4922,2.5243557e-07,0.008744866,6.246958e-07,0.00021901837
L-BFGS-B,4923,2.5252288e-07,0.008731093,6.252526e-07,0.00021897725
L-BFGS-B,4924,2.524895e-07,0.00872043,6.2573014e-07,0.00021893725
L-BFGS-B,4925,2.5236073e-07,0.008726712,6.25761e-07,0.0002189854
L-BFGS-B,4926,2.5241832e-07,0.008721237,6.2564976e-07,0.00021892259
L-BFGS-B,4927,2.5229772e-07,0.008712745,6.2614225e-07,0.00021889344
L-BFGS-B,4928,2.5182737e-07,0.008779723,6.232884e-07,0.00021906459
L-BFGS-B,4929,2.5209118e-07,0.008726867,6.252779e-07,0.00021887402
L-BFGS-B,4930,2.5224534e-07,0.008749668,6.2337875e-07,0.00021884029
L-BFGS-B,4931,2.5168814e-07,0.008755574,6.233568e-07,0.00021881248
L-BFGS-B,4932,2.516138e-07,0.008764112,6.226817e-07,0.00021878546
L-BFGS-B,4933,2.5166366e-07,0.008768777,6.221506e-07,0.0002187599
L-BFGS-B,4934,2.517039e-07,0.0087618735,6.223484e-07,0.00021872658
L-BFGS-B,4935,2.5189092e-07,0.008765867,6.217086e-07,0.0002186986
L-BFGS-B,4936,2.5182467e-07,0.008757337,6.221629e-07,0.0002186715
L-BFGS-B,4937,2.514843e-07,0.008740359,6.2329156e-07,0.00021861997
L-BFGS-B,4938,2.5149149e-07,0.008740191,6.2305423e-07,0.00021858377
L-BFGS-B,4939,2.5192148e-07,0.008748101,6.218728e-07,0.00021855015
L-BFGS-B,4940,2.5187413e-07,0.0087540075,6.2122604e-07,0.0002185051
L-BFGS-B,4941,2.5200285e-07,0.008764115,6.200828e-07,0.000218454
L-BFGS-B,4942,2.522826e-07,0.008779459,6.185492e-07,0.00021841936
L-BFGS-B,4943,2.5239987e-07,0.008785399,6.1791e-07,0.00021840047
L-BFGS-B,4944,2.5216264e-07,0.008775581,6.1866825e-07,0.00021838045
L-BFGS-B,4945,2.5202957e-07,0.008767159,6.1926033e-07,0.00021836506
L-BFGS-B,4946,2.5179568e-07,0.008756119,6.2007086e-07,0.00021834117
L-BFGS-B,4947,2.5197022e-07,0.008740852,6.2267355e-07,0.00021860508
L-BFGS-B,4948,2.5173742e-07,0.008747833,6.205139e-07,0.00021831601
L-BFGS-B,4949,2.5157004e-07,0.008745576,6.204337e-07,0.00021825632
L-BFGS-B,4950,2.5130774e-07,0.008748678,6.198681e-07,0.00021816316
L-BFGS-B,4951,2.5132454e-07,0.008762089,6.1852256e-07,0.00021809795
L-BFGS-B,4952,2.5088042e-07,0.008768061,6.1821754e-07,0.0002180453
L-BFGS-B,4953,2.5051474e-07,0.008782815,6.1769026e-07,0.0002180589
L-BFGS-B,4954,2.506795e-07,0.008771696,6.1789774e-07,0.00021800355
L-BFGS-B,4955,2.505168e-07,0.008765648,6.182219e-07,0.00021796729
L-BFGS-B,4956,2.4989552e-07,0.00874631,6.1992495e-07,0.00021793618
L-BFGS-B,4957,2.4988077e-07,0.008739663,6.202349e-07,0.00021791398
L-BFGS-B,4958,2.4975768e-07,0.008719804,6.2138383e-07,0.00021786927
L-BFGS-B,4959,2.4995668e-07,0.008720553,6.209898e-07,0.0002178475
L-BFGS-B,4960,2.4986082e-07,0.008711908,6.2144056e-07,0.00021781429
L-BFGS-B,4961,2.4970223e-07,0.008672479,6.238367e-07,0.00021775562
L-BFGS-B,4962,2.497084e-07,0.008653488,6.2461936e-07,0.00021768405
L-BFGS-B,4963,2.48985e-07,0.008607178,6.2766884e-07,0.00021756985
L-BFGS-B,4964,2.5784388e-07,0.008870952,6.944548e-07,0.00023155432
L-BFGS-B,4965,2.488358e-07,0.008593747,6.285028e-07,0.00021753827
L-BFGS-B,4966,2.4838127e-07,0.008573305,6.304174e-07,0.00021755285
L-BFGS-B,4967,2.486309e-07,0.008582663,6.2921265e-07,0.00021750317
L-BFGS-B,4968,2.4823592e-07,0.008609142,6.2721824e-07,0.00021740954
L-BFGS-B,4969,2.4843223e-07,0.0086098425,6.266981e-07,0.00021736797
L-BFGS-B,4970,2.4734976e-07,0.008572956,6.30014e-07,0.0002173341
L-BFGS-B,4971,2.4779357e-07,0.00858738,6.283813e-07,0.00021730002
L-BFGS-B,4972,2.4778677e-07,0.008579127,6.288112e-07,0.00021728096
L-BFGS-B,4973,2.4771322e-07,0.008565621,6.296492e-07,0.00021726056
L-BFGS-B,4974,2.4754374e-07,0.008559201,6.301068e-07,0.0002172396
L-BFGS-B,4975,2.4740277e-07,0.008559991,6.299864e-07,0.00021720829
L-BFGS-B,4976,2.4711272e-07,0.00856596,6.296838e-07,0.0002171791
L-BFGS-B,4977,2.4700492e-07,0.0085729845,6.291162e-07,0.00021714802
L-BFGS-B,4978,2.470208e-07,0.008574517,6.28795e-07,0.00021711754
L-BFGS-B,4979,2.4712898e-07,0.0085705295,6.2871163e-07,0.00021708138
L-BFGS-B,4980,2.4695282e-07,0.008563469,6.292527e-07,0.0002170655
L-BFGS-B,4981,2.4678744e-07,0.008545053,6.3046514e-07,0.00021703841
L-BFGS-B,4982,2.464589e-07,0.008530068,6.31638e-07,0.00021701521
L-BFGS-B,4983,2.4632254e-07,0.008516128,6.3254043e-07,0.00021699072
L-BFGS-B,4984,2.4611055e-07,0.008509399,6.3309665e-07,0.00021697508
L-BFGS-B,4985,2.4602505e-07,0.008518092,6.32519e-07,0.00021696254
L-BFGS-B,4986,2.4600092e-07,0.008520821,6.3224513e-07,0.00021694512
L-BFGS-B,4987,2.460873e-07,0.008523518,6.317648e-07,0.000216913
L-BFGS-B,4988,2.4618575e-07,0.008522326,6.315996e-07,0.00021689109
L-BFGS-B,4989,2.4636657e-07,0.0085133985,6.318566e-07,0.00021686745
L-BFGS-B,4990,2.463312e-07,0.008488072,6.334071e-07,0.00021684146
L-BFGS-B,4991,2.462781e-07,0.008471134,6.3449085e-07,0.00021682668
L-BFGS-B,4992,2.4603855e-07,0.00845753,6.3558207e-07,0.00021681839
L-BFGS-B,4993,2.460212e-07,0.0084584635,6.3551573e-07,0.00021681517
L-BFGS-B,4994,2.4599396e-07,0.008459038,6.354759e-07,0.00021681085
L-BFGS-B,4995,2.4597057e-07,0.008460823,6.3531667e-07,0.00021680133
L-BFGS-B,4996,2.4595732e-07,0.008467842,6.3476506e-07,0.00021678678
L-BFGS-B,4997,2.4587743e-07,0.00847716,6.3404195e-07,0.00021675951
L-BFGS-B,4998,2.4534359e-07,0.008490892,6.3356396e-07,0.00021674504
L-BFGS-B,4999,2.4525792e-07,0.008455173,6.358196e-07,0.00021671335
L-BFGS-B,5000,2.4532685e-07,0.008468585,6.3458964e-07,0.00021667332
L-BFGS-B,5001,2.4486394e-07,0.008472955,6.346109e-07,0.00021665078
L-BFGS-B,5002,2.4484746e-07,0.008484914,6.33632e-07,0.00021662106
L-BFGS-B,5003,2.448286e-07,0.008477051,6.340906e-07,0.00021660839
L-BFGS-B,5004,2.445086e-07,0.008465069,6.351137e-07,0.00021659402
L-BFGS-B,5005,2.44252e-07,0.008460932,6.355081e-07,0.00021657335
L-BFGS-B,5006,2.4380438e-07,0.008443776,6.368029e-07,0.00021652886
L-BFGS-B,5007,2.4342728e-07,0.008434601,6.3745784e-07,0.00021647877
L-BFGS-B,5008,2.4277497e-07,0.008406234,6.398006e-07,0.00021644868
L-BFGS-B,5009,2.434541e-07,0.008364087,6.4487176e-07,0.00021688975
L-BFGS-B,5010,2.4273444e-07,0.008383601,6.4081513e-07,0.00021636844
L-BFGS-B,5011,2.4230977e-07,0.008383382,6.409807e-07,0.00021632739
L-BFGS-B,5012,2.4247768e-07,0.008385631,6.4043434e-07,0.00021629312
L-BFGS-B,5013,2.4282204e-07,0.008389796,6.397065e-07,0.00021627724
L-BFGS-B,5014,2.4288835e-07,0.008390854,6.3948255e-07,0.00021626418
L-BFGS-B,5015,2.427352e-07,0.008389069,6.3959016e-07,0.00021623948
L-BFGS-B,5016,2.4265526e-07,0.008387974,6.395209e-07,0.00021620617
L-BFGS-B,5017,2.4282573e-07,0.008391727,6.388431e-07,0.0002161676
L-BFGS-B,5018,2.427899e-07,0.00839384,6.3852536e-07,0.0002161357
L-BFGS-B,5019,2.4312163e-07,0.0083940355,6.380044e-07,0.00021610926
L-BFGS-B,5020,2.4319138e-07,0.008373447,6.402484e-07,0.00021625042
L-BFGS-B,5021,2.4312985e-07,0.008386489,6.3831396e-07,0.00021608145
L-BFGS-B,5022,2.430058e-07,0.008336413,6.419653e-07,0.0002161098
L-BFGS-B,5023,2.430586e-07,0.008367554,6.395592e-07,0.0002160682
L-BFGS-B,5024,2.4293033e-07,0.0083640935,6.396817e-07,0.00021603273
L-BFGS-B,5025,2.4276744e-07,0.00837047,6.3901956e-07,0.00021597274
L-BFGS-B,5026,2.425246e-07,0.008387501,6.3776946e-07,0.00021591912
L-BFGS-B,5027,2.4238054e-07,0.008398663,6.367825e-07,0.00021586109
L-BFGS-B,5028,2.4200278e-07,0.00843301,6.3437284e-07,0.00021578645
L-BFGS-B,5029,2.4195822e-07,0.008414364,6.350366e-07,0.00021569285
L-BFGS-B,5030,2.423379e-07,0.008393736,6.35078e-07,0.00021554974
L-BFGS-B,5031,2.4249633e-07,0.008376384,6.353849e-07,0.00021544602
L-BFGS-B,5032,2.4305555e-07,0.008383687,6.335795e-07,0.00021533211
L-BFGS-B,5033,2.4306863e-07,0.008374077,6.334575e-07,0.00021521968
L-BFGS-B,5034,2.431712e-07,0.008370481,6.3255675e-07,0.000215064
L-BFGS-B,5035,2.4303307e-07,0.00835103,6.32445e-07,0.00021483202
L-BFGS-B,5036,2.4328506e-07,0.008302613,6.3435147e-07,0.0002146716
L-BFGS-B,5037,2.4224119e-07,0.008186507,6.448567e-07,0.00021492975
L-BFGS-B,5038,2.4274428e-07,0.008261011,6.37246e-07,0.00021460865
L-BFGS-B,5039,2.4661043e-07,0.008185135,6.520464e-07,0.00021664987
L-BFGS-B,5040,2.4285504e-07,0.008231238,6.3855344e-07,0.00021452366
L-BFGS-B,5041,2.4176776e-07,0.008222382,6.394196e-07,0.00021440192
L-BFGS-B,5042,2.4186517e-07,0.008208636,6.388512e-07,0.00021419382
L-BFGS-B,5043,2.4138606e-07,0.008198137,6.39142e-07,0.00021406058
L-BFGS-B,5044,2.4085378e-07,0.008160689,6.416448e-07,0.00021398166
L-BFGS-B,5045,2.4068817e-07,0.008160357,6.4150544e-07,0.00021393262
L-BFGS-B,5046,2.4058954e-07,0.008179834,6.400287e-07,0.00021389106
L-BFGS-B,5047,2.4044564e-07,0.008162161,6.409051e-07,0.00021382421
L-BFGS-B,5048,2.40164e-07,0.008153382,6.410852e-07,0.0002137212
L-BFGS-B,5049,2.42811e-07,0.008149867,6.435785e-07,0.0002144571
L-BFGS-B,5050,2.4027264e-07,0.008149941,6.4114835e-07,0.00021371257
L-BFGS-B,5051,2.4034512e-07,0.008160255,6.4011914e-07,0.00021367219
L-BFGS-B,5052,2.4038775e-07,0.008182826,6.382948e-07,0.00021363064
L-BFGS-B,5053,2.404666e-07,0.008195383,6.371535e-07,0.00021359685
L-BFGS-B,5054,2.4064343e-07,0.008195599,6.3673343e-07,0.00021356251
L-BFGS-B,5055,2.4015753e-07,0.0081811,6.3800127e-07,0.00021353482
L-BFGS-B,5056,2.4042635e-07,0.008177609,6.377847e-07,0.00021350774
L-BFGS-B,5057,2.4042006e-07,0.008182736,6.372734e-07,0.00021348138
L-BFGS-B,5058,2.4039332e-07,0.008194444,6.3637583e-07,0.0002134598
L-BFGS-B,5059,2.4037104e-07,0.008206161,6.355738e-07,0.00021345333
L-BFGS-B,5060,2.4025505e-07,0.008206473,6.355249e-07,0.00021343172
L-BFGS-B,5061,2.402487e-07,0.008199431,6.3588703e-07,0.00021341466
L-BFGS-B,5062,2.4027432e-07,0.00819027,6.364007e-07,0.00021340395
L-BFGS-B,5063,2.402907e-07,0.0081892265,6.36394e-07,0.00021339496
L-BFGS-B,5064,2.4034247e-07,0.00819133,6.361626e-07,0.00021338905
L-BFGS-B,5065,2.4047677e-07,0.008198595,6.3546963e-07,0.0002133779
L-BFGS-B,5066,2.3903252e-07,0.008291065,6.406182e-07,0.00021485826
L-BFGS-B,5067,2.403433e-07,0.008202957,6.352667e-07,0.00021337107
L-BFGS-B,5068,2.413761e-07,0.008265308,6.315545e-07,0.00021359266
L-BFGS-B,5069,2.4046665e-07,0.008211733,6.344935e-07,0.00021336135
L-BFGS-B,5070,2.4075646e-07,0.008219076,6.3356055e-07,0.00021333832
L-BFGS-B,5071,2.4098065e-07,0.008226105,6.326979e-07,0.00021331283
L-BFGS-B,5072,2.4158308e-07,0.008205178,6.3367446e-07,0.00021334042
L-BFGS-B,5073,2.4117062e-07,0.008217585,6.329833e-07,0.00021329893
L-BFGS-B,5074,2.4084216e-07,0.008189461,6.3645865e-07,0.00021348974
L-BFGS-B,5075,2.4108056e-07,0.008210921,6.334598e-07,0.00021329026
L-BFGS-B,5076,2.410674e-07,0.008215562,6.329743e-07,0.00021326187
L-BFGS-B,5077,2.4095235e-07,0.00821176,6.3321227e-07,0.00021324228
L-BFGS-B,5078,2.408545e-07,0.008210037,6.3319607e-07,0.00021320797
L-BFGS-B,5079,2.4078915e-07,0.008203386,6.3341e-07,0.00021316374
L-BFGS-B,5080,2.408166e-07,0.008199662,6.3337507e-07,0.00021312537
L-BFGS-B,5081,2.4094336e-07,0.008193682,6.333482e-07,0.00021308055
L-BFGS-B,5082,2.4106382e-07,0.008184286,6.3334e-07,0.00021300343
L-BFGS-B,5083,2.4121354e-07,0.00816366,6.338176e-07,0.00021289126
L-BFGS-B,5084,2.4066756e-07,0.008181896,6.3330066e-07,0.0002129142
L-BFGS-B,5085,2.409584e-07,0.008166891,6.3329725e-07,0.00021280727
L-BFGS-B,5086,2.409204e-07,0.008160992,6.323206e-07,0.00021259606
L-BFGS-B,5087,2.4145078e-07,0.008180219,6.290711e-07,0.00021238046
L-BFGS-B,5088,2.3948218e-07,0.008157593,6.3733313e-07,0.00021309822
L-BFGS-B,5089,2.4032798e-07,0.008162014,6.304857e-07,0.0002122422
L-BFGS-B,5090,2.400082e-07,0.008173316,6.2913966e-07,0.00021210534
L-BFGS-B,5091,2.3935732e-07,0.008208642,6.2829565e-07,0.00021223436
L-BFGS-B,5092,2.3963224e-07,0.008177334,6.286306e-07,0.00021201276
L-BFGS-B,5093,2.4058764e-07,0.008168126,6.283248e-07,0.00021201813
L-BFGS-B,5094,2.4003174e-07,0.008169214,6.282601e-07,0.00021193591
L-BFGS-B,5095,2.3981102e-07,0.008125414,6.307721e-07,0.0002118416
L-BFGS-B,5096,2.3973524e-07,0.008119915,6.3043416e-07,0.00021172456
L-BFGS-B,5097,2.3990413e-07,0.008107331,6.3069547e-07,0.00021166325
L-BFGS-B,5098,2.398229e-07,0.008098964,6.311055e-07,0.00021162888
L-BFGS-B,5099,2.3985274e-07,0.008089326,6.314737e-07,0.00021159224
L-BFGS-B,5100,2.4016254e-07,0.008087765,6.309793e-07,0.00021154893
L-BFGS-B,5101,2.4028702e-07,0.008078861,6.312415e-07,0.0002115179
L-BFGS-B,5102,2.4030763e-07,0.008087359,6.303696e-07,0.00021147517
L-BFGS-B,5103,2.4044056e-07,0.008088532,6.298171e-07,0.00021142396
L-BFGS-B,5104,2.403289e-07,0.008080393,6.302404e-07,0.00021138933
L-BFGS-B,5105,2.40127e-07,0.00807,6.3095376e-07,0.00021136212
L-BFGS-B,5106,2.4005638e-07,0.00805115,6.321599e-07,0.00021134394
L-BFGS-B,5107,2.3952913e-07,0.008043479,6.329851e-07,0.00021131193
L-BFGS-B,5108,2.3965745e-07,0.008055375,6.318068e-07,0.0002112734
L-BFGS-B,5109,2.399234e-07,0.008068352,6.303257e-07,0.00021122087
L-BFGS-B,5110,2.400873e-07,0.0080860425,6.282697e-07,0.00021111398
L-BFGS-B,5111,2.4019766e-07,0.008096205,6.271201e-07,0.0002110597
L-BFGS-B,5112,2.4057258e-07,0.008102959,6.258064e-07,0.00021098644
L-BFGS-B,5113,2.4009134e-07,0.008093757,6.2647047e-07,0.00021092183
L-BFGS-B,5114,2.395796e-07,0.008084773,6.273325e-07,0.00021088454
L-BFGS-B,5115,2.4011916e-07,0.008083035,6.266748e-07,0.00021084945
L-BFGS-B,5116,2.3980922e-07,0.008077863,6.2712866e-07,0.00021081931
L-BFGS-B,5117,2.3955735e-07,0.008080166,6.271035e-07,0.00021080079
L-BFGS-B,5118,2.3954408e-07,0.008079488,6.2699274e-07,0.0002107754
L-BFGS-B,5119,2.3962232e-07,0.008080624,6.26707e-07,0.00021075564
L-BFGS-B,5120,2.3984387e-07,0.008081385,6.2618085e-07,0.00021071755
L-BFGS-B,5121,2.401085e-07,0.008080321,6.256933e-07,0.00021067349
L-BFGS-B,5122,2.4034742e-07,0.008068681,6.2592414e-07,0.00021062754
L-BFGS-B,5123,2.408343e-07,0.008068695,6.254841e-07,0.00021063471
L-BFGS-B,5124,2.4057059e-07,0.008067462,6.2543927e-07,0.0002105761
L-BFGS-B,5125,2.410741e-07,0.008049021,6.2550305e-07,0.00021047678
L-BFGS-B,5126,2.408449e-07,0.00803859,6.257761e-07,0.00021037905
L-BFGS-B,5127,2.411014e-07,0.008046345,6.2440347e-07,0.00021028917
L-BFGS-B,5128,2.411308e-07,0.008045764,6.2383515e-07,0.00021020253
L-BFGS-B,5129,2.4137057e-07,0.008046379,6.231154e-07,0.00021013668
L-BFGS-B,5130,2.4183362e-07,0.008043565,6.2242276e-07,0.0002100741
L-BFGS-B,5131,2.421702e-07,0.008032831,6.222719e-07,0.00020999463
L-BFGS-B,5132,2.4275664e-07,0.00801676,6.222196e-07,0.00020991404
L-BFGS-B,5133,2.4259768e-07,0.007999475,6.230394e-07,0.0002098403
L-BFGS-B,5134,2.4262843e-07,0.007990522,6.232329e-07,0.00020978443
L-BFGS-B,5135,2.428401e-07,0.007971778,6.237131e-07,0.00020970075
L-BFGS-B,5136,2.4275022e-07,0.007964532,6.2381184e-07,0.00020962962
L-BFGS-B,5137,2.430212e-07,0.007948566,6.238408e-07,0.00020951495
L-BFGS-B,5138,2.4272921e-07,0.0079412395,6.242342e-07,0.0002094569
L-BFGS-B,5139,2.4262388e-07,0.007940086,6.24027e-07,0.00020939848
L-BFGS-B,5140,2.4260484e-07,0.007940866,6.2374716e-07,0.00020936146
L-BFGS-B,5141,2.4236883e-07,0.007947224,6.2333027e-07,0.00020932712
L-BFGS-B,5142,2.424077e-07,0.007945878,6.231637e-07,0.00020929449
L-BFGS-B,5143,2.424721e-07,0.007947555,6.226725e-07,0.00020924723
L-BFGS-B,5144,2.4234944e-07,0.007950195,6.2231044e-07,0.00020920092
L-BFGS-B,5145,2.4169634e-07,0.007941693,6.231987e-07,0.00020915119
L-BFGS-B,5146,2.4166008e-07,0.007963797,6.214342e-07,0.00020910212
L-BFGS-B,5147,2.4138356e-07,0.0079578,6.218375e-07,0.00020906115
L-BFGS-B,5148,2.4133712e-07,0.007960048,6.21553e-07,0.00020903398
L-BFGS-B,5149,2.410396e-07,0.007972884,6.2089464e-07,0.00020901897
L-BFGS-B,5150,2.420021e-07,0.00798097,6.1896355e-07,0.00020895453
L-BFGS-B,5151,2.4178118e-07,0.007968548,6.196478e-07,0.00020889982
L-BFGS-B,5152,2.414346e-07,0.007965281,6.1984105e-07,0.00020884415
L-BFGS-B,5153,2.4118114e-07,0.007947102,6.205442e-07,0.00020872982
L-BFGS-B,5154,2.4112956e-07,0.007939556,6.2057774e-07,0.00020865165
L-BFGS-B,5155,2.4099842e-07,0.007931429,6.208523e-07,0.0002085919
L-BFGS-B,5156,2.3949588e-07,0.007912087,6.241473e-07,0.00020866735
L-BFGS-B,5157,2.4044445e-07,0.007922992,6.2179765e-07,0.00020856623
L-BFGS-B,5158,2.4040074e-07,0.007920763,6.215153e-07,0.00020849504
L-BFGS-B,5159,2.3994713e-07,0.00791909,6.2163474e-07,0.00020842817
L-BFGS-B,5160,2.3977412e-07,0.007915535,6.218783e-07,0.00020840322
L-BFGS-B,5161,2.3957006e-07,0.0079065105,6.2250854e-07,0.00020837689
L-BFGS-B,5162,2.3941712e-07,0.007900072,6.229236e-07,0.00020835182
L-BFGS-B,5163,2.3908166e-07,0.0078930985,6.233865e-07,0.00020830121
L-BFGS-B,5164,2.3846727e-07,0.007852053,6.268694e-07,0.00020832103
L-BFGS-B,5165,2.3880824e-07,0.007874806,6.247108e-07,0.00020827592
L-BFGS-B,5166,2.3870805e-07,0.007876029,6.245148e-07,0.00020824373
L-BFGS-B,5167,2.3868523e-07,0.007885509,6.2373334e-07,0.00020821788
L-BFGS-B,5168,2.3851294e-07,0.007889872,6.2356094e-07,0.0002082098
L-BFGS-B,5169,2.3862793e-07,0.007894134,6.230836e-07,0.00020819806
L-BFGS-B,5170,2.3860628e-07,0.007896021,6.228158e-07,0.00020817351
L-BFGS-B,5171,2.3849367e-07,0.007889336,6.2313575e-07,0.00020813778
L-BFGS-B,5172,2.3845485e-07,0.007872608,6.2407616e-07,0.00020810572
L-BFGS-B,5173,2.384993e-07,0.007844767,6.256844e-07,0.00020807522
L-BFGS-B,5174,2.3826115e-07,0.007838414,6.2611963e-07,0.00020804125
L-BFGS-B,5175,2.3835973e-07,0.007824233,6.267092e-07,0.00020800266
L-BFGS-B,5176,2.3832223e-07,0.007807872,6.2763024e-07,0.00020797158
L-BFGS-B,5177,2.383029e-07,0.0077900025,6.285878e-07,0.00020793363
L-BFGS-B,5178,2.3801464e-07,0.007786081,6.2882344e-07,0.0002078865
L-BFGS-B,5179,2.378415e-07,0.0077920617,6.283387e-07,0.00020784765
L-BFGS-B,5180,2.381794e-07,0.007808777,6.26727e-07,0.00020782373
L-BFGS-B,5181,2.3795238e-07,0.0077990904,6.274537e-07,0.00020780182
L-BFGS-B,5182,2.3777403e-07,0.007778916,6.287e-07,0.00020776025
L-BFGS-B,5183,2.3780498e-07,0.0077599077,6.2968235e-07,0.00020772217
L-BFGS-B,5184,2.3854906e-07,0.0077322703,6.3102397e-07,0.00020775865
L-BFGS-B,5185,2.3805958e-07,0.007748513,6.300714e-07,0.00020770478
L-BFGS-B,5186,2.3808929e-07,0.007741118,6.303162e-07,0.000207672
L-BFGS-B,5187,2.37956e-07,0.0077361898,6.305404e-07,0.00020763636
L-BFGS-B,5188,2.3785044e-07,0.0077406312,6.3009577e-07,0.00020759823
L-BFGS-B,5189,2.3749932e-07,0.0077440115,6.298947e-07,0.00020754922
L-BFGS-B,5190,2.3712684e-07,0.0077610114,6.288101e-07,0.00020750065
L-BFGS-B,5191,2.3692607e-07,0.00776389,6.2850825e-07,0.00020745405
L-BFGS-B,5192,2.3683519e-07,0.0077525396,6.29101e-07,0.00020741583
L-BFGS-B,5193,2.3674065e-07,0.0077463733,6.2926716e-07,0.00020736491
L-BFGS-B,5194,2.3682549e-07,0.007743648,6.2903e-07,0.00020731479
L-BFGS-B,5195,2.3670648e-07,0.007742158,6.289606e-07,0.00020727163
L-BFGS-B,5196,2.3719683e-07,0.0077535477,6.2756504e-07,0.00020724976
L-BFGS-B,5197,2.378576e-07,0.00774953,6.277945e-07,0.00020734311
L-BFGS-B,5198,2.3738617e-07,0.007749871,6.2731317e-07,0.00020720361
L-BFGS-B,5199,2.3650206e-07,0.0077368133,6.286903e-07,0.00020714698
L-BFGS-B,5200,2.3655477e-07,0.007733469,6.2850404e-07,0.00020709352
L-BFGS-B,5201,2.364513e-07,0.0077283573,6.286352e-07,0.00020704654
L-BFGS-B,5202,2.3640888e-07,0.00772969,6.2837574e-07,0.0002070146
L-BFGS-B,5203,2.3640631e-07,0.0077363816,6.276551e-07,0.00020697303
L-BFGS-B,5204,2.362396e-07,0.007740361,6.270259e-07,0.00020689343
L-BFGS-B,5205,2.359791e-07,0.007755985,6.257357e-07,0.00020681706
L-BFGS-B,5206,2.3604034e-07,0.007747594,6.258036e-07,0.00020675252
L-BFGS-B,5207,2.3632215e-07,0.0077253003,6.267644e-07,0.00020671598
L-BFGS-B,5208,2.3596719e-07,0.007706387,6.277521e-07,0.00020662177
L-BFGS-B,5209,2.3728697e-07,0.0077227606,6.2503926e-07,0.00020657654
L-BFGS-B,5210,2.3684937e-07,0.0077123176,6.2539357e-07,0.00020645962
L-BFGS-B,5211,2.364805e-07,0.0077088177,6.2570285e-07,0.00020641569
L-BFGS-B,5212,2.3702476e-07,0.0077002305,6.257417e-07,0.00020641727
L-BFGS-B,5213,2.3673034e-07,0.0077018877,6.256915e-07,0.00020638216
L-BFGS-B,5214,2.376122e-07,0.0077077765,6.240629e-07,0.00020632903
L-BFGS-B,5215,2.3751886e-07,0.0077105057,6.237343e-07,0.00020629304
L-BFGS-B,5216,2.3763792e-07,0.007703788,6.2363216e-07,0.0002062284
L-BFGS-B,5217,2.3759128e-07,0.00770661,6.230602e-07,0.00020616382
L-BFGS-B,5218,2.3766223e-07,0.0077213366,6.215385e-07,0.00020609348
L-BFGS-B,5219,2.3793035e-07,0.0077418922,6.1962004e-07,0.00020605148
L-BFGS-B,5220,2.4023274e-07,0.008044687,6.2964097e-07,0.00021092792
L-BFGS-B,5221,2.3764315e-07,0.0077478336,6.194184e-07,0.00020603757
L-BFGS-B,5222,2.3793928e-07,0.0077536255,6.185332e-07,0.00020600713
L-BFGS-B,5223,2.3807131e-07,0.007754046,6.1803274e-07,0.00020595606
L-BFGS-B,5224,2.381861e-07,0.0077401404,6.1835374e-07,0.00020588239
L-BFGS-B,5225,2.3721137e-07,0.007705085,6.2149576e-07,0.00020585692
L-BFGS-B,5226,2.3733575e-07,0.0077133426,6.202688e-07,0.00020577411
L-BFGS-B,5227,2.3726824e-07,0.0077290335,6.189823e-07,0.0002057279
L-BFGS-B,5228,2.3737098e-07,0.0078104166,6.153174e-07,0.00020600742
L-BFGS-B,5229,2.3721495e-07,0.0077442895,6.178242e-07,0.00020569876
L-BFGS-B,5230,2.3722774e-07,0.007747683,6.172909e-07,0.00020565462
L-BFGS-B,5231,2.3733982e-07,0.0077365376,6.174451e-07,0.00020558311
L-BFGS-B,5232,2.3756026e-07,0.0078091864,6.132051e-07,0.00020570666
L-BFGS-B,5233,2.3730966e-07,0.0077578113,6.1581466e-07,0.00020554676
L-BFGS-B,5234,2.3718287e-07,0.0077544837,6.1586655e-07,0.00020550225
L-BFGS-B,5235,2.3675287e-07,0.007740636,6.165763e-07,0.00020540573
L-BFGS-B,5236,2.3671947e-07,0.0077272886,6.169063e-07,0.00020531676
L-BFGS-B,5237,2.3636218e-07,0.0077073104,6.1745715e-07,0.000205146
L-BFGS-B,5238,2.3633103e-07,0.0076977587,6.17168e-07,0.00020500243
L-BFGS-B,5239,2.3705236e-07,0.0076777884,6.1713627e-07,0.00020490617
L-BFGS-B,5240,2.3578293e-07,0.0076879943,6.170913e-07,0.00020481108
L-BFGS-B,5241,2.3606096e-07,0.0076973266,6.1568574e-07,0.00020473526
L-BFGS-B,5242,2.3622582e-07,0.0077595683,6.107748e-07,0.00020464578
L-BFGS-B,5243,2.365031e-07,0.0077247713,6.113429e-07,0.0002044246
L-BFGS-B,5244,2.361771e-07,0.007683811,6.13086e-07,0.00020422757
L-BFGS-B,5245,2.3616958e-07,0.0076806704,6.1234334e-07,0.00020408364
L-BFGS-B,5246,2.3630709e-07,0.0076892534,6.1124047e-07,0.00020402466
L-BFGS-B,5247,2.3610738e-07,0.007697096,6.1050724e-07,0.00020396314
L-BFGS-B,5248,2.3619178e-07,0.007700197,6.099942e-07,0.00020392986
L-BFGS-B,5249,2.36253e-07,0.0076939063,6.101838e-07,0.00020390458
L-BFGS-B,5250,2.3637693e-07,0.007698327,6.09694e-07,0.0002038939
L-BFGS-B,5251,2.3668238e-07,0.0076995315,6.092291e-07,0.00020388204
L-BFGS-B,5252,2.3674048e-07,0.0077071767,6.085677e-07,0.000203868
L-BFGS-B,5253,2.3670903e-07,0.0077120536,6.0818104e-07,0.00020385406
L-BFGS-B,5254,2.3672278e-07,0.007726458,6.070363e-07,0.00020382844
L-BFGS-B,5255,2.3657711e-07,0.0077239275,6.072555e-07,0.00020381417
L-BFGS-B,5256,2.3641552e-07,0.0077210437,6.0746345e-07,0.00020379227
L-BFGS-B,5257,2.3635971e-07,0.007698045,6.0875874e-07,0.0002037482
L-BFGS-B,5258,2.3612183e-07,0.007684916,6.097039e-07,0.000203723
L-BFGS-B,5259,2.3612633e-07,0.0076852194,6.095495e-07,0.00020370356
L-BFGS-B,5260,2.3619025e-07,0.00767915,6.09768e-07,0.00020368522
L-BFGS-B,5261,2.361312e-07,0.0076752156,6.099536e-07,0.00020366488
L-BFGS-B,5262,2.3617729e-07,0.0076765534,6.0967784e-07,0.00020364381
L-BFGS-B,5263,2.361785e-07,0.007683858,6.090592e-07,0.00020362424
L-BFGS-B,5264,2.3617434e-07,0.00769012,6.084175e-07,0.00020358997
L-BFGS-B,5265,2.3622333e-07,0.0076959785,6.078452e-07,0.00020357006
L-BFGS-B,5266,2.3613491e-07,0.0076897307,6.082195e-07,0.00020355047
L-BFGS-B,5267,2.3622634e-07,0.007675004,6.0894325e-07,0.00020352547
L-BFGS-B,5268,2.3597028e-07,0.007660505,6.099919e-07,0.00020349937
L-BFGS-B,5269,2.5085333e-07,0.0077550546,6.5002183e-07,0.00021268183
L-BFGS-B,5270,2.3620518e-07,0.007647488,6.104985e-07,0.00020348042
L-BFGS-B,5271,2.3603336e-07,0.0076541216,6.1000395e-07,0.0002034468
L-BFGS-B,5272,2.3599176e-07,0.007664331,6.092335e-07,0.0002034271
L-BFGS-B,5273,2.359479e-07,0.0076692817,6.08895e-07,0.00020341924
L-BFGS-B,5274,2.3609826e-07,0.007675533,6.082535e-07,0.0002034081
L-BFGS-B,5275,2.3613157e-07,0.0076760524,6.081251e-07,0.00020339903
L-BFGS-B,5276,2.3624227e-07,0.0076765805,6.078836e-07,0.00020338468
L-BFGS-B,5277,2.3639592e-07,0.0076759323,6.076397e-07,0.00020336467
L-BFGS-B,5278,2.3674492e-07,0.007669278,6.0775795e-07,0.00020336821
L-BFGS-B,5279,2.3654569e-07,0.0076724296,6.076547e-07,0.00020335436
L-BFGS-B,5280,2.3672884e-07,0.0076759304,6.0710926e-07,0.00020333502
L-BFGS-B,5281,2.3687986e-07,0.0076772342,6.06779e-07,0.00020332116
L-BFGS-B,5282,2.3717526e-07,0.0076829903,6.060267e-07,0.00020331019
L-BFGS-B,5283,2.3727858e-07,0.007682435,6.058777e-07,0.0002032978
L-BFGS-B,5284,2.3738893e-07,0.0076831584,6.056116e-07,0.00020328167
L-BFGS-B,5285,2.3754909e-07,0.0076845773,6.051898e-07,0.0002032566
L-BFGS-B,5286,2.3756867e-07,0.0076848315,6.0501196e-07,0.00020323541
L-BFGS-B,5287,2.3880395e-07,0.007669627,6.077541e-07,0.00020367999
L-BFGS-B,5288,2.3767579e-07,0.0076809153,6.0512605e-07,0.00020322943
L-BFGS-B,5289,2.3760124e-07,0.007679231,6.0511223e-07,0.00020319934
L-BFGS-B,5290,2.3756968e-07,0.007680277,6.047877e-07,0.00020315638
L-BFGS-B,5291,2.3740857e-07,0.007676643,6.047961e-07,0.00020309712
L-BFGS-B,5292,2.3769068e-07,0.0076847817,6.036112e-07,0.0002030431
L-BFGS-B,5293,2.3800085e-07,0.007679691,6.0329165e-07,0.00020299078
L-BFGS-B,5294,2.3791183e-07,0.0076761534,6.0316324e-07,0.00020292279
L-BFGS-B,5295,2.3787426e-07,0.0076691024,6.031713e-07,0.00020284785
L-BFGS-B,5296,2.3744205e-07,0.007646669,6.0477976e-07,0.00020279997
L-BFGS-B,5297,2.3752455e-07,0.0076337075,6.052934e-07,0.00020275977
L-BFGS-B,5298,2.3750754e-07,0.0076228697,6.0578174e-07,0.00020272209
L-BFGS-B,5299,2.392559e-07,0.0075786356,6.1227814e-07,0.00020351647
L-BFGS-B,5300,2.375975e-07,0.007616268,6.060873e-07,0.0002027154
L-BFGS-B,5301,2.3732156e-07,0.0076095187,6.0669333e-07,0.00020269743
L-BFGS-B,5302,2.378638e-07,0.0075956737,6.071988e-07,0.00020271612
L-BFGS-B,5303,2.3751087e-07,0.0076030977,6.0683914e-07,0.00020268347
L-BFGS-B,5304,2.3762918e-07,0.00761072,6.0611194e-07,0.00020266837
L-BFGS-B,5305,2.3713737e-07,0.0076065967,6.0685045e-07,0.00020266415
L-BFGS-B,5306,2.3744462e-07,0.007610765,6.062022e-07,0.00020265467
L-BFGS-B,5307,2.3751345e-07,0.0076166196,6.0569613e-07,0.00020264763
L-BFGS-B,5308,2.376916e-07,0.0076240175,6.0495853e-07,0.00020263769
L-BFGS-B,5309,2.3766593e-07,0.007636455,6.040217e-07,0.00020261768
L-BFGS-B,5310,2.3790177e-07,0.007643768,6.031905e-07,0.00020260151
L-BFGS-B,5311,2.3800796e-07,0.007647313,6.027247e-07,0.00020258303
L-BFGS-B,5312,2.3809025e-07,0.0076495344,6.023152e-07,0.00020255617
L-BFGS-B,5313,2.3824575e-07,0.0076546385,6.015576e-07,0.00020251688
L-BFGS-B,5314,2.3834652e-07,0.0076595084,6.0071164e-07,0.00020245381
L-BFGS-B,5315,2.388348e-07,0.007689776,5.978322e-07,0.0002023978
L-BFGS-B,5316,2.3858496e-07,0.0076715145,5.9847576e-07,0.00020227424
L-BFGS-B,5317,2.3708839e-07,0.007638374,6.014977e-07,0.00020217165
L-BFGS-B,5318,2.3787084e-07,0.0076288674,6.0072495e-07,0.00020207804
L-BFGS-B,5319,2.3815022e-07,0.0076564196,5.989207e-07,0.00020212482
L-BFGS-B,5320,2.3793054e-07,0.0076351017,5.998935e-07,0.00020202462
L-BFGS-B,5321,2.372755e-07,0.0076197796,6.0128934e-07,0.00020198253
L-BFGS-B,5322,2.3646743e-07,0.0076177027,6.01613e-07,0.00020188908
L-BFGS-B,5323,2.3637078e-07,0.007616993,6.0135926e-07,0.00020182943
L-BFGS-B,5324,2.3609039e-07,0.0075946385,6.0254246e-07,0.00020174132
L-BFGS-B,5325,2.3552157e-07,0.0075858613,6.030615e-07,0.00020164606
L-BFGS-B,5326,2.3598238e-07,0.007591239,6.0167883e-07,0.00020156158
L-BFGS-B,5327,2.3633646e-07,0.0075990716,6.001746e-07,0.00020146737
L-BFGS-B,5328,2.37049e-07,0.007617839,5.9797065e-07,0.00020143134
L-BFGS-B,5329,2.3669284e-07,0.007607302,5.988435e-07,0.00020140345
L-BFGS-B,5330,2.367298e-07,0.007604769,5.9884485e-07,0.0002013839
L-BFGS-B,5331,2.3712371e-07,0.00760417,5.9839863e-07,0.00020137006
L-BFGS-B,5332,2.3695678e-07,0.007607638,5.982522e-07,0.00020135773
L-BFGS-B,5333,2.3703267e-07,0.007615082,5.975829e-07,0.00020134315
L-BFGS-B,5334,2.3712565e-07,0.007620931,5.969629e-07,0.00020132259
L-BFGS-B,5335,2.3738323e-07,0.0076241633,5.9628604e-07,0.00020129202
L-BFGS-B,5336,2.3748545e-07,0.007620108,5.9620936e-07,0.0002012553
L-BFGS-B,5337,2.3739466e-07,0.007601526,5.971146e-07,0.00020119165
L-BFGS-B,5338,2.3774588e-07,0.0076046754,5.963796e-07,0.00020116557
L-BFGS-B,5339,2.3755436e-07,0.0076042684,5.9640615e-07,0.00020113676
L-BFGS-B,5340,2.3693327e-07,0.0076033147,5.9683185e-07,0.00020109792
L-BFGS-B,5341,2.3675376e-07,0.0076036905,5.9676876e-07,0.00020106527
L-BFGS-B,5342,2.3669587e-07,0.0076078754,5.9620453e-07,0.00020101381
L-BFGS-B,5343,2.3580755e-07,0.007581921,5.987758e-07,0.00020100671
L-BFGS-B,5344,2.3622023e-07,0.00759326,5.974729e-07,0.00020098657
L-BFGS-B,5345,2.362386e-07,0.0075894864,5.973887e-07,0.00020093896
L-BFGS-B,5346,2.3619658e-07,0.007597094,5.9623034e-07,0.00020083497
L-BFGS-B,5347,2.3729358e-07,0.0076026195,5.943642e-07,0.00020077487
L-BFGS-B,5348,2.3619766e-07,0.0075886464,5.9544755e-07,0.00020063325
L-BFGS-B,5349,2.3528746e-07,0.0075837225,5.962988e-07,0.00020057516
L-BFGS-B,5350,2.3513685e-07,0.0075719682,5.9663284e-07,0.00020048514
L-BFGS-B,5351,2.3479258e-07,0.0075548235,5.9812425e-07,0.00020048575
L-BFGS-B,5352,2.3491988e-07,0.007560298,5.9734066e-07,0.00020044207
L-BFGS-B,5353,2.346975e-07,0.007557844,5.974513e-07,0.00020040075
L-BFGS-B,5354,2.3434997e-07,0.0075490745,5.9825067e-07,0.00020038083
L-BFGS-B,5355,2.3438221e-07,0.0075456216,5.983322e-07,0.00020036337
L-BFGS-B,5356,2.3408323e-07,0.0075372853,5.9898446e-07,0.00020033302
L-BFGS-B,5357,2.3551316e-07,0.0075520547,6.064944e-07,0.00020182168
L-BFGS-B,5358,2.3414832e-07,0.0075344592,5.990116e-07,0.00020031858
L-BFGS-B,5359,2.3388267e-07,0.007517422,5.9994585e-07,0.0002002485
L-BFGS-B,5360,2.3456491e-07,0.0075091026,5.9927976e-07,0.00020016773
L-BFGS-B,5361,2.3409103e-07,0.0074926666,6.001029e-07,0.00020005574
L-BFGS-B,5362,2.345221e-07,0.0075104986,5.9748936e-07,0.0001999067
L-BFGS-B,5363,2.3431693e-07,0.0075318404,5.954417e-07,0.0001997822
L-BFGS-B,5364,2.3388164e-07,0.007554859,5.936869e-07,0.00019968385
L-BFGS-B,5365,2.3452108e-07,0.007609322,5.893412e-07,0.00019967256
L-BFGS-B,5366,2.3355317e-07,0.007572567,5.921808e-07,0.00019958577
L-BFGS-B,5367,2.3410628e-07,0.0075524286,5.9262027e-07,0.00019953327
L-BFGS-B,5368,2.3430937e-07,0.007568659,5.909444e-07,0.00019947466
L-BFGS-B,5369,2.342979e-07,0.0075890925,5.8898667e-07,0.00019938362
L-BFGS-B,5370,2.3454575e-07,0.007593956,5.879051e-07,0.0001993072
L-BFGS-B,5371,2.3497958e-07,0.0075912722,5.872682e-07,0.00019924989
L-BFGS-B,5372,2.3492638e-07,0.0075957817,5.870162e-07,0.0001992492
L-BFGS-B,5373,2.3493602e-07,0.007592559,5.8707974e-07,0.00019922794
L-BFGS-B,5374,2.3462832e-07,0.0075944783,5.875743e-07,0.00019927518
L-BFGS-B,5375,2.3475447e-07,0.00759089,5.8713846e-07,0.00019919283
L-BFGS-B,5376,2.3658066e-07,0.0075460486,5.9093986e-07,0.00019958857
L-BFGS-B,5377,2.3498114e-07,0.0075806156,5.874819e-07,0.00019917561
L-BFGS-B,5378,2.3525126e-07,0.0075383983,5.900412e-07,0.00019917786
L-BFGS-B,5379,2.3506401e-07,0.007557254,5.8864197e-07,0.00019912842
L-BFGS-B,5380,2.3495824e-07,0.0075596115,5.883056e-07,0.00019908568
L-BFGS-B,5381,2.343909e-07,0.007569978,5.877982e-07,0.00019902815
L-BFGS-B,5382,2.3423752e-07,0.0075734206,5.874542e-07,0.00019898797
L-BFGS-B,5383,2.3425005e-07,0.007580344,5.8666575e-07,0.0001989408
L-BFGS-B,5384,2.3380842e-07,0.0075997794,5.8553144e-07,0.00019889876
L-BFGS-B,5385,2.3379198e-07,0.007597784,5.85354e-07,0.00019884974
L-BFGS-B,5386,2.3372439e-07,0.007593629,5.854697e-07,0.00019881541
L-BFGS-B,5387,2.334739e-07,0.0075908443,5.8566155e-07,0.00019877875
L-BFGS-B,5388,2.3302916e-07,0.0075885835,5.860888e-07,0.00019875352
L-BFGS-B,5389,2.3294628e-07,0.0075962036,5.8548693e-07,0.00019872701
L-BFGS-B,5390,2.3318087e-07,0.0075991903,5.848417e-07,0.00019869528
L-BFGS-B,5391,2.3344252e-07,0.0076030125,5.840493e-07,0.0001986539
L-BFGS-B,5392,2.3342992e-07,0.0076041976,5.8372837e-07,0.00019861571
L-BFGS-B,5393,2.334818e-07,0.007605696,5.8296285e-07,0.00019852366
L-BFGS-B,5394,2.3311792e-07,0.007607025,5.8276225e-07,0.00019845227
L-BFGS-B,5395,2.3274292e-07,0.0076064607,5.8273173e-07,0.00019838581
L-BFGS-B,5396,2.3262808e-07,0.007605127,5.825729e-07,0.00019833143
L-BFGS-B,5397,2.3213816e-07,0.0075898212,5.835429e-07,0.00019825037
L-BFGS-B,5398,2.3236369e-07,0.007575909,5.8381585e-07,0.00019818603
L-BFGS-B,5399,2.322404e-07,0.007571072,5.8395455e-07,0.00019813995
L-BFGS-B,5400,2.3204228e-07,0.0075602066,5.8468265e-07,0.0001981108
L-BFGS-B,5401,2.3253563e-07,0.0075504566,5.8471454e-07,0.00019809208
L-BFGS-B,5402,2.3243099e-07,0.0075511667,5.8458016e-07,0.00019806334
L-BFGS-B,5403,2.321506e-07,0.0075522014,5.8454253e-07,0.00019802598
L-BFGS-B,5404,2.320355e-07,0.007548652,5.8453816e-07,0.00019797258
L-BFGS-B,5405,2.3187269e-07,0.007542835,5.844301e-07,0.00019787377
L-BFGS-B,5406,2.3205982e-07,0.007550521,5.838911e-07,0.00019789784
L-BFGS-B,5407,2.3191146e-07,0.0075442716,5.841206e-07,0.00019784752
L-BFGS-B,5408,2.3178929e-07,0.0075423066,5.840928e-07,0.00019780538
L-BFGS-B,5409,2.3181963e-07,0.0075453543,5.836503e-07,0.00019777403
L-BFGS-B,5410,2.3199553e-07,0.0075573917,5.824235e-07,0.00019773678
L-BFGS-B,5411,2.3216822e-07,0.007557014,5.8203915e-07,0.00019770124
L-BFGS-B,5412,2.446738e-07,0.008124887,5.8639534e-07,0.00020590924
L-BFGS-B,5413,2.3250541e-07,0.007564364,5.8117325e-07,0.00019769544
L-BFGS-B,5414,2.3263668e-07,0.0075679645,5.8041013e-07,0.00019763666
L-BFGS-B,5415,2.3279168e-07,0.007563577,5.802957e-07,0.00019759889
L-BFGS-B,5416,2.3294967e-07,0.0075649484,5.798742e-07,0.00019757307
L-BFGS-B,5417,2.3295436e-07,0.0075674704,5.7950325e-07,0.00019754334
L-BFGS-B,5418,2.3291436e-07,0.0075670346,5.7927366e-07,0.00019749855
L-BFGS-B,5419,2.3263814e-07,0.007569841,5.7896887e-07,0.00019743945
L-BFGS-B,5420,2.3254816e-07,0.0075592417,5.793398e-07,0.0001973756
L-BFGS-B,5421,2.3218001e-07,0.007545317,5.8064484e-07,0.00019737691
L-BFGS-B,5422,2.3234207e-07,0.007551186,5.7993043e-07,0.00019735273
L-BFGS-B,5423,2.3392288e-07,0.0075126295,5.909776e-07,0.00019886137
L-BFGS-B,5424,2.323175e-07,0.0075347004,5.808329e-07,0.00019731955
L-BFGS-B,5425,2.3273923e-07,0.0075378874,5.801055e-07,0.00019730558
L-BFGS-B,5426,2.3284791e-07,0.0075455136,5.792916e-07,0.00019727607
L-BFGS-B,5427,2.3235023e-07,0.0075495783,5.792169e-07,0.00019723084
L-BFGS-B,5428,2.3217112e-07,0.007556295,5.7866765e-07,0.00019718875
L-BFGS-B,5429,2.3211298e-07,0.0075689754,5.775557e-07,0.00019714005
L-BFGS-B,5430,2.3215468e-07,0.007604279,5.7517434e-07,0.00019714214
L-BFGS-B,5431,2.3209658e-07,0.0075843977,5.7635157e-07,0.00019711119
L-BFGS-B,5432,2.3201112e-07,0.007600194,5.750868e-07,0.00019706663
L-BFGS-B,5433,2.31872e-07,0.007586333,5.7588903e-07,0.00019702748
L-BFGS-B,5434,2.3201441e-07,0.007579189,5.759104e-07,0.00019698062
L-BFGS-B,5435,2.320996e-07,0.0075874235,5.751201e-07,0.00019695719
L-BFGS-B,5436,2.3204372e-07,0.007581884,5.753984e-07,0.00019693516
L-BFGS-B,5437,2.3207713e-07,0.007582285,5.7515985e-07,0.0001969084
L-BFGS-B,5438,2.320648e-07,0.007580024,5.7515314e-07,0.00019688293
L-BFGS-B,5439,2.3207127e-07,0.0075777466,5.7509834e-07,0.0001968529
L-BFGS-B,5440,2.3213785e-07,0.007558243,5.761059e-07,0.00019681899
L-BFGS-B,5441,2.3160538e-07,0.007639653,5.739166e-07,0.00019722483
L-BFGS-B,5442,2.31969e-07,0.0075697172,5.7531577e-07,0.00019678989
L-BFGS-B,5443,2.3161486e-07,0.007541995,5.773495e-07,0.0001967646
L-BFGS-B,5444,2.3301268e-07,0.0075709405,5.7511744e-07,0.00019692892
L-BFGS-B,5445,2.3194784e-07,0.0075469855,5.764692e-07,0.0001967324
L-BFGS-B,5446,2.330949e-07,0.007558419,5.7611874e-07,0.00019696623
L-BFGS-B,5447,2.3216819e-07,0.007546274,5.7593155e-07,0.00019667769
L-BFGS-B,5448,2.3219835e-07,0.007538105,5.7617734e-07,0.0001966374
L-BFGS-B,5449,2.321254e-07,0.0075171767,5.776627e-07,0.00019663999
L-BFGS-B,5450,2.3215232e-07,0.0075262007,5.768389e-07,0.00019661068
L-BFGS-B,5451,2.3239359e-07,0.0075188633,5.769076e-07,0.0001965838
L-BFGS-B,5452,2.3238601e-07,0.0075159026,5.768535e-07,0.00019654495
L-BFGS-B,5453,2.3248953e-07,0.0075198263,5.7630115e-07,0.00019651686
L-BFGS-B,5454,2.317265e-07,0.0075293495,5.7654097e-07,0.00019653361
L-BFGS-B,5455,2.32155e-07,0.0075227777,5.763358e-07,0.00019650141
L-BFGS-B,5456,2.3153011e-07,0.0075344504,5.761506e-07,0.0001964966
L-BFGS-B,5457,2.3185763e-07,0.0075262077,5.7603603e-07,0.00019644613
L-BFGS-B,5458,2.3179193e-07,0.007527298,5.7562545e-07,0.00019638558
L-BFGS-B,5459,2.3136421e-07,0.0075260596,5.753033e-07,0.00019626072
L-BFGS-B,5460,2.3163399e-07,0.007525694,5.7481594e-07,0.00019622443
L-BFGS-B,5461,2.3182956e-07,0.007527683,5.740625e-07,0.00019616063
L-BFGS-B,5462,2.3166635e-07,0.0075239995,5.742871e-07,0.00019613301
L-BFGS-B,5463,2.3197383e-07,0.007528386,5.735333e-07,0.00019610993
L-BFGS-B,5464,2.3220927e-07,0.007535017,5.7274565e-07,0.0001960934
L-BFGS-B,5465,2.3222894e-07,0.0075386437,5.7242204e-07,0.00019608409
L-BFGS-B,5466,2.3229045e-07,0.0075387233,5.7229613e-07,0.00019607521
L-BFGS-B,5467,2.3267798e-07,0.0075742123,5.696115e-07,0.00019608554
L-BFGS-B,5468,2.3245035e-07,0.007552104,5.712047e-07,0.0001960693
L-BFGS-B,5469,2.3259872e-07,0.007550071,5.710529e-07,0.00019604845
L-BFGS-B,5470,2.3273991e-07,0.0075510875,5.705762e-07,0.00019600829
L-BFGS-B,5471,2.3281446e-07,0.007553511,5.70069e-07,0.00019596762
L-BFGS-B,5472,2.3291732e-07,0.0075662243,5.6878406e-07,0.00019591744
L-BFGS-B,5473,2.3295719e-07,0.0075859115,5.6711025e-07,0.00019586923
L-BFGS-B,5474,2.3349145e-07,0.007603038,5.652141e-07,0.00019583621
L-BFGS-B,5475,2.3332713e-07,0.007602177,5.652378e-07,0.00019580651
L-BFGS-B,5476,2.3333847e-07,0.007597873,5.654172e-07,0.00019579209
L-BFGS-B,5477,2.334596e-07,0.0075942026,5.65459e-07,0.00019577981
L-BFGS-B,5478,2.3349973e-07,0.007593527,5.6539346e-07,0.00019576924
L-BFGS-B,5479,2.3353032e-07,0.007596142,5.650611e-07,0.00019575012
L-BFGS-B,5480,2.3349523e-07,0.007600099,5.646548e-07,0.00019572349
L-BFGS-B,5481,2.3350314e-07,0.007605976,5.6388734e-07,0.00019566834
L-BFGS-B,5482,2.3242059e-07,0.007622731,5.653775e-07,0.00019589702
L-BFGS-B,5483,2.3318263e-07,0.0076064905,5.640015e-07,0.00019564253
L-BFGS-B,5484,2.3305351e-07,0.0076032095,5.634429e-07,0.00019550655
L-BFGS-B,5485,2.3307359e-07,0.007590485,5.637206e-07,0.00019542399
L-BFGS-B,5486,2.3262201e-07,0.0075819725,5.6432367e-07,0.00019536157
L-BFGS-B,5487,2.3242521e-07,0.0075642043,5.6548237e-07,0.00019532818
L-BFGS-B,5488,2.3238591e-07,0.007555331,5.661165e-07,0.00019532867
L-BFGS-B,5489,2.3240787e-07,0.0075587397,5.657198e-07,0.00019530655
L-BFGS-B,5490,2.3229144e-07,0.0075554084,5.658245e-07,0.00019527148
L-BFGS-B,5491,2.319124e-07,0.007540937,5.6699304e-07,0.00019524517
L-BFGS-B,5492,2.3189594e-07,0.0075269723,5.67783e-07,0.00019522157
L-BFGS-B,5493,2.3194549e-07,0.007523591,5.67803e-07,0.0001951982
L-BFGS-B,5494,2.3196478e-07,0.0075157858,5.6799934e-07,0.00019515248
L-BFGS-B,5495,2.3210544e-07,0.0075156353,5.677329e-07,0.0001951321
L-BFGS-B,5496,2.3149269e-07,0.0074979565,5.702329e-07,0.0001952384
L-BFGS-B,5497,2.3193908e-07,0.007509647,5.682059e-07,0.00019511822
L-BFGS-B,5498,2.3198726e-07,0.007516573,5.675811e-07,0.00019510098
L-BFGS-B,5499,2.3197727e-07,0.0075188037,5.673065e-07,0.00019508059
L-BFGS-B,5500,2.3209856e-07,0.0075203413,5.669223e-07,0.00019505655
L-BFGS-B,5501,2.3224563e-07,0.0075120055,5.6713486e-07,0.00019502713
L-BFGS-B,5502,2.3242569e-07,0.0075066034,5.671924e-07,0.00019500873
L-BFGS-B,5503,2.3245092e-07,0.0074991207,5.675741e-07,0.00019499495
L-BFGS-B,5504,2.325357e-07,0.007490737,5.6795574e-07,0.00019498108
L-BFGS-B,5505,2.3246875e-07,0.0074870763,5.681756e-07,0.0001949674
L-BFGS-B,5506,2.3251455e-07,0.0074821976,5.683536e-07,0.0001949522
L-BFGS-B,5507,2.3242269e-07,0.0074802972,5.684456e-07,0.00019493322
L-BFGS-B,5508,2.3252139e-07,0.007474336,5.6861916e-07,0.00019491444
L-BFGS-B,5509,2.3244142e-07,0.007462921,5.6926757e-07,0.00019488556
L-BFGS-B,5510,2.3237695e-07,0.0074569397,5.695086e-07,0.00019485223
L-BFGS-B,5511,2.322428e-07,0.0074534724,5.695755e-07,0.00019480746
L-BFGS-B,5512,2.3217797e-07,0.00745429,5.6928974e-07,0.00019476305
L-BFGS-B,5513,2.3082188e-07,0.0074881017,5.776838e-07,0.00019615688
L-BFGS-B,5514,2.3206704e-07,0.0074531976,5.69404e-07,0.00019475262
L-BFGS-B,5515,2.3233368e-07,0.0074591273,5.683767e-07,0.00019469782
L-BFGS-B,5516,2.321702e-07,0.007457675,5.6824354e-07,0.00019463881
L-BFGS-B,5517,2.3234237e-07,0.00745607,5.678319e-07,0.00019458684
L-BFGS-B,5518,2.3205205e-07,0.0074479687,5.684412e-07,0.00019455366
L-BFGS-B,5519,2.3195187e-07,0.007435981,5.6912376e-07,0.00019452116
L-BFGS-B,5520,2.3185933e-07,0.0074322885,5.692078e-07,0.00019448294
L-BFGS-B,5521,2.3160197e-07,0.007423461,5.696815e-07,0.00019442712
L-BFGS-B,5522,2.3133892e-07,0.0074183284,5.697899e-07,0.00019435261
L-BFGS-B,5523,2.3096607e-07,0.0074150683,5.759686e-07,0.00019519089
L-BFGS-B,5524,2.3115746e-07,0.007413075,5.701969e-07,0.0001943339
L-BFGS-B,5525,2.311863e-07,0.007417974,5.6953996e-07,0.00019428867
L-BFGS-B,5526,2.3127237e-07,0.007428556,5.684107e-07,0.00019423803
L-BFGS-B,5527,2.3128314e-07,0.0074344636,5.678311e-07,0.00019421177
L-BFGS-B,5528,2.3146406e-07,0.007453451,5.6619274e-07,0.00019418303
L-BFGS-B,5529,2.314204e-07,0.007475148,5.646541e-07,0.00019416265
L-BFGS-B,5530,2.315449e-07,0.0074962033,5.630035e-07,0.00019414429
L-BFGS-B,5531,2.3133927e-07,0.0074975053,5.6296886e-07,0.00019412127
L-BFGS-B,5532,2.3085033e-07,0.0074945176,5.633985e-07,0.0001940825
L-BFGS-B,5533,2.3057288e-07,0.0074837273,5.641915e-07,0.00019405193
L-BFGS-B,5534,2.3026942e-07,0.0074798767,5.645713e-07,0.00019402488
L-BFGS-B,5535,2.3025909e-07,0.0074879015,5.63922e-07,0.00019400618
L-BFGS-B,5536,2.3017331e-07,0.0074867094,5.63948e-07,0.0001939853
L-BFGS-B,5537,2.3025189e-07,0.007493398,5.633763e-07,0.00019397821
L-BFGS-B,5538,2.3037083e-07,0.007495306,5.6310284e-07,0.00019397412
L-BFGS-B,5539,2.3040202e-07,0.0074990247,5.628085e-07,0.00019397182
L-BFGS-B,5540,2.3042413e-07,0.0075007407,5.62661e-07,0.00019397018
L-BFGS-B,5541,2.304283e-07,0.007500682,5.626426e-07,0.00019396745
L-BFGS-B,5542,2.3040188e-07,0.0074976725,5.628436e-07,0.00019396354
L-BFGS-B,5543,2.3037909e-07,0.007496014,5.6295295e-07,0.00019395995
L-BFGS-B,5544,2.3031808e-07,0.0074923458,5.632338e-07,0.00019395624
L-BFGS-B,5545,2.3024623e-07,0.0075081442,5.6263553e-07,0.0001940137
L-BFGS-B,5546,2.3030168e-07,0.00749379,5.6314565e-07,0.000193955
L-BFGS-B,5547,2.3031228e-07,0.0074940026,5.6310574e-07,0.00019395273
L-BFGS-B,5548,2.3029841e-07,0.0074958685,5.6295926e-07,0.00019394734
L-BFGS-B,5549,2.3031562e-07,0.0074992757,5.6265435e-07,0.00019393825
L-BFGS-B,5550,2.3012569e-07,0.007509257,5.621131e-07,0.00019392838
L-BFGS-B,5551,2.3009302e-07,0.0075024813,5.62481e-07,0.00019391092
L-BFGS-B,5552,2.3002359e-07,0.007500515,5.625799e-07,0.00019389567
L-BFGS-B,5553,2.2980825e-07,0.0075002336,5.627278e-07,0.00019388273
L-BFGS-B,5554,2.2978905e-07,0.0075021335,5.625635e-07,0.00019387422
L-BFGS-B,5555,2.2969968e-07,0.0074982205,5.628215e-07,0.00019386038
L-BFGS-B,5556,2.2974316e-07,0.0074947886,5.628853e-07,0.00019384216
L-BFGS-B,5557,2.2996375e-07,0.007491745,5.6271006e-07,0.00019381852
L-BFGS-B,5558,2.3010959e-07,0.0074907835,5.625105e-07,0.00019380084
L-BFGS-B,5559,2.3026993e-07,0.0074934876,5.620688e-07,0.00019378569
L-BFGS-B,5560,2.3035007e-07,0.0074968827,5.61659e-07,0.00019377019
L-BFGS-B,5561,2.3043951e-07,0.0075175078,5.6057905e-07,0.00019382787
L-BFGS-B,5562,2.303948e-07,0.0075022127,5.6119796e-07,0.00019376104
L-BFGS-B,5563,2.302799e-07,0.0075024497,5.61124e-07,0.00019373509
L-BFGS-B,5564,2.2983146e-07,0.0074993777,5.613925e-07,0.00019367736
L-BFGS-B,5565,2.2933247e-07,0.0074939798,5.6203714e-07,0.00019364525
L-BFGS-B,5566,2.292149e-07,0.0074940007,5.619438e-07,0.00019361381
L-BFGS-B,5567,2.292148e-07,0.007494406,5.6170325e-07,0.00019358177
L-BFGS-B,5568,2.2931073e-07,0.0074953306,5.6109263e-07,0.00019351381
L-BFGS-B,5569,2.2938353e-07,0.007493905,5.6064675e-07,0.00019344359
L-BFGS-B,5570,2.2960948e-07,0.0074971113,5.595316e-07,0.00019334228
L-BFGS-B,5571,2.2961854e-07,0.007473354,5.603899e-07,0.00019323481
L-BFGS-B,5572,2.2935141e-07,0.007466028,5.605797e-07,0.00019314994
L-BFGS-B,5573,2.291502e-07,0.007457515,5.6064476e-07,0.0001930444
L-BFGS-B,5574,2.2910783e-07,0.007453287,5.5998976e-07,0.00019289751
L-BFGS-B,5575,2.2891687e-07,0.0074553103,5.593828e-07,0.00019279805
L-BFGS-B,5576,2.2913996e-07,0.0074516023,5.5820146e-07,0.00019261724
L-BFGS-B,5577,2.2900348e-07,0.0074358378,5.578972e-07,0.00019239346
L-BFGS-B,5578,2.2969277e-07,0.0074371756,5.5610866e-07,0.00019224198
L-BFGS-B,5579,2.290518e-07,0.0073985313,5.582145e-07,0.00019207525
L-BFGS-B,5580,2.3874293e-07,0.0077883084,5.697612e-07,0.0001991587
L-BFGS-B,5581,2.2928263e-07,0.007384963,5.583276e-07,0.00019199116
L-BFGS-B,5582,2.2900375e-07,0.0073741577,5.58645e-07,0.00019188889
L-BFGS-B,5583,2.2851793e-07,0.0073571163,5.596266e-07,0.00019179285
L-BFGS-B,5584,2.2829799e-07,0.007344467,5.5997697e-07,0.00019168592
L-BFGS-B,5585,2.2870574e-07,0.0073618772,5.5802894e-07,0.00019162896
L-BFGS-B,5586,2.2831652e-07,0.00734952,5.587176e-07,0.00019155031
L-BFGS-B,5587,2.2870914e-07,0.007352865,5.579656e-07,0.00019152986
L-BFGS-B,5588,2.2818051e-07,0.0073526916,5.584092e-07,0.00019151537
L-BFGS-B,5589,2.2837114e-07,0.0073569305,5.5769385e-07,0.00019147905
L-BFGS-B,5590,2.286194e-07,0.00735666,5.573134e-07,0.00019145652
L-BFGS-B,5591,2.2851394e-07,0.0073516048,5.575609e-07,0.00019142727
L-BFGS-B,5592,2.2848518e-07,0.0073363003,5.5840724e-07,0.00019139686
L-BFGS-B,5593,2.2841566e-07,0.0073269303,5.589267e-07,0.00019137067
L-BFGS-B,5594,2.285621e-07,0.0072535356,5.637137e-07,0.00019137672
L-BFGS-B,5595,2.2844802e-07,0.007291911,5.610965e-07,0.00019135079
L-BFGS-B,5596,2.285073e-07,0.007279088,5.619921e-07,0.00019136578
L-BFGS-B,5597,2.2844327e-07,0.0072846506,5.613905e-07,0.00019132157
L-BFGS-B,5598,2.2839636e-07,0.007278384,5.6170444e-07,0.00019129895
L-BFGS-B,5599,2.2838294e-07,0.0072653564,5.6237144e-07,0.00019126672
L-BFGS-B,5600,2.2843872e-07,0.0072606024,5.6248865e-07,0.00019124514
L-BFGS-B,5601,2.2847193e-07,0.0072338833,5.637876e-07,0.00019117775
L-BFGS-B,5602,2.2983905e-07,0.0073246127,5.730135e-07,0.000193674
L-BFGS-B,5603,2.2840067e-07,0.0072287293,5.6405975e-07,0.00019115634
L-BFGS-B,5604,2.2844878e-07,0.00723253,5.63561e-07,0.00019112678
L-BFGS-B,5605,2.281544e-07,0.0072287335,5.6378803e-07,0.0001910787
L-BFGS-B,5606,2.2765293e-07,0.007247046,5.630121e-07,0.00019107023
L-BFGS-B,5607,2.2788863e-07,0.0072362213,5.6335585e-07,0.0001910489
L-BFGS-B,5608,2.2752039e-07,0.0072503444,5.627401e-07,0.00019104252
L-BFGS-B,5609,2.2763983e-07,0.007242546,5.629978e-07,0.0001910211
L-BFGS-B,5610,2.2739978e-07,0.007243332,5.630536e-07,0.00019100132
L-BFGS-B,5611,2.2735146e-07,0.007243983,5.629021e-07,0.00019097785
L-BFGS-B,5612,2.2730379e-07,0.007232856,5.6360795e-07,0.00019096531
L-BFGS-B,5613,2.2742564e-07,0.007228085,5.6371766e-07,0.00019095236
L-BFGS-B,5614,2.2741742e-07,0.007220825,5.640941e-07,0.00019093498
L-BFGS-B,5615,2.2738539e-07,0.007218101,5.641853e-07,0.00019091662
L-BFGS-B,5616,2.2713336e-07,0.0072149117,5.645408e-07,0.00019090023
L-BFGS-B,5617,2.2682522e-07,0.007217115,5.6459726e-07,0.00019088452
L-BFGS-B,5618,2.266342e-07,0.0072161895,5.6475824e-07,0.00019087075
L-BFGS-B,5619,2.2661314e-07,0.0072202147,5.643755e-07,0.00019085043
L-BFGS-B,5620,2.2676423e-07,0.007215327,5.643739e-07,0.000190824
L-BFGS-B,5621,2.2708107e-07,0.0072193714,5.6360216e-07,0.0001907962
L-BFGS-B,5622,2.2728928e-07,0.0072178426,5.6333744e-07,0.00019077244
L-BFGS-B,5623,2.2748311e-07,0.007212752,5.6331913e-07,0.00019074786
L-BFGS-B,5624,2.2765147e-07,0.0072175334,5.6260774e-07,0.00019071421
L-BFGS-B,5625,2.277438e-07,0.007223285,5.6175793e-07,0.00019065812
L-BFGS-B,5626,2.2766758e-07,0.0072417227,5.6013374e-07,0.00019058742
L-BFGS-B,5627,2.2728716e-07,0.007260707,5.5868713e-07,0.00019050321
L-BFGS-B,5628,2.2703821e-07,0.0072701755,5.5781874e-07,0.00019043029
L-BFGS-B,5629,2.267456e-07,0.0073806033,5.677402e-07,0.00019297891
L-BFGS-B,5630,2.2680256e-07,0.0072708246,5.579091e-07,0.000190415
L-BFGS-B,5631,2.2682131e-07,0.0072725173,5.5729294e-07,0.00019034231
L-BFGS-B,5632,2.2680551e-07,0.00727398,5.567861e-07,0.00019027854
L-BFGS-B,5633,2.2727251e-07,0.0072375187,5.585826e-07,0.00019025346
L-BFGS-B,5634,2.269679e-07,0.0072395555,5.582769e-07,0.00019018227
L-BFGS-B,5635,2.2650413e-07,0.007228471,5.591764e-07,0.00019013678
L-BFGS-B,5636,2.2647757e-07,0.007219344,5.5953427e-07,0.00019009522
L-BFGS-B,5637,2.2616207e-07,0.0071946997,5.611737e-07,0.00019004737
L-BFGS-B,5638,2.261138e-07,0.007183183,5.6164305e-07,0.00018999536
L-BFGS-B,5639,2.2596292e-07,0.007149388,5.639784e-07,0.00018998508
L-BFGS-B,5640,2.260096e-07,0.007164342,5.627275e-07,0.00018995398
L-BFGS-B,5641,2.2606014e-07,0.0071522687,5.630694e-07,0.00018989213
L-BFGS-B,5642,2.2511732e-07,0.007132384,5.6693665e-07,0.00019013195
L-BFGS-B,5643,2.2572848e-07,0.007143754,5.637779e-07,0.0001898635
L-BFGS-B,5644,2.2554862e-07,0.0071338154,5.6436494e-07,0.0001898252
L-BFGS-B,5645,2.2517558e-07,0.0070836907,5.6857687e-07,0.00018989976
L-BFGS-B,5646,2.2539582e-07,0.007117369,5.6551585e-07,0.00018981044
L-BFGS-B,5647,2.2517591e-07,0.007102335,5.6654545e-07,0.00018978155
L-BFGS-B,5648,2.2516085e-07,0.0070890714,5.6733643e-07,0.0001897653
L-BFGS-B,5649,2.2491612e-07,0.007073206,5.684969e-07,0.00018974402
L-BFGS-B,5650,2.2491183e-07,0.007058189,5.692842e-07,0.0001897113
L-BFGS-B,5651,2.246927e-07,0.0070427083,5.70278e-07,0.00018967269
L-BFGS-B,5652,2.2510216e-07,0.007041755,5.696741e-07,0.00018963398
L-BFGS-B,5653,2.2544967e-07,0.0070489515,5.7236656e-07,0.00019016195
L-BFGS-B,5654,2.2503218e-07,0.0070395228,5.6975784e-07,0.00018961373
L-BFGS-B,5655,2.2514332e-07,0.0070386506,5.694184e-07,0.00018957075
L-BFGS-B,5656,2.2534297e-07,0.007045878,5.685011e-07,0.00018953538
L-BFGS-B,5657,2.253877e-07,0.0070485664,5.681495e-07,0.00018951626
L-BFGS-B,5658,2.2533027e-07,0.007061505,5.6723763e-07,0.00018950024
L-BFGS-B,5659,2.2530979e-07,0.007054121,5.676019e-07,0.00018947796
L-BFGS-B,5660,2.2548642e-07,0.007053373,5.6739117e-07,0.00018946535
L-BFGS-B,5661,2.2549716e-07,0.0070572607,5.67042e-07,0.00018945348
L-BFGS-B,5662,2.2551123e-07,0.0070632077,5.6655864e-07,0.00018944257
L-BFGS-B,5663,2.2554366e-07,0.007073635,5.6567205e-07,0.0001894187
L-BFGS-B,5664,2.2663401e-07,0.0070622656,5.6609514e-07,0.00018953203
L-BFGS-B,5665,2.257379e-07,0.007069703,5.6566347e-07,0.00018940723
L-BFGS-B,5666,2.2698435e-07,0.00707214,5.650288e-07,0.00018952337
L-BFGS-B,5667,2.2599221e-07,0.0070688264,5.653593e-07,0.000189391
L-BFGS-B,5668,2.258316e-07,0.007100372,5.63162e-07,0.00018935277
L-BFGS-B,5669,2.258828e-07,0.0070884083,5.634796e-07,0.00018928843
L-BFGS-B,5670,2.262822e-07,0.007081147,5.631201e-07,0.00018922181
L-BFGS-B,5671,2.2631404e-07,0.007074078,5.6285137e-07,0.00018911558
L-BFGS-B,5672,2.2729192e-07,0.0070786956,5.6056865e-07,0.00018896605
L-BFGS-B,5673,2.2556142e-07,0.007068084,5.6282846e-07,0.00018893933
L-BFGS-B,5674,2.2644632e-07,0.0070695793,5.611805e-07,0.00018883983
L-BFGS-B,5675,2.2620159e-07,0.0070396657,5.623908e-07,0.00018868552
L-BFGS-B,5676,2.2526035e-07,0.0070499973,5.628458e-07,0.0001887159
L-BFGS-B,5677,2.2571876e-07,0.0070394776,5.6240435e-07,0.00018861324
L-BFGS-B,5678,2.2607901e-07,0.00705338,5.6096894e-07,0.00018859099
L-BFGS-B,5679,2.2587402e-07,0.0070468253,5.6119944e-07,0.00018852927
L-BFGS-B,5680,2.2571513e-07,0.0070437635,5.6127203e-07,0.0001884857
L-BFGS-B,5681,2.2539926e-07,0.007057015,5.604213e-07,0.00018844323
L-BFGS-B,5682,2.2539528e-07,0.0070418324,5.608201e-07,0.00018835065
L-BFGS-B,5683,2.251425e-07,0.007031038,5.611411e-07,0.00018825292
L-BFGS-B,5684,2.2512754e-07,0.007004378,5.621031e-07,0.00018812837
L-BFGS-B,5685,2.245285e-07,0.006990944,5.6312456e-07,0.0001880574
L-BFGS-B,5686,2.2422059e-07,0.006974433,5.6395714e-07,0.00018797099
L-BFGS-B,5687,2.2360528e-07,0.006957987,5.647249e-07,0.0001878294
L-BFGS-B,5688,2.235667e-07,0.006946685,5.6479524e-07,0.00018772113
L-BFGS-B,5689,2.2315167e-07,0.00693563,5.6560043e-07,0.00018766912
L-BFGS-B,5690,2.2341139e-07,0.006933712,5.650403e-07,0.00018760486
L-BFGS-B,5691,2.2382171e-07,0.006936197,5.6427734e-07,0.00018757684
L-BFGS-B,5692,2.2356441e-07,0.006936757,5.6417826e-07,0.00018752897
L-BFGS-B,5693,2.2317143e-07,0.006918628,5.6531326e-07,0.00018745897
L-BFGS-B,5694,2.229729e-07,0.0069195065,5.651974e-07,0.0001874206
L-BFGS-B,5695,2.2266777e-07,0.0069378256,5.6403417e-07,0.00018738354
L-BFGS-B,5696,2.2178254e-07,0.006922496,5.6722007e-07,0.00018757535
L-BFGS-B,5697,2.2236723e-07,0.0069278586,5.6467877e-07,0.00018733548
L-BFGS-B,5698,2.2234187e-07,0.0069169877,5.6498715e-07,0.00018726922
L-BFGS-B,5699,2.2269928e-07,0.0069135977,5.6418526e-07,0.00018716865
L-BFGS-B,5700,2.2276788e-07,0.0069033075,5.640842e-07,0.00018706088
L-BFGS-B,5701,2.2257109e-07,0.0069123735,5.625054e-07,0.00018688521
L-BFGS-B,5702,2.2230469e-07,0.006920388,5.6135815e-07,0.00018675331
L-BFGS-B,5703,2.2238535e-07,0.0069283918,5.6032866e-07,0.00018669102
L-BFGS-B,5704,2.220063e-07,0.006939851,5.5909163e-07,0.00018656321
L-BFGS-B,5705,2.2197823e-07,0.0069504464,5.580629e-07,0.00018651065
L-BFGS-B,5706,2.2204624e-07,0.0069665634,5.5654954e-07,0.000186455
L-BFGS-B,5707,2.2193396e-07,0.0069666277,5.567956e-07,0.00018647572
L-BFGS-B,5708,2.2198476e-07,0.006965644,5.565765e-07,0.00018644062
L-BFGS-B,5709,2.2217584e-07,0.0069717835,5.5574856e-07,0.00018640648
L-BFGS-B,5710,2.2192822e-07,0.006944543,5.578048e-07,0.00018640538
L-BFGS-B,5711,2.2192668e-07,0.0069465954,5.5729737e-07,0.00018634956
L-BFGS-B,5712,2.2204689e-07,0.00695372,5.5656403e-07,0.00018632883
L-BFGS-B,5713,2.220495e-07,0.0069554187,5.560237e-07,0.00018626516
L-BFGS-B,5714,2.2194779e-07,0.0069518965,5.5571275e-07,0.00018616804
L-BFGS-B,5715,2.2159105e-07,0.006972227,5.5402273e-07,0.00018606434
L-BFGS-B,5716,2.2166846e-07,0.006961733,5.536441e-07,0.00018591422
L-BFGS-B,5717,2.2192432e-07,0.006974094,5.511399e-07,0.00018570057
L-BFGS-B,5718,2.2299008e-07,0.007036104,5.4467586e-07,0.00018551093
L-BFGS-B,5719,2.2247215e-07,0.007024363,5.4496303e-07,0.0001853589
L-BFGS-B,5720,2.2186546e-07,0.006996304,5.469654e-07,0.00018528767
L-BFGS-B,5721,2.2246334e-07,0.0070048263,5.4538555e-07,0.0001852256
L-BFGS-B,5722,2.2221202e-07,0.007020225,5.441357e-07,0.00018515441
L-BFGS-B,5723,2.2206682e-07,0.0070272335,5.4352927e-07,0.00018511174
L-BFGS-B,5724,2.2218222e-07,0.007023515,5.434525e-07,0.00018508037
L-BFGS-B,5725,2.2204075e-07,0.00702044,5.4354695e-07,0.00018504256
L-BFGS-B,5726,2.2215214e-07,0.007012094,5.43704e-07,0.00018499936
L-BFGS-B,5727,2.219965e-07,0.00699594,5.4450504e-07,0.00018493463
L-BFGS-B,5728,2.2238471e-07,0.0069931285,5.4386277e-07,0.0001848684
L-BFGS-B,5729,2.2268836e-07,0.0070367362,5.418971e-07,0.00018505518
L-BFGS-B,5730,2.223879e-07,0.0070009143,5.4322476e-07,0.00018485103
L-BFGS-B,5731,2.2231967e-07,0.006988851,5.438663e-07,0.0001848164
L-BFGS-B,5732,2.2230873e-07,0.0069905585,5.4341007e-07,0.0001847634
L-BFGS-B,5733,2.223688e-07,0.0070012077,5.4237205e-07,0.0001847232
L-BFGS-B,5734,2.2252979e-07,0.007013522,5.41151e-07,0.00018468733
L-BFGS-B,5735,2.2277584e-07,0.0070305057,5.3954403e-07,0.00018465304
L-BFGS-B,5736,2.228648e-07,0.0070417877,5.385262e-07,0.00018462652
L-BFGS-B,5737,2.230269e-07,0.007055049,5.372885e-07,0.0001845978
L-BFGS-B,5738,2.2277618e-07,0.00705195,5.375701e-07,0.00018457144
L-BFGS-B,5739,2.2254858e-07,0.0070458963,5.3806355e-07,0.00018455078
L-BFGS-B,5740,2.2231482e-07,0.0070410287,5.3853034e-07,0.00018453706
L-BFGS-B,5741,2.2200284e-07,0.00703647,5.389851e-07,0.00018451289
L-BFGS-B,5742,2.2160397e-07,0.0070324717,5.395364e-07,0.00018449577
L-BFGS-B,5743,2.2155066e-07,0.0070361434,5.3917023e-07,0.00018446957
L-BFGS-B,5744,2.2171187e-07,0.0070398385,5.3852915e-07,0.00018443452
L-BFGS-B,5745,2.2193379e-07,0.0070450264,5.375621e-07,0.00018437463
L-BFGS-B,5746,2.2232886e-07,0.007047308,5.368634e-07,0.00018435193
L-BFGS-B,5747,2.2214074e-07,0.0070465053,5.362475e-07,0.00018422329
L-BFGS-B,5748,2.3350579e-07,0.007436313,5.586362e-07,0.00019318443
L-BFGS-B,5749,2.222174e-07,0.00705115,5.357545e-07,0.00018420728
L-BFGS-B,5750,2.2184761e-07,0.007041795,5.3602133e-07,0.00018409829
L-BFGS-B,5751,2.2049647e-07,0.0070317453,5.3684477e-07,0.00018391863
L-BFGS-B,5752,2.212006e-07,0.007026564,5.362444e-07,0.00018388238
L-BFGS-B,5753,2.2033247e-07,0.0070275045,5.3623387e-07,0.00018375998
L-BFGS-B,5754,2.2001095e-07,0.007029242,5.361013e-07,0.00018370926
L-BFGS-B,5755,2.1987196e-07,0.0070247897,5.3597387e-07,0.00018362477
L-BFGS-B,5756,2.1995133e-07,0.007018333,5.3557596e-07,0.00018351243
L-BFGS-B,5757,2.2017981e-07,0.006999152,5.358714e-07,0.0001833992
L-BFGS-B,5758,2.2009829e-07,0.0069892392,5.363702e-07,0.00018336266
L-BFGS-B,5759,2.2026022e-07,0.0069840956,5.3608136e-07,0.0001832922
L-BFGS-B,5760,2.2045806e-07,0.0069802715,5.358703e-07,0.00018325198
L-BFGS-B,5761,2.2048191e-07,0.0069669564,5.3652155e-07,0.00018322008
L-BFGS-B,5762,2.2061637e-07,0.006969801,5.3597546e-07,0.00018318678
L-BFGS-B,5763,2.2057024e-07,0.0069534085,5.369379e-07,0.0001831603
L-BFGS-B,5764,2.2021484e-07,0.006947395,5.3744486e-07,0.0001831229
L-BFGS-B,5765,2.2008201e-07,0.0069554406,5.367819e-07,0.00018308399
L-BFGS-B,5766,2.1987832e-07,0.0069542825,5.368371e-07,0.00018305014
L-BFGS-B,5767,2.1968137e-07,0.006945915,5.374524e-07,0.00018302922
L-BFGS-B,5768,2.1949488e-07,0.0069372053,5.38132e-07,0.00018301609
L-BFGS-B,5769,2.1951492e-07,0.006934225,5.382291e-07,0.00018300384
L-BFGS-B,5770,2.1952008e-07,0.0069289943,5.3846674e-07,0.00018298796
L-BFGS-B,5771,2.1952387e-07,0.006925197,5.3862607e-07,0.00018297446
L-BFGS-B,5772,2.1953998e-07,0.0069233775,5.3860174e-07,0.00018295503
L-BFGS-B,5773,2.1945277e-07,0.006932563,5.3795094e-07,0.00018293619
L-BFGS-B,5774,2.1957142e-07,0.006938527,5.373026e-07,0.00018291638
L-BFGS-B,5775,2.1957513e-07,0.006941766,5.369816e-07,0.00018290116
L-BFGS-B,5776,2.1957348e-07,0.0069516967,5.3622585e-07,0.00018288687
L-BFGS-B,5777,2.1959553e-07,0.006958085,5.356878e-07,0.00018287334
L-BFGS-B,5778,2.1940545e-07,0.006957313,5.3578947e-07,0.00018285237
L-BFGS-B,5779,2.1996324e-07,0.0070030834,5.3321924e-07,0.0001830082
L-BFGS-B,5780,2.194757e-07,0.0069648204,5.351534e-07,0.00018284256
L-BFGS-B,5781,2.1955296e-07,0.006962726,5.34968e-07,0.00018280541
L-BFGS-B,5782,2.194724e-07,0.0069514182,5.351673e-07,0.00018271012
L-BFGS-B,5783,2.1926462e-07,0.006940364,5.3567646e-07,0.0001826448
L-BFGS-B,5784,2.196521e-07,0.0070164925,5.3320747e-07,0.00018309386
L-BFGS-B,5785,2.1923319e-07,0.0069497717,5.34916e-07,0.0001826201
L-BFGS-B,5786,2.1893034e-07,0.0069560185,5.341917e-07,0.00018252849
L-BFGS-B,5787,2.1903604e-07,0.0069605256,5.3323714e-07,0.00018244624
L-BFGS-B,5788,2.192961e-07,0.006976676,5.312954e-07,0.00018235549
L-BFGS-B,5789,2.1835517e-07,0.006959662,5.335208e-07,0.00018237802
L-BFGS-B,5790,2.187585e-07,0.0069669024,5.3216115e-07,0.00018230698
L-BFGS-B,5791,2.188067e-07,0.0069442703,5.333331e-07,0.00018226367
L-BFGS-B,5792,2.188707e-07,0.0069323126,5.3378807e-07,0.00018222193
L-BFGS-B,5793,2.1862283e-07,0.0068906844,5.369108e-07,0.0001822369
L-BFGS-B,5794,2.1870143e-07,0.006911395,5.3504954e-07,0.00018217659
L-BFGS-B,5795,2.1851403e-07,0.0068857516,5.365955e-07,0.00018212394
L-BFGS-B,5796,2.1794825e-07,0.0068805995,5.373107e-07,0.00018209484
L-BFGS-B,5797,2.1806854e-07,0.006879688,5.369681e-07,0.00018205238
L-BFGS-B,5798,2.1799679e-07,0.0068705264,5.374734e-07,0.00018202577
L-BFGS-B,5799,2.1788964e-07,0.006859985,5.3802654e-07,0.00018198727
L-BFGS-B,5800,2.1801613e-07,0.0068274713,5.411016e-07,0.00018214236
L-BFGS-B,5801,2.1784889e-07,0.0068496377,5.3861186e-07,0.00018196549
L-BFGS-B,5802,2.1747921e-07,0.0068429993,5.3909315e-07,0.00018191585
L-BFGS-B,5803,2.1735842e-07,0.0068350066,5.3935594e-07,0.0001818572
L-BFGS-B,5804,2.1700339e-07,0.006828195,5.396774e-07,0.00018178407
L-BFGS-B,5805,2.1642697e-07,0.00682774,5.3916347e-07,0.00018161596
L-BFGS-B,5806,2.1725498e-07,0.006901243,5.3668884e-07,0.000182104
L-BFGS-B,5807,2.1648883e-07,0.0068376367,5.381932e-07,0.00018157868
L-BFGS-B,5808,2.1588046e-07,0.0068445974,5.375445e-07,0.0001814597
L-BFGS-B,5809,2.1630314e-07,0.006859908,5.356771e-07,0.00018139611
L-BFGS-B,5810,2.1589601e-07,0.0068452493,5.367956e-07,0.00018135624
L-BFGS-B,5811,2.1594408e-07,0.0068530445,5.3609074e-07,0.00018133566
L-BFGS-B,5812,2.1624986e-07,0.006853078,5.3555465e-07,0.00018130147
L-BFGS-B,5813,2.1641809e-07,0.0068563363,5.348759e-07,0.00018125746
L-BFGS-B,5814,2.1636959e-07,0.0068608224,5.344035e-07,0.0001812242
L-BFGS-B,5815,2.1630657e-07,0.006873811,5.3342296e-07,0.00018119754
L-BFGS-B,5816,2.1656015e-07,0.006898847,5.3135324e-07,0.00018117548
L-BFGS-B,5817,2.165091e-07,0.006908646,5.3048325e-07,0.00018113531
L-BFGS-B,5818,2.164008e-07,0.006902656,5.308235e-07,0.0001811102
L-BFGS-B,5819,2.1649518e-07,0.006901365,5.3067686e-07,0.00018108945
L-BFGS-B,5820,2.1642794e-07,0.006897635,5.3087405e-07,0.00018107165
L-BFGS-B,5821,2.163289e-07,0.0069045224,5.3056095e-07,0.0001810787
L-BFGS-B,5822,2.1637537e-07,0.0069000777,5.306924e-07,0.00018106092
L-BFGS-B,5823,2.1630086e-07,0.0068937154,5.31133e-07,0.00018105222
L-BFGS-B,5824,2.1638301e-07,0.006895397,5.306344e-07,0.00018100659
L-BFGS-B,5825,2.1656682e-07,0.0069076926,5.2946876e-07,0.00018098226
L-BFGS-B,5826,2.1653662e-07,0.0069100037,5.290573e-07,0.00018093913
L-BFGS-B,5827,2.1631637e-07,0.0069036195,5.2910553e-07,0.00018084949
L-BFGS-B,5828,2.1640625e-07,0.0069054095,5.2835713e-07,0.0001807686
L-BFGS-B,5829,2.1554123e-07,0.006863078,5.340113e-07,0.00018106366
L-BFGS-B,5830,2.1607869e-07,0.006892109,5.2935957e-07,0.00018073682
L-BFGS-B,5831,2.162013e-07,0.0069082277,5.275251e-07,0.00018064125
L-BFGS-B,5832,2.1591542e-07,0.0069046607,5.278406e-07,0.00018061002
L-BFGS-B,5833,2.1588484e-07,0.0069040586,5.2778904e-07,0.00018059167
L-BFGS-B,5834,2.1586264e-07,0.006907017,5.275451e-07,0.00018058134
L-BFGS-B,5835,2.1602253e-07,0.006916801,5.266466e-07,0.00018056839
L-BFGS-B,5836,2.1609736e-07,0.0069213402,5.2618003e-07,0.00018055501
L-BFGS-B,5837,2.1635161e-07,0.006927116,5.253741e-07,0.00018053001
L-BFGS-B,5838,2.1656628e-07,0.0069324723,5.2469585e-07,0.00018051403
L-BFGS-B,5839,2.1679051e-07,0.0069345343,5.2422735e-07,0.00018049803
L-BFGS-B,5840,2.1684664e-07,0.0069356984,5.240434e-07,0.00018049049
L-BFGS-B,5841,2.1723544e-07,0.006938337,5.2343415e-07,0.0001804838
L-BFGS-B,5842,2.1693926e-07,0.006933468,5.238848e-07,0.0001804583
L-BFGS-B,5843,2.1679101e-07,0.00691907,5.256568e-07,0.00018055786
L-BFGS-B,5844,2.1687086e-07,0.0069272076,5.2426503e-07,0.00018044245
L-BFGS-B,5845,2.1684313e-07,0.0069266893,5.241784e-07,0.00018042012
L-BFGS-B,5846,2.1698006e-07,0.006923087,5.240794e-07,0.00018038979
L-BFGS-B,5847,2.1792118e-07,0.0068854517,5.381875e-07,0.00018227083
L-BFGS-B,5848,2.1692185e-07,0.0069136443,5.246271e-07,0.00018036878
L-BFGS-B,5849,2.1719087e-07,0.0068933307,5.255467e-07,0.00018034394
L-BFGS-B,5850,2.172964e-07,0.0068922564,5.2516856e-07,0.00018029232
L-BFGS-B,5851,2.1729018e-07,0.006888434,5.2517885e-07,0.00018025469
L-BFGS-B,5852,2.1707797e-07,0.006863125,5.2663773e-07,0.0001801886
L-BFGS-B,5853,2.1673631e-07,0.0068492526,5.276784e-07,0.00018015475
L-BFGS-B,5854,2.1674333e-07,0.006839306,5.2807627e-07,0.00018011601
L-BFGS-B,5855,2.1721763e-07,0.0068908036,5.2446927e-07,0.00018016106
L-BFGS-B,5856,2.1687315e-07,0.006857266,5.2658606e-07,0.00018009155
L-BFGS-B,5857,2.1694912e-07,0.0068499953,5.268239e-07,0.00018006591
L-BFGS-B,5858,2.1693084e-07,0.0068375594,5.274627e-07,0.00018003462
L-BFGS-B,5859,2.168836e-07,0.0068292613,5.2792603e-07,0.00018001406
L-BFGS-B,5860,2.1685602e-07,0.00682165,5.282601e-07,0.00017998391
L-BFGS-B,5861,2.167984e-07,0.006805134,5.2919177e-07,0.00017994986
L-BFGS-B,5862,2.1686022e-07,0.0067998925,5.291027e-07,0.00017989337
L-BFGS-B,5863,2.1727716e-07,0.0068089096,5.276036e-07,0.00017982122
L-BFGS-B,5864,2.1758328e-07,0.0068161828,5.262597e-07,0.00017973827
L-BFGS-B,5865,2.1826574e-07,0.0068470435,5.23147e-07,0.00017968233
L-BFGS-B,5866,2.1819729e-07,0.0068582636,5.2214904e-07,0.00017963459
L-BFGS-B,5867,2.1826423e-07,0.0068609477,5.216651e-07,0.00017959886
L-BFGS-B,5868,2.180969e-07,0.0068521407,5.2209907e-07,0.0001795508
L-BFGS-B,5869,2.1828657e-07,0.0068887128,5.2098216e-07,0.00017977743
L-BFGS-B,5870,2.1808029e-07,0.0068559856,5.217822e-07,0.00017953923
L-BFGS-B,5871,2.1771625e-07,0.006842879,5.226086e-07,0.00017947752
L-BFGS-B,5872,2.1721964e-07,0.006824424,5.239752e-07,0.00017942346
L-BFGS-B,5873,2.1662093e-07,0.006814156,5.248444e-07,0.00017936135
L-BFGS-B,5874,2.1650978e-07,0.0068198037,5.242794e-07,0.00017931641
L-BFGS-B,5875,2.1637625e-07,0.0068326816,5.2322645e-07,0.00017926723
L-BFGS-B,5876,2.1807027e-07,0.0071360064,5.2433325e-07,0.00018272059
L-BFGS-B,5877,2.1630777e-07,0.0068416824,5.226563e-07,0.00017926143
L-BFGS-B,5878,2.1630078e-07,0.006851775,5.216259e-07,0.00017920675
L-BFGS-B,5879,2.1624719e-07,0.006854119,5.2113177e-07,0.00017914803
L-BFGS-B,5880,2.1630048e-07,0.006840751,5.2163796e-07,0.00017909826
L-BFGS-B,5881,2.1559673e-07,0.0067918794,5.253304e-07,0.00017905785
L-BFGS-B,5882,2.1579194e-07,0.0067801755,5.256793e-07,0.00017902243
L-BFGS-B,5883,2.1580617e-07,0.006786809,5.25106e-07,0.00017900491
L-BFGS-B,5884,2.1566193e-07,0.0067794565,5.2569396e-07,0.00017899794
L-BFGS-B,5885,2.1566528e-07,0.0067772395,5.258044e-07,0.00017899284
L-BFGS-B,5886,2.1573071e-07,0.00677961,5.255061e-07,0.00017898163
L-BFGS-B,5887,2.157908e-07,0.0067797266,5.253637e-07,0.00017897044
L-BFGS-B,5888,2.1586405e-07,0.0067807455,5.25168e-07,0.00017896225
L-BFGS-B,5889,2.160927e-07,0.006779595,5.249525e-07,0.00017895273
L-BFGS-B,5890,2.1610373e-07,0.0067762365,5.2508796e-07,0.00017894112
L-BFGS-B,5891,2.161734e-07,0.0067655803,5.255576e-07,0.00017891545
L-BFGS-B,5892,2.1622286e-07,0.006763107,5.2555856e-07,0.00017889828
L-BFGS-B,5893,2.1637206e-07,0.0067603267,5.252172e-07,0.00017884166
L-BFGS-B,5894,2.1669604e-07,0.0067674327,5.240571e-07,0.0001787873
L-BFGS-B,5895,2.1877736e-07,0.006935223,5.3231304e-07,0.00018201579
L-BFGS-B,5896,2.1664292e-07,0.006768576,5.2384064e-07,0.00017875829
L-BFGS-B,5897,2.1667803e-07,0.0067663314,5.2354767e-07,0.00017869717
L-BFGS-B,5898,2.1815288e-07,0.006916723,5.2560665e-07,0.00018073116
L-BFGS-B,5899,2.1655568e-07,0.0067715705,5.231776e-07,0.00017867569
L-BFGS-B,5900,2.1677826e-07,0.0067800046,5.220125e-07,0.00017861866
L-BFGS-B,5901,2.1643822e-07,0.0067683565,5.23022e-07,0.00017860258
L-BFGS-B,5902,2.16538e-07,0.0067698276,5.2268666e-07,0.00017858198
L-BFGS-B,5903,2.1668572e-07,0.0067622834,5.2277335e-07,0.0001785417
L-BFGS-B,5904,2.1685305e-07,0.0067568924,5.2294314e-07,0.00017853835
L-BFGS-B,5905,2.1673193e-07,0.006754215,5.2303153e-07,0.00017850667
L-BFGS-B,5906,2.1671194e-07,0.0067552296,5.228166e-07,0.00017848157
L-BFGS-B,5907,2.1676375e-07,0.006754344,5.226126e-07,0.00017844987
L-BFGS-B,5908,2.1688368e-07,0.0067553436,5.2225334e-07,0.00017842399
L-BFGS-B,5909,2.1702198e-07,0.00675151,5.2220383e-07,0.00017839897
L-BFGS-B,5910,2.1701919e-07,0.006749567,5.2219343e-07,0.00017837757
L-BFGS-B,5911,2.1710805e-07,0.0067505785,5.219055e-07,0.00017835782
L-BFGS-B,5912,2.1690794e-07,0.0067436653,5.22449e-07,0.0001783402
L-BFGS-B,5913,2.1680125e-07,0.0067424937,5.225406e-07,0.00017832621
L-BFGS-B,5914,2.1665949e-07,0.0067409133,5.226045e-07,0.00017829874
L-BFGS-B,5915,2.165422e-07,0.006740397,5.2257013e-07,0.00017827083
L-BFGS-B,5916,2.1645116e-07,0.0067424458,5.2221253e-07,0.00017822401
L-BFGS-B,5917,2.1672196e-07,0.006772328,5.205659e-07,0.00017831646
L-BFGS-B,5918,2.164889e-07,0.00674934,5.216182e-07,0.00017820945
L-BFGS-B,5919,2.1628193e-07,0.0067421417,5.218587e-07,0.00017814251
L-BFGS-B,5920,2.1652927e-07,0.0067436616,5.212879e-07,0.0001781092
L-BFGS-B,5921,2.165501e-07,0.006737049,5.2146163e-07,0.00017807225
L-BFGS-B,5922,2.1652903e-07,0.0067311726,5.217191e-07,0.00017804894
L-BFGS-B,5923,2.1651644e-07,0.00672302,5.221504e-07,0.00017803023
L-BFGS-B,5924,2.1624832e-07,0.006700786,5.2383587e-07,0.00017802049
L-BFGS-B,5925,2.16385e-07,0.00670834,5.2309815e-07,0.00017800587
L-BFGS-B,5926,2.1632464e-07,0.0067101205,5.229799e-07,0.00017799689
L-BFGS-B,5927,2.1621362e-07,0.006709818,5.230186e-07,0.00017798302
L-BFGS-B,5928,2.1609026e-07,0.006708727,5.231311e-07,0.00017797048
L-BFGS-B,5929,2.1596748e-07,0.0067016655,5.2362265e-07,0.00017795517
L-BFGS-B,5930,2.159544e-07,0.0067279087,5.220419e-07,0.00017797854
L-BFGS-B,5931,2.1594997e-07,0.0067100055,5.230289e-07,0.00017794689
L-BFGS-B,5932,2.1596722e-07,0.006709645,5.2296326e-07,0.00017793602
L-BFGS-B,5933,2.1601738e-07,0.0067124427,5.2266245e-07,0.00017792641
L-BFGS-B,5934,2.1609334e-07,0.006714002,5.225954e-07,0.00017794332
L-BFGS-B,5935,2.16026e-07,0.006712481,5.226364e-07,0.00017792417
L-BFGS-B,5936,2.160303e-07,0.0067147766,5.2245014e-07,0.00017791984
L-BFGS-B,5937,2.1600714e-07,0.00671765,5.222387e-07,0.00017791337
L-BFGS-B,5938,2.1597924e-07,0.0067205615,5.2204837e-07,0.00017790975
L-BFGS-B,5939,2.1593286e-07,0.006723275,5.218757e-07,0.00017790403
L-BFGS-B,5940,2.1594302e-07,0.0067364844,5.20962e-07,0.00017790058
L-BFGS-B,5941,2.1574252e-07,0.0067309584,5.2145674e-07,0.00017788948
L-BFGS-B,5942,2.1575893e-07,0.0067298925,5.214654e-07,0.00017788257
L-BFGS-B,5943,2.157936e-07,0.006730795,5.2129803e-07,0.0001778717
L-BFGS-B,5944,2.1580617e-07,0.006730449,5.2124193e-07,0.0001778617
L-BFGS-B,5945,2.1576484e-07,0.0067242463,5.215056e-07,0.00017783303
L-BFGS-B,5946,2.1665875e-07,0.006744425,5.208827e-07,0.00017807547
L-BFGS-B,5947,2.1583283e-07,0.0067250393,5.213466e-07,0.00017782729
L-BFGS-B,5948,2.1568675e-07,0.006713526,5.220868e-07,0.0001778013
L-BFGS-B,5949,2.1571071e-07,0.006693747,5.231554e-07,0.00017776738
L-BFGS-B,5950,2.1796139e-07,0.0066382186,5.378478e-07,0.00017975357
L-BFGS-B,5951,2.1550512e-07,0.006674931,5.243961e-07,0.0001777345
L-BFGS-B,5952,2.1549873e-07,0.006668345,5.245027e-07,0.00017768366
L-BFGS-B,5953,2.156909e-07,0.0066395276,5.2523853e-07,0.00017753469
L-BFGS-B,5954,2.1584971e-07,0.0066372235,5.2493584e-07,0.00017749006
L-BFGS-B,5955,2.158618e-07,0.006621214,5.2576155e-07,0.00017745564
L-BFGS-B,5956,2.1603115e-07,0.0066191736,5.256245e-07,0.00017744009
L-BFGS-B,5957,2.1592543e-07,0.00661751,5.257288e-07,0.00017742324
L-BFGS-B,5958,2.1591629e-07,0.006622291,5.2516583e-07,0.00017738523
L-BFGS-B,5959,2.1607325e-07,0.006633146,5.241116e-07,0.0001773592
L-BFGS-B,5960,2.1981747e-07,0.0068155355,5.1808945e-07,0.00017884138
L-BFGS-B,5961,2.1614822e-07,0.0066384217,5.2366124e-07,0.00017735563
L-BFGS-B,5962,2.164879e-07,0.0066473098,5.225208e-07,0.0001773244
L-BFGS-B,5963,2.1661879e-07,0.006647956,5.22179e-07,0.00017729923
L-BFGS-B,5964,2.1677792e-07,0.0066543035,5.2143935e-07,0.00017727562
L-BFGS-B,5965,2.169596e-07,0.006675136,5.1949735e-07,0.0001772199
L-BFGS-B,5966,2.1720456e-07,0.006686509,5.182037e-07,0.00017717632
L-BFGS-B,5967,2.1719286e-07,0.0066799377,5.183304e-07,0.00017712786
L-BFGS-B,5968,2.1725425e-07,0.006689176,5.1730865e-07,0.00017707619
L-BFGS-B,5969,2.1676965e-07,0.006676865,5.183444e-07,0.00017703575
L-BFGS-B,5970,2.1661023e-07,0.0066743894,5.1837947e-07,0.00017699235
L-BFGS-B,5971,2.1626603e-07,0.006679282,5.180675e-07,0.00017694285
L-BFGS-B,5972,2.1637364e-07,0.006677623,5.178595e-07,0.00017691121
L-BFGS-B,5973,2.1626295e-07,0.006679671,5.176079e-07,0.00017687734
L-BFGS-B,5974,2.1653182e-07,0.006676151,5.1745553e-07,0.00017685961
L-BFGS-B,5975,2.1653813e-07,0.006669379,5.178088e-07,0.00017684582
L-BFGS-B,5976,2.1636758e-07,0.0066663,5.181927e-07,0.00017684704
L-BFGS-B,5977,2.1644631e-07,0.0066674734,5.179585e-07,0.00017683546
L-BFGS-B,5978,2.1634806e-07,0.006647293,5.192689e-07,0.00017681548
L-BFGS-B,5979,2.1640491e-07,0.0066515375,5.1880954e-07,0.00017679753
L-BFGS-B,5980,2.1634185e-07,0.0066635036,5.177723e-07,0.00017675216
L-BFGS-B,5981,2.1622671e-07,0.006650291,5.1844916e-07,0.00017670428
L-BFGS-B,5982,2.1614625e-07,0.0066420934,5.186918e-07,0.00017664663
L-BFGS-B,5983,2.1642812e-07,0.0067162286,5.1495357e-07,0.00017686954
L-BFGS-B,5984,2.1612723e-07,0.006660802,5.1700175e-07,0.00017657736
L-BFGS-B,5985,2.1598585e-07,0.006636903,5.179452e-07,0.00017645868
L-BFGS-B,5986,2.1574408e-07,0.00659108,5.2048745e-07,0.00017634552
L-BFGS-B,5987,2.1529594e-07,0.0065721455,5.2128655e-07,0.00017620884
L-BFGS-B,5988,2.1577802e-07,0.00659343,5.183848e-07,0.00017605872
L-BFGS-B,5989,2.1544597e-07,0.0066095027,5.165061e-07,0.00017588784
L-BFGS-B,5990,2.1517351e-07,0.006609189,5.1630997e-07,0.0001758144
L-BFGS-B,5991,2.1486923e-07,0.0066020484,5.165952e-07,0.00017574015
L-BFGS-B,5992,2.1444474e-07,0.006595783,5.170782e-07,0.00017568626
L-BFGS-B,5993,2.1472083e-07,0.006594014,5.1643514e-07,0.00017561353
L-BFGS-B,5994,2.1482688e-07,0.0065935953,5.158518e-07,0.00017553776
L-BFGS-B,5995,2.1574829e-07,0.0066097295,5.133279e-07,0.00017545873
L-BFGS-B,5996,2.15394e-07,0.0066155796,5.1273986e-07,0.00017537587
L-BFGS-B,5997,2.153561e-07,0.006609827,5.127616e-07,0.00017531592
L-BFGS-B,5998,2.1541744e-07,0.0066034207,5.129236e-07,0.00017528536
L-BFGS-B,5999,2.1536627e-07,0.006602953,5.128824e-07,0.00017526685
L-BFGS-B,6000,2.1539881e-07,0.006604307,5.1263856e-07,0.00017524867
L-BFGS-B,6001,2.1542773e-07,0.0066036936,5.125598e-07,0.00017523507
L-BFGS-B,6002,2.154633e-07,0.0066056135,5.122799e-07,0.00017521762
L-BFGS-B,6003,2.1548739e-07,0.0066095004,5.1181877e-07,0.00017519091
L-BFGS-B,6004,2.1549282e-07,0.006619555,5.109317e-07,0.00017515922
L-BFGS-B,6005,2.2523413e-07,0.006876278,5.4422543e-07,0.00018418171
L-BFGS-B,6006,2.1544197e-07,0.0066145244,5.1128626e-07,0.00017515448
L-BFGS-B,6007,2.1536967e-07,0.0066170758,5.1104007e-07,0.00017513221
L-BFGS-B,6008,2.1528399e-07,0.0066150394,5.11157e-07,0.00017511654
L-BFGS-B,6009,2.1515744e-07,0.0066159912,5.111423e-07,0.00017510487
L-BFGS-B,6010,2.1497601e-07,0.0066132857,5.1142024e-07,0.00017509228
L-BFGS-B,6011,2.1465766e-07,0.0066039334,5.1218876e-07,0.00017506629
L-BFGS-B,6012,2.144829e-07,0.006591458,5.129519e-07,0.0001750298
L-BFGS-B,6013,2.1414849e-07,0.006548923,5.1571556e-07,0.00017496882
L-BFGS-B,6014,2.1409343e-07,0.006542005,5.158891e-07,0.00017491743
L-BFGS-B,6015,2.1416834e-07,0.0065430426,5.1552104e-07,0.00017488384
L-BFGS-B,6016,2.1437943e-07,0.0065439525,5.150207e-07,0.00017484954
L-BFGS-B,6017,2.1452807e-07,0.0065515256,5.142522e-07,0.0001748323
L-BFGS-B,6018,2.1459871e-07,0.0065528923,5.138885e-07,0.000174802
L-BFGS-B,6019,2.1457612e-07,0.0065527908,5.1361576e-07,0.00017475669
L-BFGS-B,6020,2.143271e-07,0.0065473826,5.1401526e-07,0.00017472518
L-BFGS-B,6021,2.142232e-07,0.006550171,5.1377447e-07,0.00017470136
L-BFGS-B,6022,2.1400596e-07,0.0065485137,5.13958e-07,0.00017467974
L-BFGS-B,6023,2.141824e-07,0.0065732365,5.12102e-07,0.00017467502
L-BFGS-B,6024,2.1408266e-07,0.00656099,5.128955e-07,0.00017465663
L-BFGS-B,6025,2.1381332e-07,0.006508126,5.178354e-07,0.00017482857
L-BFGS-B,6026,2.1393976e-07,0.0065448782,5.139345e-07,0.00017462991
L-BFGS-B,6027,2.1627079e-07,0.0065358905,5.158931e-07,0.0001751835
L-BFGS-B,6028,2.1412701e-07,0.0065358286,5.141621e-07,0.00017460165
L-BFGS-B,6029,2.1417743e-07,0.0065209055,5.1479867e-07,0.00017455546
L-BFGS-B,6030,2.1453191e-07,0.006516551,5.145697e-07,0.00017453075
L-BFGS-B,6031,2.1461028e-07,0.006522037,5.140008e-07,0.00017451204
L-BFGS-B,6032,2.1464818e-07,0.0065279305,5.134687e-07,0.00017449683
L-BFGS-B,6033,2.145277e-07,0.0065291957,5.134423e-07,0.00017448745
L-BFGS-B,6034,2.1445096e-07,0.00653119,5.133473e-07,0.00017448163
L-BFGS-B,6035,2.144287e-07,0.0065325242,5.132413e-07,0.00017447575
L-BFGS-B,6036,2.1438385e-07,0.0065355413,5.129925e-07,0.00017446185
L-BFGS-B,6037,2.1442035e-07,0.0065373583,5.127401e-07,0.00017444766
L-BFGS-B,6038,2.1442737e-07,0.006535215,5.1278175e-07,0.00017443352
L-BFGS-B,6039,2.144614e-07,0.006539061,5.124374e-07,0.00017442543
L-BFGS-B,6040,2.1450495e-07,0.006536534,5.125355e-07,0.00017442141
L-BFGS-B,6041,2.1437033e-07,0.006537133,5.1262515e-07,0.00017442065
L-BFGS-B,6042,2.1412507e-07,0.006523259,5.1409756e-07,0.000174466
L-BFGS-B,6043,2.1432827e-07,0.0065347073,5.1282575e-07,0.00017442017
L-BFGS-B,6044,2.1440371e-07,0.006536507,5.125923e-07,0.00017441447
L-BFGS-B,6045,2.1446142e-07,0.006538621,5.123712e-07,0.0001744111
L-BFGS-B,6046,2.1451257e-07,0.0065417164,5.120682e-07,0.00017440428
L-BFGS-B,6047,2.145129e-07,0.0065416214,5.1203085e-07,0.00017439778
L-BFGS-B,6048,2.1452529e-07,0.0065436154,5.120479e-07,0.00017442214
L-BFGS-B,6049,2.1451093e-07,0.0065418966,5.1199936e-07,0.0001743955
L-BFGS-B,6050,2.1448331e-07,0.0065377625,5.12242e-07,0.00017438643
L-BFGS-B,6051,2.1457458e-07,0.006525786,5.129247e-07,0.00017438276
L-BFGS-B,6052,2.1457572e-07,0.00652639,5.1278914e-07,0.00017436863
L-BFGS-B,6053,2.1462664e-07,0.006527578,5.1258525e-07,0.00017435756
L-BFGS-B,6054,2.1497415e-07,0.0065240785,5.122185e-07,0.00017431968
L-BFGS-B,6055,2.1508855e-07,0.006514038,5.1259025e-07,0.00017429219
L-BFGS-B,6056,2.1547106e-07,0.006512227,5.1202005e-07,0.00017424594
L-BFGS-B,6057,2.156267e-07,0.0065093585,5.1181036e-07,0.00017420914
L-BFGS-B,6058,2.161647e-07,0.006520375,5.1028337e-07,0.00017417096
L-BFGS-B,6059,2.3341273e-07,0.006883404,5.0509067e-07,0.00017960956
L-BFGS-B,6060,2.164514e-07,0.0065260106,5.09452e-07,0.0001741456
L-BFGS-B,6061,2.159469e-07,0.006524355,5.095704e-07,0.00017407115
L-BFGS-B,6062,2.158823e-07,0.0065144673,5.100963e-07,0.00017404146
L-BFGS-B,6063,2.158268e-07,0.0065133455,5.1005065e-07,0.00017401508
L-BFGS-B,6064,2.158795e-07,0.0065164417,5.096695e-07,0.00017399677
L-BFGS-B,6065,2.1591522e-07,0.006517334,5.094753e-07,0.00017398191
L-BFGS-B,6066,2.1601058e-07,0.0065210667,5.089906e-07,0.00017396084
L-BFGS-B,6067,2.2685707e-07,0.0068353387,5.022741e-07,0.00017772306
L-BFGS-B,6068,2.161036e-07,0.0065248576,5.086246e-07,0.00017395781
L-BFGS-B,6069,2.1612779e-07,0.0065290085,5.082309e-07,0.0001739439
L-BFGS-B,6070,2.1621e-07,0.006534308,5.076815e-07,0.0001739268
L-BFGS-B,6071,2.1643997e-07,0.006537,5.071485e-07,0.00017390827
L-BFGS-B,6072,2.1660186e-07,0.006541433,5.065813e-07,0.0001738918
L-BFGS-B,6073,2.1661634e-07,0.0065520103,5.056282e-07,0.00017385677
L-BFGS-B,6074,2.17429e-07,0.0065523605,5.047384e-07,0.0001738487
L-BFGS-B,6075,2.1700858e-07,0.0065516746,5.0512944e-07,0.00017383744
L-BFGS-B,6076,2.1717368e-07,0.0065462575,5.0507333e-07,0.00017379962
L-BFGS-B,6077,2.1721975e-07,0.0065253167,5.0605445e-07,0.00017374431
L-BFGS-B,6078,2.173212e-07,0.0065003033,5.07588e-07,0.00017373942
L-BFGS-B,6079,2.1721834e-07,0.0065108137,5.067383e-07,0.00017370164
L-BFGS-B,6080,2.1744935e-07,0.00649634,5.0706893e-07,0.00017364115
L-BFGS-B,6081,2.1694493e-07,0.0064644064,5.091914e-07,0.0001735645
L-BFGS-B,6082,2.1654826e-07,0.0064421576,5.10817e-07,0.00017352636
L-BFGS-B,6083,2.1685283e-07,0.0064269234,5.112592e-07,0.00017348604
L-BFGS-B,6084,2.1708541e-07,0.0064318147,5.1053e-07,0.00017346046
L-BFGS-B,6085,2.1709354e-07,0.0064419387,5.096262e-07,0.00017342735
L-BFGS-B,6086,2.174379e-07,0.0064545157,5.0830755e-07,0.00017340697
L-BFGS-B,6087,2.1749402e-07,0.006460379,5.0776316e-07,0.00017339237
L-BFGS-B,6088,2.1765099e-07,0.0064583374,5.0765567e-07,0.00017337938
L-BFGS-B,6089,2.1771481e-07,0.006451106,5.079691e-07,0.00017336366
L-BFGS-B,6090,2.1754695e-07,0.006447192,5.0832267e-07,0.00017335237
L-BFGS-B,6091,2.1740965e-07,0.0064314306,5.093508e-07,0.00017332837
L-BFGS-B,6092,2.172671e-07,0.006426299,5.097043e-07,0.0001733087
L-BFGS-B,6093,2.1711514e-07,0.006418355,5.1020606e-07,0.00017328172
L-BFGS-B,6094,2.1680599e-07,0.006412083,5.105788e-07,0.00017322853
L-BFGS-B,6095,2.1695342e-07,0.006389313,5.1193155e-07,0.00017322587
L-BFGS-B,6096,2.1686033e-07,0.0063994024,5.1122686e-07,0.00017320711
L-BFGS-B,6097,2.1694134e-07,0.006409201,5.102884e-07,0.00017317646
L-BFGS-B,6098,2.1692053e-07,0.006417043,5.095515e-07,0.00017314123
L-BFGS-B,6099,2.1725646e-07,0.006423991,5.085817e-07,0.00017311564
L-BFGS-B,6100,2.1702925e-07,0.0064198426,5.0880465e-07,0.00017307351
L-BFGS-B,6101,2.1675426e-07,0.006404053,5.0972267e-07,0.00017301206
L-BFGS-B,6102,2.1643689e-07,0.0064018923,5.0983834e-07,0.00017296021
L-BFGS-B,6103,2.1632829e-07,0.0063980664,5.098026e-07,0.0001729003
L-BFGS-B,6104,2.1634695e-07,0.006407688,5.0864315e-07,0.00017282538
L-BFGS-B,6105,2.1648962e-07,0.006413678,5.0783126e-07,0.00017278492
L-BFGS-B,6106,2.167316e-07,0.0064166575,5.0714107e-07,0.00017274747
L-BFGS-B,6107,2.1690033e-07,0.006418665,5.066122e-07,0.00017271354
L-BFGS-B,6108,2.169652e-07,0.006407704,5.0700595e-07,0.0001726727
L-BFGS-B,6109,2.1696162e-07,0.006429922,5.057483e-07,0.00017270571
L-BFGS-B,6110,2.169156e-07,0.006416078,5.0625596e-07,0.00017263652
L-BFGS-B,6111,2.1680054e-07,0.0064142714,5.061245e-07,0.00017258147
L-BFGS-B,6112,2.1651756e-07,0.0064044073,5.065171e-07,0.00017249928
L-BFGS-B,6113,2.1657692e-07,0.006401717,5.0638334e-07,0.00017246121
L-BFGS-B,6114,2.1667513e-07,0.0064116023,5.0530616e-07,0.00017241322
L-BFGS-B,6115,2.1690141e-07,0.0064147185,5.0464774e-07,0.00017237957
L-BFGS-B,6116,2.169665e-07,0.006419631,5.040308e-07,0.00017234591
L-BFGS-B,6117,2.1713129e-07,0.006416902,5.0377247e-07,0.00017230459
L-BFGS-B,6118,2.1837835e-07,0.0064820666,4.9923403e-07,0.00017246252
L-BFGS-B,6119,2.173617e-07,0.0064306273,5.0250736e-07,0.00017228664
L-BFGS-B,6120,2.1729177e-07,0.0064241616,5.0267863e-07,0.00017223717
L-BFGS-B,6121,2.1732905e-07,0.0064168754,5.027891e-07,0.00017218647
L-BFGS-B,6122,2.1723402e-07,0.006407052,5.032369e-07,0.00017214115
L-BFGS-B,6123,2.17191e-07,0.006409567,5.027454e-07,0.00017208612
L-BFGS-B,6124,2.1745254e-07,0.0064171716,5.016991e-07,0.00017204446
L-BFGS-B,6125,2.17647e-07,0.0064256876,5.007662e-07,0.00017201886
L-BFGS-B,6126,2.1791891e-07,0.0064383405,4.998301e-07,0.00017204575
L-BFGS-B,6127,2.1772314e-07,0.006429171,5.0034913e-07,0.00017200255
L-BFGS-B,6128,2.1777997e-07,0.0064295055,5.001166e-07,0.00017197954
L-BFGS-B,6129,2.177958e-07,0.006434086,4.9958385e-07,0.0001719478
L-BFGS-B,6130,2.1770285e-07,0.0064493404,4.983261e-07,0.00017189774
L-BFGS-B,6131,2.1762095e-07,0.0064569926,4.975024e-07,0.00017183843
L-BFGS-B,6132,2.1760913e-07,0.006475978,4.956174e-07,0.00017174377
L-BFGS-B,6133,2.1753847e-07,0.006475507,4.951334e-07,0.00017165585
L-BFGS-B,6134,2.1797567e-07,0.006483161,4.936597e-07,0.00017157692
L-BFGS-B,6135,2.1855416e-07,0.0064802007,4.926588e-07,0.00017148395
L-BFGS-B,6136,2.1926677e-07,0.0064843926,4.911721e-07,0.00017140975
L-BFGS-B,6137,2.1937515e-07,0.006473722,4.913179e-07,0.00017134118
L-BFGS-B,6138,2.1907267e-07,0.006465271,4.917682e-07,0.00017127884
L-BFGS-B,6139,2.1883974e-07,0.0064650076,4.917368e-07,0.00017123655
L-BFGS-B,6140,2.1818327e-07,0.006459682,4.9246876e-07,0.00017119462
L-BFGS-B,6141,2.1795249e-07,0.006452592,4.9288207e-07,0.0001711511
L-BFGS-B,6142,2.1748158e-07,0.0064407806,4.936014e-07,0.00017107025
L-BFGS-B,6143,2.1798307e-07,0.0064303344,4.933942e-07,0.00017100995
L-BFGS-B,6144,2.1797203e-07,0.0064381137,4.9234563e-07,0.00017092878
L-BFGS-B,6145,2.179648e-07,0.006429014,4.9234535e-07,0.00017083666
L-BFGS-B,6146,2.1798915e-07,0.006405608,4.9349353e-07,0.00017077848
L-BFGS-B,6147,2.1801812e-07,0.006409398,4.92839e-07,0.00017072255
L-BFGS-B,6148,2.1802731e-07,0.006415899,4.920045e-07,0.00017066376
L-BFGS-B,6149,2.1801162e-07,0.00641624,4.9165874e-07,0.00017061294
L-BFGS-B,6150,2.80086e-07,0.010893151,5.491368e-07,0.00023331493
L-BFGS-B,6151,2.1770778e-07,0.0064227493,4.922611e-07,0.00017072282
L-BFGS-B,6152,2.178871e-07,0.0064163757,4.916755e-07,0.00017059816
L-BFGS-B,6153,2.1756546e-07,0.006411243,4.920006e-07,0.00017054734
L-BFGS-B,6154,2.1735357e-07,0.0063950284,4.929033e-07,0.00017048881
L-BFGS-B,6155,2.1692276e-07,0.0063810484,4.94015e-07,0.00017045115
L-BFGS-B,6156,2.1689102e-07,0.0063733216,4.943772e-07,0.00017042345
L-BFGS-B,6157,2.1685774e-07,0.0063737137,4.9420646e-07,0.00017039676
L-BFGS-B,6158,2.1676293e-07,0.0063756243,4.940522e-07,0.00017037851
L-BFGS-B,6159,2.1671622e-07,0.0063782195,4.938143e-07,0.00017036177
L-BFGS-B,6160,2.1666804e-07,0.006379238,4.937054e-07,0.00017034839
L-BFGS-B,6161,2.1675032e-07,0.006377103,4.9366804e-07,0.00017033378
L-BFGS-B,6162,2.1678345e-07,0.0063754544,4.936732e-07,0.00017032304
L-BFGS-B,6163,2.1684309e-07,0.006371339,4.938183e-07,0.00017031259
L-BFGS-B,6164,2.1694214e-07,0.006368986,4.9380486e-07,0.00017030191
L-BFGS-B,6165,2.1700264e-07,0.006364374,4.9396647e-07,0.0001702891
L-BFGS-B,6166,2.1712893e-07,0.0063607693,4.9400177e-07,0.0001702773
L-BFGS-B,6167,2.1719069e-07,0.006358722,4.9399154e-07,0.00017026455
L-BFGS-B,6168,2.1736184e-07,0.0063587166,4.9375217e-07,0.00017025426
L-BFGS-B,6169,2.174367e-07,0.0063600945,4.9352883e-07,0.00017024577
L-BFGS-B,6170,2.1755143e-07,0.006363098,4.931505e-07,0.00017023626
L-BFGS-B,6171,2.1763547e-07,0.0063685453,4.926304e-07,0.00017022534
L-BFGS-B,6172,2.1778783e-07,0.006374851,4.9198076e-07,0.0001702138
L-BFGS-B,6173,2.1782087e-07,0.0063795308,4.91578e-07,0.00017020514
L-BFGS-B,6174,2.178822e-07,0.006386362,4.910131e-07,0.00017019792
L-BFGS-B,6175,2.1808569e-07,0.0064227907,4.888277e-07,0.00017026492
L-BFGS-B,6176,2.1789991e-07,0.0063910205,4.9067614e-07,0.00017019661
L-BFGS-B,6177,2.1767652e-07,0.006400062,4.904495e-07,0.00017021951
L-BFGS-B,6178,2.1780824e-07,0.006393753,4.905228e-07,0.00017018718
L-BFGS-B,6179,2.1854437e-07,0.0064103394,4.897607e-07,0.00017034914
L-BFGS-B,6180,2.1789123e-07,0.006395135,4.9030604e-07,0.00017018094
L-BFGS-B,6181,2.1782628e-07,0.0063940007,4.903917e-07,0.0001701727
L-BFGS-B,6182,2.1785553e-07,0.0063963914,4.900406e-07,0.00017014833
L-BFGS-B,6183,2.177226e-07,0.0063930666,4.90315e-07,0.0001701363
L-BFGS-B,6184,2.196094e-07,0.0064402195,4.871575e-07,0.00017041722
L-BFGS-B,6185,2.1789245e-07,0.006397157,4.8984754e-07,0.00017013257
L-BFGS-B,6186,2.1806996e-07,0.006399925,4.893754e-07,0.00017011605
L-BFGS-B,6187,2.1842003e-07,0.0064119394,4.879727e-07,0.0001700783
L-BFGS-B,6188,2.1847586e-07,0.006406122,4.8815764e-07,0.00017005624
L-BFGS-B,6189,2.1841488e-07,0.006400696,4.884343e-07,0.00017003433
L-BFGS-B,6190,2.1864051e-07,0.0064105717,4.8780373e-07,0.00017007237
L-BFGS-B,6191,2.1845307e-07,0.0064028506,4.882072e-07,0.00017002755
L-BFGS-B,6192,2.437848e-07,0.0068484745,5.1868903e-07,0.00018285582
L-BFGS-B,6193,2.186737e-07,0.0063949213,4.884592e-07,0.00017001915
L-BFGS-B,6194,2.1837074e-07,0.006391333,4.889116e-07,0.00017000569
L-BFGS-B,6195,2.1809544e-07,0.0063893492,4.8926375e-07,0.00016999737
L-BFGS-B,6196,2.1795653e-07,0.0063879495,4.894429e-07,0.00016998942
L-BFGS-B,6197,2.1791323e-07,0.006388382,4.8940075e-07,0.00016998092
L-BFGS-B,6198,2.181109e-07,0.00638843,4.8914455e-07,0.00016997261
L-BFGS-B,6199,2.18163e-07,0.006391942,4.887914e-07,0.00016996257
L-BFGS-B,6200,2.1819369e-07,0.006395196,4.884671e-07,0.00016995108
L-BFGS-B,6201,2.1844558e-07,0.006394502,4.88228e-07,0.00016994606
L-BFGS-B,6202,2.1834278e-07,0.0063925674,4.8837626e-07,0.00016993353
L-BFGS-B,6203,2.18364e-07,0.0063938685,4.88264e-07,0.00016993289
L-BFGS-B,6204,2.1835469e-07,0.0063932086,4.883014e-07,0.0001699305
L-BFGS-B,6205,2.1820766e-07,0.0063813888,4.891755e-07,0.00016992136
L-BFGS-B,6206,2.1820838e-07,0.006376194,4.8948607e-07,0.00016991611
L-BFGS-B,6207,2.1817216e-07,0.0063704182,4.898473e-07,0.0001699071
L-BFGS-B,6208,2.1818789e-07,0.006366137,4.9009225e-07,0.00016990339
L-BFGS-B,6209,2.1822306e-07,0.006364288,4.9015944e-07,0.00016990025
L-BFGS-B,6210,2.1830304e-07,0.0063646054,4.9002847e-07,0.00016989578
L-BFGS-B,6211,2.1839095e-07,0.0063669435,4.8974596e-07,0.00016988997
L-BFGS-B,6212,2.1848986e-07,0.006371681,4.8926967e-07,0.00016988075
L-BFGS-B,6213,2.1854251e-07,0.0063770916,4.887703e-07,0.00016986784
L-BFGS-B,6214,2.1839801e-07,0.0063868724,4.891724e-07,0.00017000429
L-BFGS-B,6215,2.1851203e-07,0.0063774544,4.8875813e-07,0.00016986506
L-BFGS-B,6216,2.1851109e-07,0.0063805403,4.884649e-07,0.00016985179
L-BFGS-B,6217,2.1845996e-07,0.006387259,4.8796903e-07,0.00016983695
L-BFGS-B,6218,2.1838873e-07,0.0063804765,4.8842463e-07,0.00016982677
L-BFGS-B,6219,2.1835827e-07,0.006377034,4.886382e-07,0.0001698198
L-BFGS-B,6220,2.1835439e-07,0.006373229,4.8883373e-07,0.00016981052
L-BFGS-B,6221,2.1838221e-07,0.006374332,4.887109e-07,0.00016980729
L-BFGS-B,6222,2.1839338e-07,0.0063765096,4.885214e-07,0.00016980231
L-BFGS-B,6223,2.184417e-07,0.006375674,4.88511e-07,0.00016979965
L-BFGS-B,6224,2.1807757e-07,0.00640142,4.8775615e-07,0.00016988926
L-BFGS-B,6225,2.1837758e-07,0.0063786623,4.883598e-07,0.00016979722
L-BFGS-B,6226,2.183523e-07,0.006376951,4.884768e-07,0.00016979387
L-BFGS-B,6227,2.182391e-07,0.0063711153,4.8889046e-07,0.00016978059
L-BFGS-B,6228,2.1831377e-07,0.006369231,4.889043e-07,0.00016977501
L-BFGS-B,6229,2.1822325e-07,0.006365301,4.894234e-07,0.00016980001
L-BFGS-B,6230,2.1827204e-07,0.006367258,4.890292e-07,0.00016976777
L-BFGS-B,6231,2.1835613e-07,0.0063686483,4.887869e-07,0.00016975793
L-BFGS-B,6232,2.1860677e-07,0.0063745533,4.8803776e-07,0.00016974221
L-BFGS-B,6233,2.1861518e-07,0.006374817,4.8797233e-07,0.0001697363
L-BFGS-B,6234,2.1866336e-07,0.0063753068,4.877726e-07,0.00016971846
L-BFGS-B,6235,2.1862704e-07,0.0063720867,4.878963e-07,0.00016969937
L-BFGS-B,6236,2.1880749e-07,0.0063785543,4.871035e-07,0.00016967219
L-BFGS-B,6237,2.1943319e-07,0.0063979775,4.877703e-07,0.00017006029
L-BFGS-B,6238,2.1881195e-07,0.0063787396,4.8704396e-07,0.00016966579
L-BFGS-B,6239,2.1880706e-07,0.0063817725,4.86713e-07,0.00016964573
L-BFGS-B,6240,2.1902224e-07,0.0063867224,4.8606415e-07,0.00016963018
L-BFGS-B,6241,2.1904728e-07,0.0063877082,4.859299e-07,0.00016962366
L-BFGS-B,6242,2.1887772e-07,0.0063877893,4.8605034e-07,0.00016961711
L-BFGS-B,6243,2.1898119e-07,0.006388426,4.8581234e-07,0.00016960327
L-BFGS-B,6244,2.1905011e-07,0.006389493,4.8561185e-07,0.00016959422
L-BFGS-B,6245,2.191906e-07,0.006393292,4.8510225e-07,0.00016957684
L-BFGS-B,6246,2.1959293e-07,0.0064009,4.8413153e-07,0.00016956768
L-BFGS-B,6247,2.1991013e-07,0.0064207236,4.825658e-07,0.00016957862
L-BFGS-B,6248,2.1970509e-07,0.006408859,4.833453e-07,0.00016954614
L-BFGS-B,6249,2.1956046e-07,0.0064109685,4.832008e-07,0.00016952388
L-BFGS-B,6250,2.195617e-07,0.006413691,4.8285636e-07,0.00016949963
L-BFGS-B,6251,2.1960719e-07,0.0064169946,4.825021e-07,0.00016948635
L-BFGS-B,6252,2.1958608e-07,0.006412628,4.8277434e-07,0.00016948034
L-BFGS-B,6253,2.1959046e-07,0.006409809,4.8290667e-07,0.00016947265
L-BFGS-B,6254,2.1954092e-07,0.006404263,4.8324614e-07,0.00016946069
L-BFGS-B,6255,2.1955672e-07,0.006402561,4.8328326e-07,0.00016945161
L-BFGS-B,6256,2.1958361e-07,0.00640025,4.832742e-07,0.00016943118
L-BFGS-B,6257,2.1932367e-07,0.0064176056,4.8612446e-07,0.00016999328
L-BFGS-B,6258,2.1947407e-07,0.006399793,4.8338353e-07,0.00016942657
L-BFGS-B,6259,2.1889358e-07,0.006384655,4.8508286e-07,0.00016944301
L-BFGS-B,6260,2.1917536e-07,0.0063913786,4.840454e-07,0.0001693969
L-BFGS-B,6261,2.1927198e-07,0.0063900347,4.838401e-07,0.00016936715
L-BFGS-B,6262,2.1895254e-07,0.0063838265,4.843661e-07,0.00016933607
L-BFGS-B,6263,2.1867268e-07,0.006375196,4.849988e-07,0.00016930269
L-BFGS-B,6264,2.183537e-07,0.0063643353,4.8584644e-07,0.00016927338
L-BFGS-B,6265,2.1797598e-07,0.0063490723,4.872678e-07,0.00016927728
L-BFGS-B,6266,2.1813756e-07,0.0063557383,4.865015e-07,0.00016925324
L-BFGS-B,6267,2.1790116e-07,0.0063436045,4.872214e-07,0.00016920443
L-BFGS-B,6268,2.1792404e-07,0.0063356725,4.874464e-07,0.00016916229
L-BFGS-B,6269,2.1801306e-07,0.0063274466,4.875639e-07,0.00016911101
L-BFGS-B,6270,2.1888938e-07,0.006325819,4.865086e-07,0.00016906788
L-BFGS-B,6271,2.19093e-07,0.0063249595,4.859712e-07,0.00016900923
L-BFGS-B,6272,2.191859e-07,0.00631924,4.859772e-07,0.00016896686
L-BFGS-B,6273,2.1942652e-07,0.006313205,4.8576777e-07,0.0001689112
L-BFGS-B,6274,2.19389e-07,0.0063087703,4.860028e-07,0.00016889648
L-BFGS-B,6275,2.1906624e-07,0.006296194,4.870209e-07,0.000168875
L-BFGS-B,6276,2.1890754e-07,0.0063067945,4.879643e-07,0.00016909873
L-BFGS-B,6277,2.1904155e-07,0.006296998,4.869416e-07,0.00016886744
L-BFGS-B,6278,2.1852159e-07,0.00626601,4.893393e-07,0.00016883924
L-BFGS-B,6279,2.1875582e-07,0.006277181,4.8821727e-07,0.00016881779
L-BFGS-B,6280,2.1898691e-07,0.0062838383,4.874139e-07,0.00016879849
L-BFGS-B,6281,2.1928786e-07,0.0062937913,4.8625947e-07,0.00016877001
L-BFGS-B,6282,2.194038e-07,0.0062998976,4.8551294e-07,0.0001687365
L-BFGS-B,6283,2.1908045e-07,0.006308349,4.850063e-07,0.0001686965
L-BFGS-B,6284,2.18966e-07,0.006301226,4.854859e-07,0.00016868004
L-BFGS-B,6285,2.1824104e-07,0.0062990948,4.862628e-07,0.00016866653
L-BFGS-B,6286,2.1837269e-07,0.0062965336,4.8610127e-07,0.00016863644
L-BFGS-B,6287,2.1840293e-07,0.006291025,4.863371e-07,0.00016862126
L-BFGS-B,6288,2.1832709e-07,0.0062837875,4.8672456e-07,0.00016859562
L-BFGS-B,6289,2.18231e-07,0.006282269,4.867526e-07,0.00016857023
L-BFGS-B,6290,2.181217e-07,0.006287075,4.8639043e-07,0.00016854756
L-BFGS-B,6291,2.1822905e-07,0.0062903543,4.860404e-07,0.00016854395
L-BFGS-B,6292,2.1821482e-07,0.0062994175,4.8534736e-07,0.0001685285
L-BFGS-B,6293,2.1815576e-07,0.006297297,4.854637e-07,0.0001685159
L-BFGS-B,6294,2.1816285e-07,0.0062977904,4.853152e-07,0.00016849961
L-BFGS-B,6295,2.1742844e-07,0.0063087554,4.901725e-07,0.0001692277
L-BFGS-B,6296,2.1798296e-07,0.006295038,4.8558735e-07,0.00016848592
L-BFGS-B,6297,2.1795438e-07,0.006297132,4.852836e-07,0.00016845702
L-BFGS-B,6298,2.1784518e-07,0.0062992955,4.8512595e-07,0.00016843862
L-BFGS-B,6299,2.1769131e-07,0.0062993704,4.851543e-07,0.00016842055
L-BFGS-B,6300,2.1759729e-07,0.0062994994,4.8513294e-07,0.00016840454
L-BFGS-B,6301,2.1714966e-07,0.0063026305,4.8540954e-07,0.00016841019
L-BFGS-B,6302,2.173736e-07,0.0063002002,4.852081e-07,0.00016838926
L-BFGS-B,6303,2.1723167e-07,0.00630216,4.8508014e-07,0.00016836837
L-BFGS-B,6304,2.1727023e-07,0.0063008694,4.850295e-07,0.00016835365
L-BFGS-B,6305,2.1723991e-07,0.006299607,4.8504944e-07,0.00016833947
L-BFGS-B,6306,2.1710673e-07,0.006297596,4.851312e-07,0.00016831164
L-BFGS-B,6307,2.169398e-07,0.0062998557,4.849611e-07,0.00016828369
L-BFGS-B,6308,2.1634746e-07,0.006296448,4.8588345e-07,0.00016829913
L-BFGS-B,6309,2.1666476e-07,0.006297892,4.852359e-07,0.00016826403
L-BFGS-B,6310,2.1795438e-07,0.006331345,4.854205e-07,0.00016881968
L-BFGS-B,6311,2.1674839e-07,0.0062980545,4.850959e-07,0.00016825719
L-BFGS-B,6312,2.1679202e-07,0.0063094543,4.8407884e-07,0.00016822518
L-BFGS-B,6313,2.1660203e-07,0.006305289,4.8436084e-07,0.00016819732
L-BFGS-B,6314,2.1649444e-07,0.0063020377,4.8458105e-07,0.0001681817
L-BFGS-B,6315,2.1634943e-07,0.0062981085,4.84846e-07,0.00016816039
L-BFGS-B,6316,2.1618062e-07,0.0062922975,4.851792e-07,0.00016812695
L-BFGS-B,6317,2.160022e-07,0.0062872213,4.8546025e-07,0.00016809157
L-BFGS-B,6318,2.1585996e-07,0.006286598,4.8536873e-07,0.00016805029
L-BFGS-B,6319,2.155426e-07,0.006284682,4.8529654e-07,0.0001679727
L-BFGS-B,6320,2.1532557e-07,0.0062867817,4.851323e-07,0.0001679365
L-BFGS-B,6321,2.1580283e-07,0.0063170446,4.837304e-07,0.00016810044
L-BFGS-B,6322,2.15374e-07,0.006291186,4.8471276e-07,0.00016792487
L-BFGS-B,6323,2.150383e-07,0.006284011,4.854024e-07,0.00016790621
L-BFGS-B,6324,2.1517901e-07,0.006288822,4.8474385e-07,0.00016787666
L-BFGS-B,6325,2.1509561e-07,0.00629053,4.8454376e-07,0.0001678512
L-BFGS-B,6326,2.1536462e-07,0.0062926123,4.8398766e-07,0.00016782896
L-BFGS-B,6327,2.1528894e-07,0.0062929136,4.839306e-07,0.00016781206
L-BFGS-B,6328,2.150902e-07,0.0062884176,4.842808e-07,0.00016778981
L-BFGS-B,6329,2.1484092e-07,0.006306109,4.8331503e-07,0.00016778448
L-BFGS-B,6330,2.151146e-07,0.0063866028,4.811345e-07,0.0001683034
L-BFGS-B,6331,2.1479741e-07,0.0063121044,4.8290366e-07,0.0001677762
L-BFGS-B,6332,2.1488252e-07,0.0063092248,4.828717e-07,0.00016775538
L-BFGS-B,6333,2.149262e-07,0.006315788,4.822478e-07,0.00016773398
L-BFGS-B,6334,2.1501793e-07,0.0063310442,4.8108774e-07,0.00016772629
L-BFGS-B,6335,2.1473366e-07,0.006330982,4.8130573e-07,0.00016771571
L-BFGS-B,6336,2.1504519e-07,0.0063415985,4.802756e-07,0.00016771411
L-BFGS-B,6337,2.1488695e-07,0.0063331206,4.809235e-07,0.00016770278
L-BFGS-B,6338,2.1484519e-07,0.0063312687,4.8105454e-07,0.00016769764
L-BFGS-B,6339,2.1487443e-07,0.006326464,4.812437e-07,0.00016768236
L-BFGS-B,6340,2.1512494e-07,0.006325428,4.81029e-07,0.00016767738
L-BFGS-B,6341,2.1502242e-07,0.0063237767,4.81155e-07,0.00016766437
L-BFGS-B,6342,2.1502888e-07,0.0063254847,4.8099713e-07,0.00016765876
L-BFGS-B,6343,2.1504151e-07,0.006327176,4.808121e-07,0.00016764979
L-BFGS-B,6344,2.1508733e-07,0.0063298796,4.8047923e-07,0.00016763377
L-BFGS-B,6345,2.1511102e-07,0.0063350797,4.7993547e-07,0.00016760777
L-BFGS-B,6346,2.1511482e-07,0.0063402746,4.793784e-07,0.00016757673
L-BFGS-B,6347,2.1496236e-07,0.0063256975,4.803533e-07,0.00016755433
L-BFGS-B,6348,2.1489228e-07,0.006331809,4.7975664e-07,0.00016751543
L-BFGS-B,6349,2.1477945e-07,0.0063253054,4.801118e-07,0.00016748672
L-BFGS-B,6350,2.1457367e-07,0.0063081887,4.8127396e-07,0.00016745902
L-BFGS-B,6351,2.145509e-07,0.006303057,4.815733e-07,0.00016744918
L-BFGS-B,6352,2.1454717e-07,0.006299874,4.817336e-07,0.00016744086
L-BFGS-B,6353,2.1468368e-07,0.0063007753,4.8146927e-07,0.0001674307
L-BFGS-B,6354,2.1472337e-07,0.00629967,4.8144574e-07,0.00016742207
L-BFGS-B,6355,2.1502709e-07,0.006308267,4.8051106e-07,0.00016741338
L-BFGS-B,6356,2.1492434e-07,0.006306021,4.8070495e-07,0.0001674046
L-BFGS-B,6357,2.1488445e-07,0.006307067,4.8057706e-07,0.0001673899
L-BFGS-B,6358,2.1490634e-07,0.0063089193,4.802721e-07,0.00016736596
L-BFGS-B,6359,2.1509422e-07,0.0063129896,4.795644e-07,0.00016732869
L-BFGS-B,6360,2.155198e-07,0.006323704,4.7812426e-07,0.00016728364
L-BFGS-B,6361,2.2202659e-07,0.006425766,4.8368906e-07,0.000170115
L-BFGS-B,6362,2.1593425e-07,0.006324822,4.77399e-07,0.00016724822
L-BFGS-B,6363,2.1650635e-07,0.0063229864,4.7661993e-07,0.0001671988
L-BFGS-B,6364,2.1629727e-07,0.0063155005,4.7685455e-07,0.00016712779
L-BFGS-B,6365,2.162173e-07,0.0063100867,4.7690645e-07,0.00016706943
L-BFGS-B,6366,2.1617777e-07,0.0063121794,4.7666018e-07,0.00016704749
L-BFGS-B,6367,2.1598898e-07,0.00630496,4.771691e-07,0.00016702332
L-BFGS-B,6368,2.161292e-07,0.0063123293,4.7653103e-07,0.00016702231
L-BFGS-B,6369,2.1603438e-07,0.00630795,4.768301e-07,0.00016700917
L-BFGS-B,6370,2.1591919e-07,0.0063056513,4.770057e-07,0.00016699525
L-BFGS-B,6371,2.1589835e-07,0.0063011367,4.772195e-07,0.00016697904
L-BFGS-B,6372,2.1616543e-07,0.0063114716,4.763224e-07,0.00016698788
L-BFGS-B,6373,2.1599269e-07,0.0063046818,4.768421e-07,0.00016697204
L-BFGS-B,6374,2.1571718e-07,0.0062897587,4.780217e-07,0.00016695843
L-BFGS-B,6375,2.1593968e-07,0.006292562,4.7747244e-07,0.00016693745
L-BFGS-B,6376,2.1625915e-07,0.0062977,4.7659563e-07,0.00016690523
L-BFGS-B,6377,2.1628728e-07,0.0062955604,4.7654822e-07,0.00016688093
L-BFGS-B,6378,2.1610278e-07,0.0062896856,4.7692515e-07,0.00016685104
L-BFGS-B,6379,2.1592606e-07,0.0062847515,4.772438e-07,0.000166823
L-BFGS-B,6380,2.1538602e-07,0.0062722284,4.7841786e-07,0.00016679287
L-BFGS-B,6381,2.1745909e-07,0.006247724,4.8507206e-07,0.00016785691
L-BFGS-B,6382,2.1546764e-07,0.006265315,4.787301e-07,0.00016678282
L-BFGS-B,6383,2.156501e-07,0.006265273,4.7831617e-07,0.00016674766
L-BFGS-B,6384,2.1556947e-07,0.0062537817,4.7893354e-07,0.00016671326
L-BFGS-B,6385,2.1608227e-07,0.0062677213,4.7782083e-07,0.00016676268
L-BFGS-B,6386,2.156933e-07,0.006256759,4.785314e-07,0.0001667013
L-BFGS-B,6387,2.1568552e-07,0.0062511526,4.787243e-07,0.00016667301
L-BFGS-B,6388,2.1565903e-07,0.0062447116,4.789204e-07,0.00016663402
L-BFGS-B,6389,2.1578089e-07,0.006241556,4.7866814e-07,0.0001665829
L-BFGS-B,6390,2.1589203e-07,0.0062510697,4.775634e-07,0.000166529
L-BFGS-B,6391,2.1593989e-07,0.0062649413,4.7601048e-07,0.00016644197
L-BFGS-B,6392,2.160349e-07,0.006288501,4.7408832e-07,0.0001664035
L-BFGS-B,6393,2.1589153e-07,0.0062785656,4.7467924e-07,0.00016637128
L-BFGS-B,6394,2.1585056e-07,0.0062661627,4.7529656e-07,0.00016633369
L-BFGS-B,6395,2.1574559e-07,0.006254333,4.7585834e-07,0.00016628392
L-BFGS-B,6396,2.1611677e-07,0.006245467,4.755941e-07,0.0001662113
L-BFGS-B,6397,2.1583867e-07,0.0062423963,4.7575708e-07,0.00016616331
L-BFGS-B,6398,2.1622678e-07,0.0062485477,4.747056e-07,0.00016612533
L-BFGS-B,6399,2.1627966e-07,0.0062535554,4.7413687e-07,0.00016609803
L-BFGS-B,6400,2.1617605e-07,0.006258208,4.738725e-07,0.00016608936
L-BFGS-B,6401,2.1613704e-07,0.0062613594,4.73636e-07,0.00016607955
L-BFGS-B,6402,2.1610468e-07,0.006258749,4.7376471e-07,0.0001660679
L-BFGS-B,6403,2.1607619e-07,0.0062562926,4.7390012e-07,0.00016605937
L-BFGS-B,6404,2.1601082e-07,0.0062519507,4.7417836e-07,0.00016604789
L-BFGS-B,6405,2.1591553e-07,0.0062463083,4.7453742e-07,0.00016603104
L-BFGS-B,6406,2.1568242e-07,0.0062317224,4.7553118e-07,0.00016599926
L-BFGS-B,6407,2.1537535e-07,0.006214623,4.7671261e-07,0.00016595941
L-BFGS-B,6408,2.1555205e-07,0.0061553526,4.82086e-07,0.00016619923
L-BFGS-B,6409,2.1540063e-07,0.006201228,4.774752e-07,0.00016594365
L-BFGS-B,6410,2.1473483e-07,0.00613767,4.829652e-07,0.0001660317
L-BFGS-B,6411,2.151573e-07,0.006181287,4.789302e-07,0.000165926
L-BFGS-B,6412,2.1507917e-07,0.006174165,4.79274e-07,0.00016589463
L-BFGS-B,6413,2.1520954e-07,0.00617016,4.792394e-07,0.00016586894
L-BFGS-B,6414,2.1516473e-07,0.00617028,4.7920275e-07,0.00016585793
L-BFGS-B,6415,2.1519676e-07,0.0061622076,4.796211e-07,0.00016584476
L-BFGS-B,6416,2.1528105e-07,0.0061611035,4.7954506e-07,0.00016583495
L-BFGS-B,6417,2.153163e-07,0.0061602,4.7953984e-07,0.00016583042
L-BFGS-B,6418,2.1534872e-07,0.00616056,4.794591e-07,0.00016582677
L-BFGS-B,6419,2.1540673e-07,0.0061610555,4.793429e-07,0.000165823
L-BFGS-B,6420,2.1548506e-07,0.0061608064,4.792559e-07,0.0001658192
L-BFGS-B,6421,2.1559953e-07,0.0061582983,4.7925454e-07,0.0001658111
L-BFGS-B,6422,2.1574823e-07,0.0061511514,4.794847e-07,0.00016579646
L-BFGS-B,6423,2.1580416e-07,0.006136424,4.802801e-07,0.00016577687
L-BFGS-B,6424,2.1583963e-07,0.0061255153,4.8086946e-07,0.0001657615
L-BFGS-B,6425,2.1581936e-07,0.006120492,4.811656e-07,0.00016575266
L-BFGS-B,6426,2.1575917e-07,0.006118832,4.8128464e-07,0.00016574489
L-BFGS-B,6427,2.1599266e-07,0.006117771,4.813452e-07,0.00016577839
L-BFGS-B,6428,2.1580716e-07,0.006118046,4.812572e-07,0.00016574012
L-BFGS-B,6429,2.159247e-07,0.0061250934,4.8059746e-07,0.00016572926
L-BFGS-B,6430,2.1606107e-07,0.0061285305,4.8015045e-07,0.00016571704
L-BFGS-B,6431,2.1701456e-07,0.006138238,4.78964e-07,0.00016577917
L-BFGS-B,6432,2.162848e-07,0.006130215,4.7975556e-07,0.00016570819
L-BFGS-B,6433,2.1701653e-07,0.006146012,4.779625e-07,0.00016570697
L-BFGS-B,6434,2.166432e-07,0.006137633,4.787867e-07,0.00016569081
L-BFGS-B,6435,2.1648634e-07,0.0061352514,4.7900636e-07,0.00016567642
L-BFGS-B,6436,2.1630085e-07,0.006127215,4.7959026e-07,0.0001656558
L-BFGS-B,6437,2.1611908e-07,0.006119649,4.801348e-07,0.00016563457
L-BFGS-B,6438,2.1597916e-07,0.0060911654,4.8201366e-07,0.00016561057
L-BFGS-B,6439,2.1597045e-07,0.0061037596,4.808324e-07,0.00016555801
L-BFGS-B,6440,2.1589153e-07,0.006101901,4.8081984e-07,0.00016552571
L-BFGS-B,6441,2.1611581e-07,0.0061070696,4.800258e-07,0.00016549193
L-BFGS-B,6442,2.1618821e-07,0.0061036726,4.799849e-07,0.0001654627
L-BFGS-B,6443,2.1628544e-07,0.0061025755,4.7974737e-07,0.00016543067
L-BFGS-B,6444,2.1615574e-07,0.0061029685,4.7956746e-07,0.00016538816
L-BFGS-B,6445,2.1654247e-07,0.0061085722,4.787278e-07,0.00016537627
L-BFGS-B,6446,2.1627656e-07,0.0061098984,4.786339e-07,0.00016533556
L-BFGS-B,6447,2.1634673e-07,0.006103755,4.78806e-07,0.00016531046
L-BFGS-B,6448,2.1661101e-07,0.00611041,4.779931e-07,0.00016529471
L-BFGS-B,6449,2.1682851e-07,0.0061004977,4.782749e-07,0.00016527048
L-BFGS-B,6450,2.1710304e-07,0.0060955975,4.7970883e-07,0.00016547776
L-BFGS-B,6451,2.1681147e-07,0.0060981545,4.7836244e-07,0.00016525763
L-BFGS-B,6452,2.167865e-07,0.006092186,4.786449e-07,0.00016523656
L-BFGS-B,6453,2.1713643e-07,0.006092782,4.780562e-07,0.00016520671
L-BFGS-B,6454,2.171216e-07,0.006087966,4.7828405e-07,0.0001651905
L-BFGS-B,6455,2.1702087e-07,0.0060845506,4.785012e-07,0.00016517381
L-BFGS-B,6456,2.1694085e-07,0.0060765664,4.789957e-07,0.00016515615
L-BFGS-B,6457,2.1673324e-07,0.0060724923,4.792864e-07,0.00016512787
L-BFGS-B,6458,2.162886e-07,0.0060649426,4.80023e-07,0.00016509616
L-BFGS-B,6459,2.162769e-07,0.0060823234,4.7869537e-07,0.00016506907
L-BFGS-B,6460,2.1602726e-07,0.006081442,4.789158e-07,0.00016505588
L-BFGS-B,6461,2.1588157e-07,0.006081205,4.790262e-07,0.0001650482
L-BFGS-B,6462,2.1564e-07,0.0060825115,4.790484e-07,0.00016502838
L-BFGS-B,6463,2.1552749e-07,0.0060861595,4.7878285e-07,0.00016500814
L-BFGS-B,6464,2.1528328e-07,0.0060812896,4.797812e-07,0.00016507256
L-BFGS-B,6465,2.1545166e-07,0.0060837767,4.789664e-07,0.00016500047
L-BFGS-B,6466,2.1553109e-07,0.006085872,4.786323e-07,0.00016498323
L-BFGS-B,6467,2.1553781e-07,0.0060777594,4.79005e-07,0.00016495901
L-BFGS-B,6468,2.1568124e-07,0.006069752,4.7922936e-07,0.00016493411
L-BFGS-B,6469,2.1576848e-07,0.006046656,4.804592e-07,0.00016490072
L-BFGS-B,6470,2.1563163e-07,0.006054481,4.7969365e-07,0.0001648436
L-BFGS-B,6471,2.1559498e-07,0.006054428,4.793319e-07,0.0001647833
L-BFGS-B,6472,2.1561458e-07,0.0060529634,4.790438e-07,0.0001647284
L-BFGS-B,6473,2.1605364e-07,0.006045273,4.78482e-07,0.00016463306
L-BFGS-B,6474,2.1598281e-07,0.006051773,4.778234e-07,0.00016458865
L-BFGS-B,6475,2.1605344e-07,0.006055596,4.7720533e-07,0.00016454476
L-BFGS-B,6476,2.1620396e-07,0.0060532307,4.769649e-07,0.00016450763
L-BFGS-B,6477,2.1611764e-07,0.0060521304,4.770342e-07,0.00016449408
L-BFGS-B,6478,2.1601278e-07,0.006032118,4.784279e-07,0.00016448728
L-BFGS-B,6479,2.163146e-07,0.006027458,4.7882037e-07,0.00016454482
L-BFGS-B,6480,2.160748e-07,0.0060291584,4.7846646e-07,0.00016447276
L-BFGS-B,6481,2.1591937e-07,0.0060328213,4.782391e-07,0.00016445198
L-BFGS-B,6482,2.1583406e-07,0.006038424,4.777843e-07,0.000164427
L-BFGS-B,6483,2.1570548e-07,0.0060279956,4.7834004e-07,0.00016438679
L-BFGS-B,6484,2.1595233e-07,0.0060310457,4.776586e-07,0.0001643521
L-BFGS-B,6485,2.1639985e-07,0.0060327793,4.7685296e-07,0.00016431572
L-BFGS-B,6486,2.1675815e-07,0.00603118,4.764182e-07,0.00016428824
L-BFGS-B,6487,2.1701152e-07,0.006040319,4.754392e-07,0.0001642708
L-BFGS-B,6488,2.1710767e-07,0.006041903,4.7516593e-07,0.00016426007
L-BFGS-B,6489,2.1706117e-07,0.0060425554,4.751046e-07,0.00016425042
L-BFGS-B,6490,2.169397e-07,0.006037595,4.7546004e-07,0.00016423591
L-BFGS-B,6491,2.1674242e-07,0.0060295747,4.7606315e-07,0.00016421659
L-BFGS-B,6492,2.1654523e-07,0.006012664,4.7721875e-07,0.00016419124
L-BFGS-B,6493,2.1597123e-07,0.0059394273,4.879027e-07,0.00016497535
L-BFGS-B,6494,2.164212e-07,0.0060045575,4.778527e-07,0.00016418667
L-BFGS-B,6495,2.1627862e-07,0.0059928237,4.785637e-07,0.0001641546
L-BFGS-B,6496,2.1611928e-07,0.0059756986,4.7958827e-07,0.00016411311
L-BFGS-B,6497,2.1616907e-07,0.0059767957,4.792442e-07,0.00016407995
L-BFGS-B,6498,2.1629322e-07,0.0059772595,4.7887613e-07,0.00016404799
L-BFGS-B,6499,2.1651962e-07,0.0059900666,4.775456e-07,0.00016401045
L-BFGS-B,6500,2.1689364e-07,0.006004619,4.759208e-07,0.00016396836
L-BFGS-B,6501,2.1687404e-07,0.006044927,4.732301e-07,0.0001639649
L-BFGS-B,6502,2.1685531e-07,0.0060247728,4.7444786e-07,0.00016394322
L-BFGS-B,6503,2.200035e-07,0.0061146007,4.6827918e-07,0.0001643884
L-BFGS-B,6504,2.173675e-07,0.006036931,4.728789e-07,0.00016390628
L-BFGS-B,6505,2.1750229e-07,0.0060341903,4.7271718e-07,0.00016387482
L-BFGS-B,6506,2.174958e-07,0.0060310448,4.7270123e-07,0.00016384
L-BFGS-B,6507,2.176064e-07,0.006033149,4.7229346e-07,0.00016381647
L-BFGS-B,6508,2.1794598e-07,0.0060424134,4.7113446e-07,0.0001637862
L-BFGS-B,6509,2.1814733e-07,0.0060446532,4.7063793e-07,0.00016376431
L-BFGS-B,6510,2.1843057e-07,0.0060493974,4.6982547e-07,0.00016373239
L-BFGS-B,6511,2.1853724e-07,0.0060454854,4.6977294e-07,0.00016370138
L-BFGS-B,6512,2.1865365e-07,0.006040073,4.697864e-07,0.00016366673
L-BFGS-B,6513,2.18451e-07,0.006036212,4.7011e-07,0.00016364627
L-BFGS-B,6514,2.1749548e-07,0.006009391,4.7288918e-07,0.0001636516
L-BFGS-B,6515,2.1799163e-07,0.0060230666,4.71323e-07,0.00016362785
L-BFGS-B,6516,2.1800295e-07,0.0060203993,4.713126e-07,0.00016360133
L-BFGS-B,6517,2.1790672e-07,0.0060223225,4.7116816e-07,0.00016358445
L-BFGS-B,6518,2.1789377e-07,0.006022819,4.7088903e-07,0.0001635456
L-BFGS-B,6519,2.1790756e-07,0.0060151033,4.7103848e-07,0.00016349294
L-BFGS-B,6520,2.1804128e-07,0.0060080956,4.708598e-07,0.00016341612
L-BFGS-B,6521,2.1821923e-07,0.005991688,4.7128594e-07,0.00016334266
L-BFGS-B,6522,2.1819237e-07,0.0059666876,4.7244762e-07,0.00016326287
L-BFGS-B,6523,2.1859226e-07,0.0059564915,4.7234846e-07,0.00016320603
L-BFGS-B,6524,2.1878093e-07,0.005945787,4.7254767e-07,0.00016315715
L-BFGS-B,6525,2.185583e-07,0.0059346613,4.732439e-07,0.00016311694
L-BFGS-B,6526,2.1872115e-07,0.0059289597,4.7318616e-07,0.00016307569
L-BFGS-B,6527,2.1868368e-07,0.00592804,4.7302086e-07,0.00016303608
L-BFGS-B,6528,2.191014e-07,0.005927591,4.724234e-07,0.00016300463
L-BFGS-B,6529,2.189534e-07,0.0059264367,4.724238e-07,0.00016297094
L-BFGS-B,6530,2.1866781e-07,0.0059190695,4.7300517e-07,0.00016294164
L-BFGS-B,6531,2.1838763e-07,0.0059178267,4.7316578e-07,0.00016291128
L-BFGS-B,6532,2.1816231e-07,0.0059095253,4.7373192e-07,0.00016287938
L-BFGS-B,6533,2.1784882e-07,0.005896286,4.7439852e-07,0.00016279996
L-BFGS-B,6534,2.1744809e-07,0.0058861403,4.7490977e-07,0.00016271508
L-BFGS-B,6535,2.1730116e-07,0.0058762487,4.7497647e-07,0.00016260412
L-BFGS-B,6536,2.1766603e-07,0.0058751325,4.7399232e-07,0.00016250007
L-BFGS-B,6537,2.1714953e-07,0.005871388,4.742283e-07,0.00016242055
L-BFGS-B,6538,2.1774459e-07,0.0058883703,4.7222233e-07,0.00016237874
L-BFGS-B,6539,2.1759425e-07,0.0058712536,4.7299213e-07,0.00016230048
L-BFGS-B,6540,2.1735035e-07,0.0058409018,4.7482376e-07,0.00016223513
L-BFGS-B,6541,2.1723277e-07,0.005828005,4.7531933e-07,0.00016216286
L-BFGS-B,6542,2.1716136e-07,0.0058097322,4.759713e-07,0.00016206721
L-BFGS-B,6543,2.170395e-07,0.005796018,4.7680078e-07,0.00016203622
L-BFGS-B,6544,2.1675143e-07,0.0058091274,4.758126e-07,0.00016197588
L-BFGS-B,6545,2.1686935e-07,0.0058167023,4.7497713e-07,0.00016194399
L-BFGS-B,6546,2.1677322e-07,0.0058138664,4.749708e-07,0.00016190027
L-BFGS-B,6547,2.1687116e-07,0.0058153216,4.7459304e-07,0.00016187284
L-BFGS-B,6548,2.1685011e-07,0.0058036693,4.751304e-07,0.00016183377
L-BFGS-B,6549,2.1707109e-07,0.0057974523,4.748874e-07,0.00016176829
L-BFGS-B,6550,2.172019e-07,0.0058037085,4.7426573e-07,0.00016175723
L-BFGS-B,6551,2.1773208e-07,0.005813037,4.728829e-07,0.00016172262
L-BFGS-B,6552,2.1764808e-07,0.005819956,4.7232527e-07,0.00016169556
L-BFGS-B,6553,2.1740635e-07,0.005817039,4.7255068e-07,0.00016166395
L-BFGS-B,6554,2.1752155e-07,0.0058189896,4.7200288e-07,0.00016161855
L-BFGS-B,6555,2.1736604e-07,0.0058172652,4.719318e-07,0.00016156732
L-BFGS-B,6556,2.1686618e-07,0.0057972823,4.734051e-07,0.00016151351
L-BFGS-B,6557,2.1632535e-07,0.0057811267,4.7481043e-07,0.00016148164
L-BFGS-B,6558,2.162098e-07,0.0057687964,4.7560073e-07,0.00016145955
L-BFGS-B,6559,2.1620801e-07,0.0057643,4.7581236e-07,0.00016144605
L-BFGS-B,6560,2.1602342e-07,0.005776339,4.7552564e-07,0.00016149576
L-BFGS-B,6561,2.1612126e-07,0.0057671005,4.7560204e-07,0.00016142949
L-BFGS-B,6562,2.1594751e-07,0.005768314,4.7553854e-07,0.00016140605
L-BFGS-B,6563,2.1608145e-07,0.0057616485,4.756441e-07,0.00016137531
L-BFGS-B,6564,2.159522e-07,0.005749242,4.7649917e-07,0.00016136012
L-BFGS-B,6565,2.1648002e-07,0.00575339,4.7574272e-07,0.00016136731
L-BFGS-B,6566,2.1617328e-07,0.0057503986,4.7610018e-07,0.000161345
L-BFGS-B,6567,2.1610913e-07,0.0057394644,4.7675843e-07,0.00016132477
L-BFGS-B,6568,2.1596934e-07,0.0057291025,4.7745317e-07,0.0001613044
L-BFGS-B,6569,2.1601103e-07,0.0057267435,4.7747653e-07,0.00016129058
L-BFGS-B,6570,2.1610818e-07,0.005725757,4.7733937e-07,0.0001612747
L-BFGS-B,6571,2.1611795e-07,0.005719737,4.7756174e-07,0.00016124932
L-BFGS-B,6572,2.1635684e-07,0.005714247,4.7745255e-07,0.00016121389
L-BFGS-B,6573,2.1576884e-07,0.005704936,4.7920184e-07,0.00016129497
L-BFGS-B,6574,2.1609492e-07,0.0057088044,4.779096e-07,0.00016118873
L-BFGS-B,6575,2.1631307e-07,0.0057125855,4.7713286e-07,0.00016114274
L-BFGS-B,6576,2.1680728e-07,0.0057144305,4.7598965e-07,0.00016106384
L-BFGS-B,6577,2.1646186e-07,0.005715393,4.7591124e-07,0.0001610099
L-BFGS-B,6578,2.1622427e-07,0.0057153315,4.7594327e-07,0.00016097844
L-BFGS-B,6579,2.158398e-07,0.005714148,4.7620625e-07,0.00016094837
L-BFGS-B,6580,2.1606431e-07,0.0057124025,4.762144e-07,0.00016096584
L-BFGS-B,6581,2.1589659e-07,0.005712861,4.761781e-07,0.00016093982
L-BFGS-B,6582,2.1574829e-07,0.005714128,4.7615436e-07,0.00016092666
L-BFGS-B,6583,2.1592368e-07,0.005722786,4.752884e-07,0.00016090967
L-BFGS-B,6584,2.1558591e-07,0.0057205036,4.755404e-07,0.00016087398
L-BFGS-B,6585,2.1554072e-07,0.005717079,4.7544674e-07,0.0001608189
L-BFGS-B,6586,2.6264254e-07,0.007831324,5.077033e-07,0.00019386511
L-BFGS-B,6587,2.1590503e-07,0.005740168,4.735114e-07,0.00016081415
L-BFGS-B,6588,2.1561074e-07,0.0057100067,4.7488984e-07,0.00016067515
L-BFGS-B,6589,2.1530887e-07,0.005700315,4.7551566e-07,0.00016062683
L-BFGS-B,6590,2.1517516e-07,0.0056865457,4.7633563e-07,0.00016059208
L-BFGS-B,6591,2.1486704e-07,0.005686974,4.7648538e-07,0.0001605726
L-BFGS-B,6592,2.1492062e-07,0.005683444,4.765045e-07,0.0001605482
L-BFGS-B,6593,2.1489303e-07,0.0056783142,4.767026e-07,0.00016052248
L-BFGS-B,6594,2.1494759e-07,0.0056850095,4.7610843e-07,0.0001605085
L-BFGS-B,6595,2.1492001e-07,0.0056954348,4.7531836e-07,0.0001604901
L-BFGS-B,6596,2.1485262e-07,0.0057078605,4.7440693e-07,0.00016046755
L-BFGS-B,6597,2.1407571e-07,0.0057306406,4.7422228e-07,0.0001605511
L-BFGS-B,6598,2.1462844e-07,0.0057122116,4.7426266e-07,0.00016045579
L-BFGS-B,6599,2.1456178e-07,0.005748444,4.718715e-07,0.00016044943
L-BFGS-B,6600,2.1391342e-07,0.0057550506,4.7242452e-07,0.0001605012
L-BFGS-B,6601,2.1424019e-07,0.0057480596,4.7195778e-07,0.00016041029
L-BFGS-B,6602,2.1413835e-07,0.005725542,4.7332435e-07,0.00016037482
L-BFGS-B,6603,2.1392107e-07,0.005712813,4.741258e-07,0.00016033516
L-BFGS-B,6604,2.1406014e-07,0.005730504,4.7260673e-07,0.00016030506
L-BFGS-B,6605,2.1384427e-07,0.0057212966,4.731794e-07,0.00016026651
L-BFGS-B,6606,2.1360259e-07,0.005714748,4.7353512e-07,0.00016021813
L-BFGS-B,6607,2.133769e-07,0.005718835,4.730548e-07,0.00016015311
L-BFGS-B,6608,2.1846044e-07,0.005948001,4.8091727e-07,0.00016438667
L-BFGS-B,6609,2.1325704e-07,0.005725304,4.723893e-07,0.0001601
L-BFGS-B,6610,2.1318833e-07,0.0057314737,4.716576e-07,0.00016004161
L-BFGS-B,6611,2.1343061e-07,0.0057568885,4.6936717e-07,0.00015998856
L-BFGS-B,6612,2.1359364e-07,0.0057627945,4.686031e-07,0.00015995746
L-BFGS-B,6613,2.1372101e-07,0.0057503474,4.6909418e-07,0.00015992575
L-BFGS-B,6614,2.1387534e-07,0.0057507358,4.686558e-07,0.00015988703
L-BFGS-B,6615,2.138875e-07,0.005755611,4.681096e-07,0.00015985567
L-BFGS-B,6616,2.1410418e-07,0.005746409,4.6827284e-07,0.00015982063
L-BFGS-B,6617,2.1420826e-07,0.0057498473,4.6768196e-07,0.00015978201
L-BFGS-B,6618,2.1437806e-07,0.0057556434,4.668487e-07,0.00015974045
L-BFGS-B,6619,2.1443408e-07,0.0057674,4.6605484e-07,0.00015974735
L-BFGS-B,6620,2.1439381e-07,0.0057601673,4.6648705e-07,0.0001597338
L-BFGS-B,6621,2.1436452e-07,0.0057591917,4.6647565e-07,0.00015971795
L-BFGS-B,6622,2.1438082e-07,0.0057634003,4.6604265e-07,0.00015969752
L-BFGS-B,6623,2.1449144e-07,0.005765496,4.657355e-07,0.00015968899
L-BFGS-B,6624,2.1476055e-07,0.0057774517,4.645564e-07,0.00015967205
L-BFGS-B,6625,2.1480461e-07,0.0057821493,4.6414866e-07,0.00015966449
L-BFGS-B,6626,2.1479899e-07,0.0057894937,4.6362044e-07,0.00015965785
L-BFGS-B,6627,2.1471872e-07,0.005792564,4.63468e-07,0.00015965365
L-BFGS-B,6628,2.1486325e-07,0.005800676,4.6276682e-07,0.00015965127
L-BFGS-B,6629,2.146302e-07,0.005801857,4.6281744e-07,0.00015963572
L-BFGS-B,6630,2.1448241e-07,0.0057988153,4.6308148e-07,0.00015962272
L-BFGS-B,6631,2.1429449e-07,0.005794712,4.6336845e-07,0.00015959656
L-BFGS-B,6632,2.1416197e-07,0.0057866597,4.6380725e-07,0.00015956198
L-BFGS-B,6633,2.1410057e-07,0.0057870923,4.6358727e-07,0.00015952409
L-BFGS-B,6634,2.1468203e-07,0.0058325776,4.6655018e-07,0.0001605106
L-BFGS-B,6635,2.1408475e-07,0.005787505,4.635499e-07,0.00015952025
L-BFGS-B,6636,2.140589e-07,0.005797639,4.6264478e-07,0.00015948193
L-BFGS-B,6637,2.1408043e-07,0.0057937354,4.627113e-07,0.00015945612
L-BFGS-B,6638,2.140536e-07,0.005798239,4.6234823e-07,0.00015944266
L-BFGS-B,6639,2.1406592e-07,0.0057971217,4.6235274e-07,0.00015943401
L-BFGS-B,6640,2.141011e-07,0.005801232,4.6200572e-07,0.00015942834
L-BFGS-B,6641,2.1419605e-07,0.005803358,4.617061e-07,0.0001594189
L-BFGS-B,6642,2.143206e-07,0.00580732,4.6125587e-07,0.00015940968
L-BFGS-B,6643,2.1442742e-07,0.005807295,4.6110196e-07,0.00015940236
L-BFGS-B,6644,2.1442875e-07,0.005806312,4.6111572e-07,0.00015939478
L-BFGS-B,6645,2.1496734e-07,0.0058012586,4.6186827e-07,0.00015953793
L-BFGS-B,6646,2.144752e-07,0.005804914,4.6114604e-07,0.00015939232
L-BFGS-B,6647,2.1405326e-07,0.0058042957,4.6165053e-07,0.00015939854
L-BFGS-B,6648,2.142959e-07,0.0058043753,4.6132448e-07,0.00015938681
L-BFGS-B,6649,2.1412164e-07,0.0057940204,4.621753e-07,0.00015938474
L-BFGS-B,6650,2.139551e-07,0.0057466547,4.668173e-07,0.00015958241
L-BFGS-B,6651,2.1406754e-07,0.0057882695,4.6259285e-07,0.00015938176
L-BFGS-B,6652,2.1389101e-07,0.0058031767,4.619382e-07,0.00015940615
L-BFGS-B,6653,2.1397624e-07,0.0057930616,4.622743e-07,0.0001593682
L-BFGS-B,6654,2.1396717e-07,0.005792446,4.6221268e-07,0.00015935143
L-BFGS-B,6655,2.1380954e-07,0.00578472,4.6270145e-07,0.00015932384
L-BFGS-B,6656,2.1354438e-07,0.0057830727,4.6294866e-07,0.00015930468
L-BFGS-B,6657,2.1330227e-07,0.0057694293,4.6393095e-07,0.00015927927
L-BFGS-B,6658,2.1299863e-07,0.00575646,4.6491715e-07,0.00015925197
L-BFGS-B,6659,2.1293741e-07,0.005747312,4.6541604e-07,0.00015922614
L-BFGS-B,6660,2.1302263e-07,0.005746314,4.652218e-07,0.0001591998
L-BFGS-B,6661,2.1325066e-07,0.0057512945,4.6448756e-07,0.00015917368
L-BFGS-B,6662,2.1348005e-07,0.0057658795,4.631685e-07,0.00015915607
L-BFGS-B,6663,2.140829e-07,0.0057860026,4.6121542e-07,0.00015915478
L-BFGS-B,6664,2.1374186e-07,0.0057749012,4.621113e-07,0.00015912698
L-BFGS-B,6665,2.1370622e-07,0.005770708,4.6228413e-07,0.00015910564
L-BFGS-B,6666,2.1345627e-07,0.0057637445,4.6284097e-07,0.00015908203
L-BFGS-B,6667,2.1355345e-07,0.005760603,4.629049e-07,0.00015907479
L-BFGS-B,6668,2.1360982e-07,0.005760215,4.628393e-07,0.00015906952
L-BFGS-B,6669,2.1363518e-07,0.0057556727,4.6309643e-07,0.00015906646
L-BFGS-B,6670,2.1366843e-07,0.005754707,4.6311442e-07,0.0001590645
L-BFGS-B,6671,2.1368672e-07,0.0057547963,4.6307997e-07,0.00015906297
L-BFGS-B,6672,2.1370212e-07,0.0057563246,4.629561e-07,0.00015906198
L-BFGS-B,6673,2.1374169e-07,0.005758147,4.6277694e-07,0.00015905927
L-BFGS-B,6674,2.13977e-07,0.0057726274,4.618484e-07,0.00015910008
L-BFGS-B,6675,2.13765e-07,0.0057597333,4.6263847e-07,0.00015905785
L-BFGS-B,6676,2.138107e-07,0.0057624155,4.624016e-07,0.000159056
L-BFGS-B,6677,2.138793e-07,0.0057680965,4.6189967e-07,0.0001590478
L-BFGS-B,6678,2.1390044e-07,0.0057708835,4.616519e-07,0.0001590417
L-BFGS-B,6679,2.1405876e-07,0.0057790573,4.6089505e-07,0.00015903365
L-BFGS-B,6680,2.1391358e-07,0.0057735876,4.6130143e-07,0.00015901812
L-BFGS-B,6681,3.9032162e-07,0.011990288,9.3243983e-07,0.0003183171
L-BFGS-B,6682,2.1470983e-07,0.005729263,4.670924e-07,0.00015956297
L-BFGS-B,6683,2.139377e-07,0.005768868,4.6156663e-07,0.00015901434
L-BFGS-B,6684,2.1375082e-07,0.005759269,4.6223857e-07,0.0001589911
L-BFGS-B,6685,2.1325557e-07,0.005743317,4.6422772e-07,0.00015905566
L-BFGS-B,6686,2.1360579e-07,0.005754184,4.6267036e-07,0.00015898325
L-BFGS-B,6687,2.1359823e-07,0.005748318,4.628727e-07,0.00015895383
L-BFGS-B,6688,2.1346446e-07,0.0057323445,4.6390952e-07,0.00015892954
L-BFGS-B,6689,2.1369114e-07,0.0057402854,4.6298175e-07,0.00015890379
L-BFGS-B,6690,2.141514e-07,0.0057463776,4.6197763e-07,0.00015888312
L-BFGS-B,6691,2.1433051e-07,0.0057504615,4.6144547e-07,0.000158871
L-BFGS-B,6692,2.1455512e-07,0.005750275,4.6115494e-07,0.00015885926
L-BFGS-B,6693,2.1473336e-07,0.005705448,4.7147415e-07,0.0001599856
L-BFGS-B,6694,2.1453005e-07,0.0057447455,4.6152746e-07,0.00015885608
L-BFGS-B,6695,2.148905e-07,0.0057419855,4.6123773e-07,0.0001588391
L-BFGS-B,6696,2.1497986e-07,0.005735537,4.614996e-07,0.00015882729
L-BFGS-B,6697,2.1515244e-07,0.0057334914,4.6136628e-07,0.00015881273
L-BFGS-B,6698,2.1499896e-07,0.0057266788,4.618583e-07,0.00015879537
L-BFGS-B,6699,2.1479308e-07,0.0057270285,4.6193085e-07,0.00015877887
L-BFGS-B,6700,2.1483838e-07,0.0057324762,4.614709e-07,0.00015877116
L-BFGS-B,6701,2.1486325e-07,0.0057331477,4.6137347e-07,0.00015876698
L-BFGS-B,6702,2.1493199e-07,0.005733024,4.6128721e-07,0.00015876311
L-BFGS-B,6703,2.1502032e-07,0.0057344055,4.6106717e-07,0.00015875718
L-BFGS-B,6704,2.1522044e-07,0.00572949,4.612091e-07,0.00015875933
L-BFGS-B,6705,2.1509776e-07,0.00573236,4.6111563e-07,0.0001587556
L-BFGS-B,6706,2.1506067e-07,0.0057331314,4.6107584e-07,0.00015875179
L-BFGS-B,6707,2.1495538e-07,0.005735017,4.609919e-07,0.00015874227
L-BFGS-B,6708,2.1503308e-07,0.005734142,4.6108624e-07,0.00015875933
L-BFGS-B,6709,2.1496878e-07,0.0057341694,4.610012e-07,0.00015873718
L-BFGS-B,6710,2.1487558e-07,0.0057372893,4.6081718e-07,0.00015872682
L-BFGS-B,6711,2.1476203e-07,0.0057436056,4.6039537e-07,0.00015870966
L-BFGS-B,6712,2.1484108e-07,0.005744479,4.6011832e-07,0.0001586887
L-BFGS-B,6713,2.1469042e-07,0.005745556,4.6005206e-07,0.00015866692
L-BFGS-B,6714,2.1460731e-07,0.005748385,4.5971993e-07,0.00015863293
L-BFGS-B,6715,2.1452718e-07,0.0057432414,4.599901e-07,0.00015861
L-BFGS-B,6716,2.1440773e-07,0.005734177,4.6048535e-07,0.00015857573
L-BFGS-B,6717,2.1417733e-07,0.0057225,4.6105998e-07,0.0001585106
L-BFGS-B,6718,2.1380072e-07,0.0057081166,4.6193634e-07,0.00015844172
L-BFGS-B,6719,2.1364762e-07,0.0057011014,4.6206034e-07,0.00015836721
L-BFGS-B,6720,2.1332517e-07,0.0056896303,4.626059e-07,0.00015828595
L-BFGS-B,6721,2.1322214e-07,0.00567615,4.630908e-07,0.00015820844
L-BFGS-B,6722,2.130894e-07,0.0056717494,4.6320392e-07,0.00015816148
L-BFGS-B,6723,2.1345268e-07,0.005690581,4.613509e-07,0.00015812635
L-BFGS-B,6724,2.1323461e-07,0.0056879143,4.614871e-07,0.00015808741
L-BFGS-B,6725,2.1282136e-07,0.0056899306,4.6148696e-07,0.00015804556
L-BFGS-B,6726,2.1263344e-07,0.005688601,4.6161605e-07,0.00015802344
L-BFGS-B,6727,2.1230666e-07,0.0056888685,4.6176783e-07,0.00015799986
L-BFGS-B,6728,2.1220242e-07,0.0056863325,4.61919e-07,0.00015798154
L-BFGS-B,6729,2.1213793e-07,0.0056918175,4.6150396e-07,0.00015796444
L-BFGS-B,6730,2.1217957e-07,0.0056977756,4.6092316e-07,0.00015794317
L-BFGS-B,6731,2.1258994e-07,0.0057115876,4.593497e-07,0.00015790682
L-BFGS-B,6732,2.1266729e-07,0.005711264,4.591573e-07,0.00015788633
L-BFGS-B,6733,2.126801e-07,0.0057053,4.5942534e-07,0.00015786881
L-BFGS-B,6734,2.1273127e-07,0.005708337,4.5909786e-07,0.00015785772
L-BFGS-B,6735,2.1277228e-07,0.0057115885,4.5875353e-07,0.00015784477
L-BFGS-B,6736,2.1288092e-07,0.0057107424,4.5863868e-07,0.00015783537
L-BFGS-B,6737,2.1295604e-07,0.005702436,4.5905753e-07,0.00015782639
L-BFGS-B,6738,2.1319005e-07,0.005714311,4.581022e-07,0.00015783694
L-BFGS-B,6739,2.1303671e-07,0.0057064034,4.586638e-07,0.0001578191
L-BFGS-B,6740,2.1315742e-07,0.005706596,4.5846056e-07,0.00015780865
L-BFGS-B,6741,2.1315385e-07,0.005704876,4.5849956e-07,0.00015779678
L-BFGS-B,6742,2.1314595e-07,0.005703301,4.5854048e-07,0.00015778598
L-BFGS-B,6743,2.1292747e-07,0.0056971856,4.5910033e-07,0.00015777603
L-BFGS-B,6744,2.1285335e-07,0.005698859,4.589984e-07,0.00015776636
L-BFGS-B,6745,2.1280171e-07,0.005705382,4.585321e-07,0.0001577539
L-BFGS-B,6746,2.1272521e-07,0.005706715,4.5858235e-07,0.00015776328
L-BFGS-B,6747,2.127679e-07,0.005705602,4.5852443e-07,0.00015774986
L-BFGS-B,6748,2.1280799e-07,0.0057113385,4.580302e-07,0.00015773912
L-BFGS-B,6749,2.1298872e-07,0.005717311,4.5734245e-07,0.00015772278
L-BFGS-B,6750,2.1296754e-07,0.005718251,4.571561e-07,0.00015770106
L-BFGS-B,6751,2.1296299e-07,0.005713295,4.572622e-07,0.00015766673
L-BFGS-B,6752,2.1299306e-07,0.0057126395,4.5701543e-07,0.00015762767
L-BFGS-B,6753,2.126866e-07,0.0057018753,4.5801343e-07,0.00015762376
L-BFGS-B,6754,2.1512507e-07,0.0057790503,4.5206616e-07,0.00015786919
L-BFGS-B,6755,2.132757e-07,0.005720566,4.5591565e-07,0.00015758436
L-BFGS-B,6756,2.1330285e-07,0.005728248,4.5512147e-07,0.00015754614
L-BFGS-B,6757,2.1339171e-07,0.00572712,4.549563e-07,0.0001575234
L-BFGS-B,6758,2.1340455e-07,0.0057226936,4.550834e-07,0.00015750012
L-BFGS-B,6759,2.143859e-07,0.0058394377,4.5246222e-07,0.0001584216
L-BFGS-B,6760,2.1341894e-07,0.0057254145,4.5487448e-07,0.00015749816
L-BFGS-B,6761,2.1340806e-07,0.0057219258,4.5501298e-07,0.00015748241
L-BFGS-B,6762,2.1335048e-07,0.0057181674,4.5513988e-07,0.00015745523
L-BFGS-B,6763,2.1332328e-07,0.005717745,4.550412e-07,0.00015743212
L-BFGS-B,6764,2.1323694e-07,0.005720218,4.5485626e-07,0.00015741616
L-BFGS-B,6765,2.1363671e-07,0.0057196454,4.5452094e-07,0.0001574201
L-BFGS-B,6766,2.1339928e-07,0.0057197087,4.5469508e-07,0.00015741124
L-BFGS-B,6767,2.1281505e-07,0.0057339338,4.544208e-07,0.00015742471
L-BFGS-B,6768,2.1313589e-07,0.0057250494,4.5450196e-07,0.00015739616
L-BFGS-B,6769,2.1315252e-07,0.005726163,4.543184e-07,0.00015738227
L-BFGS-B,6770,2.1334046e-07,0.005733578,4.533742e-07,0.00015734299
L-BFGS-B,6771,2.133545e-07,0.005735165,4.5318816e-07,0.00015733305
L-BFGS-B,6772,2.1343195e-07,0.005738076,4.5282903e-07,0.0001573199
L-BFGS-B,6773,2.1344583e-07,0.0057389624,4.527233e-07,0.000157315
L-BFGS-B,6774,2.1345114e-07,0.0057392963,4.5265568e-07,0.000157309
L-BFGS-B,6775,2.1344475e-07,0.0057408493,4.5250974e-07,0.00015730166
L-BFGS-B,6776,2.136618e-07,0.0057460763,4.5189373e-07,0.0001572941
L-BFGS-B,6777,2.1359106e-07,0.0057446184,4.51975e-07,0.00015728109
L-BFGS-B,6778,2.1348518e-07,0.0057497066,4.5168275e-07,0.00015727227
L-BFGS-B,6779,2.1352285e-07,0.005750674,4.5151845e-07,0.00015726293
L-BFGS-B,6780,2.1357314e-07,0.005753497,4.5121686e-07,0.00015725347
L-BFGS-B,6781,2.1355413e-07,0.005753926,4.5115945e-07,0.0001572463
L-BFGS-B,6782,2.1378058e-07,0.0057777865,4.495165e-07,0.00015727243
L-BFGS-B,6783,2.135974e-07,0.0057603572,4.5065462e-07,0.00015724137
L-BFGS-B,6784,2.1346702e-07,0.005758175,4.5083968e-07,0.00015722775
L-BFGS-B,6785,2.134205e-07,0.0057546236,4.5106535e-07,0.00015721911
L-BFGS-B,6786,2.1341215e-07,0.0057498473,4.5132077e-07,0.00015720841
L-BFGS-B,6787,2.1344803e-07,0.0057473397,4.5139134e-07,0.0001571993
L-BFGS-B,6788,2.1356598e-07,0.005740812,4.5160667e-07,0.00015718403
L-BFGS-B,6789,2.1363276e-07,0.0057381685,4.516238e-07,0.00015717017
L-BFGS-B,6790,2.1377747e-07,0.005735361,4.5154877e-07,0.00015715254
L-BFGS-B,6791,2.1402953e-07,0.005751882,4.5118415e-07,0.00015730088
L-BFGS-B,6792,2.1378338e-07,0.005736408,4.514529e-07,0.00015714951
L-BFGS-B,6793,2.1370914e-07,0.0057324865,4.5170603e-07,0.00015713714
L-BFGS-B,6794,2.1358295e-07,0.005725416,4.521969e-07,0.00015712113
L-BFGS-B,6795,2.1342684e-07,0.005720215,4.5262087e-07,0.00015710932
L-BFGS-B,6796,2.1342203e-07,0.005715769,4.528659e-07,0.00015710088
L-BFGS-B,6797,2.134519e-07,0.005713433,4.529352e-07,0.0001570924
L-BFGS-B,6798,2.135685e-07,0.0057133306,4.5278128e-07,0.00015708577
L-BFGS-B,6799,2.1369375e-07,0.0057147844,4.5251053e-07,0.00015707848
L-BFGS-B,6800,2.1378295e-07,0.005717927,4.52148e-07,0.00015706892
L-BFGS-B,6801,2.1642333e-07,0.0057397694,4.6538517e-07,0.00015966897
L-BFGS-B,6802,2.1378341e-07,0.0057174833,4.5216868e-07,0.00015706764
L-BFGS-B,6803,2.1381551e-07,0.0057192575,4.5197075e-07,0.00015706051
L-BFGS-B,6804,2.1379772e-07,0.005718641,4.5200065e-07,0.00015705616
L-BFGS-B,6805,2.1378055e-07,0.005718351,4.5201404e-07,0.0001570527
L-BFGS-B,6806,2.1375726e-07,0.0057168896,4.5210766e-07,0.00015704863
L-BFGS-B,6807,2.1370536e-07,0.0057141124,4.5229686e-07,0.00015704145
L-BFGS-B,6808,2.136672e-07,0.0057062884,4.5279245e-07,0.00015703183
L-BFGS-B,6809,2.1367048e-07,0.0057060006,4.527591e-07,0.00015702445
L-BFGS-B,6810,2.1371942e-07,0.0056999982,4.530396e-07,0.00015701383
L-BFGS-B,6811,2.1376009e-07,0.00569972,4.5297367e-07,0.00015700726
L-BFGS-B,6812,2.1382469e-07,0.005698448,4.5290466e-07,0.00015699389
L-BFGS-B,6813,2.1393262e-07,0.005697005,4.5279228e-07,0.00015697879
L-BFGS-B,6814,2.14027e-07,0.0056888293,4.5303875e-07,0.00015694815
L-BFGS-B,6815,2.1703323e-07,0.00575029,4.5564354e-07,0.00015840442
L-BFGS-B,6816,2.1412207e-07,0.005688693,4.5291083e-07,0.00015694185
L-BFGS-B,6817,2.1424563e-07,0.0056914883,4.523799e-07,0.0001569087
L-BFGS-B,6818,2.1474773e-07,0.0056379647,4.5681284e-07,0.00015711374
L-BFGS-B,6819,2.1430503e-07,0.005674515,4.5325243e-07,0.00015687876
L-BFGS-B,6820,2.1435109e-07,0.0056869374,4.5207534e-07,0.00015683334
L-BFGS-B,6821,2.1453485e-07,0.005704375,4.505107e-07,0.00015680058
L-BFGS-B,6822,2.1485386e-07,0.00570848,4.4970454e-07,0.00015676855
L-BFGS-B,6823,2.1478303e-07,0.005708102,4.4969133e-07,0.00015675217
L-BFGS-B,6824,2.1485356e-07,0.005711724,4.4927293e-07,0.0001567362
L-BFGS-B,6825,2.15097e-07,0.005721568,4.4820635e-07,0.00015671118
L-BFGS-B,6826,2.15256e-07,0.005729233,4.4745326e-07,0.00015669872
L-BFGS-B,6827,2.1529438e-07,0.005729003,4.4730888e-07,0.00015668051
L-BFGS-B,6828,2.1544038e-07,0.0057412204,4.4630897e-07,0.0001566746
L-BFGS-B,6829,2.1539014e-07,0.0057311477,4.4690023e-07,0.00015665503
L-BFGS-B,6830,2.1526955e-07,0.005720571,4.476299e-07,0.00015664063
L-BFGS-B,6831,2.1526863e-07,0.0057156887,4.4788692e-07,0.00015663021
L-BFGS-B,6832,2.1529127e-07,0.005718089,4.4765702e-07,0.00015662314
L-BFGS-B,6833,2.1538547e-07,0.0057210135,4.473188e-07,0.00015661577
L-BFGS-B,6834,2.154978e-07,0.0057290625,4.4662107e-07,0.00015660845
L-BFGS-B,6835,2.1607825e-07,0.00573018,4.4617016e-07,0.00015663906
L-BFGS-B,6836,2.1561964e-07,0.005729069,4.4647913e-07,0.0001566055
L-BFGS-B,6837,2.157616e-07,0.005737666,4.4567886e-07,0.00015659274
L-BFGS-B,6838,2.1569562e-07,0.0057362136,4.457855e-07,0.00015658431
L-BFGS-B,6839,2.155278e-07,0.0057280497,4.4632407e-07,0.00015655828
L-BFGS-B,6840,2.1531709e-07,0.005723327,4.4669326e-07,0.00015653482
L-BFGS-B,6841,2.1516611e-07,0.005715551,4.471723e-07,0.00015650627
L-BFGS-B,6842,2.151987e-07,0.0057224855,4.4649747e-07,0.00015647928
L-BFGS-B,6843,2.1532608e-07,0.0057264296,4.459301e-07,0.00015645273
L-BFGS-B,6844,2.1576962e-07,0.0057399813,4.443181e-07,0.00015641296
L-BFGS-B,6845,2.1629197e-07,0.005756678,4.4244052e-07,0.00015637666
L-BFGS-B,6846,2.1701291e-07,0.005766686,4.4083632e-07,0.00015634423
L-BFGS-B,6847,2.1730291e-07,0.0057739993,4.3986648e-07,0.0001563154
L-BFGS-B,6848,2.1750841e-07,0.0057593607,4.4046357e-07,0.0001562894
L-BFGS-B,6849,2.1742478e-07,0.0057444447,4.4142269e-07,0.00015627156
L-BFGS-B,6850,2.1756559e-07,0.005746877,4.4104272e-07,0.00015626001
L-BFGS-B,6851,2.1761741e-07,0.005749214,4.40772e-07,0.00015625055
L-BFGS-B,6852,2.1774906e-07,0.005756061,4.4009255e-07,0.00015623684
L-BFGS-B,6853,2.179843e-07,0.005766658,4.389718e-07,0.00015621
L-BFGS-B,6854,2.1833432e-07,0.0057685557,4.384816e-07,0.00015620794
L-BFGS-B,6855,2.178203e-07,0.0057666022,4.3899269e-07,0.00015618796
L-BFGS-B,6856,2.1799526e-07,0.005767469,4.386211e-07,0.00015616714
L-BFGS-B,6857,2.1787206e-07,0.005767529,4.386447e-07,0.00015615279
L-BFGS-B,6858,2.178039e-07,0.0057697883,4.3846813e-07,0.00015613869
L-BFGS-B,6859,2.1807915e-07,0.0057902625,4.369792e-07,0.00015616138
L-BFGS-B,6860,2.1785758e-07,0.005774792,4.3805218e-07,0.00015613438
L-BFGS-B,6861,2.1754417e-07,0.005776644,4.3815544e-07,0.00015612139
L-BFGS-B,6862,2.1770761e-07,0.0057756044,4.3798846e-07,0.00015611044
L-BFGS-B,6863,2.1779599e-07,0.005773441,4.3798696e-07,0.00015610184
L-BFGS-B,6864,2.1780343e-07,0.0057739518,4.3787847e-07,0.0001560918
L-BFGS-B,6865,2.1775085e-07,0.0057723545,4.3793844e-07,0.00015607695
L-BFGS-B,6866,2.1766584e-07,0.0057762945,4.3769413e-07,0.00015606693
L-BFGS-B,6867,2.1761484e-07,0.0057768244,4.376256e-07,0.0001560543
L-BFGS-B,6868,2.1756817e-07,0.0057789413,4.374561e-07,0.00015604305
L-BFGS-B,6869,2.1762028e-07,0.005780898,4.3720902e-07,0.00015603338
L-BFGS-B,6870,2.1764262e-07,0.005783014,4.369754e-07,0.00015602284
L-BFGS-B,6871,2.1771116e-07,0.0057805716,4.3695877e-07,0.0001560062
L-BFGS-B,6872,2.1773062e-07,0.0057822657,4.366483e-07,0.0001559795
L-BFGS-B,6873,2.1770937e-07,0.0057790265,4.367729e-07,0.0001559626
L-BFGS-B,6874,2.1761083e-07,0.0057839598,4.3644872e-07,0.00015594852
L-BFGS-B,6875,2.1753894e-07,0.005787387,4.3621503e-07,0.00015593696
L-BFGS-B,6876,2.1743774e-07,0.005791495,4.3598124e-07,0.00015592779
L-BFGS-B,6877,2.1748933e-07,0.0057947175,4.3567852e-07,0.00015592235
L-BFGS-B,6878,2.1752506e-07,0.0057916935,4.3581022e-07,0.00015591722
L-BFGS-B,6879,2.1756517e-07,0.0057871616,4.3602816e-07,0.00015591062
L-BFGS-B,6880,2.176254e-07,0.005785633,4.360482e-07,0.00015590736
L-BFGS-B,6881,2.176114e-07,0.0057837986,4.3614722e-07,0.00015590177
L-BFGS-B,6882,2.1760381e-07,0.0057850215,4.3603765e-07,0.00015589644
L-BFGS-B,6883,2.1754283e-07,0.0057862964,4.3598078e-07,0.0001558915
L-BFGS-B,6884,2.1744655e-07,0.0057862834,4.3598845e-07,0.00015587808
L-BFGS-B,6885,2.1738867e-07,0.005794157,4.354329e-07,0.00015586481
L-BFGS-B,6886,2.172988e-07,0.005793039,4.3545398e-07,0.0001558433
L-BFGS-B,6887,2.1747461e-07,0.0057934183,4.3507367e-07,0.00015581644
L-BFGS-B,6888,2.1773705e-07,0.0057952623,4.3456905e-07,0.00015579854
L-BFGS-B,6889,2.1831191e-07,0.005824091,4.3230096e-07,0.00015583285
L-BFGS-B,6890,2.1785944e-07,0.0058011874,4.3403045e-07,0.00015579537
L-BFGS-B,6891,2.179254e-07,0.005802889,4.3380874e-07,0.00015578902
L-BFGS-B,6892,2.179484e-07,0.0058045867,4.336228e-07,0.00015578154
L-BFGS-B,6893,2.1795252e-07,0.00580617,4.3343687e-07,0.0001557701
L-BFGS-B,6894,2.1797852e-07,0.0058078207,4.3321134e-07,0.00015575669
L-BFGS-B,6895,2.1808884e-07,0.005806166,4.3311107e-07,0.00015574165
L-BFGS-B,6896,2.1820424e-07,0.005807297,4.3284737e-07,0.0001557307
L-BFGS-B,6897,2.18363e-07,0.0058094296,4.3248815e-07,0.00015572197
L-BFGS-B,6898,2.1847151e-07,0.0058119344,4.3213504e-07,0.00015571032
L-BFGS-B,6899,2.1855975e-07,0.0058107055,4.3204653e-07,0.000155698
L-BFGS-B,6900,2.1845675e-07,0.0058072433,4.3228792e-07,0.00015568413
L-BFGS-B,6901,2.1850839e-07,0.0057986802,4.3275998e-07,0.00015567706
L-BFGS-B,6902,2.1757246e-07,0.0057784473,4.3533726e-07,0.00015572093
L-BFGS-B,6903,2.1822557e-07,0.00579182,4.334357e-07,0.0001556674
L-BFGS-B,6904,2.181899e-07,0.0057903775,4.334887e-07,0.00015565555
L-BFGS-B,6905,2.1793308e-07,0.0057961615,4.3332602e-07,0.00015565049
L-BFGS-B,6906,2.1823925e-07,0.0057971366,4.3324005e-07,0.00015569327
L-BFGS-B,6907,2.1801567e-07,0.0057948334,4.332001e-07,0.0001556307
L-BFGS-B,6908,2.18006e-07,0.005788716,4.3355013e-07,0.00015562057
L-BFGS-B,6909,2.1815762e-07,0.0057883067,4.333992e-07,0.0001556166
L-BFGS-B,6910,2.1806792e-07,0.0057878783,4.3349164e-07,0.00015561271
L-BFGS-B,6911,2.1798272e-07,0.0057882913,4.335327e-07,0.00015561022
L-BFGS-B,6912,2.1793184e-07,0.0057889954,4.335226e-07,0.00015560811
L-BFGS-B,6913,2.1787393e-07,0.0057900385,4.3348774e-07,0.00015560463
L-BFGS-B,6914,2.1782775e-07,0.0057907286,4.3345366e-07,0.0001555995
L-BFGS-B,6915,2.1779357e-07,0.005790883,4.3341606e-07,0.00015559027
L-BFGS-B,6916,2.177846e-07,0.0057890695,4.3344826e-07,0.00015557563
L-BFGS-B,6917,2.1785056e-07,0.005785565,4.3347654e-07,0.0001555547
L-BFGS-B,6918,2.1777207e-07,0.005776661,4.3412066e-07,0.00015555052
L-BFGS-B,6919,2.1785132e-07,0.0057777944,4.3384634e-07,0.00015553259
L-BFGS-B,6920,2.1792877e-07,0.0057797404,4.3359492e-07,0.00015552595
L-BFGS-B,6921,2.1804061e-07,0.005778096,4.3352821e-07,0.00015551629
L-BFGS-B,6922,2.1828073e-07,0.0057734502,4.3349925e-07,0.0001555015
L-BFGS-B,6923,2.1838643e-07,0.005769131,4.3362775e-07,0.00015549344
L-BFGS-B,6924,2.1843793e-07,0.0057636825,4.3386865e-07,0.00015548282
L-BFGS-B,6925,2.1851598e-07,0.0057617933,4.338663e-07,0.00015547528
L-BFGS-B,6926,2.1852703e-07,0.0057611284,4.338439e-07,0.00015546693
L-BFGS-B,6927,2.1854567e-07,0.005759756,4.3388317e-07,0.0001554619
L-BFGS-B,6928,2.1849705e-07,0.0057596094,4.338986e-07,0.00015545545
L-BFGS-B,6929,2.1849857e-07,0.0057609295,4.3377594e-07,0.00015545047
L-BFGS-B,6930,2.185029e-07,0.0057635754,4.3353452e-07,0.00015544138
L-BFGS-B,6931,2.185155e-07,0.0057682637,4.3313392e-07,0.00015543005
L-BFGS-B,6932,2.185707e-07,0.0057741823,4.3261707e-07,0.00015541998
L-BFGS-B,6933,2.1866651e-07,0.0057751946,4.3236838e-07,0.00015540718
L-BFGS-B,6934,2.1869315e-07,0.0057687033,4.327156e-07,0.00015539835
L-BFGS-B,6935,2.1924322e-07,0.005785498,4.3110936e-07,0.00015540788
L-BFGS-B,6936,2.1888007e-07,0.005774416,4.3211492e-07,0.00015539341
L-BFGS-B,6937,2.1893901e-07,0.0057753837,4.3196044e-07,0.00015538876
L-BFGS-B,6938,2.1920322e-07,0.005788005,4.3134892e-07,0.00015546287
L-BFGS-B,6939,2.1897056e-07,0.0057768426,4.3180154e-07,0.00015538424
L-BFGS-B,6940,2.19051e-07,0.0057797595,4.31445e-07,0.00015537199
L-BFGS-B,6941,2.1914457e-07,0.005781933,4.3112266e-07,0.00015535942
L-BFGS-B,6942,2.1922675e-07,0.00578353,4.3082107e-07,0.00015534248
L-BFGS-B,6943,2.1919497e-07,0.005784122,4.307477e-07,0.00015533261
L-BFGS-B,6944,2.1936897e-07,0.0057831774,4.3070384e-07,0.0001553427
L-BFGS-B,6945,2.1924977e-07,0.0057833605,4.3072586e-07,0.00015532995
L-BFGS-B,6946,2.1920756e-07,0.0057828804,4.307591e-07,0.0001553238
L-BFGS-B,6947,2.1914302e-07,0.005783347,4.3071785e-07,0.0001553126
L-BFGS-B,6948,2.1908573e-07,0.005787274,4.3045029e-07,0.00015530315
L-BFGS-B,6949,2.1986942e-07,0.005863037,4.2921639e-07,0.00015599324
L-BFGS-B,6950,2.1910357e-07,0.0057912823,4.3012068e-07,0.00015529645
L-BFGS-B,6951,2.189644e-07,0.005792375,4.30097e-07,0.00015528296
L-BFGS-B,6952,2.1885904e-07,0.0057940073,4.2997513e-07,0.0001552652
L-BFGS-B,6953,2.1880521e-07,0.0057896823,4.3026486e-07,0.00015525732
L-BFGS-B,6954,2.1871611e-07,0.0057857316,4.305674e-07,0.00015524984
L-BFGS-B,6955,2.1856704e-07,0.0057744575,4.3139553e-07,0.00015523896
L-BFGS-B,6956,2.185256e-07,0.0057768,4.3127216e-07,0.00015523766
L-BFGS-B,6957,2.1853145e-07,0.0057753623,4.3131672e-07,0.00015523085
L-BFGS-B,6958,2.1841241e-07,0.0057776,4.3123217e-07,0.00015522269
L-BFGS-B,6959,2.1817843e-07,0.0057735867,4.3154964e-07,0.00015519507
L-BFGS-B,6960,2.1808889e-07,0.00577455,4.31398e-07,0.00015516853
L-BFGS-B,6961,2.1772874e-07,0.005769089,4.3186367e-07,0.00015512975
L-BFGS-B,6962,2.1796542e-07,0.0057749753,4.3095363e-07,0.0001550876
L-BFGS-B,6963,2.1760316e-07,0.005765938,4.3168566e-07,0.00015505271
L-BFGS-B,6964,2.1786437e-07,0.005763787,4.3143575e-07,0.00015503289
L-BFGS-B,6965,2.1785374e-07,0.005762914,4.314438e-07,0.00015502378
L-BFGS-B,6966,2.1779071e-07,0.005764122,4.31349e-07,0.00015501218
L-BFGS-B,6967,2.1764289e-07,0.0057667424,4.3120386e-07,0.00015499443
L-BFGS-B,6968,2.173747e-07,0.00576922,4.3119113e-07,0.00015497708
L-BFGS-B,6969,2.1718434e-07,0.0057708104,4.311886e-07,0.00015496404
L-BFGS-B,6970,2.170449e-07,0.005771037,4.3120244e-07,0.00015494747
L-BFGS-B,6971,2.170141e-07,0.00577086,4.311112e-07,0.0001549274
L-BFGS-B,6972,2.1703096e-07,0.0057668984,4.3124928e-07,0.00015491102
L-BFGS-B,6973,2.1708875e-07,0.0057623656,4.3139457e-07,0.00015489614
L-BFGS-B,6974,2.1697173e-07,0.0057546212,4.319686e-07,0.00015488727
L-BFGS-B,6975,2.1701837e-07,0.00575246,4.3200865e-07,0.00015487865
L-BFGS-B,6976,2.1698598e-07,0.005752873,4.3197574e-07,0.00015487299
L-BFGS-B,6977,2.1691196e-07,0.005754962,4.3188288e-07,0.00015486885
L-BFGS-B,6978,2.1673893e-07,0.0057510505,4.3232495e-07,0.00015487008
L-BFGS-B,6979,2.1683448e-07,0.0057531116,4.3206552e-07,0.00015486611
L-BFGS-B,6980,2.1674467e-07,0.0057541844,4.3202567e-07,0.00015485738
L-BFGS-B,6981,2.1640079e-07,0.005752495,4.3237986e-07,0.00015484204
L-BFGS-B,6982,2.1659021e-07,0.00575469,4.3188763e-07,0.00015481858
L-BFGS-B,6983,2.167539e-07,0.0057526,4.3179557e-07,0.00015480843
L-BFGS-B,6984,2.1690808e-07,0.0057505104,4.3170172e-07,0.00015479658
L-BFGS-B,6985,2.171823e-07,0.0057412027,4.320724e-07,0.00015480025
L-BFGS-B,6986,2.1702483e-07,0.005745893,4.3183806e-07,0.00015478837
L-BFGS-B,6987,2.1715935e-07,0.005738466,4.3201774e-07,0.00015476122
L-BFGS-B,6988,2.1719714e-07,0.005736193,4.319614e-07,0.00015473572
L-BFGS-B,6989,2.1709208e-07,0.005729518,4.322814e-07,0.0001547012
L-BFGS-B,6990,2.1681963e-07,0.005722341,4.3308017e-07,0.00015470838
L-BFGS-B,6991,2.1695593e-07,0.0057250424,4.3261468e-07,0.00015468601
L-BFGS-B,6992,2.1699839e-07,0.005724762,4.324928e-07,0.0001546713
L-BFGS-B,6993,2.1696191e-07,0.0057227113,4.3235866e-07,0.00015462519
L-BFGS-B,6994,2.1690164e-07,0.00571571,4.3265894e-07,0.0001545912
L-BFGS-B,6995,2.167553e-07,0.005705328,4.3336306e-07,0.00015457103
L-BFGS-B,6996,2.1663584e-07,0.0056947884,4.3421966e-07,0.0001545762
L-BFGS-B,6997,2.1669841e-07,0.0057004998,4.3369892e-07,0.0001545646
L-BFGS-B,6998,2.1672139e-07,0.0056945747,4.3401562e-07,0.0001545563
L-BFGS-B,6999,2.1663745e-07,0.005688433,4.344366e-07,0.00015454544
L-BFGS-B,7000,2.165867e-07,0.005685574,4.346338e-07,0.00015453881
L-BFGS-B,7001,2.1656051e-07,0.005684126,4.3467858e-07,0.00015452712
L-BFGS-B,7002,2.1691466e-07,0.0056948005,4.338112e-07,0.00015455688
L-BFGS-B,7003,2.166597e-07,0.0056865592,4.3437e-07,0.00015452005
L-BFGS-B,7004,2.1603542e-07,0.005664755,4.366418e-07,0.00015454914
L-BFGS-B,7005,2.1642278e-07,0.005677604,4.3510983e-07,0.00015450593
L-BFGS-B,7006,2.1647162e-07,0.0056811864,4.3469052e-07,0.00015448619
L-BFGS-B,7007,2.1655649e-07,0.0056840326,4.3424342e-07,0.00015446031
L-BFGS-B,7008,2.1665608e-07,0.0056841606,4.3397694e-07,0.00015443655
L-BFGS-B,7009,2.1660757e-07,0.005681569,4.3411652e-07,0.00015442431
L-BFGS-B,7010,2.1674967e-07,0.0056750835,4.3448787e-07,0.00015443646
L-BFGS-B,7011,2.1665117e-07,0.005678767,4.3421366e-07,0.00015441739
L-BFGS-B,7012,2.1665903e-07,0.0056821406,4.3391537e-07,0.00015440756
L-BFGS-B,7013,2.1678562e-07,0.0056885113,4.3330678e-07,0.00015439896
L-BFGS-B,7014,2.1676745e-07,0.0056869565,4.3338568e-07,0.00015439253
L-BFGS-B,7015,2.1682001e-07,0.0056863003,4.3334387e-07,0.00015438758
L-BFGS-B,7016,2.1696037e-07,0.0056863884,4.3316464e-07,0.00015438264
L-BFGS-B,7017,2.170363e-07,0.005686239,4.330843e-07,0.00015438048
L-BFGS-B,7018,2.1726328e-07,0.005684906,4.3292926e-07,0.00015437795
L-BFGS-B,7019,2.1714793e-07,0.0056830533,4.3312863e-07,0.00015437201
L-BFGS-B,7020,2.1700605e-07,0.0056812773,4.3336547e-07,0.00015436849
L-BFGS-B,7021,2.1682558e-07,0.005678706,4.3364852e-07,0.00015435817
L-BFGS-B,7022,2.1626305e-07,0.0056713363,4.3461577e-07,0.00015434518
L-BFGS-B,7023,2.163234e-07,0.0056684734,4.3458007e-07,0.00015432027
L-BFGS-B,7024,2.1646265e-07,0.0056707603,4.3409938e-07,0.00015429192
L-BFGS-B,7025,2.1696313e-07,0.005670423,4.331622e-07,0.00015422303
L-BFGS-B,7026,2.1692415e-07,0.0056658634,4.3323664e-07,0.00015418275
L-BFGS-B,7027,2.1673374e-07,0.0056630764,4.3333003e-07,0.00015414033
L-BFGS-B,7028,2.1658866e-07,0.0056565,4.337814e-07,0.0001541205
L-BFGS-B,7029,2.1646458e-07,0.0056589344,4.3393473e-07,0.00015414924
L-BFGS-B,7030,2.1654579e-07,0.0056561255,4.3381146e-07,0.00015411485
L-BFGS-B,7031,2.166703e-07,0.0056589297,4.3345398e-07,0.00015410793
L-BFGS-B,7032,2.1670841e-07,0.005657878,4.3345082e-07,0.00015410266
L-BFGS-B,7033,2.1681286e-07,0.005658723,4.3321805e-07,0.00015409186
L-BFGS-B,7034,2.1696624e-07,0.0056587104,4.3303032e-07,0.00015408659
L-BFGS-B,7035,2.1635651e-07,0.00565397,4.3471735e-07,0.00015420078
L-BFGS-B,7036,2.1680422e-07,0.0056562903,4.3329678e-07,0.00015407805
L-BFGS-B,7037,2.1685698e-07,0.005660858,4.3281008e-07,0.00015405865
L-BFGS-B,7038,2.168509e-07,0.005671822,4.3185167e-07,0.00015402361
L-BFGS-B,7039,2.1677414e-07,0.005680644,4.3116134e-07,0.00015399675
L-BFGS-B,7040,2.1676927e-07,0.0056939498,4.3008495e-07,0.00015396763
L-BFGS-B,7041,2.1651627e-07,0.005685908,4.3102145e-07,0.00015398973
L-BFGS-B,7042,2.166573e-07,0.0056903353,4.303693e-07,0.00015395734
L-BFGS-B,7043,2.1677181e-07,0.005705239,4.2905157e-07,0.0001539259
L-BFGS-B,7044,2.1684389e-07,0.0057073906,4.2869524e-07,0.00015390478
L-BFGS-B,7045,2.1698511e-07,0.0057061044,4.2844076e-07,0.00015387492
L-BFGS-B,7046,2.171372e-07,0.0057038767,4.281284e-07,0.00015382862
L-BFGS-B,7047,2.1812627e-07,0.0057086274,4.2683902e-07,0.00015383106
L-BFGS-B,7048,2.1756577e-07,0.005702868,4.27393e-07,0.0001537725
L-BFGS-B,7049,2.1754445e-07,0.0057020206,4.2715874e-07,0.00015372569
L-BFGS-B,7050,2.1731853e-07,0.0057036695,4.2691232e-07,0.00015367131
L-BFGS-B,7051,2.167984e-07,0.005694782,4.2777913e-07,0.00015363444
L-BFGS-B,7052,2.1678385e-07,0.005699088,4.272352e-07,0.00015359373
L-BFGS-B,7053,2.1703042e-07,0.0057057114,4.2632342e-07,0.00015356019
L-BFGS-B,7054,2.172725e-07,0.005712277,4.2546043e-07,0.00015353272
L-BFGS-B,7055,2.1716426e-07,0.0057170084,4.2513528e-07,0.00015351501
L-BFGS-B,7056,2.1723686e-07,0.0057190107,4.247611e-07,0.0001534898
L-BFGS-B,7057,2.1732032e-07,0.005728127,4.2379753e-07,0.00015344894
L-BFGS-B,7058,2.1758423e-07,0.0057307635,4.231646e-07,0.00015341997
L-BFGS-B,7059,2.1762068e-07,0.0057375534,4.224074e-07,0.00015337975
L-BFGS-B,7060,2.177522e-07,0.005746843,4.2129219e-07,0.00015332509
L-BFGS-B,7061,2.179116e-07,0.0057480806,4.207256e-07,0.00015327639
L-BFGS-B,7062,2.1814786e-07,0.00575458,4.1974846e-07,0.00015323024
L-BFGS-B,7063,2.1789259e-07,0.005756445,4.194872e-07,0.00015317142
L-BFGS-B,7064,2.1796905e-07,0.005754072,4.1947513e-07,0.00015315734
L-BFGS-B,7065,2.1725718e-07,0.005744389,4.20723e-07,0.00015314092
L-BFGS-B,7066,2.1735633e-07,0.005754122,4.1979754e-07,0.00015311429
L-BFGS-B,7067,2.1768983e-07,0.0057566073,4.192331e-07,0.00015310451
L-BFGS-B,7068,2.1751836e-07,0.0057479385,4.197809e-07,0.00015307427
L-BFGS-B,7069,2.1746354e-07,0.0057478296,4.1977157e-07,0.00015306356
L-BFGS-B,7070,2.1737098e-07,0.0057433904,4.199911e-07,0.00015303821
L-BFGS-B,7071,2.1807523e-07,0.005757909,4.190586e-07,0.00015314916
L-BFGS-B,7072,2.1745332e-07,0.0057449425,4.1975406e-07,0.00015303053
L-BFGS-B,7073,2.1736452e-07,0.0057395003,4.1996884e-07,0.00015299501
L-BFGS-B,7074,2.1750846e-07,0.0057396092,4.1956935e-07,0.00015295776
L-BFGS-B,7075,2.1756705e-07,0.0057453373,4.1887935e-07,0.00015292034
L-BFGS-B,7076,2.1763131e-07,0.0057502193,4.1825848e-07,0.00015288565
L-BFGS-B,7077,2.1761215e-07,0.005749098,4.181151e-07,0.00015285006
L-BFGS-B,7078,2.1759107e-07,0.005741286,4.1830492e-07,0.00015279726
L-BFGS-B,7079,2.1752011e-07,0.0057303114,4.1891875e-07,0.00015276895
L-BFGS-B,7080,2.1760164e-07,0.0057182736,4.1955977e-07,0.00015275694
L-BFGS-B,7081,2.1742535e-07,0.0057143057,4.1973144e-07,0.00015271656
L-BFGS-B,7082,2.1712496e-07,0.005706029,4.2037365e-07,0.00015268507
L-BFGS-B,7083,2.1663924e-07,0.0056857914,4.2168392e-07,0.00015260639
L-BFGS-B,7084,2.1635844e-07,0.0056683426,4.226093e-07,0.00015252858
L-BFGS-B,7085,2.1663229e-07,0.005659019,4.3063375e-07,0.0001536801
L-BFGS-B,7086,2.1604755e-07,0.005657934,4.2332957e-07,0.00015248591
L-BFGS-B,7087,2.1833239e-07,0.005662257,4.2953366e-07,0.00015380247
L-BFGS-B,7088,2.1610556e-07,0.0056441673,4.2385614e-07,0.00015243594
L-BFGS-B,7089,2.1594524e-07,0.005646832,4.23197e-07,0.00015233966
L-BFGS-B,7090,2.1572211e-07,0.005653548,4.2250434e-07,0.00015226944
L-BFGS-B,7091,2.1593289e-07,0.0056656306,4.2130213e-07,0.00015224156
L-BFGS-B,7092,2.1606594e-07,0.005669731,4.2077428e-07,0.00015222334
L-BFGS-B,7093,2.1599061e-07,0.005667873,4.2088834e-07,0.00015221057
L-BFGS-B,7094,2.1594346e-07,0.005667929,4.2085753e-07,0.00015219944
L-BFGS-B,7095,2.1587184e-07,0.005671882,4.2059105e-07,0.00015218825
L-BFGS-B,7096,2.1580124e-07,0.0056771017,4.202037e-07,0.00015217176
L-BFGS-B,7097,2.1577202e-07,0.0056848885,4.196272e-07,0.00015215877
L-BFGS-B,7098,2.1613647e-07,0.005691804,4.1886733e-07,0.0001521686
L-BFGS-B,7099,2.159045e-07,0.005687069,4.1929744e-07,0.00015215098
L-BFGS-B,7100,2.1564463e-07,0.005690511,4.192285e-07,0.00015213608
L-BFGS-B,7101,2.1552056e-07,0.0056916024,4.191918e-07,0.00015212287
L-BFGS-B,7102,2.1526247e-07,0.0056876,4.1960618e-07,0.0001521063
L-BFGS-B,7103,2.1515476e-07,0.0056840903,4.1984515e-07,0.00015209088
L-BFGS-B,7104,2.1499302e-07,0.005681268,4.200111e-07,0.0001520633
L-BFGS-B,7105,2.1472698e-07,0.005678082,4.2024033e-07,0.00015202592
L-BFGS-B,7106,2.1470323e-07,0.00568307,4.196285e-07,0.00015198046
L-BFGS-B,7107,2.1472742e-07,0.005692657,4.187049e-07,0.0001519414
L-BFGS-B,7108,2.1491479e-07,0.00570433,4.1754473e-07,0.00015191222
L-BFGS-B,7109,2.1499943e-07,0.005710228,4.1686974e-07,0.00015188265
L-BFGS-B,7110,2.1500942e-07,0.0057103517,4.1667425e-07,0.00015185607
L-BFGS-B,7111,2.1510877e-07,0.005700576,4.1705619e-07,0.00015183049
L-BFGS-B,7112,2.1482549e-07,0.005697446,4.173718e-07,0.00015180405
L-BFGS-B,7113,2.1447191e-07,0.005687973,4.1816963e-07,0.00015177597
L-BFGS-B,7114,2.1411866e-07,0.005677172,4.1901532e-07,0.00015174181
L-BFGS-B,7115,2.1394295e-07,0.0056738663,4.1925406e-07,0.00015171821
L-BFGS-B,7116,2.1384196e-07,0.0056747147,4.1912588e-07,0.00015169231
L-BFGS-B,7117,2.1383825e-07,0.0056758914,4.1891582e-07,0.00015167202
L-BFGS-B,7118,2.1379778e-07,0.00568306,4.184638e-07,0.00015166984
L-BFGS-B,7119,2.1381526e-07,0.005678799,4.1868068e-07,0.00015166237
L-BFGS-B,7120,2.1377485e-07,0.0056817033,4.1845135e-07,0.00015165095
L-BFGS-B,7121,2.1371203e-07,0.005678062,4.1871456e-07,0.0001516446
L-BFGS-B,7122,2.1352798e-07,0.005671781,4.1923352e-07,0.00015163203
L-BFGS-B,7123,2.1350615e-07,0.005674408,4.1910616e-07,0.00015163593
L-BFGS-B,7124,2.1350749e-07,0.0056724483,4.1915715e-07,0.00015162418
L-BFGS-B,7125,2.1338356e-07,0.005663792,4.1976566e-07,0.0001516103
L-BFGS-B,7126,2.1340519e-07,0.0056679347,4.1934422e-07,0.00015159175
L-BFGS-B,7127,2.1358629e-07,0.005676166,4.185468e-07,0.00015158163
L-BFGS-B,7128,2.135156e-07,0.0056772646,4.184778e-07,0.00015157166
L-BFGS-B,7129,2.1343243e-07,0.005675341,4.18639e-07,0.00015156412
L-BFGS-B,7130,2.1316012e-07,0.0056684883,4.192536e-07,0.00015154693
L-BFGS-B,7131,2.1306077e-07,0.0056657256,4.194709e-07,0.00015153701
L-BFGS-B,7132,2.1289429e-07,0.005662316,4.197579e-07,0.00015152099
L-BFGS-B,7133,2.128331e-07,0.005661585,4.1976264e-07,0.00015150521
L-BFGS-B,7134,2.1279133e-07,0.005664075,4.195021e-07,0.00015148477
L-BFGS-B,7135,2.1257796e-07,0.005665263,4.1952933e-07,0.00015146873
L-BFGS-B,7136,2.1274276e-07,0.0056668255,4.190764e-07,0.00015144113
L-BFGS-B,7137,2.1283117e-07,0.005670431,4.186303e-07,0.00015142353
L-BFGS-B,7138,2.127882e-07,0.005700342,4.1689728e-07,0.00015145625
L-BFGS-B,7139,2.1279095e-07,0.0056773224,4.1818475e-07,0.00015141958
L-BFGS-B,7140,2.1288274e-07,0.0056814817,4.1775945e-07,0.00015141114
L-BFGS-B,7141,2.1282257e-07,0.0056815716,4.1775792e-07,0.00015140278
L-BFGS-B,7142,2.1284872e-07,0.005682457,4.1765125e-07,0.00015139957
L-BFGS-B,7143,2.128527e-07,0.0056849252,4.1744303e-07,0.00015139361
L-BFGS-B,7144,2.1283819e-07,0.0056950767,4.1696708e-07,0.00015142155
L-BFGS-B,7145,2.1284565e-07,0.0056866724,4.1732628e-07,0.00015139251
L-BFGS-B,7146,2.12917e-07,0.005684676,4.1743382e-07,0.00015139938
L-BFGS-B,7147,2.1286537e-07,0.005685805,4.1734262e-07,0.00015138925
L-BFGS-B,7148,2.1284087e-07,0.0056871246,4.1729976e-07,0.00015139233
L-BFGS-B,7149,2.1285847e-07,0.0056861932,4.1732335e-07,0.0001513892
L-BFGS-B,7150,2.1283493e-07,0.0056882002,4.171972e-07,0.00015138682
L-BFGS-B,7151,2.1282753e-07,0.005689217,4.1712394e-07,0.00015138488
L-BFGS-B,7152,2.128321e-07,0.0056900973,4.170549e-07,0.00015138403
L-BFGS-B,7153,2.1284393e-07,0.0056930636,4.168243e-07,0.00015138087
L-BFGS-B,7154,2.1285821e-07,0.0056948583,4.166746e-07,0.00015137851
L-BFGS-B,7155,2.1296499e-07,0.0057027177,4.1598636e-07,0.00015136988
L-BFGS-B,7156,2.1295097e-07,0.005708367,4.1554384e-07,0.0001513579
L-BFGS-B,7157,2.1299599e-07,0.005712101,4.1517836e-07,0.00015134717
L-BFGS-B,7158,2.1308223e-07,0.0057137003,4.14907e-07,0.00015133538
L-BFGS-B,7159,2.133184e-07,0.005718945,4.1430758e-07,0.00015133334
L-BFGS-B,7160,2.131745e-07,0.005713673,4.1477645e-07,0.00015132937
L-BFGS-B,7161,2.130662e-07,0.0057123173,4.1495028e-07,0.00015132564
L-BFGS-B,7162,2.1298975e-07,0.005712523,4.1498652e-07,0.00015132167
L-BFGS-B,7163,2.129142e-07,0.005714056,4.1492407e-07,0.0001513163
L-BFGS-B,7164,2.1282669e-07,0.005714726,4.1493877e-07,0.00015131207
L-BFGS-B,7165,2.127456e-07,0.0057156137,4.1492655e-07,0.00015130697
L-BFGS-B,7166,2.1265204e-07,0.005716286,4.1494482e-07,0.00015130237
L-BFGS-B,7167,2.1240776e-07,0.005716805,4.1513766e-07,0.00015129987
L-BFGS-B,7168,2.1250163e-07,0.0057162503,4.150447e-07,0.00015129446
L-BFGS-B,7169,2.1255303e-07,0.005717109,4.149103e-07,0.00015129059
L-BFGS-B,7170,2.1266311e-07,0.005719214,4.1460495e-07,0.00015128235
L-BFGS-B,7171,2.127115e-07,0.00571989,4.1445517e-07,0.00015127391
L-BFGS-B,7172,2.1268855e-07,0.005720351,4.1434762e-07,0.00015125894
L-BFGS-B,7173,2.127505e-07,0.0057004206,4.1752122e-07,0.00015154495
L-BFGS-B,7174,2.1267637e-07,0.0057175485,4.1453652e-07,0.00015125741
L-BFGS-B,7175,2.1254961e-07,0.005716754,4.1463792e-07,0.00015124567
L-BFGS-B,7176,2.1246115e-07,0.005714845,4.148033e-07,0.00015123811
L-BFGS-B,7177,2.12445e-07,0.005711636,4.1499405e-07,0.00015123222
L-BFGS-B,7178,2.1247938e-07,0.00570801,4.151398e-07,0.00015122298
L-BFGS-B,7179,2.1265822e-07,0.0057004346,4.153273e-07,0.00015120217
L-BFGS-B,7180,2.1300052e-07,0.005691952,4.1533346e-07,0.0001511696
L-BFGS-B,7181,2.1330912e-07,0.005688642,4.1503256e-07,0.00015113768
L-BFGS-B,7182,2.1345029e-07,0.0056908852,4.1455883e-07,0.00015111022
L-BFGS-B,7183,2.1362693e-07,0.005694983,4.14023e-07,0.00015109731
L-BFGS-B,7184,2.1482914e-07,0.005718896,4.1596002e-07,0.00015180733
L-BFGS-B,7185,2.136329e-07,0.0056951963,4.139779e-07,0.00015109358
L-BFGS-B,7186,2.1399457e-07,0.005706555,4.129477e-07,0.00015110688
L-BFGS-B,7187,2.1376123e-07,0.0056990217,4.1353437e-07,0.00015108456
L-BFGS-B,7188,2.1379824e-07,0.0057030497,4.1315425e-07,0.00015107336
L-BFGS-B,7189,2.1394528e-07,0.0057046763,4.1278102e-07,0.00015105572
L-BFGS-B,7190,2.1394338e-07,0.0057077203,4.124897e-07,0.00015104216
L-BFGS-B,7191,2.1402445e-07,0.0057084695,4.1222006e-07,0.00015102138
L-BFGS-B,7192,2.1410023e-07,0.005707658,4.1205905e-07,0.00015100048
L-BFGS-B,7193,2.1405353e-07,0.0057113227,4.116787e-07,0.00015097306
L-BFGS-B,7194,2.138945e-07,0.0057079825,4.1192877e-07,0.0001509533
L-BFGS-B,7195,2.1371864e-07,0.005710338,4.1188113e-07,0.00015094335
L-BFGS-B,7196,2.1370009e-07,0.005710413,4.118437e-07,0.0001509357
L-BFGS-B,7197,2.1371413e-07,0.005711805,4.1167107e-07,0.00015092583
L-BFGS-B,7198,2.1375229e-07,0.005713392,4.113659e-07,0.00015090164
L-BFGS-B,7199,2.136975e-07,0.005710137,4.114598e-07,0.00015087496
L-BFGS-B,7200,2.136788e-07,0.005703706,4.1171566e-07,0.00015084623
L-BFGS-B,7201,2.1619303e-07,0.005701496,4.1497304e-07,0.00015168986
L-BFGS-B,7202,2.1385566e-07,0.005697938,4.1183634e-07,0.00015083318
L-BFGS-B,7203,2.1392015e-07,0.0056951446,4.1182471e-07,0.00015081317
L-BFGS-B,7204,2.1369794e-07,0.005689164,4.1234497e-07,0.00015079808
L-BFGS-B,7205,2.1373832e-07,0.0056871907,4.1232684e-07,0.00015078168
L-BFGS-B,7206,2.1377417e-07,0.005691905,4.1193258e-07,0.00015077507
L-BFGS-B,7207,2.1382446e-07,0.005696412,4.1152236e-07,0.00015076614
L-BFGS-B,7208,2.1383966e-07,0.005700929,4.111491e-07,0.00015075761
L-BFGS-B,7209,2.1367757e-07,0.005714627,4.10592e-07,0.0001507867
L-BFGS-B,7210,2.1379184e-07,0.005703407,4.1101725e-07,0.00015075543
L-BFGS-B,7211,2.1381214e-07,0.005707784,4.1065076e-07,0.00015074728
L-BFGS-B,7212,2.1374183e-07,0.0057130563,4.102542e-07,0.00015072996
L-BFGS-B,7213,2.1361144e-07,0.005717217,4.0998958e-07,0.00015071232
L-BFGS-B,7214,2.134705e-07,0.005722864,4.096474e-07,0.00015069633
L-BFGS-B,7215,2.1328272e-07,0.0057302103,4.0925542e-07,0.00015068283
L-BFGS-B,7216,2.1331623e-07,0.005733938,4.0887625e-07,0.00015066826
L-BFGS-B,7217,2.1339451e-07,0.0057405503,4.0822175e-07,0.00015064795
L-BFGS-B,7218,2.1357354e-07,0.0057476885,4.0741637e-07,0.00015062536
L-BFGS-B,7219,2.1364447e-07,0.005749694,4.0714235e-07,0.00015061497
L-BFGS-B,7220,2.1370603e-07,0.005748845,4.070481e-07,0.00015060157
L-BFGS-B,7221,2.1367856e-07,0.0057476396,4.0705405e-07,0.00015058627
L-BFGS-B,7222,2.1360155e-07,0.005745755,4.0706925e-07,0.00015055817
L-BFGS-B,7223,2.1326301e-07,0.0057467087,4.0715702e-07,0.00015053008
L-BFGS-B,7224,2.1317254e-07,0.005745658,4.0716768e-07,0.0001505076
L-BFGS-B,7225,2.1318739e-07,0.0057413983,4.0745337e-07,0.00015051011
L-BFGS-B,7226,2.1315782e-07,0.005743228,4.0726624e-07,0.00015049588
L-BFGS-B,7227,2.1302569e-07,0.0057352185,4.078544e-07,0.0001504842
L-BFGS-B,7228,2.1312331e-07,0.0057353773,4.0764513e-07,0.00015046904
L-BFGS-B,7229,2.1312547e-07,0.005731558,4.07818e-07,0.0001504571
L-BFGS-B,7230,2.1322778e-07,0.0057269335,4.078798e-07,0.00015043547
L-BFGS-B,7231,2.1252607e-07,0.0056658983,4.1408637e-07,0.00015065086
L-BFGS-B,7232,2.1303686e-07,0.0057135974,4.0888335e-07,0.000150424
L-BFGS-B,7233,2.1319414e-07,0.0057138847,4.0854195e-07,0.00015039925
L-BFGS-B,7234,2.1348023e-07,0.0057219956,4.0742955e-07,0.00015035643
L-BFGS-B,7235,2.1354471e-07,0.005728701,4.0672603e-07,0.00015032761
L-BFGS-B,7236,2.1367742e-07,0.005736096,4.058538e-07,0.00015029064
L-BFGS-B,7237,2.1366506e-07,0.005738849,4.0547806e-07,0.00015025996
L-BFGS-B,7238,2.1401696e-07,0.0057472712,4.042141e-07,0.00015020737
L-BFGS-B,7239,2.1355524e-07,0.005731125,4.053116e-07,0.00015014128
L-BFGS-B,7240,2.1403858e-07,0.0057444605,4.0340814e-07,0.00015006162
L-BFGS-B,7241,2.1436527e-07,0.0057593295,4.01423e-07,0.00014996153
L-BFGS-B,7242,2.1439038e-07,0.00577669,3.998512e-07,0.00014990314
L-BFGS-B,7243,2.1437599e-07,0.0057809916,3.990347e-07,0.00014982151
L-BFGS-B,7244,2.138456e-07,0.005791229,3.9820372e-07,0.0001497197
L-BFGS-B,7245,2.1340736e-07,0.005795203,3.978364e-07,0.0001496386
L-BFGS-B,7246,2.16399e-07,0.0059143454,3.9522376e-07,0.00015088686
L-BFGS-B,7247,2.1347795e-07,0.005800405,3.9729883e-07,0.00014962057
L-BFGS-B,7248,2.1329619e-07,0.005790687,3.9784092e-07,0.00014957743
L-BFGS-B,7249,2.1323166e-07,0.005785059,3.981168e-07,0.00014955286
L-BFGS-B,7250,2.1353443e-07,0.0057735923,3.9848933e-07,0.00014953948
L-BFGS-B,7251,2.1344441e-07,0.005780561,3.980073e-07,0.00014952336
L-BFGS-B,7252,2.1323841e-07,0.0057831337,3.9801276e-07,0.00014951901
L-BFGS-B,7253,2.1332828e-07,0.005784944,3.9773514e-07,0.00014950895
L-BFGS-B,7254,2.1341461e-07,0.0057872385,3.9745578e-07,0.00014950294
L-BFGS-B,7255,2.1344283e-07,0.005790179,3.9719285e-07,0.00014949715
L-BFGS-B,7256,2.1346985e-07,0.005793094,3.969177e-07,0.00014948907
L-BFGS-B,7257,2.1347378e-07,0.0057939067,3.9680427e-07,0.00014948077
L-BFGS-B,7258,2.1347977e-07,0.005792431,3.9681814e-07,0.000149469
L-BFGS-B,7259,2.1357505e-07,0.0057893354,3.9694862e-07,0.0001494719
L-BFGS-B,7260,2.1351387e-07,0.005790905,3.9685563e-07,0.00014946448
L-BFGS-B,7261,2.1376331e-07,0.0057963994,3.9619601e-07,0.00014945789
L-BFGS-B,7262,2.1382561e-07,0.0057887454,3.9653182e-07,0.00014944107
L-BFGS-B,7263,2.139066e-07,0.005785629,3.9659977e-07,0.00014943225
L-BFGS-B,7264,2.1402101e-07,0.0057831714,3.9658772e-07,0.00014942302
L-BFGS-B,7265,2.1416255e-07,0.005781236,3.9650956e-07,0.00014941319
L-BFGS-B,7266,2.1443608e-07,0.0057792976,3.9627014e-07,0.0001493989
L-BFGS-B,7267,2.1435957e-07,0.005779727,3.9620804e-07,0.00014938241
L-BFGS-B,7268,2.1428085e-07,0.0057794903,3.9622046e-07,0.00014937011
L-BFGS-B,7269,2.1393146e-07,0.0057871575,3.9613062e-07,0.00014938088
L-BFGS-B,7270,2.1415931e-07,0.005781656,3.9617393e-07,0.00014936655
L-BFGS-B,7271,2.1413878e-07,0.0057795625,3.962923e-07,0.00014936029
L-BFGS-B,7272,2.1411817e-07,0.0057800366,3.962244e-07,0.00014935175
L-BFGS-B,7273,2.1413538e-07,0.0057697087,3.971975e-07,0.00014939702
L-BFGS-B,7274,2.1410933e-07,0.005777038,3.9639866e-07,0.00014934658
L-BFGS-B,7275,2.1417813e-07,0.005778257,3.9616734e-07,0.00014933439
L-BFGS-B,7276,2.1424671e-07,0.005780537,3.9584495e-07,0.00014931912
L-BFGS-B,7277,2.1436355e-07,0.0057846773,3.9536778e-07,0.00014930648
L-BFGS-B,7278,2.144982e-07,0.005791687,3.946431e-07,0.00014928805
L-BFGS-B,7279,2.1466987e-07,0.0057994667,3.937815e-07,0.00014926237
L-BFGS-B,7280,2.148973e-07,0.005805176,3.929564e-07,0.00014922982
L-BFGS-B,7281,2.1513443e-07,0.005813171,3.920021e-07,0.00014920218
L-BFGS-B,7282,2.1506419e-07,0.0058037736,3.9252927e-07,0.00014917675
L-BFGS-B,7283,2.1491493e-07,0.0057851435,3.937956e-07,0.00014915802
L-BFGS-B,7284,2.1453062e-07,0.005777135,3.9467105e-07,0.0001491516
L-BFGS-B,7285,2.1468219e-07,0.005779084,3.943313e-07,0.00014914286
L-BFGS-B,7286,2.1484097e-07,0.0057797064,3.9405805e-07,0.00014913193
L-BFGS-B,7287,2.1489255e-07,0.0057798075,3.939193e-07,0.00014911985
L-BFGS-B,7288,2.1485619e-07,0.005779271,3.9379586e-07,0.00014909051
L-BFGS-B,7289,2.1502777e-07,0.0057761017,3.9372003e-07,0.00014907318
L-BFGS-B,7290,2.1458965e-07,0.0057734796,3.940839e-07,0.00014903583
L-BFGS-B,7291,2.1452063e-07,0.0057724644,3.940761e-07,0.00014901414
L-BFGS-B,7292,2.1435322e-07,0.0057706917,3.9405796e-07,0.0001489686
L-BFGS-B,7293,2.1443468e-07,0.0057726023,3.9367833e-07,0.00014894297
L-BFGS-B,7294,2.1460413e-07,0.0057776547,3.9299832e-07,0.00014891691
L-BFGS-B,7295,2.1475579e-07,0.0057862964,3.9215905e-07,0.00014890019
L-BFGS-B,7296,2.1489656e-07,0.005793369,3.9142702e-07,0.00014888222
L-BFGS-B,7297,2.1507007e-07,0.005802523,3.905671e-07,0.00014887081
L-BFGS-B,7298,2.1508022e-07,0.0058054714,3.902164e-07,0.00014884921
L-BFGS-B,7299,2.150346e-07,0.005803441,3.902599e-07,0.00014882858
L-BFGS-B,7300,2.150627e-07,0.005802315,3.9014895e-07,0.0001488049
L-BFGS-B,7301,2.1577165e-07,0.005841931,3.9230173e-07,0.00014963032
L-BFGS-B,7302,2.1503074e-07,0.0058025303,3.901558e-07,0.00014880329
L-BFGS-B,7303,2.150402e-07,0.0058022253,3.9005013e-07,0.0001487858
L-BFGS-B,7304,2.1498396e-07,0.0057998467,3.9007182e-07,0.00014875684
L-BFGS-B,7305,2.14805e-07,0.0057945508,3.9046816e-07,0.00014873648
L-BFGS-B,7306,2.145381e-07,0.005838841,3.894807e-07,0.00014899124
L-BFGS-B,7307,2.147114e-07,0.0057976726,3.9032975e-07,0.0001487329
L-BFGS-B,7308,2.1366736e-07,0.0057752696,3.930435e-07,0.00014875933
L-BFGS-B,7309,2.1422126e-07,0.005786666,3.913709e-07,0.0001487055
L-BFGS-B,7310,2.1386953e-07,0.005785291,3.9173915e-07,0.0001486942
L-BFGS-B,7311,2.1393058e-07,0.0057882634,3.914112e-07,0.0001486839
L-BFGS-B,7312,2.1396104e-07,0.0057961186,3.9080186e-07,0.00014867562
L-BFGS-B,7313,2.1403513e-07,0.0057944353,3.9082403e-07,0.00014867322
L-BFGS-B,7314,2.1396914e-07,0.005794029,3.908928e-07,0.00014866958
L-BFGS-B,7315,2.1393888e-07,0.0057937712,3.9091987e-07,0.00014866653
L-BFGS-B,7316,2.1393599e-07,0.0057926606,3.9097284e-07,0.00014866293
L-BFGS-B,7317,2.1393546e-07,0.0057915123,3.9100945e-07,0.00014865687
L-BFGS-B,7318,2.1426266e-07,0.00578752,3.9149936e-07,0.0001487395
L-BFGS-B,7319,2.1397314e-07,0.0057899463,3.9105203e-07,0.00014865323
L-BFGS-B,7320,2.1400238e-07,0.0057885624,3.9106132e-07,0.00014864518
L-BFGS-B,7321,2.1400609e-07,0.0057901563,3.908591e-07,0.00014863134
L-BFGS-B,7322,2.1479082e-07,0.0058026053,3.8959885e-07,0.00014868451
L-BFGS-B,7323,2.1421418e-07,0.005792465,3.9043078e-07,0.00014862139
L-BFGS-B,7324,2.1423872e-07,0.0057918993,3.9035055e-07,0.00014860739
L-BFGS-B,7325,2.1429338e-07,0.0057916823,3.9016447e-07,0.0001485855
L-BFGS-B,7326,2.1451633e-07,0.005792566,3.8975017e-07,0.00014856564
L-BFGS-B,7327,2.1436115e-07,0.005801057,3.8924628e-07,0.00014855168
L-BFGS-B,7328,2.144208e-07,0.005791229,3.896846e-07,0.0001485281
L-BFGS-B,7329,2.1426939e-07,0.0057824557,3.9028384e-07,0.00014850753
L-BFGS-B,7330,2.1411628e-07,0.0057787756,3.9056388e-07,0.00014848978
L-BFGS-B,7331,2.1385151e-07,0.005775779,3.9090827e-07,0.00014847175
L-BFGS-B,7332,2.1366245e-07,0.005776042,3.909465e-07,0.00014845176
L-BFGS-B,7333,2.1356857e-07,0.0057729203,3.9111274e-07,0.0001484314
L-BFGS-B,7334,2.1354285e-07,0.005767258,3.9130853e-07,0.00014840029
L-BFGS-B,7335,2.138111e-07,0.0057654306,3.909237e-07,0.00014836453
L-BFGS-B,7336,2.1386002e-07,0.0057640593,3.9081516e-07,0.00014834187
L-BFGS-B,7337,2.1950603e-07,0.006051786,3.9706637e-07,0.00015300373
L-BFGS-B,7338,2.1391251e-07,0.0057688407,3.9040893e-07,0.00014833662
L-BFGS-B,7339,2.1276792e-07,0.005746789,3.9415832e-07,0.00014850682
L-BFGS-B,7340,2.1363934e-07,0.005762436,3.9104265e-07,0.00014832665
L-BFGS-B,7341,2.1352581e-07,0.005767385,3.9064778e-07,0.00014829989
L-BFGS-B,7342,2.1363003e-07,0.0057751136,3.898989e-07,0.00014828047
L-BFGS-B,7343,2.13515e-07,0.0057795476,3.896019e-07,0.000148263
L-BFGS-B,7344,2.1327867e-07,0.005778389,3.8966954e-07,0.00014822613
L-BFGS-B,7345,2.1289519e-07,0.005772271,3.922886e-07,0.00014850029
L-BFGS-B,7346,2.1317292e-07,0.005775907,3.899121e-07,0.00014822182
L-BFGS-B,7347,2.1300536e-07,0.005769469,3.9028566e-07,0.00014818834
L-BFGS-B,7348,2.12929e-07,0.00576228,3.906838e-07,0.00014816472
L-BFGS-B,7349,2.1288191e-07,0.0057586106,3.9089304e-07,0.00014815235
L-BFGS-B,7350,2.1289279e-07,0.005757867,3.9085063e-07,0.00014814019
L-BFGS-B,7351,2.129372e-07,0.0057582185,3.9052878e-07,0.00014810209
L-BFGS-B,7352,2.1303796e-07,0.005767111,3.8944864e-07,0.0001480441
L-BFGS-B,7353,2.1337038e-07,0.005780819,3.8801878e-07,0.00014801657
L-BFGS-B,7354,2.1314409e-07,0.0057851914,3.8763508e-07,0.00014796879
L-BFGS-B,7355,2.131931e-07,0.0057994295,3.8638294e-07,0.0001479307
L-BFGS-B,7356,2.1403005e-07,0.0058514304,3.847333e-07,0.0001483288
L-BFGS-B,7357,2.1324927e-07,0.0058045574,3.8592535e-07,0.00014792176
L-BFGS-B,7358,2.1247433e-07,0.0057953624,3.874081e-07,0.00014793599
L-BFGS-B,7359,2.1288923e-07,0.005799537,3.864681e-07,0.00014789897
L-BFGS-B,7360,2.1340426e-07,0.005813863,3.8491868e-07,0.00014788707
L-BFGS-B,7361,2.1317446e-07,0.005809514,3.8516075e-07,0.00014784542
L-BFGS-B,7362,2.1306107e-07,0.0058054905,3.8539207e-07,0.00014782288
L-BFGS-B,7363,2.1288791e-07,0.005805182,3.8534344e-07,0.00014778652
L-BFGS-B,7364,2.1288669e-07,0.0058114096,3.8480687e-07,0.00014776812
L-BFGS-B,7365,2.1290943e-07,0.005817013,3.84334e-07,0.00014775664
L-BFGS-B,7366,2.1287774e-07,0.0058184452,3.841992e-07,0.00014774599
L-BFGS-B,7367,2.1278775e-07,0.0058174743,3.8424312e-07,0.00014772937
L-BFGS-B,7368,2.126806e-07,0.005812064,3.8461326e-07,0.00014771472
L-BFGS-B,7369,2.1258667e-07,0.0058046486,3.851186e-07,0.00014770227
L-BFGS-B,7370,2.1263423e-07,0.0058008963,3.852571e-07,0.00014769266
L-BFGS-B,7371,2.1246355e-07,0.0057805763,3.8680966e-07,0.00014769673
L-BFGS-B,7372,2.1254687e-07,0.005791331,3.8592881e-07,0.00014768467
L-BFGS-B,7373,2.1268535e-07,0.0057960427,3.8549356e-07,0.00014768727
L-BFGS-B,7374,2.1260058e-07,0.005793073,3.8569672e-07,0.00014767532
L-BFGS-B,7375,2.1267417e-07,0.0057956483,3.8538036e-07,0.00014766466
L-BFGS-B,7376,2.1271754e-07,0.005796018,3.8525204e-07,0.00014765562
L-BFGS-B,7377,2.1275326e-07,0.005795815,3.8517067e-07,0.00014764674
L-BFGS-B,7378,2.1310213e-07,0.005783715,3.8554506e-07,0.00014763423
L-BFGS-B,7379,2.1317415e-07,0.005785433,3.8523714e-07,0.00014761603
L-BFGS-B,7380,2.1303524e-07,0.005788665,3.8500238e-07,0.00014759229
L-BFGS-B,7381,2.1296209e-07,0.0057903607,3.8475562e-07,0.00014756127
L-BFGS-B,7382,2.1294129e-07,0.005793388,3.8439032e-07,0.00014753362
L-BFGS-B,7383,2.1290448e-07,0.005796736,3.840483e-07,0.00014751028
L-BFGS-B,7384,2.1296874e-07,0.0057967766,3.8377772e-07,0.00014747973
L-BFGS-B,7385,2.1307333e-07,0.0057960283,3.8355572e-07,0.00014745464
L-BFGS-B,7386,2.1317187e-07,0.0057928395,3.835265e-07,0.00014743315
L-BFGS-B,7387,2.1334147e-07,0.005791263,3.833211e-07,0.00014741202
L-BFGS-B,7388,2.1345245e-07,0.0057859886,3.8348276e-07,0.00014740016
L-BFGS-B,7389,2.1349322e-07,0.0057906783,3.830686e-07,0.00014739105
L-BFGS-B,7390,2.1351477e-07,0.005792777,3.82866e-07,0.00014738488
L-BFGS-B,7391,2.1351563e-07,0.005795693,3.826351e-07,0.00014737954
L-BFGS-B,7392,2.1357164e-07,0.0058000414,3.8223288e-07,0.00014737109
L-BFGS-B,7393,2.1358291e-07,0.0058026984,3.8192798e-07,0.00014735362
L-BFGS-B,7394,2.1450698e-07,0.005840566,3.8085813e-07,0.00014771042
L-BFGS-B,7395,2.136354e-07,0.00580582,3.8158728e-07,0.0001473416
L-BFGS-B,7396,2.1360417e-07,0.005806114,3.8135659e-07,0.00014730525
L-BFGS-B,7397,2.1340695e-07,0.005800346,3.8175543e-07,0.00014727781
L-BFGS-B,7398,2.1328519e-07,0.005800664,3.8184487e-07,0.00014727615
L-BFGS-B,7399,2.1320126e-07,0.005797341,3.8205292e-07,0.00014726154
L-BFGS-B,7400,2.132369e-07,0.005797172,3.819782e-07,0.00014725399
L-BFGS-B,7401,2.1319946e-07,0.005794301,3.820196e-07,0.00014722586
L-BFGS-B,7402,2.1373789e-07,0.005803978,3.8073293e-07,0.0001472104
L-BFGS-B,7403,2.1342026e-07,0.005796812,3.8135263e-07,0.00014718405
L-BFGS-B,7404,2.132638e-07,0.0057963803,3.812222e-07,0.00014713671
L-BFGS-B,7405,2.132809e-07,0.0057934355,3.8125228e-07,0.00014711433
L-BFGS-B,7406,2.1294383e-07,0.0057940357,3.8137068e-07,0.00014708753
L-BFGS-B,7407,2.1299269e-07,0.005796617,3.81029e-07,0.00014706943
L-BFGS-B,7408,2.1286327e-07,0.0057918103,3.8134246e-07,0.00014704897
L-BFGS-B,7409,2.127428e-07,0.0057871668,3.8171493e-07,0.00014704032
L-BFGS-B,7410,2.1256743e-07,0.0057781595,3.8243306e-07,0.00014703166
L-BFGS-B,7411,2.1255366e-07,0.005773587,3.8270574e-07,0.00014702478
L-BFGS-B,7412,2.1224878e-07,0.0057580774,3.8418412e-07,0.0001470457
L-BFGS-B,7413,2.1245224e-07,0.005768611,3.831135e-07,0.00014702097
L-BFGS-B,7414,2.125378e-07,0.005766859,3.830622e-07,0.00014700858
L-BFGS-B,7415,2.1273671e-07,0.005770731,3.8248677e-07,0.00014699083
L-BFGS-B,7416,2.1288358e-07,0.005774665,3.8198502e-07,0.00014697693
L-BFGS-B,7417,2.1294518e-07,0.005783329,3.8124168e-07,0.00014696132
L-BFGS-B,7418,2.1300073e-07,0.0057965815,3.801504e-07,0.00014693849
L-BFGS-B,7419,2.1305381e-07,0.0058218082,3.783952e-07,0.00014693543
L-BFGS-B,7420,2.1302013e-07,0.0058089425,3.792046e-07,0.00014692314
L-BFGS-B,7421,2.1296326e-07,0.005812295,3.789435e-07,0.00014690896
L-BFGS-B,7422,2.1304284e-07,0.0058128214,3.7874645e-07,0.00014689661
L-BFGS-B,7423,2.1302874e-07,0.005806303,3.7911056e-07,0.00014688392
L-BFGS-B,7424,2.131109e-07,0.0058019743,3.7922803e-07,0.00014687057
L-BFGS-B,7425,2.135614e-07,0.0058099506,3.7835738e-07,0.00014688732
L-BFGS-B,7426,2.1326467e-07,0.005804334,3.7885448e-07,0.0001468612
L-BFGS-B,7427,2.1445986e-07,0.0058140764,3.7837543e-07,0.00014706605
L-BFGS-B,7428,2.1346474e-07,0.005802833,3.786318e-07,0.00014684281
L-BFGS-B,7429,2.1349001e-07,0.005804918,3.7844833e-07,0.00014683993
L-BFGS-B,7430,2.1354012e-07,0.0058098095,3.7800942e-07,0.00014683053
L-BFGS-B,7431,2.1362453e-07,0.0058169686,3.7740153e-07,0.00014682359
L-BFGS-B,7432,2.1366911e-07,0.0058225244,3.7693945e-07,0.00014681653
L-BFGS-B,7433,2.1376121e-07,0.005825543,3.7661522e-07,0.00014681189
L-BFGS-B,7434,2.1396696e-07,0.005827007,3.7634888e-07,0.00014681745
L-BFGS-B,7435,2.1381139e-07,0.005825801,3.7654019e-07,0.00014681075
L-BFGS-B,7436,2.1383556e-07,0.005824588,3.7658782e-07,0.00014680938
L-BFGS-B,7437,2.1386899e-07,0.0058225496,3.7667414e-07,0.00014680697
L-BFGS-B,7438,2.1384729e-07,0.0058196047,3.7687448e-07,0.00014680432
L-BFGS-B,7439,2.1382124e-07,0.005818008,3.7697862e-07,0.00014680006
L-BFGS-B,7440,2.1372725e-07,0.005815189,3.7719855e-07,0.00014679076
L-BFGS-B,7441,2.1355112e-07,0.005816661,3.7720085e-07,0.0001467794
L-BFGS-B,7442,2.1342615e-07,0.005817121,3.7720537e-07,0.00014676593
L-BFGS-B,7443,2.1314655e-07,0.005821697,3.771123e-07,0.00014675579
L-BFGS-B,7444,2.1320592e-07,0.0058312532,3.777848e-07,0.00014696115
L-BFGS-B,7445,2.1312557e-07,0.0058220765,3.7704066e-07,0.0001467457
L-BFGS-B,7446,2.1325671e-07,0.005821688,3.7683202e-07,0.00014673019
L-BFGS-B,7447,2.1328748e-07,0.005817728,3.769082e-07,0.00014670663
L-BFGS-B,7448,2.1335357e-07,0.0058160876,3.768164e-07,0.00014668638
L-BFGS-B,7449,2.1288342e-07,0.0058157262,3.7744073e-07,0.00014670589
L-BFGS-B,7450,2.131497e-07,0.0058151605,3.7699667e-07,0.00014667356
L-BFGS-B,7451,2.1387609e-07,0.005835547,3.7713446e-07,0.00014700704
L-BFGS-B,7452,2.1318894e-07,0.005815283,3.767381e-07,0.00014664189
L-BFGS-B,7453,2.1308942e-07,0.0058195014,3.7640777e-07,0.0001466196
L-BFGS-B,7454,2.1292456e-07,0.005825927,3.7605494e-07,0.0001466062
L-BFGS-B,7455,2.1288092e-07,0.005828592,3.758959e-07,0.00014660244
L-BFGS-B,7456,2.1253007e-07,0.0058306637,3.7612438e-07,0.00014660481
L-BFGS-B,7457,2.1271158e-07,0.0058292355,3.7597138e-07,0.0001465948
L-BFGS-B,7458,2.1256938e-07,0.0058308886,3.7587682e-07,0.00014657581
L-BFGS-B,7459,2.1245205e-07,0.005825816,3.7617215e-07,0.00014655179
L-BFGS-B,7460,2.1228036e-07,0.005814762,3.7685862e-07,0.00014651846
L-BFGS-B,7461,2.1217456e-07,0.005801208,3.7768658e-07,0.00014649125
L-BFGS-B,7462,2.11975e-07,0.0057924218,3.7827874e-07,0.00014646228
L-BFGS-B,7463,2.1208496e-07,0.0057713776,3.7948166e-07,0.00014644877
L-BFGS-B,7464,2.1157524e-07,0.005769495,3.7986422e-07,0.00014641086
L-BFGS-B,7465,2.1163375e-07,0.0057820524,3.7886213e-07,0.0001463949
L-BFGS-B,7466,2.1142901e-07,0.0057867477,3.786431e-07,0.0001463783
L-BFGS-B,7467,2.1113128e-07,0.005781295,3.7908438e-07,0.0001463453
L-BFGS-B,7468,2.1124792e-07,0.0057806973,3.7877984e-07,0.00014631114
L-BFGS-B,7469,2.1139174e-07,0.0057787756,3.7837907e-07,0.00014625338
L-BFGS-B,7470,2.1155033e-07,0.0057826657,3.7776041e-07,0.00014622328
L-BFGS-B,7471,2.1139427e-07,0.0057745744,3.783376e-07,0.00014620552
L-BFGS-B,7472,2.1149253e-07,0.0057885847,3.769133e-07,0.00014614672
L-BFGS-B,7473,2.1142348e-07,0.0057939007,3.7660303e-07,0.000146143
L-BFGS-B,7474,2.1151872e-07,0.0057951296,3.7620333e-07,0.00014610961
L-BFGS-B,7475,2.1177489e-07,0.0058025713,3.7530125e-07,0.00014608714
L-BFGS-B,7476,2.1180281e-07,0.0058038095,3.750385e-07,0.0001460643
L-BFGS-B,7477,2.1180978e-07,0.0058057187,3.746673e-07,0.00014602875
L-BFGS-B,7478,2.1204907e-07,0.005813513,3.7383626e-07,0.00014601793
L-BFGS-B,7479,2.1186948e-07,0.0058090626,3.741623e-07,0.0001459954
L-BFGS-B,7480,2.1169498e-07,0.0058067394,3.7426062e-07,0.00014596073
L-BFGS-B,7481,2.1119021e-07,0.0057959077,3.7542438e-07,0.00014595126
L-BFGS-B,7482,2.1132213e-07,0.0057921843,3.7525172e-07,0.00014590792
L-BFGS-B,7483,2.1137987e-07,0.0057937996,3.7482545e-07,0.00014586879
L-BFGS-B,7484,2.1099922e-07,0.005777764,3.7584658e-07,0.00014580452
L-BFGS-B,7485,2.102098e-07,0.0057484037,3.7807706e-07,0.00014572707
L-BFGS-B,7486,2.1013761e-07,0.005740731,3.7860454e-07,0.00014571863
L-BFGS-B,7487,2.0992458e-07,0.005736415,3.788217e-07,0.00014567608
L-BFGS-B,7488,2.0988189e-07,0.00573216,3.7903365e-07,0.00014565892
L-BFGS-B,7489,2.0999393e-07,0.0057355287,3.7856879e-07,0.00014563969
L-BFGS-B,7490,2.0994257e-07,0.0057365946,3.7838606e-07,0.00014561524
L-BFGS-B,7491,2.1033013e-07,0.005740466,3.7811236e-07,0.00014567105
L-BFGS-B,7492,2.1002865e-07,0.005736892,3.78201e-07,0.00014560336
L-BFGS-B,7493,2.1063197e-07,0.005748374,3.770404e-07,0.00014563459
L-BFGS-B,7494,2.1024162e-07,0.005739757,3.7761717e-07,0.00014557638
L-BFGS-B,7495,2.0974628e-07,0.005730947,3.7855372e-07,0.00014555447
L-BFGS-B,7496,2.099365e-07,0.005741768,3.7745812e-07,0.00014552688
L-BFGS-B,7497,2.1007875e-07,0.0057465862,3.7687124e-07,0.00014550835
L-BFGS-B,7498,2.1027105e-07,0.005758754,3.7573682e-07,0.00014548871
L-BFGS-B,7499,2.1036338e-07,0.005766937,3.7496827e-07,0.00014546912
L-BFGS-B,7500,2.1036563e-07,0.00577313,3.744342e-07,0.00014545127
L-BFGS-B,7501,2.103107e-07,0.005775371,3.7425136e-07,0.00014543801
L-BFGS-B,7502,2.1025119e-07,0.0057781595,3.7404496e-07,0.00014542602
L-BFGS-B,7503,2.1019983e-07,0.0057818843,3.737632e-07,0.0001454133
L-BFGS-B,7504,2.1034741e-07,0.0057883314,3.730797e-07,0.00014539738
L-BFGS-B,7505,2.1003076e-07,0.0057896636,3.7365106e-07,0.00014544891
L-BFGS-B,7506,2.1021553e-07,0.005787518,3.7318108e-07,0.00014538466
L-BFGS-B,7507,2.1026273e-07,0.0057912534,3.7275956e-07,0.00014536588
L-BFGS-B,7508,2.1049725e-07,0.0058002155,3.7177244e-07,0.00014534261
L-BFGS-B,7509,2.1032177e-07,0.0058017625,3.7170443e-07,0.00014532155
L-BFGS-B,7510,2.1004928e-07,0.0057948,3.722914e-07,0.0001452991
L-BFGS-B,7511,2.0967687e-07,0.005791259,3.7281538e-07,0.00014528642
L-BFGS-B,7512,2.095546e-07,0.005784012,3.7337435e-07,0.00014527945
L-BFGS-B,7513,2.0952922e-07,0.0057801316,3.7360485e-07,0.00014527142
L-BFGS-B,7514,2.0950198e-07,0.0057776845,3.7373655e-07,0.00014526263
L-BFGS-B,7515,2.0938005e-07,0.0057642045,3.7469982e-07,0.00014525402
L-BFGS-B,7516,2.0938974e-07,0.0057682614,3.7431394e-07,0.00014523817
L-BFGS-B,7517,2.0934681e-07,0.0057717357,3.7402503e-07,0.00014522314
L-BFGS-B,7518,2.0929383e-07,0.0057737157,3.738284e-07,0.0001452055
L-BFGS-B,7519,2.0947805e-07,0.0057588806,3.7458912e-07,0.00014519888
L-BFGS-B,7520,2.0916696e-07,0.00578106,3.7340376e-07,0.00014519622
L-BFGS-B,7521,2.0913687e-07,0.005770402,3.7387352e-07,0.00014515559
L-BFGS-B,7522,2.0916407e-07,0.005764542,3.7409896e-07,0.00014513488
L-BFGS-B,7523,2.0912476e-07,0.0057581463,3.7433708e-07,0.00014510074
L-BFGS-B,7524,2.0910696e-07,0.0057568103,3.742522e-07,0.00014507197
L-BFGS-B,7525,2.0904147e-07,0.005756461,3.7411405e-07,0.00014503793
L-BFGS-B,7526,2.08998e-07,0.0057582613,3.7378624e-07,0.00014500025
L-BFGS-B,7527,2.0884237e-07,0.0057528634,3.7395546e-07,0.00014494831
L-BFGS-B,7528,2.0884234e-07,0.005747238,3.7391678e-07,0.00014488625
L-BFGS-B,7529,2.0894213e-07,0.005731211,3.73956e-07,0.00014474682
L-BFGS-B,7530,2.0991824e-07,0.00580644,3.74231e-07,0.00014568679
L-BFGS-B,7531,2.089364e-07,0.005730917,3.739261e-07,0.00014473854
L-BFGS-B,7532,2.0913684e-07,0.0057327487,3.7325648e-07,0.00014468649
L-BFGS-B,7533,2.0957907e-07,0.005735535,3.7227989e-07,0.00014463419
L-BFGS-B,7534,2.1003001e-07,0.0057487106,3.7065317e-07,0.00014458958
L-BFGS-B,7535,2.1052877e-07,0.0057404377,3.705305e-07,0.00014456327
L-BFGS-B,7536,2.1025447e-07,0.005745309,3.7025634e-07,0.00014452971
L-BFGS-B,7537,2.0999845e-07,0.0057416265,3.7061383e-07,0.0001445081
L-BFGS-B,7538,2.0976364e-07,0.0057292418,3.7152338e-07,0.00014448547
L-BFGS-B,7539,2.0982027e-07,0.0057166433,3.7209105e-07,0.00014445312
L-BFGS-B,7540,2.0979667e-07,0.0057045994,3.7260983e-07,0.00014440696
L-BFGS-B,7541,2.0986269e-07,0.005688878,3.729196e-07,0.00014430612
L-BFGS-B,7542,2.1375615e-07,0.005553009,4.0859413e-07,0.00014888262
L-BFGS-B,7543,2.0987476e-07,0.005675636,3.7375872e-07,0.00014430139
L-BFGS-B,7544,2.1017966e-07,0.005685524,3.722518e-07,0.00014421996
L-BFGS-B,7545,2.1034228e-07,0.005697775,3.709523e-07,0.00014417194
L-BFGS-B,7546,2.4871204e-07,0.007331436,4.411935e-07,0.0001768002
L-BFGS-B,7547,2.1001095e-07,0.005698668,3.7134885e-07,0.00014419065
L-BFGS-B,7548,2.1020638e-07,0.0056975633,3.7101944e-07,0.0001441595
L-BFGS-B,7549,2.105382e-07,0.00570671,3.69746e-07,0.00014410973
L-BFGS-B,7550,2.1096685e-07,0.005719455,3.6799557e-07,0.0001440389
L-BFGS-B,7551,2.1086166e-07,0.0057144864,3.6836965e-07,0.00014402956
L-BFGS-B,7552,2.1119727e-07,0.005720156,3.6742387e-07,0.00014399472
L-BFGS-B,7553,2.1096147e-07,0.0057086837,3.682517e-07,0.00014396882
L-BFGS-B,7554,2.1066116e-07,0.005696678,3.6918735e-07,0.00014394405
L-BFGS-B,7555,2.1048078e-07,0.0056843557,3.6991923e-07,0.00014390357
L-BFGS-B,7556,2.1046039e-07,0.0056783347,3.7006953e-07,0.00014386284
L-BFGS-B,7557,2.1018313e-07,0.00567773,3.7028627e-07,0.0001438477
L-BFGS-B,7558,2.1048645e-07,0.005680344,3.6957886e-07,0.00014381323
L-BFGS-B,7559,2.1062414e-07,0.0056817317,3.692169e-07,0.00014379347
L-BFGS-B,7560,2.1086315e-07,0.005688324,3.6838128e-07,0.0001437699
L-BFGS-B,7561,2.1097175e-07,0.0056878403,3.681861e-07,0.00014375208
L-BFGS-B,7562,2.1092906e-07,0.0056864237,3.681641e-07,0.00014372822
L-BFGS-B,7563,2.108078e-07,0.005680564,3.6859657e-07,0.00014371629
L-BFGS-B,7564,2.1067373e-07,0.0056752735,3.6899e-07,0.00014370229
L-BFGS-B,7565,2.1075991e-07,0.0056754057,3.6881863e-07,0.00014369084
L-BFGS-B,7566,2.1081257e-07,0.005676891,3.685934e-07,0.0001436798
L-BFGS-B,7567,2.1096885e-07,0.005679238,3.6819475e-07,0.00014366693
L-BFGS-B,7568,2.1096047e-07,0.005678028,3.6821493e-07,0.0001436566
L-BFGS-B,7569,2.1120265e-07,0.0056794956,3.678057e-07,0.0001436462
L-BFGS-B,7570,2.1108644e-07,0.0056793015,3.6809874e-07,0.0001436708
L-BFGS-B,7571,2.1113888e-07,0.005678149,3.678882e-07,0.00014363555
L-BFGS-B,7572,2.110699e-07,0.0056774286,3.6790757e-07,0.00014362091
L-BFGS-B,7573,2.110215e-07,0.005677992,3.6760898e-07,0.00014357449
L-BFGS-B,7574,2.1089966e-07,0.005677752,3.6755182e-07,0.00014354524
L-BFGS-B,7575,2.1078299e-07,0.0056772563,3.6746627e-07,0.00014350994
L-BFGS-B,7576,2.1091397e-07,0.005666038,3.6801424e-07,0.00014349961
L-BFGS-B,7577,2.1086986e-07,0.005681115,3.6693348e-07,0.00014348165
L-BFGS-B,7578,2.1096031e-07,0.005681983,3.667054e-07,0.00014346969
L-BFGS-B,7579,2.110574e-07,0.0056816963,3.6651102e-07,0.00014345223
L-BFGS-B,7580,2.1107617e-07,0.0056802495,3.6649777e-07,0.00014343858
L-BFGS-B,7581,2.1099203e-07,0.00567781,3.666445e-07,0.00014342357
L-BFGS-B,7582,2.1074993e-07,0.0056751375,3.6695022e-07,0.00014340639
L-BFGS-B,7583,2.1057544e-07,0.0056654452,3.697623e-07,0.00014370511
L-BFGS-B,7584,2.1063242e-07,0.0056703934,3.6728707e-07,0.00014339185
L-BFGS-B,7585,2.1048461e-07,0.00567223,3.6716722e-07,0.00014337008
L-BFGS-B,7586,2.1036037e-07,0.0056728516,3.671006e-07,0.00014334766
L-BFGS-B,7587,2.1018944e-07,0.0056749303,3.6714465e-07,0.00014334942
L-BFGS-B,7588,2.1025834e-07,0.0056734714,3.6707743e-07,0.00014333507
L-BFGS-B,7589,2.1039558e-07,0.0056788535,3.6649314e-07,0.00014332184
L-BFGS-B,7590,2.103626e-07,0.00568286,3.66195e-07,0.00014331224
L-BFGS-B,7591,2.1042109e-07,0.0056887846,3.656322e-07,0.00014329584
L-BFGS-B,7592,2.1060839e-07,0.005694594,3.64863e-07,0.00014326665
L-BFGS-B,7593,2.1072606e-07,0.005708583,3.6371776e-07,0.0001432524
L-BFGS-B,7594,2.1061494e-07,0.0057102945,3.635998e-07,0.00014323516
L-BFGS-B,7595,2.1052934e-07,0.0057111266,3.6356496e-07,0.0001432254
L-BFGS-B,7596,2.1041974e-07,0.0057118125,3.6359447e-07,0.00014322026
L-BFGS-B,7597,2.1031141e-07,0.00570857,3.638711e-07,0.00014321308
L-BFGS-B,7598,2.1030199e-07,0.005706191,3.6399746e-07,0.00014320682
L-BFGS-B,7599,2.1026305e-07,0.005703717,3.6418703e-07,0.00014320468
L-BFGS-B,7600,2.1024424e-07,0.0057031736,3.6421386e-07,0.00014320045
L-BFGS-B,7601,2.1024066e-07,0.005699485,3.6442924e-07,0.00014319533
L-BFGS-B,7602,2.1061963e-07,0.005720223,3.6334023e-07,0.0001432962
L-BFGS-B,7603,2.1028262e-07,0.0057022516,3.6417046e-07,0.00014319047
L-BFGS-B,7604,2.1016132e-07,0.005702506,3.6416347e-07,0.00014317376
L-BFGS-B,7605,2.1007503e-07,0.005705295,3.6391395e-07,0.0001431513
L-BFGS-B,7606,2.1001604e-07,0.005710994,3.634083e-07,0.00014312359
L-BFGS-B,7607,2.1013558e-07,0.005721468,3.6240968e-07,0.00014309646
L-BFGS-B,7608,2.1018249e-07,0.0057297135,3.6151985e-07,0.00014305249
L-BFGS-B,7609,2.1044222e-07,0.0057461467,3.5984823e-07,0.00014300503
L-BFGS-B,7610,2.1198696e-07,0.0057751657,3.556206e-07,0.0001428928
L-BFGS-B,7611,2.1196118e-07,0.005814352,3.5228865e-07,0.00014278099
L-BFGS-B,7612,2.1203029e-07,0.0058115553,3.5164592e-07,0.00014266698
L-BFGS-B,7613,2.1165684e-07,0.0057602203,3.5438475e-07,0.00014250843
L-BFGS-B,7614,2.122098e-07,0.0057733413,3.5222266e-07,0.00014239829
L-BFGS-B,7615,2.1279567e-07,0.005781919,3.50274e-07,0.00014227963
L-BFGS-B,7616,2.1326377e-07,0.005805189,3.4962426e-07,0.00014248509
L-BFGS-B,7617,2.1282902e-07,0.00578381,3.499662e-07,0.00014225737
L-BFGS-B,7618,2.1284131e-07,0.0057740607,3.499218e-07,0.00014215507
L-BFGS-B,7619,2.1332627e-07,0.005779444,3.4899765e-07,0.00014214302
L-BFGS-B,7620,2.1302715e-07,0.005774475,3.494063e-07,0.00014210977
L-BFGS-B,7621,2.1330074e-07,0.0057794675,3.4840065e-07,0.00014204989
L-BFGS-B,7622,2.1915912e-07,0.0059863436,3.559686e-07,0.0001461326
L-BFGS-B,7623,2.1332923e-07,0.005779301,3.4834684e-07,0.00014204442
L-BFGS-B,7624,2.1322988e-07,0.0057751797,3.4851135e-07,0.00014201298
L-BFGS-B,7625,2.1315712e-07,0.0057702214,3.487466e-07,0.00014198778
L-BFGS-B,7626,2.1309116e-07,0.005762219,3.4919145e-07,0.00014196459
L-BFGS-B,7627,2.1304307e-07,0.0057547586,3.4952959e-07,0.00014193347
L-BFGS-B,7628,2.130068e-07,0.0057455455,3.498651e-07,0.00014188624
L-BFGS-B,7629,2.1287606e-07,0.005741669,3.5004695e-07,0.00014185514
L-BFGS-B,7630,2.1809959e-07,0.00586357,3.4459015e-07,0.00014303916
L-BFGS-B,7631,2.1315128e-07,0.0057467846,3.4937798e-07,0.00014184724
L-BFGS-B,7632,2.1305704e-07,0.0057464377,3.493373e-07,0.00014182352
L-BFGS-B,7633,2.1285102e-07,0.0057503367,3.4915018e-07,0.00014180355
L-BFGS-B,7634,2.1313203e-07,0.005758698,3.4815363e-07,0.00014177982
L-BFGS-B,7635,2.1320089e-07,0.0057630157,3.4756494e-07,0.00014174503
L-BFGS-B,7636,2.1473004e-07,0.0058206986,3.449742e-07,0.00014216262
L-BFGS-B,7637,2.1338019e-07,0.0057684383,3.4689623e-07,0.00014172585
L-BFGS-B,7638,2.132639e-07,0.005766355,3.46896e-07,0.00014168753
L-BFGS-B,7639,2.1304699e-07,0.005755251,3.4761015e-07,0.00014165108
L-BFGS-B,7640,2.1270773e-07,0.005732308,3.4916297e-07,0.00014160368
L-BFGS-B,7641,2.121866e-07,0.005703522,3.5124717e-07,0.00014155028
L-BFGS-B,7642,2.127055e-07,0.0057046404,3.5036138e-07,0.00014150643
L-BFGS-B,7643,2.1290076e-07,0.00570097,3.5017754e-07,0.00014147145
L-BFGS-B,7644,2.1324117e-07,0.005700089,3.4971936e-07,0.00014144497
L-BFGS-B,7645,2.1357299e-07,0.0057008443,3.491731e-07,0.00014142036
L-BFGS-B,7646,2.1389081e-07,0.005705689,3.4841915e-07,0.00014140338
L-BFGS-B,7647,2.139686e-07,0.0057053794,3.482253e-07,0.00014138287
L-BFGS-B,7648,2.1384085e-07,0.0057066497,3.4814772e-07,0.00014136478
L-BFGS-B,7649,2.1361606e-07,0.005707288,3.482116e-07,0.00014134703
L-BFGS-B,7650,2.1486616e-07,0.0058356067,3.5509683e-07,0.00014385051
L-BFGS-B,7651,2.1353237e-07,0.005708881,3.481511e-07,0.00014134133
L-BFGS-B,7652,2.132856e-07,0.005704041,3.4853048e-07,0.00014131282
L-BFGS-B,7653,2.1292946e-07,0.0057174596,3.4822602e-07,0.00014134792
L-BFGS-B,7654,2.130928e-07,0.005707754,3.4833124e-07,0.00014129115
L-BFGS-B,7655,2.1354101e-07,0.005711943,3.4738008e-07,0.0001412576
L-BFGS-B,7656,2.1364723e-07,0.0057098237,3.4720375e-07,0.00014122587
L-BFGS-B,7657,2.1378119e-07,0.0057123695,3.4678385e-07,0.00014120845
L-BFGS-B,7658,2.1385577e-07,0.005715663,3.4634775e-07,0.00014118716
L-BFGS-B,7659,2.1387565e-07,0.0057275128,3.4543828e-07,0.00014117222
L-BFGS-B,7660,2.1367502e-07,0.005720236,3.4601305e-07,0.00014115556
L-BFGS-B,7661,2.1360306e-07,0.005715961,3.4614064e-07,0.00014112116
L-BFGS-B,7662,2.1351964e-07,0.005714689,3.46164e-07,0.00014109943
L-BFGS-B,7663,2.1348794e-07,0.0057106568,3.4638046e-07,0.00014108681
L-BFGS-B,7664,2.1347482e-07,0.005710263,3.4634755e-07,0.00014107599
L-BFGS-B,7665,2.1348579e-07,0.0057111387,3.4618924e-07,0.00014106263
L-BFGS-B,7666,2.1357401e-07,0.005710644,3.4607572e-07,0.0001410539
L-BFGS-B,7667,2.1366682e-07,0.005708232,3.4607223e-07,0.00014104317
L-BFGS-B,7668,2.1374814e-07,0.0057060206,3.4609437e-07,0.00014103658
L-BFGS-B,7669,2.1375571e-07,0.0057062376,3.4603283e-07,0.00014103066
L-BFGS-B,7670,2.137218e-07,0.005707354,3.459512e-07,0.00014102449
L-BFGS-B,7671,2.1394858e-07,0.005713467,3.4534034e-07,0.00014102801
L-BFGS-B,7672,2.1381616e-07,0.0057098283,3.456568e-07,0.00014101922
L-BFGS-B,7673,2.1369003e-07,0.005713167,3.454684e-07,0.00014100544
L-BFGS-B,7674,2.136359e-07,0.005713292,3.4541878e-07,0.00014099112
L-BFGS-B,7675,2.1367022e-07,0.0057136505,3.4516026e-07,0.00014096107
L-BFGS-B,7676,2.1382783e-07,0.005718353,3.446184e-07,0.00014095046
L-BFGS-B,7677,2.1391011e-07,0.005720414,3.4434095e-07,0.0001409418
L-BFGS-B,7678,2.1399116e-07,0.0057218224,3.4413918e-07,0.00014093777
L-BFGS-B,7679,2.141201e-07,0.005725431,3.4373164e-07,0.00014093207
L-BFGS-B,7680,2.142965e-07,0.005728944,3.4326558e-07,0.00014092376
L-BFGS-B,7681,2.1454434e-07,0.005737808,3.4248868e-07,0.00014093303
L-BFGS-B,7682,2.1438657e-07,0.005731978,3.4293052e-07,0.00014091734
L-BFGS-B,7683,2.1441399e-07,0.005723389,3.4356054e-07,0.00014093006
L-BFGS-B,7684,2.143768e-07,0.0057276636,3.431251e-07,0.00014090192
L-BFGS-B,7685,2.1514063e-07,0.0057471,3.41307e-07,0.00014093814
L-BFGS-B,7686,2.1461662e-07,0.00573305,3.424551e-07,0.00014089126
L-BFGS-B,7687,2.1460468e-07,0.005727234,3.4273899e-07,0.00014087389
L-BFGS-B,7688,2.1458187e-07,0.00572104,3.4302005e-07,0.0001408507
L-BFGS-B,7689,2.1454188e-07,0.0057178847,3.4317839e-07,0.00014083688
L-BFGS-B,7690,2.1459044e-07,0.0057183616,3.4292825e-07,0.00014081142
L-BFGS-B,7691,2.1466286e-07,0.0057204636,3.4253387e-07,0.00014078415
L-BFGS-B,7692,2.1470889e-07,0.0057260864,3.419076e-07,0.00014075334
L-BFGS-B,7693,2.149843e-07,0.0057450086,3.400243e-07,0.00014070138
L-BFGS-B,7694,2.1501505e-07,0.005743956,3.399477e-07,0.00014068397
L-BFGS-B,7695,2.1498883e-07,0.0057439706,3.3981124e-07,0.00014065971
L-BFGS-B,7696,2.1493965e-07,0.005743166,3.397387e-07,0.0001406334
L-BFGS-B,7697,2.149519e-07,0.0057352344,3.4012808e-07,0.00014061434
L-BFGS-B,7698,2.1501698e-07,0.005733163,3.4011268e-07,0.00014060109
L-BFGS-B,7699,2.1502751e-07,0.0057353643,3.3986086e-07,0.0001405869
L-BFGS-B,7700,2.151483e-07,0.0057412637,3.392358e-07,0.00014057025
L-BFGS-B,7701,2.1496587e-07,0.0057485187,3.3883424e-07,0.0001405552
L-BFGS-B,7702,2.1480574e-07,0.0057596765,3.380823e-07,0.00014052997
L-BFGS-B,7703,2.1423881e-07,0.005751003,3.393152e-07,0.00014054312
L-BFGS-B,7704,2.1451704e-07,0.0057548606,3.3856054e-07,0.00014051024
L-BFGS-B,7705,2.1351136e-07,0.0058400645,3.3509022e-07,0.00014069089
L-BFGS-B,7706,2.1419599e-07,0.0057753637,3.373071e-07,0.0001404791
L-BFGS-B,7707,2.1429659e-07,0.0057789446,3.3680612e-07,0.00014045485
L-BFGS-B,7708,2.1458445e-07,0.0057780645,3.3632088e-07,0.00014041644
L-BFGS-B,7709,2.1473983e-07,0.005778493,3.359141e-07,0.00014038301
L-BFGS-B,7710,2.1493594e-07,0.0057768566,3.3554463e-07,0.00014034065
L-BFGS-B,7711,2.1493614e-07,0.0057827183,3.348465e-07,0.00014029458
L-BFGS-B,7712,2.1479391e-07,0.0057890895,3.3429515e-07,0.00014025425
L-BFGS-B,7713,2.1486511e-07,0.005792753,3.337753e-07,0.0001402236
L-BFGS-B,7714,2.1494577e-07,0.0057900385,3.336396e-07,0.00014018819
L-BFGS-B,7715,2.156265e-07,0.005838232,3.3071044e-07,0.00014033286
L-BFGS-B,7716,2.1504616e-07,0.0058000917,3.3272872e-07,0.00014016715
L-BFGS-B,7717,2.2666923e-07,0.0062915557,3.5355572e-07,0.0001499493
L-BFGS-B,7718,2.1493433e-07,0.0057963585,3.3298906e-07,0.00014015209
L-BFGS-B,7719,2.146128e-07,0.0057880245,3.3364228e-07,0.0001401185
L-BFGS-B,7720,2.144031e-07,0.0057782503,3.344334e-07,0.00014010798
L-BFGS-B,7721,2.1416794e-07,0.0057754763,3.3473233e-07,0.0001400898
L-BFGS-B,7722,2.1408867e-07,0.005776448,3.3470482e-07,0.0001400835
L-BFGS-B,7723,2.1387264e-07,0.005777495,3.3479165e-07,0.00014007458
L-BFGS-B,7724,2.1384967e-07,0.00578027,3.3459736e-07,0.00014006975
L-BFGS-B,7725,2.1380406e-07,0.005778959,3.3466142e-07,0.00014005942
L-BFGS-B,7726,2.1370923e-07,0.0057765646,3.348132e-07,0.00014004401
L-BFGS-B,7727,2.136138e-07,0.005775476,3.3484045e-07,0.0001400229
L-BFGS-B,7728,2.1348687e-07,0.005775478,3.3474709e-07,0.00013998988
L-BFGS-B,7729,2.1293992e-07,0.005777675,3.3504224e-07,0.00013997407
L-BFGS-B,7730,2.1318247e-07,0.005782953,3.3415932e-07,0.0001399308
L-BFGS-B,7731,2.1320918e-07,0.005788221,3.33548e-07,0.00013989578
L-BFGS-B,7732,2.1305591e-07,0.005794192,3.3301285e-07,0.00013985223
L-BFGS-B,7733,2.1274602e-07,0.005798603,3.3275393e-07,0.00013981102
L-BFGS-B,7734,2.1245638e-07,0.005802098,3.3247963e-07,0.00013976138
L-BFGS-B,7735,2.1280212e-07,0.005844012,3.3136334e-07,0.00014006493
L-BFGS-B,7736,2.124436e-07,0.0058056396,3.3214545e-07,0.00013974475
L-BFGS-B,7737,2.1245359e-07,0.0058178445,3.3084095e-07,0.00013967263
L-BFGS-B,7738,2.1265286e-07,0.0058184774,3.302273e-07,0.0001396168
L-BFGS-B,7739,2.1286851e-07,0.005815336,3.2989868e-07,0.00013956844
L-BFGS-B,7740,2.1282852e-07,0.005822767,3.2922665e-07,0.00013953596
L-BFGS-B,7741,2.125616e-07,0.005826378,3.2903844e-07,0.00013950378
L-BFGS-B,7742,2.1238205e-07,0.005832901,3.2860268e-07,0.00013947672
L-BFGS-B,7743,2.1194664e-07,0.0058169574,3.3077023e-07,0.00013957711
L-BFGS-B,7744,2.1219076e-07,0.0058278353,3.290282e-07,0.00013946119
L-BFGS-B,7745,2.1224673e-07,0.0058062766,3.3050395e-07,0.00013947536
L-BFGS-B,7746,2.1217373e-07,0.0058174813,3.2959102e-07,0.00013943952
L-BFGS-B,7747,2.1185949e-07,0.005806901,3.304033e-07,0.00013940842
L-BFGS-B,7748,2.1169943e-07,0.005795639,3.3117178e-07,0.00013938708
L-BFGS-B,7749,2.1166994e-07,0.0057948693,3.3118638e-07,0.00013937714
L-BFGS-B,7750,2.1182842e-07,0.005795661,3.3089168e-07,0.00013936462
L-BFGS-B,7751,2.1188258e-07,0.005801321,3.3034135e-07,0.0001393468
L-BFGS-B,7752,2.1209867e-07,0.0058091963,3.2935827e-07,0.0001393105
L-BFGS-B,7753,2.1226138e-07,0.0058215684,3.2817923e-07,0.00013928178
L-BFGS-B,7754,2.122976e-07,0.0058178464,3.2830377e-07,0.00013926867
L-BFGS-B,7755,2.1215118e-07,0.0058175367,3.2842982e-07,0.00013926251
L-BFGS-B,7756,2.1216643e-07,0.005816751,3.2841274e-07,0.00013925438
L-BFGS-B,7757,2.1214358e-07,0.005817067,3.283497e-07,0.00013924466
L-BFGS-B,7758,2.1205693e-07,0.0058180536,3.2831275e-07,0.00013923598
L-BFGS-B,7759,2.1194826e-07,0.005818301,3.2834302e-07,0.0001392267
L-BFGS-B,7760,2.1181553e-07,0.0058216127,3.2819602e-07,0.00013921787
L-BFGS-B,7761,2.11718e-07,0.00582353,3.2810118e-07,0.00013920818
L-BFGS-B,7762,2.1160007e-07,0.005823288,3.2812457e-07,0.00013919157
L-BFGS-B,7763,2.1164796e-07,0.00582901,3.275862e-07,0.00013917523
L-BFGS-B,7764,2.1136655e-07,0.0058200755,3.283417e-07,0.000139157
L-BFGS-B,7765,2.1130923e-07,0.0058180373,3.2835288e-07,0.0001391297
L-BFGS-B,7766,2.1182588e-07,0.0058275675,3.2715772e-07,0.0001391232
L-BFGS-B,7767,2.1164333e-07,0.005821358,3.275279e-07,0.00013908927
L-BFGS-B,7768,2.11358e-07,0.005816833,3.280436e-07,0.00013907858
L-BFGS-B,7769,2.112936e-07,0.0058156587,3.2811988e-07,0.00013906861
L-BFGS-B,7770,2.1129392e-07,0.005816203,3.280385e-07,0.0001390619
L-BFGS-B,7771,2.1155938e-07,0.0058181863,3.281752e-07,0.00013914204
L-BFGS-B,7772,2.1132043e-07,0.0058158664,3.2801637e-07,0.00013905918
L-BFGS-B,7773,2.1128382e-07,0.0058155446,3.280098e-07,0.00013904949
L-BFGS-B,7774,2.1116797e-07,0.0058112196,3.2829774e-07,0.00013903205
L-BFGS-B,7775,2.1120245e-07,0.0058091595,3.2831903e-07,0.00013901982
L-BFGS-B,7776,2.1123452e-07,0.0058048833,3.28501e-07,0.00013900915
L-BFGS-B,7777,2.1164631e-07,0.005796423,3.2870074e-07,0.00013901628
L-BFGS-B,7778,2.1139755e-07,0.0058007846,3.285675e-07,0.0001390026
L-BFGS-B,7779,2.1149201e-07,0.0057999627,3.2844403e-07,0.00013899003
L-BFGS-B,7780,2.1144747e-07,0.0058041974,3.280911e-07,0.00013897275
L-BFGS-B,7781,2.1141085e-07,0.005811021,3.2758692e-07,0.00013895988
L-BFGS-B,7782,2.114275e-07,0.005817725,3.2705134e-07,0.00013894908
L-BFGS-B,7783,2.1140539e-07,0.005823437,3.2657388e-07,0.00013893127
L-BFGS-B,7784,2.1152808e-07,0.00582653,3.2609793e-07,0.0001389092
L-BFGS-B,7785,2.1143501e-07,0.0058220737,3.2629055e-07,0.00013887956
L-BFGS-B,7786,2.116258e-07,0.0058145206,3.2638343e-07,0.00013884659
L-BFGS-B,7787,2.1163127e-07,0.0058053853,3.2673827e-07,0.0001388093
L-BFGS-B,7788,2.1155456e-07,0.00580467,3.2673685e-07,0.0001387904
L-BFGS-B,7789,2.1157797e-07,0.00581186,3.2608165e-07,0.00013876753
L-BFGS-B,7790,2.1160942e-07,0.005824761,3.2506102e-07,0.00013874818
L-BFGS-B,7791,2.1182092e-07,0.0058390936,3.2374882e-07,0.0001387264
L-BFGS-B,7792,2.117911e-07,0.0058431984,3.2337456e-07,0.00013870683
L-BFGS-B,7793,2.1167922e-07,0.00583526,3.2384548e-07,0.00013868131
L-BFGS-B,7794,2.1273993e-07,0.0058246474,3.2390642e-07,0.00013874343
L-BFGS-B,7795,2.1199466e-07,0.0058298376,3.237329e-07,0.00013865752
L-BFGS-B,7796,2.1170759e-07,0.005810823,3.2532066e-07,0.00013866246
L-BFGS-B,7797,2.1182085e-07,0.0058194376,3.2441747e-07,0.00013863013
L-BFGS-B,7798,2.1140023e-07,0.005803892,3.2559078e-07,0.00013858757
L-BFGS-B,7799,2.1121838e-07,0.0057921624,3.26413e-07,0.00013856633
L-BFGS-B,7800,2.0942291e-07,0.005720936,3.3334896e-07,0.00013862514
L-BFGS-B,7801,2.1030188e-07,0.0057577845,3.2916054e-07,0.00013849721
L-BFGS-B,7802,2.1063454e-07,0.005770712,3.2748954e-07,0.00013842573
L-BFGS-B,7803,2.1099743e-07,0.0057817935,3.2594886e-07,0.00013835987
L-BFGS-B,7804,2.1067044e-07,0.0057744905,3.265024e-07,0.00013832083
L-BFGS-B,7805,2.1087052e-07,0.005769096,3.2628236e-07,0.00013826389
L-BFGS-B,7806,2.1064726e-07,0.00574952,3.2735522e-07,0.00013819558
L-BFGS-B,7807,2.099474e-07,0.005709198,3.2973696e-07,0.00013804463
L-BFGS-B,7808,2.0941752e-07,0.0056827543,3.3130502e-07,0.00013793592
L-BFGS-B,7809,2.0918304e-07,0.0056736213,3.321026e-07,0.00013792905
L-BFGS-B,7810,2.092282e-07,0.0056749186,3.3158287e-07,0.00013787084
L-BFGS-B,7811,2.0922936e-07,0.005678927,3.3095324e-07,0.00013781665
L-BFGS-B,7812,2.0938405e-07,0.005675631,3.3042315e-07,0.00013772739
L-BFGS-B,7813,2.0934598e-07,0.005676763,3.3007097e-07,0.00013768018
L-BFGS-B,7814,2.1042825e-07,0.005681035,3.343433e-07,0.00013852608
L-BFGS-B,7815,2.0934984e-07,0.0056662406,3.3047635e-07,0.00013763634
L-BFGS-B,7816,2.0992653e-07,0.0056790514,3.2841893e-07,0.00013754233
L-BFGS-B,7817,2.112486e-07,0.005716859,3.2455992e-07,0.00013753987
L-BFGS-B,7818,2.1044623e-07,0.0056914976,3.2678494e-07,0.00013749965
L-BFGS-B,7819,2.1212497e-07,0.005726388,3.2245867e-07,0.00013745142
L-BFGS-B,7820,2.1186858e-07,0.0057197246,3.228595e-07,0.00013740646
L-BFGS-B,7821,2.112381e-07,0.005695126,3.2489362e-07,0.00013737101
L-BFGS-B,7822,2.1187381e-07,0.00574263,3.235272e-07,0.00013773645
L-BFGS-B,7823,2.1128726e-07,0.0057002404,3.2437083e-07,0.00013735112
L-BFGS-B,7824,2.117109e-07,0.0057146805,3.2262517e-07,0.00013729722
L-BFGS-B,7825,2.1249379e-07,0.005724325,3.2105282e-07,0.00013727523
L-BFGS-B,7826,2.1208504e-07,0.0057171625,3.2180913e-07,0.00013725575
L-BFGS-B,7827,2.1262589e-07,0.005708908,3.214168e-07,0.00013719549
L-BFGS-B,7828,2.125258e-07,0.0057024998,3.217712e-07,0.00013716955
L-BFGS-B,7829,2.1235698e-07,0.005694397,3.2230145e-07,0.00013714272
L-BFGS-B,7830,2.122276e-07,0.0056881346,3.2293e-07,0.00013715499
L-BFGS-B,7831,2.1226464e-07,0.005690822,3.225112e-07,0.00013712459
L-BFGS-B,7832,2.1233667e-07,0.0056963493,3.21941e-07,0.00013710515
L-BFGS-B,7833,2.1215234e-07,0.00569937,3.2184118e-07,0.00013709273
L-BFGS-B,7834,2.1241881e-07,0.0057028965,3.2126334e-07,0.00013708128
L-BFGS-B,7835,2.1254046e-07,0.0057057096,3.2090435e-07,0.00013707382
L-BFGS-B,7836,2.125594e-07,0.0057035116,3.2099592e-07,0.00013706842
L-BFGS-B,7837,2.1267421e-07,0.0057024914,3.2091393e-07,0.00013706312
L-BFGS-B,7838,2.1268266e-07,0.005698855,3.211222e-07,0.00013705928
L-BFGS-B,7839,2.127049e-07,0.005696048,3.212508e-07,0.00013705384
L-BFGS-B,7840,2.1280499e-07,0.005694881,3.211647e-07,0.00013704426
L-BFGS-B,7841,2.127117e-07,0.0056913183,3.2146198e-07,0.00013703923
L-BFGS-B,7842,2.1307594e-07,0.0056970506,3.2076676e-07,0.00013704691
L-BFGS-B,7843,2.1284657e-07,0.0056929803,3.2106183e-07,0.00013701606
L-BFGS-B,7844,2.1303632e-07,0.005696958,3.2040256e-07,0.00013698541
L-BFGS-B,7845,2.1322441e-07,0.005707565,3.1920283e-07,0.00013693974
L-BFGS-B,7846,2.1349214e-07,0.0057172864,3.1808943e-07,0.0001369101
L-BFGS-B,7847,2.1393339e-07,0.0057133907,3.1816515e-07,0.00013694869
L-BFGS-B,7848,2.1361792e-07,0.005713868,3.1809589e-07,0.00013689575
L-BFGS-B,7849,2.1356446e-07,0.0057035005,3.1871403e-07,0.00013687677
L-BFGS-B,7850,2.1372014e-07,0.005703116,3.1835995e-07,0.00013684318
L-BFGS-B,7851,2.1405367e-07,0.005700551,3.1793232e-07,0.0001368034
L-BFGS-B,7852,2.1408803e-07,0.005697969,3.1782332e-07,0.0001367664
L-BFGS-B,7853,2.1437482e-07,0.0056994245,3.172566e-07,0.00013673896
L-BFGS-B,7854,2.144412e-07,0.0057029123,3.1686923e-07,0.00013672569
L-BFGS-B,7855,2.1423273e-07,0.0057079056,3.166522e-07,0.0001367118
L-BFGS-B,7856,2.1427282e-07,0.0057115713,3.162372e-07,0.00013669221
L-BFGS-B,7857,2.1434657e-07,0.0057175644,3.1566182e-07,0.0001366769
L-BFGS-B,7858,2.1431588e-07,0.005724979,3.1506156e-07,0.00013665641
L-BFGS-B,7859,2.1422193e-07,0.0057292203,3.146841e-07,0.0001366281
L-BFGS-B,7860,2.1417885e-07,0.005740819,3.1409087e-07,0.00013664865
L-BFGS-B,7861,2.1417921e-07,0.0057327324,3.1440928e-07,0.00013661559
L-BFGS-B,7862,2.134861e-07,0.005742345,3.1669543e-07,0.00013695068
L-BFGS-B,7863,2.138771e-07,0.005729964,3.1457512e-07,0.00013656747
L-BFGS-B,7864,2.1381031e-07,0.005721421,3.1498098e-07,0.00013653291
L-BFGS-B,7865,2.1380329e-07,0.0057083946,3.1566432e-07,0.00013650408
L-BFGS-B,7866,2.1381922e-07,0.0057075126,3.156176e-07,0.00013649065
L-BFGS-B,7867,2.1394382e-07,0.005707189,3.1540466e-07,0.00013647415
L-BFGS-B,7868,2.1422525e-07,0.005709941,3.1479166e-07,0.00013645194
L-BFGS-B,7869,2.1437083e-07,0.005709346,3.1454795e-07,0.00013643128
L-BFGS-B,7870,2.1480848e-07,0.0057190764,3.131976e-07,0.00013639167
L-BFGS-B,7871,2.1634283e-07,0.005773051,3.1347074e-07,0.00013720254
L-BFGS-B,7872,2.1485347e-07,0.0057205465,3.1299203e-07,0.00013638228
L-BFGS-B,7873,2.1525207e-07,0.0057273433,3.1217823e-07,0.00013638799
L-BFGS-B,7874,2.1500753e-07,0.0057221893,3.125754e-07,0.00013635933
L-BFGS-B,7875,2.1514593e-07,0.005724869,3.120736e-07,0.00013633161
L-BFGS-B,7876,2.1539786e-07,0.0057294886,3.1133678e-07,0.00013630508
L-BFGS-B,7877,2.1542068e-07,0.0057310257,3.110916e-07,0.0001362871
L-BFGS-B,7878,2.1537483e-07,0.005730404,3.110925e-07,0.00013627413
L-BFGS-B,7879,2.1552778e-07,0.005741884,3.1004632e-07,0.00013625495
L-BFGS-B,7880,2.1632191e-07,0.005759902,3.0917212e-07,0.00013642313
L-BFGS-B,7881,2.1564452e-07,0.005742817,3.0979413e-07,0.00013624397
L-BFGS-B,7882,2.1553792e-07,0.0057410207,3.098247e-07,0.0001362146
L-BFGS-B,7883,2.154979e-07,0.005742732,3.0929098e-07,0.00013614565
L-BFGS-B,7884,2.1515761e-07,0.0057349573,3.0990986e-07,0.00013610968
L-BFGS-B,7885,2.1528682e-07,0.005738983,3.094445e-07,0.00013609952
L-BFGS-B,7886,2.1522932e-07,0.0057341256,3.0972558e-07,0.00013608449
L-BFGS-B,7887,2.15255e-07,0.0057335673,3.0968263e-07,0.00013607631
L-BFGS-B,7888,2.1527558e-07,0.0057340465,3.0953967e-07,0.00013606275
L-BFGS-B,7889,2.1557565e-07,0.0058158417,3.0811287e-07,0.0001367117
L-BFGS-B,7890,2.1518755e-07,0.005738165,3.0931102e-07,0.00013605643
L-BFGS-B,7891,2.1529513e-07,0.0057454724,3.0862998e-07,0.0001360435
L-BFGS-B,7892,2.1573231e-07,0.0057681906,3.0661678e-07,0.00013603427
L-BFGS-B,7893,2.1552455e-07,0.005763801,3.0698556e-07,0.00013601453
L-BFGS-B,7894,2.1536037e-07,0.0057611037,3.0721716e-07,0.00013599766
L-BFGS-B,7895,2.1534868e-07,0.0057646492,3.0686795e-07,0.00013597899
L-BFGS-B,7896,2.1551993e-07,0.0057683857,3.0632023e-07,0.00013595988
L-BFGS-B,7897,2.1558452e-07,0.0057771485,3.06031e-07,0.00013601381
L-BFGS-B,7898,2.1550693e-07,0.0057696984,3.0620373e-07,0.00013595358
L-BFGS-B,7899,2.1576598e-07,0.00577359,3.054893e-07,0.00013592419
L-BFGS-B,7900,2.1600788e-07,0.0057719867,3.050888e-07,0.00013588436
L-BFGS-B,7901,2.1602357e-07,0.005762128,3.0546025e-07,0.00013584385
L-BFGS-B,7902,2.1604345e-07,0.0057548587,3.0580767e-07,0.00013582627
L-BFGS-B,7903,2.156525e-07,0.005745787,3.0655565e-07,0.0001357891
L-BFGS-B,7904,2.1544994e-07,0.0057425327,3.0685388e-07,0.0001357709
L-BFGS-B,7905,2.1515933e-07,0.005740031,3.0706755e-07,0.00013573434
L-BFGS-B,7906,2.149721e-07,0.005742312,3.069125e-07,0.0001357058
L-BFGS-B,7907,2.147832e-07,0.0057436605,3.0681565e-07,0.00013567643
L-BFGS-B,7908,2.1466302e-07,0.0057408875,3.0701167e-07,0.00013566007
L-BFGS-B,7909,2.1451837e-07,0.005736805,3.0732267e-07,0.00013564421
L-BFGS-B,7910,2.1445801e-07,0.005732591,3.0756908e-07,0.00013562996
L-BFGS-B,7911,2.1437609e-07,0.0057278443,3.078905e-07,0.00013561844
L-BFGS-B,7912,2.1433698e-07,0.0057250788,3.080521e-07,0.00013560915
L-BFGS-B,7913,2.1432658e-07,0.0057240636,3.080861e-07,0.00013560253
L-BFGS-B,7914,2.1419905e-07,0.0057239514,3.081779e-07,0.00013559606
L-BFGS-B,7915,2.1406127e-07,0.005723667,3.083693e-07,0.00013560125
L-BFGS-B,7916,2.141356e-07,0.005723431,3.0823762e-07,0.0001355903
L-BFGS-B,7917,2.1358849e-07,0.005695567,3.1063334e-07,0.00013558894
L-BFGS-B,7918,2.1384008e-07,0.005708659,3.094283e-07,0.00013557685
L-BFGS-B,7919,2.1380487e-07,0.0057025524,3.0975198e-07,0.00013555905
L-BFGS-B,7920,2.1387547e-07,0.0056967526,3.0994556e-07,0.00013554067
L-BFGS-B,7921,2.140544e-07,0.0056918673,3.0995886e-07,0.00013552066
L-BFGS-B,7922,2.1423686e-07,0.005688787,3.0984313e-07,0.00013549987
L-BFGS-B,7923,2.1448602e-07,0.005692743,3.0918432e-07,0.00013547798
L-BFGS-B,7924,2.1462253e-07,0.005705328,3.0812689e-07,0.0001354657
L-BFGS-B,7925,2.1448066e-07,0.0057041426,3.0821846e-07,0.00013544629
L-BFGS-B,7926,2.1397142e-07,0.005726848,3.0728523e-07,0.00013545697
L-BFGS-B,7927,2.1422096e-07,0.0057133026,3.0772802e-07,0.00013542536
L-BFGS-B,7928,2.140013e-07,0.005711696,3.078363e-07,0.00013539259
L-BFGS-B,7929,2.1357351e-07,0.0057010995,3.0872565e-07,0.00013535588
L-BFGS-B,7930,2.134091e-07,0.005688513,3.0957685e-07,0.00013533303
L-BFGS-B,7931,2.131394e-07,0.0056687174,3.1102104e-07,0.00013531125
L-BFGS-B,7932,2.1334971e-07,0.0056554032,3.1175531e-07,0.00013531979
L-BFGS-B,7933,2.1320675e-07,0.005663417,3.1126962e-07,0.00013530563
L-BFGS-B,7934,2.1329635e-07,0.0056590484,3.1141366e-07,0.00013529698
L-BFGS-B,7935,2.1339864e-07,0.0056577036,3.1133047e-07,0.0001352864
L-BFGS-B,7936,2.13507e-07,0.005656955,3.112007e-07,0.0001352757
L-BFGS-B,7937,2.1347887e-07,0.005652601,3.1144185e-07,0.00013526411
L-BFGS-B,7938,2.1353794e-07,0.0056518274,3.1127075e-07,0.00013523958
L-BFGS-B,7939,2.1378538e-07,0.0056553558,3.102158e-07,0.00013515374
L-BFGS-B,7940,2.1391244e-07,0.0056510335,3.1013707e-07,0.00013511776
L-BFGS-B,7941,2.1417628e-07,0.005652854,3.0947132e-07,0.00013507568
L-BFGS-B,7942,2.144819e-07,0.0056462917,3.0949275e-07,0.00013505912
L-BFGS-B,7943,2.1465878e-07,0.0056490903,3.089632e-07,0.00013503419
L-BFGS-B,7944,2.14904e-07,0.005647004,3.0856972e-07,0.0001349911
L-BFGS-B,7945,2.1511234e-07,0.005645688,3.0843114e-07,0.0001349884
L-BFGS-B,7946,2.1496056e-07,0.0056446968,3.0851714e-07,0.00013496864
L-BFGS-B,7947,2.1521869e-07,0.005641671,3.0840442e-07,0.00013496017
L-BFGS-B,7948,2.1485623e-07,0.005633223,3.0932534e-07,0.00013495947
L-BFGS-B,7949,2.1501599e-07,0.005636808,3.088419e-07,0.00013494676
L-BFGS-B,7950,2.1500044e-07,0.005633958,3.0898852e-07,0.00013493793
L-BFGS-B,7951,2.1500782e-07,0.005631788,3.0908947e-07,0.00013493247
L-BFGS-B,7952,2.1542773e-07,0.0056346273,3.0885806e-07,0.00013498914
L-BFGS-B,7953,2.1507499e-07,0.0056316718,3.090053e-07,0.00013492875
L-BFGS-B,7954,2.1517954e-07,0.0056298533,3.08996e-07,0.00013492486
L-BFGS-B,7955,2.1525491e-07,0.0056303525,3.0885766e-07,0.00013492041
L-BFGS-B,7956,2.1534412e-07,0.005630227,3.087282e-07,0.0001349131
L-BFGS-B,7957,2.1545945e-07,0.0056326296,3.083952e-07,0.00013490449
L-BFGS-B,7958,2.1555124e-07,0.005639726,3.0780782e-07,0.00013490111
L-BFGS-B,7959,2.154354e-07,0.0056406953,3.0782408e-07,0.00013489588
L-BFGS-B,7960,2.1536457e-07,0.0056408006,3.078736e-07,0.00013489372
L-BFGS-B,7961,2.1525207e-07,0.0056422614,3.0785802e-07,0.00013488912
L-BFGS-B,7962,2.1515478e-07,0.0056419545,3.079237e-07,0.00013488131
L-BFGS-B,7963,2.1507768e-07,0.0056421272,3.0788854e-07,0.0001348662
L-BFGS-B,7964,2.1481036e-07,0.0056461496,3.083334e-07,0.00013493307
L-BFGS-B,7965,2.1499604e-07,0.005641919,3.0794575e-07,0.00013486046
L-BFGS-B,7966,2.1494598e-07,0.0056409817,3.0795036e-07,0.00013484426
L-BFGS-B,7967,2.1481418e-07,0.005637389,3.0816443e-07,0.00013482069
L-BFGS-B,7968,2.1489764e-07,0.005632702,3.0823117e-07,0.00013479634
L-BFGS-B,7969,2.1495936e-07,0.005630367,3.0809923e-07,0.00013476246
L-BFGS-B,7970,2.1539353e-07,0.005630466,3.074916e-07,0.00013473742
L-BFGS-B,7971,2.1522408e-07,0.0056337933,3.0720017e-07,0.00013470156
L-BFGS-B,7972,2.1511792e-07,0.005638165,3.067495e-07,0.00013466176
L-BFGS-B,7973,2.1510688e-07,0.00563002,3.069242e-07,0.00013460487
L-BFGS-B,7974,2.1502632e-07,0.005632971,3.0687602e-07,0.00013461505
L-BFGS-B,7975,2.1505592e-07,0.005630681,3.0683194e-07,0.00013459
L-BFGS-B,7976,2.1486395e-07,0.005617175,3.0811867e-07,0.00013461914
L-BFGS-B,7977,2.1495921e-07,0.005624336,3.0721543e-07,0.00013456956
L-BFGS-B,7978,2.151693e-07,0.0056181746,3.0730837e-07,0.00013455338
L-BFGS-B,7979,2.1525318e-07,0.0056103338,3.0760677e-07,0.00013453234
L-BFGS-B,7980,2.1546523e-07,0.0056100255,3.073026e-07,0.00013451543
L-BFGS-B,7981,2.1591862e-07,0.005617884,3.0615772e-07,0.0001344903
L-BFGS-B,7982,2.1576254e-07,0.005626538,3.056123e-07,0.0001344716
L-BFGS-B,7983,2.1574516e-07,0.0056274487,3.054804e-07,0.00013445833
L-BFGS-B,7984,2.1553075e-07,0.005625054,3.056646e-07,0.00013442984
L-BFGS-B,7985,2.1542215e-07,0.005620961,3.0588498e-07,0.00013440568
L-BFGS-B,7986,2.153374e-07,0.0056111026,3.0638583e-07,0.0001343695
L-BFGS-B,7987,2.1534133e-07,0.005600231,3.0688167e-07,0.00013433576
L-BFGS-B,7988,2.1540599e-07,0.005601423,3.0668156e-07,0.00013432736
L-BFGS-B,7989,2.1534287e-07,0.005588795,3.0733423e-07,0.00013428951
L-BFGS-B,7990,2.1534177e-07,0.0055876877,3.0732045e-07,0.00013427621
L-BFGS-B,7991,2.152891e-07,0.0055833715,3.075069e-07,0.00013425312
L-BFGS-B,7992,2.1531466e-07,0.0055747903,3.079219e-07,0.00013423339
L-BFGS-B,7993,2.1517702e-07,0.005572192,3.0810082e-07,0.0001342136
L-BFGS-B,7994,2.1494982e-07,0.0055639134,3.086787e-07,0.00013418341
L-BFGS-B,7995,2.1471037e-07,0.0055583143,3.091929e-07,0.00013416863
L-BFGS-B,7996,2.1471126e-07,0.005555485,3.0928484e-07,0.00013415427
L-BFGS-B,7997,2.1453165e-07,0.005553172,3.095408e-07,0.00013414258
L-BFGS-B,7998,2.1461665e-07,0.0055512097,3.0951037e-07,0.00013413114
L-BFGS-B,7999,2.147242e-07,0.0055477014,3.0954698e-07,0.0001341177
L-BFGS-B,8000,2.1467419e-07,0.005543802,3.0980493e-07,0.00013410988
L-BFGS-B,8001,2.1451629e-07,0.0055378918,3.1028944e-07,0.00013409977
L-BFGS-B,8002,2.1427549e-07,0.0055294335,3.1104594e-07,0.00013409255
L-BFGS-B,8003,2.1341273e-07,0.005535764,3.1253234e-07,0.0001342494
L-BFGS-B,8004,2.1408856e-07,0.0055285175,3.1124694e-07,0.0001340855
L-BFGS-B,8005,2.1410888e-07,0.0055291783,3.1114507e-07,0.00013407988
L-BFGS-B,8006,2.1412679e-07,0.0055290456,3.110762e-07,0.0001340709
L-BFGS-B,8007,2.1426774e-07,0.005532938,3.1057473e-07,0.00013405575
L-BFGS-B,8008,2.1432591e-07,0.0055323523,3.1051638e-07,0.00013404986
L-BFGS-B,8009,2.1442423e-07,0.00553272,3.1034924e-07,0.00013404322
L-BFGS-B,8010,2.145597e-07,0.005534197,3.1003785e-07,0.00013403161
L-BFGS-B,8011,2.1467467e-07,0.0055307155,3.1007892e-07,0.0001340202
L-BFGS-B,8012,2.1473129e-07,0.0055378582,3.0949056e-07,0.00013401185
L-BFGS-B,8013,2.147458e-07,0.0055350917,3.095722e-07,0.00013399862
L-BFGS-B,8014,2.1435743e-07,0.005546193,3.092712e-07,0.00013400622
L-BFGS-B,8015,2.1455931e-07,0.0055393535,3.0939694e-07,0.00013398696
L-BFGS-B,8016,2.1460279e-07,0.0055401865,3.0918036e-07,0.00013396934
L-BFGS-B,8017,2.1430085e-07,0.0055512916,3.1171794e-07,0.00013441574
L-BFGS-B,8018,2.1448824e-07,0.0055390694,3.093321e-07,0.00013396374
L-BFGS-B,8019,2.1447451e-07,0.0055399686,3.0917892e-07,0.0001339477
L-BFGS-B,8020,2.1437721e-07,0.0055431356,3.088766e-07,0.00013391943
L-BFGS-B,8021,2.1428936e-07,0.0055419644,3.088449e-07,0.00013388979
L-BFGS-B,8022,2.1420047e-07,0.00553796,3.0886062e-07,0.00013383877
L-BFGS-B,8023,2.1408806e-07,0.0055341218,3.089354e-07,0.00013379473
L-BFGS-B,8024,2.1411668e-07,0.0055286866,3.091818e-07,0.00013378164
L-BFGS-B,8025,2.1398927e-07,0.005525995,3.093349e-07,0.00013375857
L-BFGS-B,8026,2.1395552e-07,0.005528425,3.0901154e-07,0.0001337293
L-BFGS-B,8027,2.1390785e-07,0.0055267327,3.0909192e-07,0.00013371729
L-BFGS-B,8028,2.1355264e-07,0.005529501,3.0897155e-07,0.00013367363
L-BFGS-B,8029,2.1325079e-07,0.005530051,3.091244e-07,0.00013365678
L-BFGS-B,8030,2.1310501e-07,0.005534637,3.0888648e-07,0.0001336451
L-BFGS-B,8031,2.1278858e-07,0.0055311173,3.094002e-07,0.00013363949
L-BFGS-B,8032,2.1273145e-07,0.0055246586,3.0985763e-07,0.00013363495
L-BFGS-B,8033,2.1273753e-07,0.005522806,3.0997586e-07,0.00013363507
L-BFGS-B,8034,2.127258e-07,0.0055233864,3.0990137e-07,0.00013362794
L-BFGS-B,8035,2.127429e-07,0.005523177,3.0984117e-07,0.00013361938
L-BFGS-B,8036,2.1281771e-07,0.005521432,3.0976938e-07,0.00013360239
L-BFGS-B,8037,2.1292244e-07,0.0055205487,3.0962497e-07,0.0001335876
L-BFGS-B,8038,2.1303295e-07,0.005520573,3.094129e-07,0.00013357261
L-BFGS-B,8039,2.1295224e-07,0.0055209724,3.0941723e-07,0.00013356513
L-BFGS-B,8040,2.1291578e-07,0.0055223564,3.0933018e-07,0.00013356046
L-BFGS-B,8041,2.1284862e-07,0.005524144,3.0924625e-07,0.00013355567
L-BFGS-B,8042,2.1282794e-07,0.005524522,3.0919762e-07,0.00013354905
L-BFGS-B,8043,2.1404014e-07,0.005599773,3.055558e-07,0.00013393712
L-BFGS-B,8044,2.12929e-07,0.0055307653,3.0863745e-07,0.00013354262
L-BFGS-B,8045,2.1297515e-07,0.005530181,3.085823e-07,0.00013353542
L-BFGS-B,8046,2.1308819e-07,0.0055289636,3.0848537e-07,0.00013352567
L-BFGS-B,8047,2.1326285e-07,0.0055285674,3.0823358e-07,0.00013351013
L-BFGS-B,8048,2.1341668e-07,0.0055332473,3.0764468e-07,0.00013349167
L-BFGS-B,8049,2.1424026e-07,0.005563346,3.0893744e-07,0.00013411012
L-BFGS-B,8050,2.1349027e-07,0.005534138,3.0741438e-07,0.00013347708
L-BFGS-B,8051,2.1304784e-07,0.0055381395,3.075683e-07,0.00013347382
L-BFGS-B,8052,2.1326291e-07,0.0055356226,3.0739125e-07,0.00013345435
L-BFGS-B,8053,2.1326215e-07,0.005546511,3.065078e-07,0.0001334306
L-BFGS-B,8054,2.1309634e-07,0.0055477684,3.064062e-07,0.00013340307
L-BFGS-B,8055,2.1300107e-07,0.0055484124,3.063381e-07,0.000133385
L-BFGS-B,8056,2.1291058e-07,0.0055508916,3.0612637e-07,0.00013336446
L-BFGS-B,8057,2.128952e-07,0.005549743,3.0597883e-07,0.00013332853
L-BFGS-B,8058,2.1287731e-07,0.005546522,3.057679e-07,0.000133262
L-BFGS-B,8059,2.1301246e-07,0.0055382303,3.059616e-07,0.00013322842
L-BFGS-B,8060,2.1276627e-07,0.0055343816,3.0630378e-07,0.00013320432
L-BFGS-B,8061,2.1283762e-07,0.0055390717,3.0583203e-07,0.00013319116
L-BFGS-B,8062,2.1278439e-07,0.00554301,3.055891e-07,0.00013318611
L-BFGS-B,8063,2.1271325e-07,0.0055452143,3.0549495e-07,0.00013318338
L-BFGS-B,8064,2.127732e-07,0.0055490946,3.051603e-07,0.00013318096
L-BFGS-B,8065,2.1280448e-07,0.0055509596,3.0499262e-07,0.00013317916
L-BFGS-B,8066,2.1289105e-07,0.0055546267,3.0462976e-07,0.00013317438
L-BFGS-B,8067,2.1293462e-07,0.0055583133,3.0431292e-07,0.00013317027
L-BFGS-B,8068,2.135483e-07,0.005596028,3.0238027e-07,0.00013334956
L-BFGS-B,8069,2.129815e-07,0.005561394,3.0404016e-07,0.0001331672
L-BFGS-B,8070,2.1299311e-07,0.005563447,3.0384027e-07,0.00013315948
L-BFGS-B,8071,2.1297606e-07,0.005562642,3.0386724e-07,0.00013315292
L-BFGS-B,8072,2.129757e-07,0.005559953,3.040189e-07,0.00013314871
L-BFGS-B,8073,2.1298082e-07,0.0055551995,3.0429396e-07,0.00013314321
L-BFGS-B,8074,2.1298024e-07,0.005552494,3.044479e-07,0.00013313915
L-BFGS-B,8075,2.129819e-07,0.0055507333,3.0453947e-07,0.00013313553
L-BFGS-B,8076,2.129651e-07,0.005550836,3.0452807e-07,0.00013313233
L-BFGS-B,8077,2.128864e-07,0.005551783,3.045018e-07,0.00013312606
L-BFGS-B,8078,2.1286989e-07,0.005550979,3.044984e-07,0.00013311504
L-BFGS-B,8079,2.1389815e-07,0.00556505,3.0352442e-07,0.00013326388
L-BFGS-B,8080,2.1296671e-07,0.005551756,3.0432705e-07,0.00013311162
L-BFGS-B,8081,2.1301945e-07,0.005549056,3.0437548e-07,0.00013309979
L-BFGS-B,8082,2.12288e-07,0.005572232,3.0445224e-07,0.00013323335
L-BFGS-B,8083,2.1289851e-07,0.005551216,3.043302e-07,0.00013309647
L-BFGS-B,8084,2.128621e-07,0.0055423724,3.049286e-07,0.00013309233
L-BFGS-B,8085,2.1290454e-07,0.005544095,3.047346e-07,0.00013308681
L-BFGS-B,8086,2.1291986e-07,0.0055469256,3.045052e-07,0.00013308301
L-BFGS-B,8087,2.129266e-07,0.005545161,3.0459447e-07,0.00013307977
L-BFGS-B,8088,2.1289874e-07,0.0055483514,3.044031e-07,0.00013307879
L-BFGS-B,8089,2.1287613e-07,0.005542174,3.0479592e-07,0.00013307255
L-BFGS-B,8090,2.1290231e-07,0.005541942,3.047729e-07,0.0001330707
L-BFGS-B,8091,2.129918e-07,0.0055420767,3.0464713e-07,0.00013306661
L-BFGS-B,8092,2.1306712e-07,0.0055435495,3.0444065e-07,0.00013306167
L-BFGS-B,8093,2.1321011e-07,0.0055466946,3.0402813e-07,0.00013305269
L-BFGS-B,8094,2.134144e-07,0.005545088,3.0386755e-07,0.00013304317
L-BFGS-B,8095,2.1363203e-07,0.005567985,3.028206e-07,0.00013314775
L-BFGS-B,8096,2.134375e-07,0.005549307,3.0349958e-07,0.00013303364
L-BFGS-B,8097,2.1328036e-07,0.0055439635,3.038527e-07,0.0001330096
L-BFGS-B,8098,2.1299985e-07,0.0055384827,3.0432793e-07,0.00013298399
L-BFGS-B,8099,2.1308915e-07,0.005540859,3.0393502e-07,0.00013296222
L-BFGS-B,8100,2.1312907e-07,0.0055472446,3.0331108e-07,0.00013293847
L-BFGS-B,8101,2.1323177e-07,0.005554748,3.0249117e-07,0.00013290592
L-BFGS-B,8102,2.1322498e-07,0.0055611604,3.0196603e-07,0.00013289024
L-BFGS-B,8103,2.1313426e-07,0.0055612605,3.0199038e-07,0.0001328813
L-BFGS-B,8104,2.1316669e-07,0.005562153,3.0187292e-07,0.00013287747
L-BFGS-B,8105,2.1318289e-07,0.005563545,3.0172802e-07,0.00013287208
L-BFGS-B,8106,2.1321645e-07,0.0055643218,3.0159666e-07,0.00013286519
L-BFGS-B,8107,2.1317916e-07,0.0055653476,3.0150565e-07,0.00013285619
L-BFGS-B,8108,2.1305723e-07,0.005559642,3.0193993e-07,0.00013284599
L-BFGS-B,8109,2.1293413e-07,0.0055575045,3.0214002e-07,0.00013283617
L-BFGS-B,8110,2.128761e-07,0.005554743,3.0229933e-07,0.00013282374
L-BFGS-B,8111,2.1258039e-07,0.0055246875,3.0465645e-07,0.0001328324
L-BFGS-B,8112,2.1274306e-07,0.0055421717,3.0321962e-07,0.00013281612
L-BFGS-B,8113,2.1265541e-07,0.0055405013,3.0323673e-07,0.00013278885
L-BFGS-B,8114,2.1272363e-07,0.0055382536,3.0316542e-07,0.00013276588
L-BFGS-B,8115,2.1354793e-07,0.005522656,3.0689395e-07,0.00013329284
L-BFGS-B,8116,2.127375e-07,0.0055363416,3.0326296e-07,0.00013276348
L-BFGS-B,8117,2.1287427e-07,0.0055349437,3.0309232e-07,0.00013274442
L-BFGS-B,8118,2.132132e-07,0.005539703,3.0290295e-07,0.00013281446
L-BFGS-B,8119,2.1292288e-07,0.0055351374,3.030086e-07,0.0001327411
L-BFGS-B,8120,2.129778e-07,0.005534242,3.0296283e-07,0.00013273352
L-BFGS-B,8121,2.1316444e-07,0.0055354238,3.0261472e-07,0.0001327211
L-BFGS-B,8122,2.1332818e-07,0.005537019,3.0228333e-07,0.00013271191
L-BFGS-B,8123,2.134327e-07,0.0055365097,3.0214701e-07,0.00013270206
L-BFGS-B,8124,2.1376248e-07,0.005553622,3.0069165e-07,0.00013270433
L-BFGS-B,8125,2.1358275e-07,0.005544235,3.0138222e-07,0.0001326871
L-BFGS-B,8126,2.1357152e-07,0.00554751,3.010586e-07,0.00013266961
L-BFGS-B,8127,2.1344191e-07,0.0055457386,3.0118272e-07,0.00013265108
L-BFGS-B,8128,2.1331147e-07,0.0055412264,3.0150747e-07,0.0001326351
L-BFGS-B,8129,2.1330086e-07,0.0055410913,3.0145426e-07,0.00013262418
L-BFGS-B,8130,2.132013e-07,0.005537613,3.017181e-07,0.00013261405
L-BFGS-B,8131,2.1327881e-07,0.005541921,3.0128996e-07,0.00013260452
L-BFGS-B,8132,2.1331815e-07,0.0055462704,3.0090683e-07,0.00013259645
L-BFGS-B,8133,2.1339523e-07,0.005549909,3.0048923e-07,0.00013258177
L-BFGS-B,8134,2.1421491e-07,0.0055672396,3.0083035e-07,0.00013292918
L-BFGS-B,8135,2.134384e-07,0.005548577,3.0049304e-07,0.00013257549
L-BFGS-B,8136,2.135042e-07,0.0055496856,3.0017017e-07,0.00013254801
L-BFGS-B,8137,2.1364028e-07,0.0055492506,2.9987154e-07,0.00013251927
L-BFGS-B,8138,2.1364056e-07,0.005545093,3.000347e-07,0.00013250222
L-BFGS-B,8139,2.1351947e-07,0.005541362,3.00315e-07,0.00013248879
L-BFGS-B,8140,2.1347087e-07,0.0055424916,3.0021644e-07,0.00013247802
L-BFGS-B,8141,2.1348059e-07,0.0055492437,2.996216e-07,0.00013245776
L-BFGS-B,8142,2.1346028e-07,0.0055619082,2.987843e-07,0.00013245577
L-BFGS-B,8143,2.136373e-07,0.005557317,2.9876617e-07,0.00013243369
L-BFGS-B,8144,2.1375297e-07,0.0055521782,2.9892013e-07,0.00013242275
L-BFGS-B,8145,2.1385047e-07,0.005549379,2.9892178e-07,0.00013240962
L-BFGS-B,8146,2.1406987e-07,0.0055476413,2.9870725e-07,0.00013239298
L-BFGS-B,8147,2.141477e-07,0.005546726,2.9861204e-07,0.00013238122
L-BFGS-B,8148,2.143076e-07,0.0055475556,2.9828672e-07,0.0001323647
L-BFGS-B,8149,2.173364e-07,0.0056034327,3.016489e-07,0.00013388212
L-BFGS-B,8150,2.143618e-07,0.0055458825,2.983244e-07,0.00013236175
L-BFGS-B,8151,2.1447836e-07,0.00554489,2.9816562e-07,0.00013234549
L-BFGS-B,8152,2.1459023e-07,0.005544958,2.97958e-07,0.00013233181
L-BFGS-B,8153,2.1468465e-07,0.0055458345,2.9771877e-07,0.00013231886
L-BFGS-B,8154,2.1475577e-07,0.005546883,2.9745675e-07,0.00013230072
L-BFGS-B,8155,2.1483604e-07,0.0055480204,2.9716662e-07,0.0001322806
L-BFGS-B,8156,2.1494685e-07,0.005545635,2.970687e-07,0.00013225868
L-BFGS-B,8157,2.1516522e-07,0.005544467,2.9681604e-07,0.00013224187
L-BFGS-B,8158,2.1533786e-07,0.005549394,2.963747e-07,0.00013225082
L-BFGS-B,8159,2.1522318e-07,0.0055457563,2.966131e-07,0.000132233
L-BFGS-B,8160,2.1528284e-07,0.005549147,2.9625454e-07,0.00013222208
L-BFGS-B,8161,2.154474e-07,0.0055588437,2.956089e-07,0.00013224687
L-BFGS-B,8162,2.1531687e-07,0.005551523,2.9600528e-07,0.00013221355
L-BFGS-B,8163,2.1572383e-07,0.005563689,2.946686e-07,0.00013219575
L-BFGS-B,8164,2.1577623e-07,0.005564358,2.945243e-07,0.00013218867
L-BFGS-B,8165,2.1587887e-07,0.0055682245,2.940742e-07,0.0001321752
L-BFGS-B,8166,2.1594032e-07,0.0055687334,2.9391003e-07,0.00013216489
L-BFGS-B,8167,2.1589214e-07,0.0055694124,2.9381994e-07,0.00013215093
L-BFGS-B,8168,2.1574134e-07,0.0055733747,2.9355633e-07,0.00013212839
L-BFGS-B,8169,2.1595484e-07,0.0055637704,2.9412516e-07,0.0001321497
L-BFGS-B,8170,2.1579561e-07,0.0055691013,2.9371733e-07,0.00013211796
L-BFGS-B,8171,2.1568958e-07,0.0055693337,2.936986e-07,0.00013210156
L-BFGS-B,8172,2.1556919e-07,0.005569709,2.9373533e-07,0.00013209277
L-BFGS-B,8173,2.153283e-07,0.005567761,2.9406323e-07,0.00013208634
L-BFGS-B,8174,2.1526922e-07,0.0055677644,2.9405666e-07,0.00013207653
L-BFGS-B,8175,2.1523968e-07,0.005567904,2.9401374e-07,0.00013206704
L-BFGS-B,8176,2.1524451e-07,0.0055666845,2.9399627e-07,0.00013205296
L-BFGS-B,8177,2.1526463e-07,0.0055642207,2.9404882e-07,0.00013203922
L-BFGS-B,8178,2.1532787e-07,0.005562721,2.9393613e-07,0.00013201681
L-BFGS-B,8179,2.1519179e-07,0.005549945,2.9482382e-07,0.00013200179
L-BFGS-B,8180,2.1519973e-07,0.005554008,2.9439298e-07,0.00013197899
L-BFGS-B,8181,2.1522095e-07,0.0055563226,2.9414218e-07,0.0001319677
L-BFGS-B,8182,2.1525061e-07,0.0055564265,2.9405334e-07,0.00013195985
L-BFGS-B,8183,2.15477e-07,0.005557746,2.9372228e-07,0.00013195735
L-BFGS-B,8184,2.154923e-07,0.0055578835,2.9356337e-07,0.00013193718
L-BFGS-B,8185,2.1545897e-07,0.0055594565,2.9339552e-07,0.00013192274
L-BFGS-B,8186,2.1564975e-07,0.005568115,2.9258499e-07,0.00013191636
L-BFGS-B,8187,2.1548675e-07,0.005569652,2.9248807e-07,0.00013189274
L-BFGS-B,8188,2.1550987e-07,0.0055656973,2.925871e-07,0.00013187152
L-BFGS-B,8189,2.1549963e-07,0.0055649485,2.9249284e-07,0.00013184836
L-BFGS-B,8190,2.1554595e-07,0.005566749,2.9219072e-07,0.00013182798
L-BFGS-B,8191,2.1554513e-07,0.005570017,2.9184872e-07,0.00013180924
L-BFGS-B,8192,2.1605197e-07,0.0055972077,2.8984616e-07,0.0001318568
L-BFGS-B,8193,2.1566143e-07,0.0055770054,2.9120807e-07,0.00013180048
L-BFGS-B,8194,2.1826598e-07,0.005663814,2.8860148e-07,0.00013266827
L-BFGS-B,8195,2.1573521e-07,0.005578803,2.9100366e-07,0.00013179886
L-BFGS-B,8196,2.1600827e-07,0.0055732406,2.9182345e-07,0.00013190716
L-BFGS-B,8197,2.1575599e-07,0.00557693,2.9107287e-07,0.00013179363
L-BFGS-B,8198,2.1582605e-07,0.00558328,2.9046888e-07,0.00013177704
L-BFGS-B,8199,2.1574596e-07,0.0055739465,2.9123467e-07,0.00013178655
L-BFGS-B,8200,2.157685e-07,0.0055784103,2.907554e-07,0.00013176269
L-BFGS-B,8201,2.1582824e-07,0.0055874493,2.8998244e-07,0.00013174608
L-BFGS-B,8202,2.1576491e-07,0.005588768,2.899233e-07,0.0001317409
L-BFGS-B,8203,2.1569656e-07,0.005584568,2.9019398e-07,0.00013172926
L-BFGS-B,8204,2.155894e-07,0.0055795335,2.9052953e-07,0.00013171317
L-BFGS-B,8205,2.1563034e-07,0.0055790525,2.9040464e-07,0.00013169576
L-BFGS-B,8206,2.1576628e-07,0.005575593,2.9079598e-07,0.00013174026
L-BFGS-B,8207,2.1566082e-07,0.005577041,2.9044247e-07,0.0001316859
L-BFGS-B,8208,2.1600263e-07,0.0055841487,2.8952675e-07,0.0001316709
L-BFGS-B,8209,2.1610792e-07,0.0055863634,2.891606e-07,0.00013165391
L-BFGS-B,8210,2.1601744e-07,0.005583558,2.8938283e-07,0.00013164562
L-BFGS-B,8211,2.1602234e-07,0.0055832136,2.8936165e-07,0.00013163972
L-BFGS-B,8212,2.1596058e-07,0.005582261,2.8944174e-07,0.00013163296
L-BFGS-B,8213,2.1771012e-07,0.0056082266,2.8819815e-07,0.00013196851
L-BFGS-B,8214,2.1612988e-07,0.005584063,2.8911285e-07,0.00013162704
L-BFGS-B,8215,2.1601835e-07,0.005583434,2.8916e-07,0.0001316111
L-BFGS-B,8216,2.1729478e-07,0.005618098,2.8625283e-07,0.00013171312
L-BFGS-B,8217,2.1628978e-07,0.005590452,2.8835706e-07,0.00013160154
L-BFGS-B,8218,2.1579423e-07,0.00559538,2.8849377e-07,0.000131597
L-BFGS-B,8219,2.1628185e-07,0.0055934573,2.8795537e-07,0.00013157015
L-BFGS-B,8220,2.1646694e-07,0.0055889753,2.8791223e-07,0.00013154664
L-BFGS-B,8221,2.1673446e-07,0.0055881576,2.874634e-07,0.00013151125
L-BFGS-B,8222,2.352869e-07,0.006900664,2.8233268e-07,0.00014664957
L-BFGS-B,8223,2.1713197e-07,0.005601092,2.8617126e-07,0.0001315064
L-BFGS-B,8224,2.1701779e-07,0.0055978503,2.861716e-07,0.00013145691
L-BFGS-B,8225,2.1691638e-07,0.005598113,2.8606559e-07,0.00013142842
L-BFGS-B,8226,2.166457e-07,0.005598519,2.8617484e-07,0.00013140828
L-BFGS-B,8227,2.1653526e-07,0.0055995164,2.861161e-07,0.00013139287
L-BFGS-B,8228,2.164145e-07,0.005600694,2.8604097e-07,0.00013137526
L-BFGS-B,8229,2.16266e-07,0.0056015914,2.8600024e-07,0.00013135585
L-BFGS-B,8230,2.1612023e-07,0.0056036683,2.8585657e-07,0.0001313332
L-BFGS-B,8231,2.1613049e-07,0.0056167813,2.848252e-07,0.00013131117
L-BFGS-B,8232,2.1579926e-07,0.005617964,2.8494975e-07,0.00013129199
L-BFGS-B,8233,2.1570591e-07,0.0056218696,2.846557e-07,0.00013127294
L-BFGS-B,8234,2.1610524e-07,0.005629866,2.8350544e-07,0.00013124026
L-BFGS-B,8235,2.158892e-07,0.0056318473,2.8342467e-07,0.00013121555
L-BFGS-B,8236,2.1560186e-07,0.0056309076,2.8367123e-07,0.00013120004
L-BFGS-B,8237,2.1536883e-07,0.00563082,2.8383064e-07,0.00013118812
L-BFGS-B,8238,2.1539847e-07,0.0056338026,2.8354265e-07,0.00013117919
L-BFGS-B,8239,2.1547272e-07,0.005631411,2.835505e-07,0.00013116759
L-BFGS-B,8240,2.150852e-07,0.0056372397,2.8363883e-07,0.000131181
L-BFGS-B,8241,2.1525852e-07,0.005632439,2.8356368e-07,0.00013114772
L-BFGS-B,8242,2.1500466e-07,0.005632118,2.837019e-07,0.00013112716
L-BFGS-B,8243,2.1469381e-07,0.0056322603,2.8378946e-07,0.00013109509
L-BFGS-B,8244,2.1451645e-07,0.005632423,2.8375155e-07,0.00013106443
L-BFGS-B,8245,2.143541e-07,0.0056272913,2.8392114e-07,0.0001310142
L-BFGS-B,8246,2.143358e-07,0.005615196,2.845234e-07,0.00013098084
L-BFGS-B,8247,2.1428843e-07,0.005605795,2.850627e-07,0.00013096062
L-BFGS-B,8248,2.1417611e-07,0.005603515,2.852184e-07,0.00013094433
L-BFGS-B,8249,2.1431484e-07,0.0056049624,2.848444e-07,0.0001309235
L-BFGS-B,8250,2.1435882e-07,0.005607387,2.8454684e-07,0.00013090973
L-BFGS-B,8251,2.1445823e-07,0.0056141154,2.8383593e-07,0.00013088528
L-BFGS-B,8252,2.1455814e-07,0.0056185103,2.8321986e-07,0.0001308518
L-BFGS-B,8253,2.1435912e-07,0.0056251115,2.8274977e-07,0.00013081744
L-BFGS-B,8254,2.1429503e-07,0.0056169764,2.8313568e-07,0.00013078436
L-BFGS-B,8255,2.142797e-07,0.0056078457,2.8343425e-07,0.00013073554
L-BFGS-B,8256,2.1421383e-07,0.0056011984,2.836957e-07,0.0001306984
L-BFGS-B,8257,2.141003e-07,0.005600959,2.8349962e-07,0.00013064958
L-BFGS-B,8258,2.1397871e-07,0.005578469,2.859448e-07,0.00013077322
L-BFGS-B,8259,2.1400278e-07,0.00559298,2.8401485e-07,0.00013063244
L-BFGS-B,8260,2.1389636e-07,0.005602289,2.8314759e-07,0.00013057947
L-BFGS-B,8261,2.1383707e-07,0.005613179,2.822401e-07,0.00013054337
L-BFGS-B,8262,2.1386684e-07,0.0056287614,2.8109358e-07,0.00013053167
L-BFGS-B,8263,2.1337199e-07,0.0056214235,2.8178633e-07,0.00013048798
L-BFGS-B,8264,2.1561314e-07,0.005589964,2.9326824e-07,0.00013223184
L-BFGS-B,8265,2.133743e-07,0.005614082,2.8219554e-07,0.00013047628
L-BFGS-B,8266,2.1418911e-07,0.0056267725,2.811691e-07,0.00013057145
L-BFGS-B,8267,2.1352157e-07,0.0056153736,2.8188634e-07,0.00013046492
L-BFGS-B,8268,2.131833e-07,0.0056101047,2.822128e-07,0.00013041045
L-BFGS-B,8269,2.1276455e-07,0.0056045046,2.8267576e-07,0.00013036109
L-BFGS-B,8270,2.1283176e-07,0.0056034243,2.8242277e-07,0.00013032243
L-BFGS-B,8271,2.1296816e-07,0.0056094206,2.8162972e-07,0.00013028388
L-BFGS-B,8272,2.1326925e-07,0.0056166137,2.8060944e-07,0.00013024794
L-BFGS-B,8273,2.1359405e-07,0.005626933,2.7922823e-07,0.00013019268
L-BFGS-B,8274,2.1357766e-07,0.0056118546,2.8017632e-07,0.00013018164
L-BFGS-B,8275,2.1283982e-07,0.005604991,2.8213722e-07,0.00013029647
L-BFGS-B,8276,2.1323659e-07,0.005606536,2.806072e-07,0.00013014193
L-BFGS-B,8277,2.1330837e-07,0.005624102,2.7897602e-07,0.00013008367
L-BFGS-B,8278,2.1338572e-07,0.005629187,2.7835557e-07,0.00013005306
L-BFGS-B,8279,2.1342808e-07,0.0056321663,2.7774502e-07,0.00012999763
L-BFGS-B,8280,2.1350748e-07,0.005643037,2.7726966e-07,0.00013004694
L-BFGS-B,8281,2.1341869e-07,0.0056336587,2.774934e-07,0.0001299734
L-BFGS-B,8282,2.1330482e-07,0.0056272745,2.7788212e-07,0.00012995079
L-BFGS-B,8283,2.1328906e-07,0.005618549,2.782676e-07,0.00012991899
L-BFGS-B,8284,2.1342564e-07,0.0056189424,2.779822e-07,0.0001299006
L-BFGS-B,8285,2.1392324e-07,0.005612307,2.7793618e-07,0.00012990198
L-BFGS-B,8286,2.1363404e-07,0.0056147,2.7790134e-07,0.0001298773
L-BFGS-B,8287,2.1383397e-07,0.005616709,2.7744002e-07,0.00012985819
L-BFGS-B,8288,2.1386218e-07,0.0056154784,2.7742252e-07,0.0001298475
L-BFGS-B,8289,2.1374535e-07,0.0056125857,2.7758549e-07,0.0001298255
L-BFGS-B,8290,2.1372765e-07,0.005611555,2.775892e-07,0.00012981308
L-BFGS-B,8291,2.1365854e-07,0.0056123463,2.7753822e-07,0.00012980298
L-BFGS-B,8292,2.1371952e-07,0.00561171,2.7746393e-07,0.00012979461
L-BFGS-B,8293,2.13794e-07,0.0056105983,2.7737332e-07,0.00012978108
L-BFGS-B,8294,2.139367e-07,0.005603248,2.7755104e-07,0.00012975563
L-BFGS-B,8295,2.1381271e-07,0.005590689,2.782376e-07,0.00012971443
L-BFGS-B,8296,2.1536421e-07,0.0055349334,2.8265404e-07,0.00013005207
L-BFGS-B,8297,2.139744e-07,0.0055770734,2.7888473e-07,0.0001296996
L-BFGS-B,8298,2.1384437e-07,0.005570035,2.7928274e-07,0.00012966941
L-BFGS-B,8299,2.1357064e-07,0.0055606985,2.7990853e-07,0.00012962885
L-BFGS-B,8300,2.1346044e-07,0.005557692,2.8009273e-07,0.00012960989
L-BFGS-B,8301,2.1350542e-07,0.0055538933,2.7997328e-07,0.00012956074
L-BFGS-B,8302,2.133035e-07,0.0055419677,2.8087695e-07,0.00012954674
L-BFGS-B,8303,2.1339183e-07,0.005545574,2.800424e-07,0.00012947086
L-BFGS-B,8304,2.1368251e-07,0.0055462155,2.7941473e-07,0.00012942674
L-BFGS-B,8305,2.1383086e-07,0.0055529433,2.7856078e-07,0.00012938818
L-BFGS-B,8306,2.1413827e-07,0.005548536,2.783852e-07,0.00012936388
L-BFGS-B,8307,2.1391925e-07,0.005550556,2.7844786e-07,0.00012936062
L-BFGS-B,8308,2.1383327e-07,0.0055464525,2.7872835e-07,0.00012934877
L-BFGS-B,8309,2.1392917e-07,0.0055455826,2.7862376e-07,0.00012933876
L-BFGS-B,8310,2.1401277e-07,0.0055460157,2.7843595e-07,0.00012932747
L-BFGS-B,8311,2.1408923e-07,0.0055453437,2.782999e-07,0.00012931181
L-BFGS-B,8312,2.1403365e-07,0.0055383546,2.7876416e-07,0.00012930321
L-BFGS-B,8313,2.1389421e-07,0.0055336813,2.7905426e-07,0.00012927908
L-BFGS-B,8314,2.141007e-07,0.005529841,2.789621e-07,0.00012925782
L-BFGS-B,8315,2.1399131e-07,0.005526555,2.7916965e-07,0.00012923969
L-BFGS-B,8316,2.1358872e-07,0.005519204,2.7985138e-07,0.00012920806
L-BFGS-B,8317,2.1347034e-07,0.00551947,2.7982412e-07,0.00012918888
L-BFGS-B,8318,2.1320058e-07,0.005518987,2.7993798e-07,0.00012916065
L-BFGS-B,8319,2.1300056e-07,0.0055196844,2.7995475e-07,0.00012914013
L-BFGS-B,8320,2.1290843e-07,0.005519685,2.7988926e-07,0.0001291165
L-BFGS-B,8321,2.1259598e-07,0.0055168145,2.8018297e-07,0.00012908499
L-BFGS-B,8322,2.1256872e-07,0.0055151475,2.801322e-07,0.00012905661
L-BFGS-B,8323,2.1214271e-07,0.0055063944,2.8096986e-07,0.00012903083
L-BFGS-B,8324,2.1219512e-07,0.005504214,2.8094476e-07,0.00012901312
L-BFGS-B,8325,2.1222525e-07,0.005501495,2.8101593e-07,0.00012900113
L-BFGS-B,8326,2.1223656e-07,0.005500115,2.8105552e-07,0.00012899496
L-BFGS-B,8327,2.2597293e-07,0.006008747,3.148923e-07,0.00014121726
L-BFGS-B,8328,2.1217491e-07,0.0055003148,2.8107658e-07,0.00012899087
L-BFGS-B,8329,2.121483e-07,0.0054984232,2.8112973e-07,0.00012897594
L-BFGS-B,8330,2.1202658e-07,0.005497365,2.8116978e-07,0.0001289531
L-BFGS-B,8331,2.1192851e-07,0.005497497,2.8113848e-07,0.00012893502
L-BFGS-B,8332,2.1186861e-07,0.005498886,2.809665e-07,0.00012891414
L-BFGS-B,8333,2.1179082e-07,0.005497111,2.8103793e-07,0.00012889542
L-BFGS-B,8334,2.1189308e-07,0.005498784,2.8077406e-07,0.00012888791
L-BFGS-B,8335,2.1286154e-07,0.0055019544,2.8361995e-07,0.00012949176
L-BFGS-B,8336,2.1190611e-07,0.0054951794,2.8096662e-07,0.0001288827
L-BFGS-B,8337,2.1182511e-07,0.005493231,2.8104296e-07,0.00012886252
L-BFGS-B,8338,2.1189956e-07,0.0054986062,2.8054527e-07,0.00012885279
L-BFGS-B,8339,2.1178154e-07,0.005496084,2.8075183e-07,0.00012884085
L-BFGS-B,8340,2.1167025e-07,0.005495499,2.80858e-07,0.00012883422
L-BFGS-B,8341,2.1158469e-07,0.005494223,2.8098927e-07,0.00012882832
L-BFGS-B,8342,2.115025e-07,0.0054927836,2.8112652e-07,0.00012882218
L-BFGS-B,8343,2.1145324e-07,0.005491343,2.8123526e-07,0.0001288167
L-BFGS-B,8344,2.1144413e-07,0.0054914635,2.8118922e-07,0.00012880964
L-BFGS-B,8345,2.1146911e-07,0.0054898257,2.812459e-07,0.0001288055
L-BFGS-B,8346,2.1142405e-07,0.0054915585,2.811415e-07,0.00012880043
L-BFGS-B,8347,2.1149823e-07,0.005495144,2.8078827e-07,0.00012879442
L-BFGS-B,8348,2.1166336e-07,0.005496535,2.8051417e-07,0.00012879197
L-BFGS-B,8349,2.1167085e-07,0.0055016116,2.800879e-07,0.00012877992
L-BFGS-B,8350,2.1165748e-07,0.0055016293,2.800519e-07,0.00012877269
L-BFGS-B,8351,2.1169846e-07,0.005501301,2.7993957e-07,0.00012875872
L-BFGS-B,8352,2.1177759e-07,0.0055016316,2.7977663e-07,0.00012874944
L-BFGS-B,8353,2.1186322e-07,0.0055028535,2.795402e-07,0.00012873905
L-BFGS-B,8354,2.1192523e-07,0.005503001,2.7942014e-07,0.00012873182
L-BFGS-B,8355,2.1187432e-07,0.0055009536,2.7957861e-07,0.00012872748
L-BFGS-B,8356,2.1178906e-07,0.005499986,2.7969602e-07,0.00012872262
L-BFGS-B,8357,2.1174614e-07,0.005499086,2.7976736e-07,0.00012871789
L-BFGS-B,8358,2.1164351e-07,0.005499322,2.7981358e-07,0.00012871178
L-BFGS-B,8359,2.116129e-07,0.005501385,2.7968645e-07,0.00012870875
L-BFGS-B,8360,2.1164732e-07,0.0055031017,2.795636e-07,0.00012871267
L-BFGS-B,8361,2.1162263e-07,0.0055018603,2.7962653e-07,0.00012870597
L-BFGS-B,8362,2.1159778e-07,0.005501892,2.7963358e-07,0.00012870363
L-BFGS-B,8363,2.1161628e-07,0.005502805,2.79533e-07,0.00012870044
L-BFGS-B,8364,2.1164671e-07,0.0055025774,2.7950045e-07,0.00012869785
L-BFGS-B,8365,2.1170091e-07,0.0055043288,2.7930906e-07,0.00012869478
L-BFGS-B,8366,2.118382e-07,0.0055039767,2.7916798e-07,0.00012869069
L-BFGS-B,8367,2.1184091e-07,0.005511849,2.78647e-07,0.00012869167
L-BFGS-B,8368,2.1183578e-07,0.005507438,2.789257e-07,0.0001286886
L-BFGS-B,8369,2.1132675e-07,0.0055293334,2.7889322e-07,0.00012882633
L-BFGS-B,8370,2.1178275e-07,0.005508757,2.7887953e-07,0.00012868691
L-BFGS-B,8371,2.1178404e-07,0.0055070515,2.7898818e-07,0.00012868634
L-BFGS-B,8372,2.1171324e-07,0.005506673,2.7903664e-07,0.00012867921
L-BFGS-B,8373,2.1164855e-07,0.005505479,2.7915462e-07,0.00012867527
L-BFGS-B,8374,2.1161188e-07,0.0055042426,2.7923724e-07,0.00012866978
L-BFGS-B,8375,2.1156067e-07,0.0055041797,2.792943e-07,0.00012867004
L-BFGS-B,8376,2.1158435e-07,0.0055040866,2.7925327e-07,0.0001286665
L-BFGS-B,8377,2.1158739e-07,0.0055031376,2.7927103e-07,0.00012866015
L-BFGS-B,8378,2.1161362e-07,0.005502043,2.7927845e-07,0.00012865424
L-BFGS-B,8379,2.1163528e-07,0.0055018426,2.7924196e-07,0.00012865
L-BFGS-B,8380,2.1166558e-07,0.005502138,2.7916005e-07,0.00012864522
L-BFGS-B,8381,2.1166075e-07,0.005500344,2.7920697e-07,0.0001286336
L-BFGS-B,8382,2.1166588e-07,0.005497974,2.7932523e-07,0.0001286284
L-BFGS-B,8383,2.1156704e-07,0.0054926747,2.7973576e-07,0.00012862217
L-BFGS-B,8384,2.1167403e-07,0.0054927296,2.796405e-07,0.00012862447
L-BFGS-B,8385,2.1160565e-07,0.005492677,2.796926e-07,0.0001286215
L-BFGS-B,8386,2.1151114e-07,0.005480207,2.8059378e-07,0.00012861782
L-BFGS-B,8387,2.114991e-07,0.005483388,2.8035572e-07,0.0001286121
L-BFGS-B,8388,2.1158266e-07,0.005485012,2.8014128e-07,0.0001286087
L-BFGS-B,8389,2.1155583e-07,0.0054842043,2.8020503e-07,0.00012860617
L-BFGS-B,8390,2.1146755e-07,0.005480984,2.8047316e-07,0.00012860095
L-BFGS-B,8391,2.1135628e-07,0.0054769837,2.8079415e-07,0.0001285924
L-BFGS-B,8392,2.1120411e-07,0.005474922,2.8100447e-07,0.0001285805
L-BFGS-B,8393,2.1101275e-07,0.005473209,2.8131657e-07,0.00012858148
L-BFGS-B,8394,2.1110557e-07,0.0054736733,2.8115267e-07,0.00012857546
L-BFGS-B,8395,2.1099945e-07,0.005477047,2.8094973e-07,0.00012856285
L-BFGS-B,8396,2.1108183e-07,0.0054787667,2.8069857e-07,0.00012855473
L-BFGS-B,8397,2.1116551e-07,0.005476904,2.8069425e-07,0.000128548
L-BFGS-B,8398,2.1122503e-07,0.0054914025,2.798985e-07,0.00012858256
L-BFGS-B,8399,2.1116726e-07,0.005479743,2.804757e-07,0.00012854388
L-BFGS-B,8400,2.1127157e-07,0.005479395,2.8035012e-07,0.0001285372
L-BFGS-B,8401,2.1137161e-07,0.005478254,2.8026983e-07,0.00012852876
L-BFGS-B,8402,2.1144622e-07,0.005477869,2.8018027e-07,0.00012852266
L-BFGS-B,8403,2.1152941e-07,0.005473209,2.8044624e-07,0.00012852844
L-BFGS-B,8404,2.1147166e-07,0.005475914,2.802648e-07,0.0001285196
L-BFGS-B,8405,2.1191676e-07,0.00551361,2.8048163e-07,0.00012899586
L-BFGS-B,8406,2.1144733e-07,0.00547655,2.802352e-07,0.00012851789
L-BFGS-B,8407,2.1149046e-07,0.0054783607,2.8001458e-07,0.00012850936
L-BFGS-B,8408,2.1150171e-07,0.005482382,2.7964217e-07,0.00012849539
L-BFGS-B,8409,2.11504e-07,0.005486664,2.7925753e-07,0.00012848087
L-BFGS-B,8410,2.1148617e-07,0.005492802,2.7870658e-07,0.00012845692
L-BFGS-B,8411,2.1141909e-07,0.0054956037,2.7848128e-07,0.0001284411
L-BFGS-B,8412,2.1161526e-07,0.005500175,2.7788826e-07,0.00012842729
L-BFGS-B,8413,2.1177851e-07,0.00550127,2.7755596e-07,0.00012841287
L-BFGS-B,8414,2.1209529e-07,0.0055024275,2.770824e-07,0.00012840092
L-BFGS-B,8415,2.1222525e-07,0.0055017853,2.7691723e-07,0.00012838922
L-BFGS-B,8416,2.1323694e-07,0.005496171,2.783333e-07,0.00012869724
L-BFGS-B,8417,2.1227156e-07,0.0055002305,2.7695808e-07,0.00012838675
L-BFGS-B,8418,2.1229776e-07,0.005496273,2.771128e-07,0.00012837432
L-BFGS-B,8419,2.1228581e-07,0.0054962826,2.770775e-07,0.00012836732
L-BFGS-B,8420,2.1224687e-07,0.0054948535,2.7710973e-07,0.00012835203
L-BFGS-B,8421,2.121681e-07,0.005491493,2.773288e-07,0.00012833945
L-BFGS-B,8422,2.1213988e-07,0.0054869913,2.7755266e-07,0.0001283238
L-BFGS-B,8423,2.1172615e-07,0.005477309,2.787544e-07,0.00012834519
L-BFGS-B,8424,2.119764e-07,0.005483071,2.7792427e-07,0.0001283158
L-BFGS-B,8425,2.1204342e-07,0.0054782173,2.780657e-07,0.00012829853
L-BFGS-B,8426,2.1217278e-07,0.005475412,2.780069e-07,0.00012828107
L-BFGS-B,8427,2.1224565e-07,0.0054757325,2.7780422e-07,0.0001282648
L-BFGS-B,8428,2.1219498e-07,0.005478259,2.775493e-07,0.00012824422
L-BFGS-B,8429,2.123908e-07,0.0054802634,2.7711815e-07,0.00012822897
L-BFGS-B,8430,2.1249022e-07,0.005482284,2.767885e-07,0.00012821464
L-BFGS-B,8431,2.1259741e-07,0.0054845135,2.7639322e-07,0.00012819373
L-BFGS-B,8432,2.1262166e-07,0.0054871542,2.759852e-07,0.00012816257
L-BFGS-B,8433,2.1269281e-07,0.005491982,2.7529637e-07,0.0001281182
L-BFGS-B,8434,2.1259315e-07,0.0054947664,2.7493698e-07,0.00012807718
L-BFGS-B,8435,2.1213162e-07,0.0054933564,2.7523004e-07,0.00012803782
L-BFGS-B,8436,2.1208146e-07,0.0054919845,2.7529984e-07,0.00012802704
L-BFGS-B,8437,2.119531e-07,0.005489516,2.7546835e-07,0.00012800838
L-BFGS-B,8438,2.1204396e-07,0.0054901773,2.752724e-07,0.00012799923
L-BFGS-B,8439,2.1198495e-07,0.005488481,2.7543012e-07,0.00012799707
L-BFGS-B,8440,2.1221344e-07,0.005482769,2.7541375e-07,0.00012797177
L-BFGS-B,8441,2.1222122e-07,0.005483062,2.7528336e-07,0.0001279563
L-BFGS-B,8442,2.1226256e-07,0.0054790713,2.7539076e-07,0.0001279387
L-BFGS-B,8443,2.122685e-07,0.0054712044,2.7575473e-07,0.00012791553
L-BFGS-B,8444,2.1219257e-07,0.0054733874,2.7563536e-07,0.00012790806
L-BFGS-B,8445,2.1217915e-07,0.0054756952,2.7543808e-07,0.00012789953
L-BFGS-B,8446,2.1207336e-07,0.005474312,2.755837e-07,0.00012789168
L-BFGS-B,8447,2.1210073e-07,0.005492362,2.7438077e-07,0.00012789585
L-BFGS-B,8448,2.1206999e-07,0.0054820846,2.7499166e-07,0.00012788009
L-BFGS-B,8449,2.1202871e-07,0.005478821,2.751217e-07,0.00012786077
L-BFGS-B,8450,2.1192778e-07,0.0054729115,2.7542524e-07,0.00012783207
L-BFGS-B,8451,2.1206505e-07,0.0054708794,2.7530817e-07,0.00012781477
L-BFGS-B,8452,2.1212185e-07,0.0054679485,2.7534196e-07,0.00012779905
L-BFGS-B,8453,2.1213505e-07,0.0054624975,2.756088e-07,0.00012778655
L-BFGS-B,8454,2.1204423e-07,0.0054564527,2.7600777e-07,0.00012777233
L-BFGS-B,8455,2.1204295e-07,0.0054471823,2.7650546e-07,0.00012775409
L-BFGS-B,8456,2.1204721e-07,0.00543883,2.7687005e-07,0.00012772589
L-BFGS-B,8457,2.118545e-07,0.00542928,2.7737872e-07,0.00012767778
L-BFGS-B,8458,2.1146171e-07,0.0054175733,2.777655e-07,0.00012755982
L-BFGS-B,8459,2.1130995e-07,0.00541536,2.7777267e-07,0.00012751599
L-BFGS-B,8460,2.1135938e-07,0.0054273815,2.7667792e-07,0.0001274794
L-BFGS-B,8461,2.1197299e-07,0.00542971,2.7531368e-07,0.0001273901
L-BFGS-B,8462,2.1123527e-07,0.0054291594,2.7544633e-07,0.00012729384
L-BFGS-B,8463,2.1127798e-07,0.005430274,2.749001e-07,0.00012722946
L-BFGS-B,8464,2.1113746e-07,0.005434981,2.7419884e-07,0.00012715026
L-BFGS-B,8465,2.1130921e-07,0.0054562297,2.724588e-07,0.0001271275
L-BFGS-B,8466,2.1070883e-07,0.005456584,2.7267856e-07,0.00012707394
L-BFGS-B,8467,2.1094402e-07,0.0054393546,2.7325208e-07,0.00012702297
L-BFGS-B,8468,2.1106332e-07,0.005440268,2.7283073e-07,0.0001269868
L-BFGS-B,8469,2.1087715e-07,0.005440554,2.7277352e-07,0.00012695313
L-BFGS-B,8470,2.106857e-07,0.0054510855,2.7221898e-07,0.00012694656
L-BFGS-B,8471,2.107552e-07,0.0054446333,2.72445e-07,0.00012692636
L-BFGS-B,8472,2.1077363e-07,0.0054414556,2.724058e-07,0.00012689148
L-BFGS-B,8473,2.1079424e-07,0.0054372945,2.725412e-07,0.00012687326
L-BFGS-B,8474,2.107362e-07,0.0054334463,2.7272486e-07,0.00012685361
L-BFGS-B,8475,2.1071538e-07,0.005431989,2.7265037e-07,0.00012682474
L-BFGS-B,8476,2.1070869e-07,0.0054294844,2.7269218e-07,0.00012680498
L-BFGS-B,8477,2.1070306e-07,0.005428725,2.7263508e-07,0.00012678797
L-BFGS-B,8478,2.1086113e-07,0.0054305415,2.7222453e-07,0.00012676825
L-BFGS-B,8479,2.1112007e-07,0.005429173,2.7190669e-07,0.00012674574
L-BFGS-B,8480,2.1131541e-07,0.0054318267,2.7139657e-07,0.00012672506
L-BFGS-B,8481,2.1157578e-07,0.0054415693,2.7037584e-07,0.00012670843
L-BFGS-B,8482,2.1119699e-07,0.005438686,2.706896e-07,0.00012666985
L-BFGS-B,8483,2.1090433e-07,0.00543012,2.7129695e-07,0.00012663139
L-BFGS-B,8484,2.1050985e-07,0.005419104,2.7210788e-07,0.0001265837
L-BFGS-B,8485,2.1068671e-07,0.0054387446,2.7158077e-07,0.00012672757
L-BFGS-B,8486,2.1049709e-07,0.005421474,2.7184623e-07,0.00012656624
L-BFGS-B,8487,2.103723e-07,0.0054209456,2.7176938e-07,0.00012653071
L-BFGS-B,8488,2.1036522e-07,0.005422684,2.71306e-07,0.00012647752
L-BFGS-B,8489,2.1047741e-07,0.0054274173,2.7069063e-07,0.00012644938
L-BFGS-B,8490,2.1062705e-07,0.005431552,2.7009548e-07,0.0001264239
L-BFGS-B,8491,2.1031961e-07,0.0054215323,2.7139893e-07,0.00012647311
L-BFGS-B,8492,2.1049665e-07,0.0054271445,2.704242e-07,0.00012640958
L-BFGS-B,8493,2.106032e-07,0.0054252413,2.702697e-07,0.00012638335
L-BFGS-B,8494,2.107337e-07,0.0054240194,2.7000837e-07,0.0001263515
L-BFGS-B,8495,2.1089497e-07,0.0054236264,2.6985123e-07,0.00012634818
L-BFGS-B,8496,2.109171e-07,0.00542417,2.6968215e-07,0.00012633158
L-BFGS-B,8497,2.109684e-07,0.0054277014,2.6931517e-07,0.00012631956
L-BFGS-B,8498,2.111152e-07,0.0054340493,2.6862907e-07,0.00012630213
L-BFGS-B,8499,2.1131873e-07,0.0054540075,2.6719317e-07,0.00012631685
L-BFGS-B,8500,2.1118079e-07,0.005440804,2.6807038e-07,0.00012629572
L-BFGS-B,8501,2.1133525e-07,0.0054460578,2.6743902e-07,0.00012627672
L-BFGS-B,8502,2.1146205e-07,0.005452728,2.6673467e-07,0.00012625678
L-BFGS-B,8503,2.1152353e-07,0.0054568164,2.662833e-07,0.00012623919
L-BFGS-B,8504,2.1171648e-07,0.005462764,2.6560684e-07,0.00012622614
L-BFGS-B,8505,2.1168744e-07,0.0054612276,2.6566198e-07,0.00012621468
L-BFGS-B,8506,2.1156379e-07,0.0054551777,2.660956e-07,0.00012620068
L-BFGS-B,8507,2.1156337e-07,0.0054533044,2.661669e-07,0.00012619258
L-BFGS-B,8508,2.1147444e-07,0.0054519055,2.6623803e-07,0.00012617593
L-BFGS-B,8509,2.1142301e-07,0.0054544844,2.659782e-07,0.00012615504
L-BFGS-B,8510,2.1154983e-07,0.005462944,2.6515184e-07,0.00012613469
L-BFGS-B,8511,2.1146178e-07,0.0054694684,2.6473455e-07,0.00012612413
L-BFGS-B,8512,2.1150028e-07,0.0054708943,2.6455527e-07,0.00012611727
L-BFGS-B,8513,2.1146816e-07,0.005472215,2.644596e-07,0.0001261113
L-BFGS-B,8514,2.1146823e-07,0.005473845,2.6427668e-07,0.00012610019
L-BFGS-B,8515,2.1128818e-07,0.005473771,2.64396e-07,0.00012609034
L-BFGS-B,8516,2.1130514e-07,0.0054738377,2.643094e-07,0.00012608056
L-BFGS-B,8517,2.1124626e-07,0.0054742726,2.6427293e-07,0.0001260706
L-BFGS-B,8518,2.112486e-07,0.0054733986,2.6426252e-07,0.00012606065
L-BFGS-B,8519,2.1126516e-07,0.005485183,2.6347647e-07,0.00012606308
L-BFGS-B,8520,2.112514e-07,0.00547844,2.638714e-07,0.00012605282
L-BFGS-B,8521,2.1134643e-07,0.005480396,2.635601e-07,0.00012603994
L-BFGS-B,8522,2.117889e-07,0.005487671,2.6237672e-07,0.00012600154
L-BFGS-B,8523,2.1195946e-07,0.0054905796,2.6188286e-07,0.00012598214
L-BFGS-B,8524,2.122905e-07,0.0054938644,2.611077e-07,0.00012594837
L-BFGS-B,8525,2.1247824e-07,0.005493788,2.6081312e-07,0.00012593158
L-BFGS-B,8526,2.1276243e-07,0.005499522,2.6017196e-07,0.00012593537
L-BFGS-B,8527,2.1259511e-07,0.005496048,2.6051342e-07,0.00012592676
L-BFGS-B,8528,2.1268619e-07,0.005492954,2.6057884e-07,0.0001259193
L-BFGS-B,8529,2.1266416e-07,0.005493933,2.6047954e-07,0.00012591088
L-BFGS-B,8530,2.1263409e-07,0.005490681,2.606575e-07,0.00012590055
L-BFGS-B,8531,2.1258774e-07,0.005490183,2.606738e-07,0.00012589106
L-BFGS-B,8532,2.1270029e-07,0.0054908623,2.6046249e-07,0.00012588303
L-BFGS-B,8533,2.1263827e-07,0.005494999,2.6018512e-07,0.0001258735
L-BFGS-B,8534,2.1268913e-07,0.0054981797,2.5986282e-07,0.00012586458
L-BFGS-B,8535,2.143848e-07,0.005631775,2.5899445e-07,0.00012732463
L-BFGS-B,8536,2.1267229e-07,0.00550077,2.5969592e-07,0.00012586293
L-BFGS-B,8537,2.1265859e-07,0.0055026375,2.594969e-07,0.00012584969
L-BFGS-B,8538,2.1261316e-07,0.0055032424,2.5943461e-07,0.0001258396
L-BFGS-B,8539,2.1248522e-07,0.0055019744,2.5959594e-07,0.00012583192
L-BFGS-B,8540,2.1254253e-07,0.0055017592,2.595077e-07,0.00012582513
L-BFGS-B,8541,2.1249919e-07,0.005501202,2.5953548e-07,0.00012581723
L-BFGS-B,8542,2.1243461e-07,0.005501376,2.5951263e-07,0.00012580585
L-BFGS-B,8543,2.1211277e-07,0.0055048396,2.5995462e-07,0.00012585851
L-BFGS-B,8544,2.1236214e-07,0.0055015716,2.5955254e-07,0.00012580291
L-BFGS-B,8545,2.1239975e-07,0.0055058687,2.59145e-07,0.0001257904
L-BFGS-B,8546,2.1248754e-07,0.0055112448,2.586454e-07,0.00012578239
L-BFGS-B,8547,2.125981e-07,0.0055165817,2.5812176e-07,0.00012577379
L-BFGS-B,8548,2.1248354e-07,0.0055181766,2.5838256e-07,0.00012581168
L-BFGS-B,8549,2.1255704e-07,0.0055165566,2.5812741e-07,0.00012576823
L-BFGS-B,8550,2.1633024e-07,0.005587644,2.53161e-07,0.00012630012
L-BFGS-B,8551,2.1296155e-07,0.005522899,2.5724634e-07,0.00012576017
L-BFGS-B,8552,2.1331601e-07,0.0055284277,2.5640443e-07,0.00012574234
L-BFGS-B,8553,2.1370668e-07,0.005533318,2.555216e-07,0.00012571743
L-BFGS-B,8554,2.1404524e-07,0.005543533,2.5460864e-07,0.00012573341
L-BFGS-B,8555,2.1381008e-07,0.0055363677,2.5513862e-07,0.00012570598
L-BFGS-B,8556,2.1382309e-07,0.0055344016,2.551424e-07,0.00012568884
L-BFGS-B,8557,2.1383521e-07,0.0055302205,2.5524275e-07,0.0001256639
L-BFGS-B,8558,2.1381813e-07,0.0055283243,2.551654e-07,0.00012563077
L-BFGS-B,8559,2.13799e-07,0.0055218483,2.5549926e-07,0.00012561322
L-BFGS-B,8560,2.1389054e-07,0.0055286596,2.5469225e-07,0.00012557402
L-BFGS-B,8561,2.1383815e-07,0.0055353804,2.541586e-07,0.00012555331
L-BFGS-B,8562,2.1394011e-07,0.0055436096,2.5335362e-07,0.00012553016
L-BFGS-B,8563,2.1425228e-07,0.0055552986,2.5206123e-07,0.00012550001
L-BFGS-B,8564,2.1448008e-07,0.0055679614,2.5077722e-07,0.00012546821
L-BFGS-B,8565,2.1461516e-07,0.005572134,2.502309e-07,0.00012544825
L-BFGS-B,8566,2.1471065e-07,0.005576534,2.4975097e-07,0.00012543458
L-BFGS-B,8567,2.1480162e-07,0.0055818046,2.492585e-07,0.00012542706
L-BFGS-B,8568,2.1494075e-07,0.0055887606,2.4861512e-07,0.000125421
L-BFGS-B,8569,2.1493277e-07,0.0055916295,2.4839457e-07,0.00012541539
L-BFGS-B,8570,2.1504141e-07,0.0055942843,2.4807878e-07,0.00012541088
L-BFGS-B,8571,2.1500595e-07,0.005592169,2.4822918e-07,0.00012540695
L-BFGS-B,8572,2.1498185e-07,0.005589361,2.4841222e-07,0.00012540272
L-BFGS-B,8573,2.1494219e-07,0.005587517,2.4855837e-07,0.00012540026
L-BFGS-B,8574,2.1492548e-07,0.005588117,2.4852204e-07,0.0001253983
L-BFGS-B,8575,2.1479781e-07,0.00558522,2.4880845e-07,0.00012539314
L-BFGS-B,8576,2.1484924e-07,0.005587913,2.4852446e-07,0.00012538518
L-BFGS-B,8577,2.1489139e-07,0.005590157,2.4829876e-07,0.00012538009
L-BFGS-B,8578,2.149226e-07,0.0055901795,2.4823674e-07,0.0001253757
L-BFGS-B,8579,2.1501532e-07,0.0055893282,2.4815787e-07,0.00012536926
L-BFGS-B,8580,2.1511947e-07,0.0055896738,2.4799135e-07,0.00012536335
L-BFGS-B,8581,2.1527909e-07,0.005573008,2.4945948e-07,0.00012544087
L-BFGS-B,8582,2.1512477e-07,0.0055860174,2.48209e-07,0.00012536024
L-BFGS-B,8583,2.1530846e-07,0.005589478,2.4771455e-07,0.00012534823
L-BFGS-B,8584,2.1522159e-07,0.0055904035,2.477397e-07,0.00012534822
L-BFGS-B,8585,2.1525649e-07,0.005589602,2.4770395e-07,0.00012534008
L-BFGS-B,8586,2.1524717e-07,0.0055939397,2.4733728e-07,0.00012532706
L-BFGS-B,8587,2.1540022e-07,0.005605345,2.4639962e-07,0.00012532342
L-BFGS-B,8588,2.1529851e-07,0.00559859,2.468937e-07,0.00012531473
L-BFGS-B,8589,2.1515594e-07,0.0055991225,2.4691536e-07,0.00012530191
L-BFGS-B,8590,2.1527141e-07,0.005598973,2.4676953e-07,0.00012529586
L-BFGS-B,8591,2.1457429e-07,0.005591013,2.4809844e-07,0.00012531104
L-BFGS-B,8592,2.1503986e-07,0.0055961222,2.4716118e-07,0.00012529138
L-BFGS-B,8593,2.150015e-07,0.0055942023,2.4731185e-07,0.00012528902
L-BFGS-B,8594,2.1504138e-07,0.005594189,2.4725574e-07,0.00012528646
L-BFGS-B,8595,2.1507182e-07,0.0055938363,2.472346e-07,0.00012528432
L-BFGS-B,8596,2.1514995e-07,0.0055965516,2.4695044e-07,0.00012528057
L-BFGS-B,8597,2.1524333e-07,0.0056004645,2.4657848e-07,0.0001252779
L-BFGS-B,8598,2.152524e-07,0.0056040008,2.4632544e-07,0.00012527668
L-BFGS-B,8599,2.1523874e-07,0.0056036874,2.4634727e-07,0.00012527478
L-BFGS-B,8600,2.151958e-07,0.005603078,2.4642333e-07,0.00012527364
L-BFGS-B,8601,2.1516615e-07,0.0056028,2.4647008e-07,0.00012527344
L-BFGS-B,8602,2.1515794e-07,0.005602789,2.464668e-07,0.0001252716
L-BFGS-B,8603,2.1525175e-07,0.005599365,2.465845e-07,0.00012526909
L-BFGS-B,8604,2.15254e-07,0.005603095,2.4632195e-07,0.00012526734
L-BFGS-B,8605,2.1530369e-07,0.0056050685,2.4622256e-07,0.00012527962
L-BFGS-B,8606,2.152626e-07,0.0056034694,2.4626678e-07,0.00012526411
L-BFGS-B,8607,2.1531301e-07,0.0056030885,2.4621127e-07,0.00012525952
L-BFGS-B,8608,2.154648e-07,0.005605068,2.458713e-07,0.0001252511
L-BFGS-B,8609,2.1552019e-07,0.0056054043,2.4573518e-07,0.00012524235
L-BFGS-B,8610,2.1543346e-07,0.005605103,2.4577355e-07,0.00012523208
L-BFGS-B,8611,2.1514455e-07,0.0056063044,2.458236e-07,0.00012520826
L-BFGS-B,8612,2.1483993e-07,0.0056057577,2.4602494e-07,0.0001251873
L-BFGS-B,8613,2.1467497e-07,0.0056081098,2.4589883e-07,0.00012516716
L-BFGS-B,8614,2.1464672e-07,0.0056101833,2.4566774e-07,0.000125149
L-BFGS-B,8615,2.1481263e-07,0.0056123687,2.4524365e-07,0.00012513212
L-BFGS-B,8616,2.1519698e-07,0.0056157443,2.4450446e-07,0.00012511265
L-BFGS-B,8617,2.1527528e-07,0.0056134895,2.4449818e-07,0.00012510091
L-BFGS-B,8618,2.154296e-07,0.0056145666,2.4417963e-07,0.00012508704
L-BFGS-B,8619,2.151663e-07,0.005611401,2.4460076e-07,0.00012507907
L-BFGS-B,8620,2.151454e-07,0.005611716,2.444779e-07,0.00012506066
L-BFGS-B,8621,2.1519054e-07,0.005615268,2.4406629e-07,0.0001250412
L-BFGS-B,8622,2.1519003e-07,0.005620904,2.435015e-07,0.00012501277
L-BFGS-B,8623,2.1526398e-07,0.005637942,2.4185317e-07,0.000124947
L-BFGS-B,8624,2.1538746e-07,0.0056514726,2.4055214e-07,0.00012490567
L-BFGS-B,8625,2.1537247e-07,0.005656841,2.400044e-07,0.00012487493
L-BFGS-B,8626,2.1521558e-07,0.005653278,2.4018752e-07,0.00012484324
L-BFGS-B,8627,2.1512257e-07,0.0056523504,2.4002895e-07,0.00012479624
L-BFGS-B,8628,2.147613e-07,0.005655784,2.4005502e-07,0.00012478029
L-BFGS-B,8629,2.1462677e-07,0.005644104,2.4066725e-07,0.00012473515
L-BFGS-B,8630,2.1513654e-07,0.005667758,2.3938352e-07,0.00012485558
L-BFGS-B,8631,2.1468368e-07,0.005647494,2.4032678e-07,0.00012472652
L-BFGS-B,8632,2.1468425e-07,0.005649744,2.4008204e-07,0.00012471239
L-BFGS-B,8633,2.1467962e-07,0.0056514326,2.3990745e-07,0.00012470239
L-BFGS-B,8634,2.1475587e-07,0.0056538386,2.3961277e-07,0.00012469369
L-BFGS-B,8635,2.1476912e-07,0.00565529,2.394375e-07,0.0001246839
L-BFGS-B,8636,2.1462995e-07,0.0056580105,2.3921592e-07,0.00012465699
L-BFGS-B,8637,2.144831e-07,0.0056543783,2.3954672e-07,0.00012464826
L-BFGS-B,8638,2.1451118e-07,0.005661985,2.3884184e-07,0.0001246228
L-BFGS-B,8639,2.1448865e-07,0.0056621907,2.387787e-07,0.00012461201
L-BFGS-B,8640,2.1456673e-07,0.00566774,2.3825639e-07,0.00012460086
L-BFGS-B,8641,2.1460366e-07,0.0056657596,2.3831107e-07,0.00012459481
L-BFGS-B,8642,2.145976e-07,0.005665623,2.3828902e-07,0.00012458922
L-BFGS-B,8643,2.146125e-07,0.0056662094,2.3818187e-07,0.00012458125
L-BFGS-B,8644,2.1469461e-07,0.005667782,2.379336e-07,0.00012457205
L-BFGS-B,8645,2.1499277e-07,0.0056769364,2.370322e-07,0.0001245731
L-BFGS-B,8646,2.1482629e-07,0.0056718118,2.3750448e-07,0.00012456774
L-BFGS-B,8647,2.149326e-07,0.005673505,2.3725205e-07,0.00012456274
L-BFGS-B,8648,2.152039e-07,0.005679279,2.3654476e-07,0.0001245551
L-BFGS-B,8649,2.152341e-07,0.00567989,2.364654e-07,0.00012455383
L-BFGS-B,8650,2.1522058e-07,0.0056799008,2.3645993e-07,0.00012455108
L-BFGS-B,8651,2.1518933e-07,0.005680115,2.3645597e-07,0.00012454795
L-BFGS-B,8652,2.1516269e-07,0.005680794,2.3642426e-07,0.00012454599
L-BFGS-B,8653,2.1515174e-07,0.005681574,2.3636537e-07,0.00012454331
L-BFGS-B,8654,2.1506845e-07,0.0056796935,2.3655323e-07,0.00012454018
L-BFGS-B,8655,2.1497236e-07,0.0056819636,2.36517e-07,0.00012454305
L-BFGS-B,8656,2.1501657e-07,0.0056803823,2.3651961e-07,0.00012453424
L-BFGS-B,8657,2.150257e-07,0.0056800395,2.3648403e-07,0.00012452685
L-BFGS-B,8658,2.1498539e-07,0.00567698,2.3665332e-07,0.0001245156
L-BFGS-B,8659,2.1495757e-07,0.0056768646,2.3664666e-07,0.00012450927
L-BFGS-B,8660,2.14937e-07,0.0056780796,2.3651906e-07,0.0001244992
L-BFGS-B,8661,2.1500087e-07,0.005683696,2.3602914e-07,0.00012449146
L-BFGS-B,8662,2.1499434e-07,0.0056880633,2.3568931e-07,0.00012448318
L-BFGS-B,8663,2.152129e-07,0.0056967908,2.348127e-07,0.00012447176
L-BFGS-B,8664,2.1541466e-07,0.0057053603,2.339369e-07,0.00012445633
L-BFGS-B,8665,2.155658e-07,0.0057082428,2.3346882e-07,0.00012443762
L-BFGS-B,8666,2.1570852e-07,0.005703838,2.3338193e-07,0.00012440194
L-BFGS-B,8667,2.1567733e-07,0.005693126,2.3391573e-07,0.00012437021
L-BFGS-B,8668,2.156144e-07,0.005676854,2.3479285e-07,0.00012432963
L-BFGS-B,8669,2.1574238e-07,0.005671788,2.3483443e-07,0.00012430441
L-BFGS-B,8670,2.1559885e-07,0.005670491,2.3516591e-07,0.00012431963
L-BFGS-B,8671,2.156831e-07,0.005670505,2.3493214e-07,0.00012429734
L-BFGS-B,8672,2.1595055e-07,0.005677272,2.3413558e-07,0.00012428564
L-BFGS-B,8673,2.1607555e-07,0.005682572,2.335784e-07,0.0001242738
L-BFGS-B,8674,2.165933e-07,0.0056973784,2.318195e-07,0.0001242357
L-BFGS-B,8675,2.16255e-07,0.005690771,2.324222e-07,0.00012420928
L-BFGS-B,8676,2.1641891e-07,0.0056874626,2.322926e-07,0.00012418136
L-BFGS-B,8677,2.1654098e-07,0.0056826505,2.322813e-07,0.00012414984
L-BFGS-B,8678,2.1654962e-07,0.005676375,2.3252834e-07,0.00012412544
L-BFGS-B,8679,2.1605462e-07,0.0056732637,2.3317725e-07,0.00012411742
L-BFGS-B,8680,2.1622853e-07,0.0056740744,2.3285398e-07,0.00012410313
L-BFGS-B,8681,2.1632286e-07,0.005682604,2.3209974e-07,0.00012408942
L-BFGS-B,8682,2.1611072e-07,0.005678084,2.3254692e-07,0.0001240795
L-BFGS-B,8683,2.1607157e-07,0.0056774523,2.3260026e-07,0.00012407529
L-BFGS-B,8684,2.1605749e-07,0.0056728087,2.3286408e-07,0.00012406633
L-BFGS-B,8685,2.1681169e-07,0.005718202,2.327914e-07,0.00012462249
L-BFGS-B,8686,2.1605686e-07,0.005673788,2.3279404e-07,0.00012406551
L-BFGS-B,8687,2.160672e-07,0.0056712353,2.3290043e-07,0.0001240575
L-BFGS-B,8688,2.1609911e-07,0.005669084,2.329722e-07,0.00012405154
L-BFGS-B,8689,2.1611567e-07,0.0056694667,2.3289473e-07,0.00012404623
L-BFGS-B,8690,2.1613124e-07,0.0056709843,2.3271933e-07,0.00012403743
L-BFGS-B,8691,2.1614478e-07,0.0056751464,2.323629e-07,0.0001240276
L-BFGS-B,8692,2.1622319e-07,0.005685779,2.3154703e-07,0.00012402333
L-BFGS-B,8693,2.1617272e-07,0.0056825117,2.3174228e-07,0.00012401237
L-BFGS-B,8694,2.1610244e-07,0.0056808377,2.3188962e-07,0.00012400719
L-BFGS-B,8695,2.1596689e-07,0.005679786,2.3204129e-07,0.00012399908
L-BFGS-B,8696,2.1582325e-07,0.005676383,2.323694e-07,0.00012399274
L-BFGS-B,8697,2.1578015e-07,0.005674707,2.3246685e-07,0.00012398412
L-BFGS-B,8698,2.1573804e-07,0.0056694676,2.3273338e-07,0.00012396538
L-BFGS-B,8699,2.1571724e-07,0.005670913,2.3259034e-07,0.00012395527
L-BFGS-B,8700,2.1574917e-07,0.005669693,2.3252339e-07,0.00012393782
L-BFGS-B,8701,2.1576287e-07,0.0056712455,2.3226298e-07,0.00012391634
L-BFGS-B,8702,2.157577e-07,0.005673128,2.3202605e-07,0.00012389885
L-BFGS-B,8703,2.1567269e-07,0.0056763794,2.3190313e-07,0.00012390016
L-BFGS-B,8704,2.1570553e-07,0.0056739314,2.3193874e-07,0.00012388595
L-BFGS-B,8705,2.1589615e-07,0.0056738057,2.3164341e-07,0.00012386899
L-BFGS-B,8706,2.1569765e-07,0.0056701326,2.3191573e-07,0.00012384333
L-BFGS-B,8707,2.1555121e-07,0.0056655123,2.3217666e-07,0.0001238143
L-BFGS-B,8708,2.154939e-07,0.005661597,2.323133e-07,0.00012378705
L-BFGS-B,8709,2.1559734e-07,0.005660459,2.3206867e-07,0.0001237545
L-BFGS-B,8710,2.1589781e-07,0.0056602233,2.3175494e-07,0.00012375014
L-BFGS-B,8711,2.1571888e-07,0.005659302,2.3190015e-07,0.00012373587
L-BFGS-B,8712,2.157787e-07,0.0056591663,2.3168745e-07,0.00012371158
L-BFGS-B,8713,2.1579925e-07,0.005657257,2.3164246e-07,0.00012368882
L-BFGS-B,8714,2.1638597e-07,0.00567315,2.3057072e-07,0.00012377501
L-BFGS-B,8715,2.1588397e-07,0.0056591984,2.313986e-07,0.00012368437
L-BFGS-B,8716,2.1576115e-07,0.005658378,2.315287e-07,0.00012367725
L-BFGS-B,8717,2.156377e-07,0.0056592273,2.3153113e-07,0.0001236676
L-BFGS-B,8718,2.1583855e-07,0.0056341854,2.3360784e-07,0.00012375881
L-BFGS-B,8719,2.1564964e-07,0.0056529185,2.3189199e-07,0.00012366043
L-BFGS-B,8720,2.1569907e-07,0.00565525,2.3160635e-07,0.00012364832
L-BFGS-B,8721,2.1579437e-07,0.0056561716,2.3136128e-07,0.00012363507
L-BFGS-B,8722,2.164485e-07,0.005708963,2.3234254e-07,0.0001244083
L-BFGS-B,8723,2.1576788e-07,0.0056570587,2.3129205e-07,0.00012362958
L-BFGS-B,8724,2.158521e-07,0.005657715,2.3097833e-07,0.00012360171
L-BFGS-B,8725,2.1610907e-07,0.005663762,2.3006648e-07,0.00012356395
L-BFGS-B,8726,2.1625004e-07,0.0056671468,2.2946885e-07,0.0001235293
L-BFGS-B,8727,2.161928e-07,0.0056682387,2.2928037e-07,0.00012350336
L-BFGS-B,8728,2.163816e-07,0.005672807,2.287046e-07,0.00012349099
L-BFGS-B,8729,2.1624837e-07,0.005674906,2.2863819e-07,0.00012348205
L-BFGS-B,8730,2.166895e-07,0.005687265,2.2725585e-07,0.00012346444
L-BFGS-B,8731,2.1653631e-07,0.005684266,2.2743549e-07,0.00012343843
L-BFGS-B,8732,2.1607855e-07,0.0056710555,2.2831914e-07,0.0001233702
L-BFGS-B,8733,2.1587252e-07,0.005665662,2.286334e-07,0.0001233325
L-BFGS-B,8734,2.1619518e-07,0.0056711882,2.2766845e-07,0.00012329142
L-BFGS-B,8735,2.162762e-07,0.0056770253,2.2700334e-07,0.00012326217
L-BFGS-B,8736,2.1615355e-07,0.0056767664,2.2697846e-07,0.00012323746
L-BFGS-B,8737,2.1586857e-07,0.005676374,2.272289e-07,0.00012322835
L-BFGS-B,8738,2.1589175e-07,0.005672239,2.2742579e-07,0.00012322002
L-BFGS-B,8739,2.1578073e-07,0.005671248,2.2759244e-07,0.00012321846
L-BFGS-B,8740,2.1575525e-07,0.0056702206,2.2766872e-07,0.0001232158
L-BFGS-B,8741,2.1579629e-07,0.005672414,2.27462e-07,0.00012321287
L-BFGS-B,8742,2.1574053e-07,0.005672407,2.2750018e-07,0.00012321018
L-BFGS-B,8743,2.1569126e-07,0.0056718243,2.2756856e-07,0.00012320722
L-BFGS-B,8744,2.1564863e-07,0.005670552,2.2766996e-07,0.00012320331
L-BFGS-B,8745,2.1556937e-07,0.005667608,2.2789604e-07,0.0001231959
L-BFGS-B,8746,2.1551159e-07,0.005664408,2.2809505e-07,0.00012318508
L-BFGS-B,8747,2.1545722e-07,0.0056625847,2.2813006e-07,0.00012316393
L-BFGS-B,8748,2.1542965e-07,0.0056644464,2.2787552e-07,0.00012314024
L-BFGS-B,8749,2.1550352e-07,0.005669185,2.273642e-07,0.00012312201
L-BFGS-B,8750,2.153986e-07,0.005678323,2.2666534e-07,0.00012309282
L-BFGS-B,8751,2.1617406e-07,0.005763208,2.2376233e-07,0.00012362254
L-BFGS-B,8752,2.1545488e-07,0.0056867627,2.2593018e-07,0.00012307538
L-BFGS-B,8753,2.154687e-07,0.0056854472,2.2583994e-07,0.00012305076
L-BFGS-B,8754,2.1565853e-07,0.0056798537,2.2563343e-07,0.00012299234
L-BFGS-B,8755,2.1554902e-07,0.005674932,2.258432e-07,0.00012295815
L-BFGS-B,8756,2.1549494e-07,0.0056659905,2.2618667e-07,0.00012291214
L-BFGS-B,8757,2.1572058e-07,0.0056664804,2.2569367e-07,0.00012287693
L-BFGS-B,8758,2.155948e-07,0.00566325,2.2577483e-07,0.00012283794
L-BFGS-B,8759,2.1556862e-07,0.0056628827,2.2566336e-07,0.00012281362
L-BFGS-B,8760,2.1634636e-07,0.0056632375,2.2466135e-07,0.00012278353
L-BFGS-B,8761,2.1630075e-07,0.0056674737,2.2412819e-07,0.00012273907
L-BFGS-B,8762,2.1620212e-07,0.005673895,2.2358292e-07,0.00012270671
L-BFGS-B,8763,2.1648792e-07,0.0056757247,2.2291873e-07,0.00012266825
L-BFGS-B,8764,2.1671059e-07,0.0056758686,2.225772e-07,0.00012265185
L-BFGS-B,8765,2.1663087e-07,0.005668849,2.2285509e-07,0.00012261138
L-BFGS-B,8766,2.1656241e-07,0.005667536,2.2290277e-07,0.00012259513
L-BFGS-B,8767,2.1670203e-07,0.0056634974,2.2289794e-07,0.00012257497
L-BFGS-B,8768,2.1668497e-07,0.0056593213,2.230936e-07,0.00012256
L-BFGS-B,8769,2.1683793e-07,0.0056568766,2.229496e-07,0.0001225369
L-BFGS-B,8770,2.2170836e-07,0.0057150563,2.3762347e-07,0.00012605033
L-BFGS-B,8771,2.1689013e-07,0.005650628,2.2322187e-07,0.00012252308
L-BFGS-B,8772,2.1678424e-07,0.0056438623,2.2366024e-07,0.0001225053
L-BFGS-B,8773,2.1697369e-07,0.0056404453,2.2361947e-07,0.00012249342
L-BFGS-B,8774,2.1707599e-07,0.0056372928,2.2362975e-07,0.00012247878
L-BFGS-B,8775,2.1724861e-07,0.005636619,2.233961e-07,0.0001224629
L-BFGS-B,8776,2.1747888e-07,0.0056348904,2.2317126e-07,0.00012244642
L-BFGS-B,8777,2.1753874e-07,0.005631196,2.2320398e-07,0.00012242337
L-BFGS-B,8778,2.1727507e-07,0.005615759,2.2432599e-07,0.00012239776
L-BFGS-B,8779,2.1706028e-07,0.0056098555,2.2482557e-07,0.00012238143
L-BFGS-B,8780,2.1691176e-07,0.005608496,2.2472321e-07,0.0001223302
L-BFGS-B,8781,2.1659874e-07,0.005598302,2.2546921e-07,0.00012229322
L-BFGS-B,8782,2.1629334e-07,0.0055870465,2.263062e-07,0.00012226039
L-BFGS-B,8783,2.162169e-07,0.0055776313,2.2686237e-07,0.00012223821
L-BFGS-B,8784,2.162372e-07,0.005570941,2.2716898e-07,0.00012222034
L-BFGS-B,8785,2.1646991e-07,0.0055677877,2.2707809e-07,0.00012221007
L-BFGS-B,8786,2.166767e-07,0.0055733114,2.2647188e-07,0.00012220541
L-BFGS-B,8787,2.1674313e-07,0.00557714,2.2612235e-07,0.00012220122
L-BFGS-B,8788,2.169286e-07,0.005578913,2.2580018e-07,0.00012219844
L-BFGS-B,8789,2.1695696e-07,0.0055798837,2.2568044e-07,0.00012219444
L-BFGS-B,8790,2.17005e-07,0.0055798297,2.2560783e-07,0.00012219022
L-BFGS-B,8791,2.1623686e-07,0.005579468,2.2701187e-07,0.00012228198
L-BFGS-B,8792,2.1691702e-07,0.005579403,2.2572111e-07,0.00012218975
L-BFGS-B,8793,2.1675065e-07,0.0055713314,2.2639128e-07,0.0001221846
L-BFGS-B,8794,2.168564e-07,0.005572106,2.2619334e-07,0.00012217852
L-BFGS-B,8795,2.1684374e-07,0.005571816,2.2619933e-07,0.00012217462
L-BFGS-B,8796,2.1680233e-07,0.005568567,2.2639547e-07,0.00012216535
L-BFGS-B,8797,2.1668255e-07,0.0055625043,2.2681029e-07,0.00012214897
L-BFGS-B,8798,2.1664849e-07,0.0055563087,2.2718461e-07,0.00012213805
L-BFGS-B,8799,2.1650538e-07,0.0055507296,2.2762313e-07,0.00012212657
L-BFGS-B,8800,2.165869e-07,0.005546831,2.2775454e-07,0.00012211953
L-BFGS-B,8801,2.1661177e-07,0.00555013,2.2745468e-07,0.00012211126
L-BFGS-B,8802,2.1666186e-07,0.0055549764,2.2700304e-07,0.0001220995
L-BFGS-B,8803,2.1670981e-07,0.0055592787,2.2659201e-07,0.00012208807
L-BFGS-B,8804,2.1657007e-07,0.005552531,2.2716571e-07,0.00012208568
L-BFGS-B,8805,2.1651763e-07,0.005564379,2.2648202e-07,0.00012209374
L-BFGS-B,8806,2.1653209e-07,0.005557029,2.268151e-07,0.00012207236
L-BFGS-B,8807,2.1672186e-07,0.0055522146,2.2688926e-07,0.00012206382
L-BFGS-B,8808,2.1665196e-07,0.005551041,2.2701467e-07,0.0001220604
L-BFGS-B,8809,2.1661594e-07,0.00554909,2.2717056e-07,0.000122058875
L-BFGS-B,8810,2.1659747e-07,0.0055475216,2.2728668e-07,0.00012205784
L-BFGS-B,8811,2.1645239e-07,0.005542636,2.2774545e-07,0.00012205604
L-BFGS-B,8812,2.165532e-07,0.0055459696,2.2750798e-07,0.00012206888
L-BFGS-B,8813,2.1647134e-07,0.0055432,2.2767837e-07,0.00012205445
L-BFGS-B,8814,2.1639161e-07,0.005541869,2.2782002e-07,0.000122050435
L-BFGS-B,8815,2.1646437e-07,0.0055477098,2.2732462e-07,0.00012204544
L-BFGS-B,8816,2.1634197e-07,0.0055545676,2.2695863e-07,0.00012204077
L-BFGS-B,8817,2.1629945e-07,0.0055531217,2.2707326e-07,0.00012203712
L-BFGS-B,8818,2.1618249e-07,0.005551151,2.2724896e-07,0.00012202623
L-BFGS-B,8819,2.1608763e-07,0.005551581,2.272514e-07,0.00012201666
L-BFGS-B,8820,2.1595545e-07,0.005549805,2.2751237e-07,0.00012201822
L-BFGS-B,8821,2.1601586e-07,0.00555042,2.2736023e-07,0.00012201061
L-BFGS-B,8822,2.1602709e-07,0.0055571455,2.2678263e-07,0.00012199291
L-BFGS-B,8823,2.1622427e-07,0.005565864,2.2590598e-07,0.00012197817
L-BFGS-B,8824,2.1645467e-07,0.005586667,2.2412593e-07,0.00012195376
L-BFGS-B,8825,2.164354e-07,0.00558148,2.243588e-07,0.00012193393
L-BFGS-B,8826,2.1653695e-07,0.0055797356,2.2427064e-07,0.00012191849
L-BFGS-B,8827,2.1644188e-07,0.005575017,2.2462926e-07,0.00012191084
L-BFGS-B,8828,2.1639516e-07,0.0055800662,2.2428033e-07,0.00012190199
L-BFGS-B,8829,2.166961e-07,0.005591255,2.2312331e-07,0.00012188546
L-BFGS-B,8830,2.1668839e-07,0.0055919164,2.2299322e-07,0.0001218714
L-BFGS-B,8831,2.1667904e-07,0.005593064,2.2283037e-07,0.00012185705
L-BFGS-B,8832,2.1652065e-07,0.0055942326,2.2292417e-07,0.00012185905
L-BFGS-B,8833,2.1660246e-07,0.005593474,2.2286027e-07,0.000121854144
L-BFGS-B,8834,2.1657655e-07,0.0055962713,2.2265472e-07,0.00012184739
L-BFGS-B,8835,2.165594e-07,0.0055980296,2.225019e-07,0.00012183949
L-BFGS-B,8836,2.1642221e-07,0.005595547,2.2272839e-07,0.00012182807
L-BFGS-B,8837,2.1608983e-07,0.0055876346,2.2349273e-07,0.000121813726
L-BFGS-B,8838,2.1602679e-07,0.0055886935,2.2344607e-07,0.00012180786
L-BFGS-B,8839,2.1591907e-07,0.0055882004,2.235427e-07,0.00012180127
L-BFGS-B,8840,2.1588882e-07,0.0055879154,2.235458e-07,0.00012179434
L-BFGS-B,8841,2.1438089e-07,0.0056261513,2.2573991e-07,0.00012227963
L-BFGS-B,8842,2.1578528e-07,0.0055892295,2.2355124e-07,0.00012179278
L-BFGS-B,8843,2.1583966e-07,0.0055904305,2.2338584e-07,0.000121788136
L-BFGS-B,8844,2.1598055e-07,0.0055909557,2.2317913e-07,0.00012178351
L-BFGS-B,8845,2.1603587e-07,0.0055914107,2.230714e-07,0.0001217802
L-BFGS-B,8846,2.1612368e-07,0.005590854,2.229778e-07,0.00012177377
L-BFGS-B,8847,2.1632036e-07,0.005594021,2.2248882e-07,0.00012176158
L-BFGS-B,8848,2.1628641e-07,0.0055860854,2.2307034e-07,0.000121764366
L-BFGS-B,8849,2.1629927e-07,0.0055900537,2.2272296e-07,0.00012175387
L-BFGS-B,8850,2.1622239e-07,0.00559148,2.2264251e-07,0.00012174453
L-BFGS-B,8851,2.1611305e-07,0.005591102,2.2272886e-07,0.0001217373
L-BFGS-B,8852,2.1610916e-07,0.00559165,2.2267027e-07,0.00012173342
L-BFGS-B,8853,2.1605626e-07,0.005588162,2.2291711e-07,0.00012172763
L-BFGS-B,8854,2.1620632e-07,0.005588198,2.227257e-07,0.00012172178
L-BFGS-B,8855,2.1620026e-07,0.0055859294,2.228494e-07,0.00012171674
L-BFGS-B,8856,2.161481e-07,0.005577823,2.233627e-07,0.00012170484
L-BFGS-B,8857,2.1606215e-07,0.0055732727,2.2370438e-07,0.00012169771
L-BFGS-B,8858,2.1590375e-07,0.005568188,2.2412004e-07,0.00012168546
L-BFGS-B,8859,2.1578404e-07,0.0055674342,2.2420899e-07,0.00012167329
L-BFGS-B,8860,2.1566727e-07,0.0055724797,2.239056e-07,0.00012166072
L-BFGS-B,8861,2.1651668e-07,0.005583604,2.2324143e-07,0.00012179975
L-BFGS-B,8862,2.1578181e-07,0.0055730357,2.2370976e-07,0.0001216541
L-BFGS-B,8863,2.1582359e-07,0.00557543,2.2345839e-07,0.0001216466
L-BFGS-B,8864,2.1599992e-07,0.0055781603,2.2304724e-07,0.00012163868
L-BFGS-B,8865,2.1608068e-07,0.0055770837,2.2301583e-07,0.00012163531
L-BFGS-B,8866,2.1614791e-07,0.0055745593,2.2309078e-07,0.0001216314
L-BFGS-B,8867,2.1623917e-07,0.005572517,2.2312533e-07,0.00012162984
L-BFGS-B,8868,2.1620487e-07,0.005571945,2.2319286e-07,0.000121629106
L-BFGS-B,8869,2.1617988e-07,0.005573031,2.2312639e-07,0.000121626246
L-BFGS-B,8870,2.1615202e-07,0.005572977,2.2314416e-07,0.000121624194
L-BFGS-B,8871,2.1601673e-07,0.00556903,2.2351134e-07,0.00012161951
L-BFGS-B,8872,2.1735134e-07,0.0055500134,2.3495606e-07,0.00012334624
L-BFGS-B,8873,2.1598716e-07,0.005562183,2.2398028e-07,0.00012161695
L-BFGS-B,8874,2.1603196e-07,0.005567249,2.2353161e-07,0.00012160702
L-BFGS-B,8875,2.1583077e-07,0.005557124,2.2437423e-07,0.00012160199
L-BFGS-B,8876,2.1614582e-07,0.0055668135,2.2328419e-07,0.000121582634
L-BFGS-B,8877,2.1616366e-07,0.005564748,2.2333667e-07,0.00012157252
L-BFGS-B,8878,2.1621959e-07,0.0055586617,2.2352016e-07,0.00012154758
L-BFGS-B,8879,2.1615125e-07,0.005570364,2.2288607e-07,0.000121559235
L-BFGS-B,8880,2.1618848e-07,0.00556275,2.2319749e-07,0.0001215354
L-BFGS-B,8881,2.1642778e-07,0.005572385,2.2237326e-07,0.000121544
L-BFGS-B,8882,2.1627628e-07,0.005566121,2.2281536e-07,0.00012152495
L-BFGS-B,8883,2.1614265e-07,0.005561666,2.2312204e-07,0.00012150636
L-BFGS-B,8884,2.1592506e-07,0.005556526,2.2351666e-07,0.00012148151
L-BFGS-B,8885,2.1572298e-07,0.005558446,2.2341803e-07,0.00012145561
L-BFGS-B,8886,2.1569507e-07,0.0055590128,2.2322598e-07,0.00012142828
L-BFGS-B,8887,2.1559913e-07,0.0055565606,2.2337359e-07,0.00012141151
L-BFGS-B,8888,2.154869e-07,0.0055555548,2.2348567e-07,0.000121401434
L-BFGS-B,8889,2.1550662e-07,0.0055536106,2.2354872e-07,0.000121394405
L-BFGS-B,8890,2.1538486e-07,0.0055516385,2.2375683e-07,0.00012138764
L-BFGS-B,8891,2.1534488e-07,0.005550077,2.2386568e-07,0.000121382356
L-BFGS-B,8892,2.1514818e-07,0.005546672,2.2422672e-07,0.00012137295
L-BFGS-B,8893,2.153698e-07,0.005514856,2.2721335e-07,0.000121536024
L-BFGS-B,8894,2.1514668e-07,0.005542139,2.2451238e-07,0.00012137025
L-BFGS-B,8895,2.1505545e-07,0.005539554,2.2471872e-07,0.00012136166
L-BFGS-B,8896,2.1490723e-07,0.0055337655,2.251396e-07,0.00012134468
L-BFGS-B,8897,2.1482273e-07,0.0055333064,2.2521787e-07,0.00012133915
L-BFGS-B,8898,2.1485069e-07,0.005533013,2.2517189e-07,0.00012133352
L-BFGS-B,8899,2.1490611e-07,0.0055339145,2.250231e-07,0.00012132852
L-BFGS-B,8900,2.1492117e-07,0.005537308,2.2481068e-07,0.00012133285
L-BFGS-B,8901,2.1490575e-07,0.005535117,2.2491191e-07,0.000121323814
L-BFGS-B,8902,2.1505201e-07,0.005538025,2.2452515e-07,0.00012131683
L-BFGS-B,8903,2.150603e-07,0.0055426154,2.2414171e-07,0.00012130645
L-BFGS-B,8904,2.1539013e-07,0.0055417153,2.2390157e-07,0.000121310906
L-BFGS-B,8905,2.1517997e-07,0.0055421647,2.2403611e-07,0.00012130407
L-BFGS-B,8906,2.1513736e-07,0.0055445684,2.2388464e-07,0.000121298974
L-BFGS-B,8907,2.150229e-07,0.0055459607,2.2387778e-07,0.0001212947
L-BFGS-B,8908,2.1507495e-07,0.0055452976,2.2385419e-07,0.000121292345
L-BFGS-B,8909,2.1519426e-07,0.0055452664,2.2372444e-07,0.00012129047
L-BFGS-B,8910,2.1528032e-07,0.0055453093,2.2361912e-07,0.00012128801
L-BFGS-B,8911,2.1530677e-07,0.0055435696,2.2368233e-07,0.00012128406
L-BFGS-B,8912,2.1539935e-07,0.005545472,2.2342898e-07,0.00012127897
L-BFGS-B,8913,2.1741424e-07,0.0056159305,2.3224837e-07,0.0001236087
L-BFGS-B,8914,2.1523817e-07,0.005542685,2.2375703e-07,0.00012127613
L-BFGS-B,8915,2.1523707e-07,0.0055437246,2.2364667e-07,0.0001212698
L-BFGS-B,8916,2.1518028e-07,0.0055466425,2.2343352e-07,0.00012125849
L-BFGS-B,8917,2.1507017e-07,0.0055442727,2.236452e-07,0.000121250036
L-BFGS-B,8918,2.1488631e-07,0.0055420464,2.2392028e-07,0.00012124145
L-BFGS-B,8919,2.1485067e-07,0.0055397693,2.2408541e-07,0.0001212381
L-BFGS-B,8920,2.1484027e-07,0.0055386703,2.2415502e-07,0.00012123599
L-BFGS-B,8921,2.1488123e-07,0.0055378443,2.2413741e-07,0.000121231235
L-BFGS-B,8922,2.1483737e-07,0.005537002,2.2421519e-07,0.0001212279
L-BFGS-B,8923,2.1471563e-07,0.00554042,2.2417575e-07,0.0001212379
L-BFGS-B,8924,2.1479866e-07,0.005537721,2.2419114e-07,0.000121225676
L-BFGS-B,8925,2.1446468e-07,0.005510574,2.267169e-07,0.00012128298
L-BFGS-B,8926,2.1473741e-07,0.005533075,2.2454806e-07,0.000121223566
L-BFGS-B,8927,2.1469025e-07,0.005533281,2.24557e-07,0.0001212199
L-BFGS-B,8928,2.1473153e-07,0.0055350014,2.243747e-07,0.000121215955
L-BFGS-B,8929,2.1476872e-07,0.0055363006,2.242408e-07,0.000121214434
L-BFGS-B,8930,2.1487688e-07,0.005537216,2.240578e-07,0.00012121236
L-BFGS-B,8931,2.1495364e-07,0.0055382713,2.2389673e-07,0.000121210265
L-BFGS-B,8932,2.1501022e-07,0.005539489,2.2372963e-07,0.00012120586
L-BFGS-B,8933,2.1496228e-07,0.0055414154,2.2361883e-07,0.000121201316
L-BFGS-B,8934,2.1487367e-07,0.005540638,2.23742e-07,0.00012119873
L-BFGS-B,8935,2.1479018e-07,0.0055399234,2.2385419e-07,0.00012119589
L-BFGS-B,8936,2.147551e-07,0.0055380613,2.239947e-07,0.00012119308
L-BFGS-B,8937,2.1473434e-07,0.005535378,2.2416515e-07,0.0001211887
L-BFGS-B,8938,2.1471277e-07,0.005531945,2.2437989e-07,0.000121183344
L-BFGS-B,8939,2.1475948e-07,0.0055294638,2.2445963e-07,0.00012117751
L-BFGS-B,8940,2.148127e-07,0.0055306237,2.2429774e-07,0.0001211728
L-BFGS-B,8941,2.1472464e-07,0.00553323,2.2424014e-07,0.000121177014
L-BFGS-B,8942,2.1477588e-07,0.005531446,2.2426057e-07,0.000121169935
L-BFGS-B,8943,2.1484855e-07,0.0055378405,2.2373011e-07,0.000121165205
L-BFGS-B,8944,2.1474226e-07,0.005541968,2.2352486e-07,0.000121159756
L-BFGS-B,8945,2.1467662e-07,0.0055451705,2.2335135e-07,0.0001211559
L-BFGS-B,8946,2.146406e-07,0.0055476967,2.2320121e-07,0.000121153236
L-BFGS-B,8947,2.147044e-07,0.005549889,2.2295943e-07,0.00012114846
L-BFGS-B,8948,2.1471624e-07,0.0055606747,2.222723e-07,0.000121155026
L-BFGS-B,8949,2.1469688e-07,0.0055536837,2.2268969e-07,0.000121144825
L-BFGS-B,8950,2.1492023e-07,0.005558612,2.2205444e-07,0.000121132325
L-BFGS-B,8951,2.1513391e-07,0.005558961,2.2171828e-07,0.00012111744
L-BFGS-B,8952,2.1535602e-07,0.005556469,2.215737e-07,0.00012110414
L-BFGS-B,8953,2.1529583e-07,0.0055530136,2.2182631e-07,0.00012109845
L-BFGS-B,8954,2.1526519e-07,0.0055488236,2.2208918e-07,0.00012109139
L-BFGS-B,8955,2.1537441e-07,0.0055524264,2.217275e-07,0.00012108956
L-BFGS-B,8956,2.151314e-07,0.00554476,2.2243779e-07,0.000121082965
L-BFGS-B,8957,2.1525982e-07,0.005547438,2.2210868e-07,0.00012107965
L-BFGS-B,8958,2.1542552e-07,0.0055518644,2.2160835e-07,0.00012107372
L-BFGS-B,8959,2.1564293e-07,0.005555155,2.2112587e-07,0.00012106687
L-BFGS-B,8960,2.1575194e-07,0.005559276,2.2069396e-07,0.00012105964
L-BFGS-B,8961,2.158307e-07,0.0055594845,2.2055329e-07,0.000121052435
L-BFGS-B,8962,2.1580082e-07,0.0055606808,2.2046957e-07,0.00012104737
L-BFGS-B,8963,2.157291e-07,0.0055606016,2.205121e-07,0.0001210422
L-BFGS-B,8964,2.1567243e-07,0.0055619203,2.2044016e-07,0.00012103609
L-BFGS-B,8965,2.1565064e-07,0.005563331,2.2031227e-07,0.00012102775
L-BFGS-B,8966,2.1558891e-07,0.005564824,2.2021877e-07,0.00012101939
L-BFGS-B,8967,2.1561151e-07,0.005564493,2.2015674e-07,0.00012101016
L-BFGS-B,8968,2.1561218e-07,0.0055625904,2.2022495e-07,0.000121001474
L-BFGS-B,8969,2.156924e-07,0.0055595846,2.2030639e-07,0.00012099566
L-BFGS-B,8970,2.1568381e-07,0.0055550667,2.2056938e-07,0.00012098864
L-BFGS-B,8971,2.1572714e-07,0.005550603,2.2078396e-07,0.0001209827
L-BFGS-B,8972,2.1565053e-07,0.005546653,2.2107237e-07,0.000120974975
L-BFGS-B,8973,2.1569696e-07,0.005540051,2.2143671e-07,0.00012097055
L-BFGS-B,8974,2.1556016e-07,0.0055424627,2.2138747e-07,0.00012096677
L-BFGS-B,8975,2.1561577e-07,0.005546653,2.2098077e-07,0.000120956014
L-BFGS-B,8976,2.1559606e-07,0.005546396,2.2099012e-07,0.00012095188
L-BFGS-B,8977,2.1551209e-07,0.0055472683,2.2098644e-07,0.00012094746
L-BFGS-B,8978,2.1579832e-07,0.0055740024,2.1928393e-07,0.00012100236
L-BFGS-B,8979,2.1554455e-07,0.005552229,2.2059177e-07,0.00012094274
L-BFGS-B,8980,2.1550831e-07,0.0055533284,2.2046956e-07,0.000120929966
L-BFGS-B,8981,2.1373984e-07,0.0055072634,2.2670103e-07,0.000121138764
L-BFGS-B,8982,2.1523122e-07,0.005545704,2.212147e-07,0.00012092393
L-BFGS-B,8983,2.152531e-07,0.0055442327,2.212151e-07,0.000120912555
L-BFGS-B,8984,2.1519298e-07,0.0055437307,2.2114578e-07,0.000120888115
L-BFGS-B,8985,2.1514042e-07,0.005539333,2.2141197e-07,0.00012087618
L-BFGS-B,8986,2.1496558e-07,0.0055399304,2.2144916e-07,0.00012086151
L-BFGS-B,8987,2.1493742e-07,0.0055388655,2.2144924e-07,0.00012084665
L-BFGS-B,8988,2.1478081e-07,0.005540511,2.2140549e-07,0.00012083305
L-BFGS-B,8989,2.1464736e-07,0.0055388045,2.2155453e-07,0.000120818324
L-BFGS-B,8990,2.1465023e-07,0.005538833,2.2146615e-07,0.00012080578
L-BFGS-B,8991,2.1455789e-07,0.0055335853,2.2183022e-07,0.000120794066
L-BFGS-B,8992,2.1450404e-07,0.005528747,2.22115e-07,0.00012078033
L-BFGS-B,8993,2.1430829e-07,0.005516815,2.2295927e-07,0.00012075828
L-BFGS-B,8994,2.141964e-07,0.005511387,2.2333496e-07,0.00012074357
L-BFGS-B,8995,2.1399612e-07,0.005504646,2.2387991e-07,0.00012072786
L-BFGS-B,8996,2.1406485e-07,0.0055091,2.2344508e-07,0.00012071749
L-BFGS-B,8997,2.1411758e-07,0.005511896,2.2314978e-07,0.00012070907
L-BFGS-B,8998,2.142759e-07,0.0055192118,2.2239624e-07,0.00012069294
L-BFGS-B,8999,2.1424115e-07,0.005527997,2.2192052e-07,0.00012070422
L-BFGS-B,9000,2.1425164e-07,0.0055219224,2.2219773e-07,0.00012068663
L-BFGS-B,9001,2.1422642e-07,0.005519949,2.2227702e-07,0.000120675
L-BFGS-B,9002,2.1419416e-07,0.005519231,2.2222957e-07,0.000120655866
L-BFGS-B,9003,2.141192e-07,0.0055201864,2.2217024e-07,0.00012064528
L-BFGS-B,9004,2.1408557e-07,0.0055218753,2.2202578e-07,0.00012063545
L-BFGS-B,9005,2.1400967e-07,0.00552337,2.2191108e-07,0.000120621815
L-BFGS-B,9006,2.1436993e-07,0.005539692,2.2046406e-07,0.00012062202
L-BFGS-B,9007,2.141722e-07,0.0055313474,2.2114183e-07,0.00012061058
L-BFGS-B,9008,2.1404232e-07,0.0055290787,2.2129655e-07,0.00012059161
L-BFGS-B,9009,2.1388747e-07,0.0055290204,2.213312e-07,0.00012057301
L-BFGS-B,9010,2.1374261e-07,0.0055230297,2.217647e-07,0.00012055639
L-BFGS-B,9011,2.1365885e-07,0.0055181826,2.220707e-07,0.000120541255
L-BFGS-B,9012,2.1374233e-07,0.0055115707,2.223195e-07,0.00012052498
L-BFGS-B,9013,2.1380639e-07,0.0055043628,2.2260585e-07,0.000120505465
L-BFGS-B,9014,2.1392339e-07,0.005496257,2.2288722e-07,0.00012048416
L-BFGS-B,9015,2.1410092e-07,0.00550893,2.2221533e-07,0.00012053673
L-BFGS-B,9016,2.1393409e-07,0.005498548,2.2267184e-07,0.00012047637
L-BFGS-B,9017,2.139989e-07,0.0054900525,2.2298963e-07,0.0001204488
L-BFGS-B,9018,2.1390379e-07,0.0054937867,2.2274298e-07,0.00012043488
L-BFGS-B,9019,2.1392313e-07,0.00549585,2.2238657e-07,0.00012040495
L-BFGS-B,9020,2.1399303e-07,0.0054971008,2.2202971e-07,0.00012037442
L-BFGS-B,9021,2.1400213e-07,0.0054980423,2.2180744e-07,0.00012035186
L-BFGS-B,9022,2.1407888e-07,0.005498657,2.2148517e-07,0.00012032117
L-BFGS-B,9023,2.1410622e-07,0.0054956255,2.2155162e-07,0.00012030493
L-BFGS-B,9024,2.1424388e-07,0.0054906555,2.2160692e-07,0.00012028418
L-BFGS-B,9025,2.1400729e-07,0.005513175,2.2161262e-07,0.00012047473
L-BFGS-B,9026,2.141673e-07,0.0054926793,2.2146685e-07,0.000120271914
L-BFGS-B,9027,2.14419e-07,0.005493082,2.2104336e-07,0.00012025017
L-BFGS-B,9028,2.1443994e-07,0.005491906,2.2102888e-07,0.00012023938
L-BFGS-B,9029,2.1421054e-07,0.0054917303,2.2123122e-07,0.00012023357
L-BFGS-B,9030,2.142803e-07,0.0054934127,2.209822e-07,0.0001202235
L-BFGS-B,9031,2.1445268e-07,0.0054990523,2.2031105e-07,0.000120205084
L-BFGS-B,9032,2.1468156e-07,0.005503451,2.196777e-07,0.0001201884
L-BFGS-B,9033,2.1485296e-07,0.0055122445,2.1884892e-07,0.00012017773
L-BFGS-B,9034,2.1484254e-07,0.0055112764,2.188495e-07,0.000120166565
L-BFGS-B,9035,2.1483771e-07,0.0055096163,2.1889385e-07,0.0001201559
L-BFGS-B,9036,2.1484865e-07,0.005508466,2.1883366e-07,0.000120137
L-BFGS-B,9037,2.1481324e-07,0.005508716,2.1868702e-07,0.00012011221
L-BFGS-B,9038,2.1458865e-07,0.0055065705,2.1894458e-07,0.00012009568
L-BFGS-B,9039,2.1448689e-07,0.005509822,2.1866929e-07,0.00012007165
L-BFGS-B,9040,2.1450909e-07,0.0055158185,2.181502e-07,0.00012005707
L-BFGS-B,9041,2.144007e-07,0.0055191866,2.1798247e-07,0.00012004934
L-BFGS-B,9042,2.1438495e-07,0.0055217315,2.1779637e-07,0.00012004451
L-BFGS-B,9043,2.1436531e-07,0.0055261734,2.174736e-07,0.00012003757
L-BFGS-B,9044,2.1443316e-07,0.005530262,2.1707258e-07,0.000120028475
L-BFGS-B,9045,2.1449434e-07,0.0055329315,2.1676196e-07,0.00012001775
L-BFGS-B,9046,2.1456898e-07,0.0055349316,2.1649677e-07,0.00012000918
L-BFGS-B,9047,2.1464055e-07,0.005531607,2.1661077e-07,0.000120003766
L-BFGS-B,9048,2.1467513e-07,0.005527854,2.1679224e-07,0.000119998644
L-BFGS-B,9049,2.1478003e-07,0.0055276207,2.1667189e-07,0.000119994
L-BFGS-B,9050,2.1481127e-07,0.0055276994,2.166029e-07,0.00011998913
L-BFGS-B,9051,2.1475829e-07,0.0055232034,2.1688646e-07,0.00011997875
L-BFGS-B,9052,2.1460056e-07,0.0055221957,2.1701022e-07,0.00011996357
L-BFGS-B,9053,2.1439057e-07,0.0055117556,2.17826e-07,0.00011995004
L-BFGS-B,9054,2.1412667e-07,0.005516149,2.1814226e-07,0.00012000183
L-BFGS-B,9055,2.143226e-07,0.005512098,2.1785094e-07,0.000119947006
L-BFGS-B,9056,2.1428382e-07,0.0055137957,2.1770268e-07,0.000119935925
L-BFGS-B,9057,2.1426958e-07,0.0055137733,2.1767877e-07,0.00011992999
L-BFGS-B,9058,2.1421371e-07,0.005511079,2.1786934e-07,0.00011992325
L-BFGS-B,9059,2.1419217e-07,0.0055107423,2.178734e-07,0.000119917255
L-BFGS-B,9060,2.141903e-07,0.0055107903,2.1778858e-07,0.00011990473
L-BFGS-B,9061,2.1432426e-07,0.005512382,2.1749072e-07,0.00011989607
L-BFGS-B,9062,2.1442024e-07,0.005518103,2.1706468e-07,0.000119903765
L-BFGS-B,9063,2.1435069e-07,0.00551424,2.173152e-07,0.000119892284
L-BFGS-B,9064,2.144912e-07,0.00551407,2.1713385e-07,0.000119884455
L-BFGS-B,9065,2.1463728e-07,0.005510876,2.1713397e-07,0.00011987444
L-BFGS-B,9066,2.1471655e-07,0.00551481,2.1673202e-07,0.00011986539
L-BFGS-B,9067,2.146704e-07,0.005516961,2.1655457e-07,0.00011985335
L-BFGS-B,9068,2.1452989e-07,0.005522077,2.1630326e-07,0.00011984574
L-BFGS-B,9069,2.144272e-07,0.005524592,2.1621028e-07,0.00011984154
L-BFGS-B,9070,2.143705e-07,0.0055258623,2.1614808e-07,0.00011983641
L-BFGS-B,9071,2.1425572e-07,0.0055252477,2.1628593e-07,0.00011983373
L-BFGS-B,9072,2.1431089e-07,0.005519739,2.1723744e-07,0.00011992963
L-BFGS-B,9073,2.1425578e-07,0.005524405,2.163351e-07,0.00011983268
L-BFGS-B,9074,2.1657537e-07,0.0055415924,2.2132916e-07,0.0001211016
L-BFGS-B,9075,2.1421832e-07,0.00552162,2.1653733e-07,0.00011982955
L-BFGS-B,9076,2.1430714e-07,0.005522819,2.1633049e-07,0.00011982383
L-BFGS-B,9077,2.1441919e-07,0.0055194446,2.1634312e-07,0.00011980879
L-BFGS-B,9078,2.1446142e-07,0.005516046,2.1645657e-07,0.00011979816
L-BFGS-B,9079,2.1458527e-07,0.00552203,2.1587246e-07,0.00011978896
L-BFGS-B,9080,2.1448108e-07,0.0055171326,2.1626377e-07,0.00011978305
L-BFGS-B,9081,2.143221e-07,0.0055122734,2.1671737e-07,0.000119778655
L-BFGS-B,9082,2.1425298e-07,0.0055103074,2.1689702e-07,0.00011977557
L-BFGS-B,9083,2.139821e-07,0.005505513,2.1746864e-07,0.00011977274
L-BFGS-B,9084,2.1401341e-07,0.005507781,2.1725347e-07,0.00011976785
L-BFGS-B,9085,2.1403365e-07,0.005511863,2.1693327e-07,0.000119763674
L-BFGS-B,9086,2.1401829e-07,0.0055149174,2.1671396e-07,0.00011975901
L-BFGS-B,9087,2.1401019e-07,0.0055198586,2.1635745e-07,0.00011975373
L-BFGS-B,9088,2.1399681e-07,0.0055226125,2.1615816e-07,0.00011974937
L-BFGS-B,9089,2.1397234e-07,0.005523191,2.1612516e-07,0.00011974653
L-BFGS-B,9090,2.1393126e-07,0.0055217408,2.1624778e-07,0.00011974426
L-BFGS-B,9091,2.1387388e-07,0.005520632,2.1635665e-07,0.00011974089
L-BFGS-B,9092,2.136535e-07,0.005521095,2.1665572e-07,0.00011975733
L-BFGS-B,9093,2.138236e-07,0.0055205044,2.1640588e-07,0.00011973946
L-BFGS-B,9094,2.1377674e-07,0.00552075,2.1641141e-07,0.00011973572
L-BFGS-B,9095,2.1368231e-07,0.0055204574,2.165031e-07,0.00011973239
L-BFGS-B,9096,2.1359712e-07,0.0055207377,2.1654022e-07,0.00011972797
L-BFGS-B,9097,2.136372e-07,0.005522764,2.1632682e-07,0.000119722245
L-BFGS-B,9098,2.1372018e-07,0.005526778,2.1591927e-07,0.0001197137
L-BFGS-B,9099,2.1392366e-07,0.0055283397,2.1557572e-07,0.000119708304
L-BFGS-B,9100,2.139849e-07,0.0055281837,2.1550254e-07,0.00011970494
L-BFGS-B,9101,2.1402927e-07,0.005527187,2.1550392e-07,0.00011970185
L-BFGS-B,9102,2.1396453e-07,0.005525825,2.1563812e-07,0.00011969864
L-BFGS-B,9103,2.1384602e-07,0.0055239215,2.1585153e-07,0.00011969385
L-BFGS-B,9104,2.1373276e-07,0.0055194516,2.1624612e-07,0.00011969135
L-BFGS-B,9105,2.1369972e-07,0.0055204574,2.1618409e-07,0.000119687145
L-BFGS-B,9106,2.1380089e-07,0.005520659,2.1604986e-07,0.000119684206
L-BFGS-B,9107,2.13964e-07,0.0055203075,2.1587532e-07,0.00011967897
L-BFGS-B,9108,2.1411532e-07,0.005520961,2.1565036e-07,0.000119674456
L-BFGS-B,9109,2.1425745e-07,0.005517901,2.1566113e-07,0.000119666794
L-BFGS-B,9110,2.1424829e-07,0.0055172984,2.1565921e-07,0.000119659104
L-BFGS-B,9111,2.1411002e-07,0.0055151028,2.1588738e-07,0.000119650635
L-BFGS-B,9112,2.1388851e-07,0.005510229,2.1640967e-07,0.00011964702
L-BFGS-B,9113,2.1393022e-07,0.005515382,2.1603266e-07,0.00011964826
L-BFGS-B,9114,2.1390262e-07,0.005512418,2.1623862e-07,0.00011964537
L-BFGS-B,9115,2.1388772e-07,0.005513734,2.1615291e-07,0.00011964343
L-BFGS-B,9116,2.1393355e-07,0.005513318,2.1613077e-07,0.00011964282
L-BFGS-B,9117,2.1394217e-07,0.0055124736,2.1615398e-07,0.00011963915
L-BFGS-B,9118,2.1393306e-07,0.0055124606,2.16156e-07,0.00011963796
L-BFGS-B,9119,2.13932e-07,0.005511847,2.1617367e-07,0.00011963432
L-BFGS-B,9120,2.138951e-07,0.0055125123,2.1613711e-07,0.000119629956
L-BFGS-B,9121,2.1394072e-07,0.0055155526,2.1584425e-07,0.00011962327
L-BFGS-B,9122,2.1393615e-07,0.0055175005,2.1574762e-07,0.00011962756
L-BFGS-B,9123,2.1393302e-07,0.0055160243,2.1578313e-07,0.00011961767
L-BFGS-B,9124,2.1394271e-07,0.005518012,2.15573e-07,0.00011960748
L-BFGS-B,9125,2.1422628e-07,0.0055196816,2.1507702e-07,0.00011959231
L-BFGS-B,9126,2.1420449e-07,0.0055184513,2.1510563e-07,0.00011958103
L-BFGS-B,9127,2.1426322e-07,0.005519445,2.1491029e-07,0.00011957047
L-BFGS-B,9128,2.1435906e-07,0.005521374,2.1462917e-07,0.00011956197
L-BFGS-B,9129,2.1452861e-07,0.005521233,2.1441117e-07,0.0001195533
L-BFGS-B,9130,2.1443161e-07,0.0055247946,2.1421424e-07,0.00011954482
L-BFGS-B,9131,2.1448957e-07,0.005528581,2.1386978e-07,0.00011953971
L-BFGS-B,9132,2.144736e-07,0.0055317194,2.1364906e-07,0.00011953559
L-BFGS-B,9133,2.1456871e-07,0.0055363113,2.1322488e-07,0.00011953215
L-BFGS-B,9134,2.1467052e-07,0.0055396524,2.1288433e-07,0.00011952975
L-BFGS-B,9135,2.1468357e-07,0.005540541,2.1279938e-07,0.000119527846
L-BFGS-B,9136,2.1469435e-07,0.0055423584,2.1265814e-07,0.000119526456
L-BFGS-B,9137,2.1468223e-07,0.005543916,2.1255136e-07,0.00011952419
L-BFGS-B,9138,2.1461571e-07,0.0055444683,2.1255939e-07,0.00011952095
L-BFGS-B,9139,2.14653e-07,0.0055492963,2.121949e-07,0.00011952015
L-BFGS-B,9140,2.145411e-07,0.005545433,2.1254165e-07,0.00011951674
L-BFGS-B,9141,2.1456539e-07,0.0055440357,2.125842e-07,0.0001195128
L-BFGS-B,9142,2.1462795e-07,0.0055448855,2.124186e-07,0.00011950583
L-BFGS-B,9143,2.1455757e-07,0.005543094,2.1351687e-07,0.00011964211
L-BFGS-B,9144,2.1460475e-07,0.005544201,2.1247996e-07,0.00011950472
L-BFGS-B,9145,2.145819e-07,0.0055426103,2.1253948e-07,0.0001194943
L-BFGS-B,9146,2.145866e-07,0.0055477037,2.1207725e-07,0.00011947662
L-BFGS-B,9147,2.1441602e-07,0.005551672,2.118311e-07,0.00011945379
L-BFGS-B,9148,2.1435747e-07,0.005556965,2.1136673e-07,0.000119428274
L-BFGS-B,9149,2.141457e-07,0.0055567673,2.1147116e-07,0.00011941019
L-BFGS-B,9150,2.1429062e-07,0.005562501,2.1083449e-07,0.00011939378
L-BFGS-B,9151,2.1448525e-07,0.0055584423,2.107742e-07,0.00011937335
L-BFGS-B,9152,2.1452335e-07,0.00555036,2.1105741e-07,0.00011934071
L-BFGS-B,9153,2.1421286e-07,0.005545776,2.1156882e-07,0.00011932501
L-BFGS-B,9154,2.1423695e-07,0.005544665,2.1155007e-07,0.000119314696
L-BFGS-B,9155,2.1422193e-07,0.005541669,2.1170894e-07,0.00011930632
L-BFGS-B,9156,2.141759e-07,0.005541152,2.1175337e-07,0.00011930091
L-BFGS-B,9157,2.1403866e-07,0.0055241915,2.1315537e-07,0.00011932102
L-BFGS-B,9158,2.1411915e-07,0.005535586,2.1215087e-07,0.00011929636
L-BFGS-B,9159,2.1394915e-07,0.005536674,2.1218233e-07,0.00011928646
L-BFGS-B,9160,2.1480054e-07,0.0055412557,2.1292941e-07,0.00011957205
L-BFGS-B,9161,2.1398924e-07,0.005536147,2.1216321e-07,0.000119284334
L-BFGS-B,9162,2.1386586e-07,0.005535507,2.122564e-07,0.000119273405
L-BFGS-B,9163,2.1393106e-07,0.0055365227,2.1205874e-07,0.0001192637
L-BFGS-B,9164,2.1391075e-07,0.005535379,2.1213664e-07,0.000119260905
L-BFGS-B,9165,2.1379398e-07,0.0055362117,2.1216452e-07,0.000119255885
L-BFGS-B,9166,2.1371267e-07,0.0055366247,2.12194e-07,0.00011925225
L-BFGS-B,9167,2.1364573e-07,0.005536267,2.122655e-07,0.00011924935
L-BFGS-B,9168,2.1360876e-07,0.0055357567,2.123184e-07,0.00011924664
L-BFGS-B,9169,2.1355703e-07,0.0055342875,2.1243149e-07,0.000119241144
L-BFGS-B,9170,2.1351508e-07,0.0055316966,2.1258242e-07,0.0001192316
L-BFGS-B,9171,2.1300899e-07,0.0055345437,2.1416291e-07,0.00011942122
L-BFGS-B,9172,2.1343513e-07,0.0055310903,2.1268174e-07,0.00011922844
L-BFGS-B,9173,2.1340364e-07,0.005529463,2.1277253e-07,0.000119221055
L-BFGS-B,9174,2.1332632e-07,0.005528808,2.1282025e-07,0.00011921007
L-BFGS-B,9175,2.1317379e-07,0.0055243415,2.1325621e-07,0.00011920791
L-BFGS-B,9176,2.1319606e-07,0.0055268384,2.1301155e-07,0.000119199525
L-BFGS-B,9177,2.1316102e-07,0.0055259424,2.1308075e-07,0.0001191957
L-BFGS-B,9178,2.1311082e-07,0.005524503,2.1319936e-07,0.00011919155
L-BFGS-B,9179,2.1308935e-07,0.0055218977,2.1338239e-07,0.00011918973
L-BFGS-B,9180,2.1310058e-07,0.00552035,2.134566e-07,0.000119187076
L-BFGS-B,9181,2.131736e-07,0.005515551,2.1370325e-07,0.00011918704
L-BFGS-B,9182,2.1313436e-07,0.0055179656,2.1357336e-07,0.00011918581
L-BFGS-B,9183,2.1319526e-07,0.00551773,2.1350277e-07,0.000119182005
L-BFGS-B,9184,2.1334674e-07,0.005520145,2.1316379e-07,0.000119178025
L-BFGS-B,9185,2.1347032e-07,0.005520124,2.130239e-07,0.00011917537
L-BFGS-B,9186,2.1349298e-07,0.005523084,2.1278449e-07,0.00011917246
L-BFGS-B,9187,2.134954e-07,0.005525467,2.1261344e-07,0.000119171
L-BFGS-B,9188,2.134615e-07,0.0055255326,2.1263068e-07,0.000119169155
L-BFGS-B,9189,2.1341263e-07,0.0055256956,2.1265458e-07,0.000119167045
L-BFGS-B,9190,2.1338978e-07,0.0055251312,2.1270307e-07,0.00011916524
L-BFGS-B,9191,2.1333754e-07,0.005523082,2.1287448e-07,0.00011916263
L-BFGS-B,9192,2.1365969e-07,0.005531325,2.1218919e-07,0.00011919058
L-BFGS-B,9193,2.1338413e-07,0.0055242116,2.1273955e-07,0.000119160664
L-BFGS-B,9194,2.133903e-07,0.0055219415,2.1286145e-07,0.00011915718
L-BFGS-B,9195,2.1344331e-07,0.0055204704,2.1287912e-07,0.00011915306
L-BFGS-B,9196,2.135135e-07,0.0055208,2.1276321e-07,0.00011914951
L-BFGS-B,9197,2.1357982e-07,0.0055226013,2.125495e-07,0.000119145414
L-BFGS-B,9198,2.1362247e-07,0.0055252076,2.1229518e-07,0.000119139724
L-BFGS-B,9199,2.1360879e-07,0.0055277776,2.1208687e-07,0.00011913212
L-BFGS-B,9200,2.1358646e-07,0.00553112,2.1186042e-07,0.00011912823
L-BFGS-B,9201,2.135177e-07,0.005530398,2.1194093e-07,0.00011912277
L-BFGS-B,9202,2.1343048e-07,0.0055254106,2.1234021e-07,0.00011911971
L-BFGS-B,9203,2.1339746e-07,0.005526109,2.1230518e-07,0.00011911649
L-BFGS-B,9204,2.1332288e-07,0.005526248,2.1234541e-07,0.00011911272
L-BFGS-B,9205,2.132667e-07,0.005524477,2.1251167e-07,0.00011911152
L-BFGS-B,9206,2.1322086e-07,0.0055241813,2.1257163e-07,0.000119110686
L-BFGS-B,9207,2.1316293e-07,0.0055092284,2.1420033e-07,0.000119196775
L-BFGS-B,9208,2.1320785e-07,0.005523078,2.1264944e-07,0.000119109376
L-BFGS-B,9209,2.1320395e-07,0.0055222358,2.127033e-07,0.000119108445
L-BFGS-B,9210,2.1316622e-07,0.005521123,2.128021e-07,0.00011910648
L-BFGS-B,9211,2.1343935e-07,0.0055203787,2.1268612e-07,0.000119122604
L-BFGS-B,9212,2.1320432e-07,0.0055207824,2.1278129e-07,0.000119105665
L-BFGS-B,9213,2.1317956e-07,0.0055203987,2.1282742e-07,0.000119105025
L-BFGS-B,9214,2.1311715e-07,0.005515292,2.1326927e-07,0.000119110875
L-BFGS-B,9215,2.1316147e-07,0.00551892,2.1293573e-07,0.00011910377
L-BFGS-B,9216,2.131463e-07,0.0055199736,2.1286323e-07,0.00011910116
L-BFGS-B,9217,2.1318102e-07,0.005519462,2.1282956e-07,0.00011909621
L-BFGS-B,9218,2.1331932e-07,0.005517126,2.1276574e-07,0.00011908402
L-BFGS-B,9219,2.1337853e-07,0.0055163316,2.1271188e-07,0.000119076874
L-BFGS-B,9220,2.1393429e-07,0.0055202167,2.1224207e-07,0.00011912862
L-BFGS-B,9221,2.1347279e-07,0.005516549,2.1257644e-07,0.000119072865
L-BFGS-B,9222,2.1333955e-07,0.005501732,2.1379805e-07,0.00011908796
L-BFGS-B,9223,2.133965e-07,0.00550985,2.129858e-07,0.00011905584
L-BFGS-B,9224,2.1367434e-07,0.0055188234,2.1198687e-07,0.00011903742
L-BFGS-B,9225,2.1362467e-07,0.005522208,2.1167743e-07,0.00011901739
L-BFGS-B,9226,2.1189558e-07,0.005487012,2.1793703e-07,0.000119345015
L-BFGS-B,9227,2.1329278e-07,0.0055148187,2.1244011e-07,0.000119008124
L-BFGS-B,9228,2.1317346e-07,0.0055199387,2.1208331e-07,0.0001189879
L-BFGS-B,9229,2.1314271e-07,0.0055182767,2.1219287e-07,0.0001189831
L-BFGS-B,9230,2.1322208e-07,0.005517547,2.1208383e-07,0.00011897136
L-BFGS-B,9231,2.1308483e-07,0.0055089365,2.1275362e-07,0.00011896513
L-BFGS-B,9232,2.1319751e-07,0.0055145724,2.122368e-07,0.000118960874
L-BFGS-B,9233,2.1330102e-07,0.005517509,2.1189021e-07,0.00011895377
L-BFGS-B,9234,2.1324959e-07,0.005516935,2.1195274e-07,0.0001189497
L-BFGS-B,9235,2.13244e-07,0.0055164425,2.1196836e-07,0.00011894628
L-BFGS-B,9236,2.1323503e-07,0.0055186287,2.1182376e-07,0.000118945114
L-BFGS-B,9237,2.1321844e-07,0.005516758,2.1193968e-07,0.000118941294
L-BFGS-B,9238,2.1315384e-07,0.0055136536,2.1219675e-07,0.000118939126
L-BFGS-B,9239,2.13258e-07,0.005513631,2.1212841e-07,0.00011894427
L-BFGS-B,9240,2.1316932e-07,0.0055135223,2.1217994e-07,0.000118937605
L-BFGS-B,9241,2.1310899e-07,0.0055127633,2.1229039e-07,0.00011893755
L-BFGS-B,9242,2.131268e-07,0.00551245,2.1229292e-07,0.00011893746
L-BFGS-B,9243,2.131691e-07,0.0055113314,2.1231297e-07,0.00011893562
L-BFGS-B,9244,2.132308e-07,0.005510029,2.1233042e-07,0.00011893448
L-BFGS-B,9245,2.1327523e-07,0.0055183764,2.1177317e-07,0.000118941025
L-BFGS-B,9246,2.1323845e-07,0.0055118874,2.1219074e-07,0.00011893325
L-BFGS-B,9247,2.1331707e-07,0.0055089453,2.1228227e-07,0.000118929354
L-BFGS-B,9248,2.1335494e-07,0.0055079106,2.1228725e-07,0.000118925425
L-BFGS-B,9249,2.1339065e-07,0.0055084378,2.1216891e-07,0.00011891831
L-BFGS-B,9250,2.1339238e-07,0.0055086543,2.1212352e-07,0.00011891393
L-BFGS-B,9251,2.133775e-07,0.005509397,2.1205886e-07,0.00011890942
L-BFGS-B,9252,2.1335744e-07,0.005510637,2.1195966e-07,0.00011890394
L-BFGS-B,9253,2.1338477e-07,0.005511997,2.118206e-07,0.000118900774
L-BFGS-B,9254,2.1347411e-07,0.0055159144,2.1144707e-07,0.000118897326
L-BFGS-B,9255,2.135273e-07,0.0055214,2.1111305e-07,0.00011891006
L-BFGS-B,9256,2.1348336e-07,0.0055172252,2.1133438e-07,0.00011889491
L-BFGS-B,9257,2.1355827e-07,0.005519588,2.1105889e-07,0.000118888456
L-BFGS-B,9258,2.1358991e-07,0.005522238,2.1077254e-07,0.00011887675
L-BFGS-B,9259,2.1358599e-07,0.0055208453,2.1082067e-07,0.00011886946
L-BFGS-B,9260,2.1355724e-07,0.005519251,2.1089977e-07,0.00011886106
L-BFGS-B,9261,2.1356162e-07,0.005516746,2.1102937e-07,0.000118856115
L-BFGS-B,9262,2.132855e-07,0.0055040787,2.1216158e-07,0.000118857846
L-BFGS-B,9263,2.1343334e-07,0.005511166,2.1151156e-07,0.00011885339
L-BFGS-B,9264,2.135066e-07,0.005510153,2.1147133e-07,0.00011884821
L-BFGS-B,9265,2.1358957e-07,0.0055082855,2.1146326e-07,0.00011884078
L-BFGS-B,9266,2.1368838e-07,0.00550918,2.1124842e-07,0.00011883232
L-BFGS-B,9267,2.1371062e-07,0.005507004,2.1130074e-07,0.00011882174
L-BFGS-B,9268,2.1361001e-07,0.005507883,2.1128308e-07,0.0001188128
L-BFGS-B,9269,2.138376e-07,0.005521747,2.1011309e-07,0.00011881007
L-BFGS-B,9270,2.1364124e-07,0.005513443,2.1078367e-07,0.00011879817
L-BFGS-B,9271,2.1363739e-07,0.0055112387,2.108858e-07,0.000118790864
L-BFGS-B,9272,2.1361235e-07,0.0055073197,2.1109399e-07,0.00011877915
L-BFGS-B,9273,2.1365709e-07,0.0055031,2.1117704e-07,0.000118756114
L-BFGS-B,9274,2.1380394e-07,0.0055000847,2.1109382e-07,0.00011873551
L-BFGS-B,9275,2.1398981e-07,0.0054999636,2.1085879e-07,0.00011872692
L-BFGS-B,9276,2.1407588e-07,0.0054977993,2.108566e-07,0.00011871786
L-BFGS-B,9277,2.1407739e-07,0.005500671,2.1063049e-07,0.00011871289
L-BFGS-B,9278,2.140401e-07,0.0055018817,2.105502e-07,0.000118707365
L-BFGS-B,9279,2.1406537e-07,0.0055041974,2.103496e-07,0.00011870422
L-BFGS-B,9280,2.1397852e-07,0.0055002393,2.1066849e-07,0.000118699434
L-BFGS-B,9281,2.1408071e-07,0.0055026175,2.1038556e-07,0.000118696116
L-BFGS-B,9282,2.141391e-07,0.0055033006,2.102615e-07,0.00011869309
L-BFGS-B,9283,2.1420415e-07,0.0055038207,2.1013713e-07,0.00011868939
L-BFGS-B,9284,2.1423718e-07,0.005506383,2.0991246e-07,0.000118686265
L-BFGS-B,9285,2.143374e-07,0.005497997,2.1046972e-07,0.000118701035
L-BFGS-B,9286,2.1425683e-07,0.0055043325,2.1001891e-07,0.000118684686
L-BFGS-B,9287,2.1430499e-07,0.005506689,2.0979846e-07,0.00011868241
L-BFGS-B,9288,2.1430692e-07,0.005506568,2.097895e-07,0.00011868015
L-BFGS-B,9289,2.1428987e-07,0.005506128,2.0980968e-07,0.00011867621
L-BFGS-B,9290,2.142313e-07,0.0055055446,2.0988787e-07,0.00011867333
L-BFGS-B,9291,2.1428941e-07,0.0055039483,2.0989452e-07,0.00011866707
L-BFGS-B,9292,2.14186e-07,0.0055034305,2.1002273e-07,0.000118665615
L-BFGS-B,9293,2.1430871e-07,0.005506322,2.0962912e-07,0.000118653894
L-BFGS-B,9294,2.1447127e-07,0.005508957,2.0920088e-07,0.00011864038
L-BFGS-B,9295,2.1461386e-07,0.005512747,2.0871879e-07,0.000118627366
L-BFGS-B,9296,2.150182e-07,0.0055259154,2.0735064e-07,0.00011861448
L-BFGS-B,9297,2.152427e-07,0.0055625364,2.0540084e-07,0.00011872189
L-BFGS-B,9298,2.1502989e-07,0.005533119,2.067605e-07,0.00011859975
L-BFGS-B,9299,2.1489004e-07,0.00552944,2.0703631e-07,0.00011858335
L-BFGS-B,9300,2.1472212e-07,0.0055281008,2.0706783e-07,0.0001185495
L-BFGS-B,9301,2.147782e-07,0.005534447,2.0641615e-07,0.00011852362
L-BFGS-B,9302,2.1489986e-07,0.005546392,2.0521556e-07,0.00011848123
L-BFGS-B,9303,2.1504374e-07,0.0055554146,2.0417313e-07,0.000118436685
L-BFGS-B,9304,2.1501548e-07,0.00555661,2.0379709e-07,0.00011838798
L-BFGS-B,9305,2.1490621e-07,0.005548039,2.0413601e-07,0.00011833672
L-BFGS-B,9306,2.1465263e-07,0.00553741,2.0474967e-07,0.00011828444
L-BFGS-B,9307,2.142407e-07,0.0055313995,2.052242e-07,0.00011823373
L-BFGS-B,9308,2.1354424e-07,0.005536352,2.0540885e-07,0.00011820647
L-BFGS-B,9309,2.1326116e-07,0.0055375365,2.0535903e-07,0.00011816839
L-BFGS-B,9310,2.1354535e-07,0.005551402,2.0404694e-07,0.000118152864
L-BFGS-B,9311,2.1352963e-07,0.005556495,2.0363413e-07,0.00011813952
L-BFGS-B,9312,2.1343932e-07,0.005560235,2.034122e-07,0.000118130076
L-BFGS-B,9313,2.132434e-07,0.0055608745,2.0359053e-07,0.00011813383
L-BFGS-B,9314,2.1333788e-07,0.0055601266,2.0346225e-07,0.00011812129
L-BFGS-B,9315,2.1317243e-07,0.0055601504,2.0353157e-07,0.000118107106
L-BFGS-B,9316,2.1305834e-07,0.005559601,2.0356423e-07,0.00011808939
L-BFGS-B,9317,2.1295325e-07,0.005555243,2.0382613e-07,0.000118069336
L-BFGS-B,9318,2.1306593e-07,0.0055554295,2.0354848e-07,0.00011804646
L-BFGS-B,9319,2.131434e-07,0.0055540022,2.034185e-07,0.00011802431
L-BFGS-B,9320,2.1347032e-07,0.005555779,2.0272414e-07,0.00011798696
L-BFGS-B,9321,2.1364401e-07,0.005559353,2.020158e-07,0.0001179425
L-BFGS-B,9322,2.137957e-07,0.0055657253,2.0105125e-07,0.000117884294
L-BFGS-B,9323,2.139022e-07,0.0055897967,1.9919406e-07,0.00011786241
L-BFGS-B,9324,2.1344738e-07,0.005560695,2.0112051e-07,0.00011779213
L-BFGS-B,9325,2.1352254e-07,0.005568403,2.0006958e-07,0.00011772285
L-BFGS-B,9326,2.1356936e-07,0.005568946,1.9960864e-07,0.00011766615
L-BFGS-B,9327,2.1348758e-07,0.005577164,1.9854059e-07,0.000117575866
L-BFGS-B,9328,2.137958e-07,0.0055701905,1.983457e-07,0.00011752313
L-BFGS-B,9329,2.135201e-07,0.0055545797,1.9932685e-07,0.00011747284
L-BFGS-B,9330,2.134091e-07,0.0055333967,2.0057097e-07,0.00011743097
L-BFGS-B,9331,2.1353186e-07,0.005549584,1.992607e-07,0.000117414726
L-BFGS-B,9332,2.132345e-07,0.0055348035,2.0026353e-07,0.000117372736
L-BFGS-B,9333,2.1310555e-07,0.005524089,2.0096067e-07,0.00011735082
L-BFGS-B,9334,2.1300272e-07,0.0055145174,2.0149552e-07,0.00011731991
L-BFGS-B,9335,2.1382517e-07,0.0056226747,2.0224854e-07,0.0001186378
L-BFGS-B,9336,2.1298094e-07,0.0055154585,2.0140136e-07,0.00011731193
L-BFGS-B,9337,2.1301192e-07,0.0055088936,2.0167055e-07,0.0001172913
L-BFGS-B,9338,2.1340358e-07,0.0055128043,2.028374e-07,0.00011756419
L-BFGS-B,9339,2.1298376e-07,0.005507039,2.0175807e-07,0.00011728166
L-BFGS-B,9340,2.1301504e-07,0.005499105,2.0212212e-07,0.00011726162
L-BFGS-B,9341,2.1284461e-07,0.0054925773,2.0256013e-07,0.00011723649
L-BFGS-B,9342,2.1256558e-07,0.005482177,2.0332115e-07,0.00011720477
L-BFGS-B,9343,2.1227635e-07,0.0054749954,2.0397734e-07,0.000117188
L-BFGS-B,9344,2.1223413e-07,0.005478397,2.0341703e-07,0.00011713164
L-BFGS-B,9345,2.1214643e-07,0.0054793092,2.0322747e-07,0.000117099175
L-BFGS-B,9346,2.1219361e-07,0.0054880665,2.0238637e-07,0.00011706766
L-BFGS-B,9347,2.1155465e-07,0.0055141705,2.0254308e-07,0.000117256364
L-BFGS-B,9348,2.1200998e-07,0.0054910835,2.0227222e-07,0.00011705316
L-BFGS-B,9349,2.119318e-07,0.005492,2.0213538e-07,0.000117030075
L-BFGS-B,9350,2.1191575e-07,0.0054924716,2.0178975e-07,0.00011698055
L-BFGS-B,9351,2.1153355e-07,0.0054914397,2.019802e-07,0.00011694146
L-BFGS-B,9352,2.1159526e-07,0.0054856017,2.0202378e-07,0.00011689887
L-BFGS-B,9353,2.1131152e-07,0.005477533,2.0250421e-07,0.00011684769
L-BFGS-B,9354,2.11114e-07,0.005469993,2.0276737e-07,0.00011678213
L-BFGS-B,9355,2.1096896e-07,0.0054626744,2.0306896e-07,0.00011673244
L-BFGS-B,9356,2.108554e-07,0.005465827,2.0277368e-07,0.00011670263
L-BFGS-B,9357,2.1077696e-07,0.005468365,2.0244536e-07,0.000116667
L-BFGS-B,9358,2.1075776e-07,0.0054641347,2.0249485e-07,0.000116629235
L-BFGS-B,9359,2.1077327e-07,0.0054711457,2.0182372e-07,0.000116601004
L-BFGS-B,9360,2.1053609e-07,0.005468929,2.0204537e-07,0.00011657651
L-BFGS-B,9361,2.1038106e-07,0.005468341,2.0210288e-07,0.000116556
L-BFGS-B,9362,2.103776e-07,0.0054693217,2.0197314e-07,0.00011654582
L-BFGS-B,9363,2.1039297e-07,0.005467127,2.0200926e-07,0.0001165316
L-BFGS-B,9364,2.1048673e-07,0.0054674717,2.0177143e-07,0.00011651344
L-BFGS-B,9365,2.1426857e-07,0.0055412985,1.9689423e-07,0.0001170874
L-BFGS-B,9366,2.1073032e-07,0.005471723,2.0122096e-07,0.000116509924
L-BFGS-B,9367,2.1100237e-07,0.005471254,2.0077476e-07,0.00011647911
L-BFGS-B,9368,2.1087143e-07,0.0054694987,2.0081856e-07,0.000116448486
L-BFGS-B,9369,2.1061068e-07,0.0054670526,2.0107008e-07,0.000116422634
L-BFGS-B,9370,2.1032749e-07,0.005460875,2.0169396e-07,0.00011641197
L-BFGS-B,9371,2.1013349e-07,0.0054571754,2.0205327e-07,0.000116399766
L-BFGS-B,9372,2.0996868e-07,0.0054540653,2.0234775e-07,0.00011638811
L-BFGS-B,9373,2.1002492e-07,0.005451461,2.0240786e-07,0.00011637953
L-BFGS-B,9374,2.0996805e-07,0.005448145,2.0263991e-07,0.00011637264
L-BFGS-B,9375,2.0999914e-07,0.0054478594,2.0253428e-07,0.000116358606
L-BFGS-B,9376,2.0999529e-07,0.0054454785,2.0263728e-07,0.00011634966
L-BFGS-B,9377,2.0995338e-07,0.0054432927,2.0278908e-07,0.000116344294
L-BFGS-B,9378,2.0982274e-07,0.0054387706,2.031493e-07,0.00011633351
L-BFGS-B,9379,2.097827e-07,0.005445971,2.0265577e-07,0.00011632548
L-BFGS-B,9380,2.096464e-07,0.0054444475,2.0285806e-07,0.000116320145
L-BFGS-B,9381,2.098671e-07,0.0054548257,2.0190015e-07,0.00011631334
L-BFGS-B,9382,2.0984692e-07,0.0054536797,2.019574e-07,0.00011630744
L-BFGS-B,9383,2.0976098e-07,0.005452235,2.0207492e-07,0.000116297735
L-BFGS-B,9384,2.0975757e-07,0.0054533007,2.019507e-07,0.000116289244
L-BFGS-B,9385,2.0968098e-07,0.0054585394,2.0159881e-07,0.000116277355
L-BFGS-B,9386,2.0961681e-07,0.00546078,2.0146001e-07,0.00011626932
L-BFGS-B,9387,2.0950438e-07,0.005466533,2.0112935e-07,0.00011626039
L-BFGS-B,9388,2.0949267e-07,0.005468403,2.0097573e-07,0.00011625429
L-BFGS-B,9389,2.0960044e-07,0.005471257,2.0064651e-07,0.00011624961
L-BFGS-B,9390,2.0970278e-07,0.0054761013,2.0022429e-07,0.00011625007
L-BFGS-B,9391,2.0964357e-07,0.0054732813,2.0045852e-07,0.00011624813
L-BFGS-B,9392,2.0963304e-07,0.0054750685,2.003337e-07,0.00011624569
L-BFGS-B,9393,2.0968396e-07,0.0054776906,2.0009024e-07,0.000116243034
L-BFGS-B,9394,2.0969526e-07,0.0054776454,2.0004018e-07,0.00011623677
L-BFGS-B,9395,2.0969034e-07,0.0054757586,2.0008699e-07,0.00011622418
L-BFGS-B,9396,2.097525e-07,0.0054740943,2.0010005e-07,0.00011621882
L-BFGS-B,9397,2.0986428e-07,0.0054748678,1.9986793e-07,0.00011620851
L-BFGS-B,9398,2.0995091e-07,0.0054732445,1.9979737e-07,0.000116194686
L-BFGS-B,9399,2.1105969e-07,0.0055043944,1.9865686e-07,0.00011650143
L-BFGS-B,9400,2.1001671e-07,0.005475082,1.9958469e-07,0.000116191026
L-BFGS-B,9401,2.1015168e-07,0.0054742913,1.993853e-07,0.000116173454
L-BFGS-B,9402,2.0999636e-07,0.005477446,1.9921863e-07,0.000116156705
L-BFGS-B,9403,2.0991367e-07,0.005482747,1.9882123e-07,0.0001161377
L-BFGS-B,9404,2.097528e-07,0.0054829335,1.9889613e-07,0.00011612667
L-BFGS-B,9405,2.0968287e-07,0.005479093,1.9916688e-07,0.00011611839
L-BFGS-B,9406,2.0931421e-07,0.005488377,1.9916223e-07,0.000116155235
L-BFGS-B,9407,2.0957467e-07,0.0054805474,1.9914812e-07,0.00011611389
L-BFGS-B,9408,2.093074e-07,0.0054703723,2.0004912e-07,0.00011610719
L-BFGS-B,9409,2.0934942e-07,0.0054690973,2.0003563e-07,0.00011609873
L-BFGS-B,9410,2.093484e-07,0.005470447,1.998738e-07,0.000116087795
L-BFGS-B,9411,2.0932411e-07,0.0054740976,1.9959467e-07,0.00011607879
L-BFGS-B,9412,2.0924283e-07,0.0054799486,1.9921262e-07,0.00011606781
L-BFGS-B,9413,2.091671e-07,0.005482286,1.9910084e-07,0.00011606305
L-BFGS-B,9414,2.0907078e-07,0.005480296,1.9928974e-07,0.00011605704
L-BFGS-B,9415,2.0897127e-07,0.005474981,1.997027e-07,0.00011605091
L-BFGS-B,9416,2.0884102e-07,0.005466772,2.0033303e-07,0.000116043826
L-BFGS-B,9417,2.0880621e-07,0.00545876,2.0085116e-07,0.0001160362
L-BFGS-B,9418,2.0879061e-07,0.0054551996,2.0103403e-07,0.000116025694
L-BFGS-B,9419,2.0892593e-07,0.0054572267,2.0063884e-07,0.00011600698
L-BFGS-B,9420,2.0890621e-07,0.005457792,2.0050577e-07,0.00011598972
L-BFGS-B,9421,2.0887097e-07,0.0054622516,2.0003888e-07,0.00011595899
L-BFGS-B,9422,2.0891137e-07,0.005472082,1.991064e-07,0.00011592348
L-BFGS-B,9423,2.0914001e-07,0.0054954113,1.9716762e-07,0.00011590026
L-BFGS-B,9424,2.0927203e-07,0.005502133,1.9646889e-07,0.000115882474
L-BFGS-B,9425,2.0943307e-07,0.0055035995,1.9610877e-07,0.000115867275
L-BFGS-B,9426,2.095618e-07,0.0055022403,1.9591576e-07,0.00011584404
L-BFGS-B,9427,2.1008562e-07,0.005508484,1.9488765e-07,0.00011583082
L-BFGS-B,9428,2.0989432e-07,0.005503585,1.9525315e-07,0.00011580797
L-BFGS-B,9429,2.0975463e-07,0.005499923,1.9548486e-07,0.00011578515
L-BFGS-B,9430,2.1026666e-07,0.005503343,1.9637801e-07,0.00011603013
L-BFGS-B,9431,2.0978851e-07,0.005499362,1.9546184e-07,0.000115781164
L-BFGS-B,9432,2.0974761e-07,0.005499157,1.9540319e-07,0.0001157642
L-BFGS-B,9433,2.0980684e-07,0.005499808,1.9521596e-07,0.00011575151
L-BFGS-B,9434,2.0992728e-07,0.005502223,1.9484838e-07,0.000115738585
L-BFGS-B,9435,2.0996761e-07,0.005505302,1.94512e-07,0.000115724964
L-BFGS-B,9436,2.0998262e-07,0.005502989,1.945664e-07,0.00011571224
L-BFGS-B,9437,2.098879e-07,0.00550688,1.9430904e-07,0.00011569834
L-BFGS-B,9438,2.0966515e-07,0.00550231,1.9474855e-07,0.00011568515
L-BFGS-B,9439,2.094743e-07,0.0054984144,1.9509463e-07,0.00011566948
L-BFGS-B,9440,2.0935164e-07,0.0055121747,1.9480038e-07,0.00011574455
L-BFGS-B,9441,2.0941384e-07,0.005501127,1.9490034e-07,0.0001156584
L-BFGS-B,9442,2.0920496e-07,0.0054990784,1.9513033e-07,0.00011564107
L-BFGS-B,9443,2.0927911e-07,0.0054985476,1.9499875e-07,0.00011562715
L-BFGS-B,9444,2.0936099e-07,0.005504101,1.945159e-07,0.00011562255
L-BFGS-B,9445,2.094101e-07,0.0055039204,1.9445847e-07,0.000115619485
L-BFGS-B,9446,2.0943895e-07,0.005503919,1.9441181e-07,0.0001156168
L-BFGS-B,9447,2.0947039e-07,0.0055036163,1.9438308e-07,0.00011561418
L-BFGS-B,9448,2.0948966e-07,0.0055030882,1.9437279e-07,0.000115610244
L-BFGS-B,9449,2.1202031e-07,0.0055712927,1.9263162e-07,0.000116410716
L-BFGS-B,9450,2.0954013e-07,0.0055040987,1.9424799e-07,0.000115609204
L-BFGS-B,9451,2.0952805e-07,0.005504313,1.9419682e-07,0.00011560186
L-BFGS-B,9452,2.0949328e-07,0.0055066715,1.9402307e-07,0.000115594165
L-BFGS-B,9453,2.093607e-07,0.0055057234,1.9417317e-07,0.00011558732
L-BFGS-B,9454,2.0915567e-07,0.005504318,1.9442277e-07,0.00011557995
L-BFGS-B,9455,2.0898186e-07,0.005502649,1.946603e-07,0.00011557281
L-BFGS-B,9456,2.0802159e-07,0.00548322,1.9704932e-07,0.00011559283
L-BFGS-B,9457,2.0864806e-07,0.0054957774,1.954149e-07,0.000115567214
L-BFGS-B,9458,2.0851857e-07,0.0054916916,1.9572957e-07,0.00011555414
L-BFGS-B,9459,2.084651e-07,0.0054923207,1.9569029e-07,0.000115546514
L-BFGS-B,9460,2.085229e-07,0.005491354,1.9563042e-07,0.00011553654
L-BFGS-B,9461,2.0864724e-07,0.0054932865,1.9525663e-07,0.00011551844
L-BFGS-B,9462,2.086665e-07,0.005495649,1.9498489e-07,0.0001155042
L-BFGS-B,9463,2.0944742e-07,0.005497428,1.9486497e-07,0.00011562114
L-BFGS-B,9464,2.087792e-07,0.0054945033,1.9491878e-07,0.00011549972
L-BFGS-B,9465,2.096878e-07,0.005522549,1.9214167e-07,0.000115499904
L-BFGS-B,9466,2.0921851e-07,0.005507992,1.9348971e-07,0.00011548615
L-BFGS-B,9467,2.0789835e-07,0.0055186287,1.9544383e-07,0.00011568762
L-BFGS-B,9468,2.0898152e-07,0.005508457,1.9365233e-07,0.00011547965
L-BFGS-B,9469,2.08945e-07,0.0055072503,1.9370596e-07,0.000115470146
L-BFGS-B,9470,2.0893226e-07,0.005502664,1.9389454e-07,0.00011545065
L-BFGS-B,9471,2.0893849e-07,0.005501411,1.9390164e-07,0.000115440125
L-BFGS-B,9472,2.0891915e-07,0.0054973275,1.9404025e-07,0.00011541719
L-BFGS-B,9473,2.088376e-07,0.005495802,1.9409141e-07,0.00011539737
L-BFGS-B,9474,2.08846e-07,0.005496899,1.9383906e-07,0.000115371746
L-BFGS-B,9475,2.0885612e-07,0.005502678,1.9333024e-07,0.000115354735
L-BFGS-B,9476,2.089002e-07,0.0055080703,1.9290759e-07,0.000115351875
L-BFGS-B,9477,2.0885224e-07,0.0055061798,1.929624e-07,0.00011533398
L-BFGS-B,9478,2.0894295e-07,0.0055075376,1.9279535e-07,0.00011533612
L-BFGS-B,9479,2.088864e-07,0.0055065635,1.928698e-07,0.000115329065
L-BFGS-B,9480,2.088233e-07,0.005505597,1.9294822e-07,0.0001153217
L-BFGS-B,9481,2.086662e-07,0.005504994,1.9297822e-07,0.00011529661
L-BFGS-B,9482,2.0861776e-07,0.005501637,1.931724e-07,0.00011528489
L-BFGS-B,9483,2.084992e-07,0.0055054883,1.9293968e-07,0.00011527071
L-BFGS-B,9484,2.0854225e-07,0.005508224,1.9261279e-07,0.0001152555
L-BFGS-B,9485,2.0835893e-07,0.005516253,1.9209398e-07,0.00011523046
L-BFGS-B,9486,2.0824896e-07,0.005507751,1.9272338e-07,0.00011522336
L-BFGS-B,9487,2.0820332e-07,0.005508655,1.9257742e-07,0.000115203664
L-BFGS-B,9488,2.0801932e-07,0.0055070235,1.9282581e-07,0.00011519701
L-BFGS-B,9489,2.0790566e-07,0.0055027055,1.931807e-07,0.00011519001
L-BFGS-B,9490,2.0776962e-07,0.0054999366,1.9345809e-07,0.000115183524
L-BFGS-B,9491,2.0771596e-07,0.0054989425,1.9354468e-07,0.00011517852
L-BFGS-B,9492,2.077885e-07,0.0054987934,1.9345157e-07,0.00011517394
L-BFGS-B,9493,2.0779504e-07,0.005494607,1.9369489e-07,0.00011516956
L-BFGS-B,9494,2.0785758e-07,0.0054951366,1.9357914e-07,0.00011516688
L-BFGS-B,9495,2.0788981e-07,0.0054942523,1.9360347e-07,0.00011516651
L-BFGS-B,9496,2.0781023e-07,0.0054910113,1.9388952e-07,0.00011516508
L-BFGS-B,9497,2.0776201e-07,0.0054884977,1.9409686e-07,0.0001151638
L-BFGS-B,9498,2.0775961e-07,0.0054856976,1.9428178e-07,0.00011516319
L-BFGS-B,9499,2.0778401e-07,0.005485485,1.942639e-07,0.00011516204
L-BFGS-B,9500,2.0783091e-07,0.0054851226,1.9422754e-07,0.000115159986
L-BFGS-B,9501,2.079614e-07,0.005480162,1.9443638e-07,0.00011516128
L-BFGS-B,9502,2.0787327e-07,0.0054835007,1.9429392e-07,0.00011516008
L-BFGS-B,9503,2.0784229e-07,0.0054847035,1.9424473e-07,0.00011516009
L-BFGS-B,9504,2.0783294e-07,0.0054850797,1.942307e-07,0.00011516035
L-BFGS-B,9505,2.0783075e-07,0.005485152,1.9422724e-07,0.00011516021
L-BFGS-B,9506,2.0783092e-07,0.0054851226,1.9422754e-07,0.000115159986
L-BFGS-B,9507,2.0783091e-07,0.0054851226,1.9422754e-07,0.000115159986
L-BFGS-B,9508,2.0783091e-07,0.0054851226,1.9422754e-07,0.000115159986
L-BFGS-B,9509,2.0783091e-07,0.0054851226,1.9422754e-07,0.000115159986
L-BFGS-B,9510,2.0783091e-07,0.0054851226,1.9422754e-07,0.000115159986
L-BFGS-B,9511,2.0783091e-07,0.0054851226,1.9422754e-07,0.000115159986
L-BFGS-B,9512,2.0783091e-07,0.0054851226,1.9422754e-07,0.000115159986
L-BFGS-B,9513,2.0783091e-07,0.0054851226,1.9422754e-07,0.000115159986
L-BFGS-B,9514,2.0783091e-07,0.0054851226,1.9422754e-07,0.000115159986
L-BFGS-B,9515,2.0783091e-07,0.0054851226,1.9422754e-07,0.000115159986
L-BFGS-B,9516,2.0783091e-07,0.0054851226,1.9422754e-07,0.000115159986
L-BFGS-B,9517,2.0783091e-07,0.0054851226,1.9422754e-07,0.000115159986
