psi,theta
-0.01,0.40956277
-0.02,0.40955886
-0.03,0.40955508
-0.04,0.40955138
-0.05,0.40954757
-0.060000000000000005,0.4095437
-0.06999999999999999,0.4095397
-0.08,0.40953556
-0.09,0.4095313
-0.09999999999999999,0.4095269
-0.11,0.40952244
-0.12,0.4095178
-0.13,0.40951303
-0.14,0.40950817
-0.15000000000000002,0.40950316
-0.16,0.40949804
-0.17,0.4094928
-0.18000000000000002,0.4094874
-0.19,0.40948188
-0.2,0.40947628
-0.21000000000000002,0.4094705
-0.22,0.40946466
-0.23,0.4094586
-0.24000000000000002,0.4094525
-0.25,0.40944624
-0.26,0.40943986
-0.27,0.40943336
-0.28,0.40942675
-0.29000000000000004,0.40941995
-0.3,0.4094131
-0.31,0.40940613
-0.32,0.40939897
-0.33,0.4093917
-0.34,0.40938434
-0.35000000000000003,0.4093768
-0.36000000000000004,0.40936917
-0.37,0.40936142
-0.38,0.40935346
-0.39,0.40934548
-0.4,0.40933728
-0.41000000000000003,0.40932897
-0.42000000000000004,0.40932053
-0.43,0.409312
-0.44,0.40930325
-0.45,0.4092945
-0.46,0.4092855
-0.47000000000000003,0.40927637
-0.48000000000000004,0.4092671
-0.49,0.4092577
-0.5,0.40924817
-0.51,0.40923852
-0.52,0.40922868
-0.53,0.40921876
-0.54,0.40920866
-0.55,0.40919837
-0.56,0.40918803
-0.5700000000000001,0.40917745
-0.5800000000000001,0.4091668
-0.59,0.40915596
-0.6,0.40914497
-0.61,0.4091338
-0.62,0.4091225
-0.63,0.4091111
-0.64,0.40909946
-0.65,0.40908775
-0.66,0.40907586
-0.67,0.40906376
-0.68,0.40905154
-0.6900000000000001,0.4090392
-0.7000000000000001,0.40902668
-0.7100000000000001,0.40901393
-0.72,0.40900105
-0.73,0.40898806
-0.74,0.40897483
-0.75,0.40896147
-0.76,0.40894794
-0.77,0.40893424
-0.78,0.40892038
-0.79,0.40890634
-0.8,0.4088921
-0.81,0.40887773
-0.8200000000000001,0.40886316
-0.8300000000000001,0.40884846
-0.8400000000000001,0.40883353
-0.85,0.40881845
-0.86,0.40880314
-0.87,0.40878773
-0.88,0.4087721
-0.89,0.40875632
-0.9,0.4087403
-0.91,0.40872413
-0.92,0.4087078
-0.93,0.40869123
-0.9400000000000001,0.40867448
-0.9500000000000001,0.40865758
-0.9600000000000001,0.40864044
-0.97,0.40862316
-0.98,0.4086057
-0.99,0.40858802
-1.0,0.40857014
-1.01,0.40855205
-1.02,0.4085338
-1.03,0.40851533
-1.04,0.4084967
-1.05,0.40847787
-1.06,0.40845877
-1.07,0.40843955
-1.08,0.40842012
-1.09,0.40840048
-1.1,0.4083806
-1.11,0.40836054
-1.12,0.40834033
-1.1300000000000001,0.40831983
-1.1400000000000001,0.40829915
-1.1500000000000001,0.40827835
-1.1600000000000001,0.40825725
-1.17,0.40823597
-1.18,0.40821448
-1.19,0.40819278
-1.2,0.40817088
-1.21,0.40814874
-1.22,0.40812638
-1.23,0.40810388
-1.24,0.4080811
-1.25,0.40805814
-1.26,0.40803495
-1.27,0.40801156
-1.28,0.40798795
-1.29,0.4079641
-1.3,0.4079401
-1.31,0.40791583
-1.32,0.40789133
-1.33,0.40786666
-1.34,0.40784174
-1.35,0.40781665
-1.36,0.40779126
-1.37,0.40776572
-1.3800000000000001,0.40773994
-1.3900000000000001,0.40771392
-1.4000000000000001,0.40768772
-1.4100000000000001,0.40766126
-1.42,0.40763456
-1.43,0.40760767
-1.44,0.40758058
-1.45,0.40755326
-1.46,0.4075257
-1.47,0.40749788
-1.48,0.40746987
-1.49,0.40744165
-1.5,0.40741324
-1.51,0.4073845
-1.52,0.40735564
-1.53,0.40732652
-1.54,0.4072972
-1.55,0.40726757
-1.56,0.40723777
-1.57,0.40720776
-1.58,0.4071775
-1.59,0.40714705
-1.6,0.40711635
-1.61,0.40708542
-1.62,0.40705428
-1.6300000000000001,0.4070229
-1.6400000000000001,0.4069913
-1.6500000000000001,0.40695947
-1.6600000000000001,0.4069274
-1.6700000000000002,0.40689513
-1.68,0.40686265
-1.69,0.4068299
-1.7,0.40679693
-1.71,0.40676376
-1.72,0.40673035
-1.73,0.40669674
-1.74,0.40666288
-1.75,0.40662885
-1.76,0.40659454
-1.77,0.40656
-1.78,0.40652525
-1.79,0.40649027
-1.8,0.40645507
-1.81,0.40641963
-1.82,0.406384
-1.83,0.40634814
-1.84,0.40631205
-1.85,0.40627572
-1.86,0.4062392
-1.87,0.40620244
-1.8800000000000001,0.40616548
-1.8900000000000001,0.4061283
-1.9000000000000001,0.40609086
-1.9100000000000001,0.4060532
-1.9200000000000002,0.40601534
-1.93,0.40597728
-1.94,0.40593898
-1.95,0.40590048
-1.96,0.40586174
-1.97,0.40582278
-1.98,0.4057836
-1.99,0.40574422
-2.0,0.40570462
-2.01,0.4056648
-2.02,0.40562475
-2.03,0.40558448
-2.04,0.40554404
-2.05,0.40550333
-2.0599999999999996,0.40546244
-2.07,0.40542138
-2.0799999999999996,0.40538
-2.09,0.40533853
-2.0999999999999996,0.40529674
-2.11,0.40525478
-2.1199999999999997,0.40521264
-2.13,0.40517026
-2.1399999999999997,0.40512767
-2.15,0.40508488
-2.1599999999999997,0.4050419
-2.17,0.4049987
-2.1799999999999997,0.40495527
-2.19,0.40491164
-2.1999999999999997,0.4048678
-2.21,0.40482378
-2.2199999999999998,0.40477952
-2.23,0.4047351
-2.2399999999999998,0.40469044
-2.25,0.4046456
-2.26,0.40460056
-2.27,0.4045553
-2.28,0.40450987
-2.29,0.40446422
-2.3,0.40441835
-2.31,0.40437233
-2.32,0.40432608
-2.3299999999999996,0.40427965
-2.34,0.40423298
-2.3499999999999996,0.40418613
-2.36,0.4041391
-2.3699999999999997,0.4040919
-2.38,0.40404445
-2.3899999999999997,0.40399688
-2.4,0.40394908
-2.4099999999999997,0.40390104
-2.42,0.40385288
-2.4299999999999997,0.40380448
-2.44,0.4037559
-2.4499999999999997,0.40370718
-2.46,0.40365827
-2.4699999999999998,0.4036091
-2.48,0.4035598
-2.4899999999999998,0.4035103
-2.5,0.40346062
-2.51,0.40341073
-2.52,0.4033607
-2.53,0.40331048
-2.54,0.40326005
-2.55,0.40320945
-2.56,0.40315866
-2.57,0.4031077
-2.5799999999999996,0.40305656
-2.59,0.40300524
-2.5999999999999996,0.40295374
-2.61,0.40290213
-2.6199999999999997,0.40285027
-2.63,0.40279824
-2.6399999999999997,0.40274602
-2.65,0.40269366
-2.6599999999999997,0.40264112
-2.67,0.40258843
-2.6799999999999997,0.4025355
-2.69,0.40248245
-2.6999999999999997,0.40242928
-2.71,0.40237588
-2.7199999999999998,0.4023223
-2.73,0.4022686
-2.7399999999999998,0.4022147
-2.75,0.4021606
-2.76,0.4021064
-2.77,0.402052
-2.78,0.40199745
-2.79,0.40194273
-2.8,0.40188786
-2.81,0.40183282
-2.82,0.40177763
-2.8299999999999996,0.40172225
-2.84,0.40166676
-2.8499999999999996,0.40161106
-2.86,0.40155524
-2.8699999999999997,0.40149924
-2.88,0.40144306
-2.8899999999999997,0.40138677
-2.9,0.4013303
-2.9099999999999997,0.4012737
-2.92,0.40121692
-2.9299999999999997,0.40116
-2.94,0.4011029
-2.9499999999999997,0.40104568
-2.96,0.40098834
-2.9699999999999998,0.40093082
-2.98,0.40087315
-2.9899999999999998,0.4008153
-3.0,0.40075737
-3.01,0.40069926
-3.02,0.40064096
-3.03,0.40058255
-3.04,0.40052402
-3.05,0.4004653
-3.06,0.40040648
-3.07,0.40034753
-3.08,0.40028837
-3.09,0.4002291
-3.0999999999999996,0.4001697
-3.11,0.4001102
-3.1199999999999997,0.4000505
-3.13,0.39999065
-3.1399999999999997,0.39993066
-3.15,0.3998706
-3.1599999999999997,0.39981034
-3.17,0.39975
-3.1799999999999997,0.39968947
-3.19,0.39962882
-3.1999999999999997,0.39956802
-3.21,0.39950714
-3.2199999999999998,0.39944613
-3.23,0.39938492
-3.2399999999999998,0.39932364
-3.25,0.3992622
-3.26,0.39920062
-3.27,0.3991389
-3.28,0.39907706
-3.29,0.39901513
-3.3,0.39895305
-3.31,0.3988908
-3.32,0.3988285
-3.33,0.39876604
-3.34,0.39870346
-3.3499999999999996,0.39864072
-3.36,0.3985779
-3.3699999999999997,0.39851493
-3.38,0.39845183
-3.3899999999999997,0.39838862
-3.4,0.39832532
-3.4099999999999997,0.39826185
-3.42,0.3981983
-3.4299999999999997,0.39813462
-3.44,0.3980708
-3.4499999999999997,0.39800686
-3.46,0.3979428
-3.4699999999999998,0.39787865
-3.48,0.39781436
-3.4899999999999998,0.39774996
-3.5,0.39768544
-3.51,0.3976208
-3.52,0.39755607
-3.53,0.39749122
-3.54,0.3974262
-3.55,0.3973611
-3.56,0.3972959
-3.57,0.3972306
-3.58,0.39716518
-3.59,0.39709964
-3.5999999999999996,0.397034
-3.61,0.39696825
-3.6199999999999997,0.39690232
-3.63,0.39683634
-3.6399999999999997,0.39677027
-3.65,0.39670408
-3.6599999999999997,0.3966378
-3.67,0.39657134
-3.6799999999999997,0.39650482
-3.69,0.3964382
-3.6999999999999997,0.39637148
-3.71,0.39630464
-3.7199999999999998,0.39623767
-3.73,0.39617062
-3.7399999999999998,0.3961035
-3.75,0.39603618
-3.76,0.39596885
-3.77,0.39590138
-3.78,0.3958338
-3.79,0.39576614
-3.8,0.39569837
-3.81,0.3956305
-3.82,0.39556253
-3.83,0.39549446
-3.84,0.39542627
-3.8499999999999996,0.39535803
-3.86,0.39528963
-3.8699999999999997,0.39522117
-3.88,0.39515257
-3.8899999999999997,0.3950839
-3.9,0.39501515
-3.9099999999999997,0.39494628
-3.92,0.3948773
-3.9299999999999997,0.3948083
-3.94,0.39473912
-3.9499999999999997,0.3946699
-3.96,0.39460054
-3.9699999999999998,0.39453113
-3.98,0.3944615
-3.9899999999999998,0.39439192
-4.0,0.39432222
-4.01,0.39425242
-4.02,0.3941825
-4.03,0.39411253
-4.04,0.39404243
-4.05,0.39397222
-4.06,0.39390194
-4.07,0.39383158
-4.08,0.39376116
-4.09,0.39369065
-4.1,0.39361995
-4.109999999999999,0.39354926
-4.12,0.39347842
-4.13,0.39340755
-4.14,0.39333653
-4.1499999999999995,0.3932655
-4.16,0.39319432
-4.17,0.39312306
-4.18,0.3930517
-4.1899999999999995,0.39298028
-4.2,0.39290878
-4.21,0.39283717
-4.22,0.39276552
-4.2299999999999995,0.3926937
-4.24,0.39262187
-4.25,0.39254993
-4.26,0.39247787
-4.27,0.39240578
-4.28,0.39233357
-4.29,0.39226133
-4.3,0.39218897
-4.31,0.3921165
-4.32,0.39204395
-4.33,0.39197135
-4.34,0.3918987
-4.35,0.3918259
-4.36,0.39175302
-4.37,0.39168012
-4.38,0.3916071
-4.39,0.391534
-4.3999999999999995,0.39146084
-4.41,0.39138758
-4.42,0.3913142
-4.43,0.39124078
-4.4399999999999995,0.39116728
-4.45,0.39109373
-4.46,0.3910201
-4.47,0.39094633
-4.4799999999999995,0.39087254
-4.49,0.39079863
-4.5,0.3907247
-4.51,0.39065063
-4.52,0.3905765
-4.53,0.39050233
-4.54,0.39042804
-4.55,0.3903537
-4.56,0.39027926
-4.57,0.39020476
-4.58,0.39013016
-4.59,0.39005554
-4.6,0.3899808
-4.61,0.389906
-4.62,0.3898311
-4.63,0.38975614
-4.64,0.38968113
-4.6499999999999995,0.38960603
-4.66,0.38953084
-4.67,0.38945562
-4.68,0.3893803
-4.6899999999999995,0.38930488
-4.7,0.3892294
-4.71,0.38915384
-4.72,0.38907826
-4.7299999999999995,0.3890026
-4.74,0.38892683
-4.75,0.388851
-4.76,0.3887751
-4.77,0.3886991
-4.78,0.38862306
-4.79,0.38854697
-4.8,0.3884708
-4.81,0.38839453
-4.82,0.3883182
-4.83,0.38824183
-4.84,0.38816535
-4.85,0.38808882
-4.86,0.3880122
-4.87,0.38793558
-4.88,0.3878588
-4.89,0.38778204
-4.8999999999999995,0.38770515
-4.91,0.3876282
-4.92,0.38755116
-4.93,0.38747412
-4.9399999999999995,0.38739693
-4.95,0.38731974
-4.96,0.38724247
-4.97,0.3871651
-4.9799999999999995,0.3870877
-4.99,0.38701022
-5.0,0.38693264
-5.01,0.38685507
-5.02,0.38677737
-5.03,0.38669962
-5.04,0.38662177
-5.05,0.38654393
-5.06,0.38646597
-5.07,0.386388
-5.08,0.3863099
-5.09,0.38623178
-5.1,0.38615358
-5.11,0.38607532
-5.12,0.38599697
-5.13,0.38591862
-5.14,0.38584015
-5.1499999999999995,0.38576162
-5.16,0.38568303
-5.17,0.38560438
-5.18,0.38552564
-5.1899999999999995,0.38544688
-5.2,0.38536808
-5.21,0.38528916
-5.22,0.38521022
-5.2299999999999995,0.38513118
-5.24,0.3850521
-5.25,0.38497296
-5.26,0.38489377
-5.27,0.3848145
-5.28,0.38473514
-5.29,0.38465577
-5.3,0.38457632
-5.31,0.3844968
-5.32,0.38441724
-5.33,0.3843376
-5.34,0.3842579
-5.35,0.38417816
-5.36,0.38409835
-5.37,0.38401848
-5.38,0.38393855
-5.39,0.38385856
-5.3999999999999995,0.3837785
-5.41,0.3836984
-5.42,0.38361824
-5.43,0.38353798
-5.4399999999999995,0.38345772
-5.45,0.38337737
-5.46,0.38329697
-5.47,0.3832165
-5.4799999999999995,0.38313603
-5.49,0.38305545
-5.5,0.3829748
-5.51,0.3828941
-5.52,0.38281336
-5.53,0.38273257
-5.54,0.38265172
-5.55,0.3825708
-5.56,0.38248983
-5.57,0.3824088
-5.58,0.3823277
-5.59,0.38224655
-5.6,0.38216537
-5.61,0.3820841
-5.62,0.38200283
-5.63,0.38192147
-5.64,0.38184005
-5.6499999999999995,0.38175857
-5.66,0.38167703
-5.67,0.38159546
-5.68,0.38151377
-5.6899999999999995,0.38143212
-5.7,0.38135034
-5.71,0.38126856
-5.72,0.3811867
-5.7299999999999995,0.3811048
-5.74,0.38102287
-5.75,0.38094082
-5.76,0.38085878
-5.77,0.38077664
-5.78,0.38069448
-5.79,0.38061225
-5.8,0.38053
-5.81,0.38044766
-5.82,0.38036525
-5.83,0.38028285
-5.84,0.38020033
-5.85,0.38011777
-5.86,0.38003522
-5.87,0.37995255
-5.88,0.37986988
-5.89,0.37978712
-5.8999999999999995,0.37970436
-5.91,0.3796215
-5.92,0.3795386
-5.93,0.37945566
-5.9399999999999995,0.37937263
-5.95,0.37928963
-5.96,0.37920648
-5.97,0.37912336
-5.9799999999999995,0.37904018
-5.99,0.3789569
-6.0,0.3788736
-6.01,0.37879023
-6.02,0.37870684
-6.03,0.37862337
-6.04,0.37853992
-6.05,0.37845635
-6.06,0.3783728
-6.07,0.37828913
-6.08,0.37820542
-6.09,0.3781217
-6.1,0.37803793
-6.11,0.37795407
-6.12,0.3778702
-6.13,0.37778628
-6.14,0.37770227
-6.15,0.37761825
-6.16,0.3775342
-6.17,0.37745005
-6.18,0.37736595
-6.1899999999999995,0.37728173
-6.2,0.37719744
-6.21,0.37711316
-6.22,0.37702882
-6.2299999999999995,0.37694436
-6.24,0.37685993
-6.25,0.3767755
-6.26,0.37669098
-6.27,0.37660635
-6.28,0.37652174
-6.29,0.37643707
-6.3,0.37635234
-6.31,0.37626758
-6.32,0.3761828
-6.33,0.37609792
-6.34,0.376013
-6.35,0.3759281
-6.36,0.3758431
-6.37,0.3757581
-6.38,0.37567306
-6.39,0.3755879
-6.4,0.37550277
-6.41,0.3754176
-6.42,0.37533236
-6.43,0.375247
-6.4399999999999995,0.37516174
-6.45,0.37507635
-6.46,0.37499094
-6.47,0.37490547
-6.4799999999999995,0.37481996
-6.49,0.3747344
-6.5,0.37464884
-6.51,0.37456322
-6.52,0.37447757
-6.53,0.37439185
-6.54,0.3743061
-6.55,0.3742203
-6.56,0.37413448
-6.57,0.3740486
-6.58,0.3739627
-6.59,0.37387675
-6.6,0.37379077
-6.61,0.37370473
-6.62,0.37361866
-6.63,0.37353253
-6.64,0.37344638
-6.65,0.37336016
-6.66,0.37327394
-6.67,0.37318766
-6.68,0.37310138
-6.6899999999999995,0.37301502
-6.7,0.37292862
-6.71,0.3728422
-6.72,0.37275574
-6.7299999999999995,0.37266922
-6.74,0.37258267
-6.75,0.3724961
-6.76,0.3724095
-6.77,0.3723228
-6.78,0.37223613
-6.79,0.37214944
-6.8,0.37206265
-6.81,0.3719758
-6.82,0.371889
-6.83,0.3718021
-6.84,0.3717152
-6.85,0.37162822
-6.86,0.37154123
-6.87,0.37145418
-6.88,0.37136713
-6.89,0.37128004
-6.9,0.37119287
-6.91,0.37110573
-6.92,0.3710185
-6.93,0.3709313
-6.9399999999999995,0.370844
-6.95,0.3707567
-6.96,0.37066934
-6.97,0.37058198
-6.9799999999999995,0.37049454
-6.99,0.3704071
-7.0,0.3703196
-7.01,0.3702321
-7.02,0.37014452
-7.03,0.37005693
-7.04,0.3699693
-7.05,0.3698817
-7.06,0.36979398
-7.07,0.36970627
-7.08,0.36961854
-7.09,0.36953074
-7.1,0.3694429
-7.11,0.36935505
-7.12,0.3692672
-7.13,0.36917925
-7.14,0.36909133
-7.15,0.36900336
-7.16,0.36891532
-7.17,0.36882728
-7.18,0.36873922
-7.1899999999999995,0.3686511
-7.2,0.36856294
-7.21,0.36847478
-7.22,0.3683866
-7.2299999999999995,0.36829835
-7.24,0.36821014
-7.25,0.3681218
-7.26,0.36803353
-7.27,0.36794513
-7.28,0.36785677
-7.29,0.36776835
-7.3,0.3676799
-7.31,0.36759144
-7.32,0.36750293
-7.33,0.3674144
-7.34,0.36732587
-7.35,0.36723727
-7.36,0.36714864
-7.37,0.36706004
-7.38,0.36697134
-7.39,0.36688268
-7.4,0.3667939
-7.41,0.36670515
-7.42,0.3666164
-7.43,0.36652753
-7.4399999999999995,0.36643872
-7.45,0.36634985
-7.46,0.36626095
-7.47,0.36617208
-7.4799999999999995,0.3660831
-7.49,0.36599416
-7.5,0.36590514
-7.51,0.3658161
-7.52,0.36572707
-7.53,0.365638
-7.54,0.36554888
-7.55,0.3654597
-7.56,0.36537057
-7.57,0.3652814
-7.58,0.3651922
-7.59,0.36510298
-7.6,0.36501372
-7.61,0.36492443
-7.62,0.3648351
-7.63,0.3647458
-7.64,0.36465645
-7.65,0.36456707
-7.66,0.36447763
-7.67,0.36438823
-7.68,0.3642988
-7.6899999999999995,0.36420935
-7.7,0.36411983
-7.71,0.3640303
-7.72,0.36394078
-7.7299999999999995,0.3638512
-7.74,0.3637616
-7.75,0.363672
-7.76,0.36358237
-7.77,0.36349273
-7.78,0.36340302
-7.79,0.36331338
-7.8,0.36322364
-7.81,0.36313388
-7.82,0.3630441
-7.83,0.36295435
-7.84,0.36286455
-7.85,0.3627747
-7.86,0.36268485
-7.87,0.362595
-7.88,0.3625051
-7.89,0.3624152
-7.9,0.36232528
-7.91,0.36223534
-7.92,0.36214536
-7.93,0.36205536
-7.94,0.36196536
-7.95,0.36187533
-7.96,0.36178532
-7.97,0.36169523
-7.9799999999999995,0.36160514
-7.99,0.36151507
-8.0,0.36142492
-8.01,0.36133477
-8.02,0.36124462
-8.03,0.36115444
-8.04,0.36106426
-8.05,0.36097404
-8.06,0.3608838
-8.07,0.3607936
-8.08,0.3607033
-8.09,0.36061302
-8.1,0.36052275
-8.11,0.36043245
-8.12,0.3603421
-8.13,0.36025175
-8.14,0.3601614
-8.15,0.360071
-8.16,0.3599806
-8.17,0.35989016
-8.18,0.3597998
-8.19,0.35970932
-8.2,0.35961884
-8.209999999999999,0.3595284
-8.22,0.3594379
-8.23,0.3593474
-8.24,0.35925686
-8.25,0.35916635
-8.26,0.3590758
-8.27,0.35898525
-8.28,0.35889465
-8.29,0.35880405
-8.3,0.35871345
-8.31,0.35862285
-8.32,0.3585322
-8.33,0.3584416
-8.34,0.35835093
-8.35,0.3582602
-8.36,0.3581696
-8.37,0.35807884
-8.38,0.35798812
-8.39,0.35789743
-8.4,0.35780668
-8.41,0.35771596
-8.42,0.3576252
-8.43,0.3575344
-8.44,0.3574436
-8.45,0.35735285
-8.459999999999999,0.35726202
-8.47,0.3571712
-8.48,0.35708037
-8.49,0.35698956
-8.5,0.3568987
-8.51,0.35680783
-8.52,0.35671696
-8.53,0.35662606
-8.54,0.3565352
-8.55,0.35644427
-8.56,0.35635334
-8.57,0.35626248
-8.58,0.35617152
-8.59,0.3560806
-8.6,0.35598963
-8.61,0.35589868
-8.62,0.35580772
-8.63,0.35571674
-8.64,0.35562575
-8.65,0.35553476
-8.66,0.35544375
-8.67,0.35535273
-8.68,0.3552617
-8.69,0.3551707
-8.7,0.35507965
-8.71,0.35498863
-8.72,0.35489756
-8.73,0.3548065
-8.74,0.35471547
-8.75,0.3546244
-8.76,0.3545333
-8.77,0.35444224
-8.78,0.3543511
-8.79,0.35426003
-8.8,0.35416895
-8.81,0.35407782
-8.82,0.35398668
-8.83,0.3538956
-8.84,0.35380447
-8.85,0.35371333
-8.86,0.3536222
-8.87,0.35353106
-8.88,0.3534399
-8.89,0.35334873
-8.9,0.3532576
-8.91,0.35316643
-8.92,0.35307524
-8.93,0.35298407
-8.94,0.35289294
-8.95,0.35280174
-8.96,0.35271057
-8.97,0.35261935
-8.98,0.35252815
-8.99,0.35243696
-9.0,0.35234576
-9.01,0.35225457
-9.02,0.35216334
-9.03,0.35207215
-9.04,0.35198095
-9.05,0.35188973
-9.06,0.3517985
-9.07,0.3517073
-9.08,0.35161608
-9.09,0.35152486
-9.1,0.35143363
-9.11,0.3513424
-9.12,0.35125116
-9.13,0.35115996
-9.14,0.35106874
-9.15,0.35097748
-9.16,0.35088626
-9.17,0.350795
-9.18,0.35070378
-9.19,0.35061255
-9.2,0.35052133
-9.21,0.3504301
-9.22,0.35033885
-9.23,0.35024762
-9.24,0.35015637
-9.25,0.3500651
-9.26,0.3499739
-9.27,0.34988266
-9.28,0.3497914
-9.29,0.34970018
-9.3,0.34960896
-9.31,0.34951773
-9.32,0.3494265
-9.33,0.34933525
-9.34,0.34924406
-9.35,0.3491528
-9.36,0.34906158
-9.37,0.34897035
-9.38,0.34887913
-9.39,0.3487879
-9.4,0.3486967
-9.41,0.34860548
-9.42,0.34851426
-9.43,0.34842306
-9.44,0.34833187
-9.45,0.34824064
-9.46,0.34814948
-9.47,0.34805825
-9.48,0.34796706
-9.49,0.3478759
-9.5,0.34778467
-9.51,0.34769353
-9.52,0.3476023
-9.53,0.34751117
-9.54,0.34741998
-9.55,0.34732884
-9.56,0.34723765
-9.57,0.34714645
-9.58,0.34705532
-9.59,0.3469642
-9.6,0.34687302
-9.61,0.3467819
-9.62,0.34669077
-9.63,0.34659964
-9.64,0.3465085
-9.65,0.3464174
-9.66,0.3463263
-9.67,0.34623516
-9.68,0.34614408
-9.69,0.34605297
-9.7,0.3459619
-9.71,0.3458708
-9.72,0.34577972
-9.73,0.34568867
-9.74,0.3455976
-9.75,0.34550655
-9.76,0.3454155
-9.77,0.34532443
-9.78,0.34523344
-9.79,0.34514236
-9.8,0.34505135
-9.81,0.34496033
-9.82,0.34486935
-9.83,0.34477836
-9.84,0.34468734
-9.85,0.3445964
-9.86,0.3445054
-9.87,0.34441444
-9.88,0.34432352
-9.89,0.34423253
-9.9,0.3441416
-9.91,0.34405065
-9.92,0.34395975
-9.93,0.34386882
-9.94,0.34377795
-9.95,0.34368703
-9.96,0.34359616
-9.97,0.34350526
-9.98,0.34341443
-9.99,0.34332356
-10.0,0.34323272
-10.01,0.34314185
-10.02,0.34305102
-10.03,0.34296024
-10.04,0.34286943
-10.05,0.34277862
-10.06,0.34268785
-10.07,0.3425971
-10.08,0.34250632
-10.09,0.34241557
-10.1,0.34232482
-10.11,0.34223408
-10.12,0.34214336
-10.13,0.34205267
-10.14,0.34196198
-10.15,0.34187126
-10.16,0.3417806
-10.17,0.34168994
-10.18,0.3415993
-10.19,0.3415087
-10.2,0.34141803
-10.21,0.34132743
-10.22,0.34123683
-10.23,0.34114623
-10.24,0.34105566
-10.25,0.3409651
-10.26,0.34087455
-10.27,0.34078404
-10.28,0.3406935
-10.29,0.34060296
-10.3,0.34051248
-10.31,0.340422
-10.32,0.34033155
-10.33,0.34024104
-10.34,0.34015062
-10.35,0.34006023
-10.36,0.33996978
-10.37,0.3398794
-10.38,0.339789
-10.39,0.3396986
-10.4,0.33960828
-10.41,0.33951792
-10.42,0.3394276
-10.43,0.33933723
-10.44,0.339247
-10.45,0.3391567
-10.46,0.33906645
-10.47,0.33897617
-10.48,0.33888596
-10.49,0.33879572
-10.5,0.33870548
-10.51,0.3386153
-10.52,0.33852512
-10.53,0.33843496
-10.54,0.3383448
-10.55,0.3382547
-10.56,0.33816457
-10.57,0.33807448
-10.58,0.33798438
-10.59,0.33789435
-10.6,0.3378043
-10.61,0.33771425
-10.62,0.33762425
-10.63,0.33753425
-10.64,0.33744425
-10.65,0.3373543
-10.66,0.33726436
-10.67,0.33717442
-10.68,0.33708447
-10.69,0.33699462
-10.7,0.3369047
-10.71,0.33681488
-10.72,0.336725
-10.73,0.3366352
-10.74,0.33654538
-10.75,0.33645558
-10.76,0.33636582
-10.77,0.33627608
-10.78,0.33618635
-10.79,0.3360966
-10.8,0.3360069
-10.81,0.33591723
-10.82,0.3358276
-10.83,0.33573794
-10.84,0.3356483
-10.85,0.33555868
-10.86,0.3354691
-10.87,0.33537954
-10.88,0.33528996
-10.89,0.33520046
-10.9,0.33511093
-10.91,0.33502147
-10.92,0.33493197
-10.93,0.3348425
-10.94,0.3347531
-10.95,0.3346637
-10.96,0.3345743
-10.97,0.3344849
-10.98,0.33439556
-10.99,0.3343062
-11.0,0.33421692
-11.01,0.33412763
-11.02,0.33403838
-11.03,0.33394912
-11.04,0.33385986
-11.05,0.33377066
-11.06,0.33368146
-11.07,0.33359236
-11.08,0.33350313
-11.09,0.33341402
-11.1,0.3333249
-11.11,0.33323586
-11.12,0.33314678
-11.13,0.3330577
-11.14,0.3329687
-11.15,0.33287972
-11.16,0.33279073
-11.17,0.33270174
-11.18,0.3326128
-11.19,0.33252394
-11.2,0.33243507
-11.21,0.3323462
-11.22,0.33225733
-11.23,0.3321685
-11.24,0.33207968
-11.25,0.3319909
-11.26,0.33190215
-11.27,0.3318134
-11.28,0.33172467
-11.29,0.331636
-11.3,0.33154732
-11.31,0.3314587
-11.32,0.33137006
-11.33,0.33128148
-11.34,0.33119288
-11.35,0.33110434
-11.36,0.33101583
-11.37,0.33092734
-11.38,0.33083883
-11.39,0.33075035
-11.4,0.33066195
-11.41,0.3305735
-11.42,0.3304851
-11.43,0.33039674
-11.44,0.3303084
-11.45,0.3302201
-11.46,0.33013177
-11.47,0.33004352
-11.48,0.32995528
-11.49,0.32986706
-11.5,0.32977885
-11.51,0.32969067
-11.52,0.32960254
-11.53,0.32951438
-11.54,0.3294263
-11.55,0.32933822
-11.56,0.32925016
-11.57,0.32916218
-11.58,0.32907414
-11.59,0.32898617
-11.6,0.3288982
-11.61,0.3288103
-11.62,0.3287224
-11.63,0.32863453
-11.64,0.32854667
-11.65,0.32845885
-11.66,0.32837105
-11.67,0.32828328
-11.68,0.3281955
-11.69,0.3281078
-11.7,0.32802007
-11.71,0.32793242
-11.72,0.32784477
-11.73,0.32775715
-11.74,0.3276695
-11.75,0.327582
-11.76,0.32749444
-11.77,0.3274069
-11.78,0.3273194
-11.79,0.32723194
-11.8,0.3271445
-11.81,0.3270571
-11.82,0.32696974
-11.83,0.32688236
-11.84,0.326795
-11.85,0.32670772
-11.86,0.32662043
-11.87,0.32653317
-11.88,0.32644597
-11.89,0.32635874
-11.9,0.32627156
-11.91,0.32618445
-11.92,0.3260973
-11.93,0.32601023
-11.94,0.32592314
-11.95,0.32583612
-11.96,0.3257491
-11.97,0.32566214
-11.98,0.32557514
-11.99,0.3254882
-12.0,0.32540134
-12.01,0.32531446
-12.02,0.32522762
-12.03,0.32514077
-12.040000000000001,0.325054
-12.05,0.3249672
-12.06,0.32488048
-12.07,0.3247938
-12.08,0.32470712
-12.09,0.32462043
-12.1,0.32453382
-12.11,0.3244472
-12.12,0.32436067
-12.13,0.32427412
-12.14,0.3241876
-12.15,0.32410115
-12.16,0.32401466
-12.17,0.3239282
-12.18,0.3238418
-12.19,0.32375547
-12.2,0.32366914
-12.21,0.32358283
-12.22,0.32349652
-12.23,0.3234103
-12.24,0.32332405
-12.25,0.32323787
-12.26,0.3231517
-12.27,0.32306555
-12.28,0.32297945
-12.290000000000001,0.32289335
-12.3,0.32280728
-12.31,0.32272127
-12.32,0.3226353
-12.33,0.3225493
-12.34,0.3224634
-12.35,0.3223775
-12.36,0.32229158
-12.37,0.32220575
-12.38,0.32211995
-12.39,0.32203412
-12.4,0.32194838
-12.41,0.32186264
-12.42,0.321777
-12.43,0.3216913
-12.44,0.32160568
-12.45,0.3215201
-12.46,0.3214345
-12.47,0.3213489
-12.48,0.3212634
-12.49,0.3211779
-12.5,0.32109243
-12.51,0.32100704
-12.52,0.3209216
-12.53,0.32083628
-12.540000000000001,0.32075092
-12.55,0.3206656
-12.56,0.3205803
-12.57,0.32049507
-12.58,0.32040986
-12.59,0.32032466
-12.6,0.32023948
-12.61,0.3201544
-12.62,0.3200693
-12.63,0.3199842
-12.64,0.3198992
-12.65,0.31981418
-12.66,0.3197292
-12.67,0.31964427
-12.68,0.31955937
-12.69,0.3194745
-12.7,0.31938964
-12.71,0.3193048
-12.72,0.31922
-12.73,0.31913528
-12.74,0.31905055
-12.75,0.31896585
-12.76,0.31888118
-12.77,0.31879655
-12.78,0.31871194
-12.790000000000001,0.3186274
-12.8,0.31854287
-12.81,0.31845832
-12.82,0.31837386
-12.83,0.3182894
-12.84,0.318205
-12.85,0.3181206
-12.86,0.31803626
-12.87,0.31795195
-12.88,0.3178677
-12.89,0.31778342
-12.9,0.3176992
-12.91,0.317615
-12.92,0.3175308
-12.93,0.31744668
-12.94,0.3173626
-12.95,0.31727853
-12.96,0.31719452
-12.97,0.3171105
-12.98,0.31702656
-12.99,0.3169426
-13.0,0.31685868
-13.01,0.31677485
-13.02,0.31669095
-13.03,0.31660718
-13.040000000000001,0.31652343
-13.05,0.31643963
-13.06,0.3163559
-13.07,0.31627226
-13.08,0.3161886
-13.09,0.316105
-13.1,0.3160214
-13.11,0.31593788
-13.12,0.31585434
-13.13,0.31577086
-13.14,0.3156874
-13.15,0.315604
-13.16,0.3155206
-13.17,0.31543726
-13.18,0.31535393
-13.19,0.3152706
-13.2,0.31518736
-13.21,0.31510416
-13.22,0.31502092
-13.23,0.3149378
-13.24,0.31485465
-13.25,0.31477153
-13.26,0.31468853
-13.27,0.31460547
-13.28,0.31452248
-13.290000000000001,0.31443954
-13.3,0.31435663
-13.31,0.31427372
-13.32,0.31419086
-13.33,0.31410798
-13.34,0.31402522
-13.35,0.31394243
-13.36,0.31385973
-13.37,0.31377703
-13.38,0.31369433
-13.39,0.31361172
-13.4,0.31352913
-13.41,0.31344655
-13.42,0.31336403
-13.43,0.3132815
-13.44,0.31319907
-13.45,0.3131166
-13.46,0.31303424
-13.47,0.31295186
-13.48,0.31286952
-13.49,0.31278723
-13.5,0.31270495
-13.51,0.31262273
-13.52,0.31254053
-13.53,0.3124584
-13.540000000000001,0.31237626
-13.55,0.31229413
-13.56,0.31221208
-13.57,0.31213003
-13.58,0.31204802
-13.59,0.3119661
-13.6,0.31188414
-13.61,0.31180227
-13.62,0.3117204
-13.63,0.31163856
-13.64,0.31155676
-13.65,0.311475
-13.66,0.3113933
-13.67,0.3113116
-13.68,0.31122994
-13.69,0.31114832
-13.7,0.31106675
-13.71,0.31098512
-13.72,0.3109036
-13.73,0.31082213
-13.74,0.31074068
-13.75,0.3106593
-13.76,0.31057787
-13.77,0.31049654
-13.78,0.3104152
-13.790000000000001,0.3103339
-13.8,0.31025267
-13.81,0.31017143
-13.82,0.3100903
-13.83,0.31000912
-13.84,0.30992803
-13.85,0.30984694
-13.86,0.30976588
-13.87,0.30968487
-13.88,0.30960387
-13.89,0.30952293
-13.9,0.309442
-13.91,0.30936113
-13.92,0.3092803
-13.93,0.30919948
-13.94,0.30911875
-13.95,0.309038
-13.96,0.3089573
-13.97,0.3088766
-13.98,0.308796
-13.99,0.30871537
-14.0,0.30863482
-14.01,0.3085543
-14.02,0.30847377
-14.03,0.3083933
-14.040000000000001,0.30831286
-14.05,0.3082325
-14.06,0.30815217
-14.07,0.30807182
-14.08,0.30799156
-14.09,0.30791128
-14.1,0.30783102
-14.11,0.30775088
-14.12,0.3076707
-14.13,0.3075906
-14.14,0.3075105
-14.15,0.30743045
-14.16,0.30735046
-14.17,0.30727044
-14.18,0.30719054
-14.19,0.3071106
-14.2,0.3070307
-14.21,0.3069509
-14.22,0.3068711
-14.23,0.30679134
-14.24,0.30671158
-14.25,0.3066319
-14.26,0.3065522
-14.27,0.3064726
-14.28,0.306393
-14.290000000000001,0.30631343
-14.3,0.30623385
-14.31,0.3061544
-14.32,0.30607495
-14.33,0.3059955
-14.34,0.30591613
-14.35,0.30583677
-14.36,0.30575743
-14.37,0.30567816
-14.38,0.3055989
-14.39,0.3055197
-14.4,0.30544052
-14.41,0.30536136
-14.42,0.30528226
-14.43,0.3052032
-14.44,0.30512416
-14.45,0.3050452
-14.46,0.30496618
-14.47,0.30488724
-14.48,0.30480835
-14.49,0.3047295
-14.5,0.30465066
-14.51,0.30457184
-14.52,0.3044931
-14.53,0.30441436
-14.540000000000001,0.30433568
-14.55,0.30425704
-14.56,0.30417842
-14.57,0.30409986
-14.58,0.30402127
-14.59,0.30394274
-14.6,0.30386427
-14.61,0.30378583
-14.62,0.30370742
-14.63,0.30362907
-14.64,0.30355072
-14.65,0.3034724
-14.66,0.30339417
-14.67,0.3033159
-14.68,0.3032377
-14.69,0.30315956
-14.7,0.30308142
-14.71,0.30300334
-14.72,0.3029253
-14.73,0.30284727
-14.74,0.30276927
-14.75,0.3026913
-14.76,0.30261338
-14.77,0.3025355
-14.78,0.30245766
-14.790000000000001,0.30237985
-14.8,0.30230206
-14.81,0.30222434
-14.82,0.3021466
-14.83,0.30206895
-14.84,0.30199128
-14.85,0.3019137
-14.86,0.30183616
-14.87,0.30175865
-14.88,0.30168113
-14.89,0.30160365
-14.9,0.30152625
-14.91,0.30144885
-14.92,0.30137148
-14.93,0.30129418
-14.94,0.30121687
-14.95,0.30113962
-14.96,0.3010624
-14.97,0.30098528
-14.98,0.3009081
-14.99,0.300831
-15.0,0.30075392
-15.01,0.30067688
-15.02,0.30059984
-15.03,0.30052292
-15.040000000000001,0.300446
-15.05,0.30036905
-15.06,0.30029222
-15.07,0.30021542
-15.08,0.3001386
-15.09,0.30006182
-15.1,0.29998514
-15.11,0.29990843
-15.12,0.29983178
-15.13,0.29975522
-15.14,0.2996786
-15.15,0.29960203
-15.16,0.29952556
-15.17,0.2994491
-15.18,0.29937264
-15.19,0.29929623
-15.2,0.29921988
-15.21,0.29914352
-15.22,0.29906723
-15.23,0.298991
-15.24,0.29891473
-15.25,0.29883856
-15.26,0.29876238
-15.27,0.29868627
-15.28,0.2986102
-15.290000000000001,0.29853415
-15.3,0.29845813
-15.31,0.29838213
-15.32,0.29830623
-15.33,0.2982303
-15.34,0.2981544
-15.35,0.29807857
-15.36,0.2980028
-15.37,0.29792702
-15.38,0.2978513
-15.39,0.2977756
-15.4,0.29769993
-15.41,0.29762426
-15.42,0.2975487
-15.43,0.29747313
-15.44,0.2973976
-15.45,0.29732212
-15.46,0.29724666
-15.47,0.29717124
-15.48,0.2970959
-15.49,0.29702055
-15.5,0.2969452
-15.51,0.29686996
-15.52,0.29679474
-15.53,0.29671952
-15.540000000000001,0.29664433
-15.55,0.29656923
-15.56,0.29649413
-15.57,0.29641905
-15.58,0.29634404
-15.59,0.29626906
-15.6,0.29619408
-15.61,0.29611918
-15.620000000000001,0.2960443
-15.63,0.2959694
-15.64,0.2958946
-15.65,0.29581985
-15.66,0.29574504
-15.67,0.29567036
-15.68,0.29559568
-15.69,0.29552102
-15.7,0.29544643
-15.71,0.2953719
-15.72,0.29529732
-15.73,0.29522285
-15.74,0.29514837
-15.75,0.29507393
-15.76,0.29499954
-15.77,0.29492515
-15.78,0.2948509
-15.790000000000001,0.29477656
-15.8,0.29470232
-15.81,0.29462808
-15.82,0.29455394
-15.83,0.2944798
-15.84,0.29440567
-15.85,0.29433158
-15.86,0.29425755
-15.870000000000001,0.29418355
-15.88,0.29410955
-15.89,0.2940356
-15.9,0.2939617
-15.91,0.29388785
-15.92,0.293814
-15.93,0.2937402
-15.94,0.29366645
-15.95,0.29359272
-15.96,0.29351902
-15.97,0.29344535
-15.98,0.29337174
-15.99,0.29329816
-16.0,0.29322463
-16.01,0.29315108
-16.020000000000003,0.2930776
-16.03,0.29300413
-16.040000000000003,0.29293072
-16.05,0.29285735
-16.060000000000002,0.292784
-16.07,0.2927107
-16.080000000000002,0.2926374
-16.090000000000003,0.29256418
-16.1,0.29249102
-16.110000000000003,0.29241782
-16.12,0.29234466
-16.130000000000003,0.29227158
-16.14,0.2921985
-16.150000000000002,0.29212546
-16.16,0.29205254
-16.17,0.29197952
-16.180000000000003,0.29190663
-16.19,0.29183373
-16.200000000000003,0.29176086
-16.21,0.29168805
-16.220000000000002,0.29161528
-16.23,0.29154253
-16.240000000000002,0.2914698
-16.250000000000004,0.2913971
-16.26,0.2913245
-16.270000000000003,0.29125187
-16.28,0.2911793
-16.290000000000003,0.29110673
-16.3,0.29103428
-16.310000000000002,0.2909618
-16.32,0.29088935
-16.330000000000002,0.29081696
-16.340000000000003,0.2907446
-16.35,0.2906722
-16.360000000000003,0.29059997
-16.37,0.2905277
-16.380000000000003,0.2904555
-16.39,0.29038328
-16.400000000000002,0.2903111
-16.41,0.290239
-16.42,0.29016688
-16.430000000000003,0.29009488
-16.44,0.29002285
-16.450000000000003,0.28995085
-16.46,0.2898789
-16.470000000000002,0.289807
-16.48,0.2897351
-16.490000000000002,0.28966326
-16.500000000000004,0.28959146
-16.51,0.2895197
-16.520000000000003,0.28944793
-16.53,0.28937623
-16.540000000000003,0.28930455
-16.55,0.2892329
-16.560000000000002,0.28916132
-16.57,0.28908974
-16.580000000000002,0.2890182
-16.590000000000003,0.2889467
-16.6,0.28887522
-16.610000000000003,0.28880382
-16.62,0.2887324
-16.630000000000003,0.2886611
-16.64,0.28858975
-16.650000000000002,0.28851843
-16.66,0.28844717
-16.67,0.28837594
-16.680000000000003,0.28830475
-16.69,0.28823364
-16.700000000000003,0.28816247
-16.71,0.28809142
-16.720000000000002,0.28802037
-16.73,0.28794935
-16.740000000000002,0.28787833
-16.750000000000004,0.28780738
-16.76,0.28773648
-16.770000000000003,0.28766558
-16.78,0.28759477
-16.790000000000003,0.28752396
-16.8,0.28745317
-16.810000000000002,0.28738242
-16.82,0.28731173
-16.830000000000002,0.28724107
-16.840000000000003,0.2871704
-16.85,0.2870998
-16.860000000000003,0.28702924
-16.87,0.28695872
-16.880000000000003,0.2868882
-16.89,0.28681773
-16.900000000000002,0.28674728
-16.91,0.2866769
-16.92,0.28660652
-16.930000000000003,0.2865362
-16.94,0.28646588
-16.950000000000003,0.28639564
-16.96,0.28632542
-16.970000000000002,0.28625524
-16.98,0.28618503
-16.990000000000002,0.28611493
-17.000000000000004,0.2860448
-17.01,0.2859748
-17.020000000000003,0.28590477
-17.03,0.28583476
-17.040000000000003,0.2857648
-17.05,0.28569493
-17.060000000000002,0.28562498
-17.07,0.28555512
-17.080000000000002,0.28548533
-17.090000000000003,0.28541556
-17.1,0.2853458
-17.110000000000003,0.2852761
-17.12,0.28520638
-17.130000000000003,0.28513673
-17.14,0.28506714
-17.150000000000002,0.28499755
-17.160000000000004,0.284928
-17.17,0.28485847
-17.180000000000003,0.28478903
-17.19,0.28471956
-17.200000000000003,0.28465018
-17.21,0.28458077
-17.220000000000002,0.28451145
-17.23,0.28444213
-17.240000000000002,0.28437287
-17.250000000000004,0.2843036
-17.26,0.2842344
-17.270000000000003,0.2841652
-17.28,0.28409606
-17.290000000000003,0.28402698
-17.3,0.2839579
-17.310000000000002,0.28388888
-17.32,0.28381988
-17.330000000000002,0.2837509
-17.340000000000003,0.28368193
-17.35,0.28361306
-17.360000000000003,0.28354415
-17.37,0.28347534
-17.380000000000003,0.28340653
-17.39,0.2833377
-17.400000000000002,0.28326902
-17.410000000000004,0.2832003
-17.42,0.28313166
-17.430000000000003,0.28306302
-17.44,0.28299442
-17.450000000000003,0.28292587
-17.46,0.2828573
-17.470000000000002,0.28278884
-17.48,0.28272036
-17.490000000000002,0.28265187
-17.500000000000004,0.28258353
-17.51,0.28251514
-17.520000000000003,0.2824468
-17.53,0.28237852
-17.540000000000003,0.28231025
-17.55,0.282242
-17.560000000000002,0.2821738
-17.57,0.28210565
-17.580000000000002,0.28203753
-17.590000000000003,0.2819694
-17.6,0.28190136
-17.610000000000003,0.28183332
-17.62,0.2817653
-17.630000000000003,0.2816974
-17.64,0.2816294
-17.650000000000002,0.28156152
-17.660000000000004,0.28149366
-17.67,0.28142583
-17.680000000000003,0.281358
-17.69,0.28129023
-17.700000000000003,0.28122252
-17.71,0.28115484
-17.720000000000002,0.28108716
-17.73,0.28101957
-17.740000000000002,0.28095195
-17.750000000000004,0.28088436
-17.76,0.28081682
-17.770000000000003,0.28074932
-17.78,0.28068188
-17.790000000000003,0.28061444
-17.8,0.28054705
-17.810000000000002,0.28047967
-17.82,0.28041235
-17.830000000000002,0.28034502
-17.840000000000003,0.28027776
-17.85,0.28021055
-17.860000000000003,0.28014332
-17.87,0.28007615
-17.880000000000003,0.280009
-17.89,0.2799419
-17.900000000000002,0.27987483
-17.910000000000004,0.2798078
-17.92,0.2797408
-17.930000000000003,0.2796738
-17.94,0.2796069
-17.950000000000003,0.27954
-17.96,0.27947313
-17.970000000000002,0.27940628
-17.98,0.2793395
-17.990000000000002,0.27927274
-18.000000000000004,0.27920595
-18.01,0.27913925
-18.020000000000003,0.27907255
-18.03,0.27900594
-18.040000000000003,0.2789393
-18.05,0.27887273
-18.060000000000002,0.2788062
-18.07,0.2787397
-18.080000000000002,0.27867326
-18.090000000000003,0.27860674
-18.1,0.27854034
-18.110000000000003,0.278474
-18.12,0.27840763
-18.130000000000003,0.27834132
-18.14,0.27827504
-18.150000000000002,0.2782088
-18.160000000000004,0.27814257
-18.17,0.27807635
-18.180000000000003,0.27801022
-18.19,0.2779441
-18.200000000000003,0.277878
-18.21,0.277812
-18.220000000000002,0.27774596
-18.23,0.27767998
-18.240000000000002,0.277614
-18.250000000000004,0.27754804
-18.26,0.2774822
-18.270000000000003,0.27741632
-18.28,0.27735046
-18.290000000000003,0.2772847
-18.3,0.27721894
-18.310000000000002,0.27715325
-18.32,0.2770875
-18.330000000000002,0.27702183
-18.340000000000003,0.27695623
-18.35,0.2768906
-18.360000000000003,0.27682504
-18.37,0.2767595
-18.380000000000003,0.276694
-18.39,0.27662855
-18.400000000000002,0.2765631
-18.410000000000004,0.27649772
-18.42,0.27643234
-18.430000000000003,0.27636698
-18.44,0.27630165
-18.450000000000003,0.2762364
-18.46,0.27617115
-18.470000000000002,0.27610594
-18.48,0.27604076
-18.490000000000002,0.2759756
-18.500000000000004,0.27591047
-18.51,0.2758454
-18.520000000000003,0.27578038
-18.53,0.27571532
-18.540000000000003,0.27565035
-18.55,0.2755854
-18.560000000000002,0.2755205
-18.57,0.2754556
-18.580000000000002,0.27539074
-18.590000000000003,0.2753259
-18.6,0.2752611
-18.610000000000003,0.27519634
-18.62,0.27513158
-18.630000000000003,0.27506688
-18.64,0.27500224
-18.650000000000002,0.2749376
-18.660000000000004,0.274873
-18.67,0.27480844
-18.680000000000003,0.27474388
-18.69,0.27467936
-18.700000000000003,0.2746149
-18.71,0.27455047
-18.720000000000002,0.27448604
-18.73,0.2744217
-18.740000000000002,0.27435735
-18.750000000000004,0.274293
-18.76,0.27422875
-18.770000000000003,0.27416444
-18.78,0.2741002
-18.790000000000003,0.27403605
-18.8,0.2739719
-18.810000000000002,0.27390778
-18.82,0.27384365
-18.830000000000002,0.2737796
-18.840000000000003,0.2737156
-18.85,0.2736516
-18.860000000000003,0.27358758
-18.87,0.27352366
-18.880000000000003,0.27345976
-18.89,0.2733959
-18.900000000000002,0.27333203
-18.910000000000004,0.27326822
-18.92,0.27320448
-18.930000000000003,0.27314073
-18.94,0.27307698
-18.950000000000003,0.2730133
-18.96,0.27294967
-18.970000000000002,0.27288604
-18.98,0.27282244
-18.990000000000002,0.2727589
-19.000000000000004,0.27269536
-19.01,0.27263185
-19.020000000000003,0.2725684
-19.03,0.27250493
-19.040000000000003,0.27244157
-19.05,0.27237818
-19.060000000000002,0.27231488
-19.07,0.27225152
-19.080000000000002,0.27218828
-19.090000000000003,0.272125
-19.1,0.2720618
-19.110000000000003,0.2719986
-19.12,0.27193546
-19.130000000000003,0.2718723
-19.14,0.27180925
-19.150000000000002,0.27174622
-19.160000000000004,0.27168316
-19.17,0.27162015
-19.180000000000003,0.27155718
-19.19,0.27149427
-19.200000000000003,0.27143133
-19.21,0.2713685
-19.220000000000002,0.27130565
-19.23,0.27124286
-19.240000000000002,0.27118006
-19.250000000000004,0.2711173
-19.26,0.2710546
-19.270000000000003,0.27099192
-19.28,0.27092922
-19.290000000000003,0.2708666
-19.3,0.27080405
-19.310000000000002,0.27074146
-19.32,0.27067894
-19.330000000000002,0.27061644
-19.340000000000003,0.27055395
-19.35,0.2704915
-19.360000000000003,0.27042913
-19.37,0.27036673
-19.380000000000003,0.27030438
-19.39,0.2702421
-19.400000000000002,0.2701798
-19.410000000000004,0.27011755
-19.42,0.27005535
-19.430000000000003,0.26999313
-19.44,0.26993096
-19.450000000000003,0.26986882
-19.46,0.26980674
-19.470000000000002,0.26974463
-19.48,0.26968262
-19.490000000000002,0.26962063
-19.500000000000004,0.26955864
-19.51,0.2694967
-19.520000000000003,0.2694348
-19.53,0.26937288
-19.540000000000003,0.26931104
-19.55,0.26924923
-19.560000000000002,0.26918742
-19.57,0.26912564
-19.580000000000002,0.26906392
-19.590000000000003,0.2690022
-19.6,0.26894054
-19.610000000000003,0.26887888
-19.62,0.26881728
-19.630000000000003,0.2687557
-19.64,0.26869413
-19.650000000000002,0.26863265
-19.660000000000004,0.26857117
-19.67,0.2685097
-19.680000000000003,0.26844823
-19.69,0.26838684
-19.700000000000003,0.26832548
-19.71,0.26826417
-19.720000000000002,0.26820284
-19.73,0.26814157
-19.740000000000002,0.26808032
-19.750000000000004,0.2680191
-19.76,0.26795793
-19.770000000000003,0.26789677
-19.78,0.26783565
-19.790000000000003,0.26777455
-19.8,0.26771346
-19.810000000000002,0.26765242
-19.82,0.26759142
-19.830000000000002,0.26753047
-19.840000000000003,0.2674695
-19.85,0.2674086
-19.860000000000003,0.26734772
-19.87,0.26728687
-19.880000000000003,0.26722604
-19.89,0.26716524
-19.900000000000002,0.26710448
-19.910000000000004,0.26704374
-19.92,0.26698303
-19.930000000000003,0.26692235
-19.94,0.2668617
-19.950000000000003,0.2668011
-19.96,0.2667405
-19.970000000000002,0.26667994
-19.98,0.2666194
-19.990000000000002,0.26655892
-20.000000000000004,0.26649845
-20.01,0.26643804
-20.020000000000003,0.2663776
-20.03,0.26631722
-20.040000000000003,0.26625687
-20.05,0.26619658
-20.060000000000002,0.2661363
-20.07,0.26607603
-20.080000000000002,0.2660158
-20.090000000000003,0.26595563
-20.1,0.2658954
-20.110000000000003,0.2658353
-20.12,0.2657752
-20.130000000000003,0.26571512
-20.14,0.26565504
-20.150000000000002,0.26559502
-20.160000000000004,0.26553503
-20.17,0.2654751
-20.180000000000003,0.26541516
-20.19,0.26535526
-20.200000000000003,0.2652954
-20.21,0.2652355
-20.220000000000002,0.2651757
-20.23,0.26511595
-20.240000000000002,0.26505616
-20.250000000000004,0.26499647
-20.26,0.26493675
-20.270000000000003,0.26487708
-20.28,0.26481745
-20.290000000000003,0.26475784
-20.3,0.26469827
-20.310000000000002,0.26463875
-20.32,0.2645792
-20.330000000000002,0.2645197
-20.340000000000003,0.26446027
-20.35,0.2644008
-20.360000000000003,0.26434144
-20.37,0.26428205
-20.380000000000003,0.2642227
-20.39,0.26416337
-20.400000000000002,0.2641041
-20.410000000000004,0.26404485
-20.42,0.2639856
-20.430000000000003,0.26392642
-20.44,0.2638673
-20.450000000000003,0.26380813
-20.46,0.26374903
-20.470000000000002,0.26368994
-20.48,0.2636309
-20.490000000000002,0.26357186
-20.500000000000004,0.26351285
-20.51,0.2634539
-20.520000000000003,0.26339495
-20.53,0.2633361
-20.540000000000003,0.26327717
-20.55,0.26321834
-20.560000000000002,0.26315948
-20.57,0.26310074
-20.580000000000002,0.26304194
-20.590000000000003,0.26298323
-20.6,0.2629245
-20.610000000000003,0.26286587
-20.62,0.2628072
-20.630000000000003,0.2627486
-20.64,0.26269
-20.650000000000002,0.26263145
-20.660000000000004,0.26257288
-20.67,0.26251444
-20.680000000000003,0.2624559
-20.69,0.26239747
-20.700000000000003,0.26233912
-20.71,0.26228067
-20.720000000000002,0.26222232
-20.73,0.26216403
-20.740000000000002,0.2621057
-20.750000000000004,0.2620474
-20.76,0.2619892
-20.770000000000003,0.26193094
-20.78,0.2618728
-20.790000000000003,0.26181462
-20.8,0.26175648
-20.810000000000002,0.2616984
-20.82,0.26164034
-20.830000000000002,0.26158226
-20.840000000000003,0.26152426
-20.85,0.2614663
-20.860000000000003,0.2614083
-20.87,0.26135042
-20.880000000000003,0.2612925
-20.89,0.26123464
-20.900000000000002,0.2611768
-20.910000000000004,0.26111898
-20.92,0.2610612
-20.930000000000003,0.26100343
-20.94,0.26094568
-20.950000000000003,0.26088798
-20.96,0.26083034
-20.970000000000002,0.26077268
-20.98,0.26071507
-20.990000000000002,0.2606575
-21.000000000000004,0.2605999
-21.01,0.26054236
-21.020000000000003,0.26048487
-21.03,0.2604274
-21.040000000000003,0.26036996
-21.05,0.26031256
-21.060000000000002,0.26025513
-21.07,0.2601978
-21.080000000000002,0.26014048
-21.090000000000003,0.26008317
-21.1,0.26002592
-21.110000000000003,0.25996864
-21.12,0.25991142
-21.130000000000003,0.2598542
-21.14,0.25979704
-21.150000000000002,0.2597399
-21.160000000000004,0.2596828
-21.17,0.25962573
-21.180000000000003,0.25956866
-21.19,0.25951162
-21.200000000000003,0.25945467
-21.21,0.2593977
-21.220000000000002,0.25934076
-21.23,0.2592838
-21.240000000000002,0.25922695
-21.250000000000004,0.2591701
-21.26,0.25911325
-21.270000000000003,0.25905645
-21.28,0.25899968
-21.290000000000003,0.25894293
-21.3,0.25888622
-21.310000000000002,0.25882956
-21.32,0.25877288
-21.330000000000002,0.2587162
-21.340000000000003,0.25865963
-21.35,0.25860304
-21.360000000000003,0.25854653
-21.37,0.25848997
-21.380000000000003,0.25843352
-21.39,0.25837702
-21.400000000000002,0.2583206
-21.410000000000004,0.25826415
-21.42,0.2582078
-21.430000000000003,0.2581514
-21.44,0.2580951
-21.450000000000003,0.2580388
-21.46,0.25798255
-21.470000000000002,0.2579263
-21.48,0.25787005
-21.490000000000002,0.25781384
-21.500000000000004,0.25775772
-21.51,0.25770158
-21.520000000000003,0.25764546
-21.53,0.25758937
-21.540000000000003,0.25753334
-21.55,0.2574773
-21.560000000000002,0.2574213
-21.57,0.25736532
-21.580000000000002,0.25730938
-21.590000000000003,0.25725347
-21.6,0.2571976
-21.610000000000003,0.2571417
-21.62,0.25708592
-21.630000000000003,0.2570301
-21.64,0.2569743
-21.650000000000002,0.25691858
-21.660000000000004,0.25686282
-21.67,0.25680712
-21.680000000000003,0.25675148
-21.69,0.2566958
-21.700000000000003,0.25664017
-21.71,0.25658458
-21.720000000000002,0.25652906
-21.73,0.2564735
-21.740000000000002,0.25641802
-21.750000000000004,0.25636253
-21.76,0.25630707
-21.770000000000003,0.25625163
-21.78,0.25619623
-21.790000000000003,0.2561409
-21.8,0.25608554
-21.810000000000002,0.2560302
-21.82,0.25597495
-21.830000000000002,0.25591967
-21.840000000000003,0.25586444
-21.85,0.25580922
-21.860000000000003,0.255754
-21.87,0.2556989
-21.880000000000003,0.25564378
-21.89,0.25558865
-21.900000000000002,0.25553355
-21.910000000000004,0.25547853
-21.92,0.25542352
-21.930000000000003,0.2553685
-21.94,0.25531355
-21.950000000000003,0.2552586
-21.96,0.2552037
-21.970000000000002,0.25514883
-21.98,0.25509396
-21.990000000000002,0.25503913
-22.000000000000004,0.25498432
-22.01,0.25492954
-22.020000000000003,0.2548748
-22.03,0.25482005
-22.040000000000003,0.2547654
-22.05,0.2547107
-22.060000000000002,0.25465608
-22.07,0.25460142
-22.080000000000002,0.25454685
-22.090000000000003,0.25449228
-22.1,0.2544377
-22.110000000000003,0.25438324
-22.12,0.25432873
-22.130000000000003,0.25427428
-22.14,0.2542199
-22.150000000000002,0.25416547
-22.160000000000004,0.25411108
-22.17,0.25405675
-22.180000000000003,0.2540024
-22.19,0.2539481
-22.200000000000003,0.2538938
-22.21,0.25383958
-22.220000000000002,0.25378534
-22.23,0.25373116
-22.240000000000002,0.25367704
-22.250000000000004,0.2536229
-22.26,0.25356874
-22.270000000000003,0.25351468
-22.28,0.25346065
-22.290000000000003,0.25340655
-22.3,0.25335258
-22.310000000000002,0.2532986
-22.32,0.2532446
-22.330000000000002,0.25319073
-22.340000000000003,0.25313678
-22.35,0.25308293
-22.360000000000003,0.25302905
-22.37,0.25297529
-22.380000000000003,0.25292146
-22.39,0.2528677
-22.400000000000002,0.25281397
-22.410000000000004,0.25276026
-22.42,0.25270656
-22.430000000000003,0.25265282
-22.44,0.25259924
-22.450000000000003,0.25254562
-22.46,0.25249204
-22.470000000000002,0.25243846
-22.48,0.25238493
-22.490000000000002,0.2523314
-22.500000000000004,0.2522779
-22.51,0.25222445
-22.520000000000003,0.252171
-22.53,0.25211763
-22.540000000000003,0.25206426
-22.55,0.2520109
-22.560000000000002,0.2519576
-22.57,0.25190425
-22.580000000000002,0.25185096
-22.590000000000003,0.25179774
-22.6,0.2517445
-22.610000000000003,0.25169128
-22.62,0.25163814
-22.630000000000003,0.251585
-22.64,0.2515319
-22.650000000000002,0.2514788
-22.660000000000004,0.2514257
-22.67,0.25137267
-22.680000000000003,0.25131968
-22.69,0.25126666
-22.700000000000003,0.2512137
-22.71,0.25116077
-22.720000000000002,0.25110784
-22.73,0.25105497
-22.740000000000002,0.2510021
-22.750000000000004,0.2509493
-22.76,0.25089645
-22.770000000000003,0.25084367
-22.78,0.25079092
-22.790000000000003,0.25073817
-22.8,0.2506855
-22.810000000000002,0.25063276
-22.82,0.25058013
-22.830000000000002,0.2505275
-22.840000000000003,0.25047493
-22.85,0.2504223
-22.860000000000003,0.25036976
-22.87,0.25031722
-22.880000000000003,0.25026473
-22.89,0.25021225
-22.900000000000002,0.2501598
-22.910000000000004,0.25010735
-22.92,0.25005496
-22.930000000000003,0.2500026
-22.94,0.24995026
-22.950000000000003,0.24989791
-22.96,0.24984561
-22.970000000000002,0.24979334
-22.98,0.2497411
-22.990000000000002,0.24968886
-23.000000000000004,0.2496367
-23.01,0.24958447
-23.020000000000003,0.24953234
-23.03,0.24948023
-23.040000000000003,0.24942814
-23.05,0.2493761
-23.060000000000002,0.24932402
-23.07,0.24927202
-23.080000000000002,0.24922
-23.090000000000003,0.24916801
-23.1,0.24911611
-23.110000000000003,0.24906418
-23.12,0.24901228
-23.130000000000003,0.2489604
-23.14,0.24890855
-23.150000000000002,0.24885672
-23.160000000000004,0.24880494
-23.17,0.24875318
-23.180000000000003,0.24870141
-23.19,0.24864972
-23.200000000000003,0.24859802
-23.21,0.24854635
-23.220000000000002,0.2484947
-23.23,0.24844307
-23.240000000000002,0.2483915
-23.250000000000004,0.2483399
-23.26,0.24828838
-23.270000000000003,0.24823685
-23.28,0.24818537
-23.290000000000003,0.2481339
-23.3,0.24808243
-23.310000000000002,0.24803104
-23.32,0.2479796
-23.330000000000002,0.24792823
-23.340000000000003,0.24787694
-23.35,0.2478256
-23.360000000000003,0.24777429
-23.37,0.24772298
-23.380000000000003,0.2476718
-23.39,0.24762058
-23.400000000000002,0.24756938
-23.410000000000004,0.2475182
-23.42,0.24746704
-23.430000000000003,0.24741592
-23.44,0.24736483
-23.450000000000003,0.24731374
-23.46,0.24726273
-23.470000000000002,0.24721171
-23.48,0.2471607
-23.490000000000002,0.24710973
-23.500000000000004,0.24705876
-23.51,0.24700789
-23.520000000000003,0.24695693
-23.53,0.24690609
-23.540000000000003,0.24685523
-23.55,0.24680439
-23.560000000000002,0.24675362
-23.57,0.2467028
-23.580000000000002,0.24665207
-23.590000000000003,0.24660139
-23.6,0.24655068
-23.610000000000003,0.24649999
-23.62,0.2464493
-23.630000000000003,0.24639869
-23.64,0.24634808
-23.650000000000002,0.24629751
-23.660000000000004,0.24624696
-23.67,0.24619642
-23.680000000000003,0.24614589
-23.69,0.2460954
-23.700000000000003,0.24604498
-23.71,0.24599455
-23.720000000000002,0.24594414
-23.73,0.24589375
-23.740000000000002,0.2458434
-23.750000000000004,0.24579307
-23.76,0.24574274
-23.770000000000003,0.24569248
-23.78,0.2456422
-23.790000000000003,0.24559194
-23.8,0.24554175
-23.810000000000002,0.24549156
-23.82,0.24544138
-23.830000000000002,0.24539123
-23.840000000000003,0.24534112
-23.85,0.24529102
-23.860000000000003,0.24524094
-23.87,0.24519087
-23.880000000000003,0.2451409
-23.89,0.24509092
-23.900000000000002,0.24504092
-23.910000000000004,0.24499096
-23.92,0.24494106
-23.930000000000003,0.24489114
-23.94,0.24484129
-23.950000000000003,0.24479139
-23.96,0.2447416
-23.970000000000002,0.2446918
-23.98,0.24464199
-23.990000000000002,0.24459228
-24.000000000000004,0.24454252
-24.01,0.24449281
-24.020000000000003,0.24444312
-24.03,0.24439344
-24.040000000000003,0.24434382
-24.05,0.24429424
-24.060000000000002,0.24424464
-24.070000000000004,0.24419504
-24.080000000000002,0.24414551
-24.090000000000003,0.244096
-24.1,0.24404651
-24.110000000000003,0.24399702
-24.12,0.24394757
-24.130000000000003,0.24389817
-24.14,0.2438488
-24.150000000000002,0.2437994
-24.160000000000004,0.24375007
-24.17,0.24370074
-24.180000000000003,0.24365146
-24.19,0.24360217
-24.200000000000003,0.24355291
-24.21,0.24350369
-24.220000000000002,0.24345446
-24.23,0.24340527
-24.240000000000002,0.2433561
-24.250000000000004,0.24330696
-24.26,0.24325785
-24.270000000000003,0.24320877
-24.28,0.2431597
-24.290000000000003,0.24311063
-24.3,0.24306165
-24.310000000000002,0.2430126
-24.320000000000004,0.24296364
-24.330000000000002,0.24291472
-24.340000000000003,0.2428658
-24.35,0.2428169
-24.360000000000003,0.242768
-24.37,0.24271917
-24.380000000000003,0.24267033
-24.39,0.24262151
-24.400000000000002,0.24257271
-24.410000000000004,0.242524
-24.42,0.24247524
-24.430000000000003,0.24242653
-24.44,0.24237785
-24.450000000000003,0.2423292
-24.46,0.24228057
-24.470000000000002,0.24223194
-24.48,0.24218333
-24.490000000000002,0.24213476
-24.500000000000004,0.24208619
-24.51,0.24203768
-24.520000000000003,0.2419892
-24.53,0.24194069
-24.540000000000003,0.24189222
-24.55,0.24184379
-24.560000000000002,0.24179538
-24.570000000000004,0.24174702
-24.580000000000002,0.24169864
-24.590000000000003,0.24165028
-24.6,0.24160196
-24.610000000000003,0.2415537
-24.62,0.24150544
-24.630000000000003,0.24145716
-24.64,0.24140893
-24.650000000000002,0.24136074
-24.660000000000004,0.24131258
-24.67,0.2412644
-24.680000000000003,0.24121629
-24.69,0.24116813
-24.700000000000003,0.2411201
-24.71,0.24107198
-24.720000000000002,0.24102397
-24.73,0.24097595
-24.740000000000002,0.24092793
-24.750000000000004,0.24087998
-24.76,0.24083205
-24.770000000000003,0.24078412
-24.78,0.24073622
-24.790000000000003,0.24068834
-24.8,0.24064048
-24.810000000000002,0.24059261
-24.820000000000004,0.24054484
-24.830000000000002,0.24049705
-24.840000000000003,0.24044931
-24.85,0.24040158
-24.860000000000003,0.24035385
-24.87,0.24030615
-24.880000000000003,0.24025847
-24.89,0.24021079
-24.900000000000002,0.24016318
-24.910000000000004,0.2401156
-24.92,0.24006802
-24.930000000000003,0.24002042
-24.94,0.23997289
-24.950000000000003,0.2399254
-24.96,0.2398779
-24.970000000000002,0.23983045
-24.98,0.23978299
-24.990000000000002,0.23973557
-25.000000000000004,0.23968816
-25.01,0.23964076
-25.020000000000003,0.23959345
-25.03,0.2395461
-25.040000000000003,0.23949878
-25.05,0.23945151
-25.060000000000002,0.23940426
-25.070000000000004,0.239357
-25.080000000000002,0.2393098
-25.090000000000003,0.2392626
-25.1,0.23921542
-25.110000000000003,0.23916823
-25.12,0.23912114
-25.130000000000003,0.23907402
-25.14,0.23902692
-25.150000000000002,0.23897985
-25.160000000000004,0.23893285
-25.17,0.23888583
-25.180000000000003,0.23883884
-25.19,0.23879188
-25.200000000000003,0.23874491
-25.21,0.238698
-25.220000000000002,0.23865111
-25.23,0.2386042
-25.240000000000002,0.23855735
-25.250000000000004,0.23851053
-25.26,0.23846367
-25.270000000000003,0.2384169
-25.28,0.23837017
-25.290000000000003,0.2383234
-25.3,0.23827666
-25.310000000000002,0.23822993
-25.320000000000004,0.23818327
-25.330000000000002,0.2381366
-25.340000000000003,0.23808998
-25.35,0.23804338
-25.360000000000003,0.23799679
-25.37,0.2379502
-25.380000000000003,0.23790365
-25.39,0.23785713
-25.400000000000002,0.23781061
-25.410000000000004,0.23776412
-25.42,0.23771767
-25.430000000000003,0.23767126
-25.44,0.23762485
-25.450000000000003,0.23757847
-25.46,0.2375321
-25.470000000000002,0.23748574
-25.48,0.23743944
-25.490000000000002,0.23739311
-25.500000000000004,0.23734686
-25.51,0.23730053
-25.520000000000003,0.23725432
-25.53,0.2372081
-25.540000000000003,0.2371619
-25.55,0.23711576
-25.560000000000002,0.23706959
-25.570000000000004,0.23702349
-25.580000000000002,0.2369774
-25.590000000000003,0.23693128
-25.6,0.23688523
-25.610000000000003,0.23683919
-25.62,0.23679316
-25.630000000000003,0.23674713
-25.64,0.2367012
-25.650000000000002,0.23665527
-25.660000000000004,0.23660931
-25.67,0.2365634
-25.680000000000003,0.23651753
-25.69,0.23647165
-25.700000000000003,0.23642579
-25.71,0.23638003
-25.720000000000002,0.23633419
-25.73,0.23628841
-25.740000000000002,0.23624265
-25.750000000000004,0.2361969
-25.76,0.23615123
-25.770000000000003,0.23610552
-25.78,0.23605987
-25.790000000000003,0.23601423
-25.8,0.23596857
-25.810000000000002,0.235923
-25.820000000000004,0.2358774
-25.830000000000002,0.23583183
-25.840000000000003,0.23578632
-25.85,0.23574077
-25.860000000000003,0.23569529
-25.87,0.23564981
-25.880000000000003,0.23560439
-25.89,0.23555893
-25.900000000000002,0.23551352
-25.910000000000004,0.23546813
-25.92,0.23542278
-25.930000000000003,0.23537745
-25.94,0.23533215
-25.950000000000003,0.23528679
-25.96,0.23524155
-25.970000000000002,0.23519629
-25.98,0.23515104
-25.990000000000002,0.23510583
-26.000000000000004,0.23506063
-26.01,0.23501547
-26.020000000000003,0.23497029
-26.03,0.23492518
-26.040000000000003,0.23488007
-26.05,0.23483497
-26.060000000000002,0.23478991
-26.070000000000004,0.23474488
-26.080000000000002,0.23469988
-26.090000000000003,0.23465487
-26.1,0.23460984
-26.110000000000003,0.23456496
-26.12,0.23451999
-26.130000000000003,0.23447506
-26.14,0.23443016
-26.150000000000002,0.2343853
-26.160000000000004,0.23434043
-26.17,0.2342956
-26.180000000000003,0.23425083
-26.19,0.234206
-26.200000000000003,0.23416123
-26.21,0.23411655
-26.220000000000002,0.2340718
-26.23,0.23402709
-26.240000000000002,0.2339824
-26.250000000000004,0.23393771
-26.26,0.23389311
-26.270000000000003,0.23384848
-26.28,0.23380387
-26.290000000000003,0.23375931
-26.3,0.23371476
-26.310000000000002,0.23367023
-26.320000000000004,0.2336257
-26.330000000000002,0.23358123
-26.340000000000003,0.23353678
-26.35,0.23349229
-26.360000000000003,0.23344786
-26.37,0.23340344
-26.380000000000003,0.2333591
-26.39,0.2333147
-26.400000000000002,0.23327038
-26.410000000000004,0.23322606
-26.42,0.23318173
-26.430000000000003,0.23313744
-26.44,0.2330932
-26.450000000000003,0.23304896
-26.46,0.23300476
-26.470000000000002,0.23296052
-26.48,0.23291637
-26.490000000000002,0.23287223
-26.500000000000004,0.23282808
-26.51,0.23278396
-26.520000000000003,0.23273987
-26.53,0.23269577
-26.540000000000003,0.23265174
-26.55,0.2326077
-26.560000000000002,0.2325637
-26.570000000000004,0.23251972
-26.580000000000002,0.23247573
-26.590000000000003,0.2324318
-26.6,0.23238787
-26.610000000000003,0.23234397
-26.62,0.23230006
-26.630000000000003,0.2322562
-26.64,0.23221235
-26.650000000000002,0.23216854
-26.660000000000004,0.23212473
-26.67,0.23208098
-26.680000000000003,0.23203717
-26.69,0.23199344
-26.700000000000003,0.23194973
-26.71,0.23190604
-26.720000000000002,0.23186235
-26.73,0.2318187
-26.740000000000002,0.23177505
-26.750000000000004,0.23173141
-26.76,0.23168786
-26.770000000000003,0.23164426
-26.78,0.23160075
-26.790000000000003,0.23155718
-26.8,0.23151368
-26.810000000000002,0.23147017
-26.820000000000004,0.23142672
-26.830000000000002,0.23138323
-26.840000000000003,0.23133981
-26.85,0.23129636
-26.860000000000003,0.23125301
-26.87,0.23120964
-26.880000000000003,0.2311663
-26.89,0.23112297
-26.900000000000002,0.23107964
-26.910000000000004,0.23103634
-26.92,0.23099309
-26.930000000000003,0.23094982
-26.94,0.23090662
-26.950000000000003,0.23086339
-26.96,0.23082022
-26.970000000000002,0.23077706
-26.98,0.2307339
-26.990000000000002,0.23069075
-27.000000000000004,0.23064767
-27.01,0.2306046
-27.020000000000003,0.2305615
-27.03,0.23051848
-27.040000000000003,0.23047544
-27.05,0.23043244
-27.060000000000002,0.23038948
-27.070000000000004,0.23034647
-27.080000000000002,0.23030356
-27.090000000000003,0.2302606
-27.1,0.23021773
-27.110000000000003,0.23017482
-27.12,0.23013197
-27.130000000000003,0.23008913
-27.14,0.23004629
-27.150000000000002,0.23000354
-27.160000000000004,0.22996072
-27.17,0.22991794
-27.180000000000003,0.22987518
-27.19,0.2298325
-27.200000000000003,0.2297898
-27.21,0.22974715
-27.220000000000002,0.22970445
-27.23,0.22966179
-27.240000000000002,0.2296192
-27.250000000000004,0.22957656
-27.26,0.22953402
-27.270000000000003,0.22949144
-27.28,0.2294489
-27.290000000000003,0.22940637
-27.3,0.22936387
-27.310000000000002,0.2293214
-27.320000000000004,0.22927892
-27.330000000000002,0.2292365
-27.340000000000003,0.22919407
-27.35,0.22915165
-27.360000000000003,0.22910927
-27.37,0.22906692
-27.380000000000003,0.22902459
-27.39,0.22898225
-27.400000000000002,0.22893995
-27.410000000000004,0.22889769
-27.42,0.22885543
-27.430000000000003,0.22881316
-27.44,0.22877093
-27.450000000000003,0.22872876
-27.46,0.22868657
-27.470000000000002,0.2286444
-27.48,0.22860226
-27.490000000000002,0.22856013
-27.500000000000004,0.22851802
-27.51,0.2284759
-27.520000000000003,0.22843385
-27.53,0.22839181
-27.540000000000003,0.22834978
-27.55,0.2283078
-27.560000000000002,0.22826582
-27.570000000000004,0.22822383
-27.580000000000002,0.22818187
-27.590000000000003,0.22813997
-27.6,0.22809806
-27.610000000000003,0.22805613
-27.62,0.22801425
-27.630000000000003,0.22797245
-27.64,0.2279306
-27.650000000000002,0.2278888
-27.660000000000004,0.22784707
-27.67,0.22780523
-27.680000000000003,0.22776349
-27.69,0.22772177
-27.700000000000003,0.22768003
-27.71,0.22763836
-27.720000000000002,0.22759667
-27.73,0.22755499
-27.740000000000002,0.22751337
-27.750000000000004,0.22747177
-27.76,0.2274302
-27.770000000000003,0.22738859
-27.78,0.22734705
-27.790000000000003,0.22730552
-27.8,0.22726399
-27.810000000000002,0.22722247
-27.820000000000004,0.22718099
-27.830000000000002,0.22713953
-27.840000000000003,0.22709809
-27.85,0.22705668
-27.860000000000003,0.22701529
-27.87,0.22697392
-27.880000000000003,0.22693253
-27.89,0.22689122
-27.900000000000002,0.22684991
-27.910000000000004,0.22680855
-27.92,0.22676724
-27.930000000000003,0.22672603
-27.94,0.2266848
-27.950000000000003,0.2266435
-27.96,0.22660233
-27.970000000000002,0.22656114
-27.98,0.22651999
-27.990000000000002,0.22647883
-28.000000000000004,0.22643767
-28.01,0.22639662
-28.020000000000003,0.22635552
-28.03,0.22631443
-28.040000000000003,0.22627336
-28.05,0.22623235
-28.060000000000002,0.22619134
-28.070000000000004,0.22615033
-28.080000000000002,0.22610934
-28.090000000000003,0.22606839
-28.1,0.22602744
-28.110000000000003,0.22598654
-28.12,0.22594564
-28.130000000000003,0.22590475
-28.14,0.22586389
-28.150000000000002,0.22582306
-28.160000000000004,0.22578222
-28.17,0.22574145
-28.180000000000003,0.2257006
-28.19,0.22565985
-28.200000000000003,0.22561912
-28.21,0.22557837
-28.220000000000002,0.22553766
-28.23,0.225497
-28.240000000000002,0.22545628
-28.250000000000004,0.22541566
-28.26,0.22537501
-28.270000000000003,0.22533442
-28.28,0.2252938
-28.290000000000003,0.2252532
-28.3,0.22521266
-28.310000000000002,0.22517213
-28.320000000000004,0.2251316
-28.330000000000002,0.2250911
-28.340000000000003,0.22505063
-28.35,0.22501017
-28.360000000000003,0.22496973
-28.37,0.22492927
-28.380000000000003,0.22488889
-28.39,0.2248485
-28.400000000000002,0.2248081
-28.410000000000004,0.22476776
-28.42,0.22472744
-28.430000000000003,0.22468711
-28.44,0.22464684
-28.450000000000003,0.22460654
-28.46,0.22456634
-28.470000000000002,0.22452606
-28.48,0.22448581
-28.490000000000002,0.22444564
-28.500000000000004,0.22440544
-28.51,0.22436528
-28.520000000000003,0.22432512
-28.53,0.22428499
-28.540000000000003,0.22424488
-28.55,0.22420482
-28.560000000000002,0.22416475
-28.570000000000004,0.22412467
-28.580000000000002,0.22408468
-28.590000000000003,0.2240446
-28.6,0.2240046
-28.610000000000003,0.22396463
-28.62,0.22392468
-28.630000000000003,0.22388476
-28.64,0.22384483
-28.650000000000002,0.2238049
-28.660000000000004,0.22376506
-28.67,0.22372517
-28.680000000000003,0.22368531
-28.69,0.22364548
-28.700000000000003,0.22360572
-28.71,0.22356589
-28.720000000000002,0.22352609
-28.73,0.22348636
-28.740000000000002,0.2234466
-28.750000000000004,0.2234069
-28.76,0.2233672
-28.770000000000003,0.22332752
-28.78,0.22328785
-28.790000000000003,0.22324818
-28.8,0.22320858
-28.810000000000002,0.22316897
-28.820000000000004,0.22312938
-28.830000000000002,0.22308978
-28.840000000000003,0.22305025
-28.85,0.22301072
-28.860000000000003,0.2229712
-28.87,0.2229317
-28.880000000000003,0.22289222
-28.89,0.22285277
-28.900000000000002,0.22281331
-28.910000000000004,0.22277388
-28.92,0.22273451
-28.930000000000003,0.22269511
-28.94,0.22265573
-28.950000000000003,0.22261634
-28.96,0.22257704
-28.970000000000002,0.22253774
-28.98,0.22249842
-28.990000000000002,0.22245912
-29.000000000000004,0.22241992
-29.01,0.22238062
-29.020000000000003,0.22234143
-29.03,0.2223022
-29.040000000000003,0.22226305
-29.05,0.22222385
-29.060000000000002,0.22218467
-29.070000000000004,0.22214556
-29.080000000000002,0.22210646
-29.090000000000003,0.22206734
-29.1,0.22202826
-29.110000000000003,0.2219892
-29.12,0.22195014
-29.130000000000003,0.2219111
-29.14,0.22187212
-29.150000000000002,0.22183317
-29.160000000000004,0.22179419
-29.17,0.22175522
-29.180000000000003,0.22171628
-29.19,0.22167736
-29.200000000000003,0.22163844
-29.21,0.22159956
-29.220000000000002,0.22156075
-29.23,0.22152188
-29.240000000000002,0.22148304
-29.250000000000004,0.22144422
-29.26,0.22140545
-29.270000000000003,0.22136667
-29.28,0.22132793
-29.290000000000003,0.22128917
-29.3,0.22125047
-29.310000000000002,0.22121176
-29.320000000000004,0.22117306
-29.330000000000002,0.22113442
-29.340000000000003,0.22109576
-29.35,0.22105709
-29.360000000000003,0.22101851
-29.37,0.22097991
-29.380000000000003,0.22094136
-29.39,0.22090277
-29.400000000000002,0.22086425
-29.410000000000004,0.22082573
-29.42,0.22078723
-29.430000000000003,0.2207487
-29.44,0.22071026
-29.450000000000003,0.22067179
-29.46,0.22063336
-29.470000000000002,0.22059497
-29.48,0.22055654
-29.490000000000002,0.22051817
-29.500000000000004,0.22047977
-29.51,0.22044146
-29.520000000000003,0.22040313
-29.53,0.2203648
-29.540000000000003,0.2203265
-29.55,0.22028825
-29.560000000000002,0.22024998
-29.570000000000004,0.22021174
-29.580000000000002,0.22017351
-29.590000000000003,0.2201353
-29.6,0.22009712
-29.610000000000003,0.22005892
-29.62,0.22002077
-29.630000000000003,0.21998268
-29.64,0.21994455
-29.650000000000002,0.21990643
-29.660000000000004,0.21986833
-29.67,0.2198303
-29.680000000000003,0.21979222
-29.69,0.21975419
-29.700000000000003,0.2197162
-29.71,0.21967821
-29.720000000000002,0.21964025
-29.73,0.21960227
-29.740000000000002,0.2195643
-29.750000000000004,0.2195264
-29.76,0.2194885
-29.770000000000003,0.2194506
-29.78,0.21941273
-29.790000000000003,0.21937487
-29.8,0.21933705
-29.810000000000002,0.21929921
-29.820000000000004,0.21926144
-29.830000000000002,0.21922363
-29.840000000000003,0.21918584
-29.85,0.2191481
-29.860000000000003,0.21911034
-29.87,0.21907267
-29.880000000000003,0.21903498
-29.89,0.21899728
-29.900000000000002,0.21895963
-29.910000000000004,0.21892199
-29.92,0.21888436
-29.930000000000003,0.21884674
-29.94,0.21880911
-29.950000000000003,0.21877152
-29.96,0.21873397
-29.970000000000002,0.21869645
-29.98,0.21865892
-29.990000000000002,0.2186214
-30.000000000000004,0.21858391
-30.01,0.21854647
-30.020000000000003,0.218509
-30.03,0.21847157
-30.040000000000003,0.21843413
-30.05,0.2183967
-30.060000000000002,0.21835935
-30.070000000000004,0.21832198
-30.080000000000002,0.21828458
-30.090000000000003,0.21824728
-30.1,0.21820992
-30.110000000000003,0.21817264
-30.12,0.21813536
-30.130000000000003,0.21809809
-30.14,0.21806082
-30.150000000000002,0.21802363
-30.160000000000004,0.21798636
-30.17,0.21794917
-30.180000000000003,0.217912
-30.19,0.21787485
-30.200000000000003,0.21783769
-30.21,0.21780054
-30.220000000000002,0.21776344
-30.23,0.21772632
-30.240000000000002,0.21768928
-30.250000000000004,0.2176522
-30.26,0.21761516
-30.270000000000003,0.21757811
-30.28,0.21754111
-30.290000000000003,0.21750408
-30.3,0.2174671
-30.310000000000002,0.21743016
-30.320000000000004,0.21739322
-30.330000000000002,0.2173563
-30.340000000000003,0.2173194
-30.35,0.21728246
-30.360000000000003,0.21724561
-30.37,0.21720877
-30.380000000000003,0.21717189
-30.39,0.21713504
-30.400000000000002,0.21709828
-30.410000000000004,0.21706147
-30.42,0.21702471
-30.430000000000003,0.21698791
-30.44,0.21695118
-30.450000000000003,0.21691443
-30.46,0.21687776
-30.470000000000002,0.21684107
-30.48,0.21680439
-30.490000000000002,0.21676768
-30.500000000000004,0.21673112
-30.51,0.21669446
-30.520000000000003,0.21665783
-30.53,0.21662124
-30.540000000000003,0.21658468
-30.55,0.21654816
-30.560000000000002,0.2165116
-30.570000000000004,0.21647507
-30.580000000000002,0.21643852
-30.590000000000003,0.21640205
-30.6,0.21636559
-30.610000000000003,0.21632911
-30.62,0.21629268
-30.630000000000003,0.21625629
-30.64,0.21621984
-30.650000000000002,0.21618344
-30.660000000000004,0.21614707
-30.67,0.21611069
-30.680000000000003,0.21607436
-30.69,0.21603805
-30.700000000000003,0.21600173
-30.71,0.21596542
-30.720000000000002,0.21592917
-30.73,0.21589294
-30.740000000000002,0.21585669
-30.750000000000004,0.21582048
-30.76,0.21578425
-30.770000000000003,0.21574801
-30.78,0.21571188
-30.790000000000003,0.21567568
-30.8,0.21563956
-30.810000000000002,0.21560344
-30.820000000000004,0.21556735
-30.830000000000002,0.21553123
-30.840000000000003,0.2154952
-30.85,0.2154591
-30.860000000000003,0.215423
-30.87,0.21538699
-30.880000000000003,0.215351
-30.89,0.21531498
-30.900000000000002,0.21527901
-30.910000000000004,0.21524306
-30.92,0.2152071
-30.930000000000003,0.21517116
-30.94,0.21513525
-30.950000000000003,0.21509936
-30.96,0.21506345
-30.970000000000002,0.21502763
-30.980000000000004,0.21499175
-30.990000000000002,0.21495596
-31.000000000000004,0.2149201
-31.01,0.21488434
-31.020000000000003,0.21484853
-31.03,0.21481276
-31.040000000000003,0.21477702
-31.05,0.21474127
-31.060000000000002,0.21470559
-31.070000000000004,0.21466985
-31.080000000000002,0.21463418
-31.090000000000003,0.21459849
-31.1,0.21456286
-31.110000000000003,0.21452723
-31.12,0.21449159
-31.130000000000003,0.21445599
-31.14,0.21442044
-31.150000000000002,0.21438484
-31.160000000000004,0.21434927
-31.17,0.21431372
-31.180000000000003,0.2142782
-31.19,0.21424271
-31.200000000000003,0.21420723
-31.21,0.21417171
-31.220000000000002,0.21413629
-31.230000000000004,0.21410082
-31.240000000000002,0.21406543
-31.250000000000004,0.21403
-31.26,0.21399459
-31.270000000000003,0.21395922
-31.28,0.21392387
-31.290000000000003,0.21388853
-31.3,0.21385318
-31.310000000000002,0.21381788
-31.320000000000004,0.21378255
-31.330000000000002,0.21374726
-31.340000000000003,0.213712
-31.35,0.21367675
-31.360000000000003,0.21364152
-31.37,0.21360633
-31.380000000000003,0.2135711
-31.39,0.21353595
-31.400000000000002,0.21350075
-31.410000000000004,0.2134656
-31.42,0.21343043
-31.430000000000003,0.21339533
-31.44,0.21336022
-31.450000000000003,0.2133251
-31.46,0.21329005
-31.470000000000002,0.21325503
-31.480000000000004,0.21321996
-31.490000000000002,0.21318492
-31.500000000000004,0.21314988
-31.51,0.21311492
-31.520000000000003,0.21307994
-31.53,0.21304494
-31.540000000000003,0.21300998
-31.55,0.21297508
-31.560000000000002,0.21294017
-31.570000000000004,0.21290526
-31.580000000000002,0.21287036
-31.590000000000003,0.2128355
-31.6,0.21280067
-31.610000000000003,0.2127658
-31.62,0.21273096
-31.630000000000003,0.21269618
-31.64,0.2126614
-31.650000000000002,0.21262664
-31.660000000000004,0.21259189
-31.67,0.2125571
-31.680000000000003,0.2125224
-31.69,0.21248767
-31.700000000000003,0.21245298
-31.71,0.2124183
-31.720000000000002,0.21238366
-31.730000000000004,0.21234897
-31.740000000000002,0.21231438
-31.750000000000004,0.2122797
-31.76,0.21224514
-31.770000000000003,0.21221057
-31.78,0.21217594
-31.790000000000003,0.21214141
-31.8,0.21210688
-31.810000000000002,0.21207236
-31.820000000000004,0.21203786
-31.830000000000002,0.21200335
-31.840000000000003,0.21196888
-31.85,0.21193442
-31.860000000000003,0.21190001
-31.87,0.21186553
-31.880000000000003,0.21183112
-31.89,0.21179673
-31.900000000000002,0.21176235
-31.910000000000004,0.21172795
-31.92,0.21169361
-31.930000000000003,0.21165925
-31.94,0.21162494
-31.950000000000003,0.21159063
-31.96,0.21155636
-31.970000000000002,0.2115221
-31.980000000000004,0.2114878
-31.990000000000002,0.21145357
-32.0,0.21141936
-32.01,0.21138516
-32.019999999999996,0.21135093
-32.03,0.21131676
-32.04,0.21128258
-32.05,0.21124846
-32.059999999999995,0.2112143
-32.07,0.2111802
-32.08,0.21114607
-32.089999999999996,0.21111198
-32.1,0.2110779
-32.11,0.21104386
-32.12,0.21100982
-32.129999999999995,0.21097577
-32.14,0.21094178
-32.15,0.21090774
-32.16,0.21087378
-32.17,0.21083981
-32.18,0.21080586
-32.19,0.21077192
-32.199999999999996,0.21073797
-32.21,0.21070409
-32.22,0.21067022
-32.23,0.21063632
-32.24,0.21060248
-32.25,0.2105686
-32.26,0.2105348
-32.269999999999996,0.21050099
-32.28,0.2104672
-32.29,0.21043336
-32.3,0.21039958
-32.309999999999995,0.21036586
-32.32,0.21033211
-32.33,0.2102984
-32.339999999999996,0.21026468
-32.35,0.21023098
-32.36,0.21019731
-32.37,0.21016367
-32.379999999999995,0.21013
-32.39,0.21009637
-32.4,0.21006276
-32.41,0.21002914
-32.42,0.20999557
-32.43,0.20996198
-32.44,0.20992841
-32.449999999999996,0.20989485
-32.46,0.20986134
-32.47,0.20982784
-32.48,0.20979434
-32.49,0.20976083
-32.5,0.20972744
-32.51,0.20969395
-32.519999999999996,0.20966047
-32.53,0.2096271
-32.54,0.20959368
-32.55,0.20956028
-32.559999999999995,0.20952688
-32.57,0.20949356
-32.58,0.20946017
-32.589999999999996,0.20942688
-32.6,0.20939353
-32.61,0.20936026
-32.62,0.20932694
-32.629999999999995,0.20929366
-32.64,0.2092604
-32.65,0.20922717
-32.66,0.20919393
-32.67,0.20916073
-32.68,0.20912755
-32.69,0.20909435
-32.699999999999996,0.20906118
-32.71,0.209028
-32.72,0.20899485
-32.73,0.20896178
-32.74,0.20892866
-32.75,0.20889553
-32.76,0.20886245
-32.769999999999996,0.20882943
-32.78,0.20879635
-32.79,0.20876333
-32.8,0.2087303
-32.809999999999995,0.20869729
-32.82,0.2086643
-32.83,0.20863134
-32.839999999999996,0.20859835
-32.85,0.20856543
-32.86,0.20853247
-32.87,0.20849954
-32.879999999999995,0.20846666
-32.89,0.20843379
-32.9,0.20840089
-32.91,0.20836805
-32.92,0.20833519
-32.93,0.20830238
-32.94,0.20826954
-32.949999999999996,0.20823675
-32.96,0.208204
-32.97,0.20817119
-32.98,0.20813842
-32.99,0.20810568
-33.0,0.20807296
-33.01,0.2080403
-33.019999999999996,0.20800757
-33.03,0.2079749
-33.04,0.20794219
-33.05,0.2079096
-33.059999999999995,0.20787692
-33.07,0.20784432
-33.08,0.20781168
-33.089999999999996,0.20777911
-33.1,0.20774655
-33.11,0.20771399
-33.12,0.2076814
-33.129999999999995,0.20764886
-33.14,0.20761633
-33.15,0.20758383
-33.16,0.20755132
-33.17,0.20751886
-33.18,0.20748639
-33.19,0.20745397
-33.199999999999996,0.20742153
-33.21,0.20738907
-33.22,0.20735668
-33.23,0.20732428
-33.24,0.20729189
-33.25,0.20725957
-33.26,0.2072272
-33.269999999999996,0.20719485
-33.28,0.20716254
-33.29,0.20713024
-33.3,0.20709798
-33.309999999999995,0.20706567
-33.32,0.20703343
-33.33,0.20700118
-33.339999999999996,0.2069689
-33.35,0.20693672
-33.36,0.20690452
-33.37,0.20687231
-33.379999999999995,0.20684014
-33.39,0.20680797
-33.4,0.20677584
-33.41,0.20674367
-33.42,0.20671158
-33.43,0.20667946
-33.44,0.20664737
-33.449999999999996,0.2066153
-33.46,0.20658326
-33.47,0.2065512
-33.48,0.20651917
-33.49,0.20648713
-33.5,0.20645516
-33.51,0.20642315
-33.519999999999996,0.20639119
-33.53,0.20635922
-33.54,0.20632726
-33.55,0.20629537
-33.559999999999995,0.20626342
-33.57,0.2062315
-33.58,0.20619959
-33.589999999999996,0.20616773
-33.6,0.20613587
-33.61,0.20610403
-33.62,0.20607221
-33.629999999999995,0.20604038
-33.64,0.20600857
-33.65,0.20597675
-33.66,0.20594499
-33.67,0.20591322
-33.68,0.20588149
-33.69,0.20584977
-33.699999999999996,0.205818
-33.71,0.2057863
-33.72,0.2057546
-33.73,0.20572294
-33.74,0.20569126
-33.75,0.20565963
-33.76,0.20562796
-33.769999999999996,0.20559637
-33.78,0.20556475
-33.79,0.20553312
-33.8,0.20550156
-33.809999999999995,0.20546995
-33.82,0.20543844
-33.83,0.20540689
-33.839999999999996,0.20537539
-33.85,0.20534386
-33.86,0.20531237
-33.87,0.20528089
-33.879999999999995,0.20524943
-33.89,0.205218
-33.9,0.20518653
-33.91,0.20515509
-33.92,0.20512371
-33.93,0.20509227
-33.94,0.2050609
-33.949999999999996,0.20502949
-33.96,0.20499814
-33.97,0.20496681
-33.98,0.2049355
-33.99,0.20490418
-34.0,0.20487286
-34.01,0.2048416
-34.019999999999996,0.20481026
-34.03,0.20477906
-34.04,0.2047478
-34.05,0.20471655
-34.059999999999995,0.20468536
-34.07,0.20465414
-34.08,0.20462294
-34.089999999999996,0.20459181
-34.1,0.20456061
-34.11,0.20452945
-34.12,0.20449832
-34.129999999999995,0.20446719
-34.14,0.20443608
-34.15,0.20440497
-34.16,0.20437393
-34.17,0.20434284
-34.18,0.20431176
-34.19,0.20428073
-34.199999999999996,0.20424972
-34.21,0.20421872
-34.22,0.20418769
-34.23,0.20415668
-34.24,0.20412572
-34.25,0.20409474
-34.26,0.20406386
-34.269999999999996,0.2040329
-34.28,0.204002
-34.29,0.20397109
-34.3,0.20394017
-34.31,0.20390931
-34.32,0.20387846
-34.33,0.20384762
-34.339999999999996,0.20381677
-34.35,0.20378594
-34.36,0.20375514
-34.37,0.20372431
-34.379999999999995,0.20369357
-34.39,0.2036628
-34.4,0.20363203
-34.41,0.2036013
-34.42,0.2035706
-34.43,0.20353985
-34.44,0.20350915
-34.449999999999996,0.20347847
-34.46,0.2034478
-34.47,0.20341714
-34.48,0.20338647
-34.49,0.20335585
-34.5,0.20332521
-34.51,0.20329462
-34.519999999999996,0.20326403
-34.53,0.20323348
-34.54,0.20320289
-34.55,0.20317233
-34.56,0.20314178
-34.57,0.2031113
-34.58,0.20308076
-34.589999999999996,0.20305029
-34.6,0.20301984
-34.61,0.20298931
-34.62,0.20295887
-34.629999999999995,0.20292841
-34.64,0.20289797
-34.65,0.20286755
-34.66,0.20283715
-34.67,0.2028068
-34.68,0.20277642
-34.69,0.20274603
-34.699999999999996,0.20271565
-34.71,0.20268536
-34.72,0.20265502
-34.73,0.20262468
-34.74,0.20259438
-34.75,0.20256414
-34.76,0.20253389
-34.769999999999996,0.2025036
-34.78,0.20247334
-34.79,0.20244312
-34.8,0.20241292
-34.81,0.20238267
-34.82,0.20235252
-34.83,0.20232232
-34.839999999999996,0.20229214
-34.85,0.20226201
-34.86,0.20223182
-34.87,0.20220174
-34.879999999999995,0.20217165
-34.89,0.20214154
-34.9,0.20211144
-34.91,0.20208137
-34.92,0.20205134
-34.93,0.20202127
-34.94,0.20199123
-34.949999999999996,0.20196123
-34.96,0.20193122
-34.97,0.20190121
-34.98,0.20187125
-34.99,0.20184128
-35.0,0.20181128
-35.01,0.20178139
-35.019999999999996,0.20175147
-35.03,0.20172155
-35.04,0.20169167
-35.05,0.20166175
-35.06,0.20163189
-35.07,0.20160203
-35.08,0.20157215
-35.089999999999996,0.20154233
-35.1,0.20151252
-35.11,0.2014827
-35.12,0.20145294
-35.129999999999995,0.20142311
-35.14,0.20139334
-35.15,0.20136356
-35.16,0.20133385
-35.17,0.20130415
-35.18,0.20127438
-35.19,0.20124467
-35.199999999999996,0.20121497
-35.21,0.20118532
-35.22,0.20115566
-35.23,0.201126
-35.24,0.20109634
-35.25,0.20106673
-35.26,0.20103712
-35.269999999999996,0.20100749
-35.28,0.20097792
-35.29,0.20094834
-35.3,0.20091882
-35.31,0.20088924
-35.32,0.2008597
-35.33,0.20083016
-35.339999999999996,0.20080066
-35.35,0.20077115
-35.36,0.20074168
-35.37,0.20071216
-35.379999999999995,0.20068276
-35.39,0.2006533
-35.4,0.20062383
-35.41,0.20059447
-35.42,0.20056504
-35.43,0.20053566
-35.44,0.20050624
-35.449999999999996,0.2004769
-35.46,0.20044753
-35.47,0.2004182
-35.48,0.20038885
-35.49,0.20035954
-35.5,0.20033024
-35.51,0.20030096
-35.519999999999996,0.20027165
-35.53,0.20024243
-35.54,0.20021313
-35.55,0.2001839
-35.56,0.20015469
-35.57,0.20012543
-35.58,0.20009626
-35.589999999999996,0.20006709
-35.6,0.2000379
-35.61,0.2000087
-35.62,0.19997954
-35.629999999999995,0.19995043
-35.64,0.19992131
-35.65,0.19989216
-35.66,0.19986306
-35.67,0.19983405
-35.68,0.1998049
-35.69,0.19977582
-35.699999999999996,0.1997468
-35.71,0.19971779
-35.72,0.19968873
-35.73,0.1996597
-35.74,0.1996307
-35.75,0.19960171
-35.76,0.19957274
-35.769999999999996,0.19954376
-35.78,0.19951485
-35.79,0.1994859
-35.8,0.19945699
-35.81,0.19942804
-35.82,0.19939914
-35.83,0.19937027
-35.839999999999996,0.19934139
-35.85,0.19931255
-35.86,0.19928366
-35.87,0.19925486
-35.879999999999995,0.19922602
-35.89,0.19919722
-35.9,0.19916838
-35.91,0.19913964
-35.92,0.19911087
-35.93,0.19908208
-35.94,0.19905332
-35.949999999999996,0.19902462
-35.96,0.19899589
-35.97,0.19896719
-35.98,0.19893841
-35.99,0.19890976
-36.0,0.19888109
-36.01,0.19885245
-36.019999999999996,0.19882375
-36.03,0.19879518
-36.04,0.19876651
-36.05,0.19873792
-36.06,0.19870928
-36.07,0.19868074
-36.08,0.19865213
-36.089999999999996,0.19862357
-36.1,0.19859505
-36.11,0.19856647
-36.12,0.19853796
-36.129999999999995,0.19850944
-36.14,0.198481
-36.15,0.19845249
-36.16,0.19842398
-36.17,0.19839554
-36.18,0.19836707
-36.19,0.19833861
-36.199999999999996,0.19831018
-36.21,0.1982818
-36.22,0.19825336
-36.23,0.19822499
-36.24,0.19819662
-36.25,0.19816825
-36.26,0.1981399
-36.269999999999996,0.19811153
-36.28,0.1980832
-36.29,0.19805488
-36.3,0.1980266
-36.31,0.19799834
-36.32,0.19797003
-36.33,0.19794175
-36.339999999999996,0.1979135
-36.35,0.19788527
-36.36,0.197857
-36.37,0.19782883
-36.379999999999995,0.1978006
-36.39,0.19777241
-36.4,0.19774425
-36.41,0.19771607
-36.42,0.1976879
-36.43,0.19765973
-36.44,0.19763161
-36.449999999999996,0.1976035
-36.46,0.19757542
-36.47,0.19754726
-36.48,0.1975192
-36.49,0.19749114
-36.5,0.19746308
-36.51,0.19743505
-36.519999999999996,0.19740699
-36.53,0.19737898
-36.54,0.19735098
-36.55,0.19732298
-36.56,0.19729498
-36.57,0.197267
-36.58,0.19723903
-36.589999999999996,0.19721109
-36.6,0.1971831
-36.61,0.19715518
-36.62,0.19712727
-36.629999999999995,0.1970994
-36.64,0.19707152
-36.65,0.1970436
-36.66,0.19701576
-36.67,0.1969879
-36.68,0.19696005
-36.69,0.19693223
-36.699999999999996,0.19690436
-36.71,0.19687657
-36.72,0.19684881
-36.73,0.19682102
-36.74,0.19679323
-36.75,0.1967655
-36.76,0.19673772
-36.769999999999996,0.19670999
-36.78,0.19668227
-36.79,0.19665453
-36.8,0.19662684
-36.81,0.19659913
-36.82,0.1965715
-36.83,0.19654383
-36.839999999999996,0.19651613
-36.85,0.19648853
-36.86,0.19646087
-36.87,0.19643328
-36.879999999999995,0.19640565
-36.89,0.19637808
-36.9,0.19635049
-36.91,0.19632293
-36.92,0.19629535
-36.93,0.19626784
-36.94,0.19624028
-36.949999999999996,0.19621277
-36.96,0.19618526
-36.97,0.19615774
-36.98,0.19613025
-36.99,0.1961028
-37.0,0.19607535
-37.01,0.1960479
-37.019999999999996,0.19602045
-37.03,0.19599298
-37.04,0.19596556
-37.05,0.19593817
-37.06,0.19591078
-37.07,0.1958834
-37.08,0.19585603
-37.089999999999996,0.1958287
-37.1,0.19580133
-37.11,0.19577399
-37.12,0.19574672
-37.129999999999995,0.19571938
-37.14,0.19569208
-37.15,0.19566482
-37.16,0.19563752
-37.17,0.19561027
-37.18,0.19558299
-37.19,0.19555578
-37.199999999999996,0.19552854
-37.21,0.1955013
-37.22,0.1954741
-37.23,0.19544694
-37.24,0.19541974
-37.25,0.19539255
-37.26,0.1953654
-37.269999999999996,0.19533825
-37.28,0.19531113
-37.29,0.195284
-37.3,0.19525689
-37.31,0.19522977
-37.32,0.19520274
-37.33,0.19517562
-37.339999999999996,0.19514853
-37.35,0.1951215
-37.36,0.19509448
-37.37,0.19506742
-37.379999999999995,0.19504043
-37.39,0.1950134
-37.4,0.19498637
-37.41,0.19495943
-37.42,0.19493249
-37.43,0.19490547
-37.44,0.19487855
-37.449999999999996,0.19485158
-37.46,0.1948247
-37.47,0.19479775
-37.48,0.19477084
-37.49,0.19474396
-37.5,0.19471706
-37.51,0.19469021
-37.519999999999996,0.19466333
-37.53,0.19463646
-37.54,0.19460966
-37.55,0.19458286
-37.56,0.19455603
-37.57,0.19452922
-37.58,0.19450244
-37.589999999999996,0.19447568
-37.6,0.1944489
-37.61,0.19442213
-37.62,0.19439536
-37.629999999999995,0.19436866
-37.64,0.19434191
-37.65,0.19431524
-37.66,0.19428854
-37.67,0.19426183
-37.68,0.19423518
-37.69,0.19420852
-37.699999999999996,0.19418189
-37.71,0.19415522
-37.72,0.1941286
-37.73,0.19410199
-37.74,0.19407538
-37.75,0.19404878
-37.76,0.19402221
-37.769999999999996,0.19399561
-37.78,0.19396904
-37.79,0.19394252
-37.8,0.193916
-37.81,0.19388942
-37.82,0.19386293
-37.83,0.19383642
-37.839999999999996,0.1938099
-37.85,0.19378346
-37.86,0.19375697
-37.87,0.19373044
-37.879999999999995,0.19370407
-37.89,0.1936776
-37.9,0.19365115
-37.91,0.19362478
-37.92,0.19359836
-37.93,0.19357197
-37.94,0.19354561
-37.949999999999996,0.1935192
-37.96,0.19349287
-37.97,0.19346648
-37.98,0.19344017
-37.99,0.19341387
-38.0,0.19338751
-38.01,0.19336121
-38.019999999999996,0.19333497
-38.03,0.19330864
-38.04,0.1932824
-38.05,0.19325614
-38.06,0.19322988
-38.07,0.19320366
-38.08,0.19317746
-38.089999999999996,0.19315125
-38.1,0.19312501
-38.11,0.1930988
-38.12,0.19307268
-38.129999999999995,0.19304645
-38.14,0.19302028
-38.15,0.19299415
-38.16,0.19296807
-38.17,0.19294192
-38.18,0.19291578
-38.19,0.19288969
-38.199999999999996,0.1928636
-38.21,0.19283752
-38.22,0.19281143
-38.23,0.19278538
-38.24,0.19275936
-38.25,0.19273329
-38.26,0.19270727
-38.269999999999996,0.19268125
-38.28,0.19265527
-38.29,0.19262925
-38.3,0.19260328
-38.31,0.19257733
-38.32,0.19255139
-38.33,0.19252542
-38.339999999999996,0.19249946
-38.35,0.19247358
-38.36,0.19244763
-38.37,0.19242169
-38.379999999999995,0.19239585
-38.39,0.19236992
-38.4,0.19234407
-38.41,0.1923182
-38.42,0.19229233
-38.43,0.1922665
-38.44,0.1922407
-38.449999999999996,0.19221485
-38.46,0.19218907
-38.47,0.19216327
-38.48,0.1921375
-38.49,0.19211172
-38.5,0.19208595
-38.51,0.19206022
-38.519999999999996,0.19203447
-38.53,0.19200876
-38.54,0.19198298
-38.55,0.1919573
-38.56,0.1919316
-38.57,0.19190587
-38.58,0.19188026
-38.589999999999996,0.19185458
-38.6,0.19182898
-38.61,0.19180329
-38.62,0.19177768
-38.629999999999995,0.19175205
-38.64,0.19172645
-38.65,0.19170082
-38.66,0.19167523
-38.67,0.19164968
-38.68,0.19162409
-38.69,0.19159856
-38.699999999999996,0.191573
-38.71,0.19154748
-38.72,0.19152194
-38.73,0.19149643
-38.74,0.1914709
-38.75,0.19144544
-38.76,0.19141994
-38.769999999999996,0.19139451
-38.78,0.19136901
-38.79,0.19134356
-38.8,0.19131814
-38.81,0.19129272
-38.82,0.19126728
-38.83,0.19124188
-38.839999999999996,0.19121648
-38.85,0.19119112
-38.86,0.19116572
-38.87,0.19114035
-38.879999999999995,0.19111499
-38.89,0.19108967
-38.9,0.19106434
-38.91,0.19103901
-38.92,0.19101372
-38.93,0.19098842
-38.94,0.19096313
-38.949999999999996,0.19093785
-38.96,0.1909126
-38.97,0.19088732
-38.98,0.19086207
-38.99,0.19083683
-39.0,0.19081165
-39.01,0.19078644
-39.019999999999996,0.19076118
-39.03,0.190736
-39.04,0.19071081
-39.05,0.19068564
-39.06,0.19066049
-39.07,0.19063532
-39.08,0.19061022
-39.089999999999996,0.19058508
-39.1,0.19055995
-39.11,0.19053484
-39.12,0.19050974
-39.129999999999995,0.1904847
-39.14,0.1904596
-39.15,0.19043455
-39.16,0.19040942
-39.17,0.19038439
-39.18,0.19035941
-39.19,0.19033438
-39.199999999999996,0.19030933
-39.21,0.19028434
-39.22,0.19025935
-39.23,0.1902344
-39.24,0.19020939
-39.25,0.19018444
-39.26,0.19015951
-39.269999999999996,0.1901345
-39.28,0.19010964
-39.29,0.1900847
-39.3,0.19005978
-39.31,0.19003487
-39.32,0.19001
-39.33,0.1899851
-39.339999999999996,0.18996027
-39.35,0.18993545
-39.36,0.18991056
-39.37,0.18988569
-39.379999999999995,0.18986091
-39.39,0.18983608
-39.4,0.18981126
-39.41,0.18978648
-39.42,0.18976173
-39.43,0.18973692
-39.44,0.18971215
-39.449999999999996,0.18968743
-39.46,0.18966264
-39.47,0.18963791
-39.48,0.18961324
-39.49,0.18958849
-39.5,0.18956378
-39.51,0.1895391
-39.519999999999996,0.18951444
-39.53,0.18948972
-39.54,0.18946509
-39.55,0.18944046
-39.56,0.18941578
-39.57,0.18939115
-39.58,0.1893666
-39.589999999999996,0.18934196
-39.6,0.18931735
-39.61,0.18929276
-39.62,0.1892682
-39.629999999999995,0.18924361
-39.64,0.18921907
-39.65,0.18919453
-39.66,0.18916997
-39.67,0.18914546
-39.68,0.18912093
-39.69,0.18909647
-39.699999999999996,0.18907194
-39.71,0.18904746
-39.72,0.18902296
-39.73,0.18899854
-39.74,0.18897402
-39.75,0.18894958
-39.76,0.18892519
-39.769999999999996,0.18890074
-39.78,0.18887635
-39.79,0.18885195
-39.8,0.18882756
-39.81,0.18880314
-39.82,0.18877877
-39.83,0.18875442
-39.839999999999996,0.18873009
-39.85,0.18870571
-39.86,0.1886814
-39.87,0.18865705
-39.879999999999995,0.18863276
-39.89,0.18860844
-39.9,0.18858418
-39.91,0.18855989
-39.92,0.1885356
-39.93,0.18851136
-39.94,0.18848707
-39.949999999999996,0.18846282
-39.96,0.18843868
-39.97,0.1884144
-39.98,0.18839018
-39.99,0.188366
-40.0,0.1883418
-40.01,0.18831763
-40.019999999999996,0.18829343
-40.03,0.18826929
-40.04,0.18824513
-40.05,0.188221
-40.06,0.18819685
-40.07,0.18817276
-40.08,0.18814862
-40.089999999999996,0.1881245
-40.1,0.18810046
-40.11,0.18807638
-40.12,0.18805228
-40.129999999999995,0.18802826
-40.14,0.18800417
-40.15,0.18798013
-40.16,0.18795611
-40.17,0.18793207
-40.18,0.18790805
-40.19,0.18788408
-40.199999999999996,0.1878601
-40.21,0.18783611
-40.22,0.1878121
-40.23,0.18778817
-40.24,0.18776418
-40.25,0.18774027
-40.26,0.18771632
-40.269999999999996,0.1876924
-40.28,0.18766852
-40.29,0.18764462
-40.3,0.18762067
-40.31,0.18759683
-40.32,0.18757296
-40.33,0.18754913
-40.339999999999996,0.18752524
-40.35,0.1875014
-40.36,0.18747756
-40.37,0.1874538
-40.379999999999995,0.1874299
-40.39,0.18740614
-40.4,0.18738234
-40.41,0.18735859
-40.42,0.18733478
-40.43,0.18731104
-40.44,0.18728724
-40.449999999999996,0.18726353
-40.46,0.18723983
-40.47,0.18721607
-40.48,0.18719234
-40.49,0.18716866
-40.5,0.18714496
-40.51,0.18712129
-40.519999999999996,0.18709764
-40.53,0.18707395
-40.54,0.18705028
-40.55,0.18702662
-40.56,0.18700299
-40.57,0.18697937
-40.58,0.18695578
-40.589999999999996,0.18693218
-40.6,0.1869086
-40.61,0.186885
-40.62,0.1868614
-40.629999999999995,0.18683785
-40.64,0.18681428
-40.65,0.18679073
-40.66,0.18676718
-40.67,0.1867437
-40.68,0.18672013
-40.69,0.18669665
-40.699999999999996,0.1866731
-40.71,0.18664964
-40.72,0.18662617
-40.73,0.18660268
-40.74,0.18657923
-40.75,0.18655574
-40.76,0.18653233
-40.769999999999996,0.1865089
-40.78,0.1864855
-40.79,0.18646207
-40.8,0.18643865
-40.81,0.18641526
-40.82,0.18639188
-40.83,0.1863685
-40.839999999999996,0.18634512
-40.85,0.1863218
-40.86,0.18629844
-40.87,0.18627511
-40.879999999999995,0.18625182
-40.89,0.18622845
-40.9,0.18620515
-40.91,0.18618187
-40.92,0.18615857
-40.93,0.18613534
-40.94,0.18611202
-40.949999999999996,0.18608882
-40.96,0.18606552
-40.97,0.18604228
-40.98,0.18601906
-40.99,0.18599586
-41.0,0.18597266
-41.01,0.18594946
-41.019999999999996,0.1859262
-41.03,0.18590307
-41.04,0.18587989
-41.05,0.18585676
-41.06,0.18583354
-41.07,0.1858104
-41.08,0.1857873
-41.089999999999996,0.1857642
-41.1,0.18574107
-41.11,0.18571794
-41.12,0.18569486
-41.129999999999995,0.18567178
-41.14,0.18564872
-41.15,0.18562564
-41.16,0.18560258
-41.17,0.18557952
-41.18,0.18555647
-41.19,0.18553346
-41.199999999999996,0.18551043
-41.21,0.18548742
-41.22,0.18546441
-41.23,0.18544146
-41.24,0.1854184
-41.25,0.18539548
-41.26,0.1853725
-41.269999999999996,0.18534955
-41.28,0.1853266
-41.29,0.18530366
-41.3,0.18528077
-41.31,0.18525782
-41.32,0.18523493
-41.33,0.18521205
-41.339999999999996,0.18518913
-41.35,0.18516625
-41.36,0.18514338
-41.37,0.18512052
-41.379999999999995,0.18509765
-41.39,0.18507488
-41.4,0.18505202
-41.41,0.18502918
-41.42,0.18500641
-41.43,0.18498357
-41.44,0.18496075
-41.449999999999996,0.184938
-41.46,0.18491521
-41.47,0.18489245
-41.48,0.18486969
-41.49,0.18484695
-41.5,0.1848242
-41.51,0.18480146
-41.519999999999996,0.18477874
-41.53,0.18475601
-41.54,0.18473332
-41.55,0.18471065
-41.56,0.18468797
-41.57,0.18466526
-41.58,0.18464258
-41.589999999999996,0.18461993
-41.6,0.18459731
-41.61,0.18457465
-41.62,0.18455207
-41.629999999999995,0.18452942
-41.64,0.1845068
-41.65,0.1844842
-41.66,0.18446162
-41.67,0.18443905
-41.68,0.18441646
-41.69,0.18439391
-41.699999999999996,0.18437135
-41.71,0.18434879
-41.72,0.18432628
-41.73,0.18430376
-41.74,0.18428126
-41.75,0.18425873
-41.76,0.18423623
-41.769999999999996,0.1842137
-41.78,0.18419126
-41.79,0.1841688
-41.8,0.18414634
-41.81,0.18412387
-41.82,0.18410145
-41.83,0.18407899
-41.839999999999996,0.18405657
-41.85,0.18403417
-41.86,0.18401176
-41.87,0.18398935
-41.879999999999995,0.18396696
-41.89,0.18394457
-41.9,0.1839222
-41.91,0.18389985
-41.92,0.1838775
-41.93,0.18385515
-41.94,0.18383282
-41.949999999999996,0.18381053
-41.96,0.18378818
-41.97,0.18376589
-41.98,0.18374355
-41.99,0.18372127
-42.0,0.183699
-42.01,0.18367675
-42.019999999999996,0.18365446
-42.03,0.18363221
-42.04,0.18361
-42.05,0.18358773
-42.06,0.18356553
-42.07,0.1835433
-42.08,0.18352108
-42.089999999999996,0.18349886
-42.1,0.18347673
-42.11,0.18345451
-42.12,0.18343234
-42.129999999999995,0.1834102
-42.14,0.18338801
-42.15,0.1833659
-42.16,0.18334377
-42.17,0.18332165
-42.18,0.18329951
-42.19,0.18327741
-42.199999999999996,0.18325531
-42.21,0.1832332
-42.22,0.1832111
-42.23,0.18318908
-42.24,0.18316698
-42.25,0.18314491
-42.26,0.1831229
-42.269999999999996,0.18310085
-42.28,0.18307883
-42.29,0.18305685
-42.3,0.1830348
-42.31,0.18301278
-42.32,0.1829908
-42.33,0.18296884
-42.339999999999996,0.18294683
-42.35,0.18292488
-42.36,0.18290293
-42.37,0.182881
-42.379999999999995,0.18285905
-42.39,0.1828371
-42.4,0.1828152
-42.41,0.1827933
-42.42,0.18277138
-42.43,0.18274948
-42.44,0.1827276
-42.449999999999996,0.1827057
-42.46,0.18268386
-42.47,0.18266198
-42.48,0.18264017
-42.49,0.18261829
-42.5,0.18259649
-42.51,0.18257463
-42.519999999999996,0.18255283
-42.53,0.18253103
-42.54,0.18250923
-42.55,0.18248749
-42.56,0.18246566
-42.57,0.1824439
-42.58,0.18242213
-42.589999999999996,0.18240038
-42.6,0.18237865
-42.61,0.1823569
-42.62,0.18233518
-42.629999999999995,0.18231347
-42.64,0.18229175
-42.65,0.18227005
-42.66,0.18224835
-42.67,0.18222669
-42.68,0.18220498
-42.69,0.18218336
-42.699999999999996,0.18216166
-42.71,0.18214002
-42.72,0.18211842
-42.73,0.18209676
-42.74,0.18207511
-42.75,0.18205354
-42.76,0.18203193
-42.769999999999996,0.18201032
-42.78,0.18198878
-42.79,0.18196718
-42.8,0.18194558
-42.81,0.18192402
-42.82,0.1819025
-42.83,0.18188095
-42.839999999999996,0.1818594
-42.85,0.18183789
-42.86,0.18181637
-42.87,0.18179485
-42.879999999999995,0.1817733
-42.89,0.18175188
-42.9,0.18173039
-42.91,0.18170884
-42.92,0.18168744
-42.93,0.18166599
-42.94,0.18164456
-42.949999999999996,0.1816231
-42.96,0.1816017
-42.97,0.18158022
-42.98,0.1815588
-42.99,0.18153742
-43.0,0.18151604
-43.01,0.18149464
-43.019999999999996,0.18147324
-43.03,0.18145189
-43.04,0.18143052
-43.05,0.18140921
-43.06,0.18138784
-43.07,0.1813665
-43.08,0.18134513
-43.089999999999996,0.18132386
-43.1,0.18130256
-43.11,0.18128124
-43.12,0.18125996
-43.129999999999995,0.18123871
-43.14,0.18121739
-43.15,0.18119612
-43.16,0.18117487
-43.17,0.18115363
-43.18,0.18113235
-43.19,0.18111113
-43.199999999999996,0.18108991
-43.21,0.18106866
-43.22,0.1810475
-43.23,0.18102625
-43.24,0.18100508
-43.25,0.18098393
-43.26,0.18096274
-43.269999999999996,0.18094155
-43.28,0.18092044
-43.29,0.18089926
-43.3,0.18087813
-43.31,0.180857
-43.32,0.1808359
-43.33,0.18081477
-43.339999999999996,0.18079364
-43.35,0.18077257
-43.36,0.18075143
-43.37,0.18073037
-43.379999999999995,0.18070932
-43.39,0.18068823
-43.4,0.1806672
-43.41,0.18064615
-43.42,0.18062511
-43.43,0.18060407
-43.44,0.18058306
-43.449999999999996,0.18056205
-43.46,0.18054104
-43.47,0.18052004
-43.48,0.18049908
-43.49,0.18047807
-43.5,0.1804571
-43.51,0.18043616
-43.519999999999996,0.18041515
-43.53,0.18039423
-43.54,0.18037334
-43.55,0.18035237
-43.56,0.18033142
-43.57,0.18031056
-43.58,0.1802896
-43.589999999999996,0.18026875
-43.6,0.18024784
-43.61,0.18022695
-43.62,0.18020609
-43.629999999999995,0.18018523
-43.64,0.18016437
-43.65,0.1801435
-43.66,0.1801227
-43.67,0.18010184
-43.68,0.18008105
-43.69,0.18006024
-43.699999999999996,0.18003944
-43.71,0.18001863
-43.72,0.17999783
-43.73,0.17997706
-43.74,0.1799563
-43.75,0.17993556
-43.76,0.17991479
-43.769999999999996,0.17989402
-43.78,0.17987332
-43.79,0.17985255
-43.8,0.17983183
-43.81,0.17981113
-43.82,0.17979044
-43.83,0.17976975
-43.839999999999996,0.17974904
-43.85,0.17972839
-43.86,0.17970768
-43.87,0.17968702
-43.879999999999995,0.17966636
-43.89,0.17964572
-43.9,0.1796251
-43.91,0.17960447
-43.92,0.17958385
-43.93,0.17956322
-43.94,0.17954263
-43.949999999999996,0.17952204
-43.96,0.17950144
-43.97,0.17948085
-43.98,0.17946027
-43.99,0.17943972
-44.0,0.17941913
-44.01,0.17939858
-44.019999999999996,0.17937806
-44.03,0.17935757
-44.04,0.17933701
-44.05,0.17931652
-44.06,0.17929596
-44.07,0.17927551
-44.08,0.17925498
-44.089999999999996,0.1792345
-44.1,0.17921403
-44.11,0.17919359
-44.12,0.17917311
-44.129999999999995,0.17915268
-44.14,0.17913222
-44.15,0.17911178
-44.16,0.1790913
-44.17,0.17907092
-44.18,0.1790505
-44.19,0.1790301
-44.199999999999996,0.17900974
-44.21,0.17898935
-44.22,0.17896897
-44.23,0.1789486
-44.24,0.17892821
-44.25,0.17890787
-44.26,0.17888752
-44.269999999999996,0.17886719
-44.28,0.17884685
-44.29,0.17882654
-44.3,0.1788062
-44.31,0.17878592
-44.32,0.17876564
-44.33,0.17874533
-44.339999999999996,0.17872503
-44.35,0.17870481
-44.36,0.17868453
-44.37,0.17866424
-44.379999999999995,0.17864403
-44.39,0.17862375
-44.4,0.17860353
-44.41,0.1785833
-44.42,0.17856309
-44.43,0.17854288
-44.44,0.17852268
-44.449999999999996,0.1785025
-44.46,0.17848231
-44.47,0.1784621
-44.48,0.17844197
-44.49,0.1784218
-44.5,0.17840163
-44.51,0.1783815
-44.519999999999996,0.17836139
-44.53,0.17834124
-44.54,0.1783211
-44.55,0.178301
-44.56,0.17828089
-44.57,0.1782608
-44.58,0.17824072
-44.589999999999996,0.17822061
-44.6,0.17820054
-44.61,0.17818047
-44.62,0.17816041
-44.629999999999995,0.17814037
-44.64,0.17812034
-44.65,0.17810027
-44.66,0.17808026
-44.67,0.17806026
-44.68,0.1780402
-44.69,0.17802021
-44.699999999999996,0.17800024
-44.71,0.17798024
-44.72,0.17796028
-44.73,0.17794031
-44.74,0.17792031
-44.75,0.17790037
-44.76,0.17788044
-44.769999999999996,0.1778605
-44.78,0.17784056
-44.79,0.17782062
-44.8,0.17780071
-44.81,0.1777808
-44.82,0.17776093
-44.83,0.17774102
-44.839999999999996,0.17772114
-44.85,0.17770126
-44.86,0.17768139
-44.87,0.17766152
-44.879999999999995,0.17764166
-44.89,0.17762181
-44.9,0.17760193
-44.91,0.17758214
-44.92,0.17756237
-44.93,0.17754251
-44.94,0.17752272
-44.949999999999996,0.17750293
-44.96,0.17748313
-44.97,0.17746331
-44.98,0.1774436
-44.99,0.1774238
-45.0,0.17740402
-45.01,0.1773843
-45.019999999999996,0.1773645
-45.03,0.1773448
-45.04,0.1773251
-45.05,0.17730539
-45.06,0.17728566
-45.07,0.17726594
-45.08,0.17724621
-45.089999999999996,0.17722656
-45.1,0.17720687
-45.11,0.1771872
-45.12,0.17716756
-45.129999999999995,0.17714787
-45.14,0.17712826
-45.15,0.17710857
-45.16,0.17708892
-45.17,0.17706934
-45.18,0.17704968
-45.19,0.17703009
-45.199999999999996,0.17701048
-45.21,0.17699085
-45.22,0.1769713
-45.23,0.1769517
-45.24,0.17693213
-45.25,0.17691258
-45.26,0.17689298
-45.269999999999996,0.1768735
-45.28,0.17685392
-45.29,0.17683436
-45.3,0.17681484
-45.31,0.1767953
-45.32,0.17677581
-45.33,0.17675631
-45.339999999999996,0.17673683
-45.35,0.17671731
-45.36,0.1766978
-45.37,0.17667836
-45.379999999999995,0.17665887
-45.39,0.17663941
-45.4,0.17662
-45.41,0.17660055
-45.42,0.1765811
-45.43,0.17656165
-45.44,0.17654225
-45.449999999999996,0.17652284
-45.46,0.17650343
-45.47,0.176484
-45.48,0.17646465
-45.49,0.17644526
-45.5,0.1764259
-45.51,0.1764065
-45.519999999999996,0.17638715
-45.53,0.17636777
-45.54,0.17634843
-45.55,0.17632906
-45.56,0.17630973
-45.57,0.17629045
-45.58,0.17627114
-45.589999999999996,0.17625181
-45.6,0.17623253
-45.61,0.17621323
-45.62,0.17619398
-45.629999999999995,0.17617464
-45.64,0.17615536
-45.65,0.1761361
-45.66,0.17611682
-45.67,0.1760976
-45.68,0.1760784
-45.69,0.17605917
-45.699999999999996,0.1760399
-45.71,0.17602071
-45.72,0.17600149
-45.73,0.17598228
-45.74,0.17596307
-45.75,0.17594391
-45.76,0.1759247
-45.769999999999996,0.17590559
-45.78,0.17588641
-45.79,0.1758672
-45.8,0.17584808
-45.81,0.17582895
-45.82,0.1758098
-45.83,0.17579064
-45.839999999999996,0.17577156
-45.85,0.17575246
-45.86,0.17573333
-45.87,0.17571422
-45.879999999999995,0.17569512
-45.89,0.17567605
-45.9,0.17565697
-45.91,0.1756379
-45.92,0.17561886
-45.93,0.17559983
-45.94,0.17558075
-45.949999999999996,0.17556173
-45.96,0.17554268
-45.97,0.17552364
-45.98,0.17550465
-45.99,0.17548564
-46.0,0.17546658
-46.01,0.17544764
-46.019999999999996,0.17542866
-46.03,0.17540967
-46.04,0.17539068
-46.05,0.17537172
-46.06,0.17535278
-46.07,0.1753338
-46.08,0.17531487
-46.089999999999996,0.17529592
-46.1,0.17527701
-46.11,0.17525809
-46.12,0.1752392
-46.129999999999995,0.17522028
-46.14,0.17520136
-46.15,0.17518246
-46.16,0.17516357
-46.17,0.1751447
-46.18,0.17512587
-46.19,0.17510699
-46.199999999999996,0.17508812
-46.21,0.17506927
-46.22,0.17505042
-46.23,0.17503162
-46.24,0.1750128
-46.25,0.17499396
-46.26,0.17497516
-46.269999999999996,0.17495632
-46.28,0.17493755
-46.29,0.17491873
-46.3,0.17489995
-46.31,0.17488119
-46.32,0.17486243
-46.33,0.17484364
-46.339999999999996,0.17482491
-46.35,0.17480618
-46.36,0.1747874
-46.37,0.17476867
-46.379999999999995,0.17474994
-46.39,0.17473128
-46.4,0.17471252
-46.41,0.17469382
-46.42,0.17467509
-46.43,0.17465645
-46.44,0.17463776
-46.449999999999996,0.1746191
-46.46,0.17460045
-46.47,0.17458174
-46.48,0.17456311
-46.49,0.1745445
-46.5,0.17452583
-46.51,0.1745072
-46.519999999999996,0.17448857
-46.53,0.17446998
-46.54,0.17445135
-46.55,0.17443272
-46.56,0.17441414
-46.57,0.17439558
-46.58,0.17437696
-46.589999999999996,0.17435843
-46.6,0.17433986
-46.61,0.1743213
-46.62,0.17430276
-46.629999999999995,0.17428418
-46.64,0.17426565
-46.65,0.17424715
-46.66,0.17422861
-46.67,0.1742101
-46.68,0.17419158
-46.69,0.17417309
-46.699999999999996,0.17415456
-46.71,0.17413612
-46.72,0.1741176
-46.73,0.17409916
-46.74,0.17408065
-46.75,0.17406219
-46.76,0.17404376
-46.769999999999996,0.1740253
-46.78,0.17400688
-46.79,0.17398846
-46.8,0.17397004
-46.81,0.17395161
-46.82,0.17393321
-46.83,0.17391482
-46.839999999999996,0.17389639
-46.85,0.17387801
-46.86,0.17385963
-46.87,0.17384127
-46.879999999999995,0.17382294
-46.89,0.17380455
-46.9,0.17378621
-46.91,0.17376786
-46.92,0.17374949
-46.93,0.17373118
-46.94,0.17371285
-46.949999999999996,0.1736945
-46.96,0.17367622
-46.97,0.17365791
-46.98,0.17363961
-46.99,0.17362133
-47.0,0.17360303
-47.01,0.17358479
-47.019999999999996,0.17356649
-47.03,0.17354825
-47.04,0.17352995
-47.05,0.17351174
-47.06,0.17349347
-47.07,0.17347528
-47.08,0.17345706
-47.089999999999996,0.17343882
-47.1,0.17342058
-47.11,0.1734024
-47.12,0.17338423
-47.129999999999995,0.17336601
-47.14,0.1733478
-47.15,0.17332965
-47.16,0.17331149
-47.17,0.1732933
-47.18,0.17327514
-47.19,0.17325702
-47.199999999999996,0.17323886
-47.21,0.17322072
-47.22,0.17320262
-47.23,0.17318445
-47.24,0.17316635
-47.25,0.17314824
-47.26,0.17313015
-47.269999999999996,0.17311206
-47.28,0.17309397
-47.29,0.17307591
-47.3,0.17305785
-47.31,0.17303976
-47.32,0.17302167
-47.33,0.17300364
-47.339999999999996,0.1729856
-47.35,0.17296757
-47.36,0.17294951
-47.37,0.1729315
-47.379999999999995,0.17291346
-47.39,0.17289549
-47.4,0.17287748
-47.41,0.17285948
-47.42,0.17284152
-47.43,0.17282352
-47.44,0.17280555
-47.449999999999996,0.17278755
-47.46,0.1727696
-47.47,0.17275164
-47.48,0.1727337
-47.49,0.17271572
-47.5,0.17269781
-47.51,0.17267989
-47.519999999999996,0.17266192
-47.53,0.17264402
-47.54,0.17262611
-47.55,0.1726082
-47.56,0.17259032
-47.57,0.17257245
-47.58,0.17255458
-47.589999999999996,0.1725367
-47.6,0.17251882
-47.61,0.172501
-47.62,0.17248312
-47.629999999999995,0.17246526
-47.64,0.17244741
-47.65,0.17242959
-47.66,0.1724118
-47.67,0.17239396
-47.68,0.17237613
-47.69,0.1723583
-47.699999999999996,0.17234053
-47.71,0.17232272
-47.72,0.17230499
-47.73,0.1722872
-47.74,0.1722694
-47.75,0.17225164
-47.76,0.17223388
-47.769999999999996,0.17221612
-47.78,0.17219839
-47.79,0.17218062
-47.8,0.17216292
-47.81,0.17214516
-47.82,0.17212747
-47.83,0.17210974
-47.839999999999996,0.17209202
-47.85,0.17207435
-47.86,0.17205665
-47.87,0.17203899
-47.88,0.17202127
-47.89,0.17200364
-47.9,0.17198595
-47.91,0.17196831
-47.92,0.17195067
-47.93,0.17193303
-47.94,0.17191535
-47.949999999999996,0.17189774
-47.96,0.17188013
-47.97,0.17186248
-47.98,0.1718449
-47.99,0.17182729
-48.0,0.17180964
-48.01,0.17179209
-48.019999999999996,0.17177454
-48.03,0.17175695
-48.04,0.17173937
-48.05,0.17172179
-48.06,0.17170423
-48.07,0.1716867
-48.08,0.17166916
-48.089999999999996,0.17165163
-48.1,0.17163408
-48.11,0.17161655
-48.12,0.17159906
-48.13,0.17158154
-48.14,0.17156401
-48.15,0.17154655
-48.16,0.17152904
-48.17,0.17151156
-48.18,0.17149407
-48.19,0.1714766
-48.199999999999996,0.1714591
-48.21,0.17144166
-48.22,0.17142421
-48.23,0.17140678
-48.24,0.17138936
-48.25,0.17137194
-48.26,0.1713545
-48.269999999999996,0.17133707
-48.28,0.17131965
-48.29,0.17130226
-48.3,0.17128482
-48.31,0.17126748
-48.32,0.1712501
-48.33,0.17123273
-48.339999999999996,0.17121536
-48.35,0.17119798
-48.36,0.17118058
-48.37,0.17116328
-48.38,0.17114589
-48.39,0.17112856
-48.4,0.17111126
-48.41,0.1710939
-48.42,0.1710766
-48.43,0.17105924
-48.44,0.171042
-48.449999999999996,0.17102465
-48.46,0.17100736
-48.47,0.1709901
-48.48,0.1709728
-48.49,0.17095552
-48.5,0.17093827
-48.51,0.170921
-48.519999999999996,0.17090373
-48.53,0.17088652
-48.54,0.17086926
-48.55,0.170852
-48.56,0.17083481
-48.57,0.17081757
-48.58,0.17080036
-48.589999999999996,0.17078313
-48.6,0.17076594
-48.61,0.17074874
-48.62,0.17073154
-48.63,0.17071436
-48.64,0.17069721
-48.65,0.17068002
-48.66,0.17066287
-48.67,0.17064571
-48.68,0.17062858
-48.69,0.17061138
-48.699999999999996,0.17059426
-48.71,0.17057712
-48.72,0.17056003
-48.73,0.1705429
-48.74,0.17052579
-48.75,0.17050865
-48.76,0.17049158
-48.769999999999996,0.17047445
-48.78,0.17045735
-48.79,0.17044032
-48.8,0.17042324
-48.81,0.17040616
-48.82,0.1703891
-48.83,0.17037205
-48.839999999999996,0.17035499
-48.85,0.17033798
-48.86,0.17032093
-48.87,0.17030391
-48.88,0.17028686
-48.89,0.17026985
-48.9,0.17025283
-48.91,0.17023581
-48.92,0.17021883
-48.93,0.17020187
-48.94,0.17018488
-48.949999999999996,0.1701679
-48.96,0.17015092
-48.97,0.17013395
-48.98,0.170117
-48.99,0.17010005
-49.0,0.17008309
-49.01,0.17006615
-49.019999999999996,0.17004922
-49.03,0.17003232
-49.04,0.17001538
-49.05,0.16999848
-49.06,0.1699816
-49.07,0.16996467
-49.08,0.16994774
-49.089999999999996,0.16993089
-49.1,0.169914
-49.11,0.1698971
-49.12,0.16988027
-49.13,0.1698634
-49.14,0.1698465
-49.15,0.16982965
-49.16,0.16981287
-49.17,0.16979602
-49.18,0.16977915
-49.19,0.16976231
-49.199999999999996,0.16974548
-49.21,0.16972873
-49.22,0.16971192
-49.23,0.1696951
-49.24,0.16967829
-49.25,0.16966155
-49.26,0.16964474
-49.269999999999996,0.1696279
-49.28,0.16961119
-49.29,0.1695944
-49.3,0.16957769
-49.31,0.16956088
-49.32,0.16954416
-49.33,0.16952744
-49.339999999999996,0.1695107
-49.35,0.169494
-49.36,0.16947728
-49.37,0.16946054
-49.38,0.16944383
-49.39,0.16942713
-49.4,0.16941042
-49.41,0.16939373
-49.42,0.16937704
-49.43,0.1693604
-49.44,0.16934371
-49.449999999999996,0.16932705
-49.46,0.16931039
-49.47,0.16929375
-49.48,0.1692771
-49.49,0.16926049
-49.5,0.16924384
-49.51,0.16922718
-49.519999999999996,0.16921058
-49.53,0.169194
-49.54,0.16917734
-49.55,0.16916084
-49.56,0.16914421
-49.57,0.16912755
-49.58,0.16911098
-49.589999999999996,0.16909441
-49.6,0.16907786
-49.61,0.16906129
-49.62,0.16904475
-49.63,0.16902816
-49.64,0.16901164
-49.65,0.1689951
-49.66,0.16897856
-49.67,0.16896203
-49.68,0.16894552
-49.69,0.16892898
-49.699999999999996,0.1689125
-49.71,0.16889597
-49.72,0.16887951
-49.73,0.16886298
-49.74,0.16884649
-49.75,0.16883004
-49.76,0.16881359
-49.769999999999996,0.16879709
-49.78,0.16878064
-49.79,0.16876417
-49.8,0.16874772
-49.81,0.16873132
-49.82,0.16871485
-49.83,0.16869842
-49.839999999999996,0.16868201
-49.85,0.1686656
-49.86,0.1686492
-49.87,0.16863279
-49.88,0.16861638
-49.89,0.16859996
-49.9,0.16858363
-49.91,0.16856721
-49.92,0.16855088
-49.93,0.16853449
-49.94,0.16851813
-49.949999999999996,0.16850175
-49.96,0.1684854
-49.97,0.16846906
-49.98,0.16845271
-49.99,0.1684364
-50.0,0.16842008
-50.01,0.16840377
-50.019999999999996,0.16838746
-50.03,0.16837114
-50.04,0.16835482
-50.05,0.1683385
-50.06,0.16832227
-50.07,0.16830593
-50.08,0.16828969
-50.089999999999996,0.16827342
-50.1,0.16825713
-50.11,0.16824088
-50.12,0.16822463
-50.13,0.16820839
-50.14,0.16819215
-50.15,0.16817594
-50.16,0.16815965
-50.17,0.16814342
-50.18,0.16812724
-50.19,0.16811103
-50.199999999999996,0.16809478
-50.21,0.16807862
-50.22,0.16806242
-50.23,0.16804625
-50.24,0.16803005
-50.25,0.1680139
-50.26,0.16799772
-50.269999999999996,0.16798154
-50.28,0.16796538
-50.29,0.16794926
-50.3,0.16793308
-50.31,0.16791697
-50.32,0.1679008
-50.33,0.16788466
-50.339999999999996,0.16786858
-50.35,0.16785246
-50.36,0.16783632
-50.37,0.16782025
-50.38,0.16780412
-50.39,0.16778809
-50.4,0.16777195
-50.41,0.16775586
-50.42,0.16773978
-50.43,0.16772373
-50.44,0.16770767
-50.449999999999996,0.16769162
-50.46,0.16767555
-50.47,0.16765952
-50.48,0.16764346
-50.49,0.16762744
-50.5,0.16761144
-50.51,0.16759543
-50.519999999999996,0.1675794
-50.53,0.16756338
-50.54,0.16754737
-50.55,0.16753139
-50.56,0.16751537
-50.57,0.16749942
-50.58,0.16748342
-50.589999999999996,0.16746743
-50.6,0.16745144
-50.61,0.1674355
-50.62,0.16741957
-50.63,0.16740362
-50.64,0.16738766
-50.65,0.16737175
-50.66,0.1673558
-50.67,0.16733989
-50.68,0.16732392
-50.69,0.16730803
-50.699999999999996,0.16729212
-50.71,0.1672762
-50.72,0.16726029
-50.73,0.16724443
-50.74,0.16722852
-50.75,0.16721267
-50.76,0.16719678
-50.769999999999996,0.16718093
-50.78,0.16716504
-50.79,0.16714922
-50.8,0.16713336
-50.81,0.16711749
-50.82,0.16710168
-50.83,0.16708583
-50.839999999999996,0.16706994
-50.85,0.16705418
-50.86,0.16703835
-50.87,0.16702256
-50.88,0.16700673
-50.89,0.16699094
-50.9,0.16697514
-50.91,0.16695935
-50.92,0.16694358
-50.93,0.16692781
-50.94,0.16691205
-50.949999999999996,0.16689628
-50.96,0.16688049
-50.97,0.16686475
-50.98,0.166849
-50.99,0.16683328
-51.0,0.16681755
-51.01,0.1668018
-51.019999999999996,0.16678604
-51.03,0.16677037
-51.04,0.16675466
-51.05,0.16673893
-51.06,0.16672324
-51.07,0.16670752
-51.08,0.16669182
-51.089999999999996,0.1666762
-51.1,0.16666049
-51.11,0.16664481
-51.12,0.16662914
-51.13,0.16661349
-51.14,0.1665978
-51.15,0.1665822
-51.16,0.16656652
-51.17,0.1665509
-51.18,0.16653526
-51.19,0.16651964
-51.199999999999996,0.16650403
-51.21,0.16648841
-51.22,0.16647282
-51.23,0.16645718
-51.24,0.16644157
-51.25,0.16642603
-51.26,0.16641039
-51.269999999999996,0.1663948
-51.28,0.16637921
-51.29,0.16636367
-51.3,0.16634811
-51.31,0.16633254
-51.32,0.16631702
-51.33,0.16630144
-51.339999999999996,0.16628593
-51.35,0.16627035
-51.36,0.16625485
-51.37,0.1662393
-51.38,0.1662238
-51.39,0.16620833
-51.4,0.1661928
-51.41,0.16617729
-51.42,0.16616179
-51.43,0.1661463
-51.44,0.16613078
-51.449999999999996,0.16611534
-51.46,0.16609982
-51.47,0.16608438
-51.48,0.16606893
-51.49,0.16605347
-51.5,0.16603804
-51.51,0.16602257
-51.519999999999996,0.1660071
-51.53,0.1659917
-51.54,0.16597627
-51.55,0.16596085
-51.56,0.16594543
-51.57,0.16593003
-51.58,0.1659146
-51.589999999999996,0.16589925
-51.6,0.16588382
-51.61,0.16586843
-51.62,0.16585305
-51.63,0.16583765
-51.64,0.16582227
-51.65,0.16580692
-51.66,0.16579159
-51.67,0.16577622
-51.68,0.16576086
-51.69,0.1657455
-51.699999999999996,0.16573018
-51.71,0.16571485
-51.72,0.1656995
-51.73,0.1656842
-51.74,0.16566893
-51.75,0.16565356
-51.76,0.16563824
-51.769999999999996,0.16562298
-51.78,0.16560769
-51.79,0.16559237
-51.8,0.16557711
-51.81,0.1655618
-51.82,0.16554654
-51.83,0.16553126
-51.839999999999996,0.16551599
-51.85,0.16550076
-51.86,0.1654855
-51.87,0.16547024
-51.88,0.16545501
-51.89,0.1654398
-51.9,0.16542453
-51.91,0.16540936
-51.92,0.16539413
-51.93,0.16537891
-51.94,0.1653637
-51.949999999999996,0.16534851
-51.96,0.1653333
-51.97,0.1653181
-51.98,0.16530293
-51.99,0.16528773
-52.0,0.16527256
-52.01,0.1652574
-52.019999999999996,0.16524222
-52.03,0.16522712
-52.04,0.16521198
-52.05,0.1651968
-52.06,0.16518164
-52.07,0.16516653
-52.08,0.16515139
-52.089999999999996,0.16513626
-52.1,0.16512117
-52.11,0.16510606
-52.12,0.16509092
-52.13,0.16507584
-52.14,0.16506076
-52.15,0.16504565
-52.16,0.16503054
-52.17,0.16501549
-52.18,0.16500038
-52.19,0.1649853
-52.199999999999996,0.16497028
-52.21,0.16495518
-52.22,0.16494015
-52.23,0.1649251
-52.24,0.16491005
-52.25,0.16489501
-52.26,0.16487998
-52.269999999999996,0.16486496
-52.28,0.16484994
-52.29,0.16483495
-52.3,0.16481993
-52.31,0.16480488
-52.32,0.1647899
-52.33,0.16477492
-52.339999999999996,0.16475993
-52.35,0.16474496
-52.36,0.16472995
-52.37,0.164715
-52.38,0.16470003
-52.39,0.16468507
-52.4,0.16467011
-52.41,0.16465518
-52.42,0.16464022
-52.43,0.16462529
-52.44,0.16461034
-52.449999999999996,0.1645954
-52.46,0.1645805
-52.47,0.1645656
-52.48,0.16455068
-52.49,0.16453575
-52.5,0.16452086
-52.51,0.16450593
-52.519999999999996,0.16449109
-52.53,0.16447619
-52.54,0.16446131
-52.55,0.16444646
-52.56,0.16443154
-52.57,0.16441669
-52.58,0.16440181
-52.589999999999996,0.16438697
-52.6,0.16437212
-52.61,0.16435727
-52.62,0.16434243
-52.63,0.16432759
-52.64,0.1643128
-52.65,0.16429794
-52.66,0.16428314
-52.67,0.16426833
-52.68,0.16425352
-52.69,0.16423872
-52.699999999999996,0.16422391
-52.71,0.16420916
-52.72,0.16419435
-52.73,0.1641796
-52.74,0.16416478
-52.75,0.16415003
-52.76,0.16413526
-52.769999999999996,0.1641205
-52.78,0.16410574
-52.79,0.16409099
-52.8,0.16407627
-52.81,0.16406153
-52.82,0.16404682
-52.83,0.16403207
-52.839999999999996,0.16401735
-52.85,0.16400263
-52.86,0.16398792
-52.87,0.16397317
-52.88,0.1639585
-52.89,0.1639438
-52.9,0.16392913
-52.91,0.16391444
-52.92,0.16389978
-52.93,0.16388509
-52.94,0.16387042
-52.949999999999996,0.16385576
-52.96,0.16384111
-52.97,0.16382647
-52.98,0.16381183
-52.99,0.16379714
-53.0,0.1637825
-53.01,0.1637679
-53.019999999999996,0.16375327
-53.03,0.16373864
-53.04,0.16372398
-53.05,0.16370937
-53.06,0.1636948
-53.07,0.16368017
-53.08,0.1636656
-53.089999999999996,0.16365102
-53.1,0.16363645
-53.11,0.16362187
-53.12,0.16360727
-53.13,0.1635927
-53.14,0.16357812
-53.15,0.16356356
-53.16,0.163549
-53.17,0.16353449
-53.18,0.16351992
-53.19,0.16350542
-53.199999999999996,0.16349085
-53.21,0.16347632
-53.22,0.1634618
-53.23,0.16344728
-53.24,0.16343278
-53.25,0.16341828
-53.26,0.16340372
-53.269999999999996,0.16338927
-53.28,0.16337477
-53.29,0.1633603
-53.3,0.16334578
-53.31,0.16333133
-53.32,0.16331689
-53.33,0.16330239
-53.339999999999996,0.16328794
-53.35,0.1632735
-53.36,0.16325904
-53.37,0.16324458
-53.38,0.16323015
-53.39,0.1632157
-53.4,0.16320127
-53.41,0.16318688
-53.42,0.16317242
-53.43,0.16315803
-53.44,0.1631436
-53.449999999999996,0.1631292
-53.46,0.16311479
-53.47,0.16310042
-53.48,0.16308604
-53.49,0.16307163
-53.5,0.16305724
-53.51,0.16304289
-53.519999999999996,0.16302851
-53.53,0.16301414
-53.54,0.16299978
-53.55,0.16298541
-53.56,0.16297111
-53.57,0.16295677
-53.58,0.16294238
-53.589999999999996,0.16292809
-53.6,0.16291374
-53.61,0.1628994
-53.62,0.16288508
-53.63,0.16287082
-53.64,0.16285649
-53.65,0.16284218
-53.66,0.16282788
-53.67,0.1628136
-53.68,0.1627993
-53.69,0.16278502
-53.699999999999996,0.16277075
-53.71,0.1627565
-53.72,0.1627422
-53.73,0.16272792
-53.74,0.16271365
-53.75,0.1626994
-53.76,0.16268519
-53.769999999999996,0.16267094
-53.78,0.1626567
-53.79,0.16264245
-53.8,0.16262823
-53.81,0.16261402
-53.82,0.16259982
-53.83,0.16258559
-53.839999999999996,0.16257137
-53.85,0.16255717
-53.86,0.16254298
-53.87,0.1625288
-53.88,0.1625146
-53.89,0.16250044
-53.9,0.16248628
-53.91,0.16247208
-53.92,0.16245791
-53.93,0.16244371
-53.94,0.16242959
-53.949999999999996,0.16241544
-53.96,0.16240126
-53.97,0.16238716
-53.98,0.16237304
-53.99,0.16235888
-54.0,0.16234475
-54.01,0.16233063
-54.019999999999996,0.1623165
-54.03,0.16230239
-54.04,0.16228828
-54.05,0.16227415
-54.06,0.16226007
-54.07,0.16224599
-54.08,0.16223195
-54.089999999999996,0.16221786
-54.1,0.16220376
-54.11,0.16218969
-54.12,0.16217563
-54.13,0.16216157
-54.14,0.16214749
-54.15,0.16213341
-54.16,0.16211939
-54.17,0.16210537
-54.18,0.16209128
-54.19,0.16207728
-54.199999999999996,0.16206327
-54.21,0.16204926
-54.22,0.16203523
-54.23,0.16202119
-54.24,0.16200721
-54.25,0.1619932
-54.26,0.1619792
-54.269999999999996,0.16196525
-54.28,0.16195123
-54.29,0.16193727
-54.3,0.16192326
-54.31,0.16190928
-54.32,0.16189528
-54.33,0.16188133
-54.339999999999996,0.1618674
-54.35,0.16185345
-54.36,0.16183951
-54.37,0.16182554
-54.38,0.1618116
-54.39,0.16179767
-54.4,0.16178375
-54.41,0.1617698
-54.42,0.16175592
-54.43,0.16174197
-54.44,0.16172807
-54.449999999999996,0.16171417
-54.46,0.16170028
-54.47,0.16168639
-54.48,0.16167247
-54.49,0.16165861
-54.5,0.16164473
-54.51,0.16163084
-54.519999999999996,0.16161695
-54.53,0.16160315
-54.54,0.16158926
-54.55,0.1615754
-54.56,0.16156155
-54.57,0.16154766
-54.58,0.16153383
-54.589999999999996,0.16151999
-54.6,0.16150618
-54.61,0.16149238
-54.62,0.16147852
-54.63,0.16146472
-54.64,0.16145091
-54.65,0.1614371
-54.66,0.16142328
-54.67,0.16140948
-54.68,0.16139567
-54.69,0.1613819
-54.699999999999996,0.16136815
-54.71,0.16135433
-54.72,0.16134056
-54.73,0.16132678
-54.74,0.16131301
-54.75,0.16129926
-54.76,0.16128549
-54.769999999999996,0.16127172
-54.78,0.16125806
-54.79,0.16124433
-54.8,0.16123056
-54.81,0.16121678
-54.82,0.16120312
-54.83,0.16118938
-54.839999999999996,0.16117565
-54.85,0.16116194
-54.86,0.16114822
-54.87,0.16113454
-54.88,0.16112083
-54.89,0.16110718
-54.9,0.16109347
-54.91,0.1610798
-54.92,0.16106611
-54.93,0.16105244
-54.94,0.16103876
-54.949999999999996,0.1610251
-54.96,0.16101146
-54.97,0.16099778
-54.98,0.16098416
-54.99,0.16097048
-55.0,0.16095683
-55.01,0.16094321
-55.019999999999996,0.16092959
-55.03,0.16091596
-55.04,0.16090238
-55.05,0.16088873
-55.06,0.16087514
-55.07,0.1608615
-55.08,0.16084793
-55.089999999999996,0.16083431
-55.1,0.16082072
-55.11,0.16080716
-55.12,0.16079357
-55.13,0.16077998
-55.14,0.16076641
-55.15,0.16075279
-55.16,0.16073927
-55.17,0.16072568
-55.18,0.16071218
-55.19,0.16069858
-55.199999999999996,0.16068505
-55.21,0.1606715
-55.22,0.16065799
-55.23,0.16064444
-55.24,0.16063091
-55.25,0.16061738
-55.26,0.16060388
-55.269999999999996,0.16059037
-55.28,0.16057688
-55.29,0.16056332
-55.3,0.16054988
-55.31,0.1605364
-55.32,0.16052291
-55.33,0.16050941
-55.339999999999996,0.16049594
-55.35,0.16048244
-55.36,0.16046894
-55.37,0.1604555
-55.38,0.16044208
-55.39,0.16042861
-55.4,0.16041516
-55.41,0.16040169
-55.42,0.16038826
-55.43,0.16037485
-55.44,0.16036141
-55.449999999999996,0.16034797
-55.46,0.1603345
-55.47,0.16032112
-55.48,0.1603077
-55.49,0.16029428
-55.5,0.16028088
-55.51,0.1602675
-55.519999999999996,0.16025412
-55.53,0.1602407
-55.54,0.16022731
-55.55,0.16021395
-55.56,0.16020054
-55.57,0.1601872
-55.58,0.16017383
-55.589999999999996,0.16016042
-55.6,0.1601471
-55.61,0.16013375
-55.62,0.16012043
-55.63,0.16010708
-55.64,0.16009372
-55.65,0.16008034
-55.66,0.16006705
-55.67,0.16005372
-55.68,0.16004041
-55.69,0.16002707
-55.699999999999996,0.1600138
-55.71,0.16000047
-55.72,0.15998718
-55.73,0.15997383
-55.74,0.15996055
-55.75,0.1599473
-55.76,0.15993401
-55.769999999999996,0.15992074
-55.78,0.15990745
-55.79,0.1598942
-55.8,0.15988092
-55.81,0.15986764
-55.82,0.15985435
-55.83,0.15984115
-55.839999999999996,0.15982789
-55.85,0.15981466
-55.86,0.1598014
-55.87,0.15978816
-55.88,0.1597749
-55.89,0.15976173
-55.9,0.1597485
-55.91,0.15973529
-55.92,0.15972209
-55.93,0.15970886
-55.94,0.15969566
-55.949999999999996,0.15968247
-55.96,0.1596693
-55.97,0.15965608
-55.98,0.1596429
-55.99,0.15962972
-56.0,0.15961653
-56.01,0.15960333
-56.019999999999996,0.15959021
-56.03,0.15957704
-56.04,0.15956388
-56.05,0.15955073
-56.06,0.15953757
-56.07,0.15952447
-56.08,0.15951133
-56.089999999999996,0.15949818
-56.1,0.15948504
-56.11,0.1594719
-56.12,0.15945882
-56.13,0.15944567
-56.14,0.15943255
-56.15,0.15941948
-56.16,0.15940633
-56.17,0.15939324
-56.18,0.1593802
-56.19,0.15936705
-56.199999999999996,0.159354
-56.21,0.1593409
-56.22,0.15932783
-56.23,0.15931475
-56.24,0.15930168
-56.25,0.15928864
-56.26,0.15927556
-56.269999999999996,0.15926255
-56.28,0.15924948
-56.29,0.1592364
-56.3,0.15922341
-56.31,0.15921032
-56.32,0.15919732
-56.33,0.1591843
-56.339999999999996,0.15917125
-56.35,0.15915826
-56.36,0.15914524
-56.37,0.15913223
-56.38,0.15911922
-56.39,0.15910625
-56.4,0.15909323
-56.41,0.1590802
-56.42,0.15906726
-56.43,0.15905426
-56.44,0.15904129
-56.449999999999996,0.15902837
-56.46,0.15901533
-56.47,0.15900241
-56.48,0.15898946
-56.49,0.15897645
-56.5,0.15896353
-56.51,0.1589506
-56.519999999999996,0.15893763
-56.53,0.15892473
-56.54,0.15891176
-56.55,0.15889883
-56.56,0.1588859
-56.57,0.158873
-56.58,0.15886009
-56.589999999999996,0.15884715
-56.6,0.15883428
-56.61,0.15882136
-56.62,0.15880847
-56.63,0.15879554
-56.64,0.1587827
-56.65,0.15876979
-56.66,0.15875696
-56.67,0.15874408
-56.68,0.15873119
-56.69,0.15871833
-56.699999999999996,0.15870544
-56.71,0.1586926
-56.72,0.15867972
-56.73,0.15866685
-56.74,0.15865406
-56.75,0.15864122
-56.76,0.15862837
-56.769999999999996,0.15861551
-56.78,0.15860271
-56.79,0.15858991
-56.8,0.15857707
-56.81,0.15856425
-56.82,0.15855145
-56.83,0.15853862
-56.839999999999996,0.15852585
-56.85,0.15851301
-56.86,0.15850022
-56.87,0.15848744
-56.88,0.15847468
-56.89,0.1584619
-56.9,0.15844911
-56.91,0.15843636
-56.92,0.15842357
-56.93,0.15841082
-56.94,0.15839805
-56.949999999999996,0.15838529
-56.96,0.15837258
-56.97,0.15835983
-56.98,0.1583471
-56.99,0.15833431
-57.0,0.15832163
-57.01,0.15830886
-57.019999999999996,0.15829617
-57.03,0.15828347
-57.04,0.15827073
-57.05,0.15825799
-57.06,0.1582453
-57.07,0.15823263
-57.08,0.1582199
-57.089999999999996,0.15820721
-57.1,0.15819451
-57.11,0.15818185
-57.12,0.1581692
-57.13,0.15815648
-57.14,0.15814382
-57.15,0.15813115
-57.16,0.15811849
-57.17,0.15810587
-57.18,0.15809318
-57.19,0.1580805
-57.199999999999996,0.15806787
-57.21,0.15805528
-57.22,0.1580426
-57.23,0.15803
-57.24,0.15801732
-57.25,0.1580047
-57.26,0.15799212
-57.269999999999996,0.15797949
-57.28,0.15796687
-57.29,0.15795428
-57.3,0.15794164
-57.31,0.15792906
-57.32,0.15791649
-57.33,0.15790385
-57.339999999999996,0.1578913
-57.35,0.15787874
-57.36,0.15786615
-57.37,0.15785359
-57.38,0.15784101
-57.39,0.15782845
-57.4,0.15781587
-57.41,0.15780333
-57.42,0.15779078
-57.43,0.15777828
-57.44,0.15776569
-57.449999999999996,0.15775314
-57.46,0.15774062
-57.47,0.1577281
-57.48,0.15771556
-57.49,0.15770304
-57.5,0.15769053
-57.51,0.157678
-57.519999999999996,0.15766549
-57.53,0.157653
-57.54,0.1576405
-57.55,0.157628
-57.56,0.1576155
-57.57,0.15760306
-57.58,0.15759051
-57.589999999999996,0.15757805
-57.6,0.15756556
-57.61,0.15755309
-57.62,0.15754062
-57.63,0.15752816
-57.64,0.1575157
-57.65,0.15750325
-57.66,0.15749085
-57.67,0.15747836
-57.68,0.15746592
-57.69,0.15745352
-57.699999999999996,0.15744102
-57.71,0.15742859
-57.72,0.15741614
-57.73,0.1574038
-57.74,0.1573914
-57.75,0.15737897
-57.76,0.15736654
-57.769999999999996,0.15735415
-57.78,0.15734175
-57.79,0.15732932
-57.8,0.15731695
-57.81,0.15730456
-57.82,0.15729217
-57.83,0.15727982
-57.839999999999996,0.15726745
-57.85,0.15725508
-57.86,0.15724272
-57.87,0.15723033
-57.88,0.15721795
-57.89,0.15720563
-57.9,0.1571933
-57.91,0.15718095
-57.92,0.15716863
-57.93,0.1571562
-57.94,0.15714392
-57.949999999999996,0.15713157
-57.96,0.15711924
-57.97,0.15710695
-57.98,0.15709464
-57.99,0.1570823
-58.0,0.15707001
-58.01,0.1570577
-58.019999999999996,0.1570454
-58.03,0.15703312
-58.04,0.1570208
-58.05,0.15700856
-58.06,0.15699624
-58.07,0.15698397
-58.08,0.15697166
-58.089999999999996,0.15695941
-58.1,0.15694714
-58.11,0.15693489
-58.12,0.15692262
-58.13,0.15691042
-58.14,0.15689814
-58.15,0.15688586
-58.16,0.15687366
-58.17,0.1568614
-58.18,0.15684915
-58.19,0.15683693
-58.199999999999996,0.15682471
-58.21,0.15681246
-58.22,0.15680028
-58.23,0.15678805
-58.24,0.15677583
-58.25,0.15676364
-58.26,0.15675144
-58.269999999999996,0.15673923
-58.28,0.15672708
-58.29,0.15671486
-58.3,0.15670267
-58.31,0.15669052
-58.32,0.15667832
-58.33,0.15666616
-58.339999999999996,0.15665399
-58.35,0.15664184
-58.36,0.15662965
-58.37,0.1566175
-58.38,0.15660533
-58.39,0.15659322
-58.4,0.15658104
-58.41,0.15656891
-58.42,0.15655679
-58.43,0.15654466
-58.44,0.15653251
-58.449999999999996,0.15652043
-58.46,0.15650827
-58.47,0.15649614
-58.48,0.15648407
-58.49,0.15647197
-58.5,0.15645984
-58.51,0.15644777
-58.519999999999996,0.15643564
-58.53,0.15642354
-58.54,0.15641145
-58.55,0.1563994
-58.56,0.15638733
-58.57,0.15637526
-58.58,0.15636316
-58.589999999999996,0.15635109
-58.6,0.15633902
-58.61,0.15632698
-58.62,0.15631494
-58.63,0.15630285
-58.64,0.15629081
-58.65,0.15627879
-58.66,0.1562667
-58.67,0.15625471
-58.68,0.15624268
-58.69,0.15623066
-58.699999999999996,0.15621865
-58.71,0.15620661
-58.72,0.15619457
-58.73,0.1561826
-58.74,0.15617058
-58.75,0.1561586
-58.76,0.15614657
-58.769999999999996,0.1561346
-58.78,0.1561226
-58.79,0.15611063
-58.8,0.15609862
-58.81,0.15608665
-58.82,0.1560747
-58.83,0.15606272
-58.839999999999996,0.15605071
-58.85,0.15603879
-58.86,0.15602681
-58.87,0.15601486
-58.88,0.15600291
-58.89,0.15599097
-58.9,0.15597901
-58.91,0.15596709
-58.92,0.15595517
-58.93,0.15594321
-58.94,0.15593128
-58.949999999999996,0.15591937
-58.96,0.15590739
-58.97,0.15589555
-58.98,0.15588361
-58.99,0.15587172
-59.0,0.1558598
-59.01,0.1558479
-59.019999999999996,0.15583602
-59.03,0.15582411
-59.04,0.15581222
-59.05,0.15580034
-59.06,0.15578848
-59.07,0.15577662
-59.08,0.1557647
-59.089999999999996,0.15575287
-59.1,0.15574104
-59.11,0.15572914
-59.12,0.15571725
-59.13,0.15570542
-59.14,0.15569359
-59.15,0.15568176
-59.16,0.15566988
-59.17,0.15565804
-59.18,0.15564623
-59.19,0.15563442
-59.199999999999996,0.15562254
-59.21,0.15561076
-59.22,0.15559894
-59.23,0.15558712
-59.24,0.1555753
-59.25,0.1555635
-59.26,0.15555173
-59.269999999999996,0.1555399
-59.28,0.15552807
-59.29,0.15551633
-59.3,0.15550455
-59.31,0.15549275
-59.32,0.155481
-59.33,0.15546921
-59.339999999999996,0.15545747
-59.35,0.15544562
-59.36,0.15543392
-59.37,0.15542215
-59.38,0.15541038
-59.39,0.15539864
-59.4,0.1553869
-59.41,0.15537512
-59.42,0.15536344
-59.43,0.15535167
-59.44,0.15533993
-59.449999999999996,0.15532824
-59.46,0.1553165
-59.47,0.15530477
-59.48,0.15529308
-59.49,0.15528134
-59.5,0.15526968
-59.51,0.15525794
-59.519999999999996,0.15524626
-59.53,0.15523458
-59.54,0.15522285
-59.55,0.15521118
-59.56,0.1551995
-59.57,0.15518782
-59.58,0.1551761
-59.589999999999996,0.15516445
-59.6,0.15515278
-59.61,0.15514109
-59.62,0.15512943
-59.63,0.15511778
-59.64,0.15510616
-59.65,0.1550945
-59.66,0.15508285
-59.67,0.1550712
-59.68,0.15505959
-59.69,0.15504792
-59.699999999999996,0.15503626
-59.71,0.15502466
-59.72,0.15501302
-59.73,0.15500143
-59.74,0.15498978
-59.75,0.15497822
-59.76,0.15496661
-59.769999999999996,0.15495498
-59.78,0.15494339
-59.79,0.15493181
-59.8,0.15492019
-59.81,0.15490863
-59.82,0.15489705
-59.83,0.15488541
-59.839999999999996,0.15487385
-59.85,0.15486231
-59.86,0.15485074
-59.87,0.15483919
-59.88,0.1548276
-59.89,0.154816
-59.9,0.1548045
-59.91,0.15479293
-59.92,0.1547814
-59.93,0.15476984
-59.94,0.1547583
-59.949999999999996,0.15474677
-59.96,0.15473524
-59.97,0.15472369
-59.98,0.1547122
-59.99,0.15470068
-60.0,0.15468913
-60.01,0.15467763
-60.019999999999996,0.1546661
-60.03,0.15465462
-60.04,0.15464312
-60.05,0.15463158
-60.06,0.15462011
-60.07,0.1546087
-60.08,0.15459716
-60.089999999999996,0.15458569
-60.1,0.15457419
-60.11,0.15456273
-60.12,0.15455127
-60.13,0.15453976
-60.14,0.15452828
-60.15,0.15451685
-60.16,0.15450536
-60.17,0.15449397
-60.18,0.15448248
-60.19,0.1544711
-60.199999999999996,0.1544596
-60.21,0.15444815
-60.22,0.15443677
-60.23,0.15442525
-60.24,0.15441386
-60.25,0.15440246
-60.26,0.15439104
-60.269999999999996,0.1543796
-60.28,0.15436822
-60.29,0.15435681
-60.3,0.15434542
-60.31,0.15433401
-60.32,0.1543226
-60.33,0.15431121
-60.339999999999996,0.15429981
-60.35,0.15428841
-60.36,0.15427709
-60.37,0.15426567
-60.38,0.15425429
-60.39,0.15424296
-60.4,0.15423155
-60.41,0.1542202
-60.42,0.15420884
-60.43,0.15419748
-60.44,0.15418613
-60.449999999999996,0.1541748
-60.46,0.15416345
-60.47,0.15415208
-60.48,0.15414082
-60.49,0.15412945
-60.5,0.15411809
-60.51,0.15410674
-60.519999999999996,0.15409543
-60.53,0.15408415
-60.54,0.15407279
-60.55,0.15406153
-60.56,0.15405019
-60.57,0.1540389
-60.58,0.15402758
-60.589999999999996,0.15401632
-60.6,0.15400504
-60.61,0.15399373
-60.62,0.15398245
-60.63,0.15397115
-60.64,0.15395987
-60.65,0.15394858
-60.66,0.15393732
-60.67,0.15392607
-60.68,0.15391478
-60.69,0.1539036
-60.699999999999996,0.15389228
-60.71,0.15388104
-60.72,0.15386978
-60.73,0.15385851
-60.74,0.15384728
-60.75,0.15383604
-60.76,0.15382484
-60.769999999999996,0.1538136
-60.78,0.15380237
-60.79,0.15379116
-60.8,0.15377994
-60.81,0.15376872
-60.82,0.1537575
-60.83,0.15374625
-60.839999999999996,0.15373509
-60.85,0.15372388
-60.86,0.15371266
-60.87,0.15370148
-60.88,0.15369031
-60.89,0.15367913
-60.9,0.15366791
-60.91,0.15365677
-60.92,0.15364558
-60.93,0.1536344
-60.94,0.1536232
-60.949999999999996,0.15361205
-60.96,0.15360092
-60.97,0.15358974
-60.98,0.15357858
-60.99,0.1535674
-61.0,0.15355632
-61.01,0.15354514
-61.019999999999996,0.15353402
-61.03,0.15352291
-61.04,0.15351176
-61.05,0.15350059
-61.06,0.15348949
-61.07,0.15347835
-61.08,0.15346721
-61.089999999999996,0.15345614
-61.1,0.15344505
-61.11,0.15343389
-61.12,0.1534228
-61.13,0.15341172
-61.14,0.15340061
-61.15,0.15338951
-61.16,0.15337843
-61.17,0.15336731
-61.18,0.15335625
-61.19,0.1533452
-61.199999999999996,0.15333414
-61.21,0.15332305
-61.22,0.153312
-61.23,0.15330088
-61.24,0.15328985
-61.25,0.15327878
-61.26,0.15326771
-61.269999999999996,0.15325668
-61.28,0.15324566
-61.29,0.1532346
-61.3,0.15322354
-61.31,0.15321252
-61.32,0.15320149
-61.33,0.1531905
-61.339999999999996,0.15317944
-61.35,0.15316837
-61.36,0.15315738
-61.37,0.15314637
-61.38,0.15313536
-61.39,0.15312436
-61.4,0.15311338
-61.41,0.15310234
-61.42,0.15309139
-61.43,0.15308034
-61.44,0.15306938
-61.449999999999996,0.15305841
-61.46,0.1530474
-61.47,0.15303643
-61.48,0.15302543
-61.49,0.15301448
-61.5,0.15300351
-61.51,0.15299255
-61.519999999999996,0.1529816
-61.53,0.15297061
-61.54,0.15295964
-61.55,0.15294872
-61.56,0.15293777
-61.57,0.15292683
-61.58,0.1529159
-61.589999999999996,0.15290496
-61.6,0.15289402
-61.61,0.15288311
-61.62,0.15287215
-61.63,0.15286124
-61.64,0.1528503
-61.65,0.1528394
-61.66,0.15282848
-61.67,0.1528176
-61.68,0.15280671
-61.69,0.15279578
-61.7,0.15278488
-61.71,0.152774
-61.72,0.15276308
-61.73,0.15275225
-61.74,0.15274134
-61.75,0.15273044
-61.76,0.15271959
-61.769999999999996,0.15270871
-61.78,0.15269786
-61.79,0.15268695
-61.8,0.1526761
-61.81,0.15266526
-61.82,0.15265441
-61.83,0.15264356
-61.839999999999996,0.15263268
-61.85,0.15262187
-61.86,0.15261102
-61.87,0.15260017
-61.88,0.15258935
-61.89,0.15257852
-61.9,0.15256768
-61.91,0.15255685
-61.92,0.15254602
-61.93,0.15253524
-61.94,0.15252438
-61.95,0.15251358
-61.96,0.15250278
-61.97,0.15249196
-61.98,0.15248114
-61.99,0.15247035
-62.0,0.15245958
-62.01,0.15244882
-62.019999999999996,0.15243797
-62.03,0.15242723
-62.04,0.15241644
-62.05,0.15240565
-62.06,0.15239486
-62.07,0.15238413
-62.08,0.15237334
-62.089999999999996,0.15236259
-62.1,0.15235183
-62.11,0.1523411
-62.12,0.15233037
-62.13,0.15231957
-62.14,0.15230885
-62.15,0.15229806
-62.16,0.15228736
-62.17,0.15227664
-62.18,0.15226588
-62.19,0.15225513
-62.2,0.15224443
-62.21,0.15223372
-62.22,0.15222299
-62.23,0.15221229
-62.24,0.15220156
-62.25,0.1521909
-62.26,0.15218018
-62.269999999999996,0.15216947
-62.28,0.15215875
-62.29,0.15214807
-62.3,0.1521374
-62.31,0.15212667
-62.32,0.15211605
-62.33,0.15210529
-62.339999999999996,0.15209466
-62.35,0.15208398
-62.36,0.15207331
-62.37,0.15206268
-62.38,0.152052
-62.39,0.1520413
-62.4,0.15203068
-62.41,0.15202
-62.42,0.15200934
-62.43,0.15199867
-62.44,0.15198809
-62.45,0.15197748
-62.46,0.15196681
-62.47,0.15195617
-62.48,0.15194552
-62.49,0.15193492
-62.5,0.15192428
-62.51,0.15191367
-62.519999999999996,0.15190303
-62.53,0.15189245
-62.54,0.15188178
-62.55,0.1518712
-62.56,0.15186065
-62.57,0.15185004
-62.58,0.1518394
-62.589999999999996,0.15182883
-62.6,0.15181825
-62.61,0.15180764
-62.62,0.1517971
-62.63,0.15178654
-62.64,0.15177596
-62.65,0.15176538
-62.66,0.15175477
-62.67,0.15174423
-62.68,0.1517337
-62.69,0.15172312
-62.7,0.15171257
-62.71,0.15170202
-62.72,0.15169144
-62.73,0.15168092
-62.74,0.15167034
-62.75,0.15165985
-62.76,0.15164928
-62.769999999999996,0.15163878
-62.78,0.15162823
-62.79,0.15161774
-62.8,0.15160719
-62.81,0.15159665
-62.82,0.15158615
-62.83,0.15157564
-62.839999999999996,0.15156513
-62.85,0.15155467
-62.86,0.15154412
-62.87,0.15153365
-62.88,0.15152314
-62.89,0.15151268
-62.9,0.15150218
-62.91,0.15149169
-62.92,0.1514812
-62.93,0.15147072
-62.94,0.15146023
-62.95,0.15144977
-62.96,0.15143931
-62.97,0.15142883
-62.98,0.15141839
-62.99,0.15140796
-63.0,0.15139747
-63.01,0.151387
-63.019999999999996,0.15137652
-63.03,0.15136607
-63.04,0.15135567
-63.05,0.15134525
-63.06,0.15133479
-63.07,0.15132436
-63.08,0.15131393
-63.089999999999996,0.15130354
-63.1,0.15129311
-63.11,0.1512827
-63.12,0.15127224
-63.13,0.15126185
-63.14,0.15125144
-63.15,0.151241
-63.16,0.1512306
-63.17,0.1512202
-63.18,0.15120986
-63.19,0.15119946
-63.2,0.15118906
-63.21,0.15117869
-63.22,0.1511683
-63.23,0.15115789
-63.24,0.15114754
-63.25,0.15113714
-63.26,0.1511268
-63.269999999999996,0.1511164
-63.28,0.15110606
-63.29,0.1510957
-63.3,0.15108535
-63.31,0.15107502
-63.32,0.15106463
-63.33,0.15105431
-63.339999999999996,0.15104395
-63.35,0.1510336
-63.36,0.1510233
-63.37,0.15101293
-63.38,0.15100265
-63.39,0.15099229
-63.4,0.15098199
-63.41,0.15097165
-63.42,0.15096131
-63.43,0.150951
-63.44,0.15094072
-63.45,0.15093035
-63.46,0.1509201
-63.47,0.15090978
-63.48,0.1508995
-63.49,0.15088919
-63.5,0.15087889
-63.51,0.1508686
-63.519999999999996,0.1508583
-63.53,0.15084806
-63.54,0.15083778
-63.55,0.1508275
-63.56,0.15081722
-63.57,0.15080696
-63.58,0.15079671
-63.589999999999996,0.15078641
-63.6,0.15077618
-63.61,0.15076593
-63.62,0.15075567
-63.63,0.15074542
-63.64,0.15073515
-63.65,0.15072492
-63.66,0.15071468
-63.67,0.15070444
-63.68,0.15069419
-63.69,0.150684
-63.7,0.15067375
-63.71,0.15066351
-63.72,0.15065327
-63.73,0.15064311
-63.74,0.15063289
-63.75,0.15062267
-63.76,0.1506125
-63.769999999999996,0.15060225
-63.78,0.15059203
-63.79,0.15058187
-63.8,0.15057166
-63.81,0.15056147
-63.82,0.1505513
-63.83,0.1505411
-63.839999999999996,0.15053093
-63.85,0.15052076
-63.86,0.15051058
-63.87,0.15050039
-63.88,0.15049024
-63.89,0.15048008
-63.9,0.15046987
-63.91,0.15045974
-63.92,0.1504496
-63.93,0.15043941
-63.94,0.1504293
-63.95,0.15041912
-63.96,0.15040898
-63.97,0.15039885
-63.98,0.15038875
-63.99,0.15037858
-64.0,0.15036845
-64.01,0.15035832
-64.02000000000001,0.15034819
-64.03,0.15033807
-64.04,0.15032797
-64.05000000000001,0.15031782
-64.06,0.15030774
-64.07000000000001,0.15029764
-64.08000000000001,0.15028751
-64.09,0.1502774
-64.10000000000001,0.15026733
-64.11,0.15025723
-64.12,0.15024711
-64.13000000000001,0.15023705
-64.14,0.15022695
-64.15,0.15021688
-64.16000000000001,0.15020679
-64.17,0.1501967
-64.18,0.1501866
-64.19000000000001,0.15017653
-64.2,0.15016651
-64.21000000000001,0.15015644
-64.22000000000001,0.15014634
-64.23,0.15013632
-64.24000000000001,0.15012628
-64.25,0.1501162
-64.26,0.15010616
-64.27000000000001,0.15009606
-64.28,0.15008608
-64.29,0.15007603
-64.30000000000001,0.15006599
-64.31,0.15005597
-64.32000000000001,0.15004592
-64.33000000000001,0.15003589
-64.34,0.1500259
-64.35000000000001,0.15001586
-64.36,0.15000586
-64.37,0.14999583
-64.38000000000001,0.14998582
-64.39,0.1499758
-64.4,0.1499658
-64.41000000000001,0.1499558
-64.42,0.1499458
-64.43,0.14993581
-64.44000000000001,0.1499258
-64.45,0.14991578
-64.46000000000001,0.14990583
-64.47000000000001,0.14989585
-64.48,0.14988585
-64.49000000000001,0.14987588
-64.5,0.1498659
-64.51,0.14985597
-64.52000000000001,0.14984596
-64.53,0.14983602
-64.54,0.14982605
-64.55000000000001,0.1498161
-64.56,0.14980613
-64.57000000000001,0.14979616
-64.58000000000001,0.1497862
-64.59,0.14977628
-64.60000000000001,0.14976636
-64.61,0.14975637
-64.62,0.14974645
-64.63000000000001,0.14973652
-64.64,0.14972663
-64.65,0.14971668
-64.66000000000001,0.14970675
-64.67,0.14969686
-64.68,0.1496869
-64.69000000000001,0.14967701
-64.7,0.14966708
-64.71000000000001,0.14965716
-64.72000000000001,0.14964727
-64.73,0.14963737
-64.74000000000001,0.14962746
-64.75,0.14961755
-64.76,0.14960766
-64.77000000000001,0.1495978
-64.78,0.1495879
-64.79,0.14957803
-64.80000000000001,0.14956813
-64.81,0.14955825
-64.82000000000001,0.14954835
-64.83000000000001,0.14953849
-64.84,0.14952861
-64.85000000000001,0.14951876
-64.86,0.1495089
-64.87,0.14949906
-64.88000000000001,0.14948921
-64.89,0.14947931
-64.9,0.14946947
-64.91000000000001,0.14945962
-64.92,0.14944977
-64.93,0.14943993
-64.94000000000001,0.1494301
-64.95,0.14942025
-64.96000000000001,0.14941043
-64.97000000000001,0.14940059
-64.98,0.14939077
-64.99000000000001,0.14938095
-65.0,0.1493711
-65.01,0.14936133
-65.02000000000001,0.14935149
-65.03,0.14934173
-65.04,0.1493319
-65.05000000000001,0.14932206
-65.06,0.14931229
-65.07000000000001,0.14930248
-65.08000000000001,0.14929268
-65.09,0.14928287
-65.10000000000001,0.14927313
-65.11,0.1492633
-65.12,0.14925355
-65.13000000000001,0.14924371
-65.14,0.14923397
-65.15,0.14922416
-65.16000000000001,0.1492144
-65.17,0.14920464
-65.18,0.1491949
-65.19000000000001,0.14918509
-65.2,0.14917538
-65.21000000000001,0.1491656
-65.22000000000001,0.14915586
-65.23,0.14914611
-65.24000000000001,0.14913633
-65.25,0.14912662
-65.26,0.14911684
-65.27000000000001,0.14910713
-65.28,0.14909735
-65.29,0.14908764
-65.30000000000001,0.1490779
-65.31,0.14906818
-65.32000000000001,0.14905843
-65.33000000000001,0.14904872
-65.34,0.149039
-65.35000000000001,0.14902931
-65.36,0.1490196
-65.37,0.14900991
-65.38000000000001,0.14900017
-65.39,0.14899048
-65.4,0.14898078
-65.41000000000001,0.14897113
-65.42,0.1489614
-65.43,0.14895174
-65.44000000000001,0.148942
-65.45,0.14893234
-65.46000000000001,0.14892262
-65.47000000000001,0.14891297
-65.48,0.1489033
-65.49000000000001,0.1488936
-65.5,0.14888395
-65.51,0.14887428
-65.52000000000001,0.14886463
-65.53,0.14885494
-65.54,0.14884529
-65.55000000000001,0.14883563
-65.56,0.14882596
-65.57000000000001,0.14881632
-65.58000000000001,0.14880669
-65.59,0.14879707
-65.60000000000001,0.14878736
-65.61,0.14877774
-65.62,0.1487681
-65.63000000000001,0.14875847
-65.64,0.14874887
-65.65,0.14873925
-65.66000000000001,0.1487296
-65.67,0.14872
-65.68,0.1487104
-65.69000000000001,0.14870076
-65.7,0.14869119
-65.71000000000001,0.14868155
-65.72000000000001,0.14867193
-65.73,0.14866233
-65.74000000000001,0.14865273
-65.75,0.1486431
-65.76,0.14863355
-65.77000000000001,0.14862394
-65.78,0.14861433
-65.79,0.1486048
-65.80000000000001,0.14859518
-65.81,0.14858562
-65.82000000000001,0.14857608
-65.83000000000001,0.14856647
-65.84,0.14855689
-65.85000000000001,0.14854732
-65.86,0.14853776
-65.87,0.14852822
-65.88000000000001,0.14851867
-65.89,0.14850909
-65.9,0.14849955
-65.91000000000001,0.14849001
-65.92,0.14848045
-65.93,0.14847094
-65.94000000000001,0.14846134
-65.95,0.14845186
-65.96000000000001,0.1484423
-65.97000000000001,0.14843276
-65.98,0.14842322
-65.99000000000001,0.14841367
-66.0,0.14840417
-66.01,0.14839461
-66.02000000000001,0.14838514
-66.03,0.1483756
-66.04,0.14836612
-66.05000000000001,0.1483566
-66.06,0.14834711
-66.07000000000001,0.14833757
-66.08000000000001,0.14832813
-66.09,0.14831859
-66.10000000000001,0.14830911
-66.11,0.14829963
-66.12,0.14829016
-66.13000000000001,0.14828064
-66.14,0.14827114
-66.15,0.14826164
-66.16000000000001,0.14825216
-66.17,0.1482427
-66.18,0.14823325
-66.19000000000001,0.14822382
-66.2,0.14821431
-66.21000000000001,0.14820486
-66.22000000000001,0.14819539
-66.23,0.14818597
-66.24000000000001,0.14817649
-66.25,0.14816701
-66.26,0.14815761
-66.27000000000001,0.14814818
-66.28,0.1481387
-66.29,0.14812925
-66.30000000000001,0.14811982
-66.31,0.14811039
-66.32000000000001,0.14810094
-66.33000000000001,0.1480915
-66.34,0.14808212
-66.35000000000001,0.14807267
-66.36,0.14806327
-66.37,0.14805382
-66.38000000000001,0.14804444
-66.39,0.14803499
-66.4,0.1480256
-66.41000000000001,0.14801623
-66.42,0.1480068
-66.43,0.1479974
-66.44000000000001,0.14798802
-66.45,0.14797863
-66.46000000000001,0.1479692
-66.47000000000001,0.14795986
-66.48,0.14795044
-66.49000000000001,0.14794108
-66.5,0.14793172
-66.51,0.1479223
-66.52000000000001,0.14791292
-66.53,0.14790359
-66.54,0.14789417
-66.55000000000001,0.14788482
-66.56,0.14787549
-66.57000000000001,0.14786613
-66.58000000000001,0.14785677
-66.59,0.14784741
-66.60000000000001,0.14783806
-66.61,0.14782867
-66.62,0.1478194
-66.63000000000001,0.14781003
-66.64,0.14780065
-66.65,0.14779136
-66.66000000000001,0.14778203
-66.67,0.14777264
-66.68,0.14776334
-66.69000000000001,0.14775398
-66.7,0.14774472
-66.71000000000001,0.14773537
-66.72000000000001,0.14772606
-66.73,0.14771673
-66.74000000000001,0.14770745
-66.75,0.14769813
-66.76,0.14768884
-66.77000000000001,0.14767954
-66.78,0.14767025
-66.79,0.14766094
-66.80000000000001,0.14765161
-66.81,0.14764234
-66.82000000000001,0.14763305
-66.83000000000001,0.14762373
-66.84,0.14761451
-66.85000000000001,0.14760518
-66.86,0.14759591
-66.87,0.14758661
-66.88000000000001,0.14757738
-66.89,0.1475681
-66.9,0.14755884
-66.91000000000001,0.14754957
-66.92,0.14754033
-66.93,0.14753109
-66.94000000000001,0.14752176
-66.95,0.14751253
-66.96000000000001,0.14750329
-66.97000000000001,0.14749408
-66.98,0.14748478
-66.99000000000001,0.1474756
-67.0,0.14746633
-67.01,0.14745708
-67.02000000000001,0.14744787
-67.03,0.14743863
-67.04,0.1474294
-67.05000000000001,0.1474202
-67.06,0.14741094
-67.07000000000001,0.14740175
-67.08000000000001,0.14739251
-67.09,0.1473833
-67.10000000000001,0.14737411
-67.11,0.14736488
-67.12,0.14735569
-67.13000000000001,0.14734647
-67.14,0.14733729
-67.15,0.14732808
-67.16000000000001,0.1473189
-67.17,0.14730972
-67.18,0.14730051
-67.19000000000001,0.1472913
-67.2,0.14728215
-67.21000000000001,0.14727297
-67.22000000000001,0.14726378
-67.23,0.14725462
-67.24000000000001,0.14724544
-67.25,0.14723629
-67.26,0.1472271
-67.27000000000001,0.14721794
-67.28,0.14720881
-67.29,0.1471996
-67.30000000000001,0.14719044
-67.31,0.14718133
-67.32000000000001,0.14717217
-67.33000000000001,0.147163
-67.34,0.14715387
-67.35000000000001,0.14714475
-67.36,0.14713559
-67.37,0.14712645
-67.38000000000001,0.14711732
-67.39,0.14710821
-67.4,0.14709905
-67.41000000000001,0.14708993
-67.42,0.14708081
-67.43,0.14707167
-67.44000000000001,0.1470626
-67.45,0.14705345
-67.46000000000001,0.14704433
-67.47000000000001,0.14703523
-67.48,0.14702615
-67.49000000000001,0.14701706
-67.5,0.14700796
-67.51,0.14699881
-67.52000000000001,0.14698973
-67.53,0.14698064
-67.54,0.14697155
-67.55000000000001,0.14696246
-67.56,0.14695342
-67.57000000000001,0.14694431
-67.58000000000001,0.14693522
-67.59,0.14692613
-67.60000000000001,0.14691707
-67.61,0.14690802
-67.62,0.14689893
-67.63000000000001,0.14688987
-67.64,0.1468808
-67.65,0.14687178
-67.66000000000001,0.14686269
-67.67,0.14685366
-67.68,0.14684458
-67.69000000000001,0.14683555
-67.7,0.1468265
-67.71000000000001,0.14681748
-67.72000000000001,0.14680845
-67.73,0.14679939
-67.74000000000001,0.14679036
-67.75,0.1467813
-67.76,0.1467723
-67.77000000000001,0.14676324
-67.78,0.14675424
-67.79,0.14674519
-67.80000000000001,0.14673617
-67.81,0.14672717
-67.82000000000001,0.14671817
-67.83000000000001,0.14670914
-67.84,0.14670017
-67.85000000000001,0.14669114
-67.86,0.14668211
-67.87,0.14667311
-67.88000000000001,0.14666411
-67.89,0.14665514
-67.9,0.14664613
-67.91000000000001,0.14663717
-67.92,0.14662817
-67.93,0.1466192
-67.94000000000001,0.14661022
-67.95,0.14660123
-67.96000000000001,0.14659226
-67.97000000000001,0.14658323
-67.98,0.14657429
-67.99000000000001,0.14656532
-68.0,0.1465564
-68.01,0.14654744
-68.02000000000001,0.14653844
-68.03,0.14652953
-68.04,0.14652056
-68.05000000000001,0.14651157
-68.06,0.14650261
-68.07000000000001,0.14649369
-68.08000000000001,0.14648473
-68.09,0.14647579
-68.10000000000001,0.14646685
-68.11,0.14645791
-68.12,0.14644898
-68.13000000000001,0.14644006
-68.14,0.14643115
-68.15,0.1464222
-68.16000000000001,0.1464133
-68.17,0.1464044
-68.18,0.14639543
-68.19000000000001,0.14638652
-68.2,0.14637765
-68.21000000000001,0.14636871
-68.22000000000001,0.14635983
-68.23,0.14635092
-68.24000000000001,0.14634201
-68.25,0.1463331
-68.26,0.14632423
-68.27000000000001,0.14631534
-68.28,0.14630641
-68.29,0.14629751
-68.30000000000001,0.14628863
-68.31,0.14627977
-68.32000000000001,0.14627089
-68.33000000000001,0.14626199
-68.34,0.14625312
-68.35000000000001,0.14624429
-68.36000000000001,0.14623544
-68.37,0.14622653
-68.38000000000001,0.14621764
-68.39,0.1462088
-68.4,0.14619993
-68.41000000000001,0.14619106
-68.42,0.14618224
-68.43,0.14617336
-68.44000000000001,0.1461645
-68.45,0.14615571
-68.46000000000001,0.14614686
-68.47000000000001,0.14613801
-68.48,0.14612913
-68.49000000000001,0.14612034
-68.5,0.14611149
-68.51,0.1461027
-68.52000000000001,0.14609385
-68.53,0.146085
-68.54,0.1460762
-68.55000000000001,0.14606737
-68.56,0.14605853
-68.57000000000001,0.14604975
-68.58000000000001,0.14604092
-68.59,0.14603215
-68.60000000000001,0.14602333
-68.61000000000001,0.14601453
-68.62,0.1460057
-68.63000000000001,0.1459969
-68.64,0.1459881
-68.65,0.14597934
-68.66000000000001,0.14597055
-68.67,0.14596172
-68.68,0.14595295
-68.69000000000001,0.14594415
-68.7,0.1459354
-68.71000000000001,0.14592662
-68.72000000000001,0.14591786
-68.73,0.14590904
-68.74000000000001,0.1459003
-68.75,0.14589152
-68.76,0.14588276
-68.77000000000001,0.14587396
-68.78,0.1458652
-68.79,0.14585644
-68.80000000000001,0.14584775
-68.81,0.145839
-68.82000000000001,0.14583024
-68.83000000000001,0.14582147
-68.84,0.14581275
-68.85000000000001,0.14580402
-68.86000000000001,0.14579526
-68.87,0.14578652
-68.88000000000001,0.1457778
-68.89,0.14576901
-68.9,0.14576033
-68.91000000000001,0.14575157
-68.92,0.14574286
-68.93,0.14573416
-68.94000000000001,0.1457254
-68.95,0.14571673
-68.96000000000001,0.145708
-68.97000000000001,0.14569929
-68.98,0.14569059
-68.99000000000001,0.14568189
-69.0,0.14567317
-69.01,0.14566445
-69.02000000000001,0.14565575
-69.03,0.14564708
-69.04,0.1456384
-69.05000000000001,0.1456297
-69.06,0.145621
-69.07000000000001,0.14561233
-69.08000000000001,0.14560366
-69.09,0.14559495
-69.10000000000001,0.14558628
-69.11000000000001,0.1455776
-69.12,0.14556892
-69.13000000000001,0.1455603
-69.14,0.14555159
-69.15,0.14554292
-69.16000000000001,0.14553429
-69.17,0.14552563
-69.18,0.14551692
-69.19000000000001,0.14550829
-69.2,0.14549965
-69.21000000000001,0.14549099
-69.22000000000001,0.14548235
-69.23,0.14547369
-69.24000000000001,0.14546508
-69.25,0.14545642
-69.26,0.14544782
-69.27000000000001,0.14543915
-69.28,0.1454305
-69.29,0.14542186
-69.30000000000001,0.14541328
-69.31,0.14540464
-69.32000000000001,0.14539605
-69.33000000000001,0.14538741
-69.34,0.14537883
-69.35000000000001,0.14537019
-69.36000000000001,0.14536157
-69.37,0.14535296
-69.38000000000001,0.14534438
-69.39,0.14533576
-69.4,0.14532715
-69.41000000000001,0.14531851
-69.42,0.14530995
-69.43,0.14530134
-69.44000000000001,0.14529276
-69.45,0.14528418
-69.46000000000001,0.14527558
-69.47000000000001,0.14526701
-69.48,0.14525846
-69.49000000000001,0.14524984
-69.5,0.14524126
-69.51,0.14523268
-69.52000000000001,0.14522415
-69.53,0.14521554
-69.54,0.14520696
-69.55000000000001,0.14519848
-69.56,0.14518985
-69.57000000000001,0.14518133
-69.58000000000001,0.14517277
-69.59,0.14516422
-69.60000000000001,0.14515564
-69.61000000000001,0.1451471
-69.62,0.14513856
-69.63000000000001,0.14513001
-69.64,0.14512146
-69.65,0.14511292
-69.66000000000001,0.14510442
-69.67,0.14509588
-69.68,0.14508736
-69.69000000000001,0.1450788
-69.7,0.14507028
-69.71000000000001,0.14506175
-69.72000000000001,0.14505324
-69.73,0.1450447
-69.74000000000001,0.14503619
-69.75,0.1450277
-69.76,0.14501917
-69.77000000000001,0.14501068
-69.78,0.14500213
-69.79,0.14499368
-69.80000000000001,0.14498514
-69.81,0.14497668
-69.82000000000001,0.14496815
-69.83000000000001,0.14495969
-69.84,0.14495116
-69.85000000000001,0.14494267
-69.86000000000001,0.14493418
-69.87,0.14492571
-69.88000000000001,0.14491723
-69.89,0.14490876
-69.9,0.14490029
-69.91000000000001,0.1448918
-69.92,0.14488336
-69.93,0.14487486
-69.94000000000001,0.1448664
-69.95,0.14485794
-69.96000000000001,0.14484948
-69.97000000000001,0.14484103
-69.98,0.14483255
-69.99000000000001,0.1448241
-70.0,0.14481567
-70.01,0.1448072
-70.02000000000001,0.14479876
-70.03,0.14479029
-70.04,0.14478189
-70.05000000000001,0.14477344
-70.06,0.14476502
-70.07000000000001,0.14475657
-70.08000000000001,0.14474815
-70.09,0.14473967
-70.10000000000001,0.14473127
-70.11000000000001,0.14472288
-70.12,0.14471442
-70.13000000000001,0.14470603
-70.14,0.14469762
-70.15,0.14468917
-70.16000000000001,0.14468078
-70.17,0.14467236
-70.18,0.14466396
-70.19000000000001,0.14465554
-70.2,0.14464712
-70.21000000000001,0.14463878
-70.22000000000001,0.14463034
-70.23,0.14462191
-70.24000000000001,0.14461358
-70.25,0.14460516
-70.26,0.14459679
-70.27000000000001,0.14458835
-70.28,0.14458
-70.29,0.1445716
-70.30000000000001,0.14456323
-70.31,0.14455485
-70.32000000000001,0.14454651
-70.33000000000001,0.14453813
-70.34,0.14452973
-70.35000000000001,0.14452136
-70.36000000000001,0.14451301
-70.37,0.14450467
-70.38000000000001,0.1444963
-70.39,0.14448795
-70.4,0.1444796
-70.41000000000001,0.14447123
-70.42,0.1444629
-70.43,0.14445454
-70.44000000000001,0.14444622
-70.45,0.14443788
-70.46000000000001,0.14442953
-70.47000000000001,0.14442116
-70.48,0.14441282
-70.49000000000001,0.14440455
-70.5,0.14439619
-70.51,0.14438787
-70.52000000000001,0.14437956
-70.53,0.14437123
-70.54,0.14436291
-70.55000000000001,0.14435455
-70.56,0.14434627
-70.57000000000001,0.14433795
-70.58000000000001,0.14432965
-70.59,0.14432135
-70.60000000000001,0.14431305
-70.61000000000001,0.14430472
-70.62,0.14429641
-70.63000000000001,0.14428812
-70.64,0.14427984
-70.65,0.14427152
-70.66000000000001,0.14426325
-70.67,0.14425494
-70.68,0.14424667
-70.69000000000001,0.14423838
-70.7,0.14423007
-70.71000000000001,0.14422183
-70.72000000000001,0.14421354
-70.73,0.14420527
-70.74000000000001,0.144197
-70.75,0.14418876
-70.76,0.14418043
-70.77000000000001,0.14417218
-70.78,0.14416397
-70.79,0.14415565
-70.80000000000001,0.1441474
-70.81,0.14413914
-70.82000000000001,0.14413092
-70.83000000000001,0.14412266
-70.84,0.1441144
-70.85000000000001,0.14410615
-70.86000000000001,0.14409792
-70.87,0.1440897
-70.88000000000001,0.14408144
-70.89,0.14407319
-70.9,0.14406496
-70.91000000000001,0.14405671
-70.92,0.14404851
-70.93,0.14404029
-70.94000000000001,0.14403206
-70.95,0.14402382
-70.96000000000001,0.14401561
-70.97000000000001,0.14400741
-70.98,0.14399919
-70.99000000000001,0.14399096
-71.0,0.14398277
-71.01,0.14397457
-71.02000000000001,0.14396636
-71.03,0.14395812
-71.04,0.14394994
-71.05000000000001,0.14394175
-71.06,0.1439335
-71.07000000000001,0.14392534
-71.08000000000001,0.14391719
-71.09,0.14390898
-71.10000000000001,0.14390081
-71.11000000000001,0.14389262
-71.12,0.14388442
-71.13000000000001,0.14387625
-71.14,0.14386806
-71.15,0.1438599
-71.16000000000001,0.14385174
-71.17,0.14384358
-71.18,0.1438354
-71.19000000000001,0.14382724
-71.2,0.14381903
-71.21000000000001,0.14381087
-71.22000000000001,0.14380275
-71.23,0.1437946
-71.24000000000001,0.14378643
-71.25,0.14377825
-71.26,0.14377016
-71.27000000000001,0.14376199
-71.28,0.14375383
-71.29,0.14374569
-71.30000000000001,0.14373758
-71.31,0.14372943
-71.32000000000001,0.1437213
-71.33000000000001,0.14371318
-71.34,0.14370503
-71.35000000000001,0.1436969
-71.36000000000001,0.14368878
-71.37,0.14368063
-71.38000000000001,0.14367253
-71.39,0.1436644
-71.4,0.14365628
-71.41000000000001,0.14364816
-71.42,0.14364007
-71.43,0.143632
-71.44000000000001,0.14362384
-71.45,0.14361575
-71.46000000000001,0.14360765
-71.47000000000001,0.14359954
-71.48,0.14359143
-71.49000000000001,0.14358336
-71.5,0.14357525
-71.51,0.14356714
-71.52000000000001,0.1435591
-71.53,0.143551
-71.54,0.1435429
-71.55000000000001,0.14353484
-71.56,0.1435267
-71.57000000000001,0.14351867
-71.58000000000001,0.14351058
-71.59,0.1435025
-71.60000000000001,0.14349446
-71.61000000000001,0.14348641
-71.62,0.14347833
-71.63000000000001,0.14347026
-71.64,0.14346221
-71.65,0.14345415
-71.66000000000001,0.14344609
-71.67,0.14343804
-71.68,0.14343
-71.69000000000001,0.14342192
-71.7,0.1434139
-71.71000000000001,0.14340581
-71.72000000000001,0.14339781
-71.73,0.14338975
-71.74000000000001,0.14338171
-71.75,0.14337371
-71.76,0.14336562
-71.77000000000001,0.14335762
-71.78,0.14334962
-71.79,0.14334157
-71.80000000000001,0.14333358
-71.81,0.14332554
-71.82000000000001,0.14331752
-71.83000000000001,0.1433095
-71.84,0.14330152
-71.85000000000001,0.14329344
-71.86000000000001,0.14328545
-71.87,0.14327742
-71.88000000000001,0.14326943
-71.89,0.14326143
-71.9,0.14325342
-71.91000000000001,0.14324543
-71.92,0.14323744
-71.93,0.14322945
-71.94000000000001,0.14322144
-71.95,0.14321345
-71.96000000000001,0.1432055
-71.97000000000001,0.14319748
-71.98,0.14318949
-71.99000000000001,0.14318153
-72.0,0.14317356
-72.01,0.14316556
-72.02000000000001,0.1431576
-72.03,0.14314964
-72.04,0.14314166
-72.05000000000001,0.14313367
-72.06,0.14312571
-72.07000000000001,0.14311776
-72.08000000000001,0.14310977
-72.09,0.14310184
-72.10000000000001,0.14309387
-72.11000000000001,0.14308596
-72.12,0.14307803
-72.13000000000001,0.14307006
-72.14,0.14306208
-72.15,0.14305416
-72.16000000000001,0.14304623
-72.17,0.14303824
-72.18,0.14303032
-72.19000000000001,0.14302239
-72.2,0.14301446
-72.21000000000001,0.14300652
-72.22000000000001,0.14299859
-72.23,0.14299065
-72.24000000000001,0.14298274
-72.25,0.14297482
-72.26,0.1429669
-72.27000000000001,0.142959
-72.28,0.14295107
-72.29,0.14294316
-72.30000000000001,0.14293526
-72.31,0.14292735
-72.32000000000001,0.14291944
-72.33000000000001,0.14291155
-72.34,0.14290363
-72.35000000000001,0.14289573
-72.36000000000001,0.14288783
-72.37,0.14287993
-72.38000000000001,0.14287207
-72.39,0.14286415
-72.4,0.14285626
-72.41000000000001,0.14284837
-72.42,0.1428405
-72.43,0.14283267
-72.44000000000001,0.14282474
-72.45,0.14281687
-72.46000000000001,0.142809
-72.47000000000001,0.14280114
-72.48,0.14279324
-72.49000000000001,0.14278537
-72.5,0.14277753
-72.51,0.14276966
-72.52000000000001,0.14276183
-72.53,0.14275396
-72.54,0.14274608
-72.55000000000001,0.14273822
-72.56,0.14273041
-72.57000000000001,0.14272252
-72.58000000000001,0.14271468
-72.59,0.14270684
-72.60000000000001,0.14269897
-72.61000000000001,0.14269114
-72.62,0.14268333
-72.63000000000001,0.14267546
-72.64,0.14266765
-72.65,0.14265981
-72.66000000000001,0.142652
-72.67,0.14264414
-72.68,0.14263633
-72.69000000000001,0.14262849
-72.7,0.14262071
-72.71000000000001,0.14261284
-72.72000000000001,0.14260504
-72.73,0.1425972
-72.74000000000001,0.14258942
-72.75,0.14258161
-72.76,0.1425738
-72.77000000000001,0.142566
-72.78,0.14255819
-72.79,0.14255038
-72.80000000000001,0.14254259
-72.81,0.14253478
-72.82000000000001,0.14252698
-72.83000000000001,0.14251919
-72.84,0.14251141
-72.85000000000001,0.1425036
-72.86000000000001,0.14249584
-72.87,0.14248806
-72.88000000000001,0.14248028
-72.89,0.1424725
-72.9,0.14246471
-72.91000000000001,0.14245693
-72.92,0.1424492
-72.93,0.14244139
-72.94000000000001,0.14243364
-72.95,0.14242585
-72.96000000000001,0.14241812
-72.97000000000001,0.14241034
-72.98,0.1424026
-72.99000000000001,0.14239481
-73.0,0.14238706
-73.01,0.14237931
-73.02000000000001,0.14237154
-73.03,0.14236383
-73.04,0.1423561
-73.05000000000001,0.14234833
-73.06,0.14234059
-73.07000000000001,0.14233284
-73.08000000000001,0.1423251
-73.09,0.14231738
-73.10000000000001,0.14230965
-73.11000000000001,0.14230189
-73.12,0.14229417
-73.13000000000001,0.14228645
-73.14,0.14227873
-73.15,0.142271
-73.16000000000001,0.1422633
-73.17,0.14225556
-73.18,0.14224786
-73.19000000000001,0.14224012
-73.2,0.14223243
-73.21000000000001,0.14222473
-73.22000000000001,0.14221703
-73.23,0.14220929
-73.24000000000001,0.14220157
-73.25,0.14219391
-73.26,0.1421862
-73.27000000000001,0.14217852
-73.28,0.14217082
-73.29,0.14216313
-73.30000000000001,0.14215541
-73.31,0.14214775
-73.32000000000001,0.14214005
-73.33000000000001,0.14213234
-73.34,0.14212468
-73.35000000000001,0.142117
-73.36000000000001,0.14210933
-73.37,0.14210168
-73.38000000000001,0.14209396
-73.39,0.1420863
-73.4,0.14207861
-73.41000000000001,0.14207092
-73.42,0.14206329
-73.43,0.14205563
-73.44000000000001,0.14204797
-73.45,0.14204034
-73.46000000000001,0.14203265
-73.47000000000001,0.142025
-73.48,0.14201736
-73.49000000000001,0.14200976
-73.5,0.14200205
-73.51,0.14199443
-73.52000000000001,0.14198679
-73.53,0.14197913
-73.54,0.14197148
-73.55000000000001,0.14196384
-73.56,0.14195624
-73.57000000000001,0.14194858
-73.58000000000001,0.14194095
-73.59,0.14193335
-73.60000000000001,0.14192574
-73.61000000000001,0.1419181
-73.62,0.14191048
-73.63000000000001,0.14190282
-73.64,0.14189523
-73.65,0.14188763
-73.66000000000001,0.14188
-73.67,0.14187236
-73.68,0.14186478
-73.69000000000001,0.14185716
-73.7,0.14184958
-73.71000000000001,0.14184198
-73.72000000000001,0.14183438
-73.73,0.14182681
-73.74000000000001,0.14181921
-73.75,0.14181158
-73.76,0.14180401
-73.77000000000001,0.14179642
-73.78,0.14178881
-73.79,0.14178123
-73.80000000000001,0.14177367
-73.81,0.14176609
-73.82000000000001,0.14175849
-73.83000000000001,0.14175092
-73.84,0.14174333
-73.85000000000001,0.14173579
-73.86000000000001,0.14172822
-73.87,0.14172064
-73.88000000000001,0.14171305
-73.89,0.14170548
-73.9,0.14169797
-73.91000000000001,0.14169036
-73.92,0.14168286
-73.93,0.14167526
-73.94000000000001,0.1416677
-73.95,0.14166014
-73.96000000000001,0.14165261
-73.97000000000001,0.14164504
-73.98,0.14163753
-73.99000000000001,0.14163
-74.0,0.14162242
-74.01,0.14161488
-74.02000000000001,0.14160737
-74.03,0.1415998
-74.04,0.14159226
-74.05000000000001,0.14158475
-74.06,0.14157724
-74.07000000000001,0.1415697
-74.08000000000001,0.1415622
-74.09,0.14155464
-74.10000000000001,0.14154714
-74.11000000000001,0.1415396
-74.12,0.14153212
-74.13000000000001,0.14152458
-74.14,0.14151707
-74.15,0.14150959
-74.16000000000001,0.14150205
-74.17,0.14149457
-74.18,0.14148703
-74.19000000000001,0.14147955
-74.2,0.14147207
-74.21000000000001,0.14146456
-74.22000000000001,0.14145708
-74.23,0.14144956
-74.24000000000001,0.14144208
-74.25,0.1414346
-74.26,0.1414271
-74.27000000000001,0.1414196
-74.28,0.14141214
-74.29,0.14140464
-74.30000000000001,0.14139718
-74.31,0.14138965
-74.32000000000001,0.14138222
-74.33000000000001,0.14137477
-74.34,0.14136726
-74.35000000000001,0.14135982
-74.36000000000001,0.14135236
-74.37,0.1413449
-74.38000000000001,0.14133744
-74.39,0.14132997
-74.4,0.14132252
-74.41000000000001,0.14131504
-74.42,0.14130759
-74.43,0.14130016
-74.44000000000001,0.1412927
-74.45,0.14128527
-74.46000000000001,0.14127782
-74.47000000000001,0.14127037
-74.48,0.14126295
-74.49000000000001,0.1412555
-74.5,0.14124802
-74.51,0.14124063
-74.52000000000001,0.14123318
-74.53,0.14122577
-74.54,0.1412183
-74.55000000000001,0.14121088
-74.56,0.1412035
-74.57000000000001,0.14119603
-74.58000000000001,0.1411886
-74.59,0.1411812
-74.60000000000001,0.14117378
-74.61000000000001,0.14116639
-74.62,0.14115895
-74.63000000000001,0.14115158
-74.64,0.14114416
-74.65,0.14113675
-74.66000000000001,0.14112931
-74.67,0.14112192
-74.68,0.14111453
-74.69000000000001,0.14110714
-74.7,0.14109975
-74.71000000000001,0.14109235
-74.72000000000001,0.14108495
-74.73,0.14107752
-74.74000000000001,0.14107017
-74.75,0.14106277
-74.76,0.1410554
-74.77000000000001,0.14104801
-74.78,0.14104065
-74.79,0.14103325
-74.80000000000001,0.1410259
-74.81,0.14101854
-74.82000000000001,0.14101112
-74.83000000000001,0.14100377
-74.84,0.1409964
-74.85000000000001,0.14098905
-74.86000000000001,0.14098164
-74.87,0.1409743
-74.88000000000001,0.14096695
-74.89,0.14095959
-74.9,0.14095224
-74.91000000000001,0.14094487
-74.92,0.1409375
-74.93,0.14093018
-74.94000000000001,0.14092284
-74.95,0.14091551
-74.96000000000001,0.14090815
-74.97000000000001,0.1409008
-74.98,0.14089346
-74.99000000000001,0.14088614
-75.0,0.14087877
-75.01,0.1408715
-75.02000000000001,0.14086415
-75.03,0.14085682
-75.04,0.1408495
-75.05000000000001,0.14084217
-75.06,0.14083482
-75.07000000000001,0.14082752
-75.08000000000001,0.14082022
-75.09,0.14081284
-75.10000000000001,0.14080556
-75.11000000000001,0.14079824
-75.12,0.14079094
-75.13000000000001,0.14078364
-75.14,0.14077635
-75.15,0.14076905
-75.16000000000001,0.14076169
-75.17,0.1407544
-75.18,0.14074712
-75.19000000000001,0.14073983
-75.2,0.1407325
-75.21000000000001,0.14072523
-75.22000000000001,0.14071794
-75.23,0.14071067
-75.24000000000001,0.14070337
-75.25,0.14069608
-75.26,0.14068884
-75.27000000000001,0.14068154
-75.28,0.14067423
-75.29,0.14066696
-75.30000000000001,0.14065968
-75.31,0.14065242
-75.32000000000001,0.14064512
-75.33000000000001,0.14063787
-75.34,0.1406306
-75.35000000000001,0.14062332
-75.36000000000001,0.14061609
-75.37,0.14060882
-75.38000000000001,0.14060158
-75.39,0.14059427
-75.4,0.14058706
-75.41000000000001,0.14057979
-75.42,0.14057255
-75.43,0.1405653
-75.44000000000001,0.14055806
-75.45,0.14055079
-75.46000000000001,0.14054358
-75.47000000000001,0.14053631
-75.48,0.14052907
-75.49000000000001,0.14052185
-75.5,0.14051464
-75.51,0.1405074
-75.52000000000001,0.14050016
-75.53,0.1404929
-75.54,0.1404857
-75.55000000000001,0.14047846
-75.56,0.14047125
-75.57000000000001,0.14046402
-75.58000000000001,0.14045683
-75.59,0.1404496
-75.60000000000001,0.1404424
-75.61000000000001,0.14043516
-75.62,0.14042792
-75.63000000000001,0.14042076
-75.64,0.14041352
-75.65,0.14040634
-75.66000000000001,0.14039913
-75.67,0.14039192
-75.68,0.14038473
-75.69000000000001,0.14037754
-75.7,0.14037035
-75.71000000000001,0.14036314
-75.72000000000001,0.14035593
-75.73,0.14034878
-75.74000000000001,0.14034157
-75.75,0.14033437
-75.76,0.14032722
-75.77000000000001,0.14032
-75.78,0.1403128
-75.79,0.14030567
-75.80000000000001,0.1402985
-75.81,0.14029127
-75.82000000000001,0.14028412
-75.83000000000001,0.14027694
-75.84,0.1402698
-75.85000000000001,0.14026263
-75.86000000000001,0.14025548
-75.87,0.1402483
-75.88000000000001,0.14024113
-75.89,0.14023396
-75.9,0.14022681
-75.91000000000001,0.14021966
-75.92,0.14021254
-75.93,0.14020535
-75.94000000000001,0.14019822
-75.95,0.14019108
-75.96000000000001,0.14018393
-75.97000000000001,0.1401768
-75.98,0.14016965
-75.99000000000001,0.1401625
-76.0,0.14015538
-76.01,0.14014824
-76.02000000000001,0.14014111
-76.03,0.14013395
-76.04,0.14012681
-76.05000000000001,0.14011973
-76.06,0.14011258
-76.07000000000001,0.14010546
-76.08000000000001,0.14009833
-76.09,0.14009123
-76.10000000000001,0.14008409
-76.11000000000001,0.140077
-76.12,0.14006986
-76.13000000000001,0.14006275
-76.14,0.14005564
-76.15,0.14004853
-76.16000000000001,0.14004144
-76.17,0.14003435
-76.18,0.14002724
-76.19000000000001,0.1400201
-76.2,0.14001301
-76.21000000000001,0.14000595
-76.22000000000001,0.13999885
-76.23,0.13999178
-76.24000000000001,0.13998467
-76.25,0.13997759
-76.26,0.13997048
-76.27000000000001,0.13996342
-76.28,0.13995633
-76.29,0.13994925
-76.30000000000001,0.13994217
-76.31,0.13993506
-76.32000000000001,0.13992801
-76.33000000000001,0.13992092
-76.34,0.13991386
-76.35000000000001,0.1399068
-76.36000000000001,0.13989973
-76.37,0.13989268
-76.38000000000001,0.13988563
-76.39,0.13987854
-76.4,0.1398715
-76.41000000000001,0.13986444
-76.42,0.13985737
-76.43,0.13985032
-76.44000000000001,0.13984326
-76.45,0.13983622
-76.46000000000001,0.13982916
-76.47000000000001,0.13982214
-76.48,0.13981506
-76.49000000000001,0.13980803
-76.5,0.13980098
-76.51,0.13979393
-76.52000000000001,0.13978693
-76.53,0.13977988
-76.54,0.13977286
-76.55000000000001,0.13976581
-76.56,0.13975883
-76.57000000000001,0.13975175
-76.58000000000001,0.13974473
-76.59,0.13973773
-76.60000000000001,0.13973068
-76.61000000000001,0.13972367
-76.62,0.13971667
-76.63000000000001,0.13970965
-76.64,0.13970263
-76.65,0.13969561
-76.66000000000001,0.1396886
-76.67,0.13968158
-76.68,0.1396746
-76.69000000000001,0.13966757
-76.7,0.13966058
-76.71000000000001,0.1396536
-76.72000000000001,0.13964659
-76.73,0.13963959
-76.74000000000001,0.13963257
-76.75,0.13962561
-76.76,0.13961864
-76.77000000000001,0.1396116
-76.78,0.1396046
-76.79,0.13959762
-76.80000000000001,0.13959067
-76.81,0.13958368
-76.82000000000001,0.13957667
-76.83000000000001,0.1395697
-76.84,0.13956274
-76.85000000000001,0.13955575
-76.86000000000001,0.13954881
-76.87,0.13954183
-76.88000000000001,0.13953488
-76.89,0.13952792
-76.9,0.1395209
-76.91000000000001,0.13951395
-76.92,0.13950704
-76.93,0.13950004
-76.94000000000001,0.13949308
-76.95,0.13948612
-76.96000000000001,0.13947919
-76.97000000000001,0.13947225
-76.98,0.13946526
-76.99000000000001,0.13945833
-77.0,0.13945138
-77.01,0.13944441
-77.02000000000001,0.13943751
-77.03,0.13943058
-77.04,0.13942362
-77.05000000000001,0.1394167
-77.06,0.13940975
-77.07000000000001,0.1394028
-77.08000000000001,0.1393959
-77.09,0.13938895
-77.10000000000001,0.13938203
-77.11000000000001,0.13937509
-77.12,0.13936818
-77.13000000000001,0.13936126
-77.14,0.13935429
-77.15,0.1393474
-77.16000000000001,0.13934048
-77.17,0.13933358
-77.18,0.13932666
-77.19000000000001,0.13931976
-77.2,0.13931286
-77.21000000000001,0.13930595
-77.22000000000001,0.13929904
-77.23,0.13929212
-77.24000000000001,0.1392852
-77.25,0.13927832
-77.26,0.13927142
-77.27000000000001,0.13926452
-77.28,0.13925767
-77.29,0.13925077
-77.30000000000001,0.13924387
-77.31,0.13923697
-77.32000000000001,0.1392301
-77.33000000000001,0.13922322
-77.34,0.1392163
-77.35000000000001,0.13920948
-77.36000000000001,0.13920256
-77.37,0.13919568
-77.38000000000001,0.13918883
-77.39,0.13918194
-77.4,0.13917509
-77.41000000000001,0.13916819
-77.42,0.13916135
-77.43,0.13915446
-77.44000000000001,0.13914761
-77.45,0.13914073
-77.46000000000001,0.13913387
-77.47000000000001,0.139127
-77.48,0.13912013
-77.49000000000001,0.13911328
-77.5,0.13910644
-77.51,0.13909957
-77.52000000000001,0.13909274
-77.53,0.13908589
-77.54,0.13907908
-77.55000000000001,0.1390722
-77.56,0.13906536
-77.57000000000001,0.13905853
-77.58000000000001,0.13905168
-77.59,0.13904485
-77.60000000000001,0.139038
-77.61000000000001,0.13903114
-77.62,0.13902433
-77.63000000000001,0.13901752
-77.64,0.13901068
-77.65,0.13900387
-77.66000000000001,0.13899703
-77.67,0.1389902
-77.68,0.1389834
-77.69000000000001,0.13897659
-77.7,0.13896978
-77.71000000000001,0.13896295
-77.72000000000001,0.13895613
-77.73,0.1389493
-77.74000000000001,0.13894254
-77.75,0.13893571
-77.76,0.13892888
-77.77000000000001,0.13892207
-77.78,0.13891529
-77.79,0.13890845
-77.80000000000001,0.13890171
-77.81,0.13889489
-77.82000000000001,0.13888812
-77.83000000000001,0.13888128
-77.84,0.13887453
-77.85000000000001,0.1388677
-77.86000000000001,0.13886091
-77.87,0.13885412
-77.88000000000001,0.13884735
-77.89,0.13884059
-77.9,0.1388338
-77.91000000000001,0.13882701
-77.92,0.13882023
-77.93,0.13881345
-77.94000000000001,0.1388067
-77.95,0.13879994
-77.96000000000001,0.13879314
-77.97000000000001,0.13878639
-77.98,0.13877961
-77.99000000000001,0.13877285
-78.0,0.13876608
-78.01,0.13875932
-78.02000000000001,0.13875258
-78.03,0.1387458
-78.04,0.13873906
-78.05000000000001,0.13873228
-78.06,0.13872555
-78.07000000000001,0.13871881
-78.08000000000001,0.13871206
-78.09,0.13870534
-78.10000000000001,0.13869855
-78.11000000000001,0.13869181
-78.12,0.13868508
-78.13000000000001,0.13867837
-78.14,0.13867162
-78.15,0.13866484
-78.16000000000001,0.13865815
-78.17,0.13865143
-78.18,0.13864467
-78.19000000000001,0.13863792
-78.2,0.13863122
-78.21000000000001,0.13862449
-78.22000000000001,0.13861775
-78.23,0.13861105
-78.24000000000001,0.13860434
-78.25,0.13859758
-78.26,0.13859086
-78.27000000000001,0.1385842
-78.28,0.13857746
-78.29,0.13857077
-78.30000000000001,0.13856407
-78.31,0.13855737
-78.32000000000001,0.13855062
-78.33000000000001,0.13854392
-78.34,0.13853724
-78.35000000000001,0.13853052
-78.36000000000001,0.13852382
-78.37,0.13851716
-78.38000000000001,0.13851044
-78.39,0.13850376
-78.4,0.13849705
-78.41000000000001,0.13849038
-78.42,0.13848366
-78.43,0.13847701
-78.44000000000001,0.13847029
-78.45,0.13846363
-78.46000000000001,0.13845694
-78.47000000000001,0.13845028
-78.48,0.13844359
-78.49000000000001,0.13843691
-78.5,0.13843025
-78.51,0.13842359
-78.52000000000001,0.1384169
-78.53,0.13841024
-78.54,0.13840355
-78.55000000000001,0.13839692
-78.56,0.13839027
-78.57000000000001,0.1383836
-78.58000000000001,0.13837692
-78.59,0.13837026
-78.60000000000001,0.13836361
-78.61000000000001,0.13835695
-78.62,0.13835031
-78.63000000000001,0.13834366
-78.64,0.13833699
-78.65,0.13833033
-78.66000000000001,0.13832372
-78.67,0.13831708
-78.68,0.13831042
-78.69000000000001,0.1383038
-78.7,0.13829714
-78.71000000000001,0.1382905
-78.72000000000001,0.13828388
-78.73,0.13827722
-78.74000000000001,0.1382706
-78.75,0.138264
-78.76,0.13825735
-78.77000000000001,0.13825072
-78.78,0.13824412
-78.79,0.1382375
-78.80000000000001,0.13823086
-78.81,0.13822427
-78.82000000000001,0.13821763
-78.83000000000001,0.13821098
-78.84,0.13820443
-78.85000000000001,0.13819775
-78.86000000000001,0.13819115
-78.87,0.13818455
-78.88000000000001,0.13817796
-78.89,0.13817134
-78.9,0.13816476
-78.91000000000001,0.13815814
-78.92,0.13815153
-78.93,0.13814496
-78.94000000000001,0.13813835
-78.95,0.13813181
-78.96000000000001,0.13812521
-78.97000000000001,0.1381186
-78.98,0.13811201
-78.99000000000001,0.13810542
-79.0,0.1380988
-79.01,0.1380922
-79.02000000000001,0.13808563
-79.03,0.13807908
-79.04,0.13807249
-79.05000000000001,0.1380659
-79.06,0.13805935
-79.07000000000001,0.13805276
-79.08000000000001,0.1380462
-79.09,0.13803962
-79.10000000000001,0.13803308
-79.11000000000001,0.13802654
-79.12,0.13801992
-79.13000000000001,0.13801336
-79.14,0.1380068
-79.15,0.13800025
-79.16000000000001,0.13799366
-79.17,0.13798714
-79.18,0.13798058
-79.19000000000001,0.13797402
-79.2,0.13796745
-79.21000000000001,0.13796088
-79.22000000000001,0.13795437
-79.23,0.1379478
-79.24000000000001,0.13794129
-79.25,0.13793474
-79.26,0.13792819
-79.27000000000001,0.13792166
-79.28,0.13791513
-79.29,0.13790858
-79.30000000000001,0.13790205
-79.31,0.13789554
-79.32000000000001,0.13788897
-79.33000000000001,0.13788244
-79.34,0.13787591
-79.35000000000001,0.13786939
-79.36000000000001,0.13786289
-79.37,0.13785633
-79.38000000000001,0.13784984
-79.39,0.13784331
-79.4,0.1378368
-79.41000000000001,0.13783029
-79.42,0.13782379
-79.43,0.13781726
-79.44000000000001,0.13781075
-79.45,0.13780425
-79.46000000000001,0.13779776
-79.47000000000001,0.13779122
-79.48,0.13778472
-79.49000000000001,0.13777822
-79.5,0.13777173
-79.51,0.13776524
-79.52000000000001,0.13775873
-79.53,0.13775223
-79.54,0.13774574
-79.55000000000001,0.13773927
-79.56,0.13773277
-79.57000000000001,0.13772628
-79.58000000000001,0.13771978
-79.59,0.1377133
-79.60000000000001,0.13770682
-79.61000000000001,0.13770035
-79.62,0.13769382
-79.63000000000001,0.13768741
-79.64,0.1376809
-79.65,0.13767444
-79.66000000000001,0.13766797
-79.67,0.13766149
-79.68,0.13765503
-79.69000000000001,0.13764855
-79.7,0.13764209
-79.71000000000001,0.1376356
-79.72000000000001,0.13762917
-79.73,0.13762268
-79.74000000000001,0.13761625
-79.75,0.13760978
-79.76,0.13760336
-79.77000000000001,0.13759688
-79.78,0.13759041
-79.79,0.13758397
-79.80000000000001,0.13757752
-79.81,0.13757108
-79.82000000000001,0.13756461
-79.83000000000001,0.13755818
-79.84,0.13755174
-79.85000000000001,0.13754529
-79.86000000000001,0.13753885
-79.87,0.13753241
-79.88000000000001,0.13752596
-79.89,0.13751954
-79.9,0.13751312
-79.91000000000001,0.1375067
-79.92,0.13750026
-79.93,0.13749383
-79.94000000000001,0.13748741
-79.95,0.137481
-79.96000000000001,0.13747457
-79.97000000000001,0.13746816
-79.98,0.13746169
-79.99000000000001,0.1374553
-80.0,0.13744888
-80.01,0.13744247
-80.02000000000001,0.13743606
-80.03,0.13742965
-80.04,0.13742325
-80.05000000000001,0.13741687
-80.06,0.13741043
-80.07000000000001,0.13740405
-80.08000000000001,0.13739762
-80.09,0.13739124
-80.10000000000001,0.13738482
-80.11000000000001,0.13737842
-80.12,0.13737205
-80.13000000000001,0.13736564
-80.14,0.13735925
-80.15,0.13735288
-80.16000000000001,0.13734648
-80.17,0.13734008
-80.18,0.13733372
-80.19000000000001,0.1373273
-80.2,0.13732097
-80.21000000000001,0.13731454
-80.22000000000001,0.13730815
-80.23,0.13730177
-80.24000000000001,0.1372954
-80.25,0.13728908
-80.26,0.13728267
-80.27000000000001,0.13727628
-80.28,0.13726994
-80.29,0.13726357
-80.30000000000001,0.13725717
-80.31,0.13725083
-80.32000000000001,0.1372445
-80.33000000000001,0.13723813
-80.34,0.13723174
-80.35000000000001,0.1372254
-80.36000000000001,0.13721907
-80.37,0.1372127
-80.38000000000001,0.13720635
-80.39,0.1372
-80.4,0.1371936
-80.41000000000001,0.13718729
-80.42,0.13718095
-80.43,0.1371746
-80.44000000000001,0.13716823
-80.45,0.13716196
-80.46000000000001,0.13715559
-80.47000000000001,0.13714926
-80.48,0.1371429
-80.49000000000001,0.13713656
-80.5,0.13713025
-80.51,0.13712393
-80.52000000000001,0.1371176
-80.53,0.13711125
-80.54,0.13710493
-80.55000000000001,0.13709857
-80.56,0.13709228
-80.57000000000001,0.13708597
-80.58000000000001,0.13707964
-80.59,0.13707332
-80.60000000000001,0.13706699
-80.61000000000001,0.1370607
-80.62,0.13705438
-80.63000000000001,0.13704807
-80.64,0.13704176
-80.65,0.13703543
-80.66000000000001,0.13702911
-80.67,0.13702285
-80.68,0.13701655
-80.69000000000001,0.13701025
-80.7,0.13700394
-80.71000000000001,0.13699761
-80.72000000000001,0.13699135
-80.73,0.13698502
-80.74000000000001,0.13697875
-80.75,0.13697246
-80.76,0.13696617
-80.77000000000001,0.13695988
-80.78,0.13695362
-80.79,0.13694733
-80.80000000000001,0.13694102
-80.81,0.1369347
-80.82000000000001,0.13692845
-80.83000000000001,0.13692218
-80.84,0.13691592
-80.85000000000001,0.13690962
-80.86000000000001,0.13690333
-80.87,0.13689709
-80.88000000000001,0.1368908
-80.89,0.13688453
-80.9,0.13687827
-80.91000000000001,0.136872
-80.92,0.13686574
-80.93,0.13685945
-80.94000000000001,0.13685323
-80.95,0.13684696
-80.96000000000001,0.13684073
-80.97000000000001,0.13683446
-80.98,0.13682818
-80.99000000000001,0.13682191
-81.0,0.1368157
-81.01,0.13680941
-81.02000000000001,0.1368032
-81.03,0.13679694
-81.04,0.1367907
-81.05000000000001,0.13678445
-81.06,0.13677824
-81.07000000000001,0.13677198
-81.08000000000001,0.13676572
-81.09,0.13675949
-81.10000000000001,0.13675326
-81.11000000000001,0.13674703
-81.12,0.1367408
-81.13000000000001,0.13673458
-81.14,0.13672832
-81.15,0.1367221
-81.16000000000001,0.13671589
-81.17,0.13670966
-81.18,0.13670345
-81.19000000000001,0.1366972
-81.2,0.13669099
-81.21000000000001,0.13668479
-81.22000000000001,0.13667855
-81.23,0.13667235
-81.24000000000001,0.13666615
-81.25,0.13665992
-81.26,0.13665374
-81.27000000000001,0.1366475
-81.28,0.13664128
-81.29,0.1366351
-81.30000000000001,0.1366289
-81.31,0.13662267
-81.32000000000001,0.1366165
-81.33000000000001,0.13661031
-81.34,0.1366041
-81.35000000000001,0.1365979
-81.36000000000001,0.13659167
-81.37,0.1365855
-81.38000000000001,0.13657933
-81.39,0.13657314
-81.4,0.13656694
-81.41000000000001,0.13656077
-81.42,0.13655457
-81.43,0.13654839
-81.44000000000001,0.13654222
-81.45,0.13653605
-81.46000000000001,0.13652985
-81.47000000000001,0.1365237
-81.48,0.1365175
-81.49000000000001,0.13651136
-81.5,0.13650516
-81.51,0.13649899
-81.52000000000001,0.13649279
-81.53,0.13648665
-81.54,0.13648048
-81.55000000000001,0.13647434
-81.56,0.13646816
-81.57000000000001,0.13646199
-81.58000000000001,0.13645585
-81.59,0.1364497
-81.60000000000001,0.13644354
-81.61000000000001,0.13643739
-81.62,0.13643125
-81.63000000000001,0.13642506
-81.64,0.13641894
-81.65,0.13641274
-81.66000000000001,0.1364066
-81.67,0.13640049
-81.68,0.13639435
-81.69000000000001,0.13638821
-81.7,0.13638207
-81.71000000000001,0.13637593
-81.72000000000001,0.1363698
-81.73,0.13636366
-81.74000000000001,0.13635752
-81.75,0.13635138
-81.76,0.13634524
-81.77000000000001,0.1363391
-81.78,0.13633302
-81.79,0.13632685
-81.80000000000001,0.13632071
-81.81,0.13631465
-81.82000000000001,0.13630849
-81.83000000000001,0.13630238
-81.84,0.13629627
-81.85000000000001,0.13629016
-81.86000000000001,0.13628402
-81.87,0.13627794
-81.88000000000001,0.13627183
-81.89,0.1362657
-81.9,0.13625959
-81.91000000000001,0.1362535
-81.92,0.1362474
-81.93,0.13624132
-81.94000000000001,0.13623518
-81.95,0.13622907
-81.96000000000001,0.13622296
-81.97000000000001,0.13621688
-81.98,0.13621075
-81.99000000000001,0.13620472
-82.0,0.1361986
-82.01,0.13619253
-82.02000000000001,0.13618644
-82.03,0.1361803
-82.04,0.13617423
-82.05000000000001,0.13616812
-82.06,0.13616207
-82.07000000000001,0.136156
-82.08000000000001,0.13614988
-82.09,0.13614385
-82.10000000000001,0.13613772
-82.11000000000001,0.13613167
-82.12,0.1361256
-82.13000000000001,0.13611951
-82.14,0.13611345
-82.15,0.13610737
-82.16000000000001,0.13610135
-82.17,0.13609529
-82.18,0.13608919
-82.19000000000001,0.13608311
-82.2,0.13607705
-82.21000000000001,0.136071
-82.22000000000001,0.13606492
-82.23,0.13605887
-82.24000000000001,0.13605282
-82.25,0.13604678
-82.26,0.13604072
-82.27000000000001,0.13603468
-82.28,0.13602862
-82.29,0.13602257
-82.30000000000001,0.13601649
-82.31,0.1360105
-82.32000000000001,0.13600445
-82.33000000000001,0.13599838
-82.34,0.13599235
-82.35000000000001,0.13598631
-82.36000000000001,0.13598028
-82.37,0.13597423
-82.38000000000001,0.13596821
-82.39,0.13596214
-82.4,0.13595614
-82.41000000000001,0.13595006
-82.42,0.13594408
-82.43,0.13593802
-82.44000000000001,0.13593203
-82.45,0.13592601
-82.46000000000001,0.13591996
-82.47000000000001,0.13591395
-82.48,0.13590795
-82.49000000000001,0.13590193
-82.5,0.13589588
-82.51,0.13588989
-82.52000000000001,0.1358839
-82.53,0.13587786
-82.54,0.13587187
-82.55000000000001,0.13586584
-82.56,0.13585982
-82.57000000000001,0.13585383
-82.58000000000001,0.13584787
-82.59,0.13584183
-82.60000000000001,0.13583581
-82.61000000000001,0.13582984
-82.62,0.13582382
-82.63000000000001,0.13581783
-82.64,0.13581182
-82.65,0.13580585
-82.66000000000001,0.13579985
-82.67,0.13579386
-82.68,0.1357879
-82.69000000000001,0.1357819
-82.7,0.13577592
-82.71000000000001,0.13576992
-82.72000000000001,0.13576394
-82.73,0.13575795
-82.74000000000001,0.13575196
-82.75,0.13574602
-82.76,0.13574001
-82.77000000000001,0.13573405
-82.78,0.13572809
-82.79,0.13572209
-82.80000000000001,0.13571611
-82.81,0.13571015
-82.82000000000001,0.13570419
-82.83000000000001,0.1356982
-82.84,0.13569225
-82.85000000000001,0.13568631
-82.86000000000001,0.13568032
-82.87,0.13567439
-82.88000000000001,0.1356684
-82.89,0.1356625
-82.9,0.1356565
-82.91000000000001,0.13565056
-82.92,0.13564463
-82.93,0.13563862
-82.94000000000001,0.13563272
-82.95,0.13562675
-82.96000000000001,0.13562082
-82.97000000000001,0.13561487
-82.98,0.13560891
-82.99000000000001,0.13560295
-83.0,0.13559705
-83.01,0.13559112
-83.02000000000001,0.13558516
-83.03,0.13557923
-83.04,0.13557324
-83.05000000000001,0.13556734
-83.06,0.1355614
-83.07000000000001,0.1355555
-83.08000000000001,0.13554958
-83.09,0.13554364
-83.10000000000001,0.13553771
-83.11000000000001,0.13553181
-83.12,0.13552588
-83.13000000000001,0.13551997
-83.14,0.13551404
-83.15,0.13550815
-83.16000000000001,0.13550219
-83.17,0.13549629
-83.18,0.13549033
-83.19000000000001,0.13548444
-83.2,0.13547851
-83.21000000000001,0.13547263
-83.22000000000001,0.13546672
-83.23,0.13546082
-83.24000000000001,0.13545492
-83.25,0.13544899
-83.26,0.1354431
-83.27000000000001,0.13543719
-83.28,0.13543129
-83.29,0.1354254
-83.30000000000001,0.13541952
-83.31,0.13541362
-83.32000000000001,0.13540775
-83.33000000000001,0.13540184
-83.34,0.13539591
-83.35000000000001,0.13539006
-83.36000000000001,0.13538417
-83.37,0.1353783
-83.38000000000001,0.1353724
-83.39,0.13536653
-83.4,0.13536063
-83.41000000000001,0.13535477
-83.42,0.13534886
-83.43,0.13534302
-83.44000000000001,0.13533714
-83.45,0.13533124
-83.46000000000001,0.13532539
-83.47000000000001,0.1353195
-83.48,0.13531363
-83.49000000000001,0.13530779
-83.5,0.13530192
-83.51,0.13529608
-83.52000000000001,0.13529019
-83.53,0.13528433
-83.54,0.13527846
-83.55000000000001,0.13527259
-83.56,0.13526675
-83.57000000000001,0.1352609
-83.58000000000001,0.13525504
-83.59,0.1352492
-83.60000000000001,0.1352433
-83.61000000000001,0.13523746
-83.62,0.1352316
-83.63000000000001,0.1352258
-83.64,0.13521993
-83.65,0.1352141
-83.66000000000001,0.13520825
-83.67,0.13520242
-83.68,0.13519657
-83.69000000000001,0.1351907
-83.7,0.13518488
-83.71000000000001,0.13517907
-83.72000000000001,0.13517323
-83.73,0.13516736
-83.74000000000001,0.13516155
-83.75,0.13515571
-83.76,0.1351499
-83.77000000000001,0.13514408
-83.78,0.13513824
-83.79,0.13513243
-83.80000000000001,0.13512659
-83.81,0.13512081
-83.82000000000001,0.13511497
-83.83000000000001,0.13510916
-83.84,0.13510333
-83.85000000000001,0.13509753
-83.86000000000001,0.13509172
-83.87,0.13508588
-83.88000000000001,0.1350801
-83.89,0.13507429
-83.9,0.13506845
-83.91000000000001,0.13506263
-83.92,0.13505682
-83.93,0.13505106
-83.94000000000001,0.13504523
-83.95,0.13503946
-83.96000000000001,0.13503367
-83.97000000000001,0.13502786
-83.98,0.13502206
-83.99000000000001,0.13501623
-84.0,0.13501045
-84.01,0.13500467
-84.02000000000001,0.13499887
-84.03,0.13499308
-84.04,0.13498728
-84.05000000000001,0.13498154
-84.06,0.13497572
-84.07000000000001,0.13496995
-84.08000000000001,0.13496414
-84.09,0.13495839
-84.10000000000001,0.13495262
-84.11000000000001,0.13494682
-84.12,0.13494106
-84.13000000000001,0.13493529
-84.14,0.13492951
-84.15,0.13492374
-84.16000000000001,0.13491796
-84.17,0.1349122
-84.18,0.13490644
-84.19000000000001,0.13490066
-84.2,0.13489488
-84.21000000000001,0.13488913
-84.22000000000001,0.13488337
-84.23,0.13487759
-84.24000000000001,0.13487184
-84.25,0.13486609
-84.26,0.13486037
-84.27000000000001,0.1348546
-84.28,0.13484883
-84.29,0.13484305
-84.30000000000001,0.13483733
-84.31,0.13483158
-84.32000000000001,0.13482586
-84.33000000000001,0.1348201
-84.34,0.13481434
-84.35000000000001,0.1348086
-84.36000000000001,0.13480285
-84.37,0.13479713
-84.38000000000001,0.13479139
-84.39,0.13478562
-84.4,0.13477992
-84.41000000000001,0.13477418
-84.42,0.13476844
-84.43,0.1347627
-84.44000000000001,0.13475695
-84.45,0.13475126
-84.46000000000001,0.13474551
-84.47000000000001,0.13473982
-84.48,0.13473406
-84.49000000000001,0.13472837
-84.5,0.13472265
-84.51,0.1347169
-84.52000000000001,0.13471118
-84.53,0.13470547
-84.54,0.13469976
-84.55000000000001,0.13469407
-84.56,0.13468832
-84.57000000000001,0.13468263
-84.58000000000001,0.1346769
-84.59,0.13467124
-84.60000000000001,0.13466547
-84.61000000000001,0.1346598
-84.62,0.1346541
-84.63000000000001,0.13464838
-84.64,0.13464268
-84.65,0.13463697
-84.66000000000001,0.13463128
-84.67,0.13462558
-84.68,0.13461986
-84.69000000000001,0.13461418
-84.7,0.13460854
-84.71000000000001,0.1346028
-84.72000000000001,0.13459712
-84.73,0.1345914
-84.74000000000001,0.13458574
-84.75,0.13458005
-84.76,0.13457437
-84.77000000000001,0.13456869
-84.78,0.134563
-84.79,0.13455734
-84.80000000000001,0.13455164
-84.81,0.13454598
-84.82000000000001,0.13454029
-84.83000000000001,0.13453463
-84.84,0.13452893
-84.85000000000001,0.13452327
-84.86000000000001,0.13451761
-84.87,0.13451192
-84.88000000000001,0.13450629
-84.89,0.13450062
-84.9,0.13449493
-84.91000000000001,0.1344893
-84.92,0.1344836
-84.93,0.13447794
-84.94000000000001,0.13447228
-84.95,0.13446662
-84.96000000000001,0.13446097
-84.97000000000001,0.1344553
-84.98,0.13444965
-84.99000000000001,0.13444401
-85.0,0.13443834
-85.01,0.13443269
-85.02000000000001,0.13442707
-85.03,0.13442141
-85.04,0.13441573
-85.05000000000001,0.13441008
-85.06,0.13440447
-85.07000000000001,0.13439885
-85.08000000000001,0.13439319
-85.09,0.13438755
-85.10000000000001,0.1343819
-85.11000000000001,0.13437629
-85.12,0.13437064
-85.13000000000001,0.13436502
-85.14,0.13435939
-85.15,0.13435374
-85.16000000000001,0.13434812
-85.17,0.1343425
-85.18,0.13433689
-85.19000000000001,0.13433123
-85.2,0.13432561
-85.21000000000001,0.13431999
-85.22000000000001,0.13431439
-85.23,0.13430874
-85.24000000000001,0.13430312
-85.25,0.13429752
-85.26,0.13429192
-85.27000000000001,0.13428631
-85.28,0.13428065
-85.29,0.13427506
-85.30000000000001,0.13426945
-85.31,0.1342639
-85.32000000000001,0.13425827
-85.33000000000001,0.13425267
-85.34,0.13424705
-85.35000000000001,0.13424146
-85.36000000000001,0.13423583
-85.37,0.13423023
-85.38000000000001,0.13422465
-85.39,0.13421905
-85.4,0.13421345
-85.41000000000001,0.13420783
-85.42,0.13420224
-85.43,0.13419667
-85.44000000000001,0.13419107
-85.45,0.1341855
-85.46000000000001,0.13417989
-85.47000000000001,0.13417429
-85.48,0.13416874
-85.49000000000001,0.13416314
-85.5,0.13415758
-85.51,0.134152
-85.52000000000001,0.13414642
-85.53,0.13414079
-85.54,0.13413526
-85.55000000000001,0.13412964
-85.56,0.1341241
-85.57000000000001,0.13411851
-85.58000000000001,0.13411295
-85.59,0.13410738
-85.60000000000001,0.13410185
-85.61000000000001,0.1340963
-85.62,0.13409069
-85.63000000000001,0.1340851
-85.64,0.13407958
-85.65,0.134074
-85.66000000000001,0.13406843
-85.67,0.13406286
-85.68,0.13405734
-85.69000000000001,0.13405177
-85.7,0.13404621
-85.71000000000001,0.13404065
-85.72000000000001,0.13403511
-85.73,0.13402954
-85.74000000000001,0.134024
-85.75,0.13401848
-85.76,0.13401291
-85.77000000000001,0.13400736
-85.78,0.13400182
-85.79,0.13399628
-85.80000000000001,0.13399075
-85.81,0.13398518
-85.82000000000001,0.13397968
-85.83000000000001,0.13397413
-85.84,0.13396858
-85.85000000000001,0.13396308
-85.86000000000001,0.1339575
-85.87,0.13395196
-85.88000000000001,0.13394645
-85.89,0.13394094
-85.9,0.13393542
-85.91000000000001,0.13392985
-85.92,0.13392437
-85.93,0.13391882
-85.94000000000001,0.13391331
-85.95,0.13390778
-85.96000000000001,0.13390227
-85.97000000000001,0.13389674
-85.98,0.13389122
-85.99000000000001,0.13388571
-86.0,0.1338802
-86.01,0.13387471
-86.02000000000001,0.13386917
-86.03,0.13386366
-86.04,0.13385813
-86.05000000000001,0.13385263
-86.06,0.13384715
-86.07000000000001,0.1338416
-86.08000000000001,0.13383615
-86.09,0.1338306
-86.10000000000001,0.13382515
-86.11000000000001,0.13381961
-86.12,0.13381414
-86.13000000000001,0.13380864
-86.14,0.13380316
-86.15,0.13379765
-86.16000000000001,0.13379215
-86.17,0.13378666
-86.18,0.13378116
-86.19000000000001,0.13377565
-86.2,0.1337702
-86.21000000000001,0.13376471
-86.22000000000001,0.13375923
-86.23,0.13375372
-86.24000000000001,0.13374825
-86.25,0.13374276
-86.26,0.1337373
-86.27000000000001,0.13373181
-86.28,0.13372634
-86.29,0.13372087
-86.30000000000001,0.13371539
-86.31,0.13370994
-86.32000000000001,0.13370445
-86.33000000000001,0.133699
-86.34,0.13369355
-86.35000000000001,0.13368806
-86.36000000000001,0.13368258
-86.37,0.13367712
-86.38000000000001,0.13367167
-86.39,0.13366625
-86.4,0.13366073
-86.41000000000001,0.13365525
-86.42,0.13364983
-86.43,0.13364434
-86.44000000000001,0.13363887
-86.45,0.13363343
-86.46000000000001,0.13362798
-86.47000000000001,0.13362256
-86.48,0.13361709
-86.49000000000001,0.13361165
-86.5,0.1336062
-86.51,0.13360074
-86.52000000000001,0.1335953
-86.53,0.13358988
-86.54,0.13358444
-86.55000000000001,0.13357899
-86.56,0.13357353
-86.57000000000001,0.13356812
-86.58000000000001,0.13356265
-86.59,0.13355723
-86.60000000000001,0.13355178
-86.61000000000001,0.13354638
-86.62,0.13354093
-86.63000000000001,0.13353553
-86.64,0.13353005
-86.65,0.13352466
-86.66000000000001,0.1335192
-86.67,0.13351382
-86.68,0.13350837
-86.69000000000001,0.13350295
-86.7,0.13349757
-86.71000000000001,0.13349211
-86.72000000000001,0.13348672
-86.73,0.13348128
-86.74000000000001,0.13347585
-86.75,0.13347046
-86.76,0.13346505
-86.77000000000001,0.13345963
-86.78,0.13345423
-86.79,0.1334488
-86.80000000000001,0.1334434
-86.81,0.133438
-86.82000000000001,0.1334326
-86.83000000000001,0.13342717
-86.84,0.13342175
-86.85000000000001,0.13341638
-86.86000000000001,0.13341095
-86.87,0.1334056
-86.88000000000001,0.1334002
-86.89,0.13339478
-86.9,0.13338938
-86.91000000000001,0.13338399
-86.92,0.13337861
-86.93,0.1333732
-86.94000000000001,0.13336784
-86.95,0.13336247
-86.96000000000001,0.13335705
-86.97000000000001,0.13335165
-86.98,0.13334627
-86.99000000000001,0.13334091
-87.0,0.1333355
-87.01,0.13333014
-87.02000000000001,0.13332477
-87.03,0.13331938
-87.04,0.13331401
-87.05000000000001,0.13330862
-87.06,0.13330324
-87.07000000000001,0.13329789
-87.08000000000001,0.1332925
-87.09,0.13328713
-87.10000000000001,0.13328178
-87.11000000000001,0.13327645
-87.12,0.13327104
-87.13000000000001,0.13326569
-87.14,0.13326031
-87.15,0.13325495
-87.16000000000001,0.13324958
-87.17,0.13324423
-87.18,0.13323885
-87.19000000000001,0.13323353
-87.2,0.13322815
-87.21000000000001,0.13322279
-87.22000000000001,0.13321745
-87.23,0.13321212
-87.24000000000001,0.13320675
-87.25,0.1332014
-87.26,0.13319604
-87.27000000000001,0.1331907
-87.28,0.13318533
-87.29,0.13318002
-87.30000000000001,0.13317469
-87.31,0.13316932
-87.32000000000001,0.13316399
-87.33000000000001,0.13315865
-87.34,0.1331533
-87.35000000000001,0.13314798
-87.36000000000001,0.13314265
-87.37,0.13313729
-87.38000000000001,0.13313201
-87.39,0.13312665
-87.4,0.13312131
-87.41000000000001,0.13311599
-87.42,0.13311063
-87.43,0.13310535
-87.44000000000001,0.1331
-87.45,0.13309467
-87.46000000000001,0.13308936
-87.47000000000001,0.13308403
-87.48,0.13307872
-87.49000000000001,0.13307339
-87.5,0.13306811
-87.51,0.13306278
-87.52000000000001,0.13305743
-87.53,0.13305217
-87.54,0.13304684
-87.55000000000001,0.13304153
-87.56,0.13303617
-87.57000000000001,0.13303092
-87.58000000000001,0.1330256
-87.59,0.1330203
-87.60000000000001,0.13301496
-87.61000000000001,0.13300969
-87.62,0.1330044
-87.63000000000001,0.13299909
-87.64,0.13299379
-87.65,0.13298851
-87.66000000000001,0.13298318
-87.67,0.1329779
-87.68,0.13297261
-87.69000000000001,0.13296734
-87.7,0.13296203
-87.71000000000001,0.13295674
-87.72000000000001,0.13295142
-87.73,0.13294613
-87.74000000000001,0.13294086
-87.75,0.13293555
-87.76,0.13293028
-87.77000000000001,0.13292502
-87.78,0.13291974
-87.79,0.13291447
-87.80000000000001,0.13290918
-87.81,0.1329039
-87.82000000000001,0.1328986
-87.83000000000001,0.13289332
-87.84,0.13288808
-87.85000000000001,0.1328828
-87.86000000000001,0.13287753
-87.87,0.13287225
-87.88000000000001,0.13286698
-87.89,0.13286172
-87.9,0.13285646
-87.91000000000001,0.13285117
-87.92,0.13284597
-87.93,0.13284065
-87.94000000000001,0.13283539
-87.95,0.13283014
-87.96000000000001,0.1328249
-87.97000000000001,0.13281962
-87.98,0.13281438
-87.99000000000001,0.1328091
-88.0,0.13280386
-88.01,0.13279861
-88.02000000000001,0.13279335
-88.03,0.13278808
-88.04,0.13278285
-88.05000000000001,0.13277762
-88.06,0.13277236
-88.07000000000001,0.13276714
-88.08000000000001,0.1327619
-88.09,0.13275665
-88.10000000000001,0.13275138
-88.11000000000001,0.13274616
-88.12,0.13274091
-88.13000000000001,0.13273568
-88.14,0.13273042
-88.15,0.13272515
-88.16000000000001,0.13271995
-88.17,0.13271472
-88.18,0.13270952
-88.19000000000001,0.13270427
-88.2,0.13269904
-88.21000000000001,0.13269383
-88.22000000000001,0.13268858
-88.23,0.13268334
-88.24000000000001,0.13267812
-88.25,0.13267295
-88.26,0.13266772
-88.27000000000001,0.13266252
-88.28,0.13265726
-88.29,0.13265204
-88.30000000000001,0.13264683
-88.31,0.13264163
-88.32000000000001,0.1326364
-88.33000000000001,0.13263115
-88.34,0.13262595
-88.35000000000001,0.13262077
-88.36000000000001,0.13261554
-88.37,0.13261035
-88.38000000000001,0.13260517
-88.39,0.13259995
-88.4,0.13259473
-88.41000000000001,0.13258955
-88.42,0.13258433
-88.43,0.13257913
-88.44000000000001,0.13257393
-88.45,0.13256872
-88.46000000000001,0.13256353
-88.47000000000001,0.13255836
-88.48,0.13255316
-88.49000000000001,0.13254796
-88.5,0.13254277
-88.51,0.13253756
-88.52000000000001,0.13253239
-88.53,0.1325272
-88.54,0.13252205
-88.55000000000001,0.13251686
-88.56,0.13251165
-88.57000000000001,0.13250646
-88.58000000000001,0.13250127
-88.59,0.13249612
-88.60000000000001,0.13249093
-88.61000000000001,0.13248572
-88.62,0.13248056
-88.63000000000001,0.13247538
-88.64,0.13247022
-88.65,0.13246503
-88.66000000000001,0.13245988
-88.67,0.13245468
-88.68,0.13244954
-88.69000000000001,0.13244435
-88.7,0.13243918
-88.71000000000001,0.13243401
-88.72000000000001,0.13242887
-88.73,0.1324237
-88.74000000000001,0.13241854
-88.75,0.13241336
-88.76,0.13240823
-88.77000000000001,0.13240308
-88.78,0.13239792
-88.79,0.13239273
-88.80000000000001,0.13238761
-88.81,0.13238245
-88.82000000000001,0.13237733
-88.83000000000001,0.13237214
-88.84,0.13236699
-88.85000000000001,0.13236186
-88.86000000000001,0.1323567
-88.87,0.13235158
-88.88000000000001,0.13234642
-88.89,0.13234128
-88.9,0.13233612
-88.91000000000001,0.13233098
-88.92,0.13232584
-88.93,0.13232069
-88.94000000000001,0.13231558
-88.95,0.13231044
-88.96000000000001,0.1323053
-88.97000000000001,0.13230014
-88.98,0.132295
-88.99000000000001,0.1322899
-89.0,0.13228479
-89.01,0.13227966
-89.02000000000001,0.13227451
-89.03,0.13226938
-89.04,0.13226426
-89.05000000000001,0.1322591
-89.06,0.132254
-89.07000000000001,0.13224888
-89.08000000000001,0.13224375
-89.09,0.13223866
-89.10000000000001,0.13223352
-89.11000000000001,0.1322284
-89.12,0.13222331
-89.13000000000001,0.13221815
-89.14,0.13221306
-89.15,0.13220799
-89.16000000000001,0.13220283
-89.17,0.13219774
-89.18,0.13219261
-89.19000000000001,0.13218752
-89.2,0.13218239
-89.21000000000001,0.13217732
-89.22000000000001,0.13217223
-89.23,0.13216713
-89.24000000000001,0.13216202
-89.25,0.13215694
-89.26,0.13215181
-89.27000000000001,0.13214672
-89.28,0.1321416
-89.29,0.1321365
-89.30000000000001,0.13213143
-89.31,0.13212633
-89.32000000000001,0.13212122
-89.33000000000001,0.13211615
-89.34,0.13211104
-89.35000000000001,0.13210595
-89.36000000000001,0.13210091
-89.37,0.1320958
-89.38000000000001,0.13209072
-89.39,0.13208565
-89.4,0.13208055
-89.41000000000001,0.13207547
-89.42,0.13207039
-89.43,0.13206531
-89.44000000000001,0.13206024
-89.45,0.13205516
-89.46000000000001,0.1320501
-89.47000000000001,0.13204503
-89.48,0.13203993
-89.49000000000001,0.13203485
-89.5,0.13202979
-89.51,0.13202475
-89.52000000000001,0.13201967
-89.53,0.1320146
-89.54,0.13200954
-89.55000000000001,0.13200442
-89.56,0.1319994
-89.57000000000001,0.13199437
-89.58000000000001,0.1319893
-89.59,0.13198423
-89.60000000000001,0.1319792
-89.61000000000001,0.1319741
-89.62,0.13196903
-89.63000000000001,0.13196403
-89.64,0.13195896
-89.65,0.1319539
-89.66000000000001,0.13194883
-89.67,0.13194379
-89.68,0.13193876
-89.69000000000001,0.13193369
-89.7,0.13192865
-89.71000000000001,0.13192365
-89.72000000000001,0.13191858
-89.73,0.13191354
-89.74000000000001,0.13190848
-89.75,0.13190344
-89.76,0.1318984
-89.77000000000001,0.1318934
-89.78,0.13188833
-89.79,0.13188326
-89.80000000000001,0.13187829
-89.81,0.13187322
-89.82000000000001,0.13186821
-89.83000000000001,0.13186315
-89.84,0.13185814
-89.85000000000001,0.1318531
-89.86000000000001,0.13184807
-89.87,0.13184303
-89.88000000000001,0.13183802
-89.89,0.13183302
-89.9,0.13182798
-89.91000000000001,0.13182297
-89.92,0.13181797
-89.93,0.13181293
-89.94000000000001,0.1318079
-89.95,0.13180289
-89.96000000000001,0.13179785
-89.97000000000001,0.13179284
-89.98,0.13178784
-89.99000000000001,0.13178283
-90.0,0.13177782
-90.01,0.13177279
-90.02000000000001,0.13176781
-90.03,0.1317628
-90.04,0.1317578
-90.05000000000001,0.13175276
-90.06,0.13174778
-90.07000000000001,0.1317428
-90.08000000000001,0.13173777
-90.09,0.13173279
-90.10000000000001,0.13172778
-90.11000000000001,0.13172278
-90.12,0.1317178
-90.13000000000001,0.1317128
-90.14,0.13170779
-90.15,0.13170281
-90.16000000000001,0.13169783
-90.17,0.13169286
-90.18,0.13168785
-90.19000000000001,0.13168287
-90.2,0.13167784
-90.21000000000001,0.13167289
-90.22000000000001,0.13166788
-90.23,0.13166294
-90.24000000000001,0.13165796
-90.25,0.13165295
-90.26,0.13164797
-90.27000000000001,0.13164297
-90.28,0.13163802
-90.29,0.13163301
-90.30000000000001,0.13162804
-90.31,0.13162309
-90.32000000000001,0.13161808
-90.33000000000001,0.13161317
-90.34,0.13160816
-90.35000000000001,0.13160321
-90.36000000000001,0.13159823
-90.37,0.13159326
-90.38000000000001,0.13158828
-90.39,0.13158333
-90.4,0.13157836
-90.41000000000001,0.13157341
-90.42,0.13156843
-90.43,0.13156345
-90.44000000000001,0.13155848
-90.45,0.13155359
-90.46000000000001,0.13154861
-90.47000000000001,0.1315436
-90.48,0.13153869
-90.49000000000001,0.13153374
-90.5,0.1315288
-90.51,0.13152382
-90.52000000000001,0.1315189
-90.53,0.13151395
-90.54,0.131509
-90.55000000000001,0.13150403
-90.56,0.13149911
-90.57000000000001,0.13149416
-90.58000000000001,0.13148922
-90.59,0.13148427
-90.60000000000001,0.13147935
-90.61000000000001,0.13147438
-90.62,0.13146946
-90.63000000000001,0.13146448
-90.64,0.13145956
-90.65,0.13145462
-90.66000000000001,0.1314497
-90.67,0.13144478
-90.68,0.13143983
-90.69000000000001,0.13143489
-90.7,0.13142997
-90.71000000000001,0.13142508
-90.72000000000001,0.13142014
-90.73,0.13141519
-90.74000000000001,0.13141026
-90.75,0.13140532
-90.76,0.13140044
-90.77000000000001,0.13139549
-90.78,0.1313906
-90.79,0.13138568
-90.80000000000001,0.13138077
-90.81,0.13137585
-90.82000000000001,0.13137093
-90.83000000000001,0.13136598
-90.84,0.13136113
-90.85000000000001,0.13135621
-90.86000000000001,0.13135126
-90.87,0.13134634
-90.88000000000001,0.13134146
-90.89,0.13133654
-90.9,0.13133162
-90.91000000000001,0.13132672
-90.92,0.13132185
-90.93,0.13131693
-90.94000000000001,0.131312
-90.95,0.13130713
-90.96000000000001,0.13130221
-90.97000000000001,0.13129735
-90.98,0.13129243
-90.99000000000001,0.13128753
-91.0,0.13128266
-91.01,0.13127773
-91.02000000000001,0.13127285
-91.03,0.13126796
-91.04,0.13126308
-91.05000000000001,0.13125817
-91.06,0.1312533
-91.07000000000001,0.1312484
-91.08000000000001,0.13124356
-91.09,0.13123864
-91.10000000000001,0.13123375
-91.11000000000001,0.13122886
-91.12,0.131224
-91.13000000000001,0.1312191
-91.14,0.13121423
-91.15,0.13120934
-91.16000000000001,0.13120449
-91.17,0.1311996
-91.18,0.13119471
-91.19000000000001,0.13118985
-91.2,0.131185
-91.21000000000001,0.13118011
-91.22000000000001,0.1311752
-91.23,0.13117035
-91.24000000000001,0.13116549
-91.25,0.13116063
-91.26,0.13115577
-91.27000000000001,0.1311509
-91.28,0.13114607
-91.29,0.13114119
-91.30000000000001,0.13113631
-91.31,0.13113144
-91.32000000000001,0.1311266
-91.33000000000001,0.13112175
-91.34,0.1311169
-91.35000000000001,0.13111204
-91.36000000000001,0.13110718
-91.37,0.1311023
-91.38000000000001,0.1310975
-91.39,0.13109261
-91.4,0.13108778
-91.41000000000001,0.13108292
-91.42,0.13107808
-91.43,0.13107324
-91.44000000000001,0.13106838
-91.45,0.13106355
-91.46000000000001,0.1310587
-91.47000000000001,0.13105384
-91.48,0.13104899
-91.49000000000001,0.13104416
-91.5,0.13103934
-91.51,0.13103448
-91.52000000000001,0.13102964
-91.53,0.13102482
-91.54,0.13102
-91.55000000000001,0.13101515
-91.56,0.13101032
-91.57000000000001,0.13100548
-91.58000000000001,0.13100065
-91.59,0.13099582
-91.60000000000001,0.130991
-91.61000000000001,0.13098618
-91.62,0.13098136
-91.63000000000001,0.13097653
-91.64,0.1309717
-91.65,0.1309669
-91.66000000000001,0.13096207
-91.67,0.13095725
-91.68,0.1309524
-91.69000000000001,0.13094759
-91.7,0.13094279
-91.71000000000001,0.13093796
-91.72000000000001,0.13093315
-91.73,0.13092837
-91.74000000000001,0.13092354
-91.75,0.13091874
-91.76,0.13091391
-91.77000000000001,0.13090912
-91.78,0.13090429
-91.79,0.13089949
-91.80000000000001,0.13089469
-91.81,0.1308899
-91.82000000000001,0.13088505
-91.83000000000001,0.13088028
-91.84,0.13087544
-91.85000000000001,0.1308707
-91.86000000000001,0.1308659
-91.87,0.13086107
-91.88000000000001,0.13085628
-91.89,0.13085148
-91.9,0.13084666
-91.91000000000001,0.13084191
-91.92,0.1308371
-91.93,0.1308323
-91.94000000000001,0.13082755
-91.95,0.13082272
-91.96000000000001,0.13081795
-91.97000000000001,0.13081315
-91.98,0.13080837
-91.99000000000001,0.13080359
-92.0,0.13079882
-92.01,0.13079402
-92.02000000000001,0.13078925
-92.03,0.13078445
-92.04,0.13077967
-92.05000000000001,0.13077489
-92.06,0.13077012
-92.07000000000001,0.13076535
-92.08000000000001,0.13076061
-92.09,0.13075581
-92.10000000000001,0.13075104
-92.11000000000001,0.13074625
-92.12,0.13074148
-92.13000000000001,0.13073674
-92.14,0.13073194
-92.15,0.1307272
-92.16000000000001,0.1307224
-92.17,0.13071766
-92.18,0.1307129
-92.19000000000001,0.13070813
-92.2,0.13070339
-92.21000000000001,0.13069862
-92.22000000000001,0.13069385
-92.23,0.13068913
-92.24000000000001,0.13068435
-92.25,0.13067958
-92.26,0.13067484
-92.27000000000001,0.1306701
-92.28,0.1306653
-92.29,0.13066056
-92.30000000000001,0.13065584
-92.31,0.13065109
-92.32000000000001,0.13064632
-92.33000000000001,0.13064158
-92.34,0.13063684
-92.35000000000001,0.13063207
-92.36000000000001,0.13062736
-92.37,0.1306226
-92.38000000000001,0.13061786
-92.39,0.13061312
-92.4,0.13060841
-92.41000000000001,0.13060364
-92.42,0.1305989
-92.43,0.13059416
-92.44000000000001,0.13058943
-92.45,0.13058472
-92.46000000000001,0.13057995
-92.47000000000001,0.13057524
-92.48,0.1305705
-92.49000000000001,0.13056579
-92.5,0.13056104
-92.51,0.13055634
-92.52000000000001,0.1305516
-92.53,0.13054684
-92.54,0.13054216
-92.55000000000001,0.1305374
-92.56,0.13053271
-92.57000000000001,0.13052797
-92.58000000000001,0.13052326
-92.59,0.13051856
-92.60000000000001,0.1305138
-92.61000000000001,0.13050908
-92.62,0.13050437
-92.63000000000001,0.13049966
-92.64,0.13049498
-92.65,0.13049021
-92.66000000000001,0.13048553
-92.67,0.13048083
-92.68,0.13047609
-92.69000000000001,0.13047141
-92.7,0.1304667
-92.71000000000001,0.130462
-92.72000000000001,0.13045725
-92.73,0.13045257
-92.74000000000001,0.13044786
-92.75,0.13044319
-92.76,0.13043848
-92.77000000000001,0.13043377
-92.78,0.1304291
-92.79,0.13042441
-92.80000000000001,0.13041969
-92.81,0.13041496
-92.82000000000001,0.13041028
-92.83000000000001,0.13040559
-92.84,0.1304009
-92.85000000000001,0.1303962
-92.86000000000001,0.13039151
-92.87,0.13038683
-92.88000000000001,0.13038215
-92.89,0.13037746
-92.9,0.13037276
-92.91000000000001,0.13036807
-92.92,0.13036343
-92.93,0.13035873
-92.94000000000001,0.13035402
-92.95,0.13034937
-92.96000000000001,0.13034466
-92.97000000000001,0.13034001
-92.98,0.13033536
-92.99000000000001,0.13033062
-93.0,0.13032597
-93.01,0.1303213
-93.02000000000001,0.13031664
-93.03,0.13031194
-93.04,0.13030729
-93.05000000000001,0.13030261
-93.06,0.13029793
-93.07000000000001,0.13029331
-93.08000000000001,0.13028862
-93.09,0.13028395
-93.10000000000001,0.1302793
-93.11000000000001,0.13027462
-93.12,0.13026996
-93.13000000000001,0.1302653
-93.14,0.13026062
-93.15,0.13025597
-93.16000000000001,0.13025132
-93.17,0.13024667
-93.18,0.13024202
-93.19000000000001,0.13023737
-93.2,0.13023269
-93.21000000000001,0.13022807
-93.22000000000001,0.1302234
-93.23,0.13021874
-93.24000000000001,0.1302141
-93.25,0.13020945
-93.26,0.1302048
-93.27000000000001,0.13020015
-93.28,0.1301955
-93.29,0.13019086
-93.30000000000001,0.1301862
-93.31,0.13018155
-93.32000000000001,0.13017695
-93.33000000000001,0.13017231
-93.34,0.13016765
-93.35000000000001,0.13016301
-93.36000000000001,0.13015836
-93.37,0.13015373
-93.38000000000001,0.1301491
-93.39,0.13014448
-93.4,0.1301398
-93.41000000000001,0.13013521
-93.42,0.13013056
-93.43,0.13012594
-93.44000000000001,0.13012132
-93.45,0.13011667
-93.46000000000001,0.13011207
-93.47000000000001,0.13010742
-93.48,0.13010284
-93.49000000000001,0.13009818
-93.5,0.13009357
-93.51,0.13008896
-93.52000000000001,0.13008434
-93.53,0.13007972
-93.54,0.1300751
-93.55000000000001,0.13007048
-93.56,0.13006586
-93.57000000000001,0.13006127
-93.58000000000001,0.13005665
-93.59,0.13005203
-93.60000000000001,0.13004738
-93.61000000000001,0.13004279
-93.62,0.13003819
-93.63000000000001,0.13003357
-93.64,0.13002896
-93.65,0.13002436
-93.66000000000001,0.13001975
-93.67,0.13001516
-93.68,0.13001055
-93.69000000000001,0.13000596
-93.7,0.13000137
-93.71000000000001,0.12999672
-93.72000000000001,0.12999213
-93.73,0.12998757
-93.74000000000001,0.12998296
-93.75,0.12997836
-93.76,0.12997377
-93.77000000000001,0.12996916
-93.78,0.12996459
-93.79,0.12996
-93.80000000000001,0.12995538
-93.81,0.12995079
-93.82000000000001,0.12994617
-93.83000000000001,0.12994164
-93.84,0.12993705
-93.85000000000001,0.12993246
-93.86000000000001,0.12992787
-93.87,0.12992325
-93.88000000000001,0.12991866
-93.89,0.12991412
-93.9,0.12990953
-93.91000000000001,0.12990496
-93.92,0.12990038
-93.93,0.12989579
-93.94000000000001,0.1298912
-93.95,0.12988663
-93.96000000000001,0.12988207
-93.97000000000001,0.12987752
-93.98,0.12987289
-93.99000000000001,0.12986836
-94.0,0.12986377
-94.01,0.12985921
-94.02000000000001,0.12985463
-94.03,0.12985009
-94.04,0.12984553
-94.05000000000001,0.12984094
-94.06,0.12983638
-94.07000000000001,0.12983182
-94.08000000000001,0.12982726
-94.09,0.1298227
-94.10000000000001,0.12981814
-94.11000000000001,0.1298136
-94.12,0.12980902
-94.13000000000001,0.12980443
-94.14,0.12979992
-94.15,0.12979536
-94.16000000000001,0.12979078
-94.17,0.12978625
-94.18,0.12978166
-94.19000000000001,0.12977716
-94.2,0.12977257
-94.21000000000001,0.12976804
-94.22000000000001,0.12976348
-94.23,0.12975892
-94.24000000000001,0.12975442
-94.25,0.12974986
-94.26,0.12974533
-94.27000000000001,0.12974074
-94.28,0.12973624
-94.29,0.12973168
-94.30000000000001,0.12972715
-94.31,0.12972263
-94.32000000000001,0.12971807
-94.33000000000001,0.12971357
-94.34,0.129709
-94.35000000000001,0.12970446
-94.36000000000001,0.12969992
-94.37,0.12969539
-94.38000000000001,0.12969089
-94.39,0.12968633
-94.4,0.1296818
-94.41000000000001,0.1296773
-94.42,0.12967274
-94.43,0.12966822
-94.44000000000001,0.1296637
-94.45,0.12965918
-94.46000000000001,0.12965465
-94.47000000000001,0.12965015
-94.48,0.12964562
-94.49000000000001,0.12964109
-94.5,0.12963659
-94.51,0.12963204
-94.52000000000001,0.12962754
-94.53,0.12962301
-94.54,0.1296185
-94.55000000000001,0.12961397
-94.56,0.1296095
-94.57000000000001,0.12960494
-94.58000000000001,0.12960045
-94.59,0.12959592
-94.60000000000001,0.12959144
-94.61000000000001,0.12958694
-94.62,0.1295824
-94.63000000000001,0.1295779
-94.64,0.1295734
-94.65,0.12956893
-94.66000000000001,0.1295644
-94.67,0.12955992
-94.68,0.12955539
-94.69000000000001,0.1295509
-94.7,0.1295464
-94.71000000000001,0.1295419
-94.72000000000001,0.1295374
-94.73,0.1295329
-94.74000000000001,0.1295284
-94.75,0.1295239
-94.76,0.12951943
-94.77000000000001,0.12951493
-94.78,0.12951043
-94.79,0.12950593
-94.80000000000001,0.12950146
-94.81,0.12949696
-94.82000000000001,0.12949248
-94.83000000000001,0.12948798
-94.84,0.12948348
-94.85000000000001,0.12947902
-94.86000000000001,0.12947455
-94.87,0.12947005
-94.88000000000001,0.12946558
-94.89,0.1294611
-94.9,0.12945664
-94.91000000000001,0.12945214
-94.92,0.12944767
-94.93,0.12944317
-94.94000000000001,0.12943873
-94.95,0.12943423
-94.96000000000001,0.12942976
-94.97000000000001,0.12942529
-94.98,0.12942082
-94.99000000000001,0.12941635
-95.0,0.12941188
-95.01,0.12940738
-95.02000000000001,0.12940295
-95.03,0.12939848
-95.04,0.129394
-95.05000000000001,0.12938954
-95.06,0.12938511
-95.07000000000001,0.12938064
-95.08000000000001,0.12937617
-95.09,0.1293717
-95.10000000000001,0.12936722
-95.11000000000001,0.12936279
-95.12,0.1293583
-95.13000000000001,0.12935385
-95.14,0.12934941
-95.15,0.12934494
-95.16000000000001,0.1293405
-95.17,0.12933606
-95.18,0.12933159
-95.19000000000001,0.12932718
-95.2,0.12932272
-95.21000000000001,0.12931824
-95.22000000000001,0.12931381
-95.23,0.12930939
-95.24000000000001,0.1293049
-95.25,0.12930048
-95.26,0.129296
-95.27000000000001,0.12929156
-95.28,0.12928715
-95.29,0.12928268
-95.30000000000001,0.12927826
-95.31,0.12927383
-95.32000000000001,0.12926936
-95.33000000000001,0.12926495
-95.34,0.12926053
-95.35000000000001,0.12925607
-95.36000000000001,0.12925166
-95.37,0.12924722
-95.38000000000001,0.12924278
-95.39,0.12923834
-95.4,0.12923391
-95.41000000000001,0.1292295
-95.42,0.12922508
-95.43,0.1292206
-95.44000000000001,0.1292162
-95.45,0.12921181
-95.46000000000001,0.12920739
-95.47000000000001,0.12920293
-95.48,0.12919852
-95.49000000000001,0.12919411
-95.5,0.12918967
-95.51,0.12918527
-95.52000000000001,0.12918083
-95.53,0.12917641
-95.54,0.129172
-95.55000000000001,0.12916762
-95.56,0.12916318
-95.57000000000001,0.12915878
-95.58000000000001,0.12915435
-95.59,0.12914997
-95.60000000000001,0.12914553
-95.61000000000001,0.12914112
-95.62,0.12913671
-95.63000000000001,0.12913236
-95.64,0.12912792
-95.65,0.12912352
-95.66000000000001,0.12911913
-95.67,0.12911469
-95.68,0.1291103
-95.69000000000001,0.1291059
-95.7,0.1291015
-95.71000000000001,0.1290971
-95.72000000000001,0.12909272
-95.73,0.12908825
-95.74000000000001,0.1290839
-95.75000000000001,0.12907949
-95.76,0.12907511
-95.77000000000001,0.12907073
-95.78,0.12906632
-95.79,0.12906194
-95.80000000000001,0.12905756
-95.81,0.12905319
-95.82000000000001,0.12904875
-95.83000000000001,0.12904438
-95.84,0.12904
-95.85000000000001,0.1290356
-95.86000000000001,0.12903121
-95.87,0.12902683
-95.88000000000001,0.12902245
-95.89,0.12901807
-95.9,0.12901367
-95.91000000000001,0.1290093
-95.92,0.12900493
-95.93,0.12900057
-95.94000000000001,0.12899618
-95.95,0.12899183
-95.96000000000001,0.12898743
-95.97000000000001,0.12898308
-95.98,0.1289787
-95.99000000000001,0.12897432
-96.00000000000001,0.12896994
-96.01,0.12896559
-96.02000000000001,0.12896118
-96.03,0.12895684
-96.04,0.12895244
-96.05000000000001,0.12894812
-96.06,0.12894374
-96.07000000000001,0.12893938
-96.08000000000001,0.12893498
-96.09,0.12893066
-96.10000000000001,0.12892628
-96.11000000000001,0.12892193
-96.12,0.12891756
-96.13000000000001,0.1289132
-96.14,0.12890887
-96.15,0.12890449
-96.16000000000001,0.12890013
-96.17,0.12889579
-96.18,0.12889144
-96.19000000000001,0.12888709
-96.2,0.12888272
-96.21000000000001,0.12887837
-96.22000000000001,0.128874
-96.23,0.1288697
-96.24000000000001,0.12886535
-96.25000000000001,0.128861
-96.26,0.1288566
-96.27000000000001,0.12885231
-96.28,0.12884793
-96.29,0.1288436
-96.30000000000001,0.12883925
-96.31,0.12883493
-96.32000000000001,0.12883057
-96.33000000000001,0.1288262
-96.34,0.12882191
-96.35000000000001,0.12881756
-96.36000000000001,0.1288132
-96.37,0.12880892
-96.38000000000001,0.12880456
-96.39,0.12880023
-96.4,0.1287959
-96.41000000000001,0.12879154
-96.42,0.12878725
-96.43,0.1287829
-96.44000000000001,0.12877856
-96.45,0.12877426
-96.46000000000001,0.12876993
-96.47000000000001,0.12876558
-96.48,0.12876126
-96.49000000000001,0.12875693
-96.50000000000001,0.12875262
-96.51,0.12874828
-96.52000000000001,0.12874398
-96.53,0.12873963
-96.54,0.12873533
-96.55000000000001,0.128731
-96.56,0.12872668
-96.57000000000001,0.1287224
-96.58000000000001,0.12871808
-96.59,0.12871376
-96.60000000000001,0.12870944
-96.61000000000001,0.12870514
-96.62,0.12870082
-96.63000000000001,0.12869647
-96.64,0.12869218
-96.65,0.12868789
-96.66000000000001,0.12868357
-96.67,0.12867928
-96.68,0.12867498
-96.69000000000001,0.12867063
-96.7,0.12866636
-96.71000000000001,0.12866205
-96.72000000000001,0.12865773
-96.73,0.12865344
-96.74000000000001,0.12864915
-96.75000000000001,0.12864485
-96.76,0.12864055
-96.77000000000001,0.12863624
-96.78,0.12863192
-96.79,0.12862767
-96.80000000000001,0.12862335
-96.81,0.12861907
-96.82000000000001,0.12861478
-96.83000000000001,0.12861048
-96.84,0.1286062
-96.85000000000001,0.12860191
-96.86000000000001,0.1285976
-96.87,0.12859333
-96.88000000000001,0.12858903
-96.89,0.12858471
-96.9,0.12858045
-96.91000000000001,0.12857616
-96.92,0.12857191
-96.93,0.12856762
-96.94000000000001,0.12856331
-96.95,0.12855907
-96.96000000000001,0.12855476
-96.97000000000001,0.12855048
-96.98,0.12854621
-96.99000000000001,0.12854195
-97.00000000000001,0.12853765
-97.01,0.1285334
-97.02000000000001,0.12852912
-97.03,0.12852482
-97.04,0.12852058
-97.05000000000001,0.1285163
-97.06,0.12851202
-97.07000000000001,0.12850776
-97.08000000000001,0.12850347
-97.09,0.12849924
-97.10000000000001,0.12849498
-97.11000000000001,0.1284907
-97.12,0.1284864
-97.13000000000001,0.12848216
-97.14,0.1284779
-97.15,0.12847362
-97.16000000000001,0.12846935
-97.17,0.12846512
-97.18,0.12846085
-97.19000000000001,0.1284566
-97.2,0.12845233
-97.21000000000001,0.12844807
-97.22000000000001,0.12844384
-97.23,0.12843958
-97.24000000000001,0.12843531
-97.25000000000001,0.12843108
-97.26,0.12842683
-97.27000000000001,0.12842254
-97.28,0.1284183
-97.29,0.12841403
-97.30000000000001,0.12840983
-97.31,0.12840554
-97.32000000000001,0.12840132
-97.33000000000001,0.12839708
-97.34,0.12839282
-97.35000000000001,0.12838858
-97.36000000000001,0.12838432
-97.37,0.12838009
-97.38000000000001,0.12837583
-97.39,0.12837163
-97.4,0.12836736
-97.41000000000001,0.12836315
-97.42,0.12835893
-97.43,0.12835467
-97.44000000000001,0.12835044
-97.45,0.12834617
-97.46000000000001,0.12834194
-97.47000000000001,0.12833777
-97.48,0.12833354
-97.49000000000001,0.1283293
-97.50000000000001,0.12832507
-97.51,0.12832078
-97.52000000000001,0.12831658
-97.53,0.12831235
-97.54,0.12830813
-97.55000000000001,0.12830395
-97.56,0.12829968
-97.57000000000001,0.12829547
-97.58000000000001,0.12829125
-97.59,0.12828702
-97.60000000000001,0.1282828
-97.61000000000001,0.12827858
-97.62,0.12827438
-97.63000000000001,0.12827015
-97.64,0.12826595
-97.65,0.12826169
-97.66000000000001,0.12825748
-97.67,0.1282533
-97.68,0.12824903
-97.69000000000001,0.12824488
-97.7,0.12824064
-97.71000000000001,0.12823643
-97.72000000000001,0.12823221
-97.73,0.12822801
-97.74000000000001,0.12822384
-97.75000000000001,0.12821962
-97.76,0.12821539
-97.77000000000001,0.1282112
-97.78,0.12820697
-97.79,0.12820283
-97.80000000000001,0.12819856
-97.81,0.12819438
-97.82000000000001,0.12819019
-97.83000000000001,0.12818599
-97.84,0.12818179
-97.85000000000001,0.12817761
-97.86000000000001,0.12817338
-97.87,0.12816922
-97.88000000000001,0.12816498
-97.89,0.12816083
-97.9,0.1281566
-97.91000000000001,0.12815243
-97.92,0.12814824
-97.93,0.12814404
-97.94000000000001,0.12813985
-97.95,0.12813568
-97.96000000000001,0.12813148
-97.97000000000001,0.12812728
-97.98,0.1281231
-97.99000000000001,0.1281189
-98.00000000000001,0.12811472
-98.01,0.12811056
-98.02000000000001,0.12810636
-98.03,0.12810215
-98.04,0.12809801
-98.05000000000001,0.1280938
-98.06,0.12808964
-98.07000000000001,0.12808546
-98.08000000000001,0.12808129
-98.09,0.12807712
-98.10000000000001,0.12807293
-98.11000000000001,0.12806877
-98.12,0.12806459
-98.13000000000001,0.1280604
-98.14,0.12805623
-98.15,0.12805209
-98.16000000000001,0.12804793
-98.17,0.12804374
-98.18,0.12803957
-98.19000000000001,0.1280354
-98.2,0.12803125
-98.21000000000001,0.12802705
-98.22000000000001,0.12802291
-98.23,0.12801875
-98.24000000000001,0.1280146
-98.25000000000001,0.1280104
-98.26,0.12800625
-98.27000000000001,0.1280021
-98.28,0.12799795
-98.29,0.1279938
-98.30000000000001,0.12798963
-98.31,0.12798548
-98.32000000000001,0.12798133
-98.33000000000001,0.12797716
-98.34,0.12797299
-98.35000000000001,0.12796888
-98.36000000000001,0.1279647
-98.37,0.12796056
-98.38000000000001,0.12795642
-98.39,0.12795225
-98.4,0.1279481
-98.41000000000001,0.12794398
-98.42,0.12793984
-98.43,0.12793571
-98.44000000000001,0.12793154
-98.45,0.12792741
-98.46000000000001,0.12792328
-98.47000000000001,0.12791911
-98.48,0.12791497
-98.49000000000001,0.12791084
-98.50000000000001,0.12790668
-98.51,0.12790255
-98.52000000000001,0.1278984
-98.53,0.12789425
-98.54,0.12789012
-98.55000000000001,0.127886
-98.56,0.12788188
-98.57000000000001,0.12787774
-98.58000000000001,0.1278736
-98.59,0.12786947
-98.60000000000001,0.12786533
-98.61000000000001,0.12786122
-98.62,0.12785709
-98.63000000000001,0.12785296
-98.64,0.12784883
-98.65,0.12784466
-98.66000000000001,0.12784058
-98.67,0.12783644
-98.68,0.12783232
-98.69000000000001,0.12782818
-98.7,0.12782413
-98.71000000000001,0.12781996
-98.72000000000001,0.12781584
-98.73,0.12781173
-98.74000000000001,0.12780762
-98.75000000000001,0.12780347
-98.76,0.12779938
-98.77000000000001,0.12779528
-98.78,0.12779115
-98.79,0.12778705
-98.80000000000001,0.12778291
-98.81,0.1277788
-98.82000000000001,0.12777472
-98.83000000000001,0.12777057
-98.84,0.12776648
-98.85000000000001,0.12776238
-98.86000000000001,0.12775826
-98.87,0.12775415
-98.88000000000001,0.12775007
-98.89,0.12774597
-98.9,0.12774187
-98.91000000000001,0.12773773
-98.92,0.12773365
-98.93,0.12772955
-98.94000000000001,0.12772545
-98.95,0.12772134
-98.96000000000001,0.12771726
-98.97000000000001,0.12771314
-98.98,0.12770906
-98.99000000000001,0.12770495
-99.00000000000001,0.12770087
-99.01,0.12769677
-99.02000000000001,0.12769267
-99.03,0.12768862
-99.04,0.12768447
-99.05000000000001,0.12768038
-99.06,0.12767632
-99.07000000000001,0.1276722
-99.08000000000001,0.12766813
-99.09,0.12766403
-99.10000000000001,0.12765996
-99.11000000000001,0.12765586
-99.12,0.12765177
-99.13000000000001,0.1276477
-99.14,0.12764364
-99.15,0.12763953
-99.16000000000001,0.12763545
-99.17,0.12763138
-99.18,0.12762731
-99.19000000000001,0.12762322
-99.2,0.12761918
-99.21000000000001,0.12761506
-99.22000000000001,0.12761098
-99.23,0.12760696
-99.24000000000001,0.12760285
-99.25000000000001,0.12759876
-99.26,0.12759471
-99.27000000000001,0.12759063
-99.28,0.12758656
-99.29,0.12758249
-99.30000000000001,0.12757844
-99.31,0.12757435
-99.32000000000001,0.12757029
-99.33000000000001,0.12756622
-99.34,0.12756217
-99.35000000000001,0.12755808
-99.36000000000001,0.12755403
-99.37,0.12754996
-99.38000000000001,0.12754591
-99.39,0.12754187
-99.4,0.12753782
-99.41000000000001,0.12753373
-99.42,0.12752968
-99.43,0.12752563
-99.44000000000001,0.12752157
-99.45,0.12751752
-99.46000000000001,0.12751344
-99.47000000000001,0.12750942
-99.48,0.12750533
-99.49000000000001,0.12750128
-99.50000000000001,0.12749723
-99.51,0.12749317
-99.52000000000001,0.12748913
-99.53,0.12748507
-99.54,0.12748104
-99.55000000000001,0.127477
-99.56,0.12747294
-99.57000000000001,0.12746888
-99.58000000000001,0.12746486
-99.59,0.12746084
-99.60000000000001,0.1274568
-99.61000000000001,0.1274527
-99.62,0.12744871
-99.63000000000001,0.12744465
-99.64,0.1274406
-99.65,0.12743655
-99.66000000000001,0.12743253
-99.67,0.1274285
-99.68,0.12742446
-99.69000000000001,0.12742043
-99.7,0.12741639
-99.71000000000001,0.12741235
-99.72000000000001,0.12740831
-99.73,0.1274043
-99.74000000000001,0.12740028
-99.75000000000001,0.12739624
-99.76,0.1273922
-99.77000000000001,0.12738818
-99.78,0.12738414
-99.79,0.12738015
-99.80000000000001,0.12737611
-99.81,0.12737212
-99.82000000000001,0.12736806
-99.83000000000001,0.12736402
-99.84,0.12736002
-99.85000000000001,0.127356
-99.86000000000001,0.12735197
-99.87,0.12734795
-99.88000000000001,0.12734392
-99.89,0.12733991
-99.9,0.1273359
-99.91000000000001,0.12733188
-99.92,0.12732786
-99.93,0.12732384
-99.94000000000001,0.12731984
-99.95,0.12731582
-99.96000000000001,0.1273118
-99.97000000000001,0.12730782
-99.98,0.12730381
-99.99000000000001,0.12729979
-100.00000000000001,0.12729578
