Stage,Epoch,Theta Loss,Psi Loss,Physics Loss,Total Loss
Adam,0,0.0004047537,436.00565,6.6339185e-06,4.421765
Adam,1,0.00022207767,230.96805,5.797013e-06,2.3438616
Adam,2,0.00012477601,128.38628,4.443415e-06,1.3032457
Adam,3,8.466832e-05,87.474,3.2558978e-06,0.8879286
Adam,4,7.517366e-05,77.69521,2.398998e-06,0.788588
Adam,5,7.864821e-05,80.817726,1.825498e-06,0.8202483
Adam,6,8.559248e-05,87.44203,1.4564419e-06,0.88747764
Adam,7,9.164496e-05,93.27152,1.2277549e-06,0.9466461
Adam,8,9.5121e-05,96.607796,1.0959114e-06,0.9805105
Adam,9,9.5565905e-05,96.9638,1.0337842e-06,0.98412794
Adam,10,9.305191e-05,94.393074,1.0257156e-06,0.9580424
Adam,11,8.789461e-05,89.21002,1.064267e-06,0.905444
Adam,12,8.057736e-05,81.90527,1.1485855e-06,0.83131164
Adam,13,7.1771625e-05,73.15355,1.2835035e-06,0.74249375
Adam,14,6.238688e-05,63.852413,1.4780423e-06,0.6481039
Adam,15,5.3589058e-05,55.138092,1.7413639e-06,0.55968046
Adam,16,4.670801e-05,48.30515,2.074146e-06,0.4903688
Adam,17,4.293972e-05,44.535107,2.4556343e-06,0.4521604
Adam,18,4.2811826e-05,44.381985,2.8328127e-06,0.45066655
Adam,19,4.561574e-05,47.18431,3.1263537e-06,0.4791544
Adam,20,4.9370912e-05,50.971615,3.2641713e-06,0.51761144
Adam,21,5.1764917e-05,53.385643,3.2215519e-06,0.54210436
Adam,22,5.1448704e-05,53.036366,3.02712e-06,0.538535
Adam,23,4.8565882e-05,50.084534,2.7371725e-06,0.50854075
Adam,24,4.4322125e-05,45.788,2.4104652e-06,0.46488985
Adam,25,4.017153e-05,41.63374,2.0949344e-06,0.42267734
Adam,26,3.7162976e-05,38.6631,1.8223157e-06,0.3924788
Adam,27,3.5674162e-05,37.22412,1.6075994e-06,0.37783346
Adam,28,3.5496712e-05,37.08344,1.4526123e-06,0.37637678
Adam,29,3.6098525e-05,37.70031,1.3520172e-06,0.3826207
Adam,30,3.6888247e-05,38.487453,1.2988152e-06,0.3906026
Adam,31,3.739014e-05,38.977604,1.2874641e-06,0.39557767
Adam,32,3.7323072e-05,38.896038,1.3146276e-06,0.39475602
Adam,33,3.6614012e-05,38.17165,1.3785539e-06,0.38741535
Adam,34,3.5377027e-05,36.91578,1.4779406e-06,0.37468603
Adam,35,3.387038e-05,35.38099,1.6107098e-06,0.35913205
Adam,36,3.2431024e-05,33.8984,1.7729056e-06,0.34411457
Adam,37,3.1381434e-05,32.78823,1.9580236e-06,0.3328832
Adam,38,3.0917316e-05,32.250385,2.1571204e-06,0.327465
Adam,39,3.101372e-05,32.26993,2.359817e-06,0.32770532
Adam,40,3.141096e-05,32.5986,2.555704e-06,0.33108097
Adam,41,3.1723837e-05,32.85867,2.7352858e-06,0.33375555
Adam,42,3.16374e-05,32.737556,2.8902477e-06,0.3325547
Adam,43,3.1069605e-05,32.152863,3.0138806e-06,0.3266411
Adam,44,3.0192576e-05,31.2753,3.102416e-06,0.31774724
Adam,45,2.9309189e-05,30.404444,3.1570355e-06,0.30891436
Adam,46,2.867862e-05,29.793184,3.1855147e-06,0.30271146
Adam,47,2.8396997e-05,29.530056,3.202294e-06,0.30004045
Adam,48,2.83841e-05,29.528648,3.2262926e-06,0.30002803
Adam,49,2.8457154e-05,29.602968,3.277119e-06,0.30078983
Adam,50,2.8435794e-05,29.571762,3.3713002e-06,0.30048868
Adam,51,2.8224611e-05,29.339642,3.519684e-06,0.29815805
Adam,52,2.7844662e-05,28.927877,3.7258617e-06,0.29401436
Adam,53,2.7410115e-05,28.4516,3.98474e-06,0.28922522
Adam,54,2.7063026e-05,28.055664,4.2808833e-06,0.28525823
Adam,55,2.6893042e-05,27.83501,4.587635e-06,0.28307217
Adam,56,2.6882584e-05,27.778807,4.869047e-06,0.2825508
Adam,57,2.6916328e-05,27.777557,5.0862827e-06,0.28257594
Adam,58,2.6858232e-05,27.698399,5.2075e-06,0.28179383
Adam,59,2.664485e-05,27.478397,5.2173464e-06,0.2795633
Adam,60,2.6322863e-05,27.16246,5.1218417e-06,0.2763413
Adam,61,2.6004067e-05,26.858625,4.9465443e-06,0.27322885
Adam,62,2.5779367e-05,26.652363,4.7287404e-06,0.27109987
Adam,63,2.5660027e-05,26.549063,4.5071606e-06,0.2700157
Adam,64,2.5583737e-05,26.481665,4.3132936e-06,0.2693012
Adam,65,2.547036e-05,26.367308,4.1663093e-06,0.2681186
Adam,66,2.5281044e-05,26.166464,4.0714012e-06,0.2660675
Adam,67,2.5039923e-05,25.9045,4.020494e-06,0.26340404
Adam,68,2.480832e-05,25.645847,3.99472e-06,0.2607789
Adam,69,2.4633047e-05,25.441977,3.9685738e-06,0.25871
Adam,70,2.4508401e-05,25.292301,3.9157435e-06,0.25718665
Adam,71,2.4383819e-05,25.150415,3.8161147e-06,0.25573415
Adam,72,2.4212943e-05,24.972103,3.6618576e-06,0.25390226
Adam,73,2.3999968e-05,24.761549,3.4594689e-06,0.2517344
Adam,74,2.3799175e-05,24.57088,3.2269922e-06,0.24976273
Adam,75,2.3662076e-05,24.447247,2.990782e-06,0.24847038
Adam,76,2.3569914e-05,24.365154,2.7816502e-06,0.24760428
Adam,77,2.345685e-05,24.253374,2.6149348e-06,0.2464445
Adam,78,2.3296703e-05,24.08476,2.4858407e-06,0.24471498
Adam,79,2.3112205e-05,23.884148,2.3820319e-06,0.2426656
Adam,80,2.2941262e-05,23.693445,2.2882898e-06,0.24071889
Adam,81,2.2798975e-05,23.532623,2.1894855e-06,0.2390745
Adam,82,2.2665261e-05,23.385778,2.0748387e-06,0.2375688
Adam,83,2.2510301e-05,23.225325,1.941585e-06,0.23592103
Adam,84,2.2328702e-05,23.045671,1.7954244e-06,0.23407532
Adam,85,2.2142322e-05,22.866182,1.6473881e-06,0.23223028
Adam,86,2.1971455e-05,22.70319,1.5092389e-06,0.23055398
Adam,87,2.1812315e-05,22.548643,1.3896362e-06,0.22896673
Adam,88,2.164562e-05,22.380245,1.2921195e-06,0.22724311
Adam,89,2.1461818e-05,22.187622,1.2150185e-06,0.22527775
Adam,90,2.1270642e-05,21.98219,1.1528148e-06,0.2231854
Adam,91,2.1084947e-05,21.780312,1.0983179e-06,0.2211306
Adam,92,2.090128e-05,21.582571,1.0451316e-06,0.21911767
Adam,93,2.0703668e-05,21.375986,9.89794e-07,0.21701388
Adam,94,2.0485782e-05,21.155008,9.3267124e-07,0.21476285
Adam,95,2.0259724e-05,20.930075,8.7707417e-07,0.21247126
Adam,96,2.003815e-05,20.71023,8.2720214e-07,0.21023211
Adam,97,1.9816225e-05,20.48654,7.860622e-07,0.20795575
Adam,98,1.9581492e-05,20.24406,7.541822e-07,0.20549096
Adam,99,1.9334748e-05,19.984236,7.292497e-07,0.20285195
Adam,100,1.9086623e-05,19.72114,7.064411e-07,0.20018035
Adam,101,1.8838648e-05,19.460732,6.7981347e-07,0.19753508
Adam,102,1.8583783e-05,19.199184,6.451231e-07,0.19487616
Adam,103,1.832439e-05,18.939222,6.029899e-07,0.19223133
Adam,104,1.8070617e-05,18.687654,5.604871e-07,0.1896712
Adam,105,1.7818451e-05,18.4345,5.2712136e-07,0.18709682
Adam,106,1.755772e-05,18.166023,5.059476e-07,0.18436979
Adam,107,1.7291703e-05,17.88708,4.938787e-07,0.18153863
Adam,108,1.7025519e-05,17.607475,4.8598235e-07,0.17870146
Adam,109,1.675349e-05,17.326012,4.7765997e-07,0.17584477
Adam,110,1.6471446e-05,17.039927,4.669248e-07,0.17294002
Adam,111,1.6184384e-05,16.751432,4.549999e-07,0.17001022
Adam,112,1.5892048e-05,16.455343,4.4430575e-07,0.1670039
Adam,113,1.5592348e-05,16.147264,4.3564853e-07,0.16387685
Adam,114,1.529184e-05,15.836507,4.273391e-07,0.16072296
Adam,115,1.4990969e-05,15.528446,4.17109e-07,0.15759568
Adam,116,1.4684552e-05,15.220122,4.0460915e-07,0.1544646
Adam,117,1.437466e-05,14.910827,3.920451e-07,0.15132326
Adam,118,1.4060093e-05,14.593919,3.8227992e-07,0.14810555
Adam,119,1.3735599e-05,14.261464,3.761608e-07,0.1447314
Adam,120,1.3401121e-05,13.916183,3.7178674e-07,0.14122777
Adam,121,1.3053615e-05,13.560008,3.6629064e-07,0.13761306
Adam,122,1.2693421e-05,13.19504,3.5849962e-07,0.13390818
Adam,123,1.233089e-05,12.828284,3.4999067e-07,0.13018498
Adam,124,1.1969771e-05,12.458804,3.4325794e-07,0.12643498
Adam,125,1.1608449e-05,12.084943,3.387019e-07,0.1226415
Adam,126,1.1242359e-05,11.707489,3.339808e-07,0.11881134
Adam,127,1.0863837e-05,11.322686,3.2691193e-07,0.11490548
Adam,128,1.047894e-05,10.933364,3.1823208e-07,0.11095321
Adam,129,1.0094015e-05,10.539755,3.1003782e-07,0.10695815
Adam,130,9.711959e-06,10.145831,3.0210427e-07,0.10296042
Adam,131,9.3287135e-06,9.754175,2.9272093e-07,0.098984964
Adam,132,8.947051e-06,9.367206,2.8295906e-07,0.095056556
Adam,133,8.576213e-06,8.986606,2.7616377e-07,0.091193914
Adam,134,8.21653e-06,8.612924,2.7259458e-07,0.087402605
Adam,135,7.859379e-06,8.245568,2.692573e-07,0.083674975
Adam,136,7.5038724e-06,7.882492,2.6584289e-07,0.07999038
Adam,137,7.153537e-06,7.520151,2.6359027e-07,0.076314084
Adam,138,6.8043605e-06,7.1593614,2.6021206e-07,0.0726533
Adam,139,6.4514447e-06,6.800456,2.5423145e-07,0.06901041
Adam,140,6.105852e-06,6.4466014,2.487876e-07,0.06541921
Adam,141,5.769455e-06,6.099948,2.440653e-07,0.061901506
Adam,142,5.4354327e-06,5.7611175,2.378298e-07,0.05846216
Adam,143,5.1127718e-06,5.4302897,2.3297135e-07,0.05510476
Adam,144,4.7994895e-06,5.1072865,2.2885571e-07,0.051827114
Adam,145,4.489472e-06,4.7918067,2.2366173e-07,0.048625037
Adam,146,4.1943817e-06,4.484213,2.2076075e-07,0.0455044
Adam,147,3.903472e-06,4.187118,2.1600762e-07,0.042489104
Adam,148,3.6317565e-06,3.902488,2.134791e-07,0.039601665
Adam,149,3.367191e-06,3.6332796,2.0824743e-07,0.03686911
Adam,150,3.1322352e-06,3.3825262,2.0711997e-07,0.034326162
Adam,151,2.9130633e-06,3.1712322,1.9753737e-07,0.03217891
Adam,152,2.8606582e-06,3.0869126,2.0560415e-07,0.031329066
Adam,153,2.9076666e-06,3.1876473,1.8108292e-07,0.03233978
Adam,154,2.664112e-06,2.8808534,2.0033875e-07,0.029238202
Adam,155,2.1235335e-06,2.3511002,1.8418099e-07,0.023857158
Adam,156,2.1281614e-06,2.3679364,1.7545581e-07,0.024024906
Adam,157,2.137963e-06,2.3436713,1.87651e-07,0.023785556
Adam,158,1.7284959e-06,1.9452184,1.7152122e-07,0.019737188
Adam,159,1.6169088e-06,1.8290594,1.6766027e-07,0.018558279
Adam,160,1.7069682e-06,1.9011093,1.7505486e-07,0.019293396
Adam,161,1.4523664e-06,1.6581247,1.594476e-07,0.016823018
Adam,162,1.2525827e-06,1.4432137,1.5940734e-07,0.0146439355
Adam,163,1.3414297e-06,1.523942,1.6247978e-07,0.015465005
Adam,164,1.2585983e-06,1.4531758,1.4782293e-07,0.014742721
Adam,165,1.0262053e-06,1.2002983,1.5090603e-07,0.01217955
Adam,166,1.0212929e-06,1.1915286,1.4917448e-07,0.012090855
Adam,167,1.0726894e-06,1.2523278,1.368773e-07,0.012704713
Adam,168,9.236751e-07,1.0875416,1.4234247e-07,0.0110353185
Adam,169,7.9312787e-07,0.9531598,1.3581757e-07,0.009670939
Adam,170,8.309167e-07,0.99412394,1.2919187e-07,0.010085255
Adam,171,8.4642136e-07,1.0043131,1.344479e-07,0.0101902615
Adam,172,7.400158e-07,0.89708257,1.2452048e-07,0.009100506
Adam,173,6.5285155e-07,0.8033836,1.2511597e-07,0.00815053
Adam,174,6.764869e-07,0.8255637,1.2532915e-07,0.00837591
Adam,175,7.125652e-07,0.8644878,1.1649712e-07,0.008769237
Adam,176,6.644747e-07,0.81056213,1.216679e-07,0.008223542
Adam,177,5.8788316e-07,0.73048645,1.149574e-07,0.00741029
Adam,178,5.663519e-07,0.7065884,1.1386348e-07,0.0071679163
Adam,179,5.9722646e-07,0.7375994,1.1603573e-07,0.007482983
Adam,180,6.2149974e-07,0.76166564,1.08549806e-07,0.0077261636
Adam,181,5.9316733e-07,0.7317872,1.14026534e-07,0.0074239513
Adam,182,5.4713473e-07,0.6820209,1.0798897e-07,0.0069184774
Adam,183,5.1889697e-07,0.6517423,1.089347e-07,0.0066115973
Adam,184,5.251821e-07,0.6574439,1.0923008e-07,0.0066696005
Adam,185,5.4909293e-07,0.6802903,1.0442365e-07,0.00690093
Adam,186,5.588298e-07,0.6910009,1.0922826e-07,0.0070102178
Adam,187,5.526841e-07,0.6820308,1.0268127e-07,0.006918613
Adam,188,5.237555e-07,0.6525325,1.07423084e-07,0.0066200015
Adam,189,4.969375e-07,0.62295496,1.0333625e-07,0.006319591
Adam,190,4.793358e-07,0.60433006,1.0468816e-07,0.006130904
Adam,191,4.7595273e-07,0.60022193,1.0470689e-07,0.006089318
Adam,192,4.8295385e-07,0.6064255,1.0214799e-07,0.0061520203
Adam,193,4.9222547e-07,0.6162738,1.05398854e-07,0.0062523815
Adam,194,5.0443884e-07,0.6273408,1.0020063e-07,0.006364104
Adam,195,5.0674544e-07,0.6307119,1.0526356e-07,0.0063989204
Adam,196,5.0706143e-07,0.62914044,9.908552e-08,0.0063823266
Adam,197,4.9257056e-07,0.61524504,1.0439281e-07,0.0062419944
Adam,198,4.76962e-07,0.59744376,9.887421e-08,0.006060813
Adam,199,4.5479226e-07,0.5749852,1.0278167e-07,0.005833488
Adam,200,4.3707706e-07,0.5556315,9.920371e-08,0.0056367572
Adam,201,4.228119e-07,0.5407651,1.00791105e-07,0.0054861913
Adam,202,4.1448465e-07,0.5316813,9.960554e-08,0.0053939265
Adam,203,4.1058948e-07,0.5273229,9.891911e-08,0.005349655
Adam,204,4.09784e-07,0.52635187,9.987336e-08,0.005339967
Adam,205,4.1199073e-07,0.5282501,9.7315784e-08,0.005358897
Adam,206,4.1601172e-07,0.5323993,1.0005471e-07,0.005401403
Adam,207,4.2491212e-07,0.54112315,9.5757215e-08,0.005489332
Adam,208,4.3683414e-07,0.5535507,1.00322104e-07,0.0056160805
Adam,209,4.5975696e-07,0.57664347,9.397387e-08,0.005849494
Adam,210,4.855059e-07,0.6036762,1.0086119e-07,0.0061247167
Adam,211,5.277251e-07,0.64660865,9.2013316e-08,0.0065590474
Adam,212,5.515752e-07,0.67188233,1.0139852e-07,0.0068167695
Adam,213,5.719891e-07,0.6920995,9.0707346e-08,0.0070204
Adam,214,5.272273e-07,0.64532405,1.00561735e-07,0.0065474086
Adam,215,4.6120905e-07,0.5762469,9.155495e-08,0.0058453837
Adam,216,3.8338828e-07,0.49408394,9.72438e-08,0.005012934
Adam,217,3.4445554e-07,0.4532681,9.436753e-08,0.0045985044
Adam,218,3.5327935e-07,0.46206415,9.3026266e-08,0.0046875873
Adam,219,3.8962514e-07,0.49877056,9.682302e-08,0.0050606728
Adam,220,4.246731e-07,0.5356646,9.028521e-08,0.00543389
Adam,221,4.27375e-07,0.53703386,9.7259175e-08,0.0054490333
Adam,222,4.0342383e-07,0.51276845,9.004563e-08,0.005201705
Adam,223,3.5970285e-07,0.46584827,9.5345534e-08,0.0047267396
Adam,224,3.2534524e-07,0.4304943,9.1792195e-08,0.0043675136
Adam,225,3.1502006e-07,0.41933164,9.229175e-08,0.004254413
Adam,226,3.2627182e-07,0.43043047,9.376567e-08,0.0043673106
Adam,227,3.4544277e-07,0.4512185,8.9863384e-08,0.0045774807
Adam,228,3.5978067e-07,0.4647877,9.466939e-08,0.004716044
Adam,229,3.6173995e-07,0.46811482,8.888733e-08,0.0047487426
Adam,230,3.488298e-07,0.45319104,9.4190526e-08,0.0045983633
Adam,231,3.2819977e-07,0.43270233,8.927662e-08,0.004389645
Adam,232,3.0758406e-07,0.41013482,9.268094e-08,0.004161388
Adam,233,2.9236878e-07,0.39452043,9.0366854e-08,0.004002615
Adam,234,2.859426e-07,0.38735485,9.088989e-08,0.0039300737
Adam,235,2.8669686e-07,0.38766468,9.143781e-08,0.003933367
Adam,236,2.918373e-07,0.39302698,8.939034e-08,0.003987454
Adam,237,2.999867e-07,0.40064925,9.220632e-08,0.0040653213
Adam,238,3.0933177e-07,0.4107014,8.826526e-08,0.0041666534
Adam,239,3.1964603e-07,0.42031592,9.274539e-08,0.0042650173
Adam,240,3.3245033e-07,0.43423778,8.730565e-08,0.004405341
Adam,241,3.4550567e-07,0.44644758,9.320381e-08,0.004530282
Adam,242,3.640948e-07,0.4666456,8.63263e-08,0.0047340193
Adam,243,3.792333e-07,0.4808414,9.36437e-08,0.0048793457
Adam,244,4.0057716e-07,0.5040827,8.5388415e-08,0.005113722
Adam,245,4.0634387e-07,0.50846595,9.387469e-08,0.0051596924
Adam,246,4.1136062e-07,0.51474476,8.4891184e-08,0.005221885
Adam,247,3.8751415e-07,0.48827344,9.33756e-08,0.0049548675
Adam,248,3.5733257e-07,0.4578184,8.5367006e-08,0.004644589
Adam,249,3.1304123e-07,0.4101624,9.176281e-08,0.0041623446
Adam,250,2.7542373e-07,0.37158483,8.6835655e-08,0.003770187
Adam,251,2.5153105e-07,0.34578392,8.9451014e-08,0.0035089864
Adam,252,2.4391167e-07,0.33768886,8.860029e-08,0.0034267653
Adam,253,2.5002177e-07,0.3440215,8.7275374e-08,0.0034908096
Adam,254,2.652282e-07,0.35895774,9.0013565e-08,0.0036428636
Adam,255,2.839128e-07,0.3790561,8.564405e-08,0.0038459944
Adam,256,3.0223788e-07,0.39672905,9.0906326e-08,0.004026262
Adam,257,3.2022467e-07,0.41648823,8.453389e-08,0.004225596
Adam,258,3.300834e-07,0.42504138,9.130323e-08,0.0043136217
Adam,259,3.38115e-07,0.43461114,8.391514e-08,0.0044094156
Adam,260,3.3208224e-07,0.4264961,9.115726e-08,0.004328447
Adam,261,3.2270742e-07,0.41795915,8.388866e-08,0.0042405804
Adam,262,3.0156585e-07,0.39416867,9.039535e-08,0.0040004808
Adam,263,2.7938023e-07,0.37211904,8.447469e-08,0.0037757684
Adam,264,2.5652957e-07,0.34686005,8.913189e-08,0.0035204496
Adam,265,2.3751471e-07,0.3276792,8.542119e-08,0.0033252323
Adam,266,2.2501187e-07,0.31375155,8.770249e-08,0.0031844226
Adam,267,2.1768648e-07,0.30616543,8.63667e-08,0.003107262
Adam,268,2.154942e-07,0.30356944,8.641082e-08,0.0030809802
Adam,269,2.1707359e-07,0.30473197,8.71352e-08,0.003092951
Adam,270,2.2099844e-07,0.30899876,8.531509e-08,0.0031359347
Adam,271,2.2857903e-07,0.31597504,8.780633e-08,0.0032072081
Adam,272,2.3940265e-07,0.32785246,8.423807e-08,0.0033270707
Adam,273,2.5698026e-07,0.3448277,8.862831e-08,0.0035001182
Adam,274,2.857315e-07,0.37581375,8.287129e-08,0.0038134276
Adam,275,3.281218e-07,0.41828027,8.993676e-08,0.0042455113
Adam,276,4.030026e-07,0.49761933,8.0920074e-08,0.0050487816
Adam,277,4.861113e-07,0.58265287,9.1895224e-08,0.0059132297
Adam,278,6.189278e-07,0.7217881,7.865237e-08,0.007322518
Adam,279,6.5081366e-07,0.7544304,9.3391016e-08,0.0076559344
Adam,280,6.531383e-07,0.7570072,7.82237e-08,0.0076797763
Adam,281,4.554367e-07,0.5495551,9.12982e-08,0.005577561
Adam,282,2.7313354e-07,0.36092666,8.229648e-08,0.003662581
Adam,283,1.9484821e-07,0.2782552,8.532214e-08,0.0028245773
Adam,284,2.5746164e-07,0.34254524,8.806582e-08,0.0034772814
Adam,285,3.7459353e-07,0.46631646,8.044375e-08,0.0047314204
Adam,286,4.0688866e-07,0.4976598,9.039307e-08,0.0050511905
Adam,287,3.5072716e-07,0.44114622,8.062095e-08,0.0044761645
Adam,288,2.3771456e-07,0.32119277,8.745216e-08,0.0032607026
Adam,289,1.8884148e-07,0.2708168,8.498258e-08,0.0027492417
Adam,290,2.2788434e-07,0.31208196,8.2620694e-08,0.0031673952
Adam,291,2.9133514e-07,0.37614372,8.845865e-08,0.0038184063
Adam,292,3.1141602e-07,0.39905745,8.0799545e-08,0.0040494064
Adam,293,2.6087616e-07,0.34403375,8.778246e-08,0.0034926361
Adam,294,2.0131996e-07,0.28319648,8.312297e-08,0.0028746312
Adam,295,1.8358433e-07,0.2640775,8.423537e-08,0.002680948
Adam,296,2.1158006e-07,0.29225653,8.6452786e-08,0.00296727
Adam,297,2.465356e-07,0.33003488,8.161386e-08,0.003349571
Adam,298,2.507512e-07,0.33233318,8.7410214e-08,0.003374056
Adam,299,2.2424076e-07,0.30614156,8.1965574e-08,0.0031073464
Adam,300,1.9091144e-07,0.26994038,8.55534e-08,0.0027408735
Adam,301,1.7676443e-07,0.25535458,8.426332e-08,0.0025927
Adam,302,1.8703189e-07,0.2662329,8.2962956e-08,0.002702828
Adam,303,2.0718359e-07,0.28598234,8.6119805e-08,0.0029038189
Adam,304,2.1755702e-07,0.2979197,8.1722625e-08,0.0030240887
Adam,305,2.1125796e-07,0.28973302,8.6190596e-08,0.0029419474
Adam,306,1.9360803e-07,0.27228585,8.227891e-08,0.0027642415
Adam,307,1.7739815e-07,0.2543463,8.477543e-08,0.0025827892
Adam,308,1.6963511e-07,0.24632393,8.373856e-08,0.0025012454
Adam,309,1.722647e-07,0.24902576,8.305478e-08,0.0025285557
Adam,310,1.81155e-07,0.2574854,8.496745e-08,0.0026147722
Adam,311,1.8885137e-07,0.2661479,8.1961325e-08,0.0027021011
Adam,312,1.9287289e-07,0.26913872,8.540331e-08,0.0027331286
Adam,313,1.9074044e-07,0.2677147,8.171614e-08,0.0027180156
Adam,314,1.8505621e-07,0.26062006,8.5078085e-08,0.0026467207
Adam,315,1.7681279e-07,0.25262606,8.2067615e-08,0.0025650926
Adam,316,1.6980123e-07,0.24444929,8.432606e-08,0.0024826122
Adam,317,1.637693e-07,0.23838913,8.264961e-08,0.0024208543
Adam,318,1.6045533e-07,0.23446587,8.350182e-08,0.0023812524
Adam,319,1.588119e-07,0.2326063,8.320771e-08,0.002362366
Adam,320,1.586375e-07,0.2323144,8.278969e-08,0.002359358
Adam,321,1.5987797e-07,0.23314954,8.3659216e-08,0.002368026
Adam,322,1.6156825e-07,0.2350847,8.217721e-08,0.0023874089
Adam,323,1.6507309e-07,0.23801982,8.406389e-08,0.0024175688
Adam,324,1.695775e-07,0.24314493,8.153339e-08,0.0024691157
Adam,325,1.778156e-07,0.2507549,8.459274e-08,0.00254691
Adam,326,1.9083875e-07,0.2650705,8.065323e-08,0.0026914286
Adam,327,2.1303835e-07,0.28691775,8.552262e-08,0.0029139617
Adam,328,2.5362212e-07,0.3303544,7.922519e-08,0.003353471
Adam,329,3.1577562e-07,0.3936091,8.724438e-08,0.0039965436
Adam,330,4.3738626e-07,0.5215344,7.6868005e-08,0.0052924817
Adam,331,5.753875e-07,0.66476667,9.0013124e-08,0.0067474763
Adam,332,8.264768e-07,0.92545825,7.3857336e-08,0.009389632
Adam,333,8.7562e-07,0.97921467,9.231538e-08,0.009937336
Adam,334,9.0223773e-07,1.0039955,7.334803e-08,0.010186294
Adam,335,5.232243e-07,0.60936433,8.944592e-08,0.0061855437
Adam,336,2.2191449e-07,0.29645228,7.944161e-08,0.003009726
Adam,337,1.5579145e-07,0.2269253,8.127042e-08,0.0023048122
Adam,338,3.2486884e-07,0.40168145,8.714381e-08,0.0040786164
Adam,339,5.153998e-07,0.60228676,7.581634e-08,0.0061115497
Adam,340,4.3926482e-07,0.52070534,8.848698e-08,0.0052862163
Adam,341,2.5663059e-07,0.33252198,7.8680124e-08,0.0033755163
Adam,342,1.4390626e-07,0.2135738,8.2610875e-08,0.0021697157
Adam,343,2.1682973e-07,0.28848916,8.5348454e-08,0.0029302181
Adam,344,3.4109988e-07,0.4204543,7.745877e-08,0.0042673266
Adam,345,3.198089e-07,0.3952252,8.699211e-08,0.004013272
Adam,346,2.0945494e-07,0.28247216,7.936689e-08,0.002868045
Adam,347,1.4129725e-07,0.2101103,8.237212e-08,0.0021346535
Adam,348,1.8791587e-07,0.25771183,8.459651e-08,0.002617995
Adam,349,2.6058186e-07,0.33550256,7.83827e-08,0.0034058704
Adam,350,2.4589303e-07,0.31748664,8.578574e-08,0.003224618
Adam,351,1.7629641e-07,0.24679075,7.999148e-08,0.0025063506
Adam,352,1.3838927e-07,0.20624867,8.2116216e-08,0.0020955626
Adam,353,1.6847281e-07,0.23672807,8.396925e-08,0.002405147
Adam,354,2.110259e-07,0.28261727,7.902552e-08,0.0028696803
Adam,355,2.0395507e-07,0.27311146,8.483138e-08,0.0027744325
Adam,356,1.6181095e-07,0.23055437,8.015083e-08,0.002341838
Adam,357,1.3580963e-07,0.20256948,8.208328e-08,0.002058379
Adam,358,1.495298e-07,0.21631014,8.3175614e-08,0.0021980072
Adam,359,1.7583626e-07,0.24475795,7.9573006e-08,0.002485891
Adam,360,1.7938187e-07,0.24680258,8.4123535e-08,0.0025075516
Adam,361,1.5742764e-07,0.22502083,7.9994734e-08,0.0022858216
Adam,362,1.358451e-07,0.2015783,8.230745e-08,0.002048506
Adam,363,1.3429339e-07,0.19981916,8.2171496e-08,0.0020306613
Adam,364,1.48192e-07,0.21475342,8.0139515e-08,0.0021817838
Adam,365,1.5933475e-07,0.2252306,8.341051e-08,0.002288718
Adam,366,1.549428e-07,0.22152774,7.97642e-08,0.0022504835
Adam,367,1.4105733e-07,0.2060288,8.2657124e-08,0.002093845
Adam,368,1.2959423e-07,0.19436535,8.103731e-08,0.001975248
Adam,369,1.2915055e-07,0.19374005,8.0961925e-08,0.0019689174
Adam,370,1.3667784e-07,0.20100863,8.239704e-08,0.0020429476
Adam,371,1.428134e-07,0.20791416,7.9892885e-08,0.0021125476
Adam,372,1.4310072e-07,0.20729044,8.269176e-08,0.0021067732
Adam,373,1.3654491e-07,0.20098518,8.005181e-08,0.002042341
Adam,374,1.291309e-07,0.19257776,8.1920845e-08,0.0019574354
Adam,375,1.2416582e-07,0.18748584,8.0958486e-08,0.001905627
Adam,376,1.2397466e-07,0.18715172,8.0808704e-08,0.0019022346
Adam,377,1.2714567e-07,0.19002272,8.180534e-08,0.0019315698
Adam,378,1.3013019e-07,0.19341692,8.004743e-08,0.0019656958
Adam,379,1.3194959e-07,0.19461872,8.2123826e-08,0.0019782982
Adam,380,1.3057358e-07,0.19357906,7.988207e-08,0.001967359
Adam,381,1.2794493e-07,0.19016704,8.1900986e-08,0.0019331473
Adam,382,1.2396875e-07,0.18629035,8.01637e-08,0.0018935234
Adam,383,1.2094688e-07,0.18267216,8.136934e-08,0.0018570691
Adam,384,1.1855992e-07,0.18020776,8.060888e-08,0.0018319528
Adam,385,1.1753853e-07,0.17893541,8.078322e-08,0.0018191022
Adam,386,1.17483616e-07,0.17866048,8.101212e-08,0.001816379
Adam,387,1.1785856e-07,0.17906572,8.029293e-08,0.00182038
Adam,388,1.1892131e-07,0.17977498,8.130456e-08,0.0018277836
Adam,389,1.1971092e-07,0.18076989,7.9919104e-08,0.0018376433
Adam,390,1.2117995e-07,0.18177488,8.151164e-08,0.0018481525
Adam,391,1.2234436e-07,0.18327469,7.959561e-08,0.0018630378
Adam,392,1.246066e-07,0.18500167,8.171052e-08,0.0018809641
Adam,393,1.2721489e-07,0.18811856,7.92222e-08,0.0019121511
Adam,394,1.3194571e-07,0.19229911,8.201792e-08,0.0019550857
Adam,395,1.3900059e-07,0.20020777,7.8674596e-08,0.0020347289
Adam,396,1.5066202e-07,0.21144074,8.2594795e-08,0.0021493959
Adam,397,1.7075068e-07,0.23316854,7.776809e-08,0.002368963
Adam,398,2.0145748e-07,0.26405567,8.3677456e-08,0.0026833268
Adam,399,2.597838e-07,0.32584262,7.622215e-08,0.003308827
Adam,400,3.3796005e-07,0.40635636,8.559103e-08,0.0041270964
Adam,401,4.949652e-07,0.5703893,7.3770366e-08,0.0057892026
Adam,402,6.388485e-07,0.72128093,8.840034e-08,0.007321897
Adam,403,9.1721125e-07,1.0084625,7.0957945e-08,0.010232851
Adam,404,9.1163355e-07,1.0072742,9.0343185e-08,0.0102230385
Adam,405,9.156056e-07,1.006985,7.095233e-08,0.010217833
Adam,406,5.0537153e-07,0.5806342,8.72739e-08,0.005895239
Adam,407,1.972846e-07,0.26043957,7.703044e-08,0.0026455428
Adam,408,1.1181925e-07,0.17067885,7.944532e-08,0.0017354783
Adam,409,2.649819e-07,0.32910442,8.4603066e-08,0.0033434818
Adam,410,4.713708e-07,0.546164,7.384776e-08,0.0055434224
Adam,411,4.4008164e-07,0.511614,8.665784e-08,0.0051951506
Adam,412,2.847787e-07,0.35185787,7.575389e-08,0.0035726584
Adam,413,1.2379768e-07,0.18209541,8.171303e-08,0.0018517806
Adam,414,1.3693334e-07,0.19552335,8.218173e-08,0.0019881008
Adam,415,2.6093306e-07,0.32674512,7.603554e-08,0.0033179966
Adam,416,3.051446e-07,0.37009197,8.516141e-08,0.0037594656
Adam,417,2.393341e-07,0.30390027,7.62881e-08,0.003086346
Adam,418,1.2952496e-07,0.18739925,8.190648e-08,0.0019057073
Adam,419,1.12515e-07,0.16980001,8.115973e-08,0.0017270513
Adam,420,1.7963382e-07,0.2410545,7.7237466e-08,0.0024490757
Adam,421,2.2286049e-07,0.28377602,8.3960124e-08,0.0028837833
Adam,422,1.943169e-07,0.25610772,7.6919584e-08,0.0026017625
Adam,423,1.2674136e-07,0.18385047,8.178214e-08,0.0018697832
Adam,424,1.0407378e-07,0.1605198,8.0455855e-08,0.0016328774
Adam,425,1.3742797e-07,0.19594708,7.803554e-08,0.0019917903
Adam,426,1.7188235e-07,0.23022905,8.290955e-08,0.002340509
Adam,427,1.655565e-07,0.22514223,7.7290174e-08,0.0022878493
Adam,428,1.2642074e-07,0.1828596,8.1696015e-08,0.0018598136
Adam,429,1.0138618e-07,0.15722474,7.971253e-08,0.0015994122
Adam,430,1.11147024e-07,0.16753216,7.8800426e-08,0.0017038138
Adam,431,1.3562243e-07,0.19201387,8.1926935e-08,0.0019527711
Adam,432,1.4383221e-07,0.20160669,7.7587565e-08,0.0020492796
Adam,433,1.2749882e-07,0.18336307,8.163274e-08,0.0018650003
Adam,434,1.0557205e-07,0.16109093,7.88949e-08,0.0016385793
Adam,435,9.862292e-08,0.15351711,7.960122e-08,0.0015619047
Adam,436,1.0835298e-07,0.16320734,8.083238e-08,0.0016604512
Adam,437,1.2053916e-07,0.17649062,7.807785e-08,0.0017946988
Adam,438,1.2276038e-07,0.17784607,8.1414626e-08,0.001809087
Adam,439,1.1318121e-07,0.16849008,7.826751e-08,0.0017136182
Adam,440,1.0142687e-07,0.1555722,8.039652e-08,0.0015829955
Adam,441,9.5800516e-08,0.14977282,7.957879e-08,0.001524035
Adam,442,9.8771714e-08,0.1528957,7.8941255e-08,0.0015556139
Adam,443,1.05744945e-07,0.15962513,8.0677665e-08,0.0016242146
Adam,444,1.093669e-07,0.16385038,7.822104e-08,0.0016666419
Adam,445,1.0777201e-07,0.16146205,8.0778726e-08,0.0016429031
Adam,446,1.0160316e-07,0.1554216,7.852189e-08,0.0015812347
Adam,447,9.584863e-08,0.14893691,8.0026346e-08,0.0015157503
Adam,448,9.268607e-08,0.14566322,7.9364014e-08,0.0014824397
Adam,449,9.319193e-08,0.14612968,7.9073175e-08,0.0014871366
Adam,450,9.604333e-08,0.14874336,8.009871e-08,0.0015138548
Adam,451,9.8371665e-08,0.15141648,7.846997e-08,0.001540691
Adam,452,9.958567e-08,0.15213522,8.035796e-08,0.0015483437
Adam,453,9.824286e-08,0.15105262,7.837968e-08,0.0015370195
Adam,454,9.599271e-08,0.14819083,8.01394e-08,0.0015083281
Adam,455,9.281386e-08,0.1450791,7.866266e-08,0.0014765125
Adam,456,9.049632e-08,0.14232053,7.965785e-08,0.0014487284
Adam,457,8.881506e-08,0.14057183,7.908518e-08,0.0014309032
Adam,458,8.823088e-08,0.13982944,7.914591e-08,0.001423401
Adam,459,8.8454556e-08,0.13987556,7.946487e-08,0.0014239436
Adam,460,8.8935444e-08,0.14041455,7.873309e-08,0.0014292957
Adam,461,8.988201e-08,0.14107552,7.972225e-08,0.0014361958
Adam,462,9.0453184e-08,0.14181708,7.844064e-08,0.0014435048
Adam,463,9.136054e-08,0.14235502,7.986992e-08,0.0014492348
Adam,464,9.17913e-08,0.14301218,7.8229995e-08,0.001455625
Adam,465,9.2712256e-08,0.14351475,7.997137e-08,0.00146105
Adam,466,9.339981e-08,0.14448616,7.8036095e-08,0.001470577
Adam,467,9.494372e-08,0.14558962,8.0102524e-08,0.0014821531
Adam,468,9.681947e-08,0.1478586,7.777796e-08,0.0015047756
Adam,469,1.0027054e-07,0.1508801,8.034585e-08,0.0015358934
Adam,470,1.0547295e-07,0.15671146,7.735777e-08,0.0015945393
Adam,471,1.13935954e-07,0.16485116,8.081651e-08,0.0016777243
Adam,472,1.2833301e-07,0.18041338,7.663798e-08,0.0018348794
Adam,473,1.5014017e-07,0.20233716,8.169919e-08,0.0020581475
Adam,474,1.909613e-07,0.2455898,7.539673e-08,0.0024958516
Adam,475,2.4747885e-07,0.30375877,8.327966e-08,0.0030872016
Adam,476,3.620224e-07,0.42354733,7.332852e-08,0.004300776
Adam,477,4.8901074e-07,0.55642736,8.584208e-08,0.005650501
Adam,478,7.576992e-07,0.83431244,7.03886e-08,0.008467337
Adam,479,8.924011e-07,0.979617,8.883495e-08,0.009943355
Adam,480,1.1808876e-06,1.2728072,6.81938e-08,0.012915433
Adam,481,9.178277e-07,1.0057,8.9035346e-08,0.010208029
Adam,482,6.63963e-07,0.73778,7.1009694e-08,0.0074880454
Adam,483,2.345395e-07,0.28944388,8.3170825e-08,0.0029420953
Adam,484,8.058283e-08,0.12977281,7.909483e-08,0.0013216797
Adam,485,2.1908187e-07,0.27533138,7.499912e-08,0.0027974257
Adam,486,4.243938e-07,0.48742577,8.5381714e-08,0.004950724
Adam,487,5.2192223e-07,0.59083414,7.206707e-08,0.0059974394
Adam,488,3.1403295e-07,0.37187406,8.429715e-08,0.00377849
Adam,489,1.1926123e-07,0.1708925,7.6953384e-08,0.0017383572
Adam,490,9.5113506e-08,0.14535756,7.776586e-08,0.0014795075
Adam,491,2.2001984e-07,0.27365732,8.3109356e-08,0.0027820426
Adam,492,3.2202576e-07,0.3826174,7.387206e-08,0.0038855588
Adam,493,2.4415584e-07,0.29862818,8.343811e-08,0.0030354208
Adam,494,1.2183943e-07,0.17315489,7.685127e-08,0.0017613525
Adam,495,8.1878134e-08,0.13074729,7.854766e-08,0.0013315367
Adam,496,1.4803527e-07,0.1983984,8.185472e-08,0.0020184675
Adam,497,2.157499e-07,0.2711321,7.512172e-08,0.0027549518
Adam,498,1.852694e-07,0.23688234,8.252807e-08,0.002408993
Adam,499,1.1225356e-07,0.1624216,7.7029e-08,0.0016526084
Adam,500,7.8822616e-08,0.12678874,7.8861504e-08,0.0012915399
Adam,501,1.119071e-07,0.16051605,8.0889386e-08,0.00163408
Adam,502,1.5562732e-07,0.20742345,7.596011e-08,0.0021089725
Adam,503,1.4873734e-07,0.19852903,8.176527e-08,0.0020198657
Adam,504,1.0741376e-07,0.15661858,7.7042095e-08,0.0015938542
Adam,505,7.858202e-08,0.12581263,7.919998e-08,0.0012817936
Adam,506,8.906319e-08,0.13641699,7.999195e-08,0.0013895282
Adam,507,1.1652198e-07,0.16577777,7.668574e-08,0.0016867588
Adam,508,1.240816e-07,0.1725105,8.111929e-08,0.0017558851
Adam,509,1.05745244e-07,0.15423997,7.6931094e-08,0.0015698011
Adam,510,8.228139e-08,0.12904468,7.957539e-08,0.0013147254
Adam,511,7.683416e-08,0.123386495,7.9058545e-08,0.0012572488
Adam,512,8.939067e-08,0.13675295,7.745639e-08,0.0013925566
Adam,513,1.0237953e-07,0.14953041,8.046441e-08,0.0015227307
Adam,514,1.0137571e-07,0.14913274,7.694992e-08,0.0015180763
Adam,515,8.846295e-08,0.13493313,7.992132e-08,0.0013745889
Adam,516,7.6347135e-08,0.12257073,7.8166856e-08,0.0012488844
Adam,517,7.481961e-08,0.12084131,7.833269e-08,0.0012313859
Adam,518,8.201047e-08,0.12797508,7.9606046e-08,0.0013039933
Adam,519,8.8738396e-08,0.13536835,7.7304136e-08,0.0013785899
Adam,520,8.9059405e-08,0.13506286,7.997007e-08,0.001375983
Adam,521,8.2653436e-08,0.1287771,7.754085e-08,0.0013118002
Adam,522,7.55483e-08,0.12092838,7.918955e-08,0.0012324944
Adam,523,7.20517e-08,0.11731656,7.854742e-08,0.0011957554
Adam,524,7.356649e-08,0.11889147,7.810345e-08,0.0012116652
Adam,525,7.7653155e-08,0.12279412,7.939679e-08,0.0012514986
Adam,526,8.004373e-08,0.12557226,7.753333e-08,0.0012793592
Adam,527,7.9683666e-08,0.12469542,7.9539994e-08,0.0012708378
Adam,528,7.6264364e-08,0.12140933,7.770199e-08,0.0012371882
Adam,529,7.266017e-08,0.11728227,7.904202e-08,0.001195578
Adam,530,7.003396e-08,0.11460053,7.830298e-08,0.0011682558
Adam,531,6.958472e-08,0.114032894,7.833246e-08,0.0011625165
Adam,532,7.0789014e-08,0.11508667,7.888846e-08,0.0011733182
Adam,533,7.2198e-08,0.11667568,7.781731e-08,0.0011892591
Adam,534,7.339718e-08,0.117573194,7.917066e-08,0.0011986172
Adam,535,7.315417e-08,0.11751823,7.7658385e-08,0.0011978041
Adam,536,7.2296274e-08,0.116258964,7.910216e-08,0.0011852994
Adam,537,7.0505806e-08,0.11454376,7.779594e-08,0.0011676828
Adam,538,6.8973065e-08,0.11266741,7.8802586e-08,0.0011488404
Adam,539,6.751208e-08,0.111182265,7.808066e-08,0.0011336616
Adam,540,6.671215e-08,0.11019135,7.8435036e-08,0.0011236856
Adam,541,6.634231e-08,0.10972303,7.8376985e-08,0.0011189381
Adam,542,6.6320034e-08,0.109651744,7.811082e-08,0.0011181821
Adam,543,6.6633206e-08,0.10980017,7.860693e-08,0.0011197876
Adam,544,6.687703e-08,0.11008074,7.78671e-08,0.0011225189
Adam,545,6.734594e-08,0.110331744,7.8757e-08,0.0011252329
Adam,546,6.757005e-08,0.110634536,7.7692604e-08,0.0011281347
Adam,547,6.804146e-08,0.110854626,7.8858704e-08,0.0011305814
Adam,548,6.831167e-08,0.111231886,7.755102e-08,0.0011341983
Adam,549,6.896898e-08,0.111621596,7.895925e-08,0.0011384052
Adam,550,6.962802e-08,0.11243066,7.7390396e-08,0.0011463594
Adam,551,7.095541e-08,0.11349043,7.9109995e-08,0.001157414
Adam,552,7.276384e-08,0.115536734,7.7148464e-08,0.0011778541
Adam,553,7.58647e-08,0.11840319,7.9378715e-08,0.0012073184
Adam,554,8.0753836e-08,0.12372372,7.674482e-08,0.0012608621
Adam,555,8.8511925e-08,0.13138206,7.987126e-08,0.0013390781
Adam,556,1.0202774e-07,0.14578769,7.604878e-08,0.0014845884
Adam,557,1.2249016e-07,0.1666355,8.076419e-08,0.0016968431
Adam,558,1.6147636e-07,0.20764609,7.4833586e-08,0.0021119071
Adam,559,2.1640516e-07,0.2646036,8.2352116e-08,0.0026908496
Adam,560,3.3036721e-07,0.38331392,7.275904e-08,0.003893608
Adam,561,4.63598e-07,0.52337134,8.500491e-08,0.0053160037
Adam,562,7.5945667e-07,0.82866937,6.961365e-08,0.008411054
Adam,563,9.459953e-07,1.0298111,8.8482885e-08,0.010453283
Adam,564,1.3838704e-06,1.4751945,6.6611214e-08,0.014969516
Adam,565,1.1707951e-06,1.2654803,8.983535e-08,0.012843898
Adam,566,1.0232148e-06,1.1030967,6.8288195e-08,0.011194693
Adam,567,4.065331e-07,0.46236452,8.46305e-08,0.004697319
Adam,568,8.186908e-08,0.12507682,7.678742e-08,0.0012745666
Adam,569,1.4301104e-07,0.18935518,7.5331606e-08,0.0019263031
Adam,570,4.1293717e-07,0.46873403,8.47857e-08,0.004761998
Adam,571,6.213267e-07,0.6876733,7.071852e-08,0.0069805393
Adam,572,4.0428793e-07,0.4594,8.480996e-08,0.0046673645
Adam,573,1.4713157e-07,0.19390279,7.546877e-08,0.0019724178
Adam,574,6.938021e-08,0.11194691,7.77279e-08,0.0011415354
Adam,575,2.1352255e-07,0.26029098,8.271227e-08,0.002647345
Adam,576,3.5967653e-07,0.41561276,7.287362e-08,0.00422101
Adam,577,2.6770633e-07,0.31661037,8.3414086e-08,0.0032187714
Adam,578,1.1315306e-07,0.15791415,7.6170586e-08,0.0016075401
Adam,579,6.720051e-08,0.109249026,7.784404e-08,0.0011142469
Adam,580,1.5761704e-07,0.20185523,8.183582e-08,0.0020544701
Adam,581,2.364175e-07,0.2865608,7.416713e-08,0.0029121959
Adam,582,1.7680142e-07,0.22166881,8.213655e-08,0.0022555287
Adam,583,8.416215e-08,0.12679265,7.6907185e-08,0.0012920869
Adam,584,6.766098e-08,0.109173894,7.7650455e-08,0.0011135357
Adam,585,1.2641844e-07,0.1692298,8.114785e-08,0.0017234329
Adam,586,1.6686384e-07,0.21296029,7.501051e-08,0.002165884
Adam,587,1.2755962e-07,0.17029203,8.115156e-08,0.001734227
Adam,588,7.2613965e-08,0.11391668,7.725842e-08,0.0011616476
Adam,589,6.541136e-08,0.10617653,7.767246e-08,0.0010832279
Adam,590,1.01061104e-07,0.14259805,8.0476084e-08,0.0014532111
Adam,591,1.2463394e-07,0.16808686,7.5655876e-08,0.0017109121
Adam,592,1.0293255e-07,0.14443184,8.048552e-08,0.0014718312
Adam,593,6.942243e-08,0.11003901,7.7272006e-08,0.0011223942
Adam,594,6.160637e-08,0.10168097,7.788209e-08,0.0010377329
Adam,595,8.099813e-08,0.12144993,7.9792166e-08,0.0012386178
Adam,596,9.769803e-08,0.13945739,7.620035e-08,0.0014206585
Adam,597,8.989237e-08,0.13054064,8.008889e-08,0.0013309035
Adam,598,6.964957e-08,0.10988633,7.716506e-08,0.0011208855
Adam,599,5.9388753e-08,0.09890321,7.826593e-08,0.0010096803
Adam,600,6.662917e-08,0.10622371,7.9134516e-08,0.0010841016
Adam,601,7.8614114e-08,0.11906168,7.6734096e-08,0.001213919
Adam,602,8.0329386e-08,0.12026236,7.9786645e-08,0.001226641
Adam,603,7.0666516e-08,0.11057466,7.705104e-08,0.0011279043
Adam,604,6.040713e-08,0.09950647,7.8718294e-08,0.0010159335
Adam,605,5.860216e-08,0.09758989,7.848899e-08,0.0009964625
Adam,606,6.437702e-08,0.10374149,7.73421e-08,0.0010586728
Adam,607,7.004914e-08,0.10922403,7.939684e-08,0.0011146571
Adam,608,6.91538e-08,0.10862598,7.7041264e-08,0.001108189
Adam,609,6.333947e-08,0.10212855,7.904397e-08,0.0010426429
Adam,610,5.765917e-08,0.09634728,7.785124e-08,0.0009837993
Adam,611,5.6669837e-08,0.095208764,7.800614e-08,0.000972289
Adam,612,5.9671436e-08,0.098110184,7.880202e-08,0.0010018728
Adam,613,6.259872e-08,0.1013648,7.729903e-08,0.0010346327
Adam,614,6.3077216e-08,0.10146016,7.906633e-08,0.001035923
Adam,615,6.0261904e-08,0.0987498,7.7407954e-08,0.0010081484
Adam,616,5.699319e-08,0.09505765,7.8586865e-08,0.0009709135
Adam,617,5.4984664e-08,0.09299678,7.8047954e-08,0.00094992266
Adam,618,5.523863e-08,0.093224235,7.7864044e-08,0.0009522077
Adam,619,5.6890116e-08,0.0947403,7.8616004e-08,0.0009677289
Adam,620,5.8003934e-08,0.09603237,7.742715e-08,0.0009806384
Adam,621,5.8121365e-08,0.09586435,7.873818e-08,0.0009791724
Adam,622,5.6695267e-08,0.09451462,7.7466765e-08,0.0009652705
Adam,623,5.504145e-08,0.09256346,7.843635e-08,0.00094565627
Adam,624,5.3578663e-08,0.09106329,7.782637e-08,0.00093034364
Adam,625,5.306222e-08,0.09042903,7.796994e-08,0.0009239451
Adam,626,5.332976e-08,0.09059683,7.821591e-08,0.0009257002
Adam,627,5.3844694e-08,0.09114741,7.759977e-08,0.00093119073
Adam,628,5.4400097e-08,0.091532305,7.84283e-08,0.0009352473
Adam,629,5.4362726e-08,0.091545574,7.745496e-08,0.0009352284
Adam,630,5.405148e-08,0.091015674,7.84168e-08,0.000930027
Adam,631,5.325695e-08,0.090218775,7.752205e-08,0.0009218046
Adam,632,5.2512572e-08,0.089274235,7.824559e-08,0.000912356
Adam,633,5.1746305e-08,0.088459104,7.7705764e-08,0.0009040088
Adam,634,5.1259615e-08,0.087838344,7.801092e-08,0.000897774
Adam,635,5.0960534e-08,0.08745993,7.7906726e-08,0.00089392933
Adam,636,5.0846477e-08,0.08727501,7.779135e-08,0.0008920458
Adam,637,5.0882395e-08,0.087207,7.8067124e-08,0.0008914124
Adam,638,5.0917002e-08,0.0872087,7.7626154e-08,0.0008913685
Adam,639,5.102669e-08,0.08719587,7.8171276e-08,0.00089133845
Adam,640,5.103549e-08,0.087189354,7.751565e-08,0.00089117617
Adam,641,5.1100507e-08,0.08712115,7.822885e-08,0.0008906109
Adam,642,5.105958e-08,0.0870725,7.743881e-08,0.00088999973
Adam,643,5.1103648e-08,0.08697953,7.8264e-08,0.0008892004
Adam,644,5.1088442e-08,0.0869629,7.7370125e-08,0.00088889775
Adam,645,5.1213988e-08,0.0869527,7.8306364e-08,0.000888955
Adam,646,5.136302e-08,0.08711363,7.728237e-08,0.00089043303
Adam,647,5.175356e-08,0.0873743,7.8385064e-08,0.0008932638
Adam,648,5.2335054e-08,0.087998025,7.71423e-08,0.0008994018
Adam,649,5.338133e-08,0.088931315,7.853474e-08,0.0009091005
Adam,650,5.5045938e-08,0.0907046,7.690546e-08,0.00092683866
Adam,651,5.7741435e-08,0.09333842,7.881077e-08,0.0009538671
Adam,652,6.229295e-08,0.09815265,7.65016e-08,0.0010023457
Adam,653,6.940288e-08,0.105365776,7.931055e-08,0.0010759648
Adam,654,8.224317e-08,0.1188557,7.580294e-08,0.001212264
Adam,655,1.01780984e-07,0.13904122,8.0209475e-08,0.0014177107
Adam,656,1.3985505e-07,0.1787943,7.457906e-08,0.001820108
Adam,657,1.9445918e-07,0.23583509,8.18161e-08,0.0023997922
Adam,658,3.1016225e-07,0.35589284,7.2461305e-08,0.003616322
Adam,659,4.505291e-07,0.50407237,8.4561314e-08,0.005120987
Adam,660,7.732861e-07,0.8364359,6.912065e-08,0.00849072
Adam,661,1.0020065e-06,1.0833777,8.841178e-08,0.010997339
Adam,662,1.5748363e-06,1.6658292,6.549407e-08,0.016904341
Adam,663,1.4037756e-06,1.5053487,9.0621825e-08,0.0152776465
Adam,664,1.3941999e-06,1.480617,6.6277885e-08,0.015025242
Adam,665,5.9917403e-07,0.65799975,8.5934545e-08,0.0066827633
Adam,666,1.2284744e-07,0.16245802,7.511716e-08,0.0016542749
Adam,667,9.580633e-08,0.13424289,7.574519e-08,0.0013681616
Adam,668,4.1094853e-07,0.46052504,8.45114e-08,0.0046795695
Adam,669,7.1888934e-07,0.7833893,6.97904e-08,0.007952195
Adam,670,4.8665976e-07,0.5393519,8.531168e-08,0.0054793144
Adam,671,1.7385918e-07,0.21634229,7.4613354e-08,0.0022006936
Adam,672,5.606338e-08,0.09229937,7.763234e-08,0.00094304804
Adam,673,2.277491e-07,0.26914173,8.2773106e-08,0.0027379955
Adam,674,4.113468e-07,0.46386737,7.210969e-08,0.004711192
Adam,675,2.856916e-07,0.32944766,8.346279e-08,0.0033498495
Adam,676,9.721337e-08,0.13568151,7.6030446e-08,0.0013828016
Adam,677,6.372271e-08,0.10024152,7.708868e-08,0.0010235369
Adam,678,1.8605067e-07,0.22556698,8.218041e-08,0.0022959043
Adam,679,2.626353e-07,0.30842653,7.347553e-08,0.0031346818
Adam,680,1.6012484e-07,0.19858927,8.1740275e-08,0.0020221726
Adam,681,5.7736347e-08,0.0934397,7.72533e-08,0.0009546454
Adam,682,7.5759665e-08,0.11235729,7.645341e-08,0.0011464048
Adam,683,1.5379851e-07,0.19206066,8.155087e-08,0.001955909
Adam,684,1.705734e-07,0.21124539,7.447592e-08,0.0021492112
Adam,685,9.672297e-08,0.13268916,8.038157e-08,0.0013534573
Adam,686,4.9549598e-08,0.08403601,7.78971e-08,0.00085947703
Adam,687,7.7730014e-08,0.11368166,7.6259376e-08,0.0011599149
Adam,688,1.208829e-07,0.1577288,8.0847826e-08,0.0016075476
Adam,689,1.1670403e-07,0.15420687,7.5254746e-08,0.0015708625
Adam,690,7.018918e-08,0.10495612,7.948619e-08,0.0010720125
Adam,691,4.904565e-08,0.08308417,7.8068105e-08,0.0008499088
Adam,692,7.0772586e-08,0.10596045,7.636521e-08,0.0010816752
Adam,693,9.4564164e-08,0.1301265,8.0188784e-08,0.001327478
Adam,694,8.791704e-08,0.123785265,7.583574e-08,0.0012624155
Adam,695,6.014196e-08,0.09427361,7.90459e-08,0.0009636143
Adam,696,4.848909e-08,0.08223229,7.8040145e-08,0.0008413022
Adam,697,6.15048e-08,0.09595799,7.668507e-08,0.0009803083
Adam,698,7.596436e-08,0.11055491,7.967386e-08,0.0011288947
Adam,699,7.254388e-08,0.107406415,7.6263724e-08,0.0010963853
Adam,700,5.6233976e-08,0.089965306,7.889998e-08,0.0009199232
Adam,701,4.7446864e-08,0.080896765,7.790921e-08,0.0008277711
Adam,702,5.3359084e-08,0.087132335,7.7110904e-08,0.0008908938
Adam,703,6.292763e-08,0.09673902,7.926568e-08,0.0009887192
Adam,704,6.323728e-08,0.097407736,7.658993e-08,0.0009950513
Adam,705,5.452578e-08,0.08792718,7.886742e-08,0.00089928077
Adam,706,4.7009056e-08,0.080228515,7.7677285e-08,0.0008209881
Adam,707,4.777914e-08,0.08101112,7.7516496e-08,0.0008289055
Adam,708,5.3597212e-08,0.08679911,7.88415e-08,0.0008878569
Adam,709,5.6281497e-08,0.089895904,7.6850945e-08,0.0009189288
Adam,710,5.3252993e-08,0.08634195,7.882657e-08,0.0008832314
Adam,711,4.7667196e-08,0.0807177,7.740849e-08,0.0008259383
Adam,712,4.530906e-08,0.078123294,7.788183e-08,0.00079971156
Adam,713,4.720019e-08,0.079962134,7.835273e-08,0.00081845425
Adam,714,5.0050417e-08,0.083093226,7.7115736e-08,0.00085000717
Adam,715,5.083653e-08,0.083600484,7.8670396e-08,0.00085543084
Adam,716,4.8414687e-08,0.08126489,7.7189966e-08,0.0008314896
Adam,717,4.555394e-08,0.078069486,7.81763e-08,0.0007992544
Adam,718,4.4229555e-08,0.07669176,7.782506e-08,0.0007852258
Adam,719,4.5038046e-08,0.07753727,7.745683e-08,0.0007937469
Adam,720,4.667412e-08,0.07906262,7.8326025e-08,0.0008093762
Adam,721,4.7117027e-08,0.07963705,7.71446e-08,0.00081500976
Adam,722,4.6273293e-08,0.078540795,7.82922e-08,0.0008040927
Adam,723,4.4517908e-08,0.07677665,7.7372306e-08,0.00078605005
Adam,724,4.334544e-08,0.075431585,7.7846266e-08,0.00077249453
Adam,725,4.3156163e-08,0.07517748,7.782171e-08,0.0007699215
Adam,726,4.3703583e-08,0.07573798,7.738735e-08,0.00077554345
Adam,727,4.4397925e-08,0.07631793,7.810964e-08,0.0007815554
Adam,728,4.4432277e-08,0.076384634,7.721817e-08,0.0007820939
Adam,729,4.3947246e-08,0.07572733,7.807388e-08,0.00077557645
Adam,730,4.3037396e-08,0.07478204,7.736364e-08,0.0007658806
Adam,731,4.2325e-08,0.07393421,7.7800806e-08,0.000757361
Adam,732,4.1965322e-08,0.073509075,7.764834e-08,0.0007530328
Adam,733,4.200022e-08,0.073495016,7.7491784e-08,0.00075287395
Adam,734,4.2257042e-08,0.073671475,7.787648e-08,0.0007547348
Adam,735,4.241168e-08,0.07381255,7.730904e-08,0.00075608364
Adam,736,4.2410154e-08,0.073706135,7.794524e-08,0.0007551146
Adam,737,4.212123e-08,0.07338828,7.7298075e-08,0.0007517957
Adam,738,4.1732388e-08,0.07288816,7.785836e-08,0.0007468202
Adam,739,4.1278163e-08,0.072384946,7.740879e-08,0.0007416525
Adam,740,4.0932385e-08,0.07195149,7.768573e-08,0.00073730765
Adam,741,4.0698914e-08,0.07165974,7.756008e-08,0.0007343362
Adam,742,4.0590965e-08,0.071495004,7.7508474e-08,0.00073266495
Adam,743,4.0571273e-08,0.07141159,7.768652e-08,0.0007318545
Adam,744,4.0565116e-08,0.07136694,7.737737e-08,0.0007313608
Adam,745,4.0562277e-08,0.071294196,7.775432e-08,0.0007306894
Adam,746,4.0496193e-08,0.07119393,7.7305415e-08,0.0007296096
Adam,747,4.040115e-08,0.07102465,7.776163e-08,0.00072797085
Adam,748,4.0242643e-08,0.07082851,7.728338e-08,0.000725914
Adam,749,4.0071487e-08,0.07058271,7.7727115e-08,0.00072349684
Adam,750,3.986812e-08,0.07033694,7.729315e-08,0.00072094356
Adam,751,3.967599e-08,0.07007291,7.7672226e-08,0.0007183313
Adam,752,3.9476834e-08,0.06982806,7.7314986e-08,0.0007157994
Adam,753,3.9299028e-08,0.069582805,7.761287e-08,0.00071336486
Adam,754,3.9124846e-08,0.06936039,7.7334505e-08,0.0007110728
Adam,755,3.8970015e-08,0.06914228,7.755987e-08,0.00070890225
Adam,756,3.8820794e-08,0.06894256,7.73458e-08,0.0007068506
Adam,757,3.8684895e-08,0.06874596,7.751901e-08,0.0007048902
Adam,758,3.85536e-08,0.06856279,7.734669e-08,0.0007030129
Adam,759,3.8430784e-08,0.06838112,7.7491116e-08,0.00070119946
Adam,760,3.8311978e-08,0.06821005,7.7335415e-08,0.0006994476
Adam,761,3.8199857e-08,0.06804034,7.7476e-08,0.00069775473
Adam,762,3.809353e-08,0.06788207,7.731118e-08,0.0006961313
Adam,763,3.7995196e-08,0.067727365,7.747603e-08,0.0006945943
Adam,764,3.7909942e-08,0.067590885,7.727176e-08,0.00069318607
Adam,765,3.7840884e-08,0.067466766,7.749634e-08,0.00069196825
Adam,766,3.7804732e-08,0.06738191,7.72091e-08,0.00069107115
Adam,767,3.7812445e-08,0.067338616,7.754789e-08,0.0006906902
Adam,768,3.7915097e-08,0.06739866,7.7106044e-08,0.0006912397
Adam,769,3.8153114e-08,0.067597136,7.7654484e-08,0.0006933425
Adam,770,3.8688103e-08,0.06810682,7.692944e-08,0.00069841085
Adam,771,3.9674863e-08,0.06909084,7.786459e-08,0.00070853933
Adam,772,4.167061e-08,0.07111874,7.661145e-08,0.0007289297
Adam,773,4.525501e-08,0.07482756,7.82758e-08,0.0007668052
Adam,774,5.2557095e-08,0.08236965,7.60126e-08,0.0008429819
Adam,775,6.562724e-08,0.09603397,7.908946e-08,0.0009820472
Adam,776,9.351327e-08,0.124937735,7.484775e-08,0.0012746316
Adam,777,1.4200874e-07,0.1758749,8.072043e-08,0.0017921583
Adam,778,2.5318622e-07,0.29094008,7.2554876e-08,0.0029582619
Adam,779,4.2540927e-07,0.47294158,8.394753e-08,0.004805819
Adam,780,8.5669217e-07,0.9168099,6.825513e-08,0.009306841
Adam,781,1.2989819e-06,1.3919419,8.954673e-08,0.014127699
Adam,782,2.4929418e-06,2.606128,6.2142874e-08,0.026444541
Adam,783,2.3771104e-06,2.5282216,9.4334546e-08,0.025652932
Adam,784,2.7754409e-06,2.899704,6.1479795e-08,0.029422577
Adam,785,9.851498e-07,1.0561743,8.811393e-08,0.010722732
Adam,786,8.3365286e-08,0.11673039,7.5590584e-08,0.0011911473
Adam,787,3.2699703e-07,0.37224445,7.233658e-08,0.0037823443
Adam,788,9.934055e-07,1.0629001,8.8421615e-08,0.010791274
Adam,789,1.2638071e-06,1.3453201,6.698597e-08,0.013652819
Adam,790,3.5179332e-07,0.39221275,8.401621e-08,0.003987499
Adam,791,8.932089e-08,0.1206619,8.0295884e-08,0.0012320614
Adam,792,5.976012e-07,0.6548437,7.0861084e-08,0.0066487063
Adam,793,6.4537045e-07,0.69812065,8.67219e-08,0.0070910202
Adam,794,2.5479267e-07,0.29734084,7.378759e-08,0.0030226954
Adam,795,6.4426175e-08,0.096990824,7.728729e-08,0.0009911652
Adam,796,3.6716037e-07,0.40831822,8.441041e-08,0.0041509178
Adam,797,5.0365895e-07,0.55678797,7.150651e-08,0.0056541543
Adam,798,1.4850555e-07,0.18143418,8.1687126e-08,0.0018488707
Adam,799,8.941349e-08,0.12059028,8.044109e-08,0.001231381
Adam,800,3.3091015e-07,0.3764583,7.280492e-08,0.00382514
Adam,801,2.7125645e-07,0.3087816,8.324981e-08,0.0031409918
Adam,802,6.951282e-08,0.10206797,7.653861e-08,0.0010425874
Adam,803,9.407874e-08,0.12779416,7.5788236e-08,0.0013034217
Adam,804,2.2632673e-07,0.2625538,8.2565144e-08,0.0026718718
Adam,805,1.8201467e-07,0.21934544,7.416808e-08,0.0022318817
Adam,806,5.128164e-08,0.081259,7.882225e-08,0.0008321055
Adam,807,9.921561e-08,0.13067721,8.038475e-08,0.001333712
Adam,808,1.8878396e-07,0.22554323,7.392987e-08,0.0022948394
Adam,809,1.1505233e-07,0.14719911,8.0626336e-08,0.0015013429
Adam,810,4.4045514e-08,0.07375752,7.765244e-08,0.00075582985
Adam,811,9.288422e-08,0.12502961,7.5436404e-08,0.001275544
Adam,812,1.3154931e-07,0.1643291,8.085959e-08,0.0016751523
Adam,813,8.3452775e-08,0.11507326,7.564667e-08,0.0011745975
Adam,814,4.3986038e-08,0.0735068,7.763444e-08,0.00075331103
Adam,815,8.121028e-08,0.11185998,7.974895e-08,0.0011427437
Adam,816,1.065318e-07,0.13906206,7.511054e-08,0.0014178669
Adam,817,6.656644e-08,0.096616276,7.931034e-08,0.0009880442
Adam,818,4.4306912e-08,0.073617294,7.8004284e-08,0.00075451966
Adam,819,7.119154e-08,0.10195413,7.602898e-08,0.0010416245
Adam,820,8.2340854e-08,0.11288339,7.988333e-08,0.0011531675
Adam,821,5.673811e-08,0.08671156,7.660487e-08,0.00088711706
Adam,822,4.3325244e-08,0.07251111,7.7628606e-08,0.0007432541
Adam,823,6.1199714e-08,0.090823606,7.930036e-08,0.000929311
Adam,824,6.939763e-08,0.099869795,7.616567e-08,0.0010205325
Adam,825,5.1661335e-08,0.08087703,7.8914525e-08,0.0008283566
Adam,826,4.2269075e-08,0.071207665,7.80919e-08,0.00073013076
Adam,827,5.3597105e-08,0.08325995,7.677619e-08,0.0008521555
Adam,828,5.9274257e-08,0.08862053,7.932355e-08,0.000906995
Adam,829,4.8142084e-08,0.0774865,7.705857e-08,0.00079364504
Adam,830,4.1132992e-08,0.06997135,7.7867455e-08,0.0007175636
Adam,831,4.8068888e-08,0.076959744,7.879277e-08,0.00078862667
Adam,832,5.27393e-08,0.082273975,7.6754425e-08,0.0008421638
Adam,833,4.6451024e-08,0.075239986,7.868775e-08,0.00077117066
Adam,834,4.0409553e-08,0.06910731,7.782325e-08,0.000708808
Adam,835,4.3686338e-08,0.07261737,7.724636e-08,0.0007443135
Adam,836,4.8035876e-08,0.076777674,7.878079e-08,0.0007867993
Adam,837,4.474463e-08,0.07367139,7.709756e-08,0.00075499027
Adam,838,4.008618e-08,0.06858769,7.801165e-08,0.0007035915
Adam,839,4.093502e-08,0.06940689,7.817405e-08,0.0007119353
Adam,840,4.4061082e-08,0.07284662,7.704288e-08,0.0007466318
Adam,841,4.349354e-08,0.071957484,7.84267e-08,0.00073786284
Adam,842,3.9871672e-08,0.068328045,7.74099e-08,0.00070087274
Adam,843,3.9009056e-08,0.067358345,7.755751e-08,0.0006910684
Adam,844,4.1120213e-08,0.0694024,7.820384e-08,0.0007119226
Adam,845,4.1738122e-08,0.07018929,7.7076066e-08,0.000719715
Adam,846,3.9926345e-08,0.06808876,7.806892e-08,0.00069858687
Adam,847,3.8205727e-08,0.06631576,7.759215e-08,0.00068052724
Adam,848,3.876565e-08,0.06687712,7.735095e-08,0.00068618864
Adam,849,3.999665e-08,0.06800073,7.8101436e-08,0.000697722
Adam,850,3.950069e-08,0.06754205,7.71854e-08,0.0006929234
Adam,851,3.811734e-08,0.06596044,7.7841925e-08,0.0006769983
Adam,852,3.7540495e-08,0.06532057,7.767252e-08,0.00067048764
Adam,853,3.8146744e-08,0.06593176,7.7310816e-08,0.0006766362
Adam,854,3.8641023e-08,0.066326335,7.798391e-08,0.00068075705
Adam,855,3.8026222e-08,0.06569398,7.727722e-08,0.00067423534
Adam,856,3.716281e-08,0.06470074,7.7721275e-08,0.00066424
Adam,857,3.694287e-08,0.06442352,7.76704e-08,0.00066142716
Adam,858,3.7305735e-08,0.064778194,7.733033e-08,0.00066497736
Adam,859,3.749246e-08,0.06488259,7.787618e-08,0.00066613115
Adam,860,3.7034734e-08,0.06439838,7.732095e-08,0.00066113716
Adam,861,3.64752e-08,0.063745014,7.7657525e-08,0.00065457006
Adam,862,3.629052e-08,0.06351053,7.760995e-08,0.00065219036
Adam,863,3.644926e-08,0.06364783,7.735127e-08,0.0006535484
Adam,864,3.653803e-08,0.063672304,7.776766e-08,0.0006538689
Adam,865,3.6258363e-08,0.063364305,7.731795e-08,0.00065067946
Adam,866,3.5868073e-08,0.06290038,7.761357e-08,0.00064602605
Adam,867,3.564594e-08,0.06263447,7.7515395e-08,0.00064331887
Adam,868,3.5657546e-08,0.062615156,7.736267e-08,0.0006431046
Adam,869,3.570269e-08,0.0626106,7.765096e-08,0.000643109
Adam,870,3.5561836e-08,0.062442172,7.728682e-08,0.000641349
Adam,871,3.530036e-08,0.062119458,7.7566234e-08,0.00063812453
Adam,872,3.5062577e-08,0.061840832,7.740429e-08,0.00063527835
Adam,873,3.496641e-08,0.061704397,7.7369414e-08,0.0006338943
Adam,874,3.4957623e-08,0.06165119,7.7527744e-08,0.0006333846
Adam,875,3.4899053e-08,0.0615622,7.725817e-08,0.00063244556
Adam,876,3.475357e-08,0.06136264,7.750988e-08,0.00063046586
Adam,877,3.4554148e-08,0.06112266,7.730052e-08,0.0006280048
Adam,878,3.440007e-08,0.060919516,7.737595e-08,0.0006259615
Adam,879,3.4317683e-08,0.0607929,7.740206e-08,0.000624687
Adam,880,3.4268304e-08,0.060705222,7.725267e-08,0.0006237804
Adam,881,3.4197576e-08,0.06058642,7.743796e-08,0.00062260946
Adam,882,3.407549e-08,0.060423493,7.722739e-08,0.00062093034
Adam,883,3.39305e-08,0.060228772,7.737355e-08,0.0006189833
Adam,884,3.380042e-08,0.060054198,7.728336e-08,0.0006172045
Adam,885,3.3706776e-08,0.05991624,7.7267735e-08,0.00061580853
Adam,886,3.363738e-08,0.059802417,7.73414e-08,0.000614671
Adam,887,3.356597e-08,0.059689455,7.719751e-08,0.00061350904
Adam,888,3.3472087e-08,0.05955003,7.7340964e-08,0.00061212224
Adam,889,3.336079e-08,0.05939536,7.719364e-08,0.0006105368
Adam,890,3.3244746e-08,0.059233908,7.7282216e-08,0.00060891814
Adam,891,3.314262e-08,0.05908781,7.72316e-08,0.0006074342
Adam,892,3.3056992e-08,0.058958746,7.720723e-08,0.0006061271
Adam,893,3.2979493e-08,0.058838673,7.7264374e-08,0.00060492335
Adam,894,3.2903557e-08,0.058719832,7.715762e-08,0.0006037075
Adam,895,3.281464e-08,0.058588788,7.7261106e-08,0.00060239923
Adam,896,3.2721708e-08,0.058452383,7.71479e-08,0.0006010043
Adam,897,3.2621642e-08,0.058310132,7.722262e-08,0.0005995779
Adam,898,3.252813e-08,0.058173813,7.716561e-08,0.00059819216
Adam,899,3.2440273e-08,0.058044035,7.717041e-08,0.00059688196
Adam,900,3.2358397e-08,0.05792098,7.7186456e-08,0.00059564156
Adam,901,3.2281584e-08,0.057802267,7.712726e-08,0.000594434
Adam,902,3.2200386e-08,0.0576811,7.719134e-08,0.00059321977
Adam,903,3.2121086e-08,0.057559293,7.710495e-08,0.0005919768
Adam,904,3.203347e-08,0.057432152,7.7175635e-08,0.00059070287
Adam,905,3.1949632e-08,0.057305787,7.710252e-08,0.0005894157
Adam,906,3.1862307e-08,0.057178378,7.714564e-08,0.000588135
Adam,907,3.1779948e-08,0.057054605,7.711061e-08,0.0005868796
Adam,908,3.1699145e-08,0.05693343,7.7111714e-08,0.00058565586
Adam,909,3.1620466e-08,0.056814738,7.711843e-08,0.0005844582
Adam,910,3.1545113e-08,0.05669843,7.7082426e-08,0.0005832784
Adam,911,3.146709e-08,0.056581754,7.7119374e-08,0.0005821055
Adam,912,3.139313e-08,0.056466475,7.7062204e-08,0.000580933
Adam,913,3.1313885e-08,0.0563492,7.7111686e-08,0.0005797558
Adam,914,3.1239196e-08,0.056233294,7.705078e-08,0.0005785764
Adam,915,3.115914e-08,0.05611556,7.709676e-08,0.000577394
Adam,916,3.108411e-08,0.05599972,7.704532e-08,0.00057621655
Adam,917,3.1005403e-08,0.05588329,7.707762e-08,0.00057504536
Adam,918,3.0930874e-08,0.055768754,7.704262e-08,0.00057388353
Adam,919,3.0854707e-08,0.055654515,7.7057415e-08,0.00057273195
Adam,920,3.0780996e-08,0.055541687,7.704037e-08,0.0005715901
Adam,921,3.070734e-08,0.055429656,7.7038116e-08,0.00057045836
Adam,922,3.063444e-08,0.05531847,7.703698e-08,0.0005693354
Adam,923,3.0563026e-08,0.05520828,7.7020346e-08,0.0005682203
Adam,924,3.049057e-08,0.055098396,7.7032105e-08,0.00056711235
Adam,925,3.0421038e-08,0.05498976,7.7004195e-08,0.0005660113
Adam,926,3.034902e-08,0.05488098,7.702617e-08,0.00056491606
Adam,927,3.028114e-08,0.054773647,7.6989174e-08,0.00056382705
Adam,928,3.020971e-08,0.05466606,7.702008e-08,0.0005627451
Adam,929,3.0143493e-08,0.054560196,7.697427e-08,0.0005616696
Adam,930,3.007254e-08,0.05445389,7.7014526e-08,0.00056060194
Adam,931,3.0008554e-08,0.054349765,7.6958564e-08,0.0005595427
Adam,932,2.9938423e-08,0.054245166,7.701076e-08,0.000558494
Adam,933,2.9877558e-08,0.054143634,7.6940815e-08,0.0005574591
Adam,934,2.980898e-08,0.05404171,7.701039e-08,0.00055644
Adam,935,2.9753283e-08,0.05394439,7.691905e-08,0.00055544474
Adam,936,2.9687756e-08,0.05384772,7.701581e-08,0.0005544827
Adam,937,2.9642388e-08,0.053759128,7.6890075e-08,0.00055357115
Adam,938,2.9585356e-08,0.053674273,7.703096e-08,0.0005527352
Adam,939,2.9562836e-08,0.05360611,7.684863e-08,0.00055202283
Adam,940,2.9530355e-08,0.053551808,7.7063085e-08,0.00055150705
Adam,941,2.9565541e-08,0.05353767,7.6785e-08,0.0005513293
Adam,942,2.960719e-08,0.05356929,7.712525e-08,0.00055170275
Adam,943,2.9801605e-08,0.05371039,7.668119e-08,0.00055307633
Adam,944,3.0077416e-08,0.05400184,7.7242305e-08,0.0005561164
Adam,945,3.0751114e-08,0.054622825,7.6502786e-08,0.00056231633
Adam,946,3.179449e-08,0.05574409,7.746196e-08,0.00057382934
Adam,947,3.4023444e-08,0.057948753,7.6183305e-08,0.00059601857
Adam,948,3.7684035e-08,0.061859243,7.78784e-08,0.0006359268
Adam,949,4.531643e-08,0.06961855,7.559096e-08,0.0007143216
Adam,950,5.8202918e-08,0.083294086,7.8679555e-08,0.00085347326
Adam,951,8.577241e-08,0.11163105,7.446377e-08,0.0011403459
Adam,952,1.3152402e-07,0.16004272,8.023957e-08,0.0016321916
Adam,953,2.3557894e-07,0.267292,7.229995e-08,0.0027191017
Adam,954,3.9060228e-07,0.43173203,8.3241524e-08,0.004388397
Adam,955,7.761292e-07,0.8278566,6.8321306e-08,0.008405233
Adam,956,1.172146e-06,1.2537267,8.841192e-08,0.012726351
Adam,957,2.2639963e-06,2.364662,6.2506736e-08,0.023995595
Adam,958,2.3150355e-06,2.4579828,9.354888e-08,0.024941115
Adam,959,3.0704482e-06,3.197579,6.0411395e-08,0.032445416
Adam,960,1.3657167e-06,1.4505067,8.965938e-08,0.014723374
Adam,961,3.132312e-07,0.35275266,7.19896e-08,0.0035853097
Adam,962,8.2383934e-08,0.11123859,7.5270414e-08,0.001136034
Adam,963,7.045063e-07,0.754626,8.61886e-08,0.0076648635
Adam,964,1.345236e-06,1.4248668,6.635209e-08,0.014460405
Adam,965,6.490292e-07,0.6965368,8.607319e-08,0.007075633
Adam,966,8.018781e-08,0.10897548,7.606045e-08,0.001113192
Adam,967,2.2651425e-07,0.26273027,7.368005e-08,0.0026723319
Adam,968,6.059464e-07,0.6520259,8.5997875e-08,0.0066240504
Adam,969,5.8674476e-07,0.6377356,7.0592186e-08,0.0064759566
Adam,970,1.2022744e-07,0.14728405,8.081148e-08,0.0015029963
Adam,971,1.3464165e-07,0.16214412,8.107265e-08,0.0016537983
Adam,972,4.5923647e-07,0.5051593,7.137472e-08,0.0051311846
Adam,973,3.462722e-07,0.3815127,8.3694474e-08,0.0038796219
Adam,974,7.9380676e-08,0.10794857,7.5780704e-08,0.0011027599
Adam,975,9.046621e-08,0.119588934,7.540113e-08,0.0012207695
Adam,976,2.728605e-07,0.30552518,8.273578e-08,0.003108591
Adam,977,2.6175368e-07,0.298499,7.2734274e-08,0.0030351633
Adam,978,6.835595e-08,0.093852215,7.9310695e-08,0.0009606721
Adam,979,7.527162e-08,0.10095324,7.946435e-08,0.0010327428
Adam,980,2.1216022e-07,0.24552312,7.309107e-08,0.002498019
Adam,981,1.7282262e-07,0.20231643,8.1195246e-08,0.002061267
Adam,982,5.5135523e-08,0.080818444,7.583152e-08,0.00082782947
Adam,983,5.6565145e-08,0.08217245,7.5717196e-08,0.0008415669
Adam,984,1.3870346e-07,0.16710223,8.0507526e-08,0.0017039039
Adam,985,1.3877704e-07,0.16778518,7.382641e-08,0.0017097424
Adam,986,5.453582e-08,0.07943783,7.850461e-08,0.0008143344
Adam,987,4.6983583e-08,0.07157377,7.816704e-08,0.0007345103
Adam,988,1.0520107e-07,0.13275209,7.438632e-08,0.0013544591
Adam,989,1.0301378e-07,0.12975837,7.979849e-08,0.0013250055
Adam,990,5.1930034e-08,0.07706856,7.579994e-08,0.0007898451
Adam,991,3.973856e-08,0.06422879,7.649263e-08,0.00065972254
Adam,992,7.518565e-08,0.10074789,7.9206465e-08,0.0010306378
Adam,993,8.521285e-08,0.11178441,7.4885264e-08,0.0011418589
Adam,994,5.0942177e-08,0.07551842,7.85001e-08,0.00077460054
Adam,995,3.6541394e-08,0.060620785,7.757176e-08,0.00062332477
Adam,996,5.797419e-08,0.08320121,7.573752e-08,0.00085206877
Adam,997,6.7493644e-08,0.09264355,7.920288e-08,0.00094844
Adam,998,4.8640576e-08,0.07338212,7.613437e-08,0.0007525374
Adam,999,3.4769403e-08,0.058732975,7.7378644e-08,0.0006041519
L-BFGS-B,1,3.4769403e-08,0.058732975,7.7378644e-08,0.0006041519
L-BFGS-B,2,0.00026894233,287.74075,6.724352e-09,2.91775
L-BFGS-B,3,4.7651642e-06,4.939644,5.831181e-08,0.05011996
L-BFGS-B,4,3.475515e-08,0.058724064,7.7348886e-08,0.00060405623
L-BFGS-B,5,3.4751928e-08,0.058720704,7.734905e-08,0.0006040222
L-BFGS-B,6,3.4740815e-08,0.05870889,7.7349675e-08,0.00060390244
L-BFGS-B,7,3.4672837e-08,0.058635116,7.7362856e-08,0.0006031565
L-BFGS-B,8,3.4595203e-08,0.058551487,7.7381195e-08,0.00060231134
L-BFGS-B,9,3.437224e-08,0.05831339,7.7449954e-08,0.00059990725
L-BFGS-B,10,3.408036e-08,0.057997875,7.757883e-08,0.0005967276
L-BFGS-B,11,3.3705152e-08,0.057624582,7.7744936e-08,0.00059296336
L-BFGS-B,12,3.3365993e-08,0.057288647,7.7908226e-08,0.0005895776
L-BFGS-B,13,3.313538e-08,0.057074234,7.79909e-08,0.0005874113
L-BFGS-B,14,3.2992652e-08,0.056949675,7.800265e-08,0.00058614596
L-BFGS-B,15,3.2785564e-08,0.05674186,7.797117e-08,0.0005840321
L-BFGS-B,16,3.2399516e-08,0.05628075,7.788806e-08,0.0005793506
L-BFGS-B,17,3.2121406e-08,0.05589605,7.77913e-08,0.0005754474
L-BFGS-B,18,3.1844515e-08,0.055442754,7.7696065e-08,0.0005708586
L-BFGS-B,19,3.1480994e-08,0.05489781,7.764987e-08,0.0005653477
L-BFGS-B,20,3.090073e-08,0.05403995,7.758545e-08,0.00055667246
L-BFGS-B,21,3.0462598e-08,0.053380005,7.751567e-08,0.0005499968
L-BFGS-B,22,2.990021e-08,0.05254125,7.7385444e-08,0.00054150535
L-BFGS-B,23,2.995994e-08,0.05237103,7.706758e-08,0.0005397644
L-BFGS-B,24,2.9764392e-08,0.052272495,7.7234276e-08,0.0005387747
L-BFGS-B,25,2.9711977e-08,0.05207371,7.7068556e-08,0.00053675415
L-BFGS-B,26,2.9569529e-08,0.05193183,7.705613e-08,0.0005353121
L-BFGS-B,27,2.9509792e-08,0.051922552,7.714269e-08,0.00053522334
L-BFGS-B,28,2.9511535e-08,0.05190277,7.710842e-08,0.0005350207
L-BFGS-B,29,2.9507868e-08,0.051878095,7.707207e-08,0.0005347679
L-BFGS-B,30,2.9481726e-08,0.05182632,7.702547e-08,0.0005342393
L-BFGS-B,31,2.938276e-08,0.05167821,7.6933944e-08,0.0005327296
L-BFGS-B,32,2.9153599e-08,0.051367164,7.679141e-08,0.00052956335
L-BFGS-B,33,2.878537e-08,0.05087127,7.6617404e-08,0.00052452314
L-BFGS-B,34,2.8375759e-08,0.050267324,7.6466954e-08,0.00051839964
L-BFGS-B,35,2.8074624e-08,0.04975719,7.640715e-08,0.0005132442
L-BFGS-B,36,2.802955e-08,0.049587224,7.638327e-08,0.00051153416
L-BFGS-B,37,2.801667e-08,0.049445644,7.634573e-08,0.00051011075
L-BFGS-B,38,2.8011069e-08,0.049163163,7.62105e-08,0.00050726486
L-BFGS-B,39,2.8007538e-08,0.048942927,7.6141745e-08,0.0005050517
L-BFGS-B,40,2.8045374e-08,0.04886286,7.602409e-08,0.000504239
L-BFGS-B,41,2.8042958e-08,0.048810653,7.601206e-08,0.0005037148
L-BFGS-B,42,2.806612e-08,0.048741277,7.588328e-08,0.00050300517
L-BFGS-B,43,2.805841e-08,0.04866495,7.58084e-08,0.0005022295
L-BFGS-B,44,2.7991733e-08,0.048410412,7.565866e-08,0.0004996517
L-BFGS-B,45,2.783711e-08,0.0480219,7.555022e-08,0.00049572706
L-BFGS-B,46,2.7501795e-08,0.047349885,7.5515395e-08,0.0004889514
L-BFGS-B,47,2.6847617e-08,0.046652045,7.570366e-08,0.00048190315
L-BFGS-B,48,2.6369431e-08,0.04587975,7.599697e-08,0.00047415245
L-BFGS-B,49,2.5971845e-08,0.045595165,7.6118745e-08,0.00047126523
L-BFGS-B,50,2.5859148e-08,0.04550173,7.616714e-08,0.00047032122
L-BFGS-B,51,2.567369e-08,0.04520878,7.632139e-08,0.00046738703
L-BFGS-B,52,2.5598583e-08,0.045013472,7.6692885e-08,0.00046547843
L-BFGS-B,53,2.571459e-08,0.0448476,7.7005325e-08,0.00046388397
L-BFGS-B,54,2.5464175e-08,0.044734422,7.6837395e-08,0.00046268944
L-BFGS-B,55,2.566e-08,0.044716537,7.709854e-08,0.00046257916
L-BFGS-B,56,2.5478414e-08,0.044647973,7.695199e-08,0.0004618443
L-BFGS-B,57,2.5504582e-08,0.04457423,7.70161e-08,0.00046112042
L-BFGS-B,58,2.547028e-08,0.04442036,7.708356e-08,0.0004595867
L-BFGS-B,59,2.5364962e-08,0.04380373,7.7253915e-08,0.0004534301
L-BFGS-B,60,2.5164018e-08,0.042876426,7.7143916e-08,0.00044411045
L-BFGS-B,61,2.4901668e-08,0.042133477,7.661566e-08,0.00043656235
L-BFGS-B,62,2.4873872e-08,0.0418169,7.611488e-08,0.00043331733
L-BFGS-B,63,2.472926e-08,0.042243984,7.640305e-08,0.00043760968
L-BFGS-B,64,2.4236781e-08,0.041365072,7.622692e-08,0.00042872026
L-BFGS-B,65,2.4111433e-08,0.0412158,7.629018e-08,0.00042721824
L-BFGS-B,66,2.4080245e-08,0.041115597,7.6299486e-08,0.00042621294
L-BFGS-B,67,2.407728e-08,0.040855065,7.627785e-08,0.0004236039
L-BFGS-B,68,2.4366956e-08,0.04062303,7.620764e-08,0.00042131648
L-BFGS-B,69,2.3809848e-08,0.03996794,7.616224e-08,0.0004146752
L-BFGS-B,70,2.3394092e-08,0.039529223,7.6230016e-08,0.00041023584
L-BFGS-B,71,2.4630534e-08,0.040051103,7.6072055e-08,0.0004156164
L-BFGS-B,72,2.3370664e-08,0.039183438,7.618817e-08,0.00040676817
L-BFGS-B,73,2.320105e-08,0.03868952,7.61448e-08,0.00040179706
L-BFGS-B,74,2.2599982e-08,0.0377579,7.6053894e-08,0.00039237706
L-BFGS-B,75,2.2207578e-08,0.037192065,7.6040465e-08,0.00038665786
L-BFGS-B,76,2.2384466e-08,0.037068766,7.602443e-08,0.000385449
L-BFGS-B,77,2.2117085e-08,0.03693561,7.6034915e-08,0.00038407888
L-BFGS-B,78,2.2069292e-08,0.036749005,7.6054135e-08,0.00038220856
L-BFGS-B,79,2.1938005e-08,0.03658289,7.6064445e-08,0.00038052927
L-BFGS-B,80,2.1803208e-08,0.036493175,7.609798e-08,0.00037961692
L-BFGS-B,81,2.1644718e-08,0.036253367,7.643109e-08,0.00037724504
L-BFGS-B,82,2.1389333e-08,0.036029413,7.6350496e-08,0.0003749551
L-BFGS-B,83,2.1117174e-08,0.03582257,7.631399e-08,0.00037284035
L-BFGS-B,84,2.0853948e-08,0.035612985,7.634731e-08,0.00037071
L-BFGS-B,85,2.0594811e-08,0.035524275,7.640702e-08,0.00036979304
L-BFGS-B,86,2.0477295e-08,0.035409536,7.641498e-08,0.0003686292
L-BFGS-B,87,2.0352498e-08,0.035371777,7.639073e-08,0.00036822926
L-BFGS-B,88,2.020795e-08,0.03534779,7.635124e-08,0.00036796177
L-BFGS-B,89,2.0171628e-08,0.035329677,7.634074e-08,0.0003677736
L-BFGS-B,90,2.0076863e-08,0.03530273,7.6327545e-08,0.00036748793
L-BFGS-B,91,1.9992257e-08,0.035276145,7.631501e-08,0.00036720754
L-BFGS-B,92,1.9855479e-08,0.03521983,7.628192e-08,0.0003666189
L-BFGS-B,93,1.9686453e-08,0.03510145,7.6194624e-08,0.00036539664
L-BFGS-B,94,1.9444085e-08,0.034850724,7.59728e-08,0.00036281976
L-BFGS-B,95,1.9407967e-08,0.03439244,7.562864e-08,0.00035817988
L-BFGS-B,96,2.0360199e-08,0.03461974,7.478021e-08,0.00036046846
L-BFGS-B,97,1.9443343e-08,0.034069013,7.525793e-08,0.00035489528
L-BFGS-B,98,1.9931809e-08,0.033990324,7.490341e-08,0.0003541285
L-BFGS-B,99,1.9472704e-08,0.033853613,7.512582e-08,0.00035272594
L-BFGS-B,100,1.9385585e-08,0.033555888,7.511486e-08,0.00034973395
L-BFGS-B,101,1.9238406e-08,0.033230588,7.529858e-08,0.00034648643
L-BFGS-B,102,1.8828574e-08,0.032756228,7.568611e-08,0.00034173948
L-BFGS-B,103,1.8585315e-08,0.03207048,7.59839e-08,0.00033489018
L-BFGS-B,104,1.7996307e-08,0.031111691,7.619544e-08,0.00032524564
L-BFGS-B,105,1.7347148e-08,0.029964816,7.643284e-08,0.00031371517
L-BFGS-B,106,1.7147885e-08,0.029333368,7.667765e-08,0.00030740752
L-BFGS-B,107,1.712076e-08,0.02890285,7.690893e-08,0.00030313295
L-BFGS-B,108,1.7090203e-08,0.02853808,7.7194194e-08,0.00029952344
L-BFGS-B,109,1.8111308e-08,0.028879508,7.739691e-08,0.0003031213
L-BFGS-B,110,1.7154356e-08,0.028293826,7.726579e-08,0.00029710127
L-BFGS-B,111,1.7199637e-08,0.028188001,7.717333e-08,0.00029603593
L-BFGS-B,112,1.7138246e-08,0.028121535,7.717589e-08,0.0002953625
L-BFGS-B,113,1.7167892e-08,0.028082902,7.724201e-08,0.0002949905
L-BFGS-B,114,1.7186066e-08,0.02802705,7.72728e-08,0.00029443932
L-BFGS-B,115,1.7281131e-08,0.027969172,7.736501e-08,0.00029388862
L-BFGS-B,116,1.7184897e-08,0.027862947,7.739069e-08,0.00029281582
L-BFGS-B,117,1.7227684e-08,0.027782818,7.731967e-08,0.00029201029
L-BFGS-B,118,1.713136e-08,0.027661832,7.715409e-08,0.00029076112
L-BFGS-B,119,1.7221733e-08,0.02750205,7.715287e-08,0.00028917668
L-BFGS-B,120,1.715561e-08,0.027276305,7.730861e-08,0.00028693269
L-BFGS-B,121,1.7352283e-08,0.027306056,7.714371e-08,0.00028723496
L-BFGS-B,122,1.709743e-08,0.027126363,7.723751e-08,0.00028541384
L-BFGS-B,123,1.6830361e-08,0.02691091,7.717581e-08,0.00028321
L-BFGS-B,124,1.6642684e-08,0.026729181,7.716679e-08,0.00028136326
L-BFGS-B,125,1.623851e-08,0.026233224,7.748771e-08,0.0002763912
L-BFGS-B,126,1.5910038e-08,0.025843984,7.8025614e-08,0.0002725302
L-BFGS-B,127,2.4492145e-08,0.034949202,7.768178e-08,0.00036481812
L-BFGS-B,128,1.577679e-08,0.025660869,7.800726e-08,0.00027067628
L-BFGS-B,129,1.5325373e-08,0.024952808,7.7478894e-08,0.0002634487
L-BFGS-B,130,1.4815993e-08,0.024565352,7.722e-08,0.00025945893
L-BFGS-B,131,1.4285779e-08,0.024169648,7.71422e-08,0.00025541068
L-BFGS-B,132,1.41155905e-08,0.023989085,7.717535e-08,0.00025358447
L-BFGS-B,133,1.4083286e-08,0.02385252,7.7378175e-08,0.0002522444
L-BFGS-B,134,1.4014738e-08,0.02382482,7.734999e-08,0.0002519529
L-BFGS-B,135,1.3993127e-08,0.023816712,7.732687e-08,0.00025186513
L-BFGS-B,136,1.3956795e-08,0.023808083,7.7299845e-08,0.00025176932
L-BFGS-B,137,1.3932239e-08,0.023800995,7.729756e-08,0.0002516944
L-BFGS-B,138,1.3902884e-08,0.023790656,7.73034e-08,0.0002515875
L-BFGS-B,139,1.3817209e-08,0.023755128,7.727112e-08,0.00025121451
L-BFGS-B,140,1.3715013e-08,0.023684071,7.723333e-08,0.00025048296
L-BFGS-B,141,1.3661137e-08,0.02355269,7.725725e-08,0.00024916464
L-BFGS-B,142,1.847203e-08,0.028532922,7.874586e-08,0.0002999119
L-BFGS-B,143,1.3643594e-08,0.023525758,7.7318866e-08,0.00024890192
L-BFGS-B,144,1.3622921e-08,0.02335753,7.739864e-08,0.0002472285
L-BFGS-B,145,1.3835509e-08,0.02317606,7.7672766e-08,0.00024548682
L-BFGS-B,146,1.3628334e-08,0.022987744,7.754115e-08,0.00024355286
L-BFGS-B,147,1.31303715e-08,0.02268655,7.732297e-08,0.0002404335
L-BFGS-B,148,1.3112805e-08,0.022239152,7.764321e-08,0.00023600493
L-BFGS-B,149,1.3015045e-08,0.021707488,7.798571e-08,0.000230725
L-BFGS-B,150,1.2764467e-08,0.021317033,7.8024975e-08,0.00022678873
L-BFGS-B,151,1.2554749e-08,0.021321313,7.810938e-08,0.00022681274
L-BFGS-B,152,1.2515714e-08,0.021158515,7.8048394e-08,0.00022516976
L-BFGS-B,153,1.25505695e-08,0.021046562,7.811404e-08,0.0002240653
L-BFGS-B,154,1.2577564e-08,0.020950297,7.8276166e-08,0.00022313104
L-BFGS-B,155,1.2540007e-08,0.02081652,7.8415795e-08,0.00022180856
L-BFGS-B,156,1.2451378e-08,0.020568525,7.861993e-08,0.00021934595
L-BFGS-B,157,1.2363165e-08,0.020451674,7.8624424e-08,0.00021816487
L-BFGS-B,158,1.2369777e-08,0.020412259,7.862027e-08,0.0002177711
L-BFGS-B,159,1.2311674e-08,0.020397702,7.8538534e-08,0.00021760455
L-BFGS-B,160,1.23320625e-08,0.020374227,7.858251e-08,0.00021737945
L-BFGS-B,161,1.2360609e-08,0.020349815,7.865919e-08,0.00021715112
L-BFGS-B,162,1.2375571e-08,0.020320779,7.8698115e-08,0.00021686882
L-BFGS-B,163,1.2367344e-08,0.02028691,7.874549e-08,0.00021653602
L-BFGS-B,164,1.2345895e-08,0.020258397,7.868749e-08,0.00021623899
L-BFGS-B,165,1.2341999e-08,0.020241585,7.870562e-08,0.00021607298
L-BFGS-B,166,1.2345025e-08,0.020231774,7.869489e-08,0.00021597373
L-BFGS-B,167,1.2365466e-08,0.020215005,7.871185e-08,0.00021581164
L-BFGS-B,168,1.23783614e-08,0.020159721,7.879837e-08,0.00021527371
L-BFGS-B,169,1.2415508e-08,0.020022018,7.8874024e-08,0.0002139136
L-BFGS-B,170,1.409337e-08,0.0212555,7.894096e-08,0.00022651014
L-BFGS-B,171,1.2464702e-08,0.019956226,7.8904236e-08,0.00021326759
L-BFGS-B,172,1.2499757e-08,0.019705137,7.8960575e-08,0.00021077042
L-BFGS-B,173,1.2181296e-08,0.019457081,7.8894644e-08,0.0002082322
L-BFGS-B,174,1.2075293e-08,0.019331124,7.86746e-08,0.00020692372
L-BFGS-B,175,1.2019062e-08,0.01927589,7.881355e-08,0.0002063838
L-BFGS-B,176,1.2543825e-08,0.019904811,7.840885e-08,0.00021269101
L-BFGS-B,177,1.1909859e-08,0.019168863,7.869937e-08,0.00020528001
L-BFGS-B,178,1.1780511e-08,0.019094551,7.8568256e-08,0.00020449782
L-BFGS-B,179,1.172339e-08,0.01903769,7.8561335e-08,0.00020391961
L-BFGS-B,180,1.1654801e-08,0.018996812,7.8516265e-08,0.00020349378
L-BFGS-B,181,1.1568397e-08,0.018952234,7.836143e-08,0.00020301182
L-BFGS-B,182,1.1533552e-08,0.018929217,7.833134e-08,0.0002027719
L-BFGS-B,183,1.1466799e-08,0.018909566,7.8218214e-08,0.00020254841
L-BFGS-B,184,1.1423142e-08,0.01889897,7.816846e-08,0.00020242843
L-BFGS-B,185,1.1404042e-08,0.018892048,7.811135e-08,0.00020234779
L-BFGS-B,186,1.1388699e-08,0.018878972,7.8083076e-08,0.00020221049
L-BFGS-B,187,1.1376809e-08,0.01885096,7.806039e-08,0.00020192517
L-BFGS-B,188,1.2096277e-08,0.01948505,7.802399e-08,0.00020836854
L-BFGS-B,189,1.13805685e-08,0.01883904,7.806e-08,0.00020180648
L-BFGS-B,190,1.1393668e-08,0.018789215,7.814188e-08,0.00020132247
L-BFGS-B,191,1.14118235e-08,0.01875008,7.818634e-08,0.00020094053
L-BFGS-B,192,1.1408604e-08,0.018707627,7.826612e-08,0.00020052747
L-BFGS-B,193,1.1492788e-08,0.018688118,7.827858e-08,0.0002003469
L-BFGS-B,194,1.1421991e-08,0.018672764,7.8271974e-08,0.00020018173
L-BFGS-B,195,1.1403807e-08,0.01862492,7.823584e-08,0.00019969516
L-BFGS-B,196,1.1306886e-08,0.018540997,7.813636e-08,0.00019882644
L-BFGS-B,197,1.1201199e-08,0.018427022,7.80621e-08,0.00019765971
L-BFGS-B,198,1.1341893e-08,0.018622115,7.7717964e-08,0.00019958013
L-BFGS-B,199,1.1077122e-08,0.018317526,7.795042e-08,0.00019652939
L-BFGS-B,200,1.090472e-08,0.018220607,7.7806796e-08,0.0001955128
L-BFGS-B,201,1.080427e-08,0.018119518,7.80469e-08,0.00019452284
L-BFGS-B,202,1.077956e-08,0.017985005,7.81321e-08,0.0001931868
L-BFGS-B,203,1.07636975e-08,0.01795042,7.813529e-08,0.00019283903
L-BFGS-B,204,1.0717989e-08,0.017918078,7.815254e-08,0.00019251135
L-BFGS-B,205,1.06857145e-08,0.017871879,7.822533e-08,0.00019205545
L-BFGS-B,206,1.064508e-08,0.017807733,7.829028e-08,0.00019141764
L-BFGS-B,207,1.0573012e-08,0.017688677,7.838219e-08,0.00019023006
L-BFGS-B,208,1.0496171e-08,0.017559856,7.846441e-08,0.00018894265
L-BFGS-B,209,1.0452656e-08,0.017473858,7.856368e-08,0.00018809101
L-BFGS-B,210,1.0485347e-08,0.017477566,7.870214e-08,0.00018815379
L-BFGS-B,211,1.0399149e-08,0.017402293,7.8629334e-08,0.00018737721
L-BFGS-B,212,1.0392705e-08,0.0173203,7.873481e-08,0.00018657211
L-BFGS-B,213,1.0351307e-08,0.017271962,7.87684e-08,0.00018608756
L-BFGS-B,214,1.0339872e-08,0.017235553,7.889606e-08,0.00018574091
L-BFGS-B,215,1.0311798e-08,0.01719253,7.901822e-08,0.0001853248
L-BFGS-B,216,1.0349647e-08,0.017171593,7.9218886e-08,0.0001851512
L-BFGS-B,217,1.0362461e-08,0.017155984,7.9358465e-08,0.00018501797
L-BFGS-B,218,1.0343007e-08,0.017147323,7.930378e-08,0.00018492024
L-BFGS-B,219,1.0358298e-08,0.01714109,7.93701e-08,0.00018487018
L-BFGS-B,220,1.0369432e-08,0.017137125,7.940868e-08,0.00018483795
L-BFGS-B,221,1.0381703e-08,0.017131573,7.944269e-08,0.00018478939
L-BFGS-B,222,1.0380924e-08,0.01712692,7.944869e-08,0.00018474364
L-BFGS-B,223,1.0362873e-08,0.017116698,7.94094e-08,0.00018463282
L-BFGS-B,224,1.0318037e-08,0.017103143,7.9282636e-08,0.00018447153
L-BFGS-B,225,1.0274939e-08,0.01708257,7.915179e-08,0.0001842397
L-BFGS-B,226,1.02248885e-08,0.017048629,7.895572e-08,0.00018386336
L-BFGS-B,227,1.0185846e-08,0.016994359,7.867898e-08,0.00018327331
L-BFGS-B,228,1.0354272e-08,0.017092796,7.846957e-08,0.00018425153
L-BFGS-B,229,1.0192458e-08,0.016976286,7.862265e-08,0.00018308511
L-BFGS-B,230,1.0260589e-08,0.016902968,7.880352e-08,0.00018238928
L-BFGS-B,231,1.0300085e-08,0.0168437,7.899526e-08,0.0001818313
L-BFGS-B,232,1.0360403e-08,0.016790971,7.895081e-08,0.00018130639
L-BFGS-B,233,1.0375751e-08,0.016734391,7.889742e-08,0.00018073487
L-BFGS-B,234,1.0381792e-08,0.016684784,7.869979e-08,0.00018021007
L-BFGS-B,235,1.027327e-08,0.01663886,7.860049e-08,0.00017971966
L-BFGS-B,236,1.0265693e-08,0.01658874,7.864936e-08,0.00017922465
L-BFGS-B,237,1.0233865e-08,0.016556783,7.8633306e-08,0.0001788979
L-BFGS-B,238,1.0201175e-08,0.016518924,7.874665e-08,0.00017853141
L-BFGS-B,239,1.0153833e-08,0.016457632,7.8752066e-08,0.0001779122
L-BFGS-B,240,1.0188179e-08,0.016389713,7.884736e-08,0.00017725246
L-BFGS-B,241,1.0073345e-08,0.016281756,7.88195e-08,0.00017615147
L-BFGS-B,242,1.08337e-08,0.017155072,7.872766e-08,0.0001849849
L-BFGS-B,243,1.0018338e-08,0.016236577,7.879325e-08,0.00017568751
L-BFGS-B,244,9.975268e-09,0.016102353,7.857781e-08,0.0001743065
L-BFGS-B,245,9.925801e-09,0.015953483,7.8637996e-08,0.00017281939
L-BFGS-B,246,4.0245148e-08,0.04817992,7.892428e-08,0.0004996746
L-BFGS-B,247,9.912089e-09,0.015949497,7.862284e-08,0.00017277521
L-BFGS-B,248,9.884189e-09,0.015883012,7.870105e-08,0.00017211789
L-BFGS-B,249,9.927207e-09,0.015851073,7.8625256e-08,0.0001717936
L-BFGS-B,250,9.869712e-09,0.015830407,7.866622e-08,0.00017158446
L-BFGS-B,251,9.872284e-09,0.015797805,7.865253e-08,0.00017125678
L-BFGS-B,252,9.819888e-09,0.015754327,7.863846e-08,0.00017081203
L-BFGS-B,253,9.800599e-09,0.015721578,7.86524e-08,0.00017048373
L-BFGS-B,254,9.856955e-09,0.015704684,7.858091e-08,0.00017031252
L-BFGS-B,255,9.8342685e-09,0.015679415,7.861038e-08,0.00017006086
L-BFGS-B,256,9.843024e-09,0.01567063,7.858207e-08,0.00016997005
L-BFGS-B,257,9.851271e-09,0.015660038,7.850397e-08,0.00016985367
L-BFGS-B,258,1.01551265e-08,0.015899025,7.8454214e-08,0.00017228164
L-BFGS-B,259,9.85542e-09,0.015657052,7.849886e-08,0.00016982366
L-BFGS-B,260,9.844497e-09,0.015648356,7.8462556e-08,0.00016972961
L-BFGS-B,261,9.806017e-09,0.015627733,7.8389256e-08,0.00016950662
L-BFGS-B,262,9.782028e-09,0.015615568,7.836065e-08,0.00016937706
L-BFGS-B,263,9.77459e-09,0.015603402,7.839286e-08,0.00016925913
L-BFGS-B,264,9.783441e-09,0.015589761,7.844821e-08,0.00016913236
L-BFGS-B,265,9.787003e-09,0.015580103,7.8492505e-08,0.00016904296
L-BFGS-B,266,9.817144e-09,0.0155625995,7.857524e-08,0.00016888484
L-BFGS-B,267,9.796236e-09,0.015535894,7.858426e-08,0.00016861601
L-BFGS-B,268,9.743002e-09,0.015451247,7.855258e-08,0.0001677568
L-BFGS-B,269,9.627168e-09,0.015405773,7.82833e-08,0.00016724429
L-BFGS-B,270,9.565421e-09,0.015390794,7.813288e-08,0.0001670627
L-BFGS-B,271,9.548633e-09,0.015341801,7.8233285e-08,0.0001665853
L-BFGS-B,272,9.4600585e-09,0.015297943,7.820859e-08,0.00016612973
L-BFGS-B,273,9.456274e-09,0.015270619,7.822276e-08,0.00016585804
L-BFGS-B,274,9.417264e-09,0.015222986,7.8362255e-08,0.00016539678
L-BFGS-B,275,9.371534e-09,0.015180331,7.8307124e-08,0.00016495511
L-BFGS-B,276,9.333669e-09,0.01513913,7.8299664e-08,0.00016453631
L-BFGS-B,277,9.295412e-09,0.015125907,7.826824e-08,0.00016439361
L-BFGS-B,278,9.255623e-09,0.015109389,7.828374e-08,0.0001642248
L-BFGS-B,279,9.2189145e-09,0.015080297,7.820889e-08,0.00016391714
L-BFGS-B,280,9.183855e-09,0.015035057,7.828572e-08,0.000163471
L-BFGS-B,281,9.147979e-09,0.014963326,7.842404e-08,0.00016276907
L-BFGS-B,282,9.174194e-09,0.014914024,7.8639786e-08,0.00016231234
L-BFGS-B,283,9.152443e-09,0.014889656,7.8633995e-08,0.00016206452
L-BFGS-B,284,9.10473e-09,0.014870833,7.856694e-08,0.00016185908
L-BFGS-B,285,9.106733e-09,0.0148539655,7.853912e-08,0.00016168652
L-BFGS-B,286,9.124026e-09,0.014838543,7.855334e-08,0.00016153704
L-BFGS-B,287,9.131363e-09,0.014829496,7.8575276e-08,0.00016145095
L-BFGS-B,288,9.1352e-09,0.014824849,7.859337e-08,0.00016140776
L-BFGS-B,289,9.119799e-09,0.014822278,7.8567176e-08,0.00016137582
L-BFGS-B,290,9.120124e-09,0.01481763,7.857416e-08,0.00016133045
L-BFGS-B,291,9.21132e-09,0.014821731,7.8827824e-08,0.00016142317
L-BFGS-B,292,9.147084e-09,0.014810482,7.867278e-08,0.0001612778
L-BFGS-B,293,9.2242844e-09,0.014865298,7.8641676e-08,0.00016183287
L-BFGS-B,294,9.148872e-09,0.014806169,7.867038e-08,0.00016123458
L-BFGS-B,295,9.137654e-09,0.014798715,7.8614306e-08,0.00016114993
L-BFGS-B,296,9.1103995e-09,0.014794356,7.858126e-08,0.0001610973
L-BFGS-B,297,9.11439e-09,0.014781927,7.8617745e-08,0.00016097908
L-BFGS-B,298,9.165325e-09,0.014803542,7.8635644e-08,0.00016120555
L-BFGS-B,299,9.117001e-09,0.014773041,7.862972e-08,0.0001608924
L-BFGS-B,300,9.118346e-09,0.014761697,7.865202e-08,0.00016078251
L-BFGS-B,301,9.105267e-09,0.014743934,7.8673416e-08,0.00016060613
L-BFGS-B,302,9.09079e-09,0.014741432,7.857621e-08,0.00016056436
L-BFGS-B,303,9.090555e-09,0.014733789,7.8638394e-08,0.00016049722
L-BFGS-B,304,9.050635e-09,0.014718621,7.852908e-08,0.00016032316
L-BFGS-B,305,9.0453325e-09,0.014713787,7.8542726e-08,0.00016027607
L-BFGS-B,306,9.049651e-09,0.014706817,7.85573e-08,0.00016020922
L-BFGS-B,307,9.059567e-09,0.01470332,7.8565826e-08,0.000160177
L-BFGS-B,308,9.060279e-09,0.014701179,7.857941e-08,0.00016015774
L-BFGS-B,309,9.062033e-09,0.014699644,7.858361e-08,0.00016014329
L-BFGS-B,310,9.064995e-09,0.014698097,7.8587455e-08,0.00016012882
L-BFGS-B,311,9.065394e-09,0.01469547,7.858375e-08,0.00016010206
L-BFGS-B,312,9.32937e-09,0.014862149,7.874105e-08,0.00016183205
L-BFGS-B,313,9.0752055e-09,0.014692854,7.8604735e-08,0.00016008053
L-BFGS-B,314,9.072936e-09,0.0146863,7.8601346e-08,0.00016001414
L-BFGS-B,315,9.064173e-09,0.014665442,7.858036e-08,0.00015980109
L-BFGS-B,316,9.040501e-09,0.014636362,7.856449e-08,0.00015950437
L-BFGS-B,317,9.173108e-09,0.01474754,7.8437466e-08,0.00016061698
L-BFGS-B,318,9.036311e-09,0.01462358,7.853851e-08,0.00015937202
L-BFGS-B,319,9.001543e-09,0.014578613,7.8446654e-08,0.00015890336
L-BFGS-B,320,8.972579e-09,0.014562797,7.848349e-08,0.00015874639
L-BFGS-B,321,8.964497e-09,0.014530401,7.848733e-08,0.00015842177
L-BFGS-B,322,8.965834e-09,0.014514005,7.846228e-08,0.00015825426
L-BFGS-B,323,8.945649e-09,0.014496218,7.846614e-08,0.00015807395
L-BFGS-B,324,8.911229e-09,0.014448651,7.8478976e-08,0.00015759503
L-BFGS-B,325,1.7630017e-08,0.023705173,7.893211e-08,0.00025153605
L-BFGS-B,326,8.930193e-09,0.014458019,7.852987e-08,0.0001576992
L-BFGS-B,327,8.910886e-09,0.0144449575,7.849615e-08,0.00015756063
L-BFGS-B,328,8.870553e-09,0.014412952,7.855056e-08,0.00015724268
L-BFGS-B,329,8.885234e-09,0.01442271,7.854705e-08,0.00015734194
L-BFGS-B,330,8.854641e-09,0.014393777,7.8551096e-08,0.00015704863
L-BFGS-B,331,8.844522e-09,0.014375936,7.856206e-08,0.00015687036
L-BFGS-B,332,8.808906e-09,0.014361478,7.851202e-08,0.00015671294
L-BFGS-B,333,8.787705e-09,0.014348389,7.845192e-08,0.00015656982
L-BFGS-B,334,8.774317e-09,0.014336364,7.8398436e-08,0.00015643955
L-BFGS-B,335,8.763821e-09,0.014325293,7.838129e-08,0.00015632469
L-BFGS-B,336,8.758262e-09,0.014311398,7.842232e-08,0.00015619106
L-BFGS-B,337,8.769826e-09,0.014296576,7.8456516e-08,0.00015604972
L-BFGS-B,338,8.77821e-09,0.014288978,7.8465725e-08,0.00015597636
L-BFGS-B,339,8.781327e-09,0.0142834,7.8441026e-08,0.00015591735
L-BFGS-B,340,8.782111e-09,0.014278009,7.84248e-08,0.00015586113
L-BFGS-B,341,8.788049e-09,0.014272718,7.842304e-08,0.00015580886
L-BFGS-B,342,8.787435e-09,0.01427308,7.830041e-08,0.00015579397
L-BFGS-B,343,8.792789e-09,0.014260477,7.839972e-08,0.00015568364
L-BFGS-B,344,8.818123e-09,0.014258908,7.845635e-08,0.00015568026
L-BFGS-B,345,8.802234e-09,0.0142570315,7.842681e-08,0.00015565466
L-BFGS-B,346,8.805799e-09,0.014252199,7.844412e-08,0.00015560946
L-BFGS-B,347,8.864166e-09,0.014278614,7.856511e-08,0.00015590053
L-BFGS-B,348,8.809891e-09,0.01425028,7.846576e-08,0.00015559416
L-BFGS-B,349,9.073697e-09,0.014687174,7.839344e-08,0.0001599918
L-BFGS-B,350,8.798936e-09,0.014248779,7.84591e-08,0.00015557649
L-BFGS-B,351,8.796632e-09,0.014242853,7.845129e-08,0.00015551572
L-BFGS-B,352,8.8316146e-09,0.0142360255,7.852234e-08,0.00015546335
L-BFGS-B,353,8.992795e-09,0.014490822,7.82297e-08,0.0001579916
L-BFGS-B,354,8.8068015e-09,0.014226801,7.8472965e-08,0.00015535997
L-BFGS-B,355,8.778692e-09,0.01421208,7.8449474e-08,0.00015520502
L-BFGS-B,356,8.788659e-09,0.014212261,7.837475e-08,0.00015519712
L-BFGS-B,357,8.767415e-09,0.014195673,7.8425444e-08,0.00015503565
L-BFGS-B,358,8.749825e-09,0.014168379,7.838258e-08,0.00015475365
L-BFGS-B,359,8.736328e-09,0.014145441,7.839285e-08,0.00015452378
L-BFGS-B,360,8.768855e-09,0.01413137,7.831338e-08,0.00015437603
L-BFGS-B,361,8.719149e-09,0.014110529,7.8377546e-08,0.00015416979
L-BFGS-B,362,8.914901e-09,0.01427825,7.8206334e-08,0.00015585068
L-BFGS-B,363,8.693505e-09,0.014067982,7.8337145e-08,0.00015373442
L-BFGS-B,364,8.64059e-09,0.014022236,7.8306954e-08,0.0001532645
L-BFGS-B,365,8.61964e-09,0.014007787,7.8285794e-08,0.0001531137
L-BFGS-B,366,8.562567e-09,0.013988367,7.829215e-08,0.00015291187
L-BFGS-B,367,8.534369e-09,0.0139742335,7.826556e-08,0.00015276232
L-BFGS-B,368,8.488927e-09,0.0139421495,7.825216e-08,0.00015243265
L-BFGS-B,369,8.475777e-09,0.013913394,7.828507e-08,0.00015214806
L-BFGS-B,370,8.462028e-09,0.013866422,7.8293816e-08,0.00015167758
L-BFGS-B,371,8.462039e-09,0.013820138,7.83305e-08,0.00015122026
L-BFGS-B,372,8.4696845e-09,0.013788806,7.830417e-08,0.00015090413
L-BFGS-B,373,8.431013e-09,0.013739865,7.828354e-08,0.00015040583
L-BFGS-B,374,8.450982e-09,0.013743214,7.8324305e-08,0.00015044844
L-BFGS-B,375,8.4032425e-09,0.013702457,7.8302e-08,0.00015003035
L-BFGS-B,376,8.406141e-09,0.013705307,7.819676e-08,0.0001500435
L-BFGS-B,377,8.36093e-09,0.013658518,7.824977e-08,0.00014957678
L-BFGS-B,378,8.3272e-09,0.013598231,7.8230485e-08,0.00014896596
L-BFGS-B,379,8.481158e-09,0.013619415,7.8414956e-08,0.00014922857
L-BFGS-B,380,8.266375e-09,0.013476005,7.828021e-08,0.00014774203
L-BFGS-B,381,9.034845e-09,0.014223464,7.811336e-08,0.00015530686
L-BFGS-B,382,8.246572e-09,0.0134320455,7.825776e-08,0.0001472961
L-BFGS-B,383,8.206157e-09,0.01336876,7.820497e-08,0.00014664927
L-BFGS-B,384,8.145559e-09,0.013292718,7.826179e-08,0.00014588828
L-BFGS-B,385,8.096751e-09,0.013214995,7.827205e-08,0.00014510527
L-BFGS-B,386,7.998566e-09,0.013098458,7.820318e-08,0.00014391483
L-BFGS-B,387,8.09091e-09,0.013095445,7.817129e-08,0.00014389376
L-BFGS-B,388,7.984057e-09,0.013043372,7.82002e-08,0.00014336137
L-BFGS-B,389,7.990905e-09,0.012940505,7.824832e-08,0.00014234094
L-BFGS-B,390,8.176876e-09,0.013058666,7.795055e-08,0.00014350578
L-BFGS-B,391,7.980792e-09,0.012900498,7.814782e-08,0.00014192426
L-BFGS-B,392,7.937153e-09,0.012854762,7.8000035e-08,0.0001414382
L-BFGS-B,393,7.911167e-09,0.012790493,7.8010274e-08,0.00014079314
L-BFGS-B,394,7.901834e-09,0.012743524,7.808112e-08,0.00014033268
L-BFGS-B,395,7.874027e-09,0.012692986,7.8102e-08,0.00013982625
L-BFGS-B,396,7.92469e-09,0.0126673505,7.803919e-08,0.00013956809
L-BFGS-B,397,7.8843865e-09,0.012597439,7.818789e-08,0.00013888524
L-BFGS-B,398,7.876423e-09,0.012558751,7.814937e-08,0.00013849139
L-BFGS-B,399,7.909124e-09,0.012540805,7.813746e-08,0.00013831504
L-BFGS-B,400,7.908785e-09,0.012523685,7.8188194e-08,0.00013815139
L-BFGS-B,401,7.926571e-09,0.0125044305,7.8254416e-08,0.00013797144
L-BFGS-B,402,7.930593e-09,0.012486908,7.834072e-08,0.00013780977
L-BFGS-B,403,7.908212e-09,0.01247014,7.840882e-08,0.00013764895
L-BFGS-B,404,7.91597e-09,0.012459308,7.846459e-08,0.00013755016
L-BFGS-B,405,7.894174e-09,0.012448323,7.846062e-08,0.00013743645
L-BFGS-B,406,7.875992e-09,0.012437874,7.846507e-08,0.0001373299
L-BFGS-B,407,7.852477e-09,0.012490844,7.815725e-08,0.00013780991
L-BFGS-B,408,7.86018e-09,0.012436357,7.840692e-08,0.00013730362
L-BFGS-B,409,7.843618e-09,0.012423332,7.839879e-08,0.00013716967
L-BFGS-B,410,7.975485e-09,0.012543906,7.850812e-08,0.00013841162
L-BFGS-B,411,7.837796e-09,0.012414026,7.842607e-08,0.00013707984
L-BFGS-B,412,7.828219e-09,0.012406996,7.8375734e-08,0.00013700056
L-BFGS-B,413,7.823275e-09,0.012402402,7.834549e-08,0.00013694934
L-BFGS-B,414,7.8110345e-09,0.012392168,7.8245044e-08,0.0001368301
L-BFGS-B,415,7.811029e-09,0.012383048,7.8201815e-08,0.0001367324
L-BFGS-B,416,7.802637e-09,0.012372656,7.820045e-08,0.00013662702
L-BFGS-B,417,7.784612e-09,0.012357925,7.8225e-08,0.00013648068
L-BFGS-B,418,7.778534e-09,0.012352948,7.82463e-08,0.00013643321
L-BFGS-B,419,7.777358e-09,0.012346301,7.827206e-08,0.0001363704
L-BFGS-B,420,7.766073e-09,0.0123416055,7.828601e-08,0.00013632387
L-BFGS-B,421,8.0162055e-09,0.012509477,7.8467494e-08,0.00013806732
L-BFGS-B,422,7.774975e-09,0.012335774,7.8315296e-08,0.00013627128
L-BFGS-B,423,7.7653555e-09,0.012329074,7.831359e-08,0.00013620258
L-BFGS-B,424,7.733516e-09,0.012310323,7.8331915e-08,0.00013601304
L-BFGS-B,425,7.7366815e-09,0.012293812,7.840576e-08,0.00013585947
L-BFGS-B,426,7.759466e-09,0.012276833,7.845325e-08,0.00013570023
L-BFGS-B,427,7.8342985e-09,0.012266185,7.852663e-08,0.00013561598
L-BFGS-B,428,7.84781e-09,0.0122574745,7.852676e-08,0.00013553094
L-BFGS-B,429,7.8370315e-09,0.012247876,7.85119e-08,0.0001354311
L-BFGS-B,430,7.876583e-09,0.012239156,7.849113e-08,0.00013534671
L-BFGS-B,431,7.884429e-09,0.0122313965,7.850905e-08,0.00013527297
L-BFGS-B,432,7.94161e-09,0.012213436,7.8553754e-08,0.00013510865
L-BFGS-B,433,1.1136953e-07,0.12543626,7.896801e-08,0.0012829134
L-BFGS-B,434,8.0958324e-09,0.012437691,7.8194795e-08,0.0001373205
L-BFGS-B,435,7.927159e-09,0.01220725,7.8483204e-08,0.00013503406
L-BFGS-B,436,7.945252e-09,0.012179571,7.846829e-08,0.00013475775
L-BFGS-B,437,7.936835e-09,0.012146668,7.8505316e-08,0.000134433
L-BFGS-B,438,7.871975e-09,0.0121104205,7.845313e-08,0.00013405297
L-BFGS-B,439,7.708509e-09,0.012131451,7.8357886e-08,0.00013422447
L-BFGS-B,440,7.786767e-09,0.012094364,7.84205e-08,0.00013387471
L-BFGS-B,441,7.749714e-09,0.01213764,7.818733e-08,0.00013426696
L-BFGS-B,442,7.731639e-09,0.012070526,7.833245e-08,0.00013361487
L-BFGS-B,443,7.71907e-09,0.012043138,7.8318415e-08,0.000133337
L-BFGS-B,444,7.7082e-09,0.012007782,7.831783e-08,0.00013298173
L-BFGS-B,445,7.738342e-09,0.011999161,7.840441e-08,0.00013291302
L-BFGS-B,446,7.709973e-09,0.011989359,7.836387e-08,0.00013280466
L-BFGS-B,447,7.713542e-09,0.011962588,7.8399296e-08,0.0001325428
L-BFGS-B,448,7.716864e-09,0.011949774,7.836581e-08,0.00013241015
L-BFGS-B,449,7.7437e-09,0.0119618215,7.8432485e-08,0.00013254464
L-BFGS-B,450,7.708368e-09,0.011934121,7.839316e-08,0.00013225645
L-BFGS-B,451,7.684739e-09,0.011924701,7.838965e-08,0.00013215817
L-BFGS-B,452,7.636104e-09,0.011899861,7.837452e-08,0.00013190019
L-BFGS-B,453,7.586287e-09,0.011865455,7.832096e-08,0.00013154063
L-BFGS-B,454,7.557253e-09,0.011833292,7.831862e-08,0.0001312143
L-BFGS-B,455,7.60011e-09,0.011843008,7.8293446e-08,0.00013131411
L-BFGS-B,456,7.560558e-09,0.011820707,7.830942e-08,0.00013108755
L-BFGS-B,457,7.572485e-09,0.011796163,7.8312745e-08,0.00013084442
L-BFGS-B,458,7.560006e-09,0.011781735,7.8342175e-08,0.00013070268
L-BFGS-B,459,7.559237e-09,0.011769713,7.83548e-08,0.00013058423
L-BFGS-B,460,7.5458315e-09,0.011762512,7.835281e-08,0.00013050991
L-BFGS-B,461,7.485253e-09,0.011726393,7.835893e-08,0.00013014056
L-BFGS-B,462,7.515724e-09,0.011721039,7.841996e-08,0.00013010074
L-BFGS-B,463,7.492761e-09,0.011715854,7.839012e-08,0.00013004096
L-BFGS-B,464,7.521649e-09,0.011702185,7.849232e-08,0.00012992394
L-BFGS-B,465,7.54534e-09,0.011692633,7.845229e-08,0.00012982597
L-BFGS-B,466,7.508142e-09,0.011674748,7.848043e-08,0.00012964576
L-BFGS-B,467,7.541516e-09,0.011708854,7.8339234e-08,0.00012997065
L-BFGS-B,468,7.480112e-09,0.011645449,7.842308e-08,0.00012933997
L-BFGS-B,469,7.4080515e-09,0.011617779,7.8311324e-08,0.00012903569
L-BFGS-B,470,7.38645e-09,0.011569094,7.834136e-08,0.0001285501
L-BFGS-B,471,7.3824142e-09,0.011504038,7.838358e-08,0.00012790528
L-BFGS-B,472,7.453296e-09,0.011598658,7.8481285e-08,0.00012887677
L-BFGS-B,473,7.34377e-09,0.011469015,7.841272e-08,0.00012755362
L-BFGS-B,474,7.300196e-09,0.011405411,7.8406444e-08,0.0001269101
L-BFGS-B,475,7.37742e-09,0.011338341,7.847282e-08,0.00012626094
L-BFGS-B,476,7.3008852e-09,0.011266764,7.852084e-08,0.0001255409
L-BFGS-B,477,7.26518e-09,0.011196972,7.855465e-08,0.0001248427
L-BFGS-B,478,7.3732385e-09,0.011198338,7.858829e-08,0.00012487761
L-BFGS-B,479,7.2907067e-09,0.011166198,7.857239e-08,0.00012454145
L-BFGS-B,480,7.2634556e-09,0.011137121,7.854099e-08,0.00012424188
L-BFGS-B,481,7.26653e-09,0.011121879,7.847463e-08,0.00012407996
L-BFGS-B,482,7.2353425e-09,0.01110597,7.841045e-08,0.00012390656
L-BFGS-B,483,7.223503e-09,0.011097887,7.8391395e-08,0.0001238211
L-BFGS-B,484,7.22893e-09,0.011090969,7.8391786e-08,0.00012375279
L-BFGS-B,485,7.2388455e-09,0.011085099,7.840938e-08,0.00012369822
L-BFGS-B,486,7.2460717e-09,0.011080163,7.844311e-08,0.000123655
L-BFGS-B,487,7.267675e-09,0.011073684,7.850015e-08,0.000123602
L-BFGS-B,488,7.259375e-09,0.011064846,7.8524465e-08,0.00012351603
L-BFGS-B,489,7.243101e-09,0.011040556,7.8559324e-08,0.00012327592
L-BFGS-B,490,7.455975e-09,0.0113299675,7.828459e-08,0.00012616075
L-BFGS-B,491,7.2295028e-09,0.011035553,7.852101e-08,0.0001232181
L-BFGS-B,492,7.336045e-09,0.011035709,7.878372e-08,0.00012327505
L-BFGS-B,493,7.2630764e-09,0.011018273,7.8639864e-08,0.00012306817
L-BFGS-B,494,7.213101e-09,0.0109731285,7.8642174e-08,0.00012260958
L-BFGS-B,495,7.123587e-09,0.010954807,7.855817e-08,0.00012240032
L-BFGS-B,496,7.1624657e-09,0.010970284,7.852536e-08,0.00012255601
L-BFGS-B,497,7.1166437e-09,0.01093559,7.854667e-08,0.0001222054
L-BFGS-B,498,7.1342274e-09,0.010918332,7.8567325e-08,0.00012203855
L-BFGS-B,499,7.110398e-09,0.010903179,7.85441e-08,0.00012187996
L-BFGS-B,500,7.0639197e-09,0.01088092,7.847358e-08,0.00012163982
L-BFGS-B,501,7.041472e-09,0.010869151,7.844694e-08,0.00012151477
L-BFGS-B,502,7.0176878e-09,0.010856051,7.840002e-08,0.000121373174
L-BFGS-B,503,7.0174493e-09,0.010843208,7.842055e-08,0.00012124778
L-BFGS-B,504,7.0274613e-09,0.010829543,7.8451635e-08,0.00012111729
L-BFGS-B,505,7.0521557e-09,0.010818315,7.8509785e-08,0.00012101743
L-BFGS-B,506,7.0851054e-09,0.010812578,7.8536935e-08,0.000120969074
L-BFGS-B,507,7.091321e-09,0.010808851,7.853055e-08,0.000120931785
L-BFGS-B,508,7.0931487e-09,0.010805876,7.852078e-08,0.00012090085
L-BFGS-B,509,7.110997e-09,0.010794138,7.847976e-08,0.00012077998
L-BFGS-B,510,7.1061548e-09,0.0107873315,7.8463984e-08,0.00012070883
L-BFGS-B,511,7.132883e-09,0.0107761985,7.8477825e-08,0.00012060358
L-BFGS-B,512,7.1232074e-09,0.010770985,7.850895e-08,0.00012055467
L-BFGS-B,513,7.129037e-09,0.0107659,7.851439e-08,0.00012050551
L-BFGS-B,514,7.1339334e-09,0.010762147,7.8523705e-08,0.000120470104
L-BFGS-B,515,7.1383357e-09,0.010754316,7.8540936e-08,0.00012039505
L-BFGS-B,516,7.1376243e-09,0.010742731,7.8551246e-08,0.00012028064
L-BFGS-B,517,7.127957e-09,0.010724372,7.853946e-08,0.000120093835
L-BFGS-B,518,7.0956854e-09,0.010711662,7.850063e-08,0.000119956065
L-BFGS-B,519,7.1018755e-09,0.0107012065,7.843645e-08,0.00011984281
L-BFGS-B,520,7.085588e-09,0.01069214,7.84433e-08,0.00011975073
L-BFGS-B,521,7.07219e-09,0.010683815,7.843495e-08,0.00011966422
L-BFGS-B,522,7.254479e-09,0.010831472,7.8345344e-08,0.00012115469
L-BFGS-B,523,7.073682e-09,0.010676386,7.8414274e-08,0.00011958705
L-BFGS-B,524,7.0715407e-09,0.01065893,7.84038e-08,0.0001194106
L-BFGS-B,525,7.070679e-09,0.010639297,7.847666e-08,0.000119225064
L-BFGS-B,526,7.087807e-09,0.010615144,7.850575e-08,0.000118990465
L-BFGS-B,527,7.1918755e-09,0.01061275,7.855843e-08,0.00011899005
L-BFGS-B,528,7.123127e-09,0.010592318,7.8538754e-08,0.00011877246
L-BFGS-B,529,7.1310144e-09,0.010569164,7.858527e-08,0.000118549084
L-BFGS-B,530,7.105462e-09,0.010538032,7.857e-08,0.00011823164
L-BFGS-B,531,7.0211703e-09,0.010487776,7.854863e-08,0.00011771323
L-BFGS-B,532,7.0033312e-09,0.010533495,7.835162e-08,0.000118138196
L-BFGS-B,533,6.98085e-09,0.010469348,7.8477e-08,0.00011751216
L-BFGS-B,534,6.8662462e-09,0.010447618,7.8336015e-08,0.00011725651
L-BFGS-B,535,6.859425e-09,0.010444555,7.837318e-08,0.00011723044
L-BFGS-B,536,6.861256e-09,0.010430958,7.838799e-08,0.00011709696
L-BFGS-B,537,6.8451596e-09,0.0104286345,7.83343e-08,0.00011706327
L-BFGS-B,538,6.7995134e-09,0.010425047,7.8295095e-08,0.00011701466
L-BFGS-B,539,6.8080395e-09,0.010415592,7.8333635e-08,0.00011692717
L-BFGS-B,540,6.801495e-09,0.010410094,7.831598e-08,0.00011686856
L-BFGS-B,541,6.790959e-09,0.010407613,7.830642e-08,0.00011684073
L-BFGS-B,542,6.7757546e-09,0.010405099,7.8300204e-08,0.000116812385
L-BFGS-B,543,6.7597528e-09,0.010399984,7.82923e-08,0.00011675765
L-BFGS-B,544,6.740002e-09,0.010389639,7.831921e-08,0.00011665527
L-BFGS-B,545,6.7412493e-09,0.010383632,7.833964e-08,0.00011659846
L-BFGS-B,546,2.7989165e-06,2.9986527,7.1978e-08,0.030417161
L-BFGS-B,547,6.741056e-09,0.010383093,7.8339134e-08,0.00011659296
L-BFGS-B,548,6.7408465e-09,0.010382628,7.833872e-08,0.00011658821
L-BFGS-B,549,2.920424e-07,0.32122356,7.544669e-08,0.0032673588
L-BFGS-B,550,6.9126003e-09,0.010527446,7.823351e-08,0.00011804637
L-BFGS-B,551,6.7411707e-09,0.010374852,7.8323154e-08,0.00011650817
L-BFGS-B,552,6.74313e-09,0.010362636,7.833832e-08,0.000116388575
L-BFGS-B,553,6.7581696e-09,0.010357002,7.835571e-08,0.0001163371
L-BFGS-B,554,6.744748e-09,0.010348927,7.838428e-08,0.00011625863
L-BFGS-B,555,6.7403594e-09,0.010344476,7.83783e-08,0.00011621256
L-BFGS-B,556,6.7371917e-09,0.010338336,7.838462e-08,0.000116151634
L-BFGS-B,557,6.7282557e-09,0.010329838,7.840047e-08,0.00011606769
L-BFGS-B,558,6.7211365e-09,0.010309486,7.848875e-08,0.00011587634
L-BFGS-B,559,6.693349e-09,0.010289021,7.847689e-08,0.00011566574
L-BFGS-B,560,6.6850294e-09,0.010272101,7.852206e-08,0.00011550207
L-BFGS-B,561,6.688137e-09,0.010259462,7.855438e-08,0.00011538099
L-BFGS-B,562,6.67456e-09,0.010250992,7.8535685e-08,0.000115291456
L-BFGS-B,563,6.6540866e-09,0.010240165,7.849985e-08,0.00011517474
L-BFGS-B,564,2.9266761e-08,0.034157906,7.820803e-08,0.00035770028
L-BFGS-B,565,6.7039974e-09,0.010272004,7.850854e-08,0.00011550192
L-BFGS-B,566,6.6532455e-09,0.010234438,7.85046e-08,0.00011511805
L-BFGS-B,567,6.625974e-09,0.010212276,7.843665e-08,0.000114882154
L-BFGS-B,568,6.6067085e-09,0.010190334,7.838927e-08,0.000114652736
L-BFGS-B,569,6.581077e-09,0.010170528,7.835955e-08,0.00011444637
L-BFGS-B,570,6.581568e-09,0.010177649,7.841406e-08,0.00011452583
L-BFGS-B,571,6.569471e-09,0.0101609565,7.838157e-08,0.00011435222
L-BFGS-B,572,6.5698154e-09,0.010148611,7.841071e-08,0.00011423318
L-BFGS-B,573,6.5585315e-09,0.010136838,7.844069e-08,0.000114118266
L-BFGS-B,574,6.52704e-09,0.010121409,7.8440635e-08,0.000113959235
L-BFGS-B,575,6.474089e-09,0.010102807,7.839027e-08,0.00011375772
L-BFGS-B,576,6.401986e-09,0.010077282,7.832018e-08,0.00011348113
L-BFGS-B,577,6.346558e-09,0.0100541655,7.8301596e-08,0.00011323888
L-BFGS-B,578,6.270513e-09,0.010043262,7.8203314e-08,0.000113103684
L-BFGS-B,579,6.2941354e-09,0.010033204,7.825436e-08,0.00011301432
L-BFGS-B,580,6.264253e-09,0.010006734,7.8271746e-08,0.00011274774
L-BFGS-B,581,6.2686145e-09,0.0099864155,7.8300594e-08,0.00011254954
L-BFGS-B,582,6.248661e-09,0.009946849,7.8348684e-08,0.000112158086
L-BFGS-B,583,6.160379e-09,0.009896411,7.825267e-08,0.00011162606
L-BFGS-B,584,7.46673e-09,0.011252864,7.8430084e-08,0.00012541316
L-BFGS-B,585,6.145757e-09,0.009873266,7.8260925e-08,0.00011139367
L-BFGS-B,586,6.113961e-09,0.009824824,7.824727e-08,0.00011090241
L-BFGS-B,587,6.1059713e-09,0.0097771725,7.8296736e-08,0.00011043213
L-BFGS-B,588,6.077942e-09,0.009736185,7.83181e-08,0.000110021254
L-BFGS-B,589,6.12303e-09,0.009706161,7.8418914e-08,0.0001097429
L-BFGS-B,590,6.1495657e-09,0.009704823,7.849119e-08,0.00010974433
L-BFGS-B,591,6.122263e-09,0.009690778,7.8450306e-08,0.00010959367
L-BFGS-B,592,6.1009255e-09,0.0096767135,7.842982e-08,0.000109446744
L-BFGS-B,593,6.0622156e-09,0.009655693,7.8414644e-08,0.00010922846
L-BFGS-B,594,6.016144e-09,0.009623469,7.8350965e-08,0.000108889755
L-BFGS-B,595,5.9955023e-09,0.009595332,7.830547e-08,0.000108598455
L-BFGS-B,596,5.982189e-09,0.009584477,7.828921e-08,0.00010848548
L-BFGS-B,597,5.9790475e-09,0.009576204,7.832534e-08,0.0001084077
L-BFGS-B,598,5.9783574e-09,0.009581127,7.827871e-08,0.000108449836
L-BFGS-B,599,5.9730167e-09,0.009572325,7.830682e-08,0.000108365224
L-BFGS-B,600,5.9666823e-09,0.009565829,7.8307856e-08,0.00010829947
L-BFGS-B,601,5.96062e-09,0.009552989,7.831424e-08,0.000108171116
L-BFGS-B,602,5.971717e-09,0.009556095,7.838214e-08,0.00010821403
L-BFGS-B,603,5.957826e-09,0.009546659,7.834527e-08,0.00010811206
L-BFGS-B,604,5.9573515e-09,0.009533578,7.8376395e-08,0.000107985834
L-BFGS-B,605,6.0007768e-09,0.009537867,7.839914e-08,0.00010803866
L-BFGS-B,606,5.9663012e-09,0.009524219,7.8390514e-08,0.0001078957
L-BFGS-B,607,5.9808616e-09,0.009515688,7.8449624e-08,0.00010782145
L-BFGS-B,608,5.9899494e-09,0.00951269,7.847748e-08,0.00010779701
L-BFGS-B,609,5.999701e-09,0.009508555,7.850907e-08,0.000107761865
L-BFGS-B,610,6.024078e-09,0.009503111,7.854862e-08,0.00010771701
L-BFGS-B,611,6.024264e-09,0.0095007615,7.855068e-08,0.00010769385
L-BFGS-B,612,6.029252e-09,0.00949894,7.855671e-08,0.00010767729
L-BFGS-B,613,6.029774e-09,0.009498289,7.855841e-08,0.00010767112
L-BFGS-B,614,6.0296217e-09,0.009497165,7.856089e-08,0.00010766023
L-BFGS-B,615,6.0279475e-09,0.009495824,7.85623e-08,0.00010764677
L-BFGS-B,616,6.029701e-09,0.009493155,7.8570686e-08,0.00010762161
L-BFGS-B,617,6.0327126e-09,0.009489148,7.8585174e-08,0.00010758416
L-BFGS-B,618,6.042481e-09,0.009482836,7.860751e-08,0.00010752586
L-BFGS-B,619,6.8222734e-09,0.010237173,7.8673324e-08,0.00011519607
L-BFGS-B,620,6.045938e-09,0.0094814245,7.8611706e-08,0.00010751289
L-BFGS-B,621,6.040152e-09,0.009477466,7.862433e-08,0.000107474334
L-BFGS-B,622,6.0680083e-09,0.009471564,7.863155e-08,0.00010742057
L-BFGS-B,623,6.0388516e-09,0.009461918,7.861316e-08,0.000107316984
L-BFGS-B,624,6.0178382e-09,0.009450835,7.859114e-08,0.0001071997
L-BFGS-B,625,5.976121e-09,0.0094390325,7.85144e-08,0.0001070639
L-BFGS-B,626,5.970648e-09,0.009429937,7.855332e-08,0.00010697797
L-BFGS-B,627,5.9668768e-09,0.00942495,7.854231e-08,0.00010692587
L-BFGS-B,628,5.9541114e-09,0.009418478,7.8525176e-08,0.00010685668
L-BFGS-B,629,5.949591e-09,0.009414878,7.8521694e-08,0.00010681947
L-BFGS-B,630,5.940636e-09,0.009412544,7.8520365e-08,0.000106794585
L-BFGS-B,631,5.940849e-09,0.009410483,7.852291e-08,0.000106774394
L-BFGS-B,632,5.939021e-09,0.009408556,7.8523506e-08,0.00010675494
L-BFGS-B,633,5.940629e-09,0.009404722,7.854115e-08,0.00010671948
L-BFGS-B,634,5.9438774e-09,0.0094013745,7.855912e-08,0.000106689185
L-BFGS-B,635,5.9487926e-09,0.009396391,7.856152e-08,0.00010664045
L-BFGS-B,636,6.1565535e-09,0.009559111,7.8995974e-08,0.00010836399
L-BFGS-B,637,5.950843e-09,0.009393438,7.8605645e-08,0.00010661785
L-BFGS-B,638,5.966665e-09,0.009388922,7.864544e-08,0.000106581036
L-BFGS-B,639,5.962679e-09,0.009380011,7.8624915e-08,0.00010648825
L-BFGS-B,640,5.937958e-09,0.009371645,7.8577365e-08,0.000106393745
L-BFGS-B,641,5.946062e-09,0.009363282,7.858116e-08,0.0001063119
L-BFGS-B,642,5.9487792e-09,0.009349242,7.861932e-08,0.000106177635
L-BFGS-B,643,5.9509495e-09,0.009340088,7.865368e-08,0.000106091575
L-BFGS-B,644,5.942744e-09,0.009331364,7.8659696e-08,0.00010600401
L-BFGS-B,645,1.55829e-08,0.019941244,7.87874e-08,0.00021356797
L-BFGS-B,646,5.945944e-09,0.009329511,7.868095e-08,0.000105989144
L-BFGS-B,647,5.9410414e-09,0.00932695,7.8670745e-08,0.00010596127
L-BFGS-B,648,5.9403735e-09,0.00930858,7.8750105e-08,0.000105789375
L-BFGS-B,649,5.9676335e-09,0.009293285,7.882726e-08,0.000105652085
L-BFGS-B,650,5.9416543e-09,0.009288651,7.879217e-08,0.00010559658
L-BFGS-B,651,5.9786704e-09,0.009298908,7.889677e-08,0.000105720384
L-BFGS-B,652,5.9157967e-09,0.009246803,7.884957e-08,0.00010518283
L-BFGS-B,653,5.882795e-09,0.009189511,7.893243e-08,0.00010461739
L-BFGS-B,654,5.907284e-09,0.009156934,7.903005e-08,0.00010430994
L-BFGS-B,655,5.951208e-09,0.009179842,7.916679e-08,0.00010456611
L-BFGS-B,656,5.887357e-09,0.009126576,7.9081936e-08,0.00010401115
L-BFGS-B,657,5.8748766e-09,0.009097531,7.911339e-08,0.000103723556
L-BFGS-B,658,5.931042e-09,0.009117611,7.907434e-08,0.00010392691
L-BFGS-B,659,5.8471357e-09,0.009050781,7.910162e-08,0.00010325012
L-BFGS-B,660,5.8355667e-09,0.009025013,7.918084e-08,0.00010300259
L-BFGS-B,661,5.8710516e-09,0.00902505,7.9230375e-08,0.000103015715
L-BFGS-B,662,5.82463e-09,0.008993365,7.9209556e-08,0.00010268878
L-BFGS-B,663,5.8147e-09,0.008974596,7.9216825e-08,0.000102500686
L-BFGS-B,664,5.7936798e-09,0.008956622,7.9231285e-08,0.00010231997
L-BFGS-B,665,5.786745e-09,0.008934316,7.922927e-08,0.00010209556
L-BFGS-B,666,5.734021e-09,0.0088824015,7.9250505e-08,0.00010157169
L-BFGS-B,667,5.7071348e-09,0.008854454,7.924206e-08,0.00010128692
L-BFGS-B,668,5.706326e-09,0.008837384,7.93117e-08,0.00010112654
L-BFGS-B,669,5.826055e-09,0.008939603,7.926207e-08,0.00010215925
L-BFGS-B,670,5.7040612e-09,0.008829303,7.930483e-08,0.00010104436
L-BFGS-B,671,5.687407e-09,0.00881581,7.929681e-08,0.00010090574
L-BFGS-B,672,5.6881273e-09,0.008811342,7.9313e-08,0.00010086358
L-BFGS-B,673,5.697145e-09,0.008794209,7.929813e-08,0.00010069138
L-BFGS-B,674,5.708213e-09,0.008829496,7.935666e-08,0.000101054684
L-BFGS-B,675,5.6827996e-09,0.008786098,7.9306695e-08,0.0001006094
L-BFGS-B,676,5.703049e-09,0.008774252,7.937776e-08,0.000100504636
L-BFGS-B,677,5.716466e-09,0.008763173,7.9482476e-08,0.00010041157
L-BFGS-B,678,5.7190177e-09,0.008750558,7.946878e-08,0.000100283745
L-BFGS-B,679,5.7070824e-09,0.008740753,7.94554e-08,0.0001001819
L-BFGS-B,680,5.734472e-09,0.008736456,7.946481e-08,0.00010014445
L-BFGS-B,681,5.707558e-09,0.008727996,7.946313e-08,0.00010005556
L-BFGS-B,682,5.6985683e-09,0.0087022465,7.950064e-08,9.9802346e-05
L-BFGS-B,683,5.6819793e-09,0.00868353,7.95248e-08,9.9616314e-05
L-BFGS-B,684,3.383548e-08,0.03927381,7.831394e-08,0.0004095605
L-BFGS-B,685,5.7135408e-09,0.008710577,7.943792e-08,9.987849e-05
L-BFGS-B,686,5.675104e-09,0.008674485,7.949726e-08,9.95207e-05
L-BFGS-B,687,5.6740324e-09,0.008691683,7.95359e-08,9.969832e-05
L-BFGS-B,688,5.6574607e-09,0.008663045,7.951066e-08,9.940566e-05
L-BFGS-B,689,5.6809446e-09,0.00866114,7.958025e-08,9.9400575e-05
L-BFGS-B,690,5.6599885e-09,0.008654662,7.954048e-08,9.932669e-05
L-BFGS-B,691,5.6622316e-09,0.008646105,7.9553516e-08,9.924342e-05
L-BFGS-B,692,5.658576e-09,0.008640249,7.956951e-08,9.91867e-05
L-BFGS-B,693,5.6582583e-09,0.00863597,7.956524e-08,9.914322e-05
L-BFGS-B,694,5.6414784e-09,0.008632051,7.951816e-08,9.909445e-05
L-BFGS-B,695,5.623807e-09,0.008627125,7.9469935e-08,9.9035315e-05
L-BFGS-B,696,5.6000222e-09,0.008638856,7.9372974e-08,9.913451e-05
L-BFGS-B,697,5.6120335e-09,0.008625617,7.9440895e-08,9.901411e-05
L-BFGS-B,698,5.597536e-09,0.008620562,7.9410945e-08,9.8956894e-05
L-BFGS-B,699,5.5829097e-09,0.008613473,7.9375184e-08,9.887844e-05
L-BFGS-B,700,5.5793645e-09,0.008605056,7.937978e-08,9.879443e-05
L-BFGS-B,701,5.574544e-09,0.008599047,7.9350414e-08,9.872921e-05
L-BFGS-B,702,5.5723253e-09,0.008596061,7.9349995e-08,9.8698954e-05
L-BFGS-B,703,5.565901e-09,0.008593286,7.933462e-08,9.8667944e-05
L-BFGS-B,704,5.550203e-09,0.008587521,7.9300996e-08,9.860288e-05
L-BFGS-B,705,5.534528e-09,0.008579965,7.927096e-08,9.852047e-05
L-BFGS-B,706,5.5138734e-09,0.008566813,7.924336e-08,9.838171e-05
L-BFGS-B,707,5.5045213e-09,0.008553679,7.925034e-08,9.825002e-05
L-BFGS-B,708,5.5072342e-09,0.008536389,7.9276724e-08,9.808148e-05
L-BFGS-B,709,5.543129e-09,0.0085259555,7.942759e-08,9.800516e-05
L-BFGS-B,710,5.5577654e-09,0.008511398,7.939713e-08,9.785721e-05
L-BFGS-B,711,5.5215583e-09,0.008496248,7.9382126e-08,9.769804e-05
L-BFGS-B,712,5.5206035e-09,0.008484938,7.939515e-08,9.7586744e-05
L-BFGS-B,713,5.5253975e-09,0.008467442,7.940134e-08,9.741343e-05
L-BFGS-B,714,5.5532476e-09,0.008442315,7.943321e-08,9.717113e-05
L-BFGS-B,715,5.547598e-09,0.008419799,7.946744e-08,9.6950236e-05
L-BFGS-B,716,5.576147e-09,0.008389528,7.956864e-08,9.6667e-05
L-BFGS-B,717,5.599682e-09,0.008365014,7.9626474e-08,9.643406e-05
L-BFGS-B,718,5.5760254e-09,0.00831959,7.9752894e-08,9.599524e-05
L-BFGS-B,719,5.5824407e-09,0.008297126,7.9723314e-08,9.576712e-05
L-BFGS-B,720,5.5469367e-09,0.008271194,7.969541e-08,9.549829e-05
L-BFGS-B,721,5.526787e-09,0.008253511,7.9689805e-08,9.531759e-05
L-BFGS-B,722,5.6046e-09,0.008259441,7.9801005e-08,9.540525e-05
L-BFGS-B,723,5.539152e-09,0.00822989,7.974865e-08,9.5092066e-05
L-BFGS-B,724,5.549935e-09,0.008207526,7.98759e-08,9.488914e-05
L-BFGS-B,725,6.134002e-09,0.008668253,8.03194e-08,9.965054e-05
L-BFGS-B,726,5.549504e-09,0.00817608,7.995118e-08,9.45859e-05
L-BFGS-B,727,5.5340155e-09,0.008136157,8.000143e-08,9.4191884e-05
L-BFGS-B,728,5.552718e-09,0.00809797,8.009061e-08,9.3826195e-05
L-BFGS-B,729,5.562539e-09,0.008065101,8.030264e-08,9.353078e-05
L-BFGS-B,730,5.5672964e-09,0.008032331,8.035717e-08,9.321199e-05
L-BFGS-B,731,5.5396594e-09,0.007982704,8.036454e-08,9.271267e-05
L-BFGS-B,732,5.575088e-09,0.00801201,8.04843e-08,9.3029004e-05
L-BFGS-B,733,5.4981606e-09,0.007937156,8.0401676e-08,9.225652e-05
L-BFGS-B,734,5.4433076e-09,0.00788539,8.037988e-08,9.172737e-05
L-BFGS-B,735,5.392886e-09,0.007863513,8.034405e-08,9.149567e-05
L-BFGS-B,736,5.32752e-09,0.0077893203,8.0326174e-08,9.0741254e-05
L-BFGS-B,737,5.3075513e-09,0.0077603795,8.0343646e-08,9.0451475e-05
L-BFGS-B,738,5.29194e-09,0.0077191247,8.0466755e-08,9.005505e-05
L-BFGS-B,739,5.25048e-09,0.007682543,8.04829e-08,8.968543e-05
L-BFGS-B,740,7.438226e-09,0.009795868,8.0498886e-08,0.00011114924
L-BFGS-B,741,5.2588494e-09,0.007676265,8.04892e-08,8.962486e-05
L-BFGS-B,742,5.209339e-09,0.007646147,8.044622e-08,8.9309804e-05
L-BFGS-B,743,5.1958664e-09,0.00762342,8.0483936e-08,8.908617e-05
L-BFGS-B,744,5.187805e-09,0.0076087117,8.054141e-08,8.89465e-05
L-BFGS-B,745,5.1861533e-09,0.0076012076,8.0631295e-08,8.888469e-05
L-BFGS-B,746,5.183019e-09,0.0075962176,8.0651894e-08,8.883741e-05
L-BFGS-B,747,5.175023e-09,0.0075885705,8.0641755e-08,8.875822e-05
L-BFGS-B,748,5.1705857e-09,0.0075807106,8.064822e-08,8.8679924e-05
L-BFGS-B,749,5.1627524e-09,0.0075706136,8.064632e-08,8.857749e-05
L-BFGS-B,750,5.095203e-08,0.056195978,8.08386e-08,0.0005817283
L-BFGS-B,751,5.21727e-09,0.007619176,8.061581e-08,8.906672e-05
L-BFGS-B,752,5.1603455e-09,0.007566395,8.063828e-08,8.853374e-05
L-BFGS-B,753,5.1503926e-09,0.0075409254,8.071372e-08,8.828887e-05
L-BFGS-B,754,5.1568634e-09,0.00751853,8.084761e-08,8.808597e-05
L-BFGS-B,755,5.165043e-09,0.007477997,8.10948e-08,8.7718945e-05
L-BFGS-B,756,5.1832734e-09,0.0074637546,8.125522e-08,8.760332e-05
L-BFGS-B,757,5.212012e-09,0.007469608,8.123654e-08,8.7663364e-05
L-BFGS-B,758,5.1685918e-09,0.007436751,8.1249524e-08,8.733022e-05
L-BFGS-B,759,5.1538556e-09,0.0074256975,8.1221934e-08,8.7213346e-05
L-BFGS-B,760,5.1400493e-09,0.007423491,8.112854e-08,8.717519e-05
L-BFGS-B,761,5.143269e-09,0.00740731,8.122875e-08,8.70289e-05
L-BFGS-B,762,5.164899e-09,0.007395974,8.137719e-08,8.694105e-05
L-BFGS-B,763,5.1849565e-09,0.0073795305,8.1539156e-08,8.680392e-05
L-BFGS-B,764,5.224558e-09,0.0073643974,8.171604e-08,8.668506e-05
L-BFGS-B,765,5.209925e-09,0.0073534017,8.16879e-08,8.656869e-05
L-BFGS-B,766,5.2122218e-09,0.0073441267,8.16996e-08,8.647804e-05
L-BFGS-B,767,5.2225144e-09,0.007318205,8.1748176e-08,8.622766e-05
L-BFGS-B,768,5.2051736e-09,0.007304564,8.17522e-08,8.608925e-05
L-BFGS-B,769,5.197506e-09,0.0072896034,8.1785124e-08,8.594342e-05
L-BFGS-B,770,5.1503894e-09,0.0072764214,8.1705764e-08,8.5792635e-05
L-BFGS-B,771,5.148042e-09,0.0072663934,8.173778e-08,8.56968e-05
L-BFGS-B,772,5.1390785e-09,0.0072593037,8.1712656e-08,8.562079e-05
L-BFGS-B,773,5.1242854e-09,0.00724656,8.175884e-08,8.549806e-05
L-BFGS-B,774,5.1260645e-09,0.007237413,8.181444e-08,8.54152e-05
L-BFGS-B,775,5.1319837e-09,0.0072267144,8.19252e-08,8.5325715e-05
L-BFGS-B,776,5.1344706e-09,0.00722991,8.192648e-08,8.5358246e-05
L-BFGS-B,777,5.128268e-09,0.0072232955,8.192586e-08,8.529108e-05
L-BFGS-B,778,5.129071e-09,0.007215178,8.1971855e-08,8.521692e-05
L-BFGS-B,779,5.1498192e-09,0.0072077066,8.206938e-08,8.515994e-05
L-BFGS-B,780,5.14282e-09,0.007204268,8.204128e-08,8.512029e-05
L-BFGS-B,781,5.138344e-09,0.0072028344,8.2015234e-08,8.5101376e-05
L-BFGS-B,782,5.1399045e-09,0.0072016767,8.2022424e-08,8.509111e-05
L-BFGS-B,783,5.136771e-09,0.007200768,8.201389e-08,8.5080275e-05
L-BFGS-B,784,5.1374505e-09,0.007199154,8.202828e-08,8.506639e-05
L-BFGS-B,785,5.140514e-09,0.0071968236,8.206345e-08,8.504883e-05
L-BFGS-B,786,5.142333e-09,0.007195055,8.208669e-08,8.50349e-05
L-BFGS-B,787,5.129882e-09,0.0071913092,8.199373e-08,8.4981635e-05
L-BFGS-B,788,5.12307e-09,0.0071853306,8.1998536e-08,8.492154e-05
L-BFGS-B,789,5.1122777e-09,0.0071722185,8.201565e-08,8.4791376e-05
L-BFGS-B,790,5.096886e-09,0.0071590464,8.203085e-08,8.465962e-05
L-BFGS-B,791,5.0824336e-09,0.007142899,8.2049006e-08,8.449871e-05
L-BFGS-B,792,5.055395e-09,0.0071240254,8.206498e-08,8.430831e-05
L-BFGS-B,793,5.0426308e-09,0.0071121943,8.2042725e-08,8.418474e-05
L-BFGS-B,794,5.0240234e-09,0.007100533,8.2034845e-08,8.406416e-05
L-BFGS-B,795,5.000642e-09,0.007093604,8.19602e-08,8.3980165e-05
L-BFGS-B,796,4.9834368e-09,0.007084202,8.195097e-08,8.388218e-05
L-BFGS-B,797,4.9552056e-09,0.0070914347,8.1992994e-08,8.395658e-05
L-BFGS-B,798,4.9600777e-09,0.0070755607,8.196644e-08,8.379458e-05
L-BFGS-B,799,4.9437943e-09,0.0070655225,8.193768e-08,8.368744e-05
L-BFGS-B,800,4.925349e-09,0.0070399046,8.199668e-08,8.343735e-05
L-BFGS-B,801,4.896563e-09,0.0070047844,8.211627e-08,8.309977e-05
L-BFGS-B,802,4.898641e-09,0.006984816,8.2134996e-08,8.290321e-05
L-BFGS-B,803,4.877446e-09,0.0069620535,8.2124906e-08,8.2670886e-05
L-BFGS-B,804,4.8511337e-09,0.006891524,8.2180094e-08,8.196992e-05
L-BFGS-B,805,4.762167e-09,0.006819817,8.202092e-08,8.121563e-05
L-BFGS-B,806,4.6964113e-09,0.0067398725,8.2011894e-08,8.040496e-05
L-BFGS-B,807,4.5651145e-09,0.006623979,8.183198e-08,7.919935e-05
L-BFGS-B,808,4.594641e-09,0.006649424,8.187102e-08,7.946408e-05
L-BFGS-B,809,4.540742e-09,0.00659739,8.184196e-08,7.89313e-05
L-BFGS-B,810,4.515599e-09,0.0065615345,8.1922245e-08,7.858102e-05
L-BFGS-B,811,4.5025637e-09,0.0065536913,8.2061206e-08,7.852148e-05
L-BFGS-B,812,4.494717e-09,0.0065431003,8.198918e-08,7.840358e-05
L-BFGS-B,813,4.480359e-09,0.006532798,8.2053845e-08,7.8308105e-05
L-BFGS-B,814,4.483113e-09,0.006523672,8.214879e-08,7.8231504e-05
L-BFGS-B,815,4.470111e-09,0.006515793,8.21484e-08,7.815071e-05
L-BFGS-B,816,4.472218e-09,0.006520295,8.2157946e-08,7.8197474e-05
L-BFGS-B,817,4.4658623e-09,0.006512393,8.215034e-08,7.811636e-05
L-BFGS-B,818,4.4526685e-09,0.006510487,8.212487e-08,7.80915e-05
L-BFGS-B,819,4.450731e-09,0.006503285,8.213272e-08,7.802037e-05
L-BFGS-B,820,4.4527178e-09,0.0065004993,8.214785e-08,7.799508e-05
L-BFGS-B,821,4.45721e-09,0.00649482,8.215515e-08,7.794006e-05
L-BFGS-B,822,4.4606145e-09,0.0064908834,8.216942e-08,7.7903336e-05
L-BFGS-B,823,4.4637636e-09,0.0064855986,8.215889e-08,7.7849385e-05
L-BFGS-B,824,4.464595e-09,0.006485217,8.210952e-08,7.783828e-05
L-BFGS-B,825,4.4568274e-09,0.0064839935,8.209236e-08,7.782231e-05
L-BFGS-B,826,4.457498e-09,0.0064831953,8.209552e-08,7.7814904e-05
L-BFGS-B,827,4.4570525e-09,0.006482121,8.208714e-08,7.780284e-05
L-BFGS-B,828,4.4554507e-09,0.0064810696,8.2080874e-08,7.779114e-05
L-BFGS-B,829,4.4530566e-09,0.006479534,8.207522e-08,7.777458e-05
L-BFGS-B,830,4.4482666e-09,0.0064758854,8.20782e-08,7.773782e-05
L-BFGS-B,831,4.438584e-09,0.0064796135,8.195302e-08,7.775488e-05
L-BFGS-B,832,4.44006e-09,0.006473718,8.202093e-08,7.770633e-05
L-BFGS-B,833,4.4479105e-09,0.006466688,8.2051145e-08,7.764173e-05
L-BFGS-B,834,4.4339465e-09,0.0064609973,8.1995054e-08,7.7574325e-05
L-BFGS-B,835,4.4292916e-09,0.006474277,8.180265e-08,7.767756e-05
L-BFGS-B,836,4.4213397e-09,0.0064556384,8.1916575e-08,7.750707e-05
L-BFGS-B,837,4.394574e-09,0.0064515616,8.180122e-08,7.744499e-05
L-BFGS-B,838,4.395155e-09,0.006448349,8.1815834e-08,7.7415134e-05
L-BFGS-B,839,4.3936934e-09,0.0064464873,8.1838586e-08,7.739971e-05
L-BFGS-B,840,4.3855968e-09,0.006443993,8.1843574e-08,7.737431e-05
L-BFGS-B,841,4.367952e-09,0.0064410707,8.183631e-08,7.734135e-05
L-BFGS-B,842,6.876677e-09,0.009075919,8.194192e-08,0.00010408198
L-BFGS-B,843,4.3556714e-09,0.0064379843,8.186538e-08,7.7313e-05
L-BFGS-B,844,4.3452464e-09,0.006433231,8.183062e-08,7.7258686e-05
L-BFGS-B,845,4.340941e-09,0.0064317156,8.179641e-08,7.723775e-05
L-BFGS-B,846,4.3387156e-09,0.006430127,8.180191e-08,7.722236e-05
L-BFGS-B,847,4.3373847e-09,0.006429022,8.181052e-08,7.721241e-05
L-BFGS-B,848,4.3535575e-09,0.0064300317,8.190429e-08,7.723899e-05
L-BFGS-B,849,4.341105e-09,0.0064269505,8.184533e-08,7.7197474e-05
L-BFGS-B,850,4.3406887e-09,0.006424034,8.185534e-08,7.7169745e-05
L-BFGS-B,851,4.342058e-09,0.0064220317,8.1861536e-08,7.715086e-05
L-BFGS-B,852,4.3426778e-09,0.006420033,8.1856015e-08,7.7130135e-05
L-BFGS-B,853,4.339879e-09,0.006418031,8.18458e-08,7.710816e-05
L-BFGS-B,854,4.3336974e-09,0.006416157,8.182233e-08,7.708497e-05
L-BFGS-B,855,4.318716e-09,0.006412452,8.1767155e-08,7.70374e-05
L-BFGS-B,856,4.3071595e-09,0.0064083077,8.1741504e-08,7.699038e-05
L-BFGS-B,857,4.3135593e-09,0.0064154393,8.167212e-08,7.7052246e-05
L-BFGS-B,858,4.3027293e-09,0.0064048204,8.17153e-08,7.6950906e-05
L-BFGS-B,859,4.29693e-09,0.0063949293,8.1688995e-08,7.684718e-05
L-BFGS-B,860,4.3044226e-09,0.006393603,8.175941e-08,7.68456e-05
L-BFGS-B,861,4.2970103e-09,0.0063903155,8.172355e-08,7.680624e-05
L-BFGS-B,862,4.3013006e-09,0.006386687,8.169209e-08,7.676588e-05
L-BFGS-B,863,4.3002575e-09,0.0063830637,8.167366e-08,7.672672e-05
L-BFGS-B,864,4.3000346e-09,0.00637998,8.165377e-08,7.669287e-05
L-BFGS-B,865,4.299702e-09,0.0063761473,8.162924e-08,7.665082e-05
L-BFGS-B,866,4.289901e-09,0.0063762083,8.163472e-08,7.665077e-05
L-BFGS-B,867,4.293096e-09,0.006374332,8.163185e-08,7.663206e-05
L-BFGS-B,868,4.2866866e-09,0.006373387,8.159767e-08,7.6616525e-05
L-BFGS-B,869,4.282371e-09,0.00637208,8.1576296e-08,7.65996e-05
L-BFGS-B,870,4.2746238e-09,0.006370506,8.153785e-08,7.657692e-05
L-BFGS-B,871,4.270871e-09,0.006369591,8.1486334e-08,7.655949e-05
L-BFGS-B,872,4.267567e-09,0.006367471,8.146825e-08,7.653508e-05
L-BFGS-B,873,4.268232e-09,0.006365452,8.144809e-08,7.651196e-05
L-BFGS-B,874,4.2690886e-09,0.0063636266,8.146108e-08,7.6495795e-05
L-BFGS-B,875,4.2704964e-09,0.0063630026,8.145009e-08,7.648811e-05
L-BFGS-B,876,4.2713273e-09,0.0063619725,8.145352e-08,7.647845e-05
L-BFGS-B,877,4.2688386e-09,0.0063608647,8.143867e-08,7.646478e-05
L-BFGS-B,878,4.2722537e-09,0.0063591143,8.144458e-08,7.644867e-05
L-BFGS-B,879,4.273835e-09,0.0063570244,8.143573e-08,7.642668e-05
L-BFGS-B,880,4.27394e-09,0.0063540717,8.142762e-08,7.639595e-05
L-BFGS-B,881,4.2715227e-09,0.0063522714,8.141788e-08,7.637612e-05
L-BFGS-B,882,4.2630237e-09,0.006349684,8.139667e-08,7.6345794e-05
L-BFGS-B,883,4.446116e-09,0.006544432,8.131917e-08,7.830911e-05
L-BFGS-B,884,4.26199e-09,0.0063490737,8.1391896e-08,7.633882e-05
L-BFGS-B,885,4.2566572e-09,0.0063478206,8.13799e-08,7.632369e-05
L-BFGS-B,886,4.254454e-09,0.0063465675,8.138719e-08,7.6311924e-05
L-BFGS-B,887,4.2589394e-09,0.0063452553,8.1395385e-08,7.63007e-05
L-BFGS-B,888,4.2617154e-09,0.0063439775,8.1414235e-08,7.6291166e-05
L-BFGS-B,889,4.268271e-09,0.0063425233,8.146674e-08,7.6285476e-05
L-BFGS-B,890,4.2671977e-09,0.006343438,8.1482774e-08,7.629687e-05
L-BFGS-B,891,4.266177e-09,0.0063414015,8.147302e-08,7.62749e-05
L-BFGS-B,892,4.254968e-09,0.0063399193,8.1451454e-08,7.625516e-05
L-BFGS-B,893,4.2399546e-09,0.0063425056,8.1369876e-08,7.626653e-05
L-BFGS-B,894,4.2456527e-09,0.006338794,8.141462e-08,7.623698e-05
L-BFGS-B,895,4.2352277e-09,0.0063376436,8.139955e-08,7.622165e-05
L-BFGS-B,896,4.233543e-09,0.006334947,8.143401e-08,7.6199605e-05
L-BFGS-B,897,4.238102e-09,0.00633209,8.145412e-08,7.617473e-05
L-BFGS-B,898,4.24224e-09,0.006329716,8.1476635e-08,7.615499e-05
L-BFGS-B,899,4.2514956e-09,0.006326344,8.1523915e-08,7.612975e-05
L-BFGS-B,900,4.252527e-09,0.0063244463,8.154258e-08,7.611373e-05
L-BFGS-B,901,4.254587e-09,0.0063217343,8.1579195e-08,7.609241e-05
L-BFGS-B,902,4.2736157e-09,0.0063383733,8.151751e-08,7.62524e-05
L-BFGS-B,903,4.2547663e-09,0.006321496,8.157096e-08,7.608882e-05
L-BFGS-B,904,4.2608943e-09,0.0063200267,8.1589164e-08,7.607777e-05
L-BFGS-B,905,4.259347e-09,0.006318676,8.161048e-08,7.6067234e-05
L-BFGS-B,906,4.2643893e-09,0.006317568,8.164091e-08,7.606147e-05
L-BFGS-B,907,4.268175e-09,0.0063166143,8.166171e-08,7.605562e-05
L-BFGS-B,908,4.270424e-09,0.0063159834,8.1678756e-08,7.60522e-05
L-BFGS-B,909,4.272829e-09,0.006314906,8.171027e-08,7.604652e-05
L-BFGS-B,910,4.274478e-09,0.0063142185,8.172561e-08,7.60422e-05
L-BFGS-B,911,4.300642e-09,0.0063479003,8.175219e-08,7.638692e-05
L-BFGS-B,912,4.273685e-09,0.0063140867,8.172804e-08,7.604113e-05
L-BFGS-B,913,4.2734687e-09,0.0063131144,8.173747e-08,7.603278e-05
L-BFGS-B,914,4.2736374e-09,0.0063118204,8.175276e-08,7.602217e-05
L-BFGS-B,915,4.2734505e-09,0.0063101416,8.176508e-08,7.600719e-05
L-BFGS-B,916,4.273748e-09,0.006307178,8.17718e-08,7.597861e-05
L-BFGS-B,917,4.270273e-09,0.00630533,8.168539e-08,7.594664e-05
L-BFGS-B,918,4.254031e-09,0.006321228,8.153534e-08,7.608069e-05
L-BFGS-B,919,4.2577293e-09,0.0063031046,8.1639094e-08,7.5915574e-05
L-BFGS-B,920,4.2420836e-09,0.006298548,8.1544854e-08,7.585352e-05
L-BFGS-B,921,4.389469e-09,0.00644033,8.125374e-08,7.724978e-05
L-BFGS-B,922,4.2384345e-09,0.006293399,8.148737e-08,7.579286e-05
L-BFGS-B,923,4.24162e-09,0.0062924903,8.140779e-08,7.577232e-05
L-BFGS-B,924,4.2363473e-09,0.006289737,8.145175e-08,7.575058e-05
L-BFGS-B,925,4.2395834e-09,0.006283151,8.152754e-08,7.569658e-05
L-BFGS-B,926,4.415959e-09,0.006423584,8.162479e-08,7.714196e-05
L-BFGS-B,927,4.2410893e-09,0.006280559,8.153193e-08,7.5671545e-05
L-BFGS-B,928,4.2300075e-09,0.0062736496,8.1463476e-08,7.559051e-05
L-BFGS-B,929,4.2129913e-09,0.0062698573,8.1426485e-08,7.554449e-05
L-BFGS-B,930,4.2013193e-09,0.0062663774,8.137967e-08,7.5500924e-05
L-BFGS-B,931,4.1998867e-09,0.006263546,8.138949e-08,7.5473865e-05
L-BFGS-B,932,4.1964343e-09,0.0062607257,8.140363e-08,7.5447264e-05
L-BFGS-B,933,4.191062e-09,0.0062538777,8.142006e-08,7.538044e-05
L-BFGS-B,934,4.183925e-09,0.0062444326,8.1452896e-08,7.528985e-05
L-BFGS-B,935,4.1806705e-09,0.0062305764,8.1475285e-08,7.515416e-05
L-BFGS-B,936,4.378825e-09,0.006394385,8.15741e-08,7.683678e-05
L-BFGS-B,937,4.1822616e-09,0.0062241587,8.1491706e-08,7.509268e-05
L-BFGS-B,938,4.187949e-09,0.006206171,8.151774e-08,7.491756e-05
L-BFGS-B,939,4.271898e-09,0.0062713753,8.125447e-08,7.55427e-05
L-BFGS-B,940,4.189373e-09,0.006203664,8.146343e-08,7.4884556e-05
L-BFGS-B,941,4.3124984e-09,0.006267329,8.14668e-08,7.5540185e-05
L-BFGS-B,942,4.192229e-09,0.006185325,8.1434486e-08,7.469726e-05
L-BFGS-B,943,4.430322e-09,0.0063734436,8.141914e-08,7.6611854e-05
L-BFGS-B,944,4.193213e-09,0.0061767744,8.1427906e-08,7.4610914e-05
L-BFGS-B,945,4.1912407e-09,0.006162565,8.1303625e-08,7.444988e-05
L-BFGS-B,946,4.162853e-09,0.0061526587,8.1141806e-08,7.432229e-05
L-BFGS-B,947,4.151873e-09,0.006170664,8.102108e-08,7.448258e-05
L-BFGS-B,948,4.1505666e-09,0.0061485567,8.110335e-08,7.427365e-05
L-BFGS-B,949,4.143472e-09,0.0061369506,8.101931e-08,7.4143914e-05
L-BFGS-B,950,4.1436587e-09,0.006124865,8.096167e-08,7.4014446e-05
L-BFGS-B,951,4.131805e-09,0.0061173528,8.096333e-08,7.3937794e-05
L-BFGS-B,952,4.116789e-09,0.0061150603,8.0832905e-08,7.3893054e-05
L-BFGS-B,953,4.0843027e-09,0.0061033275,8.0687336e-08,7.374902e-05
L-BFGS-B,954,4.082733e-09,0.006092889,8.076527e-08,7.365608e-05
L-BFGS-B,955,4.0792765e-09,0.0060756477,8.077466e-08,7.348457e-05
L-BFGS-B,956,4.058744e-09,0.0060711047,8.070538e-08,7.342566e-05
L-BFGS-B,957,4.30377e-09,0.006252276,8.053982e-08,7.524929e-05
L-BFGS-B,958,4.0633115e-09,0.0060699387,8.0687364e-08,7.341199e-05
L-BFGS-B,959,4.0416213e-09,0.0060642012,8.0589324e-08,7.3336654e-05
L-BFGS-B,960,4.0411e-09,0.006057208,8.055455e-08,7.326143e-05
L-BFGS-B,961,4.031387e-09,0.006048996,8.052166e-08,7.3172916e-05
L-BFGS-B,962,4.0331245e-09,0.006036804,8.052159e-08,7.305125e-05
L-BFGS-B,963,4.0506385e-09,0.006033199,8.0588975e-08,7.3027935e-05
L-BFGS-B,964,4.041387e-09,0.0060143205,8.052969e-08,7.2828865e-05
L-BFGS-B,965,4.038157e-09,0.005996288,8.049017e-08,7.264213e-05
L-BFGS-B,966,4.0284363e-09,0.005969307,8.047563e-08,7.236868e-05
L-BFGS-B,967,4.0512473e-09,0.0059352675,8.0469086e-08,7.203073e-05
L-BFGS-B,968,4.1610084e-09,0.0059920517,8.064661e-08,7.2641655e-05
L-BFGS-B,969,4.0388044e-09,0.0059023187,8.052867e-08,7.170831e-05
L-BFGS-B,970,4.016976e-09,0.0058664177,8.050721e-08,7.134281e-05
L-BFGS-B,971,4.070624e-09,0.0058942717,8.048708e-08,7.162637e-05
L-BFGS-B,972,4.005672e-09,0.0058436515,8.04916e-08,7.1111106e-05
L-BFGS-B,973,4.0027346e-09,0.005822894,8.046759e-08,7.0899485e-05
L-BFGS-B,974,3.9850607e-09,0.005810002,8.040953e-08,7.0759204e-05
L-BFGS-B,975,4.0499e-09,0.0058065206,8.032705e-08,7.072175e-05
L-BFGS-B,976,3.9924615e-09,0.0057895575,8.037632e-08,7.055089e-05
L-BFGS-B,977,4.025071e-09,0.0057661,8.0363556e-08,7.031929e-05
L-BFGS-B,978,3.9871257e-09,0.005729988,8.039622e-08,6.995738e-05
L-BFGS-B,979,3.981173e-09,0.005696902,8.041848e-08,6.9628964e-05
L-BFGS-B,980,3.984554e-09,0.005671199,8.03959e-08,6.936906e-05
L-BFGS-B,981,3.987346e-09,0.00565286,8.041298e-08,6.9188645e-05
L-BFGS-B,982,4.02419e-09,0.005647371,8.0522845e-08,6.9155765e-05
L-BFGS-B,983,4.086437e-09,0.005662958,8.06073e-08,6.933364e-05
L-BFGS-B,984,4.0328336e-09,0.0056373486,8.0554585e-08,6.90616e-05
L-BFGS-B,985,4.0181387e-09,0.0056322096,8.0590276e-08,6.901336e-05
L-BFGS-B,986,4.0186663e-09,0.0056240186,8.061448e-08,6.893515e-05
L-BFGS-B,987,4.0307464e-09,0.0056192917,8.064931e-08,6.889492e-05
L-BFGS-B,988,4.0678843e-09,0.005615106,8.070853e-08,6.886752e-05
L-BFGS-B,989,4.1273003e-09,0.0056137075,8.0915555e-08,6.88935e-05
L-BFGS-B,990,4.086962e-09,0.005605311,8.0801016e-08,6.878631e-05
L-BFGS-B,991,4.0792068e-09,0.0056297225,8.06396e-08,6.9005044e-05
L-BFGS-B,992,4.0764094e-09,0.0056028455,8.075991e-08,6.87539e-05
L-BFGS-B,993,4.0682036e-09,0.005596892,8.075916e-08,6.869302e-05
L-BFGS-B,994,4.067559e-09,0.005591728,8.07516e-08,6.864015e-05
L-BFGS-B,995,4.060657e-09,0.005587713,8.0714074e-08,6.859334e-05
L-BFGS-B,996,4.059387e-09,0.0055841017,8.0690036e-08,6.8553425e-05
L-BFGS-B,997,4.0492796e-09,0.0055806595,8.06438e-08,6.851056e-05
L-BFGS-B,998,4.0438644e-09,0.005576145,8.064404e-08,6.846463e-05
L-BFGS-B,999,4.0398764e-09,0.005570285,8.068722e-08,6.8411915e-05
L-BFGS-B,1000,4.077954e-09,0.0055903215,8.084016e-08,6.864093e-05
L-BFGS-B,1001,4.0417123e-09,0.0055689835,8.0711835e-08,6.8402864e-05
L-BFGS-B,1002,4.056637e-09,0.0055646766,8.078048e-08,6.8372334e-05
L-BFGS-B,1003,4.0630534e-09,0.005564189,8.076564e-08,6.836619e-05
L-BFGS-B,1004,4.0587054e-09,0.005563243,8.077292e-08,6.835717e-05
L-BFGS-B,1005,4.0497654e-09,0.0055627553,8.0728675e-08,6.834432e-05
L-BFGS-B,1006,4.0502024e-09,0.0055620084,8.0724135e-08,6.833624e-05
L-BFGS-B,1007,4.0497885e-09,0.0055612917,8.072841e-08,6.8329646e-05
L-BFGS-B,1008,4.047312e-09,0.005560845,8.073245e-08,6.832541e-05
L-BFGS-B,1009,4.041842e-09,0.0055600307,8.0736015e-08,6.8316986e-05
L-BFGS-B,1010,4.033764e-09,0.0055593164,8.0731425e-08,6.830794e-05
L-BFGS-B,1011,4.0273975e-09,0.0055586416,8.0718934e-08,6.829836e-05
L-BFGS-B,1012,4.0785655e-09,0.0056813047,8.07927e-08,6.9543734e-05
L-BFGS-B,1013,4.023126e-09,0.005558258,8.0721136e-08,6.829422e-05
L-BFGS-B,1014,4.0119197e-09,0.005557692,8.0681886e-08,6.828099e-05
L-BFGS-B,1015,4.008793e-09,0.0055557014,8.067842e-08,6.8260095e-05
L-BFGS-B,1016,4.0127306e-09,0.0055508595,8.069349e-08,6.8214526e-05
L-BFGS-B,1017,4.1051305e-09,0.005620147,8.070343e-08,6.892275e-05
L-BFGS-B,1018,4.014377e-09,0.005549882,8.0694136e-08,6.8205096e-05
L-BFGS-B,1019,4.0219232e-09,0.0055433605,8.07428e-08,6.8148314e-05
L-BFGS-B,1020,4.029645e-09,0.0055317557,8.082721e-08,6.804609e-05
L-BFGS-B,1021,4.0251096e-09,0.00551211,8.0937156e-08,6.786544e-05
L-BFGS-B,1022,4.0166053e-09,0.0054914765,8.102805e-08,6.7671455e-05
L-BFGS-B,1023,4.0769064e-09,0.0055406378,8.099634e-08,6.816736e-05
L-BFGS-B,1024,4.0053374e-09,0.005474821,8.1016e-08,6.7501416e-05
L-BFGS-B,1025,3.9422625e-09,0.005497806,8.080468e-08,6.7690096e-05
L-BFGS-B,1026,3.945752e-09,0.0054488624,8.091424e-08,6.7217625e-05
L-BFGS-B,1027,3.9070693e-09,0.005413852,8.081861e-08,6.684737e-05
L-BFGS-B,1028,3.884913e-09,0.00540261,8.075262e-08,6.6721725e-05
L-BFGS-B,1029,3.890179e-09,0.0054033147,8.0672336e-08,6.6717526e-05
L-BFGS-B,1030,3.881025e-09,0.005396617,8.0713185e-08,6.66553e-05
L-BFGS-B,1031,3.8891734e-09,0.0054046484,8.075561e-08,6.67432e-05
L-BFGS-B,1032,3.87536e-09,0.005390157,8.0728455e-08,6.659214e-05
L-BFGS-B,1033,3.8771666e-09,0.005381865,8.073487e-08,6.651045e-05
L-BFGS-B,1034,3.899774e-09,0.0053668288,8.0849155e-08,6.638063e-05
L-BFGS-B,1035,3.9046473e-09,0.005354755,8.090789e-08,6.626943e-05
L-BFGS-B,1036,3.9102703e-09,0.0053551835,8.09014e-08,6.6273584e-05
L-BFGS-B,1037,3.8986774e-09,0.0053458954,8.090508e-08,6.617952e-05
L-BFGS-B,1038,3.879538e-09,0.0053354306,8.087584e-08,6.6067616e-05
L-BFGS-B,1039,3.862384e-09,0.0053170626,8.0832706e-08,6.587489e-05
L-BFGS-B,1040,3.626639e-08,0.040966168,8.067291e-08,0.00042720258
L-BFGS-B,1041,3.850042e-09,0.00533035,8.07158e-08,6.598837e-05
L-BFGS-B,1042,3.8496837e-09,0.0053128283,8.0788695e-08,6.582404e-05
L-BFGS-B,1043,3.8718158e-09,0.0052953027,8.085575e-08,6.5662156e-05
L-BFGS-B,1044,3.8684687e-09,0.0052649947,8.084893e-08,6.5357555e-05
L-BFGS-B,1045,3.901045e-09,0.005228404,8.09555e-08,6.501252e-05
L-BFGS-B,1046,3.951913e-09,0.0052492176,8.104647e-08,6.524193e-05
L-BFGS-B,1047,3.9039643e-09,0.005219315,8.098223e-08,6.492608e-05
L-BFGS-B,1048,3.962998e-09,0.0052125454,8.1118294e-08,6.4887645e-05
L-BFGS-B,1049,3.9200176e-09,0.005205115,8.1039516e-08,6.479508e-05
L-BFGS-B,1050,3.945605e-09,0.0051837186,8.111146e-08,6.459575e-05
L-BFGS-B,1051,3.9310475e-09,0.005166772,8.108133e-08,6.4419575e-05
L-BFGS-B,1052,3.937878e-09,0.0051476615,8.1095436e-08,6.423161e-05
L-BFGS-B,1053,3.925491e-09,0.0051211184,8.106012e-08,6.395903e-05
L-BFGS-B,1054,4.02946e-09,0.0051349485,8.126018e-08,6.414293e-05
L-BFGS-B,1055,3.9485486e-09,0.005104184,8.1135354e-08,6.380442e-05
L-BFGS-B,1056,3.997491e-09,0.0050784573,8.124867e-08,6.35715e-05
L-BFGS-B,1057,3.9680303e-09,0.0050560366,8.117397e-08,6.333167e-05
L-BFGS-B,1058,3.944765e-09,0.0050424845,8.1143966e-08,6.3188156e-05
L-BFGS-B,1059,3.978566e-09,0.005047561,8.1191736e-08,6.325116e-05
L-BFGS-B,1060,3.9504844e-09,0.005035114,8.11613e-08,6.311791e-05
L-BFGS-B,1061,3.9516697e-09,0.0050263326,8.1162156e-08,6.30304e-05
L-BFGS-B,1062,3.9648897e-09,0.0050196396,8.117126e-08,6.2966814e-05
L-BFGS-B,1063,3.9628874e-09,0.00501266,8.1183025e-08,6.2898485e-05
L-BFGS-B,1064,3.9788963e-09,0.0050025657,8.123418e-08,6.280762e-05
L-BFGS-B,1065,3.9841126e-09,0.004991319,8.123686e-08,6.269634e-05
L-BFGS-B,1066,4.01186e-09,0.0050000227,8.1225096e-08,6.2785766e-05
L-BFGS-B,1067,3.987671e-09,0.004987583,8.123276e-08,6.2658895e-05
L-BFGS-B,1068,3.9880814e-09,0.004983162,8.123109e-08,6.261449e-05
L-BFGS-B,1069,4.002666e-09,0.0049785357,8.124419e-08,6.2572384e-05
L-BFGS-B,1070,3.992294e-09,0.004977256,8.123881e-08,6.255723e-05
L-BFGS-B,1071,3.9886117e-09,0.004970692,8.1220165e-08,6.248824e-05
L-BFGS-B,1072,3.9831134e-09,0.0049628797,8.122298e-08,6.240971e-05
L-BFGS-B,1073,3.9866457e-09,0.0049543222,8.120806e-08,6.2322426e-05
L-BFGS-B,1074,3.998646e-09,0.0049727825,8.114989e-08,6.2500105e-05
L-BFGS-B,1075,3.9811408e-09,0.0049502067,8.118966e-08,6.2277686e-05
L-BFGS-B,1076,3.988428e-09,0.0049447324,8.12054e-08,6.22264e-05
L-BFGS-B,1077,3.991656e-09,0.004937899,8.121551e-08,6.216006e-05
L-BFGS-B,1078,3.9962584e-09,0.004921319,8.126475e-08,6.2002335e-05
L-BFGS-B,1079,4.0346175e-09,0.0049438877,8.11971e-08,6.222363e-05
L-BFGS-B,1080,3.9968278e-09,0.004916501,8.124544e-08,6.195135e-05
L-BFGS-B,1081,3.9785837e-09,0.004911318,8.1167904e-08,6.1885155e-05
L-BFGS-B,1082,3.9733576e-09,0.0049077678,8.114571e-08,6.184554e-05
L-BFGS-B,1083,3.9625645e-09,0.0049046916,8.116545e-08,6.1816114e-05
L-BFGS-B,1084,3.966065e-09,0.0049019908,8.115699e-08,6.178836e-05
L-BFGS-B,1085,3.966743e-09,0.004900683,8.1146176e-08,6.177377e-05
L-BFGS-B,1086,3.9660386e-09,0.004899025,8.113454e-08,6.175533e-05
L-BFGS-B,1087,3.9633e-09,0.004896238,8.111457e-08,6.172406e-05
L-BFGS-B,1088,3.9617136e-09,0.004892688,8.10898e-08,6.16846e-05
L-BFGS-B,1089,3.958035e-09,0.0048882356,8.107539e-08,6.1637365e-05
L-BFGS-B,1090,3.943026e-09,0.004885703,8.1046885e-08,6.160551e-05
L-BFGS-B,1091,3.937458e-09,0.0048830286,8.101381e-08,6.157297e-05
L-BFGS-B,1092,3.9392565e-09,0.0048803627,8.103541e-08,6.154982e-05
L-BFGS-B,1093,3.9363366e-09,0.0048778327,8.105574e-08,6.1527135e-05
L-BFGS-B,1094,4.0806025e-09,0.0049772933,8.11311e-08,6.255468e-05
L-BFGS-B,1095,3.9393684e-09,0.00487712,8.105975e-08,6.152107e-05
L-BFGS-B,1096,3.9620818e-09,0.004879427,8.1169716e-08,6.156404e-05
L-BFGS-B,1097,3.9445e-09,0.004874866,8.1097205e-08,6.1504914e-05
L-BFGS-B,1098,3.9440424e-09,0.0048721298,8.111466e-08,6.14801e-05
L-BFGS-B,1099,3.939845e-09,0.004868552,8.111589e-08,6.1443876e-05
L-BFGS-B,1100,3.9493213e-09,0.0048637507,8.113078e-08,6.139952e-05
L-BFGS-B,1101,3.944014e-09,0.004858786,8.109819e-08,6.134419e-05
L-BFGS-B,1102,3.946413e-09,0.004852003,8.105531e-08,6.1270286e-05
L-BFGS-B,1103,3.9555093e-09,0.004849288,8.1047304e-08,6.12433e-05
L-BFGS-B,1104,3.9464303e-09,0.004843974,8.104559e-08,6.118854e-05
L-BFGS-B,1105,3.9394354e-09,0.0048402296,8.10454e-08,6.115002e-05
L-BFGS-B,1106,3.9244217e-09,0.0048351972,8.103528e-08,6.109593e-05
L-BFGS-B,1107,3.9240375e-09,0.0048371563,8.0986524e-08,6.110815e-05
L-BFGS-B,1108,3.920413e-09,0.004832301,8.1012324e-08,6.1062914e-05
L-BFGS-B,1109,3.9018713e-09,0.0048260577,8.097196e-08,6.099165e-05
L-BFGS-B,1110,3.889215e-09,0.004819326,8.091466e-08,6.091384e-05
L-BFGS-B,1111,3.901242e-09,0.0048174052,8.090584e-08,6.0895112e-05
L-BFGS-B,1112,3.8908263e-09,0.0048140883,8.090869e-08,6.086081e-05
L-BFGS-B,1113,3.892601e-09,0.004808078,8.089534e-08,6.0798968e-05
L-BFGS-B,1114,3.8888834e-09,0.0048021968,8.088611e-08,6.0738217e-05
L-BFGS-B,1115,3.8830397e-09,0.004795415,8.087946e-08,6.066852e-05
L-BFGS-B,1116,3.882475e-09,0.0048029283,8.087085e-08,6.0742284e-05
L-BFGS-B,1117,3.8772763e-09,0.0047924607,8.0871295e-08,6.0636892e-05
L-BFGS-B,1118,3.8789034e-09,0.0047883396,8.0921005e-08,6.060338e-05
L-BFGS-B,1119,3.872681e-09,0.0047921035,8.082084e-08,6.062506e-05
L-BFGS-B,1120,3.8721657e-09,0.004785594,8.0875076e-08,6.056803e-05
L-BFGS-B,1121,3.8677492e-09,0.0047816206,8.085221e-08,6.05242e-05
L-BFGS-B,1122,3.8809134e-09,0.0047857454,8.080316e-08,6.0560065e-05
L-BFGS-B,1123,3.8692436e-09,0.0047792844,8.083238e-08,6.0498085e-05
L-BFGS-B,1124,3.8662793e-09,0.004776562,8.082653e-08,6.046954e-05
L-BFGS-B,1125,3.8660213e-09,0.004774525,8.08286e-08,6.044944e-05
L-BFGS-B,1126,3.863511e-09,0.00477204,8.081744e-08,6.0422542e-05
L-BFGS-B,1127,3.8507397e-09,0.0047721015,8.077341e-08,6.0414637e-05
L-BFGS-B,1128,3.8741934e-09,0.0047657117,8.0769e-08,6.0353595e-05
L-BFGS-B,1129,4.019181e-09,0.004914252,8.0723105e-08,6.185386e-05
L-BFGS-B,1130,3.872454e-09,0.0047631552,8.075967e-08,6.032637e-05
L-BFGS-B,1131,3.8587658e-09,0.0047602816,8.0783394e-08,6.0299135e-05
L-BFGS-B,1132,3.852778e-09,0.0047558956,8.0783394e-08,6.025438e-05
L-BFGS-B,1133,3.8543253e-09,0.0047527435,8.0780254e-08,6.022262e-05
L-BFGS-B,1134,3.855757e-09,0.004747876,8.078522e-08,6.0174905e-05
L-BFGS-B,1135,3.853685e-09,0.004742425,8.081663e-08,6.0124796e-05
L-BFGS-B,1136,3.8593364e-09,0.004740708,8.0826105e-08,6.0109895e-05
L-BFGS-B,1137,3.8579815e-09,0.004739128,8.082456e-08,6.0093662e-05
L-BFGS-B,1138,3.859444e-09,0.004738074,8.083232e-08,6.00845e-05
L-BFGS-B,1139,3.863977e-09,0.004736705,8.084175e-08,6.007291e-05
L-BFGS-B,1140,3.8692947e-09,0.004733911,8.086174e-08,6.0048766e-05
L-BFGS-B,1141,3.8739163e-09,0.0047299806,8.085885e-08,6.000972e-05
L-BFGS-B,1142,3.872457e-09,0.0047260597,8.084282e-08,5.996789e-05
L-BFGS-B,1143,3.895455e-09,0.004732419,8.09105e-08,6.004508e-05
L-BFGS-B,1144,3.875533e-09,0.004724524,8.086003e-08,5.995557e-05
L-BFGS-B,1145,3.870681e-09,0.0047227805,8.0842376e-08,5.9934762e-05
L-BFGS-B,1146,3.8654995e-09,0.004721408,8.082703e-08,5.991796e-05
L-BFGS-B,1147,3.867855e-09,0.0047204783,8.0902616e-08,5.9920352e-05
L-BFGS-B,1148,3.8652703e-09,0.0047195214,8.086238e-08,5.990436e-05
L-BFGS-B,1149,3.8671697e-09,0.004717845,8.0859046e-08,5.988738e-05
L-BFGS-B,1150,3.86413e-09,0.0047155735,8.0855514e-08,5.986368e-05
L-BFGS-B,1151,3.873364e-09,0.0047115264,8.089203e-08,5.9830072e-05
L-BFGS-B,1152,3.8700207e-09,0.0047077476,8.088202e-08,5.979028e-05
L-BFGS-B,1153,3.8796575e-09,0.0047380617,8.089929e-08,6.009746e-05
L-BFGS-B,1154,3.8632866e-09,0.004704963,8.088516e-08,5.9761893e-05
L-BFGS-B,1155,3.8693524e-09,0.0047010276,8.092032e-08,5.9728725e-05
L-BFGS-B,1156,3.8764822e-09,0.004697799,8.094662e-08,5.970146e-05
L-BFGS-B,1157,3.8910457e-09,0.0046936763,8.100027e-08,5.967046e-05
L-BFGS-B,1158,3.8987737e-09,0.004690004,8.1008025e-08,5.9636062e-05
L-BFGS-B,1159,3.8995522e-09,0.004686511,8.10107e-08,5.9601647e-05
L-BFGS-B,1160,3.8967873e-09,0.004683278,8.1003655e-08,5.9567843e-05
L-BFGS-B,1161,3.8879246e-09,0.004681217,8.096721e-08,5.954044e-05
L-BFGS-B,1162,3.914569e-09,0.0046899985,8.098262e-08,5.963456e-05
L-BFGS-B,1163,3.8909422e-09,0.0046778508,8.0970004e-08,5.950765e-05
L-BFGS-B,1164,3.8971986e-09,0.004673461,8.09781e-08,5.94659e-05
L-BFGS-B,1165,3.9005092e-09,0.004669455,8.096594e-08,5.9424518e-05
L-BFGS-B,1166,3.910666e-09,0.0046644933,8.095093e-08,5.937417e-05
L-BFGS-B,1167,3.90399e-09,0.004656381,8.093783e-08,5.929008e-05
L-BFGS-B,1168,3.916689e-09,0.0046517625,8.090884e-08,5.9241454e-05
L-BFGS-B,1169,3.9056416e-09,0.004646223,8.089475e-08,5.9182286e-05
L-BFGS-B,1170,3.9037413e-09,0.004641615,8.090468e-08,5.913741e-05
L-BFGS-B,1171,3.913849e-09,0.0046377145,8.09039e-08,5.9099806e-05
L-BFGS-B,1172,3.9122217e-09,0.0046326937,8.090479e-08,5.9049486e-05
L-BFGS-B,1173,3.9100314e-09,0.004624854,8.0905366e-08,5.8970847e-05
L-BFGS-B,1174,3.9287698e-09,0.004634217,8.095384e-08,5.907456e-05
L-BFGS-B,1175,3.9066883e-09,0.004617796,8.092307e-08,5.890242e-05
L-BFGS-B,1176,3.894135e-09,0.004606459,8.0958365e-08,5.8792462e-05
L-BFGS-B,1177,3.9339985e-09,0.00463152,8.092026e-08,5.9043334e-05
L-BFGS-B,1178,3.8947343e-09,0.00460249,8.094746e-08,5.8751226e-05
L-BFGS-B,1179,3.8955066e-09,0.004595388,8.0938754e-08,5.867902e-05
L-BFGS-B,1180,3.924381e-09,0.0046029994,8.098566e-08,5.8766498e-05
L-BFGS-B,1181,3.8997636e-09,0.004593812,8.0951594e-08,5.8665824e-05
L-BFGS-B,1182,3.9100754e-09,0.0045923977,8.090624e-08,5.8646423e-05
L-BFGS-B,1183,3.998933e-09,0.0046878518,8.100819e-08,5.9629587e-05
L-BFGS-B,1184,3.909026e-09,0.0045913775,8.091244e-08,5.8636993e-05
L-BFGS-B,1185,3.90431e-09,0.0045886957,8.093586e-08,5.861298e-05
L-BFGS-B,1186,3.8969388e-09,0.0045873704,8.092538e-08,5.8597052e-05
L-BFGS-B,1187,3.90068e-09,0.0045879665,8.090055e-08,5.859985e-05
L-BFGS-B,1188,3.897682e-09,0.004586644,8.091353e-08,5.858812e-05
L-BFGS-B,1189,3.9006096e-09,0.0045858347,8.0895745e-08,5.85778e-05
L-BFGS-B,1190,3.892494e-09,0.004585916,8.088883e-08,5.857636e-05
L-BFGS-B,1191,3.8950905e-09,0.0045847245,8.0879666e-08,5.856346e-05
L-BFGS-B,1192,3.895145e-09,0.004584114,8.0869974e-08,5.8555906e-05
L-BFGS-B,1193,3.89712e-09,0.004587189,8.0858825e-08,5.858528e-05
L-BFGS-B,1194,3.89423e-09,0.004583569,8.08665e-08,5.85498e-05
L-BFGS-B,1195,3.892363e-09,0.0045826333,8.085703e-08,5.853874e-05
L-BFGS-B,1196,3.8908685e-09,0.0045819655,8.0838525e-08,5.8529065e-05
L-BFGS-B,1197,3.8819543e-09,0.0045830836,8.079337e-08,5.8532136e-05
L-BFGS-B,1198,3.886472e-09,0.0045818794,8.0818765e-08,5.852458e-05
L-BFGS-B,1199,3.88399e-09,0.0045813327,8.080681e-08,5.8516944e-05
L-BFGS-B,1200,3.915983e-09,0.0046283216,8.0719985e-08,5.897861e-05
L-BFGS-B,1201,3.882961e-09,0.0045812014,8.0799786e-08,5.8514423e-05
L-BFGS-B,1202,3.8782506e-09,0.0045785424,8.076631e-08,5.8482106e-05
L-BFGS-B,1203,3.8755883e-09,0.0045754127,8.074858e-08,5.844775e-05
L-BFGS-B,1204,3.8838994e-09,0.0045782365,8.069966e-08,5.8469897e-05
L-BFGS-B,1205,3.8760106e-09,0.0045734514,8.072662e-08,5.8424906e-05
L-BFGS-B,1206,3.8779437e-09,0.004568919,8.074563e-08,5.8382728e-05
L-BFGS-B,1207,3.875754e-09,0.004566,8.074575e-08,5.8353224e-05
L-BFGS-B,1208,3.870615e-09,0.0045626545,8.077852e-08,5.8323916e-05
L-BFGS-B,1209,3.860813e-09,0.004559105,8.0772956e-08,5.8286114e-05
L-BFGS-B,1210,3.8483887e-09,0.0045527234,8.07569e-08,5.8218026e-05
L-BFGS-B,1211,3.8334105e-09,0.0045652315,8.068489e-08,5.833006e-05
L-BFGS-B,1212,3.838378e-09,0.0045507606,8.073566e-08,5.8193713e-05
L-BFGS-B,1213,3.836705e-09,0.0045473655,8.07356e-08,5.81595e-05
L-BFGS-B,1214,3.834044e-09,0.0045437384,8.0713356e-08,5.8119494e-05
L-BFGS-B,1215,3.8318295e-09,0.004541115,8.0659156e-08,5.8084795e-05
L-BFGS-B,1216,3.816867e-09,0.004537227,8.062323e-08,5.8038288e-05
L-BFGS-B,1217,3.802027e-09,0.0045326753,8.0557335e-08,5.798066e-05
L-BFGS-B,1218,3.7783354e-09,0.004528508,8.0448864e-08,5.791916e-05
L-BFGS-B,1219,3.7654284e-09,0.0045259106,8.0409706e-08,5.7885376e-05
L-BFGS-B,1220,3.7675956e-09,0.004521762,8.041984e-08,5.7845733e-05
L-BFGS-B,1221,3.76055e-09,0.004516772,8.035918e-08,5.7785677e-05
L-BFGS-B,1222,3.758694e-09,0.00451063,8.032682e-08,5.7719124e-05
L-BFGS-B,1223,3.7631644e-09,0.004494544,8.034607e-08,5.756183e-05
L-BFGS-B,1224,9.1229076e-08,0.09721837,8.190006e-08,0.000998153
L-BFGS-B,1225,3.7767123e-09,0.0045195646,8.018288e-08,5.778958e-05
L-BFGS-B,1226,3.757108e-09,0.0044913013,8.029298e-08,5.7520527e-05
L-BFGS-B,1227,3.7414454e-09,0.0044807387,8.027166e-08,5.740935e-05
L-BFGS-B,1228,3.7223873e-09,0.0044680727,8.023696e-08,5.7274625e-05
L-BFGS-B,1229,3.6984313e-09,0.0044810898,8.015216e-08,5.7388486e-05
L-BFGS-B,1230,3.7037426e-09,0.0044629,8.0204344e-08,5.7215213e-05
L-BFGS-B,1231,3.7162995e-09,0.0044618472,8.0186304e-08,5.7203863e-05
L-BFGS-B,1232,3.7045151e-09,0.004457512,8.0197594e-08,5.7160432e-05
L-BFGS-B,1233,3.7053833e-09,0.00445036,8.016986e-08,5.7084886e-05
L-BFGS-B,1234,4.4153774e-09,0.0051273913,8.044431e-08,6.400287e-05
L-BFGS-B,1235,3.7065984e-09,0.0044493,8.0175006e-08,5.7075238e-05
L-BFGS-B,1236,3.7031873e-09,0.0044437773,8.017398e-08,5.701935e-05
L-BFGS-B,1237,3.701509e-09,0.0044386294,8.021714e-08,5.6974088e-05
L-BFGS-B,1238,3.681927e-09,0.00443267,8.018449e-08,5.690666e-05
L-BFGS-B,1239,3.6749843e-09,0.004429726,8.019562e-08,5.687785e-05
L-BFGS-B,1240,3.674797e-09,0.004426495,8.024538e-08,5.6852976e-05
L-BFGS-B,1241,3.669018e-09,0.0044257715,8.026188e-08,5.6847348e-05
L-BFGS-B,1242,3.6741594e-09,0.004424195,8.026109e-08,5.6832236e-05
L-BFGS-B,1243,3.676916e-09,0.004423575,8.026465e-08,5.6826982e-05
L-BFGS-B,1244,3.6835515e-09,0.004422137,8.027008e-08,5.681441e-05
L-BFGS-B,1245,3.688276e-09,0.004420322,8.02821e-08,5.6798774e-05
L-BFGS-B,1246,3.7143506e-09,0.004434082,8.037849e-08,5.695475e-05
L-BFGS-B,1247,3.6894687e-09,0.0044197408,8.029431e-08,5.6794976e-05
L-BFGS-B,1248,3.72124e-09,0.0044429097,8.0366235e-08,5.7042216e-05
L-BFGS-B,1249,3.690237e-09,0.0044187494,8.0305234e-08,5.6786812e-05
L-BFGS-B,1250,3.691191e-09,0.004416119,8.029635e-08,5.675932e-05
L-BFGS-B,1251,3.6861894e-09,0.004413706,8.0291635e-08,5.6733734e-05
L-BFGS-B,1252,3.6798053e-09,0.004412487,8.027577e-08,5.6718207e-05
L-BFGS-B,1253,3.6741024e-09,0.004412057,8.0274084e-08,5.6712794e-05
L-BFGS-B,1254,3.674526e-09,0.00441114,8.026404e-08,5.6702185e-05
L-BFGS-B,1255,3.6758026e-09,0.0044107484,8.025104e-08,5.6696514e-05
L-BFGS-B,1256,3.6748735e-09,0.0044104336,8.024555e-08,5.6692395e-05
L-BFGS-B,1257,3.6740033e-09,0.0044095763,8.024571e-08,5.668372e-05
L-BFGS-B,1258,3.6739412e-09,0.0044073313,8.02503e-08,5.666195e-05
L-BFGS-B,1259,3.6765193e-09,0.0044024517,8.0267554e-08,5.6616125e-05
L-BFGS-B,1260,3.6824719e-09,0.0043976917,8.029234e-08,5.657314e-05
L-BFGS-B,1261,3.7627146e-09,0.0044513233,8.0285766e-08,5.7120502e-05
L-BFGS-B,1262,3.6852534e-09,0.0043936786,8.029232e-08,5.653342e-05
L-BFGS-B,1263,3.6858143e-09,0.0043880623,8.027983e-08,5.6475466e-05
L-BFGS-B,1264,3.6816388e-09,0.0043825903,8.027842e-08,5.6419907e-05
L-BFGS-B,1265,3.688853e-09,0.0043785097,8.030038e-08,5.6383484e-05
L-BFGS-B,1266,3.685089e-09,0.0043728133,8.0327524e-08,5.633002e-05
L-BFGS-B,1267,3.6799241e-09,0.004368067,8.035987e-08,5.6286633e-05
L-BFGS-B,1268,3.6752277e-09,0.0043652537,8.0340065e-08,5.625483e-05
L-BFGS-B,1269,3.6736418e-09,0.004360355,8.0360486e-08,5.6208664e-05
L-BFGS-B,1270,3.684666e-09,0.004353464,8.04531e-08,5.6155306e-05
L-BFGS-B,1271,3.6842838e-09,0.0043440457,8.046024e-08,5.606213e-05
L-BFGS-B,1272,3.7053922e-09,0.0043462194,8.046053e-08,5.6087083e-05
L-BFGS-B,1273,3.6886525e-09,0.0043395576,8.0460964e-08,5.6018016e-05
L-BFGS-B,1274,3.7143437e-09,0.004338986,8.0553484e-08,5.6030032e-05
L-BFGS-B,1275,3.6929173e-09,0.004329673,8.049939e-08,5.592557e-05
L-BFGS-B,1276,3.691047e-09,0.0043317387,8.0432116e-08,5.593586e-05
L-BFGS-B,1277,3.6836683e-09,0.004321961,8.0458136e-08,5.584088e-05
L-BFGS-B,1278,3.6797432e-09,0.004316681,8.03922e-08,5.57776e-05
L-BFGS-B,1279,3.6877537e-09,0.004309391,8.042794e-08,5.5711265e-05
L-BFGS-B,1280,3.6897023e-09,0.004314268,8.038417e-08,5.575376e-05
L-BFGS-B,1281,3.6835388e-09,0.004306199,8.0410246e-08,5.5676057e-05
L-BFGS-B,1282,3.6688528e-09,0.004303013,8.038154e-08,5.563769e-05
L-BFGS-B,1283,3.6634398e-09,0.004294006,8.037671e-08,5.5546083e-05
L-BFGS-B,1284,3.6689571e-09,0.004291036,8.0407304e-08,5.55218e-05
L-BFGS-B,1285,3.6605479e-09,0.004286287,8.038633e-08,5.54699e-05
L-BFGS-B,1286,3.6531742e-09,0.0042811143,8.027282e-08,5.5400043e-05
L-BFGS-B,1287,3.6301009e-09,0.0042736446,8.0150976e-08,5.5303608e-05
L-BFGS-B,1288,3.6175374e-09,0.004261559,8.016506e-08,5.518298e-05
L-BFGS-B,1289,3.6108958e-09,0.0042544017,8.013363e-08,5.5105695e-05
L-BFGS-B,1290,3.5974048e-09,0.0042435955,8.0099575e-08,5.49905e-05
L-BFGS-B,1291,3.5933407e-09,0.004238006,8.0023156e-08,5.4922537e-05
L-BFGS-B,1292,3.5863827e-09,0.004232005,7.99876e-08,5.485615e-05
L-BFGS-B,1293,3.5770287e-09,0.0042301356,7.992851e-08,5.4827186e-05
L-BFGS-B,1294,3.5763046e-09,0.0042310506,7.987753e-08,5.482858e-05
L-BFGS-B,1295,3.5746568e-09,0.0042284783,7.9903096e-08,5.480644e-05
L-BFGS-B,1296,3.576282e-09,0.0042269216,7.9906464e-08,5.4791624e-05
L-BFGS-B,1297,3.60357e-09,0.0042553595,7.9843346e-08,5.507063e-05
L-BFGS-B,1298,3.5761232e-09,0.004226775,7.990072e-08,5.4789278e-05
L-BFGS-B,1299,3.5720222e-09,0.0042251702,7.9891564e-08,5.477124e-05
L-BFGS-B,1300,3.5647538e-09,0.0042210445,7.9883776e-08,5.4727723e-05
L-BFGS-B,1301,3.5637395e-09,0.0042164093,7.990933e-08,5.468505e-05
L-BFGS-B,1302,3.5622374e-09,0.0042116847,7.996387e-08,5.464576e-05
L-BFGS-B,1303,3.5628818e-09,0.0042071515,7.996404e-08,5.4600554e-05
L-BFGS-B,1304,3.5673184e-09,0.0041990294,7.9963606e-08,5.4519933e-05
L-BFGS-B,1305,3.567074e-09,0.004192622,7.996648e-08,5.445625e-05
L-BFGS-B,1306,3.5658294e-09,0.0041842796,7.9978975e-08,5.4374515e-05
L-BFGS-B,1307,3.573252e-09,0.0041784295,7.9959875e-08,5.431426e-05
L-BFGS-B,1308,3.5683736e-09,0.0041744546,7.999163e-08,5.4278546e-05
L-BFGS-B,1309,3.57429e-09,0.0041828793,7.9947746e-08,5.4357097e-05
L-BFGS-B,1310,3.5667376e-09,0.004173445,7.997969e-08,5.4266413e-05
L-BFGS-B,1311,3.5697327e-09,0.004170746,7.998254e-08,5.42403e-05
L-BFGS-B,1312,3.5790273e-09,0.004167419,7.9999104e-08,5.421091e-05
L-BFGS-B,1313,3.5852645e-09,0.0041652233,8.001493e-08,5.4192256e-05
L-BFGS-B,1314,3.593114e-09,0.0041626473,8.001196e-08,5.4167234e-05
L-BFGS-B,1315,3.6010024e-09,0.0041589183,8.0058385e-08,5.4138087e-05
L-BFGS-B,1316,3.6031313e-09,0.0041557304,8.008552e-08,5.41106e-05
L-BFGS-B,1317,3.5994137e-09,0.0041529797,8.010401e-08,5.4085307e-05
L-BFGS-B,1318,3.5943906e-09,0.0041509997,8.0102716e-08,5.4064563e-05
L-BFGS-B,1319,3.5888728e-09,0.004148921,8.01026e-08,5.404293e-05
L-BFGS-B,1320,3.5891694e-09,0.0041469,8.00816e-08,5.4019616e-05
L-BFGS-B,1321,3.588937e-09,0.004176331,7.998987e-08,5.4300133e-05
L-BFGS-B,1322,3.584738e-09,0.004146365,8.0064986e-08,5.4011107e-05
L-BFGS-B,1323,3.5819998e-09,0.0041444125,8.003731e-08,5.398702e-05
L-BFGS-B,1324,3.5821313e-09,0.004142281,8.0048615e-08,5.396742e-05
L-BFGS-B,1325,3.5849126e-09,0.004140981,8.00559e-08,5.3955933e-05
L-BFGS-B,1326,3.5879835e-09,0.0041393926,8.0058776e-08,5.394094e-05
L-BFGS-B,1327,3.593184e-09,0.004136885,8.009447e-08,5.3922e-05
L-BFGS-B,1328,3.6209022e-09,0.004165123,8.0069064e-08,5.4204727e-05
L-BFGS-B,1329,3.592538e-09,0.0041358466,8.008923e-08,5.3910728e-05
L-BFGS-B,1330,3.590782e-09,0.004133148,8.008436e-08,5.388275e-05
L-BFGS-B,1331,3.5854875e-09,0.004129431,8.007303e-08,5.384309e-05
L-BFGS-B,1332,3.5740622e-09,0.00412546,8.00425e-08,5.3797085e-05
L-BFGS-B,1333,3.5636052e-09,0.004118635,8.005852e-08,5.3729666e-05
L-BFGS-B,1334,3.5539862e-09,0.0041134413,7.9992915e-08,5.366645e-05
L-BFGS-B,1335,3.5656604e-09,0.0041069454,8.007008e-08,5.3614815e-05
L-BFGS-B,1336,3.5610064e-09,0.004094688,8.0058825e-08,5.3489854e-05
L-BFGS-B,1337,3.5626462e-09,0.004072682,8.008693e-08,5.3274256e-05
L-BFGS-B,1338,3.5914127e-09,0.0040789647,8.013426e-08,5.33485e-05
L-BFGS-B,1339,3.5609455e-09,0.004058719,8.0096704e-08,5.313584e-05
L-BFGS-B,1340,3.5760783e-09,0.0040367106,8.011081e-08,5.292014e-05
L-BFGS-B,1341,3.7031538e-09,0.004111779,8.03636e-08,5.3727803e-05
L-BFGS-B,1342,3.5812322e-09,0.0040214,8.0174686e-08,5.277739e-05
L-BFGS-B,1343,3.5913257e-09,0.004009412,8.018713e-08,5.2660886e-05
L-BFGS-B,1344,3.5713303e-09,0.0039878087,8.018201e-08,5.2441086e-05
L-BFGS-B,1345,3.5432723e-09,0.0039760806,8.0089734e-08,5.2305757e-05
L-BFGS-B,1346,3.519386e-09,0.0039614835,8.004192e-08,5.214903e-05
L-BFGS-B,1347,3.510513e-09,0.0039641177,7.999413e-08,5.2166874e-05
L-BFGS-B,1348,3.505971e-09,0.003953119,8.001155e-08,5.2058815e-05
L-BFGS-B,1349,3.6889276e-09,0.0042181932,8.0031036e-08,5.4739925e-05
L-BFGS-B,1350,3.4966894e-09,0.0039495938,8.000588e-08,5.202132e-05
L-BFGS-B,1351,3.4981495e-09,0.003946596,8.003051e-08,5.199526e-05
L-BFGS-B,1352,3.4920338e-09,0.003942512,8.001606e-08,5.195133e-05
L-BFGS-B,1353,3.480908e-09,0.0039319997,8.0010594e-08,5.1843723e-05
L-BFGS-B,1354,3.5410554e-09,0.003995949,7.991945e-08,5.247857e-05
L-BFGS-B,1355,3.4790038e-09,0.003930416,7.999695e-08,5.182555e-05
L-BFGS-B,1356,3.4902556e-09,0.003931552,8.0010736e-08,5.1840667e-05
L-BFGS-B,1357,3.4804157e-09,0.00392688,8.000129e-08,5.1791056e-05
L-BFGS-B,1358,3.4733663e-09,0.0039236527,8.000642e-08,5.1758496e-05
L-BFGS-B,1359,3.4700285e-09,0.003929468,7.994305e-08,5.180664e-05
L-BFGS-B,1360,3.4691534e-09,0.0039223405,7.9984694e-08,5.174148e-05
L-BFGS-B,1361,3.46702e-09,0.003920176,7.9984446e-08,5.171948e-05
L-BFGS-B,1362,3.463803e-09,0.003917132,7.996993e-08,5.1686377e-05
L-BFGS-B,1363,3.458182e-09,0.003911554,7.9970434e-08,5.162983e-05
L-BFGS-B,1364,3.455125e-09,0.0039018474,8.000282e-08,5.1537165e-05
L-BFGS-B,1365,3.46537e-09,0.003913914,8.0050114e-08,5.166646e-05
L-BFGS-B,1366,3.4504075e-09,0.0038973433,8.001306e-08,5.149295e-05
L-BFGS-B,1367,3.4554608e-09,0.0038875525,8.0104805e-08,5.1409563e-05
L-BFGS-B,1368,3.4600975e-09,0.003886183,8.009206e-08,5.139465e-05
L-BFGS-B,1369,3.4442083e-09,0.0038742232,8.0116635e-08,5.1276358e-05
L-BFGS-B,1370,3.4387055e-09,0.0038686416,8.013921e-08,5.1223105e-05
L-BFGS-B,1371,3.4317595e-09,0.0038610506,8.0182694e-08,5.1152674e-05
L-BFGS-B,1372,3.4385799e-09,0.0038637724,8.0243716e-08,5.1190065e-05
L-BFGS-B,1373,3.4301781e-09,0.003857761,8.020774e-08,5.1123294e-05
L-BFGS-B,1374,3.4268093e-09,0.0038542903,8.0217234e-08,5.1089508e-05
L-BFGS-B,1375,3.422502e-09,0.0038457864,8.027428e-08,5.1012383e-05
L-BFGS-B,1376,3.4236056e-09,0.0038395403,8.027986e-08,5.0950923e-05
L-BFGS-B,1377,3.4092023e-09,0.0038240387,8.03032e-08,5.0797244e-05
L-BFGS-B,1378,3.4069954e-09,0.0038123266,8.037049e-08,5.0689887e-05
L-BFGS-B,1379,3.4129084e-09,0.003824604,8.030212e-08,5.0803294e-05
L-BFGS-B,1380,3.3861698e-09,0.0037923276,8.033937e-08,5.0482104e-05
L-BFGS-B,1381,3.378083e-09,0.003783928,8.03186e-08,5.039378e-05
L-BFGS-B,1382,3.3676981e-09,0.0037772255,8.021154e-08,5.030914e-05
L-BFGS-B,1383,3.3624528e-09,0.0037704322,8.021286e-08,5.024062e-05
L-BFGS-B,1384,3.3707428e-09,0.003767289,8.029311e-08,5.0222465e-05
L-BFGS-B,1385,3.3604362e-09,0.0037606915,8.024218e-08,5.0147304e-05
L-BFGS-B,1386,3.3561598e-09,0.0037544388,8.02207e-08,5.008092e-05
L-BFGS-B,1387,3.3540328e-09,0.0037457088,8.0223195e-08,4.9993672e-05
L-BFGS-B,1388,3.3506922e-09,0.003741156,8.023729e-08,4.994976e-05
L-BFGS-B,1389,3.3527043e-09,0.0037350187,8.0288444e-08,4.989636e-05
L-BFGS-B,1390,3.3516794e-09,0.003730354,8.0312105e-08,4.98531e-05
L-BFGS-B,1391,3.3507854e-09,0.0037190176,8.039918e-08,4.9752674e-05
L-BFGS-B,1392,3.3501568e-09,0.0037110117,8.048028e-08,4.9684684e-05
L-BFGS-B,1393,3.346139e-09,0.003701964,8.052215e-08,4.9599883e-05
L-BFGS-B,1394,3.344929e-09,0.003696088,8.053352e-08,4.9542647e-05
L-BFGS-B,1395,3.342674e-09,0.0036912218,8.048164e-08,4.9485865e-05
L-BFGS-B,1396,3.3469567e-09,0.0036905569,8.041514e-08,4.9469883e-05
L-BFGS-B,1397,3.3428655e-09,0.0036833857,8.046185e-08,4.9404563e-05
L-BFGS-B,1398,3.3467062e-09,0.0036796432,8.051611e-08,4.9375853e-05
L-BFGS-B,1399,3.3469907e-09,0.00367567,8.053567e-08,4.9339098e-05
L-BFGS-B,1400,3.347086e-09,0.0036698533,8.05625e-08,4.9284972e-05
L-BFGS-B,1401,3.3448047e-09,0.003662361,8.058684e-08,4.9213355e-05
L-BFGS-B,1402,3.349973e-09,0.0036602167,8.0703145e-08,4.9210135e-05
L-BFGS-B,1403,3.3435972e-09,0.0036580218,8.062949e-08,4.9176182e-05
L-BFGS-B,1404,3.3385943e-09,0.0036501049,8.069341e-08,4.9105853e-05
L-BFGS-B,1405,3.3382062e-09,0.0036478618,8.0758525e-08,4.9093127e-05
L-BFGS-B,1406,3.3349206e-09,0.0036454308,8.072376e-08,4.906311e-05
L-BFGS-B,1407,3.328483e-09,0.0036426818,8.0712724e-08,4.9033e-05
L-BFGS-B,1408,3.3363639e-09,0.0036374514,8.081326e-08,4.8996957e-05
L-BFGS-B,1409,3.326974e-09,0.0036277082,8.0892114e-08,4.8909944e-05
L-BFGS-B,1410,3.316283e-09,0.003621037,8.084139e-08,4.883402e-05
L-BFGS-B,1411,3.3101315e-09,0.0036081055,8.08757e-08,4.8708927e-05
L-BFGS-B,1412,3.3289378e-09,0.003611138,8.098955e-08,4.8759157e-05
L-BFGS-B,1413,3.308716e-09,0.0035991012,8.092468e-08,4.862602e-05
L-BFGS-B,1414,3.3064664e-09,0.00359503,8.090613e-08,4.8582187e-05
L-BFGS-B,1415,3.306928e-09,0.003592224,8.09984e-08,4.8568036e-05
L-BFGS-B,1416,3.307359e-09,0.0035905964,8.095772e-08,4.8545724e-05
L-BFGS-B,1417,3.3059269e-09,0.0035892155,8.0970224e-08,4.8533577e-05
L-BFGS-B,1418,3.30742e-09,0.0035877286,8.0993985e-08,4.8522495e-05
L-BFGS-B,1419,3.313981e-09,0.003585083,8.105738e-08,4.8506532e-05
L-BFGS-B,1420,3.4060348e-09,0.0036758843,8.110261e-08,4.943514e-05
L-BFGS-B,1421,3.3136405e-09,0.0035845414,8.105999e-08,4.8501457e-05
L-BFGS-B,1422,3.3162446e-09,0.003582581,8.1077104e-08,4.848481e-05
L-BFGS-B,1423,3.3390786e-09,0.0035839246,8.11409e-08,4.8511243e-05
L-BFGS-B,1424,3.3224523e-09,0.003580651,8.1100794e-08,4.8469992e-05
L-BFGS-B,1425,3.61432e-09,0.0038295197,8.125442e-08,5.102551e-05
L-BFGS-B,1426,3.3244698e-09,0.003579808,8.1102435e-08,4.8462112e-05
L-BFGS-B,1427,4.110269e-09,0.004331035,8.2517076e-08,5.630445e-05
L-BFGS-B,1428,3.3250391e-09,0.0035786855,8.113557e-08,4.8455942e-05
L-BFGS-B,1429,3.3263055e-09,0.0035752933,8.118692e-08,4.8429916e-05
L-BFGS-B,1430,3.3244538e-09,0.00357102,8.123132e-08,4.8393566e-05
L-BFGS-B,1431,3.3191192e-09,0.003566039,8.128314e-08,4.835073e-05
L-BFGS-B,1432,3.3147127e-09,0.003560722,8.1345476e-08,4.8306247e-05
L-BFGS-B,1433,3.310785e-09,0.003565195,8.1249624e-08,4.833601e-05
L-BFGS-B,1434,3.3090168e-09,0.0035582625,8.1303135e-08,4.8274444e-05
L-BFGS-B,1435,3.3042147e-09,0.0035540168,8.135664e-08,4.8239293e-05
L-BFGS-B,1436,3.3084129e-09,0.0035519025,8.1392336e-08,4.8224134e-05
L-BFGS-B,1437,3.3002279e-09,0.0035477027,8.133755e-08,4.8172693e-05
L-BFGS-B,1438,3.3030287e-09,0.0035457306,8.136263e-08,4.815715e-05
L-BFGS-B,1439,3.3032275e-09,0.0035437718,8.1370175e-08,4.8138732e-05
L-BFGS-B,1440,3.3026262e-09,0.003542296,8.138222e-08,4.8125687e-05
L-BFGS-B,1441,3.3089058e-09,0.0035447194,8.1382666e-08,4.8150927e-05
L-BFGS-B,1442,3.303253e-09,0.0035421092,8.138225e-08,4.8123915e-05
L-BFGS-B,1443,3.302224e-09,0.0035411217,8.137677e-08,4.8113063e-05
L-BFGS-B,1444,3.2996725e-09,0.0035385382,8.136474e-08,4.8085043e-05
L-BFGS-B,1445,3.3180028e-09,0.003550453,8.13276e-08,4.820137e-05
L-BFGS-B,1446,3.3004068e-09,0.003538017,8.135785e-08,4.8078906e-05
L-BFGS-B,1447,3.2973597e-09,0.0035354393,8.134525e-08,4.8050784e-05
L-BFGS-B,1448,3.2971597e-09,0.0035329813,8.134089e-08,4.802552e-05
L-BFGS-B,1449,3.2968317e-09,0.003533415,8.135726e-08,4.8032263e-05
L-BFGS-B,1450,3.2962215e-09,0.0035321503,8.134699e-08,4.8017988e-05
L-BFGS-B,1451,3.297684e-09,0.0035308544,8.134542e-08,4.8005008e-05
L-BFGS-B,1452,3.2975522e-09,0.003530193,8.1354415e-08,4.7999725e-05
L-BFGS-B,1453,3.295637e-09,0.003529346,8.133898e-08,4.798865e-05
L-BFGS-B,1454,3.2941434e-09,0.003527963,8.133583e-08,4.7974125e-05
L-BFGS-B,1455,3.2932073e-09,0.0035256036,8.131808e-08,4.7947724e-05
L-BFGS-B,1456,3.294717e-09,0.0035240578,8.130261e-08,4.7930178e-05
L-BFGS-B,1457,3.2954366e-09,0.0035231875,8.129108e-08,4.791985e-05
L-BFGS-B,1458,3.2975374e-09,0.0035222769,8.1289215e-08,4.7910784e-05
L-BFGS-B,1459,3.4186878e-09,0.0036391956,8.176453e-08,4.9169437e-05
L-BFGS-B,1460,3.2976297e-09,0.0035220508,8.129961e-08,4.7910093e-05
L-BFGS-B,1461,3.2964487e-09,0.0035217674,8.1297074e-08,4.7906702e-05
L-BFGS-B,1462,3.2961465e-09,0.003521383,8.1303256e-08,4.790374e-05
L-BFGS-B,1463,3.29351e-09,0.0035216718,8.1308585e-08,4.790703e-05
L-BFGS-B,1464,3.2947283e-09,0.0035211106,8.130528e-08,4.7901107e-05
L-BFGS-B,1465,3.2933778e-09,0.0035208177,8.129448e-08,4.7896356e-05
L-BFGS-B,1466,3.291677e-09,0.0035205432,8.12749e-08,4.7890415e-05
L-BFGS-B,1467,3.2904408e-09,0.0035199586,8.126021e-08,4.7882182e-05
L-BFGS-B,1468,3.325249e-09,0.003553989,8.121683e-08,4.8221205e-05
L-BFGS-B,1469,3.2905267e-09,0.0035198356,8.1256616e-08,4.7880425e-05
L-BFGS-B,1470,3.2875827e-09,0.0035177022,8.122589e-08,4.7854046e-05
L-BFGS-B,1471,3.2835437e-09,0.0035148603,8.11813e-08,4.781833e-05
L-BFGS-B,1472,3.2839123e-09,0.0035097906,8.115917e-08,4.776437e-05
L-BFGS-B,1473,3.3004037e-09,0.0035095457,8.117388e-08,4.77666e-05
L-BFGS-B,1474,3.2889005e-09,0.0035061042,8.1168416e-08,4.772964e-05
L-BFGS-B,1475,3.290203e-09,0.003498227,8.125064e-08,4.7663398e-05
L-BFGS-B,1476,3.289495e-09,0.003493827,8.1262456e-08,4.7621063e-05
L-BFGS-B,1477,3.2874388e-09,0.00348732,8.128399e-08,4.7558915e-05
L-BFGS-B,1478,3.2955627e-09,0.003480737,8.128262e-08,4.7494097e-05
L-BFGS-B,1479,3.2915295e-09,0.0034690227,8.12618e-08,4.7373225e-05
L-BFGS-B,1480,3.3051073e-09,0.003478668,8.108579e-08,4.744531e-05
L-BFGS-B,1481,3.2890046e-09,0.0034647794,8.11913e-08,4.7319838e-05
L-BFGS-B,1482,3.286478e-09,0.0034591565,8.118079e-08,4.7261656e-05
L-BFGS-B,1483,3.4525378e-09,0.0036751404,8.12279e-08,4.945347e-05
L-BFGS-B,1484,3.2826892e-09,0.003457978,8.118473e-08,4.724989e-05
L-BFGS-B,1485,3.2760274e-09,0.003469042,8.111057e-08,4.734841e-05
L-BFGS-B,1486,3.2740308e-09,0.0034550843,8.1159904e-08,4.7215934e-05
L-BFGS-B,1487,3.269455e-09,0.0034510314,8.1158994e-08,4.717458e-05
L-BFGS-B,1488,3.2649603e-09,0.0034466074,8.117887e-08,4.713265e-05
L-BFGS-B,1489,3.263355e-09,0.0034410588,8.1198245e-08,4.7079826e-05
L-BFGS-B,1490,3.2543004e-09,0.0034364224,8.119573e-08,4.7031728e-05
L-BFGS-B,1491,3.2526197e-09,0.0034328918,8.1189064e-08,4.699517e-05
L-BFGS-B,1492,3.2511895e-09,0.0034296666,8.118541e-08,4.696216e-05
L-BFGS-B,1493,3.2517593e-09,0.0034276138,8.1180495e-08,4.694098e-05
L-BFGS-B,1494,3.2512677e-09,0.0034246054,8.123677e-08,4.6919256e-05
L-BFGS-B,1495,3.2521639e-09,0.0034227676,8.127898e-08,4.690735e-05
L-BFGS-B,1496,3.2480454e-09,0.0034216377,8.1303476e-08,4.6899106e-05
L-BFGS-B,1497,3.2499534e-09,0.0034214589,8.130839e-08,4.6898338e-05
L-BFGS-B,1498,3.2486616e-09,0.003421119,8.1306005e-08,4.689439e-05
L-BFGS-B,1499,3.2481278e-09,0.003420481,8.132544e-08,4.6890844e-05
L-BFGS-B,1500,3.2471614e-09,0.0034224107,8.130554e-08,4.690701e-05
L-BFGS-B,1501,3.2467564e-09,0.0034200668,8.131863e-08,4.6885474e-05
L-BFGS-B,1502,3.26052e-09,0.003433909,8.1283446e-08,4.7020687e-05
L-BFGS-B,1503,3.2466618e-09,0.003419976,8.1315044e-08,4.688401e-05
L-BFGS-B,1504,3.2545415e-09,0.0034185702,8.132401e-08,4.6872483e-05
L-BFGS-B,1505,3.2562706e-09,0.0034184922,8.132521e-08,4.687214e-05
L-BFGS-B,1506,3.2546383e-09,0.003417744,8.132446e-08,4.6864305e-05
L-BFGS-B,1507,3.2533631e-09,0.003415408,8.135809e-08,4.68458e-05
L-BFGS-B,1508,3.2567802e-09,0.0034131594,8.139443e-08,4.682928e-05
L-BFGS-B,1509,3.2656429e-09,0.0034107235,8.1423536e-08,4.6810612e-05
L-BFGS-B,1510,3.2712326e-09,0.0034110933,8.141035e-08,4.681317e-05
L-BFGS-B,1511,3.2675387e-09,0.0034101284,8.1417035e-08,4.6803965e-05
L-BFGS-B,1512,3.2750507e-09,0.0034093983,8.141657e-08,4.6797722e-05
L-BFGS-B,1513,3.272449e-09,0.0034085328,8.141214e-08,4.6788016e-05
L-BFGS-B,1514,3.2720735e-09,0.0034076124,8.140388e-08,4.6777517e-05
L-BFGS-B,1515,3.2719396e-09,0.0034068245,8.138598e-08,4.6766934e-05
L-BFGS-B,1516,3.2661338e-09,0.003412875,8.141867e-08,4.683147e-05
L-BFGS-B,1517,3.2702678e-09,0.003406635,8.138999e-08,4.6765388e-05
L-BFGS-B,1518,3.2876526e-09,0.003413573,8.132149e-08,4.68271e-05
L-BFGS-B,1519,3.2725547e-09,0.0034062718,8.1374296e-08,4.6759742e-05
L-BFGS-B,1520,3.2731222e-09,0.003406369,8.131498e-08,4.6751902e-05
L-BFGS-B,1521,3.2732423e-09,0.0034059982,8.130596e-08,4.674686e-05
L-BFGS-B,1522,3.270439e-09,0.0034054145,8.131372e-08,4.674177e-05
L-BFGS-B,1523,3.2661753e-09,0.0034046457,8.1314525e-08,4.6733563e-05
L-BFGS-B,1524,3.2595013e-09,0.0034037323,8.1314276e-08,4.672339e-05
L-BFGS-B,1525,3.2551053e-09,0.003402817,8.129635e-08,4.6710884e-05
L-BFGS-B,1526,3.2482157e-09,0.003400926,8.127169e-08,4.6687244e-05
L-BFGS-B,1527,3.287518e-09,0.0034476314,8.1029825e-08,4.7123915e-05
L-BFGS-B,1528,3.2474212e-09,0.0034009137,8.124913e-08,4.668362e-05
L-BFGS-B,1529,3.2395686e-09,0.0033989425,8.121311e-08,4.6657326e-05
L-BFGS-B,1530,3.2362897e-09,0.0033963558,8.112691e-08,4.6618035e-05
L-BFGS-B,1531,3.2271084e-09,0.0034009013,8.1070894e-08,4.6653713e-05
L-BFGS-B,1532,3.229478e-09,0.003394538,8.110179e-08,4.6595072e-05
L-BFGS-B,1533,3.2246708e-09,0.0033895986,8.105752e-08,4.6538313e-05
L-BFGS-B,1534,3.220454e-09,0.0033807934,8.098629e-08,4.6438945e-05
L-BFGS-B,1535,3.2096015e-09,0.0033696012,8.086043e-08,4.6306515e-05
L-BFGS-B,1536,3.2025687e-09,0.003361055,8.0743064e-08,4.6202393e-05
L-BFGS-B,1537,4.4881223e-09,0.004800599,8.089854e-08,6.081399e-05
L-BFGS-B,1538,3.1918819e-09,0.0033545138,8.073201e-08,4.6133722e-05
L-BFGS-B,1539,3.1642482e-09,0.0033337104,8.066102e-08,4.5910892e-05
L-BFGS-B,1540,3.1576564e-09,0.0033294952,8.0744876e-08,4.588033e-05
L-BFGS-B,1541,3.1317067e-09,0.0033061365,8.064566e-08,4.5627974e-05
L-BFGS-B,1542,3.1229117e-09,0.0033004852,8.06205e-08,4.556636e-05
L-BFGS-B,1543,3.1209133e-09,0.0032957077,8.054126e-08,4.5506404e-05
L-BFGS-B,1544,3.1129679e-09,0.0032844064,8.065001e-08,4.540851e-05
L-BFGS-B,1545,3.101891e-09,0.0032758762,8.069907e-08,4.5328903e-05
L-BFGS-B,1546,3.0987195e-09,0.0032767328,8.066591e-08,4.5332017e-05
L-BFGS-B,1547,3.0970828e-09,0.0032729884,8.0681325e-08,4.5296645e-05
L-BFGS-B,1548,3.0911522e-09,0.0032695546,8.0642714e-08,4.5255623e-05
L-BFGS-B,1549,3.0861298e-09,0.0032640423,8.06372e-08,4.519892e-05
L-BFGS-B,1550,3.0713825e-09,0.0032540276,8.061057e-08,4.509257e-05
L-BFGS-B,1551,3.0595835e-09,0.003247589,8.05132e-08,4.501181e-05
L-BFGS-B,1552,3.050862e-09,0.0032464184,8.0457056e-08,4.499037e-05
L-BFGS-B,1553,3.0386953e-09,0.0032413532,8.041416e-08,4.493146e-05
L-BFGS-B,1554,3.035906e-09,0.0032388035,8.0372686e-08,4.4899323e-05
L-BFGS-B,1555,3.035338e-09,0.0032369392,8.034235e-08,4.4876047e-05
L-BFGS-B,1556,3.0283773e-09,0.0032322297,8.037781e-08,4.483322e-05
L-BFGS-B,1557,3.0205833e-09,0.003228728,8.036522e-08,4.4795153e-05
L-BFGS-B,1558,3.0142058e-09,0.003226494,8.032375e-08,4.4765635e-05
L-BFGS-B,1559,3.048071e-09,0.00326987,8.022658e-08,4.5189896e-05
L-BFGS-B,1560,3.0132994e-09,0.0032262506,8.031348e-08,4.476152e-05
L-BFGS-B,1561,3.024267e-09,0.0032276562,8.032421e-08,4.4778837e-05
L-BFGS-B,1562,3.0156588e-09,0.0032245899,8.031715e-08,4.4745822e-05
L-BFGS-B,1563,3.0136917e-09,0.0032231132,8.028754e-08,4.472632e-05
L-BFGS-B,1564,3.0123897e-09,0.0032214907,8.0273665e-08,4.4707813e-05
L-BFGS-B,1565,3.0124507e-09,0.00321882,8.028343e-08,4.468258e-05
L-BFGS-B,1566,3.0066714e-09,0.003236143,8.015018e-08,4.4834956e-05
L-BFGS-B,1567,3.0057656e-09,0.0032172415,8.02429e-08,4.4659715e-05
L-BFGS-B,1568,3.0050098e-09,0.0032128517,8.0230045e-08,4.4613775e-05
L-BFGS-B,1569,3.000608e-09,0.0032082375,8.023337e-08,4.456747e-05
L-BFGS-B,1570,3.0069045e-09,0.0032043827,8.0245464e-08,4.4531684e-05
L-BFGS-B,1571,2.9957816e-09,0.0032028593,8.021469e-08,4.451016e-05
L-BFGS-B,1572,2.9921718e-09,0.0031987547,8.019915e-08,4.4466244e-05
L-BFGS-B,1573,2.9892748e-09,0.0031918946,8.021277e-08,4.4399254e-05
L-BFGS-B,1574,2.9846008e-09,0.0031892555,8.015187e-08,4.4363027e-05
L-BFGS-B,1575,2.9806007e-09,0.003186348,8.00872e-08,4.4323646e-05
L-BFGS-B,1576,2.9718212e-09,0.0031759238,8.0092605e-08,4.42189e-05
L-BFGS-B,1577,2.9651253e-09,0.003164797,8.0095575e-08,4.4107073e-05
L-BFGS-B,1578,2.9393321e-09,0.0031521085,8.0019e-08,4.3964836e-05
L-BFGS-B,1579,2.913165e-09,0.0031319815,7.984334e-08,4.3733293e-05
L-BFGS-B,1580,3.0017293e-09,0.0032621883,7.982321e-08,4.504562e-05
L-BFGS-B,1581,2.9015434e-09,0.0031265852,7.983363e-08,4.367613e-05
L-BFGS-B,1582,2.8990068e-09,0.0031224552,7.9842465e-08,4.3635773e-05
L-BFGS-B,1583,2.8984213e-09,0.0031230056,7.989087e-08,4.3648448e-05
L-BFGS-B,1584,2.8926066e-09,0.0031159227,7.9864996e-08,4.3572865e-05
L-BFGS-B,1585,2.8953469e-09,0.00312114,7.987355e-08,4.3626733e-05
L-BFGS-B,1586,2.8871396e-09,0.0031108183,7.986831e-08,4.35215e-05
L-BFGS-B,1587,2.8832463e-09,0.003103784,7.984531e-08,4.3447122e-05
L-BFGS-B,1588,2.8794365e-09,0.0030912664,7.986505e-08,4.3324337e-05
L-BFGS-B,1589,2.8722107e-09,0.0030805275,7.986035e-08,4.3215157e-05
L-BFGS-B,1590,2.8600644e-09,0.0030647875,7.985801e-08,4.305558e-05
L-BFGS-B,1591,2.8629432e-09,0.003052836,7.989978e-08,4.2942767e-05
L-BFGS-B,1592,2.8653515e-09,0.0030487606,7.990877e-08,4.2903725e-05
L-BFGS-B,1593,2.8713247e-09,0.003047319,7.9882135e-08,4.2886208e-05
L-BFGS-B,1594,2.8708316e-09,0.0030450418,7.9913164e-08,4.2868014e-05
L-BFGS-B,1595,2.8672245e-09,0.0030393898,7.9923325e-08,4.2812484e-05
L-BFGS-B,1596,3.0551488e-09,0.0032230641,7.976612e-08,4.4653832e-05
L-BFGS-B,1597,2.8667786e-09,0.0030367596,7.990436e-08,4.2783264e-05
L-BFGS-B,1598,2.8632088e-09,0.003033393,7.987342e-08,4.2744425e-05
L-BFGS-B,1599,2.8704796e-09,0.0030300757,7.984315e-08,4.2707798e-05
L-BFGS-B,1600,2.8715719e-09,0.0030283157,7.9850224e-08,4.2691427e-05
L-BFGS-B,1601,2.87198e-09,0.0030275774,7.98585e-08,4.2685348e-05
L-BFGS-B,1602,2.874256e-09,0.003027006,7.984223e-08,4.2677533e-05
L-BFGS-B,1603,2.8725466e-09,0.003025847,7.983096e-08,4.2663996e-05
L-BFGS-B,1604,2.8714437e-09,0.0030246354,7.9812786e-08,4.2648986e-05
L-BFGS-B,1605,2.8721696e-09,0.0030234975,7.980385e-08,4.2636377e-05
L-BFGS-B,1606,2.874902e-09,0.0030219248,7.9803904e-08,4.2621068e-05
L-BFGS-B,1607,2.8806562e-09,0.0030200924,7.982603e-08,4.2606927e-05
L-BFGS-B,1608,2.8813423e-09,0.0030186917,7.9841016e-08,4.259527e-05
L-BFGS-B,1609,2.8787426e-09,0.003017536,7.9837115e-08,4.258274e-05
L-BFGS-B,1610,2.86664e-09,0.0030123438,7.983578e-08,4.25288e-05
L-BFGS-B,1611,2.8561065e-09,0.0030082813,7.9831246e-08,4.2485914e-05
L-BFGS-B,1612,2.8349407e-09,0.0030109477,7.968489e-08,4.248745e-05
L-BFGS-B,1613,2.8432823e-09,0.0030070774,7.975775e-08,4.2460928e-05
L-BFGS-B,1614,2.8366016e-09,0.003001967,7.9769165e-08,4.2410535e-05
L-BFGS-B,1615,2.8422174e-09,0.0030034217,7.973924e-08,4.2421434e-05
L-BFGS-B,1616,2.8343612e-09,0.0029972976,7.9751636e-08,4.2360873e-05
L-BFGS-B,1617,2.8271547e-09,0.0029890125,7.969835e-08,4.226895e-05
L-BFGS-B,1618,2.8300318e-09,0.0029839152,7.9675814e-08,4.221503e-05
L-BFGS-B,1619,2.8367444e-09,0.0029892838,7.961345e-08,4.2260366e-05
L-BFGS-B,1620,2.824118e-09,0.002977374,7.9646895e-08,4.214439e-05
L-BFGS-B,1621,2.813151e-09,0.002971229,7.963214e-08,4.2079082e-05
L-BFGS-B,1622,2.7979117e-09,0.0029659853,7.958914e-08,4.201791e-05
L-BFGS-B,1623,2.7907914e-09,0.0029628898,7.9547235e-08,4.19796e-05
L-BFGS-B,1624,2.790058e-09,0.002958107,7.9519936e-08,4.1927568e-05
L-BFGS-B,1625,2.7895883e-09,0.002952155,7.946997e-08,4.1860483e-05
L-BFGS-B,1626,2.8006073e-09,0.0029488462,7.9343934e-08,4.1810144e-05
L-BFGS-B,1627,2.7951528e-09,0.002949801,7.9347735e-08,4.1819443e-05
L-BFGS-B,1628,2.792236e-09,0.0029427952,7.9341945e-08,4.1748077e-05
L-BFGS-B,1629,2.7882971e-09,0.0029384054,7.9386304e-08,4.1710242e-05
L-BFGS-B,1630,2.784842e-09,0.002935571,7.938416e-08,4.1681058e-05
L-BFGS-B,1631,2.783858e-09,0.0029330465,7.9377756e-08,4.165471e-05
L-BFGS-B,1632,2.7828442e-09,0.0029291555,7.938119e-08,4.161616e-05
L-BFGS-B,1633,2.7825042e-09,0.0029245887,7.939933e-08,4.1573163e-05
L-BFGS-B,1634,2.7837614e-09,0.002923602,7.94126e-08,4.1565472e-05
L-BFGS-B,1635,2.781641e-09,0.0029222523,7.9404025e-08,4.155037e-05
L-BFGS-B,1636,2.785144e-09,0.0029207494,7.942349e-08,4.1538788e-05
L-BFGS-B,1637,2.7819063e-09,0.0029197007,7.940836e-08,4.1525545e-05
L-BFGS-B,1638,2.7811686e-09,0.0029192027,7.940238e-08,4.151956e-05
L-BFGS-B,1639,2.7788616e-09,0.0029170539,7.940588e-08,4.149825e-05
L-BFGS-B,1640,2.780126e-09,0.002915073,7.9353434e-08,4.1470765e-05
L-BFGS-B,1641,2.7792875e-09,0.0029114636,7.9387206e-08,4.143961e-05
L-BFGS-B,1642,2.7803069e-09,0.0029089542,7.940017e-08,4.1416613e-05
L-BFGS-B,1643,2.780814e-09,0.0029074186,7.938381e-08,4.139888e-05
L-BFGS-B,1644,2.7811855e-09,0.002905612,7.937502e-08,4.137955e-05
L-BFGS-B,1645,2.7800569e-09,0.00290334,7.9364774e-08,4.1355124e-05
L-BFGS-B,1646,2.7780855e-09,0.0028997955,7.936445e-08,4.1319334e-05
L-BFGS-B,1647,3.267365e-09,0.003381606,7.980334e-08,4.6276662e-05
L-BFGS-B,1648,2.778341e-09,0.0028995608,7.9370174e-08,4.1317886e-05
L-BFGS-B,1649,2.7771785e-09,0.0028979992,7.937541e-08,4.130288e-05
L-BFGS-B,1650,2.776902e-09,0.0028954842,7.940156e-08,4.128161e-05
L-BFGS-B,1651,2.7778684e-09,0.0028930958,7.942503e-08,4.126139e-05
L-BFGS-B,1652,2.7797697e-09,0.0028888532,7.947805e-08,4.1227206e-05
L-BFGS-B,1653,2.7829625e-09,0.0028824008,7.954809e-08,4.1173662e-05
L-BFGS-B,1654,2.7869558e-09,0.0028755472,7.961692e-08,4.111605e-05
L-BFGS-B,1655,2.7909155e-09,0.002873576,7.962205e-08,4.1097705e-05
L-BFGS-B,1656,2.7797795e-09,0.0028677806,7.958725e-08,4.1032858e-05
L-BFGS-B,1657,2.7754155e-09,0.0028655874,7.963399e-08,4.1017283e-05
L-BFGS-B,1658,2.7705978e-09,0.002861285,7.959409e-08,4.0967552e-05
L-BFGS-B,1659,2.7711147e-09,0.0028579282,7.960745e-08,4.0936065e-05
L-BFGS-B,1660,2.7672147e-09,0.0028526455,7.959617e-08,4.088096e-05
L-BFGS-B,1661,2.7777225e-09,0.0028471255,7.970986e-08,4.0844392e-05
L-BFGS-B,1662,2.7775982e-09,0.0028554818,7.967783e-08,4.0923132e-05
L-BFGS-B,1663,2.7717164e-09,0.0028437346,7.9697806e-08,4.0807776e-05
L-BFGS-B,1664,2.7714009e-09,0.0028504662,7.963949e-08,4.0866296e-05
L-BFGS-B,1665,2.7671165e-09,0.0028410517,7.967546e-08,4.0776904e-05
L-BFGS-B,1666,2.7578217e-09,0.0028375161,7.9608185e-08,4.073006e-05
L-BFGS-B,1667,2.7469573e-09,0.0028325,7.960893e-08,4.067838e-05
L-BFGS-B,1668,2.7379217e-09,0.0028247267,7.967965e-08,4.0609902e-05
L-BFGS-B,1669,2.7381852e-09,0.002822214,7.966585e-08,4.0582745e-05
L-BFGS-B,1670,2.7325464e-09,0.0028175337,7.964753e-08,4.0532348e-05
L-BFGS-B,1671,2.7288183e-09,0.0028133164,7.9645616e-08,4.048933e-05
L-BFGS-B,1672,2.7272347e-09,0.0028092363,7.965486e-08,4.0449675e-05
L-BFGS-B,1673,2.7265055e-09,0.0028076775,7.962973e-08,4.043021e-05
L-BFGS-B,1674,2.7236653e-09,0.002805018,7.964122e-08,4.0404913e-05
L-BFGS-B,1675,2.721914e-09,0.002802159,7.9635136e-08,4.0375147e-05
L-BFGS-B,1676,2.7239226e-09,0.002800193,7.964568e-08,4.035737e-05
L-BFGS-B,1677,2.726128e-09,0.0027979722,7.9659834e-08,4.0337614e-05
L-BFGS-B,1678,2.7366052e-09,0.0027992344,7.9710304e-08,4.035938e-05
L-BFGS-B,1679,2.728191e-09,0.002797195,7.9675e-08,4.033243e-05
L-BFGS-B,1680,2.732195e-09,0.0027987247,7.9664424e-08,4.034674e-05
L-BFGS-B,1681,2.7281462e-09,0.002796136,7.966962e-08,4.0321025e-05
L-BFGS-B,1682,2.7270095e-09,0.0027954087,7.967572e-08,4.0314495e-05
L-BFGS-B,1683,2.726467e-09,0.0027946457,7.968166e-08,4.0307677e-05
L-BFGS-B,1684,2.7269207e-09,0.002793847,7.968847e-08,4.0300776e-05
L-BFGS-B,1685,2.7282538e-09,0.0027929717,7.969544e-08,4.029327e-05
L-BFGS-B,1686,2.8490355e-09,0.0028822757,7.95722e-08,4.1185944e-05
L-BFGS-B,1687,2.7293703e-09,0.0027929486,7.969025e-08,4.0292427e-05
L-BFGS-B,1688,2.732604e-09,0.002792016,7.968442e-08,4.0282714e-05
L-BFGS-B,1689,2.7350788e-09,0.0027916783,7.9681776e-08,4.027931e-05
L-BFGS-B,1690,2.7305398e-09,0.0027899481,7.965118e-08,4.025674e-05
L-BFGS-B,1691,2.7263405e-09,0.002788684,7.960575e-08,4.0236653e-05
L-BFGS-B,1692,2.7233942e-09,0.0027879032,7.955551e-08,4.0220868e-05
L-BFGS-B,1693,2.7197984e-09,0.0027864436,7.953467e-08,4.0202605e-05
L-BFGS-B,1694,2.718108e-09,0.0027852263,7.9513015e-08,4.018693e-05
L-BFGS-B,1695,2.7169893e-09,0.0027841453,7.9528036e-08,4.0178205e-05
L-BFGS-B,1696,2.715309e-09,0.0027819322,7.9525456e-08,4.015544e-05
L-BFGS-B,1697,2.713457e-09,0.0027797103,7.951796e-08,4.0131818e-05
L-BFGS-B,1698,2.7109173e-09,0.0027762444,7.953091e-08,4.009872e-05
L-BFGS-B,1699,2.71136e-09,0.0027705266,7.954398e-08,4.0043567e-05
L-BFGS-B,1700,2.7307336e-09,0.0027853425,7.964408e-08,4.020965e-05
L-BFGS-B,1701,2.7098213e-09,0.0027667342,7.957136e-08,4.000952e-05
L-BFGS-B,1702,2.7064115e-09,0.0027629172,7.955419e-08,3.996826e-05
L-BFGS-B,1703,2.703699e-09,0.0027610883,7.956536e-08,3.9951243e-05
L-BFGS-B,1704,2.7034661e-09,0.00275874,7.954591e-08,3.9924806e-05
L-BFGS-B,1705,2.7056608e-09,0.0027576883,7.9526345e-08,3.9911683e-05
L-BFGS-B,1706,2.7055242e-09,0.002756081,7.9525805e-08,3.989551e-05
L-BFGS-B,1707,2.711944e-09,0.0027558059,7.9528704e-08,3.9894156e-05
L-BFGS-B,1708,2.70818e-09,0.0027551714,7.9526835e-08,3.9886967e-05
L-BFGS-B,1709,2.7067777e-09,0.0027564117,7.9559996e-08,3.990413e-05
L-BFGS-B,1710,2.7065872e-09,0.002754425,7.953781e-08,3.9880906e-05
L-BFGS-B,1711,2.7068907e-09,0.0027538096,7.9537216e-08,3.987471e-05
L-BFGS-B,1712,2.708307e-09,0.0027523353,7.954751e-08,3.9861727e-05
L-BFGS-B,1713,2.708642e-09,0.0027500899,7.956826e-08,3.9842434e-05
L-BFGS-B,1714,2.7084235e-09,0.0027486582,7.959056e-08,3.983143e-05
L-BFGS-B,1715,2.7068183e-09,0.0027477527,7.9598074e-08,3.982326e-05
L-BFGS-B,1716,2.7042895e-09,0.0027475157,7.9589675e-08,3.981925e-05
L-BFGS-B,1717,2.7010532e-09,0.0027472982,7.9603815e-08,3.981871e-05
L-BFGS-B,1718,2.7079272e-09,0.0027461327,7.964563e-08,3.981436e-05
L-BFGS-B,1719,2.7069675e-09,0.0027466544,7.960968e-08,3.981404e-05
L-BFGS-B,1720,2.706886e-09,0.0027457813,7.962724e-08,3.9807932e-05
L-BFGS-B,1721,2.7029101e-09,0.0027451206,7.963101e-08,3.9801293e-05
L-BFGS-B,1722,2.7024667e-09,0.0027445534,7.9640515e-08,3.979698e-05
L-BFGS-B,1723,2.6990359e-09,0.0027434235,7.966114e-08,3.978826e-05
L-BFGS-B,1724,2.6994593e-09,0.0027425569,7.9694246e-08,3.9784623e-05
L-BFGS-B,1725,2.7011655e-09,0.0027418027,7.966485e-08,3.977293e-05
L-BFGS-B,1726,2.6998133e-09,0.0027404756,7.9667295e-08,3.9759823e-05
L-BFGS-B,1727,2.6965525e-09,0.0027393333,7.9654086e-08,3.974593e-05
L-BFGS-B,1728,2.6925875e-09,0.0027379084,7.964474e-08,3.9729683e-05
L-BFGS-B,1729,2.6987275e-09,0.0027384334,7.962267e-08,3.9732542e-05
L-BFGS-B,1730,2.6946538e-09,0.0027373563,7.963457e-08,3.9722945e-05
L-BFGS-B,1731,2.6926374e-09,0.0027363738,7.9621486e-08,3.9710856e-05
L-BFGS-B,1732,2.6922982e-09,0.002736022,7.957626e-08,3.9700506e-05
L-BFGS-B,1733,2.692518e-09,0.002733813,7.959783e-08,3.968168e-05
L-BFGS-B,1734,2.696487e-09,0.002732462,7.960653e-08,3.967007e-05
L-BFGS-B,1735,2.6990368e-09,0.0027314818,7.960565e-08,3.966052e-05
L-BFGS-B,1736,2.6975804e-09,0.0027309202,7.959786e-08,3.9653518e-05
L-BFGS-B,1737,2.6956504e-09,0.0027298664,7.9589796e-08,3.964148e-05
L-BFGS-B,1738,2.693463e-09,0.0027280187,7.958762e-08,3.9622348e-05
L-BFGS-B,1739,2.6919327e-09,0.002725741,7.960436e-08,3.960185e-05
L-BFGS-B,1740,2.6908582e-09,0.0027226494,7.963816e-08,3.9575847e-05
L-BFGS-B,1741,2.7099099e-09,0.0027298992,7.965809e-08,3.9654195e-05
L-BFGS-B,1742,2.6928335e-09,0.0027211662,7.964294e-08,3.9562026e-05
L-BFGS-B,1743,2.6959066e-09,0.002716816,7.968794e-08,3.9525738e-05
L-BFGS-B,1744,2.694005e-09,0.0027146155,7.9734455e-08,3.951042e-05
L-BFGS-B,1745,2.690452e-09,0.002708618,7.9689855e-08,3.9443228e-05
L-BFGS-B,1746,2.687273e-09,0.0027056502,7.964889e-08,3.940693e-05
L-BFGS-B,1747,2.684195e-09,0.0027014655,7.962559e-08,3.9361123e-05
L-BFGS-B,1748,2.6745677e-09,0.0026953928,7.958582e-08,3.9292987e-05
L-BFGS-B,1749,2.6656932e-09,0.0026878177,7.957636e-08,3.9214487e-05
L-BFGS-B,1750,2.653025e-09,0.0026799142,7.955818e-08,3.913082e-05
L-BFGS-B,1751,2.6556144e-09,0.0026883662,7.954675e-08,3.9214017e-05
L-BFGS-B,1752,2.6487974e-09,0.002677121,7.955255e-08,3.910141e-05
L-BFGS-B,1753,2.6454858e-09,0.0026738564,7.9519516e-08,3.9063314e-05
L-BFGS-B,1754,2.6414684e-09,0.0026685002,7.948513e-08,3.9003993e-05
L-BFGS-B,1755,2.6385831e-09,0.002665095,7.941814e-08,3.8959457e-05
L-BFGS-B,1756,2.6368983e-09,0.0026612862,7.940336e-08,3.89189e-05
L-BFGS-B,1757,2.6444766e-09,0.0026611213,7.9343e-08,3.8909333e-05
L-BFGS-B,1758,2.6433735e-09,0.0026593006,7.9378154e-08,3.8896233e-05
L-BFGS-B,1759,2.66077e-09,0.0026758346,7.9415614e-08,3.9069804e-05
L-BFGS-B,1760,2.6395957e-09,0.002654498,7.938756e-08,3.884905e-05
L-BFGS-B,1761,2.6386793e-09,0.0026512311,7.9378886e-08,3.8814946e-05
L-BFGS-B,1762,2.6389375e-09,0.0026494027,7.9352716e-08,3.8792776e-05
L-BFGS-B,1763,2.6460216e-09,0.0026482227,7.934344e-08,3.8780647e-05
L-BFGS-B,1764,2.6473503e-09,0.0026498933,7.939673e-08,3.880554e-05
L-BFGS-B,1765,2.6418612e-09,0.0026436695,7.936331e-08,3.8737468e-05
L-BFGS-B,1766,2.6366136e-09,0.0026398476,7.9369556e-08,3.86994e-05
L-BFGS-B,1767,2.632002e-09,0.0026361689,7.936473e-08,3.8661197e-05
L-BFGS-B,1768,2.6247688e-09,0.0026367684,7.93727e-08,3.8667302e-05
L-BFGS-B,1769,2.6233347e-09,0.0026304678,7.936279e-08,3.8602597e-05
L-BFGS-B,1770,2.650987e-09,0.002663919,7.933839e-08,3.8937596e-05
L-BFGS-B,1771,2.6190035e-09,0.0026272046,7.935722e-08,3.856848e-05
L-BFGS-B,1772,2.614853e-09,0.0026229252,7.932107e-08,3.851964e-05
L-BFGS-B,1773,2.6156164e-09,0.0026198232,7.92851e-08,3.848334e-05
L-BFGS-B,1774,2.640393e-09,0.0026238344,7.9386524e-08,3.854238e-05
L-BFGS-B,1775,2.620348e-09,0.0026179668,7.931511e-08,3.846999e-05
L-BFGS-B,1776,2.7184566e-09,0.0026837566,7.933703e-08,3.914589e-05
L-BFGS-B,1777,2.6222948e-09,0.002617699,7.9314916e-08,3.8467573e-05
L-BFGS-B,1778,2.6211984e-09,0.002616323,7.9310865e-08,3.845304e-05
L-BFGS-B,1779,2.622445e-09,0.002614946,7.930688e-08,3.843886e-05
L-BFGS-B,1780,2.6216673e-09,0.002614068,7.9292086e-08,3.8427745e-05
L-BFGS-B,1781,2.615303e-09,0.0026118956,7.929102e-08,3.8404905e-05
L-BFGS-B,1782,2.6146505e-09,0.0026091943,7.9303796e-08,3.837971e-05
L-BFGS-B,1783,2.614922e-09,0.0026066015,7.9319975e-08,3.8356247e-05
L-BFGS-B,1784,2.6151326e-09,0.002605014,7.932779e-08,3.834158e-05
L-BFGS-B,1785,2.6173805e-09,0.00260339,7.9348055e-08,3.8328715e-05
L-BFGS-B,1786,2.6170026e-09,0.002601946,7.936011e-08,3.8316026e-05
L-BFGS-B,1787,2.6170393e-09,0.002599975,7.9365755e-08,3.829717e-05
L-BFGS-B,1788,2.6134181e-09,0.0025985965,7.935524e-08,3.828126e-05
L-BFGS-B,1789,2.6101867e-09,0.0025973055,7.932763e-08,3.8263726e-05
L-BFGS-B,1790,2.606984e-09,0.002596052,7.929397e-08,3.8245664e-05
L-BFGS-B,1791,2.6060873e-09,0.0025950687,7.928677e-08,3.8234615e-05
L-BFGS-B,1792,2.605237e-09,0.0025933597,7.927663e-08,3.8215876e-05
L-BFGS-B,1793,2.6060103e-09,0.0025912148,7.928015e-08,3.819507e-05
L-BFGS-B,1794,2.6013252e-09,0.0025882008,7.931325e-08,3.8169193e-05
L-BFGS-B,1795,2.6011535e-09,0.0025856842,7.9315484e-08,3.814434e-05
L-BFGS-B,1796,2.5985667e-09,0.0025844353,7.932469e-08,3.8132843e-05
L-BFGS-B,1797,2.639352e-09,0.0026158318,7.925077e-08,3.8441834e-05
L-BFGS-B,1798,2.5992641e-09,0.002584207,7.931775e-08,3.812962e-05
L-BFGS-B,1799,2.5955595e-09,0.0025820842,7.9327265e-08,3.8109265e-05
L-BFGS-B,1800,2.590021e-09,0.0025779023,7.934087e-08,3.8068654e-05
L-BFGS-B,1801,2.58677e-09,0.0025731733,7.9343955e-08,3.802134e-05
L-BFGS-B,1802,2.5847522e-09,0.0025690666,7.9352525e-08,3.7981255e-05
L-BFGS-B,1803,2.5960085e-09,0.0025690196,7.932255e-08,3.7977978e-05
L-BFGS-B,1804,2.5888993e-09,0.0025659623,7.932533e-08,3.7946756e-05
L-BFGS-B,1805,2.5864082e-09,0.0025646954,7.9324096e-08,3.793353e-05
L-BFGS-B,1806,2.6291664e-09,0.00258749,7.927036e-08,3.815983e-05
L-BFGS-B,1807,2.5894418e-09,0.0025639618,7.931155e-08,3.7924765e-05
L-BFGS-B,1808,2.5912135e-09,0.0025636833,7.9273335e-08,3.7916514e-05
L-BFGS-B,1809,2.5914275e-09,0.0025605764,7.930587e-08,3.7890357e-05
L-BFGS-B,1810,2.5921632e-09,0.0025586234,7.932986e-08,3.787454e-05
L-BFGS-B,1811,2.5931963e-09,0.0025563447,7.9360035e-08,3.785643e-05
L-BFGS-B,1812,2.596262e-09,0.002554769,7.93966e-08,3.7846617e-05
L-BFGS-B,1813,2.5934654e-09,0.0025533661,7.938775e-08,3.7830843e-05
L-BFGS-B,1814,2.5901525e-09,0.002552399,7.937956e-08,3.7819445e-05
L-BFGS-B,1815,2.5872298e-09,0.002551737,7.9371674e-08,3.7811205e-05
L-BFGS-B,1816,2.585627e-09,0.0025516653,7.935451e-08,3.7807673e-05
L-BFGS-B,1817,2.5845934e-09,0.0025514509,7.935518e-08,3.7805476e-05
L-BFGS-B,1818,2.5854374e-09,0.0025512467,7.9355175e-08,3.780356e-05
L-BFGS-B,1819,2.5855644e-09,0.0025511158,7.935439e-08,3.780215e-05
L-BFGS-B,1820,2.5855726e-09,0.0025509035,7.935598e-08,3.7800266e-05
L-BFGS-B,1821,2.5845381e-09,0.002551289,7.932867e-08,3.7799873e-05
L-BFGS-B,1822,2.5834757e-09,0.0025506057,7.9360134e-08,3.77976e-05
L-BFGS-B,1823,2.584538e-09,0.0025501547,7.9357584e-08,3.7792866e-05
L-BFGS-B,1824,2.5842484e-09,0.0025498613,7.935055e-08,3.7788835e-05
L-BFGS-B,1825,2.583827e-09,0.0025492636,7.9349874e-08,3.778269e-05
L-BFGS-B,1826,2.5825277e-09,0.002548847,7.935082e-08,3.7778475e-05
L-BFGS-B,1827,2.5787723e-09,0.002548618,7.9336715e-08,3.77735e-05
L-BFGS-B,1828,2.5781062e-09,0.0025480986,7.935725e-08,3.777129e-05
L-BFGS-B,1829,2.580281e-09,0.002547578,7.9358635e-08,3.776662e-05
L-BFGS-B,1830,2.5806393e-09,0.0025474776,7.9341504e-08,3.7763097e-05
L-BFGS-B,1831,2.58124e-09,0.002547168,7.93346e-08,3.7759055e-05
L-BFGS-B,1832,2.5835276e-09,0.0025467654,7.932879e-08,3.77545e-05
L-BFGS-B,1833,2.5913836e-09,0.0025641583,7.934253e-08,3.793167e-05
L-BFGS-B,1834,2.583e-09,0.002546721,7.932833e-08,3.7753907e-05
L-BFGS-B,1835,2.5832265e-09,0.00254638,7.933089e-08,3.7750917e-05
L-BFGS-B,1836,2.580973e-09,0.0025492308,7.930179e-08,3.777472e-05
L-BFGS-B,1837,2.5819924e-09,0.0025462103,7.932245e-08,3.774777e-05
L-BFGS-B,1838,2.5830478e-09,0.0025451595,7.932062e-08,3.7737147e-05
L-BFGS-B,1839,2.5841442e-09,0.002543577,7.93214e-08,3.7721602e-05
L-BFGS-B,1840,2.5836953e-09,0.0025422394,7.9320465e-08,3.7708014e-05
L-BFGS-B,1841,2.5837898e-09,0.0025429232,7.932998e-08,3.7716298e-05
L-BFGS-B,1842,2.5825588e-09,0.0025413416,7.932516e-08,3.7699574e-05
L-BFGS-B,1843,2.5798559e-09,0.0025399285,7.93361e-08,3.7686677e-05
L-BFGS-B,1844,5.898904e-09,0.0060845087,7.920036e-08,7.3609976e-05
L-BFGS-B,1845,2.5883946e-09,0.002546258,7.934881e-08,3.775316e-05
L-BFGS-B,1846,2.5798588e-09,0.0025397118,7.93387e-08,3.7684902e-05
L-BFGS-B,1847,2.575416e-09,0.0025384151,7.9332395e-08,3.7670325e-05
L-BFGS-B,1848,2.5730464e-09,0.0025385278,7.932559e-08,3.7670074e-05
L-BFGS-B,1849,2.5738633e-09,0.0025380764,7.9329276e-08,3.7666232e-05
L-BFGS-B,1850,2.5731788e-09,0.0025376652,7.932088e-08,3.766076e-05
L-BFGS-B,1851,2.5741875e-09,0.0025376352,7.9291546e-08,3.765621e-05
L-BFGS-B,1852,2.5742533e-09,0.0025372673,7.929149e-08,3.7652535e-05
L-BFGS-B,1853,2.5735971e-09,0.002536639,7.93005e-08,3.7647504e-05
L-BFGS-B,1854,2.5724516e-09,0.00253574,7.9305394e-08,3.7639074e-05
L-BFGS-B,1855,2.5706113e-09,0.0025349893,7.9310524e-08,3.7632064e-05
L-BFGS-B,1856,2.5706246e-09,0.002534315,7.930561e-08,3.7624584e-05
L-BFGS-B,1857,2.5671119e-09,0.0025338416,7.931269e-08,3.7620386e-05
L-BFGS-B,1858,2.568414e-09,0.0025337643,7.9297955e-08,3.7617596e-05
L-BFGS-B,1859,2.569625e-09,0.0025323215,7.930851e-08,3.7604936e-05
L-BFGS-B,1860,2.566663e-09,0.0025310537,7.931685e-08,3.7593065e-05
L-BFGS-B,1861,2.5625555e-09,0.0025293755,7.932545e-08,3.7576956e-05
L-BFGS-B,1862,2.5586822e-09,0.0025265638,7.933904e-08,3.7550297e-05
L-BFGS-B,1863,2.55216e-09,0.0025241792,7.93822e-08,3.7531943e-05
L-BFGS-B,1864,2.5519622e-09,0.0025225868,7.936437e-08,3.7513317e-05
L-BFGS-B,1865,2.5488873e-09,0.0025201316,7.93739e-08,3.7489735e-05
L-BFGS-B,1866,2.5446103e-09,0.0025169044,7.9364874e-08,3.7455466e-05
L-BFGS-B,1867,2.5407294e-09,0.0025128596,7.935697e-08,3.741325e-05
L-BFGS-B,1868,2.534061e-09,0.0025110613,7.93924e-08,3.739958e-05
L-BFGS-B,1869,2.535814e-09,0.0025098992,7.9378324e-08,3.738611e-05
L-BFGS-B,1870,2.5340268e-09,0.0025090638,7.9387455e-08,3.7378857e-05
L-BFGS-B,1871,2.5331226e-09,0.002508254,7.939082e-08,3.737113e-05
L-BFGS-B,1872,2.5322664e-09,0.002507445,7.939164e-08,3.7363036e-05
L-BFGS-B,1873,2.5329454e-09,0.0025069744,7.936973e-08,3.7355145e-05
L-BFGS-B,1874,2.5327747e-09,0.0025063378,7.935889e-08,3.7347127e-05
L-BFGS-B,1875,2.531594e-09,0.0025055155,7.934453e-08,3.7336573e-05
L-BFGS-B,1876,2.5292124e-09,0.0025045495,7.932075e-08,3.732299e-05
L-BFGS-B,1877,2.5252134e-09,0.0025036908,7.930467e-08,3.731139e-05
L-BFGS-B,1878,2.5207185e-09,0.0025030246,7.929689e-08,3.730289e-05
L-BFGS-B,1879,2.5182714e-09,0.0025023948,7.9307895e-08,3.7297872e-05
L-BFGS-B,1880,2.5183218e-09,0.0025016877,7.932025e-08,3.7292662e-05
L-BFGS-B,1881,2.5185811e-09,0.0025004125,7.934434e-08,3.7283564e-05
L-BFGS-B,1882,2.5200877e-09,0.0024983392,7.9382296e-08,3.726875e-05
L-BFGS-B,1883,2.5270663e-09,0.002502523,7.944937e-08,3.7321694e-05
L-BFGS-B,1884,2.5200144e-09,0.0024974146,7.939821e-08,3.726188e-05
L-BFGS-B,1885,2.5181954e-09,0.0024972553,7.9408444e-08,3.7261547e-05
L-BFGS-B,1886,2.517801e-09,0.0024958143,7.9401474e-08,3.7246034e-05
L-BFGS-B,1887,2.511756e-09,0.0024957152,7.9420914e-08,3.7247053e-05
L-BFGS-B,1888,2.5139388e-09,0.0024947382,7.9410796e-08,3.7236092e-05
L-BFGS-B,1889,2.5125952e-09,0.0024935831,7.9410725e-08,3.722433e-05
L-BFGS-B,1890,2.5126707e-09,0.0024976183,7.9314944e-08,3.7250324e-05
L-BFGS-B,1891,2.5103397e-09,0.0024927622,7.937395e-08,3.7210266e-05
L-BFGS-B,1892,2.50991e-09,0.0024916972,7.936461e-08,3.719815e-05
L-BFGS-B,1893,2.508467e-09,0.0024907934,7.936074e-08,3.7188314e-05
L-BFGS-B,1894,2.508089e-09,0.0024897936,7.936115e-08,3.717832e-05
L-BFGS-B,1895,2.5069762e-09,0.0024904876,7.934907e-08,3.7183283e-05
L-BFGS-B,1896,2.5071099e-09,0.0024894972,7.9356035e-08,3.7174443e-05
L-BFGS-B,1897,2.56076e-09,0.002533414,7.941905e-08,3.763111e-05
L-BFGS-B,1898,2.5087408e-09,0.0024888164,7.935889e-08,3.7168305e-05
L-BFGS-B,1899,2.510324e-09,0.0024876944,7.9357704e-08,3.7157148e-05
L-BFGS-B,1900,2.5114362e-09,0.0024858732,7.9357335e-08,3.713905e-05
L-BFGS-B,1901,2.511771e-09,0.0024840878,7.937429e-08,3.7123787e-05
L-BFGS-B,1902,2.5121063e-09,0.002483164,7.9379234e-08,3.711534e-05
L-BFGS-B,1903,2.5102018e-09,0.002482201,7.939521e-08,3.710782e-05
L-BFGS-B,1904,2.5082585e-09,0.0024815716,7.9405396e-08,3.7102764e-05
L-BFGS-B,1905,2.5072524e-09,0.0024808007,7.941303e-08,3.7096048e-05
L-BFGS-B,1906,2.5062608e-09,0.0024796624,7.9410526e-08,3.7084144e-05
L-BFGS-B,1907,2.5023348e-09,0.00247594,7.939135e-08,3.704345e-05
L-BFGS-B,1908,2.4999975e-09,0.0024725602,7.936229e-08,3.7004946e-05
L-BFGS-B,1909,2.4987101e-09,0.0024677876,7.934725e-08,3.695477e-05
L-BFGS-B,1910,2.4949944e-09,0.0024656085,7.940067e-08,3.6940437e-05
L-BFGS-B,1911,2.4967557e-09,0.0024621065,7.9398916e-08,3.6905414e-05
L-BFGS-B,1912,2.4960911e-09,0.0024606357,7.941537e-08,3.6893078e-05
L-BFGS-B,1913,2.4949425e-09,0.002457698,7.94522e-08,3.6869053e-05
L-BFGS-B,1914,2.4975602e-09,0.0024560085,7.946236e-08,3.685407e-05
L-BFGS-B,1915,2.4950486e-09,0.0024550469,7.943392e-08,3.6839814e-05
L-BFGS-B,1916,2.495463e-09,0.0024541882,7.9417696e-08,3.6828853e-05
L-BFGS-B,1917,2.4934694e-09,0.0024528357,7.94129e-08,3.6814312e-05
L-BFGS-B,1918,2.4893545e-09,0.0024517027,7.940809e-08,3.6801644e-05
L-BFGS-B,1919,2.4868059e-09,0.0024503567,7.9422335e-08,3.6789937e-05
L-BFGS-B,1920,2.4849671e-09,0.0024494429,7.943325e-08,3.678216e-05
L-BFGS-B,1921,2.4813223e-09,0.0024493518,7.9447254e-08,3.6782803e-05
L-BFGS-B,1922,2.4830487e-09,0.0024491684,7.94396e-08,3.6780082e-05
L-BFGS-B,1923,2.4833497e-09,0.002448854,7.944402e-08,3.6777645e-05
L-BFGS-B,1924,2.4835978e-09,0.0024487902,7.944063e-08,3.6776535e-05
L-BFGS-B,1925,2.4857194e-09,0.0024486245,7.944892e-08,3.677644e-05
L-BFGS-B,1926,2.4846656e-09,0.0024486445,7.944488e-08,3.6775877e-05
L-BFGS-B,1927,2.4849698e-09,0.0024487935,7.943651e-08,3.6776157e-05
L-BFGS-B,1928,2.4847135e-09,0.002448621,7.944097e-08,3.677506e-05
L-BFGS-B,1929,2.484622e-09,0.0024485916,7.9438536e-08,3.677439e-05
L-BFGS-B,1930,2.4843174e-09,0.0024487174,7.943727e-08,3.677541e-05
L-BFGS-B,1931,2.4844684e-09,0.0024485567,7.943811e-08,3.6773956e-05
L-BFGS-B,1932,2.4843156e-09,0.0024484445,7.943669e-08,3.6772595e-05
L-BFGS-B,1933,2.4848554e-09,0.0024482273,7.943755e-08,3.677063e-05
L-BFGS-B,1934,2.4861262e-09,0.002447831,7.944334e-08,3.6767728e-05
L-BFGS-B,1935,2.486756e-09,0.0024476638,7.944163e-08,3.6765894e-05
L-BFGS-B,1936,2.4873374e-09,0.002447239,7.94434e-08,3.6762e-05
L-BFGS-B,1937,2.4870126e-09,0.0024466931,7.9434e-08,3.6755082e-05
L-BFGS-B,1938,2.4944864e-09,0.0024463164,7.941767e-08,3.6749985e-05
L-BFGS-B,1939,2.4905653e-09,0.0024455767,7.940893e-08,3.674069e-05
L-BFGS-B,1940,2.4854978e-09,0.002444756,7.941958e-08,3.673332e-05
L-BFGS-B,1941,2.48654e-09,0.002443815,7.942275e-08,3.672454e-05
L-BFGS-B,1942,2.489932e-09,0.0024425436,7.943028e-08,3.6713467e-05
L-BFGS-B,1943,2.490452e-09,0.0024417366,7.943843e-08,3.6706697e-05
L-BFGS-B,1944,4.7595603e-09,0.0049017537,8.0223614e-08,6.1765015e-05
L-BFGS-B,1945,2.5066604e-09,0.0024466843,7.949529e-08,3.6767135e-05
L-BFGS-B,1946,2.4919984e-09,0.0024415003,7.9444526e-08,3.670548e-05
L-BFGS-B,1947,2.49065e-09,0.0024398256,7.946767e-08,3.6692003e-05
L-BFGS-B,1948,2.486711e-09,0.0024389853,7.947009e-08,3.6683374e-05
L-BFGS-B,1949,2.4840079e-09,0.0024380377,7.946534e-08,3.6672776e-05
L-BFGS-B,1950,2.4813533e-09,0.002437109,7.94616e-08,3.666253e-05
L-BFGS-B,1951,2.480035e-09,0.0024367266,7.944513e-08,3.665604e-05
L-BFGS-B,1952,2.4786955e-09,0.00243566,7.946246e-08,3.6647773e-05
L-BFGS-B,1953,2.4779099e-09,0.0024340334,7.948903e-08,3.6635374e-05
L-BFGS-B,1954,2.478466e-09,0.0024329186,7.9504424e-08,3.6626618e-05
L-BFGS-B,1955,2.4796392e-09,0.0024321757,7.951571e-08,3.662106e-05
L-BFGS-B,1956,2.4801998e-09,0.002431407,7.951884e-08,3.661393e-05
L-BFGS-B,1957,2.480829e-09,0.002430897,7.951472e-08,3.6608304e-05
L-BFGS-B,1958,2.4841127e-09,0.0024342162,7.949953e-08,3.6639707e-05
L-BFGS-B,1959,2.4807083e-09,0.0024306749,7.9510805e-08,3.6605474e-05
L-BFGS-B,1960,2.478927e-09,0.0024299212,7.950764e-08,3.6597197e-05
L-BFGS-B,1961,2.478335e-09,0.0024322774,7.948198e-08,3.661682e-05
L-BFGS-B,1962,2.477463e-09,0.0024294565,7.949969e-08,3.6591136e-05
L-BFGS-B,1963,2.4755737e-09,0.0024287521,7.9479115e-08,3.6580725e-05
L-BFGS-B,1964,2.4741378e-09,0.0024277791,7.948749e-08,3.6572037e-05
L-BFGS-B,1965,2.4741822e-09,0.002425986,7.949022e-08,3.655452e-05
L-BFGS-B,1966,2.4758136e-09,0.0024251994,7.949092e-08,3.6547004e-05
L-BFGS-B,1967,2.4759537e-09,0.0024246438,7.946558e-08,3.6537665e-05
L-BFGS-B,1968,2.474541e-09,0.002422732,7.9462154e-08,3.6517824e-05
L-BFGS-B,1969,2.4717477e-09,0.002419955,7.945826e-08,3.648905e-05
L-BFGS-B,1970,2.4666051e-09,0.0024145576,7.944703e-08,3.6432622e-05
L-BFGS-B,1971,2.478008e-09,0.0024308416,7.940273e-08,3.659053e-05
L-BFGS-B,1972,2.4647095e-09,0.0024133336,7.9436425e-08,3.6418507e-05
L-BFGS-B,1973,2.4615472e-09,0.002413576,7.9411784e-08,3.6416757e-05
L-BFGS-B,1974,2.4607751e-09,0.0024100817,7.942719e-08,3.638401e-05
L-BFGS-B,1975,2.4665487e-09,0.0024160373,7.943192e-08,3.644514e-05
L-BFGS-B,1976,2.4589404e-09,0.0024066437,7.942384e-08,3.6348854e-05
L-BFGS-B,1977,2.4636377e-09,0.002402716,7.939156e-08,3.6305442e-05
L-BFGS-B,1978,2.461786e-09,0.0024024087,7.939567e-08,3.6302703e-05
L-BFGS-B,1979,2.4612947e-09,0.0024007217,7.939232e-08,3.628526e-05
L-BFGS-B,1980,2.4613078e-09,0.0023994097,7.939099e-08,3.6271944e-05
L-BFGS-B,1981,2.4602516e-09,0.0024046253,7.937431e-08,3.6321435e-05
L-BFGS-B,1982,2.4585227e-09,0.0023981521,7.938313e-08,3.625777e-05
L-BFGS-B,1983,2.4567612e-09,0.0023971652,7.937357e-08,3.62462e-05
L-BFGS-B,1984,2.4571343e-09,0.0023986045,7.9377784e-08,3.6261285e-05
L-BFGS-B,1985,2.4558933e-09,0.0023965368,7.9374736e-08,3.6239962e-05
L-BFGS-B,1986,2.45699e-09,0.0023966848,7.93752e-08,3.6241676e-05
L-BFGS-B,1987,2.4558227e-09,0.0023959433,7.937459e-08,3.6233992e-05
L-BFGS-B,1988,2.4539684e-09,0.0023955952,7.935631e-08,3.6227495e-05
L-BFGS-B,1989,2.4532003e-09,0.0023951617,7.936277e-08,3.622401e-05
L-BFGS-B,1990,2.4549276e-09,0.002394917,7.935874e-08,3.622122e-05
L-BFGS-B,1991,2.4542943e-09,0.0023946387,7.935795e-08,3.621822e-05
L-BFGS-B,1992,2.4541162e-09,0.0023942895,7.935932e-08,3.6214908e-05
L-BFGS-B,1993,2.453927e-09,0.0023937232,7.936597e-08,3.6210215e-05
L-BFGS-B,1994,2.4528175e-09,0.0023930268,7.938229e-08,3.6205536e-05
L-BFGS-B,1995,2.462851e-09,0.0023990208,7.9388585e-08,3.6267924e-05
L-BFGS-B,1996,2.453236e-09,0.002392888,7.9382595e-08,3.6204256e-05
L-BFGS-B,1997,2.452343e-09,0.0023925158,7.938986e-08,3.6201487e-05
L-BFGS-B,1998,2.4512148e-09,0.0023918774,7.939945e-08,3.6196372e-05
L-BFGS-B,1999,2.4504232e-09,0.002391379,7.940004e-08,3.619136e-05
L-BFGS-B,2000,2.4500748e-09,0.0023902357,7.939331e-08,3.6178863e-05
L-BFGS-B,2001,2.4497087e-09,0.002388104,7.938217e-08,3.6155823e-05
L-BFGS-B,2002,2.449832e-09,0.0023861537,7.936596e-08,3.6133904e-05
L-BFGS-B,2003,2.5196834e-09,0.0024449958,7.9316806e-08,3.6725432e-05
L-BFGS-B,2004,2.4508706e-09,0.0023854314,7.935854e-08,3.6125726e-05
L-BFGS-B,2005,2.4496156e-09,0.0023823318,7.9324835e-08,3.6089485e-05
L-BFGS-B,2006,2.4534395e-09,0.002380575,7.930272e-08,3.6069174e-05
L-BFGS-B,2007,2.4558544e-09,0.0023800593,7.930305e-08,3.6064426e-05
L-BFGS-B,2008,2.4522686e-09,0.0023777098,7.929985e-08,3.6039914e-05
L-BFGS-B,2009,2.4483722e-09,0.0023734325,7.9323506e-08,3.6000107e-05
L-BFGS-B,2010,2.4477491e-09,0.002368445,7.9348595e-08,3.59539e-05
L-BFGS-B,2011,2.4489748e-09,0.0023643677,7.937838e-08,3.591778e-05
L-BFGS-B,2012,2.4613187e-09,0.002366858,7.946803e-08,3.5957986e-05
L-BFGS-B,2013,2.4507778e-09,0.0023631705,7.94033e-08,3.5909816e-05
L-BFGS-B,2014,2.4460662e-09,0.0023605132,7.9400884e-08,3.5882174e-05
L-BFGS-B,2015,2.4467495e-09,0.002363113,7.940191e-08,3.590843e-05
L-BFGS-B,2016,2.4427966e-09,0.0023578636,7.939883e-08,3.585488e-05
L-BFGS-B,2017,2.4390177e-09,0.0023548638,7.937718e-08,3.5821067e-05
L-BFGS-B,2018,2.6089957e-09,0.0024971128,7.936517e-08,3.7267255e-05
L-BFGS-B,2019,2.4408386e-09,0.0023527748,7.937319e-08,3.579985e-05
L-BFGS-B,2020,2.4402491e-09,0.0023475138,7.932973e-08,3.574063e-05
L-BFGS-B,2021,2.440313e-09,0.0023437866,7.93384e-08,3.5704674e-05
L-BFGS-B,2022,2.436858e-09,0.002337254,7.9373734e-08,3.564413e-05
L-BFGS-B,2023,2.4354432e-09,0.0023350075,7.938142e-08,3.5622605e-05
L-BFGS-B,2024,2.4312674e-09,0.0023335337,7.9371766e-08,3.5605794e-05
L-BFGS-B,2025,2.430393e-09,0.0023314462,7.9369556e-08,3.5584453e-05
L-BFGS-B,2026,2.428632e-09,0.002330325,7.936002e-08,3.5571546e-05
L-BFGS-B,2027,2.4273523e-09,0.002329034,7.9348666e-08,3.5556743e-05
L-BFGS-B,2028,2.4335185e-09,0.0023308436,7.933077e-08,3.5573077e-05
L-BFGS-B,2029,2.4281075e-09,0.0023279872,7.93414e-08,3.5545298e-05
L-BFGS-B,2030,2.426004e-09,0.0023259632,7.9323705e-08,3.5522087e-05
L-BFGS-B,2031,2.4248934e-09,0.0023245788,7.933048e-08,3.5509096e-05
L-BFGS-B,2032,2.4263702e-09,0.0023229374,7.9345405e-08,3.549514e-05
L-BFGS-B,2033,2.4270082e-09,0.0023222743,7.934919e-08,3.548917e-05
L-BFGS-B,2034,2.4268403e-09,0.0023213397,7.933979e-08,3.547839e-05
L-BFGS-B,2035,2.4266056e-09,0.0023194037,7.932943e-08,3.545744e-05
L-BFGS-B,2036,2.427245e-09,0.0023137785,7.930129e-08,3.5397064e-05
L-BFGS-B,2037,2.429688e-09,0.002310727,7.926694e-08,3.5361765e-05
L-BFGS-B,2038,2.4258149e-09,0.0023049824,7.9287695e-08,3.530685e-05
L-BFGS-B,2039,2.419979e-09,0.0022990645,7.9255315e-08,3.524194e-05
L-BFGS-B,2040,2.4114009e-09,0.0022937122,7.921606e-08,3.518124e-05
L-BFGS-B,2041,2.4003e-09,0.0022844274,7.9192134e-08,3.508314e-05
L-BFGS-B,2042,2.3838804e-09,0.002281364,7.920508e-08,3.5051984e-05
L-BFGS-B,2043,2.387627e-09,0.002277908,7.919046e-08,3.5015793e-05
L-BFGS-B,2044,2.3740379e-09,0.002275749,7.926275e-08,3.500301e-05
L-BFGS-B,2045,2.3741307e-09,0.0022691283,7.921841e-08,3.4930163e-05
L-BFGS-B,2046,2.3661628e-09,0.0022739728,7.925972e-08,3.4983612e-05
L-BFGS-B,2047,2.364029e-09,0.0022640252,7.9235384e-08,3.4880162e-05
L-BFGS-B,2048,2.3635942e-09,0.0022704974,7.9250135e-08,3.4947032e-05
L-BFGS-B,2049,2.3568283e-09,0.0022591364,7.9240166e-08,3.483091e-05
L-BFGS-B,2050,2.3502895e-09,0.0022544018,7.936537e-08,3.4801367e-05
L-BFGS-B,2051,2.3501223e-09,0.0022475405,7.933657e-08,3.4728408e-05
L-BFGS-B,2052,2.3488054e-09,0.0022431086,7.9342364e-08,3.468476e-05
L-BFGS-B,2053,2.3435904e-09,0.0022329995,7.938243e-08,3.45889e-05
L-BFGS-B,2054,2.371898e-09,0.0022924885,7.94571e-08,3.5199235e-05
L-BFGS-B,2055,2.3354196e-09,0.0022299103,7.93922e-08,3.4558245e-05
L-BFGS-B,2056,2.7137628e-09,0.0026925476,7.9608725e-08,3.927385e-05
L-BFGS-B,2057,2.3269282e-09,0.002225597,7.9394894e-08,3.451424e-05
L-BFGS-B,2058,2.3171525e-09,0.0022222816,7.9384e-08,3.4477987e-05
L-BFGS-B,2059,2.3128681e-09,0.0022210155,7.9338825e-08,3.445791e-05
L-BFGS-B,2060,2.3091429e-09,0.002221211,7.92478e-08,3.4445653e-05
L-BFGS-B,2061,2.304401e-09,0.002217533,7.922484e-08,3.440472e-05
L-BFGS-B,2062,2.3011886e-09,0.002213811,7.921846e-08,3.4366058e-05
L-BFGS-B,2063,2.2919675e-09,0.0022068985,7.914787e-08,3.428496e-05
L-BFGS-B,2064,2.293626e-09,0.0022020189,7.9159825e-08,3.4238205e-05
L-BFGS-B,2065,2.2881084e-09,0.0021970794,7.913126e-08,3.4183697e-05
L-BFGS-B,2066,2.2872597e-09,0.0021951562,7.904905e-08,3.4152006e-05
L-BFGS-B,2067,2.289343e-09,0.002192958,7.901718e-08,3.4125558e-05
L-BFGS-B,2068,2.2886162e-09,0.0021912118,7.901779e-08,3.4108078e-05
L-BFGS-B,2069,2.2894802e-09,0.0021903424,7.9004984e-08,3.4097593e-05
L-BFGS-B,2070,2.2882798e-09,0.0021891715,7.899761e-08,3.4084595e-05
L-BFGS-B,2071,2.292357e-09,0.002192791,7.89481e-08,3.411398e-05
L-BFGS-B,2072,2.2878879e-09,0.0021882278,7.897821e-08,3.4072193e-05
L-BFGS-B,2073,2.2848836e-09,0.0021860113,7.89662e-08,3.4047775e-05
L-BFGS-B,2074,2.2790199e-09,0.0021843622,7.8949206e-08,3.4027857e-05
L-BFGS-B,2075,2.271078e-09,0.0021820373,7.894376e-08,3.40026e-05
L-BFGS-B,2076,2.2647821e-09,0.0021800138,7.8927876e-08,3.3979035e-05
L-BFGS-B,2077,2.256415e-09,0.0021773442,7.893688e-08,3.3952434e-05
L-BFGS-B,2078,2.258857e-09,0.0021789942,7.888653e-08,3.3961747e-05
L-BFGS-B,2079,2.2566693e-09,0.0021772552,7.891912e-08,3.394892e-05
L-BFGS-B,2080,2.2557851e-09,0.0021770813,7.892748e-08,3.39483e-05
L-BFGS-B,2081,2.2558582e-09,0.0021767677,7.892324e-08,3.3944543e-05
L-BFGS-B,2082,2.265779e-09,0.0021860222,7.8968014e-08,3.404529e-05
L-BFGS-B,2083,2.2555702e-09,0.002176274,7.8928785e-08,3.3940392e-05
L-BFGS-B,2084,2.2546114e-09,0.002175413,7.892717e-08,3.39314e-05
L-BFGS-B,2085,2.4232758e-09,0.002343882,7.8849595e-08,3.5629753e-05
L-BFGS-B,2086,2.2543551e-09,0.0021746792,7.892196e-08,3.392324e-05
L-BFGS-B,2087,2.2769306e-09,0.0021987637,7.900549e-08,3.4179997e-05
L-BFGS-B,2088,2.2528934e-09,0.0021725728,7.893173e-08,3.390342e-05
L-BFGS-B,2089,2.2472646e-09,0.0021688603,7.890305e-08,3.386115e-05
L-BFGS-B,2090,2.2417086e-09,0.0021676703,7.891001e-08,3.384946e-05
L-BFGS-B,2091,2.2369058e-09,0.0021656642,7.8857106e-08,3.3820746e-05
L-BFGS-B,2092,2.2380233e-09,0.0021644111,7.8846625e-08,3.380681e-05
L-BFGS-B,2093,2.2353166e-09,0.0021673143,7.8784105e-08,3.3826058e-05
L-BFGS-B,2094,2.236503e-09,0.0021643774,7.882832e-08,3.3803495e-05
L-BFGS-B,2095,2.2398063e-09,0.0021634798,7.883433e-08,3.379592e-05
L-BFGS-B,2096,2.2415458e-09,0.0021629613,7.882721e-08,3.3789926e-05
L-BFGS-B,2097,2.24081e-09,0.0021622186,7.88249e-08,3.3782042e-05
L-BFGS-B,2098,2.2391902e-09,0.0021611415,7.881982e-08,3.3770266e-05
L-BFGS-B,2099,2.2370703e-09,0.0021603124,7.881184e-08,3.3760458e-05
L-BFGS-B,2100,2.2365578e-09,0.002159394,7.8810814e-08,3.3751046e-05
L-BFGS-B,2101,2.2374003e-09,0.0021588209,7.879669e-08,3.3743323e-05
L-BFGS-B,2102,2.2376427e-09,0.0021578704,7.88051e-08,3.3735116e-05
L-BFGS-B,2103,2.2395201e-09,0.0021569708,7.880989e-08,3.372712e-05
L-BFGS-B,2104,2.2421913e-09,0.0021563333,7.8859756e-08,3.3728626e-05
L-BFGS-B,2105,2.240192e-09,0.002155982,7.883233e-08,3.37207e-05
L-BFGS-B,2106,2.240414e-09,0.0021551163,7.883949e-08,3.371315e-05
L-BFGS-B,2107,2.2387856e-09,0.002154624,7.884297e-08,3.3708504e-05
L-BFGS-B,2108,2.2383888e-09,0.002154466,7.884458e-08,3.3707103e-05
L-BFGS-B,2109,2.2378723e-09,0.002154337,7.88442e-08,3.3705684e-05
L-BFGS-B,2110,2.237847e-09,0.0021541102,7.884972e-08,3.3704237e-05
L-BFGS-B,2111,2.2384639e-09,0.0021539866,7.8850086e-08,3.3703145e-05
L-BFGS-B,2112,2.2392916e-09,0.0021537202,7.885629e-08,3.370154e-05
L-BFGS-B,2113,2.2413271e-09,0.0021533277,7.886167e-08,3.3698725e-05
L-BFGS-B,2114,2.2419056e-09,0.0021527251,7.88728e-08,3.3694458e-05
L-BFGS-B,2115,2.2391597e-09,0.0021522404,7.889875e-08,3.369309e-05
L-BFGS-B,2116,2.2398599e-09,0.002151186,7.889258e-08,3.3681725e-05
L-BFGS-B,2117,2.2394389e-09,0.0021508266,7.8873484e-08,3.3675205e-05
L-BFGS-B,2118,2.2368152e-09,0.002150284,7.8861e-08,3.3667508e-05
L-BFGS-B,2119,2.2359243e-09,0.0021498934,7.8852366e-08,3.3662178e-05
L-BFGS-B,2120,2.2360083e-09,0.0021492508,7.885178e-08,3.3655677e-05
L-BFGS-B,2121,2.2388267e-09,0.002148003,7.886013e-08,3.3644876e-05
L-BFGS-B,2122,2.2432534e-09,0.0021532483,7.8884476e-08,3.370164e-05
L-BFGS-B,2123,2.238544e-09,0.0021477095,7.8863195e-08,3.3642355e-05
L-BFGS-B,2124,2.2407969e-09,0.0021469744,7.886008e-08,3.363488e-05
L-BFGS-B,2125,2.2419355e-09,0.0021468797,7.884185e-08,3.3631368e-05
L-BFGS-B,2126,2.241049e-09,0.0021466508,7.8844245e-08,3.36293e-05
L-BFGS-B,2127,2.2435023e-09,0.0021480382,7.884621e-08,3.364384e-05
L-BFGS-B,2128,2.241162e-09,0.0021465875,7.884461e-08,3.362874e-05
L-BFGS-B,2129,2.24048e-09,0.002146351,7.885434e-08,3.3627734e-05
L-BFGS-B,2130,2.2409337e-09,0.0021463102,7.884374e-08,3.36258e-05
L-BFGS-B,2131,2.2405178e-09,0.0021461286,7.884492e-08,3.36241e-05
L-BFGS-B,2132,2.2408833e-09,0.0021458552,7.8844856e-08,3.3621414e-05
L-BFGS-B,2133,2.242379e-09,0.0021453039,7.884027e-08,3.3615437e-05
L-BFGS-B,2134,2.2455418e-09,0.002144992,7.88465e-08,3.3613724e-05
L-BFGS-B,2135,2.2444662e-09,0.0021446901,7.884328e-08,3.361006e-05
L-BFGS-B,2136,2.2433182e-09,0.0021441774,7.884021e-08,3.3604305e-05
L-BFGS-B,2137,2.2439972e-09,0.0021441935,7.882487e-08,3.3602264e-05
L-BFGS-B,2138,2.2477225e-09,0.0021471484,7.884953e-08,3.363607e-05
L-BFGS-B,2139,2.243384e-09,0.0021432159,7.883321e-08,3.3593646e-05
L-BFGS-B,2140,2.2393396e-09,0.0021421658,7.8863415e-08,3.358707e-05
L-BFGS-B,2141,2.2401576e-09,0.0021405418,7.8841104e-08,3.356761e-05
L-BFGS-B,2142,2.2414532e-09,0.002139467,7.882674e-08,3.3554898e-05
L-BFGS-B,2143,2.2405897e-09,0.002138939,7.882741e-08,3.354959e-05
L-BFGS-B,2144,2.2389866e-09,0.0021383283,7.8822154e-08,3.3542452e-05
L-BFGS-B,2145,2.238317e-09,0.002138,7.88232e-08,3.3539225e-05
L-BFGS-B,2146,2.240604e-09,0.002137574,7.883581e-08,3.3537202e-05
L-BFGS-B,2147,2.65845e-09,0.0025510283,7.929789e-08,3.7803733e-05
L-BFGS-B,2148,2.2415327e-09,0.0021373536,7.884227e-08,3.3536107e-05
L-BFGS-B,2149,2.2406956e-09,0.0021373162,7.883182e-08,3.3534037e-05
L-BFGS-B,2150,2.239509e-09,0.0021372042,7.8823824e-08,3.353154e-05
L-BFGS-B,2151,2.2393754e-09,0.0021369767,7.88236e-08,3.352921e-05
L-BFGS-B,2152,2.239401e-09,0.002136643,7.882645e-08,3.352631e-05
L-BFGS-B,2153,2.2401714e-09,0.0021361099,7.8838085e-08,3.3522836e-05
L-BFGS-B,2154,2.2418833e-09,0.0021350156,7.8864254e-08,3.3516077e-05
L-BFGS-B,2155,2.2424207e-09,0.002134071,7.8885996e-08,3.3509972e-05
L-BFGS-B,2156,2.2414854e-09,0.0021336123,7.889303e-08,3.3506298e-05
L-BFGS-B,2157,2.2396867e-09,0.0021332914,7.890092e-08,3.3504002e-05
L-BFGS-B,2158,2.2391216e-09,0.0021332304,7.887907e-08,3.3500033e-05
L-BFGS-B,2159,2.2388542e-09,0.0021331483,7.886944e-08,3.3497723e-05
L-BFGS-B,2160,2.2385827e-09,0.0021329636,7.885544e-08,3.349374e-05
L-BFGS-B,2161,2.2385984e-09,0.0021325499,7.885859e-08,3.3490076e-05
L-BFGS-B,2162,2.2395144e-09,0.002131922,7.886884e-08,3.348547e-05
L-BFGS-B,2163,2.2404414e-09,0.0021316044,7.886976e-08,3.3482575e-05
L-BFGS-B,2164,2.248511e-09,0.0021334868,7.886455e-08,3.3501827e-05
L-BFGS-B,2165,2.2417532e-09,0.0021313964,7.886834e-08,3.348048e-05
L-BFGS-B,2166,2.2422213e-09,0.0021309445,7.8874905e-08,3.3477012e-05
L-BFGS-B,2167,2.242461e-09,0.0021307738,7.887042e-08,3.3474673e-05
L-BFGS-B,2168,2.2416484e-09,0.0021306586,7.886401e-08,3.3472435e-05
L-BFGS-B,2169,2.241997e-09,0.0021304076,7.886319e-08,3.3469852e-05
L-BFGS-B,2170,2.2435402e-09,0.0021300593,7.886074e-08,3.3466236e-05
L-BFGS-B,2171,2.2430329e-09,0.002129606,7.8867345e-08,3.3462617e-05
L-BFGS-B,2172,2.2435904e-09,0.0021291762,7.8867586e-08,3.3458437e-05
L-BFGS-B,2173,2.2423685e-09,0.0021288476,7.887219e-08,3.345566e-05
L-BFGS-B,2174,2.241303e-09,0.0021287575,7.886483e-08,3.3453493e-05
L-BFGS-B,2175,2.2412228e-09,0.0021285436,7.886517e-08,3.3451397e-05
L-BFGS-B,2176,2.2414803e-09,0.0021283948,7.8867025e-08,3.3450226e-05
L-BFGS-B,2177,2.2427586e-09,0.0021283086,7.887476e-08,3.3450713e-05
L-BFGS-B,2178,2.2419295e-09,0.0021283003,7.887019e-08,3.3449818e-05
L-BFGS-B,2179,2.2416757e-09,0.002128246,7.8870734e-08,3.344932e-05
L-BFGS-B,2180,2.2411104e-09,0.0021281913,7.887213e-08,3.3448898e-05
L-BFGS-B,2181,2.2404627e-09,0.0021280895,7.8873164e-08,3.344794e-05
L-BFGS-B,2182,2.2374123e-09,0.002128294,7.887061e-08,3.3449145e-05
L-BFGS-B,2183,2.2393492e-09,0.0021280646,7.887221e-08,3.344738e-05
L-BFGS-B,2184,2.239134e-09,0.002127962,7.887391e-08,3.3446577e-05
L-BFGS-B,2185,2.239172e-09,0.0021278244,7.887499e-08,3.344537e-05
L-BFGS-B,2186,2.2358713e-09,0.0021326484,7.887394e-08,3.3492954e-05
L-BFGS-B,2187,2.238669e-09,0.002127814,7.887466e-08,3.344514e-05
L-BFGS-B,2188,2.2384317e-09,0.0021277028,7.888317e-08,3.344527e-05
L-BFGS-B,2189,2.2384783e-09,0.0021276802,7.887878e-08,3.344439e-05
L-BFGS-B,2190,2.238663e-09,0.0021273782,7.888095e-08,3.3441724e-05
L-BFGS-B,2191,2.2373199e-09,0.0021269552,7.8882294e-08,3.3437493e-05
L-BFGS-B,2192,2.2350755e-09,0.0021264353,7.888525e-08,3.34324e-05
L-BFGS-B,2193,2.2305302e-09,0.0021255452,7.8884305e-08,3.342268e-05
L-BFGS-B,2194,2.2239302e-09,0.0021295918,7.889141e-08,3.346322e-05
L-BFGS-B,2195,2.227844e-09,0.00212518,7.88844e-08,3.3418637e-05
L-BFGS-B,2196,2.2261608e-09,0.0021246253,7.887722e-08,3.341176e-05
L-BFGS-B,2197,2.2244877e-09,0.002124071,7.8868624e-08,3.3404674e-05
L-BFGS-B,2198,2.2280928e-09,0.0021240436,7.886032e-08,3.3403696e-05
L-BFGS-B,2199,2.2256592e-09,0.0021235668,7.8865135e-08,3.3399287e-05
L-BFGS-B,2200,2.223963e-09,0.0021226723,7.886579e-08,3.3390184e-05
L-BFGS-B,2201,2.2192015e-09,0.0021213803,7.886538e-08,3.337649e-05
L-BFGS-B,2202,2.224005e-09,0.0021240215,7.8856615e-08,3.340231e-05
L-BFGS-B,2203,2.219176e-09,0.0021205659,7.8862946e-08,3.3367978e-05
L-BFGS-B,2204,2.2166748e-09,0.002119798,7.885451e-08,3.3358658e-05
L-BFGS-B,2205,2.2112243e-09,0.0021192175,7.88443e-08,3.33505e-05
L-BFGS-B,2206,2.2462092e-09,0.0021612116,7.8824975e-08,3.377279e-05
L-BFGS-B,2207,2.210603e-09,0.0021189007,7.8839804e-08,3.3346565e-05
L-BFGS-B,2208,2.2101567e-09,0.0021187244,7.883809e-08,3.334448e-05
L-BFGS-B,2209,2.2087445e-09,0.002119738,7.8813784e-08,3.335076e-05
L-BFGS-B,2210,2.2090703e-09,0.0021185402,7.8828805e-08,3.3341083e-05
L-BFGS-B,2211,2.2084026e-09,0.0021181472,7.881955e-08,3.3335666e-05
L-BFGS-B,2212,2.207939e-09,0.0021175914,7.8821635e-08,3.333035e-05
L-BFGS-B,2213,2.204488e-09,0.0021171195,7.881904e-08,3.3324723e-05
L-BFGS-B,2214,2.2045559e-09,0.0021168143,7.881596e-08,3.332122e-05
L-BFGS-B,2215,2.2028068e-09,0.0021163803,7.881348e-08,3.3316246e-05
L-BFGS-B,2216,2.2019488e-09,0.002116447,7.879646e-08,3.331423e-05
L-BFGS-B,2217,2.2019941e-09,0.0021160617,7.880453e-08,3.3311597e-05
L-BFGS-B,2218,2.1978326e-09,0.0021160652,7.8790265e-08,3.330887e-05
L-BFGS-B,2219,2.1965822e-09,0.0021210937,7.867772e-08,3.3342083e-05
L-BFGS-B,2220,2.196579e-09,0.0021161544,7.8763364e-08,3.3305536e-05
L-BFGS-B,2221,2.1973763e-09,0.0021156513,7.8771215e-08,3.3301803e-05
L-BFGS-B,2222,2.1967461e-09,0.0021154678,7.877134e-08,3.329989e-05
L-BFGS-B,2223,2.1992008e-09,0.0021153786,7.877305e-08,3.3299624e-05
L-BFGS-B,2224,2.1966273e-09,0.0021160664,7.875432e-08,3.3303306e-05
L-BFGS-B,2225,2.198188e-09,0.0021153796,7.876679e-08,3.3298544e-05
L-BFGS-B,2226,2.1966728e-09,0.002115275,7.876656e-08,3.3297234e-05
L-BFGS-B,2227,2.1966082e-09,0.0021151935,7.8766256e-08,3.3296365e-05
L-BFGS-B,2228,2.1962792e-09,0.002115025,7.876448e-08,3.3294364e-05
L-BFGS-B,2229,2.1935849e-09,0.0021160387,7.8735575e-08,3.329976e-05
L-BFGS-B,2230,2.1952737e-09,0.0021150624,7.875611e-08,3.329333e-05
L-BFGS-B,2231,2.1958795e-09,0.0021148224,7.8758845e-08,3.3291435e-05
L-BFGS-B,2232,2.196446e-09,0.0021145844,7.876099e-08,3.328946e-05
L-BFGS-B,2233,2.2059001e-09,0.0021177065,7.877472e-08,3.3324155e-05
L-BFGS-B,2234,2.1972162e-09,0.0021144631,7.876257e-08,3.3288597e-05
L-BFGS-B,2235,2.1975772e-09,0.002114047,7.87636e-08,3.3284647e-05
L-BFGS-B,2236,2.1973188e-09,0.002113465,7.8763485e-08,3.3278768e-05
L-BFGS-B,2237,2.196436e-09,0.0021128939,7.8759086e-08,3.327227e-05
L-BFGS-B,2238,2.1954465e-09,0.0021138755,7.878086e-08,3.32852e-05
L-BFGS-B,2239,2.1958315e-09,0.0021126731,7.8764074e-08,3.3270717e-05
L-BFGS-B,2240,2.221326e-09,0.0021218455,7.8731816e-08,3.3361426e-05
L-BFGS-B,2241,2.1971809e-09,0.0021126294,7.87608e-08,3.326999e-05
L-BFGS-B,2242,2.1973197e-09,0.0021123595,7.875056e-08,3.3265776e-05
L-BFGS-B,2243,2.1986224e-09,0.002112088,7.876579e-08,3.326554e-05
L-BFGS-B,2244,2.1976823e-09,0.0021118186,7.875746e-08,3.3261458e-05
L-BFGS-B,2245,2.1975581e-09,0.0021112545,7.8758376e-08,3.3255936e-05
L-BFGS-B,2246,2.1977682e-09,0.0021100903,7.876064e-08,3.3244665e-05
L-BFGS-B,2247,2.1966982e-09,0.0021085518,7.8760024e-08,3.3229026e-05
L-BFGS-B,2248,2.195663e-09,0.002105559,7.875625e-08,3.3198376e-05
L-BFGS-B,2249,2.214518e-09,0.0021241014,7.882032e-08,3.339624e-05
L-BFGS-B,2250,2.1954993e-09,0.0021042957,7.876601e-08,3.318718e-05
L-BFGS-B,2251,2.1978102e-09,0.0021010074,7.87577e-08,3.31534e-05
L-BFGS-B,2252,2.197342e-09,0.002099886,7.8797264e-08,3.314805e-05
L-BFGS-B,2253,2.196066e-09,0.0020987366,7.8775024e-08,3.313303e-05
L-BFGS-B,2254,2.1977755e-09,0.0020966905,7.877392e-08,3.311266e-05
L-BFGS-B,2255,2.1976447e-09,0.0020965114,7.878091e-08,3.3111897e-05
L-BFGS-B,2256,2.1969635e-09,0.0020957731,7.877698e-08,3.310382e-05
L-BFGS-B,2257,2.1958066e-09,0.0020939573,7.878651e-08,3.3086922e-05
L-BFGS-B,2258,2.195548e-09,0.002092027,7.878087e-08,3.306673e-05
L-BFGS-B,2259,2.194994e-09,0.0020888152,7.878854e-08,3.303568e-05
L-BFGS-B,2260,2.1922735e-09,0.002084771,7.880277e-08,3.2996963e-05
L-BFGS-B,2261,2.1963318e-09,0.0020816557,7.885092e-08,3.2973643e-05
L-BFGS-B,2262,2.2030355e-09,0.0020794002,7.886835e-08,3.295471e-05
L-BFGS-B,2263,2.1961921e-09,0.0020755476,7.884175e-08,3.2911164e-05
L-BFGS-B,2264,2.1937818e-09,0.002072698,7.884729e-08,3.288314e-05
L-BFGS-B,2265,2.197191e-09,0.0020703825,7.885222e-08,3.2861237e-05
L-BFGS-B,2266,2.1950803e-09,0.002068227,7.886702e-08,3.2841584e-05
L-BFGS-B,2267,2.1932092e-09,0.0020658118,7.8873015e-08,3.281805e-05
L-BFGS-B,2268,2.1919888e-09,0.0020619167,7.887363e-08,3.277901e-05
L-BFGS-B,2269,2.1921331e-09,0.0020581838,7.88865e-08,3.2743636e-05
L-BFGS-B,2270,2.1910034e-09,0.0020574986,7.890533e-08,3.2739437e-05
L-BFGS-B,2271,2.1896602e-09,0.0020556264,7.889371e-08,3.271877e-05
L-BFGS-B,2272,2.1907423e-09,0.0020527395,7.8896825e-08,3.269053e-05
L-BFGS-B,2273,2.186623e-09,0.0020495064,7.891693e-08,3.2660595e-05
L-BFGS-B,2274,2.1889863e-09,0.0020468605,7.897423e-08,3.2643085e-05
L-BFGS-B,2275,2.1817563e-09,0.0020425385,7.895884e-08,3.2596476e-05
L-BFGS-B,2276,2.1790707e-09,0.0020409292,7.895966e-08,3.25801e-05
L-BFGS-B,2277,2.1778106e-09,0.0020394754,7.894926e-08,3.2563814e-05
L-BFGS-B,2278,2.173315e-09,0.0020382935,7.897052e-08,3.255451e-05
L-BFGS-B,2279,2.1708626e-09,0.002035903,7.8949206e-08,3.252704e-05
L-BFGS-B,2280,2.1656705e-09,0.0020325496,7.8916244e-08,3.2487784e-05
L-BFGS-B,2281,2.1553836e-09,0.002031803,7.889454e-08,3.2475516e-05
L-BFGS-B,2282,2.159013e-09,0.0020305626,7.890222e-08,3.246481e-05
L-BFGS-B,2283,2.1530044e-09,0.0020284555,7.888189e-08,3.2439788e-05
L-BFGS-B,2284,2.144398e-09,0.0020264073,7.884394e-08,3.2412325e-05
L-BFGS-B,2285,2.1420044e-09,0.0020270385,7.8791636e-08,3.2410433e-05
L-BFGS-B,2286,2.1412525e-09,0.0020244708,7.882123e-08,3.238908e-05
L-BFGS-B,2287,2.1368711e-09,0.0020226224,7.880773e-08,3.2367912e-05
L-BFGS-B,2288,2.139239e-09,0.0020212098,7.879643e-08,3.2352447e-05
L-BFGS-B,2289,2.139571e-09,0.0020193479,7.88105e-08,3.233599e-05
L-BFGS-B,2290,2.1378312e-09,0.0020179215,7.880758e-08,3.2321026e-05
L-BFGS-B,2291,2.1359121e-09,0.0020184312,7.88114e-08,3.232641e-05
L-BFGS-B,2292,2.135234e-09,0.0020163977,7.880865e-08,3.2305557e-05
L-BFGS-B,2293,2.123743e-09,0.0020209516,7.870563e-08,3.2333923e-05
L-BFGS-B,2294,2.1252542e-09,0.0020133916,7.8759605e-08,3.2266646e-05
L-BFGS-B,2295,2.116612e-09,0.002010347,7.874218e-08,3.223229e-05
L-BFGS-B,2296,2.122489e-09,0.0020105792,7.868939e-08,3.2227574e-05
L-BFGS-B,2297,2.1163682e-09,0.0020073822,7.871682e-08,3.21988e-05
L-BFGS-B,2298,2.1064595e-09,0.0020054462,7.865929e-08,3.2169326e-05
L-BFGS-B,2299,2.1075417e-09,0.0020025868,7.8676095e-08,3.2143413e-05
L-BFGS-B,2300,2.1078048e-09,0.002000293,7.8684515e-08,3.2121778e-05
L-BFGS-B,2301,2.1075397e-09,0.0019984718,7.8679136e-08,3.210272e-05
L-BFGS-B,2302,2.1064477e-09,0.001996753,7.869972e-08,3.2088457e-05
L-BFGS-B,2303,2.1186428e-09,0.0020044215,7.870825e-08,3.216825e-05
L-BFGS-B,2304,2.1070155e-09,0.001996228,7.870108e-08,3.2083495e-05
L-BFGS-B,2305,2.1055815e-09,0.0019955048,7.8703934e-08,3.2076474e-05
L-BFGS-B,2306,2.1038733e-09,0.0019943514,7.871622e-08,3.2066528e-05
L-BFGS-B,2307,2.1059636e-09,0.001993219,7.873626e-08,3.2058524e-05
L-BFGS-B,2308,2.106439e-09,0.0019921248,7.875591e-08,3.20506e-05
L-BFGS-B,2309,2.1071789e-09,0.001991319,7.87592e-08,3.2043146e-05
L-BFGS-B,2310,2.1109328e-09,0.0019912415,7.873155e-08,3.2038788e-05
L-BFGS-B,2311,2.1066173e-09,0.0019897632,7.874904e-08,3.2025982e-05
L-BFGS-B,2312,2.1061175e-09,0.0019896408,7.8734914e-08,3.2022563e-05
L-BFGS-B,2313,2.103819e-09,0.0019890172,7.8728704e-08,3.201505e-05
L-BFGS-B,2314,2.1021211e-09,0.0019883509,7.872553e-08,3.2007654e-05
L-BFGS-B,2315,2.103091e-09,0.001987642,7.872152e-08,3.2000113e-05
L-BFGS-B,2316,2.0901465e-09,0.001989289,7.863711e-08,3.2001975e-05
L-BFGS-B,2317,2.0954438e-09,0.0019870054,7.867821e-08,3.19861e-05
L-BFGS-B,2318,2.0994275e-09,0.0019894766,7.866287e-08,3.200911e-05
L-BFGS-B,2319,2.0948674e-09,0.0019859362,7.867351e-08,3.1974618e-05
L-BFGS-B,2320,2.0925495e-09,0.0019844398,7.8674425e-08,3.1959444e-05
L-BFGS-B,2321,2.0895585e-09,0.0019825243,7.8666055e-08,3.1938584e-05
L-BFGS-B,2322,2.1012982e-09,0.0019967766,7.869414e-08,3.2087082e-05
L-BFGS-B,2323,2.0892075e-09,0.0019822246,7.86677e-08,3.1935782e-05
L-BFGS-B,2324,2.0893296e-09,0.0019810805,7.8671455e-08,3.1924923e-05
L-BFGS-B,2325,2.0914794e-09,0.0019798977,7.867911e-08,3.1914566e-05
L-BFGS-B,2326,2.0916269e-09,0.001978334,7.870299e-08,3.1902535e-05
L-BFGS-B,2327,2.0926911e-09,0.0019770276,7.870554e-08,3.189001e-05
L-BFGS-B,2328,2.0924156e-09,0.001976322,7.8702925e-08,3.188252e-05
L-BFGS-B,2329,2.0924824e-09,0.00197515,7.8698385e-08,3.1870128e-05
L-BFGS-B,2330,2.0924706e-09,0.0019744118,7.869408e-08,3.18621e-05
L-BFGS-B,2331,2.0926907e-09,0.0019738853,7.8687506e-08,3.185588e-05
L-BFGS-B,2332,2.0923032e-09,0.0019732197,7.8690185e-08,3.184957e-05
L-BFGS-B,2333,2.0929485e-09,0.0019723843,7.869824e-08,3.1842523e-05
L-BFGS-B,2334,2.1697089e-09,0.0020489006,7.876014e-08,3.2628483e-05
L-BFGS-B,2335,2.092905e-09,0.001972244,7.86974e-08,3.1840984e-05
L-BFGS-B,2336,2.0979327e-09,0.001982028,7.877967e-08,3.195192e-05
L-BFGS-B,2337,2.0918407e-09,0.0019718313,7.870841e-08,3.183835e-05
L-BFGS-B,2338,2.0908997e-09,0.0019707212,7.870658e-08,3.1826836e-05
L-BFGS-B,2339,2.094058e-09,0.001970708,7.8749565e-08,3.183362e-05
L-BFGS-B,2340,2.0914928e-09,0.0019700404,7.8722614e-08,3.182252e-05
L-BFGS-B,2341,2.0899238e-09,0.0019693025,7.871023e-08,3.1813048e-05
L-BFGS-B,2342,2.0865354e-09,0.0019685635,7.868795e-08,3.1801806e-05
L-BFGS-B,2343,2.0874944e-09,0.0019683915,7.867516e-08,3.1798314e-05
L-BFGS-B,2344,2.0865405e-09,0.0019680003,7.8681616e-08,3.1795225e-05
L-BFGS-B,2345,2.0839948e-09,0.0019669498,7.867137e-08,3.17828e-05
L-BFGS-B,2346,2.084959e-09,0.001966106,7.867841e-08,3.1775566e-05
L-BFGS-B,2347,2.08544e-09,0.0019650138,7.868114e-08,3.176512e-05
L-BFGS-B,2348,2.7095856e-08,0.029204683,8.0398735e-08,0.00030817103
L-BFGS-B,2349,2.11136e-09,0.001992587,7.870446e-08,3.2048243e-05
L-BFGS-B,2350,2.0857034e-09,0.0019647663,7.86807e-08,3.1762625e-05
L-BFGS-B,2351,2.0859965e-09,0.0019633765,7.868857e-08,3.174995e-05
L-BFGS-B,2352,2.087981e-09,0.0019612077,7.871027e-08,3.1731815e-05
L-BFGS-B,2353,2.0901325e-09,0.0019607588,7.871881e-08,3.172893e-05
L-BFGS-B,2354,2.0886635e-09,0.001960422,7.87141e-08,3.1724634e-05
L-BFGS-B,2355,2.0904918e-09,0.0019611786,7.869666e-08,3.1729858e-05
L-BFGS-B,2356,2.0889004e-09,0.0019603265,7.870852e-08,3.1722877e-05
L-BFGS-B,2357,2.0880082e-09,0.001960096,7.870756e-08,3.1720294e-05
L-BFGS-B,2358,2.0877615e-09,0.001959973,7.870568e-08,3.1718744e-05
L-BFGS-B,2359,2.087731e-09,0.0019596068,7.870148e-08,3.1714448e-05
L-BFGS-B,2360,2.087714e-09,0.0019593742,7.8705725e-08,3.1712756e-05
L-BFGS-B,2361,2.0883693e-09,0.0019590037,7.871257e-08,3.1710177e-05
L-BFGS-B,2362,2.0903097e-09,0.0019585185,7.8725165e-08,3.1707506e-05
L-BFGS-B,2363,2.0908797e-09,0.0019578799,7.872531e-08,3.1701227e-05
L-BFGS-B,2364,2.092651e-09,0.0019567858,7.873754e-08,3.1692387e-05
L-BFGS-B,2365,2.096911e-09,0.0019557402,7.874944e-08,3.168435e-05
L-BFGS-B,2366,2.1007378e-09,0.0019551492,7.876857e-08,3.1681888e-05
L-BFGS-B,2367,2.1021462e-09,0.001954979,7.876203e-08,3.1679418e-05
L-BFGS-B,2368,2.1002444e-09,0.0019548575,7.876015e-08,3.167763e-05
L-BFGS-B,2369,2.0990258e-09,0.0019546775,7.875968e-08,3.1675583e-05
L-BFGS-B,2370,2.0976176e-09,0.0019543418,7.875929e-08,3.1671952e-05
L-BFGS-B,2371,2.0967914e-09,0.0019538493,7.87603e-08,3.1667056e-05
L-BFGS-B,2372,2.0947062e-09,0.0019540926,7.875992e-08,3.1669122e-05
L-BFGS-B,2373,2.0955697e-09,0.0019536035,7.87602e-08,3.16644e-05
L-BFGS-B,2374,2.0985886e-09,0.0019529894,7.876639e-08,3.165964e-05
L-BFGS-B,2375,2.0962503e-09,0.0019524513,7.87698e-08,3.165442e-05
L-BFGS-B,2376,2.0972932e-09,0.0019520913,7.8774974e-08,3.1651754e-05
L-BFGS-B,2377,2.0979463e-09,0.0019518752,7.877792e-08,3.1650132e-05
L-BFGS-B,2378,2.0965212e-09,0.0019518377,7.877543e-08,3.1649168e-05
L-BFGS-B,2379,2.0962176e-09,0.0019518603,7.877253e-08,3.1648913e-05
L-BFGS-B,2380,2.0955602e-09,0.0019518783,7.8768835e-08,3.1648444e-05
L-BFGS-B,2381,2.0949167e-09,0.0019518747,7.876604e-08,3.164789e-05
L-BFGS-B,2382,2.0942879e-09,0.0019517863,7.876462e-08,3.16467e-05
L-BFGS-B,2383,2.0941338e-09,0.0019515719,7.876641e-08,3.16448e-05
L-BFGS-B,2384,2.3993552e-09,0.002306801,7.928459e-08,3.53206e-05
L-BFGS-B,2385,2.093865e-09,0.0019515449,7.876778e-08,3.1644697e-05
L-BFGS-B,2386,2.0955406e-09,0.001951139,7.87823e-08,3.1643067e-05
L-BFGS-B,2387,2.096757e-09,0.0019509301,7.878668e-08,3.1641815e-05
L-BFGS-B,2388,2.0977604e-09,0.0019506562,7.8790265e-08,3.1639764e-05
L-BFGS-B,2389,2.0990192e-09,0.0019504224,7.879367e-08,3.1638127e-05
L-BFGS-B,2390,4.7983755e-09,0.0046649002,7.918575e-08,5.924662e-05
L-BFGS-B,2391,2.1121558e-09,0.00195515,7.879669e-08,3.1687825e-05
L-BFGS-B,2392,2.0997162e-09,0.0019503809,7.8793704e-08,3.163782e-05
L-BFGS-B,2393,2.101562e-09,0.001950089,7.8790336e-08,3.1634674e-05
L-BFGS-B,2394,2.1010893e-09,0.001950186,7.878286e-08,3.1634452e-05
L-BFGS-B,2395,2.1014954e-09,0.0019501967,7.8774356e-08,3.1633343e-05
L-BFGS-B,2396,2.1015754e-09,0.0019500677,7.877761e-08,3.1632553e-05
L-BFGS-B,2397,2.1009279e-09,0.0019499782,7.877944e-08,3.1631836e-05
L-BFGS-B,2398,2.1005762e-09,0.0019499558,7.877634e-08,3.1631094e-05
L-BFGS-B,2399,2.1000937e-09,0.0019498946,7.8768274e-08,3.1629203e-05
L-BFGS-B,2400,2.0998503e-09,0.0019497775,7.876607e-08,3.1627664e-05
L-BFGS-B,2401,2.1000115e-09,0.0019497365,7.87506e-08,3.1624957e-05
L-BFGS-B,2402,2.098992e-09,0.0019493597,7.874947e-08,3.1620868e-05
L-BFGS-B,2403,2.0998492e-09,0.0019490471,7.875486e-08,3.1618678e-05
L-BFGS-B,2404,2.099011e-09,0.0019488774,7.8752606e-08,3.1616517e-05
L-BFGS-B,2405,2.0998694e-09,0.0019482997,7.875809e-08,3.1611693e-05
L-BFGS-B,2406,2.1026445e-09,0.0019476183,7.876765e-08,3.1606727e-05
L-BFGS-B,2407,2.1089666e-09,0.0019474459,7.8799246e-08,3.1610693e-05
L-BFGS-B,2408,2.1047957e-09,0.0019469179,7.878084e-08,3.1602023e-05
L-BFGS-B,2409,2.1033808e-09,0.0019465234,7.877973e-08,3.15977e-05
L-BFGS-B,2410,2.1015176e-09,0.0019464092,7.8764884e-08,3.1594052e-05
L-BFGS-B,2411,2.1008055e-09,0.0019475108,7.8771805e-08,3.1606e-05
L-BFGS-B,2412,2.100813e-09,0.0019462148,7.8766995e-08,3.1592317e-05
L-BFGS-B,2413,2.1004352e-09,0.0019460234,7.8764174e-08,3.1589927e-05
L-BFGS-B,2414,2.1021305e-09,0.0019458039,7.876125e-08,3.1587548e-05
L-BFGS-B,2415,2.1029802e-09,0.0019455563,7.876496e-08,3.1585754e-05
L-BFGS-B,2416,2.103893e-09,0.0019454294,7.876573e-08,3.1584736e-05
L-BFGS-B,2417,2.1047861e-09,0.0019451993,7.877017e-08,3.1583237e-05
L-BFGS-B,2418,2.1053463e-09,0.0019449008,7.87776e-08,3.158145e-05
L-BFGS-B,2419,2.1126894e-09,0.001945886,7.878923e-08,3.1594147e-05
L-BFGS-B,2420,2.1062418e-09,0.001944826,7.877902e-08,3.158105e-05
L-BFGS-B,2421,2.1052398e-09,0.0019445929,7.878307e-08,3.1579173e-05
L-BFGS-B,2422,2.103771e-09,0.0019445863,7.877935e-08,3.1578333e-05
L-BFGS-B,2423,2.101659e-09,0.0019445815,7.877635e-08,3.1577518e-05
L-BFGS-B,2424,2.1022901e-09,0.001944441,7.877692e-08,3.157629e-05
L-BFGS-B,2425,2.1037452e-09,0.0019442174,7.877682e-08,3.1574258e-05
L-BFGS-B,2426,2.1030415e-09,0.0019440829,7.877396e-08,3.157238e-05
L-BFGS-B,2427,2.1016224e-09,0.0019437703,7.8771194e-08,3.1568627e-05
L-BFGS-B,2428,2.0994977e-09,0.0019434505,7.876799e-08,3.156463e-05
L-BFGS-B,2429,2.1000575e-09,0.0019429092,7.877906e-08,3.1560958e-05
L-BFGS-B,2430,2.1039719e-09,0.001944114,7.8786506e-08,3.157471e-05
L-BFGS-B,2431,2.1004603e-09,0.0019427979,7.8780715e-08,3.1560154e-05
L-BFGS-B,2432,2.1007045e-09,0.0019423342,7.87889e-08,3.155678e-05
L-BFGS-B,2433,2.1007212e-09,0.0019421763,7.878055e-08,3.1553955e-05
L-BFGS-B,2434,2.1006714e-09,0.0019419685,7.87822e-08,3.1552114e-05
L-BFGS-B,2435,2.101364e-09,0.0019416753,7.878238e-08,3.1549316e-05
L-BFGS-B,2436,2.1013626e-09,0.0019416015,7.877881e-08,3.154804e-05
L-BFGS-B,2437,2.1013493e-09,0.0019414151,7.878092e-08,3.154649e-05
L-BFGS-B,2438,2.1011732e-09,0.0019409682,7.878313e-08,3.1542328e-05
L-BFGS-B,2439,2.113964e-09,0.001947721,7.876542e-08,3.1609117e-05
L-BFGS-B,2440,2.102003e-09,0.0019408972,7.877957e-08,3.1541207e-05
L-BFGS-B,2441,2.1016833e-09,0.0019403407,7.878073e-08,3.153577e-05
L-BFGS-B,2442,2.101464e-09,0.0019397031,7.8793924e-08,3.1531337e-05
L-BFGS-B,2443,2.1035442e-09,0.0019399504,7.879412e-08,3.1534153e-05
L-BFGS-B,2444,2.1018958e-09,0.0019394201,7.8794606e-08,3.1528674e-05
L-BFGS-B,2445,2.1013475e-09,0.0019389084,7.879512e-08,3.1523552e-05
L-BFGS-B,2446,2.1005184e-09,0.0019386658,7.8792205e-08,3.1520565e-05
L-BFGS-B,2447,2.1003967e-09,0.0019385141,7.878785e-08,3.151838e-05
L-BFGS-B,2448,2.1006241e-09,0.0019384107,7.8781845e-08,3.1516476e-05
L-BFGS-B,2449,2.1011177e-09,0.0019383178,7.877518e-08,3.151462e-05
L-BFGS-B,2450,2.101697e-09,0.0019382074,7.877413e-08,3.151345e-05
L-BFGS-B,2451,2.1021194e-09,0.0019380108,7.877556e-08,3.1511758e-05
L-BFGS-B,2452,2.102909e-09,0.0019375705,7.878465e-08,3.150884e-05
L-BFGS-B,2453,2.1028963e-09,0.0019373953,7.878427e-08,3.150703e-05
L-BFGS-B,2454,2.1028668e-09,0.0019371345,7.8790144e-08,3.1505297e-05
L-BFGS-B,2455,2.1022233e-09,0.0019369426,7.8787814e-08,3.1502932e-05
L-BFGS-B,2456,2.1024043e-09,0.0019364395,7.877519e-08,3.1496034e-05
L-BFGS-B,2457,2.102337e-09,0.0019357057,7.8768494e-08,3.148768e-05
L-BFGS-B,2458,2.1074882e-09,0.0019346714,7.877785e-08,3.1479514e-05
L-BFGS-B,2459,2.1083788e-09,0.001934443,7.8780225e-08,3.147772e-05
L-BFGS-B,2460,2.107276e-09,0.0019339694,7.877894e-08,3.1472628e-05
L-BFGS-B,2461,2.1048716e-09,0.0019336165,7.8800625e-08,3.1471987e-05
L-BFGS-B,2462,2.1055027e-09,0.0019332331,7.878985e-08,3.1466632e-05
L-BFGS-B,2463,2.1065936e-09,0.0019325938,7.8798855e-08,3.1461754e-05
L-BFGS-B,2464,2.108989e-09,0.0019318671,7.8813876e-08,3.14571e-05
L-BFGS-B,2465,2.1085735e-09,0.0019317599,7.88169e-08,3.145642e-05
L-BFGS-B,2466,2.108758e-09,0.001931051,7.8818616e-08,3.1449614e-05
L-BFGS-B,2467,2.1092021e-09,0.0019304605,7.8822524e-08,3.144436e-05
L-BFGS-B,2468,2.1093258e-09,0.0019300173,7.8822886e-08,3.1440002e-05
L-BFGS-B,2469,2.1084596e-09,0.0019294719,7.8827526e-08,3.1435116e-05
L-BFGS-B,2470,2.1092694e-09,0.0019291403,7.883284e-08,3.143272e-05
L-BFGS-B,2471,2.1074178e-09,0.001928941,7.882803e-08,3.142973e-05
L-BFGS-B,2472,2.106861e-09,0.0019287945,7.882664e-08,3.142797e-05
L-BFGS-B,2473,2.107372e-09,0.0019286659,7.882297e-08,3.142621e-05
L-BFGS-B,2474,2.1090123e-09,0.001928388,7.882336e-08,3.1423733e-05
L-BFGS-B,2475,2.110786e-09,0.0019282048,7.881913e-08,3.1421536e-05
L-BFGS-B,2476,2.1125839e-09,0.0019278969,7.8822865e-08,3.1419288e-05
L-BFGS-B,2477,2.1140707e-09,0.0019275886,7.88286e-08,3.1417287e-05
L-BFGS-B,2478,2.112958e-09,0.0019288365,7.8826766e-08,3.142932e-05
L-BFGS-B,2479,2.1136264e-09,0.0019275384,7.882827e-08,3.141667e-05
L-BFGS-B,2480,2.1150812e-09,0.0019270665,7.883655e-08,3.141341e-05
L-BFGS-B,2481,2.1165656e-09,0.0019264298,7.8845474e-08,3.1408603e-05
L-BFGS-B,2482,2.1215707e-09,0.0019261274,7.887004e-08,3.1410014e-05
L-BFGS-B,2483,2.1185218e-09,0.0019259661,7.885621e-08,3.140587e-05
L-BFGS-B,2484,2.127489e-09,0.0019320113,7.8859266e-08,3.1468124e-05
L-BFGS-B,2485,2.1185564e-09,0.0019251343,7.885714e-08,3.13977e-05
L-BFGS-B,2486,2.1248512e-09,0.0019245395,7.889201e-08,3.139792e-05
L-BFGS-B,2487,2.1209436e-09,0.0019240554,7.8874756e-08,3.1389907e-05
L-BFGS-B,2488,2.118854e-09,0.0019235256,7.886058e-08,3.1382173e-05
L-BFGS-B,2489,2.1160849e-09,0.0019218468,7.888011e-08,3.1367897e-05
L-BFGS-B,2490,2.1164417e-09,0.0019203433,7.887875e-08,3.135271e-05
L-BFGS-B,2491,2.1173823e-09,0.0019193868,7.887342e-08,3.1342486e-05
L-BFGS-B,2492,2.1147233e-09,0.0019184246,7.88501e-08,3.132897e-05
L-BFGS-B,2493,2.1149111e-09,0.0019169683,7.8843186e-08,3.1313397e-05
L-BFGS-B,2494,2.112149e-09,0.0019161602,7.883656e-08,3.130391e-05
L-BFGS-B,2495,2.1094193e-09,0.0019161567,7.8849624e-08,3.1305426e-05
L-BFGS-B,2496,2.1101028e-09,0.0019154917,7.8843414e-08,3.1297943e-05
L-BFGS-B,2497,2.1093376e-09,0.0019143942,7.884812e-08,3.128756e-05
L-BFGS-B,2498,2.110796e-09,0.001912772,7.886141e-08,3.127355e-05
L-BFGS-B,2499,2.1097648e-09,0.0019112977,7.887645e-08,3.1260908e-05
L-BFGS-B,2500,2.1204405e-09,0.0019162192,7.89791e-08,3.1327123e-05
L-BFGS-B,2501,2.1099955e-09,0.0019104048,7.8899795e-08,3.1255513e-05
L-BFGS-B,2502,2.1082371e-09,0.0019092107,7.891309e-08,3.1245305e-05
L-BFGS-B,2503,2.1088817e-09,0.0019079469,7.8938136e-08,3.1236523e-05
L-BFGS-B,2504,2.1056141e-09,0.0019069172,7.893746e-08,3.122563e-05
L-BFGS-B,2505,2.1019289e-09,0.0019058785,7.8927044e-08,3.121313e-05
L-BFGS-B,2506,2.1014506e-09,0.0019054066,7.8913715e-08,3.1206342e-05
L-BFGS-B,2507,2.1012232e-09,0.0019046544,7.891643e-08,3.119919e-05
L-BFGS-B,2508,2.1026594e-09,0.0019034949,7.8922426e-08,3.1188712e-05
L-BFGS-B,2509,2.1078876e-09,0.0019028367,7.8974566e-08,3.1190735e-05
L-BFGS-B,2510,2.10438e-09,0.0019025437,7.894632e-08,3.118304e-05
L-BFGS-B,2511,2.113076e-09,0.0019152652,7.884461e-08,3.1296302e-05
L-BFGS-B,2512,2.1017137e-09,0.0019012617,7.892181e-08,3.1166146e-05
L-BFGS-B,2513,2.1010296e-09,0.0018996946,7.8925616e-08,3.1150943e-05
L-BFGS-B,2514,2.1000457e-09,0.0018979771,7.8933546e-08,3.113481e-05
L-BFGS-B,2515,2.099688e-09,0.0018962153,7.895055e-08,3.1119685e-05
L-BFGS-B,2516,2.100391e-09,0.0018949984,7.896104e-08,3.1109197e-05
L-BFGS-B,2517,2.1038877e-09,0.0018934893,7.897986e-08,3.1097454e-05
L-BFGS-B,2518,2.1082516e-09,0.0018944477,7.900918e-08,3.1112093e-05
L-BFGS-B,2519,2.1046263e-09,0.0018930956,7.898781e-08,3.1094823e-05
L-BFGS-B,2520,2.1065518e-09,0.0018922206,7.8999584e-08,3.1088122e-05
L-BFGS-B,2521,2.1072288e-09,0.0018913526,7.9021895e-08,3.1082895e-05
L-BFGS-B,2522,2.1063846e-09,0.0018906018,7.903429e-08,3.107712e-05
L-BFGS-B,2523,2.1074378e-09,0.0018896243,7.902893e-08,3.1066695e-05
L-BFGS-B,2524,2.105908e-09,0.0018881225,7.904453e-08,3.105379e-05
L-BFGS-B,2525,2.106142e-09,0.0018871692,7.9030855e-08,3.104224e-05
L-BFGS-B,2526,2.1064561e-09,0.0018865778,7.902082e-08,3.103487e-05
L-BFGS-B,2527,2.1042215e-09,0.0018857848,7.900659e-08,3.102447e-05
L-BFGS-B,2528,2.1037796e-09,0.001884911,7.902034e-08,3.1017727e-05
L-BFGS-B,2529,2.1034354e-09,0.001886061,7.9031565e-08,3.103086e-05
L-BFGS-B,2530,2.102915e-09,0.0018845059,7.902388e-08,3.1014075e-05
L-BFGS-B,2531,2.1010294e-09,0.0018835487,7.903332e-08,3.100564e-05
L-BFGS-B,2532,2.1003104e-09,0.0018810348,7.903634e-08,3.0980846e-05
L-BFGS-B,2533,2.1004025e-09,0.0018802629,7.902141e-08,3.09709e-05
L-BFGS-B,2534,2.1000546e-09,0.0018786166,7.90446e-08,3.0957865e-05
L-BFGS-B,2535,2.0985e-09,0.0018772016,7.9053294e-08,3.0944786e-05
L-BFGS-B,2536,2.0985738e-09,0.0018760528,7.9063405e-08,3.0934825e-05
L-BFGS-B,2537,2.0994562e-09,0.0018750031,7.9067576e-08,3.0925083e-05
L-BFGS-B,2538,2.1017768e-09,0.0018761512,7.90859e-08,3.0939664e-05
L-BFGS-B,2539,2.0994626e-09,0.0018743938,7.9073054e-08,3.0919815e-05
L-BFGS-B,2540,2.1003268e-09,0.0018739062,7.90855e-08,3.0916934e-05
L-BFGS-B,2541,2.0985855e-09,0.0018734315,7.908563e-08,3.0911946e-05
L-BFGS-B,2542,2.0950084e-09,0.0018750652,7.904116e-08,3.0921074e-05
L-BFGS-B,2543,2.096801e-09,0.0018733639,7.907065e-08,3.0908755e-05
L-BFGS-B,2544,2.0969817e-09,0.001872881,7.9089645e-08,3.0906805e-05
L-BFGS-B,2545,2.0961795e-09,0.0018723162,7.908387e-08,3.090017e-05
L-BFGS-B,2546,2.0946798e-09,0.0018723329,7.907723e-08,3.0899115e-05
L-BFGS-B,2547,2.0946367e-09,0.0018717856,7.9074766e-08,3.0893265e-05
L-BFGS-B,2548,2.093882e-09,0.0018713481,7.907355e-08,3.0888597e-05
L-BFGS-B,2549,2.091557e-09,0.0018708099,7.9068144e-08,3.0882053e-05
L-BFGS-B,2550,2.0913988e-09,0.0018704324,7.906921e-08,3.0878415e-05
L-BFGS-B,2551,2.089668e-09,0.0018702374,7.9057926e-08,3.0874515e-05
L-BFGS-B,2552,2.088844e-09,0.0018699999,7.905874e-08,3.0872136e-05
L-BFGS-B,2553,2.0876645e-09,0.0018697999,7.906103e-08,3.0870306e-05
L-BFGS-B,2554,2.0867201e-09,0.0018696759,7.906022e-08,3.08688e-05
L-BFGS-B,2555,2.086072e-09,0.0018694963,7.906261e-08,3.0867264e-05
L-BFGS-B,2556,2.086183e-09,0.0018693636,7.906409e-08,3.0866177e-05
L-BFGS-B,2557,2.08582e-09,0.0018692665,7.9063064e-08,3.0864998e-05
L-BFGS-B,2558,2.0847004e-09,0.0018690918,7.9061685e-08,3.0862873e-05
L-BFGS-B,2559,2.08434e-09,0.0018689412,7.905932e-08,3.086096e-05
L-BFGS-B,2560,2.0823845e-09,0.0018688354,7.9056484e-08,3.0859184e-05
L-BFGS-B,2561,2.083408e-09,0.0018686142,7.905801e-08,3.0857354e-05
L-BFGS-B,2562,2.084445e-09,0.00186835,7.906084e-08,3.085529e-05
L-BFGS-B,2563,2.0856965e-09,0.0018679834,7.907243e-08,3.0853553e-05
L-BFGS-B,2564,2.0860877e-09,0.0018677906,7.9074056e-08,3.0851927e-05
L-BFGS-B,2565,2.0861965e-09,0.0018674341,7.908077e-08,3.0849384e-05
L-BFGS-B,2566,2.0858533e-09,0.0018668706,7.909328e-08,3.084558e-05
L-BFGS-B,2567,2.0957427e-09,0.001883187,7.908191e-08,3.1008516e-05
L-BFGS-B,2568,2.0851025e-09,0.0018667354,7.9091215e-08,3.0843803e-05
L-BFGS-B,2569,2.0858428e-09,0.0018655121,7.911111e-08,3.0834664e-05
L-BFGS-B,2570,2.0888682e-09,0.0018710997,7.9097084e-08,3.088889e-05
L-BFGS-B,2571,2.085375e-09,0.0018654029,7.9108915e-08,3.0833173e-05
L-BFGS-B,2572,2.0856958e-09,0.0018645906,7.911323e-08,3.0825744e-05
L-BFGS-B,2573,2.0864246e-09,0.001863382,7.91126e-08,3.0813673e-05
L-BFGS-B,2574,2.0858661e-09,0.0018620484,7.910397e-08,3.079896e-05
L-BFGS-B,2575,2.0821955e-09,0.0018602271,7.908567e-08,3.077745e-05
L-BFGS-B,2576,2.0786792e-09,0.0018581533,7.908011e-08,3.075535e-05
L-BFGS-B,2577,2.0750675e-09,0.0018565757,7.911637e-08,3.074447e-05
L-BFGS-B,2578,2.0741417e-09,0.0018550709,7.9140804e-08,3.073295e-05
L-BFGS-B,2579,2.073723e-09,0.0018544594,7.913522e-08,3.0725932e-05
L-BFGS-B,2580,2.0722088e-09,0.0018535628,7.913497e-08,3.0716703e-05
L-BFGS-B,2581,2.0694442e-09,0.0018525047,7.9135056e-08,3.070572e-05
L-BFGS-B,2582,2.0739974e-09,0.0018811538,7.9168565e-08,3.0997922e-05
L-BFGS-B,2583,2.0668975e-09,0.0018521472,7.9137976e-08,3.0702202e-05
L-BFGS-B,2584,2.0642736e-09,0.0018507115,7.912606e-08,3.0685667e-05
L-BFGS-B,2585,2.0656463e-09,0.0018499742,7.912316e-08,3.067806e-05
L-BFGS-B,2586,2.0623818e-09,0.0018477745,7.911204e-08,3.0653908e-05
L-BFGS-B,2587,2.0582445e-09,0.0018453145,7.907673e-08,3.0623392e-05
L-BFGS-B,2588,2.0516653e-09,0.0018497023,7.903831e-08,3.0660518e-05
L-BFGS-B,2589,2.054035e-09,0.0018444406,7.906199e-08,3.061181e-05
L-BFGS-B,2590,2.0515916e-09,0.0018457319,7.899588e-08,3.061444e-05
L-BFGS-B,2591,2.0508137e-09,0.001843235,7.9029846e-08,3.059445e-05
L-BFGS-B,2592,2.0489896e-09,0.0018412996,7.90219e-08,3.057363e-05
L-BFGS-B,2593,2.0472488e-09,0.0018381483,7.9003605e-08,3.053911e-05
L-BFGS-B,2594,2.0465258e-09,0.001836985,7.897944e-08,3.0523744e-05
L-BFGS-B,2595,2.0438373e-09,0.001834704,7.9004714e-08,3.0504321e-05
L-BFGS-B,2596,2.0463249e-09,0.001832239,7.899579e-08,3.0478706e-05
L-BFGS-B,2597,2.0419628e-09,0.001829572,7.8981365e-08,3.0449217e-05
L-BFGS-B,2598,2.0423876e-09,0.0018356338,7.898731e-08,3.0510791e-05
L-BFGS-B,2599,2.0374413e-09,0.0018271946,7.8984705e-08,3.0425266e-05
L-BFGS-B,2600,3.0739753e-09,0.0029445193,7.8621106e-08,4.1699455e-05
L-BFGS-B,2601,2.031331e-09,0.0018257553,7.894139e-08,3.040346e-05
L-BFGS-B,2602,2.032432e-09,0.0018237274,7.897884e-08,3.0388965e-05
L-BFGS-B,2603,2.034727e-09,0.0018211174,7.8942115e-08,3.0357698e-05
L-BFGS-B,2604,2.031928e-09,0.0018186814,7.894284e-08,3.0333029e-05
L-BFGS-B,2605,2.0297066e-09,0.0018169174,7.896684e-08,3.0318655e-05
L-BFGS-B,2606,2.0300597e-09,0.0018152584,7.895765e-08,3.030074e-05
L-BFGS-B,2607,2.0297768e-09,0.0018142364,7.8945405e-08,3.028864e-05
L-BFGS-B,2608,2.0312825e-09,0.0018133888,7.8951686e-08,3.0281331e-05
L-BFGS-B,2609,2.027151e-09,0.0018121175,7.894165e-08,3.0266496e-05
L-BFGS-B,2610,2.025772e-09,0.0018116528,7.892031e-08,3.025844e-05
L-BFGS-B,2611,2.0227655e-09,0.0018103073,7.8916756e-08,3.0244e-05
L-BFGS-B,2612,2.0227657e-09,0.0018083277,7.890669e-08,3.0222694e-05
L-BFGS-B,2613,2.0236657e-09,0.0018082277,7.8890814e-08,3.021945e-05
L-BFGS-B,2614,2.0440858e-09,0.0018331155,7.882369e-08,3.046132e-05
L-BFGS-B,2615,2.023242e-09,0.001808074,7.888404e-08,3.021683e-05
L-BFGS-B,2616,2.0238942e-09,0.0018073106,7.8873455e-08,3.0207708e-05
L-BFGS-B,2617,2.0212942e-09,0.001806037,7.8877676e-08,3.0195215e-05
L-BFGS-B,2618,2.0203592e-09,0.0018049052,7.8877584e-08,3.0183743e-05
L-BFGS-B,2619,2.0237574e-09,0.0018065196,7.884803e-08,3.0195963e-05
L-BFGS-B,2620,2.0205446e-09,0.0018044676,7.88664e-08,3.0177718e-05
L-BFGS-B,2621,2.0194082e-09,0.0018036113,7.884571e-08,3.016588e-05
L-BFGS-B,2622,2.016718e-09,0.0018033191,7.883949e-08,3.016162e-05
L-BFGS-B,2623,2.0169548e-09,0.0018025374,7.88344e-08,3.0153076e-05
L-BFGS-B,2624,2.0165964e-09,0.0018021743,7.8828855e-08,3.014856e-05
L-BFGS-B,2625,2.0161846e-09,0.0018018837,7.882051e-08,3.014434e-05
L-BFGS-B,2626,2.2359405e-09,0.002003797,7.894653e-08,3.2215343e-05
L-BFGS-B,2627,2.0166446e-09,0.0018017474,7.882124e-08,3.0143156e-05
L-BFGS-B,2628,2.0169182e-09,0.0018012442,7.882364e-08,3.0138526e-05
L-BFGS-B,2629,2.0184074e-09,0.0018008599,7.882226e-08,3.0134699e-05
L-BFGS-B,2630,2.0204158e-09,0.0018003491,7.882716e-08,3.0130628e-05
L-BFGS-B,2631,2.0226232e-09,0.0017997856,7.883022e-08,3.0125782e-05
L-BFGS-B,2632,2.0272755e-09,0.0017989316,7.883398e-08,3.0118503e-05
L-BFGS-B,2633,2.0280744e-09,0.0017985546,7.883305e-08,3.0114714e-05
L-BFGS-B,2634,2.0401705e-09,0.0018012938,7.885332e-08,3.0146959e-05
L-BFGS-B,2635,2.02993e-09,0.0017980494,7.883835e-08,3.0110736e-05
L-BFGS-B,2636,2.0277926e-09,0.00179727,7.88286e-08,3.0101159e-05
L-BFGS-B,2637,2.0258757e-09,0.001796815,7.8814544e-08,3.0094212e-05
L-BFGS-B,2638,2.02054e-09,0.0017956869,7.8798486e-08,3.0079724e-05
L-BFGS-B,2639,2.0216404e-09,0.0017951778,7.879398e-08,3.007412e-05
L-BFGS-B,2640,2.0204776e-09,0.0017940708,7.880746e-08,3.0064897e-05
L-BFGS-B,2641,2.021662e-09,0.0017935007,7.88095e-08,3.005968e-05
L-BFGS-B,2642,2.0233644e-09,0.0017924802,7.879885e-08,3.0048133e-05
L-BFGS-B,2643,2.0222541e-09,0.0017916672,7.879848e-08,3.003978e-05
L-BFGS-B,2644,2.0202418e-09,0.0017910798,7.879941e-08,3.0033745e-05
L-BFGS-B,2645,2.0152502e-09,0.0017908923,7.8806714e-08,3.0032217e-05
L-BFGS-B,2646,2.0157827e-09,0.0017900583,7.8806245e-08,3.0023886e-05
L-BFGS-B,2647,2.0157762e-09,0.001789736,7.8807304e-08,3.0020821e-05
L-BFGS-B,2648,2.015399e-09,0.0017893672,7.880986e-08,3.0017462e-05
L-BFGS-B,2649,2.0172686e-09,0.0017896167,7.883032e-08,3.0023304e-05
L-BFGS-B,2650,2.0156337e-09,0.0017891125,7.881614e-08,3.0015892e-05
L-BFGS-B,2651,2.0145356e-09,0.0017888184,7.88131e-08,3.0012328e-05
L-BFGS-B,2652,2.0140027e-09,0.0017884723,7.8817386e-08,3.0009429e-05
L-BFGS-B,2653,2.0128021e-09,0.0017879024,7.882606e-08,3.0004852e-05
L-BFGS-B,2654,2.0123125e-09,0.0017871943,7.8837964e-08,2.9999483e-05
L-BFGS-B,2655,2.0126172e-09,0.0017864647,7.8844224e-08,2.999317e-05
L-BFGS-B,2656,2.013137e-09,0.0017858554,7.884526e-08,2.9987314e-05
L-BFGS-B,2657,2.025092e-09,0.0017897643,7.8823184e-08,3.0024883e-05
L-BFGS-B,2658,2.0148965e-09,0.0017856004,7.8838795e-08,2.9984058e-05
L-BFGS-B,2659,2.011546e-09,0.0017931674,7.8744826e-08,3.004513e-05
L-BFGS-B,2660,2.0115754e-09,0.0017851094,7.881214e-08,2.9974652e-05
L-BFGS-B,2661,2.0101234e-09,0.0017840557,7.881025e-08,2.9963614e-05
L-BFGS-B,2662,2.0073834e-09,0.0017825903,7.88211e-08,2.9950177e-05
L-BFGS-B,2663,2.005878e-09,0.0017813995,7.8841204e-08,2.9941057e-05
L-BFGS-B,2664,2.0070332e-09,0.0017812457,7.88516e-08,2.9941253e-05
L-BFGS-B,2665,2.0061124e-09,0.0017809828,7.88466e-08,2.9937733e-05
L-BFGS-B,2666,2.007932e-09,0.0017804038,7.8866826e-08,2.993525e-05
L-BFGS-B,2667,2.0085527e-09,0.001780269,7.886107e-08,2.9933133e-05
L-BFGS-B,2668,2.0091422e-09,0.0017802027,7.8859685e-08,2.9932351e-05
L-BFGS-B,2669,2.010152e-09,0.0017800605,7.886188e-08,2.9931409e-05
L-BFGS-B,2670,2.0095814e-09,0.0017798635,7.8868055e-08,2.9930281e-05
L-BFGS-B,2671,2.0100446e-09,0.0017797772,7.886534e-08,2.992908e-05
L-BFGS-B,2672,2.0099624e-09,0.0017794134,7.886546e-08,2.9925448e-05
L-BFGS-B,2673,2.008659e-09,0.0017789993,7.886019e-08,2.992032e-05
L-BFGS-B,2674,2.0070756e-09,0.0017784135,7.885519e-08,2.9913474e-05
L-BFGS-B,2675,2.0048028e-09,0.0017779232,7.8855564e-08,2.9908286e-05
L-BFGS-B,2676,2.0064135e-09,0.0017783559,7.8853205e-08,2.9912502e-05
L-BFGS-B,2677,2.0049737e-09,0.0017776589,7.885495e-08,2.990558e-05
L-BFGS-B,2678,2.0038986e-09,0.0017773577,7.885509e-08,2.9902425e-05
L-BFGS-B,2679,2.003186e-09,0.0017770967,7.8854235e-08,2.9899578e-05
L-BFGS-B,2680,2.0016688e-09,0.0017766446,7.885137e-08,2.9894401e-05
L-BFGS-B,2681,2.000664e-09,0.0017763535,7.884709e-08,2.9890696e-05
L-BFGS-B,2682,2.0014401e-09,0.00177588,7.884988e-08,2.9886496e-05
L-BFGS-B,2683,2.0012008e-09,0.001775417,7.884828e-08,2.9881592e-05
L-BFGS-B,2684,2.0010484e-09,0.001775237,7.885261e-08,2.9880419e-05
L-BFGS-B,2685,2.0008808e-09,0.0017751659,7.885253e-08,2.987967e-05
L-BFGS-B,2686,2.0005493e-09,0.0017751089,7.885188e-08,2.9878953e-05
L-BFGS-B,2687,2.0008595e-09,0.0017749661,7.885415e-08,2.9877912e-05
L-BFGS-B,2688,2.0014257e-09,0.0017747602,7.885906e-08,2.9876674e-05
L-BFGS-B,2689,2.0030804e-09,0.0017747383,7.886347e-08,2.9877367e-05
L-BFGS-B,2690,2.002014e-09,0.0017746502,7.8860914e-08,2.987594e-05
L-BFGS-B,2691,2.0056174e-09,0.001774224,7.8878784e-08,2.98749e-05
L-BFGS-B,2692,1.9978683e-09,0.0017742646,7.888517e-08,2.9875104e-05
L-BFGS-B,2693,2.0012416e-09,0.0017736556,7.8881406e-08,2.9868954e-05
L-BFGS-B,2694,1.9966877e-09,0.0017779451,7.886302e-08,2.9908406e-05
L-BFGS-B,2695,1.9993986e-09,0.0017735037,7.887706e-08,2.9866505e-05
L-BFGS-B,2696,2.3400029e-09,0.0021024619,7.912822e-08,3.3244854e-05
L-BFGS-B,2697,1.9997783e-09,0.0017733327,7.888047e-08,2.9865361e-05
L-BFGS-B,2698,1.9976172e-09,0.0017730594,7.886828e-08,2.986048e-05
L-BFGS-B,2699,1.9975641e-09,0.0017723839,7.886905e-08,2.985383e-05
L-BFGS-B,2700,1.9998716e-09,0.0017700078,7.888321e-08,2.983254e-05
L-BFGS-B,2701,2.0141027e-09,0.0017737609,7.887712e-08,2.9871291e-05
L-BFGS-B,2702,2.0020323e-09,0.00176961,7.8882756e-08,2.9828818e-05
L-BFGS-B,2703,2.004572e-09,0.0017682132,7.890339e-08,2.9818326e-05
L-BFGS-B,2704,2.0104693e-09,0.0017690548,7.897115e-08,2.9837789e-05
L-BFGS-B,2705,2.0055289e-09,0.0017674096,7.892365e-08,2.9813473e-05
L-BFGS-B,2706,2.0060986e-09,0.0017668091,7.893448e-08,2.9809178e-05
L-BFGS-B,2707,2.0065452e-09,0.0017663751,7.8936985e-08,2.980528e-05
L-BFGS-B,2708,2.0053779e-09,0.0017656593,7.8938584e-08,2.9798188e-05
L-BFGS-B,2709,2.0041806e-09,0.0017654422,7.892913e-08,2.9794417e-05
L-BFGS-B,2710,2.0038735e-09,0.0017647587,7.8932224e-08,2.9788e-05
L-BFGS-B,2711,2.0029156e-09,0.0017633986,7.893806e-08,2.9775132e-05
L-BFGS-B,2712,2.0157302e-09,0.0017685075,7.8929006e-08,2.9826786e-05
L-BFGS-B,2713,2.0042525e-09,0.001762941,7.893766e-08,2.9770697e-05
L-BFGS-B,2714,2.0027349e-09,0.001761545,7.8943096e-08,2.9757324e-05
L-BFGS-B,2715,1.999834e-09,0.0017604321,7.892707e-08,2.9743358e-05
L-BFGS-B,2716,1.9950441e-09,0.0017590243,7.893781e-08,2.973017e-05
L-BFGS-B,2717,1.9965127e-09,0.0017565066,7.893346e-08,2.9704563e-05
L-BFGS-B,2718,1.999976e-09,0.0017549683,7.8939394e-08,2.969059e-05
L-BFGS-B,2719,2.001158e-09,0.0017536837,7.89413e-08,2.9678205e-05
L-BFGS-B,2720,2.0017166e-09,0.0017529274,7.89492e-08,2.967191e-05
L-BFGS-B,2721,2.0007929e-09,0.0017525083,7.8944254e-08,2.966684e-05
L-BFGS-B,2722,1.9984006e-09,0.0017524892,7.891656e-08,2.9662137e-05
L-BFGS-B,2723,1.9975364e-09,0.0017516761,7.8927435e-08,2.9655508e-05
L-BFGS-B,2724,2.007021e-09,0.0017530528,7.8937724e-08,2.9672241e-05
L-BFGS-B,2725,1.9994215e-09,0.0017501266,7.8930505e-08,2.9640756e-05
L-BFGS-B,2726,1.9970192e-09,0.0017493048,7.8930476e-08,2.9632172e-05
L-BFGS-B,2727,1.9978739e-09,0.0017487436,7.8916564e-08,2.96246e-05
L-BFGS-B,2728,1.9961448e-09,0.0017480114,7.8908364e-08,2.961579e-05
L-BFGS-B,2729,1.9912054e-09,0.0017463361,7.8895255e-08,2.9596331e-05
L-BFGS-B,2730,1.9935555e-09,0.0017459174,7.889203e-08,2.959201e-05
L-BFGS-B,2731,1.9925044e-09,0.0017451522,7.889633e-08,2.9584846e-05
L-BFGS-B,2732,1.9917592e-09,0.001744278,7.8899554e-08,2.9576477e-05
L-BFGS-B,2733,1.9934163e-09,0.0017423315,7.890497e-08,2.9558072e-05
L-BFGS-B,2734,1.9966315e-09,0.001741065,7.8901344e-08,2.9545346e-05
L-BFGS-B,2735,1.9925648e-09,0.0017386177,7.89085e-08,2.9521336e-05
L-BFGS-B,2736,1.9880075e-09,0.0017368393,7.888664e-08,2.9499592e-05
L-BFGS-B,2737,1.9845743e-09,0.001735181,7.8863856e-08,2.9479073e-05
L-BFGS-B,2738,1.9786073e-09,0.0017448737,7.884235e-08,2.957188e-05
L-BFGS-B,2739,1.9799793e-09,0.0017342883,7.885838e-08,2.9468636e-05
L-BFGS-B,2740,1.9775466e-09,0.0017327579,7.8842895e-08,2.9450644e-05
L-BFGS-B,2741,1.9804003e-09,0.0017313912,7.882022e-08,2.9434002e-05
L-BFGS-B,2742,1.9813877e-09,0.0017296708,7.881288e-08,2.9415849e-05
L-BFGS-B,2743,1.9824045e-09,0.0017288416,7.880999e-08,2.9407274e-05
L-BFGS-B,2744,1.982053e-09,0.0017289716,7.879387e-08,2.9406105e-05
L-BFGS-B,2745,1.98181e-09,0.0017285084,7.880182e-08,2.9402629e-05
L-BFGS-B,2746,1.9809516e-09,0.0017279637,7.8803005e-08,2.939723e-05
L-BFGS-B,2747,1.9807072e-09,0.0017274064,7.880061e-08,2.9391262e-05
L-BFGS-B,2748,1.9804807e-09,0.0017256528,7.8807645e-08,2.9374747e-05
L-BFGS-B,2749,1.9807103e-09,0.0017236987,7.882785e-08,2.935827e-05
L-BFGS-B,2750,1.9847937e-09,0.0017193919,7.8888306e-08,2.9324885e-05
L-BFGS-B,2751,2.0533626e-09,0.0018224522,7.900653e-08,3.0383506e-05
L-BFGS-B,2752,1.9833464e-09,0.0017190094,7.88932e-08,2.9321574e-05
L-BFGS-B,2753,1.9853048e-09,0.0017166486,7.8918646e-08,2.9302078e-05
L-BFGS-B,2754,1.9908175e-09,0.0017197883,7.89373e-08,2.9337101e-05
L-BFGS-B,2755,1.9849133e-09,0.0017153295,7.892553e-08,2.9289862e-05
L-BFGS-B,2756,1.9881825e-09,0.0017187227,7.896436e-08,2.933011e-05
L-BFGS-B,2757,1.9836959e-09,0.0017139164,7.893735e-08,2.927732e-05
L-BFGS-B,2758,1.9865511e-09,0.0017141335,7.893461e-08,2.9279512e-05
L-BFGS-B,2759,1.9828452e-09,0.0017117062,7.893558e-08,2.9254825e-05
L-BFGS-B,2760,1.981509e-09,0.0017098669,7.8903554e-08,2.9231429e-05
L-BFGS-B,2761,1.9742736e-09,0.001710593,7.887121e-08,2.9232751e-05
L-BFGS-B,2762,1.9760156e-09,0.0017082532,7.888675e-08,2.9211948e-05
L-BFGS-B,2763,1.976627e-09,0.0017131338,7.8844025e-08,2.9254434e-05
L-BFGS-B,2764,1.9731976e-09,0.0017063703,7.886741e-08,2.9189796e-05
L-BFGS-B,2765,1.999941e-09,0.0017252146,7.8922035e-08,2.9390443e-05
L-BFGS-B,2766,1.973967e-09,0.0017053339,7.887676e-08,2.9180948e-05
L-BFGS-B,2767,2.0160666e-09,0.0017325701,7.880027e-08,2.9448152e-05
L-BFGS-B,2768,1.975712e-09,0.0017048859,7.8866634e-08,2.9175211e-05
L-BFGS-B,2769,1.9769677e-09,0.0017040623,7.882954e-08,2.9161598e-05
L-BFGS-B,2770,1.9710698e-09,0.0017007609,7.8833146e-08,2.9128241e-05
L-BFGS-B,2771,1.966877e-09,0.0016985747,7.884305e-08,2.9107236e-05
L-BFGS-B,2772,1.9691526e-09,0.0016975021,7.890828e-08,2.9106635e-05
L-BFGS-B,2773,1.9661794e-09,0.0016963022,7.887098e-08,2.9088596e-05
L-BFGS-B,2774,1.9686288e-09,0.001693152,7.88851e-08,2.9059578e-05
L-BFGS-B,2775,1.9694735e-09,0.0016900895,7.888096e-08,2.9028459e-05
L-BFGS-B,2776,1.9717232e-09,0.0016875751,7.885197e-08,2.8999304e-05
L-BFGS-B,2777,1.969061e-09,0.0016878073,7.8802344e-08,2.8993782e-05
L-BFGS-B,2778,1.9670547e-09,0.0016844177,7.8826574e-08,2.896322e-05
L-BFGS-B,2779,1.9625637e-09,0.0016847836,7.8832414e-08,2.8967082e-05
L-BFGS-B,2780,1.962866e-09,0.0016825204,7.8828926e-08,2.8943972e-05
L-BFGS-B,2781,1.9581732e-09,0.001680529,7.885126e-08,2.8926705e-05
L-BFGS-B,2782,1.9587278e-09,0.0016815148,7.885903e-08,2.8937811e-05
L-BFGS-B,2783,1.9562914e-09,0.001678757,7.885496e-08,2.8909257e-05
L-BFGS-B,2784,1.952219e-09,0.0016784994,7.8834034e-08,2.8902934e-05
L-BFGS-B,2785,1.9523176e-09,0.0016774359,7.88358e-08,2.8892577e-05
L-BFGS-B,2786,1.9536202e-09,0.0016765537,7.8840955e-08,2.8884722e-05
L-BFGS-B,2787,1.9524862e-09,0.0016757086,7.884359e-08,2.8876497e-05
L-BFGS-B,2788,1.9522333e-09,0.0016745962,7.884295e-08,2.886524e-05
L-BFGS-B,2789,1.9513668e-09,0.0016742231,7.8845375e-08,2.8861741e-05
L-BFGS-B,2790,1.9498647e-09,0.0016732832,7.885148e-08,2.8853032e-05
L-BFGS-B,2791,1.9500865e-09,0.0016726204,7.885589e-08,2.8847102e-05
L-BFGS-B,2792,1.9504323e-09,0.0016716253,7.8871e-08,2.8839466e-05
L-BFGS-B,2793,1.953545e-09,0.0016713649,7.8884874e-08,2.8839411e-05
L-BFGS-B,2794,1.9512778e-09,0.0016711232,7.887685e-08,2.8835451e-05
L-BFGS-B,2795,1.9521134e-09,0.0016702585,7.889103e-08,2.8829056e-05
L-BFGS-B,2796,1.9568098e-09,0.0016765342,7.892588e-08,2.8897744e-05
L-BFGS-B,2797,1.9515343e-09,0.0016698961,7.8896214e-08,2.8826124e-05
L-BFGS-B,2798,1.9478585e-09,0.0016738545,7.888016e-08,2.8862747e-05
L-BFGS-B,2799,1.9501216e-09,0.0016697852,7.889333e-08,2.882437e-05
L-BFGS-B,2800,1.9510151e-09,0.0016690671,7.891325e-08,2.882031e-05
L-BFGS-B,2801,1.9507305e-09,0.0016687078,7.891829e-08,2.881743e-05
L-BFGS-B,2802,1.9487842e-09,0.0016682588,7.8925645e-08,2.8813753e-05
L-BFGS-B,2803,1.9417163e-09,0.0016725394,7.8876546e-08,2.8848131e-05
L-BFGS-B,2804,1.9477202e-09,0.0016683121,7.8920586e-08,2.8813367e-05
L-BFGS-B,2805,1.9469788e-09,0.0016679802,7.892442e-08,2.8810511e-05
L-BFGS-B,2806,1.945376e-09,0.0016675417,7.8927386e-08,2.8806331e-05
L-BFGS-B,2807,1.9436721e-09,0.0016667651,7.893655e-08,2.8799685e-05
L-BFGS-B,2808,1.9430209e-09,0.0016661793,7.893657e-08,2.8793731e-05
L-BFGS-B,2809,1.9428439e-09,0.001665572,7.893638e-08,2.8787603e-05
L-BFGS-B,2810,1.9439257e-09,0.0016653786,7.8940694e-08,2.8786479e-05
L-BFGS-B,2811,1.9432174e-09,0.0016652553,7.893312e-08,2.8784003e-05
L-BFGS-B,2812,1.9430124e-09,0.001664992,7.893998e-08,2.8782368e-05
L-BFGS-B,2813,1.943649e-09,0.0016648129,7.894191e-08,2.8780963e-05
L-BFGS-B,2814,1.9448532e-09,0.0016645492,7.894267e-08,2.877862e-05
L-BFGS-B,2815,1.945938e-09,0.0016647589,7.893503e-08,2.8779736e-05
L-BFGS-B,2816,1.945162e-09,0.0016645262,7.893974e-08,2.8777999e-05
L-BFGS-B,2817,1.9456203e-09,0.0016641527,7.895493e-08,2.8776609e-05
L-BFGS-B,2818,1.9452535e-09,0.0016639895,7.8945554e-08,2.8773517e-05
L-BFGS-B,2819,1.9448116e-09,0.0016638308,7.893735e-08,2.8770633e-05
L-BFGS-B,2820,1.944561e-09,0.0016635427,7.892927e-08,2.8766503e-05
L-BFGS-B,2821,1.9454829e-09,0.0016629483,7.89242e-08,2.8759936e-05
L-BFGS-B,2822,1.947285e-09,0.0016623421,7.8922966e-08,2.8753959e-05
L-BFGS-B,2823,1.9590414e-09,0.0016709851,7.897394e-08,2.8849798e-05
L-BFGS-B,2824,1.947437e-09,0.0016622037,7.892684e-08,2.8753177e-05
L-BFGS-B,2825,1.9502886e-09,0.0016612189,7.8940445e-08,2.8745799e-05
L-BFGS-B,2826,1.9499777e-09,0.0016603761,7.8938e-08,2.8736958e-05
L-BFGS-B,2827,1.948633e-09,0.0016579163,7.894358e-08,2.8712995e-05
L-BFGS-B,2828,1.9473614e-09,0.0016558503,7.8942726e-08,2.8692015e-05
L-BFGS-B,2829,1.9457955e-09,0.0016547331,7.8935365e-08,2.8679504e-05
L-BFGS-B,2830,1.9498119e-09,0.0016537771,7.8936054e-08,2.8670649e-05
L-BFGS-B,2831,1.9913737e-09,0.0016963404,7.89971e-08,2.9111674e-05
L-BFGS-B,2832,1.9497377e-09,0.0016530938,7.893938e-08,2.8664304e-05
L-BFGS-B,2833,1.9522164e-09,0.0016532408,7.892098e-08,2.8663388e-05
L-BFGS-B,2834,1.9504596e-09,0.0016526683,7.893046e-08,2.865882e-05
L-BFGS-B,2835,1.949764e-09,0.0016537783,7.8904286e-08,2.866589e-05
L-BFGS-B,2836,1.948999e-09,0.0016519295,7.891727e-08,2.8649234e-05
L-BFGS-B,2837,1.9487822e-09,0.0016513409,7.891013e-08,2.8642244e-05
L-BFGS-B,2838,1.9496937e-09,0.0016539497,7.8892576e-08,2.8665838e-05
L-BFGS-B,2839,1.9484003e-09,0.001651258,7.8906645e-08,2.8640838e-05
L-BFGS-B,2840,1.9480662e-09,0.0016508424,7.890566e-08,2.8636481e-05
L-BFGS-B,2841,1.9482647e-09,0.001650311,7.8915235e-08,2.8632636e-05
L-BFGS-B,2842,1.9491013e-09,0.001649907,7.891399e-08,2.8628532e-05
L-BFGS-B,2843,1.9545396e-09,0.001650338,7.8910105e-08,2.8633076e-05
L-BFGS-B,2844,1.950672e-09,0.0016497301,7.891258e-08,2.862679e-05
L-BFGS-B,2845,1.9514037e-09,0.0016492984,7.89177e-08,2.8623348e-05
L-BFGS-B,2846,1.9517812e-09,0.0016484004,7.893163e-08,2.8616514e-05
L-BFGS-B,2847,1.9505795e-09,0.0016478553,7.894311e-08,2.8612605e-05
L-BFGS-B,2848,1.9491169e-09,0.0016474065,7.894229e-08,2.8607777e-05
L-BFGS-B,2849,1.9478648e-09,0.0016470202,7.894203e-08,2.8603685e-05
L-BFGS-B,2850,1.9467106e-09,0.0016466917,7.894065e-08,2.8600021e-05
L-BFGS-B,2851,1.9472897e-09,0.0016464011,7.8934576e-08,2.8596292e-05
L-BFGS-B,2852,1.9476527e-09,0.0016458764,7.894119e-08,2.859209e-05
L-BFGS-B,2853,1.9477344e-09,0.0016452239,7.895415e-08,2.8587521e-05
L-BFGS-B,2854,1.9474948e-09,0.001644894,7.8960205e-08,2.8585095e-05
L-BFGS-B,2855,1.9477313e-09,0.0016443725,7.8974814e-08,2.8582104e-05
L-BFGS-B,2856,1.2498179e-08,0.012929568,8.085863e-08,0.00014329918
L-BFGS-B,2857,1.9521325e-09,0.0016594443,7.909172e-08,2.875102e-05
L-BFGS-B,2858,1.946383e-09,0.0016438281,7.8988435e-08,2.8578503e-05
L-BFGS-B,2859,1.9463613e-09,0.0016439458,7.8990055e-08,2.8579921e-05
L-BFGS-B,2860,1.9458883e-09,0.0016433878,7.898926e-08,2.8574152e-05
L-BFGS-B,2861,1.9453317e-09,0.0016427599,7.8991654e-08,2.8568147e-05
L-BFGS-B,2862,1.9450317e-09,0.0016419203,7.900436e-08,2.8561612e-05
L-BFGS-B,2863,1.9452515e-09,0.001641337,7.900706e-08,2.8556216e-05
L-BFGS-B,2864,1.944415e-09,0.0016406036,7.9012075e-08,2.854951e-05
L-BFGS-B,2865,2.0163209e-09,0.0016764174,7.91625e-08,2.8940998e-05
L-BFGS-B,2866,1.9459945e-09,0.0016404117,7.901811e-08,2.854873e-05
L-BFGS-B,2867,1.943389e-09,0.0016390575,7.902345e-08,2.85356e-05
L-BFGS-B,2868,1.939682e-09,0.0016365295,7.9039566e-08,2.8512182e-05
L-BFGS-B,2869,1.936494e-09,0.0016341847,7.906321e-08,2.8491802e-05
L-BFGS-B,2870,1.9299222e-09,0.0016306969,7.91069e-08,2.8462491e-05
L-BFGS-B,2871,1.9278743e-09,0.0016317124,7.917595e-08,2.8482697e-05
L-BFGS-B,2872,1.925556e-09,0.0016274658,7.913443e-08,2.8433657e-05
L-BFGS-B,2873,1.9363082e-09,0.0016351409,7.922009e-08,2.8524868e-05
L-BFGS-B,2874,1.9252826e-09,0.0016261153,7.915489e-08,2.8423177e-05
L-BFGS-B,2875,1.9265414e-09,0.0016342647,7.926596e-08,2.8521521e-05
L-BFGS-B,2876,1.9223372e-09,0.0016243985,7.9181376e-08,2.840954e-05
L-BFGS-B,2877,1.9303965e-09,0.0016264054,7.92166e-08,2.8436103e-05
L-BFGS-B,2878,1.9231643e-09,0.0016225749,7.9194365e-08,2.8393377e-05
L-BFGS-B,2879,1.9253226e-09,0.0016212987,7.917286e-08,2.8377715e-05
L-BFGS-B,2880,1.9242066e-09,0.0016195748,7.9185796e-08,2.836225e-05
L-BFGS-B,2881,1.920007e-09,0.0016201042,7.92367e-08,2.8374547e-05
L-BFGS-B,2882,1.9206523e-09,0.0016178999,7.920633e-08,2.8348044e-05
L-BFGS-B,2883,1.9165636e-09,0.0016159491,7.919273e-08,2.8325885e-05
L-BFGS-B,2884,1.911518e-09,0.0016142443,7.916234e-08,2.8303522e-05
L-BFGS-B,2885,1.9060378e-09,0.0016128651,7.910527e-08,2.8280348e-05
L-BFGS-B,2886,1.9023958e-09,0.0016109844,7.910818e-08,2.8261431e-05
L-BFGS-B,2887,1.902257e-09,0.0016087653,7.912752e-08,2.824212e-05
L-BFGS-B,2888,1.9029935e-09,0.0016070337,7.914823e-08,2.822802e-05
L-BFGS-B,2889,1.9228004e-09,0.0016107116,7.916711e-08,2.8270602e-05
L-BFGS-B,2890,1.9058417e-09,0.0016066565,7.915146e-08,2.822516e-05
L-BFGS-B,2891,1.9060882e-09,0.0016058249,7.916243e-08,2.8218526e-05
L-BFGS-B,2892,1.9069897e-09,0.0016051972,7.916115e-08,2.8212193e-05
L-BFGS-B,2893,1.9039108e-09,0.0016039239,7.9214516e-08,2.8207001e-05
L-BFGS-B,2894,1.9029214e-09,0.0016037285,7.918708e-08,2.8200786e-05
L-BFGS-B,2895,1.901809e-09,0.0016034935,7.917685e-08,2.8196733e-05
L-BFGS-B,2896,1.89937e-09,0.0016032753,7.917281e-08,2.8193579e-05
L-BFGS-B,2897,1.8984643e-09,0.0016029959,7.917443e-08,2.8190892e-05
L-BFGS-B,2898,1.897963e-09,0.0016025987,7.917901e-08,2.8187531e-05
L-BFGS-B,2899,1.8977986e-09,0.0016015975,7.920134e-08,2.8180846e-05
L-BFGS-B,2900,1.9222361e-09,0.0016372913,7.915967e-08,2.8535198e-05
L-BFGS-B,2901,1.8953086e-09,0.0016006976,7.9194756e-08,2.8170485e-05
L-BFGS-B,2902,1.8938295e-09,0.001599536,7.917473e-08,2.8155646e-05
L-BFGS-B,2903,1.8923692e-09,0.0015984878,7.9122366e-08,2.8137089e-05
L-BFGS-B,2904,1.8912278e-09,0.0015977697,7.91349e-08,2.8131613e-05
L-BFGS-B,2905,1.890488e-09,0.001596561,7.913888e-08,2.8120015e-05
L-BFGS-B,2906,1.890428e-09,0.0015955783,7.914645e-08,2.8111313e-05
L-BFGS-B,2907,1.8899167e-09,0.0015943613,7.916081e-08,2.8101222e-05
L-BFGS-B,2908,1.8915265e-09,0.001594148,7.91977e-08,2.8104863e-05
L-BFGS-B,2909,1.8900799e-09,0.0015935041,7.917639e-08,2.809501e-05
L-BFGS-B,2910,1.8895947e-09,0.0015924481,7.916775e-08,2.8083083e-05
L-BFGS-B,2911,1.8896593e-09,0.0015910575,7.916941e-08,2.8069437e-05
L-BFGS-B,2912,1.9068347e-09,0.0016043934,7.919546e-08,2.8209277e-05
L-BFGS-B,2913,1.8896518e-09,0.0015901108,7.9173105e-08,2.8060522e-05
L-BFGS-B,2914,1.8890112e-09,0.0015881709,7.9147696e-08,2.8037215e-05
L-BFGS-B,2915,1.8910573e-09,0.0015992477,7.909973e-08,2.8141094e-05
L-BFGS-B,2916,1.8863082e-09,0.001587351,7.913406e-08,2.8026563e-05
L-BFGS-B,2917,1.883591e-09,0.001586715,7.909635e-08,2.8014141e-05
L-BFGS-B,2918,1.8831798e-09,0.0015869798,7.908546e-08,2.8015093e-05
L-BFGS-B,2919,1.8822635e-09,0.0015855819,7.9090526e-08,2.8001738e-05
L-BFGS-B,2920,1.8812065e-09,0.0015849288,7.90806e-08,2.799356e-05
L-BFGS-B,2921,1.8800372e-09,0.001584329,7.9086426e-08,2.7988259e-05
L-BFGS-B,2922,1.880123e-09,0.0015841175,7.907448e-08,2.7984366e-05
L-BFGS-B,2923,1.8808897e-09,0.0015837176,7.907913e-08,2.798118e-05
L-BFGS-B,2924,1.8833541e-09,0.0015831802,7.908795e-08,2.7977498e-05
L-BFGS-B,2925,1.8842383e-09,0.0015827711,7.909221e-08,2.797418e-05
L-BFGS-B,2926,1.9022253e-09,0.0015898021,7.9105604e-08,2.8049195e-05
L-BFGS-B,2927,1.8852884e-09,0.0015826523,7.909327e-08,2.7973307e-05
L-BFGS-B,2928,1.885233e-09,0.0015822566,7.9098044e-08,2.7970058e-05
L-BFGS-B,2929,1.8845834e-09,0.0015818797,7.909946e-08,2.7966402e-05
L-BFGS-B,2930,1.8825812e-09,0.0015814109,7.910302e-08,2.7961949e-05
L-BFGS-B,2931,1.8822315e-09,0.0015808931,7.910711e-08,2.795733e-05
L-BFGS-B,2932,1.8826671e-09,0.0015800691,7.911233e-08,2.794994e-05
L-BFGS-B,2933,1.8827488e-09,0.0015789333,7.911377e-08,2.7938811e-05
L-BFGS-B,2934,1.8830186e-09,0.0015771502,7.911505e-08,2.792121e-05
L-BFGS-B,2935,1.8810236e-09,0.0015785956,7.914488e-08,2.7939843e-05
L-BFGS-B,2936,1.8815782e-09,0.0015765828,7.912357e-08,2.7916598e-05
L-BFGS-B,2937,1.881764e-09,0.0015773693,7.9112006e-08,2.7922759e-05
L-BFGS-B,2938,1.880691e-09,0.0015759926,7.911865e-08,2.7909828e-05
L-BFGS-B,2939,1.8798723e-09,0.0015756784,7.9118955e-08,2.7906608e-05
L-BFGS-B,2940,1.880354e-09,0.0015755584,7.9118294e-08,2.7905382e-05
L-BFGS-B,2941,1.8799957e-09,0.0015754915,7.911649e-08,2.7904389e-05
L-BFGS-B,2942,1.8790742e-09,0.0015754463,7.9109235e-08,2.7902712e-05
L-BFGS-B,2943,1.8943545e-09,0.0015872928,7.907167e-08,2.8017832e-05
L-BFGS-B,2944,1.8794373e-09,0.0015754491,7.9106364e-08,2.7902362e-05
L-BFGS-B,2945,1.8781452e-09,0.0015753482,7.910023e-08,2.7900238e-05
L-BFGS-B,2946,1.8766957e-09,0.0015752085,7.908188e-08,2.7895872e-05
L-BFGS-B,2947,1.9152335e-09,0.0016334577,7.885683e-08,2.8450388e-05
L-BFGS-B,2948,1.8760584e-09,0.0015752567,7.9073374e-08,2.7894981e-05
L-BFGS-B,2949,1.8749435e-09,0.001575126,7.9065885e-08,2.7892384e-05
L-BFGS-B,2950,1.874586e-09,0.0015750292,7.905601e-08,2.7889882e-05
L-BFGS-B,2951,1.8744026e-09,0.0015748357,7.905477e-08,2.7887734e-05
L-BFGS-B,2952,1.8748776e-09,0.0015745548,7.9054104e-08,2.7884897e-05
L-BFGS-B,2953,1.876405e-09,0.0015741145,7.9051055e-08,2.7880265e-05
L-BFGS-B,2954,1.8772217e-09,0.0015739289,7.905354e-08,2.7878901e-05
L-BFGS-B,2955,1.8783586e-09,0.0015738033,7.904859e-08,2.7877075e-05
L-BFGS-B,2956,1.8790316e-09,0.0015735991,7.904456e-08,2.7874528e-05
L-BFGS-B,2957,1.8787853e-09,0.0015735544,7.9033924e-08,2.787245e-05
L-BFGS-B,2958,1.878e-09,0.0015734966,7.9025334e-08,2.7870465e-05
L-BFGS-B,2959,1.877054e-09,0.0015737433,7.90013e-08,2.7869186e-05
L-BFGS-B,2960,1.8767867e-09,0.0015734631,7.9003875e-08,2.786673e-05
L-BFGS-B,2961,1.8774808e-09,0.0015732802,7.900339e-08,2.7864931e-05
L-BFGS-B,2962,1.8776092e-09,0.0015730496,7.9003904e-08,2.7862723e-05
L-BFGS-B,2963,1.8773891e-09,0.0015727074,7.8997914e-08,2.7858368e-05
L-BFGS-B,2964,1.8772892e-09,0.001572388,7.8994205e-08,2.7854603e-05
L-BFGS-B,2965,1.8768733e-09,0.0015721304,7.898353e-08,2.7850365e-05
L-BFGS-B,2966,1.87619e-09,0.0015719271,7.8982175e-08,2.7848026e-05
L-BFGS-B,2967,1.875581e-09,0.0015717354,7.8979845e-08,2.7845668e-05
L-BFGS-B,2968,1.8748123e-09,0.001571617,7.897353e-08,2.784342e-05
L-BFGS-B,2969,1.8734434e-09,0.0015713498,7.896946e-08,2.7839931e-05
L-BFGS-B,2970,1.8732842e-09,0.0015710834,7.8964355e-08,2.7836479e-05
L-BFGS-B,2971,1.8727513e-09,0.0015706874,7.896049e-08,2.7831858e-05
L-BFGS-B,2972,1.8738469e-09,0.0015702858,7.8957434e-08,2.7827551e-05
L-BFGS-B,2973,1.8732318e-09,0.0015698673,7.896245e-08,2.7824024e-05
L-BFGS-B,2974,1.872271e-09,0.0015694322,7.8963616e-08,2.7819706e-05
L-BFGS-B,2975,1.871605e-09,0.0015691996,7.896543e-08,2.781755e-05
L-BFGS-B,2976,1.8710826e-09,0.0015690848,7.896979e-08,2.781698e-05
L-BFGS-B,2977,1.8707835e-09,0.0015690455,7.896766e-08,2.7816222e-05
L-BFGS-B,2978,1.8707467e-09,0.0015690203,7.8966785e-08,2.7815833e-05
L-BFGS-B,2979,1.8704922e-09,0.0015689456,7.896826e-08,2.781527e-05
L-BFGS-B,2980,1.8701625e-09,0.0015688778,7.8971716e-08,2.781506e-05
L-BFGS-B,2981,1.8694895e-09,0.0015687549,7.897292e-08,2.7813909e-05
L-BFGS-B,2982,1.8689115e-09,0.001568576,7.897443e-08,2.781226e-05
L-BFGS-B,2983,1.865788e-09,0.0015686097,7.8976804e-08,2.7812486e-05
L-BFGS-B,2984,1.8673487e-09,0.0015684821,7.897547e-08,2.7811246e-05
L-BFGS-B,2985,1.8675128e-09,0.0015682335,7.897767e-08,2.7809112e-05
L-BFGS-B,2986,1.868103e-09,0.0015678242,7.898777e-08,2.7806622e-05
L-BFGS-B,2987,1.8711508e-09,0.0015691525,7.897052e-08,2.7817776e-05
L-BFGS-B,2988,1.8684592e-09,0.0015677477,7.898332e-08,2.7805243e-05
L-BFGS-B,2989,1.87157e-09,0.0015679685,7.898589e-08,2.7808304e-05
L-BFGS-B,2990,1.8693231e-09,0.0015675898,7.898431e-08,2.7803944e-05
L-BFGS-B,2991,1.8696678e-09,0.0015673768,7.898489e-08,2.780195e-05
L-BFGS-B,2992,1.8698039e-09,0.0015672011,7.898208e-08,2.7799793e-05
L-BFGS-B,2993,1.8693211e-09,0.001567148,7.898201e-08,2.779918e-05
L-BFGS-B,2994,1.8738764e-09,0.0015677502,7.90084e-08,2.7809843e-05
L-BFGS-B,2995,1.870088e-09,0.001566907,7.898862e-08,2.7797876e-05
L-BFGS-B,2996,1.86928e-09,0.0015666652,7.8987526e-08,2.7795173e-05
L-BFGS-B,2997,1.8703246e-09,0.0015662286,7.89791e-08,2.7789698e-05
L-BFGS-B,2998,2.2421303e-09,0.0020269202,7.939227e-08,3.2514363e-05
L-BFGS-B,2999,1.867536e-09,0.0015659641,7.89866e-08,2.7787759e-05
L-BFGS-B,3000,1.8681658e-09,0.0015656145,7.8990205e-08,2.77849e-05
L-BFGS-B,3001,1.8716828e-09,0.001565421,7.8989245e-08,2.778335e-05
L-BFGS-B,3002,1.8699557e-09,0.0015648913,7.900388e-08,2.7779988e-05
L-BFGS-B,3003,1.869035e-09,0.0015647397,7.900051e-08,2.7777827e-05
L-BFGS-B,3004,1.8678574e-09,0.0015642821,7.900311e-08,2.7773465e-05
L-BFGS-B,3005,1.8679227e-09,0.0015637003,7.9010235e-08,2.7768725e-05
L-BFGS-B,3006,1.8684225e-09,0.0015631125,7.9027096e-08,2.7765453e-05
L-BFGS-B,3007,1.8717043e-09,0.0015629341,7.903673e-08,2.7765607e-05
L-BFGS-B,3008,1.8697723e-09,0.0015627502,7.9031366e-08,2.7762673e-05
L-BFGS-B,3009,1.8704818e-09,0.0015622893,7.905001e-08,2.7760965e-05
L-BFGS-B,3010,1.870078e-09,0.0015620261,7.904942e-08,2.7758186e-05
L-BFGS-B,3011,1.8694117e-09,0.0015618794,7.9050366e-08,2.7756761e-05
L-BFGS-B,3012,1.8690547e-09,0.0015614489,7.906362e-08,2.7754391e-05
L-BFGS-B,3013,1.8694137e-09,0.0015611649,7.9070915e-08,2.7752696e-05
L-BFGS-B,3014,1.8689046e-09,0.0015607671,7.9083016e-08,2.7750457e-05
L-BFGS-B,3015,1.8698985e-09,0.001560836,7.907716e-08,2.7750419e-05
L-BFGS-B,3016,1.8693178e-09,0.0015607,7.9079996e-08,2.7749396e-05
L-BFGS-B,3017,1.8688049e-09,0.0015605183,7.908125e-08,2.7747692e-05
L-BFGS-B,3018,1.8678001e-09,0.0015603936,7.908876e-08,2.7747417e-05
L-BFGS-B,3019,1.867788e-09,0.0015603631,7.9076095e-08,2.7745213e-05
L-BFGS-B,3020,1.8678037e-09,0.0015603197,7.906995e-08,2.774386e-05
L-BFGS-B,3021,1.8666682e-09,0.0015613823,7.903404e-08,2.774893e-05
L-BFGS-B,3022,1.86716e-09,0.001560367,7.90588e-08,2.7742564e-05
L-BFGS-B,3023,1.8643302e-09,0.0015612335,7.9014875e-08,2.7744216e-05
L-BFGS-B,3024,1.865608e-09,0.001560422,7.903707e-08,2.7739621e-05
L-BFGS-B,3025,1.865834e-09,0.0015601602,7.903884e-08,2.7737304e-05
L-BFGS-B,3026,1.8639865e-09,0.001560173,7.902989e-08,2.7735812e-05
L-BFGS-B,3027,1.8666402e-09,0.0015597804,7.904156e-08,2.7734033e-05
L-BFGS-B,3028,1.8667778e-09,0.0015595101,7.904297e-08,2.7731563e-05
L-BFGS-B,3029,1.8666149e-09,0.0015591633,7.904182e-08,2.7727898e-05
L-BFGS-B,3030,1.8675306e-09,0.0015585149,7.9044774e-08,2.7721995e-05
L-BFGS-B,3031,1.8678121e-09,0.0015578204,7.904789e-08,2.771556e-05
L-BFGS-B,3032,1.870645e-09,0.0015568719,7.906525e-08,2.7709106e-05
L-BFGS-B,3033,1.8717454e-09,0.0015565491,7.9067064e-08,2.7706312e-05
L-BFGS-B,3034,1.8737971e-09,0.0015554973,7.907789e-08,2.7697726e-05
L-BFGS-B,3035,1.8706119e-09,0.0015551064,7.907797e-08,2.769335e-05
L-BFGS-B,3036,1.8691253e-09,0.0015546362,7.908679e-08,2.7689748e-05
L-BFGS-B,3037,1.8690505e-09,0.0015543167,7.909501e-08,2.7687774e-05
L-BFGS-B,3038,1.8722137e-09,0.0015540539,7.913378e-08,2.7691436e-05
L-BFGS-B,3039,1.8699287e-09,0.0015539007,7.9109135e-08,2.7685866e-05
L-BFGS-B,3040,1.8715312e-09,0.0015534536,7.912368e-08,2.7683818e-05
L-BFGS-B,3041,1.871991e-09,0.00155327,7.9124504e-08,2.7682174e-05
L-BFGS-B,3042,1.8720632e-09,0.0015529761,7.9135226e-08,2.7680853e-05
L-BFGS-B,3043,1.8710582e-09,0.0015525842,7.914803e-08,2.7678707e-05
L-BFGS-B,3044,1.8667425e-09,0.001552511,7.9162504e-08,2.7679496e-05
L-BFGS-B,3045,1.8690853e-09,0.001552434,7.915406e-08,2.7677812e-05
L-BFGS-B,3046,1.8684128e-09,0.0015544033,7.920791e-08,2.7705482e-05
L-BFGS-B,3047,1.8680337e-09,0.0015520203,7.9165034e-08,2.7675163e-05
L-BFGS-B,3048,1.8656083e-09,0.0015521656,7.915115e-08,2.7674167e-05
L-BFGS-B,3049,1.8664086e-09,0.0015518314,7.91549e-08,2.7671509e-05
L-BFGS-B,3050,1.8670374e-09,0.0015516494,7.915761e-08,2.767019e-05
L-BFGS-B,3051,1.8672863e-09,0.0015515246,7.91555e-08,2.7668666e-05
L-BFGS-B,3052,1.86688e-09,0.0015513767,7.914627e-08,2.7665737e-05
L-BFGS-B,3053,1.865566e-09,0.0015511055,7.9145096e-08,2.7662656e-05
L-BFGS-B,3054,1.878833e-09,0.0015554092,7.9224996e-08,2.7719667e-05
L-BFGS-B,3055,1.86607e-09,0.0015509772,7.915106e-08,2.766234e-05
L-BFGS-B,3056,1.8647168e-09,0.0015508502,7.914674e-08,2.766022e-05
L-BFGS-B,3057,1.8647037e-09,0.0015505231,7.915946e-08,2.7658856e-05
L-BFGS-B,3058,1.8645796e-09,0.0015503516,7.9163826e-08,2.7657778e-05
L-BFGS-B,3059,1.865348e-09,0.0015500833,7.916885e-08,2.7655962e-05
L-BFGS-B,3060,1.8654895e-09,0.0015500117,7.9167805e-08,2.765511e-05
L-BFGS-B,3061,1.86561e-09,0.0015499587,7.916469e-08,2.7654132e-05
L-BFGS-B,3062,1.8654025e-09,0.0015499132,7.916009e-08,2.7652955e-05
L-BFGS-B,3063,1.864974e-09,0.0015498562,7.915115e-08,2.7650978e-05
L-BFGS-B,3064,1.8645747e-09,0.0015497375,7.914561e-08,2.76489e-05
L-BFGS-B,3065,1.8638302e-09,0.0015497161,7.913633e-08,2.7647184e-05
L-BFGS-B,3066,1.8646085e-09,0.0015499538,7.9133926e-08,2.764932e-05
L-BFGS-B,3067,1.8639574e-09,0.0015496757,7.913547e-08,2.764667e-05
L-BFGS-B,3068,1.8635233e-09,0.0015495406,7.913678e-08,2.764545e-05
L-BFGS-B,3069,1.863012e-09,0.0015494501,7.913585e-08,2.764433e-05
L-BFGS-B,3070,1.862217e-09,0.0015492358,7.9136626e-08,2.7642185e-05
L-BFGS-B,3071,1.8608413e-09,0.0015488722,7.9132306e-08,2.7637694e-05
L-BFGS-B,3072,1.8563128e-09,0.0015480333,7.9144584e-08,2.7630467e-05
L-BFGS-B,3073,1.8559972e-09,0.0015475921,7.9128405e-08,2.762358e-05
L-BFGS-B,3074,1.8595092e-09,0.0015477209,7.912002e-08,2.7624137e-05
L-BFGS-B,3075,1.8573655e-09,0.0015472923,7.91244e-08,2.7620186e-05
L-BFGS-B,3076,1.8571713e-09,0.0015467217,7.913149e-08,2.7615515e-05
L-BFGS-B,3077,1.8576612e-09,0.001546448,7.9128284e-08,2.761237e-05
L-BFGS-B,3078,1.8544574e-09,0.0015483699,7.911169e-08,2.7628621e-05
L-BFGS-B,3079,1.8562669e-09,0.0015463302,7.9123986e-08,2.7610338e-05
L-BFGS-B,3080,1.8608471e-09,0.0015486361,7.913938e-08,2.7636397e-05
L-BFGS-B,3081,1.8561216e-09,0.0015457143,7.912838e-08,2.7604818e-05
L-BFGS-B,3082,1.855175e-09,0.0015451519,7.914007e-08,2.7600805e-05
L-BFGS-B,3083,1.8549235e-09,0.0015449403,7.914384e-08,2.7599217e-05
L-BFGS-B,3084,1.8546652e-09,0.0015447104,7.9148776e-08,2.759762e-05
L-BFGS-B,3085,1.8542863e-09,0.0015446459,7.914713e-08,2.759667e-05
L-BFGS-B,3086,1.853836e-09,0.0015443601,7.915538e-08,2.7594982e-05
L-BFGS-B,3087,1.8524178e-09,0.0015442393,7.9157324e-08,2.7593855e-05
L-BFGS-B,3088,1.8748407e-09,0.0015634842,7.9177475e-08,2.7792688e-05
L-BFGS-B,3089,1.8525006e-09,0.0015441326,7.9159264e-08,2.759309e-05
L-BFGS-B,3090,1.8527153e-09,0.0015440267,7.9157374e-08,2.759178e-05
L-BFGS-B,3091,1.852809e-09,0.001543997,7.914858e-08,2.7590177e-05
L-BFGS-B,3092,1.8527447e-09,0.001543919,7.914519e-08,2.758888e-05
L-BFGS-B,3093,1.8539735e-09,0.0015438305,7.913355e-08,2.7586433e-05
L-BFGS-B,3094,1.8604911e-09,0.0015481362,7.9173944e-08,2.7636528e-05
L-BFGS-B,3095,1.8540117e-09,0.0015436246,7.913887e-08,2.7585178e-05
L-BFGS-B,3096,1.852606e-09,0.0015432462,7.914238e-08,2.7581711e-05
L-BFGS-B,3097,1.851661e-09,0.001542735,7.9149586e-08,2.7577536e-05
L-BFGS-B,3098,1.8521304e-09,0.0015424552,7.914788e-08,2.7574553e-05
L-BFGS-B,3099,1.852637e-09,0.0015420712,7.914854e-08,2.7570888e-05
L-BFGS-B,3100,1.8520613e-09,0.0015415795,7.915059e-08,2.7566191e-05
L-BFGS-B,3101,1.8510142e-09,0.0015410197,7.915037e-08,2.7560403e-05
L-BFGS-B,3102,1.8554837e-09,0.0015423795,7.914957e-08,2.7574551e-05
L-BFGS-B,3103,1.8515688e-09,0.0015406342,7.9149686e-08,2.755653e-05
L-BFGS-B,3104,1.8519766e-09,0.0015403862,7.9144385e-08,2.7553317e-05
L-BFGS-B,3105,1.8508481e-09,0.0015403442,7.914003e-08,2.7552072e-05
L-BFGS-B,3106,1.8505919e-09,0.0015402329,7.9142495e-08,2.7551292e-05
L-BFGS-B,3107,1.850486e-09,0.0015399416,7.914505e-08,2.7548747e-05
L-BFGS-B,3108,1.8500419e-09,0.001539437,7.915459e-08,2.7545066e-05
L-BFGS-B,3109,1.8491892e-09,0.0015391714,7.914971e-08,2.7541548e-05
L-BFGS-B,3110,1.8482311e-09,0.0015389777,7.914331e-08,2.7538506e-05
L-BFGS-B,3111,1.8499294e-09,0.0015382313,7.914068e-08,2.7530903e-05
L-BFGS-B,3112,1.8501721e-09,0.0015379746,7.912443e-08,2.7525934e-05
L-BFGS-B,3113,1.8510509e-09,0.0015429311,7.904378e-08,2.7563536e-05
L-BFGS-B,3114,1.8494974e-09,0.0015380429,7.910864e-08,2.752415e-05
L-BFGS-B,3115,1.8502592e-09,0.0015379444,7.908935e-08,2.7520386e-05
L-BFGS-B,3116,1.8495507e-09,0.0015379926,7.907477e-08,2.7518574e-05
L-BFGS-B,3117,1.8498635e-09,0.0015377159,7.907644e-08,2.7516104e-05
L-BFGS-B,3118,1.8503101e-09,0.0015374658,7.9078795e-08,2.7514025e-05
L-BFGS-B,3119,1.8511574e-09,0.0015370764,7.907486e-08,2.7509668e-05
L-BFGS-B,3120,1.8511214e-09,0.0015369074,7.906741e-08,2.7506856e-05
L-BFGS-B,3121,1.8513437e-09,0.0015367664,7.906101e-08,2.7504517e-05
L-BFGS-B,3122,1.8515911e-09,0.0015365737,7.9059724e-08,2.7502432e-05
L-BFGS-B,3123,1.8521181e-09,0.0015362918,7.906456e-08,2.750042e-05
L-BFGS-B,3124,1.8538124e-09,0.0015362679,7.9082e-08,2.750305e-05
L-BFGS-B,3125,1.852562e-09,0.001536059,7.907079e-08,2.7499093e-05
L-BFGS-B,3126,1.8535656e-09,0.0015357399,7.908004e-08,2.7497437e-05
L-BFGS-B,3127,1.8542692e-09,0.0015355374,7.908577e-08,2.7496379e-05
L-BFGS-B,3128,1.8544462e-09,0.0015353629,7.9089475e-08,2.7495218e-05
L-BFGS-B,3129,1.8602725e-09,0.0015397145,7.9081566e-08,2.7538419e-05
L-BFGS-B,3130,1.8545476e-09,0.0015353353,7.908833e-08,2.7494785e-05
L-BFGS-B,3131,1.8537387e-09,0.0015352492,7.908776e-08,2.7493716e-05
L-BFGS-B,3132,1.8522265e-09,0.0015352211,7.908503e-08,2.7492799e-05
L-BFGS-B,3133,1.8513092e-09,0.0015351156,7.9088665e-08,2.7492151e-05
L-BFGS-B,3134,1.8508399e-09,0.0015350333,7.909098e-08,2.7491607e-05
L-BFGS-B,3135,1.8515758e-09,0.001534927,7.909495e-08,2.7491249e-05
L-BFGS-B,3136,1.8505795e-09,0.0015349977,7.909868e-08,2.7492366e-05
L-BFGS-B,3137,1.8511759e-09,0.0015348693,7.909621e-08,2.74908e-05
L-BFGS-B,3138,1.8515189e-09,0.0015348283,7.909508e-08,2.7490272e-05
L-BFGS-B,3139,1.8527435e-09,0.0015346364,7.909411e-08,2.748839e-05
L-BFGS-B,3140,1.8539853e-09,0.0015342858,7.9100055e-08,2.7485963e-05
L-BFGS-B,3141,1.8556219e-09,0.0015333273,7.912216e-08,2.747994e-05
L-BFGS-B,3142,1.8572425e-09,0.0015320074,7.917808e-08,2.747537e-05
L-BFGS-B,3143,1.856197e-09,0.0015316193,7.917646e-08,2.7471091e-05
L-BFGS-B,3144,1.8554059e-09,0.0015321221,7.917671e-08,2.7476039e-05
L-BFGS-B,3145,1.855659e-09,0.0015314681,7.917637e-08,2.7469485e-05
L-BFGS-B,3146,1.8536819e-09,0.0015310362,7.919242e-08,2.7467277e-05
L-BFGS-B,3147,1.8536704e-09,0.0015306515,7.9214445e-08,2.746673e-05
L-BFGS-B,3148,1.85379e-09,0.001530481,7.921377e-08,2.7464943e-05
L-BFGS-B,3149,1.8541837e-09,0.001530427,7.920889e-08,2.746373e-05
L-BFGS-B,3150,1.8544412e-09,0.001530029,7.9223454e-08,2.7461972e-05
L-BFGS-B,3151,1.8545032e-09,0.0015294831,7.9250675e-08,2.7460608e-05
L-BFGS-B,3152,1.8544032e-09,0.0015292811,7.925789e-08,2.7459653e-05
L-BFGS-B,3153,1.8536142e-09,0.0015292498,7.925624e-08,2.7458977e-05
L-BFGS-B,3154,1.8528806e-09,0.0015290971,7.9260516e-08,2.745798e-05
L-BFGS-B,3155,1.8526539e-09,0.0015289643,7.926078e-08,2.7456657e-05
L-BFGS-B,3156,1.8527293e-09,0.0015287303,7.9264005e-08,2.7454811e-05
L-BFGS-B,3157,1.8538648e-09,0.0015291636,7.924427e-08,2.7456355e-05
L-BFGS-B,3158,1.8530161e-09,0.0015287629,7.925681e-08,2.7454102e-05
L-BFGS-B,3159,1.8536228e-09,0.0015285076,7.9258044e-08,2.7451824e-05
L-BFGS-B,3160,1.8596519e-09,0.0015286056,7.92915e-08,2.745873e-05
L-BFGS-B,3161,1.8552088e-09,0.0015281413,7.9268005e-08,2.7449896e-05
L-BFGS-B,3162,1.8588613e-09,0.0015281879,7.926244e-08,2.7450074e-05
L-BFGS-B,3163,1.8568227e-09,0.0015279992,7.9265156e-08,2.7448288e-05
L-BFGS-B,3164,1.8566901e-09,0.0015276725,7.9278e-08,2.7446928e-05
L-BFGS-B,3165,1.856683e-09,0.0015275811,7.927277e-08,2.7445229e-05
L-BFGS-B,3166,1.8570605e-09,0.0015274443,7.9273896e-08,2.7444086e-05
L-BFGS-B,3167,1.8573003e-09,0.0015271574,7.92906e-08,2.7443759e-05
L-BFGS-B,3168,1.8571604e-09,0.0015270732,7.9291034e-08,2.7442962e-05
L-BFGS-B,3169,1.8579402e-09,0.0015271273,7.928834e-08,2.7443215e-05
L-BFGS-B,3170,1.85743e-09,0.001527041,7.92898e-08,2.7442493e-05
L-BFGS-B,3171,1.8591279e-09,0.0015270193,7.928627e-08,2.7442002e-05
L-BFGS-B,3172,1.8561611e-09,0.0015269014,7.928359e-08,2.7439975e-05
L-BFGS-B,3173,1.8566707e-09,0.0015274008,7.927792e-08,2.7444195e-05
L-BFGS-B,3174,1.8561156e-09,0.0015268563,7.928169e-08,2.7439233e-05
L-BFGS-B,3175,1.8556388e-09,0.0015265686,7.9287425e-08,2.7437145e-05
L-BFGS-B,3176,1.8557409e-09,0.0015259936,7.930302e-08,2.743375e-05
L-BFGS-B,3177,1.8555703e-09,0.0015262126,7.929564e-08,2.7434806e-05
L-BFGS-B,3178,1.8555607e-09,0.0015259632,7.9300065e-08,2.7432976e-05
L-BFGS-B,3179,1.8557846e-09,0.0015256781,7.9306794e-08,2.7431168e-05
L-BFGS-B,3180,1.8559091e-09,0.0015253761,7.931226e-08,2.7428985e-05
L-BFGS-B,3181,1.8555169e-09,0.0015251987,7.931464e-08,2.7427512e-05
L-BFGS-B,3182,1.8549012e-09,0.0015249476,7.931941e-08,2.7425624e-05
L-BFGS-B,3183,1.853663e-09,0.0015244978,7.9334065e-08,2.7423135e-05
L-BFGS-B,3184,1.8534752e-09,0.0015242865,7.933209e-08,2.7420698e-05
L-BFGS-B,3185,1.8611843e-09,0.0015293936,7.942323e-08,2.74866e-05
L-BFGS-B,3186,1.8535844e-09,0.0015241252,7.933876e-08,2.7420105e-05
L-BFGS-B,3187,1.8527961e-09,0.0015238532,7.9337866e-08,2.741713e-05
L-BFGS-B,3188,1.8524465e-09,0.0015234406,7.935165e-08,2.7415019e-05
L-BFGS-B,3189,1.8525947e-09,0.0015231787,7.9356646e-08,2.741317e-05
L-BFGS-B,3190,1.8539398e-09,0.0015227168,7.9359786e-08,2.7409227e-05
L-BFGS-B,3191,1.8557919e-09,0.0015221585,7.9358344e-08,2.7403705e-05
L-BFGS-B,3192,1.857871e-09,0.0015213543,7.934988e-08,2.7394706e-05
L-BFGS-B,3193,1.8597821e-09,0.0015213627,7.9332565e-08,2.7392478e-05
L-BFGS-B,3194,1.8573544e-09,0.0015205037,7.931878e-08,2.7381457e-05
L-BFGS-B,3195,1.8548676e-09,0.001519763,7.9327606e-08,2.7375001e-05
L-BFGS-B,3196,1.851868e-09,0.0015189907,7.9351196e-08,2.7370366e-05
L-BFGS-B,3197,1.8484534e-09,0.0015185039,7.934374e-08,2.7363869e-05
L-BFGS-B,3198,1.855133e-09,0.0015256365,7.9346385e-08,2.7436592e-05
L-BFGS-B,3199,1.8477893e-09,0.0015178982,7.934396e-08,2.7357743e-05
L-BFGS-B,3200,1.8499059e-09,0.0015158518,7.942123e-08,2.7349188e-05
L-BFGS-B,3201,1.8527028e-09,0.0015154838,7.940985e-08,2.7344222e-05
L-BFGS-B,3202,1.850921e-09,0.001514647,7.940424e-08,2.7334743e-05
L-BFGS-B,3203,1.8485237e-09,0.0015135456,7.9439076e-08,2.7328595e-05
L-BFGS-B,3204,1.8481112e-09,0.0015126943,7.946978e-08,2.7324626e-05
L-BFGS-B,3205,1.8499535e-09,0.001512309,7.9470865e-08,2.732121e-05
L-BFGS-B,3206,1.8501368e-09,0.0015110034,7.9491855e-08,2.7311333e-05
L-BFGS-B,3207,1.8480608e-09,0.0015105136,7.949527e-08,2.7306634e-05
L-BFGS-B,3208,1.8480787e-09,0.001509878,7.950075e-08,2.7301103e-05
L-BFGS-B,3209,1.8501551e-09,0.0015085377,7.955229e-08,2.7295744e-05
L-BFGS-B,3210,1.8507109e-09,0.0015083308,7.954517e-08,2.7292688e-05
L-BFGS-B,3211,1.8498586e-09,0.0015080578,7.9541714e-08,2.7289314e-05
L-BFGS-B,3212,1.8493981e-09,0.0015077109,7.954288e-08,2.728595e-05
L-BFGS-B,3213,1.8495271e-09,0.0015072001,7.954794e-08,2.728162e-05
L-BFGS-B,3214,1.8505427e-09,0.0015068841,7.954337e-08,2.7277929e-05
L-BFGS-B,3215,1.8519948e-09,0.0015062563,7.9573724e-08,2.727642e-05
L-BFGS-B,3216,1.8539001e-09,0.0015067903,7.957278e-08,2.7281905e-05
L-BFGS-B,3217,1.8523143e-09,0.0015059839,7.957262e-08,2.727358e-05
L-BFGS-B,3218,1.8532363e-09,0.0015060398,7.955009e-08,2.7270897e-05
L-BFGS-B,3219,1.8535908e-09,0.0015056548,7.9555704e-08,2.7267943e-05
L-BFGS-B,3220,1.8530809e-09,0.0015052948,7.956349e-08,2.7265434e-05
L-BFGS-B,3221,1.8535482e-09,0.0015048741,7.956774e-08,2.7261933e-05
L-BFGS-B,3222,1.8553171e-09,0.0015047829,7.95541e-08,2.725924e-05
L-BFGS-B,3223,1.9468527e-09,0.0015954862,7.976674e-08,2.82119e-05
L-BFGS-B,3224,1.8554391e-09,0.0015043524,7.95624e-08,2.72562e-05
L-BFGS-B,3225,1.8565767e-09,0.0015037078,7.957219e-08,2.7251393e-05
L-BFGS-B,3226,1.8556945e-09,0.0015030884,7.957642e-08,2.72457e-05
L-BFGS-B,3227,1.8550593e-09,0.0015026924,7.958782e-08,2.7243355e-05
L-BFGS-B,3228,1.8537806e-09,0.0015024059,7.958984e-08,2.72406e-05
L-BFGS-B,3229,1.853904e-09,0.0015022082,7.959198e-08,2.7238964e-05
L-BFGS-B,3230,1.8545546e-09,0.0015019438,7.959416e-08,2.7236743e-05
L-BFGS-B,3231,1.8549535e-09,0.0015015706,7.959844e-08,2.7233715e-05
L-BFGS-B,3232,1.8614026e-09,0.0015021011,7.959002e-08,2.7238726e-05
L-BFGS-B,3233,1.8569273e-09,0.0015013047,7.9595175e-08,2.723086e-05
L-BFGS-B,3234,1.8565901e-09,0.0015007433,7.959578e-08,2.7225287e-05
L-BFGS-B,3235,1.8543949e-09,0.0014992757,7.959631e-08,2.7210364e-05
L-BFGS-B,3236,1.8522893e-09,0.0014992199,7.957617e-08,2.7206468e-05
L-BFGS-B,3237,1.8524365e-09,0.0014987595,7.957229e-08,2.7201304e-05
L-BFGS-B,3238,1.8503596e-09,0.0014980852,7.95581e-08,2.719212e-05
L-BFGS-B,3239,1.8506244e-09,0.0015001273,7.954952e-08,2.7211294e-05
L-BFGS-B,3240,1.8500265e-09,0.0014980045,7.955603e-08,2.7190954e-05
L-BFGS-B,3241,1.8460509e-09,0.0014987502,7.951516e-08,2.7191683e-05
L-BFGS-B,3242,1.8474331e-09,0.0014975464,7.953492e-08,2.7182818e-05
L-BFGS-B,3243,1.845934e-09,0.0014969817,7.953016e-08,2.7176231e-05
L-BFGS-B,3244,1.8438859e-09,0.0014960004,7.953346e-08,2.7166607e-05
L-BFGS-B,3245,1.8404186e-09,0.0014959552,7.9542865e-08,2.7167043e-05
L-BFGS-B,3246,1.8418822e-09,0.0014956009,7.9537706e-08,2.7162947e-05
L-BFGS-B,3247,1.8419669e-09,0.0014952011,7.954476e-08,2.7160022e-05
L-BFGS-B,3248,1.8411176e-09,0.0014941643,7.958516e-08,2.7155585e-05
L-BFGS-B,3249,1.8404815e-09,0.0014955091,7.959771e-08,2.717082e-05
L-BFGS-B,3250,1.8405641e-09,0.0014939922,7.958762e-08,2.7154148e-05
L-BFGS-B,3251,1.8400881e-09,0.0014938365,7.958493e-08,2.7152117e-05
L-BFGS-B,3252,1.8365843e-09,0.0014930018,7.957739e-08,2.7142114e-05
L-BFGS-B,3253,1.8364659e-09,0.0014918343,7.958977e-08,2.7132277e-05
L-BFGS-B,3254,1.835782e-09,0.0014900783,7.95719e-08,2.7111935e-05
L-BFGS-B,3255,1.8360722e-09,0.0014877688,7.96029e-08,2.7093534e-05
L-BFGS-B,3256,1.8437498e-09,0.0014900665,7.9554134e-08,2.7110347e-05
L-BFGS-B,3257,1.8371574e-09,0.0014866762,7.958201e-08,2.7079637e-05
L-BFGS-B,3258,1.8418422e-09,0.0014853134,7.9590905e-08,2.7068047e-05
L-BFGS-B,3259,1.8435546e-09,0.0014846646,7.962166e-08,2.7066428e-05
L-BFGS-B,3260,1.8422741e-09,0.0014845709,7.960639e-08,2.7063008e-05
L-BFGS-B,3261,1.8429156e-09,0.0014834782,7.962189e-08,2.7054502e-05
L-BFGS-B,3262,1.8409007e-09,0.001481979,7.965106e-08,2.7043585e-05
L-BFGS-B,3263,1.8394588e-09,0.001480279,7.9679495e-08,2.7030634e-05
L-BFGS-B,3264,1.8361914e-09,0.0014792067,7.967837e-08,2.7019252e-05
L-BFGS-B,3265,1.837261e-09,0.0014771583,7.9704435e-08,2.7002836e-05
L-BFGS-B,3266,1.8805806e-09,0.0015125541,7.984353e-08,2.7384158e-05
L-BFGS-B,3267,1.8377121e-09,0.0014764449,7.971569e-08,2.6997459e-05
L-BFGS-B,3268,1.8573707e-09,0.0014978267,7.965033e-08,2.720442e-05
L-BFGS-B,3269,1.8369071e-09,0.00147581,7.970245e-08,2.6989004e-05
L-BFGS-B,3270,1.8803525e-09,0.0015220356,7.969341e-08,2.7456419e-05
L-BFGS-B,3271,1.8363545e-09,0.001475285,7.9699696e-08,2.6983256e-05
L-BFGS-B,3272,1.8383678e-09,0.00147356,7.96904e-08,2.6964915e-05
L-BFGS-B,3273,1.8400803e-09,0.0014732843,7.963414e-08,2.6953976e-05
L-BFGS-B,3274,1.8420871e-09,0.0014724339,7.964107e-08,2.6946811e-05
L-BFGS-B,3275,1.8394876e-09,0.0014702211,7.9595175e-08,2.6917409e-05
L-BFGS-B,3276,1.8361481e-09,0.001468887,7.959044e-08,2.6902859e-05
L-BFGS-B,3277,1.836245e-09,0.0014674478,7.9600525e-08,2.6889993e-05
L-BFGS-B,3278,1.8403645e-09,0.001465542,7.957959e-08,2.6868413e-05
L-BFGS-B,3279,1.8415511e-09,0.0014632537,7.956747e-08,2.684389e-05
L-BFGS-B,3280,1.840431e-09,0.001462163,7.9537976e-08,2.6828391e-05
L-BFGS-B,3281,1.8406706e-09,0.0014612076,7.954529e-08,2.681997e-05
L-BFGS-B,3282,1.8422126e-09,0.0014607573,7.9544485e-08,2.6815578e-05
L-BFGS-B,3283,1.8409655e-09,0.001459933,7.953e-08,2.6804973e-05
L-BFGS-B,3284,1.8396416e-09,0.001458984,7.9532725e-08,2.6795693e-05
L-BFGS-B,3285,1.8388425e-09,0.0014582842,7.9509135e-08,2.6785037e-05
L-BFGS-B,3286,1.8370472e-09,0.0014582275,7.9488245e-08,2.6781068e-05
L-BFGS-B,3287,1.8353332e-09,0.0014577097,7.947222e-08,2.677323e-05
L-BFGS-B,3288,1.8344856e-09,0.0014571307,7.9474546e-08,2.6767662e-05
L-BFGS-B,3289,1.8408953e-09,0.0014646316,7.960132e-08,2.686265e-05
L-BFGS-B,3290,1.8340258e-09,0.0014566969,7.9489276e-08,2.6765463e-05
L-BFGS-B,3291,1.8315411e-09,0.0014554462,7.949174e-08,2.6752954e-05
L-BFGS-B,3292,1.8292995e-09,0.0014533157,7.949628e-08,2.6731994e-05
L-BFGS-B,3293,1.8266708e-09,0.0014503282,7.951488e-08,2.6704514e-05
L-BFGS-B,3294,1.8224273e-09,0.0014493525,7.9536555e-08,2.6697373e-05
L-BFGS-B,3295,1.8234643e-09,0.0014528498,7.952248e-08,2.673039e-05
L-BFGS-B,3296,1.8198733e-09,0.001447657,7.953064e-08,2.6679147e-05
L-BFGS-B,3297,1.8374097e-09,0.0014677912,7.957153e-08,2.688925e-05
L-BFGS-B,3298,1.8183911e-09,0.0014463271,7.9537514e-08,2.6666656e-05
L-BFGS-B,3299,1.8227041e-09,0.001445841,7.949478e-08,2.6656035e-05
L-BFGS-B,3300,1.8223085e-09,0.0014442515,7.946541e-08,2.6635673e-05
L-BFGS-B,3301,1.8187603e-09,0.0014424467,7.949381e-08,2.6621352e-05
L-BFGS-B,3302,1.8155812e-09,0.0014420697,7.947012e-08,2.661355e-05
L-BFGS-B,3303,1.821006e-09,0.0014422939,7.9439396e-08,2.6611999e-05
L-BFGS-B,3304,1.8172898e-09,0.0014417904,7.943835e-08,2.6606249e-05
L-BFGS-B,3305,1.8164868e-09,0.0014415651,7.9436695e-08,2.660363e-05
L-BFGS-B,3306,1.8154637e-09,0.0014412486,7.943007e-08,2.6599315e-05
L-BFGS-B,3307,1.8129993e-09,0.0014416014,7.940533e-08,2.6598764e-05
L-BFGS-B,3308,1.8148113e-09,0.0014408517,7.940937e-08,2.6592144e-05
L-BFGS-B,3309,1.8148104e-09,0.0014404162,7.940751e-08,2.658751e-05
L-BFGS-B,3310,1.815703e-09,0.0014399127,7.9386844e-08,2.657951e-05
L-BFGS-B,3311,1.812357e-09,0.0014396319,7.936939e-08,2.6573582e-05
L-BFGS-B,3312,1.811164e-09,0.0014391345,7.935787e-08,2.65667e-05
L-BFGS-B,3313,1.8096508e-09,0.0014383923,7.934102e-08,2.6556525e-05
L-BFGS-B,3314,1.808983e-09,0.0014375075,7.934295e-08,2.6547865e-05
L-BFGS-B,3315,1.8086163e-09,0.0014367619,7.9322696e-08,2.6537316e-05
L-BFGS-B,3316,1.8084745e-09,0.0014361057,7.930307e-08,2.6527789e-05
L-BFGS-B,3317,1.8102331e-09,0.0014357789,7.927575e-08,2.6520687e-05
L-BFGS-B,3318,1.8084201e-09,0.001435853,7.9257774e-08,2.6518459e-05
L-BFGS-B,3319,1.8088248e-09,0.0014353644,7.926954e-08,2.6515398e-05
L-BFGS-B,3320,1.8089694e-09,0.0014352698,7.926754e-08,2.6514173e-05
L-BFGS-B,3321,1.8089505e-09,0.0014350085,7.926687e-08,2.6511458e-05
L-BFGS-B,3322,1.8091437e-09,0.001434634,7.926385e-08,2.6507289e-05
L-BFGS-B,3323,1.8036675e-09,0.0014390906,7.923034e-08,2.6546008e-05
L-BFGS-B,3324,1.8083262e-09,0.0014346589,7.9260516e-08,2.6506914e-05
L-BFGS-B,3325,1.8086238e-09,0.0014345299,7.925832e-08,2.650534e-05
L-BFGS-B,3326,1.8078803e-09,0.0014344136,7.92615e-08,2.6504542e-05
L-BFGS-B,3327,1.8086633e-09,0.001434223,7.926211e-08,2.6502847e-05
L-BFGS-B,3328,1.8086876e-09,0.0014340683,7.926267e-08,2.6501386e-05
L-BFGS-B,3329,1.8082434e-09,0.0014338532,7.925991e-08,2.6498754e-05
L-BFGS-B,3330,1.8077382e-09,0.0014335642,7.925951e-08,2.6495727e-05
L-BFGS-B,3331,1.8067119e-09,0.0014333802,7.925217e-08,2.6492633e-05
L-BFGS-B,3332,1.8067505e-09,0.0014331962,7.924549e-08,2.6489797e-05
L-BFGS-B,3333,1.8066683e-09,0.0014329139,7.924705e-08,2.6487196e-05
L-BFGS-B,3334,1.8064047e-09,0.0014326674,7.924499e-08,2.6484382e-05
L-BFGS-B,3335,1.8078592e-09,0.0014321144,7.925515e-08,2.6480595e-05
L-BFGS-B,3336,1.8085394e-09,0.001431379,7.927544e-08,2.6476388e-05
L-BFGS-B,3337,1.8136604e-09,0.0014313489,7.927552e-08,2.6476866e-05
L-BFGS-B,3338,1.8106996e-09,0.0014310705,7.927541e-08,2.647362e-05
L-BFGS-B,3339,1.8074815e-09,0.0014303116,7.930534e-08,2.647004e-05
L-BFGS-B,3340,1.8532893e-09,0.0014759799,7.950488e-08,2.6963524e-05
L-BFGS-B,3341,1.8073301e-09,0.0014300286,7.9314795e-08,2.6468604e-05
L-BFGS-B,3342,1.8071602e-09,0.0014296034,7.931446e-08,2.6464277e-05
L-BFGS-B,3343,1.8057071e-09,0.0014291432,7.931175e-08,2.6459049e-05
L-BFGS-B,3344,1.8050024e-09,0.0014285945,7.932248e-08,2.6455067e-05
L-BFGS-B,3345,1.804744e-09,0.0014282949,7.9321495e-08,2.6451886e-05
L-BFGS-B,3346,1.8061099e-09,0.001427876,7.933158e-08,2.6449412e-05
L-BFGS-B,3347,1.8075985e-09,0.0014276337,7.933324e-08,2.6447462e-05
L-BFGS-B,3348,1.8096782e-09,0.0014272785,7.9339735e-08,2.6445196e-05
L-BFGS-B,3349,1.8109534e-09,0.0014270134,7.9346115e-08,2.6443693e-05
L-BFGS-B,3350,1.8117706e-09,0.0014269348,7.934297e-08,2.6442558e-05
L-BFGS-B,3351,1.8112216e-09,0.0014267734,7.934669e-08,2.644142e-05
L-BFGS-B,3352,1.8108327e-09,0.00142666,7.934783e-08,2.6440399e-05
L-BFGS-B,3353,1.8105324e-09,0.001426448,7.9349135e-08,2.6438429e-05
L-BFGS-B,3354,1.8099346e-09,0.0014334373,7.9397985e-08,2.6515561e-05
L-BFGS-B,3355,1.8099674e-09,0.0014263595,7.935235e-08,2.6437941e-05
L-BFGS-B,3356,1.8100527e-09,0.0014261755,7.935309e-08,2.6436226e-05
L-BFGS-B,3357,1.8111284e-09,0.0014256879,7.935917e-08,2.6432423e-05
L-BFGS-B,3358,1.8115824e-09,0.0014255082,7.936212e-08,2.6431137e-05
L-BFGS-B,3359,1.8121807e-09,0.0014252694,7.936511e-08,2.6429287e-05
L-BFGS-B,3360,1.8158264e-09,0.0014263227,7.94092e-08,2.644698e-05
L-BFGS-B,3361,1.8125254e-09,0.0014251041,7.9371915e-08,2.6428708e-05
L-BFGS-B,3362,1.8125716e-09,0.0014247717,7.9376086e-08,2.6426016e-05
L-BFGS-B,3363,1.8124374e-09,0.0014246495,7.936983e-08,2.6423835e-05
L-BFGS-B,3364,1.812594e-09,0.0014244143,7.936714e-08,2.6421103e-05
L-BFGS-B,3365,1.811775e-09,0.0014245053,7.936387e-08,2.64214e-05
L-BFGS-B,3366,1.8120703e-09,0.0014242996,7.9365314e-08,2.6419602e-05
L-BFGS-B,3367,1.8132337e-09,0.0014239845,7.9370935e-08,2.641747e-05
L-BFGS-B,3368,1.8146629e-09,0.0014234706,7.9387185e-08,2.6414982e-05
L-BFGS-B,3369,1.8162073e-09,0.001422919,7.940346e-08,2.641214e-05
L-BFGS-B,3370,1.8154491e-09,0.0014225821,7.9419415e-08,2.641105e-05
L-BFGS-B,3371,1.816124e-09,0.0014224087,7.940802e-08,2.6407708e-05
L-BFGS-B,3372,1.8171069e-09,0.0014221501,7.9405616e-08,2.6404909e-05
L-BFGS-B,3373,1.8169842e-09,0.0014218182,7.940871e-08,2.6402035e-05
L-BFGS-B,3374,1.8167527e-09,0.0014210416,7.9433036e-08,2.6397884e-05
L-BFGS-B,3375,1.8154591e-09,0.0014211725,7.9417184e-08,2.6396621e-05
L-BFGS-B,3376,1.8159082e-09,0.0014210799,7.941481e-08,2.6395406e-05
L-BFGS-B,3377,1.8160089e-09,0.0014208968,7.942335e-08,2.6394871e-05
L-BFGS-B,3378,1.8154754e-09,0.001420827,7.941985e-08,2.6393569e-05
L-BFGS-B,3379,1.8146025e-09,0.0014208299,7.941389e-08,2.6392572e-05
L-BFGS-B,3380,1.8140328e-09,0.0014208098,7.9409986e-08,2.6391699e-05
L-BFGS-B,3381,1.8136839e-09,0.001420787,7.9406576e-08,2.6390908e-05
L-BFGS-B,3382,1.8140555e-09,0.001420709,7.9403506e-08,2.6389724e-05
L-BFGS-B,3383,1.903784e-09,0.0015407531,7.8997424e-08,2.754271e-05
L-BFGS-B,3384,1.8136324e-09,0.0014208143,7.939571e-08,2.6389544e-05
L-BFGS-B,3385,1.8141926e-09,0.0014208129,7.9381586e-08,2.6387495e-05
L-BFGS-B,3386,1.8148156e-09,0.001420648,7.938193e-08,2.6385991e-05
L-BFGS-B,3387,1.8172295e-09,0.0014205438,7.938497e-08,2.6385766e-05
L-BFGS-B,3388,1.8159596e-09,0.001420487,7.938342e-08,2.6384776e-05
L-BFGS-B,3389,1.815825e-09,0.0014203324,7.938494e-08,2.6383437e-05
L-BFGS-B,3390,1.8156322e-09,0.0014202875,7.938305e-08,2.6382677e-05
L-BFGS-B,3391,1.8153521e-09,0.0014202251,7.9380015e-08,2.6381556e-05
L-BFGS-B,3392,1.8157665e-09,0.0014201924,7.9376285e-08,2.638073e-05
L-BFGS-B,3393,1.8157056e-09,0.0014201809,7.9371134e-08,2.6379836e-05
L-BFGS-B,3394,1.8155123e-09,0.001420183,7.9364405e-08,2.6378817e-05
L-BFGS-B,3395,1.8148044e-09,0.0014203113,7.9357605e-08,2.6378973e-05
L-BFGS-B,3396,1.8151541e-09,0.0014201874,7.9361264e-08,2.6378337e-05
L-BFGS-B,3397,1.8146328e-09,0.0014201713,7.935859e-08,2.6377696e-05
L-BFGS-B,3398,1.8146682e-09,0.001420137,7.935906e-08,2.637743e-05
L-BFGS-B,3399,1.8171522e-09,0.0014201929,7.9357555e-08,2.6378135e-05
L-BFGS-B,3400,1.8156275e-09,0.0014200215,7.9358394e-08,2.6376318e-05
L-BFGS-B,3401,1.8241068e-09,0.0014203038,7.935732e-08,2.6380252e-05
L-BFGS-B,3402,1.818187e-09,0.0014198795,7.935776e-08,2.6375186e-05
L-BFGS-B,3403,1.8179463e-09,0.0014198071,7.935237e-08,2.6373618e-05
L-BFGS-B,3404,1.8175265e-09,0.0014195362,7.935145e-08,2.6370708e-05
L-BFGS-B,3405,1.8177869e-09,0.0014192379,7.935256e-08,2.6367932e-05
L-BFGS-B,3406,1.81684e-09,0.0014187507,7.935862e-08,2.6363825e-05
L-BFGS-B,3407,1.8167379e-09,0.0014183494,7.9366046e-08,2.6360913e-05
L-BFGS-B,3408,1.8204198e-09,0.0014181287,7.940245e-08,2.6364716e-05
L-BFGS-B,3409,1.8177313e-09,0.0014176699,7.938203e-08,2.6356664e-05
L-BFGS-B,3410,1.8176015e-09,0.0014171146,7.938604e-08,2.6351692e-05
L-BFGS-B,3411,1.8171271e-09,0.0014164846,7.9384066e-08,2.6345024e-05
L-BFGS-B,3412,1.8171995e-09,0.0014143691,7.939688e-08,2.63258e-05
L-BFGS-B,3413,1.8185793e-09,0.0014128989,7.944326e-08,2.6318263e-05
L-BFGS-B,3414,1.8171656e-09,0.0014129607,7.941986e-08,2.631516e-05
L-BFGS-B,3415,1.8200577e-09,0.0014106827,7.950962e-08,2.6306278e-05
L-BFGS-B,3416,1.8176768e-09,0.001410859,7.946218e-08,2.6300568e-05
L-BFGS-B,3417,1.8157619e-09,0.0014082644,7.9515544e-08,2.628234e-05
L-BFGS-B,3418,1.8259193e-09,0.0014165709,7.957734e-08,2.6376198e-05
L-BFGS-B,3419,1.8152919e-09,0.0014074356,7.952907e-08,2.6276011e-05
L-BFGS-B,3420,1.8138538e-09,0.0014059568,7.9566e-08,2.6266545e-05
L-BFGS-B,3421,1.8139332e-09,0.0014078886,7.958554e-08,2.6288806e-05
L-BFGS-B,3422,1.8126967e-09,0.0014053157,7.957184e-08,2.6260837e-05
L-BFGS-B,3423,1.8117522e-09,0.0014051892,7.956965e-08,2.6259102e-05
L-BFGS-B,3424,1.8143713e-09,0.0014044724,7.958929e-08,2.6255273e-05
L-BFGS-B,3425,1.8148606e-09,0.0014043383,7.9568494e-08,2.6250886e-05
L-BFGS-B,3426,1.814694e-09,0.0014063771,7.9574235e-08,2.6272111e-05
L-BFGS-B,3427,1.8142665e-09,0.0014041628,7.956932e-08,2.6249167e-05
L-BFGS-B,3428,1.8135878e-09,0.0014038861,7.956577e-08,2.6245765e-05
L-BFGS-B,3429,1.8140858e-09,0.0014029675,7.959883e-08,2.624161e-05
L-BFGS-B,3430,1.8139426e-09,0.0014026295,7.9592155e-08,2.623721e-05
L-BFGS-B,3431,1.815028e-09,0.0014024195,7.958554e-08,2.623428e-05
L-BFGS-B,3432,1.8138085e-09,0.0014018753,7.9597875e-08,2.6230504e-05
L-BFGS-B,3433,1.8129236e-09,0.0014012312,7.961785e-08,2.6226928e-05
L-BFGS-B,3434,1.8134066e-09,0.0014012873,7.961551e-08,2.622721e-05
L-BFGS-B,3435,1.8130676e-09,0.001401152,7.9616576e-08,2.6225967e-05
L-BFGS-B,3436,1.8154561e-09,0.0014011135,7.972095e-08,2.6241594e-05
L-BFGS-B,3437,1.8130655e-09,0.0014002294,7.964853e-08,2.6221533e-05
L-BFGS-B,3438,1.8135906e-09,0.0013994931,7.9642966e-08,2.6213414e-05
L-BFGS-B,3439,1.8173434e-09,0.001398282,7.966469e-08,2.6205125e-05
L-BFGS-B,3440,1.815071e-09,0.001398203,7.965181e-08,2.6202062e-05
L-BFGS-B,3441,1.8163532e-09,0.0013964269,7.967649e-08,2.6188194e-05
L-BFGS-B,3442,1.8208021e-09,0.0013981927,7.968544e-08,2.6207865e-05
L-BFGS-B,3443,1.8166664e-09,0.0013959182,7.96792e-08,2.6183561e-05
L-BFGS-B,3444,1.8158541e-09,0.0013946105,7.970369e-08,2.6174035e-05
L-BFGS-B,3445,1.8286604e-09,0.00141883,7.972709e-08,2.6421661e-05
L-BFGS-B,3446,1.8147733e-09,0.0013944037,7.97047e-08,2.6171958e-05
L-BFGS-B,3447,1.8160866e-09,0.0013926335,7.978716e-08,2.6166821e-05
L-BFGS-B,3448,1.815572e-09,0.001392471,7.974198e-08,2.6158341e-05
L-BFGS-B,3449,1.8160113e-09,0.0013919866,7.974187e-08,2.615355e-05
L-BFGS-B,3450,1.8153187e-09,0.0013910038,7.974886e-08,2.6144666e-05
L-BFGS-B,3451,1.8154361e-09,0.0013897219,7.977698e-08,2.613608e-05
L-BFGS-B,3452,1.8145114e-09,0.0013883114,7.9779674e-08,2.6122241e-05
L-BFGS-B,3453,1.8183971e-09,0.0013875954,7.981398e-08,2.6120812e-05
L-BFGS-B,3454,1.8151e-09,0.0013869291,7.9793054e-08,2.6110514e-05
L-BFGS-B,3455,1.8197245e-09,0.0013865411,7.982554e-08,2.61122e-05
L-BFGS-B,3456,1.8165341e-09,0.0013855723,7.9807045e-08,2.609926e-05
L-BFGS-B,3457,1.8215365e-09,0.0013861575,7.975477e-08,2.609802e-05
L-BFGS-B,3458,1.8181437e-09,0.0013849548,7.978071e-08,2.6089376e-05
L-BFGS-B,3459,1.8178616e-09,0.0013831645,7.980648e-08,2.6075297e-05
L-BFGS-B,3460,1.8447152e-09,0.0013909194,7.997805e-08,2.618261e-05
L-BFGS-B,3461,1.8207915e-09,0.001382142,7.9835104e-08,2.6069803e-05
L-BFGS-B,3462,1.8193114e-09,0.0013798823,7.985449e-08,2.6049893e-05
L-BFGS-B,3463,1.8177276e-09,0.001378385,7.98712e-08,2.6037189e-05
L-BFGS-B,3464,1.8139054e-09,0.0013786838,7.9963414e-08,2.6053436e-05
L-BFGS-B,3465,1.8147521e-09,0.0013767811,7.9906194e-08,2.6025951e-05
L-BFGS-B,3466,1.8176028e-09,0.0013780678,7.991865e-08,2.6041114e-05
L-BFGS-B,3467,1.8144095e-09,0.0013755853,7.9909974e-08,2.601451e-05
L-BFGS-B,3468,1.8164626e-09,0.0013753267,7.9890924e-08,2.6009373e-05
L-BFGS-B,3469,1.8150491e-09,0.0013725979,7.993355e-08,2.5988269e-05
L-BFGS-B,3470,1.8108747e-09,0.0013724488,7.9890974e-08,2.5979763e-05
L-BFGS-B,3471,1.8105718e-09,0.001370116,7.9903174e-08,2.5958223e-05
L-BFGS-B,3472,1.8098739e-09,0.0013686947,7.9934196e-08,2.5948557e-05
L-BFGS-B,3473,1.8117509e-09,0.0013678812,7.992983e-08,2.5940048e-05
L-BFGS-B,3474,1.8110577e-09,0.001367292,7.9932356e-08,2.593443e-05
L-BFGS-B,3475,1.8096381e-09,0.0013669025,7.994052e-08,2.593155e-05
L-BFGS-B,3476,1.8079382e-09,0.0013665383,7.9941834e-08,2.592785e-05
L-BFGS-B,3477,1.8069335e-09,0.0013664758,7.992787e-08,2.592498e-05
L-BFGS-B,3478,1.8070115e-09,0.0013662381,7.992531e-08,2.5922229e-05
L-BFGS-B,3479,1.8080575e-09,0.0013660799,7.991984e-08,2.5919984e-05
L-BFGS-B,3480,1.809614e-09,0.0013660163,7.990853e-08,2.5917885e-05
L-BFGS-B,3481,1.8102556e-09,0.0013658768,7.9906044e-08,2.5916212e-05
L-BFGS-B,3482,1.8117061e-09,0.0013661989,7.991693e-08,2.5921283e-05
L-BFGS-B,3483,1.8103763e-09,0.0013656198,7.9909434e-08,2.5914169e-05
L-BFGS-B,3484,1.8124774e-09,0.001367235,7.9891926e-08,2.592801e-05
L-BFGS-B,3485,1.8104233e-09,0.0013655834,7.990617e-08,2.5913323e-05
L-BFGS-B,3486,1.8117303e-09,0.0013657267,7.9927005e-08,2.5918078e-05
L-BFGS-B,3487,1.8103786e-09,0.0013650629,7.991429e-08,2.5909329e-05
L-BFGS-B,3488,1.8104613e-09,0.0013643787,7.992688e-08,2.5904388e-05
L-BFGS-B,3489,1.8108738e-09,0.0013636057,7.994922e-08,2.590007e-05
L-BFGS-B,3490,1.8107226e-09,0.0013633233,7.994484e-08,2.5896567e-05
L-BFGS-B,3491,1.8108273e-09,0.0013626259,7.998237e-08,2.5895239e-05
L-BFGS-B,3492,1.8105046e-09,0.0013627061,7.996334e-08,2.5893138e-05
L-BFGS-B,3493,1.8101366e-09,0.0013626019,7.994492e-08,2.5889276e-05
L-BFGS-B,3494,1.8094751e-09,0.0013622933,7.9944606e-08,2.5886045e-05
L-BFGS-B,3495,1.8080363e-09,0.001361282,7.995418e-08,2.587715e-05
L-BFGS-B,3496,1.8049938e-09,0.0013602854,7.995187e-08,2.5866382e-05
L-BFGS-B,3497,1.803785e-09,0.0013596182,7.996385e-08,2.5861325e-05
L-BFGS-B,3498,1.8022593e-09,0.001359291,7.994519e-08,2.5855028e-05
L-BFGS-B,3499,1.8030871e-09,0.0013588298,7.994624e-08,2.5850695e-05
L-BFGS-B,3500,1.8000018e-09,0.0013580731,7.993551e-08,2.5841058e-05
L-BFGS-B,3501,1.7973427e-09,0.0013570448,7.994151e-08,2.5831276e-05
L-BFGS-B,3502,1.79532e-09,0.0013569387,7.9931716e-08,2.5828442e-05
L-BFGS-B,3503,1.7977966e-09,0.0013566039,7.993224e-08,2.5825546e-05
L-BFGS-B,3504,1.797822e-09,0.0013564401,7.993585e-08,2.5824453e-05
L-BFGS-B,3505,1.7977054e-09,0.0013563634,7.993736e-08,2.5823894e-05
L-BFGS-B,3506,1.7980802e-09,0.0013562903,7.9934935e-08,2.5822856e-05
L-BFGS-B,3507,1.7986386e-09,0.0013562422,7.9932605e-08,2.5822108e-05
L-BFGS-B,3508,1.799244e-09,0.0013562194,7.992309e-08,2.5820544e-05
L-BFGS-B,3509,1.7996648e-09,0.0013562739,7.990826e-08,2.5818928e-05
L-BFGS-B,3510,1.7993946e-09,0.0013563198,7.989135e-08,2.5816807e-05
L-BFGS-B,3511,1.8011178e-09,0.0013590808,7.989631e-08,2.5845422e-05
L-BFGS-B,3512,1.7992401e-09,0.0013562723,7.989185e-08,2.5816385e-05
L-BFGS-B,3513,1.7969842e-09,0.0013562643,7.987333e-08,2.5813191e-05
L-BFGS-B,3514,1.7964459e-09,0.0013561059,7.9878724e-08,2.5812335e-05
L-BFGS-B,3515,1.7954618e-09,0.001355787,7.9890654e-08,2.5810787e-05
L-BFGS-B,3516,1.797268e-09,0.0013560533,7.989653e-08,2.5814603e-05
L-BFGS-B,3517,1.7958581e-09,0.001355617,7.9892445e-08,2.5809415e-05
L-BFGS-B,3518,1.7952893e-09,0.0013553302,7.989399e-08,2.5806694e-05
L-BFGS-B,3519,1.7939231e-09,0.0013547125,7.9886824e-08,2.5799236e-05
L-BFGS-B,3520,1.7942882e-09,0.0013548448,7.985801e-08,2.5796293e-05
L-BFGS-B,3521,1.7937468e-09,0.0013547469,7.984249e-08,2.5792904e-05
L-BFGS-B,3522,1.794482e-09,0.0013545977,7.983615e-08,2.579057e-05
L-BFGS-B,3523,1.7944763e-09,0.0013544672,7.983101e-08,2.5788495e-05
L-BFGS-B,3524,1.7936373e-09,0.001354271,7.983391e-08,2.5786841e-05
L-BFGS-B,3525,1.7934518e-09,0.0013540027,7.9841804e-08,2.5785315e-05
L-BFGS-B,3526,1.7926239e-09,0.0013548132,7.9865735e-08,2.5796886e-05
L-BFGS-B,3527,1.7930671e-09,0.0013538662,7.9846174e-08,2.578455e-05
L-BFGS-B,3528,1.7935752e-09,0.0013538533,7.983857e-08,2.5783354e-05
L-BFGS-B,3529,1.7935949e-09,0.0013538302,7.98353e-08,2.5782636e-05
L-BFGS-B,3530,1.7935201e-09,0.0013538304,7.982908e-08,2.5781694e-05
L-BFGS-B,3531,1.7933833e-09,0.0013539263,7.9817234e-08,2.5780853e-05
L-BFGS-B,3532,1.7930638e-09,0.001353964,7.981014e-08,2.578012e-05
L-BFGS-B,3533,1.7920613e-09,0.0013539755,7.9805346e-08,2.5779365e-05
L-BFGS-B,3534,1.7914317e-09,0.0013539076,7.980644e-08,2.5778758e-05
L-BFGS-B,3535,1.7858902e-09,0.0013545267,7.980572e-08,2.578401e-05
L-BFGS-B,3536,1.7900302e-09,0.0013538754,7.980613e-08,2.5778178e-05
L-BFGS-B,3537,1.7897382e-09,0.0013537636,7.9809695e-08,2.577755e-05
L-BFGS-B,3538,1.7900916e-09,0.0013533265,7.9825206e-08,2.577556e-05
L-BFGS-B,3539,1.8285736e-09,0.001383564,7.998936e-08,2.610833e-05
L-BFGS-B,3540,1.7902226e-09,0.0013532826,7.9828254e-08,2.5775596e-05
L-BFGS-B,3541,1.7901184e-09,0.0013533091,7.982599e-08,2.5775505e-05
L-BFGS-B,3542,1.790368e-09,0.0013530159,7.983342e-08,2.5773727e-05
L-BFGS-B,3543,1.7907623e-09,0.0013526061,7.984513e-08,2.5771446e-05
L-BFGS-B,3544,1.7910198e-09,0.0013523501,7.984873e-08,2.5769463e-05
L-BFGS-B,3545,1.7910077e-09,0.0013522896,7.98441e-08,2.576816e-05
L-BFGS-B,3546,1.7900683e-09,0.0013520923,7.984746e-08,2.5766552e-05
L-BFGS-B,3547,1.788371e-09,0.0013517897,7.9851226e-08,2.5763835e-05
L-BFGS-B,3548,1.7963461e-09,0.0013602463,7.984609e-08,2.5848829e-05
L-BFGS-B,3549,1.7883148e-09,0.0013517517,7.985097e-08,2.576341e-05
L-BFGS-B,3550,1.7871983e-09,0.0013515169,7.985377e-08,2.5761314e-05
L-BFGS-B,3551,1.7858476e-09,0.0013513961,7.984834e-08,2.575909e-05
L-BFGS-B,3552,1.7840549e-09,0.0013513856,7.984153e-08,2.5757694e-05
L-BFGS-B,3553,1.7841939e-09,0.0013511805,7.984165e-08,2.575568e-05
L-BFGS-B,3554,1.785082e-09,0.0013508057,7.984279e-08,2.5752239e-05
L-BFGS-B,3555,1.7851391e-09,0.0013499964,7.986479e-08,2.5747453e-05
L-BFGS-B,3556,1.7876535e-09,0.0013496934,7.987125e-08,2.5745769e-05
L-BFGS-B,3557,1.7820325e-09,0.001351676,7.9949835e-08,2.5776539e-05
L-BFGS-B,3558,1.7851178e-09,0.0013490668,7.989101e-08,2.5742087e-05
L-BFGS-B,3559,1.7829298e-09,0.0013483601,7.992008e-08,2.5739053e-05
L-BFGS-B,3560,1.7824514e-09,0.0013481544,7.990614e-08,2.5734833e-05
L-BFGS-B,3561,1.7813112e-09,0.0013475765,7.990373e-08,2.5728521e-05
L-BFGS-B,3562,1.7798808e-09,0.0013467891,7.9878205e-08,2.5716603e-05
L-BFGS-B,3563,1.7792581e-09,0.0013470979,7.98915e-08,2.5721592e-05
L-BFGS-B,3564,1.7788033e-09,0.0013461295,7.988416e-08,2.5710739e-05
L-BFGS-B,3565,1.7783158e-09,0.001344677,7.988631e-08,2.5696463e-05
L-BFGS-B,3566,1.788984e-09,0.0013478938,7.990422e-08,2.573292e-05
L-BFGS-B,3567,1.7787489e-09,0.0013421861,7.989352e-08,2.56727e-05
L-BFGS-B,3568,1.7808968e-09,0.0013400005,7.999308e-08,2.56661e-05
L-BFGS-B,3569,1.7778571e-09,0.0013387817,7.9936235e-08,2.5644931e-05
L-BFGS-B,3570,1.782521e-09,0.0013398833,7.9982605e-08,2.5663601e-05
L-BFGS-B,3571,1.7781119e-09,0.0013375593,7.9953494e-08,2.5635334e-05
L-BFGS-B,3572,1.7783205e-09,0.001335403,7.99944e-08,2.5619938e-05
L-BFGS-B,3573,1.7775424e-09,0.0013336515,8.001519e-08,2.5605425e-05
L-BFGS-B,3574,1.7766857e-09,0.0013326452,8.001383e-08,2.5595029e-05
L-BFGS-B,3575,1.7783811e-09,0.0013321593,8.0011525e-08,2.5590078e-05
L-BFGS-B,3576,1.7772953e-09,0.0013316812,8.002011e-08,2.5586422e-05
L-BFGS-B,3577,1.7774764e-09,0.0013311678,8.003501e-08,2.558355e-05
L-BFGS-B,3578,1.7778531e-09,0.0013306381,8.003191e-08,2.5577845e-05
L-BFGS-B,3579,1.7776772e-09,0.00133037,8.0016875e-08,2.5572883e-05
L-BFGS-B,3580,1.7777831e-09,0.0013297467,8.003115e-08,2.5568806e-05
L-BFGS-B,3581,1.8112086e-09,0.0013571323,7.9987515e-08,2.5841131e-05
L-BFGS-B,3582,1.7779878e-09,0.0013297446,8.002931e-08,2.556854e-05
L-BFGS-B,3583,1.7780074e-09,0.0013302617,7.99966e-08,2.5568808e-05
L-BFGS-B,3584,1.7778088e-09,0.0013297955,8.001323e-08,2.556661e-05
L-BFGS-B,3585,1.7777102e-09,0.0013294683,8.0009414e-08,2.5562753e-05
L-BFGS-B,3586,1.7768401e-09,0.0013286788,8.001785e-08,2.555599e-05
L-BFGS-B,3587,1.7749655e-09,0.0013288688,8.000246e-08,2.5555302e-05
L-BFGS-B,3588,1.7756148e-09,0.0013284176,8.00093e-08,2.5551912e-05
L-BFGS-B,3589,1.7760649e-09,0.0013273978,8.002814e-08,2.5544607e-05
L-BFGS-B,3590,1.7749487e-09,0.001326767,8.003608e-08,2.5539324e-05
L-BFGS-B,3591,1.7691077e-09,0.0013261025,8.004909e-08,2.5533755e-05
L-BFGS-B,3592,1.771797e-09,0.0013265217,8.007251e-08,2.5541864e-05
L-BFGS-B,3593,1.7693469e-09,0.0013253917,8.005872e-08,2.5528127e-05
L-BFGS-B,3594,1.7715696e-09,0.0013247468,8.007519e-08,2.5524481e-05
L-BFGS-B,3595,1.7730619e-09,0.0013246932,8.0079545e-08,2.5524823e-05
L-BFGS-B,3596,1.7721339e-09,0.0013246295,8.007714e-08,2.5523685e-05
L-BFGS-B,3597,1.7710119e-09,0.0013242374,8.0097884e-08,2.5522708e-05
L-BFGS-B,3598,1.7702744e-09,0.0013241402,8.0079616e-08,2.5518886e-05
L-BFGS-B,3599,1.7701538e-09,0.001324163,8.007263e-08,2.5518048e-05
L-BFGS-B,3600,1.7699406e-09,0.0013240157,8.007582e-08,2.5517022e-05
L-BFGS-B,3601,1.7697437e-09,0.0013238644,8.008007e-08,2.5516116e-05
L-BFGS-B,3602,1.7700513e-09,0.0013237584,8.008185e-08,2.5515368e-05
L-BFGS-B,3603,1.7742481e-09,0.0013236958,8.0097244e-08,2.5517682e-05
L-BFGS-B,3604,1.7713798e-09,0.0013235677,8.008725e-08,2.551447e-05
L-BFGS-B,3605,1.7715616e-09,0.0013234222,8.008937e-08,2.551336e-05
L-BFGS-B,3606,1.7713578e-09,0.0013233032,8.0087474e-08,2.5511856e-05
L-BFGS-B,3607,1.76992e-09,0.0013231235,8.0078934e-08,2.5508562e-05
L-BFGS-B,3608,1.7685932e-09,0.0013230265,8.00733e-08,2.550655e-05
L-BFGS-B,3609,1.7666039e-09,0.0013229314,8.0058754e-08,2.5503117e-05
L-BFGS-B,3610,1.7667093e-09,0.0013227499,8.005416e-08,2.5500627e-05
L-BFGS-B,3611,1.7661758e-09,0.0013222451,8.00485e-08,2.5494654e-05
L-BFGS-B,3612,1.7675094e-09,0.001321194,8.0035235e-08,2.5482352e-05
L-BFGS-B,3613,1.7672627e-09,0.0013210656,8.0039264e-08,2.5481633e-05
L-BFGS-B,3614,1.7671616e-09,0.0013208295,8.003688e-08,2.5478901e-05
L-BFGS-B,3615,1.7686305e-09,0.0013201464,8.00461e-08,2.5473673e-05
L-BFGS-B,3616,1.7697745e-09,0.0013195607,8.0050775e-08,2.546869e-05
L-BFGS-B,3617,1.7700612e-09,0.0013193355,8.004273e-08,2.5465273e-05
L-BFGS-B,3618,1.7711193e-09,0.0013191212,8.0022936e-08,2.546032e-05
L-BFGS-B,3619,1.7708933e-09,0.001329526,7.9870304e-08,2.5541438e-05
L-BFGS-B,3620,1.7697318e-09,0.0013192925,7.999854e-08,2.5458165e-05
L-BFGS-B,3621,1.7717348e-09,0.0013191795,7.99726e-08,2.5453446e-05
L-BFGS-B,3622,1.7729505e-09,0.0013226974,7.994091e-08,2.5484052e-05
L-BFGS-B,3623,1.7714248e-09,0.0013191673,7.996779e-08,2.5452555e-05
L-BFGS-B,3624,1.7714762e-09,0.0013190988,7.9959094e-08,2.5450572e-05
L-BFGS-B,3625,1.7710713e-09,0.0013189494,7.995663e-08,2.5448648e-05
L-BFGS-B,3626,1.7713896e-09,0.0013189453,7.993647e-08,2.5445632e-05
L-BFGS-B,3627,1.7712207e-09,0.0013184473,7.993967e-08,2.5441106e-05
L-BFGS-B,3628,1.7703325e-09,0.0013179339,7.994758e-08,2.5437026e-05
L-BFGS-B,3629,1.7690767e-09,0.0013169026,7.995309e-08,2.5427351e-05
L-BFGS-B,3630,1.7693959e-09,0.00131602,7.995155e-08,2.5418341e-05
L-BFGS-B,3631,1.7728357e-09,0.0013210635,8.0034745e-08,2.5481771e-05
L-BFGS-B,3632,1.7685199e-09,0.0013152271,7.9968984e-08,2.5412897e-05
L-BFGS-B,3633,1.7702199e-09,0.0013159533,7.998505e-08,2.5422825e-05
L-BFGS-B,3634,1.7681573e-09,0.0013145978,7.997554e-08,2.5407531e-05
L-BFGS-B,3635,1.7666792e-09,0.0013153513,7.9971194e-08,2.5414196e-05
L-BFGS-B,3636,1.7671675e-09,0.0013143076,7.9973255e-08,2.5404139e-05
L-BFGS-B,3637,1.7685945e-09,0.0013137958,7.998511e-08,2.5401012e-05
L-BFGS-B,3638,1.768224e-09,0.0013137645,7.995901e-08,2.539673e-05
L-BFGS-B,3639,1.7667996e-09,0.0013135772,7.994739e-08,2.53929e-05
L-BFGS-B,3640,1.7663715e-09,0.0013132811,7.992614e-08,2.5386687e-05
L-BFGS-B,3641,1.7666941e-09,0.0013130604,7.9927766e-08,2.5384772e-05
L-BFGS-B,3642,1.7675215e-09,0.0013128628,7.9927815e-08,2.5382928e-05
L-BFGS-B,3643,1.7676698e-09,0.0013126073,7.993469e-08,2.5381429e-05
L-BFGS-B,3644,1.774013e-09,0.0013180033,7.996203e-08,2.5440439e-05
L-BFGS-B,3645,1.767636e-09,0.0013125364,7.993661e-08,2.5381e-05
L-BFGS-B,3646,1.7678655e-09,0.0013120985,7.994876e-08,2.5378478e-05
L-BFGS-B,3647,1.7687469e-09,0.0013113811,7.997581e-08,2.5375495e-05
L-BFGS-B,3648,1.7672199e-09,0.0013107798,7.998214e-08,2.5370202e-05
L-BFGS-B,3649,1.7650971e-09,0.0013097837,7.999788e-08,2.5362282e-05
L-BFGS-B,3650,1.7637866e-09,0.0013091735,8.000183e-08,2.5356578e-05
L-BFGS-B,3651,1.764211e-09,0.0013087263,8.000359e-08,2.5352432e-05
L-BFGS-B,3652,1.76582e-09,0.0013079677,8.003451e-08,2.5349727e-05
L-BFGS-B,3653,1.7674985e-09,0.0013078786,8.00247e-08,2.5347616e-05
L-BFGS-B,3654,1.7659252e-09,0.0013075565,8.00205e-08,2.5343528e-05
L-BFGS-B,3655,1.7630015e-09,0.0013069309,8.002765e-08,2.5337906e-05
L-BFGS-B,3656,1.7608182e-09,0.0013060768,8.00425e-08,2.5331265e-05
L-BFGS-B,3657,1.7596824e-09,0.0013046898,8.0054264e-08,2.531899e-05
L-BFGS-B,3658,1.7588458e-09,0.0013035048,8.0052374e-08,2.530673e-05
L-BFGS-B,3659,1.7606239e-09,0.0013027446,8.008287e-08,2.5303969e-05
L-BFGS-B,3660,1.7589361e-09,0.0013025366,8.006479e-08,2.5298925e-05
L-BFGS-B,3661,1.7693479e-09,0.0013069987,8.0069114e-08,2.5345755e-05
L-BFGS-B,3662,1.7600098e-09,0.0013018152,8.006522e-08,2.5291936e-05
L-BFGS-B,3663,1.7592012e-09,0.0013003802,8.00998e-08,2.5282652e-05
L-BFGS-B,3664,1.7580618e-09,0.0012995941,8.011118e-08,2.5276328e-05
L-BFGS-B,3665,1.753769e-09,0.0012986367,8.013991e-08,2.527042e-05
L-BFGS-B,3666,1.7467038e-09,0.0012984907,8.013896e-08,2.5267756e-05
L-BFGS-B,3667,1.7497481e-09,0.0012972422,8.0133574e-08,2.5254922e-05
L-BFGS-B,3668,1.7508425e-09,0.0012968909,8.014492e-08,2.5253274e-05
L-BFGS-B,3669,1.7493418e-09,0.001296579,8.013616e-08,2.5248615e-05
L-BFGS-B,3670,1.7482881e-09,0.0012964541,8.013109e-08,2.5246445e-05
L-BFGS-B,3671,1.7478533e-09,0.0012962187,8.013303e-08,2.5244319e-05
L-BFGS-B,3672,1.7487489e-09,0.0012959829,8.013938e-08,2.5243047e-05
L-BFGS-B,3673,1.7527966e-09,0.0012971275,8.01552e-08,2.5257475e-05
L-BFGS-B,3674,1.749076e-09,0.0012959342,8.0141085e-08,2.5242865e-05
L-BFGS-B,3675,1.7617879e-09,0.0013074789,8.0027256e-08,2.5343146e-05
L-BFGS-B,3676,1.749251e-09,0.0012959957,8.0133546e-08,2.5242376e-05
L-BFGS-B,3677,1.7497425e-09,0.0012957705,8.01305e-08,2.523974e-05
L-BFGS-B,3678,1.75081e-09,0.001295152,8.013096e-08,2.5233785e-05
L-BFGS-B,3679,1.7522276e-09,0.0012949842,8.0114205e-08,2.5229807e-05
L-BFGS-B,3680,1.7520173e-09,0.0012945399,8.010349e-08,2.5223724e-05
L-BFGS-B,3681,1.7510452e-09,0.0012942061,8.008929e-08,2.5218113e-05
L-BFGS-B,3682,1.7492526e-09,0.0012939969,8.0075004e-08,2.5213609e-05
L-BFGS-B,3683,1.7487697e-09,0.001293778,8.006144e-08,2.5209312e-05
L-BFGS-B,3684,1.7478083e-09,0.0012934182,8.004033e-08,2.5202404e-05
L-BFGS-B,3685,1.747868e-09,0.0012929029,8.001567e-08,2.5193558e-05
L-BFGS-B,3686,1.7496249e-09,0.0012928451,7.9992724e-08,2.5189802e-05
L-BFGS-B,3687,1.7514201e-09,0.0012928979,7.9982314e-08,2.5189038e-05
L-BFGS-B,3688,1.750779e-09,0.0012923442,7.9994294e-08,2.5185202e-05
L-BFGS-B,3689,1.7508398e-09,0.001292041,7.9999815e-08,2.5183008e-05
L-BFGS-B,3690,1.7513148e-09,0.0012917349,8.000124e-08,2.5180234e-05
L-BFGS-B,3691,1.7520608e-09,0.0012915188,7.9999126e-08,2.5177866e-05
L-BFGS-B,3692,1.7531594e-09,0.0012913788,7.9985035e-08,2.5174515e-05
L-BFGS-B,3693,5.0634674e-09,0.004754102,8.0585885e-08,6.038842e-05
L-BFGS-B,3694,1.7525622e-09,0.0012923935,7.997694e-08,2.518336e-05
L-BFGS-B,3695,1.7529324e-09,0.0012913632,7.998379e-08,2.517414e-05
L-BFGS-B,3696,1.7540429e-09,0.0012911224,7.995149e-08,2.5167054e-05
L-BFGS-B,3697,1.7652708e-09,0.0012963476,7.9874674e-08,2.5209467e-05
L-BFGS-B,3698,1.7552461e-09,0.0012910204,7.9936015e-08,2.5163892e-05
L-BFGS-B,3699,1.755939e-09,0.0012908574,7.988447e-08,2.5154635e-05
L-BFGS-B,3700,1.7552777e-09,0.0012906842,7.986078e-08,2.5149251e-05
L-BFGS-B,3701,1.7542592e-09,0.0012907253,7.9836894e-08,2.5145926e-05
L-BFGS-B,3702,1.7530855e-09,0.0012904687,7.983989e-08,2.5143634e-05
L-BFGS-B,3703,1.7533579e-09,0.0012901931,7.984438e-08,2.5141591e-05
L-BFGS-B,3704,1.7560123e-09,0.0012915258,7.98399e-08,2.5154644e-05
L-BFGS-B,3705,1.753594e-09,0.0012901052,7.984329e-08,2.5140584e-05
L-BFGS-B,3706,1.7536012e-09,0.0012899851,7.9825895e-08,2.5136775e-05
L-BFGS-B,3707,1.7757026e-09,0.0013114847,7.973347e-08,2.5341222e-05
L-BFGS-B,3708,1.7536027e-09,0.0012899679,7.981813e-08,2.513544e-05
L-BFGS-B,3709,1.7524384e-09,0.0012899218,7.980268e-08,2.5132485e-05
L-BFGS-B,3710,1.7506017e-09,0.0012898729,7.977251e-08,2.5127196e-05
L-BFGS-B,3711,1.7495454e-09,0.0012898233,7.973542e-08,2.5120979e-05
L-BFGS-B,3712,1.7479701e-09,0.0012893362,7.972529e-08,2.511435e-05
L-BFGS-B,3713,1.7467703e-09,0.0012890234,7.9689144e-08,2.510562e-05
L-BFGS-B,3714,1.7467622e-09,0.001287966,7.969688e-08,2.5096208e-05
L-BFGS-B,3715,1.7477441e-09,0.0012866155,7.9699824e-08,2.5083289e-05
L-BFGS-B,3716,1.7475061e-09,0.0012859586,7.969001e-08,2.5075213e-05
L-BFGS-B,3717,1.7468403e-09,0.0012858146,7.96701e-08,2.5070687e-05
L-BFGS-B,3718,1.745793e-09,0.0012854584,7.968133e-08,2.5068653e-05
L-BFGS-B,3719,1.745369e-09,0.0012852912,7.966985e-08,2.5065194e-05
L-BFGS-B,3720,1.7453111e-09,0.0012853078,7.965328e-08,2.5062865e-05
L-BFGS-B,3721,1.7437474e-09,0.0012856652,7.962594e-08,2.5062105e-05
L-BFGS-B,3722,1.7451369e-09,0.0012856146,7.962021e-08,2.5060948e-05
L-BFGS-B,3723,1.7445182e-09,0.0012853495,7.9623256e-08,2.505866e-05
L-BFGS-B,3724,1.7447569e-09,0.0012851913,7.962918e-08,2.5058003e-05
L-BFGS-B,3725,1.7478117e-09,0.0012850018,7.963207e-08,2.5057001e-05
L-BFGS-B,3726,1.7473643e-09,0.0012848378,7.962988e-08,2.5054964e-05
L-BFGS-B,3727,1.7458708e-09,0.0012848168,7.9609144e-08,2.505142e-05
L-BFGS-B,3728,1.7464804e-09,0.0012846759,7.959939e-08,2.504864e-05
L-BFGS-B,3729,1.7466971e-09,0.0012842983,7.960733e-08,2.5046087e-05
L-BFGS-B,3730,1.7465518e-09,0.0012835455,7.963445e-08,2.5042606e-05
L-BFGS-B,3731,1.7469501e-09,0.0012832984,7.964167e-08,2.5041278e-05
L-BFGS-B,3732,1.7465146e-09,0.0012830483,7.964707e-08,2.503952e-05
L-BFGS-B,3733,1.745614e-09,0.0012827795,7.9651606e-08,2.5037378e-05
L-BFGS-B,3734,1.7445014e-09,0.0012824627,7.965265e-08,2.50342e-05
L-BFGS-B,3735,1.7437727e-09,0.0012817174,7.964932e-08,2.5026138e-05
L-BFGS-B,3736,1.7595038e-09,0.0013329982,7.952857e-08,2.5523192e-05
L-BFGS-B,3737,1.7412797e-09,0.0012816372,7.963939e-08,2.5023473e-05
L-BFGS-B,3738,1.7404084e-09,0.0012808884,7.962619e-08,2.5013873e-05
L-BFGS-B,3739,1.804771e-09,0.0013477909,7.963782e-08,2.5694299e-05
L-BFGS-B,3740,1.740167e-09,0.0012806564,7.96266e-08,2.5011579e-05
L-BFGS-B,3741,1.7399143e-09,0.0012797106,7.959319e-08,2.499707e-05
L-BFGS-B,3742,1.7406809e-09,0.0012798314,7.955897e-08,2.4993262e-05
L-BFGS-B,3743,1.7391499e-09,0.0012792991,7.9565815e-08,2.4988736e-05
L-BFGS-B,3744,1.7409842e-09,0.0012794592,7.955384e-08,2.4988816e-05
L-BFGS-B,3745,1.7397469e-09,0.0012790704,7.955985e-08,2.4985642e-05
L-BFGS-B,3746,1.7392212e-09,0.0012785334,7.956865e-08,2.4981513e-05
L-BFGS-B,3747,1.738569e-09,0.0012779931,7.956672e-08,2.4975725e-05
L-BFGS-B,3748,1.7377318e-09,0.0012772577,7.9558546e-08,2.4967017e-05
L-BFGS-B,3749,1.7371539e-09,0.0012762153,7.954608e-08,2.495464e-05
L-BFGS-B,3750,1.7332908e-09,0.001275637,7.947748e-08,2.4937985e-05
L-BFGS-B,3751,1.7359889e-09,0.0012776157,7.941877e-08,2.494937e-05
L-BFGS-B,3752,1.7331201e-09,0.0012750835,7.945206e-08,2.4928611e-05
L-BFGS-B,3753,1.7386281e-09,0.001279935,7.945415e-08,2.4978268e-05
L-BFGS-B,3754,1.7329115e-09,0.0012745769,7.945227e-08,2.4923545e-05
L-BFGS-B,3755,1.7383599e-09,0.001274245,7.944139e-08,2.4919413e-05
L-BFGS-B,3756,1.7348507e-09,0.0012735901,7.943342e-08,2.491114e-05
L-BFGS-B,3757,1.7324847e-09,0.0012737132,7.9404906e-08,2.490774e-05
L-BFGS-B,3758,1.7320455e-09,0.001273008,7.9395576e-08,2.4899222e-05
L-BFGS-B,3759,1.7326959e-09,0.0012719807,7.938203e-08,2.4887016e-05
L-BFGS-B,3760,1.7319651e-09,0.0012712029,7.9374615e-08,2.4878016e-05
L-BFGS-B,3761,1.7314918e-09,0.0012740366,7.9309736e-08,2.4896548e-05
L-BFGS-B,3762,1.7304873e-09,0.0012707855,7.9350485e-08,2.4870002e-05
L-BFGS-B,3763,1.7326056e-09,0.0012714518,7.930558e-08,2.4870245e-05
L-BFGS-B,3764,1.730821e-09,0.0012704128,7.932758e-08,2.4862888e-05
L-BFGS-B,3765,1.7354861e-09,0.001271151,7.934843e-08,2.4874098e-05
L-BFGS-B,3766,1.7313201e-09,0.001269242,7.933389e-08,2.4852201e-05
L-BFGS-B,3767,1.7311624e-09,0.0012685962,7.931929e-08,2.484353e-05
L-BFGS-B,3768,1.7307968e-09,0.0012681626,7.9291034e-08,2.48349e-05
L-BFGS-B,3769,1.7285147e-09,0.0012670234,7.929401e-08,2.4823612e-05
L-BFGS-B,3770,1.7285511e-09,0.0012660961,7.930252e-08,2.4815621e-05
L-BFGS-B,3771,1.7284715e-09,0.0012654064,7.9302914e-08,2.480877e-05
L-BFGS-B,3772,1.730814e-09,0.0012679095,7.931115e-08,2.483539e-05
L-BFGS-B,3773,1.7278743e-09,0.0012648763,7.930451e-08,2.4803621e-05
L-BFGS-B,3774,1.7397491e-09,0.0012686009,7.928373e-08,2.483953e-05
L-BFGS-B,3775,1.7296264e-09,0.0012643961,7.92985e-08,2.479818e-05
L-BFGS-B,3776,1.7309103e-09,0.0012636882,7.9300314e-08,2.4791565e-05
L-BFGS-B,3777,1.7301756e-09,0.0012624465,7.93045e-08,2.4779667e-05
L-BFGS-B,3778,1.7230505e-09,0.0012635823,7.931659e-08,2.4791769e-05
L-BFGS-B,3779,1.7264412e-09,0.001261756,7.930873e-08,2.4772835e-05
L-BFGS-B,3780,1.7295899e-09,0.0012618122,7.927579e-08,2.4768928e-05
L-BFGS-B,3781,1.7284795e-09,0.0012608563,7.929823e-08,2.4762569e-05
L-BFGS-B,3782,1.7311769e-09,0.0012626601,7.9282e-08,2.477858e-05
L-BFGS-B,3783,1.7284902e-09,0.0012605025,7.9292754e-08,2.475821e-05
L-BFGS-B,3784,1.7255979e-09,0.0012604949,7.928954e-08,2.475722e-05
L-BFGS-B,3785,1.7262933e-09,0.0012599605,7.927779e-08,2.4750218e-05
L-BFGS-B,3786,1.7271494e-09,0.0012594138,7.928903e-08,2.4746565e-05
L-BFGS-B,3787,1.72605e-09,0.0012587484,7.9295525e-08,2.4740719e-05
L-BFGS-B,3788,1.7272743e-09,0.0012582258,7.93163e-08,2.4738794e-05
L-BFGS-B,3789,2.9846743e-09,0.002606297,7.932733e-08,3.8409766e-05
L-BFGS-B,3790,1.7242415e-09,0.0012623804,7.932823e-08,2.4781675e-05
L-BFGS-B,3791,1.7246314e-09,0.0012575951,7.931966e-08,2.4732595e-05
L-BFGS-B,3792,1.7210944e-09,0.0012569813,7.9303355e-08,2.472348e-05
L-BFGS-B,3793,1.721697e-09,0.0012561242,7.928401e-08,2.4712099e-05
L-BFGS-B,3794,1.7230513e-09,0.0012547771,7.926894e-08,2.469657e-05
L-BFGS-B,3795,1.7257429e-09,0.0012538136,7.927048e-08,2.4687568e-05
L-BFGS-B,3796,1.7257051e-09,0.0012533268,7.926066e-08,2.4681221e-05
L-BFGS-B,3797,1.725859e-09,0.001252336,7.924975e-08,2.4669702e-05
L-BFGS-B,3798,1.7250499e-09,0.0012506358,7.923712e-08,2.4650682e-05
L-BFGS-B,3799,1.7183246e-09,0.0012488863,7.917244e-08,2.4622477e-05
L-BFGS-B,3800,1.7126053e-09,0.001247856,7.911585e-08,2.4602828e-05
L-BFGS-B,3801,1.726718e-09,0.001261992,7.8958195e-08,2.4722656e-05
L-BFGS-B,3802,1.712287e-09,0.0012475792,7.9082874e-08,2.4595065e-05
L-BFGS-B,3803,1.7108491e-09,0.0012469785,7.905262e-08,2.4584306e-05
L-BFGS-B,3804,1.7103121e-09,0.0012459821,7.902522e-08,2.457015e-05
L-BFGS-B,3805,1.7107956e-09,0.0012449881,7.8998774e-08,2.4556317e-05
L-BFGS-B,3806,1.7111578e-09,0.0012442992,7.901537e-08,2.4551971e-05
L-BFGS-B,3807,1.7159499e-09,0.0012452637,7.8984584e-08,2.4557718e-05
L-BFGS-B,3808,1.7123262e-09,0.0012438518,7.900243e-08,2.454573e-05
L-BFGS-B,3809,1.7109126e-09,0.0012437783,7.899375e-08,2.4543482e-05
L-BFGS-B,3810,1.710131e-09,0.0012428878,7.899711e-08,2.4534964e-05
L-BFGS-B,3811,1.7106944e-09,0.0012421984,7.900809e-08,2.4529802e-05
L-BFGS-B,3812,1.7105828e-09,0.0012415441,7.900667e-08,2.452303e-05
L-BFGS-B,3813,1.7104096e-09,0.0012403934,7.899009e-08,2.4509009e-05
L-BFGS-B,3814,1.7093513e-09,0.0012396217,7.900495e-08,2.4503363e-05
L-BFGS-B,3815,1.7081611e-09,0.0012390274,7.897083e-08,2.4492121e-05
L-BFGS-B,3816,1.7055006e-09,0.0012384623,7.8943174e-08,2.4481924e-05
L-BFGS-B,3817,1.7056704e-09,0.0012376785,7.892745e-08,2.4471752e-05
L-BFGS-B,3818,1.7059918e-09,0.001236521,7.89592e-08,2.446499e-05
L-BFGS-B,3819,1.7056313e-09,0.0012359711,7.8955686e-08,2.4458908e-05
L-BFGS-B,3820,1.707672e-09,0.0012350124,7.895579e-08,2.4449644e-05
L-BFGS-B,3821,1.7084997e-09,0.0012342271,7.897384e-08,2.444462e-05
L-BFGS-B,3822,1.7099494e-09,0.0012332585,7.898962e-08,2.4437519e-05
L-BFGS-B,3823,1.7108355e-09,0.0012324202,7.900061e-08,2.443092e-05
L-BFGS-B,3824,1.7105987e-09,0.0012317955,7.8995676e-08,2.4423896e-05
L-BFGS-B,3825,1.7063364e-09,0.0012347496,7.900407e-08,2.4454057e-05
L-BFGS-B,3826,1.70781e-09,0.0012310961,7.899717e-08,2.4416708e-05
L-BFGS-B,3827,1.7077377e-09,0.0012305193,7.897729e-08,2.4407946e-05
L-BFGS-B,3828,1.7044952e-09,0.0012295146,7.898413e-08,2.439844e-05
L-BFGS-B,3829,1.7050368e-09,0.0012288154,7.899194e-08,2.4392699e-05
L-BFGS-B,3830,1.7123282e-09,0.0012303565,7.9015656e-08,2.4412762e-05
L-BFGS-B,3831,1.7061854e-09,0.0012282754,7.899901e-08,2.4388533e-05
L-BFGS-B,3832,1.7127383e-09,0.0012257973,7.9045684e-08,2.4371737e-05
L-BFGS-B,3833,1.7115843e-09,0.0012235267,7.903924e-08,2.434789e-05
L-BFGS-B,3834,1.7102325e-09,0.0012212446,7.903789e-08,2.4324665e-05
L-BFGS-B,3835,1.713445e-09,0.0012184337,7.9065124e-08,2.4301124e-05
L-BFGS-B,3836,1.7095758e-09,0.0012168784,7.908648e-08,2.4288192e-05
L-BFGS-B,3837,1.7115507e-09,0.0012178593,7.906395e-08,2.4294917e-05
L-BFGS-B,3838,1.7085222e-09,0.0012152793,7.907575e-08,2.4270434e-05
L-BFGS-B,3839,1.7062018e-09,0.0012143553,7.9046686e-08,2.4256486e-05
L-BFGS-B,3840,1.7043347e-09,0.0012126934,7.9048625e-08,2.4239878e-05
L-BFGS-B,3841,1.7047579e-09,0.0012116039,7.905657e-08,2.4230238e-05
L-BFGS-B,3842,1.7048032e-09,0.0012110949,7.902701e-08,2.422072e-05
L-BFGS-B,3843,1.7160635e-09,0.0012184341,7.893223e-08,2.4281584e-05
L-BFGS-B,3844,1.7056806e-09,0.001210865,7.900382e-08,2.4215075e-05
L-BFGS-B,3845,1.7069534e-09,0.0012102268,7.897415e-08,2.4204433e-05
L-BFGS-B,3846,1.7069459e-09,0.0012099312,7.8938875e-08,2.4196186e-05
L-BFGS-B,3847,1.7092484e-09,0.0012093433,7.892995e-08,2.4189314e-05
L-BFGS-B,3848,1.7090894e-09,0.0012090933,7.891931e-08,2.4185192e-05
L-BFGS-B,3849,1.7084939e-09,0.0012088832,7.891101e-08,2.4181758e-05
L-BFGS-B,3850,1.7076641e-09,0.0012086631,7.889761e-08,2.4177421e-05
L-BFGS-B,3851,1.7114794e-09,0.0012168513,7.8998056e-08,2.4274943e-05
L-BFGS-B,3852,1.7066397e-09,0.0012081406,7.891194e-08,2.4174193e-05
L-BFGS-B,3853,1.7050724e-09,0.0012078403,7.8891276e-08,2.4167854e-05
L-BFGS-B,3854,1.7022218e-09,0.0012073129,7.8882735e-08,2.4160872e-05
L-BFGS-B,3855,1.7012968e-09,0.0012070974,7.886503e-08,2.4155921e-05
L-BFGS-B,3856,1.7009643e-09,0.0012067984,7.885344e-08,2.4151144e-05
L-BFGS-B,3857,1.6990803e-09,0.0012065832,7.8835384e-08,2.4146002e-05
L-BFGS-B,3858,1.7018204e-09,0.0012076475,7.8787174e-08,2.4149824e-05
L-BFGS-B,3859,1.6995889e-09,0.0012063124,7.8813144e-08,2.4140034e-05
L-BFGS-B,3860,1.6982171e-09,0.0012054892,7.878354e-08,2.4127155e-05
L-BFGS-B,3861,1.6983863e-09,0.0012043938,7.874318e-08,2.4110173e-05
L-BFGS-B,3862,1.7007865e-09,0.0012025621,7.874094e-08,2.409188e-05
L-BFGS-B,3863,1.709983e-09,0.0012023133,7.880141e-08,2.4099843e-05
L-BFGS-B,3864,1.70356e-09,0.0012011044,7.876561e-08,2.4081419e-05
L-BFGS-B,3865,1.7114654e-09,0.0012000726,7.8790094e-08,2.4075958e-05
L-BFGS-B,3866,1.7095574e-09,0.0011980222,7.87948e-08,2.4055877e-05
L-BFGS-B,3867,1.7076797e-09,0.0011971036,7.879915e-08,2.404706e-05
L-BFGS-B,3868,1.7669615e-09,0.0012573358,7.8771436e-08,2.4654117e-05
L-BFGS-B,3869,1.7076908e-09,0.0011968357,7.879675e-08,2.4044024e-05
L-BFGS-B,3870,1.7067188e-09,0.0011955342,7.880753e-08,2.403248e-05
L-BFGS-B,3871,1.7071125e-09,0.0011943126,7.879073e-08,2.4017801e-05
L-BFGS-B,3872,1.7088423e-09,0.0011931759,7.883601e-08,2.4013487e-05
L-BFGS-B,3873,1.7047923e-09,0.0011927242,7.881697e-08,2.4005505e-05
L-BFGS-B,3874,1.7032025e-09,0.0011918301,7.881409e-08,2.3995895e-05
L-BFGS-B,3875,1.7043048e-09,0.0011907535,7.8834766e-08,2.3988396e-05
L-BFGS-B,3876,1.7021325e-09,0.0011896779,7.8848146e-08,2.3979319e-05
L-BFGS-B,3877,1.6991493e-09,0.001188493,7.8855216e-08,2.3968085e-05
L-BFGS-B,3878,1.6964093e-09,0.0011877759,7.885623e-08,2.3960654e-05
L-BFGS-B,3879,1.6951774e-09,0.0011872426,7.8859564e-08,2.3955636e-05
L-BFGS-B,3880,1.6948248e-09,0.0011869643,7.885954e-08,2.3952798e-05
L-BFGS-B,3881,1.6942221e-09,0.001186743,7.8856004e-08,2.3949964e-05
L-BFGS-B,3882,1.6929886e-09,0.0011864005,7.8850775e-08,2.394557e-05
L-BFGS-B,3883,1.6921953e-09,0.001185983,7.885074e-08,2.394127e-05
L-BFGS-B,3884,1.6918582e-09,0.0011855987,7.884693e-08,2.3936806e-05
L-BFGS-B,3885,1.6922439e-09,0.0011851372,7.8843286e-08,2.3931701e-05
L-BFGS-B,3886,1.6927256e-09,0.0011846974,7.88427e-08,2.3927289e-05
L-BFGS-B,3887,1.6939251e-09,0.001183997,7.883375e-08,2.3919121e-05
L-BFGS-B,3888,1.6993217e-09,0.0011877575,7.885152e-08,2.3960201e-05
L-BFGS-B,3889,1.694108e-09,0.0011837136,7.883589e-08,2.3916635e-05
L-BFGS-B,3890,1.6946082e-09,0.0011830245,7.884629e-08,2.391138e-05
L-BFGS-B,3891,1.695196e-09,0.0011825524,7.8838546e-08,2.3905584e-05
L-BFGS-B,3892,1.6977033e-09,0.0011826335,7.8808995e-08,2.390234e-05
L-BFGS-B,3893,1.696693e-09,0.0011817218,7.8806714e-08,2.3892728e-05
L-BFGS-B,3894,1.6983323e-09,0.0011811855,7.880852e-08,2.3887882e-05
L-BFGS-B,3895,1.6979804e-09,0.0011804111,7.880192e-08,2.3879096e-05
L-BFGS-B,3896,1.6986037e-09,0.0011791668,7.8788304e-08,2.3864704e-05
L-BFGS-B,3897,1.6962033e-09,0.0011784316,7.878067e-08,2.3855846e-05
L-BFGS-B,3898,1.6936085e-09,0.0011771658,7.8783486e-08,2.3843222e-05
L-BFGS-B,3899,1.7083852e-09,0.0011842548,7.892989e-08,2.3938288e-05
L-BFGS-B,3900,1.6942392e-09,0.0011763122,7.880954e-08,2.383869e-05
L-BFGS-B,3901,1.6851849e-09,0.0011756191,7.8798415e-08,2.382873e-05
L-BFGS-B,3902,1.6852987e-09,0.0011748202,7.8789036e-08,2.3819353e-05
L-BFGS-B,3903,1.6886897e-09,0.001173797,7.8802266e-08,2.3811612e-05
L-BFGS-B,3904,1.688286e-09,0.0011731719,7.879832e-08,2.380471e-05
L-BFGS-B,3905,1.6867475e-09,0.0011726279,7.876634e-08,2.3794242e-05
L-BFGS-B,3906,1.6850706e-09,0.0011719858,7.8748556e-08,2.3784902e-05
L-BFGS-B,3907,1.6858639e-09,0.0011714036,7.873126e-08,2.3776603e-05
L-BFGS-B,3908,1.6843131e-09,0.0011704431,7.874069e-08,2.3768182e-05
L-BFGS-B,3909,1.684264e-09,0.0011686204,7.874161e-08,2.3750084e-05
L-BFGS-B,3910,1.6841116e-09,0.0011673425,7.874156e-08,2.3737277e-05
L-BFGS-B,3911,1.6854992e-09,0.001166176,7.8737074e-08,2.3725146e-05
L-BFGS-B,3912,1.68474e-09,0.001165005,7.872158e-08,2.3710996e-05
L-BFGS-B,3913,1.686613e-09,0.0011648063,7.8691734e-08,2.3704815e-05
L-BFGS-B,3914,1.6832792e-09,0.0011633537,7.868751e-08,2.3689156e-05
L-BFGS-B,3915,1.6817837e-09,0.0011623176,7.8686305e-08,2.3678389e-05
L-BFGS-B,3916,1.681333e-09,0.0011602531,7.867422e-08,2.3655863e-05
L-BFGS-B,3917,1.682724e-09,0.0011591954,7.868558e-08,2.36472e-05
L-BFGS-B,3918,1.6848068e-09,0.0011589391,7.865526e-08,2.3640401e-05
L-BFGS-B,3919,1.6847711e-09,0.0011573412,7.868181e-08,2.36284e-05
L-BFGS-B,3920,1.6839268e-09,0.0011558579,7.869256e-08,2.3615052e-05
L-BFGS-B,3921,1.7160144e-09,0.0011762007,7.8813606e-08,2.384145e-05
L-BFGS-B,3922,1.684696e-09,0.0011544047,7.871308e-08,2.3603712e-05
L-BFGS-B,3923,1.6841876e-09,0.0011502319,7.8763016e-08,2.3569399e-05
L-BFGS-B,3924,1.6862403e-09,0.0011480435,7.879187e-08,2.3552151e-05
L-BFGS-B,3925,1.6807175e-09,0.001144161,7.877886e-08,2.3510547e-05
L-BFGS-B,3926,1.6775233e-09,0.0011407323,7.880958e-08,2.3480388e-05
L-BFGS-B,3927,1.6722215e-09,0.0011351578,7.8845325e-08,2.342921e-05
L-BFGS-B,3928,1.6731339e-09,0.0011311658,7.889375e-08,2.339669e-05
L-BFGS-B,3929,1.6760254e-09,0.0011359247,7.888448e-08,2.3443323e-05
L-BFGS-B,3930,1.6709495e-09,0.001129257,7.888875e-08,2.3376524e-05
L-BFGS-B,3931,1.668268e-09,0.0011282936,7.8912684e-08,2.3370078e-05
L-BFGS-B,3932,1.668497e-09,0.0011330505,7.896228e-08,2.3425122e-05
L-BFGS-B,3933,1.6663944e-09,0.0011274506,7.892471e-08,2.336317e-05
L-BFGS-B,3934,1.6655467e-09,0.0011268718,7.891641e-08,2.335601e-05
L-BFGS-B,3935,1.6653827e-09,0.0011265986,7.890337e-08,2.3351298e-05
L-BFGS-B,3936,1.6647151e-09,0.0011258798,7.890762e-08,2.3344648e-05
L-BFGS-B,3937,1.6639797e-09,0.0011251583,7.890803e-08,2.3337385e-05
L-BFGS-B,3938,1.6646786e-09,0.0011250364,7.88863e-08,2.333301e-05
L-BFGS-B,3939,1.6528968e-09,0.0011329333,7.889654e-08,2.3411749e-05
L-BFGS-B,3940,1.6596434e-09,0.0011243027,7.888752e-08,2.3325101e-05
L-BFGS-B,3941,1.658541e-09,0.0011236228,7.8880774e-08,2.3317125e-05
L-BFGS-B,3942,1.6581937e-09,0.0011233224,7.8860644e-08,2.3311048e-05
L-BFGS-B,3943,1.6581383e-09,0.0011230384,7.884905e-08,2.330646e-05
L-BFGS-B,3944,1.6584663e-09,0.0011229649,7.881463e-08,2.3300612e-05
L-BFGS-B,3945,1.6589309e-09,0.0011228924,7.880445e-08,2.3298431e-05
L-BFGS-B,3946,1.6595811e-09,0.0011229084,7.878875e-08,2.3296334e-05
L-BFGS-B,3947,1.6599326e-09,0.0011227854,7.87822e-08,2.3294175e-05
L-BFGS-B,3948,1.6611944e-09,0.0011223594,7.878561e-08,2.3290613e-05
L-BFGS-B,3949,1.6620143e-09,0.0011219284,7.878649e-08,2.328656e-05
L-BFGS-B,3950,1.6614087e-09,0.0011226094,7.87764e-08,2.3291766e-05
L-BFGS-B,3951,1.6614458e-09,0.0011218094,7.878285e-08,2.3284738e-05
L-BFGS-B,3952,1.6725548e-09,0.0011236694,7.882536e-08,2.3311382e-05
L-BFGS-B,3953,1.6628473e-09,0.0011215882,7.8789604e-08,2.3283748e-05
L-BFGS-B,3954,1.6623701e-09,0.0011211317,7.879461e-08,2.3279863e-05
L-BFGS-B,3955,1.6623994e-09,0.0011207793,7.8793185e-08,2.327613e-05
L-BFGS-B,3956,1.6615015e-09,0.0011204791,7.8797996e-08,2.3273715e-05
L-BFGS-B,3957,1.6611041e-09,0.0011203868,7.878956e-08,2.3271466e-05
L-BFGS-B,3958,1.6590964e-09,0.0011200574,7.877566e-08,2.3265788e-05
L-BFGS-B,3959,1.658726e-09,0.0011196686,7.8757154e-08,2.3259068e-05
L-BFGS-B,3960,1.657293e-09,0.001118871,7.8762646e-08,2.3251701e-05
L-BFGS-B,3961,1.6580365e-09,0.0011180097,7.876816e-08,2.3244025e-05
L-BFGS-B,3962,1.6576325e-09,0.0011170304,7.878555e-08,2.3236782e-05
L-BFGS-B,3963,1.6581457e-09,0.0011165903,7.8794606e-08,2.3233817e-05
L-BFGS-B,3964,1.6561064e-09,0.0011162144,7.8806366e-08,2.3231514e-05
L-BFGS-B,3965,1.6539046e-09,0.0011161533,7.880197e-08,2.3229913e-05
L-BFGS-B,3966,1.6537012e-09,0.0011161354,7.879671e-08,2.3228917e-05
L-BFGS-B,3967,1.6536721e-09,0.0011159866,7.87971e-08,2.3227482e-05
L-BFGS-B,3968,1.6539866e-09,0.0011158256,7.880221e-08,2.3226687e-05
L-BFGS-B,3969,1.6542056e-09,0.0011156524,7.880751e-08,2.322578e-05
L-BFGS-B,3970,1.6618766e-09,0.0011187796,7.885773e-08,2.3265737e-05
L-BFGS-B,3971,1.654474e-09,0.0011155637,7.881141e-08,2.3225519e-05
L-BFGS-B,3972,1.654776e-09,0.0011153258,7.881687e-08,2.3224005e-05
L-BFGS-B,3973,1.6556556e-09,0.0011146615,7.883459e-08,2.3220151e-05
L-BFGS-B,3974,1.6587369e-09,0.001114245,7.884767e-08,2.321841e-05
L-BFGS-B,3975,1.6571834e-09,0.0011141096,7.883258e-08,2.3214561e-05
L-BFGS-B,3976,1.6561839e-09,0.0011137782,7.883595e-08,2.3211604e-05
L-BFGS-B,3977,1.6558165e-09,0.0011133414,7.8845744e-08,2.3208648e-05
L-BFGS-B,3978,1.6560096e-09,0.0011127866,7.8852366e-08,2.3204122e-05
L-BFGS-B,3979,1.6569132e-09,0.0011118866,7.887543e-08,2.3198718e-05
L-BFGS-B,3980,1.8394127e-09,0.0014344724,7.864253e-08,2.6417014e-05
L-BFGS-B,3981,1.655919e-09,0.0011119206,7.887238e-08,2.319845e-05
L-BFGS-B,3982,1.6551953e-09,0.0011116267,7.888013e-08,2.3196566e-05
L-BFGS-B,3983,1.6547198e-09,0.0011112371,7.889216e-08,2.3194403e-05
L-BFGS-B,3984,1.6538722e-09,0.0011109666,7.8897784e-08,2.3192413e-05
L-BFGS-B,3985,1.6517593e-09,0.0011108154,7.888618e-08,2.3188844e-05
L-BFGS-B,3986,1.6513308e-09,0.0011107106,7.887234e-08,2.3185656e-05
L-BFGS-B,3987,1.6516509e-09,0.0011105736,7.885539e-08,2.3181792e-05
L-BFGS-B,3988,1.6514436e-09,0.0011102527,7.884377e-08,2.3176808e-05
L-BFGS-B,3989,1.6515888e-09,0.0011097521,7.8840536e-08,2.3171338e-05
L-BFGS-B,3990,1.651162e-09,0.0011091951,7.8845986e-08,2.3166522e-05
L-BFGS-B,3991,1.6500737e-09,0.0011088022,7.885629e-08,2.3163975e-05
L-BFGS-B,3992,1.6492535e-09,0.0011083368,7.8863756e-08,2.3160319e-05
L-BFGS-B,3993,1.6493799e-09,0.0011082614,7.885807e-08,2.3158733e-05
L-BFGS-B,3994,1.6482425e-09,0.0011081574,7.884931e-08,2.3156208e-05
L-BFGS-B,3995,1.6468401e-09,0.001107876,7.885247e-08,2.3153658e-05
L-BFGS-B,3996,1.6463702e-09,0.0011076182,7.884529e-08,2.314993e-05
L-BFGS-B,3997,1.6460493e-09,0.0011072381,7.883391e-08,2.3144376e-05
L-BFGS-B,3998,1.6456169e-09,0.0011089299,7.886106e-08,2.31653e-05
L-BFGS-B,3999,1.6449935e-09,0.0011067203,7.8840706e-08,2.3140057e-05
L-BFGS-B,4000,1.6460878e-09,0.0011059489,7.883952e-08,2.313233e-05
L-BFGS-B,4001,1.645387e-09,0.0011055047,7.881697e-08,2.31244e-05
L-BFGS-B,4002,1.6454985e-09,0.0011043987,7.8823845e-08,2.311439e-05
L-BFGS-B,4003,1.6458828e-09,0.001103721,7.882378e-08,2.310766e-05
L-BFGS-B,4004,1.6436877e-09,0.0011029152,7.8822e-08,2.3099004e-05
L-BFGS-B,4005,1.6440587e-09,0.0011020429,7.8824314e-08,2.3090684e-05
L-BFGS-B,4006,1.6444097e-09,0.0011018881,7.8844565e-08,2.3092227e-05
L-BFGS-B,4007,1.6438022e-09,0.0011014248,7.8833224e-08,2.3085802e-05
L-BFGS-B,4008,1.6427721e-09,0.0011007631,7.882255e-08,2.307743e-05
L-BFGS-B,4009,1.6420755e-09,0.0011001959,7.8832244e-08,2.3073106e-05
L-BFGS-B,4010,1.643183e-09,0.001100419,7.8818445e-08,2.3073433e-05
L-BFGS-B,4011,1.6422025e-09,0.0010998672,7.88254e-08,2.3068813e-05
L-BFGS-B,4012,1.6418823e-09,0.0010996459,7.881623e-08,2.3065175e-05
L-BFGS-B,4013,1.6486976e-09,0.0011041778,7.8818786e-08,2.3111901e-05
L-BFGS-B,4014,1.6421569e-09,0.0010994795,7.8815766e-08,2.3063483e-05
L-BFGS-B,4015,1.6409683e-09,0.0010989413,7.882145e-08,2.3058776e-05
L-BFGS-B,4016,1.6387678e-09,0.0010980564,7.882612e-08,2.3050297e-05
L-BFGS-B,4017,1.6388209e-09,0.0010972519,7.882863e-08,2.3042636e-05
L-BFGS-B,4018,1.6377238e-09,0.0010961642,7.8827924e-08,2.3031489e-05
L-BFGS-B,4019,1.6403365e-09,0.0010957576,7.8837594e-08,2.3029264e-05
L-BFGS-B,4020,1.6382189e-09,0.0010952416,7.883061e-08,2.3022742e-05
L-BFGS-B,4021,1.6451724e-09,0.0010949617,7.8805705e-08,2.3017248e-05
L-BFGS-B,4022,1.6400736e-09,0.0010939329,7.882111e-08,2.3008506e-05
L-BFGS-B,4023,1.6417097e-09,0.0010928576,7.884721e-08,2.3001914e-05
L-BFGS-B,4024,1.6402512e-09,0.0010925798,7.883217e-08,2.299666e-05
L-BFGS-B,4025,1.6434775e-09,0.0010917996,7.8818076e-08,2.2987228e-05
L-BFGS-B,4026,1.6407966e-09,0.0010912532,7.8817635e-08,2.2981298e-05
L-BFGS-B,4027,1.6413528e-09,0.0010932098,7.882526e-08,2.3002089e-05
L-BFGS-B,4028,1.6396549e-09,0.0010905671,7.8819745e-08,2.2974582e-05
L-BFGS-B,4029,1.6403409e-09,0.0010912749,7.8792084e-08,2.2977612e-05
L-BFGS-B,4030,1.6390163e-09,0.0010898495,7.8806835e-08,2.2965374e-05
L-BFGS-B,4031,1.6396456e-09,0.0010892381,7.880274e-08,2.2958739e-05
L-BFGS-B,4032,1.6388243e-09,0.0010879599,7.878427e-08,2.2943063e-05
L-BFGS-B,4033,1.6340937e-09,0.0010897701,7.869938e-08,2.2947723e-05
L-BFGS-B,4034,1.6351387e-09,0.0010868849,7.87392e-08,2.2925e-05
L-BFGS-B,4035,1.6347654e-09,0.0010860246,7.8684465e-08,2.290813e-05
L-BFGS-B,4036,1.635462e-09,0.0010845293,7.863149e-08,2.2885335e-05
L-BFGS-B,4037,1.6364315e-09,0.0010834316,7.859478e-08,2.2868997e-05
L-BFGS-B,4038,1.635665e-09,0.0010837308,7.8572754e-08,2.2868571e-05
L-BFGS-B,4039,1.6354137e-09,0.0010828355,7.858324e-08,2.2861153e-05
L-BFGS-B,4040,1.6330495e-09,0.0010834435,7.855849e-08,2.2863165e-05
L-BFGS-B,4041,1.6337299e-09,0.001082502,7.857125e-08,2.2855766e-05
L-BFGS-B,4042,1.6314947e-09,0.0010823248,7.855569e-08,2.2851325e-05
L-BFGS-B,4043,1.6305768e-09,0.0010816448,7.8578594e-08,2.2847824e-05
L-BFGS-B,4044,1.6304328e-09,0.0010813724,7.8576704e-08,2.2844793e-05
L-BFGS-B,4045,1.6301004e-09,0.0010813518,7.856975e-08,2.2843495e-05
L-BFGS-B,4046,1.6306277e-09,0.0010806402,7.857518e-08,2.2837274e-05
L-BFGS-B,4047,1.6311131e-09,0.0010804181,7.857383e-08,2.2834922e-05
L-BFGS-B,4048,1.6321599e-09,0.0010802887,7.856987e-08,2.2833192e-05
L-BFGS-B,4049,2.028861e-09,0.0014921414,7.893669e-08,2.7066246e-05
L-BFGS-B,4050,1.6357464e-09,0.001081004,7.857875e-08,2.2842214e-05
L-BFGS-B,4051,1.6325671e-09,0.0010802299,7.857085e-08,2.283281e-05
L-BFGS-B,4052,1.6328282e-09,0.0010804853,7.8542435e-08,2.2831142e-05
L-BFGS-B,4053,1.6363657e-09,0.0010802031,7.858383e-08,2.2835058e-05
L-BFGS-B,4054,1.633806e-09,0.0010799395,7.855857e-08,2.2828252e-05
L-BFGS-B,4055,1.6333024e-09,0.0010793788,7.8576036e-08,2.2825188e-05
L-BFGS-B,4056,1.631602e-09,0.0010787955,7.859149e-08,2.282142e-05
L-BFGS-B,4057,1.630056e-09,0.0010780095,7.8601566e-08,2.2814838e-05
L-BFGS-B,4058,1.6278672e-09,0.0010771153,7.859686e-08,2.2804863e-05
L-BFGS-B,4059,1.626512e-09,0.0010765526,7.8580015e-08,2.2796503e-05
L-BFGS-B,4060,1.6275732e-09,0.0010762016,7.855146e-08,2.278887e-05
L-BFGS-B,4061,1.6293135e-09,0.001075689,7.854445e-08,2.2782955e-05
L-BFGS-B,4062,1.6297459e-09,0.0010753024,7.853592e-08,2.2777873e-05
L-BFGS-B,4063,1.6284192e-09,0.0010747483,7.8546975e-08,2.2773793e-05
L-BFGS-B,4064,1.6281123e-09,0.0010735636,7.855748e-08,2.2763474e-05
L-BFGS-B,4065,1.6280627e-09,0.0010725902,7.856531e-08,2.2754906e-05
L-BFGS-B,4066,1.6287225e-09,0.00107102,7.858059e-08,2.2741597e-05
L-BFGS-B,4067,1.6308646e-09,0.0010691573,7.857807e-08,2.2722912e-05
L-BFGS-B,4068,1.6835908e-09,0.0011169973,7.8716326e-08,2.322996e-05
L-BFGS-B,4069,1.6311037e-09,0.0010679176,7.859421e-08,2.2712973e-05
L-BFGS-B,4070,1.6312391e-09,0.0010661846,7.8581884e-08,2.2693814e-05
L-BFGS-B,4071,1.6325592e-09,0.0010636582,7.857578e-08,2.2667833e-05
L-BFGS-B,4072,1.6365371e-09,0.0010638934,7.8596536e-08,2.2673896e-05
L-BFGS-B,4073,1.6329852e-09,0.0010621841,7.858434e-08,2.265444e-05
L-BFGS-B,4074,1.6287605e-09,0.0010608763,7.85771e-08,2.2639642e-05
L-BFGS-B,4075,2.517062e-09,0.0021029888,7.864492e-08,3.3204185e-05
L-BFGS-B,4076,1.6273661e-09,0.0010607272,7.857495e-08,2.2637618e-05
L-BFGS-B,4077,1.6217176e-09,0.001059029,7.858904e-08,2.2621904e-05
L-BFGS-B,4078,1.6216104e-09,0.0010597177,7.8568455e-08,2.2625685e-05
L-BFGS-B,4079,1.6206301e-09,0.0010582427,7.857948e-08,2.2612443e-05
L-BFGS-B,4080,1.6201914e-09,0.00105678,7.861374e-08,2.260289e-05
L-BFGS-B,4081,1.6205555e-09,0.0010555119,7.8632894e-08,2.2593136e-05
L-BFGS-B,4082,2.2185893e-09,0.0017360983,7.937556e-08,2.9600105e-05
L-BFGS-B,4083,1.6192713e-09,0.0010552092,7.864199e-08,2.259128e-05
L-BFGS-B,4084,1.619153e-09,0.0010691367,7.874935e-08,2.2746643e-05
L-BFGS-B,4085,1.6168481e-09,0.0010545912,7.865517e-08,2.2586715e-05
L-BFGS-B,4086,1.614447e-09,0.0010529859,7.868131e-08,2.2574222e-05
L-BFGS-B,4087,1.6136592e-09,0.0010521306,7.8684025e-08,2.2565959e-05
L-BFGS-B,4088,1.61039e-09,0.0010510068,7.867324e-08,2.2552613e-05
L-BFGS-B,4089,1.6040916e-09,0.0010499073,7.8650785e-08,2.2537304e-05
L-BFGS-B,4090,1.6021146e-09,0.0010498115,7.8611315e-08,2.253013e-05
L-BFGS-B,4091,1.6012873e-09,0.0010490483,7.861472e-08,2.2522883e-05
L-BFGS-B,4092,1.6013586e-09,0.001048419,7.8621284e-08,2.2517586e-05
L-BFGS-B,4093,1.6054112e-09,0.0010489793,7.8631295e-08,2.2525299e-05
L-BFGS-B,4094,1.6022542e-09,0.0010480629,7.8624375e-08,2.2514625e-05
L-BFGS-B,4095,1.600508e-09,0.0010476515,7.8631615e-08,2.2511333e-05
L-BFGS-B,4096,1.600742e-09,0.0010473857,7.8636084e-08,2.250938e-05
L-BFGS-B,4097,1.6004092e-09,0.001047211,7.863887e-08,2.2508e-05
L-BFGS-B,4098,1.5998587e-09,0.0010470401,7.86394e-08,2.250629e-05
L-BFGS-B,4099,1.5991549e-09,0.0010467989,7.864302e-08,2.2504315e-05
L-BFGS-B,4100,1.5986548e-09,0.0010465937,7.864364e-08,2.2502281e-05
L-BFGS-B,4101,1.5981152e-09,0.0010464458,7.8637e-08,2.2499726e-05
L-BFGS-B,4102,1.6002039e-09,0.0010473541,7.861161e-08,2.2505312e-05
L-BFGS-B,4103,1.5984826e-09,0.0010464542,7.862979e-08,2.2498782e-05
L-BFGS-B,4104,1.5981907e-09,0.0010481687,7.8679044e-08,2.2523272e-05
L-BFGS-B,4105,1.5978443e-09,0.0010461432,7.863974e-08,2.2497068e-05
L-BFGS-B,4106,1.5965981e-09,0.0010470682,7.8652846e-08,2.2508098e-05
L-BFGS-B,4107,1.5973044e-09,0.0010460345,7.864233e-08,2.249629e-05
L-BFGS-B,4108,1.596318e-09,0.0010458592,7.8636404e-08,2.24935e-05
L-BFGS-B,4109,1.5949491e-09,0.0010456111,7.863212e-08,2.249017e-05
L-BFGS-B,4110,1.5948787e-09,0.0010454545,7.86335e-08,2.2488803e-05
L-BFGS-B,4111,1.5957405e-09,0.0010452397,7.8633185e-08,2.2486736e-05
L-BFGS-B,4112,1.5970876e-09,0.0010448066,7.864061e-08,2.248372e-05
L-BFGS-B,4113,1.5973082e-09,0.0010444985,7.864339e-08,2.248109e-05
L-BFGS-B,4114,1.5968981e-09,0.0010440762,7.864925e-08,2.2477685e-05
L-BFGS-B,4115,1.597538e-09,0.001043665,7.8663554e-08,2.2475815e-05
L-BFGS-B,4116,1.5973314e-09,0.0010435432,7.866483e-08,2.2474756e-05
L-BFGS-B,4117,1.5967805e-09,0.001043851,7.8656655e-08,2.2476524e-05
L-BFGS-B,4118,1.5970077e-09,0.0010435251,7.866207e-08,2.2474112e-05
L-BFGS-B,4119,1.5963092e-09,0.0010434135,7.8657166e-08,2.2472155e-05
L-BFGS-B,4120,1.5961829e-09,0.0010432774,7.8653045e-08,2.2470158e-05
L-BFGS-B,4121,1.5961675e-09,0.0010431134,7.864794e-08,2.246775e-05
L-BFGS-B,4122,1.5966581e-09,0.0010429544,7.8653045e-08,2.2467e-05
L-BFGS-B,4123,1.5960633e-09,0.0010433326,7.865362e-08,2.247078e-05
L-BFGS-B,4124,1.5964075e-09,0.0010429303,7.865299e-08,2.2466713e-05
L-BFGS-B,4125,1.5964957e-09,0.0010427239,7.86598e-08,2.2465683e-05
L-BFGS-B,4126,1.5970294e-09,0.0010425333,7.8664506e-08,2.2464563e-05
L-BFGS-B,4127,1.596612e-09,0.0010424138,7.8664876e-08,2.246336e-05
L-BFGS-B,4128,1.5963388e-09,0.0010423277,7.86593e-08,2.2461623e-05
L-BFGS-B,4129,1.5962045e-09,0.0010422412,7.865126e-08,2.2459531e-05
L-BFGS-B,4130,1.5963089e-09,0.0010421654,7.864676e-08,2.2458114e-05
L-BFGS-B,4131,1.597299e-09,0.0010420593,7.864615e-08,2.245711e-05
L-BFGS-B,4132,1.5969789e-09,0.0010420184,7.864489e-08,2.2456465e-05
L-BFGS-B,4133,1.5971126e-09,0.0010419678,7.8645634e-08,2.245609e-05
L-BFGS-B,4134,1.5970082e-09,0.001041897,7.8647595e-08,2.245566e-05
L-BFGS-B,4135,1.5968984e-09,0.001041838,7.86492e-08,2.2455293e-05
L-BFGS-B,4136,1.5969067e-09,0.0010418273,7.864674e-08,2.245482e-05
L-BFGS-B,4137,1.596466e-09,0.0010416291,7.865339e-08,2.2453769e-05
L-BFGS-B,4138,1.5967853e-09,0.0010414452,7.8655475e-08,2.2452292e-05
L-BFGS-B,4139,1.5968696e-09,0.0010411728,7.866174e-08,2.245052e-05
L-BFGS-B,4140,1.5971544e-09,0.0010410603,7.866179e-08,2.2449443e-05
L-BFGS-B,4141,1.5973571e-09,0.0010409581,7.86621e-08,2.24485e-05
L-BFGS-B,4142,1.5974865e-09,0.0010408977,7.8658836e-08,2.2447424e-05
L-BFGS-B,4143,1.6416487e-09,0.0010683186,7.862179e-08,2.2722703e-05
L-BFGS-B,4144,1.5979607e-09,0.0010408922,7.865754e-08,2.2447246e-05
L-BFGS-B,4145,1.5968409e-09,0.0010409423,7.8655724e-08,2.2447308e-05
L-BFGS-B,4146,1.5973879e-09,0.0010408699,7.865664e-08,2.2446802e-05
L-BFGS-B,4147,1.5968993e-09,0.0010408433,7.865279e-08,2.2445885e-05
L-BFGS-B,4148,1.5968656e-09,0.001040786,7.8652725e-08,2.24453e-05
L-BFGS-B,4149,1.5984938e-09,0.0010407488,7.8661714e-08,2.2446518e-05
L-BFGS-B,4150,1.597341e-09,0.0010406792,7.865581e-08,2.2444763e-05
L-BFGS-B,4151,1.5972e-09,0.0010405681,7.865466e-08,2.2443459e-05
L-BFGS-B,4152,1.5967746e-09,0.0010404002,7.864933e-08,2.2440918e-05
L-BFGS-B,4153,1.5970544e-09,0.001040368,7.864479e-08,2.2439956e-05
L-BFGS-B,4154,1.5962852e-09,0.0010403545,7.864252e-08,2.2439366e-05
L-BFGS-B,4155,1.5965682e-09,0.0010401903,7.8643374e-08,2.2437896e-05
L-BFGS-B,4156,1.5963848e-09,0.0010399151,7.8642344e-08,2.243496e-05
L-BFGS-B,4157,1.5969359e-09,0.0010396586,7.864159e-08,2.2432363e-05
L-BFGS-B,4158,1.5964555e-09,0.0010394685,7.864061e-08,2.2430244e-05
L-BFGS-B,4159,1.5974262e-09,0.0010389859,7.8638564e-08,2.2425258e-05
L-BFGS-B,4160,1.597676e-09,0.0010384938,7.863927e-08,2.242048e-05
L-BFGS-B,4161,1.6011215e-09,0.0010381404,7.866778e-08,2.242174e-05
L-BFGS-B,4162,1.5990266e-09,0.0010379473,7.865178e-08,2.2417093e-05
L-BFGS-B,4163,1.6026983e-09,0.0010376859,7.865917e-08,2.241614e-05
L-BFGS-B,4164,1.6004812e-09,0.0010375701,7.865527e-08,2.2414062e-05
L-BFGS-B,4165,1.6012276e-09,0.0010371399,7.866427e-08,2.2411223e-05
L-BFGS-B,4166,1.7760468e-09,0.0012490472,7.872613e-08,2.45658e-05
L-BFGS-B,4167,1.5981654e-09,0.0010373072,7.866455e-08,2.2412478e-05
L-BFGS-B,4168,1.5998817e-09,0.0010370751,7.8664286e-08,2.2410375e-05
L-BFGS-B,4169,1.6001195e-09,0.001036476,7.866768e-08,2.2404929e-05
L-BFGS-B,4170,1.6013938e-09,0.0010360362,7.86624e-08,2.239993e-05
L-BFGS-B,4171,1.6232665e-09,0.0010618428,7.869449e-08,2.2666092e-05
L-BFGS-B,4172,1.6009488e-09,0.0010355538,7.866306e-08,2.239514e-05
L-BFGS-B,4173,1.5985917e-09,0.0010364049,7.864371e-08,2.2400394e-05
L-BFGS-B,4174,1.5995629e-09,0.0010353337,7.8654764e-08,2.2391487e-05
L-BFGS-B,4175,1.598186e-09,0.0010351887,7.864241e-08,2.2387976e-05
L-BFGS-B,4176,1.5964875e-09,0.0010351869,7.8621845e-08,2.2384618e-05
L-BFGS-B,4177,1.5967959e-09,0.001034552,7.862581e-08,2.237891e-05
L-BFGS-B,4178,1.597119e-09,0.0010339693,7.8626925e-08,2.23733e-05
L-BFGS-B,4179,1.5978778e-09,0.001033383,7.862872e-08,2.236782e-05
L-BFGS-B,4180,1.5956069e-09,0.0010331947,7.8622044e-08,2.2364595e-05
L-BFGS-B,4181,1.5959682e-09,0.0010329358,7.861239e-08,2.2360611e-05
L-BFGS-B,4182,1.5969203e-09,0.001032547,7.8607535e-08,2.2356138e-05
L-BFGS-B,4183,1.5975755e-09,0.001032361,7.860384e-08,2.235382e-05
L-BFGS-B,4184,1.5975049e-09,0.001031934,7.86139e-08,2.235105e-05
L-BFGS-B,4185,1.5986132e-09,0.0010316566,7.861913e-08,2.2349228e-05
L-BFGS-B,4186,1.5978961e-09,0.001031453,7.8615074e-08,2.2346476e-05
L-BFGS-B,4187,1.5982039e-09,0.0010311785,7.861793e-08,2.2344204e-05
L-BFGS-B,4188,1.5988272e-09,0.0010310088,7.861463e-08,2.2342105e-05
L-BFGS-B,4189,1.6000737e-09,0.0010307274,7.8616814e-08,2.2339806e-05
L-BFGS-B,4190,1.6014144e-09,0.0010305191,7.861557e-08,2.233774e-05
L-BFGS-B,4191,1.602109e-09,0.0010305747,7.8600806e-08,2.2336184e-05
L-BFGS-B,4192,1.6026526e-09,0.0010303478,7.860333e-08,2.2334374e-05
L-BFGS-B,4193,1.6029e-09,0.0010301315,7.860513e-08,2.2332519e-05
L-BFGS-B,4194,1.6050334e-09,0.0010304819,7.860049e-08,2.2335647e-05
L-BFGS-B,4195,1.6033843e-09,0.0010300503,7.860383e-08,2.2331586e-05
L-BFGS-B,4196,1.6036926e-09,0.0010299415,7.860372e-08,2.2330525e-05
L-BFGS-B,4197,1.6035486e-09,0.0010298863,7.860154e-08,2.2329627e-05
L-BFGS-B,4198,1.6047953e-09,0.0010298804,7.861764e-08,2.233217e-05
L-BFGS-B,4199,1.6037622e-09,0.0010298098,7.8605225e-08,2.2329445e-05
L-BFGS-B,4200,1.6038196e-09,0.0010297195,7.860515e-08,2.2328539e-05
L-BFGS-B,4201,1.6037573e-09,0.0010294485,7.861316e-08,2.2327022e-05
L-BFGS-B,4202,1.6040518e-09,0.0010292846,7.8615315e-08,2.232575e-05
L-BFGS-B,4203,1.6038764e-09,0.0010291347,7.8621014e-08,2.232508e-05
L-BFGS-B,4204,1.6041912e-09,0.0010290284,7.86169e-08,2.2323447e-05
L-BFGS-B,4205,1.6045707e-09,0.0010288864,7.861553e-08,2.232188e-05
L-BFGS-B,4206,1.6044727e-09,0.0010287127,7.8609986e-08,2.2319295e-05
L-BFGS-B,4207,1.6046079e-09,0.0010287603,7.860258e-08,2.2318682e-05
L-BFGS-B,4208,1.6035582e-09,0.0010285943,7.8601545e-08,2.2316708e-05
L-BFGS-B,4209,1.6036343e-09,0.0010285419,7.859975e-08,2.2315926e-05
L-BFGS-B,4210,1.6044821e-09,0.0010284215,7.859787e-08,2.2314567e-05
L-BFGS-B,4211,1.6053707e-09,0.0010285003,7.858761e-08,2.231395e-05
L-BFGS-B,4212,1.6063145e-09,0.001028806,7.858486e-08,2.2316735e-05
L-BFGS-B,4213,1.6055343e-09,0.0010284105,7.8586424e-08,2.23129e-05
L-BFGS-B,4214,1.6053686e-09,0.0010283426,7.858506e-08,2.231199e-05
L-BFGS-B,4215,1.6057717e-09,0.0010282442,7.858582e-08,2.2311182e-05
L-BFGS-B,4216,1.6065123e-09,0.0010281455,7.858615e-08,2.2310354e-05
L-BFGS-B,4217,1.6075207e-09,0.0010280394,7.85845e-08,2.2309196e-05
L-BFGS-B,4218,1.607895e-09,0.0010279418,7.858519e-08,2.230838e-05
L-BFGS-B,4219,1.6078464e-09,0.0010278131,7.858584e-08,2.2307184e-05
L-BFGS-B,4220,1.6076063e-09,0.0010276616,7.858796e-08,2.230595e-05
L-BFGS-B,4221,1.6504372e-09,0.001070754,7.8616225e-08,2.274754e-05
L-BFGS-B,4222,1.6076268e-09,0.0010276322,7.858761e-08,2.2305609e-05
L-BFGS-B,4223,1.6068169e-09,0.001027621,7.8582765e-08,2.2304648e-05
L-BFGS-B,4224,1.6061821e-09,0.0010275536,7.858399e-08,2.230406e-05
L-BFGS-B,4225,1.6065241e-09,0.0010275048,7.8584044e-08,2.2303633e-05
L-BFGS-B,4226,1.6063707e-09,0.001027514,7.857914e-08,2.2302967e-05
L-BFGS-B,4227,1.6060924e-09,0.0010275567,7.856664e-08,2.2301478e-05
L-BFGS-B,4228,1.6309674e-09,0.0010474862,7.845011e-08,2.2487024e-05
L-BFGS-B,4229,1.606334e-09,0.0010275992,7.856325e-08,2.2301429e-05
L-BFGS-B,4230,1.6062971e-09,0.0010275953,7.85527e-08,2.2299802e-05
L-BFGS-B,4231,1.6041036e-09,0.0010280509,7.8520664e-08,2.2299224e-05
L-BFGS-B,4232,1.6047472e-09,0.0010280261,7.851932e-08,2.2298871e-05
L-BFGS-B,4233,1.6053562e-09,0.0010276128,7.8530825e-08,2.2296554e-05
L-BFGS-B,4234,1.6051562e-09,0.001027534,7.853103e-08,2.2295768e-05
L-BFGS-B,4235,1.6039656e-09,0.0010274716,7.8527314e-08,2.2294407e-05
L-BFGS-B,4236,1.6037279e-09,0.001027397,7.851861e-08,2.229232e-05
L-BFGS-B,4237,1.6018931e-09,0.0010272708,7.8513e-08,2.2289942e-05
L-BFGS-B,4238,1.6029834e-09,0.0010271496,7.8506226e-08,2.2287877e-05
L-BFGS-B,4239,1.6026189e-09,0.0010270491,7.850717e-08,2.228696e-05
L-BFGS-B,4240,1.6027912e-09,0.001026956,7.850839e-08,2.2286238e-05
L-BFGS-B,4241,1.6023121e-09,0.0010268547,7.8511036e-08,2.2285549e-05
L-BFGS-B,4242,1.5988791e-09,0.0010283481,7.855974e-08,2.2307275e-05
L-BFGS-B,4243,1.600954e-09,0.001026516,7.852079e-08,2.228342e-05
L-BFGS-B,4244,1.6032222e-09,0.0010279604,7.849757e-08,2.2294724e-05
L-BFGS-B,4245,1.6011089e-09,0.0010265026,7.851551e-08,2.2282518e-05
L-BFGS-B,4246,1.6002252e-09,0.0010261989,7.851122e-08,2.2278706e-05
L-BFGS-B,4247,1.6007047e-09,0.0010257531,7.850377e-08,2.2273201e-05
L-BFGS-B,4248,1.5994326e-09,0.001025773,7.850253e-08,2.2273023e-05
L-BFGS-B,4249,1.599953e-09,0.0010256486,7.8503014e-08,2.227193e-05
L-BFGS-B,4250,1.5998025e-09,0.0010254517,7.850145e-08,2.2269705e-05
L-BFGS-B,4251,1.6002237e-09,0.001025489,7.84879e-08,2.2268108e-05
L-BFGS-B,4252,1.6003637e-09,0.0010255032,7.848379e-08,2.2267654e-05
L-BFGS-B,4253,1.6003445e-09,0.0010254735,7.848285e-08,2.2267213e-05
L-BFGS-B,4254,1.5982424e-09,0.0010259602,7.848202e-08,2.227164e-05
L-BFGS-B,4255,1.599955e-09,0.0010254636,7.8482664e-08,2.2267028e-05
L-BFGS-B,4256,1.6006017e-09,0.0010254253,7.848267e-08,2.2266744e-05
L-BFGS-B,4257,1.600777e-09,0.0010253933,7.848269e-08,2.2266453e-05
L-BFGS-B,4258,1.6009855e-09,0.0010253206,7.8482515e-08,2.226573e-05
L-BFGS-B,4259,1.6015419e-09,0.0010250839,7.848374e-08,2.226363e-05
L-BFGS-B,4260,1.6016823e-09,0.0010249044,7.848471e-08,2.2262004e-05
L-BFGS-B,4261,1.6011512e-09,0.00102464,7.848681e-08,2.2259595e-05
L-BFGS-B,4262,1.6012491e-09,0.0010248479,7.851508e-08,2.2265927e-05
L-BFGS-B,4263,1.6008995e-09,0.0010242885,7.8495816e-08,2.225739e-05
L-BFGS-B,4264,1.6001388e-09,0.0010241466,7.849195e-08,2.2255279e-05
L-BFGS-B,4265,1.5986678e-09,0.0010237874,7.8494885e-08,2.2251908e-05
L-BFGS-B,4266,1.5968464e-09,0.0010239293,7.8497294e-08,2.2253414e-05
L-BFGS-B,4267,1.5978352e-09,0.0010236972,7.8495496e-08,2.2250973e-05
L-BFGS-B,4268,1.5970419e-09,0.001023572,7.849403e-08,2.2249382e-05
L-BFGS-B,4269,1.5973551e-09,0.0010233613,7.849976e-08,2.2248181e-05
L-BFGS-B,4270,1.5979906e-09,0.0010232904,7.8498005e-08,2.2247303e-05
L-BFGS-B,4271,1.5986026e-09,0.0010231283,7.850252e-08,2.224645e-05
L-BFGS-B,4272,1.5985903e-09,0.0010229475,7.850828e-08,2.2245506e-05
L-BFGS-B,4273,1.596803e-09,0.0010227532,7.8518305e-08,2.2244798e-05
L-BFGS-B,4274,1.5976066e-09,0.0010285865,7.854574e-08,2.2307366e-05
L-BFGS-B,4275,1.5961109e-09,0.0010225887,7.852048e-08,2.2243374e-05
L-BFGS-B,4276,1.5965649e-09,0.001022446,7.85167e-08,2.224145e-05
L-BFGS-B,4277,1.5970767e-09,0.0010221071,7.851827e-08,2.2238371e-05
L-BFGS-B,4278,1.6059375e-09,0.001032901,7.855318e-08,2.2352877e-05
L-BFGS-B,4279,1.5970097e-09,0.001021935,7.8520564e-08,2.2236985e-05
L-BFGS-B,4280,1.5963653e-09,0.0010214222,7.852235e-08,2.2232029e-05
L-BFGS-B,4281,1.5952399e-09,0.0010209717,7.8516656e-08,2.22265e-05
L-BFGS-B,4282,1.5939043e-09,0.0010212145,7.8535784e-08,2.2231598e-05
L-BFGS-B,4283,1.594573e-09,0.0010207567,7.8522426e-08,2.2225116e-05
L-BFGS-B,4284,1.5943548e-09,0.0010205279,7.8528714e-08,2.222374e-05
L-BFGS-B,4285,1.5942394e-09,0.0010202534,7.8536544e-08,2.2222153e-05
L-BFGS-B,4286,1.5937843e-09,0.0010201416,7.8532494e-08,2.222036e-05
L-BFGS-B,4287,1.5932952e-09,0.0010200673,7.852638e-08,2.2218625e-05
L-BFGS-B,4288,1.5924208e-09,0.0010202327,7.8521275e-08,2.2219381e-05
L-BFGS-B,4289,1.592879e-09,0.0010200399,7.852416e-08,2.2217955e-05
L-BFGS-B,4290,1.5917344e-09,0.0010200244,7.851526e-08,2.2216293e-05
L-BFGS-B,4291,1.5915312e-09,0.0010201592,7.8498e-08,2.2215021e-05
L-BFGS-B,4292,1.5906999e-09,0.0010200449,7.849955e-08,2.2213986e-05
L-BFGS-B,4293,1.5905204e-09,0.0010200151,7.849856e-08,2.2213513e-05
L-BFGS-B,4294,1.5902322e-09,0.0010199493,7.849949e-08,2.2212951e-05
L-BFGS-B,4295,1.5901291e-09,0.0010199352,7.849771e-08,2.2212527e-05
L-BFGS-B,4296,1.5894056e-09,0.0010198803,7.849638e-08,2.2211669e-05
L-BFGS-B,4297,1.5984336e-09,0.0010258241,7.8535464e-08,2.2278324e-05
L-BFGS-B,4298,1.589553e-09,0.0010198565,7.849759e-08,2.2211636e-05
L-BFGS-B,4299,1.5915297e-09,0.0010212014,7.852377e-08,2.222931e-05
L-BFGS-B,4300,1.5895308e-09,0.0010197399,7.8501394e-08,2.2211036e-05
L-BFGS-B,4301,1.6054517e-09,0.001029738,7.863088e-08,2.2332832e-05
L-BFGS-B,4302,1.5897673e-09,0.0010195833,7.850835e-08,2.2210552e-05
L-BFGS-B,4303,1.5964774e-09,0.0010247809,7.854373e-08,2.226884e-05
L-BFGS-B,4304,1.5898274e-09,0.0010195383,7.851031e-08,2.2210403e-05
L-BFGS-B,4305,1.586e-09,0.0010205125,7.852437e-08,2.222168e-05
L-BFGS-B,4306,1.5887288e-09,0.0010194179,7.851277e-08,2.2209402e-05
L-BFGS-B,4307,1.5883008e-09,0.0010192472,7.851617e-08,2.2208143e-05
L-BFGS-B,4308,1.5876179e-09,0.0010189193,7.85259e-08,2.220622e-05
L-BFGS-B,4309,1.5875598e-09,0.0010187448,7.853174e-08,2.2205342e-05
L-BFGS-B,4310,1.5868294e-09,0.0010184812,7.853796e-08,2.220353e-05
L-BFGS-B,4311,1.5866274e-09,0.0010182598,7.854058e-08,2.2201679e-05
L-BFGS-B,4312,1.5865074e-09,0.0010177904,7.854124e-08,2.2197066e-05
L-BFGS-B,4313,1.5857486e-09,0.0010174445,7.853938e-08,2.2193213e-05
L-BFGS-B,4314,1.5858084e-09,0.001017824,7.854899e-08,2.2198461e-05
L-BFGS-B,4315,1.5849361e-09,0.0010169323,7.854456e-08,2.2188746e-05
L-BFGS-B,4316,1.5809734e-09,0.0010167436,7.85637e-08,2.2189137e-05
L-BFGS-B,4317,1.5825455e-09,0.0010163016,7.8553605e-08,2.2183438e-05
L-BFGS-B,4318,1.5807416e-09,0.0010158413,7.854223e-08,2.2176859e-05
L-BFGS-B,4319,1.5785314e-09,0.001015446,7.854941e-08,2.2173652e-05
L-BFGS-B,4320,1.5803787e-09,0.0010149411,7.8552326e-08,2.2169317e-05
L-BFGS-B,4321,1.5811468e-09,0.0010147279,7.855606e-08,2.216786e-05
L-BFGS-B,4322,1.5837974e-09,0.0010170072,7.850815e-08,2.2183864e-05
L-BFGS-B,4323,1.5813221e-09,0.0010147775,7.8547345e-08,2.2167074e-05
L-BFGS-B,4324,1.5820472e-09,0.001014525,7.854967e-08,2.2165008e-05
L-BFGS-B,4325,1.5820776e-09,0.0010143141,7.8556674e-08,2.2163953e-05
L-BFGS-B,4326,1.5813533e-09,0.0010139627,7.856199e-08,2.2161126e-05
L-BFGS-B,4327,1.5802558e-09,0.0010136517,7.856046e-08,2.2157623e-05
L-BFGS-B,4328,1.5794314e-09,0.0010133968,7.856745e-08,2.2156e-05
L-BFGS-B,4329,1.580295e-09,0.0010131688,7.856413e-08,2.2153352e-05
L-BFGS-B,4330,1.5815234e-09,0.0010128982,7.8563836e-08,2.2150785e-05
L-BFGS-B,4331,1.582918e-09,0.0010124767,7.856589e-08,2.2147087e-05
L-BFGS-B,4332,1.5902082e-09,0.0010151541,7.85766e-08,2.2176562e-05
L-BFGS-B,4333,1.5836306e-09,0.0010123004,7.856774e-08,2.2145708e-05
L-BFGS-B,4334,1.5861389e-09,0.001011476,7.8571894e-08,2.2138465e-05
L-BFGS-B,4335,1.5890316e-09,0.0010114027,7.85905e-08,2.2140957e-05
L-BFGS-B,4336,1.5869271e-09,0.0010107928,7.857989e-08,2.213295e-05
L-BFGS-B,4337,1.5907664e-09,0.0010098639,7.8593544e-08,2.2126285e-05
L-BFGS-B,4338,1.5881729e-09,0.0010098774,7.858729e-08,2.2125092e-05
L-BFGS-B,4339,1.5920604e-09,0.0010097842,7.861191e-08,2.2128437e-05
L-BFGS-B,4340,1.5891944e-09,0.0010091128,7.859913e-08,2.2119377e-05
L-BFGS-B,4341,1.5871362e-09,0.0010079272,7.863356e-08,2.2112377e-05
L-BFGS-B,4342,1.5866443e-09,0.0010075226,7.862721e-08,2.2107304e-05
L-BFGS-B,4343,1.5875632e-09,0.0010068169,7.863518e-08,2.210158e-05
L-BFGS-B,4344,1.590865e-09,0.0010133582,7.867878e-08,2.2174028e-05
L-BFGS-B,4345,1.5866136e-09,0.0010063456,7.8642366e-08,2.2097804e-05
L-BFGS-B,4346,1.5854186e-09,0.0010057733,7.863895e-08,2.2091388e-05
L-BFGS-B,4347,1.5919569e-09,0.0010106586,7.86693e-08,2.2145774e-05
L-BFGS-B,4348,1.5854432e-09,0.0010053556,7.864371e-08,2.208793e-05
L-BFGS-B,4349,2.4028504e-09,0.0018844942,7.885256e-08,3.1033254e-05
L-BFGS-B,4350,1.5879933e-09,0.001007503,7.8629164e-08,2.2107604e-05
L-BFGS-B,4351,1.5855753e-09,0.0010053371,7.864069e-08,2.2087312e-05
L-BFGS-B,4352,1.6702635e-09,0.001065613,7.868266e-08,2.2709068e-05
L-BFGS-B,4353,1.5870537e-09,0.0010051036,7.864089e-08,2.2085227e-05
L-BFGS-B,4354,1.588377e-09,0.0010059435,7.862676e-08,2.2091706e-05
L-BFGS-B,4355,1.5870912e-09,0.0010049416,7.863544e-08,2.2082797e-05
L-BFGS-B,4356,1.5871379e-09,0.0010047965,7.86226e-08,2.2079425e-05
L-BFGS-B,4357,1.5859744e-09,0.0010046406,7.8627e-08,2.2078351e-05
L-BFGS-B,4358,1.5865889e-09,0.0010045485,7.862075e-08,2.2076585e-05
L-BFGS-B,4359,1.5864317e-09,0.0010044404,7.8621e-08,2.2075517e-05
L-BFGS-B,4360,1.6028313e-09,0.0010168687,7.8707345e-08,2.2215214e-05
L-BFGS-B,4361,1.5865922e-09,0.0010043014,7.862584e-08,2.2074877e-05
L-BFGS-B,4362,1.6019407e-09,0.0010369483,7.861472e-08,2.2401982e-05
L-BFGS-B,4363,1.5857259e-09,0.001004292,7.862482e-08,2.2074502e-05
L-BFGS-B,4364,1.5842222e-09,0.0010042558,7.861268e-08,2.2072094e-05
L-BFGS-B,4365,1.5849169e-09,0.00100377,7.86208e-08,2.2068558e-05
L-BFGS-B,4366,1.5842537e-09,0.0010034832,7.862006e-08,2.206548e-05
L-BFGS-B,4367,1.5797024e-09,0.0010036742,7.859111e-08,2.2062362e-05
L-BFGS-B,4368,1.5813365e-09,0.001003341,7.8596024e-08,2.2060014e-05
L-BFGS-B,4369,1.5819637e-09,0.0010030793,7.8602895e-08,2.2058523e-05
L-BFGS-B,4370,1.5822139e-09,0.00100287,7.860697e-08,2.2057076e-05
L-BFGS-B,4371,1.582742e-09,0.0010025703,7.8611734e-08,2.2054872e-05
L-BFGS-B,4372,1.5826259e-09,0.0010024325,7.861427e-08,2.205386e-05
L-BFGS-B,4373,1.5821259e-09,0.0010023279,7.8616324e-08,2.2053046e-05
L-BFGS-B,4374,1.581398e-09,0.0010021914,7.8617745e-08,2.2051787e-05
L-BFGS-B,4375,1.5803683e-09,0.0010019533,7.862462e-08,2.205028e-05
L-BFGS-B,4376,1.5805444e-09,0.0010018948,7.862347e-08,2.204955e-05
L-BFGS-B,4377,1.5808299e-09,0.0010018154,7.862311e-08,2.2048745e-05
L-BFGS-B,4378,1.5817757e-09,0.0010016109,7.862694e-08,2.2047416e-05
L-BFGS-B,4379,1.5822058e-09,0.0010014473,7.863091e-08,2.204644e-05
L-BFGS-B,4380,1.58268e-09,0.0010012808,7.86337e-08,2.2045264e-05
L-BFGS-B,4381,1.5827134e-09,0.0010011713,7.863445e-08,2.2044289e-05
L-BFGS-B,4382,1.5824086e-09,0.001001348,7.862255e-08,2.2044223e-05
L-BFGS-B,4383,1.582484e-09,0.0010011878,7.862828e-08,2.2043492e-05
L-BFGS-B,4384,1.5821815e-09,0.0010010591,7.862821e-08,2.204215e-05
L-BFGS-B,4385,1.5841344e-09,0.0010008634,7.8631835e-08,2.204103e-05
L-BFGS-B,4386,1.5822829e-09,0.0010007062,7.862579e-08,2.2038272e-05
L-BFGS-B,4387,1.5830495e-09,0.0010004443,7.8624296e-08,2.2035543e-05
L-BFGS-B,4388,1.5843175e-09,0.0010001844,7.8617546e-08,2.2032124e-05
L-BFGS-B,4389,1.5840189e-09,0.001000499,7.860921e-08,2.2033975e-05
L-BFGS-B,4390,1.5841563e-09,0.0010001829,7.8614875e-08,2.2031683e-05
L-BFGS-B,4391,1.5851613e-09,0.0010001664,7.861128e-08,2.203113e-05
L-BFGS-B,4392,1.5839915e-09,0.001000128,7.86115e-08,2.2030603e-05
L-BFGS-B,4393,1.5836661e-09,0.0010001077,7.861181e-08,2.20304e-05
L-BFGS-B,4394,1.582784e-09,0.00100009,7.86118e-08,2.2030086e-05
L-BFGS-B,4395,1.5826022e-09,0.0010002078,7.861489e-08,2.2031702e-05
L-BFGS-B,4396,1.5827033e-09,0.0010000592,7.861255e-08,2.2029879e-05
L-BFGS-B,4397,1.5822158e-09,0.0009999976,7.86132e-08,2.202929e-05
L-BFGS-B,4398,1.5817524e-09,0.0009998516,7.861518e-08,2.2028056e-05
L-BFGS-B,4399,1.5821119e-09,0.0009996846,7.861633e-08,2.2026612e-05
L-BFGS-B,4400,1.5927228e-09,0.0010196641,7.859076e-08,2.2224163e-05
L-BFGS-B,4401,1.5817843e-09,0.0009996858,7.861347e-08,2.2026146e-05
L-BFGS-B,4402,1.5825657e-09,0.000999426,7.8616516e-08,2.2024122e-05
L-BFGS-B,4403,1.5835184e-09,0.0009990616,7.862208e-08,2.2021457e-05
L-BFGS-B,4404,1.583125e-09,0.0009986762,7.863188e-08,2.2019012e-05
L-BFGS-B,4405,1.5842158e-09,0.000998583,7.863371e-08,2.201852e-05
L-BFGS-B,4406,1.582315e-09,0.0009984795,7.862841e-08,2.2016404e-05
L-BFGS-B,4407,1.5819506e-09,0.0009984637,7.862671e-08,2.2015936e-05
L-BFGS-B,4408,1.5820383e-09,0.0009984585,7.8623124e-08,2.201536e-05
L-BFGS-B,4409,1.5819859e-09,0.0009983759,7.862433e-08,2.2014707e-05
L-BFGS-B,4410,1.5828323e-09,0.0009982211,7.862114e-08,2.2012806e-05
L-BFGS-B,4411,1.5843645e-09,0.0009979721,7.861835e-08,2.2010128e-05
L-BFGS-B,4412,1.5843449e-09,0.0009976748,7.862947e-08,2.2008819e-05
L-BFGS-B,4413,1.5844135e-09,0.000997476,7.863425e-08,2.200756e-05
L-BFGS-B,4414,1.5854662e-09,0.0009973191,7.863971e-08,2.2006967e-05
L-BFGS-B,4415,1.5839194e-09,0.0009970746,7.864435e-08,2.2004986e-05
L-BFGS-B,4416,1.5834472e-09,0.0009969911,7.8642046e-08,2.2003735e-05
L-BFGS-B,4417,1.5832028e-09,0.0009967767,7.864225e-08,2.2001586e-05
L-BFGS-B,4418,1.5829961e-09,0.0009964186,7.864763e-08,2.1998781e-05
L-BFGS-B,4419,1.5835853e-09,0.0009961299,7.865043e-08,2.1996402e-05
L-BFGS-B,4420,1.5834221e-09,0.0009959032,7.8667696e-08,2.19967e-05
L-BFGS-B,4421,1.5834344e-09,0.0009958403,7.865853e-08,2.1994698e-05
L-BFGS-B,4422,1.5839241e-09,0.0009954383,7.866222e-08,2.1991305e-05
L-BFGS-B,4423,1.5828637e-09,0.0009950361,7.865699e-08,2.198634e-05
L-BFGS-B,4424,1.5804917e-09,0.0009951754,7.8642465e-08,2.1985197e-05
L-BFGS-B,4425,1.5811639e-09,0.0009950382,7.86366e-08,2.1983047e-05
L-BFGS-B,4426,1.5817161e-09,0.0009945576,7.865472e-08,2.1981043e-05
L-BFGS-B,4427,1.5811508e-09,0.000994489,7.86513e-08,2.1979755e-05
L-BFGS-B,4428,1.5813424e-09,0.0009944896,7.864894e-08,2.1979438e-05
L-BFGS-B,4429,1.5805721e-09,0.0009943747,7.865112e-08,2.1978502e-05
L-BFGS-B,4430,1.581099e-09,0.0009941714,7.86576e-08,2.197752e-05
L-BFGS-B,4431,1.5819431e-09,0.0009939496,7.866658e-08,2.1976775e-05
L-BFGS-B,4432,1.5817786e-09,0.0009938675,7.866817e-08,2.1976168e-05
L-BFGS-B,4433,1.5811301e-09,0.00099394,7.86634e-08,2.197608e-05
L-BFGS-B,4434,1.6145618e-09,0.0010121468,7.872447e-08,2.2172322e-05
L-BFGS-B,4435,1.5820085e-09,0.0009938026,7.866645e-08,2.1975295e-05
L-BFGS-B,4436,1.5818011e-09,0.0009937638,7.86655e-08,2.1974733e-05
L-BFGS-B,4437,1.5819901e-09,0.0009936949,7.866538e-08,2.1974054e-05
L-BFGS-B,4438,1.5809313e-09,0.000993677,7.8663334e-08,2.197341e-05
L-BFGS-B,4439,1.5810725e-09,0.0009936135,7.866166e-08,2.1972544e-05
L-BFGS-B,4440,1.5811644e-09,0.000993528,7.8664584e-08,2.1972142e-05
L-BFGS-B,4441,1.5807884e-09,0.0009935059,7.8663675e-08,2.197173e-05
L-BFGS-B,4442,1.5804164e-09,0.0009934428,7.8665096e-08,2.1971255e-05
L-BFGS-B,4443,1.5804196e-09,0.000993403,7.8665316e-08,2.1970889e-05
L-BFGS-B,4444,1.5807755e-09,0.0009933632,7.866586e-08,2.1970627e-05
L-BFGS-B,4445,1.5816325e-09,0.0009939747,7.8683485e-08,2.1979515e-05
L-BFGS-B,4446,1.5807554e-09,0.0009933477,7.8666694e-08,2.1970594e-05
L-BFGS-B,4447,1.5815805e-09,0.000993311,7.866778e-08,2.1970514e-05
L-BFGS-B,4448,1.6024858e-09,0.0010069252,7.863651e-08,2.2105101e-05
L-BFGS-B,4449,1.5817423e-09,0.0009933083,7.866706e-08,2.1970403e-05
L-BFGS-B,4450,1.5822924e-09,0.0009932506,7.8668286e-08,2.1970092e-05
L-BFGS-B,4451,1.582321e-09,0.0009931249,7.867303e-08,2.1969552e-05
L-BFGS-B,4452,1.5822799e-09,0.0009929655,7.867915e-08,2.196887e-05
L-BFGS-B,4453,1.5818363e-09,0.0009929478,7.868164e-08,2.1969e-05
L-BFGS-B,4454,1.5820286e-09,0.000992923,7.868023e-08,2.1968568e-05
L-BFGS-B,4455,1.5817001e-09,0.0009928374,7.868237e-08,2.1967984e-05
L-BFGS-B,4456,1.5810143e-09,0.0009927618,7.8680166e-08,2.1966796e-05
L-BFGS-B,4457,1.5807564e-09,0.0009926566,7.868005e-08,2.1965687e-05
L-BFGS-B,4458,1.5804431e-09,0.0009926335,7.867248e-08,2.1964273e-05
L-BFGS-B,4459,1.5803914e-09,0.000992481,7.866791e-08,2.1962056e-05
L-BFGS-B,4460,1.5796917e-09,0.0009923452,7.865832e-08,2.1959153e-05
L-BFGS-B,4461,1.5832775e-09,0.0009924802,7.868515e-08,2.1965065e-05
L-BFGS-B,4462,1.580439e-09,0.0009921663,7.8664456e-08,2.1958398e-05
L-BFGS-B,4463,1.581398e-09,0.0009930404,7.8636255e-08,2.1963051e-05
L-BFGS-B,4464,1.5804974e-09,0.0009922181,7.865705e-08,2.1957814e-05
L-BFGS-B,4465,1.5768571e-09,0.0009921412,7.866336e-08,2.1957445e-05
L-BFGS-B,4466,1.5785281e-09,0.0009919407,7.865979e-08,2.1955155e-05
L-BFGS-B,4467,1.5767341e-09,0.0009919414,7.864483e-08,2.1952648e-05
L-BFGS-B,4468,1.5751516e-09,0.0009918284,7.865158e-08,2.1952294e-05
L-BFGS-B,4469,1.5758335e-09,0.000991709,7.864773e-08,2.1950624e-05
L-BFGS-B,4470,1.5751498e-09,0.0009912517,7.864858e-08,2.1946076e-05
L-BFGS-B,4471,1.5738931e-09,0.0009908124,7.8645776e-08,2.1941076e-05
L-BFGS-B,4472,1.573191e-09,0.0009902109,7.863804e-08,2.1933793e-05
L-BFGS-B,4473,1.5717497e-09,0.00099036,7.864063e-08,2.1935459e-05
L-BFGS-B,4474,1.572239e-09,0.0009898668,7.863786e-08,2.1930182e-05
L-BFGS-B,4475,1.5740472e-09,0.0009889816,7.86414e-08,2.1922133e-05
L-BFGS-B,4476,1.574538e-09,0.0009883773,7.864654e-08,2.1916934e-05
L-BFGS-B,4477,1.5771824e-09,0.0009878404,7.865811e-08,2.1913696e-05
L-BFGS-B,4478,1.5775273e-09,0.0009883519,7.8684714e-08,2.1922855e-05
L-BFGS-B,4479,1.5768915e-09,0.000987465,7.866627e-08,2.1911124e-05
L-BFGS-B,4480,1.5754638e-09,0.0009870412,7.866841e-08,2.1906992e-05
L-BFGS-B,4481,1.5729522e-09,0.0009866812,7.8652725e-08,2.1900663e-05
L-BFGS-B,4482,1.5729215e-09,0.0009858243,7.8653414e-08,2.1892192e-05
L-BFGS-B,4483,1.997426e-09,0.001470622,7.8777504e-08,2.682246e-05
L-BFGS-B,4484,1.5710233e-09,0.0009858536,7.8648924e-08,2.1891528e-05
L-BFGS-B,4485,1.5717369e-09,0.0009854255,7.865066e-08,2.1887614e-05
L-BFGS-B,4486,1.5709413e-09,0.000984748,7.863116e-08,2.1877795e-05
L-BFGS-B,4487,1.5689313e-09,0.000983226,7.862814e-08,2.186182e-05
L-BFGS-B,4488,1.5655073e-09,0.0009815823,7.8630954e-08,2.1845291e-05
L-BFGS-B,4489,1.5661727e-09,0.0009812601,7.863214e-08,2.1842348e-05
L-BFGS-B,4490,1.5652205e-09,0.0009808885,7.863124e-08,2.1838354e-05
L-BFGS-B,4491,1.5613079e-09,0.0009799963,7.8629924e-08,2.1828648e-05
L-BFGS-B,4492,1.5682738e-09,0.0009826288,7.8690746e-08,2.186514e-05
L-BFGS-B,4493,1.5619287e-09,0.0009794773,7.864206e-08,2.1825372e-05
L-BFGS-B,4494,1.5632552e-09,0.0009793806,7.866114e-08,2.1827465e-05
L-BFGS-B,4495,1.5621247e-09,0.000978992,7.8649926e-08,2.1821726e-05
L-BFGS-B,4496,1.5620102e-09,0.0009786922,7.8631636e-08,2.181597e-05
L-BFGS-B,4497,1.5612703e-09,0.0009783105,7.861766e-08,2.1809945e-05
L-BFGS-B,4498,1.5596048e-09,0.000977719,7.859835e-08,2.1800883e-05
L-BFGS-B,4499,1.5593489e-09,0.0009773533,7.856952e-08,2.1792863e-05
L-BFGS-B,4500,1.562848e-09,0.0009770832,7.8562195e-08,2.1789587e-05
L-BFGS-B,4501,1.5596455e-09,0.0009762081,7.856811e-08,2.1781243e-05
L-BFGS-B,4502,1.5601223e-09,0.0009752882,7.857856e-08,2.1773685e-05
L-BFGS-B,4503,1.5601036e-09,0.00097428303,7.858844e-08,2.1765112e-05
L-BFGS-B,4504,1.5640147e-09,0.0009923856,7.8572505e-08,2.1944332e-05
L-BFGS-B,4505,1.5580688e-09,0.0009739945,7.858547e-08,2.1761476e-05
L-BFGS-B,4506,1.5581593e-09,0.000972695,7.858318e-08,2.174815e-05
L-BFGS-B,4507,1.5570493e-09,0.0009718739,7.8564746e-08,2.1737007e-05
L-BFGS-B,4508,1.5620029e-09,0.0009740897,7.85352e-08,2.1755477e-05
L-BFGS-B,4509,1.5578496e-09,0.00097138685,7.855246e-08,2.1730415e-05
L-BFGS-B,4510,1.5577444e-09,0.00097104226,7.853986e-08,2.1725064e-05
L-BFGS-B,4511,1.5507887e-09,0.0009708323,7.852328e-08,2.1719434e-05
L-BFGS-B,4512,1.5503113e-09,0.00097074325,7.85163e-08,2.1717424e-05
L-BFGS-B,4513,1.550916e-09,0.0009693966,7.85263e-08,2.170555e-05
L-BFGS-B,4514,1.5490864e-09,0.0009684254,7.853648e-08,2.169709e-05
L-BFGS-B,4515,1.5450105e-09,0.0009669298,7.8543785e-08,2.1682617e-05
L-BFGS-B,4516,1.5407196e-09,0.00096563867,7.855729e-08,2.1671087e-05
L-BFGS-B,4517,1.5406212e-09,0.00096501526,7.8561364e-08,2.1665452e-05
L-BFGS-B,4518,1.5405391e-09,0.00096451637,7.855906e-08,2.1660104e-05
L-BFGS-B,4519,1.5416672e-09,0.0009638486,7.85601e-08,2.165375e-05
L-BFGS-B,4520,1.5425689e-09,0.0009631907,7.855525e-08,2.164658e-05
L-BFGS-B,4521,1.5384123e-09,0.00096384407,7.850736e-08,2.1645306e-05
L-BFGS-B,4522,1.5393714e-09,0.00096237694,7.8530356e-08,2.1634229e-05
L-BFGS-B,4523,1.5625683e-09,0.0009777,7.8587334e-08,2.1799486e-05
L-BFGS-B,4524,1.5401598e-09,0.0009616257,7.853731e-08,2.1627879e-05
L-BFGS-B,4525,1.5383154e-09,0.00096080225,7.852178e-08,2.1617036e-05
L-BFGS-B,4526,1.5344955e-09,0.0009600452,7.8527016e-08,2.1609678e-05
L-BFGS-B,4527,1.5368015e-09,0.00095912034,7.853356e-08,2.1601758e-05
L-BFGS-B,4528,1.5369203e-09,0.00095887255,7.8530874e-08,2.1598895e-05
L-BFGS-B,4529,1.5380212e-09,0.00095837575,7.852605e-08,2.1593369e-05
L-BFGS-B,4530,1.5391084e-09,0.0009586763,7.851367e-08,2.1594678e-05
L-BFGS-B,4531,1.5382776e-09,0.0009581951,7.8519804e-08,2.1590662e-05
L-BFGS-B,4532,1.5765539e-09,0.0009835766,7.839606e-08,2.1831658e-05
L-BFGS-B,4533,1.539266e-09,0.00095820444,7.851084e-08,2.158956e-05
L-BFGS-B,4534,1.5407172e-09,0.0009576195,7.851666e-08,2.1584801e-05
L-BFGS-B,4535,1.5425081e-09,0.00095707964,7.853171e-08,2.1581931e-05
L-BFGS-B,4536,1.542878e-09,0.00095676264,7.85328e-08,2.1578977e-05
L-BFGS-B,4537,1.5419026e-09,0.00096155505,7.850024e-08,2.1621872e-05
L-BFGS-B,4538,1.5420054e-09,0.000956704,7.852723e-08,2.1577425e-05
L-BFGS-B,4539,1.5414298e-09,0.0009559219,7.852916e-08,2.1569807e-05
L-BFGS-B,4540,1.5397397e-09,0.00095548684,7.852749e-08,2.1564952e-05
L-BFGS-B,4541,1.5769341e-09,0.0009825893,7.856563e-08,2.1847278e-05
L-BFGS-B,4542,1.5400884e-09,0.0009553987,7.8529055e-08,2.156436e-05
L-BFGS-B,4543,1.5385119e-09,0.00095518155,7.8525936e-08,2.1561482e-05
L-BFGS-B,4544,1.5348798e-09,0.0009552274,7.850846e-08,2.1558775e-05
L-BFGS-B,4545,1.5350033e-09,0.00095465424,7.8513594e-08,2.1553831e-05
L-BFGS-B,4546,1.535864e-09,0.00095416175,7.8512784e-08,2.1548914e-05
L-BFGS-B,4547,1.5361147e-09,0.00095390296,7.850775e-08,2.154561e-05
L-BFGS-B,4548,1.5376218e-09,0.0009537808,7.8493834e-08,2.1542524e-05
L-BFGS-B,4549,1.5453393e-09,0.0009651691,7.8512144e-08,2.1660313e-05
L-BFGS-B,4550,1.5374386e-09,0.0009537343,7.849416e-08,2.1542084e-05
L-BFGS-B,4551,1.5364626e-09,0.00095361035,7.848719e-08,2.153965e-05
L-BFGS-B,4552,1.5371939e-09,0.0009533091,7.84958e-08,2.1538039e-05
L-BFGS-B,4553,1.5368977e-09,0.00095304905,7.8487474e-08,2.1534146e-05
L-BFGS-B,4554,1.536127e-09,0.00095266075,7.8495816e-08,2.1531398e-05
L-BFGS-B,4555,1.5365771e-09,0.00095235003,7.850091e-08,2.1529124e-05
L-BFGS-B,4556,1.5371933e-09,0.00095219404,7.850485e-08,2.1528245e-05
L-BFGS-B,4557,1.5372266e-09,0.0009520412,7.850433e-08,2.1526645e-05
L-BFGS-B,4558,1.5370943e-09,0.0009519783,7.850391e-08,2.1525933e-05
L-BFGS-B,4559,1.5376923e-09,0.0009521946,7.849461e-08,2.152679e-05
L-BFGS-B,4560,1.5372329e-09,0.00095194555,7.8499916e-08,2.152503e-05
L-BFGS-B,4561,1.5372218e-09,0.00095160556,7.8508926e-08,2.1522977e-05
L-BFGS-B,4562,1.5376911e-09,0.00095136155,7.851484e-08,2.1521493e-05
L-BFGS-B,4563,1.5386258e-09,0.00095080066,7.854381e-08,2.1520373e-05
L-BFGS-B,4564,1.5424794e-09,0.0009505106,7.8547316e-08,2.1518576e-05
L-BFGS-B,4565,1.5400685e-09,0.0009503786,7.853766e-08,2.1515445e-05
L-BFGS-B,4566,1.5386104e-09,0.0009502647,7.853742e-08,2.151405e-05
L-BFGS-B,4567,1.5382816e-09,0.0009502178,7.85288e-08,2.151224e-05
L-BFGS-B,4568,1.5381643e-09,0.00095010153,7.852867e-08,2.1511041e-05
L-BFGS-B,4569,1.538666e-09,0.0009500975,7.8525495e-08,2.1510597e-05
L-BFGS-B,4570,1.5390006e-09,0.00095009076,7.852361e-08,2.15103e-05
L-BFGS-B,4571,1.5385391e-09,0.00095019286,7.851836e-08,2.1510463e-05
L-BFGS-B,4572,1.538759e-09,0.00095010846,7.852128e-08,2.1510092e-05
L-BFGS-B,4573,1.5390752e-09,0.0009500963,7.851898e-08,2.1509672e-05
L-BFGS-B,4574,1.5400813e-09,0.0009500775,7.8518184e-08,2.1509513e-05
L-BFGS-B,4575,1.5395721e-09,0.0009500787,7.851564e-08,2.150907e-05
L-BFGS-B,4576,1.5392004e-09,0.000950094,7.8513764e-08,2.1508884e-05
L-BFGS-B,4577,1.5390276e-09,0.0009501283,7.851101e-08,2.150879e-05
L-BFGS-B,4578,1.5395721e-09,0.00095011573,7.851708e-08,2.1509655e-05
L-BFGS-B,4579,1.5391523e-09,0.0009500762,7.8512684e-08,2.1508537e-05
L-BFGS-B,4580,1.5391716e-09,0.00095008424,7.85109e-08,2.1508353e-05
L-BFGS-B,4581,1.5392566e-09,0.00095011,7.850614e-08,2.1507909e-05
L-BFGS-B,4582,1.5395116e-09,0.0009518492,7.8521225e-08,2.1527603e-05
L-BFGS-B,4583,1.5390607e-09,0.0009500623,7.850764e-08,2.1507627e-05
L-BFGS-B,4584,1.5391072e-09,0.00095005415,7.850475e-08,2.150712e-05
L-BFGS-B,4585,1.539162e-09,0.0009499678,7.8503554e-08,2.1506086e-05
L-BFGS-B,4586,1.5394934e-09,0.00095086737,7.848262e-08,2.151199e-05
L-BFGS-B,4587,1.5391168e-09,0.0009499964,7.850129e-08,2.1506024e-05
L-BFGS-B,4588,1.5392299e-09,0.00094992935,7.85029e-08,2.1505613e-05
L-BFGS-B,4589,1.5392749e-09,0.0009497438,7.851068e-08,2.1504931e-05
L-BFGS-B,4590,1.5484451e-09,0.00095223234,7.85135e-08,2.1531614e-05
L-BFGS-B,4591,1.5398511e-09,0.0009497117,7.851059e-08,2.1504682e-05
L-BFGS-B,4592,1.5401268e-09,0.00094962533,7.851324e-08,2.1504258e-05
L-BFGS-B,4593,1.5408296e-09,0.0009495101,7.8517324e-08,2.1503824e-05
L-BFGS-B,4594,1.5410131e-09,0.0009495236,7.851587e-08,2.1503767e-05
L-BFGS-B,4595,1.5411591e-09,0.000949516,7.8514695e-08,2.1503538e-05
L-BFGS-B,4596,1.5414104e-09,0.00094951916,7.8513445e-08,2.150342e-05
L-BFGS-B,4597,1.5415917e-09,0.0009495059,7.851372e-08,2.1503354e-05
L-BFGS-B,4598,1.541756e-09,0.00094942737,7.8516806e-08,2.1503058e-05
L-BFGS-B,4599,1.5417453e-09,0.0009493328,7.852031e-08,2.1502636e-05
L-BFGS-B,4600,1.541654e-09,0.00094922073,7.852597e-08,2.150235e-05
L-BFGS-B,4601,1.5413901e-09,0.000951223,7.849709e-08,2.1518e-05
L-BFGS-B,4602,1.5415357e-09,0.00094924925,7.8523634e-08,2.1502266e-05
L-BFGS-B,4603,1.5414672e-09,0.000949217,7.852409e-08,2.1502003e-05
L-BFGS-B,4604,1.541051e-09,0.0009492636,7.852023e-08,2.1501828e-05
L-BFGS-B,4605,1.5416256e-09,0.0009492264,7.851859e-08,2.1501295e-05
L-BFGS-B,4606,1.5415486e-09,0.0009491532,7.8520905e-08,2.15009e-05
L-BFGS-B,4607,1.5418067e-09,0.00094906095,7.8523364e-08,2.1500386e-05
L-BFGS-B,4608,1.5426386e-09,0.00094889686,7.8526305e-08,2.1499309e-05
L-BFGS-B,4609,1.543428e-09,0.00094871677,7.8528664e-08,2.1497981e-05
L-BFGS-B,4610,1.5441574e-09,0.0009484227,7.853137e-08,2.1495556e-05
L-BFGS-B,4611,1.5445092e-09,0.00094820076,7.853086e-08,2.1493313e-05
L-BFGS-B,4612,1.5437659e-09,0.0009479006,7.852933e-08,2.148997e-05
L-BFGS-B,4613,1.5436538e-09,0.00094775937,7.8515534e-08,2.148647e-05
L-BFGS-B,4614,1.5430804e-09,0.0009474005,7.851021e-08,2.1482e-05
L-BFGS-B,4615,1.5413928e-09,0.00094706623,7.849254e-08,2.1475753e-05
L-BFGS-B,4616,1.5427722e-09,0.0009466142,7.8494395e-08,2.1471717e-05
L-BFGS-B,4617,1.5423607e-09,0.000946227,7.849172e-08,2.1467382e-05
L-BFGS-B,4618,1.5427095e-09,0.00094615156,7.8480085e-08,2.1464934e-05
L-BFGS-B,4619,1.5416542e-09,0.0009462017,7.850012e-08,2.1468284e-05
L-BFGS-B,4620,1.5423332e-09,0.00094603834,7.8485016e-08,2.1464486e-05
L-BFGS-B,4621,1.5423545e-09,0.0009471525,7.851689e-08,2.1480413e-05
L-BFGS-B,4622,1.5420418e-09,0.00094585225,7.849076e-08,2.1463442e-05
L-BFGS-B,4623,1.5417576e-09,0.0009456717,7.849141e-08,2.1461692e-05
L-BFGS-B,4624,1.5422202e-09,0.0009449513,7.850594e-08,2.1456737e-05
L-BFGS-B,4625,1.5416642e-09,0.00094463886,7.8512244e-08,2.1454474e-05
L-BFGS-B,4626,1.5419513e-09,0.00094423903,7.8519236e-08,2.1451568e-05
L-BFGS-B,4627,1.5436007e-09,0.0009437581,7.852551e-08,2.1447948e-05
L-BFGS-B,4628,1.5444579e-09,0.0009436746,7.851094e-08,2.1445056e-05
L-BFGS-B,4629,1.543174e-09,0.000943265,7.850614e-08,2.1440046e-05
L-BFGS-B,4630,1.5442473e-09,0.00094258395,7.8491276e-08,2.143117e-05
L-BFGS-B,4631,1.5420436e-09,0.0009414476,7.848356e-08,2.1418316e-05
L-BFGS-B,4632,1.5411e-09,0.00094003853,7.84717e-08,2.1402306e-05
L-BFGS-B,4633,1.5481793e-09,0.000953715,7.8519854e-08,2.1547356e-05
L-BFGS-B,4634,1.5392799e-09,0.00093893893,7.847793e-08,2.139197e-05
L-BFGS-B,4635,1.5383729e-09,0.00093680434,7.849019e-08,2.1372327e-05
L-BFGS-B,4636,1.5707278e-09,0.0009587681,7.85127e-08,2.1600195e-05
L-BFGS-B,4637,1.5391663e-09,0.00093583437,7.849366e-08,2.1363267e-05
L-BFGS-B,4638,2.053544e-09,0.001489109,7.924109e-08,2.7085283e-05
L-BFGS-B,4639,1.5397391e-09,0.000935233,7.851081e-08,2.1359912e-05
L-BFGS-B,4640,2.7743285e-09,0.0022405437,7.921732e-08,3.4704182e-05
L-BFGS-B,4641,1.5482843e-09,0.000937761,7.854376e-08,2.1391417e-05
L-BFGS-B,4642,1.5409709e-09,0.0009347718,7.851621e-08,2.1356294e-05
L-BFGS-B,4643,1.5389371e-09,0.00093107537,7.853932e-08,2.1322492e-05
L-BFGS-B,4644,1.53535e-09,0.0009260644,7.857864e-08,2.1277741e-05
L-BFGS-B,4645,1.5749942e-09,0.0009518573,7.8735454e-08,2.1565142e-05
L-BFGS-B,4646,1.5361772e-09,0.00092350424,7.8604785e-08,2.1256186e-05
L-BFGS-B,4647,1.5320742e-09,0.0009177264,7.859034e-08,2.1195625e-05
L-BFGS-B,4648,1.5458353e-09,0.0009271599,7.8633136e-08,2.1298445e-05
L-BFGS-B,4649,1.5294803e-09,0.00091338455,7.8600394e-08,2.1153326e-05
L-BFGS-B,4650,1.6573335e-09,0.0010492189,7.8658935e-08,2.2539629e-05
L-BFGS-B,4651,1.5251459e-09,0.0009093885,7.859604e-08,2.1112062e-05
L-BFGS-B,4652,1.5211421e-09,0.00090777746,7.850297e-08,2.108139e-05
L-BFGS-B,4653,1.522006e-09,0.00091398484,7.8500975e-08,2.1143294e-05
L-BFGS-B,4654,1.5174764e-09,0.00090532925,7.849905e-08,2.105577e-05
L-BFGS-B,4655,1.5226863e-09,0.00090344145,7.8537816e-08,2.104349e-05
L-BFGS-B,4656,1.5199676e-09,0.0009013476,7.850756e-08,2.1017604e-05
L-BFGS-B,4657,1.5186906e-09,0.000904056,7.848852e-08,2.1041642e-05
L-BFGS-B,4658,1.517425e-09,0.0009000939,7.849904e-08,2.1003409e-05
L-BFGS-B,4659,1.5208697e-09,0.000898634,7.8540445e-08,2.0995536e-05
L-BFGS-B,4660,1.519939e-09,0.0008974066,7.851321e-08,2.0979038e-05
L-BFGS-B,4661,1.5192065e-09,0.0008968729,7.853273e-08,2.097652e-05
L-BFGS-B,4662,1.5189869e-09,0.00089649926,7.8521495e-08,2.0971065e-05
L-BFGS-B,4663,1.5212748e-09,0.00089605554,7.851226e-08,2.0965585e-05
L-BFGS-B,4664,1.5208065e-09,0.00089507276,7.853032e-08,2.0958396e-05
L-BFGS-B,4665,1.5207107e-09,0.0008947206,7.854103e-08,2.0956468e-05
L-BFGS-B,4666,1.52034e-09,0.0008942968,7.8543735e-08,2.0952579e-05
L-BFGS-B,4667,1.5194616e-09,0.0008937409,7.8538754e-08,2.0946141e-05
L-BFGS-B,4668,1.5195983e-09,0.00089319696,7.8535116e-08,2.0940177e-05
L-BFGS-B,4669,1.5188307e-09,0.00089245854,7.85422e-08,2.093374e-05
L-BFGS-B,4670,1.5167154e-09,0.0008919326,7.854233e-08,2.0928182e-05
L-BFGS-B,4671,1.517019e-09,0.00089138874,7.855282e-08,2.0924363e-05
L-BFGS-B,4672,1.5162024e-09,0.0008908811,7.855941e-08,2.0920153e-05
L-BFGS-B,4673,1.51558e-09,0.0008902281,7.856359e-08,2.0914156e-05
L-BFGS-B,4674,1.515258e-09,0.00088963646,7.857746e-08,2.0910273e-05
L-BFGS-B,4675,1.5153726e-09,0.0008890728,7.856754e-08,2.0903164e-05
L-BFGS-B,4676,1.5157591e-09,0.00088850193,7.856025e-08,2.089642e-05
L-BFGS-B,4677,1.5159461e-09,0.000887848,7.8545916e-08,2.0887757e-05
L-BFGS-B,4678,1.5179888e-09,0.0008875403,7.8551395e-08,2.0885811e-05
L-BFGS-B,4679,1.5147393e-09,0.0008876972,7.851058e-08,2.088077e-05
L-BFGS-B,4680,1.513137e-09,0.00088696653,7.854574e-08,2.0878497e-05
L-BFGS-B,4681,1.5127627e-09,0.0008868443,7.8536914e-08,2.0875894e-05
L-BFGS-B,4682,1.513381e-09,0.00088714686,7.851355e-08,2.0875508e-05
L-BFGS-B,4683,1.5119362e-09,0.00088692864,7.8515875e-08,2.0873458e-05
L-BFGS-B,4684,1.5105559e-09,0.0008866675,7.8528984e-08,2.0872605e-05
L-BFGS-B,4685,1.5098974e-09,0.0008864998,7.852523e-08,2.0870266e-05
L-BFGS-B,4686,1.5095537e-09,0.0008863361,7.851953e-08,2.0867723e-05
L-BFGS-B,4687,1.5090763e-09,0.00088607764,7.851662e-08,2.086463e-05
L-BFGS-B,4688,1.5091602e-09,0.0008856368,7.851982e-08,2.0860714e-05
L-BFGS-B,4689,1.5099259e-09,0.00088531175,7.853003e-08,2.085911e-05
L-BFGS-B,4690,1.5117663e-09,0.0008855449,7.8519605e-08,2.0860156e-05
L-BFGS-B,4691,1.5104671e-09,0.0008850633,7.852475e-08,2.0855914e-05
L-BFGS-B,4692,1.5117677e-09,0.0008849589,7.852306e-08,2.0854812e-05
L-BFGS-B,4693,1.5106261e-09,0.00088470336,7.8525794e-08,2.0852498e-05
L-BFGS-B,4694,1.5102096e-09,0.0008845409,7.85272e-08,2.0851021e-05
L-BFGS-B,4695,1.5099146e-09,0.0008843273,7.8527556e-08,2.0848893e-05
L-BFGS-B,4696,1.5093848e-09,0.00088396185,7.852783e-08,2.08452e-05
L-BFGS-B,4697,1.5084952e-09,0.0008843299,7.854292e-08,2.085101e-05
L-BFGS-B,4698,1.5088808e-09,0.0008837799,7.853195e-08,2.0843923e-05
L-BFGS-B,4699,1.5066588e-09,0.0008832772,7.8520316e-08,2.0836818e-05
L-BFGS-B,4700,1.5057938e-09,0.00088276144,7.8519605e-08,2.0831423e-05
L-BFGS-B,4701,1.5027667e-09,0.00088234624,7.852758e-08,2.0828014e-05
L-BFGS-B,4702,1.5036394e-09,0.00088235334,7.850598e-08,2.0824975e-05
L-BFGS-B,4703,1.5036113e-09,0.0008822171,7.850351e-08,2.082324e-05
L-BFGS-B,4704,1.5031568e-09,0.0008820162,7.8505465e-08,2.0821455e-05
L-BFGS-B,4705,1.5033441e-09,0.0008819063,7.850336e-08,2.0820069e-05
L-BFGS-B,4706,1.5033396e-09,0.00088175514,7.849915e-08,2.0817924e-05
L-BFGS-B,4707,1.5027934e-09,0.0008815996,7.849893e-08,2.0816255e-05
L-BFGS-B,4708,1.5023612e-09,0.0008812909,7.850295e-08,2.0813706e-05
L-BFGS-B,4709,1.5046168e-09,0.00088116515,7.8517e-08,2.0814894e-05
L-BFGS-B,4710,1.5031029e-09,0.00088109716,7.850851e-08,2.0812715e-05
L-BFGS-B,4711,1.5022775e-09,0.0008807978,7.851703e-08,2.0810876e-05
L-BFGS-B,4712,1.5022894e-09,0.0008804685,7.852555e-08,2.0808862e-05
L-BFGS-B,4713,1.5022362e-09,0.0008803197,7.852774e-08,2.0807693e-05
L-BFGS-B,4714,1.5034843e-09,0.0008803071,7.852464e-08,2.080729e-05
L-BFGS-B,4715,1.5047352e-09,0.0008811092,7.854184e-08,2.0818079e-05
L-BFGS-B,4716,1.5034235e-09,0.00088013354,7.852849e-08,2.0806121e-05
L-BFGS-B,4717,1.5023798e-09,0.0008801417,7.852706e-08,2.0805834e-05
L-BFGS-B,4718,1.504229e-09,0.0008800248,7.853553e-08,2.0806212e-05
L-BFGS-B,4719,1.5031508e-09,0.00088000525,7.8530825e-08,2.080515e-05
L-BFGS-B,4720,1.5023088e-09,0.00088001206,7.8527385e-08,2.0804575e-05
L-BFGS-B,4721,1.5054452e-09,0.0008799414,7.853684e-08,2.0805757e-05
L-BFGS-B,4722,1.5033991e-09,0.0008798696,7.8530995e-08,2.0803855e-05
L-BFGS-B,4723,1.5034655e-09,0.0008797857,7.853181e-08,2.0803149e-05
L-BFGS-B,4724,1.5035562e-09,0.0008796161,7.853551e-08,2.0802021e-05
L-BFGS-B,4725,1.5038302e-09,0.0008795385,7.853632e-08,2.0801406e-05
L-BFGS-B,4726,1.5040201e-09,0.00087945384,7.8538406e-08,2.0800902e-05
L-BFGS-B,4727,1.5044032e-09,0.00087941706,7.853779e-08,2.08005e-05
L-BFGS-B,4728,1.5048802e-09,0.0008793256,7.8538825e-08,2.0799813e-05
L-BFGS-B,4729,1.5054479e-09,0.0008792374,7.853808e-08,2.0798903e-05
L-BFGS-B,4730,1.5058117e-09,0.00087932125,7.852972e-08,2.0798543e-05
L-BFGS-B,4731,1.5086851e-09,0.000879111,7.85419e-08,2.0798698e-05
L-BFGS-B,4732,1.5070966e-09,0.00087911094,7.85355e-08,2.0797499e-05
L-BFGS-B,4733,1.5066575e-09,0.0008790249,7.8537376e-08,2.0796855e-05
L-BFGS-B,4734,1.5064074e-09,0.000879007,7.8537084e-08,2.0796593e-05
L-BFGS-B,4735,1.5061499e-09,0.0008790078,7.8534114e-08,2.0796117e-05
L-BFGS-B,4736,1.5059319e-09,0.00087903056,7.8525304e-08,2.079499e-05
L-BFGS-B,4737,1.5061606e-09,0.0008790239,7.851912e-08,2.0794032e-05
L-BFGS-B,4738,1.5069324e-09,0.000879609,7.8489904e-08,2.0795615e-05
L-BFGS-B,4739,1.5063432e-09,0.0008791146,7.8510865e-08,2.0793726e-05
L-BFGS-B,4740,1.5240553e-09,0.0008906208,7.8559985e-08,2.0918815e-05
L-BFGS-B,4741,1.5064983e-09,0.00087909284,7.851203e-08,2.0793708e-05
L-BFGS-B,4742,1.5091391e-09,0.00087929534,7.850989e-08,2.0795807e-05
L-BFGS-B,4743,1.5070653e-09,0.00087905745,7.851144e-08,2.079335e-05
L-BFGS-B,4744,1.5069892e-09,0.0008790993,7.850654e-08,2.0793022e-05
L-BFGS-B,4745,1.5073753e-09,0.00087921036,7.851262e-08,2.0795102e-05
L-BFGS-B,4746,1.5070413e-09,0.0008790667,7.850781e-08,2.0792893e-05
L-BFGS-B,4747,1.5069695e-09,0.0008790592,7.850515e-08,2.079241e-05
L-BFGS-B,4748,1.5067401e-09,0.0008790502,7.850296e-08,2.0791957e-05
L-BFGS-B,4749,1.5071078e-09,0.00087902986,7.849939e-08,2.0791273e-05
L-BFGS-B,4750,1.5071341e-09,0.00087919965,7.853239e-08,2.0797925e-05
L-BFGS-B,4751,1.5069408e-09,0.0008788832,7.8505835e-08,2.0790749e-05
L-BFGS-B,4752,1.5072553e-09,0.00087883865,7.850434e-08,2.0790127e-05
L-BFGS-B,4753,1.5078784e-09,0.00087876566,7.850597e-08,2.0789732e-05
L-BFGS-B,4754,1.5142729e-09,0.0008848071,7.849766e-08,2.084986e-05
L-BFGS-B,4755,1.5079171e-09,0.00087876787,7.8505565e-08,2.0789701e-05
L-BFGS-B,4756,1.5080993e-09,0.00087873277,7.850687e-08,2.0789574e-05
L-BFGS-B,4757,1.5083695e-09,0.0008786549,7.850875e-08,2.0789115e-05
L-BFGS-B,4758,1.5082713e-09,0.00087862724,7.8507924e-08,2.07887e-05
L-BFGS-B,4759,1.5082412e-09,0.00087859936,7.850453e-08,2.078791e-05
L-BFGS-B,4760,1.5086957e-09,0.0008786895,7.8494594e-08,2.0787389e-05
L-BFGS-B,4761,1.5095528e-09,0.00087963813,7.847989e-08,2.0794798e-05
L-BFGS-B,4762,1.5086503e-09,0.00087867747,7.8491375e-08,2.0786778e-05
L-BFGS-B,4763,1.5056391e-09,0.00088083354,7.845396e-08,2.0802276e-05
L-BFGS-B,4764,1.5083492e-09,0.000878723,7.84885e-08,2.0786756e-05
L-BFGS-B,4765,1.5101002e-09,0.00087859144,7.8497976e-08,2.0787127e-05
L-BFGS-B,4766,1.509018e-09,0.0008785895,7.849249e-08,2.0786121e-05
L-BFGS-B,4767,1.5091047e-09,0.00087855407,7.849181e-08,2.0785677e-05
L-BFGS-B,4768,1.5089011e-09,0.00087852747,7.849015e-08,2.0785132e-05
L-BFGS-B,4769,1.5087611e-09,0.0008784821,7.8489684e-08,2.0784588e-05
L-BFGS-B,4770,1.5083453e-09,0.00087841024,7.848936e-08,2.0783758e-05
L-BFGS-B,4771,1.5081993e-09,0.00087833806,7.8494125e-08,2.078373e-05
L-BFGS-B,4772,1.508232e-09,0.0008783358,7.849173e-08,2.0783353e-05
L-BFGS-B,4773,1.5077104e-09,0.000878256,7.84935e-08,2.0782742e-05
L-BFGS-B,4774,1.5073854e-09,0.00087815686,7.849606e-08,2.0782085e-05
L-BFGS-B,4775,1.5074798e-09,0.0008781319,7.849575e-08,2.0781805e-05
L-BFGS-B,4776,1.5083943e-09,0.000878384,7.850693e-08,2.0786138e-05
L-BFGS-B,4777,1.5075265e-09,0.0008781042,7.8497166e-08,2.0781745e-05
L-BFGS-B,4778,1.5075116e-09,0.000878299,7.848673e-08,2.0782125e-05
L-BFGS-B,4779,1.5074858e-09,0.00087813777,7.84937e-08,2.0781556e-05
L-BFGS-B,4780,1.5078291e-09,0.00087812304,7.849246e-08,2.0781274e-05
L-BFGS-B,4781,1.5085879e-09,0.00087808416,7.8490565e-08,2.0780713e-05
L-BFGS-B,4782,1.5088606e-09,0.00087805506,7.8489734e-08,2.0780339e-05
L-BFGS-B,4783,1.5091913e-09,0.00087797444,7.849075e-08,2.0779735e-05
L-BFGS-B,4784,1.5091128e-09,0.0008778737,7.849225e-08,2.0778942e-05
L-BFGS-B,4785,1.5087429e-09,0.00087764574,7.8497635e-08,2.0777414e-05
L-BFGS-B,4786,1.5082875e-09,0.0008775572,7.8497855e-08,2.0776493e-05
L-BFGS-B,4787,1.5077152e-09,0.0008774905,7.850062e-08,2.0776155e-05
L-BFGS-B,4788,1.5079108e-09,0.0008777633,7.849252e-08,2.0777698e-05
L-BFGS-B,4789,1.5077425e-09,0.0008775033,7.8498424e-08,2.0775959e-05
L-BFGS-B,4790,1.5082084e-09,0.0008775072,7.849617e-08,2.077573e-05
L-BFGS-B,4791,1.5081972e-09,0.0008774662,7.849663e-08,2.0775387e-05
L-BFGS-B,4792,1.507908e-09,0.0008774172,7.8499696e-08,2.0775311e-05
L-BFGS-B,4793,1.5076909e-09,0.00087740674,7.849986e-08,2.07752e-05
L-BFGS-B,4794,1.5073656e-09,0.00087739277,7.850009e-08,2.0775045e-05
L-BFGS-B,4795,1.5070813e-09,0.0008773857,7.8499866e-08,2.07749e-05
L-BFGS-B,4796,1.5068439e-09,0.00087740144,7.8498054e-08,2.077475e-05
L-BFGS-B,4797,1.5076138e-09,0.000877414,7.8500285e-08,2.0775326e-05
L-BFGS-B,4798,1.5070242e-09,0.00087736995,7.8498616e-08,2.0774545e-05
L-BFGS-B,4799,1.5068861e-09,0.00087741035,7.849429e-08,2.077428e-05
L-BFGS-B,4800,1.5070395e-09,0.00087740074,7.849193e-08,2.0773852e-05
L-BFGS-B,4801,1.5076385e-09,0.00087733904,7.848921e-08,2.0772917e-05
L-BFGS-B,4802,1.5081615e-09,0.0008772536,7.848925e-08,2.0772148e-05
L-BFGS-B,4803,1.5091709e-09,0.00087704597,7.849084e-08,2.0770462e-05
L-BFGS-B,4804,1.5099426e-09,0.0008767593,7.849267e-08,2.0767984e-05
L-BFGS-B,4805,1.5248753e-09,0.0008794037,7.850439e-08,2.0798427e-05
L-BFGS-B,4806,1.5114826e-09,0.0008766531,7.849373e-08,2.0767313e-05
L-BFGS-B,4807,1.5119896e-09,0.00087596365,7.85022e-08,2.0761765e-05
L-BFGS-B,4808,1.5118835e-09,0.00087496947,7.851073e-08,2.0753087e-05
L-BFGS-B,4809,1.5105831e-09,0.0008743442,7.852444e-08,2.0748696e-05
L-BFGS-B,4810,1.5109498e-09,0.0008741421,7.8515484e-08,2.0745385e-05
L-BFGS-B,4811,1.5178909e-09,0.00088424317,7.855722e-08,2.0853699e-05
L-BFGS-B,4812,1.5087723e-09,0.00087244174,7.852351e-08,2.072926e-05
L-BFGS-B,4813,1.5037979e-09,0.00087107555,7.8526334e-08,2.0715275e-05
L-BFGS-B,4814,1.5043552e-09,0.0008697577,7.848779e-08,2.0696398e-05
L-BFGS-B,4815,1.5270277e-09,0.0008869797,7.8396305e-08,2.0858297e-05
L-BFGS-B,4816,1.5047378e-09,0.00086889794,7.846547e-08,2.068451e-05
L-BFGS-B,4817,1.5022785e-09,0.000867763,7.844023e-08,2.0669006e-05
L-BFGS-B,4818,1.5034837e-09,0.00086667424,7.843493e-08,2.0657506e-05
L-BFGS-B,4819,1.5025862e-09,0.0008666423,7.844171e-08,2.0658066e-05
L-BFGS-B,4820,1.502173e-09,0.00086575735,7.8437964e-08,2.0648595e-05
L-BFGS-B,4821,1.4988134e-09,0.0008669751,7.8384886e-08,2.0652305e-05
L-BFGS-B,4822,1.499972e-09,0.00086552085,7.841443e-08,2.0642368e-05
L-BFGS-B,4823,1.4996886e-09,0.0008644905,7.8424755e-08,2.0633572e-05
L-BFGS-B,4824,1.4971314e-09,0.0008637189,7.841226e-08,2.0623598e-05
L-BFGS-B,4825,1.4988057e-09,0.00086319784,7.8420996e-08,2.0619947e-05
L-BFGS-B,4826,1.4982279e-09,0.00086268,7.842532e-08,2.0615333e-05
L-BFGS-B,4827,1.4981695e-09,0.0008623788,7.84246e-08,2.0612202e-05
L-BFGS-B,4828,1.497609e-09,0.0008618712,7.843065e-08,2.0607951e-05
L-BFGS-B,4829,1.4979259e-09,0.00086093607,7.845106e-08,2.0601708e-05
L-BFGS-B,4830,1.4977656e-09,0.00086075976,7.84508e-08,2.0599884e-05
L-BFGS-B,4831,1.4982728e-09,0.0008603799,7.8452125e-08,2.0596359e-05
L-BFGS-B,4832,1.503912e-09,0.00086289924,7.84715e-08,2.0625303e-05
L-BFGS-B,4833,1.4985411e-09,0.0008603088,7.8454086e-08,2.059598e-05
L-BFGS-B,4834,1.499602e-09,0.00085996784,7.84618e-08,2.0593889e-05
L-BFGS-B,4835,1.5007364e-09,0.00085967703,7.84654e-08,2.0591691e-05
L-BFGS-B,4836,1.5016157e-09,0.0008592134,7.847609e-08,2.058879e-05
L-BFGS-B,4837,1.501837e-09,0.00085877907,7.8495674e-08,2.0587417e-05
L-BFGS-B,4838,1.5012609e-09,0.0008585342,7.8485265e-08,2.058332e-05
L-BFGS-B,4839,1.5011433e-09,0.0008584424,7.847646e-08,2.0581065e-05
L-BFGS-B,4840,1.5018664e-09,0.00085830584,7.8468474e-08,2.057861e-05
L-BFGS-B,4841,1.5027846e-09,0.0008580896,7.8467394e-08,2.0576423e-05
L-BFGS-B,4842,1.5032016e-09,0.00085775746,7.846561e-08,2.0572897e-05
L-BFGS-B,4843,1.5047434e-09,0.0008573208,7.8479104e-08,2.0570784e-05
L-BFGS-B,4844,1.9665796e-09,0.0013325881,7.860667e-08,2.5411868e-05
L-BFGS-B,4845,1.5058179e-09,0.0008583225,7.847528e-08,2.058039e-05
L-BFGS-B,4846,1.5045657e-09,0.000857109,7.847703e-08,2.0568328e-05
L-BFGS-B,4847,1.503771e-09,0.0008570016,7.8469036e-08,2.0565938e-05
L-BFGS-B,4848,1.5026684e-09,0.00085701543,7.8456914e-08,2.056409e-05
L-BFGS-B,4849,1.5027498e-09,0.00085685286,7.84513e-08,2.0561638e-05
L-BFGS-B,4850,1.5025886e-09,0.00085667835,7.844694e-08,2.0559211e-05
L-BFGS-B,4851,1.5034685e-09,0.00085658126,7.8434944e-08,2.0556574e-05
L-BFGS-B,4852,1.5020079e-09,0.00085649994,7.842984e-08,2.0554777e-05
L-BFGS-B,4853,1.5417432e-09,0.0008916109,7.8401236e-08,2.0907557e-05
L-BFGS-B,4854,1.5024115e-09,0.00085645355,7.8426915e-08,2.0553935e-05
L-BFGS-B,4855,1.5021142e-09,0.00085630093,7.842499e-08,2.0552074e-05
L-BFGS-B,4856,1.5013206e-09,0.0008559388,7.843142e-08,2.05493e-05
L-BFGS-B,4857,1.5014257e-09,0.0008557004,7.8434105e-08,2.0547333e-05
L-BFGS-B,4858,1.5014964e-09,0.0008554319,7.8436926e-08,2.0545081e-05
L-BFGS-B,4859,1.5021105e-09,0.00085529155,7.8433935e-08,2.0543323e-05
L-BFGS-B,4860,1.5019008e-09,0.0008552948,7.842622e-08,2.0542167e-05
L-BFGS-B,4861,1.5014988e-09,0.0008552553,7.841971e-08,2.0540734e-05
L-BFGS-B,4862,1.5017548e-09,0.00085518544,7.841559e-08,2.0539457e-05
L-BFGS-B,4863,1.501518e-09,0.00085508486,7.8413684e-08,2.053813e-05
L-BFGS-B,4864,1.5009497e-09,0.0008548624,7.841959e-08,2.0536705e-05
L-BFGS-B,4865,1.4999746e-09,0.00085448066,7.843783e-08,2.0535477e-05
L-BFGS-B,4866,1.5004514e-09,0.00085438276,7.8437665e-08,2.0534546e-05
L-BFGS-B,4867,1.5002297e-09,0.00085433736,7.843447e-08,2.0533578e-05
L-BFGS-B,4868,1.4995061e-09,0.0008542913,7.842809e-08,2.0532052e-05
L-BFGS-B,4869,1.4989634e-09,0.00085419154,7.842581e-08,2.0530631e-05
L-BFGS-B,4870,1.4982506e-09,0.000854055,7.842103e-08,2.0528441e-05
L-BFGS-B,4871,1.5777484e-09,0.0009339799,7.860088e-08,2.1366594e-05
L-BFGS-B,4872,1.4981455e-09,0.0008539526,7.842484e-08,2.0527974e-05
L-BFGS-B,4873,1.4979296e-09,0.0008537325,7.842021e-08,2.0525045e-05
L-BFGS-B,4874,1.4991889e-09,0.000853327,7.8426375e-08,2.0522104e-05
L-BFGS-B,4875,1.4984084e-09,0.00085299544,7.8429935e-08,2.0519206e-05
L-BFGS-B,4876,1.498505e-09,0.00085258816,7.843184e-08,2.0515434e-05
L-BFGS-B,4877,1.4994905e-09,0.00085218967,7.843441e-08,2.0511981e-05
L-BFGS-B,4878,1.4988638e-09,0.0008520345,7.8432834e-08,2.0510099e-05
L-BFGS-B,4879,1.4984289e-09,0.0008519651,7.8428386e-08,2.0508673e-05
L-BFGS-B,4880,1.4971979e-09,0.00085186557,7.8419916e-08,2.0506222e-05
L-BFGS-B,4881,1.4967493e-09,0.000851687,7.8417834e-08,2.0504056e-05
L-BFGS-B,4882,1.493568e-09,0.00085203623,7.839802e-08,2.05041e-05
L-BFGS-B,4883,1.4950413e-09,0.00085171993,7.84079e-08,2.050264e-05
L-BFGS-B,4884,1.4951894e-09,0.0008514066,7.8414445e-08,2.050051e-05
L-BFGS-B,4885,1.4960235e-09,0.00085108593,7.842217e-08,2.0498588e-05
L-BFGS-B,4886,1.4959847e-09,0.0008508015,7.8431334e-08,2.0497113e-05
L-BFGS-B,4887,1.4962478e-09,0.0008505294,7.843369e-08,2.0494786e-05
L-BFGS-B,4888,1.4962157e-09,0.0008502674,7.843323e-08,2.049209e-05
L-BFGS-B,4889,1.4961998e-09,0.00085008965,7.842863e-08,2.048962e-05
L-BFGS-B,4890,1.4964707e-09,0.0008500746,7.842444e-08,2.0488882e-05
L-BFGS-B,4891,1.4970282e-09,0.00084986584,7.8431384e-08,2.0487922e-05
L-BFGS-B,4892,1.4983467e-09,0.0008496384,7.843843e-08,2.04869e-05
L-BFGS-B,4893,1.4968475e-09,0.00084960315,7.8438596e-08,2.0486346e-05
L-BFGS-B,4894,1.4974746e-09,0.00084950967,7.8440436e-08,2.0485782e-05
L-BFGS-B,4895,1.4976287e-09,0.0008494843,7.843987e-08,2.0485466e-05
L-BFGS-B,4896,1.498373e-09,0.00084940216,7.844091e-08,2.0484913e-05
L-BFGS-B,4897,1.4971956e-09,0.0008493177,7.84347e-08,2.0482963e-05
L-BFGS-B,4898,1.4958715e-09,0.0008491528,7.843662e-08,2.0481402e-05
L-BFGS-B,4899,1.4952298e-09,0.0008490443,7.843388e-08,2.0479809e-05
L-BFGS-B,4900,1.4948772e-09,0.0008489132,7.8427675e-08,2.0477513e-05
L-BFGS-B,4901,1.4951143e-09,0.00084888545,7.8414054e-08,2.0475229e-05
L-BFGS-B,4902,1.4964117e-09,0.0008490434,7.84044e-08,2.0475556e-05
L-BFGS-B,4903,1.4956515e-09,0.0008488628,7.840954e-08,2.0474406e-05
L-BFGS-B,4904,1.4948914e-09,0.0008487278,7.84048e-08,2.0472233e-05
L-BFGS-B,4905,1.4944487e-09,0.0008485707,7.840208e-08,2.0470186e-05
L-BFGS-B,4906,1.4941559e-09,0.0008484051,7.840232e-08,2.0468524e-05
L-BFGS-B,4907,1.4943417e-09,0.00084824685,7.840188e-08,2.0466901e-05
L-BFGS-B,4908,1.4942968e-09,0.0008483029,7.840001e-08,2.0467174e-05
L-BFGS-B,4909,1.4941839e-09,0.0008481513,7.840084e-08,2.0465766e-05
L-BFGS-B,4910,1.4943593e-09,0.0008480359,7.8396305e-08,2.0463958e-05
L-BFGS-B,4911,1.4945644e-09,0.00084790913,7.8392134e-08,2.0462096e-05
L-BFGS-B,4912,1.4947082e-09,0.0008477021,7.839589e-08,2.0460611e-05
L-BFGS-B,4913,1.495787e-09,0.00084776426,7.841003e-08,2.0463514e-05
L-BFGS-B,4914,1.4948839e-09,0.00084763026,7.839867e-08,2.0460335e-05
L-BFGS-B,4915,1.494919e-09,0.00084753963,7.8401236e-08,2.045982e-05
L-BFGS-B,4916,1.4950734e-09,0.00084745407,7.840146e-08,2.0459021e-05
L-BFGS-B,4917,1.4951752e-09,0.00084732316,7.840528e-08,2.0458298e-05
L-BFGS-B,4918,1.4955596e-09,0.00084726966,7.8405485e-08,2.0457854e-05
L-BFGS-B,4919,1.495992e-09,0.00084719365,7.840372e-08,2.0456893e-05
L-BFGS-B,4920,1.4964902e-09,0.0008470674,7.840274e-08,2.0455558e-05
L-BFGS-B,4921,1.4966698e-09,0.0008469154,7.839998e-08,2.0453652e-05
L-BFGS-B,4922,1.5277477e-09,0.0008839592,7.849438e-08,2.0842912e-05
L-BFGS-B,4923,1.4967221e-09,0.0008468824,7.840098e-08,2.0453479e-05
L-BFGS-B,4924,1.4965208e-09,0.0008467282,7.840013e-08,2.0451778e-05
L-BFGS-B,4925,1.495531e-09,0.0008465562,7.840036e-08,2.0449945e-05
L-BFGS-B,4926,1.4955144e-09,0.0008463197,7.8395146e-08,2.0446794e-05
L-BFGS-B,4927,1.4958604e-09,0.0008460312,7.839622e-08,2.0444124e-05
L-BFGS-B,4928,1.4957974e-09,0.0008455577,7.840644e-08,2.0440912e-05
L-BFGS-B,4929,1.4963814e-09,0.00084516674,7.841316e-08,2.0438098e-05
L-BFGS-B,4930,1.4973948e-09,0.00084477424,7.842401e-08,2.0435953e-05
L-BFGS-B,4931,1.4974019e-09,0.00084439106,7.843538e-08,2.0433828e-05
L-BFGS-B,4932,1.497029e-09,0.0008442967,7.843224e-08,2.0432355e-05
L-BFGS-B,4933,1.496656e-09,0.0008442441,7.8429366e-08,2.0431344e-05
L-BFGS-B,4934,1.4949086e-09,0.0008447347,7.841471e-08,2.0433788e-05
L-BFGS-B,4935,1.4961731e-09,0.0008442815,7.842594e-08,2.0431133e-05
L-BFGS-B,4936,1.4989521e-09,0.0008464516,7.841579e-08,2.0451727e-05
L-BFGS-B,4937,1.4963101e-09,0.0008441632,7.842293e-08,2.0429517e-05
L-BFGS-B,4938,1.4963768e-09,0.00084390794,7.8421e-08,2.0426687e-05
L-BFGS-B,4939,1.4959789e-09,0.0008433,7.84112e-08,2.0419076e-05
L-BFGS-B,4940,1.4959289e-09,0.0008427796,7.841039e-08,2.0413743e-05
L-BFGS-B,4941,1.496358e-09,0.0008425619,7.840067e-08,2.0410173e-05
L-BFGS-B,4942,1.496005e-09,0.0008435896,7.842307e-08,2.0423759e-05
L-BFGS-B,4943,1.4957816e-09,0.00084220845,7.840616e-08,2.0407377e-05
L-BFGS-B,4944,1.4950576e-09,0.00084181596,7.841232e-08,2.0404266e-05
L-BFGS-B,4945,1.49414e-09,0.0008412231,7.842376e-08,2.0399915e-05
L-BFGS-B,4946,1.4920535e-09,0.0008410192,7.8418104e-08,2.0396717e-05
L-BFGS-B,4947,1.4910817e-09,0.000840733,7.842037e-08,2.0394047e-05
L-BFGS-B,4948,1.4921726e-09,0.00084003416,7.843294e-08,2.0389107e-05
L-BFGS-B,4949,1.4908953e-09,0.00083974074,7.843169e-08,2.0385796e-05
L-BFGS-B,4950,1.4890915e-09,0.00083951413,7.842994e-08,2.0382995e-05
L-BFGS-B,4951,1.4891313e-09,0.0008393007,7.8436315e-08,2.0381824e-05
L-BFGS-B,4952,1.4893307e-09,0.00083891227,7.844673e-08,2.0379532e-05
L-BFGS-B,4953,1.489539e-09,0.00083890796,7.844214e-08,2.0378831e-05
L-BFGS-B,4954,1.4887823e-09,0.00083874166,7.8444636e-08,2.0377429e-05
L-BFGS-B,4955,1.4874681e-09,0.0008385615,7.844123e-08,2.0374919e-05
L-BFGS-B,4956,1.4860786e-09,0.00083844044,7.8449325e-08,2.0374715e-05
L-BFGS-B,4957,1.4867594e-09,0.0008384382,7.844506e-08,2.0374155e-05
L-BFGS-B,4958,1.4862377e-09,0.0008384283,7.8436315e-08,2.0372667e-05
L-BFGS-B,4959,1.4854342e-09,0.0008384779,7.842157e-08,2.037083e-05
L-BFGS-B,4960,1.4853393e-09,0.00083839305,7.8418076e-08,2.0369444e-05
L-BFGS-B,4961,1.484891e-09,0.00083821913,7.842333e-08,2.0368425e-05
L-BFGS-B,4962,1.4840736e-09,0.00083796016,7.8432265e-08,2.0367052e-05
L-BFGS-B,4963,1.4838213e-09,0.0008378087,7.8436024e-08,2.0366064e-05
L-BFGS-B,4964,1.4856384e-09,0.0008373434,7.845913e-08,2.036515e-05
L-BFGS-B,4965,1.4825517e-09,0.00083772885,7.8454725e-08,2.036788e-05
L-BFGS-B,4966,1.4841328e-09,0.0008371486,7.8456544e-08,2.0362586e-05
L-BFGS-B,4967,1.4850846e-09,0.00083717954,7.8443e-08,2.0361007e-05
L-BFGS-B,4968,1.4844038e-09,0.0008368212,7.8444586e-08,2.035756e-05
L-BFGS-B,4969,1.4837844e-09,0.0008364808,7.844837e-08,2.0354633e-05
L-BFGS-B,4970,1.4838109e-09,0.00083617383,7.844578e-08,2.0351177e-05
L-BFGS-B,4971,1.4838254e-09,0.0008353711,7.844825e-08,2.0343523e-05
L-BFGS-B,4972,1.4838424e-09,0.00083513313,7.8445225e-08,2.0340693e-05
L-BFGS-B,4973,1.4819806e-09,0.00083535246,7.8453105e-08,2.0343787e-05
L-BFGS-B,4974,1.4827294e-09,0.00083479856,7.844789e-08,2.0337578e-05
L-BFGS-B,4975,1.4825517e-09,0.00083450164,7.845486e-08,2.0335629e-05
L-BFGS-B,4976,1.4814807e-09,0.00083422504,7.84499e-08,2.0331958e-05
L-BFGS-B,4977,1.4797209e-09,0.000834064,7.844106e-08,2.0328756e-05
L-BFGS-B,4978,1.476565e-09,0.00083439937,7.842302e-08,2.0328931e-05
L-BFGS-B,4979,1.4780288e-09,0.0008340475,7.843213e-08,2.0327e-05
L-BFGS-B,4980,1.4780238e-09,0.00083399046,7.8415326e-08,2.0323907e-05
L-BFGS-B,4981,1.4778124e-09,0.0008338128,7.841493e-08,2.032204e-05
L-BFGS-B,4982,1.4782718e-09,0.0008336672,7.841382e-08,2.0320485e-05
L-BFGS-B,4983,1.4788311e-09,0.0008335592,7.8412505e-08,2.0319292e-05
L-BFGS-B,4984,1.4792756e-09,0.0008334481,7.841001e-08,2.0317873e-05
L-BFGS-B,4985,1.4794006e-09,0.00083332555,7.840764e-08,2.031631e-05
L-BFGS-B,4986,1.4795964e-09,0.0008332511,7.8392276e-08,2.0313291e-05
L-BFGS-B,4987,1.4796211e-09,0.0008329569,7.8386634e-08,2.0309508e-05
L-BFGS-B,4988,1.4849287e-09,0.000832795,7.8385966e-08,2.0308584e-05
L-BFGS-B,4989,1.485523e-09,0.0008324357,7.837995e-08,2.0304178e-05
L-BFGS-B,4990,1.4810517e-09,0.00083246233,7.839112e-08,2.0305448e-05
L-BFGS-B,4991,1.4832625e-09,0.0008321131,7.838485e-08,2.0301348e-05
L-BFGS-B,4992,1.4816236e-09,0.0008318185,7.8376665e-08,2.0296928e-05
L-BFGS-B,4993,1.4807898e-09,0.0008312719,7.837071e-08,2.0290445e-05
L-BFGS-B,4994,1.4817003e-09,0.0008306453,7.835025e-08,2.0281244e-05
L-BFGS-B,4995,1.4795192e-09,0.0008299968,7.834916e-08,2.027427e-05
L-BFGS-B,4996,1.479726e-09,0.0008296405,7.834826e-08,2.0270601e-05
L-BFGS-B,4997,1.4805828e-09,0.0008292196,7.835168e-08,2.0267036e-05
L-BFGS-B,4998,1.4821281e-09,0.0008292011,7.8344726e-08,2.026604e-05
L-BFGS-B,4999,1.4806939e-09,0.0008288701,7.834653e-08,2.0262785e-05
L-BFGS-B,5000,1.4796943e-09,0.000828666,7.834991e-08,2.02611e-05
L-BFGS-B,5001,1.4797664e-09,0.00082850666,7.8349e-08,2.025938e-05
L-BFGS-B,5002,1.4790992e-09,0.0008283722,7.834508e-08,2.0257348e-05
L-BFGS-B,5003,1.4791067e-09,0.0008279213,7.835567e-08,2.0254429e-05
L-BFGS-B,5004,1.478825e-09,0.00082767324,7.835576e-08,2.025192e-05
L-BFGS-B,5005,1.4775274e-09,0.0008272965,7.835697e-08,2.0248139e-05
L-BFGS-B,5006,1.4770389e-09,0.00082727015,7.834876e-08,2.024657e-05
L-BFGS-B,5007,1.4765276e-09,0.00082703773,7.834926e-08,2.0244246e-05
L-BFGS-B,5008,1.4754818e-09,0.00082695077,7.834503e-08,2.0242584e-05
L-BFGS-B,5009,1.4750846e-09,0.0008269687,7.8340115e-08,2.0241967e-05
L-BFGS-B,5010,1.4746285e-09,0.0008269278,7.8339944e-08,2.0241463e-05
L-BFGS-B,5011,1.4746638e-09,0.00082679186,7.834631e-08,2.0241065e-05
L-BFGS-B,5012,1.473481e-09,0.0008267885,7.835059e-08,2.0241494e-05
L-BFGS-B,5013,1.4741669e-09,0.0008267432,7.834795e-08,2.024075e-05
L-BFGS-B,5014,1.47428e-09,0.00082672015,7.8346744e-08,2.0240353e-05
L-BFGS-B,5015,1.4742518e-09,0.0008267126,7.834354e-08,2.0239795e-05
L-BFGS-B,5016,1.4736162e-09,0.0008266484,7.834385e-08,2.0239104e-05
L-BFGS-B,5017,1.4739284e-09,0.00082659617,7.834094e-08,2.0238193e-05
L-BFGS-B,5018,1.4740689e-09,0.0008264766,7.834355e-08,2.0237407e-05
L-BFGS-B,5019,1.4734207e-09,0.0008265143,7.834012e-08,2.0237174e-05
L-BFGS-B,5020,1.4734233e-09,0.0008264807,7.834036e-08,2.0236876e-05
L-BFGS-B,5021,1.4732501e-09,0.0008264472,7.833924e-08,2.0236344e-05
L-BFGS-B,5022,1.4732138e-09,0.00082644226,7.833709e-08,2.0235968e-05
L-BFGS-B,5023,1.4730838e-09,0.0008264202,7.833416e-08,2.023529e-05
L-BFGS-B,5024,1.4770399e-09,0.00082870224,7.834531e-08,2.0260373e-05
L-BFGS-B,5025,1.4732064e-09,0.0008263992,7.8334594e-08,2.0235162e-05
L-BFGS-B,5026,1.4732903e-09,0.0008263724,7.832987e-08,2.0234198e-05
L-BFGS-B,5027,1.4732274e-09,0.0008262915,7.832675e-08,2.0232912e-05
L-BFGS-B,5028,1.4728334e-09,0.00082612014,7.8328064e-08,2.0231337e-05
L-BFGS-B,5029,1.4728997e-09,0.00082610146,7.832068e-08,2.023005e-05
L-BFGS-B,5030,1.4726149e-09,0.0008260198,7.832001e-08,2.022909e-05
L-BFGS-B,5031,1.4723386e-09,0.0008259168,7.831621e-08,2.022745e-05
L-BFGS-B,5032,1.4723088e-09,0.0008257505,7.831449e-08,2.0225525e-05
L-BFGS-B,5033,1.4728913e-09,0.00082553003,7.8311686e-08,2.0222986e-05
L-BFGS-B,5034,1.4737223e-09,0.00082532555,7.831085e-08,2.0220941e-05
L-BFGS-B,5035,1.4746206e-09,0.000825256,7.8309284e-08,2.0220145e-05
L-BFGS-B,5036,1.474743e-09,0.00082512805,7.831014e-08,2.0219013e-05
L-BFGS-B,5037,1.4751994e-09,0.00082491664,7.831477e-08,2.0217662e-05
L-BFGS-B,5038,1.476237e-09,0.00082474155,7.8318216e-08,2.0216583e-05
L-BFGS-B,5039,1.4770977e-09,0.0008245864,7.832208e-08,2.021574e-05
L-BFGS-B,5040,1.564568e-09,0.0008945102,7.829292e-08,2.0923724e-05
L-BFGS-B,5041,1.4772688e-09,0.00082458346,7.8321335e-08,2.0215626e-05
L-BFGS-B,5042,1.4774533e-09,0.0008243386,7.833073e-08,2.0214613e-05
L-BFGS-B,5043,1.4765755e-09,0.00082421245,7.8332185e-08,2.0213438e-05
L-BFGS-B,5044,1.4758755e-09,0.0008241513,7.8334004e-08,2.0212994e-05
L-BFGS-B,5045,1.4773748e-09,0.0008241766,7.833896e-08,2.0214215e-05
L-BFGS-B,5046,1.4761856e-09,0.0008241128,7.833512e-08,2.0212823e-05
L-BFGS-B,5047,1.4758227e-09,0.0008240353,7.8338076e-08,2.021244e-05
L-BFGS-B,5048,1.4757936e-09,0.0008239734,7.833908e-08,2.0211965e-05
L-BFGS-B,5049,1.4758629e-09,0.00082395034,7.833778e-08,2.021155e-05
L-BFGS-B,5050,1.4760346e-09,0.00082397484,7.833415e-08,2.0211277e-05
L-BFGS-B,5051,1.4758966e-09,0.00082398794,7.832988e-08,2.0210748e-05
L-BFGS-B,5052,1.4758609e-09,0.0008239968,7.832728e-08,2.0210438e-05
L-BFGS-B,5053,1.4757309e-09,0.00082397874,7.83272e-08,2.0210227e-05
L-BFGS-B,5054,1.4755376e-09,0.0008240416,7.832354e-08,2.0210278e-05
L-BFGS-B,5055,1.4756284e-09,0.0008239911,7.832552e-08,2.0210084e-05
L-BFGS-B,5056,1.4756039e-09,0.00082399073,7.832577e-08,2.0210115e-05
L-BFGS-B,5057,1.475618e-09,0.00082397927,7.83256e-08,2.0209976e-05
L-BFGS-B,5058,1.4754636e-09,0.0008239064,7.832795e-08,2.0209576e-05
L-BFGS-B,5059,1.4755831e-09,0.00082382513,7.833432e-08,2.0209736e-05
L-BFGS-B,5060,1.4754451e-09,0.00082382193,7.83308e-08,2.0209156e-05
L-BFGS-B,5061,1.4749166e-09,0.00082377245,7.833109e-08,2.0208627e-05
L-BFGS-B,5062,1.47424e-09,0.00082366157,7.8330395e-08,2.0207312e-05
L-BFGS-B,5063,1.4740588e-09,0.0008235458,7.832895e-08,2.020591e-05
L-BFGS-B,5064,1.4747132e-09,0.0008234662,7.832626e-08,2.0204809e-05
L-BFGS-B,5065,1.496935e-09,0.00083677575,7.8372956e-08,2.0348241e-05
L-BFGS-B,5066,1.4751341e-09,0.0008234031,7.832791e-08,2.0204487e-05
L-BFGS-B,5067,1.4754434e-09,0.0008233646,7.8325506e-08,2.0203788e-05
L-BFGS-B,5068,1.475965e-09,0.00082334015,7.832224e-08,2.0203131e-05
L-BFGS-B,5069,1.476272e-09,0.0008233043,7.832156e-08,2.0202719e-05
L-BFGS-B,5070,1.4764703e-09,0.00082320796,7.8322735e-08,2.020196e-05
L-BFGS-B,5071,1.4865417e-09,0.0008293001,7.832927e-08,2.0265372e-05
L-BFGS-B,5072,1.4766254e-09,0.0008231851,7.832271e-08,2.020175e-05
L-BFGS-B,5073,1.4764988e-09,0.0008230898,7.83253e-08,2.0201169e-05
L-BFGS-B,5074,1.4761311e-09,0.0008230161,7.832867e-08,2.0200881e-05
L-BFGS-B,5075,1.475909e-09,0.0008229848,7.832956e-08,2.0200669e-05
L-BFGS-B,5076,1.47576e-09,0.00082295696,7.832995e-08,2.0200425e-05
L-BFGS-B,5077,1.4757772e-09,0.00082298025,7.83285e-08,2.0200443e-05
L-BFGS-B,5078,1.4757645e-09,0.00082296564,7.8329634e-08,2.0200467e-05
L-BFGS-B,5079,1.4757363e-09,0.00082296226,7.8329904e-08,2.0200468e-05
L-BFGS-B,5080,1.4757565e-09,0.0008229561,7.832995e-08,2.0200416e-05
L-BFGS-B,5081,1.4757565e-09,0.0008229561,7.832995e-08,2.0200416e-05
L-BFGS-B,5082,1.4757595e-09,0.0008229651,7.832993e-08,2.0200505e-05
L-BFGS-B,5083,1.4757534e-09,0.00082295644,7.8329954e-08,2.020042e-05
L-BFGS-B,5084,1.4757565e-09,0.0008229561,7.832995e-08,2.0200416e-05
L-BFGS-B,5085,1.4757565e-09,0.0008229561,7.832995e-08,2.0200416e-05
L-BFGS-B,5086,1.4757532e-09,0.0008229567,7.832995e-08,2.0200421e-05
L-BFGS-B,5087,1.4757565e-09,0.0008229561,7.832995e-08,2.0200416e-05
L-BFGS-B,5088,1.4760464e-09,0.0008240207,7.831068e-08,2.0208216e-05
L-BFGS-B,5089,1.4757262e-09,0.0008229915,7.832679e-08,2.0200292e-05
L-BFGS-B,5090,1.4760748e-09,0.00082296995,7.832625e-08,2.0200048e-05
L-BFGS-B,5091,1.4766106e-09,0.00082292437,7.8323524e-08,2.0199264e-05
L-BFGS-B,5092,1.4767819e-09,0.00082284876,7.83255e-08,2.019883e-05
L-BFGS-B,5093,1.4767538e-09,0.0008226984,7.832945e-08,2.0197913e-05
L-BFGS-B,5094,1.4764359e-09,0.00082259666,7.833182e-08,2.0197205e-05
L-BFGS-B,5095,1.4756608e-09,0.0008225737,7.832737e-08,2.0196192e-05
L-BFGS-B,5096,1.4753654e-09,0.00082242413,7.8339205e-08,2.0196427e-05
L-BFGS-B,5097,1.4754931e-09,0.0008224619,7.8332654e-08,2.0195841e-05
L-BFGS-B,5098,1.4740926e-09,0.0008242619,7.8313796e-08,2.0210802e-05
L-BFGS-B,5099,1.4751872e-09,0.0008224827,7.833001e-08,2.0195606e-05
L-BFGS-B,5100,1.4750658e-09,0.0008224814,7.8325606e-08,2.0194915e-05
L-BFGS-B,5101,1.4741798e-09,0.0008224986,7.831933e-08,2.0194013e-05
L-BFGS-B,5102,1.4744727e-09,0.0008224413,7.8317534e-08,2.0193214e-05
L-BFGS-B,5103,1.4744242e-09,0.00082238694,7.831699e-08,2.0192581e-05
L-BFGS-B,5104,1.4744004e-09,0.0008223537,7.8315885e-08,2.019208e-05
L-BFGS-B,5105,1.4745372e-09,0.0008222935,7.8314606e-08,2.0191306e-05
L-BFGS-B,5106,1.4751439e-09,0.0008222318,7.831369e-08,2.0190644e-05
L-BFGS-B,5107,1.4759601e-09,0.0008221241,7.831428e-08,2.0189776e-05
L-BFGS-B,5108,1.4757738e-09,0.0008218779,7.83235e-08,2.018867e-05
L-BFGS-B,5109,1.4783621e-09,0.0008231368,7.832895e-08,2.0202464e-05
L-BFGS-B,5110,1.4759116e-09,0.00082183233,7.832434e-08,2.0188361e-05
L-BFGS-B,5111,1.4763343e-09,0.0008217105,7.8324554e-08,2.0187239e-05
L-BFGS-B,5112,1.4767961e-09,0.000821425,7.8326885e-08,2.0184802e-05
L-BFGS-B,5113,1.4772461e-09,0.0008213098,7.832514e-08,2.0183455e-05
L-BFGS-B,5114,1.478336e-09,0.0008212401,7.831495e-08,2.0181393e-05
L-BFGS-B,5115,1.4771679e-09,0.00082118856,7.830882e-08,2.0179785e-05
L-BFGS-B,5116,1.475779e-09,0.00082116004,7.830388e-08,2.0178548e-05
L-BFGS-B,5117,1.4749738e-09,0.00082124595,7.829803e-08,2.017841e-05
L-BFGS-B,5118,1.4752846e-09,0.00082113524,7.830084e-08,2.0177771e-05
L-BFGS-B,5119,1.474668e-09,0.0008211376,7.829923e-08,2.017746e-05
L-BFGS-B,5120,1.4745042e-09,0.00082111487,7.8297234e-08,2.0176909e-05
L-BFGS-B,5121,1.4746541e-09,0.00082107953,7.829433e-08,2.0176143e-05
L-BFGS-B,5122,1.4757762e-09,0.00082151935,7.8291016e-08,2.0180212e-05
L-BFGS-B,5123,1.4747944e-09,0.00082106784,7.829362e-08,2.017594e-05
L-BFGS-B,5124,1.4759879e-09,0.0008211221,7.828799e-08,2.0175818e-05
L-BFGS-B,5125,1.4753572e-09,0.00082103955,7.8290576e-08,2.0175285e-05
L-BFGS-B,5126,1.4761701e-09,0.00082098413,7.828927e-08,2.0174657e-05
L-BFGS-B,5127,1.4773722e-09,0.0008208093,7.829103e-08,2.0173353e-05
L-BFGS-B,5128,1.478637e-09,0.00082071393,7.8289034e-08,2.017229e-05
L-BFGS-B,5129,1.4790097e-09,0.0008206692,7.8287336e-08,2.0171643e-05
L-BFGS-B,5130,1.479103e-09,0.00082067196,7.828318e-08,2.017106e-05
L-BFGS-B,5131,1.4785619e-09,0.0008207399,7.826855e-08,2.0169464e-05
L-BFGS-B,5132,1.4775126e-09,0.00082088186,7.825424e-08,2.016858e-05
L-BFGS-B,5133,1.4770262e-09,0.0008208528,7.8250636e-08,2.0167678e-05
L-BFGS-B,5134,1.4773438e-09,0.0008207616,7.8252064e-08,2.0167026e-05
L-BFGS-B,5135,1.4778164e-09,0.00082067645,7.825219e-08,2.0166266e-05
L-BFGS-B,5136,1.4768897e-09,0.0008207901,7.82474e-08,2.0166546e-05
L-BFGS-B,5137,1.4773931e-09,0.00082068885,7.825021e-08,2.016603e-05
L-BFGS-B,5138,1.477743e-09,0.00082059525,7.8252974e-08,2.016556e-05
L-BFGS-B,5139,1.4780817e-09,0.000820545,7.825139e-08,2.016487e-05
L-BFGS-B,5140,1.4782097e-09,0.00082056836,7.824689e-08,2.0164447e-05
L-BFGS-B,5141,1.4778047e-09,0.00082057534,7.824313e-08,2.0163894e-05
L-BFGS-B,5142,1.4774836e-09,0.0008205468,7.824098e-08,2.0163237e-05
L-BFGS-B,5143,1.4776901e-09,0.0008206058,7.8235324e-08,2.016301e-05
L-BFGS-B,5144,1.4779843e-09,0.0008204369,7.8240994e-08,2.0162215e-05
L-BFGS-B,5145,1.4781373e-09,0.00082038273,7.8240824e-08,2.0161671e-05
L-BFGS-B,5146,1.4788779e-09,0.00082045625,7.823145e-08,2.0161113e-05
L-BFGS-B,5147,1.4790752e-09,0.0008203741,7.8229924e-08,2.0160092e-05
L-BFGS-B,5148,1.4790319e-09,0.0008203505,7.822741e-08,2.015947e-05
L-BFGS-B,5149,1.4790857e-09,0.0008202709,7.822424e-08,2.0158208e-05
L-BFGS-B,5150,1.4789762e-09,0.0008201259,7.82252e-08,2.0156886e-05
L-BFGS-B,5151,1.4782991e-09,0.0008198117,7.823481e-08,2.0155083e-05
L-BFGS-B,5152,1.4781012e-09,0.0008195351,7.824206e-08,2.0153375e-05
L-BFGS-B,5153,1.4778863e-09,0.000819239,7.824873e-08,2.0151383e-05
L-BFGS-B,5154,1.4780738e-09,0.0008191145,7.8248426e-08,2.015012e-05
L-BFGS-B,5155,1.4786776e-09,0.0008190259,7.82404e-08,2.014812e-05
L-BFGS-B,5156,1.4789738e-09,0.00081889535,7.823643e-08,2.0146264e-05
L-BFGS-B,5157,1.4824528e-09,0.0008191272,7.821871e-08,2.0146446e-05
L-BFGS-B,5158,1.4804272e-09,0.0008187601,7.8227465e-08,2.0143783e-05
L-BFGS-B,5159,1.4801328e-09,0.0008185546,7.822043e-08,2.014063e-05
L-BFGS-B,5160,1.4806181e-09,0.0008183748,7.820598e-08,2.0136737e-05
L-BFGS-B,5161,1.4794747e-09,0.00081845094,7.820135e-08,2.0136635e-05
L-BFGS-B,5162,1.479925e-09,0.000818272,7.8203314e-08,2.0135205e-05
L-BFGS-B,5163,1.4797334e-09,0.00081814127,7.819599e-08,2.0132771e-05
L-BFGS-B,5164,1.481981e-09,0.0008193425,7.818286e-08,2.014315e-05
L-BFGS-B,5165,1.4800016e-09,0.0008180209,7.8190375e-08,2.0130767e-05
L-BFGS-B,5166,1.4801999e-09,0.00081784476,7.818455e-08,2.012816e-05
L-BFGS-B,5167,1.4800184e-09,0.00081775076,7.8177095e-08,2.0126074e-05
L-BFGS-B,5168,1.4799513e-09,0.0008177017,7.816939e-08,2.0124418e-05
L-BFGS-B,5169,1.4804771e-09,0.0008176507,7.8164135e-08,2.0123198e-05
L-BFGS-B,5170,1.4810969e-09,0.00081756763,7.816407e-08,2.012245e-05
L-BFGS-B,5171,1.4816257e-09,0.0008174948,7.816613e-08,2.0122112e-05
L-BFGS-B,5172,1.4813409e-09,0.0008174241,7.816681e-08,2.0121464e-05
L-BFGS-B,5173,1.4813321e-09,0.0008173216,7.817107e-08,2.0121075e-05
L-BFGS-B,5174,1.4814122e-09,0.000817258,7.817199e-08,2.0120591e-05
L-BFGS-B,5175,1.4815495e-09,0.0008171313,7.8174374e-08,2.0119702e-05
L-BFGS-B,5176,1.4831849e-09,0.00081720995,7.8178324e-08,2.0121326e-05
L-BFGS-B,5177,1.4818601e-09,0.0008170989,7.8175106e-08,2.0119533e-05
L-BFGS-B,5178,1.4818323e-09,0.0008170915,7.817353e-08,2.011922e-05
L-BFGS-B,5179,1.4817901e-09,0.0008170621,7.817306e-08,2.0118849e-05
L-BFGS-B,5180,1.4817703e-09,0.00081705867,7.817304e-08,2.0118809e-05
L-BFGS-B,5181,1.4816885e-09,0.00081703,7.817408e-08,2.0118667e-05
L-BFGS-B,5182,1.4819042e-09,0.00081697863,7.817595e-08,2.0118465e-05
L-BFGS-B,5183,1.4804803e-09,0.00081708404,7.817298e-08,2.011886e-05
L-BFGS-B,5184,1.481466e-09,0.0008170001,7.817501e-08,2.0118472e-05
L-BFGS-B,5185,1.4817587e-09,0.0008169834,7.817568e-08,2.011845e-05
L-BFGS-B,5186,1.4815189e-09,0.00081699155,7.817428e-08,2.0118285e-05
L-BFGS-B,5187,1.4808124e-09,0.0008169978,7.817344e-08,2.0118116e-05
L-BFGS-B,5188,1.4810291e-09,0.0008169868,7.8172725e-08,2.011793e-05
L-BFGS-B,5189,1.4812838e-09,0.0008169697,7.81721e-08,2.0117704e-05
L-BFGS-B,5190,1.4812289e-09,0.00081696216,7.817152e-08,2.0117533e-05
L-BFGS-B,5191,1.4813241e-09,0.00081692374,7.817222e-08,2.011727e-05
L-BFGS-B,5192,1.4812644e-09,0.00081684545,7.817409e-08,2.0116757e-05
L-BFGS-B,5193,1.502984e-09,0.00083912484,7.827832e-08,2.0358442e-05
L-BFGS-B,5194,1.4818384e-09,0.00081676996,7.818117e-08,2.011715e-05
L-BFGS-B,5195,1.4814514e-09,0.00081680896,7.8176285e-08,2.011675e-05
L-BFGS-B,5196,1.4816535e-09,0.0008167117,7.817834e-08,2.0116117e-05
L-BFGS-B,5197,1.4823036e-09,0.0008169921,7.819005e-08,2.0120773e-05
L-BFGS-B,5198,1.481722e-09,0.00081665505,7.818014e-08,2.011583e-05
L-BFGS-B,5199,1.4824425e-09,0.0008165864,7.8177834e-08,2.0114905e-05
L-BFGS-B,5200,1.4825008e-09,0.00081650866,7.8178374e-08,2.0114217e-05
L-BFGS-B,5201,1.4823609e-09,0.0008164438,7.817605e-08,2.0113199e-05
L-BFGS-B,5202,1.4820112e-09,0.00081624254,7.817951e-08,2.0111653e-05
L-BFGS-B,5203,1.4811817e-09,0.0008160051,7.8181586e-08,2.0109466e-05
L-BFGS-B,5204,1.4803101e-09,0.00081574067,7.818367e-08,2.0107003e-05
L-BFGS-B,5205,1.4790157e-09,0.00081541954,7.8188826e-08,2.0104371e-05
L-BFGS-B,5206,1.4788123e-09,0.000815277,7.818891e-08,2.0102929e-05
L-BFGS-B,5207,1.4786646e-09,0.00081513234,7.8187746e-08,2.0101284e-05
L-BFGS-B,5208,1.4790148e-09,0.00081494125,7.81888e-08,2.0099586e-05
L-BFGS-B,5209,1.479752e-09,0.00081481814,7.818738e-08,2.009825e-05
L-BFGS-B,5210,1.4804548e-09,0.0008147283,7.8184755e-08,2.0097064e-05
L-BFGS-B,5211,1.4836136e-09,0.0008176932,7.8184954e-08,2.0127216e-05
L-BFGS-B,5212,1.4804935e-09,0.00081471406,7.8184506e-08,2.009689e-05
L-BFGS-B,5213,1.4809209e-09,0.0008146324,7.818085e-08,2.0095587e-05
L-BFGS-B,5214,1.4811712e-09,0.00081440405,7.8179305e-08,2.0093112e-05
L-BFGS-B,5215,1.5473184e-09,0.0008815183,7.795008e-08,2.0739792e-05
L-BFGS-B,5216,1.4822871e-09,0.00081484916,7.814643e-08,2.0092799e-05
L-BFGS-B,5217,1.481545e-09,0.0008143489,7.815462e-08,2.0088914e-05
L-BFGS-B,5218,1.4809235e-09,0.00081400474,7.81509e-08,2.008482e-05
L-BFGS-B,5219,1.4797662e-09,0.00081408117,7.8136075e-08,2.008319e-05
L-BFGS-B,5220,1.480236e-09,0.0008138689,7.8124565e-08,2.007941e-05
L-BFGS-B,5221,1.4809577e-09,0.000813574,7.8120124e-08,2.0075902e-05
L-BFGS-B,5222,1.482724e-09,0.0008135602,7.810783e-08,2.0074185e-05
L-BFGS-B,5223,1.4831393e-09,0.00081316894,7.809226e-08,2.0068e-05
L-BFGS-B,5224,1.4845991e-09,0.0008131168,7.8077925e-08,2.0065545e-05
L-BFGS-B,5225,1.4845795e-09,0.00081268,7.8079665e-08,2.0061438e-05
L-BFGS-B,5226,1.4859642e-09,0.0008124595,7.807391e-08,2.0058576e-05
L-BFGS-B,5227,1.4889698e-09,0.00081196224,7.8066925e-08,2.0053007e-05
L-BFGS-B,5228,1.4900718e-09,0.0008116681,7.8062115e-08,2.0049509e-05
L-BFGS-B,5229,1.493223e-09,0.00081170665,7.8077385e-08,2.0052657e-05
L-BFGS-B,5230,1.490979e-09,0.0008114599,7.806705e-08,2.0048305e-05
L-BFGS-B,5231,1.490767e-09,0.0008113287,7.807072e-08,2.004751e-05
L-BFGS-B,5232,1.4895145e-09,0.000811203,7.807397e-08,2.0046551e-05
L-BFGS-B,5233,1.4892735e-09,0.0008111829,7.8072055e-08,2.0046027e-05
L-BFGS-B,5234,1.4894901e-09,0.000811112,7.807323e-08,2.0045529e-05
L-BFGS-B,5235,1.4896196e-09,0.000811007,7.807699e-08,2.004506e-05
L-BFGS-B,5236,1.4897378e-09,0.00081088213,7.808166e-08,2.0044532e-05
L-BFGS-B,5237,1.4892992e-09,0.0008122282,7.808313e-08,2.0058145e-05
L-BFGS-B,5238,1.4896379e-09,0.0008108817,7.808164e-08,2.004451e-05
L-BFGS-B,5239,1.4925143e-09,0.0008116162,7.807931e-08,2.0051935e-05
L-BFGS-B,5240,1.4899463e-09,0.0008108634,7.808112e-08,2.0044294e-05
L-BFGS-B,5241,1.4899987e-09,0.00081068557,7.808834e-08,2.0043608e-05
L-BFGS-B,5242,1.4896803e-09,0.00081056735,7.8092754e-08,2.0043039e-05
L-BFGS-B,5243,1.4892433e-09,0.0008105054,7.80931e-08,2.0042406e-05
L-BFGS-B,5244,1.4887847e-09,0.000810468,7.8091524e-08,2.0041727e-05
L-BFGS-B,5245,1.4882708e-09,0.00081045134,7.808898e-08,2.0041101e-05
L-BFGS-B,5246,1.4847944e-09,0.0008113119,7.807229e-08,2.0046682e-05
L-BFGS-B,5247,1.4875993e-09,0.0008104728,7.808592e-08,2.0040756e-05
L-BFGS-B,5248,1.4872938e-09,0.00081038196,7.8086686e-08,2.0039917e-05
L-BFGS-B,5249,1.4866665e-09,0.0008102391,7.809029e-08,2.0038933e-05
L-BFGS-B,5250,1.4864542e-09,0.00081001007,7.809954e-08,2.0038e-05
L-BFGS-B,5251,1.4862606e-09,0.00080978184,7.810734e-08,2.0036858e-05
L-BFGS-B,5252,1.4863614e-09,0.0008096011,7.811269e-08,2.003587e-05
L-BFGS-B,5253,1.4865067e-09,0.0008093957,7.8117644e-08,2.0034578e-05
L-BFGS-B,5254,1.486418e-09,0.00080902723,7.812329e-08,2.0031728e-05
L-BFGS-B,5255,1.4858255e-09,0.00080860895,7.812643e-08,2.0027928e-05
L-BFGS-B,5256,1.5163969e-09,0.00084820477,7.8225376e-08,2.0443313e-05
L-BFGS-B,5257,1.4854289e-09,0.00080855144,7.812836e-08,2.0027583e-05
L-BFGS-B,5258,1.4840487e-09,0.0008081477,7.8123406e-08,2.0022595e-05
L-BFGS-B,5259,1.4818858e-09,0.00080801564,7.811727e-08,2.002003e-05
L-BFGS-B,5260,1.480882e-09,0.0008079325,7.811191e-08,2.0018244e-05
L-BFGS-B,5261,1.480787e-09,0.00080783677,7.8109665e-08,2.0016934e-05
L-BFGS-B,5262,1.4809378e-09,0.0008075969,7.8109984e-08,2.0014606e-05
L-BFGS-B,5263,1.4826629e-09,0.00080742117,7.810967e-08,2.0013062e-05
L-BFGS-B,5264,1.4824805e-09,0.00080721854,7.811212e-08,2.0011375e-05
L-BFGS-B,5265,1.4817815e-09,0.0008068102,7.811928e-08,2.0008261e-05
L-BFGS-B,5266,1.4838913e-09,0.00080904417,7.810379e-08,2.0028594e-05
L-BFGS-B,5267,1.4817861e-09,0.00080680137,7.811701e-08,2.0007832e-05
L-BFGS-B,5268,1.4817744e-09,0.0008066746,7.81129e-08,2.0005948e-05
L-BFGS-B,5269,1.4808902e-09,0.00080638455,7.810316e-08,2.0001453e-05
L-BFGS-B,5270,1.4804861e-09,0.0008063453,7.8092114e-08,1.9999343e-05
L-BFGS-B,5271,1.4805595e-09,0.00080610655,7.8092896e-08,1.9997084e-05
L-BFGS-B,5272,1.4808652e-09,0.000805949,7.80932e-08,1.99956e-05
L-BFGS-B,5273,1.480549e-09,0.00080583425,7.809343e-08,1.9994439e-05
L-BFGS-B,5274,1.4810007e-09,0.00080576504,7.8090984e-08,1.9993447e-05
L-BFGS-B,5275,1.4820192e-09,0.00080572354,7.808472e-08,1.9992247e-05
L-BFGS-B,5276,1.4820933e-09,0.00080567045,7.808277e-08,1.9991434e-05
L-BFGS-B,5277,1.4822971e-09,0.0008056093,7.808142e-08,1.999065e-05
L-BFGS-B,5278,1.4856222e-09,0.0008099478,7.811039e-08,2.0038879e-05
L-BFGS-B,5279,1.4822297e-09,0.00080558326,7.808242e-08,1.999053e-05
L-BFGS-B,5280,1.4825721e-09,0.0008054242,7.808519e-08,1.9989406e-05
L-BFGS-B,5281,1.4820979e-09,0.00080556504,7.807552e-08,1.9989293e-05
L-BFGS-B,5282,1.482296e-09,0.0008054421,7.8080305e-08,1.9988809e-05
L-BFGS-B,5283,1.4821179e-09,0.00080534536,7.808103e-08,1.9987925e-05
L-BFGS-B,5284,1.4820368e-09,0.000805179,7.8082884e-08,1.9986528e-05
L-BFGS-B,5285,1.4811975e-09,0.00080499006,7.808806e-08,1.9985288e-05
L-BFGS-B,5286,1.4887226e-09,0.00080953544,7.8048686e-08,2.0025966e-05
L-BFGS-B,5287,1.4814987e-09,0.0008050165,7.8083715e-08,1.9984947e-05
L-BFGS-B,5288,1.4816182e-09,0.000804749,7.808806e-08,1.9982941e-05
L-BFGS-B,5289,1.4817753e-09,0.00080429803,7.809606e-08,1.9979656e-05
L-BFGS-B,5290,1.4997695e-09,0.00081041554,7.809522e-08,2.0043404e-05
L-BFGS-B,5291,1.4827545e-09,0.0008042346,7.8095496e-08,1.9979085e-05
L-BFGS-B,5292,1.4824727e-09,0.0008039025,7.810001e-08,1.9976396e-05
L-BFGS-B,5293,1.4847417e-09,0.0008040408,7.809352e-08,1.9977148e-05
L-BFGS-B,5294,1.4833929e-09,0.0008038273,7.809687e-08,1.9975312e-05
L-BFGS-B,5295,1.4841058e-09,0.0008036142,7.80969e-08,1.9973293e-05
L-BFGS-B,5296,1.4834761e-09,0.00080366345,7.808705e-08,1.9972213e-05
L-BFGS-B,5297,1.4827085e-09,0.0008037298,7.809196e-08,1.9973497e-05
L-BFGS-B,5298,1.4831338e-09,0.00080359617,7.808851e-08,1.9971707e-05
L-BFGS-B,5299,1.4832464e-09,0.0008036291,7.808253e-08,1.9971158e-05
L-BFGS-B,5300,1.4833726e-09,0.00080361316,7.8080944e-08,1.997078e-05
L-BFGS-B,5301,1.4834958e-09,0.0008035496,7.808146e-08,1.9970239e-05
L-BFGS-B,5302,1.4826874e-09,0.0008034984,7.8076084e-08,1.99688e-05
L-BFGS-B,5303,1.4840769e-09,0.0008034746,7.808118e-08,1.9969535e-05
L-BFGS-B,5304,1.4831464e-09,0.00080342195,7.80779e-08,1.9968376e-05
L-BFGS-B,5305,1.4852154e-09,0.00080322195,7.8060665e-08,1.9964102e-05
L-BFGS-B,5306,1.4852072e-09,0.0008028386,7.8052125e-08,1.9958985e-05
L-BFGS-B,5307,1.4852728e-09,0.00080229086,7.8012725e-08,1.9947609e-05
L-BFGS-B,5308,1.4831473e-09,0.0008017069,7.801689e-08,1.9942076e-05
L-BFGS-B,5309,1.4824817e-09,0.00080118293,7.80151e-08,1.9936466e-05
L-BFGS-B,5310,1.482231e-09,0.0008007771,7.8003765e-08,1.993067e-05
L-BFGS-B,5311,1.4831689e-09,0.0008011454,7.795903e-08,1.9927784e-05
L-BFGS-B,5312,1.4793573e-09,0.0008008864,7.7954695e-08,1.9923973e-05
L-BFGS-B,5313,1.480928e-09,0.0007999154,7.797102e-08,1.9916948e-05
L-BFGS-B,5314,1.48001e-09,0.0007993751,7.796617e-08,1.9910678e-05
L-BFGS-B,5315,1.482274e-09,0.0007998111,7.796507e-08,1.9915213e-05
L-BFGS-B,5316,1.4804973e-09,0.0007991133,7.7965574e-08,1.9908042e-05
L-BFGS-B,5317,1.4782163e-09,0.00079888327,7.794897e-08,1.990291e-05
L-BFGS-B,5318,1.4772958e-09,0.000798326,7.794836e-08,1.9897108e-05
L-BFGS-B,5319,1.4755063e-09,0.0007976908,7.794448e-08,1.9889905e-05
L-BFGS-B,5320,1.4764664e-09,0.0007974538,7.792835e-08,1.9885261e-05
L-BFGS-B,5321,1.4762782e-09,0.0007968438,7.7925954e-08,1.9878773e-05
L-BFGS-B,5322,1.4759832e-09,0.00079642277,7.792752e-08,1.9874753e-05
L-BFGS-B,5323,1.4775347e-09,0.0007961117,7.792282e-08,1.9871171e-05
L-BFGS-B,5324,1.4773792e-09,0.00079576485,7.792215e-08,1.9867577e-05
L-BFGS-B,5325,1.4771815e-09,0.00079537684,7.7921776e-08,1.9863612e-05
L-BFGS-B,5326,1.4777198e-09,0.00079518865,7.791869e-08,1.9861349e-05
L-BFGS-B,5327,1.4758434e-09,0.00079484185,7.792291e-08,1.9858231e-05
L-BFGS-B,5328,1.4755649e-09,0.00079473446,7.792219e-08,1.9857009e-05
L-BFGS-B,5329,1.475417e-09,0.0007945469,7.792544e-08,1.9855597e-05
L-BFGS-B,5330,1.4858871e-09,0.0008052049,7.798538e-08,1.997274e-05
L-BFGS-B,5331,1.4754218e-09,0.0007944796,7.792801e-08,1.985531e-05
L-BFGS-B,5332,1.4768404e-09,0.00079410954,7.794074e-08,1.9853731e-05
L-BFGS-B,5333,1.4767559e-09,0.00079401425,7.7936434e-08,1.9852121e-05
L-BFGS-B,5334,1.4761055e-09,0.00079389417,7.793261e-08,1.985025e-05
L-BFGS-B,5335,1.4752851e-09,0.000793542,7.792932e-08,1.9846111e-05
L-BFGS-B,5336,1.475375e-09,0.00079347374,7.7923076e-08,1.9844505e-05
L-BFGS-B,5337,1.4752464e-09,0.00079318794,7.7924966e-08,1.9841911e-05
L-BFGS-B,5338,1.4767247e-09,0.000792884,7.791011e-08,1.9836865e-05
L-BFGS-B,5339,1.4758907e-09,0.00079288654,7.792802e-08,1.9839452e-05
L-BFGS-B,5340,1.4763146e-09,0.000792713,7.791592e-08,1.9835967e-05
L-BFGS-B,5341,1.4769435e-09,0.0007923542,7.792394e-08,1.9833675e-05
L-BFGS-B,5342,1.4767852e-09,0.0007922848,7.7922245e-08,1.9832702e-05
L-BFGS-B,5343,1.4764625e-09,0.0007921881,7.791535e-08,1.9830652e-05
L-BFGS-B,5344,1.4764241e-09,0.00079208566,7.791439e-08,1.982948e-05
L-BFGS-B,5345,1.4764518e-09,0.0007918744,7.7920575e-08,1.9828298e-05
L-BFGS-B,5346,1.4757281e-09,0.00079180684,7.7917015e-08,1.982698e-05
L-BFGS-B,5347,1.4779917e-09,0.00079218857,7.799621e-08,1.9843015e-05
L-BFGS-B,5348,1.4758061e-09,0.00079145917,7.7932626e-08,1.9825857e-05
L-BFGS-B,5349,1.4747189e-09,0.00079118,7.7935155e-08,1.9823281e-05
L-BFGS-B,5350,1.4719188e-09,0.00079094764,7.7936534e-08,1.9820745e-05
L-BFGS-B,5351,1.472158e-09,0.00079081656,7.793682e-08,1.9819512e-05
L-BFGS-B,5352,1.4723889e-09,0.0007906917,7.793973e-08,1.9818734e-05
L-BFGS-B,5353,1.4729861e-09,0.00079204666,7.792743e-08,1.983053e-05
L-BFGS-B,5354,1.4721766e-09,0.0007906288,7.7936335e-08,1.9817564e-05
L-BFGS-B,5355,1.4719823e-09,0.0007905145,7.7933585e-08,1.981598e-05
L-BFGS-B,5356,1.470506e-09,0.00079019996,7.794228e-08,1.9813917e-05
L-BFGS-B,5357,1.4696471e-09,0.0007901454,7.793235e-08,1.9811754e-05
L-BFGS-B,5358,1.4679001e-09,0.0007900891,7.791197e-08,1.980787e-05
L-BFGS-B,5359,1.4675156e-09,0.0007900245,7.7904154e-08,1.9805997e-05
L-BFGS-B,5360,1.4679694e-09,0.0007898786,7.7890434e-08,1.9802546e-05
L-BFGS-B,5361,1.4688816e-09,0.0007898282,7.788427e-08,1.9801257e-05
L-BFGS-B,5362,1.4703543e-09,0.0007897708,7.788447e-08,1.9800933e-05
L-BFGS-B,5363,1.4708341e-09,0.0007896131,7.788296e-08,1.9799201e-05
L-BFGS-B,5364,1.4693206e-09,0.0007894939,7.788291e-08,1.9797773e-05
L-BFGS-B,5365,1.4680867e-09,0.00078937167,7.78806e-08,1.979602e-05
L-BFGS-B,5366,1.4689115e-09,0.0007891873,7.788255e-08,1.9794592e-05
L-BFGS-B,5367,1.4659521e-09,0.00078929163,7.7875114e-08,1.9794075e-05
L-BFGS-B,5368,1.4675265e-09,0.0007889363,7.7880394e-08,1.979155e-05
L-BFGS-B,5369,1.468106e-09,0.0007887168,7.788619e-08,1.9790312e-05
L-BFGS-B,5370,1.4670593e-09,0.0007893644,7.788574e-08,1.9796564e-05
L-BFGS-B,5371,1.4676917e-09,0.0007886582,7.7885716e-08,1.9789593e-05
L-BFGS-B,5372,1.4681004e-09,0.0007881567,7.7899486e-08,1.9786705e-05
L-BFGS-B,5373,1.4682056e-09,0.00078761025,7.791434e-08,1.9783485e-05
L-BFGS-B,5374,1.4682386e-09,0.0007869301,7.7935475e-08,1.9779858e-05
L-BFGS-B,5375,1.4678917e-09,0.00078662153,7.7940754e-08,1.9777512e-05
L-BFGS-B,5376,1.4676734e-09,0.0007864612,7.79392e-08,1.9775642e-05
L-BFGS-B,5377,1.4680005e-09,0.00078641676,7.792609e-08,1.977328e-05
L-BFGS-B,5378,1.4689269e-09,0.00078637246,7.79189e-08,1.9771898e-05
L-BFGS-B,5379,1.4705057e-09,0.00078649016,7.790707e-08,1.9771538e-05
L-BFGS-B,5380,1.470562e-09,0.00078636897,7.791226e-08,1.9771112e-05
L-BFGS-B,5381,1.4704205e-09,0.000786211,7.7920916e-08,1.977081e-05
L-BFGS-B,5382,1.470264e-09,0.00078615034,7.792257e-08,1.9770428e-05
L-BFGS-B,5383,1.4701744e-09,0.00078599004,7.792602e-08,1.976933e-05
L-BFGS-B,5384,1.4702991e-09,0.00078592804,7.792643e-08,1.976879e-05
L-BFGS-B,5385,1.470206e-09,0.00078618363,7.793623e-08,1.97728e-05
L-BFGS-B,5386,1.4701858e-09,0.00078588363,7.79283e-08,1.976861e-05
L-BFGS-B,5387,1.4705229e-09,0.0007858152,7.792528e-08,1.9767522e-05
L-BFGS-B,5388,1.4709057e-09,0.0007858051,7.792094e-08,1.9766827e-05
L-BFGS-B,5389,1.4714493e-09,0.00078577,7.7915466e-08,1.9765735e-05
L-BFGS-B,5390,1.4717885e-09,0.0007857141,7.791075e-08,1.976452e-05
L-BFGS-B,5391,1.4719375e-09,0.0007856686,7.7907615e-08,1.9763618e-05
L-BFGS-B,5392,1.471471e-09,0.00078555226,7.7909434e-08,1.9762658e-05
L-BFGS-B,5393,1.4712174e-09,0.0007854935,7.790862e-08,1.9761912e-05
L-BFGS-B,5394,1.4718002e-09,0.0007854409,7.790868e-08,1.976148e-05
L-BFGS-B,5395,1.4711677e-09,0.0007855807,7.7909256e-08,1.976287e-05
L-BFGS-B,5396,1.471471e-09,0.000785396,7.790882e-08,1.9761002e-05
L-BFGS-B,5397,1.4711394e-09,0.0007853799,7.7903735e-08,1.976003e-05
L-BFGS-B,5398,1.4707773e-09,0.00078534597,7.789977e-08,1.9759042e-05
L-BFGS-B,5399,1.4711515e-09,0.00078524806,7.789753e-08,1.9757783e-05
L-BFGS-B,5400,1.4730747e-09,0.00078653666,7.78977e-08,1.9770981e-05
L-BFGS-B,5401,1.4712408e-09,0.0007852179,7.789736e-08,1.975747e-05
L-BFGS-B,5402,1.4719767e-09,0.0007851696,7.7888416e-08,1.9755755e-05
L-BFGS-B,5403,1.4709357e-09,0.000784984,7.788932e-08,1.975388e-05
L-BFGS-B,5404,1.4699042e-09,0.0007848031,7.788792e-08,1.9751704e-05
L-BFGS-B,5405,1.4692586e-09,0.00078488333,7.787703e-08,1.9750776e-05
L-BFGS-B,5406,1.4681034e-09,0.0007850169,7.786706e-08,1.9750443e-05
L-BFGS-B,5407,1.4681417e-09,0.00078481535,7.786513e-08,1.9748146e-05
L-BFGS-B,5408,1.4695059e-09,0.00078469823,7.786306e-08,1.9746869e-05
L-BFGS-B,5409,1.4698394e-09,0.0007847499,7.78502e-08,1.9745505e-05
L-BFGS-B,5410,1.4699117e-09,0.00078465516,7.7850764e-08,1.9744653e-05
L-BFGS-B,5411,1.4705767e-09,0.0007846168,7.7847254e-08,1.9743842e-05
L-BFGS-B,5412,1.4717115e-09,0.0007844761,7.784822e-08,1.974275e-05
L-BFGS-B,5413,1.4744876e-09,0.00078542996,7.784952e-08,1.97529e-05
L-BFGS-B,5414,1.4720892e-09,0.0007844086,7.784781e-08,1.974207e-05
L-BFGS-B,5415,1.4724326e-09,0.00078430434,7.7846174e-08,1.9740834e-05
L-BFGS-B,5416,1.4717837e-09,0.000784218,7.784082e-08,1.973907e-05
L-BFGS-B,5417,1.4717935e-09,0.0007840292,7.783846e-08,1.9736828e-05
L-BFGS-B,5418,1.4718459e-09,0.0007839685,7.783141e-08,1.9735173e-05
L-BFGS-B,5419,1.4721776e-09,0.00078386895,7.7819124e-08,1.9732384e-05
L-BFGS-B,5420,1.4728957e-09,0.0007836895,7.780186e-08,1.9728108e-05
L-BFGS-B,5421,1.4731016e-09,0.00078340585,7.780519e-08,1.9725801e-05
L-BFGS-B,5422,1.4745067e-09,0.00078326,7.7805325e-08,1.9724575e-05
L-BFGS-B,5423,1.4777083e-09,0.00078301464,7.7802206e-08,1.9722134e-05
L-BFGS-B,5424,1.4761102e-09,0.0007827594,7.780256e-08,1.9719395e-05
L-BFGS-B,5425,1.4757466e-09,0.00078262726,7.779003e-08,1.9716139e-05
L-BFGS-B,5426,1.4766212e-09,0.00078253367,7.7766806e-08,1.971185e-05
L-BFGS-B,5427,1.4775656e-09,0.00078237,7.774591e-08,1.9707222e-05
L-BFGS-B,5428,1.4786262e-09,0.0007823222,7.7730945e-08,1.9704657e-05
L-BFGS-B,5429,1.479487e-09,0.0007823652,7.772573e-08,1.9704436e-05
L-BFGS-B,5430,1.4803074e-09,0.0007825295,7.772775e-08,1.9706502e-05
L-BFGS-B,5431,1.4794556e-09,0.0007820618,7.7726234e-08,1.970147e-05
L-BFGS-B,5432,1.4811479e-09,0.00078215497,7.771888e-08,1.9701554e-05
L-BFGS-B,5433,1.4801497e-09,0.00078189024,7.772216e-08,1.9699248e-05
L-BFGS-B,5434,1.4803048e-09,0.0007817852,7.771897e-08,1.9697743e-05
L-BFGS-B,5435,1.4803628e-09,0.00078153977,7.771727e-08,1.9695042e-05
L-BFGS-B,5436,1.4816588e-09,0.0007812989,7.769666e-08,1.9689736e-05
L-BFGS-B,5437,1.4815331e-09,0.0007814645,7.770061e-08,1.9691966e-05
L-BFGS-B,5438,1.4814375e-09,0.0007811417,7.769805e-08,1.968834e-05
L-BFGS-B,5439,1.4819047e-09,0.00078101945,7.7689215e-08,1.9685862e-05
L-BFGS-B,5440,1.4830501e-09,0.00078086706,7.767364e-08,1.9682175e-05
L-BFGS-B,5441,1.4859751e-09,0.0007823946,7.76711e-08,1.9697507e-05
L-BFGS-B,5442,1.4832976e-09,0.0007807813,7.767237e-08,1.9681163e-05
L-BFGS-B,5443,1.4831307e-09,0.0007805502,7.766955e-08,1.9678404e-05
L-BFGS-B,5444,1.4823168e-09,0.0007802516,7.766191e-08,1.967415e-05
L-BFGS-B,5445,1.4822753e-09,0.0007798611,7.765326e-08,1.9668942e-05
L-BFGS-B,5446,1.4820497e-09,0.00077973783,7.76353e-08,1.9664982e-05
L-BFGS-B,5447,1.482103e-09,0.0007799055,7.760372e-08,1.9661928e-05
L-BFGS-B,5448,1.4820551e-09,0.00077980483,7.7593775e-08,1.9659423e-05
L-BFGS-B,5449,1.4818582e-09,0.00077958487,7.759749e-08,1.9657751e-05
L-BFGS-B,5450,1.4818136e-09,0.000779419,7.759597e-08,1.9655858e-05
L-BFGS-B,5451,1.4862094e-09,0.00078159495,7.7585256e-08,1.967667e-05
L-BFGS-B,5452,1.4822055e-09,0.0007793619,7.759258e-08,1.9654835e-05
L-BFGS-B,5453,1.4819641e-09,0.0007792957,7.7589426e-08,1.9653666e-05
L-BFGS-B,5454,1.4835906e-09,0.0007794911,7.757144e-08,1.9653166e-05
L-BFGS-B,5455,1.4822118e-09,0.00077916717,7.7576516e-08,1.965048e-05
L-BFGS-B,5456,1.4817598e-09,0.00077904353,7.757874e-08,1.964951e-05
L-BFGS-B,5457,1.4816068e-09,0.00077888253,7.75775e-08,1.9647692e-05
L-BFGS-B,5458,1.4822809e-09,0.0007786331,7.757233e-08,1.9644522e-05
L-BFGS-B,5459,1.4821536e-09,0.0007789503,7.756021e-08,1.9645857e-05
L-BFGS-B,5460,1.4820308e-09,0.0007785548,7.756656e-08,1.9642837e-05
L-BFGS-B,5461,1.4825875e-09,0.0007784232,7.7564174e-08,1.9641247e-05
L-BFGS-B,5462,1.4825688e-09,0.0007782593,7.7559406e-08,1.9638888e-05
L-BFGS-B,5463,1.4821311e-09,0.00077815645,7.755787e-08,1.9637564e-05
L-BFGS-B,5464,1.4819483e-09,0.000777934,7.755821e-08,1.9635363e-05
L-BFGS-B,5465,1.4818582e-09,0.00077748747,7.7553324e-08,1.9630152e-05
L-BFGS-B,5466,1.5643646e-09,0.00086565054,7.742848e-08,2.0505431e-05
L-BFGS-B,5467,1.4823408e-09,0.0007776848,7.75327e-08,1.9629104e-05
L-BFGS-B,5468,1.4831733e-09,0.0007771961,7.75289e-08,1.962377e-05
L-BFGS-B,5469,1.4847596e-09,0.0007769562,7.753138e-08,1.9621984e-05
L-BFGS-B,5470,1.485567e-09,0.0007767651,7.752656e-08,1.961947e-05
L-BFGS-B,5471,1.4852177e-09,0.00077660265,7.7528426e-08,1.9618074e-05
L-BFGS-B,5472,1.4849437e-09,0.0007761896,7.753966e-08,1.9615587e-05
L-BFGS-B,5473,1.4847124e-09,0.0007758306,7.755159e-08,1.9613752e-05
L-BFGS-B,5474,1.4851671e-09,0.00077553187,7.756088e-08,1.9612226e-05
L-BFGS-B,5475,1.482392e-09,0.00077951327,7.757202e-08,1.9653293e-05
L-BFGS-B,5476,1.4844042e-09,0.0007754688,7.7561815e-08,1.9611622e-05
L-BFGS-B,5477,1.4853583e-09,0.0007751938,7.756503e-08,1.9609495e-05
L-BFGS-B,5478,1.486291e-09,0.0007747481,7.75739e-08,1.9606508e-05
L-BFGS-B,5479,1.4857978e-09,0.0007745306,7.756668e-08,1.9603178e-05
L-BFGS-B,5480,1.4841217e-09,0.00077453203,7.754587e-08,1.9599818e-05
L-BFGS-B,5481,1.4832283e-09,0.00077431434,7.7550425e-08,1.9598192e-05
L-BFGS-B,5482,1.4819987e-09,0.0007741069,7.755331e-08,1.9596366e-05
L-BFGS-B,5483,1.4780792e-09,0.0007733484,7.756349e-08,1.958972e-05
L-BFGS-B,5484,1.4735785e-09,0.0007725061,7.7574484e-08,1.9582269e-05
L-BFGS-B,5485,1.4704317e-09,0.00077191717,7.7576715e-08,1.9576244e-05
L-BFGS-B,5486,1.4699617e-09,0.00077132985,7.7570085e-08,1.9569306e-05
L-BFGS-B,5487,1.468738e-09,0.0007714226,7.7545515e-08,1.9566363e-05
L-BFGS-B,5488,1.4690845e-09,0.0007711232,7.75465e-08,1.956357e-05
L-BFGS-B,5489,1.4693278e-09,0.0007708822,7.7552556e-08,1.9562103e-05
L-BFGS-B,5490,1.4693813e-09,0.0007707984,7.755092e-08,1.956103e-05
L-BFGS-B,5491,1.4681166e-09,0.0007730674,7.755014e-08,1.9583413e-05
L-BFGS-B,5492,1.468914e-09,0.0007707603,7.755076e-08,1.9560553e-05
L-BFGS-B,5493,1.4688684e-09,0.0007707887,7.754269e-08,1.955962e-05
L-BFGS-B,5494,1.469407e-09,0.0007707612,7.753735e-08,1.9558625e-05
L-BFGS-B,5495,1.4712694e-09,0.00077059015,7.753774e-08,1.9557254e-05
L-BFGS-B,5496,1.4715195e-09,0.0007704704,7.7534516e-08,1.955561e-05
L-BFGS-B,5497,1.4714749e-09,0.0007702916,7.753456e-08,1.9553821e-05
L-BFGS-B,5498,1.4721022e-09,0.0007699898,7.75344e-08,1.9550873e-05
L-BFGS-B,5499,1.4747481e-09,0.0007695881,7.753361e-08,1.9547135e-05
L-BFGS-B,5500,1.4757937e-09,0.00076920155,7.7534374e-08,1.954354e-05
L-BFGS-B,5501,1.4778323e-09,0.000769036,7.752337e-08,1.9540541e-05
L-BFGS-B,5502,1.4781536e-09,0.0007689297,7.751598e-08,1.9538416e-05
L-BFGS-B,5503,1.4774911e-09,0.000768785,7.751255e-08,1.9536357e-05
L-BFGS-B,5504,1.4763588e-09,0.0007688145,7.750094e-08,1.953474e-05
L-BFGS-B,5505,1.4775813e-09,0.0007686828,7.7494406e-08,1.9532627e-05
L-BFGS-B,5506,1.4836696e-09,0.00076898286,7.7489325e-08,1.9535779e-05
L-BFGS-B,5507,1.479933e-09,0.0007683974,7.7491016e-08,1.9529616e-05
L-BFGS-B,5508,1.4815641e-09,0.0007682164,7.7482646e-08,1.9526797e-05
L-BFGS-B,5509,1.4807553e-09,0.0007677682,7.7489084e-08,1.9523157e-05
L-BFGS-B,5510,1.4765464e-09,0.0007670521,7.749212e-08,1.951582e-05
L-BFGS-B,5511,1.4822101e-09,0.0007700835,7.755212e-08,1.9555984e-05
L-BFGS-B,5512,1.4768438e-09,0.00076660904,7.7503636e-08,1.9513162e-05
L-BFGS-B,5513,1.4765703e-09,0.000766309,7.749806e-08,1.9509283e-05
L-BFGS-B,5514,1.4759565e-09,0.0007660637,7.749334e-08,1.9506031e-05
L-BFGS-B,5515,1.4744045e-09,0.000766692,7.747903e-08,1.9509935e-05
L-BFGS-B,5516,1.4750453e-09,0.000765939,7.748751e-08,1.9503772e-05
L-BFGS-B,5517,1.4739099e-09,0.0007656586,7.748171e-08,1.9499928e-05
L-BFGS-B,5518,1.4729702e-09,0.0007651662,7.748536e-08,1.9495412e-05
L-BFGS-B,5519,1.4712772e-09,0.0007666644,7.74894e-08,1.9510746e-05
L-BFGS-B,5520,1.4723054e-09,0.0007650578,7.7485865e-08,1.9494302e-05
L-BFGS-B,5521,1.4702904e-09,0.0007644288,7.750175e-08,1.9490093e-05
L-BFGS-B,5522,1.4690276e-09,0.0007637473,7.751018e-08,1.9484354e-05
L-BFGS-B,5523,1.4657132e-09,0.00076287804,7.7525875e-08,1.9477518e-05
L-BFGS-B,5524,1.4645652e-09,0.00076244137,7.752693e-08,1.9473136e-05
L-BFGS-B,5525,1.4661893e-09,0.0007621243,7.7523225e-08,1.9469655e-05
L-BFGS-B,5526,1.4676027e-09,0.0007614675,7.752908e-08,1.9464176e-05
L-BFGS-B,5527,1.4666779e-09,0.0007611228,7.753561e-08,1.9461571e-05
L-BFGS-B,5528,1.4660978e-09,0.0007606144,7.754897e-08,1.9458403e-05
L-BFGS-B,5529,1.4651915e-09,0.00076040934,7.755485e-08,1.94571e-05
L-BFGS-B,5530,1.464122e-09,0.00076012075,7.755542e-08,1.9454139e-05
L-BFGS-B,5531,1.4633655e-09,0.00075991795,7.755471e-08,1.945189e-05
L-BFGS-B,5532,1.4635264e-09,0.0007598214,7.754942e-08,1.9450155e-05
L-BFGS-B,5533,1.4639554e-09,0.00075970875,7.7547284e-08,1.9448773e-05
L-BFGS-B,5534,1.4647743e-09,0.0007594602,7.754919e-08,1.9446696e-05
L-BFGS-B,5535,1.9683155e-09,0.0013432141,7.781503e-08,2.5399644e-05
L-BFGS-B,5536,1.4642703e-09,0.0007594252,7.755001e-08,1.9446394e-05
L-BFGS-B,5537,1.4651945e-09,0.00075919396,7.754786e-08,1.9443898e-05
L-BFGS-B,5538,1.4654926e-09,0.00075881457,7.7550695e-08,1.9440573e-05
L-BFGS-B,5539,1.4667295e-09,0.0007587771,7.754092e-08,1.9438918e-05
L-BFGS-B,5540,1.4650355e-09,0.0007583753,7.755454e-08,1.943669e-05
L-BFGS-B,5541,1.464766e-09,0.0007581728,7.755471e-08,1.943465e-05
L-BFGS-B,5542,1.46481e-09,0.00075802475,7.755052e-08,1.9432546e-05
L-BFGS-B,5543,1.4646585e-09,0.0007577888,7.7548776e-08,1.9429903e-05
L-BFGS-B,5544,1.4649202e-09,0.0007575772,7.7546986e-08,1.9427558e-05
L-BFGS-B,5545,1.4661372e-09,0.00075737806,7.753989e-08,1.9424684e-05
L-BFGS-B,5546,1.466322e-09,0.00075726665,7.753966e-08,1.9423564e-05
L-BFGS-B,5547,1.4663794e-09,0.00075721205,7.7538026e-08,1.9422781e-05
L-BFGS-B,5548,1.466779e-09,0.0007571513,7.753754e-08,1.9422161e-05
L-BFGS-B,5549,1.4667084e-09,0.0007571373,7.753754e-08,1.942201e-05
L-BFGS-B,5550,1.466665e-09,0.0007571017,7.753834e-08,1.9421768e-05
L-BFGS-B,5551,1.4666315e-09,0.0007570745,7.753889e-08,1.9421574e-05
L-BFGS-B,5552,1.4667292e-09,0.0007570559,7.7538225e-08,1.9421303e-05
L-BFGS-B,5553,1.4665846e-09,0.0007570516,7.753671e-08,1.942101e-05
L-BFGS-B,5554,1.467565e-09,0.0007573022,7.75245e-08,1.942183e-05
L-BFGS-B,5555,1.4667663e-09,0.00075708196,7.75337e-08,1.9420888e-05
L-BFGS-B,5556,1.4667338e-09,0.0007570952,7.7531176e-08,1.9420637e-05
L-BFGS-B,5557,1.4745953e-09,0.0007633074,7.7493475e-08,1.9478284e-05
L-BFGS-B,5558,1.4668198e-09,0.00075710774,7.752937e-08,1.9420506e-05
L-BFGS-B,5559,1.4666662e-09,0.00075712387,7.752365e-08,1.9419786e-05
L-BFGS-B,5560,1.466503e-09,0.0007571978,7.751018e-08,1.941848e-05
L-BFGS-B,5561,1.4664626e-09,0.0007572873,7.749447e-08,1.9417013e-05
L-BFGS-B,5562,1.4664078e-09,0.0007572764,7.7481126e-08,1.9414892e-05
L-BFGS-B,5563,1.4662854e-09,0.00075733854,7.745517e-08,1.9411604e-05
L-BFGS-B,5564,1.4676264e-09,0.00075692247,7.7449805e-08,1.9406838e-05
L-BFGS-B,5565,1.4668744e-09,0.00075650716,7.745057e-08,1.9402689e-05
L-BFGS-B,5566,1.4645835e-09,0.0007563202,7.744921e-08,1.9400271e-05
L-BFGS-B,5567,1.4653513e-09,0.00075592473,7.744898e-08,1.9396397e-05
L-BFGS-B,5568,1.4646112e-09,0.0007555015,7.7453485e-08,1.939273e-05
L-BFGS-B,5569,1.4629232e-09,0.00075487816,7.7442444e-08,1.9384586e-05
L-BFGS-B,5570,1.4612435e-09,0.0007549439,7.742533e-08,1.9382423e-05
L-BFGS-B,5571,1.4618788e-09,0.0007543725,7.743395e-08,1.93781e-05
L-BFGS-B,5572,1.4611617e-09,0.0007527691,7.741963e-08,1.935981e-05
L-BFGS-B,5573,1.460356e-09,0.00075205264,7.7422456e-08,1.9352949e-05
L-BFGS-B,5574,1.4628058e-09,0.0007606469,7.7411094e-08,1.9437553e-05
L-BFGS-B,5575,1.4578149e-09,0.00075077196,7.7415955e-08,1.9338786e-05
L-BFGS-B,5576,1.460806e-09,0.00075173064,7.7382886e-08,1.934386e-05
L-BFGS-B,5577,1.4581858e-09,0.00075013394,7.740046e-08,1.9330135e-05
L-BFGS-B,5578,1.4573958e-09,0.00074970175,7.7380335e-08,1.9322677e-05
L-BFGS-B,5579,1.4573304e-09,0.0007489416,7.736897e-08,1.9313362e-05
L-BFGS-B,5580,1.4551692e-09,0.0007487569,7.7365925e-08,1.9310733e-05
L-BFGS-B,5581,1.455921e-09,0.0007483863,7.73669e-08,1.9307286e-05
L-BFGS-B,5582,1.4557446e-09,0.00074757717,7.736292e-08,1.9298572e-05
L-BFGS-B,5583,1.5071719e-09,0.0007770589,7.719653e-08,1.9576146e-05
L-BFGS-B,5584,1.4566939e-09,0.00074762024,7.7355516e-08,1.9298033e-05
L-BFGS-B,5585,1.4675218e-09,0.00074794865,7.7362955e-08,1.9304058e-05
L-BFGS-B,5586,1.4602298e-09,0.0007472034,7.735793e-08,1.929476e-05
L-BFGS-B,5587,1.4579233e-09,0.0007608496,7.73188e-08,1.9425006e-05
L-BFGS-B,5588,1.4584238e-09,0.0007470717,7.735293e-08,1.929242e-05
L-BFGS-B,5589,1.4589555e-09,0.0007468148,7.735214e-08,1.9289811e-05
L-BFGS-B,5590,1.4614483e-09,0.0007464422,7.735753e-08,1.9287269e-05
L-BFGS-B,5591,1.4597663e-09,0.00074633444,7.73537e-08,1.9285362e-05
L-BFGS-B,5592,1.4598306e-09,0.00074621156,7.7352055e-08,1.92839e-05
L-BFGS-B,5593,1.460059e-09,0.0007460487,7.7353114e-08,1.9282463e-05
L-BFGS-B,5594,1.4598187e-09,0.0007457761,7.7357434e-08,1.9280349e-05
L-BFGS-B,5595,1.4598788e-09,0.00074577564,7.734212e-08,1.9278057e-05
L-BFGS-B,5596,1.5808811e-09,0.00089703896,7.763412e-08,2.085264e-05
L-BFGS-B,5597,1.4592391e-09,0.00074561103,7.734771e-08,1.9277151e-05
L-BFGS-B,5598,1.4582704e-09,0.0007454066,7.7347245e-08,1.9274892e-05
L-BFGS-B,5599,1.4572206e-09,0.000745322,7.7341795e-08,1.9273071e-05
L-BFGS-B,5600,1.4568071e-09,0.000745295,7.7333496e-08,1.9271496e-05
L-BFGS-B,5601,1.4554473e-09,0.0007451392,7.7332e-08,1.9269508e-05
L-BFGS-B,5602,1.4551732e-09,0.00074497185,7.732664e-08,1.926699e-05
L-BFGS-B,5603,1.4548476e-09,0.0007447582,7.73292e-08,1.926519e-05
L-BFGS-B,5604,1.4545756e-09,0.00074455055,7.733574e-08,1.9264053e-05
L-BFGS-B,5605,1.4544901e-09,0.00074426027,7.7333624e-08,1.926082e-05
L-BFGS-B,5606,1.4545666e-09,0.0007437042,7.732822e-08,1.925446e-05
L-BFGS-B,5607,1.455852e-09,0.0007432653,7.732278e-08,1.9249448e-05
L-BFGS-B,5608,1.4548568e-09,0.0007427596,7.7326e-08,1.9244724e-05
L-BFGS-B,5609,1.4547172e-09,0.0007422598,7.733118e-08,1.9240482e-05
L-BFGS-B,5610,1.4544747e-09,0.0007419988,7.733339e-08,1.9238167e-05
L-BFGS-B,5611,1.4546012e-09,0.00074166904,7.733476e-08,1.9235094e-05
L-BFGS-B,5612,1.4559219e-09,0.00074095675,7.735272e-08,1.9230865e-05
L-BFGS-B,5613,1.456715e-09,0.00074052066,7.734966e-08,1.9226163e-05
L-BFGS-B,5614,1.4571749e-09,0.000740357,7.7335e-08,1.9222396e-05
L-BFGS-B,5615,1.4589588e-09,0.0007403722,7.731999e-08,1.9220564e-05
L-BFGS-B,5616,1.4584974e-09,0.00074009964,7.732119e-08,1.9217949e-05
L-BFGS-B,5617,1.4584682e-09,0.0007400727,7.732174e-08,1.9217758e-05
L-BFGS-B,5618,1.4560805e-09,0.0007399377,7.733423e-08,1.9217923e-05
L-BFGS-B,5619,1.4572716e-09,0.00073990494,7.7327634e-08,1.9216784e-05
L-BFGS-B,5620,1.457662e-09,0.00073978864,7.732473e-08,1.9215246e-05
L-BFGS-B,5621,1.4580055e-09,0.0007396516,7.732145e-08,1.9213434e-05
L-BFGS-B,5622,1.4589974e-09,0.0007392715,7.73175e-08,1.920919e-05
L-BFGS-B,5623,1.4636091e-09,0.00074033916,7.729977e-08,1.9217898e-05
L-BFGS-B,5624,1.4599043e-09,0.0007392257,7.7312585e-08,1.9208132e-05
L-BFGS-B,5625,1.4599606e-09,0.00073885225,7.731147e-08,1.9204237e-05
L-BFGS-B,5626,1.4603015e-09,0.0007383012,7.73097e-08,1.9198513e-05
L-BFGS-B,5627,1.4610434e-09,0.0007380749,7.730201e-08,1.9195206e-05
L-BFGS-B,5628,1.4601906e-09,0.00073785696,7.729346e-08,1.9191617e-05
L-BFGS-B,5629,1.4589806e-09,0.0007377215,7.7286835e-08,1.9189087e-05
L-BFGS-B,5630,1.4576683e-09,0.0007379871,7.726255e-08,1.9187904e-05
L-BFGS-B,5631,1.457496e-09,0.0007377574,7.726667e-08,1.9186198e-05
L-BFGS-B,5632,1.4578717e-09,0.0007374002,7.7285556e-08,1.9185516e-05
L-BFGS-B,5633,1.4577011e-09,0.00073737395,7.7278266e-08,1.9184135e-05
L-BFGS-B,5634,1.4570274e-09,0.00073733006,7.727176e-08,1.9182618e-05
L-BFGS-B,5635,1.4563499e-09,0.00073716586,7.72676e-08,1.918025e-05
L-BFGS-B,5636,1.4620124e-09,0.00074287405,7.72679e-08,1.9238227e-05
L-BFGS-B,5637,1.456448e-09,0.0007371368,7.726681e-08,1.9179857e-05
L-BFGS-B,5638,1.4558523e-09,0.0007367943,7.726822e-08,1.9176554e-05
L-BFGS-B,5639,1.4556611e-09,0.0007362421,7.727284e-08,1.9171695e-05
L-BFGS-B,5640,1.4559379e-09,0.0007356522,7.728791e-08,1.91681e-05
L-BFGS-B,5641,1.4588613e-09,0.0007348906,7.72789e-08,1.9159568e-05
L-BFGS-B,5642,1.4608006e-09,0.00073420006,7.7259735e-08,1.915008e-05
L-BFGS-B,5643,1.4634134e-09,0.00073350215,7.725666e-08,1.9143032e-05
L-BFGS-B,5644,1.4640381e-09,0.00073261245,7.7268e-08,1.9135929e-05
L-BFGS-B,5645,1.4660919e-09,0.00073387276,7.724704e-08,1.9145697e-05
L-BFGS-B,5646,1.4640142e-09,0.0007322497,7.725974e-08,1.9131061e-05
L-BFGS-B,5647,1.4631284e-09,0.00073235173,7.726629e-08,1.913293e-05
L-BFGS-B,5648,1.4633846e-09,0.0007319996,7.7262456e-08,1.9128871e-05
L-BFGS-B,5649,1.4633703e-09,0.00073180743,7.724421e-08,1.912421e-05
L-BFGS-B,5650,1.4658392e-09,0.00073062757,7.725855e-08,1.9114934e-05
L-BFGS-B,5651,1.4610381e-09,0.0007313146,7.727374e-08,1.9123363e-05
L-BFGS-B,5652,1.4632404e-09,0.0007300303,7.7263415e-08,1.9109302e-05
L-BFGS-B,5653,1.4625989e-09,0.00072908937,7.727365e-08,1.910133e-05
L-BFGS-B,5654,1.4618302e-09,0.00072811334,7.727937e-08,1.9092313e-05
L-BFGS-B,5655,1.4612511e-09,0.0007279148,7.728021e-08,1.9090367e-05
L-BFGS-B,5656,1.461157e-09,0.00072756584,7.7268425e-08,1.9085095e-05
L-BFGS-B,5657,1.4611711e-09,0.00072719477,7.727726e-08,1.9082712e-05
L-BFGS-B,5658,1.4600406e-09,0.0007268918,7.727979e-08,1.9079893e-05
L-BFGS-B,5659,1.458449e-09,0.0007265795,7.727759e-08,1.90762e-05
L-BFGS-B,5660,1.4566716e-09,0.0007261054,7.727634e-08,1.9071005e-05
L-BFGS-B,5661,1.4553757e-09,0.000725544,7.727063e-08,1.906434e-05
L-BFGS-B,5662,1.4538688e-09,0.0007246857,7.725658e-08,1.9053425e-05
L-BFGS-B,5663,1.4571973e-09,0.00072541676,7.7258136e-08,1.9061468e-05
L-BFGS-B,5664,1.4544659e-09,0.0007245209,7.725685e-08,1.9051906e-05
L-BFGS-B,5665,1.453122e-09,0.0007247401,7.7267735e-08,1.905553e-05
L-BFGS-B,5666,1.4537871e-09,0.00072434597,7.726032e-08,1.9050576e-05
L-BFGS-B,5667,1.4540561e-09,0.0007238961,7.7263685e-08,1.9046622e-05
L-BFGS-B,5668,1.464664e-09,0.0007318547,7.719434e-08,1.9117399e-05
L-BFGS-B,5669,1.4543868e-09,0.0007239272,7.7256516e-08,1.9045909e-05
L-BFGS-B,5670,1.4539391e-09,0.00072351826,7.726285e-08,1.90427e-05
L-BFGS-B,5671,1.4533691e-09,0.00072334125,7.726094e-08,1.9040559e-05
L-BFGS-B,5672,1.4522638e-09,0.0007232106,7.725644e-08,1.9038413e-05
L-BFGS-B,5673,1.4513183e-09,0.00072307396,7.7247336e-08,1.9035539e-05
L-BFGS-B,5674,1.4495565e-09,0.00072294363,7.723025e-08,1.9031406e-05
L-BFGS-B,5675,1.4512177e-09,0.00072877284,7.72519e-08,1.9093195e-05
L-BFGS-B,5676,1.4490187e-09,0.0007228481,7.723186e-08,1.9030613e-05
L-BFGS-B,5677,1.4491403e-09,0.0007225961,7.722e-08,1.902633e-05
L-BFGS-B,5678,1.449044e-09,0.0007240582,7.7159356e-08,1.9031842e-05
L-BFGS-B,5679,1.4486643e-09,0.0007226928,7.719788e-08,1.902391e-05
L-BFGS-B,5680,1.4527253e-09,0.0007225601,7.718017e-08,1.9020536e-05
L-BFGS-B,5681,1.4587069e-09,0.0007222793,7.7185355e-08,1.9019402e-05
L-BFGS-B,5682,1.4545879e-09,0.0007215255,7.721198e-08,1.901524e-05
L-BFGS-B,5683,1.451072e-09,0.0007209384,7.7212796e-08,1.9008963e-05
L-BFGS-B,5684,1.4538482e-09,0.0007207355,7.7199275e-08,1.9005323e-05
L-BFGS-B,5685,1.4542777e-09,0.0007203603,7.71976e-08,1.9001385e-05
L-BFGS-B,5686,1.4535746e-09,0.00071997684,7.719366e-08,1.8996854e-05
L-BFGS-B,5687,1.4539718e-09,0.0007196268,7.718514e-08,1.8992134e-05
L-BFGS-B,5688,1.4537079e-09,0.0007193448,7.718326e-08,1.8988994e-05
L-BFGS-B,5689,1.4535826e-09,0.000719157,7.71809e-08,1.8986742e-05
L-BFGS-B,5690,1.4528904e-09,0.00071887166,7.718657e-08,1.8984636e-05
L-BFGS-B,5691,1.4531969e-09,0.00071861414,7.718699e-08,1.898217e-05
L-BFGS-B,5692,1.4533672e-09,0.00071815454,7.719011e-08,1.8978066e-05
L-BFGS-B,5693,1.4456534e-09,0.00072588073,7.722716e-08,1.9059731e-05
L-BFGS-B,5694,1.4524326e-09,0.0007181153,7.7191636e-08,1.8977764e-05
L-BFGS-B,5695,1.4526371e-09,0.0007178163,7.71919e-08,1.8974843e-05
L-BFGS-B,5696,1.4532662e-09,0.00071751163,7.719119e-08,1.8971783e-05
L-BFGS-B,5697,1.4532971e-09,0.00071681343,7.719443e-08,1.8965293e-05
L-BFGS-B,5698,1.4523126e-09,0.0007161234,7.718308e-08,1.8956542e-05
L-BFGS-B,5699,1.4509052e-09,0.00071500766,7.7172444e-08,1.8943578e-05
L-BFGS-B,5700,1.4498571e-09,0.00071430445,7.7165936e-08,1.8935414e-05
L-BFGS-B,5701,1.449019e-09,0.0007140812,7.7167705e-08,1.893332e-05
L-BFGS-B,5702,1.4494944e-09,0.00071351114,7.717509e-08,1.8928798e-05
L-BFGS-B,5703,1.4498691e-09,0.0007126896,7.719663e-08,1.892387e-05
L-BFGS-B,5704,1.4498983e-09,0.00071184896,7.720748e-08,1.8917097e-05
L-BFGS-B,5705,1.4496214e-09,0.0007112273,7.721824e-08,1.8912451e-05
L-BFGS-B,5706,1.4473901e-09,0.00071070524,7.721187e-08,1.8905943e-05
L-BFGS-B,5707,1.4465614e-09,0.00071044825,7.720458e-08,1.8902154e-05
L-BFGS-B,5708,1.4468482e-09,0.0007101397,7.7198486e-08,1.8898198e-05
L-BFGS-B,5709,1.4463465e-09,0.0007096057,7.7203836e-08,1.8893585e-05
L-BFGS-B,5710,1.4457336e-09,0.00070900697,7.7216406e-08,1.888939e-05
L-BFGS-B,5711,1.4457999e-09,0.00070848176,7.72239e-08,1.8885272e-05
L-BFGS-B,5712,1.4454328e-09,0.0007081252,7.723041e-08,1.8882627e-05
L-BFGS-B,5713,1.4475213e-09,0.00070877845,7.7221415e-08,1.8888126e-05
L-BFGS-B,5714,1.4458299e-09,0.0007080424,7.722704e-08,1.8881356e-05
L-BFGS-B,5715,1.4454578e-09,0.0007079108,7.720768e-08,1.887708e-05
L-BFGS-B,5716,1.4425113e-09,0.00070765277,7.7182776e-08,1.887032e-05
L-BFGS-B,5717,1.4403447e-09,0.0007078682,7.714586e-08,1.8866613e-05
L-BFGS-B,5718,1.4374874e-09,0.00070739316,7.714344e-08,1.886107e-05
L-BFGS-B,5719,1.4361378e-09,0.00070662197,7.714911e-08,1.8854007e-05
L-BFGS-B,5720,1.4367463e-09,0.0007049449,7.716158e-08,1.8839197e-05
L-BFGS-B,5721,1.4389067e-09,0.0007044675,7.714705e-08,1.8832568e-05
L-BFGS-B,5722,1.4415262e-09,0.00070306077,7.7126465e-08,1.8815806e-05
L-BFGS-B,5723,1.438381e-09,0.00070195476,7.7131396e-08,1.8805014e-05
L-BFGS-B,5724,1.435437e-09,0.00070111454,7.714191e-08,1.8797748e-05
L-BFGS-B,5725,1.4332886e-09,0.0007007807,7.7135546e-08,1.8793133e-05
L-BFGS-B,5726,1.4332482e-09,0.0007001516,7.714063e-08,1.87876e-05
L-BFGS-B,5727,1.4337936e-09,0.00069932506,7.7156315e-08,1.8781768e-05
L-BFGS-B,5728,1.4334873e-09,0.0006989117,7.715606e-08,1.877755e-05
L-BFGS-B,5729,1.4460848e-09,0.0007070117,7.7143646e-08,1.8858576e-05
L-BFGS-B,5730,1.4340225e-09,0.0006985139,7.715249e-08,1.8773115e-05
L-BFGS-B,5731,1.4325994e-09,0.0006979126,7.715095e-08,1.876666e-05
L-BFGS-B,5732,1.4301961e-09,0.0006972683,7.715124e-08,1.8759898e-05
L-BFGS-B,5733,1.429607e-09,0.0006969119,7.7124604e-08,1.8752251e-05
L-BFGS-B,5734,1.4300899e-09,0.0006959933,7.712745e-08,1.8743565e-05
L-BFGS-B,5735,1.4248097e-09,0.00069579226,7.7128384e-08,1.87409e-05
L-BFGS-B,5736,2.3268278e-09,0.0015659698,7.781325e-08,2.768071e-05
L-BFGS-B,5737,1.4268811e-09,0.0006956415,7.7135375e-08,1.8740753e-05
L-BFGS-B,5738,1.4277387e-09,0.0006948031,7.7131986e-08,1.873199e-05
L-BFGS-B,5739,1.4276256e-09,0.0006944224,7.7120994e-08,1.8726516e-05
L-BFGS-B,5740,1.4279202e-09,0.00069375423,7.712198e-08,1.8720028e-05
L-BFGS-B,5741,1.4277364e-09,0.00069309986,7.71146e-08,1.871235e-05
L-BFGS-B,5742,1.4275733e-09,0.0006928293,7.709431e-08,1.8706576e-05
L-BFGS-B,5743,1.4572997e-09,0.00072648586,7.7254754e-08,1.9071667e-05
L-BFGS-B,5744,1.4271662e-09,0.0006924365,7.7104964e-08,1.8704184e-05
L-BFGS-B,5745,1.4273478e-09,0.0006920988,7.710217e-08,1.8700415e-05
L-BFGS-B,5746,1.4277834e-09,0.0006920087,7.708432e-08,1.8696903e-05
L-BFGS-B,5747,1.4293314e-09,0.000691552,7.7077395e-08,1.869153e-05
L-BFGS-B,5748,1.4291383e-09,0.00069126976,7.70775e-08,1.8688694e-05
L-BFGS-B,5749,1.4290857e-09,0.000690777,7.707114e-08,1.8682804e-05
L-BFGS-B,5750,1.4300114e-09,0.0006904124,7.706407e-08,1.8678236e-05
L-BFGS-B,5751,1.4303723e-09,0.00069005316,7.706587e-08,1.8674968e-05
L-BFGS-B,5752,1.428929e-09,0.00069055724,7.704572e-08,1.867677e-05
L-BFGS-B,5753,1.4295668e-09,0.0006900254,7.705753e-08,1.8673318e-05
L-BFGS-B,5754,1.4321314e-09,0.0006904117,7.7080095e-08,1.8680952e-05
L-BFGS-B,5755,1.4298206e-09,0.0006899554,7.706062e-08,1.867312e-05
L-BFGS-B,5756,1.4295499e-09,0.0006897793,7.706062e-08,1.8671319e-05
L-BFGS-B,5757,1.4296125e-09,0.0006897405,7.705643e-08,1.8670311e-05
L-BFGS-B,5758,1.4297994e-09,0.00068972114,7.705096e-08,1.8669325e-05
L-BFGS-B,5759,1.4310179e-09,0.0006896609,7.7044895e-08,1.8667995e-05
L-BFGS-B,5760,1.4315075e-09,0.0006895628,7.703894e-08,1.8666196e-05
L-BFGS-B,5761,1.6217058e-09,0.0009179023,7.702999e-08,2.0976777e-05
L-BFGS-B,5762,1.4314048e-09,0.00068957295,7.703808e-08,1.8666153e-05
L-BFGS-B,5763,1.4320394e-09,0.000689432,7.703782e-08,1.8664798e-05
L-BFGS-B,5764,1.431666e-09,0.0006893388,7.703772e-08,1.8663795e-05
L-BFGS-B,5765,1.4318041e-09,0.0006893785,7.7032546e-08,1.8663437e-05
L-BFGS-B,5766,1.4318686e-09,0.00068918045,7.7037114e-08,1.8662151e-05
L-BFGS-B,5767,1.431987e-09,0.0006890621,7.7038365e-08,1.8661174e-05
L-BFGS-B,5768,1.4327934e-09,0.00068895996,7.7036084e-08,1.8659932e-05
L-BFGS-B,5769,1.4334999e-09,0.0006888936,7.703405e-08,1.8659068e-05
L-BFGS-B,5770,1.4371369e-09,0.00068924594,7.7016246e-08,1.8660467e-05
L-BFGS-B,5771,1.4344504e-09,0.00068892946,7.702903e-08,1.8658817e-05
L-BFGS-B,5772,1.4350329e-09,0.0006888745,7.70284e-08,1.865826e-05
L-BFGS-B,5773,1.4350027e-09,0.0006888175,7.7029e-08,1.8657774e-05
L-BFGS-B,5774,1.4347454e-09,0.0006887268,7.702627e-08,1.8656421e-05
L-BFGS-B,5775,1.4344643e-09,0.00068858603,7.702459e-08,1.8654719e-05
L-BFGS-B,5776,1.4338599e-09,0.000688224,7.702122e-08,1.8650502e-05
L-BFGS-B,5777,1.4319882e-09,0.000688241,7.7012224e-08,1.8649042e-05
L-BFGS-B,5778,1.432384e-09,0.0006880742,7.701033e-08,1.8647148e-05
L-BFGS-B,5779,1.4336416e-09,0.0006878154,7.700536e-08,1.8644005e-05
L-BFGS-B,5780,1.4323374e-09,0.0006878193,7.700245e-08,1.8643412e-05
L-BFGS-B,5781,1.4321605e-09,0.0006875703,7.699805e-08,1.8640236e-05
L-BFGS-B,5782,1.432512e-09,0.00068756205,7.698763e-08,1.8638642e-05
L-BFGS-B,5783,1.4322842e-09,0.00068747724,7.697512e-08,1.8635883e-05
L-BFGS-B,5784,1.4325596e-09,0.0006875833,7.6937134e-08,1.8631286e-05
L-BFGS-B,5785,1.4330748e-09,0.0006873939,7.692864e-08,1.8628198e-05
L-BFGS-B,5786,1.4334001e-09,0.0006878402,7.6915136e-08,1.8630682e-05
L-BFGS-B,5787,1.4329284e-09,0.0006872749,7.692276e-08,1.8626102e-05
L-BFGS-B,5788,1.4327212e-09,0.0006871193,7.6907135e-08,1.8622171e-05
L-BFGS-B,5789,1.4290142e-09,0.0006909504,7.687958e-08,1.8655792e-05
L-BFGS-B,5790,1.4316892e-09,0.0006871122,7.690249e-08,1.862125e-05
L-BFGS-B,5791,1.4311481e-09,0.0006870748,7.68845e-08,1.8618095e-05
L-BFGS-B,5792,1.4311724e-09,0.0006871301,7.686414e-08,1.8615598e-05
L-BFGS-B,5793,1.4304559e-09,0.00068711286,7.685278e-08,1.8613613e-05
L-BFGS-B,5794,1.4299294e-09,0.00068697653,7.685438e-08,1.861241e-05
L-BFGS-B,5795,1.4290077e-09,0.00068685814,7.6859145e-08,1.8611805e-05
L-BFGS-B,5796,1.4281563e-09,0.0006867305,7.6861674e-08,1.8610779e-05
L-BFGS-B,5797,1.4283215e-09,0.00068653194,7.687024e-08,1.8610104e-05
L-BFGS-B,5798,1.4291797e-09,0.0006864552,7.6871544e-08,1.860966e-05
L-BFGS-B,5799,1.4288529e-09,0.0006863945,7.687385e-08,1.8609351e-05
L-BFGS-B,5800,1.4285177e-09,0.0006864155,7.687183e-08,1.8609207e-05
L-BFGS-B,5801,1.4284118e-09,0.0006864361,7.686985e-08,1.8609102e-05
L-BFGS-B,5802,1.4284169e-09,0.00068648416,7.686514e-08,1.8608876e-05
L-BFGS-B,5803,1.4283804e-09,0.0006865273,7.6860545e-08,1.860861e-05
L-BFGS-B,5804,1.4285919e-09,0.0006865391,7.685542e-08,1.8607992e-05
L-BFGS-B,5805,1.4303445e-09,0.00068697333,7.68511e-08,1.861195e-05
L-BFGS-B,5806,1.4288523e-09,0.00068652217,7.685452e-08,1.8607727e-05
L-BFGS-B,5807,1.4289031e-09,0.00068645744,7.685416e-08,1.8607034e-05
L-BFGS-B,5808,1.429433e-09,0.0006863099,7.686e-08,1.8606514e-05
L-BFGS-B,5809,1.4294588e-09,0.0006862185,7.686255e-08,1.8605986e-05
L-BFGS-B,5810,1.4294111e-09,0.0006861006,7.686505e-08,1.8605175e-05
L-BFGS-B,5811,1.42888e-09,0.0006861204,7.686056e-08,1.860462e-05
L-BFGS-B,5812,7.562815e-09,0.0070104897,7.731276e-08,8.283623e-05
L-BFGS-B,5813,1.4356765e-09,0.00069563265,7.683789e-08,1.8697361e-05
L-BFGS-B,5814,1.4287398e-09,0.0006861215,7.685833e-08,1.8604276e-05
L-BFGS-B,5815,1.4280377e-09,0.00068617536,7.685054e-08,1.860354e-05
L-BFGS-B,5816,1.4276069e-09,0.00068627874,7.683834e-08,1.860268e-05
L-BFGS-B,5817,1.4310172e-09,0.0006926055,7.676404e-08,1.8655313e-05
L-BFGS-B,5818,1.4274215e-09,0.00068635424,7.683067e-08,1.8602257e-05
L-BFGS-B,5819,1.4268097e-09,0.0006863508,7.6823845e-08,1.8601106e-05
L-BFGS-B,5820,1.4260253e-09,0.0006863,7.6818594e-08,1.8599692e-05
L-BFGS-B,5821,1.4263424e-09,0.0006860589,7.682513e-08,1.859831e-05
L-BFGS-B,5822,1.4267154e-09,0.0006858131,7.6831476e-08,1.859686e-05
L-BFGS-B,5823,1.4267948e-09,0.00068557065,7.6836166e-08,1.859515e-05
L-BFGS-B,5824,1.4261671e-09,0.00068513607,7.6843534e-08,1.8591816e-05
L-BFGS-B,5825,1.42366e-09,0.00068528106,7.6838255e-08,1.8592098e-05
L-BFGS-B,5826,1.4247038e-09,0.00068501604,7.684057e-08,1.8589952e-05
L-BFGS-B,5827,1.42324e-09,0.00068474724,7.6834425e-08,1.8586123e-05
L-BFGS-B,5828,1.4200716e-09,0.0006843787,7.6827455e-08,1.8580917e-05
L-BFGS-B,5829,1.4185498e-09,0.0006837213,7.68261e-08,1.857391e-05
L-BFGS-B,5830,1.416368e-09,0.00068220566,7.684319e-08,1.8560992e-05
L-BFGS-B,5831,1.4211797e-09,0.00068591925,7.685852e-08,1.8601148e-05
L-BFGS-B,5832,1.416437e-09,0.00068195915,7.6845154e-08,1.855883e-05
L-BFGS-B,5833,1.4174361e-09,0.0006812992,7.685104e-08,1.8553263e-05
L-BFGS-B,5834,1.4189235e-09,0.0006799063,7.686993e-08,1.854239e-05
L-BFGS-B,5835,1.4189836e-09,0.00067903806,7.687983e-08,1.8535202e-05
L-BFGS-B,5836,1.4196293e-09,0.0006786265,7.6871e-08,1.852986e-05
L-BFGS-B,5837,1.421322e-09,0.000679275,7.686218e-08,1.8535275e-05
L-BFGS-B,5838,1.4199023e-09,0.0006784828,7.6867444e-08,1.852793e-05
L-BFGS-B,5839,1.4192066e-09,0.00067822135,7.685858e-08,1.8523882e-05
L-BFGS-B,5840,1.4182753e-09,0.0006775461,7.68725e-08,1.8519078e-05
L-BFGS-B,5841,1.4168705e-09,0.000676732,7.689091e-08,1.8513487e-05
L-BFGS-B,5842,1.4147888e-09,0.0006761062,7.690486e-08,1.8509008e-05
L-BFGS-B,5843,1.4143781e-09,0.00067561027,7.6914525e-08,1.8505438e-05
L-BFGS-B,5844,1.4138576e-09,0.0006752947,7.6919285e-08,1.8502918e-05
L-BFGS-B,5845,1.4125617e-09,0.0006749473,7.6946755e-08,1.850337e-05
L-BFGS-B,5846,1.412852e-09,0.0006747653,7.6932835e-08,1.8499506e-05
L-BFGS-B,5847,1.4126126e-09,0.00067437097,7.693221e-08,1.8495433e-05
L-BFGS-B,5848,1.4124788e-09,0.0006732188,7.693782e-08,1.8484734e-05
L-BFGS-B,5849,1.4127832e-09,0.00067330216,7.692884e-08,1.8484265e-05
L-BFGS-B,5850,1.4122925e-09,0.00067300384,7.693077e-08,1.8481498e-05
L-BFGS-B,5851,1.4117969e-09,0.0006728719,7.693012e-08,1.8480006e-05
L-BFGS-B,5852,1.4107557e-09,0.00067254785,7.693492e-08,1.8477329e-05
L-BFGS-B,5853,1.4091817e-09,0.0006724003,7.692272e-08,1.8473787e-05
L-BFGS-B,5854,1.4092812e-09,0.0006721576,7.691621e-08,1.84704e-05
L-BFGS-B,5855,1.4102378e-09,0.0006719275,7.690745e-08,1.8466928e-05
L-BFGS-B,5856,1.4109615e-09,0.00067230605,7.689813e-08,1.8469425e-05
L-BFGS-B,5857,1.4102115e-09,0.0006717696,7.69036e-08,1.8464769e-05
L-BFGS-B,5858,1.412173e-09,0.0006721618,7.6867195e-08,1.8463523e-05
L-BFGS-B,5859,1.4117024e-09,0.00067152147,7.6872105e-08,1.8457786e-05
L-BFGS-B,5860,1.4117825e-09,0.00067132973,7.6867416e-08,1.8455177e-05
L-BFGS-B,5861,1.4132486e-09,0.0006712564,7.6852125e-08,1.845237e-05
L-BFGS-B,5862,1.4136675e-09,0.000671329,7.68371e-08,1.8450904e-05
L-BFGS-B,5863,1.4135596e-09,0.0006712934,7.683115e-08,1.844964e-05
L-BFGS-B,5864,1.4123372e-09,0.0006710861,7.6828435e-08,1.8446977e-05
L-BFGS-B,5865,1.4107046e-09,0.0006707432,7.6834226e-08,1.844417e-05
L-BFGS-B,5866,1.4089532e-09,0.00067055493,7.683664e-08,1.8442388e-05
L-BFGS-B,5867,1.4083278e-09,0.0006705551,7.684306e-08,1.8443257e-05
L-BFGS-B,5868,1.4085917e-09,0.0006704419,7.683926e-08,1.8441595e-05
L-BFGS-B,5869,1.407964e-09,0.0006703727,7.6838454e-08,1.8440689e-05
L-BFGS-B,5870,1.408285e-09,0.000670309,7.683637e-08,1.8439789e-05
L-BFGS-B,5871,1.4083198e-09,0.0006703485,7.6827476e-08,1.8438854e-05
L-BFGS-B,5872,1.4112445e-09,0.00067073334,7.681659e-08,1.8441508e-05
L-BFGS-B,5873,1.4091941e-09,0.00067028246,7.682335e-08,1.8437706e-05
L-BFGS-B,5874,1.4085072e-09,0.00067026995,7.6814125e-08,1.8436094e-05
L-BFGS-B,5875,1.4078707e-09,0.0006702042,7.681066e-08,1.8434821e-05
L-BFGS-B,5876,1.4075565e-09,0.0006700597,7.6808774e-08,1.8433046e-05
L-BFGS-B,5877,1.4081263e-09,0.0006698096,7.680516e-08,1.8430088e-05
L-BFGS-B,5878,1.4096943e-09,0.0006695595,7.6801776e-08,1.8427316e-05
L-BFGS-B,5879,1.4110453e-09,0.0006693364,7.67964e-08,1.842448e-05
L-BFGS-B,5880,1.4115291e-09,0.000669319,7.6799054e-08,1.8424776e-05
L-BFGS-B,5881,1.4111953e-09,0.0006692191,7.679747e-08,1.8423492e-05
L-BFGS-B,5882,1.4116224e-09,0.0006691038,7.679368e-08,1.8421833e-05
L-BFGS-B,5883,1.4117297e-09,0.0006689735,7.679449e-08,1.842067e-05
L-BFGS-B,5884,1.4120457e-09,0.0006688126,7.67991e-08,1.8419796e-05
L-BFGS-B,5885,1.4120246e-09,0.00066862174,7.680433e-08,1.841867e-05
L-BFGS-B,5886,1.4115895e-09,0.0006681825,7.681876e-08,1.8416376e-05
L-BFGS-B,5887,1.4109436e-09,0.00066778605,7.68296e-08,1.8413943e-05
L-BFGS-B,5888,1.4090549e-09,0.00066741667,7.683743e-08,1.841114e-05
L-BFGS-B,5889,1.408856e-09,0.00066727767,7.683683e-08,1.840963e-05
L-BFGS-B,5890,1.4085785e-09,0.0006672532,7.683163e-08,1.8408564e-05
L-BFGS-B,5891,1.4081045e-09,0.00066736847,7.681595e-08,1.8407292e-05
L-BFGS-B,5892,1.4078585e-09,0.00066743576,7.6815816e-08,1.8407907e-05
L-BFGS-B,5893,1.4079327e-09,0.00066732813,7.681585e-08,1.8406849e-05
L-BFGS-B,5894,1.4079605e-09,0.00066734746,7.680885e-08,1.8405997e-05
L-BFGS-B,5895,1.4082526e-09,0.0006673536,7.680067e-08,1.8404873e-05
L-BFGS-B,5896,1.4083332e-09,0.0006673192,7.679668e-08,1.8403945e-05
L-BFGS-B,5897,1.408484e-09,0.000667225,7.679244e-08,1.8402388e-05
L-BFGS-B,5898,1.4117504e-09,0.00066937867,7.679876e-08,1.8425364e-05
L-BFGS-B,5899,1.4086403e-09,0.00066717697,7.679249e-08,1.8401939e-05
L-BFGS-B,5900,1.4120676e-09,0.0006708855,7.67826e-08,1.8438055e-05
L-BFGS-B,5901,1.4086593e-09,0.0006671653,7.679138e-08,1.8401659e-05
L-BFGS-B,5902,1.4088546e-09,0.00066706806,7.679035e-08,1.840056e-05
L-BFGS-B,5903,1.4087651e-09,0.0006668444,7.6786336e-08,1.839771e-05
L-BFGS-B,5904,1.4087204e-09,0.0006666346,7.677153e-08,1.8393383e-05
L-BFGS-B,5905,1.4087363e-09,0.0006663446,7.675074e-08,1.8387367e-05
L-BFGS-B,5906,1.4089488e-09,0.0006657258,7.671346e-08,1.837562e-05
L-BFGS-B,5907,1.4138505e-09,0.00067245506,7.667361e-08,1.843767e-05
L-BFGS-B,5908,1.4080451e-09,0.000665197,7.669731e-08,1.8367773e-05
L-BFGS-B,5909,1.4076207e-09,0.0006640789,7.667995e-08,1.8353925e-05
L-BFGS-B,5910,1.4092506e-09,0.00066369795,7.6691286e-08,1.835206e-05
L-BFGS-B,5911,1.4096023e-09,0.00066331995,7.669744e-08,1.8349256e-05
L-BFGS-B,5912,1.4088645e-09,0.00066285854,7.6694064e-08,1.8344024e-05
L-BFGS-B,5913,1.4106196e-09,0.0006635346,7.668134e-08,1.834914e-05
L-BFGS-B,5914,1.4087597e-09,0.0006622566,7.6687655e-08,1.8337028e-05
L-BFGS-B,5915,1.4094211e-09,0.0006617184,7.668728e-08,1.8331688e-05
L-BFGS-B,5916,1.4125148e-09,0.0006610399,7.667557e-08,1.8323612e-05
L-BFGS-B,5917,1.4131355e-09,0.00066023524,7.667514e-08,1.8315593e-05
L-BFGS-B,5918,1.4133802e-09,0.0006598327,7.6665756e-08,1.8310198e-05
L-BFGS-B,5919,1.4142808e-09,0.00065959635,7.664896e-08,1.8305449e-05
L-BFGS-B,5920,1.4141713e-09,0.0006595352,7.664152e-08,1.8303705e-05
L-BFGS-B,5921,1.4137027e-09,0.00065913075,7.6649776e-08,1.8300829e-05
L-BFGS-B,5922,1.4135433e-09,0.0006588389,7.665749e-08,1.8299044e-05
L-BFGS-B,5923,1.4138983e-09,0.0006585795,7.666125e-08,1.8297067e-05
L-BFGS-B,5924,1.4127872e-09,0.0006596058,7.666782e-08,1.8308148e-05
L-BFGS-B,5925,1.4132413e-09,0.0006584001,7.666207e-08,1.8295297e-05
L-BFGS-B,5926,1.4138148e-09,0.0006579938,7.6660726e-08,1.8291119e-05
L-BFGS-B,5927,1.4126149e-09,0.0006577314,7.666291e-08,1.8288643e-05
L-BFGS-B,5928,1.4359579e-09,0.00070097134,7.676866e-08,1.8740406e-05
L-BFGS-B,5929,1.4123396e-09,0.00065769866,7.66641e-08,1.8288452e-05
L-BFGS-B,5930,1.4163545e-09,0.0006607433,7.667689e-08,1.832142e-05
L-BFGS-B,5931,1.4123185e-09,0.0006574662,7.66657e-08,1.8286364e-05
L-BFGS-B,5932,1.4139802e-09,0.00065756356,7.664897e-08,1.8285078e-05
L-BFGS-B,5933,1.4105794e-09,0.00065708184,7.664343e-08,1.827892e-05
L-BFGS-B,5934,1.407335e-09,0.0006564617,7.66406e-08,1.8271807e-05
L-BFGS-B,5935,1.4012655e-09,0.000655291,7.663066e-08,1.8257699e-05
L-BFGS-B,5936,1.3997536e-09,0.0006543478,7.6615784e-08,1.824581e-05
L-BFGS-B,5937,1.3969346e-09,0.0006530994,7.6577976e-08,1.822723e-05
L-BFGS-B,5938,1.4002528e-09,0.0006516967,7.65468e-08,1.8209024e-05
L-BFGS-B,5939,1.405702e-09,0.00065240415,7.650103e-08,1.8210052e-05
L-BFGS-B,5940,1.4018233e-09,0.00065095274,7.652442e-08,1.8198465e-05
L-BFGS-B,5941,1.403985e-09,0.00065020676,7.6513906e-08,1.818975e-05
L-BFGS-B,5942,1.4039798e-09,0.00064859155,7.652916e-08,1.8175886e-05
L-BFGS-B,5943,1.4015507e-09,0.00064796594,7.6525346e-08,1.8168694e-05
L-BFGS-B,5944,1.3990562e-09,0.00064742274,7.652316e-08,1.8162558e-05
L-BFGS-B,5945,1.3997732e-09,0.0006470095,7.652778e-08,1.815923e-05
L-BFGS-B,5946,1.3985284e-09,0.0006466643,7.653175e-08,1.8156185e-05
L-BFGS-B,5947,1.3985687e-09,0.00064632995,7.653673e-08,1.8153594e-05
L-BFGS-B,5948,1.3981917e-09,0.00064556464,7.655042e-08,1.8147937e-05
L-BFGS-B,5949,1.39914e-09,0.0006451867,7.655281e-08,1.814466e-05
L-BFGS-B,5950,1.3998684e-09,0.0006448476,7.654554e-08,1.8140287e-05
L-BFGS-B,5951,1.4006415e-09,0.00064452534,7.653875e-08,1.8136161e-05
L-BFGS-B,5952,1.4013316e-09,0.00064448954,7.65276e-08,1.8134235e-05
L-BFGS-B,5953,1.4010648e-09,0.00064428785,7.652759e-08,1.8132176e-05
L-BFGS-B,5954,1.4008606e-09,0.0006441613,7.652571e-08,1.8130599e-05
L-BFGS-B,5955,1.4010804e-09,0.0006441083,7.652288e-08,1.8129678e-05
L-BFGS-B,5956,1.401466e-09,0.0006439422,7.652848e-08,1.8128914e-05
L-BFGS-B,5957,1.4018882e-09,0.0006439597,7.6518155e-08,1.8127603e-05
L-BFGS-B,5958,1.4018814e-09,0.00064385036,7.651717e-08,1.812636e-05
L-BFGS-B,5959,1.4018019e-09,0.0006433287,7.652311e-08,1.8122024e-05
L-BFGS-B,5960,1.4014304e-09,0.00064273016,7.653279e-08,1.8117435e-05
L-BFGS-B,5961,1.3995956e-09,0.0006420486,7.654563e-08,1.811227e-05
L-BFGS-B,5962,1.3960755e-09,0.0006410211,7.657933e-08,1.8106522e-05
L-BFGS-B,5963,1.3961488e-09,0.0006409821,7.6578324e-08,1.8105993e-05
L-BFGS-B,5964,1.3960952e-09,0.000640921,7.657449e-08,1.8104798e-05
L-BFGS-B,5965,1.3955977e-09,0.00064085115,7.6574615e-08,1.8104043e-05
L-BFGS-B,5966,1.3950286e-09,0.0006408217,7.657103e-08,1.8103125e-05
L-BFGS-B,5967,1.3926471e-09,0.00064132566,7.6555985e-08,1.8105551e-05
L-BFGS-B,5968,1.3942564e-09,0.0006408558,7.656671e-08,1.8102703e-05
L-BFGS-B,5969,1.3943068e-09,0.0006408423,7.65611e-08,1.8101735e-05
L-BFGS-B,5970,1.3937869e-09,0.000640761,7.656232e-08,1.8101025e-05
L-BFGS-B,5971,1.3935739e-09,0.00064053346,7.656696e-08,1.8099414e-05
L-BFGS-B,5972,1.401487e-09,0.0006445545,7.6587234e-08,1.8143852e-05
L-BFGS-B,5973,1.3938238e-09,0.0006404636,7.656849e-08,1.8098983e-05
L-BFGS-B,5974,1.3940027e-09,0.000640209,7.6573784e-08,1.8097258e-05
L-BFGS-B,5975,1.3933026e-09,0.0006397991,7.6582644e-08,1.8094383e-05
L-BFGS-B,5976,1.395016e-09,0.00063960825,7.657802e-08,1.8092038e-05
L-BFGS-B,5977,1.3971772e-09,0.0006392375,7.657745e-08,1.8088569e-05
L-BFGS-B,5978,1.3961392e-09,0.0006388527,7.657898e-08,1.8084793e-05
L-BFGS-B,5979,1.3952844e-09,0.00063878886,7.657158e-08,1.808292e-05
L-BFGS-B,5980,1.3943164e-09,0.0006391599,7.655287e-08,1.8083676e-05
L-BFGS-B,5981,1.3948463e-09,0.0006388559,7.656431e-08,1.8082434e-05
L-BFGS-B,5982,1.3941386e-09,0.0006387931,7.656195e-08,1.8081344e-05
L-BFGS-B,5983,1.3937019e-09,0.00063883484,7.65551e-08,1.8080667e-05
L-BFGS-B,5984,1.3926914e-09,0.0006387453,7.655904e-08,1.8080213e-05
L-BFGS-B,5985,1.3925742e-09,0.0006387046,7.656011e-08,1.8079949e-05
L-BFGS-B,5986,1.3926084e-09,0.0006386582,7.656164e-08,1.807972e-05
L-BFGS-B,5987,1.3926722e-09,0.0006386185,7.6562976e-08,1.8079532e-05
L-BFGS-B,5988,1.3925554e-09,0.00063858385,7.656348e-08,1.8079245e-05
L-BFGS-B,5989,1.3926005e-09,0.0006385257,7.656292e-08,1.8078585e-05
L-BFGS-B,5990,1.3921719e-09,0.0006384585,7.65615e-08,1.8077637e-05
L-BFGS-B,5991,1.3914302e-09,0.000638392,7.655777e-08,1.8076298e-05
L-BFGS-B,5992,1.3906484e-09,0.0006382927,7.655512e-08,1.8074792e-05
L-BFGS-B,5993,1.3897958e-09,0.00063916994,7.6528174e-08,1.8079394e-05
L-BFGS-B,5994,1.3903363e-09,0.0006383525,7.654929e-08,1.8074468e-05
L-BFGS-B,5995,1.3901894e-09,0.0006382519,7.654848e-08,1.8073319e-05
L-BFGS-B,5996,1.3903596e-09,0.0006381427,7.65499e-08,1.8072466e-05
L-BFGS-B,5997,1.3911988e-09,0.00063802995,7.65499e-08,1.8071465e-05
L-BFGS-B,5998,1.3925703e-09,0.00063835515,7.655142e-08,1.807515e-05
L-BFGS-B,5999,1.3913833e-09,0.0006380165,7.655002e-08,1.8071376e-05
L-BFGS-B,6000,1.3910616e-09,0.00063784857,7.65589e-08,1.807098e-05
L-BFGS-B,6001,1.391104e-09,0.0006377695,7.6553924e-08,1.8069448e-05
L-BFGS-B,6002,1.3913056e-09,0.0006376027,7.6547515e-08,1.806685e-05
L-BFGS-B,6003,1.3908621e-09,0.0006373749,7.654736e-08,1.8064482e-05
L-BFGS-B,6004,1.391092e-09,0.00063718285,7.654634e-08,1.8062445e-05
L-BFGS-B,6005,1.3917272e-09,0.0006370534,7.654368e-08,1.8060844e-05
L-BFGS-B,6006,1.3923261e-09,0.00063683384,7.654841e-08,1.8059449e-05
L-BFGS-B,6007,1.3925969e-09,0.00063672906,7.65451e-08,1.8057945e-05
L-BFGS-B,6008,1.3923184e-09,0.00063663075,7.65388e-08,1.8055975e-05
L-BFGS-B,6009,1.3923387e-09,0.00063644355,7.6528345e-08,1.8052539e-05
L-BFGS-B,6010,1.392077e-09,0.000636211,7.652228e-08,1.8049263e-05
L-BFGS-B,6011,1.4000199e-09,0.0006401773,7.6418594e-08,1.8074565e-05
L-BFGS-B,6012,1.3932323e-09,0.0006363539,7.650013e-08,1.8047544e-05
L-BFGS-B,6013,1.3932571e-09,0.00063580123,7.650366e-08,1.804255e-05
L-BFGS-B,6014,1.3960207e-09,0.00063747703,7.65124e-08,1.8061033e-05
L-BFGS-B,6015,1.3935307e-09,0.000635647,7.6503845e-08,1.8041075e-05
L-BFGS-B,6016,1.3938993e-09,0.00063555624,7.650425e-08,1.8040286e-05
L-BFGS-B,6017,1.3935673e-09,0.0006354071,7.650365e-08,1.8038654e-05
L-BFGS-B,6018,1.3934727e-09,0.0006350283,7.6509245e-08,1.8035691e-05
L-BFGS-B,6019,1.3924589e-09,0.0006348301,7.65085e-08,1.8033445e-05
L-BFGS-B,6020,1.3929191e-09,0.0006347298,7.650769e-08,1.803239e-05
L-BFGS-B,6021,1.3910523e-09,0.00063460146,7.649034e-08,1.8028222e-05
L-BFGS-B,6022,1.3901927e-09,0.00063473807,7.6465184e-08,1.8025687e-05
L-BFGS-B,6023,1.3895204e-09,0.0006342591,7.6468375e-08,1.8021274e-05
L-BFGS-B,6024,1.3894301e-09,0.00063407887,7.6458264e-08,1.8017941e-05
L-BFGS-B,6025,1.3889838e-09,0.00063393894,7.64392e-08,1.8013616e-05
L-BFGS-B,6026,1.3882423e-09,0.0006337601,7.639978e-08,1.8005805e-05
L-BFGS-B,6027,1.3859939e-09,0.00063386065,7.6365154e-08,1.800128e-05
L-BFGS-B,6028,1.3844776e-09,0.00063432445,7.629812e-08,1.7995635e-05
L-BFGS-B,6029,1.3879811e-09,0.00063735334,7.625853e-08,1.802051e-05
L-BFGS-B,6030,1.3844466e-09,0.0006341724,7.628829e-08,1.7992634e-05
L-BFGS-B,6031,1.383988e-09,0.000634121,7.628084e-08,1.7990935e-05
L-BFGS-B,6032,1.383813e-09,0.0006337139,7.628311e-08,1.7987179e-05
L-BFGS-B,6033,1.3834022e-09,0.0006332095,7.6286696e-08,1.798261e-05
L-BFGS-B,6034,1.3842486e-09,0.00063285383,7.626975e-08,1.7976638e-05
L-BFGS-B,6035,1.3854256e-09,0.0006318011,7.627087e-08,1.7966455e-05
L-BFGS-B,6036,1.3916833e-09,0.0006341435,7.624568e-08,1.798704e-05
L-BFGS-B,6037,1.3862496e-09,0.0006312773,7.6262e-08,1.796001e-05
L-BFGS-B,6038,1.3865666e-09,0.00063065713,7.624801e-08,1.7951757e-05
L-BFGS-B,6039,1.3849691e-09,0.00063118886,7.621045e-08,1.79512e-05
L-BFGS-B,6040,1.3853614e-09,0.000630317,7.622824e-08,1.794521e-05
L-BFGS-B,6041,1.3835618e-09,0.00062941323,7.62256e-08,1.7935505e-05
L-BFGS-B,6042,1.385756e-09,0.0006319922,7.622366e-08,1.7961334e-05
L-BFGS-B,6043,1.383028e-09,0.00062895846,7.622431e-08,1.7930684e-05
L-BFGS-B,6044,1.3863842e-09,0.0006347478,7.6203065e-08,1.7985894e-05
L-BFGS-B,6045,1.3822617e-09,0.0006284469,7.6215095e-08,1.7924072e-05
L-BFGS-B,6046,1.4613184e-09,0.0007108886,7.643315e-08,1.8793056e-05
L-BFGS-B,6047,1.3823246e-09,0.0006282484,7.622027e-08,1.7922874e-05
L-BFGS-B,6048,1.39618415e-08,0.013202115,7.723005e-08,0.00014569993
L-BFGS-B,6049,1.4109344e-09,0.0006492937,7.615336e-08,1.8127581e-05
L-BFGS-B,6050,1.3829935e-09,0.00062816305,7.6212274e-08,1.792092e-05
L-BFGS-B,6051,1.3815402e-09,0.00062708836,7.62335e-08,1.791314e-05
L-BFGS-B,6052,1.3789033e-09,0.00062738924,7.6217475e-08,1.791335e-05
L-BFGS-B,6053,1.3795248e-09,0.0006264389,7.622482e-08,1.790504e-05
L-BFGS-B,6054,1.3774529e-09,0.0006255072,7.623192e-08,1.7896478e-05
L-BFGS-B,6055,1.3772972e-09,0.00062561664,7.619183e-08,1.7891536e-05
L-BFGS-B,6056,1.3760746e-09,0.0006250094,7.619202e-08,1.7885308e-05
L-BFGS-B,6057,1.3762721e-09,0.00062455726,7.61891e-08,1.7880378e-05
L-BFGS-B,6058,1.3788081e-09,0.0006241332,7.6178374e-08,1.7874909e-05
L-BFGS-B,6059,1.3783737e-09,0.0006245239,7.6154556e-08,1.7875178e-05
L-BFGS-B,6060,1.3782173e-09,0.0006239619,7.616631e-08,1.7871298e-05
L-BFGS-B,6061,1.3759797e-09,0.0006237126,7.61766e-08,1.7870012e-05
L-BFGS-B,6062,1.3763121e-09,0.000623547,7.617275e-08,1.786783e-05
L-BFGS-B,6063,1.377222e-09,0.0006233575,7.617495e-08,1.78664e-05
L-BFGS-B,6064,1.3766244e-09,0.0006232138,7.617828e-08,1.7865374e-05
L-BFGS-B,6065,1.3754525e-09,0.00062306516,7.618222e-08,1.7864302e-05
L-BFGS-B,6066,1.3748352e-09,0.0006229914,7.618231e-08,1.7863485e-05
L-BFGS-B,6067,1.3744543e-09,0.00062297814,7.617849e-08,1.7862723e-05
L-BFGS-B,6068,1.3742981e-09,0.00062297576,7.617165e-08,1.786165e-05
L-BFGS-B,6069,1.3745569e-09,0.00062300684,7.6159296e-08,1.7860146e-05
L-BFGS-B,6070,1.3748719e-09,0.00062301295,7.615204e-08,1.7859165e-05
L-BFGS-B,6071,1.3757641e-09,0.00062295067,7.614883e-08,1.7858196e-05
L-BFGS-B,6072,1.3763064e-09,0.00062284386,7.6149206e-08,1.7857266e-05
L-BFGS-B,6073,1.3769832e-09,0.0006226199,7.615617e-08,1.7856171e-05
L-BFGS-B,6074,1.3770686e-09,0.00062250905,7.615631e-08,1.7855096e-05
L-BFGS-B,6075,1.3752812e-09,0.0006223235,7.6172206e-08,1.7855358e-05
L-BFGS-B,6076,1.3761402e-09,0.00062229857,7.6163666e-08,1.7853956e-05
L-BFGS-B,6077,1.376168e-09,0.0006221591,7.616423e-08,1.785265e-05
L-BFGS-B,6078,1.3766969e-09,0.00062185316,7.616831e-08,1.7850283e-05
L-BFGS-B,6079,1.3777016e-09,0.0006214653,7.6170195e-08,1.7846838e-05
L-BFGS-B,6080,1.3790938e-09,0.00062063267,7.617916e-08,1.7840064e-05
L-BFGS-B,6081,1.3812985e-09,0.0006201213,7.617918e-08,1.7835286e-05
L-BFGS-B,6082,1.3808323e-09,0.0006198494,7.616239e-08,1.7829976e-05
L-BFGS-B,6083,1.3775067e-09,0.00061907904,7.6180534e-08,1.7824495e-05
L-BFGS-B,6084,1.3751379e-09,0.00061870937,7.616838e-08,1.781862e-05
L-BFGS-B,6085,1.3748885e-09,0.0006184173,7.616808e-08,1.7815619e-05
L-BFGS-B,6086,1.3736626e-09,0.000617977,7.616485e-08,1.7810547e-05
L-BFGS-B,6087,1.3735614e-09,0.00061767385,7.6164234e-08,1.7807408e-05
L-BFGS-B,6088,1.3727707e-09,0.0006173968,7.6145604e-08,1.7801724e-05
L-BFGS-B,6089,1.3730209e-09,0.00061704806,7.614063e-08,1.7797527e-05
L-BFGS-B,6090,1.3749729e-09,0.00061677844,7.6130036e-08,1.7793536e-05
L-BFGS-B,6091,1.3757766e-09,0.0006164979,7.612381e-08,1.7789916e-05
L-BFGS-B,6092,1.375169e-09,0.00061640993,7.61194e-08,1.7788285e-05
L-BFGS-B,6093,1.3750153e-09,0.0006161603,7.612461e-08,1.7786548e-05
L-BFGS-B,6094,1.3757033e-09,0.00061600126,7.612671e-08,1.7785374e-05
L-BFGS-B,6095,1.3766869e-09,0.0006157546,7.6129496e-08,1.7783474e-05
L-BFGS-B,6096,1.4071975e-09,0.0006775665,7.6197686e-08,1.8416398e-05
L-BFGS-B,6097,1.3744216e-09,0.00061591476,7.6129574e-08,1.7784747e-05
L-BFGS-B,6098,1.3757364e-09,0.00061569095,7.6129226e-08,1.7782653e-05
L-BFGS-B,6099,1.3756549e-09,0.00061545614,7.6133475e-08,1.778093e-05
L-BFGS-B,6100,1.3758449e-09,0.0006153393,7.61325e-08,1.7779645e-05
L-BFGS-B,6101,1.3751318e-09,0.00061524886,7.613352e-08,1.7778786e-05
L-BFGS-B,6102,1.374995e-09,0.0006152062,7.6129616e-08,1.7777755e-05
L-BFGS-B,6103,1.3750331e-09,0.00061520084,7.612302e-08,1.7776716e-05
L-BFGS-B,6104,1.3763443e-09,0.0006152209,7.611522e-08,1.7775945e-05
L-BFGS-B,6105,1.3773577e-09,0.00062195165,7.6067415e-08,1.7836232e-05
L-BFGS-B,6106,1.3758314e-09,0.0006152379,7.611087e-08,1.7775385e-05
L-BFGS-B,6107,1.37636e-09,0.00061517983,7.610819e-08,1.777448e-05
L-BFGS-B,6108,1.377654e-09,0.0006150859,7.610166e-08,1.7772754e-05
L-BFGS-B,6109,1.3777782e-09,0.000615038,7.6099184e-08,1.7771925e-05
L-BFGS-B,6110,1.3777662e-09,0.0006150329,7.60943e-08,1.7771139e-05
L-BFGS-B,6111,1.3778402e-09,0.00061509095,7.608636e-08,1.7770539e-05
L-BFGS-B,6112,1.3772411e-09,0.00061494834,7.609151e-08,1.7769797e-05
L-BFGS-B,6113,1.37714e-09,0.00061480876,7.609635e-08,1.776911e-05
L-BFGS-B,6114,1.3771083e-09,0.000614701,7.609963e-08,1.7768522e-05
L-BFGS-B,6115,1.3772105e-09,0.0006146874,7.6099866e-08,1.7768434e-05
L-BFGS-B,6116,1.3774413e-09,0.00061468844,7.6096434e-08,1.7767965e-05
L-BFGS-B,6117,1.3774646e-09,0.0006147078,7.609247e-08,1.7767568e-05
L-BFGS-B,6118,1.3778848e-09,0.0006147769,7.608579e-08,1.7767321e-05
L-BFGS-B,6119,1.3780244e-09,0.0006148867,7.6081164e-08,1.7767745e-05
L-BFGS-B,6120,1.3778967e-09,0.0006147846,7.6084355e-08,1.7767183e-05
L-BFGS-B,6121,1.377781e-09,0.00061474304,7.608521e-08,1.7766879e-05
L-BFGS-B,6122,1.3777244e-09,0.0006146762,7.608674e-08,1.7766433e-05
L-BFGS-B,6123,1.3776424e-09,0.00061446836,7.6092796e-08,1.776525e-05
L-BFGS-B,6124,1.3775396e-09,0.000614346,7.6095226e-08,1.7764374e-05
L-BFGS-B,6125,1.3770529e-09,0.0006142733,7.6096576e-08,1.7763778e-05
L-BFGS-B,6126,1.3780104e-09,0.0006148755,7.6095525e-08,1.7769786e-05
L-BFGS-B,6127,1.3770867e-09,0.00061419804,7.60962e-08,1.7762974e-05
L-BFGS-B,6128,1.3769973e-09,0.0006141224,7.609572e-08,1.7762131e-05
L-BFGS-B,6129,1.37652e-09,0.0006139348,7.609163e-08,1.775957e-05
L-BFGS-B,6130,1.3760848e-09,0.00061395194,7.6081854e-08,1.775821e-05
L-BFGS-B,6131,1.3752295e-09,0.00061396696,7.6072354e-08,1.7756807e-05
L-BFGS-B,6132,1.374816e-09,0.00061397225,7.6067764e-08,1.7756109e-05
L-BFGS-B,6133,1.374287e-09,0.00061386457,7.607075e-08,1.7755401e-05
L-BFGS-B,6134,1.3744238e-09,0.00061383005,7.607028e-08,1.7755005e-05
L-BFGS-B,6135,1.3746201e-09,0.00061378203,7.607043e-08,1.7754577e-05
L-BFGS-B,6136,1.3755825e-09,0.00061359553,7.60872e-08,1.7755372e-05
L-BFGS-B,6137,1.3748834e-09,0.00061368686,7.6075594e-08,1.7754439e-05
L-BFGS-B,6138,1.3746219e-09,0.0006136902,7.607219e-08,1.7753924e-05
L-BFGS-B,6139,1.62691e-09,0.00090617075,7.620589e-08,2.0736628e-05
L-BFGS-B,6140,1.3734405e-09,0.00061376166,7.6070144e-08,1.7754153e-05
L-BFGS-B,6141,1.3740854e-09,0.0006136756,7.6071245e-08,1.7753555e-05
L-BFGS-B,6142,1.3736033e-09,0.00061366777,7.606843e-08,1.7752984e-05
L-BFGS-B,6143,1.3719221e-09,0.00061454973,7.604431e-08,1.7757931e-05
L-BFGS-B,6144,1.3730159e-09,0.00061370665,7.606268e-08,1.7752422e-05
L-BFGS-B,6145,1.3712964e-09,0.00061359257,7.605913e-08,1.775049e-05
L-BFGS-B,6146,1.3699399e-09,0.0006134529,7.605494e-08,1.774826e-05
L-BFGS-B,6147,1.367647e-09,0.0006131803,7.605355e-08,1.7744984e-05
L-BFGS-B,6148,1.3666512e-09,0.0006129027,7.605535e-08,1.7742326e-05
L-BFGS-B,6149,1.3645846e-09,0.00061252376,7.606699e-08,1.7739974e-05
L-BFGS-B,6150,1.3630499e-09,0.00061182457,7.609909e-08,1.7737566e-05
L-BFGS-B,6151,1.3644694e-09,0.0006118637,7.609711e-08,1.7737873e-05
L-BFGS-B,6152,1.3632269e-09,0.0006112788,7.60969e-08,1.7731807e-05
L-BFGS-B,6153,1.3636631e-09,0.0006109412,7.608334e-08,1.7726463e-05
L-BFGS-B,6154,1.3625395e-09,0.00061031897,7.609132e-08,1.7721268e-05
L-BFGS-B,6155,1.361056e-09,0.00060943654,7.611898e-08,1.7716371e-05
L-BFGS-B,6156,1.3613142e-09,0.00060926465,7.613287e-08,1.7716773e-05
L-BFGS-B,6157,1.3608291e-09,0.00060898263,7.61257e-08,1.7712806e-05
L-BFGS-B,6158,1.3615853e-09,0.00060887414,7.6123115e-08,1.7711447e-05
L-BFGS-B,6159,1.3617667e-09,0.0006086467,7.612553e-08,1.770956e-05
L-BFGS-B,6160,1.3621713e-09,0.00060902064,7.611794e-08,1.7712224e-05
L-BFGS-B,6161,1.3617631e-09,0.0006085958,7.6122866e-08,1.7708651e-05
L-BFGS-B,6162,1.3595742e-09,0.00060837134,7.613627e-08,1.770809e-05
L-BFGS-B,6163,1.3620642e-09,0.00060785114,7.61551e-08,1.7706087e-05
L-BFGS-B,6164,1.3641116e-09,0.0006102429,7.613742e-08,1.7727658e-05
L-BFGS-B,6165,1.3618822e-09,0.0006077382,7.615124e-08,1.7704351e-05
L-BFGS-B,6166,1.3611089e-09,0.0006074898,7.615236e-08,1.7701917e-05
L-BFGS-B,6167,1.3589168e-09,0.000606954,7.6158265e-08,1.7697117e-05
L-BFGS-B,6168,1.3574716e-09,0.0006066414,7.616912e-08,1.7695402e-05
L-BFGS-B,6169,1.3620511e-09,0.00060666987,7.61761e-08,1.769742e-05
L-BFGS-B,6170,1.3591049e-09,0.00060638244,7.6171695e-08,1.7693445e-05
L-BFGS-B,6171,1.3587373e-09,0.000606475,7.615889e-08,1.7692393e-05
L-BFGS-B,6172,1.3589501e-09,0.0006061831,7.616904e-08,1.7691029e-05
L-BFGS-B,6173,1.3586725e-09,0.00060603686,7.6174146e-08,1.769029e-05
L-BFGS-B,6174,1.360379e-09,0.0006061811,7.617074e-08,1.769148e-05
L-BFGS-B,6175,1.3591637e-09,0.00060600945,7.6172924e-08,1.7689907e-05
L-BFGS-B,6176,1.3590019e-09,0.0006059799,7.6168014e-08,1.7688852e-05
L-BFGS-B,6177,1.3582585e-09,0.0006058509,7.617256e-08,1.7688133e-05
L-BFGS-B,6178,1.3582087e-09,0.0006057531,7.617342e-08,1.7687275e-05
L-BFGS-B,6179,1.3578602e-09,0.0006055943,7.6178175e-08,1.7686347e-05
L-BFGS-B,6180,1.3578233e-09,0.0006053035,7.619092e-08,1.7685346e-05
L-BFGS-B,6181,1.357614e-09,0.00060522003,7.6192e-08,1.7684642e-05
L-BFGS-B,6182,1.3573017e-09,0.0006050668,7.6198425e-08,1.7684026e-05
L-BFGS-B,6183,1.3582907e-09,0.00060504285,7.619735e-08,1.7683775e-05
L-BFGS-B,6184,1.3573809e-09,0.00060465967,7.621441e-08,1.7682365e-05
L-BFGS-B,6185,1.3577177e-09,0.00060449785,7.6221e-08,1.7681785e-05
L-BFGS-B,6186,1.3577135e-09,0.00060432823,7.62236e-08,1.7680479e-05
L-BFGS-B,6187,1.3580853e-09,0.00060425804,7.6223834e-08,1.7679868e-05
L-BFGS-B,6188,1.358124e-09,0.0006042693,7.622189e-08,1.7679695e-05
L-BFGS-B,6189,1.3580325e-09,0.0006042064,7.622328e-08,1.767926e-05
L-BFGS-B,6190,1.3580123e-09,0.00060429674,7.621528e-08,1.7678962e-05
L-BFGS-B,6191,1.357679e-09,0.0006041988,7.6218356e-08,1.7678392e-05
L-BFGS-B,6192,1.3568965e-09,0.0006040445,7.622276e-08,1.7677394e-05
L-BFGS-B,6193,1.3566903e-09,0.00060395064,7.6222946e-08,1.7676452e-05
L-BFGS-B,6194,1.3564573e-09,0.000603754,7.62271e-08,1.7675075e-05
L-BFGS-B,6195,1.3570891e-09,0.00060374656,7.6220644e-08,1.7674127e-05
L-BFGS-B,6196,1.3572166e-09,0.00060360844,7.622349e-08,1.7673192e-05
L-BFGS-B,6197,1.3574626e-09,0.00060349406,7.6224964e-08,1.7672304e-05
L-BFGS-B,6198,1.3559611e-09,0.0006038783,7.62115e-08,1.7673901e-05
L-BFGS-B,6199,1.357019e-09,0.00060353905,7.622137e-08,1.7672148e-05
L-BFGS-B,6200,1.3587995e-09,0.00060351525,7.6218925e-08,1.7671811e-05
L-BFGS-B,6201,1.3584036e-09,0.00060341554,7.622026e-08,1.7670955e-05
L-BFGS-B,6202,1.3580711e-09,0.0006033138,7.622259e-08,1.7670238e-05
L-BFGS-B,6203,1.3586828e-09,0.00060314435,7.622496e-08,1.766899e-05
L-BFGS-B,6204,1.3589176e-09,0.00060300017,7.6222975e-08,1.7667286e-05
L-BFGS-B,6205,1.3601538e-09,0.0006029396,7.623088e-08,1.7668051e-05
L-BFGS-B,6206,1.3593999e-09,0.00060272624,7.622624e-08,1.7665108e-05
L-BFGS-B,6207,1.3604894e-09,0.0006025079,7.622008e-08,1.7662165e-05
L-BFGS-B,6208,1.3608402e-09,0.0006024127,7.62228e-08,1.7661672e-05
L-BFGS-B,6209,1.3605733e-09,0.00060235837,7.622128e-08,1.7660863e-05
L-BFGS-B,6210,1.3605003e-09,0.0006022435,7.622441e-08,1.7660172e-05
L-BFGS-B,6211,1.3614337e-09,0.0006023274,7.621976e-08,1.7660454e-05
L-BFGS-B,6212,1.3608396e-09,0.00060216774,7.622214e-08,1.7659124e-05
L-BFGS-B,6213,1.3609353e-09,0.0006022234,7.621672e-08,1.7658882e-05
L-BFGS-B,6214,1.3605612e-09,0.00060207356,7.621949e-08,1.7657743e-05
L-BFGS-B,6215,1.3604031e-09,0.00060203334,7.6219976e-08,1.765739e-05
L-BFGS-B,6216,1.360177e-09,0.0006019557,7.622218e-08,1.765691e-05
L-BFGS-B,6217,1.3600815e-09,0.00060190156,7.622358e-08,1.7656565e-05
L-BFGS-B,6218,1.3602778e-09,0.00060188246,7.6222726e-08,1.7656275e-05
L-BFGS-B,6219,1.3606788e-09,0.00060182053,7.622351e-08,1.7655833e-05
L-BFGS-B,6220,1.3614635e-09,0.0006017338,7.6225014e-08,1.765531e-05
L-BFGS-B,6221,1.3626539e-09,0.00060169195,7.6225405e-08,1.765513e-05
L-BFGS-B,6222,1.362541e-09,0.00060159736,7.6227685e-08,1.7654507e-05
L-BFGS-B,6223,1.3623815e-09,0.0006015952,7.6225774e-08,1.7654176e-05
L-BFGS-B,6224,1.3622681e-09,0.0006015755,7.6223834e-08,1.765367e-05
L-BFGS-B,6225,1.3618167e-09,0.00060155254,7.622312e-08,1.7653265e-05
L-BFGS-B,6226,1.3623196e-09,0.00060150085,7.622434e-08,1.7653007e-05
L-BFGS-B,6227,1.3623228e-09,0.00060146797,7.622386e-08,1.7652608e-05
L-BFGS-B,6228,1.3620663e-09,0.0006014355,7.622422e-08,1.7652297e-05
L-BFGS-B,6229,1.3619639e-09,0.0006014091,7.622385e-08,1.7651962e-05
L-BFGS-B,6230,1.3617532e-09,0.0006012715,7.622956e-08,1.7651411e-05
L-BFGS-B,6231,1.3624892e-09,0.0006016069,7.620777e-08,1.7651608e-05
L-BFGS-B,6232,1.3620667e-09,0.00060136284,7.621972e-08,1.7650897e-05
L-BFGS-B,6233,1.3621342e-09,0.0006012628,7.6223444e-08,1.7650464e-05
L-BFGS-B,6234,1.3628934e-09,0.00060103124,7.622948e-08,1.7649169e-05
L-BFGS-B,6235,1.3635222e-09,0.0006008646,7.623265e-08,1.7648072e-05
L-BFGS-B,6236,1.3639012e-09,0.00060057075,7.623792e-08,1.764598e-05
L-BFGS-B,6237,1.3670449e-09,0.0006006436,7.6254835e-08,1.7649718e-05
L-BFGS-B,6238,1.3646356e-09,0.0006004025,7.6243055e-08,1.764518e-05
L-BFGS-B,6239,1.3635704e-09,0.00060024037,7.624239e-08,1.7643297e-05
L-BFGS-B,6240,1.3616657e-09,0.00060016144,7.6234954e-08,1.7641107e-05
L-BFGS-B,6241,1.3590264e-09,0.0005998729,7.623891e-08,1.763842e-05
L-BFGS-B,6242,1.3570444e-09,0.00059969124,7.6238216e-08,1.7636201e-05
L-BFGS-B,6243,1.357396e-09,0.0005993531,7.6245406e-08,1.7633953e-05
L-BFGS-B,6244,1.3589283e-09,0.00059901306,7.625239e-08,1.7631828e-05
L-BFGS-B,6245,1.3610264e-09,0.0005989022,7.624784e-08,1.7630351e-05
L-BFGS-B,6246,1.3622591e-09,0.00059857534,7.62591e-08,1.7628958e-05
L-BFGS-B,6247,1.361799e-09,0.0005983918,7.625979e-08,1.7627157e-05
L-BFGS-B,6248,1.3612539e-09,0.0005982252,7.625815e-08,1.7625161e-05
L-BFGS-B,6249,1.3605793e-09,0.00059797376,7.6260044e-08,1.7622831e-05
L-BFGS-B,6250,1.3604439e-09,0.0005975351,7.627189e-08,1.7620201e-05
L-BFGS-B,6251,1.3612499e-09,0.000597846,7.628806e-08,1.7625856e-05
L-BFGS-B,6252,1.3604543e-09,0.0005974157,7.627567e-08,1.7619575e-05
L-BFGS-B,6253,1.3613201e-09,0.0005971509,7.628045e-08,1.7617775e-05
L-BFGS-B,6254,1.3627474e-09,0.00059685606,7.629035e-08,1.7616525e-05
L-BFGS-B,6255,1.3639745e-09,0.000596755,7.62944e-08,1.7616307e-05
L-BFGS-B,6256,1.3633065e-09,0.0005967339,7.6292366e-08,1.761569e-05
L-BFGS-B,6257,1.3632995e-09,0.0005966217,7.629156e-08,1.7614446e-05
L-BFGS-B,6258,1.3624021e-09,0.0005975543,7.629115e-08,1.7623575e-05
L-BFGS-B,6259,1.3628301e-09,0.0005965619,7.6291506e-08,1.761377e-05
L-BFGS-B,6260,1.3618114e-09,0.0005962316,7.630488e-08,1.761232e-05
L-BFGS-B,6261,1.3618967e-09,0.0005962767,7.629365e-08,1.7611099e-05
L-BFGS-B,6262,1.3620163e-09,0.0005962352,7.629102e-08,1.7610308e-05
L-BFGS-B,6263,1.3617963e-09,0.0005962211,7.6288934e-08,1.7609822e-05
L-BFGS-B,6264,1.3618836e-09,0.00059612805,7.629464e-08,1.760976e-05
L-BFGS-B,6265,1.3611412e-09,0.0006035836,7.62779e-08,1.7681692e-05
L-BFGS-B,6266,1.3615905e-09,0.00059612736,7.629378e-08,1.7609578e-05
L-BFGS-B,6267,1.3613842e-09,0.0005961048,7.629205e-08,1.7609062e-05
L-BFGS-B,6268,1.3611721e-09,0.00059603195,7.629372e-08,1.7608552e-05
L-BFGS-B,6269,1.3612456e-09,0.0005962264,7.6284344e-08,1.7609103e-05
L-BFGS-B,6270,1.3611676e-09,0.0005960696,7.629049e-08,1.7608445e-05
L-BFGS-B,6271,1.3609058e-09,0.0005960241,7.629134e-08,1.760808e-05
L-BFGS-B,6272,1.3784645e-09,0.00061179855,7.632078e-08,1.7772873e-05
L-BFGS-B,6273,1.3608561e-09,0.00059600815,7.6292e-08,1.760801e-05
L-BFGS-B,6274,1.3604106e-09,0.0005959839,7.6289915e-08,1.7607388e-05
L-BFGS-B,6275,1.360305e-09,0.0005959927,7.628751e-08,1.7607099e-05
L-BFGS-B,6276,1.3602943e-09,0.0005960199,7.628451e-08,1.7606919e-05
L-BFGS-B,6277,1.3603658e-09,0.0005960189,7.6282376e-08,1.76066e-05
L-BFGS-B,6278,1.3605514e-09,0.0005960086,7.628045e-08,1.7606237e-05
L-BFGS-B,6279,1.3604605e-09,0.0005960332,7.627554e-08,1.7605733e-05
L-BFGS-B,6280,1.3603144e-09,0.0005960547,7.627041e-08,1.7605154e-05
L-BFGS-B,6281,1.3596844e-09,0.0005961088,7.626446e-08,1.760471e-05
L-BFGS-B,6282,1.3593124e-09,0.00059615064,7.625976e-08,1.7604367e-05
L-BFGS-B,6283,1.3590712e-09,0.0005961012,7.62584e-08,1.7603634e-05
L-BFGS-B,6284,1.3587e-09,0.00059605646,7.625617e-08,1.7602795e-05
L-BFGS-B,6285,1.358651e-09,0.00059596286,7.625656e-08,1.760191e-05
L-BFGS-B,6286,1.3576646e-09,0.00059597945,7.625383e-08,1.7601518e-05
L-BFGS-B,6287,1.3576815e-09,0.00059584196,7.6256086e-08,1.7600485e-05
L-BFGS-B,6288,1.3572714e-09,0.0005957967,7.625608e-08,1.759997e-05
L-BFGS-B,6289,1.3565439e-09,0.0005957924,7.625479e-08,1.7599625e-05
L-BFGS-B,6290,1.3562499e-09,0.0005958156,7.625217e-08,1.759942e-05
L-BFGS-B,6291,1.3563334e-09,0.00059577683,7.625336e-08,1.759922e-05
L-BFGS-B,6292,1.3563722e-09,0.0005957566,7.625402e-08,1.7599124e-05
L-BFGS-B,6293,1.356471e-09,0.0005957016,7.625619e-08,1.7598915e-05
L-BFGS-B,6294,1.3562904e-09,0.00059567206,7.625751e-08,1.759879e-05
L-BFGS-B,6295,1.35589e-09,0.00059560925,7.6261244e-08,1.7598662e-05
L-BFGS-B,6296,1.4124565e-09,0.0006412606,7.635474e-08,1.8077684e-05
L-BFGS-B,6297,1.355974e-09,0.00059558917,7.626151e-08,1.7598513e-05
L-BFGS-B,6298,1.355592e-09,0.0005955975,7.626048e-08,1.7598384e-05
L-BFGS-B,6299,1.353187e-09,0.00059574784,7.626583e-08,1.760033e-05
L-BFGS-B,6300,1.3551955e-09,0.000595584,7.6261294e-08,1.7598313e-05
L-BFGS-B,6301,1.3553338e-09,0.0005955602,7.626149e-08,1.7598126e-05
L-BFGS-B,6302,1.3553363e-09,0.00059553754,7.626144e-08,1.7597893e-05
L-BFGS-B,6303,1.3555577e-09,0.0005955291,7.62615e-08,1.759785e-05
L-BFGS-B,6304,1.3557737e-09,0.000595498,7.6261664e-08,1.7597597e-05
L-BFGS-B,6305,1.3560373e-09,0.00059546763,7.6260854e-08,1.7597209e-05
L-BFGS-B,6306,1.3579218e-09,0.0005955204,7.628091e-08,1.7601029e-05
L-BFGS-B,6307,1.356218e-09,0.00059541815,7.62633e-08,1.7597107e-05
L-BFGS-B,6308,1.3589118e-09,0.00059550145,7.6261216e-08,1.7598033e-05
L-BFGS-B,6309,1.3570431e-09,0.0005953913,7.626256e-08,1.7596853e-05
L-BFGS-B,6310,1.3570032e-09,0.00059536705,7.62613e-08,1.7596416e-05
L-BFGS-B,6311,1.3569851e-09,0.00059530936,7.6259774e-08,1.7595607e-05
L-BFGS-B,6312,1.3565442e-09,0.00059534184,7.625673e-08,1.759541e-05
L-BFGS-B,6313,1.3567574e-09,0.00059529266,7.625822e-08,1.7595174e-05
L-BFGS-B,6314,1.3568415e-09,0.00059523305,7.6256796e-08,1.7594375e-05
L-BFGS-B,6315,1.3557548e-09,0.0005952659,7.6254935e-08,1.7594262e-05
L-BFGS-B,6316,1.3579227e-09,0.0005952726,7.625061e-08,1.7594004e-05
L-BFGS-B,6317,1.3571392e-09,0.00059516844,7.625135e-08,1.7592956e-05
L-BFGS-B,6318,1.3569947e-09,0.0005951479,7.625038e-08,1.7592585e-05
L-BFGS-B,6319,1.357236e-09,0.0005951419,7.624662e-08,1.7591998e-05
L-BFGS-B,6320,1.3575415e-09,0.0005951699,7.6242266e-08,1.759167e-05
L-BFGS-B,6321,1.3580277e-09,0.0005951991,7.62378e-08,1.7591365e-05
L-BFGS-B,6322,1.3583726e-09,0.00059523724,7.623415e-08,1.759125e-05
L-BFGS-B,6323,1.3584486e-09,0.0005952445,7.6232055e-08,1.759102e-05
L-BFGS-B,6324,1.3585587e-09,0.000595276,7.622892e-08,1.7590883e-05
L-BFGS-B,6325,1.3582206e-09,0.0005952818,7.6229824e-08,1.7591025e-05
L-BFGS-B,6326,1.3584017e-09,0.0005952611,7.622923e-08,1.7590755e-05
L-BFGS-B,6327,1.3586015e-09,0.00059524324,7.6228275e-08,1.7590464e-05
L-BFGS-B,6328,1.3589612e-09,0.00059532427,7.622017e-08,1.7590111e-05
L-BFGS-B,6329,1.3589673e-09,0.0005951728,7.6225376e-08,1.758938e-05
L-BFGS-B,6330,1.3590693e-09,0.00059507584,7.622992e-08,1.7589107e-05
L-BFGS-B,6331,1.3590112e-09,0.00059490994,7.623811e-08,1.7588667e-05
L-BFGS-B,6332,1.35915e-09,0.00059482147,7.623783e-08,1.7587761e-05
L-BFGS-B,6333,1.3601256e-09,0.0005948059,7.623485e-08,1.7587305e-05
L-BFGS-B,6334,1.3597127e-09,0.0005945301,7.624297e-08,1.7585702e-05
L-BFGS-B,6335,1.3594206e-09,0.00059413817,7.626061e-08,1.7584385e-05
L-BFGS-B,6336,1.3594803e-09,0.0005940194,7.6272855e-08,1.7585044e-05
L-BFGS-B,6337,1.3593144e-09,0.0005939951,7.6265884e-08,1.758373e-05
L-BFGS-B,6338,1.359557e-09,0.000593955,7.626564e-08,1.758333e-05
L-BFGS-B,6339,1.3601504e-09,0.0005938242,7.626758e-08,1.7582403e-05
L-BFGS-B,6340,1.3594399e-09,0.0005937369,7.627533e-08,1.7582584e-05
L-BFGS-B,6341,1.3597514e-09,0.0005937318,7.627106e-08,1.758194e-05
L-BFGS-B,6342,1.3590465e-09,0.0005939526,7.625782e-08,1.7582057e-05
L-BFGS-B,6343,1.3593712e-09,0.0005937763,7.6264634e-08,1.7581364e-05
L-BFGS-B,6344,1.3597127e-09,0.0005936864,7.6266055e-08,1.7580729e-05
L-BFGS-B,6345,1.3592073e-09,0.0005936243,7.62652e-08,1.7579903e-05
L-BFGS-B,6346,1.3584048e-09,0.0005935421,7.626373e-08,1.7578743e-05
L-BFGS-B,6347,1.3613118e-09,0.00059366744,7.625518e-08,1.7579148e-05
L-BFGS-B,6348,1.359707e-09,0.00059349794,7.625901e-08,1.7577788e-05
L-BFGS-B,6349,1.3585391e-09,0.00059347355,7.625116e-08,1.757619e-05
L-BFGS-B,6350,1.3580932e-09,0.00059342105,7.6259724e-08,1.7576884e-05
L-BFGS-B,6351,1.3581547e-09,0.00059327955,7.6255205e-08,1.75748e-05
L-BFGS-B,6352,1.3585721e-09,0.0005929019,7.6257926e-08,1.7571492e-05
L-BFGS-B,6353,1.3588098e-09,0.0005925339,7.625895e-08,1.7568003e-05
L-BFGS-B,6354,1.3591551e-09,0.00059213664,7.625448e-08,1.7563412e-05
L-BFGS-B,6355,1.3596847e-09,0.0005919819,7.6256434e-08,1.7562237e-05
L-BFGS-B,6356,1.3584466e-09,0.0005917197,7.625445e-08,1.755913e-05
L-BFGS-B,6357,1.3584556e-09,0.00059154496,7.625633e-08,1.7557668e-05
L-BFGS-B,6358,1.3582412e-09,0.00059140543,7.625508e-08,1.7556053e-05
L-BFGS-B,6359,1.3580024e-09,0.000592323,7.627004e-08,1.7567438e-05
L-BFGS-B,6360,1.3579428e-09,0.0005912954,7.625779e-08,1.7555314e-05
L-BFGS-B,6361,1.3579274e-09,0.0005910759,7.626101e-08,1.75536e-05
L-BFGS-B,6362,1.3580815e-09,0.0005910651,7.626099e-08,1.7553511e-05
L-BFGS-B,6363,1.3579529e-09,0.0005909953,7.6260605e-08,1.7552737e-05
L-BFGS-B,6364,1.3582526e-09,0.00059091137,7.625873e-08,1.7551662e-05
L-BFGS-B,6365,1.3579272e-09,0.00059089204,7.625355e-08,1.7550643e-05
L-BFGS-B,6366,1.3573654e-09,0.0005909384,7.623886e-08,1.7548817e-05
L-BFGS-B,6367,1.3566586e-09,0.00059092004,7.623409e-08,1.7547813e-05
L-BFGS-B,6368,1.3558143e-09,0.0005908933,7.6226314e-08,1.7546252e-05
L-BFGS-B,6369,1.3549056e-09,0.0005907817,7.62232e-08,1.7544533e-05
L-BFGS-B,6370,1.357398e-09,0.0005918521,7.623568e-08,1.7557482e-05
L-BFGS-B,6371,1.3550201e-09,0.00059066137,7.6225895e-08,1.754375e-05
L-BFGS-B,6372,1.355084e-09,0.0005902904,7.6229675e-08,1.7540617e-05
L-BFGS-B,6373,1.3555488e-09,0.0005898541,7.6238116e-08,1.753759e-05
L-BFGS-B,6374,1.3561152e-09,0.0005895921,7.6245946e-08,1.753623e-05
L-BFGS-B,6375,1.3574815e-09,0.000589541,7.6238166e-08,1.7534756e-05
L-BFGS-B,6376,1.3565716e-09,0.0005891825,7.623887e-08,1.7531142e-05
L-BFGS-B,6377,1.3562975e-09,0.0005889841,7.6238415e-08,1.7529048e-05
L-BFGS-B,6378,1.357462e-09,0.00058870297,7.623514e-08,1.752592e-05
L-BFGS-B,6379,1.3599808e-09,0.000589032,7.621746e-08,1.7526936e-05
L-BFGS-B,6380,1.3584092e-09,0.0005886748,7.6227025e-08,1.7524562e-05
L-BFGS-B,6381,2.8560125e-09,0.0021677972,7.620797e-08,3.3537566e-05
L-BFGS-B,6382,1.3628546e-09,0.000590225,7.624068e-08,1.754278e-05
L-BFGS-B,6383,1.3587652e-09,0.0005885119,7.623027e-08,1.7523475e-05
L-BFGS-B,6384,1.3597022e-09,0.00058810343,7.624672e-08,1.7521998e-05
L-BFGS-B,6385,1.3588283e-09,0.00058795454,7.6240546e-08,1.7519451e-05
L-BFGS-B,6386,1.3574577e-09,0.0005878522,7.6233846e-08,1.7517217e-05
L-BFGS-B,6387,1.356227e-09,0.00058768963,7.623186e-08,1.7515109e-05
L-BFGS-B,6388,1.3548827e-09,0.00058741693,7.623406e-08,1.751251e-05
L-BFGS-B,6389,1.3534495e-09,0.0005870832,7.6246856e-08,1.7510878e-05
L-BFGS-B,6390,1.3529321e-09,0.00058687147,7.6248504e-08,1.750893e-05
L-BFGS-B,6391,1.3540263e-09,0.00058669224,7.6251084e-08,1.750769e-05
L-BFGS-B,6392,1.3540983e-09,0.00058644894,7.6258715e-08,1.7506412e-05
L-BFGS-B,6393,1.3547231e-09,0.0005861363,7.626545e-08,1.7504388e-05
L-BFGS-B,6394,1.3548519e-09,0.00058583904,7.627311e-08,1.7502585e-05
L-BFGS-B,6395,1.3550174e-09,0.0005856482,7.627699e-08,1.7501283e-05
L-BFGS-B,6396,1.3552519e-09,0.0005854728,7.627372e-08,1.7499075e-05
L-BFGS-B,6397,1.3524817e-09,0.0005859513,7.6306016e-08,1.7508288e-05
L-BFGS-B,6398,1.3542193e-09,0.0005852567,7.628135e-08,1.7497903e-05
L-BFGS-B,6399,1.3601638e-09,0.0005854012,7.628067e-08,1.7500137e-05
L-BFGS-B,6400,1.3564277e-09,0.00058501255,7.6280614e-08,1.749568e-05
L-BFGS-B,6401,1.3566432e-09,0.00058488996,7.626724e-08,1.7492483e-05
L-BFGS-B,6402,1.3570621e-09,0.00058484933,7.627391e-08,1.749314e-05
L-BFGS-B,6403,1.356676e-09,0.00058462995,7.627018e-08,1.7490329e-05
L-BFGS-B,6404,1.3572865e-09,0.0005842803,7.628714e-08,1.7489467e-05
L-BFGS-B,6405,1.3568194e-09,0.0005842553,7.6278894e-08,1.748791e-05
L-BFGS-B,6406,1.3573678e-09,0.0005838101,7.628469e-08,1.748441e-05
L-BFGS-B,6407,1.3568998e-09,0.00058337767,7.629101e-08,1.7480963e-05
L-BFGS-B,6408,1.3563338e-09,0.00058303284,7.628778e-08,1.7476947e-05
L-BFGS-B,6409,1.3555344e-09,0.00058290135,7.626525e-08,1.7472132e-05
L-BFGS-B,6410,1.3548217e-09,0.0005828176,7.62687e-08,1.7471704e-05
L-BFGS-B,6411,1.3550375e-09,0.00058261125,7.626613e-08,1.7469289e-05
L-BFGS-B,6412,1.3547455e-09,0.00058219646,7.626815e-08,1.74654e-05
L-BFGS-B,6413,1.3553066e-09,0.0005816676,7.628617e-08,1.7462899e-05
L-BFGS-B,6414,1.3558653e-09,0.00058185495,7.6281836e-08,1.7464205e-05
L-BFGS-B,6415,1.3552949e-09,0.00058150035,7.628425e-08,1.7460936e-05
L-BFGS-B,6416,1.355073e-09,0.00058118236,7.6291016e-08,1.7458737e-05
L-BFGS-B,6417,1.3550085e-09,0.00058085093,7.629567e-08,1.745611e-05
L-BFGS-B,6418,1.3551444e-09,0.0005804488,7.630753e-08,1.7453887e-05
L-BFGS-B,6419,1.3551714e-09,0.00058020547,7.631425e-08,1.7452468e-05
L-BFGS-B,6420,2.1636801e-09,0.0014212416,7.700437e-08,2.6087622e-05
L-BFGS-B,6421,1.3589821e-09,0.0005798964,7.6394635e-08,1.7462005e-05
L-BFGS-B,6422,1.3559965e-09,0.00057940726,7.63422e-08,1.7448801e-05
L-BFGS-B,6423,1.3557455e-09,0.00057906326,7.6333635e-08,1.744404e-05
L-BFGS-B,6424,1.3551211e-09,0.0005794647,7.6312304e-08,1.7444761e-05
L-BFGS-B,6425,1.3548759e-09,0.0005786229,7.632093e-08,1.74376e-05
L-BFGS-B,6426,1.3636e-09,0.0005839635,7.626331e-08,1.7483671e-05
L-BFGS-B,6427,1.3552577e-09,0.0005781728,7.63047e-08,1.743072e-05
L-BFGS-B,6428,1.3553181e-09,0.0005779451,7.6283996e-08,1.7425347e-05
L-BFGS-B,6429,1.3551134e-09,0.00057802914,7.625758e-08,1.7422195e-05
L-BFGS-B,6430,1.3540644e-09,0.0005773984,7.626956e-08,1.7417527e-05
L-BFGS-B,6431,1.3555738e-09,0.0005772861,7.6284095e-08,1.7418812e-05
L-BFGS-B,6432,1.3544859e-09,0.0005770777,7.627564e-08,1.7415296e-05
L-BFGS-B,6433,1.3537351e-09,0.0005767897,7.6277225e-08,1.7412542e-05
L-BFGS-B,6434,1.3516759e-09,0.00057698105,7.626837e-08,1.7412818e-05
L-BFGS-B,6435,1.3525852e-09,0.0005767066,7.627262e-08,1.7410846e-05
L-BFGS-B,6436,1.3629343e-09,0.0006123431,7.6326586e-08,1.7776858e-05
L-BFGS-B,6437,1.3510112e-09,0.0005765911,7.627459e-08,1.7409751e-05
L-BFGS-B,6438,1.3499972e-09,0.0005765184,7.6268655e-08,1.7407981e-05
L-BFGS-B,6439,1.349263e-09,0.00057630806,7.626797e-08,1.7405666e-05
L-BFGS-B,6440,1.3482082e-09,0.000576115,7.62671e-08,1.7403445e-05
L-BFGS-B,6441,1.3476851e-09,0.0005760395,7.626345e-08,1.7402064e-05
L-BFGS-B,6442,1.347225e-09,0.00057587033,7.626449e-08,1.740046e-05
L-BFGS-B,6443,1.3473239e-09,0.0005757533,7.6261244e-08,1.739882e-05
L-BFGS-B,6444,1.3467685e-09,0.0005758377,7.6263476e-08,1.7399914e-05
L-BFGS-B,6445,1.3469009e-09,0.00057557964,7.6261436e-08,1.7397047e-05
L-BFGS-B,6446,1.3473398e-09,0.00057533185,7.626257e-08,1.7394806e-05
L-BFGS-B,6447,1.3468417e-09,0.00057511014,7.62686e-08,1.7393417e-05
L-BFGS-B,6448,1.3459153e-09,0.00057490816,7.627543e-08,1.7392284e-05
L-BFGS-B,6449,1.3459519e-09,0.0005747291,7.6278106e-08,1.73909e-05
L-BFGS-B,6450,1.3541283e-09,0.0005821868,7.6264485e-08,1.746466e-05
L-BFGS-B,6451,1.3459596e-09,0.00057468493,7.627694e-08,1.7390284e-05
L-BFGS-B,6452,1.3492005e-09,0.0005759205,7.625833e-08,1.7400334e-05
L-BFGS-B,6453,1.3463717e-09,0.0005746548,7.627296e-08,1.7389448e-05
L-BFGS-B,6454,1.3467022e-09,0.00057462306,7.6269345e-08,1.7388636e-05
L-BFGS-B,6455,1.3449791e-09,0.0005747607,7.625958e-08,1.738829e-05
L-BFGS-B,6456,1.3450975e-09,0.0005746719,7.62594e-08,1.7387392e-05
L-BFGS-B,6457,1.3464289e-09,0.000574539,7.626002e-08,1.7386357e-05
L-BFGS-B,6458,1.3459508e-09,0.00057450513,7.625621e-08,1.7385375e-05
L-BFGS-B,6459,1.345096e-09,0.0005744571,7.624834e-08,1.7383587e-05
L-BFGS-B,6460,1.3454013e-09,0.000574374,7.6246096e-08,1.7382463e-05
L-BFGS-B,6461,1.3506011e-09,0.00057653186,7.623097e-08,1.7402554e-05
L-BFGS-B,6462,1.3458201e-09,0.0005743608,7.624399e-08,1.7382079e-05
L-BFGS-B,6463,1.3460312e-09,0.00057421945,7.6246955e-08,1.7381142e-05
L-BFGS-B,6464,1.3475303e-09,0.0005738711,7.6259404e-08,1.737975e-05
L-BFGS-B,6465,1.3470715e-09,0.00057364564,7.6271235e-08,1.7379201e-05
L-BFGS-B,6466,1.3470104e-09,0.0005735486,7.627356e-08,1.7378572e-05
L-BFGS-B,6467,1.3468952e-09,0.00057336193,7.627869e-08,1.7377457e-05
L-BFGS-B,6468,1.3465045e-09,0.0005731861,7.6283776e-08,1.7376402e-05
L-BFGS-B,6469,1.3459852e-09,0.00057295203,7.629121e-08,1.73751e-05
L-BFGS-B,6470,1.3508596e-09,0.0005776737,7.6300395e-08,1.7424425e-05
L-BFGS-B,6471,1.3459044e-09,0.00057291985,7.6292096e-08,1.7374898e-05
L-BFGS-B,6472,1.3452085e-09,0.00057264953,7.630208e-08,1.737359e-05
L-BFGS-B,6473,1.3450633e-09,0.0005723309,7.6315445e-08,1.7372386e-05
L-BFGS-B,6474,1.344875e-09,0.0005721787,7.631927e-08,1.7371407e-05
L-BFGS-B,6475,1.3454909e-09,0.0005721322,7.631821e-08,1.7370876e-05
L-BFGS-B,6476,1.3454488e-09,0.0005721224,7.6315835e-08,1.7370416e-05
L-BFGS-B,6477,1.3450794e-09,0.00057215145,7.631203e-08,1.737008e-05
L-BFGS-B,6478,1.3444471e-09,0.0005721401,7.630943e-08,1.7369483e-05
L-BFGS-B,6479,1.3423334e-09,0.0005722964,7.630317e-08,1.7369788e-05
L-BFGS-B,6480,1.3435603e-09,0.00057216757,7.630677e-08,1.7369224e-05
L-BFGS-B,6481,1.3433528e-09,0.0005720839,7.6308815e-08,1.7368664e-05
L-BFGS-B,6482,1.3428517e-09,0.0005720588,7.630783e-08,1.736819e-05
L-BFGS-B,6483,1.3421193e-09,0.0005720499,7.630594e-08,1.7367707e-05
L-BFGS-B,6484,1.3414715e-09,0.0005720579,7.630356e-08,1.7367332e-05
L-BFGS-B,6485,1.3405256e-09,0.00057206856,7.630095e-08,1.7366907e-05
L-BFGS-B,6486,1.3404057e-09,0.00057198154,7.6303884e-08,1.736646e-05
L-BFGS-B,6487,1.3406569e-09,0.00057191716,7.630689e-08,1.7366303e-05
L-BFGS-B,6488,1.3407971e-09,0.00057189865,7.630725e-08,1.7366194e-05
L-BFGS-B,6489,1.3408774e-09,0.00057188096,7.630728e-08,1.7366034e-05
L-BFGS-B,6490,1.3384719e-09,0.00057185517,7.6318656e-08,1.7367121e-05
L-BFGS-B,6491,1.3401358e-09,0.0005718239,7.631053e-08,1.7365839e-05
L-BFGS-B,6492,1.342537e-09,0.000572821,7.632884e-08,1.7378916e-05
L-BFGS-B,6493,1.3401822e-09,0.0005717996,7.631156e-08,1.7365757e-05
L-BFGS-B,6494,1.3402587e-09,0.0005717708,7.631126e-08,1.7365437e-05
L-BFGS-B,6495,1.3405665e-09,0.0005717214,7.6310734e-08,1.736491e-05
L-BFGS-B,6496,1.340801e-09,0.00057168334,7.631104e-08,1.736461e-05
L-BFGS-B,6497,1.3407534e-09,0.00057166273,7.6311146e-08,1.7364411e-05
L-BFGS-B,6498,1.3413572e-09,0.00057175243,7.631249e-08,1.73656e-05
L-BFGS-B,6499,1.3409047e-09,0.0005716448,7.6311345e-08,1.7364286e-05
L-BFGS-B,6500,1.3407947e-09,0.0005716183,7.630934e-08,1.7363704e-05
L-BFGS-B,6501,1.3406823e-09,0.00057155936,7.630719e-08,1.7362774e-05
L-BFGS-B,6502,1.3407382e-09,0.00057152903,7.630172e-08,1.7361659e-05
L-BFGS-B,6503,1.3410255e-09,0.0005715196,7.629427e-08,1.7360491e-05
L-BFGS-B,6504,1.3409068e-09,0.00057154475,7.629383e-08,1.7360659e-05
L-BFGS-B,6505,1.3409547e-09,0.0005714633,7.629388e-08,1.7359858e-05
L-BFGS-B,6506,1.3421064e-09,0.00057146937,7.6284394e-08,1.7358669e-05
L-BFGS-B,6507,1.3423106e-09,0.00057139265,7.62822e-08,1.7357603e-05
L-BFGS-B,6508,1.3426702e-09,0.0005714295,7.627428e-08,1.7356837e-05
L-BFGS-B,6509,1.3440169e-09,0.00057189463,7.626945e-08,1.7360966e-05
L-BFGS-B,6510,1.3428146e-09,0.0005713925,7.627325e-08,1.7356335e-05
L-BFGS-B,6511,1.3422534e-09,0.0005713117,7.627535e-08,1.7355756e-05
L-BFGS-B,6512,1.3436655e-09,0.00057131436,7.6266716e-08,1.7354701e-05
L-BFGS-B,6513,1.3435089e-09,0.0005712611,7.626723e-08,1.7354221e-05
L-BFGS-B,6514,1.343651e-09,0.00057121925,7.6267966e-08,1.7353934e-05
L-BFGS-B,6515,1.3435564e-09,0.0005711539,7.626984e-08,1.7353548e-05
L-BFGS-B,6516,1.3437995e-09,0.0005775822,7.619683e-08,1.7406917e-05
L-BFGS-B,6517,1.3433454e-09,0.00057119573,7.626648e-08,1.7353432e-05
L-BFGS-B,6518,1.3434196e-09,0.0005711586,7.626589e-08,1.7352982e-05
L-BFGS-B,6519,1.3434635e-09,0.0005711546,7.6258104e-08,1.735178e-05
L-BFGS-B,6520,1.3427227e-09,0.00057108846,7.625369e-08,1.7350347e-05
L-BFGS-B,6521,1.343265e-09,0.00057102035,7.6237534e-08,1.7347324e-05
L-BFGS-B,6522,1.3437954e-09,0.00057097204,7.6215905e-08,1.7343675e-05
L-BFGS-B,6523,1.3452964e-09,0.0005722015,7.6192286e-08,1.7352653e-05
L-BFGS-B,6524,1.343857e-09,0.00057095825,7.621008e-08,1.7342672e-05
L-BFGS-B,6525,1.3451728e-09,0.00057353126,7.621344e-08,1.7369104e-05
L-BFGS-B,6526,1.3436935e-09,0.00057080813,7.620853e-08,1.7340915e-05
L-BFGS-B,6527,1.3448179e-09,0.0005706196,7.6214484e-08,1.7340091e-05
L-BFGS-B,6528,1.3441457e-09,0.00057059806,7.621042e-08,1.7339165e-05
L-BFGS-B,6529,1.3452717e-09,0.00057020865,7.6215684e-08,1.7336231e-05
L-BFGS-B,6530,1.3467448e-09,0.0005696628,7.622956e-08,1.7333074e-05
L-BFGS-B,6531,1.3484792e-09,0.0005699244,7.622781e-08,1.7335688e-05
L-BFGS-B,6532,1.3471477e-09,0.0005695218,7.622897e-08,1.7331637e-05
L-BFGS-B,6533,1.3470463e-09,0.0005695092,7.622125e-08,1.7330336e-05
L-BFGS-B,6534,1.3531404e-09,0.0005743664,7.620753e-08,1.7377764e-05
L-BFGS-B,6535,1.3471301e-09,0.0005695007,7.622044e-08,1.7330143e-05
L-BFGS-B,6536,1.345479e-09,0.00056967186,7.619851e-08,1.7328317e-05
L-BFGS-B,6537,1.3453558e-09,0.0005693857,7.620558e-08,1.7326496e-05
L-BFGS-B,6538,1.371171e-09,0.00061132776,7.625847e-08,1.7757724e-05
L-BFGS-B,6539,1.3446095e-09,0.00056929816,7.6206625e-08,1.7325667e-05
L-BFGS-B,6540,1.343777e-09,0.00056916056,7.6218505e-08,1.7325949e-05
L-BFGS-B,6541,1.3440662e-09,0.00056907913,7.6212174e-08,1.7324228e-05
L-BFGS-B,6542,1.3456386e-09,0.0005687739,7.62118e-08,1.7321356e-05
L-BFGS-B,6543,1.3523238e-09,0.00056907104,7.621409e-08,1.7325672e-05
L-BFGS-B,6544,1.3477011e-09,0.00056854135,7.621206e-08,1.7319377e-05
L-BFGS-B,6545,1.3470627e-09,0.0005684109,7.6208494e-08,1.7317443e-05
L-BFGS-B,6546,1.3459696e-09,0.00056870293,7.619341e-08,1.7317936e-05
L-BFGS-B,6547,1.3464275e-09,0.0005683966,7.620148e-08,1.7316152e-05
L-BFGS-B,6548,1.3461264e-09,0.00056840637,7.619546e-08,1.7315302e-05
L-BFGS-B,6549,1.346031e-09,0.00056838663,7.619291e-08,1.7314707e-05
L-BFGS-B,6550,1.3461835e-09,0.00056838436,7.618994e-08,1.7314262e-05
L-BFGS-B,6551,1.3490581e-09,0.00056892075,7.617859e-08,1.7318354e-05
L-BFGS-B,6552,1.3465252e-09,0.00056839763,7.618825e-08,1.7314193e-05
L-BFGS-B,6553,1.3464245e-09,0.0005683805,7.618546e-08,1.7313589e-05
L-BFGS-B,6554,1.3465947e-09,0.0005683724,7.61797e-08,1.7312668e-05
L-BFGS-B,6555,1.346593e-09,0.00056828465,7.617828e-08,1.7311577e-05
L-BFGS-B,6556,1.3469058e-09,0.0005683553,7.616875e-08,1.7310902e-05
L-BFGS-B,6557,1.3473579e-09,0.0005681478,7.61731e-08,1.7309547e-05
L-BFGS-B,6558,1.34783e-09,0.00056798244,7.6177486e-08,1.7308623e-05
L-BFGS-B,6559,1.3485442e-09,0.0005678121,7.617924e-08,1.7307288e-05
L-BFGS-B,6560,1.348833e-09,0.0005676805,7.6179866e-08,1.7306109e-05
L-BFGS-B,6561,1.34867e-09,0.0005676195,7.6177194e-08,1.7305076e-05
L-BFGS-B,6562,1.3480174e-09,0.00056760106,7.617556e-08,1.7304546e-05
L-BFGS-B,6563,1.3478597e-09,0.00056757824,7.617224e-08,1.7303797e-05
L-BFGS-B,6564,1.3478767e-09,0.00056761544,7.6165854e-08,1.7303213e-05
L-BFGS-B,6565,1.3480871e-09,0.00056778645,7.615303e-08,1.7303031e-05
L-BFGS-B,6566,1.3478485e-09,0.00056772394,7.6150684e-08,1.730202e-05
L-BFGS-B,6567,1.347911e-09,0.0005675791,7.615883e-08,1.7301802e-05
L-BFGS-B,6568,1.3478285e-09,0.000567605,7.615479e-08,1.7301443e-05
L-BFGS-B,6569,1.3474944e-09,0.0005675054,7.615359e-08,1.7300217e-05
L-BFGS-B,6570,1.3465835e-09,0.00056720414,7.615026e-08,1.7296567e-05
L-BFGS-B,6571,1.3463265e-09,0.0005670189,7.615625e-08,1.7295575e-05
L-BFGS-B,6572,1.3464322e-09,0.00056688744,7.615416e-08,1.7293962e-05
L-BFGS-B,6573,1.3462096e-09,0.0005667804,7.615531e-08,1.729303e-05
L-BFGS-B,6574,1.3469204e-09,0.00056691957,7.615758e-08,1.7294871e-05
L-BFGS-B,6575,1.3463284e-09,0.00056675536,7.615576e-08,1.7292867e-05
L-BFGS-B,6576,1.3467218e-09,0.00056667946,7.615631e-08,1.7292248e-05
L-BFGS-B,6577,1.3467558e-09,0.000566555,7.615886e-08,1.7291393e-05
L-BFGS-B,6578,1.3470334e-09,0.0005663121,7.616296e-08,1.728962e-05
L-BFGS-B,6579,1.3472583e-09,0.00056600716,7.6171865e-08,1.728794e-05
L-BFGS-B,6580,1.3477028e-09,0.000565782,7.6176306e-08,1.728642e-05
L-BFGS-B,6581,1.3472822e-09,0.0005655634,7.617853e-08,1.7284507e-05
L-BFGS-B,6582,1.3467385e-09,0.00056540786,7.617661e-08,1.7282582e-05
L-BFGS-B,6583,1.3470228e-09,0.00056520937,7.617242e-08,1.728001e-05
L-BFGS-B,6584,1.3473791e-09,0.0005648939,7.6180775e-08,1.7278162e-05
L-BFGS-B,6585,1.3478928e-09,0.0005645617,7.618149e-08,1.7275026e-05
L-BFGS-B,6586,1.3471305e-09,0.00056418014,7.618675e-08,1.7271883e-05
L-BFGS-B,6587,1.3459318e-09,0.00056381867,7.6215294e-08,1.727237e-05
L-BFGS-B,6588,1.3463798e-09,0.0005637912,7.619992e-08,1.7269856e-05
L-BFGS-B,6589,1.3449727e-09,0.00056325167,7.622017e-08,1.7267288e-05
L-BFGS-B,6590,1.3442926e-09,0.000562644,7.6231494e-08,1.7262808e-05
L-BFGS-B,6591,1.3449977e-09,0.00056232774,7.622695e-08,1.7259068e-05
L-BFGS-B,6592,1.34509e-09,0.0005618404,7.623575e-08,1.725553e-05
L-BFGS-B,6593,1.3435847e-09,0.00056122604,7.627215e-08,1.725462e-05
L-BFGS-B,6594,1.3443272e-09,0.0005613496,7.624983e-08,1.725262e-05
L-BFGS-B,6595,1.3427648e-09,0.0005608144,7.626259e-08,1.7248947e-05
L-BFGS-B,6596,1.3411493e-09,0.00056038063,7.628532e-08,1.7247776e-05
L-BFGS-B,6597,1.3418479e-09,0.0005603942,7.6272514e-08,1.7246095e-05
L-BFGS-B,6598,1.3411654e-09,0.0005601719,7.626541e-08,1.7242704e-05
L-BFGS-B,6599,1.3408341e-09,0.00055988383,7.626333e-08,1.7239463e-05
L-BFGS-B,6600,1.3406928e-09,0.00055965566,7.626348e-08,1.7237184e-05
L-BFGS-B,6601,1.3400169e-09,0.0005592981,7.62641e-08,1.7233599e-05
L-BFGS-B,6602,1.3388824e-09,0.00055915874,7.630333e-08,1.7237919e-05
L-BFGS-B,6603,1.3393269e-09,0.00055889745,7.627769e-08,1.7231529e-05
L-BFGS-B,6604,1.3403338e-09,0.00055855745,7.628575e-08,1.7229488e-05
L-BFGS-B,6605,1.3402717e-09,0.00055799907,7.629026e-08,1.7224571e-05
L-BFGS-B,6606,1.340551e-09,0.00055791397,7.6280166e-08,1.7222246e-05
L-BFGS-B,6607,1.3397623e-09,0.0005574961,7.629873e-08,1.7220736e-05
L-BFGS-B,6608,1.3410267e-09,0.000557299,7.629014e-08,1.7217666e-05
L-BFGS-B,6609,1.3421443e-09,0.00055696827,7.629132e-08,1.7214701e-05
L-BFGS-B,6610,1.3430467e-09,0.0005564692,7.6289346e-08,1.7209552e-05
L-BFGS-B,6611,1.343124e-09,0.00055595144,7.63096e-08,1.7207421e-05
L-BFGS-B,6612,1.3437114e-09,0.000556061,7.6300886e-08,1.72073e-05
L-BFGS-B,6613,1.3431505e-09,0.00055573613,7.6305334e-08,1.7204633e-05
L-BFGS-B,6614,1.3426843e-09,0.0005556745,7.630347e-08,1.7203667e-05
L-BFGS-B,6615,1.3422423e-09,0.00055551436,7.63066e-08,1.720247e-05
L-BFGS-B,6616,1.3423067e-09,0.00055528997,7.632146e-08,1.7202465e-05
L-BFGS-B,6617,1.3421814e-09,0.00055528566,7.631333e-08,1.7201182e-05
L-BFGS-B,6618,1.3420105e-09,0.000555063,7.6322465e-08,1.7200302e-05
L-BFGS-B,6619,1.342429e-09,0.0005548994,7.632664e-08,1.7199354e-05
L-BFGS-B,6620,1.3440898e-09,0.00055461546,7.63324e-08,1.7197628e-05
L-BFGS-B,6621,1.3458573e-09,0.0005542875,7.63529e-08,1.7197688e-05
L-BFGS-B,6622,1.3448803e-09,0.00055438024,7.634239e-08,1.7196893e-05
L-BFGS-B,6623,1.3451438e-09,0.0005542425,7.63443e-08,1.7195842e-05
L-BFGS-B,6624,1.345031e-09,0.0005541397,7.634049e-08,1.7194227e-05
L-BFGS-B,6625,1.3444028e-09,0.00055396935,7.6347874e-08,1.7193535e-05
L-BFGS-B,6626,1.3437316e-09,0.00055389805,7.634725e-08,1.7192628e-05
L-BFGS-B,6627,1.3427797e-09,0.000553806,7.635011e-08,1.7191993e-05
L-BFGS-B,6628,1.3427301e-09,0.00055372884,7.635087e-08,1.7191329e-05
L-BFGS-B,6629,1.3427233e-09,0.000553578,7.635556e-08,1.7190523e-05
L-BFGS-B,6630,1.342996e-09,0.0005532037,7.6369076e-08,1.7188848e-05
L-BFGS-B,6631,1.3430995e-09,0.0005531084,7.63708e-08,1.718817e-05
L-BFGS-B,6632,1.3433971e-09,0.0005530371,7.637652e-08,1.7188358e-05
L-BFGS-B,6633,1.3431918e-09,0.00055304763,7.637333e-08,1.7187955e-05
L-BFGS-B,6634,1.3430463e-09,0.0005530517,7.636923e-08,1.7187358e-05
L-BFGS-B,6635,1.3428527e-09,0.0005530517,7.636643e-08,1.718691e-05
L-BFGS-B,6636,1.3427288e-09,0.00055305706,7.636305e-08,1.7186438e-05
L-BFGS-B,6637,1.3427054e-09,0.0005530139,7.636289e-08,1.7185977e-05
L-BFGS-B,6638,1.3441748e-09,0.0005531777,7.636139e-08,1.7187613e-05
L-BFGS-B,6639,1.3430653e-09,0.00055298413,7.636239e-08,1.7185659e-05
L-BFGS-B,6640,1.3431806e-09,0.000552924,7.6360216e-08,1.718475e-05
L-BFGS-B,6641,1.3432597e-09,0.00055275194,7.636272e-08,1.7183414e-05
L-BFGS-B,6642,1.3432928e-09,0.00055272476,7.635757e-08,1.7182378e-05
L-BFGS-B,6643,1.3430358e-09,0.0005525874,7.6357956e-08,1.7181022e-05
L-BFGS-B,6644,1.3427172e-09,0.0005522891,7.635958e-08,1.7178236e-05
L-BFGS-B,6645,1.342397e-09,0.00055203517,7.635869e-08,1.7175515e-05
L-BFGS-B,6646,1.3427331e-09,0.00055171596,7.6358084e-08,1.7172282e-05
L-BFGS-B,6647,1.3458958e-09,0.0005519748,7.633917e-08,1.7172508e-05
L-BFGS-B,6648,1.3441537e-09,0.0005517078,7.634861e-08,1.7170993e-05
L-BFGS-B,6649,1.3494704e-09,0.0005525485,7.6308055e-08,1.7174114e-05
L-BFGS-B,6650,1.3459212e-09,0.00055169,7.6332434e-08,1.7168653e-05
L-BFGS-B,6651,1.3486002e-09,0.0005517173,7.634616e-08,1.7171387e-05
L-BFGS-B,6652,1.3465631e-09,0.00055155094,7.633648e-08,1.7167966e-05
L-BFGS-B,6653,1.3467749e-09,0.00055140216,7.633469e-08,1.7166241e-05
L-BFGS-B,6654,1.3476903e-09,0.0005509911,7.6330245e-08,1.7161601e-05
L-BFGS-B,6655,1.3482734e-09,0.0005507007,7.632888e-08,1.715858e-05
L-BFGS-B,6656,1.348659e-09,0.0005502553,7.632599e-08,1.715375e-05
L-BFGS-B,6657,1.3478091e-09,0.0005498864,7.633784e-08,1.7151711e-05
L-BFGS-B,6658,1.3467312e-09,0.00054976635,7.6331354e-08,1.7149378e-05
L-BFGS-B,6659,1.3447652e-09,0.00054962677,7.6328334e-08,1.7147233e-05
L-BFGS-B,6660,1.3448199e-09,0.0005493314,7.6326415e-08,1.7143999e-05
L-BFGS-B,6661,1.344546e-09,0.00054919405,7.632649e-08,1.7142596e-05
L-BFGS-B,6662,1.3443847e-09,0.00054911664,7.632268e-08,1.7141225e-05
L-BFGS-B,6663,1.3435973e-09,0.0005489568,7.632642e-08,1.714007e-05
L-BFGS-B,6664,1.3443352e-09,0.0005486971,7.633191e-08,1.7138407e-05
L-BFGS-B,6665,1.3451348e-09,0.00054837886,7.633899e-08,1.7136406e-05
L-BFGS-B,6666,1.3456021e-09,0.00054821046,7.634315e-08,1.7135417e-05
L-BFGS-B,6667,1.3452328e-09,0.0005480634,7.634778e-08,1.7134586e-05
L-BFGS-B,6668,1.3450079e-09,0.0005479225,7.634725e-08,1.7133063e-05
L-BFGS-B,6669,1.3446686e-09,0.00054770306,7.635149e-08,1.7131455e-05
L-BFGS-B,6670,1.3436008e-09,0.00054740044,7.635768e-08,1.7129196e-05
L-BFGS-B,6671,1.3418991e-09,0.000547182,7.636193e-08,1.7127393e-05
L-BFGS-B,6672,1.3405739e-09,0.0005481443,7.63639e-08,1.7137114e-05
L-BFGS-B,6673,1.3412936e-09,0.0005471092,7.636251e-08,1.7126662e-05
L-BFGS-B,6674,1.3395155e-09,0.000547129,7.635647e-08,1.7125687e-05
L-BFGS-B,6675,1.3401339e-09,0.0005468523,7.635517e-08,1.7122818e-05
L-BFGS-B,6676,1.3403322e-09,0.0005466936,7.6351185e-08,1.7120663e-05
L-BFGS-B,6677,1.340385e-09,0.0005465005,7.6343554e-08,1.7117596e-05
L-BFGS-B,6678,1.3397115e-09,0.00054637075,7.633975e-08,1.7115628e-05
L-BFGS-B,6679,1.3394195e-09,0.0005461327,7.634932e-08,1.7114638e-05
L-BFGS-B,6680,1.3468193e-09,0.0005694871,7.625814e-08,1.7335615e-05
L-BFGS-B,6681,1.3387528e-09,0.0005461954,7.6342076e-08,1.7114078e-05
L-BFGS-B,6682,1.3386118e-09,0.00054614665,7.634273e-08,1.7113667e-05
L-BFGS-B,6683,1.3384812e-09,0.0005460398,7.6343404e-08,1.7112681e-05
L-BFGS-B,6684,1.3380239e-09,0.00054593396,7.634618e-08,1.711197e-05
L-BFGS-B,6685,1.3381254e-09,0.00054585916,7.6344975e-08,1.7111057e-05
L-BFGS-B,6686,1.3381635e-09,0.00054575765,7.6343774e-08,1.7109867e-05
L-BFGS-B,6687,1.3378447e-09,0.0005456368,7.634745e-08,1.7109161e-05
L-BFGS-B,6688,1.3374967e-09,0.0005456325,7.6346076e-08,1.7108861e-05
L-BFGS-B,6689,1.3371764e-09,0.00054545514,7.63505e-08,1.7107703e-05
L-BFGS-B,6690,1.3972761e-09,0.0006211097,7.634035e-08,1.787174e-05
L-BFGS-B,6691,1.3370206e-09,0.00054545514,7.6349835e-08,1.710758e-05
L-BFGS-B,6692,1.3367771e-09,0.0005454288,7.6350396e-08,1.7107363e-05
L-BFGS-B,6693,1.3366667e-09,0.000545423,7.63497e-08,1.7107184e-05
L-BFGS-B,6694,1.3366619e-09,0.00054541056,7.634985e-08,1.7107082e-05
L-BFGS-B,6695,1.3365046e-09,0.0005453999,7.6350624e-08,1.7107068e-05
L-BFGS-B,6696,1.3363103e-09,0.000545403,7.635024e-08,1.7107011e-05
L-BFGS-B,6697,1.3361833e-09,0.0005454022,7.63505e-08,1.7107024e-05
L-BFGS-B,6698,1.3363001e-09,0.00054540427,7.635022e-08,1.710702e-05
L-BFGS-B,6699,1.3363298e-09,0.0005454043,7.6350254e-08,1.7107031e-05
L-BFGS-B,6700,1.3363091e-09,0.00054540444,7.635024e-08,1.7107026e-05
L-BFGS-B,6701,1.3363103e-09,0.000545403,7.635024e-08,1.7107011e-05
L-BFGS-B,6702,1.3363103e-09,0.000545403,7.635024e-08,1.7107011e-05
L-BFGS-B,6703,1.3363167e-09,0.0005454015,7.635023e-08,1.7106997e-05
L-BFGS-B,6704,1.3363167e-09,0.0005454015,7.635023e-08,1.7106997e-05
L-BFGS-B,6705,1.3363167e-09,0.0005454015,7.635023e-08,1.7106997e-05
L-BFGS-B,6706,1.3363108e-09,0.0005454027,7.635024e-08,1.710701e-05
L-BFGS-B,6707,1.3363167e-09,0.0005454015,7.635023e-08,1.7106997e-05
L-BFGS-B,6708,1.3363167e-09,0.0005454015,7.635023e-08,1.7106997e-05
L-BFGS-B,6709,1.3363198e-09,0.0005454037,7.635024e-08,1.710702e-05
L-BFGS-B,6710,1.3363167e-09,0.0005454015,7.635023e-08,1.7106997e-05
L-BFGS-B,6711,1.3363167e-09,0.0005454015,7.635023e-08,1.7106997e-05
L-BFGS-B,6712,1.3363181e-09,0.000545404,7.635024e-08,1.7107022e-05
L-BFGS-B,6713,1.3363167e-09,0.0005454015,7.635023e-08,1.7106997e-05
L-BFGS-B,6714,1.3363167e-09,0.0005454015,7.635023e-08,1.7106997e-05
L-BFGS-B,6715,1.3363208e-09,0.0005454034,7.635023e-08,1.7107017e-05
L-BFGS-B,6716,1.3363167e-09,0.0005454015,7.635023e-08,1.7106997e-05
L-BFGS-B,6717,1.3353959e-09,0.0005453883,7.635213e-08,1.7107011e-05
L-BFGS-B,6718,1.335897e-09,0.0005453901,7.635112e-08,1.7106953e-05
L-BFGS-B,6719,1.3358471e-09,0.0005453909,7.635105e-08,1.7106944e-05
L-BFGS-B,6720,1.335687e-09,0.0005453666,7.6351185e-08,1.7106697e-05
L-BFGS-B,6721,1.3359223e-09,0.00054538343,7.63495e-08,1.7106648e-05
L-BFGS-B,6722,1.3354684e-09,0.00054538785,7.636083e-08,1.7108323e-05
L-BFGS-B,6723,1.3357929e-09,0.0005453349,7.6351775e-08,1.7106484e-05
L-BFGS-B,6724,1.3358581e-09,0.0005453434,7.635022e-08,1.7106346e-05
L-BFGS-B,6725,1.3359694e-09,0.00054533454,7.634837e-08,1.7105996e-05
L-BFGS-B,6726,1.3359595e-09,0.000545324,7.634827e-08,1.7105875e-05
L-BFGS-B,6727,1.3358958e-09,0.000545312,7.634826e-08,1.7105744e-05
L-BFGS-B,6728,1.3361249e-09,0.0005453184,7.635235e-08,1.7106455e-05
L-BFGS-B,6729,1.3359209e-09,0.0005452834,7.634904e-08,1.7105576e-05
L-BFGS-B,6730,1.3354189e-09,0.0005452435,7.635299e-08,1.7105696e-05
L-BFGS-B,6731,1.3357332e-09,0.0005452624,7.635038e-08,1.7105542e-05
L-BFGS-B,6732,1.3355338e-09,0.00054528867,7.634779e-08,1.7105383e-05
L-BFGS-B,6733,1.3353959e-09,0.0005452393,7.634782e-08,1.7104874e-05
L-BFGS-B,6734,1.3353028e-09,0.0005452132,7.634699e-08,1.7104476e-05
L-BFGS-B,6735,1.3349922e-09,0.0005452359,7.634363e-08,1.7104152e-05
L-BFGS-B,6736,1.3352424e-09,0.0005452133,7.6344094e-08,1.7104034e-05
L-BFGS-B,6737,1.3348328e-09,0.0005452695,7.6342566e-08,1.7104305e-05
L-BFGS-B,6738,1.335019e-09,0.00054520223,7.634344e-08,1.7103792e-05
L-BFGS-B,6739,1.3352702e-09,0.00054517493,7.634425e-08,1.7103677e-05
L-BFGS-B,6740,1.3357084e-09,0.000545135,7.634561e-08,1.7103546e-05
L-BFGS-B,6741,1.3358922e-09,0.00054510194,7.634761e-08,1.7103544e-05
L-BFGS-B,6742,1.3421426e-09,0.000546911,7.633737e-08,1.7121036e-05
L-BFGS-B,6743,1.3361721e-09,0.00054509926,7.6346986e-08,1.7103466e-05
L-BFGS-B,6744,1.3362981e-09,0.0005450628,7.634799e-08,1.7103272e-05
L-BFGS-B,6745,1.3364203e-09,0.0005450291,7.63489e-08,1.7103088e-05
L-BFGS-B,6746,1.3365398e-09,0.00054501,7.6349544e-08,1.7103013e-05
L-BFGS-B,6747,1.3437855e-09,0.0005476221,7.642215e-08,1.714111e-05
L-BFGS-B,6748,1.3366613e-09,0.0005449614,7.6351725e-08,1.7102871e-05
L-BFGS-B,6749,1.3365998e-09,0.0005449625,7.6350474e-08,1.7102686e-05
L-BFGS-B,6750,1.3364988e-09,0.0005449404,7.63503e-08,1.7102424e-05
L-BFGS-B,6751,1.3365542e-09,0.0005448982,7.63509e-08,1.71021e-05
L-BFGS-B,6752,1.3367156e-09,0.00054483215,7.63524e-08,1.7101689e-05
L-BFGS-B,6753,1.337045e-09,0.0005448031,7.635715e-08,1.710216e-05
L-BFGS-B,6754,1.3368249e-09,0.00054478523,7.635386e-08,1.7101454e-05
L-BFGS-B,6755,1.3371788e-09,0.00054468244,7.635744e-08,1.7101018e-05
L-BFGS-B,6756,1.3374066e-09,0.0005446252,7.6359434e-08,1.7100778e-05
L-BFGS-B,6757,1.3377762e-09,0.0005446717,7.6356926e-08,1.7100923e-05
L-BFGS-B,6758,1.3375373e-09,0.00054463116,7.635836e-08,1.7100696e-05
L-BFGS-B,6759,1.3375246e-09,0.0005446337,7.6358035e-08,1.710067e-05
L-BFGS-B,6760,1.3373382e-09,0.0005446405,7.6357324e-08,1.7100605e-05
L-BFGS-B,6761,1.3372619e-09,0.0005446201,7.635809e-08,1.7100503e-05
L-BFGS-B,6762,1.3371264e-09,0.00054462516,7.635745e-08,1.710044e-05
L-BFGS-B,6763,1.3371957e-09,0.00054461777,7.635803e-08,1.7100461e-05
L-BFGS-B,6764,1.3371374e-09,0.0005446213,7.6357615e-08,1.7100425e-05
L-BFGS-B,6765,1.3369598e-09,0.0005446052,7.635734e-08,1.7100196e-05
L-BFGS-B,6766,1.3366798e-09,0.00054459996,7.6355334e-08,1.7099801e-05
L-BFGS-B,6767,1.3363913e-09,0.0005446299,7.635229e-08,1.70996e-05
L-BFGS-B,6768,1.337112e-09,0.00054463197,7.635223e-08,1.7099721e-05
L-BFGS-B,6769,1.3366814e-09,0.00054461823,7.63523e-08,1.709953e-05
L-BFGS-B,6770,1.3365616e-09,0.00054461625,7.6350986e-08,1.7099295e-05
L-BFGS-B,6771,1.3363409e-09,0.00054463575,7.634784e-08,1.7098984e-05
L-BFGS-B,6772,1.3360717e-09,0.0005446247,7.6347035e-08,1.7098713e-05
L-BFGS-B,6773,1.3357616e-09,0.0005446315,7.634612e-08,1.7098597e-05
L-BFGS-B,6774,1.33563e-09,0.00054459675,7.634689e-08,1.7098346e-05
L-BFGS-B,6775,1.3356859e-09,0.00054458855,7.6346346e-08,1.7098191e-05
L-BFGS-B,6776,1.3351059e-09,0.0005450525,7.6359726e-08,1.710475e-05
L-BFGS-B,6777,1.3356365e-09,0.0005445869,7.6346964e-08,1.7098258e-05
L-BFGS-B,6778,1.3356747e-09,0.00054459483,7.6346396e-08,1.7098258e-05
L-BFGS-B,6779,1.3356964e-09,0.0005445921,7.6346346e-08,1.7098228e-05
L-BFGS-B,6780,1.3356859e-09,0.00054458855,7.6346346e-08,1.7098191e-05
L-BFGS-B,6781,1.3356859e-09,0.00054458855,7.6346346e-08,1.7098191e-05
L-BFGS-B,6782,1.3356846e-09,0.0005445901,7.6346346e-08,1.7098206e-05
L-BFGS-B,6783,1.3356859e-09,0.00054458855,7.6346346e-08,1.7098191e-05
L-BFGS-B,6784,1.3356859e-09,0.00054458855,7.6346346e-08,1.7098191e-05
L-BFGS-B,6785,1.335685e-09,0.0005445883,7.6346346e-08,1.7098188e-05
L-BFGS-B,6786,1.335685e-09,0.0005445883,7.6346346e-08,1.7098188e-05
L-BFGS-B,6787,1.335685e-09,0.0005445883,7.6346346e-08,1.7098188e-05
L-BFGS-B,6788,1.3356805e-09,0.00054458756,7.634636e-08,1.7098182e-05
L-BFGS-B,6789,1.3356805e-09,0.00054458756,7.634636e-08,1.7098182e-05
L-BFGS-B,6790,1.3356805e-09,0.00054458756,7.634636e-08,1.7098182e-05
L-BFGS-B,6791,1.3356831e-09,0.00054458965,7.6346346e-08,1.70982e-05
L-BFGS-B,6792,1.3356805e-09,0.00054458756,7.634636e-08,1.7098182e-05
L-BFGS-B,6793,1.3356805e-09,0.00054458756,7.634636e-08,1.7098182e-05
L-BFGS-B,6794,1.3356852e-09,0.0005445891,7.634636e-08,1.7098198e-05
L-BFGS-B,6795,1.3356805e-09,0.00054458756,7.634636e-08,1.7098182e-05
L-BFGS-B,6796,1.3350994e-09,0.0005450625,7.635994e-08,1.710488e-05
L-BFGS-B,6797,1.3356307e-09,0.0005445817,7.634694e-08,1.7098202e-05
L-BFGS-B,6798,1.3356726e-09,0.00054459565,7.634643e-08,1.7098271e-05
L-BFGS-B,6799,1.3356903e-09,0.0005445902,7.6346346e-08,1.7098206e-05
L-BFGS-B,6800,1.3356805e-09,0.00054458756,7.634636e-08,1.7098182e-05
L-BFGS-B,6801,1.3356805e-09,0.00054458756,7.634636e-08,1.7098182e-05
L-BFGS-B,6802,1.3356805e-09,0.00054458756,7.634636e-08,1.7098182e-05
L-BFGS-B,6803,1.3356805e-09,0.00054458756,7.634636e-08,1.7098182e-05
L-BFGS-B,6804,1.3356805e-09,0.00054458756,7.634636e-08,1.7098182e-05
L-BFGS-B,6805,1.3356805e-09,0.00054458756,7.634636e-08,1.7098182e-05
