psi,theta
-0.01,0.4098112
-0.02,0.40980962
-0.03,0.40980792
-0.04,0.409806
-0.05,0.40980396
-0.060000000000000005,0.40980178
-0.06999999999999999,0.40979937
-0.08,0.4097968
-0.09,0.4097941
-0.09999999999999999,0.40979117
-0.11,0.40978807
-0.12,0.40978485
-0.13,0.4097814
-0.14,0.4097778
-0.15000000000000002,0.40977395
-0.16,0.40976998
-0.17,0.40976584
-0.18000000000000002,0.4097615
-0.19,0.4097569
-0.2,0.4097522
-0.21000000000000002,0.40974727
-0.22,0.40974218
-0.23,0.40973687
-0.24000000000000002,0.4097314
-0.25,0.40972567
-0.26,0.40971982
-0.27,0.40971372
-0.28,0.40970743
-0.29000000000000004,0.409701
-0.3,0.4096943
-0.31,0.40968746
-0.32,0.40968043
-0.33,0.40967312
-0.34,0.40966564
-0.35000000000000003,0.40965798
-0.36000000000000004,0.4096501
-0.37,0.40964204
-0.38,0.40963382
-0.39,0.4096253
-0.4,0.4096166
-0.41000000000000003,0.4096077
-0.42000000000000004,0.4095986
-0.43,0.4095893
-0.44,0.4095798
-0.45,0.4095701
-0.46,0.40956014
-0.47000000000000003,0.40955
-0.48000000000000004,0.40953964
-0.49,0.4095291
-0.5,0.40951833
-0.51,0.40950736
-0.52,0.4094962
-0.53,0.40948474
-0.54,0.40947318
-0.55,0.40946132
-0.56,0.40944934
-0.5700000000000001,0.4094371
-0.5800000000000001,0.4094246
-0.59,0.40941197
-0.6,0.40939912
-0.61,0.40938604
-0.62,0.40937275
-0.63,0.40935922
-0.64,0.4093455
-0.65,0.40933156
-0.66,0.40931743
-0.67,0.40930307
-0.68,0.40928847
-0.6900000000000001,0.40927368
-0.7000000000000001,0.40925872
-0.7100000000000001,0.40924346
-0.72,0.40922812
-0.73,0.40921247
-0.74,0.40919662
-0.75,0.40918052
-0.76,0.4091643
-0.77,0.4091478
-0.78,0.40913105
-0.79,0.40911418
-0.8,0.40909708
-0.81,0.40907973
-0.8200000000000001,0.40906218
-0.8300000000000001,0.40904438
-0.8400000000000001,0.40902647
-0.85,0.40900826
-0.86,0.40898988
-0.87,0.40897125
-0.88,0.4089524
-0.89,0.4089334
-0.9,0.40891415
-0.91,0.40889466
-0.92,0.40887505
-0.93,0.40885514
-0.9400000000000001,0.408835
-0.9500000000000001,0.40881473
-0.9600000000000001,0.40879416
-0.97,0.40877348
-0.98,0.4087525
-0.99,0.40873137
-1.0,0.40871003
-1.01,0.40868843
-1.02,0.40866667
-1.03,0.40864468
-1.04,0.40862244
-1.05,0.40860003
-1.06,0.40857744
-1.07,0.4085546
-1.08,0.40853155
-1.09,0.4085083
-1.1,0.40848485
-1.11,0.40846115
-1.12,0.40843728
-1.1300000000000001,0.40841317
-1.1400000000000001,0.40838888
-1.1500000000000001,0.40836436
-1.1600000000000001,0.40833965
-1.17,0.40831476
-1.18,0.40828958
-1.19,0.40826428
-1.2,0.4082387
-1.21,0.4082129
-1.22,0.408187
-1.23,0.40816084
-1.24,0.40813446
-1.25,0.40810785
-1.26,0.4080811
-1.27,0.40805408
-1.28,0.40802693
-1.29,0.40799952
-1.3,0.40797192
-1.31,0.40794408
-1.32,0.4079161
-1.33,0.40788788
-1.34,0.4078595
-1.35,0.40783083
-1.36,0.40780205
-1.37,0.40777302
-1.3800000000000001,0.40774378
-1.3900000000000001,0.40771437
-1.4000000000000001,0.40768474
-1.4100000000000001,0.40765494
-1.42,0.4076249
-1.43,0.40759465
-1.44,0.40756428
-1.45,0.40753365
-1.46,0.40750283
-1.47,0.40747178
-1.48,0.4074406
-1.49,0.40740913
-1.5,0.40737754
-1.51,0.4073457
-1.52,0.40731373
-1.53,0.40728152
-1.54,0.40724912
-1.55,0.40721655
-1.56,0.4071837
-1.57,0.40715075
-1.58,0.40711755
-1.59,0.40708423
-1.6,0.40705067
-1.61,0.40701693
-1.62,0.40698296
-1.6300000000000001,0.4069488
-1.6400000000000001,0.4069145
-1.6500000000000001,0.40688002
-1.6600000000000001,0.4068453
-1.6700000000000002,0.4068104
-1.68,0.4067753
-1.69,0.40674007
-1.7,0.4067046
-1.71,0.40666896
-1.72,0.40663317
-1.73,0.40659714
-1.74,0.40656093
-1.75,0.40652454
-1.76,0.40648797
-1.77,0.40645123
-1.78,0.40641433
-1.79,0.4063771
-1.8,0.40633982
-1.81,0.40630233
-1.82,0.4062647
-1.83,0.40622687
-1.84,0.40618882
-1.85,0.40615064
-1.86,0.4061122
-1.87,0.40607366
-1.8800000000000001,0.4060349
-1.8900000000000001,0.40599597
-1.9000000000000001,0.40595686
-1.9100000000000001,0.40591758
-1.9200000000000002,0.40587813
-1.93,0.4058385
-1.94,0.40579867
-1.95,0.40575868
-1.96,0.40571854
-1.97,0.4056782
-1.98,0.40563768
-1.99,0.405597
-2.0,0.40555617
-2.01,0.40551513
-2.02,0.40547395
-2.03,0.40543255
-2.04,0.405391
-2.05,0.4053493
-2.0599999999999996,0.40530744
-2.07,0.40526545
-2.0799999999999996,0.4052232
-2.09,0.4051808
-2.0999999999999996,0.40513822
-2.11,0.40509552
-2.1199999999999997,0.40505266
-2.13,0.40500957
-2.1399999999999997,0.40496635
-2.15,0.40492296
-2.1599999999999997,0.40487942
-2.17,0.40483567
-2.1799999999999997,0.40479183
-2.19,0.40474778
-2.1999999999999997,0.40470356
-2.21,0.40465918
-2.2199999999999998,0.40461466
-2.23,0.40456998
-2.2399999999999998,0.4045251
-2.25,0.4044801
-2.26,0.40443492
-2.27,0.40438956
-2.28,0.40434408
-2.29,0.4042984
-2.3,0.4042526
-2.31,0.40420657
-2.32,0.4041604
-2.3299999999999996,0.40411413
-2.34,0.4040677
-2.3499999999999996,0.40402105
-2.36,0.4039743
-2.3699999999999997,0.40392736
-2.38,0.4038803
-2.3899999999999997,0.40383303
-2.4,0.40378565
-2.4099999999999997,0.40373808
-2.42,0.4036904
-2.4299999999999997,0.40364254
-2.44,0.40359446
-2.4499999999999997,0.4035463
-2.46,0.403498
-2.4699999999999998,0.40344948
-2.48,0.4034009
-2.4899999999999998,0.40335208
-2.5,0.40330315
-2.51,0.40325403
-2.52,0.40320483
-2.53,0.40315545
-2.54,0.4031059
-2.55,0.4030562
-2.56,0.40300637
-2.57,0.40295637
-2.5799999999999996,0.4029062
-2.59,0.40285593
-2.5999999999999996,0.40280548
-2.61,0.4027549
-2.6199999999999997,0.40270415
-2.63,0.40265328
-2.6399999999999997,0.4026022
-2.65,0.40255105
-2.6599999999999997,0.40249974
-2.67,0.40244824
-2.6799999999999997,0.40239662
-2.69,0.40234482
-2.6999999999999997,0.4022929
-2.71,0.40224087
-2.7199999999999998,0.4021886
-2.73,0.40213627
-2.7399999999999998,0.40208375
-2.75,0.40203115
-2.76,0.40197834
-2.77,0.40192538
-2.78,0.40187234
-2.79,0.4018191
-2.8,0.40176576
-2.81,0.40171224
-2.82,0.4016586
-2.8299999999999996,0.4016048
-2.84,0.4015509
-2.8499999999999996,0.4014968
-2.86,0.40144256
-2.8699999999999997,0.40138823
-2.88,0.40133372
-2.8899999999999997,0.40127903
-2.9,0.40122432
-2.9099999999999997,0.4011694
-2.92,0.40111428
-2.9299999999999997,0.4010591
-2.94,0.40100378
-2.9499999999999997,0.4009483
-2.96,0.40089265
-2.9699999999999998,0.40083688
-2.98,0.40078098
-2.9899999999999998,0.40072492
-3.0,0.40066874
-3.01,0.40061247
-3.02,0.40055603
-3.03,0.4004994
-3.04,0.40044272
-3.05,0.40038586
-3.06,0.40032887
-3.07,0.4002717
-3.08,0.40021443
-3.09,0.4001571
-3.0999999999999996,0.40009958
-3.11,0.40004188
-3.1199999999999997,0.39998406
-3.13,0.39992613
-3.1399999999999997,0.39986807
-3.15,0.39980984
-3.1599999999999997,0.39975154
-3.17,0.39969304
-3.1799999999999997,0.39963442
-3.19,0.3995757
-3.1999999999999997,0.39951682
-3.21,0.39945784
-3.2199999999999998,0.39939868
-3.23,0.39933947
-3.2399999999999998,0.39928007
-3.25,0.39922056
-3.26,0.39916086
-3.27,0.39910108
-3.28,0.39904115
-3.29,0.3989811
-3.3,0.39892095
-3.31,0.39886063
-3.32,0.3988002
-3.33,0.3987396
-3.34,0.39867893
-3.3499999999999996,0.39861813
-3.36,0.3985572
-3.3699999999999997,0.3984961
-3.38,0.39843488
-3.3899999999999997,0.39837357
-3.4,0.3983121
-3.4099999999999997,0.39825052
-3.42,0.39818883
-3.4299999999999997,0.39812696
-3.44,0.39806503
-3.4499999999999997,0.39800292
-3.46,0.39794075
-3.4699999999999998,0.3978784
-3.48,0.39781594
-3.4899999999999998,0.39775336
-3.5,0.39769065
-3.51,0.39762783
-3.52,0.39756486
-3.53,0.3975018
-3.54,0.3974386
-3.55,0.3973753
-3.56,0.39731184
-3.57,0.39724824
-3.58,0.39718455
-3.59,0.39712074
-3.5999999999999996,0.39705688
-3.61,0.3969928
-3.6199999999999997,0.39692867
-3.63,0.39686435
-3.6399999999999997,0.39679995
-3.65,0.39673537
-3.6599999999999997,0.3966708
-3.67,0.39660603
-3.6799999999999997,0.39654112
-3.69,0.3964761
-3.6999999999999997,0.396411
-3.71,0.3963458
-3.7199999999999998,0.3962804
-3.73,0.3962149
-3.7399999999999998,0.3961494
-3.75,0.39608365
-3.76,0.39601785
-3.77,0.39595187
-3.78,0.39588585
-3.79,0.39581966
-3.8,0.39575338
-3.81,0.39568698
-3.82,0.39562047
-3.83,0.39555386
-3.84,0.39548713
-3.8499999999999996,0.39542028
-3.86,0.39535335
-3.8699999999999997,0.3952862
-3.88,0.39521906
-3.8899999999999997,0.39515173
-3.9,0.39508438
-3.9099999999999997,0.39501682
-3.92,0.3949492
-3.9299999999999997,0.3948815
-3.94,0.3948136
-3.9499999999999997,0.39474565
-3.96,0.39467755
-3.9699999999999998,0.39460933
-3.98,0.39454103
-3.9899999999999998,0.39447266
-4.0,0.3944041
-4.01,0.3943355
-4.02,0.39426678
-4.03,0.39419794
-4.04,0.39412898
-4.05,0.39406
-4.06,0.3939908
-4.07,0.39392152
-4.08,0.3938522
-4.09,0.39378273
-4.1,0.39371312
-4.109999999999999,0.3936435
-4.12,0.39357367
-4.13,0.39350373
-4.14,0.39343378
-4.1499999999999995,0.39336365
-4.16,0.39329344
-4.17,0.39322317
-4.18,0.39315274
-4.1899999999999995,0.39308223
-4.2,0.3930116
-4.21,0.39294088
-4.22,0.39287
-4.2299999999999995,0.3927991
-4.24,0.39272815
-4.25,0.39265695
-4.26,0.39258575
-4.27,0.39251447
-4.28,0.392443
-4.29,0.39237148
-4.3,0.39229983
-4.31,0.39222813
-4.32,0.39215633
-4.33,0.39208436
-4.34,0.39201242
-4.35,0.39194024
-4.36,0.391868
-4.37,0.39179572
-4.38,0.39172333
-4.39,0.3916508
-4.3999999999999995,0.3915782
-4.41,0.39150554
-4.42,0.3914327
-4.43,0.39135987
-4.4399999999999995,0.39128685
-4.45,0.3912138
-4.46,0.39114058
-4.47,0.39106736
-4.4799999999999995,0.39099395
-4.49,0.39092052
-4.5,0.39084697
-4.51,0.39077336
-4.52,0.3906996
-4.53,0.39062577
-4.54,0.39055187
-4.55,0.39047787
-4.56,0.39040375
-4.57,0.39032957
-4.58,0.39025533
-4.59,0.39018095
-4.6,0.39010647
-4.61,0.39003187
-4.62,0.3899573
-4.63,0.38988253
-4.64,0.3898077
-4.6499999999999995,0.38973284
-4.66,0.38965783
-4.67,0.38958275
-4.68,0.3895076
-4.6899999999999995,0.3894323
-4.7,0.38935697
-4.71,0.38928157
-4.72,0.38920605
-4.7299999999999995,0.38913038
-4.74,0.38905472
-4.75,0.38897896
-4.76,0.38890308
-4.77,0.3888271
-4.78,0.3887511
-4.79,0.388675
-4.8,0.3885988
-4.81,0.3885225
-4.82,0.38844615
-4.83,0.38836968
-4.84,0.38829315
-4.85,0.3882166
-4.86,0.3881399
-4.87,0.38806307
-4.88,0.3879862
-4.89,0.3879093
-4.8999999999999995,0.38783228
-4.91,0.38775516
-4.92,0.38767797
-4.93,0.38760066
-4.9399999999999995,0.38752335
-4.95,0.38744593
-4.96,0.3873684
-4.97,0.38729084
-4.9799999999999995,0.38721317
-4.99,0.38713545
-5.0,0.38705766
-5.01,0.38697976
-5.02,0.3869018
-5.03,0.3868237
-5.04,0.3867456
-5.05,0.38666743
-5.06,0.3865891
-5.07,0.38651076
-5.08,0.3864323
-5.09,0.3863538
-5.1,0.38627523
-5.11,0.38619655
-5.12,0.38611788
-5.13,0.38603902
-5.14,0.3859601
-5.1499999999999995,0.38588122
-5.16,0.38580218
-5.17,0.38572305
-5.18,0.3856439
-5.1899999999999995,0.38556463
-5.2,0.3854853
-5.21,0.3854059
-5.22,0.38532645
-5.2299999999999995,0.38524687
-5.24,0.3851673
-5.25,0.3850876
-5.26,0.38500792
-5.27,0.38492805
-5.28,0.38484812
-5.29,0.3847682
-5.3,0.38468814
-5.31,0.38460803
-5.32,0.38452786
-5.33,0.38444763
-5.34,0.38436735
-5.35,0.38428697
-5.36,0.38420647
-5.37,0.384126
-5.38,0.38404542
-5.39,0.3839648
-5.3999999999999995,0.38388404
-5.41,0.3838033
-5.42,0.38372242
-5.43,0.38364154
-5.4399999999999995,0.38356054
-5.45,0.38347948
-5.46,0.38339835
-5.47,0.38331723
-5.4799999999999995,0.383236
-5.49,0.38315466
-5.5,0.38307333
-5.51,0.38299185
-5.52,0.38291037
-5.53,0.3828288
-5.54,0.38274717
-5.55,0.3826655
-5.56,0.38258374
-5.57,0.3825019
-5.58,0.38242003
-5.59,0.3823381
-5.6,0.3822561
-5.61,0.38217404
-5.62,0.38209194
-5.63,0.3820097
-5.64,0.38192755
-5.6499999999999995,0.38184518
-5.66,0.3817628
-5.67,0.38168043
-5.68,0.3815979
-5.6899999999999995,0.38151538
-5.7,0.38143277
-5.71,0.3813501
-5.72,0.3812674
-5.7299999999999995,0.38118464
-5.74,0.38110182
-5.75,0.38101888
-5.76,0.38093597
-5.77,0.3808529
-5.78,0.38076985
-5.79,0.3806867
-5.8,0.38060355
-5.81,0.3805203
-5.82,0.38043702
-5.83,0.38035366
-5.84,0.38027024
-5.85,0.3801868
-5.86,0.38010326
-5.87,0.38001966
-5.88,0.37993607
-5.89,0.3798524
-5.8999999999999995,0.37976867
-5.91,0.3796849
-5.92,0.37960103
-5.93,0.3795171
-5.9399999999999995,0.37943318
-5.95,0.37934917
-5.96,0.37926513
-5.97,0.37918103
-5.9799999999999995,0.37909687
-5.99,0.37901264
-6.0,0.37892842
-6.01,0.37884402
-6.02,0.37875968
-6.03,0.37867528
-6.04,0.37859082
-6.05,0.3785063
-6.06,0.37842172
-6.07,0.3783371
-6.08,0.37825248
-6.09,0.3781677
-6.1,0.37808293
-6.11,0.3779981
-6.12,0.37791324
-6.13,0.3778283
-6.14,0.3777434
-6.15,0.37765837
-6.16,0.3775733
-6.17,0.3774882
-6.18,0.37740308
-6.1899999999999995,0.37731788
-6.2,0.3772326
-6.21,0.37714732
-6.22,0.3770619
-6.2299999999999995,0.37697655
-6.24,0.37689114
-6.25,0.37680566
-6.26,0.3767201
-6.27,0.37663454
-6.28,0.37654892
-6.29,0.37646323
-6.3,0.37637758
-6.31,0.37629178
-6.32,0.37620598
-6.33,0.37612015
-6.34,0.37603432
-6.35,0.3759483
-6.36,0.37586233
-6.37,0.37577635
-6.38,0.37569028
-6.39,0.37560418
-6.4,0.375518
-6.41,0.37543187
-6.42,0.3753456
-6.43,0.3752593
-6.4399999999999995,0.37517306
-6.45,0.3750867
-6.46,0.37500024
-6.47,0.37491384
-6.4799999999999995,0.37482736
-6.49,0.37474084
-6.5,0.37465426
-6.51,0.37456766
-6.52,0.37448096
-6.53,0.37439436
-6.54,0.37430766
-6.55,0.37422088
-6.56,0.37413403
-6.57,0.37404722
-6.58,0.37396035
-6.59,0.37387347
-6.6,0.3737865
-6.61,0.37369952
-6.62,0.3736125
-6.63,0.37352538
-6.64,0.3734383
-6.65,0.37335113
-6.66,0.37326396
-6.67,0.37317675
-6.68,0.37308955
-6.6899999999999995,0.37300223
-6.7,0.37291488
-6.71,0.37282756
-6.72,0.37274015
-6.7299999999999995,0.37265268
-6.74,0.37256515
-6.75,0.37247768
-6.76,0.3723902
-6.77,0.3723026
-6.78,0.37221497
-6.79,0.37212735
-6.8,0.37203965
-6.81,0.37195194
-6.82,0.3718642
-6.83,0.37177643
-6.84,0.37168863
-6.85,0.37160078
-6.86,0.37151292
-6.87,0.37142503
-6.88,0.37133706
-6.89,0.37124908
-6.9,0.37116104
-6.91,0.37107304
-6.92,0.37098494
-6.93,0.37089688
-6.9399999999999995,0.37080872
-6.95,0.37072054
-6.96,0.37063232
-6.97,0.3705441
-6.9799999999999995,0.37045586
-6.99,0.37036753
-7.0,0.37027925
-7.01,0.3701909
-7.02,0.37010252
-7.03,0.3700141
-7.04,0.36992568
-7.05,0.3698372
-7.06,0.3697487
-7.07,0.36966017
-7.08,0.3695716
-7.09,0.36948305
-7.1,0.36939442
-7.11,0.3693058
-7.12,0.3692171
-7.13,0.3691284
-7.14,0.3690397
-7.15,0.3689509
-7.16,0.36886212
-7.17,0.36877334
-7.18,0.36868453
-7.1899999999999995,0.36859566
-7.2,0.36850676
-7.21,0.3684179
-7.22,0.36832893
-7.2299999999999995,0.36823994
-7.24,0.36815095
-7.25,0.36806193
-7.26,0.3679729
-7.27,0.36788386
-7.28,0.36779475
-7.29,0.3677056
-7.3,0.3676165
-7.31,0.36752734
-7.32,0.36743814
-7.33,0.36734894
-7.34,0.36725968
-7.35,0.3671704
-7.36,0.36708114
-7.37,0.36699182
-7.38,0.3669025
-7.39,0.36681315
-7.4,0.36672378
-7.41,0.36663437
-7.42,0.36654496
-7.43,0.3664555
-7.4399999999999995,0.36636603
-7.45,0.36627653
-7.46,0.36618704
-7.47,0.3660975
-7.4799999999999995,0.36600795
-7.49,0.3659184
-7.5,0.36582878
-7.51,0.36573917
-7.52,0.36564952
-7.53,0.36555985
-7.54,0.3654702
-7.55,0.36538047
-7.56,0.36529076
-7.57,0.36520103
-7.58,0.36511126
-7.59,0.36502147
-7.6,0.36493164
-7.61,0.36484188
-7.62,0.36475202
-7.63,0.36466217
-7.64,0.3645723
-7.65,0.3644824
-7.66,0.3643925
-7.67,0.36430258
-7.68,0.36421263
-7.6899999999999995,0.36412263
-7.7,0.3640327
-7.71,0.36394265
-7.72,0.36385265
-7.7299999999999995,0.36376262
-7.74,0.36367255
-7.75,0.36358246
-7.76,0.36349243
-7.77,0.3634023
-7.78,0.36331218
-7.79,0.36322206
-7.8,0.3631319
-7.81,0.36304173
-7.82,0.36295155
-7.83,0.36286134
-7.84,0.36277115
-7.85,0.36268088
-7.86,0.36259067
-7.87,0.36250043
-7.88,0.36241013
-7.89,0.36231983
-7.9,0.36222956
-7.91,0.36213923
-7.92,0.36204886
-7.93,0.36195853
-7.94,0.36186814
-7.95,0.36177778
-7.96,0.36168742
-7.97,0.361597
-7.9799999999999995,0.36150658
-7.99,0.3614162
-8.0,0.36132574
-8.01,0.36123532
-8.02,0.3611448
-8.03,0.36105433
-8.04,0.36096388
-8.05,0.36087334
-8.06,0.36078283
-8.07,0.36069232
-8.08,0.36060178
-8.09,0.3605112
-8.1,0.3604207
-8.11,0.3603301
-8.12,0.3602395
-8.13,0.36014894
-8.14,0.3600583
-8.15,0.3599677
-8.16,0.35987705
-8.17,0.35978645
-8.18,0.3596958
-8.19,0.35960513
-8.2,0.35951445
-8.209999999999999,0.35942376
-8.22,0.3593331
-8.23,0.35924244
-8.24,0.35915172
-8.25,0.359061
-8.26,0.35897028
-8.27,0.35887954
-8.28,0.35878882
-8.29,0.35869807
-8.3,0.3586073
-8.31,0.3585165
-8.32,0.35842577
-8.33,0.35833493
-8.34,0.35824418
-8.35,0.35815337
-8.36,0.3580626
-8.37,0.35797176
-8.38,0.35788098
-8.39,0.3577901
-8.4,0.3576993
-8.41,0.3576085
-8.42,0.3575176
-8.43,0.35742676
-8.44,0.35733593
-8.45,0.3572451
-8.459999999999999,0.35715413
-8.47,0.3570633
-8.48,0.3569724
-8.49,0.35688153
-8.5,0.3567906
-8.51,0.35669973
-8.52,0.3566088
-8.53,0.3565179
-8.54,0.35642698
-8.55,0.3563361
-8.56,0.35624513
-8.57,0.35615423
-8.58,0.3560633
-8.59,0.35597235
-8.6,0.3558814
-8.61,0.35579047
-8.62,0.35569948
-8.63,0.35560858
-8.64,0.3555176
-8.65,0.35542664
-8.66,0.35533568
-8.67,0.3552447
-8.68,0.3551537
-8.69,0.35506272
-8.7,0.3549718
-8.71,0.3548808
-8.72,0.3547898
-8.73,0.3546988
-8.74,0.35460782
-8.75,0.35451683
-8.76,0.35442585
-8.77,0.35433486
-8.78,0.35424384
-8.79,0.35415286
-8.8,0.35406184
-8.81,0.35397083
-8.82,0.35387984
-8.83,0.35378885
-8.84,0.35369787
-8.85,0.35360685
-8.86,0.35351586
-8.87,0.35342485
-8.88,0.35333383
-8.89,0.3532428
-8.9,0.3531518
-8.91,0.35306084
-8.92,0.3529698
-8.93,0.35287878
-8.94,0.3527878
-8.95,0.35269675
-8.96,0.35260576
-8.97,0.35251474
-8.98,0.35242376
-8.99,0.35233277
-9.0,0.35224175
-9.01,0.35215074
-9.02,0.35205975
-9.03,0.35196874
-9.04,0.35187775
-9.05,0.35178673
-9.06,0.35169578
-9.07,0.35160476
-9.08,0.35151374
-9.09,0.3514228
-9.1,0.35133177
-9.11,0.3512408
-9.12,0.3511498
-9.13,0.35105884
-9.14,0.35096785
-9.15,0.35087687
-9.16,0.3507859
-9.17,0.35069495
-9.18,0.35060397
-9.19,0.35051304
-9.2,0.35042208
-9.21,0.35033107
-9.22,0.35024014
-9.23,0.35014918
-9.24,0.35005826
-9.25,0.34996727
-9.26,0.3498764
-9.27,0.34978545
-9.28,0.3496945
-9.29,0.34960362
-9.3,0.3495127
-9.31,0.34942174
-9.32,0.34933084
-9.33,0.34923995
-9.34,0.34914905
-9.35,0.34905812
-9.36,0.34896728
-9.37,0.3488764
-9.38,0.3487855
-9.39,0.34869462
-9.4,0.34860376
-9.41,0.3485129
-9.42,0.34842202
-9.43,0.34833115
-9.44,0.34824035
-9.45,0.34814948
-9.46,0.34805864
-9.47,0.3479678
-9.48,0.34787703
-9.49,0.3477862
-9.5,0.34769535
-9.51,0.3476046
-9.52,0.34751377
-9.53,0.347423
-9.54,0.3473322
-9.55,0.34724146
-9.56,0.34715068
-9.57,0.34705994
-9.58,0.3469692
-9.59,0.34687844
-9.6,0.34678772
-9.61,0.346697
-9.62,0.34660628
-9.63,0.3465156
-9.64,0.34642485
-9.65,0.34633416
-9.66,0.3462435
-9.67,0.3461528
-9.68,0.34606218
-9.69,0.34597147
-9.7,0.34588084
-9.71,0.34579018
-9.72,0.34569958
-9.73,0.34560892
-9.74,0.3455183
-9.75,0.34542772
-9.76,0.34533715
-9.77,0.34524655
-9.78,0.34515595
-9.79,0.3450654
-9.8,0.34497482
-9.81,0.34488428
-9.82,0.3447938
-9.83,0.34470326
-9.84,0.34461272
-9.85,0.34452224
-9.86,0.3444317
-9.87,0.34434122
-9.88,0.34425077
-9.89,0.3441603
-9.9,0.34406984
-9.91,0.3439794
-9.92,0.34388894
-9.93,0.34379855
-9.94,0.34370816
-9.95,0.34361777
-9.96,0.34352738
-9.97,0.34343696
-9.98,0.3433466
-9.99,0.34325626
-10.0,0.34316596
-10.01,0.3430756
-10.02,0.3429853
-10.03,0.342895
-10.04,0.34280473
-10.05,0.3427144
-10.06,0.34262416
-10.07,0.34253395
-10.08,0.34244367
-10.09,0.34235343
-10.1,0.34226322
-10.11,0.342173
-10.12,0.34208283
-10.13,0.34199262
-10.14,0.3419025
-10.15,0.34181234
-10.16,0.3417222
-10.17,0.34163207
-10.18,0.34154192
-10.19,0.34145188
-10.2,0.3413618
-10.21,0.34127167
-10.22,0.34118164
-10.23,0.34109163
-10.24,0.3410016
-10.25,0.34091154
-10.26,0.34082153
-10.27,0.34073153
-10.28,0.3406416
-10.29,0.3405516
-10.3,0.34046173
-10.31,0.3403718
-10.32,0.3402818
-10.33,0.34019196
-10.34,0.34010208
-10.35,0.3400122
-10.36,0.33992237
-10.37,0.33983248
-10.38,0.33974266
-10.39,0.33965287
-10.4,0.33956307
-10.41,0.3394733
-10.42,0.33938354
-10.43,0.33929378
-10.44,0.33920404
-10.45,0.33911434
-10.46,0.33902463
-10.47,0.338935
-10.48,0.3388453
-10.49,0.33875564
-10.5,0.33866596
-10.51,0.33857638
-10.52,0.33848676
-10.53,0.3383972
-10.54,0.33830765
-10.55,0.3382181
-10.56,0.3381285
-10.57,0.33803898
-10.58,0.3379495
-10.59,0.33786002
-10.6,0.33777055
-10.61,0.3376811
-10.62,0.33759168
-10.63,0.33750224
-10.64,0.33741283
-10.65,0.33732346
-10.66,0.33723408
-10.67,0.33714473
-10.68,0.3370554
-10.69,0.3369661
-10.7,0.3368768
-10.71,0.3367875
-10.72,0.3366982
-10.73,0.33660904
-10.74,0.33651978
-10.75,0.3364306
-10.76,0.33634138
-10.77,0.33625227
-10.78,0.33616307
-10.79,0.33607394
-10.8,0.33598483
-10.81,0.33589572
-10.82,0.33580667
-10.83,0.3357176
-10.84,0.33562857
-10.85,0.3355395
-10.86,0.33545053
-10.87,0.33536157
-10.88,0.3352726
-10.89,0.33518362
-10.9,0.33509472
-10.91,0.33500582
-10.92,0.33491692
-10.93,0.33482802
-10.94,0.3347392
-10.95,0.33465034
-10.96,0.33456156
-10.97,0.33447275
-10.98,0.33438402
-10.99,0.33429527
-11.0,0.3342065
-11.01,0.3341179
-11.02,0.33402917
-11.03,0.3339405
-11.04,0.33385187
-11.05,0.33376315
-11.06,0.33367455
-11.07,0.33358598
-11.08,0.3334974
-11.09,0.33340886
-11.1,0.33332035
-11.11,0.33323184
-11.12,0.33314335
-11.13,0.3330549
-11.14,0.33296645
-11.15,0.33287805
-11.16,0.33278963
-11.17,0.3327012
-11.18,0.33261287
-11.19,0.33252457
-11.2,0.33243623
-11.21,0.33234793
-11.22,0.33225965
-11.23,0.3321714
-11.24,0.33208323
-11.25,0.33199498
-11.26,0.3319068
-11.27,0.3318186
-11.28,0.33173046
-11.29,0.3316424
-11.3,0.33155426
-11.31,0.33146617
-11.32,0.33137816
-11.33,0.33129007
-11.34,0.3312021
-11.35,0.3311141
-11.36,0.3310261
-11.37,0.33093822
-11.38,0.33085024
-11.39,0.33076233
-11.4,0.3306745
-11.41,0.3305866
-11.42,0.3304988
-11.43,0.330411
-11.44,0.33032322
-11.45,0.33023545
-11.46,0.33014768
-11.47,0.33006
-11.48,0.32997233
-11.49,0.3298846
-11.5,0.329797
-11.51,0.32970935
-11.52,0.32962176
-11.53,0.3295342
-11.54,0.3294466
-11.55,0.32935908
-11.56,0.32927158
-11.57,0.3291841
-11.58,0.32909662
-11.59,0.32900918
-11.6,0.32892177
-11.61,0.3288344
-11.62,0.32874703
-11.63,0.32865974
-11.64,0.3285724
-11.65,0.32848507
-11.66,0.3283978
-11.67,0.32831058
-11.68,0.32822335
-11.69,0.32813615
-11.7,0.32804897
-11.71,0.32796186
-11.72,0.32787472
-11.73,0.3277876
-11.74,0.32770053
-11.75,0.32761347
-11.76,0.32752645
-11.77,0.32743943
-11.78,0.32735246
-11.79,0.3272655
-11.8,0.32717857
-11.81,0.32709166
-11.82,0.32700485
-11.83,0.32691795
-11.84,0.32683113
-11.85,0.32674435
-11.86,0.32665756
-11.87,0.32657084
-11.88,0.32648408
-11.89,0.3263974
-11.9,0.3263107
-11.91,0.32622403
-11.92,0.3261374
-11.93,0.3260508
-11.94,0.32596424
-11.95,0.32587776
-11.96,0.3257912
-11.97,0.3257047
-11.98,0.32561818
-11.99,0.32553175
-12.0,0.3254454
-12.01,0.325359
-12.02,0.3252726
-12.03,0.32518625
-12.040000000000001,0.32509995
-12.05,0.32501367
-12.06,0.32492733
-12.07,0.32484114
-12.08,0.32475495
-12.09,0.32466877
-12.1,0.32458258
-12.11,0.32449648
-12.12,0.32441035
-12.13,0.32432428
-12.14,0.32423818
-12.15,0.32415217
-12.16,0.3240662
-12.17,0.32398024
-12.18,0.3238943
-12.19,0.32380837
-12.2,0.32372254
-12.21,0.3236366
-12.22,0.32355076
-12.23,0.323465
-12.24,0.32337925
-12.25,0.32329342
-12.26,0.32320774
-12.27,0.323122
-12.28,0.3230363
-12.290000000000001,0.3229507
-12.3,0.322865
-12.31,0.32277942
-12.32,0.32269388
-12.33,0.32260835
-12.34,0.32252288
-12.35,0.32243735
-12.36,0.32235187
-12.37,0.32226643
-12.38,0.32218105
-12.39,0.3220957
-12.4,0.3220103
-12.41,0.32192504
-12.42,0.32183972
-12.43,0.32175446
-12.44,0.3216692
-12.45,0.321584
-12.46,0.3214988
-12.47,0.32141364
-12.48,0.32132858
-12.49,0.32124346
-12.5,0.32115844
-12.51,0.32107332
-12.52,0.3209883
-12.53,0.3209034
-12.540000000000001,0.32081842
-12.55,0.32073346
-12.56,0.32064855
-12.57,0.3205637
-12.58,0.32047892
-12.59,0.32039404
-12.6,0.32030928
-12.61,0.3202245
-12.62,0.3201398
-12.63,0.32005507
-12.64,0.31997037
-12.65,0.3198858
-12.66,0.31980118
-12.67,0.3197166
-12.68,0.319632
-12.69,0.31954747
-12.7,0.31946298
-12.71,0.31937855
-12.72,0.3192941
-12.73,0.31920967
-12.74,0.31912532
-12.75,0.31904095
-12.76,0.3189566
-12.77,0.31887227
-12.78,0.318788
-12.790000000000001,0.31870383
-12.8,0.3186196
-12.81,0.31853545
-12.82,0.31845126
-12.83,0.31836718
-12.84,0.31828302
-12.85,0.31819898
-12.86,0.31811494
-12.87,0.31803095
-12.88,0.31794703
-12.89,0.31786302
-12.9,0.3177791
-12.91,0.31769526
-12.92,0.3176114
-12.93,0.3175276
-12.94,0.3174438
-12.95,0.31735998
-12.96,0.31727624
-12.97,0.31719258
-12.98,0.3171089
-12.99,0.31702527
-13.0,0.31694162
-13.01,0.31685802
-13.02,0.3167745
-13.03,0.3166909
-13.040000000000001,0.31660748
-13.05,0.31652397
-13.06,0.31644055
-13.07,0.31635717
-13.08,0.31627378
-13.09,0.31619042
-13.1,0.31610706
-13.11,0.31602383
-13.12,0.31594056
-13.13,0.31585735
-13.14,0.3157741
-13.15,0.315691
-13.16,0.31560788
-13.17,0.31552473
-13.18,0.3154417
-13.19,0.31535864
-13.2,0.3152756
-13.21,0.31519267
-13.22,0.3151097
-13.23,0.31502676
-13.24,0.31494388
-13.25,0.31486106
-13.26,0.31477818
-13.27,0.3146954
-13.28,0.31461266
-13.290000000000001,0.31452987
-13.3,0.3144472
-13.31,0.31436455
-13.32,0.3142819
-13.33,0.31419924
-13.34,0.31411672
-13.35,0.3140341
-13.36,0.3139516
-13.37,0.31386912
-13.38,0.31378663
-13.39,0.31370422
-13.4,0.31362185
-13.41,0.31353945
-13.42,0.3134571
-13.43,0.3133748
-13.44,0.31329256
-13.45,0.31321028
-13.46,0.31312805
-13.47,0.31304592
-13.48,0.31296375
-13.49,0.31288162
-13.5,0.31279957
-13.51,0.3127175
-13.52,0.31263548
-13.53,0.31255347
-13.540000000000001,0.3124715
-13.55,0.31238958
-13.56,0.31230775
-13.57,0.31222585
-13.58,0.31214398
-13.59,0.3120622
-13.6,0.3119804
-13.61,0.31189868
-13.62,0.311817
-13.63,0.31173536
-13.64,0.31165367
-13.65,0.31157205
-13.66,0.31149048
-13.67,0.31140894
-13.68,0.3113274
-13.69,0.31124595
-13.7,0.31116447
-13.71,0.31108305
-13.72,0.31100163
-13.73,0.31092027
-13.74,0.31083894
-13.75,0.31075764
-13.76,0.3106764
-13.77,0.31059515
-13.78,0.31051397
-13.790000000000001,0.31043282
-13.8,0.31035167
-13.81,0.31027055
-13.82,0.31018952
-13.83,0.31010845
-13.84,0.31002748
-13.85,0.30994648
-13.86,0.30986556
-13.87,0.30978465
-13.88,0.30970374
-13.89,0.30962288
-13.9,0.30954206
-13.91,0.3094613
-13.92,0.30938053
-13.93,0.30929983
-13.94,0.30921915
-13.95,0.3091385
-13.96,0.30905786
-13.97,0.30897722
-13.98,0.30889666
-13.99,0.30881616
-14.0,0.30873567
-14.01,0.30865526
-14.02,0.3085748
-14.03,0.30849442
-14.040000000000001,0.308414
-14.05,0.30833372
-14.06,0.30825344
-14.07,0.30817318
-14.08,0.30809295
-14.09,0.30801272
-14.1,0.30793253
-14.11,0.3078524
-14.12,0.3077723
-14.13,0.30769226
-14.14,0.30761218
-14.15,0.3075322
-14.16,0.30745223
-14.17,0.30737233
-14.18,0.30729237
-14.19,0.3072125
-14.2,0.30713263
-14.21,0.30705282
-14.22,0.30697307
-14.23,0.30689335
-14.24,0.30681363
-14.25,0.30673397
-14.26,0.3066543
-14.27,0.30657467
-14.28,0.30649513
-14.290000000000001,0.3064156
-14.3,0.30633605
-14.31,0.30625653
-14.32,0.30617714
-14.33,0.30609772
-14.34,0.30601835
-14.35,0.30593902
-14.36,0.30585968
-14.37,0.3057804
-14.38,0.30570114
-14.39,0.3056219
-14.4,0.3055427
-14.41,0.30546358
-14.42,0.3053845
-14.43,0.30530545
-14.44,0.30522636
-14.45,0.30514735
-14.46,0.30506834
-14.47,0.3049894
-14.48,0.30491048
-14.49,0.30483156
-14.5,0.3047527
-14.51,0.3046739
-14.52,0.30459505
-14.53,0.30451635
-14.540000000000001,0.30443764
-14.55,0.30435893
-14.56,0.30428028
-14.57,0.3042017
-14.58,0.3041231
-14.59,0.30404457
-14.6,0.30396602
-14.61,0.30388752
-14.62,0.3038091
-14.63,0.30373067
-14.64,0.30365226
-14.65,0.3035739
-14.66,0.3034956
-14.67,0.30341727
-14.68,0.30333906
-14.69,0.30326083
-14.7,0.3031826
-14.71,0.30310446
-14.72,0.30302638
-14.73,0.30294827
-14.74,0.3028702
-14.75,0.30279216
-14.76,0.30271414
-14.77,0.30263624
-14.78,0.30255836
-14.790000000000001,0.30248046
-14.8,0.30240256
-14.81,0.3023248
-14.82,0.30224696
-14.83,0.30216926
-14.84,0.3020915
-14.85,0.3020138
-14.86,0.30193618
-14.87,0.30185854
-14.88,0.30178094
-14.89,0.30170342
-14.9,0.30162588
-14.91,0.30154845
-14.92,0.30147097
-14.93,0.30139354
-14.94,0.3013162
-14.95,0.30123883
-14.96,0.3011615
-14.97,0.3010842
-14.98,0.30100694
-14.99,0.30092973
-15.0,0.30085257
-15.01,0.3007754
-15.02,0.3006983
-15.03,0.3006212
-15.040000000000001,0.30054414
-15.05,0.30046716
-15.06,0.30039018
-15.07,0.30031326
-15.08,0.30023634
-15.09,0.30015945
-15.1,0.30008256
-15.11,0.3000058
-15.12,0.29992902
-15.13,0.29985228
-15.14,0.29977557
-15.15,0.2996989
-15.16,0.2996223
-15.17,0.29954568
-15.18,0.29946908
-15.19,0.29939252
-15.2,0.29931605
-15.21,0.29923952
-15.22,0.29916307
-15.23,0.2990867
-15.24,0.29901034
-15.25,0.29893398
-15.26,0.2988577
-15.27,0.29878142
-15.28,0.29870516
-15.290000000000001,0.29862893
-15.3,0.29855275
-15.31,0.29847664
-15.32,0.29840052
-15.33,0.29832444
-15.34,0.2982484
-15.35,0.2981724
-15.36,0.29809648
-15.37,0.29802057
-15.38,0.29794464
-15.39,0.2978688
-15.4,0.2977929
-15.41,0.29771712
-15.42,0.29764137
-15.43,0.29756564
-15.44,0.29748994
-15.45,0.29741424
-15.46,0.29733863
-15.47,0.29726306
-15.48,0.2971875
-15.49,0.29711196
-15.5,0.2970365
-15.51,0.296961
-15.52,0.2968856
-15.53,0.29681018
-15.540000000000001,0.29673484
-15.55,0.29665956
-15.56,0.29658425
-15.57,0.29650903
-15.58,0.29643375
-15.59,0.2963586
-15.6,0.29628345
-15.61,0.29620835
-15.620000000000001,0.29613322
-15.63,0.29605824
-15.64,0.2959831
-15.65,0.29590818
-15.66,0.29583317
-15.67,0.2957583
-15.68,0.29568344
-15.69,0.29560855
-15.7,0.29553378
-15.71,0.295459
-15.72,0.29538426
-15.73,0.29530957
-15.74,0.29523486
-15.75,0.29516023
-15.76,0.2950856
-15.77,0.29501104
-15.78,0.29493654
-15.790000000000001,0.29486197
-15.8,0.29478756
-15.81,0.2947131
-15.82,0.2946387
-15.83,0.29456437
-15.84,0.29448998
-15.85,0.29441568
-15.86,0.2943414
-15.870000000000001,0.29426718
-15.88,0.294193
-15.89,0.29411885
-15.9,0.29404473
-15.91,0.29397053
-15.92,0.29389653
-15.93,0.29382247
-15.94,0.2937485
-15.95,0.29367453
-15.96,0.29360056
-15.97,0.29352668
-15.98,0.29345286
-15.99,0.293379
-16.0,0.29330522
-16.01,0.29323143
-16.020000000000003,0.29315776
-16.03,0.293084
-16.040000000000003,0.29301035
-16.05,0.29293674
-16.060000000000002,0.29286313
-16.07,0.2927897
-16.080000000000002,0.29271612
-16.090000000000003,0.2926426
-16.1,0.29256916
-16.110000000000003,0.2924957
-16.12,0.29242232
-16.130000000000003,0.29234898
-16.14,0.29227567
-16.150000000000002,0.29220244
-16.16,0.2921292
-16.17,0.29205593
-16.180000000000003,0.29198277
-16.19,0.29190955
-16.200000000000003,0.2918365
-16.21,0.2917634
-16.220000000000002,0.29169038
-16.23,0.2916174
-16.240000000000002,0.29154438
-16.250000000000004,0.29147145
-16.26,0.29139856
-16.270000000000003,0.29132563
-16.28,0.29125282
-16.290000000000003,0.29117998
-16.3,0.29110724
-16.310000000000002,0.2910345
-16.32,0.29096177
-16.330000000000002,0.2908891
-16.340000000000003,0.2908165
-16.35,0.29074395
-16.360000000000003,0.29067135
-16.37,0.2905988
-16.380000000000003,0.29052633
-16.39,0.29045385
-16.400000000000002,0.2903814
-16.41,0.290309
-16.42,0.29023665
-16.430000000000003,0.29016432
-16.44,0.29009205
-16.450000000000003,0.29001978
-16.46,0.2899475
-16.470000000000002,0.2898753
-16.48,0.28980315
-16.490000000000002,0.28973103
-16.500000000000004,0.2896589
-16.51,0.28958687
-16.520000000000003,0.2895149
-16.53,0.28944287
-16.540000000000003,0.28937092
-16.55,0.289299
-16.560000000000002,0.28922713
-16.57,0.28915524
-16.580000000000002,0.28908342
-16.590000000000003,0.2890117
-16.6,0.28893986
-16.610000000000003,0.28886816
-16.62,0.28879645
-16.630000000000003,0.28872487
-16.64,0.28865325
-16.650000000000002,0.2885817
-16.66,0.2885101
-16.67,0.28843856
-16.680000000000003,0.2883671
-16.69,0.28829566
-16.700000000000003,0.28822422
-16.71,0.28815287
-16.720000000000002,0.28808147
-16.73,0.28801015
-16.740000000000002,0.28793883
-16.750000000000004,0.28786764
-16.76,0.28779638
-16.770000000000003,0.2877252
-16.78,0.28765404
-16.790000000000003,0.287583
-16.8,0.2875119
-16.810000000000002,0.28744087
-16.82,0.28736988
-16.830000000000002,0.2872989
-16.840000000000003,0.28722793
-16.85,0.28715703
-16.860000000000003,0.28708616
-16.87,0.28701526
-16.880000000000003,0.28694445
-16.89,0.2868737
-16.900000000000002,0.28680298
-16.91,0.2867323
-16.92,0.28666162
-16.930000000000003,0.28659093
-16.94,0.28652036
-16.950000000000003,0.28644982
-16.96,0.2863793
-16.970000000000002,0.28630877
-16.98,0.28623834
-16.990000000000002,0.28616786
-17.000000000000004,0.28609744
-17.01,0.2860271
-17.020000000000003,0.28595677
-17.03,0.28588647
-17.040000000000003,0.2858162
-17.05,0.28574592
-17.060000000000002,0.28567573
-17.07,0.28560555
-17.080000000000002,0.28553545
-17.090000000000003,0.28546536
-17.1,0.28539532
-17.110000000000003,0.28532523
-17.12,0.28525522
-17.130000000000003,0.28518534
-17.14,0.28511533
-17.150000000000002,0.28504542
-17.160000000000004,0.28497556
-17.17,0.2849058
-17.180000000000003,0.28483596
-17.19,0.28476626
-17.200000000000003,0.28469652
-17.21,0.28462678
-17.220000000000002,0.28455716
-17.23,0.2844875
-17.240000000000002,0.28441787
-17.250000000000004,0.2843484
-17.26,0.2842788
-17.270000000000003,0.2842093
-17.28,0.28413987
-17.290000000000003,0.28407043
-17.3,0.28400105
-17.310000000000002,0.28393164
-17.32,0.28386232
-17.330000000000002,0.2837931
-17.340000000000003,0.28372383
-17.35,0.28365466
-17.360000000000003,0.28358537
-17.37,0.2835162
-17.380000000000003,0.2834471
-17.39,0.28337798
-17.400000000000002,0.28330892
-17.410000000000004,0.28323996
-17.42,0.28317094
-17.430000000000003,0.28310198
-17.44,0.28303304
-17.450000000000003,0.28296414
-17.46,0.28289527
-17.470000000000002,0.28282648
-17.48,0.2827576
-17.490000000000002,0.28268886
-17.500000000000004,0.28262022
-17.51,0.28255153
-17.520000000000003,0.28248286
-17.53,0.28241423
-17.540000000000003,0.28234562
-17.55,0.28227705
-17.560000000000002,0.2822085
-17.57,0.28214008
-17.580000000000002,0.2820716
-17.590000000000003,0.2820032
-17.6,0.28193477
-17.610000000000003,0.2818664
-17.62,0.28179806
-17.630000000000003,0.28172982
-17.64,0.28166154
-17.650000000000002,0.28159332
-17.660000000000004,0.28152508
-17.67,0.28145692
-17.680000000000003,0.2813888
-17.69,0.28132072
-17.700000000000003,0.28125265
-17.71,0.2811846
-17.720000000000002,0.2811166
-17.73,0.2810487
-17.740000000000002,0.2809808
-17.750000000000004,0.28091285
-17.76,0.280845
-17.770000000000003,0.2807772
-17.78,0.28070942
-17.790000000000003,0.28064165
-17.8,0.2805739
-17.810000000000002,0.2805062
-17.82,0.28043857
-17.830000000000002,0.28037095
-17.840000000000003,0.28030333
-17.85,0.28023577
-17.860000000000003,0.28016824
-17.87,0.2801007
-17.880000000000003,0.28003326
-17.89,0.2799658
-17.900000000000002,0.27989846
-17.910000000000004,0.2798311
-17.92,0.27976373
-17.930000000000003,0.27969646
-17.94,0.27962917
-17.950000000000003,0.27956197
-17.96,0.27949476
-17.970000000000002,0.27942756
-17.98,0.27936047
-17.990000000000002,0.27929342
-18.000000000000004,0.2792263
-18.01,0.27915925
-18.020000000000003,0.27909225
-18.03,0.27902526
-18.040000000000003,0.2789583
-18.05,0.2788914
-18.060000000000002,0.2788245
-18.07,0.27875775
-18.080000000000002,0.27869093
-18.090000000000003,0.27862412
-18.1,0.27855733
-18.110000000000003,0.2784907
-18.12,0.278424
-18.130000000000003,0.27835736
-18.14,0.2782908
-18.150000000000002,0.27822417
-18.160000000000004,0.27815765
-18.17,0.2780912
-18.180000000000003,0.2780247
-18.19,0.27795824
-18.200000000000003,0.27789184
-18.21,0.27782547
-18.220000000000002,0.2777591
-18.23,0.2776928
-18.240000000000002,0.27762648
-18.250000000000004,0.27756023
-18.26,0.27749404
-18.270000000000003,0.27742785
-18.28,0.2773617
-18.290000000000003,0.27729556
-18.3,0.2772295
-18.310000000000002,0.27716345
-18.32,0.27709743
-18.330000000000002,0.2770314
-18.340000000000003,0.27696544
-18.35,0.27689952
-18.360000000000003,0.2768336
-18.37,0.2767678
-18.380000000000003,0.27670193
-18.39,0.27663615
-18.400000000000002,0.27657044
-18.410000000000004,0.27650473
-18.42,0.276439
-18.430000000000003,0.27637333
-18.44,0.2763077
-18.450000000000003,0.27624214
-18.46,0.27617654
-18.470000000000002,0.27611098
-18.48,0.2760455
-18.490000000000002,0.27598003
-18.500000000000004,0.2759146
-18.51,0.27584916
-18.520000000000003,0.27578387
-18.53,0.2757185
-18.540000000000003,0.27565318
-18.55,0.27558792
-18.560000000000002,0.27552268
-18.57,0.27545744
-18.580000000000002,0.2753923
-18.590000000000003,0.27532715
-18.6,0.275262
-18.610000000000003,0.275197
-18.62,0.2751319
-18.630000000000003,0.2750669
-18.64,0.27500194
-18.650000000000002,0.27493697
-18.660000000000004,0.2748721
-18.67,0.27480716
-18.680000000000003,0.2747423
-18.69,0.27467746
-18.700000000000003,0.27461272
-18.71,0.27454796
-18.720000000000002,0.2744832
-18.73,0.27441853
-18.740000000000002,0.27435386
-18.750000000000004,0.27428922
-18.76,0.27422464
-18.770000000000003,0.27416006
-18.78,0.2740955
-18.790000000000003,0.27403098
-18.8,0.27396652
-18.810000000000002,0.27390215
-18.82,0.2738377
-18.830000000000002,0.27377328
-18.840000000000003,0.273709
-18.85,0.27364472
-18.860000000000003,0.27358037
-18.87,0.27351618
-18.880000000000003,0.27345195
-18.89,0.27338776
-18.900000000000002,0.2733236
-18.910000000000004,0.27325946
-18.92,0.27319545
-18.930000000000003,0.27313137
-18.94,0.2730673
-18.950000000000003,0.27300328
-18.96,0.2729394
-18.970000000000002,0.2728755
-18.98,0.27281162
-18.990000000000002,0.27274773
-19.000000000000004,0.27268386
-19.01,0.27262008
-19.020000000000003,0.27255633
-19.03,0.27249256
-19.040000000000003,0.27242887
-19.05,0.2723652
-19.060000000000002,0.27230152
-19.07,0.27223793
-19.080000000000002,0.27217436
-19.090000000000003,0.27211085
-19.1,0.2720473
-19.110000000000003,0.2719838
-19.12,0.27192035
-19.130000000000003,0.2718569
-19.14,0.27179357
-19.150000000000002,0.27173024
-19.160000000000004,0.27166688
-19.17,0.2716036
-19.180000000000003,0.27154037
-19.19,0.27147707
-19.200000000000003,0.27141392
-19.21,0.27135077
-19.220000000000002,0.27128762
-19.23,0.2712245
-19.240000000000002,0.27116144
-19.250000000000004,0.27109838
-19.26,0.27103537
-19.270000000000003,0.2709725
-19.28,0.2709095
-19.290000000000003,0.27084658
-19.3,0.2707837
-19.310000000000002,0.2707208
-19.32,0.27065802
-19.330000000000002,0.27059522
-19.340000000000003,0.27053243
-19.35,0.27046973
-19.360000000000003,0.27040702
-19.37,0.27034435
-19.380000000000003,0.27028173
-19.39,0.27021915
-19.400000000000002,0.27015656
-19.410000000000004,0.27009404
-19.42,0.2700315
-19.430000000000003,0.26996905
-19.44,0.26990658
-19.450000000000003,0.26984417
-19.46,0.26978183
-19.470000000000002,0.26971942
-19.48,0.26965714
-19.490000000000002,0.26959485
-19.500000000000004,0.26953256
-19.51,0.2694704
-19.520000000000003,0.26940817
-19.53,0.26934597
-19.540000000000003,0.26928386
-19.55,0.26922178
-19.560000000000002,0.26915973
-19.57,0.26909766
-19.580000000000002,0.26903564
-19.590000000000003,0.26897368
-19.6,0.26891178
-19.610000000000003,0.26884982
-19.62,0.26878792
-19.630000000000003,0.2687261
-19.64,0.2686643
-19.650000000000002,0.26860246
-19.660000000000004,0.26854074
-19.67,0.26847902
-19.680000000000003,0.2684173
-19.69,0.26835564
-19.700000000000003,0.26829398
-19.71,0.26823238
-19.720000000000002,0.26817083
-19.73,0.2681093
-19.740000000000002,0.26804775
-19.750000000000004,0.2679863
-19.76,0.26792482
-19.770000000000003,0.2678634
-19.78,0.26780203
-19.790000000000003,0.26774067
-19.8,0.26767933
-19.810000000000002,0.267618
-19.82,0.2675567
-19.830000000000002,0.26749554
-19.840000000000003,0.2674343
-19.85,0.26737314
-19.860000000000003,0.26731196
-19.87,0.26725087
-19.880000000000003,0.26718983
-19.89,0.26712874
-19.900000000000002,0.2670677
-19.910000000000004,0.26700673
-19.92,0.2669458
-19.930000000000003,0.26688486
-19.94,0.26682398
-19.950000000000003,0.26676303
-19.96,0.26670223
-19.970000000000002,0.26664144
-19.98,0.26658067
-19.990000000000002,0.2665199
-20.000000000000004,0.26645923
-20.01,0.26639855
-20.020000000000003,0.2663378
-20.03,0.2662772
-20.040000000000003,0.2662166
-20.05,0.26615608
-20.060000000000002,0.26609555
-20.07,0.26603502
-20.080000000000002,0.2659746
-20.090000000000003,0.26591414
-20.1,0.26585373
-20.110000000000003,0.2657933
-20.12,0.2657329
-20.130000000000003,0.26567265
-20.14,0.26561236
-20.150000000000002,0.2655521
-20.160000000000004,0.26549187
-20.17,0.2654317
-20.180000000000003,0.26537153
-20.19,0.26531133
-20.200000000000003,0.26525128
-20.21,0.26519117
-20.220000000000002,0.26513112
-20.23,0.2650711
-20.240000000000002,0.26501113
-20.250000000000004,0.26495114
-20.26,0.2648912
-20.270000000000003,0.2648313
-20.28,0.26477143
-20.290000000000003,0.26471165
-20.3,0.26465183
-20.310000000000002,0.26459202
-20.32,0.26453227
-20.330000000000002,0.26447254
-20.340000000000003,0.26441288
-20.35,0.26435325
-20.360000000000003,0.2642936
-20.37,0.26423404
-20.380000000000003,0.26417446
-20.39,0.26411486
-20.400000000000002,0.26405537
-20.410000000000004,0.26399592
-20.42,0.2639364
-20.430000000000003,0.26387703
-20.44,0.2638176
-20.450000000000003,0.26375824
-20.46,0.263699
-20.470000000000002,0.26363966
-20.48,0.2635804
-20.490000000000002,0.26352116
-20.500000000000004,0.26346192
-20.51,0.26340276
-20.520000000000003,0.26334363
-20.53,0.26328447
-20.540000000000003,0.2632254
-20.55,0.26316634
-20.560000000000002,0.26310733
-20.57,0.2630483
-20.580000000000002,0.2629893
-20.590000000000003,0.2629304
-20.6,0.26287147
-20.610000000000003,0.2628126
-20.62,0.26275375
-20.630000000000003,0.26269495
-20.64,0.26263613
-20.650000000000002,0.26257738
-20.660000000000004,0.26251864
-20.67,0.26245993
-20.680000000000003,0.26240125
-20.69,0.26234254
-20.700000000000003,0.26228392
-20.71,0.26222536
-20.720000000000002,0.2621668
-20.73,0.26210833
-20.740000000000002,0.2620498
-20.750000000000004,0.26199132
-20.76,0.26193285
-20.770000000000003,0.2618745
-20.78,0.26181605
-20.790000000000003,0.2617577
-20.8,0.26169938
-20.810000000000002,0.26164111
-20.82,0.26158285
-20.830000000000002,0.26152462
-20.840000000000003,0.26146644
-20.85,0.26140827
-20.860000000000003,0.26135007
-20.87,0.26129195
-20.880000000000003,0.26123387
-20.89,0.26117584
-20.900000000000002,0.26111782
-20.910000000000004,0.2610598
-20.92,0.26100186
-20.930000000000003,0.26094383
-20.94,0.26088598
-20.950000000000003,0.26082808
-20.96,0.26077023
-20.970000000000002,0.2607124
-20.98,0.26065463
-20.990000000000002,0.26059687
-21.000000000000004,0.26053914
-21.01,0.26048142
-21.020000000000003,0.26042375
-21.03,0.26036608
-21.040000000000003,0.26030844
-21.05,0.2602508
-21.060000000000002,0.2601933
-21.07,0.2601357
-21.080000000000002,0.26007822
-21.090000000000003,0.26002073
-21.1,0.2599633
-21.110000000000003,0.25990587
-21.12,0.25984854
-21.130000000000003,0.2597911
-21.14,0.2597338
-21.150000000000002,0.2596765
-21.160000000000004,0.25961927
-21.17,0.25956193
-21.180000000000003,0.2595047
-21.19,0.25944752
-21.200000000000003,0.2593903
-21.21,0.25933322
-21.220000000000002,0.25927612
-21.23,0.25921905
-21.240000000000002,0.259162
-21.250000000000004,0.25910497
-21.26,0.25904799
-21.270000000000003,0.25899106
-21.28,0.25893408
-21.290000000000003,0.25887722
-21.3,0.25882035
-21.310000000000002,0.25876352
-21.32,0.25870666
-21.330000000000002,0.25864986
-21.340000000000003,0.25859314
-21.35,0.25853637
-21.360000000000003,0.25847968
-21.37,0.25842306
-21.380000000000003,0.2583664
-21.39,0.25830975
-21.400000000000002,0.2582532
-21.410000000000004,0.2581966
-21.42,0.2581401
-21.430000000000003,0.25808355
-21.44,0.25802708
-21.450000000000003,0.25797063
-21.46,0.25791422
-21.470000000000002,0.25785783
-21.48,0.25780147
-21.490000000000002,0.25774515
-21.500000000000004,0.25768882
-21.51,0.25763255
-21.520000000000003,0.25757632
-21.53,0.25752008
-21.540000000000003,0.25746387
-21.55,0.25740772
-21.560000000000002,0.2573516
-21.57,0.25729546
-21.580000000000002,0.25723943
-21.590000000000003,0.25718334
-21.6,0.25712729
-21.610000000000003,0.25707132
-21.62,0.25701538
-21.630000000000003,0.2569594
-21.64,0.25690356
-21.650000000000002,0.2568476
-21.660000000000004,0.25679174
-21.67,0.25673592
-21.680000000000003,0.2566801
-21.69,0.2566244
-21.700000000000003,0.25656858
-21.71,0.2565129
-21.720000000000002,0.2564572
-21.73,0.2564016
-21.740000000000002,0.25634593
-21.750000000000004,0.25629032
-21.76,0.25623474
-21.770000000000003,0.2561792
-21.78,0.2561237
-21.790000000000003,0.2560682
-21.8,0.25601274
-21.810000000000002,0.2559573
-21.82,0.25590187
-21.830000000000002,0.2558465
-21.840000000000003,0.2557912
-21.85,0.25573584
-21.860000000000003,0.25568056
-21.87,0.25562528
-21.880000000000003,0.25557005
-21.89,0.25551486
-21.900000000000002,0.2554596
-21.910000000000004,0.25540447
-21.92,0.2553493
-21.930000000000003,0.25529426
-21.94,0.2552391
-21.950000000000003,0.25518408
-21.96,0.2551291
-21.970000000000002,0.25507408
-21.98,0.25501913
-21.990000000000002,0.25496417
-22.000000000000004,0.25490928
-22.01,0.25485438
-22.020000000000003,0.25479954
-22.03,0.2547447
-22.040000000000003,0.25468993
-22.05,0.25463513
-22.060000000000002,0.25458044
-22.07,0.2545257
-22.080000000000002,0.254471
-22.090000000000003,0.25441635
-22.1,0.2543617
-22.110000000000003,0.25430706
-22.12,0.2542525
-22.130000000000003,0.25419796
-22.14,0.25414348
-22.150000000000002,0.25408894
-22.160000000000004,0.25403446
-22.17,0.25398
-22.180000000000003,0.25392562
-22.19,0.2538712
-22.200000000000003,0.25381687
-22.21,0.25376254
-22.220000000000002,0.25370818
-22.23,0.2536539
-22.240000000000002,0.25359967
-22.250000000000004,0.25354546
-22.26,0.25349125
-22.270000000000003,0.2534371
-22.28,0.25338292
-22.290000000000003,0.2533288
-22.3,0.25327477
-22.310000000000002,0.25322068
-22.32,0.25316665
-22.330000000000002,0.25311267
-22.340000000000003,0.25305867
-22.35,0.25300473
-22.360000000000003,0.2529508
-22.37,0.25289685
-22.380000000000003,0.25284305
-22.39,0.25278917
-22.400000000000002,0.25273538
-22.410000000000004,0.25268152
-22.42,0.25262782
-22.430000000000003,0.25257403
-22.44,0.25252035
-22.450000000000003,0.25246665
-22.46,0.25241297
-22.470000000000002,0.25235933
-22.48,0.25230578
-22.490000000000002,0.25225213
-22.500000000000004,0.25219864
-22.51,0.25214508
-22.520000000000003,0.25209165
-22.53,0.25203812
-22.540000000000003,0.25198475
-22.55,0.2519313
-22.560000000000002,0.25187787
-22.57,0.2518245
-22.580000000000002,0.25177118
-22.590000000000003,0.2517179
-22.6,0.2516646
-22.610000000000003,0.25161135
-22.62,0.25155815
-22.630000000000003,0.25150493
-22.64,0.2514517
-22.650000000000002,0.25139862
-22.660000000000004,0.2513455
-22.67,0.25129235
-22.680000000000003,0.25123924
-22.69,0.2511862
-22.700000000000003,0.25113323
-22.71,0.25108024
-22.720000000000002,0.25102723
-22.73,0.2509743
-22.740000000000002,0.25092143
-22.750000000000004,0.25086853
-22.76,0.25081563
-22.770000000000003,0.25076285
-22.78,0.25071004
-22.790000000000003,0.25065723
-22.8,0.2506045
-22.810000000000002,0.2505518
-22.82,0.2504991
-22.830000000000002,0.25044638
-22.840000000000003,0.2503938
-22.85,0.25034115
-22.860000000000003,0.2502885
-22.87,0.250236
-22.880000000000003,0.2501834
-22.89,0.25013095
-22.900000000000002,0.25007844
-22.910000000000004,0.25002593
-22.92,0.24997357
-22.930000000000003,0.2499211
-22.94,0.2498687
-22.950000000000003,0.24981634
-22.96,0.24976406
-22.970000000000002,0.24971174
-22.98,0.24965946
-22.990000000000002,0.2496072
-23.000000000000004,0.24955499
-23.01,0.24950275
-23.020000000000003,0.24945061
-23.03,0.24939844
-23.040000000000003,0.2493463
-23.05,0.24929425
-23.060000000000002,0.24924214
-23.07,0.24919009
-23.080000000000002,0.24913807
-23.090000000000003,0.2490861
-23.1,0.24903408
-23.110000000000003,0.2489822
-23.12,0.24893029
-23.130000000000003,0.24887839
-23.14,0.2488265
-23.150000000000002,0.24877465
-23.160000000000004,0.24872285
-23.17,0.24867108
-23.180000000000003,0.2486193
-23.19,0.2485675
-23.200000000000003,0.24851581
-23.21,0.24846415
-23.220000000000002,0.2484125
-23.23,0.24836086
-23.240000000000002,0.24830924
-23.250000000000004,0.24825765
-23.26,0.2482061
-23.270000000000003,0.2481546
-23.28,0.24810308
-23.290000000000003,0.24805161
-23.3,0.24800019
-23.310000000000002,0.24794875
-23.32,0.24789733
-23.330000000000002,0.24784595
-23.340000000000003,0.24779463
-23.35,0.24774328
-23.360000000000003,0.24769193
-23.37,0.2476407
-23.380000000000003,0.24758942
-23.39,0.24753818
-23.400000000000002,0.24748702
-23.410000000000004,0.24743587
-23.42,0.24738474
-23.430000000000003,0.24733356
-23.44,0.24728252
-23.450000000000003,0.24723144
-23.46,0.24718042
-23.470000000000002,0.2471294
-23.48,0.24707836
-23.490000000000002,0.24702741
-23.500000000000004,0.24697648
-23.51,0.24692558
-23.520000000000003,0.24687465
-23.53,0.24682379
-23.540000000000003,0.24677296
-23.55,0.24672216
-23.560000000000002,0.24667133
-23.57,0.24662057
-23.580000000000002,0.24656986
-23.590000000000003,0.24651912
-23.6,0.24646844
-23.610000000000003,0.24641775
-23.62,0.24636711
-23.630000000000003,0.2463165
-23.64,0.2462659
-23.650000000000002,0.24621531
-23.660000000000004,0.24616478
-23.67,0.2461143
-23.680000000000003,0.24606374
-23.69,0.24601331
-23.700000000000003,0.24596286
-23.71,0.24591246
-23.720000000000002,0.24586208
-23.73,0.24581173
-23.740000000000002,0.2457613
-23.750000000000004,0.24571106
-23.76,0.24566072
-23.770000000000003,0.24561046
-23.78,0.24556026
-23.790000000000003,0.24551
-23.8,0.24545981
-23.810000000000002,0.24540967
-23.82,0.24535953
-23.830000000000002,0.24530944
-23.840000000000003,0.24525933
-23.85,0.24520928
-23.860000000000003,0.24515922
-23.87,0.24510922
-23.880000000000003,0.24505924
-23.89,0.24500921
-23.900000000000002,0.24495934
-23.910000000000004,0.24490942
-23.92,0.24485952
-23.930000000000003,0.24480964
-23.94,0.2447598
-23.950000000000003,0.24471003
-23.96,0.24466018
-23.970000000000002,0.24461043
-23.98,0.24456064
-23.990000000000002,0.244511
-24.000000000000004,0.24446127
-24.01,0.24441156
-24.020000000000003,0.24436198
-24.03,0.24431235
-24.040000000000003,0.24426268
-24.05,0.24421316
-24.060000000000002,0.24416359
-24.070000000000004,0.24411404
-24.080000000000002,0.2440646
-24.090000000000003,0.24401504
-24.1,0.24396566
-24.110000000000003,0.24391624
-24.12,0.24386683
-24.130000000000003,0.24381751
-24.14,0.24376807
-24.150000000000002,0.24371877
-24.160000000000004,0.24366948
-24.17,0.24362019
-24.180000000000003,0.24357097
-24.19,0.24352168
-24.200000000000003,0.24347247
-24.21,0.24342333
-24.220000000000002,0.24337421
-24.23,0.24332504
-24.240000000000002,0.24327591
-24.250000000000004,0.24322686
-24.26,0.24317783
-24.270000000000003,0.2431287
-24.28,0.24307972
-24.290000000000003,0.24303071
-24.3,0.24298175
-24.310000000000002,0.24293286
-24.320000000000004,0.24288395
-24.330000000000002,0.24283499
-24.340000000000003,0.24278612
-24.35,0.2427373
-24.360000000000003,0.2426885
-24.37,0.24263968
-24.380000000000003,0.24259098
-24.39,0.2425422
-24.400000000000002,0.2424935
-24.410000000000004,0.24244475
-24.42,0.2423961
-24.430000000000003,0.24234746
-24.44,0.2422988
-24.450000000000003,0.24225022
-24.46,0.24220167
-24.470000000000002,0.24215306
-24.48,0.24210455
-24.490000000000002,0.24205609
-24.500000000000004,0.24200754
-24.51,0.24195911
-24.520000000000003,0.2419107
-24.53,0.24186225
-24.540000000000003,0.24181388
-24.55,0.24176547
-24.560000000000002,0.24171717
-24.570000000000004,0.24166887
-24.580000000000002,0.24162057
-24.590000000000003,0.24157232
-24.6,0.24152403
-24.610000000000003,0.24147587
-24.62,0.24142763
-24.630000000000003,0.24137951
-24.64,0.24133132
-24.650000000000002,0.2412832
-24.660000000000004,0.24123509
-24.67,0.241187
-24.680000000000003,0.241139
-24.69,0.24109091
-24.700000000000003,0.24104291
-24.71,0.24099493
-24.720000000000002,0.24094692
-24.73,0.24089904
-24.740000000000002,0.24085112
-24.750000000000004,0.24080321
-24.76,0.24075536
-24.770000000000003,0.24070752
-24.78,0.24065967
-24.790000000000003,0.24061188
-24.8,0.24056414
-24.810000000000002,0.2405164
-24.820000000000004,0.24046864
-24.830000000000002,0.24042094
-24.840000000000003,0.24037328
-24.85,0.24032564
-24.860000000000003,0.24027798
-24.87,0.24023034
-24.880000000000003,0.24018276
-24.89,0.24013525
-24.900000000000002,0.24008769
-24.910000000000004,0.2400402
-24.92,0.2399927
-24.930000000000003,0.2399452
-24.94,0.23989777
-24.950000000000003,0.23985036
-24.96,0.23980291
-24.970000000000002,0.23975557
-24.98,0.23970821
-24.990000000000002,0.23966092
-25.000000000000004,0.23961361
-25.01,0.23956627
-25.020000000000003,0.23951907
-25.03,0.23947184
-25.040000000000003,0.2394246
-25.05,0.23937744
-25.060000000000002,0.23933025
-25.070000000000004,0.23928307
-25.080000000000002,0.23923603
-25.090000000000003,0.23918895
-25.1,0.23914178
-25.110000000000003,0.23909473
-25.12,0.23904774
-25.130000000000003,0.2390007
-25.14,0.23895375
-25.150000000000002,0.23890682
-25.160000000000004,0.23885989
-25.17,0.23881298
-25.180000000000003,0.23876604
-25.19,0.23871917
-25.200000000000003,0.23867235
-25.21,0.23862553
-25.220000000000002,0.23857872
-25.23,0.23853199
-25.240000000000002,0.23848517
-25.250000000000004,0.23843844
-25.26,0.23839179
-25.270000000000003,0.23834509
-25.28,0.23829842
-25.290000000000003,0.23825176
-25.3,0.23820515
-25.310000000000002,0.23815854
-25.320000000000004,0.238112
-25.330000000000002,0.2380654
-25.340000000000003,0.23801892
-25.35,0.23797238
-25.360000000000003,0.23792595
-25.37,0.23787951
-25.380000000000003,0.23783305
-25.39,0.23778667
-25.400000000000002,0.23774026
-25.410000000000004,0.23769388
-25.42,0.23764752
-25.430000000000003,0.23760119
-25.44,0.23755491
-25.450000000000003,0.23750864
-25.46,0.23746239
-25.470000000000002,0.23741613
-25.48,0.23736995
-25.490000000000002,0.23732378
-25.500000000000004,0.2372776
-25.51,0.23723146
-25.520000000000003,0.23718527
-25.53,0.23713921
-25.540000000000003,0.23709314
-25.55,0.23704709
-25.560000000000002,0.2370011
-25.570000000000004,0.23695512
-25.580000000000002,0.23690914
-25.590000000000003,0.23686315
-25.6,0.23681726
-25.610000000000003,0.2367713
-25.62,0.23672542
-25.630000000000003,0.2366795
-25.64,0.23663369
-25.650000000000002,0.23658788
-25.660000000000004,0.23654206
-25.67,0.23649624
-25.680000000000003,0.2364505
-25.69,0.23640479
-25.700000000000003,0.23635903
-25.71,0.23631343
-25.720000000000002,0.2362677
-25.73,0.23622207
-25.740000000000002,0.23617642
-25.750000000000004,0.2361308
-25.76,0.23608524
-25.770000000000003,0.2360397
-25.78,0.2359942
-25.790000000000003,0.23594867
-25.8,0.23590313
-25.810000000000002,0.23585771
-25.820000000000004,0.23581226
-25.830000000000002,0.23576681
-25.840000000000003,0.23572142
-25.85,0.23567595
-25.860000000000003,0.23563057
-25.87,0.23558524
-25.880000000000003,0.23553997
-25.89,0.23549467
-25.900000000000002,0.23544936
-25.910000000000004,0.23540415
-25.92,0.23535891
-25.930000000000003,0.2353137
-25.94,0.23526849
-25.950000000000003,0.23522334
-25.96,0.2351782
-25.970000000000002,0.23513308
-25.98,0.23508799
-25.990000000000002,0.23504288
-26.000000000000004,0.23499784
-26.01,0.23495282
-26.020000000000003,0.23490785
-26.03,0.23486283
-26.040000000000003,0.23481783
-26.05,0.23477289
-26.060000000000002,0.23472798
-26.070000000000004,0.2346831
-26.080000000000002,0.23463826
-26.090000000000003,0.23459336
-26.1,0.23454848
-26.110000000000003,0.23450375
-26.12,0.23445892
-26.130000000000003,0.23441419
-26.14,0.2343694
-26.150000000000002,0.23432466
-26.160000000000004,0.23427993
-26.17,0.23423532
-26.180000000000003,0.23419058
-26.19,0.23414598
-26.200000000000003,0.23410136
-26.21,0.23405682
-26.220000000000002,0.23401217
-26.23,0.23396763
-26.240000000000002,0.2339231
-26.250000000000004,0.23387863
-26.26,0.23383412
-26.270000000000003,0.23378964
-26.28,0.23374519
-26.290000000000003,0.23370074
-26.3,0.23365635
-26.310000000000002,0.233612
-26.320000000000004,0.23356761
-26.330000000000002,0.2335232
-26.340000000000003,0.23347895
-26.35,0.23343463
-26.360000000000003,0.23339039
-26.37,0.23334607
-26.380000000000003,0.23330188
-26.39,0.23325771
-26.400000000000002,0.23321354
-26.410000000000004,0.23316935
-26.42,0.23312517
-26.430000000000003,0.233081
-26.44,0.23303695
-26.450000000000003,0.23299289
-26.46,0.23294875
-26.470000000000002,0.23290479
-26.48,0.23286068
-26.490000000000002,0.23281674
-26.500000000000004,0.23277271
-26.51,0.23272878
-26.520000000000003,0.23268488
-26.53,0.2326409
-26.540000000000003,0.23259704
-26.55,0.23255321
-26.560000000000002,0.23250933
-26.570000000000004,0.2324655
-26.580000000000002,0.2324217
-26.590000000000003,0.23237786
-26.6,0.23233406
-26.610000000000003,0.23229039
-26.62,0.23224664
-26.630000000000003,0.23220292
-26.64,0.23215927
-26.650000000000002,0.23211561
-26.660000000000004,0.23207203
-26.67,0.23202834
-26.680000000000003,0.23198478
-26.69,0.23194115
-26.700000000000003,0.23189762
-26.71,0.23185411
-26.720000000000002,0.2318106
-26.73,0.23176706
-26.740000000000002,0.23172358
-26.750000000000004,0.23168018
-26.76,0.23163672
-26.770000000000003,0.23159333
-26.78,0.23154992
-26.790000000000003,0.23150659
-26.8,0.23146324
-26.810000000000002,0.2314199
-26.820000000000004,0.2313766
-26.830000000000002,0.23133329
-26.840000000000003,0.23129001
-26.85,0.23124677
-26.860000000000003,0.23120359
-26.87,0.23116033
-26.880000000000003,0.23111723
-26.89,0.231074
-26.900000000000002,0.23103084
-26.910000000000004,0.23098773
-26.92,0.23094459
-26.930000000000003,0.23090152
-26.94,0.2308585
-26.950000000000003,0.23081547
-26.96,0.23077244
-26.970000000000002,0.23072946
-26.98,0.23068647
-26.990000000000002,0.23064356
-27.000000000000004,0.23060055
-27.01,0.23055768
-27.020000000000003,0.23051476
-27.03,0.23047191
-27.040000000000003,0.2304291
-27.05,0.23038627
-27.060000000000002,0.2303434
-27.070000000000004,0.2303006
-27.080000000000002,0.23025788
-27.090000000000003,0.2302151
-27.1,0.23017241
-27.110000000000003,0.23012964
-27.12,0.23008698
-27.130000000000003,0.23004435
-27.14,0.23000169
-27.150000000000002,0.22995907
-27.160000000000004,0.22991641
-27.17,0.22987387
-27.180000000000003,0.22983128
-27.19,0.22978875
-27.200000000000003,0.22974624
-27.21,0.22970372
-27.220000000000002,0.22966121
-27.23,0.22961876
-27.240000000000002,0.22957635
-27.250000000000004,0.22953393
-27.26,0.22949147
-27.270000000000003,0.22944914
-27.28,0.22940671
-27.290000000000003,0.2293644
-27.3,0.22932206
-27.310000000000002,0.22927976
-27.320000000000004,0.22923747
-27.330000000000002,0.2291952
-27.340000000000003,0.22915296
-27.35,0.22911075
-27.360000000000003,0.22906855
-27.37,0.22902635
-27.380000000000003,0.2289842
-27.39,0.22894214
-27.400000000000002,0.22889996
-27.410000000000004,0.22885785
-27.42,0.22881578
-27.430000000000003,0.22877371
-27.44,0.22873162
-27.450000000000003,0.22868961
-27.46,0.22864763
-27.470000000000002,0.22860569
-27.48,0.22856376
-27.490000000000002,0.2285218
-27.500000000000004,0.22847983
-27.51,0.22843793
-27.520000000000003,0.22839607
-27.53,0.22835423
-27.540000000000003,0.22831237
-27.55,0.22827056
-27.560000000000002,0.22822869
-27.570000000000004,0.22818696
-27.580000000000002,0.22814517
-27.590000000000003,0.22810344
-27.6,0.22806178
-27.610000000000003,0.22801997
-27.62,0.22797832
-27.630000000000003,0.22793671
-27.64,0.22789505
-27.650000000000002,0.22785342
-27.660000000000004,0.22781184
-27.67,0.22777022
-27.680000000000003,0.22772868
-27.69,0.22768712
-27.700000000000003,0.22764562
-27.71,0.2276041
-27.720000000000002,0.2275626
-27.73,0.22752112
-27.740000000000002,0.2274797
-27.750000000000004,0.22743829
-27.76,0.22739682
-27.770000000000003,0.22735545
-27.78,0.22731411
-27.790000000000003,0.2272728
-27.8,0.22723144
-27.810000000000002,0.22719012
-27.820000000000004,0.22714885
-27.830000000000002,0.22710754
-27.840000000000003,0.22706631
-27.85,0.22702508
-27.860000000000003,0.22698386
-27.87,0.22694269
-27.880000000000003,0.22690149
-27.89,0.22686033
-27.900000000000002,0.2268192
-27.910000000000004,0.22677809
-27.92,0.22673702
-27.930000000000003,0.22669594
-27.94,0.22665486
-27.950000000000003,0.22661383
-27.96,0.2265728
-27.970000000000002,0.22653186
-27.98,0.22649081
-27.990000000000002,0.2264499
-28.000000000000004,0.22640896
-28.01,0.22636802
-28.020000000000003,0.22632717
-28.03,0.22628623
-28.040000000000003,0.22624542
-28.05,0.22620459
-28.060000000000002,0.2261638
-28.070000000000004,0.22612295
-28.080000000000002,0.22608215
-28.090000000000003,0.22604142
-28.1,0.2260007
-28.110000000000003,0.22595994
-28.12,0.22591923
-28.130000000000003,0.22587858
-28.14,0.22583786
-28.150000000000002,0.22579722
-28.160000000000004,0.22575659
-28.17,0.22571594
-28.180000000000003,0.22567539
-28.19,0.22563475
-28.200000000000003,0.22559421
-28.21,0.2255537
-28.220000000000002,0.2255132
-28.23,0.2254727
-28.240000000000002,0.22543226
-28.250000000000004,0.22539173
-28.26,0.22535136
-28.270000000000003,0.2253109
-28.28,0.2252705
-28.290000000000003,0.22523011
-28.3,0.22518978
-28.310000000000002,0.22514941
-28.320000000000004,0.2251091
-28.330000000000002,0.22506884
-28.340000000000003,0.22502847
-28.35,0.22498822
-28.360000000000003,0.22494794
-28.37,0.22490774
-28.380000000000003,0.22486755
-28.39,0.22482735
-28.400000000000002,0.22478713
-28.410000000000004,0.224747
-28.42,0.22470687
-28.430000000000003,0.22466674
-28.44,0.22462665
-28.450000000000003,0.22458658
-28.46,0.22454652
-28.470000000000002,0.22450645
-28.48,0.22446646
-28.490000000000002,0.22442648
-28.500000000000004,0.22438642
-28.51,0.22434644
-28.520000000000003,0.22430654
-28.53,0.22426662
-28.540000000000003,0.22422674
-28.55,0.2241868
-28.560000000000002,0.22414696
-28.570000000000004,0.22410709
-28.580000000000002,0.22406723
-28.590000000000003,0.22402745
-28.6,0.22398762
-28.610000000000003,0.22394788
-28.62,0.22390813
-28.630000000000003,0.22386838
-28.64,0.2238287
-28.650000000000002,0.22378896
-28.660000000000004,0.22374927
-28.67,0.2237096
-28.680000000000003,0.22366993
-28.69,0.22363026
-28.700000000000003,0.22359064
-28.71,0.22355108
-28.720000000000002,0.22351159
-28.73,0.22347206
-28.740000000000002,0.22343245
-28.750000000000004,0.22339298
-28.76,0.22335345
-28.770000000000003,0.2233139
-28.78,0.22327442
-28.790000000000003,0.22323507
-28.8,0.22319563
-28.810000000000002,0.22315618
-28.820000000000004,0.22311684
-28.830000000000002,0.2230774
-28.840000000000003,0.22303806
-28.85,0.22299872
-28.860000000000003,0.2229594
-28.87,0.22292015
-28.880000000000003,0.22288084
-28.89,0.22284156
-28.900000000000002,0.22280236
-28.910000000000004,0.22276309
-28.92,0.22272392
-28.930000000000003,0.22268477
-28.94,0.22264555
-28.950000000000003,0.22260642
-28.96,0.22256726
-28.970000000000002,0.22252816
-28.98,0.22248904
-28.990000000000002,0.22244999
-29.000000000000004,0.22241092
-29.01,0.2223719
-29.020000000000003,0.22233285
-29.03,0.22229382
-29.040000000000003,0.22225483
-29.05,0.2222159
-29.060000000000002,0.22217691
-29.070000000000004,0.22213799
-29.080000000000002,0.22209913
-29.090000000000003,0.22206022
-29.1,0.22202136
-29.110000000000003,0.22198245
-29.12,0.22194362
-29.130000000000003,0.22190475
-29.14,0.22186597
-29.150000000000002,0.22182721
-29.160000000000004,0.22178838
-29.17,0.22174963
-29.180000000000003,0.22171094
-29.19,0.22167224
-29.200000000000003,0.22163351
-29.21,0.22159481
-29.220000000000002,0.22155623
-29.23,0.22151752
-29.240000000000002,0.22147894
-29.250000000000004,0.2214403
-29.26,0.22140169
-29.270000000000003,0.2213632
-29.28,0.22132458
-29.290000000000003,0.22128607
-29.3,0.22124752
-29.310000000000002,0.22120908
-29.320000000000004,0.22117057
-29.330000000000002,0.22113207
-29.340000000000003,0.22109364
-29.35,0.22105518
-29.360000000000003,0.22101681
-29.37,0.22097841
-29.380000000000003,0.22094005
-29.39,0.22090171
-29.400000000000002,0.22086333
-29.410000000000004,0.22082502
-29.42,0.22078669
-29.430000000000003,0.22074842
-29.44,0.22071019
-29.450000000000003,0.22067192
-29.46,0.22063364
-29.470000000000002,0.22059543
-29.48,0.2205572
-29.490000000000002,0.22051904
-29.500000000000004,0.2204809
-29.51,0.22044279
-29.520000000000003,0.22040462
-29.53,0.22036658
-29.540000000000003,0.22032845
-29.55,0.22029033
-29.560000000000002,0.22025229
-29.570000000000004,0.22021425
-29.580000000000002,0.22017625
-29.590000000000003,0.22013822
-29.6,0.22010024
-29.610000000000003,0.22006227
-29.62,0.22002438
-29.630000000000003,0.2199864
-29.64,0.21994852
-29.650000000000002,0.21991059
-29.660000000000004,0.2198727
-29.67,0.21983482
-29.680000000000003,0.21979696
-29.69,0.21975912
-29.700000000000003,0.21972129
-29.71,0.21968351
-29.720000000000002,0.21964581
-29.73,0.21960807
-29.740000000000002,0.21957031
-29.750000000000004,0.21953252
-29.76,0.21949486
-29.770000000000003,0.21945713
-29.78,0.21941952
-29.790000000000003,0.2193818
-29.8,0.21934424
-29.810000000000002,0.21930659
-29.820000000000004,0.219269
-29.830000000000002,0.21923137
-29.840000000000003,0.2191938
-29.85,0.21915625
-29.860000000000003,0.21911871
-29.87,0.2190812
-29.880000000000003,0.21904367
-29.89,0.21900624
-29.900000000000002,0.21896878
-29.910000000000004,0.2189313
-29.92,0.21889384
-29.930000000000003,0.21885647
-29.94,0.21881911
-29.950000000000003,0.21878177
-29.96,0.21874435
-29.970000000000002,0.21870697
-29.98,0.21866976
-29.990000000000002,0.21863237
-30.000000000000004,0.21859507
-30.01,0.21855779
-30.020000000000003,0.21852058
-30.03,0.21848334
-30.040000000000003,0.21844612
-30.05,0.21840888
-30.060000000000002,0.21837178
-30.070000000000004,0.21833465
-30.080000000000002,0.21829742
-30.090000000000003,0.21826032
-30.1,0.21822314
-30.110000000000003,0.21818608
-30.12,0.21814892
-30.130000000000003,0.21811193
-30.14,0.21807486
-30.150000000000002,0.21803778
-30.160000000000004,0.2180008
-30.17,0.21796377
-30.180000000000003,0.21792682
-30.19,0.21788986
-30.200000000000003,0.21785289
-30.21,0.21781597
-30.220000000000002,0.21777907
-30.23,0.21774212
-30.240000000000002,0.2177053
-30.250000000000004,0.21766837
-30.26,0.21763156
-30.270000000000003,0.21759471
-30.28,0.21755792
-30.290000000000003,0.21752113
-30.3,0.21748435
-30.310000000000002,0.21744756
-30.320000000000004,0.21741086
-30.330000000000002,0.2173741
-30.340000000000003,0.2173374
-30.35,0.21730062
-30.360000000000003,0.217264
-30.37,0.2172273
-30.380000000000003,0.21719071
-30.39,0.21715406
-30.400000000000002,0.21711743
-30.410000000000004,0.21708085
-30.42,0.21704428
-30.430000000000003,0.21700773
-30.44,0.21697113
-30.450000000000003,0.21693459
-30.46,0.21689811
-30.470000000000002,0.21686167
-30.48,0.2168251
-30.490000000000002,0.21678862
-30.500000000000004,0.21675222
-30.51,0.21671577
-30.520000000000003,0.21667933
-30.53,0.21664292
-30.540000000000003,0.21660657
-30.55,0.21657023
-30.560000000000002,0.21653387
-30.570000000000004,0.2164975
-30.580000000000002,0.21646121
-30.590000000000003,0.21642494
-30.6,0.21638864
-30.610000000000003,0.21635239
-30.62,0.21631615
-30.630000000000003,0.21627992
-30.64,0.21624374
-30.650000000000002,0.2162075
-30.660000000000004,0.2161713
-30.67,0.2161352
-30.680000000000003,0.216099
-30.69,0.21606284
-30.700000000000003,0.21602677
-30.71,0.21599066
-30.720000000000002,0.2159546
-30.73,0.21591856
-30.740000000000002,0.21588251
-30.750000000000004,0.2158465
-30.76,0.21581048
-30.770000000000003,0.21577445
-30.78,0.21573849
-30.790000000000003,0.21570247
-30.8,0.21566652
-30.810000000000002,0.21563062
-30.820000000000004,0.2155947
-30.830000000000002,0.21555877
-30.840000000000003,0.21552289
-30.85,0.21548697
-30.860000000000003,0.21545114
-30.87,0.2154153
-30.880000000000003,0.21537954
-30.89,0.21534371
-30.900000000000002,0.21530786
-30.910000000000004,0.21527213
-30.92,0.21523637
-30.930000000000003,0.21520069
-30.94,0.2151649
-30.950000000000003,0.21512923
-30.96,0.21509355
-30.970000000000002,0.21505788
-30.980000000000004,0.21502215
-30.990000000000002,0.21498656
-31.000000000000004,0.21495092
-31.01,0.2149153
-31.020000000000003,0.21487978
-31.03,0.21484412
-31.040000000000003,0.21480857
-31.05,0.21477306
-31.060000000000002,0.21473743
-31.070000000000004,0.21470198
-31.080000000000002,0.2146665
-31.090000000000003,0.214631
-31.1,0.21459557
-31.110000000000003,0.21456014
-31.12,0.2145247
-31.130000000000003,0.21448922
-31.14,0.2144538
-31.150000000000002,0.21441855
-31.160000000000004,0.2143831
-31.17,0.21434778
-31.180000000000003,0.21431242
-31.19,0.21427707
-31.200000000000003,0.21424174
-31.21,0.21420649
-31.220000000000002,0.21417126
-31.230000000000004,0.21413592
-31.240000000000002,0.21410076
-31.250000000000004,0.21406552
-31.26,0.21403033
-31.270000000000003,0.2139951
-31.28,0.2139599
-31.290000000000003,0.21392477
-31.3,0.21388964
-31.310000000000002,0.21385452
-31.320000000000004,0.21381938
-31.330000000000002,0.21378432
-31.340000000000003,0.21374923
-31.35,0.21371412
-31.360000000000003,0.2136791
-31.37,0.21364407
-31.380000000000003,0.21360907
-31.39,0.21357405
-31.400000000000002,0.21353903
-31.410000000000004,0.21350402
-31.42,0.21346912
-31.430000000000003,0.21343419
-31.44,0.21339929
-31.450000000000003,0.21336436
-31.46,0.2133295
-31.470000000000002,0.2132946
-31.480000000000004,0.21325974
-31.490000000000002,0.21322492
-31.500000000000004,0.21319002
-31.51,0.21315527
-31.520000000000003,0.21312046
-31.53,0.21308567
-31.540000000000003,0.21305086
-31.55,0.2130161
-31.560000000000002,0.21298137
-31.570000000000004,0.2129467
-31.580000000000002,0.21291193
-31.590000000000003,0.21287732
-31.6,0.2128426
-31.610000000000003,0.21280792
-31.62,0.21277332
-31.630000000000003,0.21273872
-31.64,0.21270406
-31.650000000000002,0.2126695
-31.660000000000004,0.21263494
-31.67,0.21260037
-31.680000000000003,0.21256578
-31.69,0.21253127
-31.700000000000003,0.21249677
-31.71,0.21246225
-31.720000000000002,0.21242781
-31.730000000000004,0.21239327
-31.740000000000002,0.21235886
-31.750000000000004,0.21232438
-31.76,0.21228999
-31.770000000000003,0.21225554
-31.78,0.21222115
-31.790000000000003,0.21218681
-31.8,0.2121525
-31.810000000000002,0.2121181
-31.820000000000004,0.21208374
-31.830000000000002,0.21204942
-31.840000000000003,0.2120151
-31.85,0.21198088
-31.860000000000003,0.2119466
-31.87,0.21191232
-31.880000000000003,0.21187809
-31.89,0.21184385
-31.900000000000002,0.21180966
-31.910000000000004,0.21177544
-31.92,0.21174133
-31.930000000000003,0.2117071
-31.94,0.21167298
-31.950000000000003,0.21163884
-31.96,0.21160476
-31.970000000000002,0.21157065
-31.980000000000004,0.21153657
-31.990000000000002,0.21150245
-32.0,0.2114684
-32.01,0.2114344
-32.019999999999996,0.21140033
-32.03,0.21136634
-32.04,0.21133234
-32.05,0.21129838
-32.059999999999995,0.21126439
-32.07,0.21123049
-32.08,0.21119651
-32.089999999999996,0.21116263
-32.1,0.2111287
-32.11,0.21109477
-32.12,0.21106088
-32.129999999999995,0.21102703
-32.14,0.2109932
-32.15,0.2109594
-32.16,0.21092558
-32.17,0.21089174
-32.18,0.21085803
-32.19,0.21082422
-32.199999999999996,0.21079044
-32.21,0.21075672
-32.22,0.21072301
-32.23,0.21068929
-32.24,0.21065557
-32.25,0.21062194
-32.26,0.21058829
-32.269999999999996,0.21055463
-32.28,0.210521
-32.29,0.21048734
-32.3,0.2104538
-32.309999999999995,0.21042019
-32.32,0.2103866
-32.33,0.21035302
-32.339999999999996,0.21031952
-32.35,0.21028598
-32.36,0.2102524
-32.37,0.21021901
-32.379999999999995,0.21018547
-32.39,0.21015204
-32.4,0.21011856
-32.41,0.21008512
-32.42,0.21005169
-32.43,0.21001825
-32.44,0.20998494
-32.449999999999996,0.20995149
-32.46,0.20991811
-32.47,0.20988473
-32.48,0.20985149
-32.49,0.20981814
-32.5,0.20978482
-32.51,0.20975155
-32.519999999999996,0.20971829
-32.53,0.20968498
-32.54,0.20965177
-32.55,0.20961848
-32.559999999999995,0.20958531
-32.57,0.20955211
-32.58,0.20951894
-32.589999999999996,0.20948574
-32.6,0.20945257
-32.61,0.20941944
-32.62,0.20938635
-32.629999999999995,0.20935321
-32.64,0.20932013
-32.65,0.20928703
-32.66,0.20925397
-32.67,0.20922092
-32.68,0.20918787
-32.69,0.20915478
-32.699999999999996,0.20912185
-32.71,0.20908882
-32.72,0.20905581
-32.73,0.20902291
-32.74,0.20898992
-32.75,0.20895697
-32.76,0.2089241
-32.769999999999996,0.20889118
-32.78,0.2088583
-32.79,0.20882535
-32.8,0.20879252
-32.809999999999995,0.2087596
-32.82,0.2087268
-32.83,0.20869401
-32.839999999999996,0.2086612
-32.85,0.20862842
-32.86,0.2085956
-32.87,0.20856291
-32.879999999999995,0.20853013
-32.89,0.2084974
-32.9,0.20846462
-32.91,0.20843199
-32.92,0.20839924
-32.93,0.20836657
-32.94,0.20833392
-32.949999999999996,0.2083013
-32.96,0.20826867
-32.97,0.20823607
-32.98,0.20820342
-32.99,0.20817089
-33.0,0.20813827
-33.01,0.20810576
-33.019999999999996,0.20807317
-33.03,0.20804061
-33.04,0.20800805
-33.05,0.20797554
-33.059999999999995,0.20794308
-33.07,0.20791066
-33.08,0.20787814
-33.089999999999996,0.20784575
-33.1,0.20781334
-33.11,0.20778093
-33.12,0.2077485
-33.129999999999995,0.20771608
-33.14,0.20768377
-33.15,0.20765135
-33.16,0.20761898
-33.17,0.20758663
-33.18,0.20755431
-33.19,0.20752205
-33.199999999999996,0.20748974
-33.21,0.20745748
-33.22,0.20742524
-33.23,0.20739296
-33.24,0.20736071
-33.25,0.20732851
-33.26,0.20729631
-33.269999999999996,0.20726407
-33.28,0.20723194
-33.29,0.20719977
-33.3,0.20716761
-33.309999999999995,0.20713547
-33.32,0.20710331
-33.33,0.20707124
-33.339999999999996,0.20703909
-33.35,0.20700711
-33.36,0.206975
-33.37,0.20694298
-33.379999999999995,0.20691086
-33.39,0.20687889
-33.4,0.20684688
-33.41,0.20681483
-33.42,0.20678294
-33.43,0.20675091
-33.44,0.206719
-33.449999999999996,0.20668712
-33.46,0.20665514
-33.47,0.20662318
-33.48,0.20659135
-33.49,0.2065595
-33.5,0.20652759
-33.51,0.20649572
-33.519999999999996,0.2064639
-33.53,0.20643207
-33.54,0.20640025
-33.55,0.20636843
-33.559999999999995,0.20633668
-33.57,0.20630488
-33.58,0.20627314
-33.589999999999996,0.20624143
-33.6,0.20620964
-33.61,0.206178
-33.62,0.20614626
-33.629999999999995,0.2061145
-33.64,0.20608288
-33.65,0.20605125
-33.66,0.20601954
-33.67,0.20598793
-33.68,0.20595635
-33.69,0.20592476
-33.699999999999996,0.20589314
-33.71,0.20586155
-33.72,0.20582996
-33.73,0.20579846
-33.74,0.20576687
-33.75,0.20573543
-33.76,0.20570391
-33.769999999999996,0.20567237
-33.78,0.20564088
-33.79,0.20560946
-33.8,0.20557803
-33.809999999999995,0.20554653
-33.82,0.20551512
-33.83,0.2054837
-33.839999999999996,0.20545232
-33.85,0.2054209
-33.86,0.20538953
-33.87,0.20535819
-33.879999999999995,0.20532681
-33.89,0.2052955
-33.9,0.2052642
-33.91,0.20523287
-33.92,0.20520166
-33.93,0.20517033
-33.94,0.20513903
-33.949999999999996,0.20510781
-33.96,0.20507659
-33.97,0.20504537
-33.98,0.20501423
-33.99,0.20498297
-34.0,0.2049518
-34.01,0.20492062
-34.019999999999996,0.20488949
-34.03,0.20485833
-34.04,0.20482719
-34.05,0.20479609
-34.059999999999995,0.20476499
-34.07,0.20473392
-34.08,0.20470284
-34.089999999999996,0.20467179
-34.1,0.20464072
-34.11,0.20460972
-34.12,0.20457868
-34.129999999999995,0.20454767
-34.14,0.20451671
-34.15,0.2044857
-34.16,0.20445473
-34.17,0.20442383
-34.18,0.20439284
-34.19,0.20436195
-34.199999999999996,0.20433101
-34.21,0.2043001
-34.22,0.20426922
-34.23,0.20423838
-34.24,0.20420755
-34.25,0.2041767
-34.26,0.20414588
-34.269999999999996,0.20411502
-34.28,0.20408419
-34.29,0.20405343
-34.3,0.20402266
-34.31,0.2039919
-34.32,0.20396116
-34.33,0.20393045
-34.339999999999996,0.20389968
-34.35,0.20386897
-34.36,0.20383829
-34.37,0.20380762
-34.379999999999995,0.20377691
-34.39,0.20374629
-34.4,0.20371565
-34.41,0.20368499
-34.42,0.20365441
-34.43,0.20362376
-34.44,0.20359324
-34.449999999999996,0.20356262
-34.46,0.20353204
-34.47,0.20350155
-34.48,0.20347095
-34.49,0.20344046
-34.5,0.20340995
-34.51,0.20337948
-34.519999999999996,0.20334893
-34.53,0.20331848
-34.54,0.20328799
-34.55,0.20325759
-34.56,0.20322715
-34.57,0.20319673
-34.58,0.20316632
-34.589999999999996,0.20313591
-34.6,0.20310551
-34.61,0.20307519
-34.62,0.20304483
-34.629999999999995,0.20301446
-34.64,0.20298414
-34.65,0.20295382
-34.66,0.20292352
-34.67,0.20289326
-34.68,0.20286295
-34.69,0.2028327
-34.699999999999996,0.20280245
-34.71,0.20277223
-34.72,0.20274198
-34.73,0.20271179
-34.74,0.20268154
-34.75,0.20265141
-34.76,0.20262122
-34.769999999999996,0.20259105
-34.78,0.20256093
-34.79,0.20253077
-34.8,0.2025007
-34.81,0.20247056
-34.82,0.20244047
-34.83,0.2024104
-34.839999999999996,0.20238031
-34.85,0.20235023
-34.86,0.20232025
-34.87,0.2022902
-34.879999999999995,0.20226014
-34.89,0.20223016
-34.9,0.20220017
-34.91,0.20217022
-34.92,0.20214027
-34.93,0.20211023
-34.94,0.20208031
-34.949999999999996,0.20205039
-34.96,0.20202047
-34.97,0.2019906
-34.98,0.20196067
-34.99,0.20193082
-35.0,0.20190096
-35.01,0.20187114
-35.019999999999996,0.20184126
-35.03,0.20181143
-35.04,0.20178163
-35.05,0.20175189
-35.06,0.20172206
-35.07,0.20169225
-35.08,0.20166254
-35.089999999999996,0.2016328
-35.1,0.20160304
-35.11,0.2015733
-35.12,0.20154369
-35.129999999999995,0.20151389
-35.14,0.20148422
-35.15,0.20145456
-35.16,0.2014249
-35.17,0.20139527
-35.18,0.20136559
-35.19,0.20133604
-35.199999999999996,0.20130637
-35.21,0.20127684
-35.22,0.20124722
-35.23,0.20121762
-35.24,0.20118809
-35.25,0.20115851
-35.26,0.20112902
-35.269999999999996,0.20109946
-35.28,0.20107001
-35.29,0.20104055
-35.3,0.20101103
-35.31,0.20098154
-35.32,0.20095204
-35.33,0.20092265
-35.339999999999996,0.20089324
-35.35,0.20086381
-35.36,0.20083438
-35.37,0.200805
-35.379999999999995,0.2007756
-35.39,0.20074625
-35.4,0.20071688
-35.41,0.20068754
-35.42,0.20065825
-35.43,0.20062892
-35.44,0.20059957
-35.449999999999996,0.20057029
-35.46,0.20054097
-35.47,0.20051178
-35.48,0.20048246
-35.49,0.20045325
-35.5,0.20042405
-35.51,0.20039487
-35.519999999999996,0.2003656
-35.53,0.20033646
-35.54,0.20030725
-35.55,0.20027812
-35.56,0.2002489
-35.57,0.20021975
-35.58,0.2001906
-35.589999999999996,0.20016147
-35.6,0.20013238
-35.61,0.20010328
-35.62,0.20007421
-35.629999999999995,0.20004515
-35.64,0.20001605
-35.65,0.19998705
-35.66,0.19995797
-35.67,0.19992903
-35.68,0.19990003
-35.69,0.199871
-35.699999999999996,0.19984204
-35.71,0.19981305
-35.72,0.19978406
-35.73,0.19975516
-35.74,0.19972616
-35.75,0.19969729
-35.76,0.19966836
-35.769999999999996,0.19963953
-35.78,0.19961058
-35.79,0.19958171
-35.8,0.19955283
-35.81,0.19952396
-35.82,0.19949514
-35.83,0.19946633
-35.839999999999996,0.19943753
-35.85,0.19940868
-35.86,0.19937992
-35.87,0.19935113
-35.879999999999995,0.1993224
-35.89,0.19929366
-35.9,0.1992649
-35.91,0.19923621
-35.92,0.19920747
-35.93,0.19917883
-35.94,0.19915012
-35.949999999999996,0.19912145
-35.96,0.19909275
-35.97,0.19906415
-35.98,0.19903544
-35.99,0.19900686
-36.0,0.19897819
-36.01,0.1989496
-36.019999999999996,0.19892105
-36.03,0.19889247
-36.04,0.19886383
-36.05,0.19883533
-36.06,0.19880675
-36.07,0.19877824
-36.08,0.19874975
-36.089999999999996,0.1987212
-36.1,0.19869274
-36.11,0.19866422
-36.12,0.19863576
-36.129999999999995,0.1986073
-36.14,0.19857885
-36.15,0.19855037
-36.16,0.19852197
-36.17,0.19849358
-36.18,0.1984652
-36.19,0.19843677
-36.199999999999996,0.1984084
-36.21,0.19838002
-36.22,0.19835168
-36.23,0.19832337
-36.24,0.19829498
-36.25,0.19826669
-36.26,0.19823843
-36.269999999999996,0.19821005
-36.28,0.19818175
-36.29,0.19815354
-36.3,0.19812532
-36.31,0.19809704
-36.32,0.19806877
-36.33,0.19804056
-36.339999999999996,0.19801235
-36.35,0.19798416
-36.36,0.19795601
-36.37,0.19792783
-36.379999999999995,0.19789964
-36.39,0.19787146
-36.4,0.19784336
-36.41,0.19781527
-36.42,0.19778712
-36.43,0.19775905
-36.44,0.19773087
-36.449999999999996,0.19770288
-36.46,0.19767475
-36.47,0.19764668
-36.48,0.1976187
-36.49,0.19759059
-36.5,0.19756265
-36.51,0.19753462
-36.519999999999996,0.19750655
-36.53,0.19747865
-36.54,0.19745067
-36.55,0.1974227
-36.56,0.19739476
-36.57,0.19736682
-36.58,0.19733888
-36.589999999999996,0.19731095
-36.6,0.19728304
-36.61,0.19725516
-36.62,0.19722728
-36.629999999999995,0.19719939
-36.64,0.19717155
-36.65,0.19714369
-36.66,0.19711585
-36.67,0.19708802
-36.68,0.19706021
-36.69,0.19703242
-36.699999999999996,0.19700463
-36.71,0.19697687
-36.72,0.1969491
-36.73,0.19692136
-36.74,0.1968936
-36.75,0.19686589
-36.76,0.19683814
-36.769999999999996,0.19681048
-36.78,0.19678277
-36.79,0.19675508
-36.8,0.19672742
-36.81,0.19669977
-36.82,0.19667208
-36.83,0.19664446
-36.839999999999996,0.19661686
-36.85,0.19658922
-36.86,0.19656166
-36.87,0.19653404
-36.879999999999995,0.19650643
-36.89,0.19647895
-36.9,0.19645137
-36.91,0.1964238
-36.92,0.19639626
-36.93,0.19636872
-36.94,0.19634125
-36.949999999999996,0.19631375
-36.96,0.19628629
-36.97,0.19625878
-36.98,0.19623135
-36.99,0.1962039
-37.0,0.19617645
-37.01,0.19614899
-37.019999999999996,0.1961216
-37.03,0.1960942
-37.04,0.19606674
-37.05,0.19603941
-37.06,0.19601205
-37.07,0.19598468
-37.08,0.19595732
-37.089999999999996,0.19592996
-37.1,0.19590265
-37.11,0.19587535
-37.12,0.19584806
-37.129999999999995,0.19582078
-37.14,0.19579345
-37.15,0.19576621
-37.16,0.19573893
-37.17,0.19571173
-37.18,0.19568446
-37.19,0.19565721
-37.199999999999996,0.19563004
-37.21,0.19560277
-37.22,0.19557565
-37.23,0.19554846
-37.24,0.1955213
-37.25,0.19549406
-37.26,0.19546697
-37.269999999999996,0.19543985
-37.28,0.19541274
-37.29,0.1953856
-37.3,0.19535848
-37.31,0.19533138
-37.32,0.19530436
-37.33,0.19527727
-37.339999999999996,0.19525024
-37.35,0.19522317
-37.36,0.19519618
-37.37,0.19516912
-37.379999999999995,0.19514212
-37.39,0.19511515
-37.4,0.19508815
-37.41,0.19506118
-37.42,0.1950342
-37.43,0.19500723
-37.44,0.19498028
-37.449999999999996,0.1949533
-37.46,0.19492643
-37.47,0.19489948
-37.48,0.19487262
-37.49,0.19484574
-37.5,0.19481882
-37.51,0.19479206
-37.519999999999996,0.19476514
-37.53,0.19473831
-37.54,0.1947115
-37.55,0.19468467
-37.56,0.19465786
-37.57,0.19463104
-37.58,0.19460425
-37.589999999999996,0.19457746
-37.6,0.19455072
-37.61,0.19452395
-37.62,0.19449726
-37.629999999999995,0.19447045
-37.64,0.19444378
-37.65,0.19441701
-37.66,0.19439039
-37.67,0.19436364
-37.68,0.194337
-37.69,0.19431037
-37.699999999999996,0.1942837
-37.71,0.19425708
-37.72,0.19423041
-37.73,0.1942038
-37.74,0.19417717
-37.75,0.19415055
-37.76,0.19412401
-37.769999999999996,0.19409749
-37.78,0.19407085
-37.79,0.19404426
-37.8,0.19401774
-37.81,0.19399124
-37.82,0.1939647
-37.83,0.1939382
-37.839999999999996,0.1939117
-37.85,0.1938852
-37.86,0.19385868
-37.87,0.19383222
-37.879999999999995,0.19380574
-37.89,0.19377929
-37.9,0.19375291
-37.91,0.19372647
-37.92,0.19370005
-37.93,0.19367364
-37.94,0.19364728
-37.949999999999996,0.19362085
-37.96,0.19359449
-37.97,0.19356814
-37.98,0.1935418
-37.99,0.19351545
-38.0,0.19348915
-38.01,0.19346276
-38.019999999999996,0.19343647
-38.03,0.19341019
-38.04,0.19338389
-38.05,0.19335768
-38.06,0.19333138
-38.07,0.19330518
-38.08,0.19327894
-38.089999999999996,0.19325268
-38.1,0.19322649
-38.11,0.19320025
-38.12,0.19317403
-38.129999999999995,0.19314782
-38.14,0.1931217
-38.15,0.1930955
-38.16,0.19306938
-38.17,0.19304325
-38.18,0.19301711
-38.19,0.19299099
-38.199999999999996,0.19296484
-38.21,0.19293872
-38.22,0.19291267
-38.23,0.19288656
-38.24,0.1928605
-38.25,0.19283447
-38.26,0.1928084
-38.269999999999996,0.19278236
-38.28,0.1927563
-38.29,0.19273031
-38.3,0.1927043
-38.31,0.19267829
-38.32,0.19265231
-38.33,0.19262636
-38.339999999999996,0.19260038
-38.35,0.19257441
-38.36,0.19254848
-38.37,0.19252253
-38.379999999999995,0.1924966
-38.39,0.1924707
-38.4,0.19244483
-38.41,0.1924189
-38.42,0.19239303
-38.43,0.1923672
-38.44,0.19234131
-38.449999999999996,0.19231552
-38.46,0.19228962
-38.47,0.19226384
-38.48,0.19223797
-38.49,0.19221216
-38.5,0.1921864
-38.51,0.19216064
-38.519999999999996,0.19213483
-38.53,0.1921091
-38.54,0.19208333
-38.55,0.19205761
-38.56,0.19203186
-38.57,0.19200614
-38.58,0.19198044
-38.589999999999996,0.19195472
-38.6,0.19192901
-38.61,0.19190338
-38.62,0.19187771
-38.629999999999995,0.19185206
-38.64,0.1918264
-38.65,0.19180077
-38.66,0.19177517
-38.67,0.19174954
-38.68,0.1917239
-38.69,0.19169834
-38.699999999999996,0.19167268
-38.71,0.19164717
-38.72,0.19162163
-38.73,0.19159608
-38.74,0.19157049
-38.75,0.19154498
-38.76,0.19151947
-38.769999999999996,0.19149391
-38.78,0.19146845
-38.79,0.19144297
-38.8,0.19141749
-38.81,0.19139197
-38.82,0.19136655
-38.83,0.19134106
-38.839999999999996,0.19131568
-38.85,0.19129023
-38.86,0.19126487
-38.87,0.19123943
-38.879999999999995,0.19121403
-38.89,0.1911886
-38.9,0.19116327
-38.91,0.19113788
-38.92,0.19111256
-38.93,0.19108719
-38.94,0.19106188
-38.949999999999996,0.19103654
-38.96,0.19101122
-38.97,0.19098587
-38.98,0.19096059
-38.99,0.1909353
-39.0,0.19091006
-39.01,0.19088478
-39.019999999999996,0.19085957
-39.03,0.19083427
-39.04,0.19080907
-39.05,0.19078386
-39.06,0.19075862
-39.07,0.19073342
-39.08,0.19070825
-39.089999999999996,0.190683
-39.1,0.19065788
-39.11,0.19063275
-39.12,0.19060756
-39.129999999999995,0.19058245
-39.14,0.19055727
-39.15,0.1905322
-39.16,0.19050705
-39.17,0.19048199
-39.18,0.19045684
-39.19,0.19043176
-39.199999999999996,0.19040667
-39.21,0.19038168
-39.22,0.19035658
-39.23,0.19033156
-39.24,0.19030654
-39.25,0.19028153
-39.26,0.19025654
-39.269999999999996,0.1902315
-39.28,0.19020651
-39.29,0.19018155
-39.3,0.19015653
-39.31,0.19013157
-39.32,0.19010668
-39.33,0.19008175
-39.339999999999996,0.19005683
-39.35,0.19003192
-39.36,0.19000696
-39.37,0.18998212
-39.379999999999995,0.18995717
-39.39,0.18993229
-39.4,0.18990746
-39.41,0.18988253
-39.42,0.18985774
-39.43,0.18983287
-39.44,0.18980807
-39.449999999999996,0.18978328
-39.46,0.18975848
-39.47,0.18973362
-39.48,0.18970889
-39.49,0.18968412
-39.5,0.18965928
-39.51,0.18963453
-39.519999999999996,0.18960983
-39.53,0.18958507
-39.54,0.18956032
-39.55,0.18953565
-39.56,0.18951091
-39.57,0.18948619
-39.58,0.1894615
-39.589999999999996,0.18943685
-39.6,0.18941219
-39.61,0.18938756
-39.62,0.18936291
-39.629999999999995,0.1893383
-39.64,0.18931362
-39.65,0.189289
-39.66,0.18926437
-39.67,0.18923976
-39.68,0.18921518
-39.69,0.18919063
-39.699999999999996,0.18916607
-39.71,0.18914153
-39.72,0.18911694
-39.73,0.18909241
-39.74,0.1890679
-39.75,0.18904333
-39.76,0.18901886
-39.769999999999996,0.18899438
-39.78,0.18896985
-39.79,0.18894538
-39.8,0.18892089
-39.81,0.18889645
-39.82,0.18887198
-39.83,0.18884753
-39.839999999999996,0.18882313
-39.85,0.18879868
-39.86,0.18877426
-39.87,0.18874988
-39.879999999999995,0.18872549
-39.89,0.18870103
-39.9,0.18867673
-39.91,0.18865237
-39.92,0.188628
-39.93,0.18860365
-39.94,0.18857929
-39.949999999999996,0.18855502
-39.96,0.18853067
-39.97,0.1885064
-39.98,0.1884821
-39.99,0.18845777
-40.0,0.18843353
-40.01,0.18840928
-40.019999999999996,0.18838501
-40.03,0.18836075
-40.04,0.18833646
-40.05,0.18831229
-40.06,0.18828803
-40.07,0.18826383
-40.08,0.18823966
-40.089999999999996,0.18821546
-40.1,0.18819126
-40.11,0.18816708
-40.12,0.18814296
-40.129999999999995,0.1881188
-40.14,0.18809463
-40.15,0.18807045
-40.16,0.1880464
-40.17,0.1880223
-40.18,0.18799818
-40.19,0.1879741
-40.199999999999996,0.18795002
-40.21,0.18792593
-40.22,0.18790188
-40.23,0.18787783
-40.24,0.18785375
-40.25,0.18782976
-40.26,0.18780573
-40.269999999999996,0.18778174
-40.28,0.1877577
-40.29,0.18773372
-40.3,0.18770972
-40.31,0.18768576
-40.32,0.18766175
-40.33,0.18763782
-40.339999999999996,0.18761389
-40.35,0.18758996
-40.36,0.18756604
-40.37,0.1875421
-40.379999999999995,0.18751815
-40.39,0.18749431
-40.4,0.18747038
-40.41,0.18744646
-40.42,0.1874226
-40.43,0.18739879
-40.44,0.18737492
-40.449999999999996,0.18735108
-40.46,0.18732728
-40.47,0.18730341
-40.48,0.18727961
-40.49,0.1872558
-40.5,0.18723202
-40.51,0.18720824
-40.519999999999996,0.18718445
-40.53,0.18716073
-40.54,0.18713695
-40.55,0.18711314
-40.56,0.18708941
-40.57,0.18706569
-40.58,0.18704191
-40.589999999999996,0.18701825
-40.6,0.18699458
-40.61,0.18697086
-40.62,0.18694717
-40.629999999999995,0.18692347
-40.64,0.18689986
-40.65,0.18687618
-40.66,0.18685251
-40.67,0.18682891
-40.68,0.18680528
-40.69,0.18678164
-40.699999999999996,0.18675804
-40.71,0.18673441
-40.72,0.18671082
-40.73,0.18668726
-40.74,0.18666367
-40.75,0.18664014
-40.76,0.18661655
-40.769999999999996,0.18659306
-40.78,0.18656953
-40.79,0.18654597
-40.8,0.1865225
-40.81,0.18649894
-40.82,0.18647547
-40.83,0.18645194
-40.839999999999996,0.18642849
-40.85,0.18640506
-40.86,0.18638152
-40.87,0.18635815
-40.879999999999995,0.18633464
-40.89,0.18631127
-40.9,0.18628779
-40.91,0.1862644
-40.92,0.18624103
-40.93,0.1862176
-40.94,0.18619418
-40.949999999999996,0.18617085
-40.96,0.1861475
-40.97,0.18612415
-40.98,0.18610081
-40.99,0.18607742
-41.0,0.18605414
-41.01,0.1860308
-41.019999999999996,0.1860075
-41.03,0.18598416
-41.04,0.18596089
-41.05,0.18593763
-41.06,0.18591434
-41.07,0.18589106
-41.08,0.18586779
-41.089999999999996,0.18584457
-41.1,0.18582128
-41.11,0.18579808
-41.12,0.1857749
-41.129999999999995,0.1857517
-41.14,0.18572846
-41.15,0.18570527
-41.16,0.1856821
-41.17,0.18565893
-41.18,0.1856358
-41.19,0.18561262
-41.199999999999996,0.18558948
-41.21,0.1855663
-41.22,0.18554322
-41.23,0.18552008
-41.24,0.18549694
-41.25,0.18547383
-41.26,0.18545073
-41.269999999999996,0.1854277
-41.28,0.18540457
-41.29,0.18538153
-41.3,0.18535846
-41.31,0.18533543
-41.32,0.18531244
-41.33,0.18528938
-41.339999999999996,0.18526638
-41.35,0.18524334
-41.36,0.18522033
-41.37,0.18519735
-41.379999999999995,0.1851744
-41.39,0.18515146
-41.4,0.18512842
-41.41,0.1851055
-41.42,0.18508253
-41.43,0.1850596
-41.44,0.18503669
-41.449999999999996,0.18501377
-41.46,0.18499082
-41.47,0.18496794
-41.48,0.18494502
-41.49,0.18492216
-41.5,0.1848993
-41.51,0.18487638
-41.519999999999996,0.18485358
-41.53,0.18483073
-41.54,0.18480787
-41.55,0.18478504
-41.56,0.18476221
-41.57,0.18473938
-41.58,0.18471658
-41.589999999999996,0.18469381
-41.6,0.18467101
-41.61,0.18464825
-41.62,0.18462549
-41.629999999999995,0.18460271
-41.64,0.18458
-41.65,0.1845572
-41.66,0.18453449
-41.67,0.18451178
-41.68,0.18448904
-41.69,0.1844663
-41.699999999999996,0.18444362
-41.71,0.18442093
-41.72,0.18439823
-41.73,0.18437563
-41.74,0.18435293
-41.75,0.18433025
-41.76,0.1843077
-41.769999999999996,0.18428501
-41.78,0.1842624
-41.79,0.18423977
-41.8,0.18421718
-41.81,0.18419456
-41.82,0.18417199
-41.83,0.18414932
-41.839999999999996,0.1841268
-41.85,0.1841043
-41.86,0.18408173
-41.87,0.1840592
-41.879999999999995,0.18403664
-41.89,0.1840141
-41.9,0.18399155
-41.91,0.18396905
-41.92,0.1839465
-41.93,0.18392408
-41.94,0.18390155
-41.949999999999996,0.1838791
-41.96,0.1838566
-41.97,0.18383412
-41.98,0.1838117
-41.99,0.18378924
-42.0,0.18376681
-42.01,0.18374445
-42.019999999999996,0.183722
-42.03,0.18369961
-42.04,0.18367723
-42.05,0.18365483
-42.06,0.18363237
-42.07,0.18361005
-42.08,0.18358767
-42.089999999999996,0.18356532
-42.1,0.18354303
-42.11,0.18352063
-42.12,0.18349828
-42.129999999999995,0.183476
-42.14,0.18345371
-42.15,0.18343137
-42.16,0.1834091
-42.17,0.18338686
-42.18,0.18336457
-42.19,0.18334231
-42.199999999999996,0.18332002
-42.21,0.18329778
-42.22,0.18327552
-42.23,0.18325326
-42.24,0.18323109
-42.25,0.18320882
-42.26,0.18318664
-42.269999999999996,0.18316445
-42.28,0.18314226
-42.29,0.18312006
-42.3,0.18309793
-42.31,0.18307573
-42.32,0.18305358
-42.33,0.18303147
-42.339999999999996,0.1830093
-42.35,0.18298718
-42.36,0.18296504
-42.37,0.18294293
-42.379999999999995,0.18292078
-42.39,0.18289873
-42.4,0.18287665
-42.41,0.18285456
-42.42,0.18283254
-42.43,0.18281043
-42.44,0.18278843
-42.449999999999996,0.1827663
-42.46,0.18274435
-42.47,0.18272227
-42.48,0.18270025
-42.49,0.1826783
-42.5,0.18265629
-42.51,0.18263428
-42.519999999999996,0.18261227
-42.53,0.18259028
-42.54,0.18256834
-42.55,0.1825464
-42.56,0.18252441
-42.57,0.18250248
-42.58,0.18248051
-42.589999999999996,0.18245858
-42.6,0.18243667
-42.61,0.18241476
-42.62,0.1823929
-42.629999999999995,0.18237105
-42.64,0.18234915
-42.65,0.18232724
-42.66,0.1823054
-42.67,0.18228352
-42.68,0.1822617
-42.69,0.18223989
-42.699999999999996,0.18221797
-42.71,0.1821962
-42.72,0.18217435
-42.73,0.18215255
-42.74,0.18213075
-42.75,0.18210897
-42.76,0.18208721
-42.769999999999996,0.18206546
-42.78,0.1820437
-42.79,0.18202192
-42.8,0.18200013
-42.81,0.18197848
-42.82,0.18195671
-42.83,0.18193492
-42.839999999999996,0.1819132
-42.85,0.18189153
-42.86,0.18186986
-42.87,0.18184815
-42.879999999999995,0.18182641
-42.89,0.18180482
-42.9,0.18178317
-42.91,0.18176147
-42.92,0.18173984
-42.93,0.18171817
-42.94,0.18169656
-42.949999999999996,0.18167487
-42.96,0.18165332
-42.97,0.18163168
-42.98,0.18161012
-42.99,0.18158852
-43.0,0.18156695
-43.01,0.18154538
-43.019999999999996,0.1815238
-43.03,0.18150224
-43.04,0.18148068
-43.05,0.18145916
-43.06,0.18143764
-43.07,0.1814161
-43.08,0.18139452
-43.089999999999996,0.18137306
-43.1,0.18135159
-43.11,0.18133008
-43.12,0.18130861
-43.129999999999995,0.18128717
-43.14,0.1812657
-43.15,0.18124421
-43.16,0.1812228
-43.17,0.18120134
-43.18,0.18117993
-43.19,0.1811585
-43.199999999999996,0.18113706
-43.21,0.18111566
-43.22,0.18109429
-43.23,0.18107286
-43.24,0.18105148
-43.25,0.1810301
-43.26,0.18100874
-43.269999999999996,0.18098739
-43.28,0.18096602
-43.29,0.18094465
-43.3,0.18092331
-43.31,0.18090203
-43.32,0.1808807
-43.33,0.18085939
-43.339999999999996,0.18083808
-43.35,0.18081681
-43.36,0.1807955
-43.37,0.18077424
-43.379999999999995,0.18075302
-43.39,0.18073168
-43.4,0.1807105
-43.41,0.18068925
-43.42,0.18066797
-43.43,0.18064669
-43.44,0.18062553
-43.449999999999996,0.18060435
-43.46,0.18058304
-43.47,0.18056193
-43.48,0.18054073
-43.49,0.18051954
-43.5,0.18049835
-43.51,0.18047716
-43.519999999999996,0.18045595
-43.53,0.18043488
-43.54,0.18041375
-43.55,0.18039268
-43.56,0.18037151
-43.57,0.1803504
-43.58,0.18032923
-43.589999999999996,0.1803082
-43.6,0.1802871
-43.61,0.18026596
-43.62,0.18024497
-43.629999999999995,0.18022388
-43.64,0.18020278
-43.65,0.18018174
-43.66,0.18016072
-43.67,0.18013965
-43.68,0.18011862
-43.69,0.18009764
-43.699999999999996,0.18007664
-43.71,0.18005565
-43.72,0.18003467
-43.73,0.1800136
-43.74,0.17999265
-43.75,0.17997172
-43.76,0.17995071
-43.769999999999996,0.1799298
-43.78,0.17990884
-43.79,0.17988789
-43.8,0.17986691
-43.81,0.17984606
-43.82,0.17982513
-43.83,0.17980424
-43.839999999999996,0.17978331
-43.85,0.1797624
-43.86,0.17974153
-43.87,0.17972064
-43.879999999999995,0.17969976
-43.89,0.17967895
-43.9,0.17965811
-43.91,0.17963724
-43.92,0.17961642
-43.93,0.17959552
-43.94,0.17957471
-43.949999999999996,0.1795539
-43.96,0.17953315
-43.97,0.17951235
-43.98,0.17949155
-43.99,0.1794708
-44.0,0.17944999
-44.01,0.17942926
-44.019999999999996,0.17940846
-44.03,0.17938775
-44.04,0.17936692
-44.05,0.1793462
-44.06,0.17932549
-44.07,0.17930484
-44.08,0.17928413
-44.089999999999996,0.17926337
-44.1,0.17924276
-44.11,0.17922203
-44.12,0.1792014
-44.129999999999995,0.17918071
-44.14,0.17916
-44.15,0.17913935
-44.16,0.17911863
-44.17,0.17909807
-44.18,0.17907742
-44.19,0.17905684
-44.199999999999996,0.17903617
-44.21,0.1790156
-44.22,0.17899501
-44.23,0.17897439
-44.24,0.1789538
-44.25,0.17893322
-44.26,0.17891264
-44.269999999999996,0.1788921
-44.28,0.17887151
-44.29,0.17885095
-44.3,0.17883047
-44.31,0.17880993
-44.32,0.17878939
-44.33,0.17876889
-44.339999999999996,0.17874843
-44.35,0.17872788
-44.36,0.17870742
-44.37,0.1786869
-44.379999999999995,0.17866647
-44.39,0.17864603
-44.4,0.17862546
-44.41,0.17860508
-44.42,0.17858462
-44.43,0.17856413
-44.44,0.17854375
-44.449999999999996,0.1785233
-44.46,0.17850286
-44.47,0.17848247
-44.48,0.17846207
-44.49,0.17844173
-44.5,0.17842129
-44.51,0.17840087
-44.519999999999996,0.17838056
-44.53,0.17836025
-44.54,0.17833987
-44.55,0.17831948
-44.56,0.17829916
-44.57,0.17827885
-44.58,0.17825852
-44.589999999999996,0.1782382
-44.6,0.17821792
-44.61,0.17819758
-44.62,0.1781773
-44.629999999999995,0.17815706
-44.64,0.17813677
-44.65,0.17811647
-44.66,0.17809623
-44.67,0.178076
-44.68,0.17805572
-44.69,0.1780355
-44.699999999999996,0.17801523
-44.71,0.17799503
-44.72,0.1779748
-44.73,0.17795463
-44.74,0.17793441
-44.75,0.1779142
-44.76,0.17789409
-44.769999999999996,0.17787382
-44.78,0.17785369
-44.79,0.1778335
-44.8,0.17781337
-44.81,0.17779322
-44.82,0.17777312
-44.83,0.17775293
-44.839999999999996,0.17773286
-44.85,0.17771271
-44.86,0.17769265
-44.87,0.1776725
-44.879999999999995,0.17765243
-44.89,0.17763236
-44.9,0.17761225
-44.91,0.1775922
-44.92,0.17757207
-44.93,0.17755204
-44.94,0.17753199
-44.949999999999996,0.17751192
-44.96,0.17749193
-44.97,0.17747188
-44.98,0.17745185
-44.99,0.17743188
-45.0,0.17741184
-45.01,0.17739183
-45.019999999999996,0.17737184
-45.03,0.17735185
-45.04,0.17733192
-45.05,0.17731196
-45.06,0.17729196
-45.07,0.17727202
-45.08,0.17725208
-45.089999999999996,0.17723209
-45.1,0.17721224
-45.11,0.1771923
-45.12,0.17717236
-45.129999999999995,0.17715245
-45.14,0.17713258
-45.15,0.17711267
-45.16,0.17709279
-45.17,0.17707297
-45.18,0.17705302
-45.19,0.17703319
-45.199999999999996,0.17701331
-45.21,0.17699349
-45.22,0.17697367
-45.23,0.17695382
-45.24,0.17693397
-45.25,0.17691416
-45.26,0.1768943
-45.269999999999996,0.17687458
-45.28,0.17685473
-45.29,0.17683497
-45.3,0.17681518
-45.31,0.17679544
-45.32,0.1767757
-45.33,0.17675588
-45.339999999999996,0.17673612
-45.35,0.17671639
-45.36,0.17669669
-45.37,0.17667693
-45.379999999999995,0.1766572
-45.39,0.17663747
-45.4,0.17661774
-45.41,0.17659807
-45.42,0.17657834
-45.43,0.17655872
-45.44,0.17653906
-45.449999999999996,0.1765193
-45.46,0.17649963
-45.47,0.17648
-45.48,0.17646036
-45.49,0.17644075
-45.5,0.17642102
-45.51,0.17640147
-45.519999999999996,0.17638183
-45.53,0.17636222
-45.54,0.17634256
-45.55,0.17632303
-45.56,0.17630339
-45.57,0.17628387
-45.58,0.17626426
-45.589999999999996,0.17624468
-45.6,0.17622514
-45.61,0.17620556
-45.62,0.17618603
-45.629999999999995,0.17616645
-45.64,0.17614695
-45.65,0.17612742
-45.66,0.17610788
-45.67,0.17608841
-45.68,0.17606887
-45.69,0.17604938
-45.699999999999996,0.17602992
-45.71,0.17601049
-45.72,0.17599097
-45.73,0.17597151
-45.74,0.17595208
-45.75,0.1759326
-45.76,0.17591318
-45.769999999999996,0.1758937
-45.78,0.17587426
-45.79,0.17585486
-45.8,0.17583546
-45.81,0.175816
-45.82,0.17579663
-45.83,0.1757772
-45.839999999999996,0.17575786
-45.85,0.17573845
-45.86,0.17571908
-45.87,0.1756997
-45.879999999999995,0.17568037
-45.89,0.17566101
-45.9,0.17564163
-45.91,0.17562228
-45.92,0.17560297
-45.93,0.17558362
-45.94,0.17556438
-45.949999999999996,0.17554504
-45.96,0.17552572
-45.97,0.17550638
-45.98,0.1754871
-45.99,0.17546783
-46.0,0.17544857
-46.01,0.1754293
-46.019999999999996,0.17541009
-46.03,0.17539078
-46.04,0.17537156
-46.05,0.17535233
-46.06,0.17533311
-46.07,0.17531385
-46.08,0.17529467
-46.089999999999996,0.1752755
-46.1,0.17525627
-46.11,0.17523707
-46.12,0.1752179
-46.129999999999995,0.17519867
-46.14,0.17517948
-46.15,0.17516032
-46.16,0.17514113
-46.17,0.17512198
-46.18,0.17510287
-46.19,0.17508376
-46.199999999999996,0.1750646
-46.21,0.17504546
-46.22,0.17502634
-46.23,0.17500722
-46.24,0.17498815
-46.25,0.17496905
-46.26,0.17494997
-46.269999999999996,0.17493087
-46.28,0.1749118
-46.29,0.17489275
-46.3,0.17487368
-46.31,0.17485462
-46.32,0.17483558
-46.33,0.17481652
-46.339999999999996,0.17479748
-46.35,0.17477845
-46.36,0.17475943
-46.37,0.1747404
-46.379999999999995,0.17472145
-46.39,0.17470244
-46.4,0.17468344
-46.41,0.17466447
-46.42,0.17464547
-46.43,0.17462647
-46.44,0.17460752
-46.449999999999996,0.17458859
-46.46,0.17456967
-46.47,0.17455071
-46.48,0.17453173
-46.49,0.17451282
-46.5,0.17449391
-46.51,0.17447498
-46.519999999999996,0.17445606
-46.53,0.1744372
-46.54,0.17441826
-46.55,0.1743994
-46.56,0.17438051
-46.57,0.17436165
-46.58,0.17434277
-46.589999999999996,0.17432392
-46.6,0.17430507
-46.61,0.17428625
-46.62,0.17426741
-46.629999999999995,0.17424852
-46.64,0.17422974
-46.65,0.1742109
-46.66,0.1741921
-46.67,0.1741733
-46.68,0.17415452
-46.69,0.17413571
-46.699999999999996,0.17411694
-46.71,0.17409813
-46.72,0.17407933
-46.73,0.17406061
-46.74,0.17404187
-46.75,0.17402306
-46.76,0.1740044
-46.769999999999996,0.17398566
-46.78,0.17396685
-46.79,0.17394812
-46.8,0.17392942
-46.81,0.17391078
-46.82,0.17389205
-46.83,0.17387336
-46.839999999999996,0.1738547
-46.85,0.17383596
-46.86,0.1738173
-46.87,0.17379865
-46.879999999999995,0.17377998
-46.89,0.17376134
-46.9,0.17374268
-46.91,0.17372406
-46.92,0.17370546
-46.93,0.17368676
-46.94,0.17366815
-46.949999999999996,0.17364955
-46.96,0.17363101
-46.97,0.17361236
-46.98,0.17359376
-46.99,0.1735752
-47.0,0.17355657
-47.01,0.173538
-47.019999999999996,0.17351949
-47.03,0.1735009
-47.04,0.17348236
-47.05,0.17346382
-47.06,0.17344525
-47.07,0.17342675
-47.08,0.17340818
-47.089999999999996,0.17338972
-47.1,0.17337114
-47.11,0.17335266
-47.12,0.17333417
-47.129999999999995,0.17331566
-47.14,0.17329717
-47.15,0.17327872
-47.16,0.17326024
-47.17,0.17324176
-47.18,0.17322335
-47.19,0.1732049
-47.199999999999996,0.17318639
-47.21,0.173168
-47.22,0.17314959
-47.23,0.17313112
-47.24,0.17311269
-47.25,0.17309433
-47.26,0.17307593
-47.269999999999996,0.1730575
-47.28,0.1730391
-47.29,0.17302069
-47.3,0.17300238
-47.31,0.172984
-47.32,0.17296565
-47.33,0.17294729
-47.339999999999996,0.17292891
-47.35,0.1729106
-47.36,0.17289224
-47.37,0.17287388
-47.379999999999995,0.17285559
-47.39,0.17283729
-47.4,0.17281896
-47.41,0.17280065
-47.42,0.17278235
-47.43,0.1727641
-47.44,0.17274582
-47.449999999999996,0.17272747
-47.46,0.17270924
-47.47,0.17269099
-47.48,0.17267269
-47.49,0.17265445
-47.5,0.17263626
-47.51,0.17261794
-47.519999999999996,0.17259973
-47.53,0.17258155
-47.54,0.17256333
-47.55,0.1725451
-47.56,0.17252684
-47.57,0.17250869
-47.58,0.17249049
-47.589999999999996,0.1724723
-47.6,0.17245415
-47.61,0.17243595
-47.62,0.17241776
-47.629999999999995,0.17239964
-47.64,0.17238149
-47.65,0.17236334
-47.66,0.1723451
-47.67,0.17232709
-47.68,0.17230889
-47.69,0.17229077
-47.699999999999996,0.17227268
-47.71,0.17225459
-47.72,0.17223647
-47.73,0.1722184
-47.74,0.17220032
-47.75,0.17218226
-47.76,0.17216417
-47.769999999999996,0.17214608
-47.78,0.17212807
-47.79,0.17210996
-47.8,0.1720919
-47.81,0.17207392
-47.82,0.1720559
-47.83,0.17203784
-47.839999999999996,0.17201978
-47.85,0.17200178
-47.86,0.17198381
-47.87,0.17196576
-47.88,0.1719478
-47.89,0.17192979
-47.9,0.17191182
-47.91,0.17189386
-47.92,0.17187588
-47.93,0.17185792
-47.94,0.17183992
-47.949999999999996,0.17182204
-47.96,0.17180413
-47.97,0.17178613
-47.98,0.1717682
-47.99,0.17175029
-48.0,0.17173238
-48.01,0.17171443
-48.019999999999996,0.17169656
-48.03,0.17167868
-48.04,0.17166075
-48.05,0.1716429
-48.06,0.17162496
-48.07,0.17160714
-48.08,0.17158923
-48.089999999999996,0.17157137
-48.1,0.17155355
-48.11,0.1715357
-48.12,0.17151785
-48.13,0.17150006
-48.14,0.17148216
-48.15,0.17146435
-48.16,0.17144656
-48.17,0.17142877
-48.18,0.171411
-48.19,0.17139313
-48.199999999999996,0.17137536
-48.21,0.17135759
-48.22,0.17133984
-48.23,0.17132202
-48.24,0.17130423
-48.25,0.1712865
-48.26,0.17126878
-48.269999999999996,0.17125097
-48.28,0.1712333
-48.29,0.17121556
-48.3,0.17119785
-48.31,0.17118013
-48.32,0.17116234
-48.33,0.17114466
-48.339999999999996,0.17112699
-48.35,0.17110932
-48.36,0.17109159
-48.37,0.17107394
-48.38,0.17105624
-48.39,0.17103857
-48.4,0.17102095
-48.41,0.17100325
-48.42,0.17098562
-48.43,0.170968
-48.44,0.17095038
-48.449999999999996,0.17093271
-48.46,0.17091511
-48.47,0.17089747
-48.48,0.17087981
-48.49,0.17086218
-48.5,0.17084467
-48.51,0.17082703
-48.519999999999996,0.17080948
-48.53,0.17079192
-48.54,0.17077434
-48.55,0.17075676
-48.56,0.17073919
-48.57,0.17072162
-48.58,0.17070411
-48.589999999999996,0.17068648
-48.6,0.17066902
-48.61,0.1706515
-48.62,0.17063396
-48.63,0.17061642
-48.64,0.17059898
-48.65,0.17058143
-48.66,0.17056389
-48.67,0.17054647
-48.68,0.1705289
-48.69,0.17051145
-48.699999999999996,0.17049396
-48.71,0.1704765
-48.72,0.17045909
-48.73,0.17044164
-48.74,0.17042418
-48.75,0.17040673
-48.76,0.17038932
-48.769999999999996,0.1703718
-48.78,0.17035446
-48.79,0.17033708
-48.8,0.17031956
-48.81,0.1703022
-48.82,0.17028481
-48.83,0.17026742
-48.839999999999996,0.17025006
-48.85,0.17023262
-48.86,0.17021522
-48.87,0.1701979
-48.88,0.17018054
-48.89,0.17016317
-48.9,0.17014585
-48.91,0.17012846
-48.92,0.17011116
-48.93,0.17009386
-48.94,0.17007646
-48.949999999999996,0.17005922
-48.96,0.17004186
-48.97,0.17002459
-48.98,0.17000735
-48.99,0.16998994
-49.0,0.16997269
-49.01,0.16995543
-49.019999999999996,0.16993815
-49.03,0.16992083
-49.04,0.1699036
-49.05,0.16988635
-49.06,0.16986912
-49.07,0.16985193
-49.08,0.16983463
-49.089999999999996,0.16981742
-49.1,0.16980016
-49.11,0.16978294
-49.12,0.16976577
-49.13,0.16974854
-49.14,0.16973133
-49.15,0.16971412
-49.16,0.16969699
-49.17,0.16967979
-49.18,0.1696626
-49.19,0.16964543
-49.199999999999996,0.16962828
-49.21,0.16961108
-49.22,0.16959393
-49.23,0.1695768
-49.24,0.16955961
-49.25,0.16954254
-49.26,0.16952536
-49.269999999999996,0.16950822
-49.28,0.16949113
-49.29,0.16947402
-49.3,0.16945693
-49.31,0.16943982
-49.32,0.16942275
-49.33,0.1694057
-49.339999999999996,0.16938853
-49.35,0.1693715
-49.36,0.16935435
-49.37,0.16933735
-49.38,0.16932032
-49.39,0.16930334
-49.4,0.16928619
-49.41,0.16926914
-49.42,0.16925216
-49.43,0.16923513
-49.44,0.1692181
-49.449999999999996,0.16920109
-49.46,0.1691841
-49.47,0.16916704
-49.48,0.16915005
-49.49,0.16913311
-49.5,0.16911608
-49.51,0.16909912
-49.519999999999996,0.16908216
-49.53,0.16906518
-49.54,0.16904823
-49.55,0.16903129
-49.56,0.16901435
-49.57,0.16899738
-49.58,0.16898042
-49.589999999999996,0.1689635
-49.6,0.16894665
-49.61,0.1689297
-49.62,0.16891281
-49.63,0.16889593
-49.64,0.16887897
-49.65,0.16886213
-49.66,0.1688452
-49.67,0.16882831
-49.68,0.16881141
-49.69,0.16879456
-49.699999999999996,0.16877769
-49.71,0.16876087
-49.72,0.168744
-49.73,0.16872713
-49.74,0.16871029
-49.75,0.16869345
-49.76,0.16867661
-49.769999999999996,0.16865979
-49.78,0.16864303
-49.79,0.16862617
-49.8,0.16860941
-49.81,0.16859259
-49.82,0.1685758
-49.83,0.16855901
-49.839999999999996,0.16854219
-49.85,0.16852543
-49.86,0.16850871
-49.87,0.16849189
-49.88,0.16847515
-49.89,0.16845842
-49.9,0.16844168
-49.91,0.16842487
-49.92,0.1684082
-49.93,0.16839144
-49.94,0.16837472
-49.949999999999996,0.16835803
-49.96,0.16834134
-49.97,0.16832457
-49.98,0.1683079
-49.99,0.16829118
-50.0,0.1682745
-50.01,0.16825783
-50.019999999999996,0.16824114
-50.03,0.16822451
-50.04,0.16820782
-50.05,0.16819118
-50.06,0.16817456
-50.07,0.16815788
-50.08,0.16814125
-50.089999999999996,0.16812462
-50.1,0.16810797
-50.11,0.16809133
-50.12,0.16807473
-50.13,0.16805814
-50.14,0.16804153
-50.15,0.1680249
-50.16,0.16800833
-50.17,0.16799179
-50.18,0.16797519
-50.19,0.16795857
-50.199999999999996,0.16794196
-50.21,0.16792549
-50.22,0.16790888
-50.23,0.16789235
-50.24,0.1678758
-50.25,0.16785926
-50.26,0.16784272
-50.269999999999996,0.16782616
-50.28,0.16780964
-50.29,0.16779315
-50.3,0.1677767
-50.31,0.16776016
-50.32,0.1677436
-50.33,0.16772713
-50.339999999999996,0.16771065
-50.35,0.16769415
-50.36,0.16767767
-50.37,0.16766119
-50.38,0.16764474
-50.39,0.16762826
-50.4,0.16761181
-50.41,0.16759536
-50.42,0.1675789
-50.43,0.16756251
-50.44,0.16754603
-50.449999999999996,0.16752966
-50.46,0.16751325
-50.47,0.16749677
-50.48,0.16748041
-50.49,0.16746396
-50.5,0.1674476
-50.51,0.1674312
-50.519999999999996,0.16741484
-50.53,0.16739845
-50.54,0.16738209
-50.55,0.16736569
-50.56,0.1673493
-50.57,0.16733293
-50.58,0.16731659
-50.589999999999996,0.16730028
-50.6,0.16728392
-50.61,0.1672676
-50.62,0.16725126
-50.63,0.16723494
-50.64,0.16721866
-50.65,0.16720232
-50.66,0.16718604
-50.67,0.16716973
-50.68,0.16715345
-50.69,0.16713709
-50.699999999999996,0.16712083
-50.71,0.16710454
-50.72,0.16708834
-50.73,0.16707201
-50.74,0.16705574
-50.75,0.16703951
-50.76,0.16702329
-50.769999999999996,0.16700703
-50.78,0.16699077
-50.79,0.1669746
-50.8,0.16695833
-50.81,0.16694209
-50.82,0.16692588
-50.83,0.16690966
-50.839999999999996,0.16689347
-50.85,0.1668773
-50.86,0.16686112
-50.87,0.16684492
-50.88,0.16682872
-50.89,0.16681257
-50.9,0.16679634
-50.91,0.1667802
-50.92,0.16676405
-50.93,0.16674787
-50.94,0.16673177
-50.949999999999996,0.16671556
-50.96,0.16669947
-50.97,0.16668335
-50.98,0.16666718
-50.99,0.16665104
-51.0,0.16663495
-51.01,0.16661888
-51.019999999999996,0.16660279
-51.03,0.16658667
-51.04,0.16657057
-51.05,0.16655445
-51.06,0.16653836
-51.07,0.16652232
-51.08,0.16650623
-51.089999999999996,0.16649021
-51.1,0.16647413
-51.11,0.1664581
-51.12,0.16644204
-51.13,0.16642597
-51.14,0.16640995
-51.15,0.16639392
-51.16,0.16637789
-51.17,0.16636184
-51.18,0.1663459
-51.19,0.16632985
-51.199999999999996,0.16631386
-51.21,0.16629785
-51.22,0.16628191
-51.23,0.16626588
-51.24,0.16624987
-51.25,0.16623393
-51.26,0.16621797
-51.269999999999996,0.16620198
-51.28,0.16618603
-51.29,0.16617006
-51.3,0.16615415
-51.31,0.16613817
-51.32,0.16612227
-51.33,0.16610634
-51.339999999999996,0.1660904
-51.35,0.16607445
-51.36,0.16605856
-51.37,0.16604266
-51.38,0.16602676
-51.39,0.16601086
-51.4,0.16599494
-51.41,0.16597906
-51.42,0.16596314
-51.43,0.16594729
-51.44,0.1659314
-51.449999999999996,0.16591558
-51.46,0.1658997
-51.47,0.16588382
-51.48,0.16586801
-51.49,0.16585216
-51.5,0.1658364
-51.51,0.16582051
-51.519999999999996,0.16580468
-51.53,0.16578883
-51.54,0.16577308
-51.55,0.16575724
-51.56,0.16574135
-51.57,0.16572556
-51.58,0.16570978
-51.589999999999996,0.16569406
-51.6,0.16567823
-51.61,0.16566248
-51.62,0.1656467
-51.63,0.1656309
-51.64,0.16561514
-51.65,0.16559938
-51.66,0.16558361
-51.67,0.16556787
-51.68,0.16555214
-51.69,0.16553645
-51.699999999999996,0.16552064
-51.71,0.16550496
-51.72,0.16548924
-51.73,0.16547358
-51.74,0.16545777
-51.75,0.16544208
-51.76,0.1654264
-51.769999999999996,0.16541073
-51.78,0.16539507
-51.79,0.16537943
-51.8,0.16536367
-51.81,0.16534804
-51.82,0.1653324
-51.83,0.16531667
-51.839999999999996,0.16530108
-51.85,0.16528541
-51.86,0.16526978
-51.87,0.16525409
-51.88,0.16523853
-51.89,0.16522291
-51.9,0.16520724
-51.91,0.16519165
-51.92,0.16517597
-51.93,0.16516042
-51.94,0.1651448
-51.949999999999996,0.16512926
-51.96,0.1651136
-51.97,0.16509801
-51.98,0.16508247
-51.99,0.16506693
-52.0,0.16505133
-52.01,0.16503572
-52.019999999999996,0.16502023
-52.03,0.1650047
-52.04,0.16498911
-52.05,0.16497356
-52.06,0.16495802
-52.07,0.16494253
-52.08,0.16492696
-52.089999999999996,0.16491145
-52.1,0.16489597
-52.11,0.16488041
-52.12,0.1648649
-52.13,0.1648494
-52.14,0.1648339
-52.15,0.16481844
-52.16,0.16480297
-52.17,0.16478747
-52.18,0.16477196
-52.19,0.16475654
-52.199999999999996,0.16474107
-52.21,0.1647256
-52.22,0.16471013
-52.23,0.16469467
-52.24,0.16467926
-52.25,0.16466384
-52.26,0.16464841
-52.269999999999996,0.16463304
-52.28,0.16461754
-52.29,0.16460213
-52.3,0.16458675
-52.31,0.1645713
-52.32,0.16455594
-52.33,0.16454056
-52.339999999999996,0.16452518
-52.35,0.1645097
-52.36,0.16449437
-52.37,0.16447899
-52.38,0.16446361
-52.39,0.16444832
-52.4,0.16443299
-52.41,0.16441755
-52.42,0.16440228
-52.43,0.16438687
-52.44,0.16437161
-52.449999999999996,0.16435626
-52.46,0.16434091
-52.47,0.16432565
-52.48,0.1643103
-52.49,0.16429493
-52.5,0.16427964
-52.51,0.16426441
-52.519999999999996,0.16424909
-52.53,0.16423379
-52.54,0.16421853
-52.55,0.16420324
-52.56,0.16418797
-52.57,0.16417265
-52.58,0.1641574
-52.589999999999996,0.1641421
-52.6,0.1641269
-52.61,0.16411161
-52.62,0.16409642
-52.63,0.16408116
-52.64,0.16406602
-52.65,0.1640507
-52.66,0.16403547
-52.67,0.16402027
-52.68,0.16400506
-52.69,0.16398992
-52.699999999999996,0.1639747
-52.71,0.16395949
-52.72,0.1639443
-52.73,0.16392908
-52.74,0.16391394
-52.75,0.16389875
-52.76,0.16388355
-52.769999999999996,0.1638684
-52.78,0.16385323
-52.79,0.16383812
-52.8,0.16382287
-52.81,0.16380775
-52.82,0.16379268
-52.83,0.16377753
-52.839999999999996,0.16376239
-52.85,0.1637472
-52.86,0.16373219
-52.87,0.16371703
-52.88,0.16370192
-52.89,0.16368678
-52.9,0.16367175
-52.91,0.16365665
-52.92,0.16364156
-52.93,0.16362646
-52.94,0.16361141
-52.949999999999996,0.16359626
-52.96,0.16358124
-52.97,0.16356619
-52.98,0.16355118
-52.99,0.1635361
-53.0,0.16352102
-53.01,0.16350597
-53.019999999999996,0.16349095
-53.03,0.1634759
-53.04,0.16346085
-53.05,0.1634459
-53.06,0.1634309
-53.07,0.16341585
-53.08,0.16340081
-53.089999999999996,0.16338582
-53.1,0.16337085
-53.11,0.16335581
-53.12,0.1633409
-53.13,0.1633259
-53.14,0.16331089
-53.15,0.16329592
-53.16,0.16328098
-53.17,0.16326597
-53.18,0.16325106
-53.19,0.16323611
-53.199999999999996,0.16322115
-53.21,0.16320622
-53.22,0.16319126
-53.23,0.1631763
-53.24,0.16316143
-53.25,0.1631465
-53.26,0.16313164
-53.269999999999996,0.16311663
-53.28,0.16310176
-53.29,0.1630868
-53.3,0.16307196
-53.31,0.16305704
-53.32,0.16304219
-53.33,0.16302733
-53.339999999999996,0.16301242
-53.35,0.16299754
-53.36,0.16298264
-53.37,0.16296786
-53.38,0.162953
-53.39,0.16293812
-53.4,0.16292323
-53.41,0.16290846
-53.42,0.16289361
-53.43,0.16287881
-53.44,0.16286394
-53.449999999999996,0.16284916
-53.46,0.16283429
-53.47,0.16281947
-53.48,0.16280468
-53.49,0.16278985
-53.5,0.1627751
-53.51,0.16276029
-53.519999999999996,0.1627455
-53.53,0.1627307
-53.54,0.16271597
-53.55,0.1627012
-53.56,0.1626865
-53.57,0.16267169
-53.58,0.16265692
-53.589999999999996,0.16264218
-53.6,0.16262743
-53.61,0.16261268
-53.62,0.16259798
-53.63,0.16258323
-53.64,0.1625685
-53.65,0.16255376
-53.66,0.16253906
-53.67,0.16252436
-53.68,0.16250965
-53.69,0.16249497
-53.699999999999996,0.16248025
-53.71,0.16246556
-53.72,0.16245086
-53.73,0.16243616
-53.74,0.16242151
-53.75,0.16240677
-53.76,0.16239214
-53.769999999999996,0.16237754
-53.78,0.16236287
-53.79,0.16234821
-53.8,0.16233355
-53.81,0.1623189
-53.82,0.16230428
-53.83,0.16228966
-53.839999999999996,0.16227502
-53.85,0.16226035
-53.86,0.1622458
-53.87,0.16223118
-53.88,0.16221654
-53.89,0.16220197
-53.9,0.1621874
-53.91,0.1621728
-53.92,0.16215819
-53.93,0.16214359
-53.94,0.16212898
-53.949999999999996,0.16211444
-53.96,0.16209988
-53.97,0.1620853
-53.98,0.16207075
-53.99,0.16205618
-54.0,0.16204162
-54.01,0.1620271
-54.019999999999996,0.16201256
-54.03,0.16199805
-54.04,0.16198352
-54.05,0.16196896
-54.06,0.16195446
-54.07,0.16193995
-54.08,0.16192544
-54.089999999999996,0.16191092
-54.1,0.16189641
-54.11,0.16188192
-54.12,0.16186744
-54.13,0.16185293
-54.14,0.16183841
-54.15,0.16182399
-54.16,0.16180953
-54.17,0.16179505
-54.18,0.16178058
-54.19,0.16176611
-54.199999999999996,0.16175172
-54.21,0.16173723
-54.22,0.16172281
-54.23,0.16170834
-54.24,0.1616939
-54.25,0.16167946
-54.26,0.1616651
-54.269999999999996,0.16165072
-54.28,0.16163623
-54.29,0.16162182
-54.3,0.16160744
-54.31,0.161593
-54.32,0.16157866
-54.33,0.16156429
-54.339999999999996,0.16154987
-54.35,0.16153544
-54.36,0.1615211
-54.37,0.16150676
-54.38,0.16149238
-54.39,0.16147798
-54.4,0.16146363
-54.41,0.16144933
-54.42,0.16143489
-54.43,0.16142058
-54.44,0.16140628
-54.449999999999996,0.16139191
-54.46,0.16137762
-54.47,0.16136327
-54.48,0.16134895
-54.49,0.16133468
-54.5,0.16132039
-54.51,0.16130605
-54.519999999999996,0.16129178
-54.53,0.16127746
-54.54,0.16126314
-54.55,0.16124882
-54.56,0.16123456
-54.57,0.16122031
-54.58,0.16120607
-54.589999999999996,0.16119176
-54.6,0.16117749
-54.61,0.1611633
-54.62,0.16114902
-54.63,0.16113481
-54.64,0.16112053
-54.65,0.16110626
-54.66,0.16109204
-54.67,0.16107778
-54.68,0.16106352
-54.69,0.16104934
-54.699999999999996,0.16103512
-54.71,0.1610209
-54.72,0.16100678
-54.73,0.16099256
-54.74,0.16097836
-54.75,0.1609641
-54.76,0.16094998
-54.769999999999996,0.16093579
-54.78,0.16092165
-54.79,0.16090742
-54.8,0.16089323
-54.81,0.1608791
-54.82,0.16086496
-54.83,0.16085078
-54.839999999999996,0.1608367
-54.85,0.16082251
-54.86,0.16080838
-54.87,0.16079429
-54.88,0.1607801
-54.89,0.16076602
-54.9,0.16075183
-54.91,0.16073778
-54.92,0.16072369
-54.93,0.16070952
-54.94,0.16069543
-54.949999999999996,0.16068135
-54.96,0.16066729
-54.97,0.16065314
-54.98,0.16063908
-54.99,0.16062498
-55.0,0.16061094
-55.01,0.16059683
-55.019999999999996,0.16058281
-55.03,0.16056874
-55.04,0.16055465
-55.05,0.16054061
-55.06,0.16052657
-55.07,0.16051257
-55.08,0.1604985
-55.089999999999996,0.16048446
-55.1,0.16047043
-55.11,0.16045639
-55.12,0.16044247
-55.13,0.16042835
-55.14,0.16041443
-55.15,0.16040036
-55.16,0.16038638
-55.17,0.16037245
-55.18,0.16035841
-55.19,0.16034439
-55.199999999999996,0.16033041
-55.21,0.16031647
-55.22,0.16030242
-55.23,0.16028848
-55.24,0.16027454
-55.25,0.16026056
-55.26,0.16024667
-55.269999999999996,0.16023265
-55.28,0.16021873
-55.29,0.1602048
-55.3,0.16019084
-55.31,0.16017692
-55.32,0.16016299
-55.33,0.16014907
-55.339999999999996,0.16013515
-55.35,0.1601212
-55.36,0.16010731
-55.37,0.16009343
-55.38,0.16007955
-55.39,0.16006562
-55.4,0.16005175
-55.41,0.16003785
-55.42,0.16002405
-55.43,0.1600101
-55.44,0.15999627
-55.449999999999996,0.15998235
-55.46,0.1599685
-55.47,0.15995467
-55.48,0.15994082
-55.49,0.15992692
-55.5,0.15991315
-55.51,0.1598993
-55.519999999999996,0.15988551
-55.53,0.15987161
-55.54,0.15985781
-55.55,0.15984398
-55.56,0.15983012
-55.57,0.15981635
-55.58,0.1598025
-55.589999999999996,0.1597887
-55.6,0.15977494
-55.61,0.1597611
-55.62,0.15974735
-55.63,0.15973356
-55.64,0.15971981
-55.65,0.159706
-55.66,0.1596922
-55.67,0.15967841
-55.68,0.15966472
-55.69,0.1596509
-55.699999999999996,0.15963718
-55.71,0.15962344
-55.72,0.15960975
-55.73,0.15959594
-55.74,0.15958224
-55.75,0.15956847
-55.76,0.15955476
-55.769999999999996,0.15954104
-55.78,0.15952739
-55.79,0.1595136
-55.8,0.15949994
-55.81,0.15948616
-55.82,0.15947247
-55.83,0.15945885
-55.839999999999996,0.15944514
-55.85,0.15943143
-55.86,0.15941778
-55.87,0.15940404
-55.88,0.15939039
-55.89,0.15937674
-55.9,0.15936309
-55.91,0.15934938
-55.92,0.15933578
-55.93,0.15932217
-55.94,0.15930846
-55.949999999999996,0.15929478
-55.96,0.15928116
-55.97,0.15926754
-55.98,0.1592539
-55.99,0.15924029
-56.0,0.15922664
-56.01,0.15921304
-56.019999999999996,0.15919945
-56.03,0.1591858
-56.04,0.15917224
-56.05,0.15915862
-56.06,0.15914504
-56.07,0.1591315
-56.08,0.15911785
-56.089999999999996,0.15910432
-56.1,0.1590907
-56.11,0.15907714
-56.12,0.15906362
-56.13,0.15905003
-56.14,0.15903649
-56.15,0.15902293
-56.16,0.15900935
-56.17,0.1589958
-56.18,0.15898228
-56.19,0.15896875
-56.199999999999996,0.15895522
-56.21,0.15894166
-56.22,0.15892813
-56.23,0.15891461
-56.24,0.15890114
-56.25,0.1588876
-56.26,0.1588741
-56.269999999999996,0.15886068
-56.28,0.15884712
-56.29,0.15883362
-56.3,0.15882021
-56.31,0.15880665
-56.32,0.15879321
-56.33,0.15877977
-56.339999999999996,0.15876621
-56.35,0.15875283
-56.36,0.1587393
-56.37,0.15872589
-56.38,0.15871245
-56.39,0.15869898
-56.4,0.15868552
-56.41,0.15867215
-56.42,0.15865865
-56.43,0.15864527
-56.44,0.1586318
-56.449999999999996,0.15861839
-56.46,0.15860501
-56.47,0.15859154
-56.48,0.15857813
-56.49,0.15856475
-56.5,0.15855134
-56.51,0.15853797
-56.519999999999996,0.15852456
-56.53,0.15851119
-56.54,0.15849783
-56.55,0.1584844
-56.56,0.158471
-56.57,0.1584577
-56.58,0.15844437
-56.589999999999996,0.15843093
-56.6,0.15841758
-56.61,0.15840426
-56.62,0.15839085
-56.63,0.15837753
-56.64,0.1583642
-56.65,0.15835091
-56.66,0.15833752
-56.67,0.15832424
-56.68,0.15831092
-56.69,0.15829763
-56.699999999999996,0.15828432
-56.71,0.15827101
-56.72,0.15825766
-56.73,0.15824437
-56.74,0.15823102
-56.75,0.15821776
-56.76,0.15820445
-56.769999999999996,0.15819114
-56.78,0.15817794
-56.79,0.15816474
-56.8,0.15815139
-56.81,0.15813813
-56.82,0.15812483
-56.83,0.1581116
-56.839999999999996,0.15809835
-56.85,0.15808512
-56.86,0.15807185
-56.87,0.15805861
-56.88,0.15804541
-56.89,0.1580322
-56.9,0.15801893
-56.91,0.15800574
-56.92,0.15799244
-56.93,0.1579793
-56.94,0.1579661
-56.949999999999996,0.15795285
-56.96,0.1579396
-56.97,0.15792648
-56.98,0.1579133
-56.99,0.1579001
-57.0,0.1578869
-57.01,0.15787373
-57.019999999999996,0.15786053
-57.03,0.15784737
-57.04,0.15783423
-57.05,0.15782109
-57.06,0.1578079
-57.07,0.15779474
-57.08,0.1577816
-57.089999999999996,0.15776847
-57.1,0.15775529
-57.11,0.15774216
-57.12,0.157729
-57.13,0.15771589
-57.14,0.15770273
-57.15,0.1576896
-57.16,0.1576765
-57.17,0.15766342
-57.18,0.15765032
-57.19,0.15763718
-57.199999999999996,0.1576241
-57.21,0.15761095
-57.22,0.15759794
-57.23,0.15758485
-57.24,0.15757173
-57.25,0.15755868
-57.26,0.1575456
-57.269999999999996,0.15753251
-57.28,0.1575194
-57.29,0.15750635
-57.3,0.15749328
-57.31,0.15748027
-57.32,0.15746722
-57.33,0.15745413
-57.339999999999996,0.15744117
-57.35,0.15742812
-57.36,0.15741506
-57.37,0.15740201
-57.38,0.157389
-57.39,0.15737598
-57.4,0.15736294
-57.41,0.15735003
-57.42,0.15733695
-57.43,0.15732399
-57.44,0.15731096
-57.449999999999996,0.15729794
-57.46,0.157285
-57.47,0.15727201
-57.48,0.15725902
-57.49,0.15724605
-57.5,0.15723303
-57.51,0.1572201
-57.519999999999996,0.1572071
-57.53,0.15719417
-57.54,0.15718123
-57.55,0.15716824
-57.56,0.15715532
-57.57,0.15714237
-57.58,0.15712939
-57.589999999999996,0.1571165
-57.6,0.15710357
-57.61,0.15709063
-57.62,0.1570777
-57.63,0.15706477
-57.64,0.15705185
-57.65,0.15703887
-57.66,0.15702605
-57.67,0.15701312
-57.68,0.15700018
-57.69,0.15698735
-57.699999999999996,0.15697443
-57.71,0.15696159
-57.72,0.15694863
-57.73,0.15693578
-57.74,0.15692294
-57.75,0.15691009
-57.76,0.15689719
-57.769999999999996,0.15688434
-57.78,0.1568715
-57.79,0.15685865
-57.8,0.1568458
-57.81,0.15683287
-57.82,0.15682004
-57.83,0.15680721
-57.839999999999996,0.1567944
-57.85,0.15678158
-57.86,0.15676871
-57.87,0.15675595
-57.88,0.15674311
-57.89,0.15673032
-57.9,0.15671751
-57.91,0.15670472
-57.92,0.15669194
-57.93,0.15667911
-57.94,0.15666628
-57.949999999999996,0.15665351
-57.96,0.15664077
-57.97,0.15662794
-57.98,0.15661514
-57.99,0.15660238
-58.0,0.15658969
-58.01,0.15657686
-58.019999999999996,0.15656413
-58.03,0.15655136
-58.04,0.15653858
-58.05,0.15652588
-58.06,0.15651308
-58.07,0.15650034
-58.08,0.15648758
-58.089999999999996,0.15647486
-58.1,0.15646213
-58.11,0.15644944
-58.12,0.1564367
-58.13,0.15642396
-58.14,0.15641133
-58.15,0.15639862
-58.16,0.15638588
-58.17,0.15637317
-58.18,0.15636045
-58.19,0.15634777
-58.199999999999996,0.15633512
-58.21,0.15632237
-58.22,0.15630975
-58.23,0.15629709
-58.24,0.1562844
-58.25,0.15627177
-58.26,0.15625906
-58.269999999999996,0.15624641
-58.28,0.15623373
-58.29,0.15622109
-58.3,0.1562084
-58.31,0.15619588
-58.32,0.15618318
-58.33,0.15617058
-58.339999999999996,0.15615791
-58.35,0.1561453
-58.36,0.15613264
-58.37,0.15612008
-58.38,0.15610749
-58.39,0.15609485
-58.4,0.15608218
-58.41,0.15606958
-58.42,0.156057
-58.43,0.15604442
-58.44,0.15603174
-58.449999999999996,0.15601924
-58.46,0.15600663
-58.47,0.15599407
-58.48,0.15598154
-58.49,0.15596893
-58.5,0.15595633
-58.51,0.15594384
-58.519999999999996,0.15593126
-58.53,0.15591863
-58.54,0.15590614
-58.55,0.15589362
-58.56,0.15588108
-58.57,0.1558685
-58.58,0.155856
-58.589999999999996,0.1558434
-58.6,0.15583092
-58.61,0.1558184
-58.62,0.15580587
-58.63,0.15579331
-58.64,0.15578087
-58.65,0.15576836
-58.66,0.15575577
-58.67,0.15574324
-58.68,0.15573089
-58.69,0.15571831
-58.699999999999996,0.15570587
-58.71,0.15569338
-58.72,0.15568084
-58.73,0.15566842
-58.74,0.15565595
-58.75,0.15564343
-58.76,0.15563098
-58.769999999999996,0.15561856
-58.78,0.15560609
-58.79,0.15559363
-58.8,0.15558115
-58.81,0.15556872
-58.82,0.15555626
-58.83,0.1555439
-58.839999999999996,0.15553147
-58.85,0.155519
-58.86,0.15550652
-58.87,0.15549415
-58.88,0.15548173
-58.89,0.15546933
-58.9,0.15545684
-58.91,0.15544449
-58.92,0.1554321
-58.93,0.15541974
-58.94,0.1554073
-58.949999999999996,0.15539488
-58.96,0.15538251
-58.97,0.15537016
-58.98,0.15535781
-58.99,0.15534547
-59.0,0.1553331
-59.01,0.1553207
-59.019999999999996,0.1553083
-59.03,0.15529592
-59.04,0.15528357
-59.05,0.15527126
-59.06,0.15525892
-59.07,0.15524659
-59.08,0.15523425
-59.089999999999996,0.15522191
-59.1,0.15520951
-59.11,0.15519722
-59.12,0.15518486
-59.13,0.15517259
-59.14,0.1551603
-59.15,0.15514791
-59.16,0.15513563
-59.17,0.15512332
-59.18,0.15511107
-59.19,0.15509874
-59.199999999999996,0.15508643
-59.21,0.15507418
-59.22,0.15506187
-59.23,0.15504956
-59.24,0.1550373
-59.25,0.15502505
-59.26,0.15501279
-59.269999999999996,0.15500054
-59.28,0.15498826
-59.29,0.15497601
-59.3,0.15496372
-59.31,0.15495147
-59.32,0.15493923
-59.33,0.15492696
-59.339999999999996,0.15491474
-59.35,0.15490252
-59.36,0.15489028
-59.37,0.15487806
-59.38,0.15486586
-59.39,0.15485355
-59.4,0.1548414
-59.41,0.15482922
-59.42,0.15481696
-59.43,0.15480481
-59.44,0.15479256
-59.449999999999996,0.15478043
-59.46,0.15476817
-59.47,0.15475601
-59.48,0.15474388
-59.49,0.15473169
-59.5,0.15471947
-59.51,0.1547073
-59.519999999999996,0.15469515
-59.53,0.15468298
-59.54,0.15467079
-59.55,0.15465863
-59.56,0.15464652
-59.57,0.15463439
-59.58,0.1546222
-59.589999999999996,0.15461004
-59.6,0.15459788
-59.61,0.15458578
-59.62,0.15457359
-59.63,0.15456158
-59.64,0.15454936
-59.65,0.15453729
-59.66,0.15452516
-59.67,0.15451302
-59.68,0.15450099
-59.69,0.15448886
-59.699999999999996,0.15447667
-59.71,0.15446465
-59.72,0.15445258
-59.73,0.15444046
-59.74,0.15442832
-59.75,0.15441623
-59.76,0.15440421
-59.769999999999996,0.15439212
-59.78,0.15438
-59.79,0.15436792
-59.8,0.15435588
-59.81,0.15434387
-59.82,0.15433171
-59.83,0.15431975
-59.839999999999996,0.15430766
-59.85,0.15429565
-59.86,0.15428361
-59.87,0.15427154
-59.88,0.1542595
-59.89,0.15424746
-59.9,0.15423544
-59.91,0.15422346
-59.92,0.15421137
-59.93,0.15419939
-59.94,0.15418741
-59.949999999999996,0.15417537
-59.96,0.15416336
-59.97,0.1541514
-59.98,0.15413943
-59.99,0.15412737
-60.0,0.15411535
-60.01,0.15410343
-60.019999999999996,0.15409145
-60.03,0.15407945
-60.04,0.1540675
-60.05,0.15405554
-60.06,0.15404353
-60.07,0.15403163
-60.08,0.15401967
-60.089999999999996,0.15400769
-60.1,0.1539958
-60.11,0.1539838
-60.12,0.1539718
-60.13,0.1539599
-60.14,0.15394795
-60.15,0.153936
-60.16,0.15392408
-60.17,0.1539122
-60.18,0.15390024
-60.19,0.15388833
-60.199999999999996,0.1538764
-60.21,0.1538645
-60.22,0.15385261
-60.23,0.15384066
-60.24,0.15382881
-60.25,0.15381688
-60.26,0.15380505
-60.269999999999996,0.15379313
-60.28,0.15378119
-60.29,0.1537693
-60.3,0.15375748
-60.31,0.15374558
-60.32,0.15373372
-60.33,0.15372187
-60.339999999999996,0.15370995
-60.35,0.15369818
-60.36,0.15368631
-60.37,0.15367441
-60.38,0.1536626
-60.39,0.15365078
-60.4,0.15363887
-60.41,0.1536271
-60.42,0.1536152
-60.43,0.1536034
-60.44,0.15359157
-60.449999999999996,0.15357974
-60.46,0.15356791
-60.47,0.15355608
-60.48,0.1535443
-60.49,0.15353253
-60.5,0.15352067
-60.51,0.1535089
-60.519999999999996,0.15349707
-60.53,0.1534853
-60.54,0.15347354
-60.55,0.1534617
-60.56,0.15344997
-60.57,0.15343818
-60.58,0.15342644
-60.589999999999996,0.15341465
-60.6,0.1534029
-60.61,0.1533911
-60.62,0.15337937
-60.63,0.1533676
-60.64,0.15335582
-60.65,0.15334408
-60.66,0.15333232
-60.67,0.1533206
-60.68,0.15330884
-60.69,0.15329711
-60.699999999999996,0.15328538
-60.71,0.15327366
-60.72,0.15326194
-60.73,0.15325017
-60.74,0.15323848
-60.75,0.1532268
-60.76,0.15321507
-60.769999999999996,0.15320338
-60.78,0.15319166
-60.79,0.15317997
-60.8,0.1531683
-60.81,0.15315658
-60.82,0.1531449
-60.83,0.15313324
-60.839999999999996,0.15312156
-60.85,0.15310991
-60.86,0.15309815
-60.87,0.15308647
-60.88,0.15307483
-60.89,0.15306322
-60.9,0.1530515
-60.91,0.15303995
-60.92,0.15302819
-60.93,0.15301657
-60.94,0.15300494
-60.949999999999996,0.15299329
-60.96,0.15298158
-60.97,0.15296997
-60.98,0.1529584
-60.99,0.1529467
-61.0,0.15293515
-61.01,0.15292352
-61.019999999999996,0.15291192
-61.03,0.15290026
-61.04,0.15288864
-61.05,0.15287706
-61.06,0.1528655
-61.07,0.15285388
-61.08,0.15284222
-61.089999999999996,0.15283069
-61.1,0.15281911
-61.11,0.1528075
-61.12,0.15279591
-61.13,0.15278432
-61.14,0.15277275
-61.15,0.15276119
-61.16,0.15274963
-61.17,0.1527381
-61.18,0.15272647
-61.19,0.15271494
-61.199999999999996,0.15270337
-61.21,0.15269184
-61.22,0.15268034
-61.23,0.15266874
-61.24,0.15265721
-61.25,0.15264565
-61.26,0.15263422
-61.269999999999996,0.15262264
-61.28,0.15261108
-61.29,0.15259951
-61.3,0.15258805
-61.31,0.1525765
-61.32,0.152565
-61.33,0.15255353
-61.339999999999996,0.15254204
-61.35,0.15253049
-61.36,0.15251903
-61.37,0.1525076
-61.38,0.15249605
-61.39,0.15248463
-61.4,0.15247315
-61.41,0.1524616
-61.42,0.15245005
-61.43,0.15243866
-61.44,0.15242723
-61.449999999999996,0.15241575
-61.46,0.15240428
-61.47,0.15239283
-61.48,0.15238133
-61.49,0.15236992
-61.5,0.15235847
-61.51,0.152347
-61.519999999999996,0.15233555
-61.53,0.15232414
-61.54,0.15231267
-61.55,0.1523013
-61.56,0.15228987
-61.57,0.1522784
-61.58,0.15226701
-61.589999999999996,0.1522556
-61.6,0.15224418
-61.61,0.15223283
-61.62,0.15222137
-61.63,0.15220998
-61.64,0.15219857
-61.65,0.15218726
-61.66,0.15217578
-61.67,0.15216443
-61.68,0.15215304
-61.69,0.15214165
-61.7,0.1521303
-61.71,0.15211894
-61.72,0.15210748
-61.73,0.15209615
-61.74,0.1520848
-61.75,0.15207344
-61.76,0.1520621
-61.769999999999996,0.15205072
-61.78,0.15203941
-61.79,0.15202805
-61.8,0.15201673
-61.81,0.15200534
-61.82,0.15199405
-61.83,0.15198271
-61.839999999999996,0.15197137
-61.85,0.15196002
-61.86,0.15194872
-61.87,0.15193737
-61.88,0.15192604
-61.89,0.15191478
-61.9,0.15190348
-61.91,0.15189213
-61.92,0.15188092
-61.93,0.15186955
-61.94,0.15185826
-61.95,0.15184703
-61.96,0.15183568
-61.97,0.15182437
-61.98,0.15181315
-61.99,0.1518018
-62.0,0.15179062
-62.01,0.15177923
-62.019999999999996,0.15176803
-62.03,0.1517568
-62.04,0.1517455
-62.05,0.15173423
-62.06,0.15172303
-62.07,0.15171178
-62.08,0.1517005
-62.089999999999996,0.15168923
-62.1,0.15167804
-62.11,0.15166673
-62.12,0.15165552
-62.13,0.15164432
-62.14,0.1516331
-62.15,0.15162188
-62.16,0.1516107
-62.17,0.15159947
-62.18,0.15158823
-62.19,0.15157709
-62.2,0.15156585
-62.21,0.15155458
-62.22,0.15154338
-62.23,0.15153223
-62.24,0.15152097
-62.25,0.15150982
-62.26,0.1514986
-62.269999999999996,0.1514875
-62.28,0.15147632
-62.29,0.15146509
-62.3,0.151454
-62.31,0.1514428
-62.32,0.15143165
-62.33,0.15142047
-62.339999999999996,0.15140933
-62.35,0.15139815
-62.36,0.15138695
-62.37,0.15137585
-62.38,0.15136468
-62.39,0.15135357
-62.4,0.15134245
-62.41,0.15133125
-62.42,0.15132016
-62.43,0.15130903
-62.44,0.15129787
-62.45,0.1512868
-62.46,0.1512757
-62.47,0.15126458
-62.48,0.15125345
-62.49,0.15124235
-62.5,0.15123126
-62.51,0.15122016
-62.519999999999996,0.15120904
-62.53,0.15119791
-62.54,0.15118684
-62.55,0.15117577
-62.56,0.15116465
-62.57,0.1511536
-62.58,0.15114254
-62.589999999999996,0.15113148
-62.6,0.15112041
-62.61,0.15110934
-62.62,0.15109825
-62.63,0.15108725
-62.64,0.15107618
-62.65,0.15106504
-62.66,0.15105401
-62.67,0.15104294
-62.68,0.151032
-62.69,0.15102093
-62.7,0.15100986
-62.71,0.15099883
-62.72,0.15098779
-62.73,0.15097675
-62.74,0.1509657
-62.75,0.1509547
-62.76,0.15094376
-62.769999999999996,0.1509327
-62.78,0.15092167
-62.79,0.1509107
-62.8,0.15089971
-62.81,0.15088868
-62.82,0.15087765
-62.83,0.15086661
-62.839999999999996,0.15085569
-62.85,0.1508447
-62.86,0.15083373
-62.87,0.15082279
-62.88,0.15081179
-62.89,0.15080081
-62.9,0.15078983
-62.91,0.15077892
-62.92,0.15076791
-62.93,0.15075693
-62.94,0.15074599
-62.95,0.15073508
-62.96,0.15072407
-62.97,0.15071315
-62.98,0.15070216
-62.99,0.15069127
-63.0,0.15068033
-63.01,0.15066937
-63.019999999999996,0.15065843
-63.03,0.15064755
-63.04,0.15063661
-63.05,0.15062565
-63.06,0.15061481
-63.07,0.15060382
-63.08,0.1505929
-63.089999999999996,0.15058202
-63.1,0.15057112
-63.11,0.15056017
-63.12,0.15054928
-63.13,0.15053844
-63.14,0.15052757
-63.15,0.15051672
-63.16,0.15050575
-63.17,0.15049481
-63.18,0.15048394
-63.19,0.15047318
-63.2,0.1504623
-63.21,0.15045142
-63.22,0.15044054
-63.23,0.1504297
-63.24,0.15041882
-63.25,0.15040797
-63.26,0.1503971
-63.269999999999996,0.15038626
-63.28,0.1503754
-63.29,0.15036455
-63.3,0.15035371
-63.31,0.15034291
-63.32,0.15033203
-63.33,0.15032119
-63.339999999999996,0.15031038
-63.35,0.15029958
-63.36,0.15028876
-63.37,0.15027793
-63.38,0.1502671
-63.39,0.1502563
-63.4,0.15024549
-63.41,0.15023473
-63.42,0.15022391
-63.43,0.15021303
-63.44,0.1502023
-63.45,0.15019149
-63.46,0.15018071
-63.47,0.15016992
-63.48,0.15015915
-63.49,0.1501484
-63.5,0.15013763
-63.51,0.15012687
-63.519999999999996,0.15011606
-63.53,0.1501053
-63.54,0.15009452
-63.55,0.15008381
-63.56,0.15007299
-63.57,0.15006226
-63.58,0.15005158
-63.589999999999996,0.15004076
-63.6,0.15003005
-63.61,0.15001929
-63.62,0.15000856
-63.63,0.1499978
-63.64,0.14998707
-63.65,0.14997634
-63.66,0.14996564
-63.67,0.1499549
-63.68,0.14994422
-63.69,0.14993347
-63.7,0.14992282
-63.71,0.14991213
-63.72,0.14990133
-63.73,0.14989063
-63.74,0.14987998
-63.75,0.1498693
-63.76,0.14985862
-63.769999999999996,0.1498479
-63.78,0.14983727
-63.79,0.14982657
-63.8,0.14981589
-63.81,0.14980514
-63.82,0.1497945
-63.83,0.14978383
-63.839999999999996,0.14977317
-63.85,0.14976248
-63.86,0.14975187
-63.87,0.14974129
-63.88,0.1497305
-63.89,0.14971992
-63.9,0.14970928
-63.91,0.14969859
-63.92,0.14968798
-63.93,0.14967734
-63.94,0.14966673
-63.95,0.14965607
-63.96,0.14964543
-63.97,0.14963481
-63.98,0.1496242
-63.99,0.14961362
-64.0,0.14960295
-64.01,0.14959231
-64.02000000000001,0.14958167
-64.03,0.14957114
-64.04,0.14956054
-64.05000000000001,0.14954987
-64.06,0.14953928
-64.07000000000001,0.14952871
-64.08000000000001,0.14951819
-64.09,0.14950758
-64.10000000000001,0.14949696
-64.11,0.14948641
-64.12,0.14947581
-64.13000000000001,0.14946526
-64.14,0.14945468
-64.15,0.14944413
-64.16000000000001,0.14943352
-64.17,0.14942294
-64.18,0.14941241
-64.19000000000001,0.14940181
-64.2,0.14939123
-64.21000000000001,0.14938073
-64.22000000000001,0.14937016
-64.23,0.14935969
-64.24000000000001,0.14934912
-64.25,0.14933866
-64.26,0.14932802
-64.27000000000001,0.1493175
-64.28,0.14930692
-64.29,0.1492965
-64.30000000000001,0.14928594
-64.31,0.14927539
-64.32000000000001,0.14926493
-64.33000000000001,0.14925438
-64.34,0.14924388
-64.35000000000001,0.14923337
-64.36,0.14922291
-64.37,0.1492124
-64.38000000000001,0.14920188
-64.39,0.14919136
-64.4,0.14918095
-64.41000000000001,0.14917044
-64.42,0.14915992
-64.43,0.14914937
-64.44000000000001,0.14913899
-64.45,0.14912848
-64.46000000000001,0.149118
-64.47000000000001,0.14910764
-64.48,0.14909706
-64.49000000000001,0.14908661
-64.5,0.14907616
-64.51,0.14906567
-64.52000000000001,0.14905527
-64.53,0.14904478
-64.54,0.14903443
-64.55000000000001,0.14902395
-64.56,0.14901349
-64.57000000000001,0.14900306
-64.58000000000001,0.14899266
-64.59,0.1489822
-64.60000000000001,0.14897177
-64.61,0.1489614
-64.62,0.14895093
-64.63000000000001,0.14894053
-64.64,0.14893009
-64.65,0.14891969
-64.66000000000001,0.14890933
-64.67,0.1488989
-64.68,0.14888841
-64.69000000000001,0.14887813
-64.7,0.14886765
-64.71000000000001,0.14885725
-64.72000000000001,0.14884688
-64.73,0.1488365
-64.74000000000001,0.14882606
-64.75,0.14881563
-64.76,0.14880532
-64.77000000000001,0.14879492
-64.78,0.14878461
-64.79,0.14877422
-64.80000000000001,0.14876387
-64.81,0.14875352
-64.82000000000001,0.14874312
-64.83000000000001,0.14873275
-64.84,0.1487224
-64.85000000000001,0.14871201
-64.86,0.14870161
-64.87,0.14869134
-64.88000000000001,0.14868098
-64.89,0.14867064
-64.9,0.1486603
-64.91000000000001,0.14865005
-64.92,0.14863965
-64.93,0.14862937
-64.94000000000001,0.14861904
-64.95,0.14860871
-64.96000000000001,0.14859846
-64.97000000000001,0.14858803
-64.98,0.14857772
-64.99000000000001,0.14856745
-65.0,0.14855716
-65.01,0.14854683
-65.02000000000001,0.14853647
-65.03,0.14852625
-65.04,0.14851595
-65.05000000000001,0.14850569
-65.06,0.14849535
-65.07000000000001,0.14848506
-65.08000000000001,0.14847478
-65.09,0.1484645
-65.10000000000001,0.14845428
-65.11,0.14844401
-65.12,0.14843372
-65.13000000000001,0.14842343
-65.14,0.14841318
-65.15,0.14840293
-65.16000000000001,0.14839262
-65.17,0.14838243
-65.18,0.14837216
-65.19000000000001,0.14836192
-65.2,0.14835164
-65.21000000000001,0.14834143
-65.22000000000001,0.14833114
-65.23,0.14832091
-65.24000000000001,0.14831066
-65.25,0.14830044
-65.26,0.14829022
-65.27000000000001,0.14827995
-65.28,0.1482698
-65.29,0.14825954
-65.30000000000001,0.14824934
-65.31,0.14823914
-65.32000000000001,0.1482289
-65.33000000000001,0.14821869
-65.34,0.14820857
-65.35000000000001,0.14819832
-65.36,0.14818813
-65.37,0.14817794
-65.38000000000001,0.14816773
-65.39,0.14815757
-65.4,0.14814737
-65.41000000000001,0.1481372
-65.42,0.14812699
-65.43,0.14811683
-65.44000000000001,0.14810668
-65.45,0.14809653
-65.46000000000001,0.14808634
-65.47000000000001,0.14807618
-65.48,0.14806601
-65.49000000000001,0.14805579
-65.5,0.14804569
-65.51,0.14803551
-65.52000000000001,0.14802532
-65.53,0.1480152
-65.54,0.14800507
-65.55000000000001,0.1479949
-65.56,0.1479848
-65.57000000000001,0.14797467
-65.58000000000001,0.14796449
-65.59,0.1479544
-65.60000000000001,0.14794421
-65.61,0.14793418
-65.62,0.147924
-65.63000000000001,0.14791387
-65.64,0.14790379
-65.65,0.14789373
-65.66000000000001,0.14788355
-65.67,0.14787342
-65.68,0.14786337
-65.69000000000001,0.14785324
-65.7,0.14784317
-65.71000000000001,0.14783305
-65.72000000000001,0.14782295
-65.73,0.14781287
-65.74000000000001,0.14780277
-65.75,0.14779273
-65.76,0.1477826
-65.77000000000001,0.14777257
-65.78,0.14776245
-65.79,0.14775246
-65.80000000000001,0.14774239
-65.81,0.14773232
-65.82000000000001,0.14772229
-65.83000000000001,0.14771214
-65.84,0.1477021
-65.85000000000001,0.14769201
-65.86,0.14768201
-65.87,0.14767194
-65.88000000000001,0.14766192
-65.89,0.14765182
-65.9,0.14764187
-65.91000000000001,0.1476318
-65.92,0.14762178
-65.93,0.14761174
-65.94000000000001,0.14760177
-65.95,0.14759168
-65.96000000000001,0.14758168
-65.97000000000001,0.14757168
-65.98,0.14756168
-65.99000000000001,0.1475516
-66.0,0.14754161
-66.01,0.14753157
-66.02000000000001,0.14752162
-66.03,0.14751159
-66.04,0.14750162
-66.05000000000001,0.1474916
-66.06,0.14748165
-66.07000000000001,0.14747164
-66.08000000000001,0.14746162
-66.09,0.14745167
-66.10000000000001,0.14744164
-66.11,0.1474317
-66.12,0.14742173
-66.13000000000001,0.1474118
-66.14,0.14740172
-66.15,0.14739183
-66.16000000000001,0.1473819
-66.17,0.14737189
-66.18,0.14736196
-66.19000000000001,0.14735204
-66.2,0.14734201
-66.21000000000001,0.14733212
-66.22000000000001,0.14732215
-66.23,0.1473122
-66.24000000000001,0.1473023
-66.25,0.14729232
-66.26,0.14728242
-66.27000000000001,0.14727247
-66.28,0.14726251
-66.29,0.14725262
-66.30000000000001,0.14724267
-66.31,0.14723274
-66.32000000000001,0.14722288
-66.33000000000001,0.14721292
-66.34,0.14720309
-66.35000000000001,0.14719307
-66.36,0.14718327
-66.37,0.14717332
-66.38000000000001,0.14716348
-66.39,0.14715347
-66.4,0.14714356
-66.41000000000001,0.14713374
-66.42,0.14712387
-66.43,0.14711392
-66.44000000000001,0.14710408
-66.45,0.14709418
-66.46000000000001,0.14708437
-66.47000000000001,0.1470744
-66.48,0.14706454
-66.49000000000001,0.1470547
-66.5,0.14704488
-66.51,0.14703499
-66.52000000000001,0.14702517
-66.53,0.14701529
-66.54,0.14700541
-66.55000000000001,0.14699551
-66.56,0.1469857
-66.57000000000001,0.14697582
-66.58000000000001,0.14696601
-66.59,0.14695612
-66.60000000000001,0.14694637
-66.61,0.14693645
-66.62,0.1469267
-66.63000000000001,0.14691679
-66.64,0.14690706
-66.65,0.14689717
-66.66000000000001,0.14688732
-66.67,0.14687759
-66.68,0.14686784
-66.69000000000001,0.14685793
-66.7,0.1468481
-66.71000000000001,0.14683834
-66.72000000000001,0.14682853
-66.73,0.1468187
-66.74000000000001,0.14680892
-66.75,0.14679918
-66.76,0.14678931
-66.77000000000001,0.14677948
-66.78,0.14676976
-66.79,0.14675993
-66.80000000000001,0.14675024
-66.81,0.14674038
-66.82000000000001,0.14673063
-66.83000000000001,0.14672089
-66.84,0.14671113
-66.85000000000001,0.14670134
-66.86,0.14669159
-66.87,0.14668183
-66.88000000000001,0.14667206
-66.89,0.14666227
-66.9,0.14665255
-66.91000000000001,0.14664283
-66.92,0.14663306
-66.93,0.14662334
-66.94000000000001,0.14661355
-66.95,0.1466038
-66.96000000000001,0.1465941
-66.97000000000001,0.14658435
-66.98,0.14657466
-66.99000000000001,0.1465649
-67.0,0.14655519
-67.01,0.1465455
-67.02000000000001,0.14653575
-67.03,0.14652607
-67.04,0.14651632
-67.05000000000001,0.14650658
-67.06,0.14649686
-67.07000000000001,0.1464872
-67.08000000000001,0.14647748
-67.09,0.14646779
-67.10000000000001,0.14645804
-67.11,0.1464484
-67.12,0.1464387
-67.13000000000001,0.146429
-67.14,0.14641932
-67.15,0.14640966
-67.16000000000001,0.14639997
-67.17,0.14639029
-67.18,0.1463806
-67.19000000000001,0.14637098
-67.2,0.14636129
-67.21000000000001,0.14635158
-67.22000000000001,0.14634195
-67.23,0.1463323
-67.24000000000001,0.1463227
-67.25,0.14631294
-67.26,0.14630336
-67.27000000000001,0.14629361
-67.28,0.1462841
-67.29,0.14627439
-67.30000000000001,0.14626478
-67.31,0.14625512
-67.32000000000001,0.14624551
-67.33000000000001,0.1462358
-67.34,0.14622629
-67.35000000000001,0.14621663
-67.36,0.14620695
-67.37,0.14619735
-67.38000000000001,0.14618775
-67.39,0.14617813
-67.4,0.14616846
-67.41000000000001,0.14615887
-67.42,0.1461493
-67.43,0.14613962
-67.44000000000001,0.14613008
-67.45,0.1461205
-67.46000000000001,0.14611089
-67.47000000000001,0.14610127
-67.48,0.14609171
-67.49000000000001,0.1460821
-67.5,0.1460725
-67.51,0.14606293
-67.52000000000001,0.14605337
-67.53,0.14604379
-67.54,0.14603427
-67.55000000000001,0.14602467
-67.56,0.14601508
-67.57000000000001,0.14600548
-67.58000000000001,0.14599594
-67.59,0.14598638
-67.60000000000001,0.14597684
-67.61,0.14596729
-67.62,0.14595774
-67.63000000000001,0.14594817
-67.64,0.14593863
-67.65,0.14592913
-67.66000000000001,0.14591947
-67.67,0.14591002
-67.68,0.1459004
-67.69000000000001,0.14589089
-67.7,0.14588141
-67.71000000000001,0.14587191
-67.72000000000001,0.14586237
-67.73,0.14585283
-67.74000000000001,0.1458433
-67.75,0.14583373
-67.76,0.14582422
-67.77000000000001,0.14581476
-67.78,0.14580524
-67.79,0.14579569
-67.80000000000001,0.14578623
-67.81,0.14577669
-67.82000000000001,0.14576727
-67.83000000000001,0.14575776
-67.84,0.1457482
-67.85000000000001,0.14573872
-67.86,0.14572927
-67.87,0.14571974
-67.88000000000001,0.14571029
-67.89,0.14570075
-67.9,0.14569134
-67.91000000000001,0.14568189
-67.92,0.14567238
-67.93,0.14566287
-67.94000000000001,0.1456534
-67.95,0.14564398
-67.96000000000001,0.1456345
-67.97000000000001,0.145625
-67.98,0.14561558
-67.99000000000001,0.14560607
-68.0,0.14559674
-68.01,0.1455872
-68.02000000000001,0.14557779
-68.03,0.1455684
-68.04,0.14555897
-68.05000000000001,0.14554949
-68.06,0.14554003
-68.07000000000001,0.14553058
-68.08000000000001,0.14552122
-68.09,0.14551175
-68.10000000000001,0.14550231
-68.11,0.14549296
-68.12,0.14548352
-68.13000000000001,0.1454741
-68.14,0.14546469
-68.15,0.14545527
-68.16000000000001,0.14544587
-68.17,0.14543653
-68.18,0.14542708
-68.19000000000001,0.14541766
-68.2,0.14540821
-68.21000000000001,0.14539886
-68.22000000000001,0.14538945
-68.23,0.1453801
-68.24000000000001,0.14537069
-68.25,0.14536136
-68.26,0.14535192
-68.27000000000001,0.14534256
-68.28,0.14533322
-68.29,0.14532384
-68.30000000000001,0.14531446
-68.31,0.14530507
-68.32000000000001,0.14529571
-68.33000000000001,0.14528629
-68.34,0.14527702
-68.35000000000001,0.14526764
-68.36000000000001,0.14525828
-68.37,0.14524892
-68.38000000000001,0.14523956
-68.39,0.1452303
-68.4,0.14522088
-68.41000000000001,0.1452115
-68.42,0.14520216
-68.43,0.14519285
-68.44000000000001,0.14518352
-68.45,0.14517419
-68.46000000000001,0.14516488
-68.47000000000001,0.14515555
-68.48,0.14514619
-68.49000000000001,0.1451369
-68.5,0.1451276
-68.51,0.14511824
-68.52000000000001,0.14510898
-68.53,0.14509964
-68.54,0.14509034
-68.55000000000001,0.14508107
-68.56,0.14507173
-68.57000000000001,0.14506245
-68.58000000000001,0.14505318
-68.59,0.14504385
-68.60000000000001,0.14503457
-68.61000000000001,0.14502525
-68.62,0.14501593
-68.63000000000001,0.14500664
-68.64,0.14499739
-68.65,0.14498815
-68.66000000000001,0.14497885
-68.67,0.14496963
-68.68,0.14496033
-68.69000000000001,0.14495105
-68.7,0.14494182
-68.71000000000001,0.14493254
-68.72000000000001,0.1449233
-68.73,0.144914
-68.74000000000001,0.14490476
-68.75,0.14489539
-68.76,0.14488629
-68.77000000000001,0.14487703
-68.78,0.14486778
-68.79,0.14485851
-68.80000000000001,0.14484935
-68.81,0.14484009
-68.82000000000001,0.14483082
-68.83000000000001,0.14482152
-68.84,0.14481243
-68.85000000000001,0.14480317
-68.86000000000001,0.14479387
-68.87,0.1447847
-68.88000000000001,0.1447755
-68.89,0.1447663
-68.9,0.14475703
-68.91000000000001,0.14474788
-68.92,0.14473861
-68.93,0.1447294
-68.94000000000001,0.14472021
-68.95,0.14471105
-68.96000000000001,0.1447018
-68.97000000000001,0.14469261
-68.98,0.14468342
-68.99000000000001,0.14467427
-69.0,0.14466509
-69.01,0.14465588
-69.02000000000001,0.14464661
-69.03,0.14463753
-69.04,0.14462832
-69.05000000000001,0.14461921
-69.06,0.14460999
-69.07000000000001,0.14460085
-69.08000000000001,0.14459169
-69.09,0.14458248
-69.10000000000001,0.14457338
-69.11000000000001,0.14456421
-69.12,0.14455503
-69.13000000000001,0.14454585
-69.14,0.14453673
-69.15,0.14452758
-69.16000000000001,0.14451842
-69.17,0.14450933
-69.18,0.14450012
-69.19000000000001,0.144491
-69.2,0.14448193
-69.21000000000001,0.14447272
-69.22000000000001,0.14446361
-69.23,0.14445448
-69.24000000000001,0.14444533
-69.25,0.14443627
-69.26,0.14442715
-69.27000000000001,0.14441799
-69.28,0.14440891
-69.29,0.14439975
-69.30000000000001,0.14439073
-69.31,0.14438157
-69.32000000000001,0.14437243
-69.33000000000001,0.14436333
-69.34,0.14435431
-69.35000000000001,0.14434516
-69.36000000000001,0.14433606
-69.37,0.14432693
-69.38000000000001,0.14431787
-69.39,0.1443088
-69.4,0.14429975
-69.41000000000001,0.14429067
-69.42,0.14428157
-69.43,0.14427245
-69.44000000000001,0.14426342
-69.45,0.14425431
-69.46000000000001,0.14424524
-69.47000000000001,0.14423616
-69.48,0.14422715
-69.49000000000001,0.14421812
-69.5,0.14420897
-69.51,0.14419991
-69.52000000000001,0.14419085
-69.53,0.14418188
-69.54,0.14417273
-69.55000000000001,0.1441637
-69.56,0.14415473
-69.57000000000001,0.14414564
-69.58000000000001,0.14413656
-69.59,0.14412755
-69.60000000000001,0.14411855
-69.61000000000001,0.14410952
-69.62,0.14410046
-69.63000000000001,0.14409143
-69.64,0.14408246
-69.65,0.14407344
-69.66000000000001,0.14406441
-69.67,0.14405543
-69.68,0.14404638
-69.69000000000001,0.14403738
-69.7,0.14402837
-69.71000000000001,0.14401937
-69.72000000000001,0.14401037
-69.73,0.14400133
-69.74000000000001,0.1439924
-69.75,0.14398335
-69.76,0.14397433
-69.77000000000001,0.14396536
-69.78,0.14395636
-69.79,0.14394742
-69.80000000000001,0.14393847
-69.81,0.14392945
-69.82000000000001,0.14392044
-69.83000000000001,0.1439114
-69.84,0.1439025
-69.85000000000001,0.14389351
-69.86000000000001,0.14388455
-69.87,0.14387555
-69.88000000000001,0.14386666
-69.89,0.14385772
-69.9,0.14384872
-69.91000000000001,0.14383978
-69.92,0.14383082
-69.93,0.14382184
-69.94000000000001,0.14381291
-69.95,0.14380398
-69.96000000000001,0.14379503
-69.97000000000001,0.14378603
-69.98,0.14377709
-69.99000000000001,0.14376822
-70.0,0.14375931
-70.01,0.14375034
-70.02000000000001,0.1437414
-70.03,0.14373249
-70.04,0.1437236
-70.05000000000001,0.14371467
-70.06,0.14370573
-70.07000000000001,0.14369684
-70.08000000000001,0.14368789
-70.09,0.143679
-70.10000000000001,0.1436701
-70.11000000000001,0.14366117
-70.12,0.14365232
-70.13000000000001,0.14364341
-70.14,0.14363444
-70.15,0.14362556
-70.16000000000001,0.1436167
-70.17,0.14360777
-70.18,0.14359885
-70.19000000000001,0.14358996
-70.2,0.14358109
-70.21000000000001,0.14357221
-70.22000000000001,0.14356336
-70.23,0.14355448
-70.24000000000001,0.14354561
-70.25,0.14353678
-70.26,0.14352785
-70.27000000000001,0.143519
-70.28,0.14351016
-70.29,0.14350122
-70.30000000000001,0.14349237
-70.31,0.14348355
-70.32000000000001,0.14347468
-70.33000000000001,0.14346582
-70.34,0.14345697
-70.35000000000001,0.1434482
-70.36000000000001,0.1434393
-70.37,0.14343047
-70.38000000000001,0.14342162
-70.39,0.14341277
-70.4,0.14340395
-70.41000000000001,0.14339516
-70.42,0.14338627
-70.43,0.14337748
-70.44000000000001,0.14336866
-70.45,0.14335978
-70.46000000000001,0.14335105
-70.47000000000001,0.1433422
-70.48,0.14333335
-70.49000000000001,0.14332452
-70.5,0.14331573
-70.51,0.14330699
-70.52000000000001,0.14329815
-70.53,0.14328927
-70.54,0.14328054
-70.55000000000001,0.14327174
-70.56,0.1432629
-70.57000000000001,0.14325413
-70.58000000000001,0.14324538
-70.59,0.14323658
-70.60000000000001,0.14322782
-70.61000000000001,0.14321901
-70.62,0.14321019
-70.63000000000001,0.14320144
-70.64,0.14319266
-70.65,0.14318383
-70.66000000000001,0.14317511
-70.67,0.14316633
-70.68,0.14315757
-70.69000000000001,0.14314884
-70.7,0.14314005
-70.71000000000001,0.14313132
-70.72000000000001,0.14312246
-70.73,0.14311376
-70.74000000000001,0.14310502
-70.75,0.14309624
-70.76,0.14308754
-70.77000000000001,0.1430788
-70.78,0.14307007
-70.79,0.14306128
-70.80000000000001,0.14305256
-70.81,0.14304388
-70.82000000000001,0.14303511
-70.83000000000001,0.14302637
-70.84,0.14301765
-70.85000000000001,0.14300893
-70.86000000000001,0.1430002
-70.87,0.14299148
-70.88000000000001,0.14298274
-70.89,0.14297402
-70.9,0.14296529
-70.91000000000001,0.1429566
-70.92,0.14294788
-70.93,0.1429392
-70.94000000000001,0.14293046
-70.95,0.1429218
-70.96000000000001,0.14291304
-70.97000000000001,0.14290443
-70.98,0.14289567
-70.99000000000001,0.14288703
-71.0,0.1428783
-71.01,0.14286962
-71.02000000000001,0.14286095
-71.03,0.14285222
-71.04,0.14284359
-71.05000000000001,0.1428349
-71.06,0.1428262
-71.07000000000001,0.14281753
-71.08000000000001,0.14280894
-71.09,0.14280015
-71.10000000000001,0.14279155
-71.11000000000001,0.1427829
-71.12,0.14277421
-71.13000000000001,0.14276555
-71.14,0.14275691
-71.15,0.14274827
-71.16000000000001,0.1427396
-71.17,0.14273095
-71.18,0.14272231
-71.19000000000001,0.1427137
-71.2,0.14270502
-71.21000000000001,0.14269638
-71.22000000000001,0.14268774
-71.23,0.14267913
-71.24000000000001,0.14267042
-71.25,0.14266175
-71.26,0.1426532
-71.27000000000001,0.14264466
-71.28,0.142636
-71.29,0.14262733
-71.30000000000001,0.14261878
-71.31,0.1426101
-71.32000000000001,0.14260152
-71.33000000000001,0.14259288
-71.34,0.14258425
-71.35000000000001,0.14257568
-71.36000000000001,0.14256705
-71.37,0.14255852
-71.38000000000001,0.14254987
-71.39,0.14254121
-71.4,0.1425327
-71.41000000000001,0.1425241
-71.42,0.14251548
-71.43,0.14250687
-71.44000000000001,0.14249834
-71.45,0.14248978
-71.46000000000001,0.14248115
-71.47000000000001,0.1424726
-71.48,0.14246395
-71.49000000000001,0.14245543
-71.5,0.14244683
-71.51,0.14243828
-71.52000000000001,0.14242968
-71.53,0.1424212
-71.54,0.1424126
-71.55000000000001,0.14240396
-71.56,0.14239545
-71.57000000000001,0.1423869
-71.58000000000001,0.14237835
-71.59,0.1423698
-71.60000000000001,0.14236128
-71.61000000000001,0.14235274
-71.62,0.14234418
-71.63000000000001,0.14233564
-71.64,0.1423271
-71.65,0.14231852
-71.66000000000001,0.14231001
-71.67,0.14230147
-71.68,0.14229298
-71.69000000000001,0.14228442
-71.7,0.14227593
-71.71000000000001,0.1422674
-71.72000000000001,0.14225885
-71.73,0.14225036
-71.74000000000001,0.1422418
-71.75,0.1422333
-71.76,0.14222477
-71.77000000000001,0.14221627
-71.78,0.1422078
-71.79,0.14219928
-71.80000000000001,0.1421908
-71.81,0.14218232
-71.82000000000001,0.14217374
-71.83000000000001,0.14216535
-71.84,0.14215681
-71.85000000000001,0.14214835
-71.86000000000001,0.14213984
-71.87,0.1421313
-71.88000000000001,0.1421229
-71.89,0.1421144
-71.9,0.14210592
-71.91000000000001,0.14209746
-71.92,0.14208898
-71.93,0.14208049
-71.94000000000001,0.14207199
-71.95,0.14206357
-71.96000000000001,0.14205512
-71.97000000000001,0.14204663
-71.98,0.14203814
-71.99000000000001,0.14202964
-72.0,0.14202127
-72.01,0.14201272
-72.02000000000001,0.14200433
-72.03,0.1419959
-72.04,0.14198743
-72.05000000000001,0.14197898
-72.06,0.14197053
-72.07000000000001,0.14196211
-72.08000000000001,0.1419537
-72.09,0.14194527
-72.10000000000001,0.14193684
-72.11000000000001,0.1419284
-72.12,0.14191997
-72.13000000000001,0.14191158
-72.14,0.1419031
-72.15,0.1418947
-72.16000000000001,0.1418863
-72.17,0.1418778
-72.18,0.14186946
-72.19000000000001,0.14186096
-72.2,0.1418526
-72.21000000000001,0.14184418
-72.22000000000001,0.14183581
-72.23,0.14182746
-72.24000000000001,0.141819
-72.25,0.1418106
-72.26,0.14180218
-72.27000000000001,0.14179382
-72.28,0.14178547
-72.29,0.14177708
-72.30000000000001,0.1417686
-72.31,0.14176029
-72.32000000000001,0.1417519
-72.33000000000001,0.14174351
-72.34,0.14173508
-72.35000000000001,0.14172678
-72.36000000000001,0.14171836
-72.37,0.14171004
-72.38000000000001,0.14170167
-72.39,0.14169326
-72.4,0.14168489
-72.41000000000001,0.14167656
-72.42,0.14166814
-72.43,0.14165983
-72.44000000000001,0.14165142
-72.45,0.14164314
-72.46000000000001,0.1416348
-72.47000000000001,0.14162645
-72.48,0.14161807
-72.49000000000001,0.14160976
-72.5,0.14160144
-72.51,0.14159307
-72.52000000000001,0.14158475
-72.53,0.1415764
-72.54,0.14156802
-72.55000000000001,0.14155972
-72.56,0.14155138
-72.57000000000001,0.14154299
-72.58000000000001,0.14153472
-72.59,0.14152643
-72.60000000000001,0.14151806
-72.61000000000001,0.14150974
-72.62,0.14150146
-72.63000000000001,0.14149314
-72.64,0.14148486
-72.65,0.14147647
-72.66000000000001,0.14146823
-72.67,0.14145997
-72.68,0.1414516
-72.69000000000001,0.14144331
-72.7,0.14143506
-72.71000000000001,0.1414268
-72.72000000000001,0.1414184
-72.73,0.14141011
-72.74000000000001,0.14140189
-72.75,0.14139357
-72.76,0.14138532
-72.77000000000001,0.14137697
-72.78,0.14136875
-72.79,0.14136045
-72.80000000000001,0.14135215
-72.81,0.1413439
-72.82000000000001,0.14133567
-72.83000000000001,0.14132734
-72.84,0.14131913
-72.85000000000001,0.14131084
-72.86000000000001,0.14130259
-72.87,0.14129433
-72.88000000000001,0.14128608
-72.89,0.14127785
-72.9,0.14126958
-72.91000000000001,0.14126132
-72.92,0.14125308
-72.93,0.14124483
-72.94000000000001,0.14123662
-72.95,0.14122835
-72.96000000000001,0.14122017
-72.97000000000001,0.14121184
-72.98,0.14120364
-72.99000000000001,0.1411954
-73.0,0.14118718
-73.01,0.1411789
-73.02000000000001,0.14117077
-73.03,0.14116251
-73.04,0.14115429
-73.05000000000001,0.14114605
-73.06,0.14113782
-73.07000000000001,0.14112964
-73.08000000000001,0.14112139
-73.09,0.14111328
-73.10000000000001,0.14110506
-73.11000000000001,0.1410968
-73.12,0.1410886
-73.13000000000001,0.14108041
-73.14,0.14107223
-73.15,0.14106406
-73.16000000000001,0.14105584
-73.17,0.1410476
-73.18,0.14103943
-73.19000000000001,0.14103128
-73.2,0.14102304
-73.21000000000001,0.14101489
-73.22000000000001,0.14100671
-73.23,0.14099851
-73.24000000000001,0.14099038
-73.25,0.14098221
-73.26,0.140974
-73.27000000000001,0.14096586
-73.28,0.14095765
-73.29,0.14094955
-73.30000000000001,0.14094132
-73.31,0.14093319
-73.32000000000001,0.14092508
-73.33000000000001,0.14091682
-73.34,0.14090869
-73.35000000000001,0.14090058
-73.36000000000001,0.14089239
-73.37,0.14088424
-73.38000000000001,0.14087608
-73.39,0.14086795
-73.4,0.14085978
-73.41000000000001,0.1408517
-73.42,0.14084357
-73.43,0.14083537
-73.44000000000001,0.14082731
-73.45,0.1408191
-73.46000000000001,0.14081106
-73.47000000000001,0.14080285
-73.48,0.14079477
-73.49000000000001,0.14078666
-73.5,0.14077853
-73.51,0.14077038
-73.52000000000001,0.1407623
-73.53,0.14075422
-73.54,0.14074607
-73.55000000000001,0.14073798
-73.56,0.14072984
-73.57000000000001,0.14072174
-73.58000000000001,0.14071365
-73.59,0.14070553
-73.60000000000001,0.14069742
-73.61000000000001,0.1406893
-73.62,0.14068122
-73.63000000000001,0.1406731
-73.64,0.14066508
-73.65,0.14065696
-73.66000000000001,0.14064892
-73.67,0.14064083
-73.68,0.1406327
-73.69000000000001,0.14062469
-73.7,0.14061663
-73.71000000000001,0.14060855
-73.72000000000001,0.14060044
-73.73,0.14059238
-73.74000000000001,0.14058433
-73.75,0.14057621
-73.76,0.14056823
-73.77000000000001,0.14056014
-73.78,0.14055201
-73.79,0.14054403
-73.80000000000001,0.14053592
-73.81,0.14052787
-73.82000000000001,0.14051983
-73.83000000000001,0.14051178
-73.84,0.14050378
-73.85000000000001,0.14049575
-73.86000000000001,0.14048764
-73.87,0.14047965
-73.88000000000001,0.14047158
-73.89,0.14046355
-73.9,0.14045548
-73.91000000000001,0.14044744
-73.92,0.14043945
-73.93,0.14043139
-73.94000000000001,0.1404234
-73.95,0.14041539
-73.96000000000001,0.14040732
-73.97000000000001,0.14039934
-73.98,0.14039132
-73.99000000000001,0.1403833
-74.0,0.14037529
-74.01,0.14036733
-74.02000000000001,0.14035933
-74.03,0.14035124
-74.04,0.14034328
-74.05000000000001,0.14033525
-74.06,0.14032724
-74.07000000000001,0.14031923
-74.08000000000001,0.1403113
-74.09,0.14030327
-74.10000000000001,0.14029527
-74.11000000000001,0.14028732
-74.12,0.14027932
-74.13000000000001,0.1402713
-74.14,0.14026332
-74.15,0.14025539
-74.16000000000001,0.14024737
-74.17,0.1402394
-74.18,0.14023143
-74.19000000000001,0.1402235
-74.2,0.14021552
-74.21000000000001,0.14020759
-74.22000000000001,0.14019959
-74.23,0.14019161
-74.24000000000001,0.14018369
-74.25,0.1401757
-74.26,0.14016774
-74.27000000000001,0.14015976
-74.28,0.1401518
-74.29,0.14014387
-74.30000000000001,0.14013591
-74.31,0.14012797
-74.32000000000001,0.14012
-74.33000000000001,0.14011207
-74.34,0.14010417
-74.35000000000001,0.14009625
-74.36000000000001,0.14008825
-74.37,0.1400803
-74.38000000000001,0.14007244
-74.39,0.14006448
-74.4,0.14005655
-74.41000000000001,0.1400486
-74.42,0.14004073
-74.43,0.1400328
-74.44000000000001,0.14002487
-74.45,0.14001693
-74.46000000000001,0.14000899
-74.47000000000001,0.14000112
-74.48,0.13999322
-74.49000000000001,0.13998526
-74.5,0.13997741
-74.51,0.13996945
-74.52000000000001,0.13996157
-74.53,0.13995369
-74.54,0.13994578
-74.55000000000001,0.13993794
-74.56,0.13993
-74.57000000000001,0.13992205
-74.58000000000001,0.13991423
-74.59,0.1399063
-74.60000000000001,0.13989842
-74.61000000000001,0.13989052
-74.62,0.13988261
-74.63000000000001,0.13987482
-74.64,0.13986689
-74.65,0.13985907
-74.66000000000001,0.13985115
-74.67,0.13984327
-74.68,0.13983537
-74.69000000000001,0.13982749
-74.7,0.13981974
-74.71000000000001,0.13981186
-74.72000000000001,0.13980395
-74.73,0.13979605
-74.74000000000001,0.1397883
-74.75,0.1397804
-74.76,0.13977253
-74.77000000000001,0.13976476
-74.78,0.13975689
-74.79,0.13974899
-74.80000000000001,0.13974112
-74.81,0.13973333
-74.82000000000001,0.13972545
-74.83000000000001,0.13971761
-74.84,0.13970974
-74.85000000000001,0.13970199
-74.86000000000001,0.13969406
-74.87,0.13968632
-74.88000000000001,0.13967848
-74.89,0.13967066
-74.9,0.1396628
-74.91000000000001,0.13965502
-74.92,0.13964719
-74.93,0.1396394
-74.94000000000001,0.13963152
-74.95,0.13962376
-74.96000000000001,0.13961595
-74.97000000000001,0.13960813
-74.98,0.13960037
-74.99000000000001,0.1395925
-75.0,0.13958474
-75.01,0.13957696
-75.02000000000001,0.13956913
-75.03,0.13956133
-75.04,0.13955355
-75.05000000000001,0.13954571
-75.06,0.13953799
-75.07000000000001,0.13953024
-75.08000000000001,0.13952237
-75.09,0.13951463
-75.10000000000001,0.13950679
-75.11000000000001,0.13949904
-75.12,0.13949123
-75.13000000000001,0.13948342
-75.14,0.1394757
-75.15,0.13946795
-75.16000000000001,0.13946012
-75.17,0.13945237
-75.18,0.13944465
-75.19000000000001,0.13943683
-75.2,0.13942906
-75.21000000000001,0.13942131
-75.22000000000001,0.13941357
-75.23,0.13940582
-75.24000000000001,0.13939807
-75.25,0.13939032
-75.26,0.1393826
-75.27000000000001,0.13937484
-75.28,0.13936716
-75.29,0.13935933
-75.30000000000001,0.1393516
-75.31,0.13934383
-75.32000000000001,0.13933614
-75.33000000000001,0.13932839
-75.34,0.13932064
-75.35000000000001,0.1393129
-75.36000000000001,0.13930519
-75.37,0.13929743
-75.38000000000001,0.13928974
-75.39,0.13928196
-75.4,0.1392743
-75.41000000000001,0.13926652
-75.42,0.13925886
-75.43,0.13925116
-75.44000000000001,0.13924341
-75.45,0.13923573
-75.46000000000001,0.13922802
-75.47000000000001,0.13922027
-75.48,0.1392126
-75.49000000000001,0.13920489
-75.5,0.13919716
-75.51,0.13918948
-75.52000000000001,0.13918182
-75.53,0.1391741
-75.54,0.13916643
-75.55000000000001,0.13915871
-75.56,0.13915105
-75.57000000000001,0.13914339
-75.58000000000001,0.13913563
-75.59,0.13912797
-75.60000000000001,0.13912034
-75.61000000000001,0.13911265
-75.62,0.13910492
-75.63000000000001,0.13909726
-75.64,0.13908952
-75.65,0.13908193
-75.66000000000001,0.13907424
-75.67,0.1390666
-75.68,0.13905892
-75.69000000000001,0.13905129
-75.7,0.13904363
-75.71000000000001,0.13903597
-75.72000000000001,0.13902828
-75.73,0.13902062
-75.74000000000001,0.13901296
-75.75,0.13900533
-75.76,0.13899761
-75.77000000000001,0.1389901
-75.78,0.13898239
-75.79,0.13897474
-75.80000000000001,0.13896708
-75.81,0.13895947
-75.82000000000001,0.13895181
-75.83000000000001,0.13894421
-75.84,0.13893658
-75.85000000000001,0.13892892
-75.86000000000001,0.13892135
-75.87,0.1389137
-75.88000000000001,0.13890606
-75.89,0.1388984
-75.9,0.13889071
-75.91000000000001,0.13888323
-75.92,0.13887559
-75.93,0.13886796
-75.94000000000001,0.13886037
-75.95,0.13885276
-75.96000000000001,0.13884519
-75.97000000000001,0.13883755
-75.98,0.13882992
-75.99000000000001,0.1388223
-76.0,0.13881475
-76.01,0.13880709
-76.02000000000001,0.13879952
-76.03,0.13879189
-76.04,0.13878435
-76.05000000000001,0.13877678
-76.06,0.13876912
-76.07000000000001,0.1387616
-76.08000000000001,0.138754
-76.09,0.13874641
-76.10000000000001,0.13873881
-76.11000000000001,0.13873124
-76.12,0.13872367
-76.13000000000001,0.13871607
-76.14,0.13870847
-76.15,0.13870093
-76.16000000000001,0.1386933
-76.17,0.13868575
-76.18,0.13867822
-76.19000000000001,0.1386707
-76.2,0.13866314
-76.21000000000001,0.1386555
-76.22000000000001,0.13864797
-76.23,0.13864046
-76.24000000000001,0.13863292
-76.25,0.13862532
-76.26,0.13861784
-76.27000000000001,0.13861023
-76.28,0.13860273
-76.29,0.13859513
-76.30000000000001,0.13858761
-76.31,0.1385801
-76.32000000000001,0.13857256
-76.33000000000001,0.138565
-76.34,0.13855751
-76.35000000000001,0.13854992
-76.36000000000001,0.13854235
-76.37,0.13853481
-76.38000000000001,0.1385273
-76.39,0.13851982
-76.4,0.13851228
-76.41000000000001,0.1385048
-76.42,0.13849725
-76.43,0.13848975
-76.44000000000001,0.1384822
-76.45,0.13847473
-76.46000000000001,0.13846722
-76.47000000000001,0.13845977
-76.48,0.13845223
-76.49000000000001,0.1384447
-76.5,0.13843721
-76.51,0.13842975
-76.52000000000001,0.13842225
-76.53,0.13841471
-76.54,0.13840723
-76.55000000000001,0.13839968
-76.56,0.13839222
-76.57000000000001,0.1383847
-76.58000000000001,0.13837725
-76.59,0.13836971
-76.60000000000001,0.13836229
-76.61000000000001,0.13835485
-76.62,0.13834733
-76.63000000000001,0.13833983
-76.64,0.1383324
-76.65,0.1383249
-76.66000000000001,0.13831744
-76.67,0.13830996
-76.68,0.13830245
-76.69000000000001,0.13829502
-76.7,0.13828756
-76.71000000000001,0.13828003
-76.72000000000001,0.13827264
-76.73,0.13826513
-76.74000000000001,0.1382577
-76.75,0.13825026
-76.76,0.13824278
-76.77000000000001,0.13823533
-76.78,0.1382279
-76.79,0.13822046
-76.80000000000001,0.138213
-76.81,0.13820559
-76.82000000000001,0.13819811
-76.83000000000001,0.13819066
-76.84,0.1381833
-76.85000000000001,0.13817582
-76.86000000000001,0.13816838
-76.87,0.13816097
-76.88000000000001,0.1381535
-76.89,0.13814616
-76.9,0.13813865
-76.91000000000001,0.13813125
-76.92,0.13812381
-76.93,0.13811639
-76.94000000000001,0.13810895
-76.95,0.1381016
-76.96000000000001,0.13809419
-76.97000000000001,0.13808678
-76.98,0.13807932
-76.99000000000001,0.13807194
-77.0,0.13806452
-77.01,0.13805711
-77.02000000000001,0.13804966
-77.03,0.13804233
-77.04,0.13803497
-77.05000000000001,0.13802752
-77.06,0.13802013
-77.07000000000001,0.13801275
-77.08000000000001,0.13800538
-77.09,0.13799793
-77.10000000000001,0.13799056
-77.11000000000001,0.13798319
-77.12,0.13797584
-77.13000000000001,0.13796836
-77.14,0.13796106
-77.15,0.13795367
-77.16000000000001,0.1379463
-77.17,0.13793895
-77.18,0.13793159
-77.19000000000001,0.13792416
-77.2,0.1379168
-77.21000000000001,0.13790946
-77.22000000000001,0.13790214
-77.23,0.13789469
-77.24000000000001,0.13788736
-77.25,0.13787997
-77.26,0.13787264
-77.27000000000001,0.13786529
-77.28,0.13785794
-77.29,0.13785061
-77.30000000000001,0.13784325
-77.31,0.13783589
-77.32000000000001,0.13782859
-77.33000000000001,0.1378212
-77.34,0.13781387
-77.35000000000001,0.1378065
-77.36000000000001,0.13779917
-77.37,0.13779187
-77.38000000000001,0.13778457
-77.39,0.13777724
-77.4,0.13776986
-77.41000000000001,0.13776252
-77.42,0.13775524
-77.43,0.13774791
-77.44000000000001,0.13774052
-77.45,0.13773322
-77.46000000000001,0.13772592
-77.47000000000001,0.13771859
-77.48,0.13771127
-77.49000000000001,0.13770401
-77.5,0.13769668
-77.51,0.13768934
-77.52000000000001,0.13768208
-77.53,0.13767475
-77.54,0.13766742
-77.55000000000001,0.13766015
-77.56,0.13765284
-77.57000000000001,0.13764557
-77.58000000000001,0.13763824
-77.59,0.13763098
-77.60000000000001,0.13762367
-77.61000000000001,0.13761629
-77.62,0.1376091
-77.63000000000001,0.1376018
-77.64,0.13759449
-77.65,0.13758716
-77.66000000000001,0.13757998
-77.67,0.13757269
-77.68,0.13756543
-77.69000000000001,0.1375581
-77.7,0.13755083
-77.71000000000001,0.13754353
-77.72000000000001,0.13753629
-77.73,0.13752908
-77.74000000000001,0.1375218
-77.75,0.1375145
-77.76,0.13750732
-77.77000000000001,0.13749999
-77.78,0.13749276
-77.79,0.13748543
-77.80000000000001,0.1374782
-77.81,0.13747096
-77.82000000000001,0.1374637
-77.83000000000001,0.13745648
-77.84,0.1374492
-77.85000000000001,0.13744193
-77.86000000000001,0.13743469
-77.87,0.13742748
-77.88000000000001,0.1374202
-77.89,0.13741301
-77.9,0.13740574
-77.91000000000001,0.13739851
-77.92,0.1373913
-77.93,0.13738397
-77.94000000000001,0.13737674
-77.95,0.13736957
-77.96000000000001,0.13736233
-77.97000000000001,0.13735509
-77.98,0.13734785
-77.99000000000001,0.1373407
-78.0,0.1373335
-78.01,0.13732629
-78.02000000000001,0.13731906
-78.03,0.13731185
-78.04,0.13730459
-78.05000000000001,0.13729736
-78.06,0.13729021
-78.07000000000001,0.13728298
-78.08000000000001,0.13727577
-78.09,0.13726863
-78.10000000000001,0.13726136
-78.11000000000001,0.13725422
-78.12,0.13724704
-78.13000000000001,0.13723984
-78.14,0.13723265
-78.15,0.1372254
-78.16000000000001,0.13721822
-78.17,0.13721108
-78.18,0.13720384
-78.19000000000001,0.13719669
-78.2,0.13718945
-78.21000000000001,0.13718233
-78.22000000000001,0.13717517
-78.23,0.13716796
-78.24000000000001,0.13716082
-78.25,0.13715363
-78.26,0.13714647
-78.27000000000001,0.13713929
-78.28,0.13713208
-78.29,0.13712493
-78.30000000000001,0.1371178
-78.31,0.13711064
-78.32000000000001,0.13710348
-78.33000000000001,0.1370963
-78.34,0.13708915
-78.35000000000001,0.13708198
-78.36000000000001,0.13707484
-78.37,0.13706766
-78.38000000000001,0.13706055
-78.39,0.13705342
-78.4,0.13704625
-78.41000000000001,0.13703908
-78.42,0.137032
-78.43,0.13702485
-78.44000000000001,0.1370177
-78.45,0.13701057
-78.46000000000001,0.13700345
-78.47000000000001,0.1369963
-78.48,0.13698918
-78.49000000000001,0.13698208
-78.5,0.13697493
-78.51,0.1369678
-78.52000000000001,0.13696067
-78.53,0.13695352
-78.54,0.13694641
-78.55000000000001,0.13693932
-78.56,0.13693216
-78.57000000000001,0.13692507
-78.58000000000001,0.13691798
-78.59,0.13691081
-78.60000000000001,0.1369037
-78.61000000000001,0.13689655
-78.62,0.13688952
-78.63000000000001,0.13688242
-78.64,0.1368753
-78.65,0.13686824
-78.66000000000001,0.13686112
-78.67,0.13685398
-78.68,0.13684696
-78.69000000000001,0.13683982
-78.7,0.13683271
-78.71000000000001,0.13682565
-78.72000000000001,0.13681859
-78.73,0.13681147
-78.74000000000001,0.13680434
-78.75,0.13679735
-78.76,0.13679025
-78.77000000000001,0.13678318
-78.78,0.13677606
-78.79,0.13676901
-78.80000000000001,0.13676195
-78.81,0.13675493
-78.82000000000001,0.1367478
-78.83000000000001,0.13674071
-78.84,0.13673368
-78.85000000000001,0.13672659
-78.86000000000001,0.1367195
-78.87,0.13671246
-78.88000000000001,0.13670541
-78.89,0.13669834
-78.9,0.13669133
-78.91000000000001,0.13668424
-78.92,0.13667713
-78.93,0.13667014
-78.94000000000001,0.13666311
-78.95,0.13665605
-78.96000000000001,0.13664903
-78.97000000000001,0.13664192
-78.98,0.1366349
-78.99000000000001,0.13662785
-79.0,0.13662083
-79.01,0.13661379
-79.02000000000001,0.13660677
-79.03,0.13659976
-79.04,0.13659272
-79.05000000000001,0.13658568
-79.06,0.13657871
-79.07000000000001,0.13657168
-79.08000000000001,0.13656463
-79.09,0.13655762
-79.10000000000001,0.13655058
-79.11000000000001,0.13654356
-79.12,0.13653657
-79.13000000000001,0.13652956
-79.14,0.13652252
-79.15,0.13651553
-79.16000000000001,0.1365085
-79.17,0.13650149
-79.18,0.13649453
-79.19000000000001,0.13648747
-79.2,0.13648048
-79.21000000000001,0.13647354
-79.22000000000001,0.1364665
-79.23,0.13645943
-79.24000000000001,0.13645245
-79.25,0.13644543
-79.26,0.1364385
-79.27000000000001,0.13643152
-79.28,0.13642451
-79.29,0.13641755
-79.30000000000001,0.13641062
-79.31,0.13640365
-79.32000000000001,0.13639656
-79.33000000000001,0.13638964
-79.34,0.13638268
-79.35000000000001,0.13637573
-79.36000000000001,0.13636872
-79.37,0.13636172
-79.38000000000001,0.13635477
-79.39,0.1363478
-79.4,0.1363409
-79.41000000000001,0.13633381
-79.42,0.13632691
-79.43,0.1363199
-79.44000000000001,0.13631296
-79.45,0.13630603
-79.46000000000001,0.13629907
-79.47000000000001,0.13629213
-79.48,0.13628513
-79.49000000000001,0.1362782
-79.5,0.13627121
-79.51,0.13626435
-79.52000000000001,0.13625738
-79.53,0.13625038
-79.54,0.13624346
-79.55000000000001,0.13623649
-79.56,0.1362296
-79.57000000000001,0.13622269
-79.58000000000001,0.13621573
-79.59,0.1362088
-79.60000000000001,0.13620183
-79.61000000000001,0.13619493
-79.62,0.13618797
-79.63000000000001,0.13618112
-79.64,0.13617417
-79.65,0.13616726
-79.66000000000001,0.1361603
-79.67,0.13615343
-79.68,0.13614647
-79.69000000000001,0.13613954
-79.7,0.1361326
-79.71000000000001,0.13612577
-79.72000000000001,0.13611886
-79.73,0.1361119
-79.74000000000001,0.13610506
-79.75,0.13609809
-79.76,0.13609119
-79.77000000000001,0.13608432
-79.78,0.13607737
-79.79,0.13607047
-79.80000000000001,0.13606359
-79.81,0.13605665
-79.82000000000001,0.13604982
-79.83000000000001,0.13604288
-79.84,0.13603598
-79.85000000000001,0.13602915
-79.86000000000001,0.13602218
-79.87,0.13601539
-79.88000000000001,0.13600847
-79.89,0.13600165
-79.9,0.13599467
-79.91000000000001,0.1359878
-79.92,0.13598098
-79.93,0.13597412
-79.94000000000001,0.13596728
-79.95,0.1359603
-79.96000000000001,0.13595353
-79.97000000000001,0.13594665
-79.98,0.13593978
-79.99000000000001,0.13593286
-80.0,0.13592607
-80.01,0.13591915
-80.02000000000001,0.13591236
-80.03,0.13590544
-80.04,0.13589859
-80.05000000000001,0.13589177
-80.06,0.13588491
-80.07000000000001,0.13587804
-80.08000000000001,0.13587117
-80.09,0.13586429
-80.10000000000001,0.13585746
-80.11000000000001,0.13585064
-80.12,0.1358438
-80.13000000000001,0.13583699
-80.14,0.13583013
-80.15,0.13582331
-80.16000000000001,0.13581643
-80.17,0.1358096
-80.18,0.1358028
-80.19000000000001,0.1357959
-80.2,0.13578913
-80.21000000000001,0.13578224
-80.22000000000001,0.1357755
-80.23,0.13576862
-80.24000000000001,0.13576189
-80.25,0.135755
-80.26,0.13574824
-80.27000000000001,0.13574135
-80.28,0.13573456
-80.29,0.13572773
-80.30000000000001,0.13572097
-80.31,0.13571419
-80.32000000000001,0.13570735
-80.33000000000001,0.13570055
-80.34,0.13569371
-80.35000000000001,0.13568693
-80.36000000000001,0.13568011
-80.37,0.13567334
-80.38000000000001,0.1356665
-80.39,0.13565975
-80.4,0.13565293
-80.41000000000001,0.1356461
-80.42,0.13563931
-80.43,0.13563251
-80.44000000000001,0.13562572
-80.45,0.135619
-80.46000000000001,0.13561219
-80.47000000000001,0.13560537
-80.48,0.13559863
-80.49000000000001,0.13559186
-80.5,0.1355851
-80.51,0.13557827
-80.52000000000001,0.13557152
-80.53,0.13556474
-80.54,0.13555798
-80.55000000000001,0.13555115
-80.56,0.13554439
-80.57000000000001,0.13553768
-80.58000000000001,0.13553083
-80.59,0.13552415
-80.60000000000001,0.13551739
-80.61000000000001,0.13551062
-80.62,0.13550386
-80.63000000000001,0.1354971
-80.64,0.13549033
-80.65,0.13548365
-80.66000000000001,0.13547686
-80.67,0.13547015
-80.68,0.13546331
-80.69000000000001,0.13545668
-80.7,0.13544992
-80.71000000000001,0.13544318
-80.72000000000001,0.1354364
-80.73,0.13542967
-80.74000000000001,0.13542295
-80.75,0.1354162
-80.76,0.13540944
-80.77000000000001,0.13540274
-80.78,0.135396
-80.79,0.13538927
-80.80000000000001,0.13538256
-80.81,0.13537577
-80.82000000000001,0.13536912
-80.83000000000001,0.13536239
-80.84,0.13535568
-80.85000000000001,0.13534896
-80.86000000000001,0.13534223
-80.87,0.1353355
-80.88000000000001,0.1353288
-80.89,0.13532206
-80.9,0.13531546
-80.91000000000001,0.13530871
-80.92,0.13530195
-80.93,0.13529527
-80.94000000000001,0.1352885
-80.95,0.13528183
-80.96000000000001,0.13527516
-80.97000000000001,0.13526851
-80.98,0.13526173
-80.99000000000001,0.13525505
-81.0,0.13524836
-81.01,0.13524166
-81.02000000000001,0.13523494
-81.03,0.1352283
-81.04,0.13522163
-81.05000000000001,0.1352149
-81.06,0.13520822
-81.07000000000001,0.13520157
-81.08000000000001,0.13519485
-81.09,0.13518819
-81.10000000000001,0.13518152
-81.11000000000001,0.1351749
-81.12,0.13516822
-81.13000000000001,0.13516147
-81.14,0.13515478
-81.15,0.13514817
-81.16000000000001,0.13514149
-81.17,0.1351348
-81.18,0.13512817
-81.19000000000001,0.1351215
-81.2,0.13511483
-81.21000000000001,0.13510823
-81.22000000000001,0.13510153
-81.23,0.13509485
-81.24000000000001,0.13508822
-81.25,0.13508153
-81.26,0.13507491
-81.27000000000001,0.1350683
-81.28,0.13506159
-81.29,0.13505499
-81.30000000000001,0.13504827
-81.31,0.13504168
-81.32000000000001,0.13503504
-81.33000000000001,0.13502842
-81.34,0.13502173
-81.35000000000001,0.13501519
-81.36000000000001,0.13500851
-81.37,0.13500182
-81.38000000000001,0.13499522
-81.39,0.1349886
-81.4,0.13498199
-81.41000000000001,0.13497537
-81.42,0.13496873
-81.43,0.13496214
-81.44000000000001,0.13495544
-81.45,0.13494885
-81.46000000000001,0.13494219
-81.47000000000001,0.13493565
-81.48,0.13492903
-81.49000000000001,0.13492236
-81.5,0.1349158
-81.51,0.13490918
-81.52000000000001,0.13490257
-81.53,0.13489595
-81.54,0.1348893
-81.55000000000001,0.13488275
-81.56,0.13487613
-81.57000000000001,0.13486955
-81.58000000000001,0.13486299
-81.59,0.13485634
-81.60000000000001,0.13484973
-81.61000000000001,0.13484313
-81.62,0.13483657
-81.63000000000001,0.13483
-81.64,0.13482343
-81.65,0.13481683
-81.66000000000001,0.13481022
-81.67,0.13480362
-81.68,0.13479702
-81.69000000000001,0.1347905
-81.7,0.13478392
-81.71000000000001,0.13477734
-81.72000000000001,0.13477075
-81.73,0.13476415
-81.74000000000001,0.13475761
-81.75,0.13475108
-81.76,0.13474447
-81.77000000000001,0.13473788
-81.78,0.13473135
-81.79,0.13472477
-81.80000000000001,0.13471818
-81.81,0.13471162
-81.82000000000001,0.1347051
-81.83000000000001,0.13469851
-81.84,0.13469195
-81.85000000000001,0.1346854
-81.86000000000001,0.13467881
-81.87,0.13467234
-81.88000000000001,0.13466579
-81.89,0.13465917
-81.9,0.13465264
-81.91000000000001,0.13464615
-81.92,0.13463956
-81.93,0.13463299
-81.94000000000001,0.13462648
-81.95,0.13461995
-81.96000000000001,0.13461345
-81.97000000000001,0.13460684
-81.98,0.13460031
-81.99000000000001,0.13459383
-82.0,0.13458729
-82.01,0.13458073
-82.02000000000001,0.13457432
-82.03,0.13456771
-82.04,0.13456118
-82.05000000000001,0.1345546
-82.06,0.13454822
-82.07000000000001,0.13454157
-82.08000000000001,0.13453512
-82.09,0.13452859
-82.10000000000001,0.13452205
-82.11000000000001,0.13451561
-82.12,0.13450903
-82.13000000000001,0.13450254
-82.14,0.134496
-82.15,0.13448954
-82.16000000000001,0.134483
-82.17,0.13447651
-82.18,0.13446999
-82.19000000000001,0.1344635
-82.2,0.13445696
-82.21000000000001,0.13445051
-82.22000000000001,0.13444403
-82.23,0.13443753
-82.24000000000001,0.134431
-82.25,0.13442454
-82.26,0.13441798
-82.27000000000001,0.13441154
-82.28,0.13440508
-82.29,0.13439858
-82.30000000000001,0.13439211
-82.31,0.1343856
-82.32000000000001,0.13437912
-82.33000000000001,0.13437268
-82.34,0.13436618
-82.35000000000001,0.13435976
-82.36000000000001,0.13435327
-82.37,0.13434675
-82.38000000000001,0.13434033
-82.39,0.13433385
-82.4,0.13432734
-82.41000000000001,0.13432088
-82.42,0.13431446
-82.43,0.1343079
-82.44000000000001,0.13430145
-82.45,0.13429505
-82.46000000000001,0.13428852
-82.47000000000001,0.1342821
-82.48,0.13427565
-82.49000000000001,0.13426924
-82.5,0.13426273
-82.51,0.1342563
-82.52000000000001,0.13424988
-82.53,0.13424344
-82.54,0.13423699
-82.55000000000001,0.1342305
-82.56,0.13422415
-82.57000000000001,0.13421768
-82.58000000000001,0.13421127
-82.59,0.13420482
-82.60000000000001,0.13419834
-82.61000000000001,0.13419189
-82.62,0.1341855
-82.63000000000001,0.13417903
-82.64,0.13417263
-82.65,0.13416621
-82.66000000000001,0.1341598
-82.67,0.13415334
-82.68,0.13414693
-82.69000000000001,0.13414048
-82.7,0.13413408
-82.71000000000001,0.1341277
-82.72000000000001,0.13412127
-82.73,0.1341148
-82.74000000000001,0.13410841
-82.75,0.13410194
-82.76,0.13409561
-82.77000000000001,0.1340892
-82.78,0.1340828
-82.79,0.13407633
-82.80000000000001,0.13406995
-82.81,0.13406357
-82.82000000000001,0.13405716
-82.83000000000001,0.13405071
-82.84,0.13404438
-82.85000000000001,0.13403794
-82.86000000000001,0.13403156
-82.87,0.13402516
-82.88000000000001,0.13401881
-82.89,0.1340124
-82.9,0.13400605
-82.91000000000001,0.13399965
-82.92,0.13399325
-82.93,0.13398689
-82.94000000000001,0.13398051
-82.95,0.13397413
-82.96000000000001,0.1339677
-82.97000000000001,0.13396136
-82.98,0.13395494
-82.99000000000001,0.13394861
-83.0,0.13394223
-83.01,0.13393582
-83.02000000000001,0.13392946
-83.03,0.13392311
-83.04,0.13391678
-83.05000000000001,0.13391039
-83.06,0.13390401
-83.07000000000001,0.13389765
-83.08000000000001,0.13389127
-83.09,0.13388489
-83.10000000000001,0.13387859
-83.11000000000001,0.13387224
-83.12,0.1338659
-83.13000000000001,0.13385946
-83.14,0.1338532
-83.15,0.13384685
-83.16000000000001,0.13384044
-83.17,0.1338341
-83.18,0.1338278
-83.19000000000001,0.1338214
-83.2,0.13381505
-83.21000000000001,0.13380873
-83.22000000000001,0.13380235
-83.23,0.13379605
-83.24000000000001,0.13378973
-83.25,0.13378333
-83.26,0.13377702
-83.27000000000001,0.13377073
-83.28,0.13376439
-83.29,0.13375805
-83.30000000000001,0.13375175
-83.31,0.1337454
-83.32000000000001,0.13373908
-83.33000000000001,0.1337327
-83.34,0.13372642
-83.35000000000001,0.1337201
-83.36000000000001,0.13371377
-83.37,0.1337075
-83.38000000000001,0.13370118
-83.39,0.13369481
-83.4,0.13368851
-83.41000000000001,0.13368225
-83.42,0.13367586
-83.43,0.13366964
-83.44000000000001,0.1336633
-83.45,0.13365701
-83.46000000000001,0.13365068
-83.47000000000001,0.13364439
-83.48,0.13363814
-83.49000000000001,0.13363178
-83.5,0.13362554
-83.51,0.13361917
-83.52000000000001,0.1336129
-83.53,0.13360667
-83.54,0.1336003
-83.55000000000001,0.133594
-83.56,0.13358778
-83.57000000000001,0.13358152
-83.58000000000001,0.13357522
-83.59,0.133569
-83.60000000000001,0.1335626
-83.61000000000001,0.13355634
-83.62,0.13355005
-83.63000000000001,0.13354379
-83.64,0.1335375
-83.65,0.13353124
-83.66000000000001,0.13352501
-83.67,0.13351876
-83.68,0.13351244
-83.69000000000001,0.13350615
-83.7,0.13349995
-83.71000000000001,0.13349362
-83.72000000000001,0.13348734
-83.73,0.13348109
-83.74000000000001,0.13347483
-83.75,0.13346852
-83.76,0.13346234
-83.77000000000001,0.13345602
-83.78,0.13344982
-83.79,0.13344356
-83.80000000000001,0.13343728
-83.81,0.13343112
-83.82000000000001,0.13342483
-83.83000000000001,0.13341859
-83.84,0.13341226
-83.85000000000001,0.1334061
-83.86000000000001,0.13339984
-83.87,0.13339362
-83.88000000000001,0.13338734
-83.89,0.13338114
-83.9,0.1333749
-83.91000000000001,0.13336864
-83.92,0.13336244
-83.93,0.13335618
-83.94000000000001,0.13334998
-83.95,0.13334373
-83.96000000000001,0.13333756
-83.97000000000001,0.1333313
-83.98,0.13332507
-83.99000000000001,0.13331883
-84.0,0.13331264
-84.01,0.13330637
-84.02000000000001,0.13330017
-84.03,0.133294
-84.04,0.1332877
-84.05000000000001,0.13328151
-84.06,0.13327532
-84.07000000000001,0.13326915
-84.08000000000001,0.13326287
-84.09,0.1332567
-84.10000000000001,0.1332505
-84.11000000000001,0.13324428
-84.12,0.13323809
-84.13000000000001,0.13323192
-84.14,0.13322565
-84.15,0.13321948
-84.16000000000001,0.13321327
-84.17,0.13320707
-84.18,0.13320091
-84.19000000000001,0.13319471
-84.2,0.13318847
-84.21000000000001,0.13318227
-84.22000000000001,0.13317609
-84.23,0.13316995
-84.24000000000001,0.13316378
-84.25,0.13315758
-84.26,0.13315135
-84.27000000000001,0.13314518
-84.28,0.13313904
-84.29,0.13313285
-84.30000000000001,0.1331267
-84.31,0.13312057
-84.32000000000001,0.13311437
-84.33000000000001,0.13310817
-84.34,0.13310198
-84.35000000000001,0.13309583
-84.36000000000001,0.13308963
-84.37,0.13308343
-84.38000000000001,0.13307737
-84.39,0.13307115
-84.4,0.133065
-84.41000000000001,0.13305883
-84.42,0.13305268
-84.43,0.13304651
-84.44000000000001,0.1330404
-84.45,0.13303424
-84.46000000000001,0.13302809
-84.47000000000001,0.1330219
-84.48,0.13301575
-84.49000000000001,0.13300958
-84.5,0.13300347
-84.51,0.13299732
-84.52000000000001,0.13299116
-84.53,0.132985
-84.54,0.13297884
-84.55000000000001,0.13297275
-84.56,0.13296661
-84.57000000000001,0.13296041
-84.58000000000001,0.13295433
-84.59,0.13294823
-84.60000000000001,0.13294208
-84.61000000000001,0.13293591
-84.62,0.1329298
-84.63000000000001,0.13292369
-84.64,0.13291752
-84.65,0.13291144
-84.66000000000001,0.13290527
-84.67,0.13289921
-84.68,0.13289306
-84.69000000000001,0.13288692
-84.7,0.13288085
-84.71000000000001,0.13287465
-84.72000000000001,0.13286859
-84.73,0.13286248
-84.74000000000001,0.13285634
-84.75,0.13285024
-84.76,0.13284416
-84.77000000000001,0.13283804
-84.78,0.13283187
-84.79,0.13282585
-84.80000000000001,0.13281967
-84.81,0.1328136
-84.82000000000001,0.13280758
-84.83000000000001,0.13280141
-84.84,0.1327953
-84.85000000000001,0.13278928
-84.86000000000001,0.13278313
-84.87,0.13277707
-84.88000000000001,0.13277097
-84.89,0.13276489
-84.9,0.13275875
-84.91000000000001,0.13275267
-84.92,0.13274664
-84.93,0.13274053
-84.94000000000001,0.13273445
-84.95,0.1327284
-84.96000000000001,0.13272232
-84.97000000000001,0.13271615
-84.98,0.1327101
-84.99000000000001,0.13270405
-85.0,0.13269797
-85.01,0.1326919
-85.02000000000001,0.13268581
-85.03,0.13267973
-85.04,0.13267373
-85.05000000000001,0.13266766
-85.06,0.13266157
-85.07000000000001,0.13265553
-85.08000000000001,0.13264948
-85.09,0.13264337
-85.10000000000001,0.13263726
-85.11000000000001,0.13263127
-85.12,0.13262515
-85.13000000000001,0.13261914
-85.14,0.13261308
-85.15,0.13260701
-85.16000000000001,0.132601
-85.17,0.13259493
-85.18,0.13258882
-85.19000000000001,0.13258284
-85.2,0.13257675
-85.21000000000001,0.13257071
-85.22000000000001,0.1325647
-85.23,0.13255864
-85.24000000000001,0.13255258
-85.25,0.13254659
-85.26,0.13254055
-85.27000000000001,0.13253452
-85.28,0.13252848
-85.29,0.13252242
-85.30000000000001,0.13251641
-85.31,0.1325104
-85.32000000000001,0.1325044
-85.33000000000001,0.13249835
-85.34,0.1324923
-85.35000000000001,0.13248627
-85.36000000000001,0.13248026
-85.37,0.13247423
-85.38000000000001,0.13246827
-85.39,0.1324622
-85.4,0.13245624
-85.41000000000001,0.1324502
-85.42,0.13244417
-85.43,0.13243815
-85.44000000000001,0.13243213
-85.45,0.13242608
-85.46000000000001,0.13242006
-85.47000000000001,0.13241412
-85.48,0.13240814
-85.49000000000001,0.13240212
-85.5,0.1323961
-85.51,0.13239011
-85.52000000000001,0.13238406
-85.53,0.13237807
-85.54,0.13237208
-85.55000000000001,0.13236612
-85.56,0.1323601
-85.57000000000001,0.13235416
-85.58000000000001,0.13234812
-85.59,0.13234216
-85.60000000000001,0.1323362
-85.61000000000001,0.13233018
-85.62,0.13232422
-85.63000000000001,0.1323182
-85.64,0.13231225
-85.65,0.13230623
-85.66000000000001,0.13230027
-85.67,0.13229433
-85.68,0.1322883
-85.69000000000001,0.13228229
-85.7,0.13227636
-85.71000000000001,0.13227037
-85.72000000000001,0.1322644
-85.73,0.13225845
-85.74000000000001,0.1322525
-85.75,0.13224652
-85.76,0.13224052
-85.77000000000001,0.13223454
-85.78,0.13222861
-85.79,0.13222264
-85.80000000000001,0.13221669
-85.81,0.13221072
-85.82000000000001,0.1322048
-85.83000000000001,0.13219881
-85.84,0.13219284
-85.85000000000001,0.13218692
-85.86000000000001,0.13218102
-85.87,0.13217503
-85.88000000000001,0.13216908
-85.89,0.1321631
-85.9,0.13215715
-85.91000000000001,0.13215122
-85.92,0.13214526
-85.93,0.13213933
-85.94000000000001,0.13213336
-85.95,0.13212746
-85.96000000000001,0.1321215
-85.97000000000001,0.13211559
-85.98,0.13210964
-85.99000000000001,0.13210377
-86.0,0.13209781
-86.01,0.13209191
-86.02000000000001,0.1320859
-86.03,0.13208002
-86.04,0.13207406
-86.05000000000001,0.13206814
-86.06,0.13206226
-86.07000000000001,0.13205636
-86.08000000000001,0.13205042
-86.09,0.13204451
-86.10000000000001,0.13203853
-86.11000000000001,0.13203266
-86.12,0.13202666
-86.13000000000001,0.13202077
-86.14,0.1320149
-86.15,0.13200903
-86.16000000000001,0.13200307
-86.17,0.1319972
-86.18,0.13199127
-86.19000000000001,0.13198535
-86.2,0.13197944
-86.21000000000001,0.1319735
-86.22000000000001,0.13196771
-86.23,0.13196175
-86.24000000000001,0.13195586
-86.25,0.13194993
-86.26,0.13194408
-86.27000000000001,0.13193819
-86.28,0.13193232
-86.29,0.13192636
-86.30000000000001,0.13192052
-86.31,0.13191462
-86.32000000000001,0.13190876
-86.33000000000001,0.13190284
-86.34,0.13189691
-86.35000000000001,0.13189106
-86.36000000000001,0.13188516
-86.37,0.1318793
-86.38000000000001,0.1318734
-86.39,0.13186754
-86.4,0.13186166
-86.41000000000001,0.13185582
-86.42,0.13184997
-86.43,0.13184403
-86.44000000000001,0.1318382
-86.45,0.13183233
-86.46000000000001,0.13182637
-86.47000000000001,0.13182056
-86.48,0.13181469
-86.49000000000001,0.13180888
-86.5,0.13180299
-86.51,0.1317971
-86.52000000000001,0.13179128
-86.53,0.13178538
-86.54,0.13177958
-86.55000000000001,0.13177368
-86.56,0.13176784
-86.57000000000001,0.13176195
-86.58000000000001,0.13175613
-86.59,0.13175026
-86.60000000000001,0.13174444
-86.61000000000001,0.13173857
-86.62,0.13173269
-86.63000000000001,0.13172695
-86.64,0.13172105
-86.65,0.13171518
-86.66000000000001,0.1317094
-86.67,0.13170353
-86.68,0.13169773
-86.69000000000001,0.13169184
-86.7,0.13168606
-86.71000000000001,0.13168016
-86.72000000000001,0.13167435
-86.73,0.13166857
-86.74000000000001,0.13166273
-86.75,0.13165689
-86.76,0.13165106
-86.77000000000001,0.1316452
-86.78,0.13163942
-86.79,0.13163355
-86.80000000000001,0.13162774
-86.81,0.13162193
-86.82000000000001,0.1316161
-86.83000000000001,0.13161026
-86.84,0.13160446
-86.85000000000001,0.13159868
-86.86000000000001,0.13159281
-86.87,0.13158703
-86.88000000000001,0.13158122
-86.89,0.13157547
-86.9,0.13156956
-86.91000000000001,0.13156381
-86.92,0.131558
-86.93,0.13155222
-86.94000000000001,0.13154638
-86.95,0.1315406
-86.96000000000001,0.13153479
-86.97000000000001,0.13152899
-86.98,0.13152322
-86.99000000000001,0.13151738
-87.0,0.1315116
-87.01,0.13150582
-87.02000000000001,0.1315
-87.03,0.13149422
-87.04,0.13148847
-87.05000000000001,0.13148263
-87.06,0.13147685
-87.07000000000001,0.1314711
-87.08000000000001,0.13146529
-87.09,0.13145953
-87.10000000000001,0.13145374
-87.11000000000001,0.13144793
-87.12,0.13144211
-87.13000000000001,0.13143641
-87.14,0.13143061
-87.15,0.13142487
-87.16000000000001,0.13141908
-87.17,0.13141325
-87.18,0.13140756
-87.19000000000001,0.13140175
-87.2,0.13139597
-87.21000000000001,0.13139023
-87.22000000000001,0.13138443
-87.23,0.13137867
-87.24000000000001,0.13137293
-87.25,0.1313672
-87.26,0.13136137
-87.27000000000001,0.13135569
-87.28,0.13134995
-87.29,0.13134415
-87.30000000000001,0.13133845
-87.31,0.13133267
-87.32000000000001,0.13132687
-87.33000000000001,0.1313211
-87.34,0.13131538
-87.35000000000001,0.13130964
-87.36000000000001,0.13130389
-87.37,0.13129814
-87.38000000000001,0.1312924
-87.39,0.13128668
-87.4,0.13128088
-87.41000000000001,0.13127515
-87.42,0.13126945
-87.43,0.1312637
-87.44000000000001,0.13125798
-87.45,0.13125227
-87.46000000000001,0.13124652
-87.47000000000001,0.13124073
-87.48,0.13123506
-87.49000000000001,0.13122937
-87.5,0.13122362
-87.51,0.13121788
-87.52000000000001,0.13121215
-87.53,0.13120648
-87.54,0.13120069
-87.55000000000001,0.131195
-87.56,0.13118926
-87.57000000000001,0.13118356
-87.58000000000001,0.13117784
-87.59,0.13117212
-87.60000000000001,0.1311664
-87.61000000000001,0.13116068
-87.62,0.13115495
-87.63000000000001,0.13114928
-87.64,0.13114356
-87.65,0.13113788
-87.66000000000001,0.13113214
-87.67,0.13112646
-87.68,0.13112077
-87.69000000000001,0.13111502
-87.7,0.13110931
-87.71000000000001,0.13110366
-87.72000000000001,0.13109797
-87.73,0.13109222
-87.74000000000001,0.13108656
-87.75,0.13108084
-87.76,0.13107514
-87.77000000000001,0.13106948
-87.78,0.13106382
-87.79,0.1310581
-87.80000000000001,0.13105237
-87.81,0.13104671
-87.82000000000001,0.13104102
-87.83000000000001,0.13103539
-87.84,0.13102967
-87.85000000000001,0.131024
-87.86000000000001,0.13101834
-87.87,0.1310126
-87.88000000000001,0.13100693
-87.89,0.13100126
-87.9,0.1309956
-87.91000000000001,0.13098991
-87.92,0.13098425
-87.93,0.13097858
-87.94000000000001,0.13097292
-87.95,0.13096723
-87.96000000000001,0.13096158
-87.97000000000001,0.1309559
-87.98,0.13095024
-87.99000000000001,0.13094455
-88.0,0.13093898
-88.01,0.13093327
-88.02000000000001,0.13092764
-88.03,0.13092196
-88.04,0.13091627
-88.05000000000001,0.13091063
-88.06,0.13090499
-88.07000000000001,0.13089931
-88.08000000000001,0.1308937
-88.09,0.13088803
-88.10000000000001,0.13088238
-88.11000000000001,0.13087673
-88.12,0.13087112
-88.13000000000001,0.13086542
-88.14,0.13085982
-88.15,0.13085416
-88.16000000000001,0.13084853
-88.17,0.1308429
-88.18,0.13083723
-88.19000000000001,0.1308316
-88.2,0.13082603
-88.21000000000001,0.1308203
-88.22000000000001,0.13081469
-88.23,0.13080907
-88.24000000000001,0.13080342
-88.25,0.13079779
-88.26,0.13079223
-88.27000000000001,0.13078657
-88.28,0.13078097
-88.29,0.13077533
-88.30000000000001,0.13076967
-88.31,0.1307641
-88.32000000000001,0.13075846
-88.33000000000001,0.13075283
-88.34,0.13074721
-88.35000000000001,0.13074169
-88.36000000000001,0.13073598
-88.37,0.13073036
-88.38000000000001,0.13072479
-88.39,0.13071916
-88.4,0.13071358
-88.41000000000001,0.13070795
-88.42,0.13070232
-88.43,0.13069677
-88.44000000000001,0.13069114
-88.45,0.13068552
-88.46000000000001,0.13067992
-88.47000000000001,0.13067429
-88.48,0.1306687
-88.49000000000001,0.1306631
-88.5,0.13065755
-88.51,0.13065197
-88.52000000000001,0.13064638
-88.53,0.13064075
-88.54,0.13063519
-88.55000000000001,0.1306296
-88.56,0.13062404
-88.57000000000001,0.13061844
-88.58000000000001,0.13061279
-88.59,0.13060722
-88.60000000000001,0.13060161
-88.61000000000001,0.13059609
-88.62,0.13059044
-88.63000000000001,0.13058493
-88.64,0.13057932
-88.65,0.13057372
-88.66000000000001,0.13056818
-88.67,0.13056259
-88.68,0.13055703
-88.69000000000001,0.13055141
-88.7,0.13054588
-88.71000000000001,0.13054031
-88.72000000000001,0.13053475
-88.73,0.13052914
-88.74000000000001,0.13052362
-88.75,0.13051805
-88.76,0.13051248
-88.77000000000001,0.1305069
-88.78,0.13050133
-88.79,0.13049579
-88.80000000000001,0.13049024
-88.81,0.13048477
-88.82000000000001,0.13047913
-88.83000000000001,0.13047357
-88.84,0.130468
-88.85000000000001,0.13046253
-88.86000000000001,0.13045694
-88.87,0.13045137
-88.88000000000001,0.13044581
-88.89,0.13044028
-88.9,0.13043472
-88.91000000000001,0.13042925
-88.92,0.13042364
-88.93,0.13041812
-88.94000000000001,0.13041261
-88.95,0.130407
-88.96000000000001,0.13040146
-88.97000000000001,0.13039593
-88.98,0.13039039
-88.99000000000001,0.13038492
-89.0,0.13037936
-89.01,0.1303738
-89.02000000000001,0.13036834
-89.03,0.1303628
-89.04,0.13035727
-89.05000000000001,0.13035168
-89.06,0.13034621
-89.07000000000001,0.13034065
-89.08000000000001,0.13033515
-89.09,0.13032962
-89.10000000000001,0.1303241
-89.11000000000001,0.13031858
-89.12,0.13031313
-89.13000000000001,0.13030753
-89.14,0.13030207
-89.15,0.13029653
-89.16000000000001,0.13029099
-89.17,0.13028547
-89.18,0.13027997
-89.19000000000001,0.13027447
-89.2,0.13026899
-89.21000000000001,0.13026348
-89.22000000000001,0.13025798
-89.23,0.13025248
-89.24000000000001,0.13024694
-89.25,0.13024145
-89.26,0.13023597
-89.27000000000001,0.13023049
-89.28,0.13022496
-89.29,0.1302194
-89.30000000000001,0.13021395
-89.31,0.13020849
-89.32000000000001,0.13020295
-89.33000000000001,0.13019747
-89.34,0.13019198
-89.35000000000001,0.13018648
-89.36000000000001,0.13018104
-89.37,0.13017553
-89.38000000000001,0.13017009
-89.39,0.13016462
-89.4,0.13015912
-89.41000000000001,0.1301536
-89.42,0.13014814
-89.43,0.13014266
-89.44000000000001,0.13013715
-89.45,0.13013172
-89.46000000000001,0.13012624
-89.47000000000001,0.13012078
-89.48,0.13011527
-89.49000000000001,0.13010985
-89.5,0.13010433
-89.51,0.13009882
-89.52000000000001,0.13009343
-89.53,0.13008797
-89.54,0.13008246
-89.55000000000001,0.13007703
-89.56,0.13007155
-89.57000000000001,0.13006613
-89.58000000000001,0.13006066
-89.59,0.13005519
-89.60000000000001,0.13004972
-89.61000000000001,0.13004425
-89.62,0.1300388
-89.63000000000001,0.13003337
-89.64,0.13002792
-89.65,0.13002247
-89.66000000000001,0.13001698
-89.67,0.13001153
-89.68,0.1300061
-89.69000000000001,0.13000064
-89.7,0.12999529
-89.71000000000001,0.1299898
-89.72000000000001,0.12998432
-89.73,0.12997887
-89.74000000000001,0.12997344
-89.75,0.12996799
-89.76,0.12996256
-89.77000000000001,0.12995717
-89.78,0.1299517
-89.79,0.12994626
-89.80000000000001,0.12994084
-89.81,0.12993537
-89.82000000000001,0.12992996
-89.83000000000001,0.12992457
-89.84,0.12991916
-89.85000000000001,0.12991366
-89.86000000000001,0.12990826
-89.87,0.12990284
-89.88000000000001,0.12989739
-89.89,0.129892
-89.9,0.12988658
-89.91000000000001,0.12988114
-89.92,0.12987575
-89.93,0.12987036
-89.94000000000001,0.12986487
-89.95,0.12985954
-89.96000000000001,0.12985411
-89.97000000000001,0.12984869
-89.98,0.12984326
-89.99000000000001,0.12983784
-90.0,0.12983246
-90.01,0.12982708
-90.02000000000001,0.12982167
-90.03,0.12981623
-90.04,0.12981084
-90.05000000000001,0.12980545
-90.06,0.1298
-90.07000000000001,0.12979463
-90.08000000000001,0.12978932
-90.09,0.12978381
-90.10000000000001,0.12977844
-90.11000000000001,0.12977308
-90.12,0.12976764
-90.13000000000001,0.12976226
-90.14,0.12975687
-90.15,0.12975153
-90.16000000000001,0.12974606
-90.17,0.12974072
-90.18,0.12973537
-90.19000000000001,0.1297299
-90.2,0.12972459
-90.21000000000001,0.1297192
-90.22000000000001,0.12971377
-90.23,0.12970838
-90.24000000000001,0.12970299
-90.25,0.12969762
-90.26,0.12969227
-90.27000000000001,0.12968692
-90.28,0.12968153
-90.29,0.12967613
-90.30000000000001,0.12967078
-90.31,0.12966543
-90.32000000000001,0.12966001
-90.33000000000001,0.12965472
-90.34,0.12964931
-90.35000000000001,0.12964395
-90.36000000000001,0.12963858
-90.37,0.12963319
-90.38000000000001,0.1296279
-90.39,0.12962252
-90.4,0.12961714
-90.41000000000001,0.12961176
-90.42,0.1296064
-90.43,0.12960103
-90.44000000000001,0.12959568
-90.45,0.12959038
-90.46000000000001,0.12958501
-90.47000000000001,0.12957966
-90.48,0.1295743
-90.49000000000001,0.12956893
-90.5,0.12956358
-90.51,0.12955824
-90.52000000000001,0.12955296
-90.53,0.12954763
-90.54,0.12954223
-90.55000000000001,0.12953693
-90.56,0.12953159
-90.57000000000001,0.1295262
-90.58000000000001,0.1295209
-90.59,0.12951554
-90.60000000000001,0.12951024
-90.61000000000001,0.12950493
-90.62,0.12949958
-90.63000000000001,0.1294942
-90.64,0.12948895
-90.65,0.12948355
-90.66000000000001,0.12947825
-90.67,0.12947294
-90.68,0.12946759
-90.69000000000001,0.12946232
-90.7,0.12945694
-90.71000000000001,0.12945163
-90.72000000000001,0.12944631
-90.73,0.12944096
-90.74000000000001,0.12943569
-90.75,0.12943032
-90.76,0.12942503
-90.77000000000001,0.12941968
-90.78,0.12941444
-90.79,0.1294091
-90.80000000000001,0.12940376
-90.81,0.12939847
-90.82000000000001,0.12939318
-90.83000000000001,0.1293879
-90.84,0.12938254
-90.85000000000001,0.12937726
-90.86000000000001,0.12937194
-90.87,0.12936668
-90.88000000000001,0.12936132
-90.89,0.12935604
-90.9,0.12935075
-90.91000000000001,0.12934542
-90.92,0.12934013
-90.93,0.12933485
-90.94000000000001,0.12932956
-90.95,0.12932429
-90.96000000000001,0.12931904
-90.97000000000001,0.12931366
-90.98,0.1293084
-90.99000000000001,0.12930313
-91.0,0.12929782
-91.01,0.12929252
-91.02000000000001,0.12928724
-91.03,0.129282
-91.04,0.12927672
-91.05000000000001,0.12927142
-91.06,0.12926614
-91.07000000000001,0.12926081
-91.08000000000001,0.12925562
-91.09,0.12925032
-91.10000000000001,0.12924501
-91.11000000000001,0.12923971
-91.12,0.12923443
-91.13000000000001,0.12922919
-91.14,0.12922388
-91.15,0.12921867
-91.16000000000001,0.1292134
-91.17,0.12920812
-91.18,0.12920281
-91.19000000000001,0.12919757
-91.2,0.12919226
-91.21000000000001,0.12918702
-91.22000000000001,0.1291818
-91.23,0.12917656
-91.24000000000001,0.12917125
-91.25,0.129166
-91.26,0.12916076
-91.27000000000001,0.1291555
-91.28,0.12915027
-91.29,0.129145
-91.30000000000001,0.12913978
-91.31,0.12913454
-91.32000000000001,0.12912923
-91.33000000000001,0.12912402
-91.34,0.12911874
-91.35000000000001,0.12911353
-91.36000000000001,0.12910827
-91.37,0.12910298
-91.38000000000001,0.12909779
-91.39,0.12909256
-91.4,0.1290873
-91.41000000000001,0.12908204
-91.42,0.12907687
-91.43,0.12907162
-91.44000000000001,0.12906632
-91.45,0.12906109
-91.46000000000001,0.12905589
-91.47000000000001,0.12905061
-91.48,0.12904543
-91.49000000000001,0.12904021
-91.5,0.12903494
-91.51,0.12902969
-91.52000000000001,0.1290245
-91.53,0.12901929
-91.54,0.12901406
-91.55000000000001,0.12900886
-91.56,0.12900358
-91.57000000000001,0.12899843
-91.58000000000001,0.12899315
-91.59,0.12898797
-91.60000000000001,0.12898278
-91.61000000000001,0.1289775
-91.62,0.12897232
-91.63000000000001,0.12896714
-91.64,0.12896186
-91.65,0.12895665
-91.66000000000001,0.12895146
-91.67,0.12894626
-91.68,0.12894104
-91.69000000000001,0.12893581
-91.7,0.12893069
-91.71000000000001,0.12892541
-91.72000000000001,0.12892023
-91.73,0.12891504
-91.74000000000001,0.12890983
-91.75,0.12890461
-91.76,0.12889943
-91.77000000000001,0.12889424
-91.78,0.12888904
-91.79,0.12888378
-91.80000000000001,0.12887865
-91.81,0.12887348
-91.82000000000001,0.12886828
-91.83000000000001,0.12886307
-91.84,0.1288579
-91.85000000000001,0.12885271
-91.86000000000001,0.12884755
-91.87,0.12884238
-91.88000000000001,0.1288372
-91.89,0.12883195
-91.9,0.12882683
-91.91000000000001,0.1288216
-91.92,0.12881643
-91.93,0.12881124
-91.94000000000001,0.12880607
-91.95,0.1288009
-91.96000000000001,0.12879571
-91.97000000000001,0.12879059
-91.98,0.12878536
-91.99000000000001,0.12878019
-92.0,0.12877503
-92.01,0.12876986
-92.02000000000001,0.12876473
-92.03,0.12875949
-92.04,0.12875433
-92.05000000000001,0.12874918
-92.06,0.12874404
-92.07000000000001,0.12873888
-92.08000000000001,0.12873371
-92.09,0.12872854
-92.10000000000001,0.12872341
-92.11000000000001,0.12871826
-92.12,0.12871312
-92.13000000000001,0.12870792
-92.14,0.12870283
-92.15,0.12869763
-92.16000000000001,0.12869254
-92.17,0.12868729
-92.18,0.12868223
-92.19000000000001,0.12867706
-92.2,0.12867188
-92.21000000000001,0.12866673
-92.22000000000001,0.1286616
-92.23,0.12865642
-92.24000000000001,0.12865126
-92.25,0.12864617
-92.26,0.12864102
-92.27000000000001,0.12863585
-92.28,0.12863076
-92.29,0.1286256
-92.30000000000001,0.1286205
-92.31,0.12861541
-92.32000000000001,0.1286102
-92.33000000000001,0.12860507
-92.34,0.12859994
-92.35000000000001,0.1285948
-92.36000000000001,0.12858969
-92.37,0.12858455
-92.38000000000001,0.12857942
-92.39,0.12857431
-92.4,0.12856919
-92.41000000000001,0.12856402
-92.42,0.12855893
-92.43,0.12855384
-92.44000000000001,0.12854871
-92.45,0.12854362
-92.46000000000001,0.1285384
-92.47000000000001,0.12853336
-92.48,0.12852822
-92.49000000000001,0.12852311
-92.5,0.12851793
-92.51,0.12851295
-92.52000000000001,0.1285078
-92.53,0.12850267
-92.54,0.12849757
-92.55000000000001,0.12849244
-92.56,0.12848732
-92.57000000000001,0.12848225
-92.58000000000001,0.12847714
-92.59,0.12847206
-92.60000000000001,0.128467
-92.61000000000001,0.12846184
-92.62,0.12845671
-92.63000000000001,0.12845162
-92.64,0.12844653
-92.65,0.1284414
-92.66000000000001,0.12843639
-92.67,0.12843126
-92.68,0.12842618
-92.69000000000001,0.12842104
-92.7,0.12841599
-92.71000000000001,0.12841092
-92.72000000000001,0.12840581
-92.73,0.12840068
-92.74000000000001,0.12839565
-92.75,0.12839052
-92.76,0.12838551
-92.77000000000001,0.1283804
-92.78,0.12837532
-92.79,0.12837026
-92.80000000000001,0.12836514
-92.81,0.12836012
-92.82000000000001,0.128355
-92.83000000000001,0.12834993
-92.84,0.12834486
-92.85000000000001,0.12833977
-92.86000000000001,0.12833472
-92.87,0.12832958
-92.88000000000001,0.12832457
-92.89,0.12831949
-92.9,0.12831435
-92.91000000000001,0.12830937
-92.92,0.1283043
-92.93,0.1282992
-92.94000000000001,0.12829414
-92.95,0.1282891
-92.96000000000001,0.12828404
-92.97000000000001,0.12827894
-92.98,0.12827393
-92.99000000000001,0.12826884
-93.0,0.12826377
-93.01,0.12825865
-93.02000000000001,0.12825364
-93.03,0.12824863
-93.04,0.1282436
-93.05000000000001,0.12823847
-93.06,0.1282335
-93.07000000000001,0.12822837
-93.08000000000001,0.12822337
-93.09,0.1282183
-93.10000000000001,0.12821326
-93.11000000000001,0.12820826
-93.12,0.12820321
-93.13000000000001,0.12819813
-93.14,0.12819311
-93.15,0.12818804
-93.16000000000001,0.128183
-93.17,0.12817799
-93.18,0.12817293
-93.19000000000001,0.12816788
-93.2,0.12816288
-93.21000000000001,0.12815787
-93.22000000000001,0.12815286
-93.23,0.12814781
-93.24000000000001,0.1281428
-93.25,0.12813771
-93.26,0.1281327
-93.27000000000001,0.12812771
-93.28,0.12812263
-93.29,0.12811762
-93.30000000000001,0.12811263
-93.31,0.12810755
-93.32000000000001,0.12810253
-93.33000000000001,0.12809756
-93.34,0.12809254
-93.35000000000001,0.12808749
-93.36000000000001,0.12808247
-93.37,0.12807745
-93.38000000000001,0.12807244
-93.39,0.1280674
-93.4,0.12806243
-93.41000000000001,0.12805742
-93.42,0.12805241
-93.43,0.12804744
-93.44000000000001,0.12804237
-93.45,0.12803736
-93.46000000000001,0.12803233
-93.47000000000001,0.12802735
-93.48,0.12802237
-93.49000000000001,0.12801734
-93.5,0.12801239
-93.51,0.12800735
-93.52000000000001,0.12800238
-93.53,0.12799737
-93.54,0.12799239
-93.55000000000001,0.12798735
-93.56,0.12798235
-93.57000000000001,0.1279774
-93.58000000000001,0.1279724
-93.59,0.12796746
-93.60000000000001,0.12796241
-93.61000000000001,0.1279574
-93.62,0.12795246
-93.63000000000001,0.12794742
-93.64,0.12794246
-93.65,0.12793747
-93.66000000000001,0.12793244
-93.67,0.12792753
-93.68,0.12792253
-93.69000000000001,0.12791753
-93.7,0.12791255
-93.71000000000001,0.12790762
-93.72000000000001,0.1279026
-93.73,0.12789768
-93.74000000000001,0.12789264
-93.75,0.1278877
-93.76,0.12788275
-93.77000000000001,0.12787771
-93.78,0.12787274
-93.79,0.12786788
-93.80000000000001,0.12786281
-93.81,0.12785786
-93.82000000000001,0.12785295
-93.83000000000001,0.12784794
-93.84,0.127843
-93.85000000000001,0.12783802
-93.86000000000001,0.12783308
-93.87,0.12782809
-93.88000000000001,0.12782314
-93.89,0.12781818
-93.9,0.12781312
-93.91000000000001,0.12780824
-93.92,0.12780328
-93.93,0.12779835
-93.94000000000001,0.12779336
-93.95,0.12778844
-93.96000000000001,0.12778349
-93.97000000000001,0.12777853
-93.98,0.12777355
-93.99000000000001,0.12776865
-94.0,0.12776366
-94.01,0.12775868
-94.02000000000001,0.1277538
-94.03,0.12774889
-94.04,0.12774393
-94.05000000000001,0.12773895
-94.06,0.12773407
-94.07000000000001,0.12772904
-94.08000000000001,0.12772416
-94.09,0.12771918
-94.10000000000001,0.1277143
-94.11000000000001,0.12770937
-94.12,0.12770443
-94.13000000000001,0.12769946
-94.14,0.12769456
-94.15,0.1276896
-94.16000000000001,0.12768471
-94.17,0.12767975
-94.18,0.12767479
-94.19000000000001,0.1276699
-94.2,0.12766498
-94.21000000000001,0.12766007
-94.22000000000001,0.12765524
-94.23,0.12765019
-94.24000000000001,0.12764537
-94.25,0.1276404
-94.26,0.12763542
-94.27000000000001,0.12763053
-94.28,0.12762561
-94.29,0.12762076
-94.30000000000001,0.12761578
-94.31,0.12761089
-94.32000000000001,0.12760589
-94.33000000000001,0.12760103
-94.34,0.12759614
-94.35000000000001,0.1275912
-94.36000000000001,0.12758632
-94.37,0.12758142
-94.38000000000001,0.12757649
-94.39,0.12757161
-94.4,0.1275667
-94.41000000000001,0.12756181
-94.42,0.12755689
-94.43,0.12755199
-94.44000000000001,0.12754709
-94.45,0.1275422
-94.46000000000001,0.12753731
-94.47000000000001,0.12753242
-94.48,0.12752753
-94.49000000000001,0.12752259
-94.5,0.12751773
-94.51,0.12751281
-94.52000000000001,0.12750793
-94.53,0.12750305
-94.54,0.12749813
-94.55000000000001,0.12749332
-94.56,0.12748837
-94.57000000000001,0.12748352
-94.58000000000001,0.12747858
-94.59,0.12747376
-94.60000000000001,0.12746885
-94.61000000000001,0.127464
-94.62,0.12745905
-94.63000000000001,0.12745422
-94.64,0.12744932
-94.65,0.12744446
-94.66000000000001,0.12743956
-94.67,0.12743469
-94.68,0.12742984
-94.69000000000001,0.12742496
-94.7,0.1274201
-94.71000000000001,0.12741518
-94.72000000000001,0.12741032
-94.73,0.12740542
-94.74000000000001,0.12740055
-94.75,0.12739569
-94.76,0.12739082
-94.77000000000001,0.127386
-94.78,0.12738115
-94.79,0.12737623
-94.80000000000001,0.12737139
-94.81,0.12736651
-94.82000000000001,0.12736169
-94.83000000000001,0.12735677
-94.84,0.12735194
-94.85000000000001,0.12734711
-94.86000000000001,0.12734225
-94.87,0.12733741
-94.88000000000001,0.12733254
-94.89,0.12732768
-94.9,0.12732282
-94.91000000000001,0.12731801
-94.92,0.12731314
-94.93,0.12730828
-94.94000000000001,0.12730347
-94.95,0.12729856
-94.96000000000001,0.12729374
-94.97000000000001,0.1272889
-94.98,0.127284
-94.99000000000001,0.12727927
-95.0,0.1272744
-95.01,0.1272695
-95.02000000000001,0.12726471
-95.03,0.12725988
-95.04,0.12725504
-95.05000000000001,0.12725013
-95.06,0.12724537
-95.07000000000001,0.12724055
-95.08000000000001,0.12723568
-95.09,0.12723088
-95.10000000000001,0.12722605
-95.11000000000001,0.1272212
-95.12,0.1272164
-95.13000000000001,0.12721156
-95.14,0.12720677
-95.15,0.12720196
-95.16000000000001,0.12719709
-95.17,0.12719235
-95.18,0.12718748
-95.19000000000001,0.12718263
-95.2,0.1271778
-95.21000000000001,0.12717298
-95.22000000000001,0.12716815
-95.23,0.12716338
-95.24000000000001,0.12715861
-95.25,0.12715372
-95.26,0.12714896
-95.27000000000001,0.12714408
-95.28,0.12713933
-95.29,0.1271345
-95.30000000000001,0.12712967
-95.31,0.12712489
-95.32000000000001,0.12712006
-95.33000000000001,0.12711528
-95.34,0.1271104
-95.35000000000001,0.12710562
-95.36000000000001,0.12710083
-95.37,0.12709603
-95.38000000000001,0.12709126
-95.39,0.12708643
-95.4,0.1270816
-95.41000000000001,0.12707682
-95.42,0.127072
-95.43,0.12706724
-95.44000000000001,0.12706243
-95.45,0.12705766
-95.46000000000001,0.12705287
-95.47000000000001,0.12704803
-95.48,0.12704326
-95.49000000000001,0.1270385
-95.5,0.12703368
-95.51,0.12702888
-95.52000000000001,0.12702411
-95.53,0.12701935
-95.54,0.12701453
-95.55000000000001,0.12700981
-95.56,0.12700498
-95.57000000000001,0.12700024
-95.58000000000001,0.12699543
-95.59,0.12699062
-95.60000000000001,0.12698591
-95.61000000000001,0.12698111
-95.62,0.12697634
-95.63000000000001,0.12697156
-95.64,0.1269668
-95.65,0.12696198
-95.66000000000001,0.12695721
-95.67,0.12695247
-95.68,0.1269477
-95.69000000000001,0.12694293
-95.7,0.12693815
-95.71000000000001,0.12693337
-95.72000000000001,0.12692857
-95.73,0.12692387
-95.74000000000001,0.1269191
-95.75000000000001,0.1269143
-95.76,0.12690961
-95.77000000000001,0.12690485
-95.78,0.12690002
-95.79,0.12689528
-95.80000000000001,0.12689054
-95.81,0.12688576
-95.82000000000001,0.12688103
-95.83000000000001,0.12687625
-95.84,0.1268715
-95.85000000000001,0.12686673
-95.86000000000001,0.12686203
-95.87,0.12685725
-95.88000000000001,0.12685253
-95.89,0.12684777
-95.9,0.126843
-95.91000000000001,0.1268383
-95.92,0.1268335
-95.93,0.12682885
-95.94000000000001,0.126824
-95.95,0.12681928
-95.96000000000001,0.12681459
-95.97000000000001,0.1268098
-95.98,0.12680507
-95.99000000000001,0.1268003
-96.00000000000001,0.12679559
-96.01,0.12679085
-96.02000000000001,0.12678607
-96.03,0.12678131
-96.04,0.12677664
-96.05000000000001,0.1267719
-96.06,0.12676719
-96.07000000000001,0.12676251
-96.08000000000001,0.12675771
-96.09,0.126753
-96.10000000000001,0.12674828
-96.11000000000001,0.12674353
-96.12,0.12673879
-96.13000000000001,0.12673411
-96.14,0.12672935
-96.15,0.1267246
-96.16000000000001,0.12671989
-96.17,0.12671521
-96.18,0.1267105
-96.19000000000001,0.12670577
-96.2,0.1267011
-96.21000000000001,0.1266964
-96.22000000000001,0.12669164
-96.23,0.12668695
-96.24000000000001,0.12668224
-96.25000000000001,0.12667747
-96.26,0.12667277
-96.27000000000001,0.12666811
-96.28,0.12666339
-96.29,0.12665865
-96.30000000000001,0.12665395
-96.31,0.1266492
-96.32000000000001,0.12664458
-96.33000000000001,0.1266398
-96.34,0.12663513
-96.35000000000001,0.1266304
-96.36000000000001,0.12662575
-96.37,0.126621
-96.38000000000001,0.12661639
-96.39,0.12661164
-96.4,0.12660694
-96.41000000000001,0.1266022
-96.42,0.12659752
-96.43,0.12659287
-96.44000000000001,0.12658814
-96.45,0.12658349
-96.46000000000001,0.12657876
-96.47000000000001,0.12657404
-96.48,0.12656942
-96.49000000000001,0.12656465
-96.50000000000001,0.12656002
-96.51,0.12655534
-96.52000000000001,0.12655064
-96.53,0.12654592
-96.54,0.12654124
-96.55000000000001,0.12653658
-96.56,0.1265319
-96.57000000000001,0.1265272
-96.58000000000001,0.12652256
-96.59,0.12651788
-96.60000000000001,0.12651321
-96.61000000000001,0.12650856
-96.62,0.1265038
-96.63000000000001,0.12649915
-96.64,0.12649447
-96.65,0.12648979
-96.66000000000001,0.12648515
-96.67,0.1264805
-96.68,0.12647583
-96.69000000000001,0.12647116
-96.7,0.12646645
-96.71000000000001,0.12646183
-96.72000000000001,0.12645712
-96.73,0.12645248
-96.74000000000001,0.12644783
-96.75000000000001,0.12644318
-96.76,0.1264385
-96.77000000000001,0.12643382
-96.78,0.12642917
-96.79,0.12642452
-96.80000000000001,0.12641987
-96.81,0.12641522
-96.82000000000001,0.12641054
-96.83000000000001,0.12640592
-96.84,0.12640128
-96.85000000000001,0.12639657
-96.86000000000001,0.12639192
-96.87,0.12638725
-96.88000000000001,0.12638265
-96.89,0.12637801
-96.9,0.12637335
-96.91000000000001,0.12636867
-96.92,0.12636401
-96.93,0.12635946
-96.94000000000001,0.12635478
-96.95,0.12635018
-96.96000000000001,0.12634556
-96.97000000000001,0.12634084
-96.98,0.12633617
-96.99000000000001,0.12633158
-97.00000000000001,0.12632693
-97.01,0.1263223
-97.02000000000001,0.12631771
-97.03,0.12631303
-97.04,0.12630843
-97.05000000000001,0.12630378
-97.06,0.12629911
-97.07000000000001,0.1262945
-97.08000000000001,0.1262899
-97.09,0.12628523
-97.10000000000001,0.12628056
-97.11000000000001,0.12627599
-97.12,0.12627137
-97.13000000000001,0.12626672
-97.14,0.12626207
-97.15,0.12625751
-97.16000000000001,0.12625289
-97.17,0.12624827
-97.18,0.1262436
-97.19000000000001,0.12623905
-97.2,0.12623441
-97.21000000000001,0.12622976
-97.22000000000001,0.12622511
-97.23,0.12622055
-97.24000000000001,0.1262159
-97.25000000000001,0.12621132
-97.26,0.12620673
-97.27000000000001,0.1262021
-97.28,0.12619752
-97.29,0.12619287
-97.30000000000001,0.12618831
-97.31,0.12618369
-97.32000000000001,0.12617907
-97.33000000000001,0.12617444
-97.34,0.12616988
-97.35000000000001,0.12616527
-97.36000000000001,0.12616065
-97.37,0.12615603
-97.38000000000001,0.12615141
-97.39,0.12614688
-97.4,0.12614223
-97.41000000000001,0.12613767
-97.42,0.12613305
-97.43,0.12612846
-97.44000000000001,0.12612383
-97.45,0.12611929
-97.46000000000001,0.1261147
-97.47000000000001,0.12611014
-97.48,0.12610549
-97.49000000000001,0.12610093
-97.50000000000001,0.12609635
-97.51,0.12609175
-97.52000000000001,0.12608716
-97.53,0.12608257
-97.54,0.12607804
-97.55000000000001,0.12607345
-97.56,0.12606886
-97.57000000000001,0.12606421
-97.58000000000001,0.12605968
-97.59,0.12605509
-97.60000000000001,0.12605053
-97.61000000000001,0.12604591
-97.62,0.12604132
-97.63000000000001,0.12603676
-97.64,0.1260322
-97.65,0.1260276
-97.66000000000001,0.12602301
-97.67,0.1260185
-97.68,0.12601392
-97.69000000000001,0.12600936
-97.7,0.12600473
-97.71000000000001,0.12600017
-97.72000000000001,0.12599567
-97.73,0.12599103
-97.74000000000001,0.12598652
-97.75000000000001,0.12598196
-97.76,0.12597737
-97.77000000000001,0.12597278
-97.78,0.12596825
-97.79,0.12596364
-97.80000000000001,0.12595914
-97.81,0.1259546
-97.82000000000001,0.12594998
-97.83000000000001,0.12594548
-97.84,0.12594095
-97.85000000000001,0.12593639
-97.86000000000001,0.12593177
-97.87,0.12592727
-97.88000000000001,0.12592271
-97.89,0.1259182
-97.9,0.12591362
-97.91000000000001,0.12590906
-97.92,0.1259045
-97.93,0.12589994
-97.94000000000001,0.12589543
-97.95,0.12589085
-97.96000000000001,0.12588632
-97.97000000000001,0.12588176
-97.98,0.12587723
-97.99000000000001,0.12587269
-98.00000000000001,0.12586817
-98.01,0.12586358
-98.02000000000001,0.1258591
-98.03,0.12585452
-98.04,0.12585002
-98.05000000000001,0.12584546
-98.06,0.12584093
-98.07000000000001,0.12583642
-98.08000000000001,0.12583187
-98.09,0.12582733
-98.10000000000001,0.12582283
-98.11000000000001,0.12581825
-98.12,0.12581371
-98.13000000000001,0.12580921
-98.14,0.12580468
-98.15,0.12580013
-98.16000000000001,0.12579563
-98.17,0.12579116
-98.18,0.1257866
-98.19000000000001,0.12578201
-98.2,0.12577754
-98.21000000000001,0.12577301
-98.22000000000001,0.12576857
-98.23,0.12576395
-98.24000000000001,0.12575945
-98.25000000000001,0.12575495
-98.26,0.12575045
-98.27000000000001,0.12574592
-98.28,0.12574139
-98.29,0.12573692
-98.30000000000001,0.12573238
-98.31,0.1257279
-98.32000000000001,0.12572336
-98.33000000000001,0.12571883
-98.34,0.12571433
-98.35000000000001,0.12570983
-98.36000000000001,0.12570529
-98.37,0.12570086
-98.38000000000001,0.12569633
-98.39,0.12569185
-98.4,0.12568736
-98.41000000000001,0.12568289
-98.42,0.12567833
-98.43,0.12567388
-98.44000000000001,0.12566933
-98.45,0.12566483
-98.46000000000001,0.12566032
-98.47000000000001,0.12565586
-98.48,0.12565136
-98.49000000000001,0.12564687
-98.50000000000001,0.12564234
-98.51,0.1256379
-98.52000000000001,0.12563339
-98.53,0.12562886
-98.54,0.12562436
-98.55000000000001,0.12561989
-98.56,0.12561545
-98.57000000000001,0.12561092
-98.58000000000001,0.12560648
-98.59,0.12560198
-98.60000000000001,0.1255975
-98.61000000000001,0.125593
-98.62,0.12558848
-98.63000000000001,0.12558405
-98.64,0.1255796
-98.65,0.1255751
-98.66000000000001,0.1255706
-98.67,0.12556612
-98.68,0.12556168
-98.69000000000001,0.12555718
-98.7,0.12555274
-98.71000000000001,0.12554823
-98.72000000000001,0.12554377
-98.73,0.12553927
-98.74000000000001,0.12553477
-98.75000000000001,0.12553033
-98.76,0.12552586
-98.77000000000001,0.12552142
-98.78,0.12551695
-98.79,0.12551245
-98.80000000000001,0.12550804
-98.81,0.12550357
-98.82000000000001,0.12549908
-98.83000000000001,0.12549464
-98.84,0.12549016
-98.85000000000001,0.12548573
-98.86000000000001,0.12548122
-98.87,0.12547679
-98.88000000000001,0.12547235
-98.89,0.12546787
-98.9,0.12546343
-98.91000000000001,0.125459
-98.92,0.12545452
-98.93,0.12545007
-98.94000000000001,0.12544563
-98.95,0.12544116
-98.96000000000001,0.12543666
-98.97000000000001,0.12543228
-98.98,0.12542787
-98.99000000000001,0.12542336
-99.00000000000001,0.1254189
-99.01,0.1254144
-99.02000000000001,0.12540996
-99.03,0.12540562
-99.04,0.12540111
-99.05000000000001,0.12539673
-99.06,0.12539226
-99.07000000000001,0.12538782
-99.08000000000001,0.12538333
-99.09,0.12537894
-99.10000000000001,0.1253745
-99.11000000000001,0.12537009
-99.12,0.12536567
-99.13000000000001,0.1253612
-99.14,0.12535673
-99.15,0.12535235
-99.16000000000001,0.12534782
-99.17,0.12534349
-99.18,0.12533909
-99.19000000000001,0.1253346
-99.2,0.12533018
-99.21000000000001,0.12532578
-99.22000000000001,0.12532136
-99.23,0.1253169
-99.24000000000001,0.12531248
-99.25000000000001,0.12530807
-99.26,0.12530363
-99.27000000000001,0.12529923
-99.28,0.12529474
-99.29,0.12529036
-99.30000000000001,0.12528598
-99.31,0.12528154
-99.32000000000001,0.12527716
-99.33000000000001,0.12527269
-99.34,0.12526827
-99.35000000000001,0.12526387
-99.36000000000001,0.12525946
-99.37,0.12525505
-99.38000000000001,0.12525067
-99.39,0.12524626
-99.4,0.12524188
-99.41000000000001,0.12523744
-99.42,0.12523305
-99.43,0.12522864
-99.44000000000001,0.1252242
-99.45,0.12521982
-99.46000000000001,0.1252154
-99.47000000000001,0.12521099
-99.48,0.12520662
-99.49000000000001,0.12520218
-99.50000000000001,0.1251978
-99.51,0.12519342
-99.52000000000001,0.12518898
-99.53,0.12518463
-99.54,0.12518021
-99.55000000000001,0.12517586
-99.56,0.12517142
-99.57000000000001,0.12516701
-99.58000000000001,0.12516269
-99.59,0.12515825
-99.60000000000001,0.12515387
-99.61000000000001,0.12514949
-99.62,0.12514506
-99.63000000000001,0.12514073
-99.64,0.1251363
-99.65,0.12513193
-99.66000000000001,0.12512751
-99.67,0.12512317
-99.68,0.12511879
-99.69000000000001,0.12511438
-99.7,0.12510996
-99.71000000000001,0.1251056
-99.72000000000001,0.12510124
-99.73,0.12509686
-99.74000000000001,0.1250925
-99.75000000000001,0.1250881
-99.76,0.12508371
-99.77000000000001,0.12507933
-99.78,0.12507498
-99.79,0.1250706
-99.80000000000001,0.12506619
-99.81,0.12506187
-99.82000000000001,0.12505752
-99.83000000000001,0.12505317
-99.84,0.12504877
-99.85000000000001,0.12504438
-99.86000000000001,0.12504002
-99.87,0.12503561
-99.88000000000001,0.12503132
-99.89,0.12502693
-99.9,0.12502256
-99.91000000000001,0.12501815
-99.92,0.12501384
-99.93,0.12500946
-99.94000000000001,0.1250051
-99.95,0.12500075
-99.96000000000001,0.12499638
-99.97000000000001,0.12499201
-99.98,0.12498769
-99.99000000000001,0.124983355
-100.00000000000001,0.124979004
