,z,t,theta_train,psi_train
0,50.0,0.1,0.4298,-0.51
1,50.0,0.102,0.4297,-0.518
2,50.0,0.103,0.4297,-0.521
3,50.0,0.105,0.4297,-0.529
4,50.0,0.106,0.4297,-0.533
5,50.0,0.108,0.4297,-0.54
6,50.0,0.11,0.4297,-0.547
7,50.0,0.111,0.4297,-0.551
8,50.0,0.113,0.4297,-0.558
9,50.0,0.115,0.4297,-0.565
10,50.0,0.116,0.4297,-0.569
11,50.0,0.118,0.4297,-0.575
12,50.0,0.12,0.4297,-0.582
13,50.0,0.122,0.4297,-0.589
14,50.0,0.124,0.4297,-0.596
15,50.0,0.126,0.4297,-0.603
16,50.0,0.128,0.4297,-0.61
17,50.0,0.13,0.4297,-0.618
18,50.0,0.132,0.4297,-0.625
19,50.0,0.134,0.4297,-0.632
20,50.0,0.136,0.4296,-0.639
21,50.0,0.138,0.4296,-0.647
22,50.0,0.14,0.4296,-0.654
23,50.0,0.142,0.4296,-0.661
24,50.0,0.144,0.4296,-0.669
25,50.0,0.146,0.4296,-0.676
26,50.0,0.149,0.4296,-0.686
27,50.0,0.151,0.4296,-0.693
28,50.0,0.153,0.4296,-0.7
29,50.0,0.156,0.4296,-0.711
30,50.0,0.158,0.4296,-0.718
31,50.0,0.16,0.4296,-0.724
32,50.0,0.163,0.4296,-0.734
33,50.0,0.165,0.4296,-0.741
34,50.0,0.168,0.4295,-0.751
35,50.0,0.17,0.4295,-0.758
36,50.0,0.173,0.4295,-0.769
37,50.0,0.176,0.4295,-0.78
38,50.0,0.178,0.4295,-0.787
39,50.0,0.181,0.4295,-0.798
40,50.0,0.184,0.4295,-0.808
41,50.0,0.187,0.4295,-0.819
42,50.0,0.19,0.4295,-0.83
43,50.0,0.193,0.4295,-0.841
44,50.0,0.195,0.4295,-0.848
45,50.0,0.198,0.4294,-0.858
46,50.0,0.202,0.4294,-0.872
47,50.0,0.205,0.4294,-0.883
48,50.0,0.208,0.4294,-0.893
49,50.0,0.211,0.4294,-0.903
50,50.0,0.214,0.4294,-0.913
51,50.0,0.217,0.4294,-0.923
52,50.0,0.221,0.4294,-0.937
53,50.0,0.224,0.4294,-0.947
54,50.0,0.228,0.4293,-0.961
55,50.0,0.231,0.4293,-0.971
56,50.0,0.235,0.4293,-0.985
57,50.0,0.238,0.4293,-0.996
58,50.0,0.242,0.4293,-1.01
59,50.0,0.246,0.4293,-1.024
60,50.0,0.249,0.4293,-1.034
61,50.0,0.253,0.4292,-1.048
62,50.0,0.257,0.4292,-1.062
63,50.0,0.261,0.4292,-1.076
64,50.0,0.265,0.4292,-1.09
65,50.0,0.269,0.4292,-1.104
66,50.0,0.273,0.4292,-1.117
67,50.0,0.277,0.4291,-1.13
68,50.0,0.282,0.4291,-1.147
69,50.0,0.286,0.4291,-1.16
70,50.0,0.29,0.4291,-1.173
71,50.0,0.295,0.4291,-1.189
72,50.0,0.299,0.4291,-1.203
73,50.0,0.304,0.429,-1.219
74,50.0,0.309,0.429,-1.236
75,50.0,0.313,0.429,-1.25
76,50.0,0.318,0.429,-1.267
77,50.0,0.323,0.429,-1.284
78,50.0,0.328,0.4289,-1.301
79,50.0,0.333,0.4289,-1.318
80,50.0,0.338,0.4289,-1.334
81,50.0,0.343,0.4289,-1.351
82,50.0,0.349,0.4288,-1.371
83,50.0,0.354,0.4288,-1.387
84,50.0,0.359,0.4288,-1.404
85,50.0,0.365,0.4288,-1.423
86,50.0,0.371,0.4288,-1.442
87,50.0,0.376,0.4287,-1.457
88,50.0,0.382,0.4287,-1.476
89,50.0,0.388,0.4287,-1.494
90,50.0,0.394,0.4287,-1.513
91,50.0,0.4,0.4286,-1.532
92,50.0,0.406,0.4286,-1.552
93,50.0,0.412,0.4286,-1.571
94,50.0,0.419,0.4285,-1.593
95,50.0,0.425,0.4285,-1.613
96,50.0,0.432,0.4285,-1.635
97,50.0,0.438,0.4285,-1.654
98,50.0,0.445,0.4284,-1.676
99,50.0,0.452,0.4284,-1.699
100,50.0,0.459,0.4284,-1.72
101,50.0,0.466,0.4283,-1.742
102,50.0,0.473,0.4283,-1.764
103,50.0,0.48,0.4283,-1.785
104,50.0,0.488,0.4282,-1.808
105,50.0,0.495,0.4282,-1.829
106,50.0,0.503,0.4282,-1.852
107,50.0,0.51,0.4281,-1.873
108,50.0,0.518,0.4281,-1.896
109,50.0,0.526,0.4281,-1.92
110,50.0,0.534,0.428,-1.943
111,50.0,0.542,0.428,-1.967
112,50.0,0.551,0.4279,-1.994
113,50.0,0.559,0.4279,-2.018
114,50.0,0.568,0.4279,-2.045
115,50.0,0.576,0.4278,-2.069
116,50.0,0.585,0.4278,-2.095
117,50.0,0.594,0.4277,-2.122
118,50.0,0.603,0.4277,-2.148
119,50.0,0.613,0.4276,-2.177
120,50.0,0.622,0.4276,-2.203
121,50.0,0.632,0.4276,-2.231
122,50.0,0.641,0.4275,-2.256
123,50.0,0.651,0.4275,-2.283
124,50.0,0.661,0.4274,-2.31
125,50.0,0.671,0.4274,-2.337
126,50.0,0.682,0.4273,-2.366
127,50.0,0.692,0.4273,-2.393
128,50.0,0.703,0.4272,-2.423
129,50.0,0.713,0.4272,-2.45
130,50.0,0.724,0.4271,-2.48
131,50.0,0.736,0.4271,-2.513
132,50.0,0.747,0.427,-2.543
133,50.0,0.758,0.4269,-2.573
134,50.0,0.77,0.4269,-2.606
135,50.0,0.782,0.4268,-2.638
136,50.0,0.794,0.4268,-2.67
137,50.0,0.806,0.4267,-2.702
138,50.0,0.818,0.4267,-2.734
139,50.0,0.831,0.4266,-2.768
140,50.0,0.844,0.4265,-2.801
141,50.0,0.857,0.4265,-2.834
142,50.0,0.87,0.4264,-2.866
143,50.0,0.883,0.4264,-2.898
144,50.0,0.897,0.4263,-2.932
145,50.0,0.91,0.4262,-2.963
146,50.0,0.924,0.4262,-2.997
147,50.0,0.939,0.4261,-3.034
148,50.0,0.953,0.426,-3.068
149,50.0,0.968,0.4259,-3.105
150,50.0,0.982,0.4259,-3.139
151,50.0,0.997,0.4258,-3.176
152,50.0,1.013,0.4257,-3.215
153,50.0,1.028,0.4256,-3.252
154,50.0,1.044,0.4256,-3.291
155,50.0,1.06,0.4255,-3.329
156,50.0,1.076,0.4254,-3.368
157,50.0,1.093,0.4253,-3.408
158,50.0,1.11,0.4252,-3.448
159,50.0,1.127,0.4251,-3.488
160,50.0,1.144,0.4251,-3.527
161,50.0,1.162,0.425,-3.567
162,50.0,1.179,0.4249,-3.605
163,50.0,1.198,0.4248,-3.647
164,50.0,1.216,0.4247,-3.685
165,50.0,1.235,0.4246,-3.726
166,50.0,1.254,0.4246,-3.767
167,50.0,1.273,0.4245,-3.808
168,50.0,1.292,0.4244,-3.849
169,50.0,1.312,0.4243,-3.892
170,50.0,1.332,0.4242,-3.935
171,50.0,1.353,0.4241,-3.981
172,50.0,1.374,0.424,-4.026
173,50.0,1.395,0.4239,-4.071
174,50.0,1.416,0.4238,-4.116
175,50.0,1.438,0.4237,-4.163
176,50.0,1.46,0.4235,-4.209
177,50.0,1.482,0.4234,-4.256
178,50.0,1.505,0.4233,-4.303
179,50.0,1.528,0.4232,-4.351
180,50.0,1.552,0.4231,-4.4
181,50.0,1.575,0.423,-4.446
182,50.0,1.599,0.4229,-4.493
183,50.0,1.624,0.4228,-4.542
184,50.0,1.649,0.4227,-4.59
185,50.0,1.674,0.4226,-4.636
186,50.0,1.7,0.4224,-4.685
187,50.0,1.726,0.4223,-4.733
188,50.0,1.753,0.4222,-4.783
189,50.0,1.779,0.4221,-4.832
190,50.0,1.807,0.4219,-4.884
191,50.0,1.835,0.4218,-4.937
192,50.0,1.863,0.4217,-4.989
193,50.0,1.891,0.4215,-5.041
194,50.0,1.92,0.4214,-5.095
195,50.0,1.95,0.4213,-5.151
196,50.0,1.98,0.4211,-5.206
197,50.0,2.01,0.421,-5.261
198,50.0,2.041,0.4208,-5.317
199,50.0,2.072,0.4207,-5.373
200,50.0,2.104,0.4206,-5.43
201,50.0,2.136,0.4204,-5.487
202,50.0,2.169,0.4203,-5.544
203,50.0,2.202,0.4201,-5.601
204,50.0,2.236,0.42,-5.658
205,50.0,2.271,0.4198,-5.716
206,50.0,2.305,0.4197,-5.772
207,50.0,2.341,0.4195,-5.83
208,50.0,2.377,0.4194,-5.887
209,50.0,2.413,0.4192,-5.943
210,50.0,2.45,0.4191,-6.002
211,50.0,2.488,0.4189,-6.062
212,50.0,2.526,0.4187,-6.122
213,50.0,2.565,0.4186,-6.183
214,50.0,2.604,0.4184,-6.245
215,50.0,2.644,0.4182,-6.308
216,50.0,2.685,0.4181,-6.372
217,50.0,2.726,0.4179,-6.437
218,50.0,2.768,0.4177,-6.502
219,50.0,2.81,0.4175,-6.567
220,50.0,2.853,0.4173,-6.633
221,50.0,2.897,0.4171,-6.7
222,50.0,2.942,0.417,-6.769
223,50.0,2.987,0.4168,-6.836
224,50.0,3.033,0.4166,-6.904
225,50.0,3.079,0.4164,-6.972
226,50.0,3.126,0.4162,-7.039
227,50.0,3.174,0.416,-7.107
228,50.0,3.223,0.4158,-7.176
229,50.0,3.273,0.4156,-7.245
230,50.0,3.323,0.4155,-7.312
231,50.0,3.374,0.4153,-7.379
232,50.0,3.426,0.4151,-7.446
233,50.0,3.478,0.4149,-7.514
234,50.0,3.532,0.4147,-7.584
235,50.0,3.586,0.4145,-7.655
236,50.0,3.641,0.4142,-7.726
237,50.0,3.697,0.414,-7.799
238,50.0,3.754,0.4138,-7.873
239,50.0,3.811,0.4136,-7.947
240,50.0,3.87,0.4134,-8.024
241,50.0,3.929,0.4131,-8.1
242,50.0,3.989,0.4129,-8.177
243,50.0,4.051,0.4127,-8.255
244,50.0,4.113,0.4124,-8.334
245,50.0,4.176,0.4122,-8.413
246,50.0,4.24,0.412,-8.492
247,50.0,4.305,0.4117,-8.572
248,50.0,4.371,0.4115,-8.652
249,50.0,4.438,0.4112,-8.733
250,50.0,4.506,0.411,-8.814
251,50.0,4.575,0.4108,-8.895
252,50.0,4.646,0.4105,-8.977
253,50.0,4.717,0.4103,-9.057
254,50.0,4.789,0.41,-9.136
255,50.0,4.863,0.4098,-9.217
256,50.0,4.938,0.4096,-9.297
257,50.0,5.013,0.4093,-9.376
258,50.0,5.09,0.4091,-9.456
259,50.0,5.168,0.4088,-9.538
260,50.0,5.248,0.4085,-9.622
261,50.0,5.328,0.4083,-9.705
262,50.0,5.41,0.408,-9.791
263,50.0,5.493,0.4077,-9.877
264,50.0,5.577,0.4075,-9.965
265,50.0,5.663,0.4072,-10.054
266,50.0,5.75,0.4069,-10.144
267,50.0,5.838,0.4066,-10.234
268,50.0,5.928,0.4063,-10.326
269,50.0,6.019,0.406,-10.418
270,50.0,6.111,0.4057,-10.511
271,50.0,6.205,0.4055,-10.605
272,50.0,6.3,0.4052,-10.699
273,50.0,6.397,0.4049,-10.793
274,50.0,6.495,0.4046,-10.887
275,50.0,6.595,0.4043,-10.983
276,50.0,6.696,0.404,-11.079
277,50.0,6.799,0.4037,-11.176
278,50.0,6.903,0.4034,-11.271
279,50.0,7.009,0.4031,-11.366
280,50.0,7.117,0.4028,-11.461
281,50.0,7.226,0.4025,-11.555
282,50.0,7.337,0.4022,-11.649
283,50.0,7.45,0.4019,-11.743
284,50.0,7.564,0.4016,-11.836
285,50.0,7.68,0.4013,-11.931
286,50.0,7.798,0.401,-12.027
287,50.0,7.918,0.4006,-12.125
288,50.0,8.039,0.4003,-12.223
289,50.0,8.162,0.4,-12.323
290,50.0,8.288,0.3997,-12.425
291,50.0,8.415,0.3994,-12.527
292,50.0,8.544,0.399,-12.631
293,50.0,8.675,0.3987,-12.735
294,50.0,8.808,0.3983,-12.841
295,50.0,8.944,0.398,-12.949
296,50.0,9.081,0.3976,-13.057
297,50.0,9.22,0.3973,-13.165
298,50.0,9.362,0.3969,-13.275
299,50.0,9.505,0.3966,-13.384
300,50.0,9.651,0.3962,-13.494
301,50.0,9.799,0.3959,-13.605
302,50.0,9.95,0.3955,-13.717
303,50.0,10.103,0.3951,-13.83
304,50.0,10.258,0.3948,-13.944
305,50.0,10.415,0.3944,-14.057
306,50.0,10.575,0.3941,-14.169
307,50.0,10.737,0.3937,-14.28
308,50.0,10.902,0.3933,-14.391
309,50.0,11.069,0.393,-14.5
310,50.0,11.239,0.3926,-14.611
311,50.0,11.412,0.3923,-14.722
312,50.0,11.587,0.3919,-14.831
313,50.0,11.765,0.3916,-14.941
314,50.0,11.945,0.3912,-15.052
315,50.0,12.129,0.3908,-15.165
316,50.0,12.315,0.3905,-15.278
317,50.0,12.504,0.3901,-15.393
318,50.0,12.696,0.3897,-15.509
319,50.0,12.891,0.3894,-15.626
320,50.0,13.089,0.389,-15.745
321,50.0,13.289,0.3886,-15.865
322,50.0,13.493,0.3882,-15.987
323,50.0,13.701,0.3878,-16.111
324,50.0,13.911,0.3874,-16.235
325,50.0,14.124,0.387,-16.36
326,50.0,14.341,0.3866,-16.486
327,50.0,14.561,0.3862,-16.613
328,50.0,14.785,0.3858,-16.74
329,50.0,15.012,0.3854,-16.868
330,50.0,15.242,0.385,-16.996
331,50.0,15.476,0.3846,-17.127
332,50.0,15.714,0.3841,-17.258
333,50.0,15.955,0.3837,-17.391
334,50.0,16.2,0.3833,-17.525
335,50.0,16.448,0.3828,-17.657
336,50.0,16.701,0.3824,-17.788
337,50.0,16.957,0.382,-17.917
338,50.0,17.217,0.3816,-18.045
339,50.0,17.482,0.3812,-18.173
340,50.0,17.75,0.3808,-18.301
341,50.0,18.022,0.3804,-18.428
342,50.0,18.299,0.38,-18.557
343,50.0,18.58,0.3795,-18.686
344,50.0,18.865,0.3791,-18.814
345,50.0,19.155,0.3787,-18.944
346,50.0,19.449,0.3783,-19.075
347,50.0,19.747,0.3779,-19.206
348,50.0,20.05,0.3775,-19.338
349,50.0,20.358,0.3771,-19.471
350,50.0,20.671,0.3767,-19.606
351,50.0,20.988,0.3763,-19.741
352,50.0,21.31,0.3759,-19.878
353,50.0,21.637,0.3755,-20.017
354,50.0,21.969,0.375,-20.158
355,50.0,22.306,0.3746,-20.3
356,50.0,22.649,0.3741,-20.444
357,50.0,22.996,0.3737,-20.588
358,50.0,23.349,0.3733,-20.733
359,50.0,23.708,0.3728,-20.878
360,50.0,24.072,0.3724,-21.023
361,50.0,24.441,0.3719,-21.168
362,50.0,24.816,0.3715,-21.316
363,50.0,25.197,0.371,-21.464
364,50.0,25.584,0.3705,-21.614
365,50.0,25.977,0.3701,-21.766
366,50.0,26.375,0.3696,-21.918
367,50.0,26.78,0.3691,-22.072
368,50.0,27.191,0.3687,-22.228
369,50.0,27.608,0.3682,-22.383
370,50.0,28.032,0.3677,-22.535
371,50.0,28.462,0.3673,-22.684
372,50.0,28.899,0.3668,-22.831
373,50.0,29.343,0.3664,-22.975
374,50.0,29.793,0.3659,-23.117
375,50.0,30.251,0.3655,-23.26
376,50.0,30.715,0.3651,-23.403
377,50.0,31.186,0.3646,-23.546
378,50.0,31.665,0.3642,-23.69
379,50.0,32.151,0.3638,-23.836
380,50.0,32.645,0.3634,-23.983
381,50.0,33.146,0.3629,-24.133
382,50.0,33.654,0.3625,-24.285
383,50.0,34.171,0.3621,-24.44
384,50.0,34.695,0.3616,-24.596
385,50.0,35.228,0.3612,-24.75
386,50.0,35.769,0.3608,-24.905
387,50.0,36.318,0.3603,-25.061
388,50.0,36.875,0.3599,-25.217
389,50.0,37.441,0.3594,-25.375
390,50.0,38.016,0.359,-25.533
391,50.0,38.599,0.3585,-25.693
392,50.0,39.192,0.3581,-25.854
393,50.0,39.793,0.3576,-26.017
394,50.0,40.404,0.3572,-26.181
395,50.0,41.024,0.3567,-26.348
396,50.0,41.654,0.3562,-26.516
397,50.0,42.293,0.3558,-26.682
398,50.0,42.942,0.3553,-26.847
399,50.0,43.601,0.3548,-27.009
400,50.0,44.271,0.3544,-27.168
401,50.0,44.95,0.3539,-27.325
402,50.0,45.64,0.3535,-27.483
403,50.0,46.341,0.3531,-27.641
404,50.0,47.052,0.3526,-27.801
405,50.0,47.774,0.3522,-27.961
406,50.0,48.507,0.3517,-28.123
407,50.0,49.252,0.3512,-28.286
408,50.0,50.008,0.3508,-28.451
409,50.0,50.775,0.3503,-28.616
410,50.0,51.555,0.3498,-28.783
411,50.0,52.346,0.3494,-28.951
412,50.0,53.15,0.3489,-29.122
413,50.0,53.965,0.3484,-29.295
414,50.0,54.794,0.3479,-29.47
415,50.0,55.635,0.3474,-29.648
416,50.0,56.489,0.3469,-29.824
417,50.0,57.356,0.3465,-29.987
418,50.0,58.236,0.3461,-30.148
419,50.0,59.13,0.3457,-30.308
420,50.0,60.037,0.3453,-30.469
421,50.0,60.959,0.3449,-30.63
422,50.0,61.895,0.3445,-30.792
423,50.0,62.845,0.3441,-30.955
424,50.0,63.809,0.3437,-31.12
425,50.0,64.789,0.3433,-31.286
426,50.0,65.783,0.3429,-31.454
427,50.0,66.793,0.3425,-31.624
428,50.0,67.818,0.342,-31.795
429,50.0,68.859,0.3416,-31.964
430,50.0,69.916,0.3412,-32.129
431,50.0,70.989,0.3408,-32.289
432,50.0,72.078,0.3404,-32.444
433,50.0,73.185,0.34,-32.596
434,50.0,74.308,0.3397,-32.745
435,50.0,75.449,0.3393,-32.894
436,50.0,76.607,0.3389,-33.044
437,50.0,77.783,0.3386,-33.196
438,50.0,78.976,0.3382,-33.349
439,50.0,80.189,0.3378,-33.504
440,50.0,81.419,0.3374,-33.661
441,50.0,82.669,0.337,-33.82
442,50.0,83.938,0.3366,-33.98
443,50.0,85.226,0.3362,-34.143
444,50.0,86.534,0.3358,-34.307
445,50.0,87.863,0.3354,-34.474
446,50.0,89.211,0.335,-34.642
447,50.0,90.581,0.3346,-34.813
448,50.0,91.971,0.3341,-34.985
449,50.0,93.382,0.3337,-35.159
450,50.0,94.816,0.3333,-35.335
451,50.0,96.271,0.3328,-35.513
452,50.0,97.749,0.3324,-35.693
453,50.0,99.249,0.3319,-35.875
454,50.0,100.772,0.3315,-36.059
455,50.0,102.319,0.331,-36.245
456,50.0,103.89,0.3306,-36.432
457,50.0,105.484,0.3301,-36.622
458,50.0,107.103,0.3296,-36.813
459,50.0,108.747,0.3291,-37.006
460,50.0,110.416,0.3287,-37.199
461,50.0,112.111,0.3282,-37.376
462,50.0,113.832,0.3278,-37.544
463,50.0,115.579,0.3274,-37.707
464,50.0,117.353,0.3271,-37.869
465,50.0,119.154,0.3268,-38.031
466,50.0,120.983,0.3264,-38.193
467,50.0,122.84,0.3261,-38.356
468,50.0,124.726,0.3257,-38.52
469,50.0,126.64,0.3254,-38.685
470,50.0,128.584,0.3251,-38.852
471,50.0,130.558,0.3247,-39.021
472,50.0,132.561,0.3243,-39.19
473,50.0,134.596,0.324,-39.362
474,50.0,136.662,0.3236,-39.534
475,50.0,138.76,0.3233,-39.708
476,50.0,140.889,0.3229,-39.878
477,50.0,143.052,0.3226,-40.042
478,50.0,145.248,0.3222,-40.201
479,50.0,147.477,0.3219,-40.355
480,50.0,149.741,0.3216,-40.506
481,50.0,152.039,0.3213,-40.654
482,50.0,154.373,0.321,-40.8
483,50.0,156.742,0.3207,-40.942
484,50.0,159.148,0.3204,-41.08
485,50.0,161.591,0.3201,-41.211
486,50.0,164.071,0.3199,-41.336
487,50.0,166.589,0.3196,-41.452
488,50.0,169.146,0.3194,-41.558
489,50.0,171.742,0.3192,-41.653
490,50.0,174.378,0.3191,-41.736
491,50.0,177.055,0.3189,-41.81
492,50.0,179.772,0.3188,-41.873
493,50.0,182.532,0.3187,-41.928
494,50.0,185.333,0.3186,-41.977
495,50.0,188.178,0.3185,-42.018
496,50.0,191.066,0.3184,-42.052
497,50.0,193.999,0.3184,-42.075
498,50.0,196.977,0.3183,-42.087
499,50.0,200.0,0.3183,-42.092
500,55.0,0.1,0.4297,-0.573
501,55.0,0.102,0.4297,-0.581
502,55.0,0.103,0.4297,-0.584
503,55.0,0.105,0.4297,-0.592
504,55.0,0.106,0.4297,-0.596
505,55.0,0.108,0.4297,-0.604
506,55.0,0.11,0.4297,-0.612
507,55.0,0.111,0.4297,-0.616
508,55.0,0.113,0.4297,-0.624
509,55.0,0.115,0.4297,-0.632
510,55.0,0.116,0.4296,-0.636
511,55.0,0.118,0.4296,-0.644
512,55.0,0.12,0.4296,-0.653
513,55.0,0.122,0.4296,-0.661
514,55.0,0.124,0.4296,-0.669
515,55.0,0.126,0.4296,-0.677
516,55.0,0.128,0.4296,-0.685
517,55.0,0.13,0.4296,-0.693
518,55.0,0.132,0.4296,-0.7
519,55.0,0.134,0.4296,-0.708
520,55.0,0.136,0.4296,-0.716
521,55.0,0.138,0.4296,-0.723
522,55.0,0.14,0.4296,-0.731
523,55.0,0.142,0.4296,-0.738
524,55.0,0.144,0.4296,-0.746
525,55.0,0.146,0.4295,-0.754
526,55.0,0.149,0.4295,-0.766
527,55.0,0.151,0.4295,-0.774
528,55.0,0.153,0.4295,-0.782
529,55.0,0.156,0.4295,-0.794
530,55.0,0.158,0.4295,-0.802
531,55.0,0.16,0.4295,-0.81
532,55.0,0.163,0.4295,-0.822
533,55.0,0.165,0.4295,-0.83
534,55.0,0.168,0.4295,-0.842
535,55.0,0.17,0.4295,-0.85
536,55.0,0.173,0.4294,-0.862
537,55.0,0.176,0.4294,-0.873
538,55.0,0.178,0.4294,-0.881
539,55.0,0.181,0.4294,-0.893
540,55.0,0.184,0.4294,-0.904
541,55.0,0.187,0.4294,-0.915
542,55.0,0.19,0.4294,-0.927
543,55.0,0.193,0.4294,-0.938
544,55.0,0.195,0.4294,-0.946
545,55.0,0.198,0.4293,-0.957
546,55.0,0.202,0.4293,-0.973
547,55.0,0.205,0.4293,-0.985
548,55.0,0.208,0.4293,-0.997
549,55.0,0.211,0.4293,-1.009
550,55.0,0.214,0.4293,-1.021
551,55.0,0.217,0.4293,-1.032
552,55.0,0.221,0.4292,-1.048
553,55.0,0.224,0.4292,-1.06
554,55.0,0.228,0.4292,-1.076
555,55.0,0.231,0.4292,-1.087
556,55.0,0.235,0.4292,-1.103
557,55.0,0.238,0.4292,-1.114
558,55.0,0.242,0.4291,-1.129
559,55.0,0.246,0.4291,-1.144
560,55.0,0.249,0.4291,-1.155
561,55.0,0.253,0.4291,-1.17
562,55.0,0.257,0.4291,-1.185
563,55.0,0.261,0.4291,-1.2
564,55.0,0.265,0.429,-1.215
565,55.0,0.269,0.429,-1.23
566,55.0,0.273,0.429,-1.245
567,55.0,0.277,0.429,-1.26
568,55.0,0.282,0.429,-1.28
569,55.0,0.286,0.4289,-1.295
570,55.0,0.29,0.4289,-1.31
571,55.0,0.295,0.4289,-1.329
572,55.0,0.299,0.4289,-1.344
573,55.0,0.304,0.4289,-1.363
574,55.0,0.309,0.4288,-1.382
575,55.0,0.313,0.4288,-1.396
576,55.0,0.318,0.4288,-1.414
577,55.0,0.323,0.4288,-1.432
578,55.0,0.328,0.4287,-1.45
579,55.0,0.333,0.4287,-1.467
580,55.0,0.338,0.4287,-1.485
581,55.0,0.343,0.4287,-1.503
582,55.0,0.349,0.4286,-1.524
583,55.0,0.354,0.4286,-1.542
584,55.0,0.359,0.4286,-1.56
585,55.0,0.365,0.4286,-1.582
586,55.0,0.371,0.4285,-1.604
587,55.0,0.376,0.4285,-1.622
588,55.0,0.382,0.4285,-1.644
589,55.0,0.388,0.4284,-1.665
590,55.0,0.394,0.4284,-1.686
591,55.0,0.4,0.4284,-1.708
592,55.0,0.406,0.4283,-1.729
593,55.0,0.412,0.4283,-1.75
594,55.0,0.419,0.4283,-1.774
595,55.0,0.425,0.4283,-1.794
596,55.0,0.432,0.4282,-1.817
597,55.0,0.438,0.4282,-1.837
598,55.0,0.445,0.4282,-1.86
599,55.0,0.452,0.4281,-1.883
600,55.0,0.459,0.4281,-1.907
601,55.0,0.466,0.428,-1.93
602,55.0,0.473,0.428,-1.954
603,55.0,0.48,0.428,-1.977
604,55.0,0.488,0.4279,-2.004
605,55.0,0.495,0.4279,-2.027
606,55.0,0.503,0.4278,-2.054
607,55.0,0.51,0.4278,-2.078
608,55.0,0.518,0.4278,-2.104
609,55.0,0.526,0.4277,-2.131
610,55.0,0.534,0.4277,-2.157
611,55.0,0.542,0.4276,-2.183
612,55.0,0.551,0.4276,-2.211
613,55.0,0.559,0.4275,-2.237
614,55.0,0.568,0.4275,-2.265
615,55.0,0.576,0.4275,-2.289
616,55.0,0.585,0.4274,-2.317
617,55.0,0.594,0.4274,-2.344
618,55.0,0.603,0.4273,-2.371
619,55.0,0.613,0.4273,-2.402
620,55.0,0.622,0.4272,-2.429
621,55.0,0.632,0.4272,-2.46
622,55.0,0.641,0.4271,-2.487
623,55.0,0.651,0.427,-2.518
624,55.0,0.661,0.427,-2.549
625,55.0,0.671,0.4269,-2.579
626,55.0,0.682,0.4269,-2.613
627,55.0,0.692,0.4268,-2.643
628,55.0,0.703,0.4268,-2.676
629,55.0,0.713,0.4267,-2.706
630,55.0,0.724,0.4266,-2.738
631,55.0,0.736,0.4266,-2.774
632,55.0,0.747,0.4265,-2.805
633,55.0,0.758,0.4265,-2.837
634,55.0,0.77,0.4264,-2.87
635,55.0,0.782,0.4263,-2.903
636,55.0,0.794,0.4263,-2.936
637,55.0,0.806,0.4262,-2.969
638,55.0,0.818,0.4261,-3.001
639,55.0,0.831,0.4261,-3.037
640,55.0,0.844,0.426,-3.073
641,55.0,0.857,0.4259,-3.109
642,55.0,0.87,0.4259,-3.144
643,55.0,0.883,0.4258,-3.18
644,55.0,0.897,0.4257,-3.218
645,55.0,0.91,0.4256,-3.254
646,55.0,0.924,0.4255,-3.292
647,55.0,0.939,0.4255,-3.332
648,55.0,0.953,0.4254,-3.37
649,55.0,0.968,0.4253,-3.41
650,55.0,0.982,0.4252,-3.447
651,55.0,0.997,0.4252,-3.486
652,55.0,1.013,0.4251,-3.527
653,55.0,1.028,0.425,-3.565
654,55.0,1.044,0.4249,-3.605
655,55.0,1.06,0.4248,-3.644
656,55.0,1.076,0.4247,-3.683
657,55.0,1.093,0.4247,-3.724
658,55.0,1.11,0.4246,-3.765
659,55.0,1.127,0.4245,-3.806
660,55.0,1.144,0.4244,-3.847
661,55.0,1.162,0.4243,-3.891
662,55.0,1.179,0.4242,-3.932
663,55.0,1.198,0.4241,-3.978
664,55.0,1.216,0.424,-4.021
665,55.0,1.235,0.4239,-4.067
666,55.0,1.254,0.4238,-4.112
667,55.0,1.273,0.4237,-4.158
668,55.0,1.292,0.4236,-4.203
669,55.0,1.312,0.4235,-4.25
670,55.0,1.332,0.4233,-4.296
671,55.0,1.353,0.4232,-4.344
672,55.0,1.374,0.4231,-4.392
673,55.0,1.395,0.423,-4.439
674,55.0,1.416,0.4229,-4.486
675,55.0,1.438,0.4228,-4.534
676,55.0,1.46,0.4227,-4.581
677,55.0,1.482,0.4226,-4.627
678,55.0,1.505,0.4225,-4.675
679,55.0,1.528,0.4223,-4.723
680,55.0,1.552,0.4222,-4.773
681,55.0,1.575,0.4221,-4.821
682,55.0,1.599,0.422,-4.872
683,55.0,1.624,0.4218,-4.924
684,55.0,1.649,0.4217,-4.976
685,55.0,1.674,0.4216,-5.028
686,55.0,1.7,0.4214,-5.082
687,55.0,1.726,0.4213,-5.136
688,55.0,1.753,0.4212,-5.191
689,55.0,1.779,0.421,-5.244
690,55.0,1.807,0.4209,-5.301
691,55.0,1.835,0.4207,-5.357
692,55.0,1.863,0.4206,-5.413
693,55.0,1.891,0.4205,-5.468
694,55.0,1.92,0.4203,-5.525
695,55.0,1.95,0.4202,-5.582
696,55.0,1.98,0.42,-5.639
697,55.0,2.01,0.4199,-5.696
698,55.0,2.041,0.4197,-5.753
699,55.0,2.072,0.4196,-5.808
700,55.0,2.104,0.4195,-5.865
701,55.0,2.136,0.4193,-5.921
702,55.0,2.169,0.4191,-5.979
703,55.0,2.202,0.419,-6.038
704,55.0,2.236,0.4188,-6.098
705,55.0,2.271,0.4186,-6.159
706,55.0,2.305,0.4185,-6.219
707,55.0,2.341,0.4183,-6.282
708,55.0,2.377,0.4181,-6.345
709,55.0,2.413,0.418,-6.408
710,55.0,2.45,0.4178,-6.472
711,55.0,2.488,0.4176,-6.538
712,55.0,2.526,0.4174,-6.603
713,55.0,2.565,0.4172,-6.669
714,55.0,2.604,0.4171,-6.735
715,55.0,2.644,0.4169,-6.802
716,55.0,2.685,0.4167,-6.87
717,55.0,2.726,0.4165,-6.937
718,55.0,2.768,0.4163,-7.005
719,55.0,2.81,0.4161,-7.072
720,55.0,2.853,0.4159,-7.139
721,55.0,2.897,0.4157,-7.207
722,55.0,2.942,0.4156,-7.275
723,55.0,2.987,0.4154,-7.342
724,55.0,3.033,0.4152,-7.409
725,55.0,3.079,0.415,-7.476
726,55.0,3.126,0.4148,-7.544
727,55.0,3.174,0.4146,-7.613
728,55.0,3.223,0.4144,-7.684
729,55.0,3.273,0.4141,-7.757
730,55.0,3.323,0.4139,-7.829
731,55.0,3.374,0.4137,-7.903
732,55.0,3.426,0.4135,-7.977
733,55.0,3.478,0.4133,-8.052
734,55.0,3.532,0.413,-8.129
735,55.0,3.586,0.4128,-8.205
736,55.0,3.641,0.4126,-8.282
737,55.0,3.697,0.4123,-8.361
738,55.0,3.754,0.4121,-8.44
739,55.0,3.811,0.4119,-8.518
740,55.0,3.87,0.4116,-8.598
741,55.0,3.929,0.4114,-8.677
742,55.0,3.989,0.4112,-8.757
743,55.0,4.051,0.4109,-8.838
744,55.0,4.113,0.4107,-8.918
745,55.0,4.176,0.4104,-8.999
746,55.0,4.24,0.4102,-9.079
747,55.0,4.305,0.41,-9.158
748,55.0,4.371,0.4097,-9.237
749,55.0,4.438,0.4095,-9.317
750,55.0,4.506,0.4093,-9.396
751,55.0,4.575,0.409,-9.476
752,55.0,4.646,0.4087,-9.559
753,55.0,4.717,0.4085,-9.641
754,55.0,4.789,0.4082,-9.725
755,55.0,4.863,0.408,-9.811
756,55.0,4.938,0.4077,-9.897
757,55.0,5.013,0.4074,-9.983
758,55.0,5.09,0.4071,-10.072
759,55.0,5.168,0.4068,-10.161
760,55.0,5.248,0.4066,-10.252
761,55.0,5.328,0.4063,-10.342
762,55.0,5.41,0.406,-10.434
763,55.0,5.493,0.4057,-10.526
764,55.0,5.577,0.4054,-10.619
765,55.0,5.663,0.4051,-10.713
766,55.0,5.75,0.4048,-10.806
767,55.0,5.838,0.4045,-10.9
768,55.0,5.928,0.4042,-10.994
769,55.0,6.019,0.4039,-11.089
770,55.0,6.111,0.4036,-11.185
771,55.0,6.205,0.4033,-11.28
772,55.0,6.3,0.403,-11.375
773,55.0,6.397,0.4027,-11.469
774,55.0,6.495,0.4024,-11.563
775,55.0,6.595,0.4022,-11.657
776,55.0,6.696,0.4019,-11.75
777,55.0,6.799,0.4016,-11.844
778,55.0,6.903,0.4013,-11.938
779,55.0,7.009,0.4009,-12.034
780,55.0,7.117,0.4006,-12.132
781,55.0,7.226,0.4003,-12.23
782,55.0,7.337,0.4,-12.329
783,55.0,7.45,0.3997,-12.431
784,55.0,7.564,0.3993,-12.533
785,55.0,7.68,0.399,-12.636
786,55.0,7.798,0.3987,-12.74
787,55.0,7.918,0.3983,-12.846
788,55.0,8.039,0.398,-12.951
789,55.0,8.162,0.3976,-13.058
790,55.0,8.288,0.3973,-13.167
791,55.0,8.415,0.3969,-13.275
792,55.0,8.544,0.3966,-13.384
793,55.0,8.675,0.3962,-13.493
794,55.0,8.808,0.3959,-13.604
795,55.0,8.944,0.3955,-13.717
796,55.0,9.081,0.3951,-13.829
797,55.0,9.22,0.3948,-13.941
798,55.0,9.362,0.3944,-14.053
799,55.0,9.505,0.3941,-14.164
800,55.0,9.651,0.3937,-14.274
801,55.0,9.799,0.3934,-14.384
802,55.0,9.95,0.393,-14.496
803,55.0,10.103,0.3926,-14.608
804,55.0,10.258,0.3923,-14.719
805,55.0,10.415,0.3919,-14.829
806,55.0,10.575,0.3916,-14.938
807,55.0,10.737,0.3912,-15.048
808,55.0,10.902,0.3909,-15.16
809,55.0,11.069,0.3905,-15.273
810,55.0,11.239,0.3901,-15.387
811,55.0,11.412,0.3898,-15.504
812,55.0,11.587,0.3894,-15.621
813,55.0,11.765,0.389,-15.741
814,55.0,11.945,0.3886,-15.861
815,55.0,12.129,0.3882,-15.983
816,55.0,12.315,0.3878,-16.106
817,55.0,12.504,0.3874,-16.23
818,55.0,12.696,0.387,-16.354
819,55.0,12.891,0.3866,-16.48
820,55.0,13.089,0.3862,-16.607
821,55.0,13.289,0.3858,-16.734
822,55.0,13.493,0.3854,-16.863
823,55.0,13.701,0.385,-16.994
824,55.0,13.911,0.3846,-17.124
825,55.0,14.124,0.3841,-17.255
826,55.0,14.341,0.3837,-17.385
827,55.0,14.561,0.3833,-17.514
828,55.0,14.785,0.3829,-17.643
829,55.0,15.012,0.3825,-17.772
830,55.0,15.242,0.3821,-17.902
831,55.0,15.476,0.3816,-18.033
832,55.0,15.714,0.3812,-18.166
833,55.0,15.955,0.3808,-18.3
834,55.0,16.2,0.3804,-18.432
835,55.0,16.448,0.3799,-18.561
836,55.0,16.701,0.3795,-18.689
837,55.0,16.957,0.3791,-18.814
838,55.0,17.217,0.3788,-18.942
839,55.0,17.482,0.3784,-19.071
840,55.0,17.75,0.378,-19.202
841,55.0,18.022,0.3775,-19.335
842,55.0,18.299,0.3771,-19.47
843,55.0,18.58,0.3767,-19.607
844,55.0,18.865,0.3763,-19.745
845,55.0,19.155,0.3759,-19.885
846,55.0,19.449,0.3754,-20.026
847,55.0,19.747,0.375,-20.169
848,55.0,20.05,0.3745,-20.312
849,55.0,20.358,0.3741,-20.456
850,55.0,20.671,0.3737,-20.602
851,55.0,20.988,0.3732,-20.748
852,55.0,21.31,0.3728,-20.896
853,55.0,21.637,0.3723,-21.045
854,55.0,21.969,0.3718,-21.196
855,55.0,22.306,0.3714,-21.347
856,55.0,22.649,0.3709,-21.498
857,55.0,22.996,0.3704,-21.647
858,55.0,23.349,0.37,-21.796
859,55.0,23.708,0.3695,-21.945
860,55.0,24.072,0.3691,-22.093
861,55.0,24.441,0.3686,-22.241
862,55.0,24.816,0.3682,-22.39
863,55.0,25.197,0.3677,-22.539
864,55.0,25.584,0.3672,-22.69
865,55.0,25.977,0.3668,-22.843
866,55.0,26.375,0.3663,-22.998
867,55.0,26.78,0.3658,-23.155
868,55.0,27.191,0.3653,-23.312
869,55.0,27.608,0.3649,-23.466
870,55.0,28.032,0.3644,-23.615
871,55.0,28.462,0.364,-23.761
872,55.0,28.899,0.3636,-23.907
873,55.0,29.343,0.3632,-24.054
874,55.0,29.793,0.3627,-24.203
875,55.0,30.251,0.3623,-24.354
876,55.0,30.715,0.3619,-24.507
877,55.0,31.186,0.3615,-24.661
878,55.0,31.665,0.361,-24.816
879,55.0,32.151,0.3606,-24.973
880,55.0,32.645,0.3601,-25.131
881,55.0,33.146,0.3597,-25.291
882,55.0,33.654,0.3592,-25.452
883,55.0,34.171,0.3588,-25.616
884,55.0,34.695,0.3583,-25.782
885,55.0,35.228,0.3578,-25.949
886,55.0,35.769,0.3573,-26.118
887,55.0,36.318,0.3569,-26.287
888,55.0,36.875,0.3564,-26.458
889,55.0,37.441,0.3559,-26.63
890,55.0,38.016,0.3554,-26.804
891,55.0,38.599,0.3549,-26.978
892,55.0,39.192,0.3544,-27.154
893,55.0,39.793,0.3539,-27.332
894,55.0,40.404,0.3534,-27.512
895,55.0,41.024,0.3529,-27.693
896,55.0,41.654,0.3524,-27.872
897,55.0,42.293,0.3519,-28.045
898,55.0,42.942,0.3514,-28.217
899,55.0,43.601,0.351,-28.384
900,55.0,44.271,0.3505,-28.546
901,55.0,44.95,0.3501,-28.707
902,55.0,45.64,0.3496,-28.869
903,55.0,46.341,0.3491,-29.031
904,55.0,47.052,0.3487,-29.195
905,55.0,47.774,0.3482,-29.359
906,55.0,48.507,0.3478,-29.524
907,55.0,49.252,0.3473,-29.691
908,55.0,50.008,0.3468,-29.858
909,55.0,50.775,0.3464,-30.026
910,55.0,51.555,0.346,-30.197
911,55.0,52.346,0.3456,-30.369
912,55.0,53.15,0.3451,-30.545
913,55.0,53.965,0.3447,-30.724
914,55.0,54.794,0.3442,-30.906
915,55.0,55.635,0.3438,-31.092
916,55.0,56.489,0.3433,-31.28
917,55.0,57.356,0.3428,-31.466
918,55.0,58.236,0.3424,-31.65
919,55.0,59.13,0.3419,-31.834
920,55.0,60.037,0.3415,-32.018
921,55.0,60.959,0.341,-32.203
922,55.0,61.895,0.3406,-32.389
923,55.0,62.845,0.3401,-32.577
924,55.0,63.809,0.3396,-32.766
925,55.0,64.789,0.3392,-32.957
926,55.0,65.783,0.3387,-33.149
927,55.0,66.793,0.3382,-33.344
928,55.0,67.818,0.3377,-33.538
929,55.0,68.859,0.3373,-33.726
930,55.0,69.916,0.3368,-33.907
931,55.0,70.989,0.3364,-34.082
932,55.0,72.078,0.336,-34.248
933,55.0,73.185,0.3356,-34.409
934,55.0,74.308,0.3352,-34.565
935,55.0,75.449,0.3348,-34.721
936,55.0,76.607,0.3344,-34.878
937,55.0,77.783,0.334,-35.037
938,55.0,78.976,0.3336,-35.198
939,55.0,80.189,0.3332,-35.361
940,55.0,81.419,0.3328,-35.526
941,55.0,82.669,0.3324,-35.694
942,55.0,83.938,0.332,-35.863
943,55.0,85.226,0.3315,-36.035
944,55.0,86.534,0.3311,-36.209
945,55.0,87.863,0.3307,-36.385
946,55.0,89.211,0.3302,-36.563
947,55.0,90.581,0.3298,-36.744
948,55.0,91.971,0.3293,-36.928
949,55.0,93.382,0.3289,-37.113
950,55.0,94.816,0.3284,-37.301
951,55.0,96.271,0.3279,-37.491
952,55.0,97.749,0.3275,-37.684
953,55.0,99.249,0.3271,-37.879
954,55.0,100.772,0.3267,-38.077
955,55.0,102.319,0.3262,-38.277
956,55.0,103.89,0.3258,-38.48
957,55.0,105.484,0.3254,-38.685
958,55.0,107.103,0.325,-38.893
959,55.0,108.747,0.3245,-39.104
960,55.0,110.416,0.3241,-39.316
961,55.0,112.111,0.3237,-39.521
962,55.0,113.832,0.3232,-39.721
963,55.0,115.579,0.3228,-39.918
964,55.0,117.353,0.3224,-40.116
965,55.0,119.154,0.322,-40.314
966,55.0,120.983,0.3216,-40.513
967,55.0,122.84,0.3212,-40.713
968,55.0,124.726,0.3208,-40.916
969,55.0,126.64,0.3203,-41.12
970,55.0,128.584,0.3199,-41.326
971,55.0,130.558,0.3195,-41.534
972,55.0,132.561,0.319,-41.743
973,55.0,134.596,0.3186,-41.955
974,55.0,136.662,0.3182,-42.168
975,55.0,138.76,0.3177,-42.382
976,55.0,140.889,0.3173,-42.588
977,55.0,143.052,0.3169,-42.785
978,55.0,145.248,0.3165,-42.975
979,55.0,147.477,0.3161,-43.161
980,55.0,149.741,0.3157,-43.344
981,55.0,152.039,0.3153,-43.525
982,55.0,154.373,0.315,-43.702
983,55.0,156.742,0.3146,-43.875
984,55.0,159.148,0.3143,-44.041
985,55.0,161.591,0.3139,-44.2
986,55.0,164.071,0.3136,-44.349
987,55.0,166.589,0.3133,-44.486
988,55.0,169.146,0.3131,-44.61
989,55.0,171.742,0.3129,-44.718
990,55.0,174.378,0.3127,-44.813
991,55.0,177.055,0.3125,-44.895
992,55.0,179.772,0.3123,-44.965
993,55.0,182.532,0.3122,-45.028
994,55.0,185.333,0.3121,-45.082
995,55.0,188.178,0.312,-45.126
996,55.0,191.066,0.3119,-45.164
997,55.0,193.999,0.3119,-45.191
998,55.0,196.977,0.3119,-45.201
999,55.0,200.0,0.3118,-45.206
1000,60.0,0.1,0.4296,-0.65
1001,60.0,0.102,0.4296,-0.659
1002,60.0,0.103,0.4296,-0.663
1003,60.0,0.105,0.4296,-0.672
1004,60.0,0.106,0.4296,-0.677
1005,60.0,0.108,0.4296,-0.686
1006,60.0,0.11,0.4296,-0.695
1007,60.0,0.111,0.4296,-0.699
1008,60.0,0.113,0.4296,-0.708
1009,60.0,0.115,0.4296,-0.717
1010,60.0,0.116,0.4296,-0.721
1011,60.0,0.118,0.4296,-0.729
1012,60.0,0.12,0.4296,-0.738
1013,60.0,0.122,0.4296,-0.747
1014,60.0,0.124,0.4295,-0.755
1015,60.0,0.126,0.4295,-0.764
1016,60.0,0.128,0.4295,-0.773
1017,60.0,0.13,0.4295,-0.782
1018,60.0,0.132,0.4295,-0.791
1019,60.0,0.134,0.4295,-0.8
1020,60.0,0.136,0.4295,-0.81
1021,60.0,0.138,0.4295,-0.819
1022,60.0,0.14,0.4295,-0.828
1023,60.0,0.142,0.4295,-0.837
1024,60.0,0.144,0.4295,-0.846
1025,60.0,0.146,0.4294,-0.855
1026,60.0,0.149,0.4294,-0.868
1027,60.0,0.151,0.4294,-0.877
1028,60.0,0.153,0.4294,-0.886
1029,60.0,0.156,0.4294,-0.899
1030,60.0,0.158,0.4294,-0.908
1031,60.0,0.16,0.4294,-0.916
1032,60.0,0.163,0.4294,-0.929
1033,60.0,0.165,0.4294,-0.938
1034,60.0,0.168,0.4293,-0.951
1035,60.0,0.17,0.4293,-0.96
1036,60.0,0.173,0.4293,-0.974
1037,60.0,0.176,0.4293,-0.987
1038,60.0,0.178,0.4293,-0.996
1039,60.0,0.181,0.4293,-1.01
1040,60.0,0.184,0.4293,-1.023
1041,60.0,0.187,0.4293,-1.037
1042,60.0,0.19,0.4292,-1.05
1043,60.0,0.193,0.4292,-1.064
1044,60.0,0.195,0.4292,-1.073
1045,60.0,0.198,0.4292,-1.086
1046,60.0,0.202,0.4292,-1.103
1047,60.0,0.205,0.4292,-1.116
1048,60.0,0.208,0.4291,-1.129
1049,60.0,0.211,0.4291,-1.142
1050,60.0,0.214,0.4291,-1.155
1051,60.0,0.217,0.4291,-1.167
1052,60.0,0.221,0.4291,-1.185
1053,60.0,0.224,0.4291,-1.197
1054,60.0,0.228,0.429,-1.215
1055,60.0,0.231,0.429,-1.228
1056,60.0,0.235,0.429,-1.245
1057,60.0,0.238,0.429,-1.258
1058,60.0,0.242,0.429,-1.276
1059,60.0,0.246,0.4289,-1.293
1060,60.0,0.249,0.4289,-1.306
1061,60.0,0.253,0.4289,-1.324
1062,60.0,0.257,0.4289,-1.341
1063,60.0,0.261,0.4289,-1.358
1064,60.0,0.265,0.4288,-1.375
1065,60.0,0.269,0.4288,-1.392
1066,60.0,0.273,0.4288,-1.409
1067,60.0,0.277,0.4288,-1.425
1068,60.0,0.282,0.4288,-1.446
1069,60.0,0.286,0.4287,-1.462
1070,60.0,0.29,0.4287,-1.478
1071,60.0,0.295,0.4287,-1.498
1072,60.0,0.299,0.4287,-1.515
1073,60.0,0.304,0.4286,-1.535
1074,60.0,0.309,0.4286,-1.556
1075,60.0,0.313,0.4286,-1.572
1076,60.0,0.318,0.4285,-1.593
1077,60.0,0.323,0.4285,-1.614
1078,60.0,0.328,0.4285,-1.634
1079,60.0,0.333,0.4285,-1.655
1080,60.0,0.338,0.4284,-1.675
1081,60.0,0.343,0.4284,-1.696
1082,60.0,0.349,0.4284,-1.72
1083,60.0,0.354,0.4283,-1.74
1084,60.0,0.359,0.4283,-1.76
1085,60.0,0.365,0.4283,-1.783
1086,60.0,0.371,0.4282,-1.806
1087,60.0,0.376,0.4282,-1.825
1088,60.0,0.382,0.4282,-1.848
1089,60.0,0.388,0.4281,-1.871
1090,60.0,0.394,0.4281,-1.893
1091,60.0,0.4,0.4281,-1.916
1092,60.0,0.406,0.428,-1.939
1093,60.0,0.412,0.428,-1.962
1094,60.0,0.419,0.4279,-1.989
1095,60.0,0.425,0.4279,-2.012
1096,60.0,0.432,0.4279,-2.039
1097,60.0,0.438,0.4278,-2.062
1098,60.0,0.445,0.4278,-2.089
1099,60.0,0.452,0.4277,-2.115
1100,60.0,0.459,0.4277,-2.141
1101,60.0,0.466,0.4277,-2.167
1102,60.0,0.473,0.4276,-2.193
1103,60.0,0.48,0.4276,-2.219
1104,60.0,0.488,0.4275,-2.247
1105,60.0,0.495,0.4275,-2.272
1106,60.0,0.503,0.4274,-2.3
1107,60.0,0.51,0.4274,-2.324
1108,60.0,0.518,0.4273,-2.352
1109,60.0,0.526,0.4273,-2.38
1110,60.0,0.534,0.4272,-2.408
1111,60.0,0.542,0.4272,-2.436
1112,60.0,0.551,0.4271,-2.467
1113,60.0,0.559,0.4271,-2.495
1114,60.0,0.568,0.427,-2.527
1115,60.0,0.576,0.427,-2.555
1116,60.0,0.585,0.4269,-2.586
1117,60.0,0.594,0.4269,-2.617
1118,60.0,0.603,0.4268,-2.648
1119,60.0,0.613,0.4267,-2.682
1120,60.0,0.622,0.4267,-2.713
1121,60.0,0.632,0.4266,-2.746
1122,60.0,0.641,0.4266,-2.776
1123,60.0,0.651,0.4265,-2.809
1124,60.0,0.661,0.4265,-2.841
1125,60.0,0.671,0.4264,-2.873
1126,60.0,0.682,0.4263,-2.908
1127,60.0,0.692,0.4263,-2.939
1128,60.0,0.703,0.4262,-2.973
1129,60.0,0.713,0.4261,-3.004
1130,60.0,0.724,0.4261,-3.039
1131,60.0,0.736,0.426,-3.076
1132,60.0,0.747,0.4259,-3.111
1133,60.0,0.758,0.4259,-3.145
1134,60.0,0.77,0.4258,-3.183
1135,60.0,0.782,0.4257,-3.22
1136,60.0,0.794,0.4256,-3.257
1137,60.0,0.806,0.4255,-3.294
1138,60.0,0.818,0.4255,-3.331
1139,60.0,0.831,0.4254,-3.37
1140,60.0,0.844,0.4253,-3.41
1141,60.0,0.857,0.4252,-3.449
1142,60.0,0.87,0.4252,-3.487
1143,60.0,0.883,0.4251,-3.525
1144,60.0,0.897,0.425,-3.565
1145,60.0,0.91,0.4249,-3.602
1146,60.0,0.924,0.4248,-3.642
1147,60.0,0.939,0.4247,-3.683
1148,60.0,0.953,0.4247,-3.721
1149,60.0,0.968,0.4246,-3.762
1150,60.0,0.982,0.4245,-3.801
1151,60.0,0.997,0.4244,-3.842
1152,60.0,1.013,0.4243,-3.886
1153,60.0,1.028,0.4242,-3.927
1154,60.0,1.044,0.4241,-3.971
1155,60.0,1.06,0.424,-4.015
1156,60.0,1.076,0.4239,-4.058
1157,60.0,1.093,0.4238,-4.104
1158,60.0,1.11,0.4237,-4.15
1159,60.0,1.127,0.4236,-4.196
1160,60.0,1.144,0.4235,-4.241
1161,60.0,1.162,0.4234,-4.288
1162,60.0,1.179,0.4233,-4.333
1163,60.0,1.198,0.4231,-4.382
1164,60.0,1.216,0.423,-4.428
1165,60.0,1.235,0.4229,-4.475
1166,60.0,1.254,0.4228,-4.523
1167,60.0,1.273,0.4227,-4.569
1168,60.0,1.292,0.4226,-4.615
1169,60.0,1.312,0.4225,-4.662
1170,60.0,1.332,0.4224,-4.709
1171,60.0,1.353,0.4223,-4.759
1172,60.0,1.374,0.4221,-4.809
1173,60.0,1.395,0.422,-4.858
1174,60.0,1.416,0.4219,-4.908
1175,60.0,1.438,0.4218,-4.96
1176,60.0,1.46,0.4216,-5.012
1177,60.0,1.482,0.4215,-5.063
1178,60.0,1.505,0.4214,-5.117
1179,60.0,1.528,0.4212,-5.17
1180,60.0,1.552,0.4211,-5.226
1181,60.0,1.575,0.4209,-5.278
1182,60.0,1.599,0.4208,-5.333
1183,60.0,1.624,0.4207,-5.389
1184,60.0,1.649,0.4205,-5.445
1185,60.0,1.674,0.4204,-5.5
1186,60.0,1.7,0.4202,-5.557
1187,60.0,1.726,0.4201,-5.613
1188,60.0,1.753,0.42,-5.67
1189,60.0,1.779,0.4198,-5.725
1190,60.0,1.807,0.4197,-5.782
1191,60.0,1.835,0.4195,-5.839
1192,60.0,1.863,0.4194,-5.894
1193,60.0,1.891,0.4192,-5.95
1194,60.0,1.92,0.4191,-6.008
1195,60.0,1.95,0.4189,-6.068
1196,60.0,1.98,0.4187,-6.127
1197,60.0,2.01,0.4186,-6.187
1198,60.0,2.041,0.4184,-6.248
1199,60.0,2.072,0.4182,-6.309
1200,60.0,2.104,0.4181,-6.372
1201,60.0,2.136,0.4179,-6.435
1202,60.0,2.169,0.4177,-6.499
1203,60.0,2.202,0.4175,-6.563
1204,60.0,2.236,0.4173,-6.628
1205,60.0,2.271,0.4172,-6.695
1206,60.0,2.305,0.417,-6.759
1207,60.0,2.341,0.4168,-6.826
1208,60.0,2.377,0.4166,-6.893
1209,60.0,2.413,0.4164,-6.959
1210,60.0,2.45,0.4162,-7.025
1211,60.0,2.488,0.4161,-7.093
1212,60.0,2.526,0.4159,-7.159
1213,60.0,2.565,0.4157,-7.227
1214,60.0,2.604,0.4155,-7.293
1215,60.0,2.644,0.4153,-7.36
1216,60.0,2.685,0.4151,-7.427
1217,60.0,2.726,0.4149,-7.494
1218,60.0,2.768,0.4147,-7.563
1219,60.0,2.81,0.4145,-7.631
1220,60.0,2.853,0.4143,-7.701
1221,60.0,2.897,0.4141,-7.773
1222,60.0,2.942,0.4139,-7.846
1223,60.0,2.987,0.4137,-7.918
1224,60.0,3.033,0.4134,-7.992
1225,60.0,3.079,0.4132,-8.066
1226,60.0,3.126,0.413,-8.141
1227,60.0,3.174,0.4128,-8.217
1228,60.0,3.223,0.4125,-8.294
1229,60.0,3.273,0.4123,-8.372
1230,60.0,3.323,0.4121,-8.449
1231,60.0,3.374,0.4119,-8.527
1232,60.0,3.426,0.4116,-8.606
1233,60.0,3.478,0.4114,-8.684
1234,60.0,3.532,0.4111,-8.765
1235,60.0,3.586,0.4109,-8.844
1236,60.0,3.641,0.4107,-8.923
1237,60.0,3.697,0.4104,-9.002
1238,60.0,3.754,0.4102,-9.082
1239,60.0,3.811,0.41,-9.161
1240,60.0,3.87,0.4097,-9.241
1241,60.0,3.929,0.4095,-9.319
1242,60.0,3.989,0.4092,-9.397
1243,60.0,4.051,0.409,-9.478
1244,60.0,4.113,0.4087,-9.559
1245,60.0,4.176,0.4085,-9.641
1246,60.0,4.24,0.4082,-9.725
1247,60.0,4.305,0.408,-9.809
1248,60.0,4.371,0.4077,-9.894
1249,60.0,4.438,0.4074,-9.98
1250,60.0,4.506,0.4071,-10.067
1251,60.0,4.575,0.4069,-10.155
1252,60.0,4.646,0.4066,-10.245
1253,60.0,4.717,0.4063,-10.334
1254,60.0,4.789,0.406,-10.424
1255,60.0,4.863,0.4057,-10.516
1256,60.0,4.938,0.4054,-10.608
1257,60.0,5.013,0.4052,-10.7
1258,60.0,5.09,0.4049,-10.793
1259,60.0,5.168,0.4046,-10.886
1260,60.0,5.248,0.4043,-10.98
1261,60.0,5.328,0.404,-11.072
1262,60.0,5.41,0.4037,-11.166
1263,60.0,5.493,0.4034,-11.261
1264,60.0,5.577,0.4031,-11.355
1265,60.0,5.663,0.4028,-11.45
1266,60.0,5.75,0.4025,-11.543
1267,60.0,5.838,0.4022,-11.636
1268,60.0,5.928,0.4019,-11.729
1269,60.0,6.019,0.4016,-11.822
1270,60.0,6.111,0.4013,-11.915
1271,60.0,6.205,0.401,-12.011
1272,60.0,6.3,0.4007,-12.107
1273,60.0,6.397,0.4004,-12.205
1274,60.0,6.495,0.4001,-12.303
1275,60.0,6.595,0.3998,-12.403
1276,60.0,6.696,0.3994,-12.504
1277,60.0,6.799,0.3991,-12.606
1278,60.0,6.903,0.3988,-12.709
1279,60.0,7.009,0.3984,-12.813
1280,60.0,7.117,0.3981,-12.918
1281,60.0,7.226,0.3977,-13.023
1282,60.0,7.337,0.3974,-13.13
1283,60.0,7.45,0.3971,-13.238
1284,60.0,7.564,0.3967,-13.345
1285,60.0,7.68,0.3964,-13.453
1286,60.0,7.798,0.396,-13.562
1287,60.0,7.918,0.3957,-13.673
1288,60.0,8.039,0.3953,-13.784
1289,60.0,8.162,0.3949,-13.895
1290,60.0,8.288,0.3946,-14.006
1291,60.0,8.415,0.3942,-14.116
1292,60.0,8.544,0.3939,-14.225
1293,60.0,8.675,0.3935,-14.335
1294,60.0,8.808,0.3932,-14.446
1295,60.0,8.944,0.3928,-14.558
1296,60.0,9.081,0.3924,-14.669
1297,60.0,9.22,0.3921,-14.779
1298,60.0,9.362,0.3917,-14.888
1299,60.0,9.505,0.3914,-14.996
1300,60.0,9.651,0.391,-15.107
1301,60.0,9.799,0.3907,-15.219
1302,60.0,9.95,0.3903,-15.333
1303,60.0,10.103,0.3899,-15.449
1304,60.0,10.258,0.3896,-15.565
1305,60.0,10.415,0.3892,-15.683
1306,60.0,10.575,0.3888,-15.802
1307,60.0,10.737,0.3884,-15.922
1308,60.0,10.902,0.388,-16.044
1309,60.0,11.069,0.3876,-16.166
1310,60.0,11.239,0.3872,-16.289
1311,60.0,11.412,0.3868,-16.413
1312,60.0,11.587,0.3864,-16.539
1313,60.0,11.765,0.386,-16.665
1314,60.0,11.945,0.3856,-16.792
1315,60.0,12.129,0.3852,-16.921
1316,60.0,12.315,0.3848,-17.048
1317,60.0,12.504,0.3844,-17.176
1318,60.0,12.696,0.384,-17.304
1319,60.0,12.891,0.3836,-17.432
1320,60.0,13.089,0.3832,-17.562
1321,60.0,13.289,0.3827,-17.692
1322,60.0,13.493,0.3823,-17.825
1323,60.0,13.701,0.3819,-17.96
1324,60.0,13.911,0.3815,-18.091
1325,60.0,14.124,0.381,-18.221
1326,60.0,14.341,0.3806,-18.35
1327,60.0,14.561,0.3802,-18.477
1328,60.0,14.785,0.3798,-18.605
1329,60.0,15.012,0.3794,-18.733
1330,60.0,15.242,0.379,-18.861
1331,60.0,15.476,0.3786,-18.991
1332,60.0,15.714,0.3782,-19.123
1333,60.0,15.955,0.3778,-19.256
1334,60.0,16.2,0.3774,-19.391
1335,60.0,16.448,0.377,-19.527
1336,60.0,16.701,0.3765,-19.664
1337,60.0,16.957,0.3761,-19.802
1338,60.0,17.217,0.3757,-19.94
1339,60.0,17.482,0.3753,-20.081
1340,60.0,17.75,0.3748,-20.222
1341,60.0,18.022,0.3744,-20.365
1342,60.0,18.299,0.3739,-20.509
1343,60.0,18.58,0.3735,-20.654
1344,60.0,18.865,0.3731,-20.799
1345,60.0,19.155,0.3726,-20.944
1346,60.0,19.449,0.3722,-21.09
1347,60.0,19.747,0.3717,-21.237
1348,60.0,20.05,0.3713,-21.385
1349,60.0,20.358,0.3708,-21.535
1350,60.0,20.671,0.3703,-21.687
1351,60.0,20.988,0.3699,-21.841
1352,60.0,21.31,0.3694,-21.997
1353,60.0,21.637,0.3689,-22.154
1354,60.0,21.969,0.3684,-22.312
1355,60.0,22.306,0.3679,-22.467
1356,60.0,22.649,0.3675,-22.619
1357,60.0,22.996,0.367,-22.769
1358,60.0,23.349,0.3665,-22.918
1359,60.0,23.708,0.3661,-23.067
1360,60.0,24.072,0.3656,-23.215
1361,60.0,24.441,0.3652,-23.363
1362,60.0,24.816,0.3647,-23.511
1363,60.0,25.197,0.3643,-23.66
1364,60.0,25.584,0.3638,-23.81
1365,60.0,25.977,0.3634,-23.963
1366,60.0,26.375,0.363,-24.117
1367,60.0,26.78,0.3625,-24.273
1368,60.0,27.191,0.3621,-24.431
1369,60.0,27.608,0.3616,-24.591
1370,60.0,28.032,0.3612,-24.751
1371,60.0,28.462,0.3607,-24.912
1372,60.0,28.899,0.3603,-25.073
1373,60.0,29.343,0.3598,-25.235
1374,60.0,29.793,0.3594,-25.399
1375,60.0,30.251,0.3589,-25.564
1376,60.0,30.715,0.3584,-25.729
1377,60.0,31.186,0.358,-25.893
1378,60.0,31.665,0.3575,-26.057
1379,60.0,32.151,0.3571,-26.22
1380,60.0,32.645,0.3566,-26.383
1381,60.0,33.146,0.3561,-26.547
1382,60.0,33.654,0.3557,-26.712
1383,60.0,34.171,0.3552,-26.879
1384,60.0,34.695,0.3547,-27.047
1385,60.0,35.228,0.3542,-27.217
1386,60.0,35.769,0.3538,-27.39
1387,60.0,36.318,0.3533,-27.564
1388,60.0,36.875,0.3528,-27.741
1389,60.0,37.441,0.3523,-27.921
1390,60.0,38.016,0.3518,-28.104
1391,60.0,38.599,0.3512,-28.289
1392,60.0,39.192,0.3507,-28.477
1393,60.0,39.793,0.3502,-28.666
1394,60.0,40.404,0.3496,-28.858
1395,60.0,41.024,0.3491,-29.049
1396,60.0,41.654,0.3486,-29.23
1397,60.0,42.293,0.3481,-29.404
1398,60.0,42.942,0.3476,-29.574
1399,60.0,43.601,0.3471,-29.739
1400,60.0,44.271,0.3467,-29.901
1401,60.0,44.95,0.3463,-30.065
1402,60.0,45.64,0.3459,-30.231
1403,60.0,46.341,0.3455,-30.399
1404,60.0,47.052,0.3451,-30.57
1405,60.0,47.774,0.3446,-30.742
1406,60.0,48.507,0.3442,-30.916
1407,60.0,49.252,0.3438,-31.092
1408,60.0,50.008,0.3433,-31.269
1409,60.0,50.775,0.3429,-31.449
1410,60.0,51.555,0.3424,-31.63
1411,60.0,52.346,0.342,-31.815
1412,60.0,53.15,0.3415,-32.003
1413,60.0,53.965,0.341,-32.193
1414,60.0,54.794,0.3406,-32.386
1415,60.0,55.635,0.3401,-32.582
1416,60.0,56.489,0.3396,-32.782
1417,60.0,57.356,0.3391,-32.983
1418,60.0,58.236,0.3386,-33.184
1419,60.0,59.13,0.3381,-33.386
1420,60.0,60.037,0.3376,-33.589
1421,60.0,60.959,0.3371,-33.794
1422,60.0,61.895,0.3366,-34.001
1423,60.0,62.845,0.3361,-34.209
1424,60.0,63.809,0.3355,-34.419
1425,60.0,64.789,0.335,-34.631
1426,60.0,65.783,0.3345,-34.845
1427,60.0,66.793,0.334,-35.061
1428,60.0,67.818,0.3334,-35.271
1429,60.0,68.859,0.3329,-35.469
1430,60.0,69.916,0.3325,-35.66
1431,60.0,70.989,0.332,-35.842
1432,60.0,72.078,0.3316,-36.014
1433,60.0,73.185,0.3312,-36.179
1434,60.0,74.308,0.3308,-36.34
1435,60.0,75.449,0.3304,-36.5
1436,60.0,76.607,0.33,-36.663
1437,60.0,77.783,0.3296,-36.828
1438,60.0,78.976,0.3292,-36.995
1439,60.0,80.189,0.3287,-37.165
1440,60.0,81.419,0.3283,-37.336
1441,60.0,82.669,0.3279,-37.511
1442,60.0,83.938,0.3275,-37.688
1443,60.0,85.226,0.3271,-37.867
1444,60.0,86.534,0.3267,-38.049
1445,60.0,87.863,0.3263,-38.234
1446,60.0,89.211,0.3259,-38.421
1447,60.0,90.581,0.3256,-38.611
1448,60.0,91.971,0.3252,-38.804
1449,60.0,93.382,0.3247,-39.0
1450,60.0,94.816,0.3243,-39.198
1451,60.0,96.271,0.3239,-39.399
1452,60.0,97.749,0.3235,-39.604
1453,60.0,99.249,0.3231,-39.811
1454,60.0,100.772,0.3226,-40.021
1455,60.0,102.319,0.3222,-40.235
1456,60.0,103.89,0.3217,-40.451
1457,60.0,105.484,0.3213,-40.671
1458,60.0,107.103,0.3208,-40.893
1459,60.0,108.747,0.3203,-41.119
1460,60.0,110.416,0.3199,-41.347
1461,60.0,112.111,0.3194,-41.577
1462,60.0,113.832,0.3189,-41.805
1463,60.0,115.579,0.3184,-42.034
1464,60.0,117.353,0.318,-42.264
1465,60.0,119.154,0.3175,-42.496
1466,60.0,120.983,0.317,-42.73
1467,60.0,122.84,0.3165,-42.965
1468,60.0,124.726,0.316,-43.204
1469,60.0,126.64,0.3155,-43.445
1470,60.0,128.584,0.315,-43.689
1471,60.0,130.558,0.3145,-43.935
1472,60.0,132.561,0.314,-44.182
1473,60.0,134.596,0.3135,-44.433
1474,60.0,136.662,0.3129,-44.685
1475,60.0,138.76,0.3124,-44.937
1476,60.0,140.889,0.3119,-45.173
1477,60.0,143.052,0.3114,-45.398
1478,60.0,145.248,0.311,-45.617
1479,60.0,147.477,0.3105,-45.832
1480,60.0,149.741,0.3101,-46.044
1481,60.0,152.039,0.3097,-46.253
1482,60.0,154.373,0.3092,-46.458
1483,60.0,156.742,0.3088,-46.656
1484,60.0,159.148,0.3084,-46.846
1485,60.0,161.591,0.3081,-47.025
1486,60.0,164.071,0.3077,-47.192
1487,60.0,166.589,0.3074,-47.346
1488,60.0,169.146,0.3071,-47.482
1489,60.0,171.742,0.3069,-47.6
1490,60.0,174.378,0.3067,-47.701
1491,60.0,177.055,0.3066,-47.788
1492,60.0,179.772,0.3065,-47.86
1493,60.0,182.532,0.3064,-47.927
1494,60.0,185.333,0.3063,-47.981
1495,60.0,188.178,0.3062,-48.027
1496,60.0,191.066,0.3061,-48.062
1497,60.0,193.999,0.3061,-48.092
1498,60.0,196.977,0.3061,-48.1
1499,60.0,200.0,0.3061,-48.106
1500,65.0,0.1,0.4296,-0.746
1501,65.0,0.102,0.4295,-0.756
1502,65.0,0.103,0.4295,-0.761
1503,65.0,0.105,0.4295,-0.771
1504,65.0,0.106,0.4295,-0.776
1505,65.0,0.108,0.4295,-0.786
1506,65.0,0.11,0.4295,-0.797
1507,65.0,0.111,0.4295,-0.802
1508,65.0,0.113,0.4295,-0.812
1509,65.0,0.115,0.4295,-0.823
1510,65.0,0.116,0.4295,-0.828
1511,65.0,0.118,0.4295,-0.839
1512,65.0,0.12,0.4295,-0.849
1513,65.0,0.122,0.4294,-0.859
1514,65.0,0.124,0.4294,-0.87
1515,65.0,0.126,0.4294,-0.88
1516,65.0,0.128,0.4294,-0.89
1517,65.0,0.13,0.4294,-0.9
1518,65.0,0.132,0.4294,-0.91
1519,65.0,0.134,0.4294,-0.92
1520,65.0,0.136,0.4294,-0.93
1521,65.0,0.138,0.4294,-0.94
1522,65.0,0.14,0.4293,-0.95
1523,65.0,0.142,0.4293,-0.961
1524,65.0,0.144,0.4293,-0.971
1525,65.0,0.146,0.4293,-0.981
1526,65.0,0.149,0.4293,-0.997
1527,65.0,0.151,0.4293,-1.007
1528,65.0,0.153,0.4293,-1.018
1529,65.0,0.156,0.4293,-1.034
1530,65.0,0.158,0.4292,-1.044
1531,65.0,0.16,0.4292,-1.054
1532,65.0,0.163,0.4292,-1.07
1533,65.0,0.165,0.4292,-1.08
1534,65.0,0.168,0.4292,-1.096
1535,65.0,0.17,0.4292,-1.106
1536,65.0,0.173,0.4292,-1.121
1537,65.0,0.176,0.4291,-1.136
1538,65.0,0.178,0.4291,-1.146
1539,65.0,0.181,0.4291,-1.161
1540,65.0,0.184,0.4291,-1.176
1541,65.0,0.187,0.4291,-1.191
1542,65.0,0.19,0.4291,-1.206
1543,65.0,0.193,0.429,-1.221
1544,65.0,0.195,0.429,-1.231
1545,65.0,0.198,0.429,-1.246
1546,65.0,0.202,0.429,-1.266
1547,65.0,0.205,0.429,-1.282
1548,65.0,0.208,0.4289,-1.297
1549,65.0,0.211,0.4289,-1.312
1550,65.0,0.214,0.4289,-1.327
1551,65.0,0.217,0.4289,-1.342
1552,65.0,0.221,0.4289,-1.362
1553,65.0,0.224,0.4288,-1.377
1554,65.0,0.228,0.4288,-1.397
1555,65.0,0.231,0.4288,-1.411
1556,65.0,0.235,0.4288,-1.431
1557,65.0,0.238,0.4288,-1.445
1558,65.0,0.242,0.4287,-1.464
1559,65.0,0.246,0.4287,-1.483
1560,65.0,0.249,0.4287,-1.497
1561,65.0,0.253,0.4287,-1.516
1562,65.0,0.257,0.4286,-1.535
1563,65.0,0.261,0.4286,-1.555
1564,65.0,0.265,0.4286,-1.574
1565,65.0,0.269,0.4285,-1.593
1566,65.0,0.273,0.4285,-1.612
1567,65.0,0.277,0.4285,-1.632
1568,65.0,0.282,0.4285,-1.655
1569,65.0,0.286,0.4284,-1.674
1570,65.0,0.29,0.4284,-1.693
1571,65.0,0.295,0.4284,-1.717
1572,65.0,0.299,0.4283,-1.736
1573,65.0,0.304,0.4283,-1.759
1574,65.0,0.309,0.4283,-1.782
1575,65.0,0.313,0.4282,-1.8
1576,65.0,0.318,0.4282,-1.822
1577,65.0,0.323,0.4282,-1.844
1578,65.0,0.328,0.4281,-1.866
1579,65.0,0.333,0.4281,-1.888
1580,65.0,0.338,0.4281,-1.91
1581,65.0,0.343,0.428,-1.933
1582,65.0,0.349,0.428,-1.959
1583,65.0,0.354,0.428,-1.982
1584,65.0,0.359,0.4279,-2.004
1585,65.0,0.365,0.4279,-2.031
1586,65.0,0.371,0.4278,-2.057
1587,65.0,0.376,0.4278,-2.079
1588,65.0,0.382,0.4278,-2.106
1589,65.0,0.388,0.4277,-2.132
1590,65.0,0.394,0.4277,-2.158
1591,65.0,0.4,0.4276,-2.184
1592,65.0,0.406,0.4276,-2.209
1593,65.0,0.412,0.4275,-2.235
1594,65.0,0.419,0.4275,-2.264
1595,65.0,0.425,0.4275,-2.288
1596,65.0,0.432,0.4274,-2.317
1597,65.0,0.438,0.4274,-2.341
1598,65.0,0.445,0.4273,-2.369
1599,65.0,0.452,0.4273,-2.398
1600,65.0,0.459,0.4272,-2.426
1601,65.0,0.466,0.4272,-2.454
1602,65.0,0.473,0.4271,-2.483
1603,65.0,0.48,0.4271,-2.511
1604,65.0,0.488,0.427,-2.544
1605,65.0,0.495,0.4269,-2.572
1606,65.0,0.503,0.4269,-2.604
1607,65.0,0.51,0.4268,-2.632
1608,65.0,0.518,0.4268,-2.664
1609,65.0,0.526,0.4267,-2.695
1610,65.0,0.534,0.4267,-2.726
1611,65.0,0.542,0.4266,-2.757
1612,65.0,0.551,0.4265,-2.792
1613,65.0,0.559,0.4265,-2.822
1614,65.0,0.568,0.4264,-2.856
1615,65.0,0.576,0.4264,-2.885
1616,65.0,0.585,0.4263,-2.918
1617,65.0,0.594,0.4262,-2.95
1618,65.0,0.603,0.4262,-2.983
1619,65.0,0.613,0.4261,-3.019
1620,65.0,0.622,0.426,-3.052
1621,65.0,0.632,0.426,-3.088
1622,65.0,0.641,0.4259,-3.121
1623,65.0,0.651,0.4258,-3.157
1624,65.0,0.661,0.4258,-3.193
1625,65.0,0.671,0.4257,-3.229
1626,65.0,0.682,0.4256,-3.268
1627,65.0,0.692,0.4255,-3.304
1628,65.0,0.703,0.4254,-3.342
1629,65.0,0.713,0.4254,-3.378
1630,65.0,0.724,0.4253,-3.416
1631,65.0,0.736,0.4252,-3.457
1632,65.0,0.747,0.4251,-3.495
1633,65.0,0.758,0.4251,-3.532
1634,65.0,0.77,0.425,-3.572
1635,65.0,0.782,0.4249,-3.611
1636,65.0,0.794,0.4248,-3.65
1637,65.0,0.806,0.4247,-3.688
1638,65.0,0.818,0.4246,-3.726
1639,65.0,0.831,0.4246,-3.767
1640,65.0,0.844,0.4245,-3.808
1641,65.0,0.857,0.4244,-3.85
1642,65.0,0.87,0.4243,-3.891
1643,65.0,0.883,0.4242,-3.932
1644,65.0,0.897,0.4241,-3.976
1645,65.0,0.91,0.424,-4.017
1646,65.0,0.924,0.4239,-4.061
1647,65.0,0.939,0.4238,-4.108
1648,65.0,0.953,0.4237,-4.151
1649,65.0,0.968,0.4236,-4.197
1650,65.0,0.982,0.4235,-4.24
1651,65.0,0.997,0.4234,-4.285
1652,65.0,1.013,0.4233,-4.333
1653,65.0,1.028,0.4232,-4.378
1654,65.0,1.044,0.4231,-4.425
1655,65.0,1.06,0.4229,-4.471
1656,65.0,1.076,0.4228,-4.517
1657,65.0,1.093,0.4227,-4.565
1658,65.0,1.11,0.4226,-4.612
1659,65.0,1.127,0.4225,-4.658
1660,65.0,1.144,0.4224,-4.705
1661,65.0,1.162,0.4223,-4.754
1662,65.0,1.179,0.4222,-4.8
1663,65.0,1.198,0.422,-4.852
1664,65.0,1.216,0.4219,-4.901
1665,65.0,1.235,0.4218,-4.952
1666,65.0,1.254,0.4216,-5.003
1667,65.0,1.273,0.4215,-5.054
1668,65.0,1.292,0.4214,-5.105
1669,65.0,1.312,0.4212,-5.158
1670,65.0,1.332,0.4211,-5.211
1671,65.0,1.353,0.421,-5.266
1672,65.0,1.374,0.4208,-5.321
1673,65.0,1.395,0.4207,-5.375
1674,65.0,1.416,0.4206,-5.429
1675,65.0,1.438,0.4204,-5.485
1676,65.0,1.46,0.4203,-5.54
1677,65.0,1.482,0.4201,-5.594
1678,65.0,1.505,0.42,-5.651
1679,65.0,1.528,0.4199,-5.706
1680,65.0,1.552,0.4197,-5.763
1681,65.0,1.575,0.4196,-5.817
1682,65.0,1.599,0.4194,-5.872
1683,65.0,1.624,0.4193,-5.929
1684,65.0,1.649,0.4191,-5.986
1685,65.0,1.674,0.419,-6.043
1686,65.0,1.7,0.4188,-6.102
1687,65.0,1.726,0.4186,-6.161
1688,65.0,1.753,0.4185,-6.222
1689,65.0,1.779,0.4183,-6.281
1690,65.0,1.807,0.4181,-6.344
1691,65.0,1.835,0.418,-6.406
1692,65.0,1.863,0.4178,-6.469
1693,65.0,1.891,0.4176,-6.531
1694,65.0,1.92,0.4174,-6.594
1695,65.0,1.95,0.4173,-6.659
1696,65.0,1.98,0.4171,-6.724
1697,65.0,2.01,0.4169,-6.788
1698,65.0,2.041,0.4167,-6.854
1699,65.0,2.072,0.4165,-6.919
1700,65.0,2.104,0.4164,-6.985
1701,65.0,2.136,0.4162,-7.051
1702,65.0,2.169,0.416,-7.117
1703,65.0,2.202,0.4158,-7.183
1704,65.0,2.236,0.4156,-7.249
1705,65.0,2.271,0.4154,-7.317
1706,65.0,2.305,0.4153,-7.381
1707,65.0,2.341,0.4151,-7.449
1708,65.0,2.377,0.4149,-7.516
1709,65.0,2.413,0.4147,-7.583
1710,65.0,2.45,0.4145,-7.652
1711,65.0,2.488,0.4142,-7.722
1712,65.0,2.526,0.414,-7.793
1713,65.0,2.565,0.4138,-7.864
1714,65.0,2.604,0.4136,-7.936
1715,65.0,2.644,0.4134,-8.009
1716,65.0,2.685,0.4132,-8.083
1717,65.0,2.726,0.413,-8.157
1718,65.0,2.768,0.4127,-8.233
1719,65.0,2.81,0.4125,-8.307
1720,65.0,2.853,0.4123,-8.383
1721,65.0,2.897,0.4121,-8.46
1722,65.0,2.942,0.4118,-8.538
1723,65.0,2.987,0.4116,-8.615
1724,65.0,3.033,0.4114,-8.694
1725,65.0,3.079,0.4111,-8.771
1726,65.0,3.126,0.4109,-8.849
1727,65.0,3.174,0.4107,-8.927
1728,65.0,3.223,0.4104,-9.006
1729,65.0,3.273,0.4102,-9.086
1730,65.0,3.323,0.41,-9.164
1731,65.0,3.374,0.4097,-9.242
1732,65.0,3.426,0.4095,-9.32
1733,65.0,3.478,0.4092,-9.398
1734,65.0,3.532,0.409,-9.478
1735,65.0,3.586,0.4087,-9.558
1736,65.0,3.641,0.4085,-9.64
1737,65.0,3.697,0.4082,-9.722
1738,65.0,3.754,0.408,-9.806
1739,65.0,3.811,0.4077,-9.889
1740,65.0,3.87,0.4074,-9.975
1741,65.0,3.929,0.4072,-10.061
1742,65.0,3.989,0.4069,-10.147
1743,65.0,4.051,0.4066,-10.236
1744,65.0,4.113,0.4063,-10.324
1745,65.0,4.176,0.4061,-10.413
1746,65.0,4.24,0.4058,-10.502
1747,65.0,4.305,0.4055,-10.593
1748,65.0,4.371,0.4052,-10.683
1749,65.0,4.438,0.4049,-10.774
1750,65.0,4.506,0.4046,-10.866
1751,65.0,4.575,0.4043,-10.958
1752,65.0,4.646,0.4041,-11.052
1753,65.0,4.717,0.4038,-11.144
1754,65.0,4.789,0.4035,-11.236
1755,65.0,4.863,0.4032,-11.329
1756,65.0,4.938,0.4029,-11.422
1757,65.0,5.013,0.4026,-11.515
1758,65.0,5.09,0.4023,-11.608
1759,65.0,5.168,0.402,-11.7
1760,65.0,5.248,0.4017,-11.793
1761,65.0,5.328,0.4014,-11.885
1762,65.0,5.41,0.4011,-11.979
1763,65.0,5.493,0.4008,-12.074
1764,65.0,5.577,0.4005,-12.169
1765,65.0,5.663,0.4002,-12.267
1766,65.0,5.75,0.3999,-12.366
1767,65.0,5.838,0.3996,-12.465
1768,65.0,5.928,0.3992,-12.565
1769,65.0,6.019,0.3989,-12.667
1770,65.0,6.111,0.3986,-12.769
1771,65.0,6.205,0.3982,-12.872
1772,65.0,6.3,0.3979,-12.976
1773,65.0,6.397,0.3976,-13.081
1774,65.0,6.495,0.3972,-13.186
1775,65.0,6.595,0.3969,-13.293
1776,65.0,6.696,0.3965,-13.4
1777,65.0,6.799,0.3962,-13.507
1778,65.0,6.903,0.3958,-13.614
1779,65.0,7.009,0.3955,-13.722
1780,65.0,7.117,0.3951,-13.832
1781,65.0,7.226,0.3948,-13.942
1782,65.0,7.337,0.3944,-14.052
1783,65.0,7.45,0.3941,-14.162
1784,65.0,7.564,0.3937,-14.271
1785,65.0,7.68,0.3934,-14.379
1786,65.0,7.798,0.393,-14.488
1787,65.0,7.918,0.3927,-14.599
1788,65.0,8.039,0.3923,-14.708
1789,65.0,8.162,0.392,-14.817
1790,65.0,8.288,0.3916,-14.926
1791,65.0,8.415,0.3913,-15.035
1792,65.0,8.544,0.3909,-15.145
1793,65.0,8.675,0.3905,-15.257
1794,65.0,8.808,0.3902,-15.37
1795,65.0,8.944,0.3898,-15.485
1796,65.0,9.081,0.3894,-15.601
1797,65.0,9.22,0.3891,-15.718
1798,65.0,9.362,0.3887,-15.837
1799,65.0,9.505,0.3883,-15.956
1800,65.0,9.651,0.3879,-16.076
1801,65.0,9.799,0.3875,-16.197
1802,65.0,9.95,0.3871,-16.319
1803,65.0,10.103,0.3867,-16.442
1804,65.0,10.258,0.3863,-16.566
1805,65.0,10.415,0.3859,-16.691
1806,65.0,10.575,0.3855,-16.817
1807,65.0,10.737,0.3851,-16.942
1808,65.0,10.902,0.3847,-17.068
1809,65.0,11.069,0.3843,-17.194
1810,65.0,11.239,0.3839,-17.321
1811,65.0,11.412,0.3835,-17.45
1812,65.0,11.587,0.3831,-17.58
1813,65.0,11.765,0.3827,-17.712
1814,65.0,11.945,0.3823,-17.843
1815,65.0,12.129,0.3818,-17.972
1816,65.0,12.315,0.3814,-18.101
1817,65.0,12.504,0.381,-18.228
1818,65.0,12.696,0.3806,-18.356
1819,65.0,12.891,0.3802,-18.484
1820,65.0,13.089,0.3798,-18.612
1821,65.0,13.289,0.3794,-18.74
1822,65.0,13.493,0.379,-18.869
1823,65.0,13.701,0.3786,-18.999
1824,65.0,13.911,0.3782,-19.131
1825,65.0,14.124,0.3778,-19.262
1826,65.0,14.341,0.3774,-19.395
1827,65.0,14.561,0.377,-19.529
1828,65.0,14.785,0.3765,-19.664
1829,65.0,15.012,0.3761,-19.801
1830,65.0,15.242,0.3757,-19.939
1831,65.0,15.476,0.3753,-20.078
1832,65.0,15.714,0.3748,-20.219
1833,65.0,15.955,0.3744,-20.36
1834,65.0,16.2,0.374,-20.503
1835,65.0,16.448,0.3735,-20.648
1836,65.0,16.701,0.3731,-20.794
1837,65.0,16.957,0.3726,-20.94
1838,65.0,17.217,0.3722,-21.088
1839,65.0,17.482,0.3717,-21.237
1840,65.0,17.75,0.3712,-21.387
1841,65.0,18.022,0.3708,-21.538
1842,65.0,18.299,0.3703,-21.689
1843,65.0,18.58,0.3699,-21.838
1844,65.0,18.865,0.3694,-21.987
1845,65.0,19.155,0.3689,-22.136
1846,65.0,19.449,0.3685,-22.283
1847,65.0,19.747,0.368,-22.432
1848,65.0,20.05,0.3676,-22.58
1849,65.0,20.358,0.3671,-22.731
1850,65.0,20.671,0.3667,-22.883
1851,65.0,20.988,0.3662,-23.037
1852,65.0,21.31,0.3657,-23.193
1853,65.0,21.637,0.3652,-23.348
1854,65.0,21.969,0.3648,-23.502
1855,65.0,22.306,0.3643,-23.653
1856,65.0,22.649,0.3639,-23.801
1857,65.0,22.996,0.3635,-23.95
1858,65.0,23.349,0.363,-24.101
1859,65.0,23.708,0.3626,-24.254
1860,65.0,24.072,0.3622,-24.409
1861,65.0,24.441,0.3617,-24.565
1862,65.0,24.816,0.3613,-24.722
1863,65.0,25.197,0.3608,-24.881
1864,65.0,25.584,0.3604,-25.041
1865,65.0,25.977,0.3599,-25.204
1866,65.0,26.375,0.3595,-25.367
1867,65.0,26.78,0.359,-25.533
1868,65.0,27.191,0.3585,-25.7
1869,65.0,27.608,0.358,-25.869
1870,65.0,28.032,0.3576,-26.04
1871,65.0,28.462,0.3571,-26.211
1872,65.0,28.899,0.3566,-26.384
1873,65.0,29.343,0.3561,-26.559
1874,65.0,29.793,0.3556,-26.734
1875,65.0,30.251,0.3551,-26.91
1876,65.0,30.715,0.3546,-27.084
1877,65.0,31.186,0.3541,-27.256
1878,65.0,31.665,0.3537,-27.425
1879,65.0,32.151,0.3532,-27.593
1880,65.0,32.645,0.3527,-27.76
1881,65.0,33.146,0.3522,-27.928
1882,65.0,33.654,0.3518,-28.096
1883,65.0,34.171,0.3513,-28.266
1884,65.0,34.695,0.3508,-28.436
1885,65.0,35.228,0.3503,-28.608
1886,65.0,35.769,0.3498,-28.781
1887,65.0,36.318,0.3493,-28.957
1888,65.0,36.875,0.3489,-29.134
1889,65.0,37.441,0.3483,-29.314
1890,65.0,38.016,0.3478,-29.496
1891,65.0,38.599,0.3473,-29.681
1892,65.0,39.192,0.3468,-29.867
1893,65.0,39.793,0.3463,-30.054
1894,65.0,40.404,0.3459,-30.244
1895,65.0,41.024,0.3454,-30.436
1896,65.0,41.654,0.3449,-30.624
1897,65.0,42.293,0.3445,-30.808
1898,65.0,42.942,0.344,-30.989
1899,65.0,43.601,0.3436,-31.168
1900,65.0,44.271,0.3431,-31.344
1901,65.0,44.95,0.3427,-31.518
1902,65.0,45.64,0.3423,-31.691
1903,65.0,46.341,0.3419,-31.865
1904,65.0,47.052,0.3414,-32.041
1905,65.0,47.774,0.341,-32.218
1906,65.0,48.507,0.3405,-32.397
1907,65.0,49.252,0.3401,-32.578
1908,65.0,50.008,0.3396,-32.763
1909,65.0,50.775,0.3392,-32.949
1910,65.0,51.555,0.3387,-33.139
1911,65.0,52.346,0.3382,-33.331
1912,65.0,53.15,0.3377,-33.526
1913,65.0,53.965,0.3373,-33.724
1914,65.0,54.794,0.3368,-33.924
1915,65.0,55.635,0.3363,-34.128
1916,65.0,56.489,0.3357,-34.334
1917,65.0,57.356,0.3352,-34.544
1918,65.0,58.236,0.3347,-34.756
1919,65.0,59.13,0.3342,-34.972
1920,65.0,60.037,0.3336,-35.191
1921,65.0,60.959,0.3331,-35.412
1922,65.0,61.895,0.3325,-35.636
1923,65.0,62.845,0.332,-35.861
1924,65.0,63.809,0.3314,-36.089
1925,65.0,64.789,0.3308,-36.32
1926,65.0,65.783,0.3303,-36.553
1927,65.0,66.793,0.3297,-36.786
1928,65.0,67.818,0.3292,-37.001
1929,65.0,68.859,0.3287,-37.2
1930,65.0,69.916,0.3282,-37.39
1931,65.0,70.989,0.3277,-37.572
1932,65.0,72.078,0.3274,-37.745
1933,65.0,73.185,0.327,-37.912
1934,65.0,74.308,0.3267,-38.077
1935,65.0,75.449,0.3263,-38.244
1936,65.0,76.607,0.326,-38.413
1937,65.0,77.783,0.3256,-38.584
1938,65.0,78.976,0.3252,-38.757
1939,65.0,80.189,0.3249,-38.933
1940,65.0,81.419,0.3245,-39.112
1941,65.0,82.669,0.3241,-39.293
1942,65.0,83.938,0.3238,-39.478
1943,65.0,85.226,0.3234,-39.664
1944,65.0,86.534,0.323,-39.854
1945,65.0,87.863,0.3226,-40.047
1946,65.0,89.211,0.3222,-40.242
1947,65.0,90.581,0.3217,-40.441
1948,65.0,91.971,0.3213,-40.643
1949,65.0,93.382,0.3209,-40.848
1950,65.0,94.816,0.3205,-41.056
1951,65.0,96.271,0.32,-41.267
1952,65.0,97.749,0.3196,-41.482
1953,65.0,99.249,0.3191,-41.7
1954,65.0,100.772,0.3187,-41.921
1955,65.0,102.319,0.3182,-42.146
1956,65.0,103.89,0.3177,-42.374
1957,65.0,105.484,0.3172,-42.606
1958,65.0,107.103,0.3168,-42.841
1959,65.0,108.747,0.3163,-43.08
1960,65.0,110.416,0.3158,-43.323
1961,65.0,112.111,0.3152,-43.57
1962,65.0,113.832,0.3147,-43.821
1963,65.0,115.579,0.3142,-44.075
1964,65.0,117.353,0.3137,-44.333
1965,65.0,119.154,0.3131,-44.594
1966,65.0,120.983,0.3126,-44.858
1967,65.0,122.84,0.312,-45.126
1968,65.0,124.726,0.3114,-45.398
1969,65.0,126.64,0.3109,-45.673
1970,65.0,128.584,0.3103,-45.951
1971,65.0,130.558,0.3097,-46.233
1972,65.0,132.561,0.3091,-46.517
1973,65.0,134.596,0.3085,-46.805
1974,65.0,136.662,0.3079,-47.097
1975,65.0,138.76,0.3073,-47.379
1976,65.0,140.889,0.3068,-47.638
1977,65.0,143.052,0.3064,-47.889
1978,65.0,145.248,0.306,-48.136
1979,65.0,147.477,0.3056,-48.381
1980,65.0,149.741,0.3052,-48.626
1981,65.0,152.039,0.3048,-48.868
1982,65.0,154.373,0.3044,-49.102
1983,65.0,156.742,0.304,-49.325
1984,65.0,159.148,0.3036,-49.537
1985,65.0,161.591,0.3033,-49.739
1986,65.0,164.071,0.303,-49.928
1987,65.0,166.589,0.3027,-50.103
1988,65.0,169.146,0.3024,-50.258
1989,65.0,171.742,0.3022,-50.392
1990,65.0,174.378,0.302,-50.506
1991,65.0,177.055,0.3019,-50.601
1992,65.0,179.772,0.3017,-50.683
1993,65.0,182.532,0.3016,-50.755
1994,65.0,185.333,0.3015,-50.814
1995,65.0,188.178,0.3014,-50.864
1996,65.0,191.066,0.3014,-50.901
1997,65.0,193.999,0.3013,-50.932
1998,65.0,196.977,0.3013,-50.943
1999,65.0,200.0,0.3013,-50.952
2000,70.0,0.1,0.4294,-0.873
2001,70.0,0.102,0.4294,-0.885
2002,70.0,0.103,0.4294,-0.891
2003,70.0,0.105,0.4294,-0.903
2004,70.0,0.106,0.4294,-0.909
2005,70.0,0.108,0.4294,-0.921
2006,70.0,0.11,0.4294,-0.933
2007,70.0,0.111,0.4294,-0.939
2008,70.0,0.113,0.4293,-0.951
2009,70.0,0.115,0.4293,-0.963
2010,70.0,0.116,0.4293,-0.969
2011,70.0,0.118,0.4293,-0.981
2012,70.0,0.12,0.4293,-0.993
2013,70.0,0.122,0.4293,-1.006
2014,70.0,0.124,0.4293,-1.018
2015,70.0,0.126,0.4293,-1.03
2016,70.0,0.128,0.4292,-1.043
2017,70.0,0.13,0.4292,-1.055
2018,70.0,0.132,0.4292,-1.067
2019,70.0,0.134,0.4292,-1.08
2020,70.0,0.136,0.4292,-1.092
2021,70.0,0.138,0.4292,-1.104
2022,70.0,0.14,0.4292,-1.116
2023,70.0,0.142,0.4291,-1.128
2024,70.0,0.144,0.4291,-1.14
2025,70.0,0.146,0.4291,-1.152
2026,70.0,0.149,0.4291,-1.169
2027,70.0,0.151,0.4291,-1.181
2028,70.0,0.153,0.4291,-1.193
2029,70.0,0.156,0.429,-1.211
2030,70.0,0.158,0.429,-1.223
2031,70.0,0.16,0.429,-1.235
2032,70.0,0.163,0.429,-1.253
2033,70.0,0.165,0.429,-1.265
2034,70.0,0.168,0.429,-1.284
2035,70.0,0.17,0.4289,-1.296
2036,70.0,0.173,0.4289,-1.314
2037,70.0,0.176,0.4289,-1.332
2038,70.0,0.178,0.4289,-1.344
2039,70.0,0.181,0.4289,-1.362
2040,70.0,0.184,0.4288,-1.379
2041,70.0,0.187,0.4288,-1.397
2042,70.0,0.19,0.4288,-1.414
2043,70.0,0.193,0.4288,-1.432
2044,70.0,0.195,0.4288,-1.443
2045,70.0,0.198,0.4287,-1.46
2046,70.0,0.202,0.4287,-1.483
2047,70.0,0.205,0.4287,-1.5
2048,70.0,0.208,0.4287,-1.517
2049,70.0,0.211,0.4286,-1.534
2050,70.0,0.214,0.4286,-1.551
2051,70.0,0.217,0.4286,-1.568
2052,70.0,0.221,0.4285,-1.591
2053,70.0,0.224,0.4285,-1.609
2054,70.0,0.228,0.4285,-1.631
2055,70.0,0.231,0.4285,-1.649
2056,70.0,0.235,0.4284,-1.671
2057,70.0,0.238,0.4284,-1.688
2058,70.0,0.242,0.4284,-1.711
2059,70.0,0.246,0.4283,-1.733
2060,70.0,0.249,0.4283,-1.75
2061,70.0,0.253,0.4283,-1.771
2062,70.0,0.257,0.4283,-1.793
2063,70.0,0.261,0.4282,-1.815
2064,70.0,0.265,0.4282,-1.836
2065,70.0,0.269,0.4282,-1.857
2066,70.0,0.273,0.4281,-1.878
2067,70.0,0.277,0.4281,-1.899
2068,70.0,0.282,0.428,-1.926
2069,70.0,0.286,0.428,-1.947
2070,70.0,0.29,0.428,-1.968
2071,70.0,0.295,0.4279,-1.995
2072,70.0,0.299,0.4279,-2.016
2073,70.0,0.304,0.4279,-2.043
2074,70.0,0.309,0.4278,-2.069
2075,70.0,0.313,0.4278,-2.09
2076,70.0,0.318,0.4277,-2.116
2077,70.0,0.323,0.4277,-2.142
2078,70.0,0.328,0.4277,-2.167
2079,70.0,0.333,0.4276,-2.193
2080,70.0,0.338,0.4276,-2.218
2081,70.0,0.343,0.4275,-2.243
2082,70.0,0.349,0.4275,-2.273
2083,70.0,0.354,0.4274,-2.297
2084,70.0,0.359,0.4274,-2.321
2085,70.0,0.365,0.4274,-2.35
2086,70.0,0.371,0.4273,-2.379
2087,70.0,0.376,0.4273,-2.403
2088,70.0,0.382,0.4272,-2.432
2089,70.0,0.388,0.4272,-2.461
2090,70.0,0.394,0.4271,-2.49
2091,70.0,0.4,0.427,-2.519
2092,70.0,0.406,0.427,-2.548
2093,70.0,0.412,0.4269,-2.576
2094,70.0,0.419,0.4269,-2.609
2095,70.0,0.425,0.4268,-2.638
2096,70.0,0.432,0.4268,-2.671
2097,70.0,0.438,0.4267,-2.699
2098,70.0,0.445,0.4267,-2.731
2099,70.0,0.452,0.4266,-2.763
2100,70.0,0.459,0.4265,-2.795
2101,70.0,0.466,0.4265,-2.826
2102,70.0,0.473,0.4264,-2.857
2103,70.0,0.48,0.4264,-2.888
2104,70.0,0.488,0.4263,-2.922
2105,70.0,0.495,0.4262,-2.952
2106,70.0,0.503,0.4262,-2.987
2107,70.0,0.51,0.4261,-3.017
2108,70.0,0.518,0.426,-3.051
2109,70.0,0.526,0.426,-3.085
2110,70.0,0.534,0.4259,-3.12
2111,70.0,0.542,0.4258,-3.154
2112,70.0,0.551,0.4258,-3.192
2113,70.0,0.559,0.4257,-3.226
2114,70.0,0.568,0.4256,-3.264
2115,70.0,0.576,0.4255,-3.298
2116,70.0,0.585,0.4255,-3.335
2117,70.0,0.594,0.4254,-3.372
2118,70.0,0.603,0.4253,-3.409
2119,70.0,0.613,0.4252,-3.45
2120,70.0,0.622,0.4252,-3.486
2121,70.0,0.632,0.4251,-3.526
2122,70.0,0.641,0.425,-3.561
2123,70.0,0.651,0.4249,-3.6
2124,70.0,0.661,0.4248,-3.639
2125,70.0,0.671,0.4248,-3.676
2126,70.0,0.682,0.4247,-3.718
2127,70.0,0.692,0.4246,-3.755
2128,70.0,0.703,0.4245,-3.796
2129,70.0,0.713,0.4244,-3.834
2130,70.0,0.724,0.4243,-3.875
2131,70.0,0.736,0.4242,-3.92
2132,70.0,0.747,0.4241,-3.96
2133,70.0,0.758,0.424,-4.001
2134,70.0,0.77,0.4239,-4.045
2135,70.0,0.782,0.4238,-4.089
2136,70.0,0.794,0.4237,-4.133
2137,70.0,0.806,0.4236,-4.177
2138,70.0,0.818,0.4235,-4.22
2139,70.0,0.831,0.4234,-4.266
2140,70.0,0.844,0.4233,-4.312
2141,70.0,0.857,0.4232,-4.357
2142,70.0,0.87,0.4231,-4.403
2143,70.0,0.883,0.423,-4.447
2144,70.0,0.897,0.4229,-4.494
2145,70.0,0.91,0.4228,-4.538
2146,70.0,0.924,0.4227,-4.584
2147,70.0,0.939,0.4226,-4.633
2148,70.0,0.953,0.4225,-4.677
2149,70.0,0.968,0.4223,-4.725
2150,70.0,0.982,0.4222,-4.77
2151,70.0,0.997,0.4221,-4.818
2152,70.0,1.013,0.422,-4.869
2153,70.0,1.028,0.4219,-4.917
2154,70.0,1.044,0.4217,-4.967
2155,70.0,1.06,0.4216,-5.018
2156,70.0,1.076,0.4215,-5.068
2157,70.0,1.093,0.4213,-5.121
2158,70.0,1.11,0.4212,-5.174
2159,70.0,1.127,0.4211,-5.226
2160,70.0,1.144,0.4209,-5.278
2161,70.0,1.162,0.4208,-5.333
2162,70.0,1.179,0.4207,-5.384
2163,70.0,1.198,0.4205,-5.44
2164,70.0,1.216,0.4204,-5.493
2165,70.0,1.235,0.4203,-5.549
2166,70.0,1.254,0.4201,-5.604
2167,70.0,1.273,0.42,-5.658
2168,70.0,1.292,0.4199,-5.711
2169,70.0,1.312,0.4197,-5.766
2170,70.0,1.332,0.4196,-5.821
2171,70.0,1.353,0.4194,-5.877
2172,70.0,1.374,0.4193,-5.934
2173,70.0,1.395,0.4191,-5.99
2174,70.0,1.416,0.419,-6.046
2175,70.0,1.438,0.4188,-6.104
2176,70.0,1.46,0.4186,-6.162
2177,70.0,1.482,0.4185,-6.22
2178,70.0,1.505,0.4183,-6.281
2179,70.0,1.528,0.4181,-6.341
2180,70.0,1.552,0.418,-6.403
2181,70.0,1.575,0.4178,-6.462
2182,70.0,1.599,0.4176,-6.524
2183,70.0,1.624,0.4175,-6.588
2184,70.0,1.649,0.4173,-6.651
2185,70.0,1.674,0.4171,-6.713
2186,70.0,1.7,0.4169,-6.778
2187,70.0,1.726,0.4168,-6.842
2188,70.0,1.753,0.4166,-6.908
2189,70.0,1.779,0.4164,-6.97
2190,70.0,1.807,0.4162,-7.037
2191,70.0,1.835,0.416,-7.103
2192,70.0,1.863,0.4159,-7.167
2193,70.0,1.891,0.4157,-7.231
2194,70.0,1.92,0.4155,-7.297
2195,70.0,1.95,0.4153,-7.363
2196,70.0,1.98,0.4151,-7.428
2197,70.0,2.01,0.4149,-7.494
2198,70.0,2.041,0.4147,-7.561
2199,70.0,2.072,0.4145,-7.628
2200,70.0,2.104,0.4143,-7.697
2201,70.0,2.136,0.4141,-7.765
2202,70.0,2.169,0.4139,-7.836
2203,70.0,2.202,0.4137,-7.906
2204,70.0,2.236,0.4135,-7.978
2205,70.0,2.271,0.4133,-8.052
2206,70.0,2.305,0.4131,-8.123
2207,70.0,2.341,0.4128,-8.197
2208,70.0,2.377,0.4126,-8.271
2209,70.0,2.413,0.4124,-8.345
2210,70.0,2.45,0.4122,-8.42
2211,70.0,2.488,0.4119,-8.496
2212,70.0,2.526,0.4117,-8.572
2213,70.0,2.565,0.4115,-8.649
2214,70.0,2.604,0.4113,-8.724
2215,70.0,2.644,0.411,-8.801
2216,70.0,2.685,0.4108,-8.879
2217,70.0,2.726,0.4106,-8.956
2218,70.0,2.768,0.4103,-9.034
2219,70.0,2.81,0.4101,-9.11
2220,70.0,2.853,0.4099,-9.188
2221,70.0,2.897,0.4097,-9.265
2222,70.0,2.942,0.4094,-9.344
2223,70.0,2.987,0.4092,-9.421
2224,70.0,3.033,0.4089,-9.5
2225,70.0,3.079,0.4087,-9.579
2226,70.0,3.126,0.4084,-9.659
2227,70.0,3.174,0.4082,-9.74
2228,70.0,3.223,0.4079,-9.823
2229,70.0,3.273,0.4076,-9.907
2230,70.0,3.323,0.4074,-9.991
2231,70.0,3.374,0.4071,-10.076
2232,70.0,3.426,0.4068,-10.161
2233,70.0,3.478,0.4066,-10.247
2234,70.0,3.532,0.4063,-10.334
2235,70.0,3.586,0.406,-10.422
2236,70.0,3.641,0.4058,-10.51
2237,70.0,3.697,0.4055,-10.599
2238,70.0,3.754,0.4052,-10.689
2239,70.0,3.811,0.4049,-10.777
2240,70.0,3.87,0.4046,-10.868
2241,70.0,3.929,0.4043,-10.958
2242,70.0,3.989,0.4041,-11.049
2243,70.0,4.051,0.4038,-11.141
2244,70.0,4.113,0.4035,-11.232
2245,70.0,4.176,0.4032,-11.323
2246,70.0,4.24,0.4029,-11.414
2247,70.0,4.305,0.4026,-11.506
2248,70.0,4.371,0.4023,-11.598
2249,70.0,4.438,0.402,-11.689
2250,70.0,4.506,0.4018,-11.78
2251,70.0,4.575,0.4015,-11.871
2252,70.0,4.646,0.4012,-11.965
2253,70.0,4.717,0.4009,-12.059
2254,70.0,4.789,0.4006,-12.153
2255,70.0,4.863,0.4002,-12.249
2256,70.0,4.938,0.3999,-12.346
2257,70.0,5.013,0.3996,-12.443
2258,70.0,5.09,0.3993,-12.542
2259,70.0,5.168,0.399,-12.641
2260,70.0,5.248,0.3987,-12.743
2261,70.0,5.328,0.3983,-12.843
2262,70.0,5.41,0.398,-12.945
2263,70.0,5.493,0.3977,-13.048
2264,70.0,5.577,0.3973,-13.151
2265,70.0,5.663,0.397,-13.256
2266,70.0,5.75,0.3967,-13.36
2267,70.0,5.838,0.3963,-13.466
2268,70.0,5.928,0.396,-13.572
2269,70.0,6.019,0.3956,-13.679
2270,70.0,6.111,0.3953,-13.786
2271,70.0,6.205,0.3949,-13.893
2272,70.0,6.3,0.3946,-13.999
2273,70.0,6.397,0.3943,-14.107
2274,70.0,6.495,0.3939,-14.216
2275,70.0,6.595,0.3935,-14.325
2276,70.0,6.696,0.3932,-14.433
2277,70.0,6.799,0.3929,-14.541
2278,70.0,6.903,0.3925,-14.648
2279,70.0,7.009,0.3922,-14.756
2280,70.0,7.117,0.3918,-14.864
2281,70.0,7.226,0.3915,-14.972
2282,70.0,7.337,0.3911,-15.082
2283,70.0,7.45,0.3908,-15.192
2284,70.0,7.564,0.3904,-15.303
2285,70.0,7.68,0.39,-15.415
2286,70.0,7.798,0.3897,-15.529
2287,70.0,7.918,0.3893,-15.643
2288,70.0,8.039,0.3889,-15.759
2289,70.0,8.162,0.3886,-15.875
2290,70.0,8.288,0.3882,-15.994
2291,70.0,8.415,0.3878,-16.112
2292,70.0,8.544,0.3874,-16.232
2293,70.0,8.675,0.387,-16.352
2294,70.0,8.808,0.3866,-16.474
2295,70.0,8.944,0.3863,-16.597
2296,70.0,9.081,0.3859,-16.719
2297,70.0,9.22,0.3855,-16.843
2298,70.0,9.362,0.3851,-16.968
2299,70.0,9.505,0.3847,-17.092
2300,70.0,9.651,0.3843,-17.216
2301,70.0,9.799,0.3839,-17.341
2302,70.0,9.95,0.3835,-17.468
2303,70.0,10.103,0.383,-17.596
2304,70.0,10.258,0.3826,-17.725
2305,70.0,10.415,0.3822,-17.854
2306,70.0,10.575,0.3818,-17.982
2307,70.0,10.737,0.3814,-18.108
2308,70.0,10.902,0.381,-18.235
2309,70.0,11.069,0.3806,-18.361
2310,70.0,11.239,0.3802,-18.488
2311,70.0,11.412,0.3798,-18.616
2312,70.0,11.587,0.3794,-18.743
2313,70.0,11.765,0.379,-18.871
2314,70.0,11.945,0.3786,-19.0
2315,70.0,12.129,0.3782,-19.129
2316,70.0,12.315,0.3778,-19.259
2317,70.0,12.504,0.3774,-19.391
2318,70.0,12.696,0.377,-19.523
2319,70.0,12.891,0.3766,-19.658
2320,70.0,13.089,0.3761,-19.793
2321,70.0,13.289,0.3757,-19.929
2322,70.0,13.493,0.3753,-20.068
2323,70.0,13.701,0.3749,-20.207
2324,70.0,13.911,0.3744,-20.348
2325,70.0,14.124,0.374,-20.489
2326,70.0,14.341,0.3736,-20.631
2327,70.0,14.561,0.3731,-20.774
2328,70.0,14.785,0.3727,-20.919
2329,70.0,15.012,0.3722,-21.064
2330,70.0,15.242,0.3718,-21.21
2331,70.0,15.476,0.3713,-21.355
2332,70.0,15.714,0.3709,-21.501
2333,70.0,15.955,0.3705,-21.646
2334,70.0,16.2,0.37,-21.792
2335,70.0,16.448,0.3696,-21.938
2336,70.0,16.701,0.3691,-22.086
2337,70.0,16.957,0.3686,-22.235
2338,70.0,17.217,0.3682,-22.387
2339,70.0,17.482,0.3677,-22.541
2340,70.0,17.75,0.3672,-22.697
2341,70.0,18.022,0.3667,-22.852
2342,70.0,18.299,0.3663,-23.002
2343,70.0,18.58,0.3658,-23.152
2344,70.0,18.865,0.3654,-23.3
2345,70.0,19.155,0.3649,-23.449
2346,70.0,19.449,0.3645,-23.596
2347,70.0,19.747,0.364,-23.744
2348,70.0,20.05,0.3636,-23.893
2349,70.0,20.358,0.3632,-24.044
2350,70.0,20.671,0.3628,-24.197
2351,70.0,20.988,0.3623,-24.352
2352,70.0,21.31,0.3619,-24.508
2353,70.0,21.637,0.3614,-24.667
2354,70.0,21.969,0.361,-24.826
2355,70.0,22.306,0.3605,-24.987
2356,70.0,22.649,0.3601,-25.148
2357,70.0,22.996,0.3596,-25.31
2358,70.0,23.349,0.3592,-25.471
2359,70.0,23.708,0.3587,-25.633
2360,70.0,24.072,0.3583,-25.794
2361,70.0,24.441,0.3578,-25.955
2362,70.0,24.816,0.3574,-26.117
2363,70.0,25.197,0.3569,-26.28
2364,70.0,25.584,0.3564,-26.445
2365,70.0,25.977,0.356,-26.612
2366,70.0,26.375,0.3555,-26.78
2367,70.0,26.78,0.355,-26.951
2368,70.0,27.191,0.3545,-27.125
2369,70.0,27.608,0.354,-27.302
2370,70.0,28.032,0.3535,-27.481
2371,70.0,28.462,0.353,-27.662
2372,70.0,28.899,0.3525,-27.845
2373,70.0,29.343,0.352,-28.03
2374,70.0,29.793,0.3514,-28.216
2375,70.0,30.251,0.3509,-28.399
2376,70.0,30.715,0.3504,-28.574
2377,70.0,31.186,0.3499,-28.746
2378,70.0,31.665,0.3495,-28.918
2379,70.0,32.151,0.349,-29.089
2380,70.0,32.645,0.3485,-29.259
2381,70.0,33.146,0.348,-29.43
2382,70.0,33.654,0.3475,-29.601
2383,70.0,34.171,0.347,-29.773
2384,70.0,34.695,0.3466,-29.945
2385,70.0,35.228,0.3462,-30.12
2386,70.0,35.769,0.3457,-30.297
2387,70.0,36.318,0.3453,-30.476
2388,70.0,36.875,0.3448,-30.657
2389,70.0,37.441,0.3444,-30.842
2390,70.0,38.016,0.3439,-31.03
2391,70.0,38.599,0.3434,-31.22
2392,70.0,39.192,0.343,-31.414
2393,70.0,39.793,0.3425,-31.61
2394,70.0,40.404,0.342,-31.809
2395,70.0,41.024,0.3415,-32.009
2396,70.0,41.654,0.341,-32.211
2397,70.0,42.293,0.3405,-32.409
2398,70.0,42.942,0.34,-32.602
2399,70.0,43.601,0.3396,-32.791
2400,70.0,44.271,0.3391,-32.975
2401,70.0,44.95,0.3387,-33.155
2402,70.0,45.64,0.3382,-33.335
2403,70.0,46.341,0.3378,-33.515
2404,70.0,47.052,0.3373,-33.696
2405,70.0,47.774,0.3369,-33.879
2406,70.0,48.507,0.3364,-34.063
2407,70.0,49.252,0.336,-34.251
2408,70.0,50.008,0.3355,-34.44
2409,70.0,50.775,0.335,-34.632
2410,70.0,51.555,0.3345,-34.827
2411,70.0,52.346,0.334,-35.024
2412,70.0,53.15,0.3335,-35.224
2413,70.0,53.965,0.333,-35.426
2414,70.0,54.794,0.3325,-35.632
2415,70.0,55.635,0.332,-35.84
2416,70.0,56.489,0.3315,-36.05
2417,70.0,57.356,0.331,-36.264
2418,70.0,58.236,0.3304,-36.48
2419,70.0,59.13,0.3299,-36.699
2420,70.0,60.037,0.3294,-36.922
2421,70.0,60.959,0.3288,-37.147
2422,70.0,61.895,0.3282,-37.376
2423,70.0,62.845,0.3277,-37.607
2424,70.0,63.809,0.3272,-37.841
2425,70.0,64.789,0.3267,-38.078
2426,70.0,65.783,0.3262,-38.316
2427,70.0,66.793,0.3257,-38.555
2428,70.0,67.818,0.3252,-38.778
2429,70.0,68.859,0.3248,-38.988
2430,70.0,69.916,0.3243,-39.19
2431,70.0,70.989,0.3239,-39.387
2432,70.0,72.078,0.3235,-39.578
2433,70.0,73.185,0.3232,-39.763
2434,70.0,74.308,0.3228,-39.944
2435,70.0,75.449,0.3224,-40.123
2436,70.0,76.607,0.322,-40.301
2437,70.0,77.783,0.3217,-40.48
2438,70.0,78.976,0.3213,-40.662
2439,70.0,80.189,0.3209,-40.845
2440,70.0,81.419,0.3205,-41.032
2441,70.0,82.669,0.3201,-41.221
2442,70.0,83.938,0.3197,-41.413
2443,70.0,85.226,0.3193,-41.607
2444,70.0,86.534,0.3189,-41.805
2445,70.0,87.863,0.3185,-42.006
2446,70.0,89.211,0.3181,-42.21
2447,70.0,90.581,0.3176,-42.418
2448,70.0,91.971,0.3172,-42.629
2449,70.0,93.382,0.3168,-42.844
2450,70.0,94.816,0.3163,-43.061
2451,70.0,96.271,0.3158,-43.283
2452,70.0,97.749,0.3154,-43.508
2453,70.0,99.249,0.3149,-43.737
2454,70.0,100.772,0.3144,-43.97
2455,70.0,102.319,0.3139,-44.207
2456,70.0,103.89,0.3134,-44.448
2457,70.0,105.484,0.3129,-44.694
2458,70.0,107.103,0.3124,-44.943
2459,70.0,108.747,0.3119,-45.197
2460,70.0,110.416,0.3113,-45.456
2461,70.0,112.111,0.3108,-45.719
2462,70.0,113.832,0.3102,-45.987
2463,70.0,115.579,0.3097,-46.26
2464,70.0,117.353,0.3091,-46.536
2465,70.0,119.154,0.3085,-46.818
2466,70.0,120.983,0.3079,-47.103
2467,70.0,122.84,0.3073,-47.394
2468,70.0,124.726,0.3068,-47.688
2469,70.0,126.64,0.3063,-47.986
2470,70.0,128.584,0.3057,-48.287
2471,70.0,130.558,0.3052,-48.591
2472,70.0,132.561,0.3047,-48.897
2473,70.0,134.596,0.3042,-49.207
2474,70.0,136.662,0.3037,-49.52
2475,70.0,138.76,0.3032,-49.83
2476,70.0,140.889,0.3027,-50.127
2477,70.0,143.052,0.3022,-50.417
2478,70.0,145.248,0.3017,-50.704
2479,70.0,147.477,0.3012,-50.988
2480,70.0,149.741,0.3007,-51.272
2481,70.0,152.039,0.3003,-51.546
2482,70.0,154.373,0.2998,-51.806
2483,70.0,156.742,0.2994,-52.05
2484,70.0,159.148,0.299,-52.281
2485,70.0,161.591,0.2987,-52.501
2486,70.0,164.071,0.2983,-52.708
2487,70.0,166.589,0.298,-52.898
2488,70.0,169.146,0.2977,-53.067
2489,70.0,171.742,0.2975,-53.212
2490,70.0,174.378,0.2973,-53.335
2491,70.0,177.055,0.2971,-53.439
2492,70.0,179.772,0.2969,-53.527
2493,70.0,182.532,0.2968,-53.603
2494,70.0,185.333,0.2967,-53.666
2495,70.0,188.178,0.2966,-53.719
2496,70.0,191.066,0.2966,-53.762
2497,70.0,193.999,0.2965,-53.793
2498,70.0,196.977,0.2965,-53.806
2499,70.0,200.0,0.2965,-53.813
2500,75.0,0.1,0.4292,-1.048
2501,75.0,0.102,0.4292,-1.063
2502,75.0,0.103,0.4292,-1.071
2503,75.0,0.105,0.4292,-1.086
2504,75.0,0.106,0.4292,-1.093
2505,75.0,0.108,0.4292,-1.108
2506,75.0,0.11,0.4292,-1.123
2507,75.0,0.111,0.4291,-1.13
2508,75.0,0.113,0.4291,-1.145
2509,75.0,0.115,0.4291,-1.159
2510,75.0,0.116,0.4291,-1.166
2511,75.0,0.118,0.4291,-1.181
2512,75.0,0.12,0.4291,-1.195
2513,75.0,0.122,0.429,-1.21
2514,75.0,0.124,0.429,-1.225
2515,75.0,0.126,0.429,-1.24
2516,75.0,0.128,0.429,-1.255
2517,75.0,0.13,0.429,-1.269
2518,75.0,0.132,0.429,-1.284
2519,75.0,0.134,0.4289,-1.299
2520,75.0,0.136,0.4289,-1.314
2521,75.0,0.138,0.4289,-1.329
2522,75.0,0.14,0.4289,-1.343
2523,75.0,0.142,0.4289,-1.358
2524,75.0,0.144,0.4288,-1.373
2525,75.0,0.146,0.4288,-1.387
2526,75.0,0.149,0.4288,-1.409
2527,75.0,0.151,0.4288,-1.423
2528,75.0,0.153,0.4288,-1.437
2529,75.0,0.156,0.4287,-1.458
2530,75.0,0.158,0.4287,-1.472
2531,75.0,0.16,0.4287,-1.486
2532,75.0,0.163,0.4287,-1.507
2533,75.0,0.165,0.4286,-1.521
2534,75.0,0.168,0.4286,-1.542
2535,75.0,0.17,0.4286,-1.557
2536,75.0,0.173,0.4286,-1.578
2537,75.0,0.176,0.4285,-1.599
2538,75.0,0.178,0.4285,-1.613
2539,75.0,0.181,0.4285,-1.634
2540,75.0,0.184,0.4285,-1.655
2541,75.0,0.187,0.4284,-1.676
2542,75.0,0.19,0.4284,-1.697
2543,75.0,0.193,0.4284,-1.717
2544,75.0,0.195,0.4283,-1.731
2545,75.0,0.198,0.4283,-1.752
2546,75.0,0.202,0.4283,-1.778
2547,75.0,0.205,0.4282,-1.798
2548,75.0,0.208,0.4282,-1.818
2549,75.0,0.211,0.4282,-1.838
2550,75.0,0.214,0.4282,-1.857
2551,75.0,0.217,0.4281,-1.877
2552,75.0,0.221,0.4281,-1.903
2553,75.0,0.224,0.4281,-1.923
2554,75.0,0.228,0.428,-1.949
2555,75.0,0.231,0.428,-1.969
2556,75.0,0.235,0.4279,-1.995
2557,75.0,0.238,0.4279,-2.014
2558,75.0,0.242,0.4279,-2.04
2559,75.0,0.246,0.4278,-2.066
2560,75.0,0.249,0.4278,-2.085
2561,75.0,0.253,0.4277,-2.111
2562,75.0,0.257,0.4277,-2.136
2563,75.0,0.261,0.4277,-2.162
2564,75.0,0.265,0.4276,-2.187
2565,75.0,0.269,0.4276,-2.211
2566,75.0,0.273,0.4275,-2.236
2567,75.0,0.277,0.4275,-2.26
2568,75.0,0.282,0.4275,-2.291
2569,75.0,0.286,0.4274,-2.314
2570,75.0,0.29,0.4274,-2.338
2571,75.0,0.295,0.4273,-2.368
2572,75.0,0.299,0.4273,-2.391
2573,75.0,0.304,0.4272,-2.421
2574,75.0,0.309,0.4272,-2.45
2575,75.0,0.313,0.4271,-2.474
2576,75.0,0.318,0.4271,-2.503
2577,75.0,0.323,0.427,-2.533
2578,75.0,0.328,0.427,-2.562
2579,75.0,0.333,0.4269,-2.591
2580,75.0,0.338,0.4269,-2.62
2581,75.0,0.343,0.4268,-2.649
2582,75.0,0.349,0.4267,-2.683
2583,75.0,0.354,0.4267,-2.712
2584,75.0,0.359,0.4266,-2.74
2585,75.0,0.365,0.4266,-2.773
2586,75.0,0.371,0.4265,-2.806
2587,75.0,0.376,0.4265,-2.833
2588,75.0,0.382,0.4264,-2.866
2589,75.0,0.388,0.4264,-2.898
2590,75.0,0.394,0.4263,-2.929
2591,75.0,0.4,0.4262,-2.961
2592,75.0,0.406,0.4262,-2.993
2593,75.0,0.412,0.4261,-3.024
2594,75.0,0.419,0.426,-3.061
2595,75.0,0.425,0.426,-3.092
2596,75.0,0.432,0.4259,-3.128
2597,75.0,0.438,0.4258,-3.16
2598,75.0,0.445,0.4257,-3.196
2599,75.0,0.452,0.4257,-3.232
2600,75.0,0.459,0.4256,-3.268
2601,75.0,0.466,0.4255,-3.303
2602,75.0,0.473,0.4255,-3.339
2603,75.0,0.48,0.4254,-3.374
2604,75.0,0.488,0.4253,-3.414
2605,75.0,0.495,0.4252,-3.448
2606,75.0,0.503,0.4251,-3.487
2607,75.0,0.51,0.4251,-3.521
2608,75.0,0.518,0.425,-3.559
2609,75.0,0.526,0.4249,-3.597
2610,75.0,0.534,0.4248,-3.635
2611,75.0,0.542,0.4248,-3.671
2612,75.0,0.551,0.4247,-3.713
2613,75.0,0.559,0.4246,-3.749
2614,75.0,0.568,0.4245,-3.79
2615,75.0,0.576,0.4244,-3.826
2616,75.0,0.585,0.4243,-3.867
2617,75.0,0.594,0.4242,-3.908
2618,75.0,0.603,0.4241,-3.948
2619,75.0,0.613,0.424,-3.993
2620,75.0,0.622,0.4239,-4.033
2621,75.0,0.632,0.4238,-4.077
2622,75.0,0.641,0.4238,-4.117
2623,75.0,0.651,0.4237,-4.161
2624,75.0,0.661,0.4236,-4.204
2625,75.0,0.671,0.4235,-4.247
2626,75.0,0.682,0.4233,-4.294
2627,75.0,0.692,0.4233,-4.337
2628,75.0,0.703,0.4231,-4.383
2629,75.0,0.713,0.4231,-4.424
2630,75.0,0.724,0.4229,-4.47
2631,75.0,0.736,0.4228,-4.518
2632,75.0,0.747,0.4227,-4.562
2633,75.0,0.758,0.4226,-4.606
2634,75.0,0.77,0.4225,-4.653
2635,75.0,0.782,0.4224,-4.699
2636,75.0,0.794,0.4223,-4.745
2637,75.0,0.806,0.4222,-4.792
2638,75.0,0.818,0.4221,-4.838
2639,75.0,0.831,0.4219,-4.888
2640,75.0,0.844,0.4218,-4.937
2641,75.0,0.857,0.4217,-4.986
2642,75.0,0.87,0.4216,-5.036
2643,75.0,0.883,0.4214,-5.084
2644,75.0,0.897,0.4213,-5.137
2645,75.0,0.91,0.4212,-5.185
2646,75.0,0.924,0.4211,-5.236
2647,75.0,0.939,0.4209,-5.291
2648,75.0,0.953,0.4208,-5.342
2649,75.0,0.968,0.4206,-5.396
2650,75.0,0.982,0.4205,-5.446
2651,75.0,0.997,0.4204,-5.499
2652,75.0,1.013,0.4202,-5.554
2653,75.0,1.028,0.4201,-5.606
2654,75.0,1.044,0.42,-5.661
2655,75.0,1.06,0.4198,-5.714
2656,75.0,1.076,0.4197,-5.767
2657,75.0,1.093,0.4196,-5.823
2658,75.0,1.11,0.4194,-5.878
2659,75.0,1.127,0.4193,-5.932
2660,75.0,1.144,0.4191,-5.987
2661,75.0,1.162,0.419,-6.044
2662,75.0,1.179,0.4188,-6.098
2663,75.0,1.198,0.4186,-6.158
2664,75.0,1.216,0.4185,-6.215
2665,75.0,1.235,0.4183,-6.274
2666,75.0,1.254,0.4182,-6.334
2667,75.0,1.273,0.418,-6.392
2668,75.0,1.292,0.4178,-6.451
2669,75.0,1.312,0.4177,-6.512
2670,75.0,1.332,0.4175,-6.573
2671,75.0,1.353,0.4173,-6.636
2672,75.0,1.374,0.4172,-6.699
2673,75.0,1.395,0.417,-6.761
2674,75.0,1.416,0.4168,-6.822
2675,75.0,1.438,0.4166,-6.886
2676,75.0,1.46,0.4165,-6.949
2677,75.0,1.482,0.4163,-7.011
2678,75.0,1.505,0.4161,-7.076
2679,75.0,1.528,0.4159,-7.14
2680,75.0,1.552,0.4158,-7.205
2681,75.0,1.575,0.4156,-7.267
2682,75.0,1.599,0.4154,-7.331
2683,75.0,1.624,0.4152,-7.396
2684,75.0,1.649,0.415,-7.461
2685,75.0,1.674,0.4148,-7.526
2686,75.0,1.7,0.4146,-7.593
2687,75.0,1.726,0.4144,-7.659
2688,75.0,1.753,0.4142,-7.728
2689,75.0,1.779,0.414,-7.794
2690,75.0,1.807,0.4138,-7.865
2691,75.0,1.835,0.4136,-7.935
2692,75.0,1.863,0.4134,-8.005
2693,75.0,1.891,0.4132,-8.074
2694,75.0,1.92,0.413,-8.146
2695,75.0,1.95,0.4128,-8.219
2696,75.0,1.98,0.4126,-8.292
2697,75.0,2.01,0.4123,-8.364
2698,75.0,2.041,0.4121,-8.438
2699,75.0,2.072,0.4119,-8.511
2700,75.0,2.104,0.4117,-8.586
2701,75.0,2.136,0.4115,-8.66
2702,75.0,2.169,0.4112,-8.735
2703,75.0,2.202,0.411,-8.81
2704,75.0,2.236,0.4108,-8.886
2705,75.0,2.271,0.4106,-8.963
2706,75.0,2.305,0.4103,-9.038
2707,75.0,2.341,0.4101,-9.115
2708,75.0,2.377,0.4099,-9.191
2709,75.0,2.413,0.4097,-9.266
2710,75.0,2.45,0.4094,-9.342
2711,75.0,2.488,0.4092,-9.42
2712,75.0,2.526,0.4089,-9.497
2713,75.0,2.565,0.4087,-9.575
2714,75.0,2.604,0.4084,-9.654
2715,75.0,2.644,0.4082,-9.734
2716,75.0,2.685,0.4079,-9.815
2717,75.0,2.726,0.4077,-9.896
2718,75.0,2.768,0.4074,-9.979
2719,75.0,2.81,0.4072,-10.061
2720,75.0,2.853,0.4069,-10.144
2721,75.0,2.897,0.4066,-10.229
2722,75.0,2.942,0.4064,-10.315
2723,75.0,2.987,0.4061,-10.4
2724,75.0,3.033,0.4058,-10.486
2725,75.0,3.079,0.4056,-10.572
2726,75.0,3.126,0.4053,-10.659
2727,75.0,3.174,0.405,-10.746
2728,75.0,3.223,0.4047,-10.835
2729,75.0,3.273,0.4045,-10.924
2730,75.0,3.323,0.4042,-11.013
2731,75.0,3.374,0.4039,-11.102
2732,75.0,3.426,0.4036,-11.192
2733,75.0,3.478,0.4033,-11.281
2734,75.0,3.532,0.403,-11.372
2735,75.0,3.586,0.4028,-11.461
2736,75.0,3.641,0.4025,-11.551
2737,75.0,3.697,0.4022,-11.641
2738,75.0,3.754,0.4019,-11.732
2739,75.0,3.811,0.4016,-11.821
2740,75.0,3.87,0.4013,-11.912
2741,75.0,3.929,0.401,-12.003
2742,75.0,3.989,0.4007,-12.096
2743,75.0,4.051,0.4004,-12.19
2744,75.0,4.113,0.4001,-12.285
2745,75.0,4.176,0.3998,-12.38
2746,75.0,4.24,0.3995,-12.476
2747,75.0,4.305,0.3992,-12.572
2748,75.0,4.371,0.3989,-12.67
2749,75.0,4.438,0.3986,-12.769
2750,75.0,4.506,0.3983,-12.868
2751,75.0,4.575,0.3979,-12.968
2752,75.0,4.646,0.3976,-13.07
2753,75.0,4.717,0.3973,-13.171
2754,75.0,4.789,0.3969,-13.272
2755,75.0,4.863,0.3966,-13.375
2756,75.0,4.938,0.3963,-13.479
2757,75.0,5.013,0.3959,-13.582
2758,75.0,5.09,0.3956,-13.687
2759,75.0,5.168,0.3953,-13.791
2760,75.0,5.248,0.3949,-13.897
2761,75.0,5.328,0.3946,-14.001
2762,75.0,5.41,0.3943,-14.107
2763,75.0,5.493,0.3939,-14.214
2764,75.0,5.577,0.3936,-14.32
2765,75.0,5.663,0.3932,-14.426
2766,75.0,5.75,0.3929,-14.532
2767,75.0,5.838,0.3925,-14.638
2768,75.0,5.928,0.3922,-14.745
2769,75.0,6.019,0.3918,-14.852
2770,75.0,6.111,0.3915,-14.958
2771,75.0,6.205,0.3912,-15.065
2772,75.0,6.3,0.3908,-15.173
2773,75.0,6.397,0.3905,-15.283
2774,75.0,6.495,0.3901,-15.393
2775,75.0,6.595,0.3898,-15.505
2776,75.0,6.696,0.3894,-15.618
2777,75.0,6.799,0.389,-15.732
2778,75.0,6.903,0.3887,-15.846
2779,75.0,7.009,0.3883,-15.961
2780,75.0,7.117,0.3879,-16.077
2781,75.0,7.226,0.3875,-16.194
2782,75.0,7.337,0.3872,-16.312
2783,75.0,7.45,0.3868,-16.431
2784,75.0,7.564,0.3864,-16.55
2785,75.0,7.68,0.386,-16.67
2786,75.0,7.798,0.3856,-16.791
2787,75.0,7.918,0.3852,-16.913
2788,75.0,8.039,0.3848,-17.035
2789,75.0,8.162,0.3845,-17.158
2790,75.0,8.288,0.3841,-17.282
2791,75.0,8.415,0.3837,-17.406
2792,75.0,8.544,0.3833,-17.529
2793,75.0,8.675,0.3829,-17.652
2794,75.0,8.808,0.3825,-17.777
2795,75.0,8.944,0.3821,-17.903
2796,75.0,9.081,0.3817,-18.03
2797,75.0,9.22,0.3812,-18.157
2798,75.0,9.362,0.3808,-18.283
2799,75.0,9.505,0.3804,-18.407
2800,75.0,9.651,0.38,-18.532
2801,75.0,9.799,0.3796,-18.656
2802,75.0,9.95,0.3792,-18.782
2803,75.0,10.103,0.3789,-18.909
2804,75.0,10.258,0.3785,-19.037
2805,75.0,10.415,0.3781,-19.165
2806,75.0,10.575,0.3777,-19.294
2807,75.0,10.737,0.3773,-19.424
2808,75.0,10.902,0.3769,-19.555
2809,75.0,11.069,0.3765,-19.687
2810,75.0,11.239,0.3761,-19.82
2811,75.0,11.412,0.3756,-19.955
2812,75.0,11.587,0.3752,-20.091
2813,75.0,11.765,0.3748,-20.228
2814,75.0,11.945,0.3744,-20.366
2815,75.0,12.129,0.374,-20.505
2816,75.0,12.315,0.3735,-20.644
2817,75.0,12.504,0.3731,-20.785
2818,75.0,12.696,0.3727,-20.926
2819,75.0,12.891,0.3722,-21.069
2820,75.0,13.089,0.3718,-21.211
2821,75.0,13.289,0.3714,-21.352
2822,75.0,13.493,0.3709,-21.495
2823,75.0,13.701,0.3705,-21.639
2824,75.0,13.911,0.37,-21.782
2825,75.0,14.124,0.3696,-21.928
2826,75.0,14.341,0.3691,-22.075
2827,75.0,14.561,0.3687,-22.225
2828,75.0,14.785,0.3682,-22.376
2829,75.0,15.012,0.3677,-22.528
2830,75.0,15.242,0.3673,-22.676
2831,75.0,15.476,0.3668,-22.824
2832,75.0,15.714,0.3664,-22.971
2833,75.0,15.955,0.3659,-23.118
2834,75.0,16.2,0.3655,-23.264
2835,75.0,16.448,0.365,-23.41
2836,75.0,16.701,0.3646,-23.558
2837,75.0,16.957,0.3641,-23.706
2838,75.0,17.217,0.3637,-23.855
2839,75.0,17.482,0.3633,-24.007
2840,75.0,17.75,0.3629,-24.16
2841,75.0,18.022,0.3624,-24.313
2842,75.0,18.299,0.362,-24.467
2843,75.0,18.58,0.3616,-24.62
2844,75.0,18.865,0.3611,-24.774
2845,75.0,19.155,0.3607,-24.93
2846,75.0,19.449,0.3603,-25.086
2847,75.0,19.747,0.3598,-25.244
2848,75.0,20.05,0.3594,-25.404
2849,75.0,20.358,0.3589,-25.566
2850,75.0,20.671,0.3584,-25.729
2851,75.0,20.988,0.358,-25.893
2852,75.0,21.31,0.3575,-26.059
2853,75.0,21.637,0.357,-26.226
2854,75.0,21.969,0.3566,-26.394
2855,75.0,22.306,0.3561,-26.564
2856,75.0,22.649,0.3556,-26.736
2857,75.0,22.996,0.3551,-26.906
2858,75.0,23.349,0.3546,-27.076
2859,75.0,23.708,0.3542,-27.244
2860,75.0,24.072,0.3537,-27.411
2861,75.0,24.441,0.3532,-27.576
2862,75.0,24.816,0.3528,-27.742
2863,75.0,25.197,0.3523,-27.909
2864,75.0,25.584,0.3518,-28.076
2865,75.0,25.977,0.3514,-28.244
2866,75.0,26.375,0.3509,-28.413
2867,75.0,26.78,0.3504,-28.585
2868,75.0,27.191,0.3499,-28.759
2869,75.0,27.608,0.3494,-28.936
2870,75.0,28.032,0.3489,-29.115
2871,75.0,28.462,0.3484,-29.297
2872,75.0,28.899,0.3479,-29.482
2873,75.0,29.343,0.3473,-29.667
2874,75.0,29.793,0.3468,-29.849
2875,75.0,30.251,0.3464,-30.027
2876,75.0,30.715,0.346,-30.2
2877,75.0,31.186,0.3455,-30.372
2878,75.0,31.665,0.3451,-30.546
2879,75.0,32.151,0.3447,-30.722
2880,75.0,32.645,0.3442,-30.901
2881,75.0,33.146,0.3438,-31.082
2882,75.0,33.654,0.3433,-31.264
2883,75.0,34.171,0.3429,-31.447
2884,75.0,34.695,0.3424,-31.632
2885,75.0,35.228,0.342,-31.818
2886,75.0,35.769,0.3415,-32.008
2887,75.0,36.318,0.341,-32.199
2888,75.0,36.875,0.3406,-32.392
2889,75.0,37.441,0.3401,-32.588
2890,75.0,38.016,0.3396,-32.786
2891,75.0,38.599,0.3391,-32.987
2892,75.0,39.192,0.3386,-33.19
2893,75.0,39.793,0.3381,-33.395
2894,75.0,40.404,0.3376,-33.603
2895,75.0,41.024,0.337,-33.814
2896,75.0,41.654,0.3365,-34.025
2897,75.0,42.293,0.336,-34.229
2898,75.0,42.942,0.3355,-34.427
2899,75.0,43.601,0.335,-34.621
2900,75.0,44.271,0.3346,-34.809
2901,75.0,44.95,0.3341,-34.994
2902,75.0,45.64,0.3337,-35.18
2903,75.0,46.341,0.3332,-35.366
2904,75.0,47.052,0.3327,-35.554
2905,75.0,47.774,0.3323,-35.744
2906,75.0,48.507,0.3318,-35.937
2907,75.0,49.252,0.3313,-36.131
2908,75.0,50.008,0.3308,-36.328
2909,75.0,50.775,0.3303,-36.527
2910,75.0,51.555,0.3298,-36.729
2911,75.0,52.346,0.3293,-36.933
2912,75.0,53.15,0.3288,-37.14
2913,75.0,53.965,0.3283,-37.35
2914,75.0,54.794,0.3278,-37.563
2915,75.0,55.635,0.3273,-37.778
2916,75.0,56.489,0.3268,-37.996
2917,75.0,57.356,0.3264,-38.216
2918,75.0,58.236,0.3259,-38.44
2919,75.0,59.13,0.3254,-38.666
2920,75.0,60.037,0.325,-38.895
2921,75.0,60.959,0.3245,-39.126
2922,75.0,61.895,0.324,-39.361
2923,75.0,62.845,0.3235,-39.598
2924,75.0,63.809,0.323,-39.836
2925,75.0,64.789,0.3225,-40.074
2926,75.0,65.783,0.322,-40.312
2927,75.0,66.793,0.3215,-40.551
2928,75.0,67.818,0.321,-40.783
2929,75.0,68.859,0.3206,-41.007
2930,75.0,69.916,0.3201,-41.222
2931,75.0,70.989,0.3197,-41.431
2932,75.0,72.078,0.3193,-41.635
2933,75.0,73.185,0.3189,-41.832
2934,75.0,74.308,0.3185,-42.025
2935,75.0,75.449,0.3181,-42.213
2936,75.0,76.607,0.3177,-42.401
2937,75.0,77.783,0.3173,-42.589
2938,75.0,78.976,0.3169,-42.778
2939,75.0,80.189,0.3165,-42.97
2940,75.0,81.419,0.3161,-43.165
2941,75.0,82.669,0.3157,-43.363
2942,75.0,83.938,0.3153,-43.564
2943,75.0,85.226,0.3148,-43.768
2944,75.0,86.534,0.3144,-43.976
2945,75.0,87.863,0.314,-44.187
2946,75.0,89.211,0.3135,-44.401
2947,75.0,90.581,0.3131,-44.62
2948,75.0,91.971,0.3126,-44.842
2949,75.0,93.382,0.3121,-45.069
2950,75.0,94.816,0.3116,-45.299
2951,75.0,96.271,0.3112,-45.533
2952,75.0,97.749,0.3107,-45.772
2953,75.0,99.249,0.3102,-46.015
2954,75.0,100.772,0.3096,-46.262
2955,75.0,102.319,0.3091,-46.514
2956,75.0,103.89,0.3086,-46.77
2957,75.0,105.484,0.308,-47.031
2958,75.0,107.103,0.3075,-47.298
2959,75.0,108.747,0.307,-47.569
2960,75.0,110.416,0.3065,-47.845
2961,75.0,112.111,0.306,-48.124
2962,75.0,113.832,0.3055,-48.408
2963,75.0,115.579,0.3051,-48.695
2964,75.0,117.353,0.3046,-48.987
2965,75.0,119.154,0.3041,-49.282
2966,75.0,120.983,0.3036,-49.581
2967,75.0,122.84,0.3031,-49.883
2968,75.0,124.726,0.3026,-50.19
2969,75.0,126.64,0.302,-50.5
2970,75.0,128.584,0.3015,-50.814
2971,75.0,130.558,0.301,-51.131
2972,75.0,132.561,0.3004,-51.453
2973,75.0,134.596,0.2999,-51.778
2974,75.0,136.662,0.2993,-52.107
2975,75.0,138.76,0.2988,-52.439
2976,75.0,140.889,0.2982,-52.766
2977,75.0,143.052,0.2977,-53.088
2978,75.0,145.248,0.2971,-53.408
2979,75.0,147.477,0.2966,-53.729
2980,75.0,149.741,0.2961,-54.045
2981,75.0,152.039,0.2956,-54.339
2982,75.0,154.373,0.2951,-54.613
2983,75.0,156.742,0.2947,-54.868
2984,75.0,159.148,0.2943,-55.11
2985,75.0,161.591,0.2939,-55.34
2986,75.0,164.071,0.2935,-55.556
2987,75.0,166.589,0.2932,-55.752
2988,75.0,169.146,0.2929,-55.926
2989,75.0,171.742,0.2927,-56.076
2990,75.0,174.378,0.2925,-56.203
2991,75.0,177.055,0.2923,-56.311
2992,75.0,179.772,0.2921,-56.402
2993,75.0,182.532,0.292,-56.479
2994,75.0,185.333,0.2919,-56.544
2995,75.0,188.178,0.2918,-56.598
2996,75.0,191.066,0.2917,-56.64
2997,75.0,193.999,0.2917,-56.674
2998,75.0,196.977,0.2916,-56.685
2999,75.0,200.0,0.2916,-56.691
3000,80.0,0.1,0.4289,-1.307
3001,80.0,0.102,0.4289,-1.326
3002,80.0,0.103,0.4289,-1.335
3003,80.0,0.105,0.4289,-1.354
3004,80.0,0.106,0.4289,-1.364
3005,80.0,0.108,0.4288,-1.382
3006,80.0,0.11,0.4288,-1.401
3007,80.0,0.111,0.4288,-1.41
3008,80.0,0.113,0.4288,-1.428
3009,80.0,0.115,0.4288,-1.447
3010,80.0,0.116,0.4287,-1.456
3011,80.0,0.118,0.4287,-1.474
3012,80.0,0.12,0.4287,-1.492
3013,80.0,0.122,0.4287,-1.51
3014,80.0,0.124,0.4286,-1.528
3015,80.0,0.126,0.4286,-1.546
3016,80.0,0.128,0.4286,-1.565
3017,80.0,0.13,0.4286,-1.583
3018,80.0,0.132,0.4285,-1.601
3019,80.0,0.134,0.4285,-1.619
3020,80.0,0.136,0.4285,-1.637
3021,80.0,0.138,0.4285,-1.655
3022,80.0,0.14,0.4284,-1.673
3023,80.0,0.142,0.4284,-1.691
3024,80.0,0.144,0.4284,-1.709
3025,80.0,0.146,0.4284,-1.726
3026,80.0,0.149,0.4283,-1.753
3027,80.0,0.151,0.4283,-1.77
3028,80.0,0.153,0.4283,-1.787
3029,80.0,0.156,0.4282,-1.813
3030,80.0,0.158,0.4282,-1.83
3031,80.0,0.16,0.4282,-1.847
3032,80.0,0.163,0.4281,-1.872
3033,80.0,0.165,0.4281,-1.889
3034,80.0,0.168,0.4281,-1.914
3035,80.0,0.17,0.428,-1.931
3036,80.0,0.173,0.428,-1.956
3037,80.0,0.176,0.428,-1.981
3038,80.0,0.178,0.4279,-1.998
3039,80.0,0.181,0.4279,-2.023
3040,80.0,0.184,0.4278,-2.048
3041,80.0,0.187,0.4278,-2.073
3042,80.0,0.19,0.4278,-2.098
3043,80.0,0.193,0.4277,-2.122
3044,80.0,0.195,0.4277,-2.139
3045,80.0,0.198,0.4277,-2.163
3046,80.0,0.202,0.4276,-2.195
3047,80.0,0.205,0.4276,-2.219
3048,80.0,0.208,0.4275,-2.242
3049,80.0,0.211,0.4275,-2.266
3050,80.0,0.214,0.4275,-2.289
3051,80.0,0.217,0.4274,-2.312
3052,80.0,0.221,0.4274,-2.342
3053,80.0,0.224,0.4273,-2.365
3054,80.0,0.228,0.4273,-2.396
3055,80.0,0.231,0.4272,-2.418
3056,80.0,0.235,0.4272,-2.449
3057,80.0,0.238,0.4271,-2.471
3058,80.0,0.242,0.4271,-2.501
3059,80.0,0.246,0.427,-2.531
3060,80.0,0.249,0.427,-2.554
3061,80.0,0.253,0.4269,-2.583
3062,80.0,0.257,0.4269,-2.613
3063,80.0,0.261,0.4268,-2.642
3064,80.0,0.265,0.4268,-2.672
3065,80.0,0.269,0.4267,-2.701
3066,80.0,0.273,0.4267,-2.729
3067,80.0,0.277,0.4266,-2.758
3068,80.0,0.282,0.4265,-2.793
3069,80.0,0.286,0.4265,-2.821
3070,80.0,0.29,0.4264,-2.849
3071,80.0,0.295,0.4264,-2.883
3072,80.0,0.299,0.4263,-2.91
3073,80.0,0.304,0.4263,-2.944
3074,80.0,0.309,0.4262,-2.977
3075,80.0,0.313,0.4261,-3.004
3076,80.0,0.318,0.4261,-3.037
3077,80.0,0.323,0.426,-3.071
3078,80.0,0.328,0.4259,-3.104
3079,80.0,0.333,0.4259,-3.137
3080,80.0,0.338,0.4258,-3.17
3081,80.0,0.343,0.4257,-3.202
3082,80.0,0.349,0.4257,-3.241
3083,80.0,0.354,0.4256,-3.274
3084,80.0,0.359,0.4255,-3.306
3085,80.0,0.365,0.4254,-3.344
3086,80.0,0.371,0.4254,-3.382
3087,80.0,0.376,0.4253,-3.414
3088,80.0,0.382,0.4252,-3.451
3089,80.0,0.388,0.4251,-3.488
3090,80.0,0.394,0.4251,-3.525
3091,80.0,0.4,0.425,-3.561
3092,80.0,0.406,0.4249,-3.597
3093,80.0,0.412,0.4249,-3.632
3094,80.0,0.419,0.4248,-3.673
3095,80.0,0.425,0.4247,-3.708
3096,80.0,0.432,0.4246,-3.748
3097,80.0,0.438,0.4245,-3.783
3098,80.0,0.445,0.4244,-3.823
3099,80.0,0.452,0.4243,-3.863
3100,80.0,0.459,0.4242,-3.903
3101,80.0,0.466,0.4242,-3.943
3102,80.0,0.473,0.4241,-3.982
3103,80.0,0.48,0.424,-4.021
3104,80.0,0.488,0.4239,-4.066
3105,80.0,0.495,0.4238,-4.105
3106,80.0,0.503,0.4237,-4.149
3107,80.0,0.51,0.4236,-4.187
3108,80.0,0.518,0.4235,-4.23
3109,80.0,0.526,0.4234,-4.273
3110,80.0,0.534,0.4233,-4.316
3111,80.0,0.542,0.4232,-4.358
3112,80.0,0.551,0.4231,-4.405
3113,80.0,0.559,0.423,-4.446
3114,80.0,0.568,0.4229,-4.492
3115,80.0,0.576,0.4228,-4.533
3116,80.0,0.585,0.4227,-4.578
3117,80.0,0.594,0.4226,-4.622
3118,80.0,0.603,0.4225,-4.666
3119,80.0,0.613,0.4224,-4.715
3120,80.0,0.622,0.4223,-4.758
3121,80.0,0.632,0.4221,-4.806
3122,80.0,0.641,0.422,-4.85
3123,80.0,0.651,0.4219,-4.897
3124,80.0,0.661,0.4218,-4.945
3125,80.0,0.671,0.4217,-4.992
3126,80.0,0.682,0.4215,-5.044
3127,80.0,0.692,0.4214,-5.091
3128,80.0,0.703,0.4213,-5.142
3129,80.0,0.713,0.4212,-5.188
3130,80.0,0.724,0.421,-5.238
3131,80.0,0.736,0.4209,-5.292
3132,80.0,0.747,0.4208,-5.342
3133,80.0,0.758,0.4207,-5.391
3134,80.0,0.77,0.4205,-5.444
3135,80.0,0.782,0.4204,-5.496
3136,80.0,0.794,0.4203,-5.548
3137,80.0,0.806,0.4201,-5.6
3138,80.0,0.818,0.42,-5.651
3139,80.0,0.831,0.4199,-5.705
3140,80.0,0.844,0.4197,-5.759
3141,80.0,0.857,0.4196,-5.812
3142,80.0,0.87,0.4195,-5.864
3143,80.0,0.883,0.4193,-5.916
3144,80.0,0.897,0.4192,-5.971
3145,80.0,0.91,0.419,-6.023
3146,80.0,0.924,0.4189,-6.078
3147,80.0,0.939,0.4187,-6.137
3148,80.0,0.953,0.4186,-6.191
3149,80.0,0.968,0.4184,-6.25
3150,80.0,0.982,0.4182,-6.303
3151,80.0,0.997,0.4181,-6.361
3152,80.0,1.013,0.4179,-6.422
3153,80.0,1.028,0.4178,-6.478
3154,80.0,1.044,0.4176,-6.538
3155,80.0,1.06,0.4174,-6.598
3156,80.0,1.076,0.4173,-6.657
3157,80.0,1.093,0.4171,-6.719
3158,80.0,1.11,0.4169,-6.78
3159,80.0,1.127,0.4168,-6.841
3160,80.0,1.144,0.4166,-6.902
3161,80.0,1.162,0.4164,-6.965
3162,80.0,1.179,0.4163,-7.024
3163,80.0,1.198,0.4161,-7.089
3164,80.0,1.216,0.4159,-7.15
3165,80.0,1.235,0.4157,-7.214
3166,80.0,1.254,0.4156,-7.277
3167,80.0,1.273,0.4154,-7.339
3168,80.0,1.292,0.4152,-7.4
3169,80.0,1.312,0.415,-7.464
3170,80.0,1.332,0.4148,-7.527
3171,80.0,1.353,0.4146,-7.593
3172,80.0,1.374,0.4144,-7.659
3173,80.0,1.395,0.4142,-7.725
3174,80.0,1.416,0.414,-7.79
3175,80.0,1.438,0.4138,-7.858
3176,80.0,1.46,0.4136,-7.926
3177,80.0,1.482,0.4134,-7.993
3178,80.0,1.505,0.4132,-8.062
3179,80.0,1.528,0.413,-8.131
3180,80.0,1.552,0.4128,-8.203
3181,80.0,1.575,0.4126,-8.271
3182,80.0,1.599,0.4124,-8.341
3183,80.0,1.624,0.4122,-8.414
3184,80.0,1.649,0.412,-8.486
3185,80.0,1.674,0.4118,-8.557
3186,80.0,1.7,0.4115,-8.63
3187,80.0,1.726,0.4113,-8.703
3188,80.0,1.753,0.4111,-8.778
3189,80.0,1.779,0.4109,-8.849
3190,80.0,1.807,0.4107,-8.924
3191,80.0,1.835,0.4104,-8.999
3192,80.0,1.863,0.4102,-9.073
3193,80.0,1.891,0.41,-9.145
3194,80.0,1.92,0.4098,-9.22
3195,80.0,1.95,0.4096,-9.295
3196,80.0,1.98,0.4093,-9.37
3197,80.0,2.01,0.4091,-9.445
3198,80.0,2.041,0.4089,-9.521
3199,80.0,2.072,0.4086,-9.597
3200,80.0,2.104,0.4084,-9.675
3201,80.0,2.136,0.4081,-9.752
3202,80.0,2.169,0.4079,-9.832
3203,80.0,2.202,0.4076,-9.91
3204,80.0,2.236,0.4074,-9.991
3205,80.0,2.271,0.4071,-10.073
3206,80.0,2.305,0.4069,-10.153
3207,80.0,2.341,0.4066,-10.236
3208,80.0,2.377,0.4064,-10.319
3209,80.0,2.413,0.4061,-10.401
3210,80.0,2.45,0.4058,-10.485
3211,80.0,2.488,0.4056,-10.57
3212,80.0,2.526,0.4053,-10.654
3213,80.0,2.565,0.405,-10.74
3214,80.0,2.604,0.4048,-10.825
3215,80.0,2.644,0.4045,-10.911
3216,80.0,2.685,0.4042,-10.998
3217,80.0,2.726,0.4039,-11.084
3218,80.0,2.768,0.4037,-11.172
3219,80.0,2.81,0.4034,-11.258
3220,80.0,2.853,0.4031,-11.346
3221,80.0,2.897,0.4029,-11.434
3222,80.0,2.942,0.4026,-11.523
3223,80.0,2.987,0.4023,-11.611
3224,80.0,3.033,0.402,-11.699
3225,80.0,3.079,0.4017,-11.786
3226,80.0,3.126,0.4015,-11.874
3227,80.0,3.174,0.4012,-11.964
3228,80.0,3.223,0.4009,-12.054
3229,80.0,3.273,0.4006,-12.146
3230,80.0,3.323,0.4003,-12.238
3231,80.0,3.374,0.4,-12.33
3232,80.0,3.426,0.3997,-12.424
3233,80.0,3.478,0.3994,-12.517
3234,80.0,3.532,0.3991,-12.613
3235,80.0,3.586,0.3988,-12.708
3236,80.0,3.641,0.3985,-12.805
3237,80.0,3.697,0.3981,-12.902
3238,80.0,3.754,0.3978,-13.0
3239,80.0,3.811,0.3975,-13.097
3240,80.0,3.87,0.3972,-13.197
3241,80.0,3.929,0.3969,-13.296
3242,80.0,3.989,0.3965,-13.395
3243,80.0,4.051,0.3962,-13.497
3244,80.0,4.113,0.3959,-13.598
3245,80.0,4.176,0.3956,-13.699
3246,80.0,4.24,0.3952,-13.801
3247,80.0,4.305,0.3949,-13.903
3248,80.0,4.371,0.3946,-14.006
3249,80.0,4.438,0.3942,-14.109
3250,80.0,4.506,0.3939,-14.212
3251,80.0,4.575,0.3936,-14.315
3252,80.0,4.646,0.3932,-14.42
3253,80.0,4.717,0.3929,-14.525
3254,80.0,4.789,0.3926,-14.628
3255,80.0,4.863,0.3922,-14.732
3256,80.0,4.938,0.3919,-14.837
3257,80.0,5.013,0.3916,-14.94
3258,80.0,5.09,0.3912,-15.046
3259,80.0,5.168,0.3909,-15.152
3260,80.0,5.248,0.3905,-15.26
3261,80.0,5.328,0.3902,-15.367
3262,80.0,5.41,0.3898,-15.475
3263,80.0,5.493,0.3895,-15.585
3264,80.0,5.577,0.3891,-15.695
3265,80.0,5.663,0.3888,-15.807
3266,80.0,5.75,0.3884,-15.92
3267,80.0,5.838,0.3881,-16.032
3268,80.0,5.928,0.3877,-16.146
3269,80.0,6.019,0.3873,-16.261
3270,80.0,6.111,0.387,-16.375
3271,80.0,6.205,0.3866,-16.492
3272,80.0,6.3,0.3862,-16.608
3273,80.0,6.397,0.3858,-16.726
3274,80.0,6.495,0.3855,-16.844
3275,80.0,6.595,0.3851,-16.963
3276,80.0,6.696,0.3847,-17.082
3277,80.0,6.799,0.3843,-17.203
3278,80.0,6.903,0.3839,-17.322
3279,80.0,7.009,0.3835,-17.442
3280,80.0,7.117,0.3831,-17.564
3281,80.0,7.226,0.3828,-17.685
3282,80.0,7.337,0.3824,-17.809
3283,80.0,7.45,0.382,-17.933
3284,80.0,7.564,0.3816,-18.055
3285,80.0,7.68,0.3812,-18.177
3286,80.0,7.798,0.3808,-18.299
3287,80.0,7.918,0.3804,-18.422
3288,80.0,8.039,0.38,-18.546
3289,80.0,8.162,0.3796,-18.67
3290,80.0,8.288,0.3792,-18.794
3291,80.0,8.415,0.3788,-18.917
3292,80.0,8.544,0.3784,-19.042
3293,80.0,8.675,0.3781,-19.168
3294,80.0,8.808,0.3777,-19.294
3295,80.0,8.944,0.3773,-19.423
3296,80.0,9.081,0.3769,-19.552
3297,80.0,9.22,0.3765,-19.681
3298,80.0,9.362,0.3761,-19.812
3299,80.0,9.505,0.3757,-19.943
3300,80.0,9.651,0.3753,-20.075
3301,80.0,9.799,0.3749,-20.208
3302,80.0,9.95,0.3745,-20.342
3303,80.0,10.103,0.374,-20.477
3304,80.0,10.258,0.3736,-20.613
3305,80.0,10.415,0.3732,-20.75
3306,80.0,10.575,0.3728,-20.888
3307,80.0,10.737,0.3724,-21.026
3308,80.0,10.902,0.3719,-21.166
3309,80.0,11.069,0.3715,-21.306
3310,80.0,11.239,0.3711,-21.446
3311,80.0,11.412,0.3706,-21.587
3312,80.0,11.587,0.3702,-21.727
3313,80.0,11.765,0.3698,-21.867
3314,80.0,11.945,0.3693,-22.008
3315,80.0,12.129,0.3689,-22.151
3316,80.0,12.315,0.3685,-22.296
3317,80.0,12.504,0.368,-22.443
3318,80.0,12.696,0.3675,-22.591
3319,80.0,12.891,0.3671,-22.738
3320,80.0,13.089,0.3667,-22.883
3321,80.0,13.289,0.3662,-23.027
3322,80.0,13.493,0.3658,-23.172
3323,80.0,13.701,0.3653,-23.317
3324,80.0,13.911,0.3649,-23.461
3325,80.0,14.124,0.3644,-23.606
3326,80.0,14.341,0.364,-23.752
3327,80.0,14.561,0.3636,-23.9
3328,80.0,14.785,0.3632,-24.05
3329,80.0,15.012,0.3627,-24.2
3330,80.0,15.242,0.3623,-24.35
3331,80.0,15.476,0.3619,-24.5
3332,80.0,15.714,0.3615,-24.652
3333,80.0,15.955,0.361,-24.806
3334,80.0,16.2,0.3606,-24.96
3335,80.0,16.448,0.3602,-25.115
3336,80.0,16.701,0.3597,-25.272
3337,80.0,16.957,0.3593,-25.43
3338,80.0,17.217,0.3588,-25.588
3339,80.0,17.482,0.3584,-25.749
3340,80.0,17.75,0.3579,-25.91
3341,80.0,18.022,0.3575,-26.073
3342,80.0,18.299,0.357,-26.236
3343,80.0,18.58,0.3566,-26.398
3344,80.0,18.865,0.3561,-26.559
3345,80.0,19.155,0.3557,-26.72
3346,80.0,19.449,0.3552,-26.88
3347,80.0,19.747,0.3547,-27.041
3348,80.0,20.05,0.3543,-27.203
3349,80.0,20.358,0.3538,-27.366
3350,80.0,20.671,0.3534,-27.532
3351,80.0,20.988,0.3529,-27.7
3352,80.0,21.31,0.3524,-27.87
3353,80.0,21.637,0.3519,-28.043
3354,80.0,21.969,0.3514,-28.219
3355,80.0,22.306,0.3509,-28.397
3356,80.0,22.649,0.3504,-28.578
3357,80.0,22.996,0.3499,-28.753
3358,80.0,23.349,0.3494,-28.924
3359,80.0,23.708,0.349,-29.094
3360,80.0,24.072,0.3485,-29.265
3361,80.0,24.441,0.348,-29.435
3362,80.0,24.816,0.3475,-29.605
3363,80.0,25.197,0.347,-29.775
3364,80.0,25.584,0.3466,-29.945
3365,80.0,25.977,0.3462,-30.116
3366,80.0,26.375,0.3458,-30.289
3367,80.0,26.78,0.3453,-30.465
3368,80.0,27.191,0.3449,-30.642
3369,80.0,27.608,0.3444,-30.822
3370,80.0,28.032,0.344,-31.005
3371,80.0,28.462,0.3435,-31.19
3372,80.0,28.899,0.3431,-31.375
3373,80.0,29.343,0.3426,-31.561
3374,80.0,29.793,0.3422,-31.745
3375,80.0,30.251,0.3417,-31.93
3376,80.0,30.715,0.3412,-32.111
3377,80.0,31.186,0.3408,-32.29
3378,80.0,31.665,0.3404,-32.469
3379,80.0,32.151,0.3399,-32.65
3380,80.0,32.645,0.3395,-32.831
3381,80.0,33.146,0.339,-33.014
3382,80.0,33.654,0.3386,-33.2
3383,80.0,34.171,0.3381,-33.388
3384,80.0,34.695,0.3376,-33.578
3385,80.0,35.228,0.3371,-33.771
3386,80.0,35.769,0.3367,-33.967
3387,80.0,36.318,0.3362,-34.165
3388,80.0,36.875,0.3357,-34.366
3389,80.0,37.441,0.3352,-34.571
3390,80.0,38.016,0.3346,-34.779
3391,80.0,38.599,0.3341,-34.99
3392,80.0,39.192,0.3336,-35.204
3393,80.0,39.793,0.3331,-35.42
3394,80.0,40.404,0.3325,-35.638
3395,80.0,41.024,0.332,-35.859
3396,80.0,41.654,0.3314,-36.077
3397,80.0,42.293,0.3309,-36.28
3398,80.0,42.942,0.3305,-36.476
3399,80.0,43.601,0.33,-36.668
3400,80.0,44.271,0.3295,-36.858
3401,80.0,44.95,0.329,-37.049
3402,80.0,45.64,0.3286,-37.242
3403,80.0,46.341,0.3281,-37.437
3404,80.0,47.052,0.3276,-37.634
3405,80.0,47.774,0.3272,-37.834
3406,80.0,48.507,0.3267,-38.036
3407,80.0,49.252,0.3263,-38.241
3408,80.0,50.008,0.3259,-38.448
3409,80.0,50.775,0.3255,-38.657
3410,80.0,51.555,0.325,-38.869
3411,80.0,52.346,0.3246,-39.084
3412,80.0,53.15,0.3241,-39.301
3413,80.0,53.965,0.3237,-39.521
3414,80.0,54.794,0.3232,-39.744
3415,80.0,55.635,0.3227,-39.969
3416,80.0,56.489,0.3223,-40.197
3417,80.0,57.356,0.3218,-40.427
3418,80.0,58.236,0.3213,-40.66
3419,80.0,59.13,0.3208,-40.895
3420,80.0,60.037,0.3203,-41.133
3421,80.0,60.959,0.3198,-41.373
3422,80.0,61.895,0.3193,-41.616
3423,80.0,62.845,0.3188,-41.861
3424,80.0,63.809,0.3183,-42.103
3425,80.0,64.789,0.3178,-42.344
3426,80.0,65.783,0.3173,-42.582
3427,80.0,66.793,0.3168,-42.82
3428,80.0,67.818,0.3163,-43.055
3429,80.0,68.859,0.3158,-43.286
3430,80.0,69.916,0.3154,-43.509
3431,80.0,70.989,0.3149,-43.726
3432,80.0,72.078,0.3145,-43.936
3433,80.0,73.185,0.3141,-44.141
3434,80.0,74.308,0.3136,-44.339
3435,80.0,75.449,0.3132,-44.535
3436,80.0,76.607,0.3128,-44.73
3437,80.0,77.783,0.3124,-44.927
3438,80.0,78.976,0.312,-45.126
3439,80.0,80.189,0.3116,-45.329
3440,80.0,81.419,0.3112,-45.534
3441,80.0,82.669,0.3107,-45.743
3442,80.0,83.938,0.3103,-45.955
3443,80.0,85.226,0.3098,-46.171
3444,80.0,86.534,0.3094,-46.391
3445,80.0,87.863,0.3089,-46.615
3446,80.0,89.211,0.3084,-46.842
3447,80.0,90.581,0.308,-47.074
3448,80.0,91.971,0.3075,-47.31
3449,80.0,93.382,0.307,-47.551
3450,80.0,94.816,0.3066,-47.795
3451,80.0,96.271,0.3062,-48.043
3452,80.0,97.749,0.3057,-48.295
3453,80.0,99.249,0.3053,-48.551
3454,80.0,100.772,0.3049,-48.81
3455,80.0,102.319,0.3044,-49.074
3456,80.0,103.89,0.304,-49.341
3457,80.0,105.484,0.3035,-49.612
3458,80.0,107.103,0.3031,-49.887
3459,80.0,108.747,0.3026,-50.167
3460,80.0,110.416,0.3021,-50.45
3461,80.0,112.111,0.3016,-50.738
3462,80.0,113.832,0.3011,-51.03
3463,80.0,115.579,0.3006,-51.326
3464,80.0,117.353,0.3001,-51.626
3465,80.0,119.154,0.2996,-51.93
3466,80.0,120.983,0.2991,-52.239
3467,80.0,122.84,0.2986,-52.552
3468,80.0,124.726,0.2981,-52.869
3469,80.0,126.64,0.2975,-53.191
3470,80.0,128.584,0.297,-53.517
3471,80.0,130.558,0.2964,-53.848
3472,80.0,132.561,0.2958,-54.184
3473,80.0,134.596,0.2953,-54.524
3474,80.0,136.662,0.2947,-54.869
3475,80.0,138.76,0.2941,-55.219
3476,80.0,140.889,0.2935,-55.57
3477,80.0,143.052,0.2929,-55.921
3478,80.0,145.248,0.2923,-56.273
3479,80.0,147.477,0.2917,-56.629
3480,80.0,149.741,0.2912,-56.967
3481,80.0,152.039,0.2907,-57.27
3482,80.0,154.373,0.2902,-57.547
3483,80.0,156.742,0.2898,-57.804
3484,80.0,159.148,0.2894,-58.05
3485,80.0,161.591,0.289,-58.283
3486,80.0,164.071,0.2886,-58.499
3487,80.0,166.589,0.2883,-58.692
3488,80.0,169.146,0.288,-58.863
3489,80.0,171.742,0.2877,-59.01
3490,80.0,174.378,0.2875,-59.136
3491,80.0,177.055,0.2874,-59.243
3492,80.0,179.772,0.2872,-59.334
3493,80.0,182.532,0.2871,-59.411
3494,80.0,185.333,0.287,-59.474
3495,80.0,188.178,0.2869,-59.528
3496,80.0,191.066,0.2868,-59.568
3497,80.0,193.999,0.2867,-59.603
3498,80.0,196.977,0.2867,-59.613
3499,80.0,200.0,0.2867,-59.618
3500,85.0,0.1,0.4284,-1.718
3501,85.0,0.102,0.4283,-1.743
3502,85.0,0.103,0.4283,-1.755
3503,85.0,0.105,0.4283,-1.779
3504,85.0,0.106,0.4283,-1.791
3505,85.0,0.108,0.4282,-1.814
3506,85.0,0.11,0.4282,-1.838
3507,85.0,0.111,0.4282,-1.849
3508,85.0,0.113,0.4281,-1.873
3509,85.0,0.115,0.4281,-1.896
3510,85.0,0.116,0.4281,-1.908
3511,85.0,0.118,0.428,-1.931
3512,85.0,0.12,0.428,-1.954
3513,85.0,0.122,0.428,-1.977
3514,85.0,0.124,0.4279,-2.0
3515,85.0,0.126,0.4279,-2.023
3516,85.0,0.128,0.4279,-2.046
3517,85.0,0.13,0.4278,-2.069
3518,85.0,0.132,0.4278,-2.091
3519,85.0,0.134,0.4277,-2.114
3520,85.0,0.136,0.4277,-2.136
3521,85.0,0.138,0.4277,-2.159
3522,85.0,0.14,0.4276,-2.181
3523,85.0,0.142,0.4276,-2.203
3524,85.0,0.144,0.4276,-2.224
3525,85.0,0.146,0.4275,-2.246
3526,85.0,0.149,0.4275,-2.278
3527,85.0,0.151,0.4274,-2.299
3528,85.0,0.153,0.4274,-2.32
3529,85.0,0.156,0.4274,-2.352
3530,85.0,0.158,0.4273,-2.372
3531,85.0,0.16,0.4273,-2.393
3532,85.0,0.163,0.4272,-2.424
3533,85.0,0.165,0.4272,-2.445
3534,85.0,0.168,0.4271,-2.476
3535,85.0,0.17,0.4271,-2.497
3536,85.0,0.173,0.427,-2.527
3537,85.0,0.176,0.427,-2.558
3538,85.0,0.178,0.4269,-2.578
3539,85.0,0.181,0.4269,-2.608
3540,85.0,0.184,0.4268,-2.638
3541,85.0,0.187,0.4268,-2.668
3542,85.0,0.19,0.4267,-2.698
3543,85.0,0.193,0.4267,-2.727
3544,85.0,0.195,0.4266,-2.747
3545,85.0,0.198,0.4266,-2.775
3546,85.0,0.202,0.4265,-2.814
3547,85.0,0.205,0.4265,-2.842
3548,85.0,0.208,0.4264,-2.87
3549,85.0,0.211,0.4264,-2.898
3550,85.0,0.214,0.4263,-2.925
3551,85.0,0.217,0.4262,-2.953
3552,85.0,0.221,0.4262,-2.989
3553,85.0,0.224,0.4261,-3.016
3554,85.0,0.228,0.426,-3.052
3555,85.0,0.231,0.426,-3.079
3556,85.0,0.235,0.4259,-3.115
3557,85.0,0.238,0.4259,-3.142
3558,85.0,0.242,0.4258,-3.177
3559,85.0,0.246,0.4257,-3.213
3560,85.0,0.249,0.4257,-3.239
3561,85.0,0.253,0.4256,-3.274
3562,85.0,0.257,0.4255,-3.308
3563,85.0,0.261,0.4254,-3.343
3564,85.0,0.265,0.4254,-3.377
3565,85.0,0.269,0.4253,-3.411
3566,85.0,0.273,0.4252,-3.444
3567,85.0,0.277,0.4252,-3.477
3568,85.0,0.282,0.4251,-3.519
3569,85.0,0.286,0.425,-3.551
3570,85.0,0.29,0.425,-3.583
3571,85.0,0.295,0.4249,-3.623
3572,85.0,0.299,0.4248,-3.655
3573,85.0,0.304,0.4247,-3.694
3574,85.0,0.309,0.4246,-3.733
3575,85.0,0.313,0.4246,-3.764
3576,85.0,0.318,0.4245,-3.802
3577,85.0,0.323,0.4244,-3.841
3578,85.0,0.328,0.4243,-3.879
3579,85.0,0.333,0.4242,-3.917
3580,85.0,0.338,0.4241,-3.954
3581,85.0,0.343,0.424,-3.992
3582,85.0,0.349,0.4239,-4.037
3583,85.0,0.354,0.4239,-4.074
3584,85.0,0.359,0.4238,-4.11
3585,85.0,0.365,0.4237,-4.154
3586,85.0,0.371,0.4236,-4.198
3587,85.0,0.376,0.4235,-4.234
3588,85.0,0.382,0.4234,-4.276
3589,85.0,0.388,0.4233,-4.319
3590,85.0,0.394,0.4232,-4.361
3591,85.0,0.4,0.4231,-4.402
3592,85.0,0.406,0.423,-4.443
3593,85.0,0.412,0.4229,-4.484
3594,85.0,0.419,0.4228,-4.531
3595,85.0,0.425,0.4227,-4.571
3596,85.0,0.432,0.4226,-4.617
3597,85.0,0.438,0.4225,-4.656
3598,85.0,0.445,0.4224,-4.701
3599,85.0,0.452,0.4223,-4.746
3600,85.0,0.459,0.4222,-4.791
3601,85.0,0.466,0.4221,-4.835
3602,85.0,0.473,0.422,-4.879
3603,85.0,0.48,0.4218,-4.923
3604,85.0,0.488,0.4217,-4.973
3605,85.0,0.495,0.4216,-5.017
3606,85.0,0.503,0.4215,-5.066
3607,85.0,0.51,0.4214,-5.109
3608,85.0,0.518,0.4213,-5.157
3609,85.0,0.526,0.4211,-5.205
3610,85.0,0.534,0.421,-5.253
3611,85.0,0.542,0.4209,-5.301
3612,85.0,0.551,0.4208,-5.353
3613,85.0,0.559,0.4206,-5.4
3614,85.0,0.568,0.4205,-5.452
3615,85.0,0.576,0.4204,-5.498
3616,85.0,0.585,0.4203,-5.549
3617,85.0,0.594,0.4201,-5.599
3618,85.0,0.603,0.42,-5.649
3619,85.0,0.613,0.4199,-5.704
3620,85.0,0.622,0.4197,-5.752
3621,85.0,0.632,0.4196,-5.806
3622,85.0,0.641,0.4195,-5.853
3623,85.0,0.651,0.4193,-5.905
3624,85.0,0.661,0.4192,-5.958
3625,85.0,0.671,0.4191,-6.009
3626,85.0,0.682,0.4189,-6.066
3627,85.0,0.692,0.4188,-6.117
3628,85.0,0.703,0.4186,-6.173
3629,85.0,0.713,0.4185,-6.223
3630,85.0,0.724,0.4183,-6.278
3631,85.0,0.736,0.4182,-6.338
3632,85.0,0.747,0.418,-6.392
3633,85.0,0.758,0.4179,-6.446
3634,85.0,0.77,0.4177,-6.505
3635,85.0,0.782,0.4175,-6.563
3636,85.0,0.794,0.4174,-6.62
3637,85.0,0.806,0.4172,-6.677
3638,85.0,0.818,0.4171,-6.733
3639,85.0,0.831,0.4169,-6.794
3640,85.0,0.844,0.4167,-6.854
3641,85.0,0.857,0.4166,-6.913
3642,85.0,0.87,0.4164,-6.972
3643,85.0,0.883,0.4162,-7.03
3644,85.0,0.897,0.4161,-7.092
3645,85.0,0.91,0.4159,-7.149
3646,85.0,0.924,0.4157,-7.209
3647,85.0,0.939,0.4156,-7.273
3648,85.0,0.953,0.4154,-7.332
3649,85.0,0.968,0.4152,-7.395
3650,85.0,0.982,0.4151,-7.452
3651,85.0,0.997,0.4149,-7.514
3652,85.0,1.013,0.4147,-7.579
3653,85.0,1.028,0.4145,-7.64
3654,85.0,1.044,0.4143,-7.704
3655,85.0,1.06,0.4141,-7.768
3656,85.0,1.076,0.4139,-7.831
3657,85.0,1.093,0.4137,-7.898
3658,85.0,1.11,0.4135,-7.965
3659,85.0,1.127,0.4133,-8.03
3660,85.0,1.144,0.4131,-8.096
3661,85.0,1.162,0.4129,-8.164
3662,85.0,1.179,0.4127,-8.229
3663,85.0,1.198,0.4125,-8.3
3664,85.0,1.216,0.4123,-8.367
3665,85.0,1.235,0.4121,-8.437
3666,85.0,1.254,0.4119,-8.506
3667,85.0,1.273,0.4117,-8.575
3668,85.0,1.292,0.4115,-8.643
3669,85.0,1.312,0.4113,-8.713
3670,85.0,1.332,0.4111,-8.784
3671,85.0,1.353,0.4109,-8.856
3672,85.0,1.374,0.4107,-8.928
3673,85.0,1.395,0.4104,-8.999
3674,85.0,1.416,0.4102,-9.069
3675,85.0,1.438,0.41,-9.142
3676,85.0,1.46,0.4098,-9.214
3677,85.0,1.482,0.4096,-9.285
3678,85.0,1.505,0.4094,-9.358
3679,85.0,1.528,0.4091,-9.43
3680,85.0,1.552,0.4089,-9.505
3681,85.0,1.575,0.4087,-9.577
3682,85.0,1.599,0.4085,-9.651
3683,85.0,1.624,0.4082,-9.728
3684,85.0,1.649,0.408,-9.804
3685,85.0,1.674,0.4077,-9.879
3686,85.0,1.7,0.4075,-9.957
3687,85.0,1.726,0.4072,-10.035
3688,85.0,1.753,0.407,-10.114
3689,85.0,1.779,0.4068,-10.19
3690,85.0,1.807,0.4065,-10.272
3691,85.0,1.835,0.4062,-10.352
3692,85.0,1.863,0.406,-10.432
3693,85.0,1.891,0.4058,-10.511
3694,85.0,1.92,0.4055,-10.592
3695,85.0,1.95,0.4052,-10.675
3696,85.0,1.98,0.405,-10.758
3697,85.0,2.01,0.4047,-10.839
3698,85.0,2.041,0.4045,-10.922
3699,85.0,2.072,0.4042,-11.005
3700,85.0,2.104,0.4039,-11.089
3701,85.0,2.136,0.4037,-11.172
3702,85.0,2.169,0.4034,-11.257
3703,85.0,2.202,0.4031,-11.341
3704,85.0,2.236,0.4029,-11.426
3705,85.0,2.271,0.4026,-11.513
3706,85.0,2.305,0.4023,-11.596
3707,85.0,2.341,0.4021,-11.683
3708,85.0,2.377,0.4018,-11.768
3709,85.0,2.413,0.4015,-11.853
3710,85.0,2.45,0.4012,-11.94
3711,85.0,2.488,0.401,-12.028
3712,85.0,2.526,0.4007,-12.115
3713,85.0,2.565,0.4004,-12.204
3714,85.0,2.604,0.4001,-12.293
3715,85.0,2.644,0.3998,-12.383
3716,85.0,2.685,0.3995,-12.474
3717,85.0,2.726,0.3992,-12.565
3718,85.0,2.768,0.3989,-12.657
3719,85.0,2.81,0.3986,-12.749
3720,85.0,2.853,0.3983,-12.842
3721,85.0,2.897,0.398,-12.936
3722,85.0,2.942,0.3977,-13.031
3723,85.0,2.987,0.3974,-13.126
3724,85.0,3.033,0.3971,-13.222
3725,85.0,3.079,0.3968,-13.316
3726,85.0,3.126,0.3965,-13.412
3727,85.0,3.174,0.3962,-13.51
3728,85.0,3.223,0.3959,-13.608
3729,85.0,3.273,0.3955,-13.707
3730,85.0,3.323,0.3952,-13.805
3731,85.0,3.374,0.3949,-13.903
3732,85.0,3.426,0.3946,-14.003
3733,85.0,3.478,0.3943,-14.102
3734,85.0,3.532,0.3939,-14.202
3735,85.0,3.586,0.3936,-14.302
3736,85.0,3.641,0.3933,-14.403
3737,85.0,3.697,0.393,-14.504
3738,85.0,3.754,0.3926,-14.605
3739,85.0,3.811,0.3923,-14.705
3740,85.0,3.87,0.392,-14.808
3741,85.0,3.929,0.3917,-14.908
3742,85.0,3.989,0.3913,-15.01
3743,85.0,4.051,0.391,-15.114
3744,85.0,4.113,0.3907,-15.217
3745,85.0,4.176,0.3903,-15.322
3746,85.0,4.24,0.39,-15.426
3747,85.0,4.305,0.3897,-15.532
3748,85.0,4.371,0.3893,-15.638
3749,85.0,4.438,0.389,-15.746
3750,85.0,4.506,0.3886,-15.853
3751,85.0,4.575,0.3883,-15.962
3752,85.0,4.646,0.3879,-16.073
3753,85.0,4.717,0.3876,-16.182
3754,85.0,4.789,0.3872,-16.292
3755,85.0,4.863,0.3869,-16.404
3756,85.0,4.938,0.3865,-16.517
3757,85.0,5.013,0.3861,-16.628
3758,85.0,5.09,0.3858,-16.742
3759,85.0,5.168,0.3854,-16.856
3760,85.0,5.248,0.385,-16.971
3761,85.0,5.328,0.3847,-17.086
3762,85.0,5.41,0.3843,-17.201
3763,85.0,5.493,0.3839,-17.317
3764,85.0,5.577,0.3836,-17.434
3765,85.0,5.663,0.3832,-17.552
3766,85.0,5.75,0.3828,-17.67
3767,85.0,5.838,0.3824,-17.787
3768,85.0,5.928,0.3821,-17.905
3769,85.0,6.019,0.3817,-18.024
3770,85.0,6.111,0.3813,-18.144
3771,85.0,6.205,0.3809,-18.264
3772,85.0,6.3,0.3805,-18.383
3773,85.0,6.397,0.3801,-18.503
3774,85.0,6.495,0.3798,-18.622
3775,85.0,6.595,0.3794,-18.743
3776,85.0,6.696,0.379,-18.864
3777,85.0,6.799,0.3786,-18.986
3778,85.0,6.903,0.3782,-19.108
3779,85.0,7.009,0.3779,-19.231
3780,85.0,7.117,0.3775,-19.355
3781,85.0,7.226,0.3771,-19.48
3782,85.0,7.337,0.3767,-19.606
3783,85.0,7.45,0.3763,-19.733
3784,85.0,7.564,0.3759,-19.86
3785,85.0,7.68,0.3755,-19.987
3786,85.0,7.798,0.3752,-20.116
3787,85.0,7.918,0.3748,-20.245
3788,85.0,8.039,0.3744,-20.375
3789,85.0,8.162,0.374,-20.506
3790,85.0,8.288,0.3735,-20.639
3791,85.0,8.415,0.3731,-20.772
3792,85.0,8.544,0.3727,-20.905
3793,85.0,8.675,0.3723,-21.038
3794,85.0,8.808,0.3719,-21.172
3795,85.0,8.944,0.3715,-21.307
3796,85.0,9.081,0.3711,-21.442
3797,85.0,9.22,0.3707,-21.577
3798,85.0,9.362,0.3702,-21.715
3799,85.0,9.505,0.3698,-21.853
3800,85.0,9.651,0.3694,-21.993
3801,85.0,9.799,0.369,-22.133
3802,85.0,9.95,0.3685,-22.272
3803,85.0,10.103,0.3681,-22.411
3804,85.0,10.258,0.3677,-22.549
3805,85.0,10.415,0.3673,-22.688
3806,85.0,10.575,0.3668,-22.828
3807,85.0,10.737,0.3664,-22.969
3808,85.0,10.902,0.3659,-23.114
3809,85.0,11.069,0.3655,-23.257
3810,85.0,11.239,0.3651,-23.4
3811,85.0,11.412,0.3646,-23.543
3812,85.0,11.587,0.3642,-23.685
3813,85.0,11.765,0.3638,-23.828
3814,85.0,11.945,0.3634,-23.971
3815,85.0,12.129,0.363,-24.115
3816,85.0,12.315,0.3626,-24.261
3817,85.0,12.504,0.3622,-24.408
3818,85.0,12.696,0.3617,-24.557
3819,85.0,12.891,0.3613,-24.706
3820,85.0,13.089,0.3609,-24.855
3821,85.0,13.289,0.3605,-25.004
3822,85.0,13.493,0.3601,-25.156
3823,85.0,13.701,0.3596,-25.31
3824,85.0,13.911,0.3592,-25.463
3825,85.0,14.124,0.3588,-25.618
3826,85.0,14.341,0.3583,-25.774
3827,85.0,14.561,0.3579,-25.93
3828,85.0,14.785,0.3574,-26.088
3829,85.0,15.012,0.357,-26.247
3830,85.0,15.242,0.3565,-26.405
3831,85.0,15.476,0.3561,-26.562
3832,85.0,15.714,0.3557,-26.72
3833,85.0,15.955,0.3552,-26.877
3834,85.0,16.2,0.3548,-27.035
3835,85.0,16.448,0.3543,-27.193
3836,85.0,16.701,0.3539,-27.354
3837,85.0,16.957,0.3534,-27.516
3838,85.0,17.217,0.3529,-27.681
3839,85.0,17.482,0.3525,-27.85
3840,85.0,17.75,0.352,-28.02
3841,85.0,18.022,0.3515,-28.191
3842,85.0,18.299,0.351,-28.36
3843,85.0,18.58,0.3506,-28.526
3844,85.0,18.865,0.3501,-28.692
3845,85.0,19.155,0.3496,-28.858
3846,85.0,19.449,0.3492,-29.023
3847,85.0,19.747,0.3487,-29.187
3848,85.0,20.05,0.3482,-29.351
3849,85.0,20.358,0.3478,-29.517
3850,85.0,20.671,0.3473,-29.684
3851,85.0,20.988,0.3468,-29.852
3852,85.0,21.31,0.3464,-30.022
3853,85.0,21.637,0.346,-30.194
3854,85.0,21.969,0.3456,-30.367
3855,85.0,22.306,0.3451,-30.541
3856,85.0,22.649,0.3447,-30.717
3857,85.0,22.996,0.3443,-30.891
3858,85.0,23.349,0.3438,-31.064
3859,85.0,23.708,0.3434,-31.239
3860,85.0,24.072,0.343,-31.415
3861,85.0,24.441,0.3425,-31.593
3862,85.0,24.816,0.3421,-31.774
3863,85.0,25.197,0.3416,-31.957
3864,85.0,25.584,0.3412,-32.141
3865,85.0,25.977,0.3407,-32.327
3866,85.0,26.375,0.3403,-32.513
3867,85.0,26.78,0.3398,-32.701
3868,85.0,27.191,0.3393,-32.89
3869,85.0,27.608,0.3388,-33.081
3870,85.0,28.032,0.3384,-33.274
3871,85.0,28.462,0.3379,-33.467
3872,85.0,28.899,0.3374,-33.656
3873,85.0,29.343,0.337,-33.844
3874,85.0,29.793,0.3365,-34.031
3875,85.0,30.251,0.336,-34.218
3876,85.0,30.715,0.3356,-34.405
3877,85.0,31.186,0.3351,-34.59
3878,85.0,31.665,0.3347,-34.776
3879,85.0,32.151,0.3342,-34.962
3880,85.0,32.645,0.3337,-35.15
3881,85.0,33.146,0.3333,-35.339
3882,85.0,33.654,0.3328,-35.529
3883,85.0,34.171,0.3323,-35.722
3884,85.0,34.695,0.3318,-35.916
3885,85.0,35.228,0.3314,-36.112
3886,85.0,35.769,0.3309,-36.311
3887,85.0,36.318,0.3304,-36.511
3888,85.0,36.875,0.3299,-36.714
3889,85.0,37.441,0.3294,-36.918
3890,85.0,38.016,0.3288,-37.126
3891,85.0,38.599,0.3283,-37.337
3892,85.0,39.192,0.3278,-37.55
3893,85.0,39.793,0.3273,-37.762
3894,85.0,40.404,0.3269,-37.975
3895,85.0,41.024,0.3264,-38.189
3896,85.0,41.654,0.326,-38.4
3897,85.0,42.293,0.3256,-38.602
3898,85.0,42.942,0.3252,-38.799
3899,85.0,43.601,0.3248,-38.995
3900,85.0,44.271,0.3243,-39.191
3901,85.0,44.95,0.3239,-39.388
3902,85.0,45.64,0.3235,-39.589
3903,85.0,46.341,0.3231,-39.791
3904,85.0,47.052,0.3227,-39.996
3905,85.0,47.774,0.3222,-40.203
3906,85.0,48.507,0.3218,-40.413
3907,85.0,49.252,0.3214,-40.627
3908,85.0,50.008,0.3209,-40.844
3909,85.0,50.775,0.3205,-41.064
3910,85.0,51.555,0.32,-41.287
3911,85.0,52.346,0.3195,-41.514
3912,85.0,53.15,0.319,-41.744
3913,85.0,53.965,0.3186,-41.976
3914,85.0,54.794,0.3181,-42.211
3915,85.0,55.635,0.3176,-42.449
3916,85.0,56.489,0.3171,-42.689
3917,85.0,57.356,0.3166,-42.932
3918,85.0,58.236,0.3161,-43.177
3919,85.0,59.13,0.3155,-43.425
3920,85.0,60.037,0.315,-43.674
3921,85.0,60.959,0.3145,-43.927
3922,85.0,61.895,0.314,-44.181
3923,85.0,62.845,0.3134,-44.434
3924,85.0,63.809,0.3129,-44.68
3925,85.0,64.789,0.3124,-44.923
3926,85.0,65.783,0.3119,-45.161
3927,85.0,66.793,0.3114,-45.397
3928,85.0,67.818,0.311,-45.631
3929,85.0,68.859,0.3105,-45.86
3930,85.0,69.916,0.31,-46.084
3931,85.0,70.989,0.3096,-46.301
3932,85.0,72.078,0.3091,-46.511
3933,85.0,73.185,0.3087,-46.715
3934,85.0,74.308,0.3083,-46.915
3935,85.0,75.449,0.3079,-47.116
3936,85.0,76.607,0.3074,-47.32
3937,85.0,77.783,0.307,-47.527
3938,85.0,78.976,0.3067,-47.737
3939,85.0,80.189,0.3063,-47.951
3940,85.0,81.419,0.3059,-48.168
3941,85.0,82.669,0.3056,-48.388
3942,85.0,83.938,0.3052,-48.611
3943,85.0,85.226,0.3048,-48.837
3944,85.0,86.534,0.3044,-49.067
3945,85.0,87.863,0.304,-49.3
3946,85.0,89.211,0.3037,-49.537
3947,85.0,90.581,0.3032,-49.777
3948,85.0,91.971,0.3028,-50.021
3949,85.0,93.382,0.3024,-50.268
3950,85.0,94.816,0.302,-50.519
3951,85.0,96.271,0.3016,-50.774
3952,85.0,97.749,0.3011,-51.033
3953,85.0,99.249,0.3007,-51.295
3954,85.0,100.772,0.3003,-51.562
3955,85.0,102.319,0.2998,-51.832
3956,85.0,103.89,0.2993,-52.107
3957,85.0,105.484,0.2989,-52.385
3958,85.0,107.103,0.2984,-52.668
3959,85.0,108.747,0.2979,-52.955
3960,85.0,110.416,0.2974,-53.246
3961,85.0,112.111,0.2969,-53.541
3962,85.0,113.832,0.2964,-53.841
3963,85.0,115.579,0.2959,-54.145
3964,85.0,117.353,0.2954,-54.454
3965,85.0,119.154,0.2949,-54.767
3966,85.0,120.983,0.2943,-55.085
3967,85.0,122.84,0.2938,-55.408
3968,85.0,124.726,0.2932,-55.736
3969,85.0,126.64,0.2927,-56.069
3970,85.0,128.584,0.2921,-56.408
3971,85.0,130.558,0.2915,-56.752
3972,85.0,132.561,0.2909,-57.101
3973,85.0,134.596,0.2904,-57.456
3974,85.0,136.662,0.2897,-57.818
3975,85.0,138.76,0.2891,-58.185
3976,85.0,140.889,0.2885,-58.557
3977,85.0,143.052,0.2879,-58.936
3978,85.0,145.248,0.2872,-59.321
3979,85.0,147.477,0.2866,-59.712
3980,85.0,149.741,0.286,-60.057
3981,85.0,152.039,0.2856,-60.357
3982,85.0,154.373,0.2853,-60.632
3983,85.0,156.742,0.2849,-60.891
3984,85.0,159.148,0.2846,-61.142
3985,85.0,161.591,0.2843,-61.38
3986,85.0,164.071,0.284,-61.595
3987,85.0,166.589,0.2838,-61.786
3988,85.0,169.146,0.2835,-61.955
3989,85.0,171.742,0.2833,-62.102
3990,85.0,174.378,0.2832,-62.23
3991,85.0,177.055,0.283,-62.339
3992,85.0,179.772,0.2829,-62.432
3993,85.0,182.532,0.2828,-62.512
3994,85.0,185.333,0.2827,-62.575
3995,85.0,188.178,0.2827,-62.631
3996,85.0,191.066,0.2826,-62.67
3997,85.0,193.999,0.2825,-62.71
3998,85.0,196.977,0.2825,-62.717
3999,85.0,200.0,0.2825,-62.722
4000,90.0,0.1,0.4272,-2.428
4001,90.0,0.102,0.4272,-2.459
4002,90.0,0.103,0.4271,-2.475
4003,90.0,0.105,0.4271,-2.507
4004,90.0,0.106,0.427,-2.522
4005,90.0,0.108,0.427,-2.553
4006,90.0,0.11,0.4269,-2.584
4007,90.0,0.111,0.4269,-2.6
4008,90.0,0.113,0.4268,-2.63
4009,90.0,0.115,0.4268,-2.661
4010,90.0,0.116,0.4268,-2.676
4011,90.0,0.118,0.4267,-2.706
4012,90.0,0.12,0.4266,-2.735
4013,90.0,0.122,0.4266,-2.765
4014,90.0,0.124,0.4265,-2.794
4015,90.0,0.126,0.4265,-2.823
4016,90.0,0.128,0.4264,-2.851
4017,90.0,0.13,0.4264,-2.88
4018,90.0,0.132,0.4263,-2.908
4019,90.0,0.134,0.4263,-2.936
4020,90.0,0.136,0.4262,-2.963
4021,90.0,0.138,0.4262,-2.991
4022,90.0,0.14,0.4261,-3.018
4023,90.0,0.142,0.4261,-3.046
4024,90.0,0.144,0.426,-3.073
4025,90.0,0.146,0.4259,-3.1
4026,90.0,0.149,0.4259,-3.14
4027,90.0,0.151,0.4258,-3.167
4028,90.0,0.153,0.4258,-3.193
4029,90.0,0.156,0.4257,-3.233
4030,90.0,0.158,0.4256,-3.259
4031,90.0,0.16,0.4256,-3.285
4032,90.0,0.163,0.4255,-3.323
4033,90.0,0.165,0.4254,-3.349
4034,90.0,0.168,0.4254,-3.387
4035,90.0,0.17,0.4253,-3.412
4036,90.0,0.173,0.4252,-3.45
4037,90.0,0.176,0.4252,-3.487
4038,90.0,0.178,0.4251,-3.511
4039,90.0,0.181,0.425,-3.548
4040,90.0,0.184,0.425,-3.584
4041,90.0,0.187,0.4249,-3.62
4042,90.0,0.19,0.4248,-3.655
4043,90.0,0.193,0.4247,-3.69
4044,90.0,0.195,0.4247,-3.713
4045,90.0,0.198,0.4246,-3.747
4046,90.0,0.202,0.4245,-3.793
4047,90.0,0.205,0.4244,-3.827
4048,90.0,0.208,0.4243,-3.861
4049,90.0,0.211,0.4243,-3.895
4050,90.0,0.214,0.4242,-3.928
4051,90.0,0.217,0.4241,-3.962
4052,90.0,0.221,0.424,-4.006
4053,90.0,0.224,0.4239,-4.038
4054,90.0,0.228,0.4238,-4.082
4055,90.0,0.231,0.4238,-4.114
4056,90.0,0.235,0.4237,-4.157
4057,90.0,0.238,0.4236,-4.189
4058,90.0,0.242,0.4235,-4.231
4059,90.0,0.246,0.4234,-4.272
4060,90.0,0.249,0.4233,-4.303
4061,90.0,0.253,0.4232,-4.344
4062,90.0,0.257,0.4231,-4.385
4063,90.0,0.261,0.4231,-4.425
4064,90.0,0.265,0.423,-4.465
4065,90.0,0.269,0.4229,-4.504
4066,90.0,0.273,0.4228,-4.543
4067,90.0,0.277,0.4227,-4.582
4068,90.0,0.282,0.4226,-4.629
4069,90.0,0.286,0.4225,-4.667
4070,90.0,0.29,0.4224,-4.705
4071,90.0,0.295,0.4223,-4.751
4072,90.0,0.299,0.4222,-4.788
4073,90.0,0.304,0.4221,-4.834
4074,90.0,0.309,0.422,-4.88
4075,90.0,0.313,0.4219,-4.916
4076,90.0,0.318,0.4217,-4.961
4077,90.0,0.323,0.4216,-5.006
4078,90.0,0.328,0.4215,-5.05
4079,90.0,0.333,0.4214,-5.094
4080,90.0,0.338,0.4213,-5.138
4081,90.0,0.343,0.4212,-5.181
4082,90.0,0.349,0.4211,-5.233
4083,90.0,0.354,0.421,-5.276
4084,90.0,0.359,0.4208,-5.318
4085,90.0,0.365,0.4207,-5.368
4086,90.0,0.371,0.4206,-5.418
4087,90.0,0.376,0.4205,-5.459
4088,90.0,0.382,0.4204,-5.508
4089,90.0,0.388,0.4202,-5.556
4090,90.0,0.394,0.4201,-5.604
4091,90.0,0.4,0.42,-5.651
4092,90.0,0.406,0.4199,-5.698
4093,90.0,0.412,0.4198,-5.744
4094,90.0,0.419,0.4196,-5.798
4095,90.0,0.425,0.4195,-5.843
4096,90.0,0.432,0.4194,-5.895
4097,90.0,0.438,0.4193,-5.939
4098,90.0,0.445,0.4191,-5.991
4099,90.0,0.452,0.419,-6.042
4100,90.0,0.459,0.4188,-6.093
4101,90.0,0.466,0.4187,-6.143
4102,90.0,0.473,0.4186,-6.193
4103,90.0,0.48,0.4184,-6.243
4104,90.0,0.488,0.4183,-6.299
4105,90.0,0.495,0.4181,-6.348
4106,90.0,0.503,0.418,-6.404
4107,90.0,0.51,0.4178,-6.452
4108,90.0,0.518,0.4177,-6.506
4109,90.0,0.526,0.4175,-6.56
4110,90.0,0.534,0.4174,-6.614
4111,90.0,0.542,0.4172,-6.667
4112,90.0,0.551,0.4171,-6.726
4113,90.0,0.559,0.4169,-6.778
4114,90.0,0.568,0.4168,-6.836
4115,90.0,0.576,0.4166,-6.888
4116,90.0,0.585,0.4165,-6.944
4117,90.0,0.594,0.4163,-7.001
4118,90.0,0.603,0.4162,-7.057
4119,90.0,0.613,0.416,-7.118
4120,90.0,0.622,0.4158,-7.172
4121,90.0,0.632,0.4157,-7.232
4122,90.0,0.641,0.4155,-7.286
4123,90.0,0.651,0.4154,-7.344
4124,90.0,0.661,0.4152,-7.402
4125,90.0,0.671,0.415,-7.459
4126,90.0,0.682,0.4148,-7.522
4127,90.0,0.692,0.4147,-7.578
4128,90.0,0.703,0.4145,-7.64
4129,90.0,0.713,0.4143,-7.695
4130,90.0,0.724,0.4141,-7.756
4131,90.0,0.736,0.414,-7.822
4132,90.0,0.747,0.4138,-7.882
4133,90.0,0.758,0.4136,-7.941
4134,90.0,0.77,0.4134,-8.005
4135,90.0,0.782,0.4132,-8.068
4136,90.0,0.794,0.413,-8.131
4137,90.0,0.806,0.4128,-8.194
4138,90.0,0.818,0.4127,-8.256
4139,90.0,0.831,0.4125,-8.322
4140,90.0,0.844,0.4123,-8.388
4141,90.0,0.857,0.4121,-8.453
4142,90.0,0.87,0.4119,-8.518
4143,90.0,0.883,0.4117,-8.582
4144,90.0,0.897,0.4115,-8.65
4145,90.0,0.91,0.4113,-8.712
4146,90.0,0.924,0.4111,-8.779
4147,90.0,0.939,0.4109,-8.85
4148,90.0,0.953,0.4107,-8.915
4149,90.0,0.968,0.4105,-8.984
4150,90.0,0.982,0.4103,-9.048
4151,90.0,0.997,0.4101,-9.116
4152,90.0,1.013,0.4099,-9.187
4153,90.0,1.028,0.4097,-9.253
4154,90.0,1.044,0.4095,-9.323
4155,90.0,1.06,0.4093,-9.392
4156,90.0,1.076,0.4091,-9.46
4157,90.0,1.093,0.4088,-9.532
4158,90.0,1.11,0.4086,-9.603
4159,90.0,1.127,0.4084,-9.674
4160,90.0,1.144,0.4082,-9.744
4161,90.0,1.162,0.4079,-9.818
4162,90.0,1.179,0.4077,-9.887
4163,90.0,1.198,0.4075,-9.964
4164,90.0,1.216,0.4072,-10.036
4165,90.0,1.235,0.407,-10.111
4166,90.0,1.254,0.4068,-10.186
4167,90.0,1.273,0.4065,-10.26
4168,90.0,1.292,0.4063,-10.333
4169,90.0,1.312,0.4061,-10.409
4170,90.0,1.332,0.4058,-10.485
4171,90.0,1.353,0.4056,-10.563
4172,90.0,1.374,0.4053,-10.641
4173,90.0,1.395,0.4051,-10.719
4174,90.0,1.416,0.4049,-10.795
4175,90.0,1.438,0.4046,-10.874
4176,90.0,1.46,0.4044,-10.952
4177,90.0,1.482,0.4041,-11.03
4178,90.0,1.505,0.4039,-11.11
4179,90.0,1.528,0.4036,-11.189
4180,90.0,1.552,0.4034,-11.271
4181,90.0,1.575,0.4031,-11.349
4182,90.0,1.599,0.4029,-11.429
4183,90.0,1.624,0.4026,-11.511
4184,90.0,1.649,0.4024,-11.592
4185,90.0,1.674,0.4021,-11.673
4186,90.0,1.7,0.4018,-11.755
4187,90.0,1.726,0.4016,-11.837
4188,90.0,1.753,0.4013,-11.921
4189,90.0,1.779,0.401,-12.001
4190,90.0,1.807,0.4008,-12.087
4191,90.0,1.835,0.4005,-12.171
4192,90.0,1.863,0.4002,-12.256
4193,90.0,1.891,0.4,-12.339
4194,90.0,1.92,0.3997,-12.425
4195,90.0,1.95,0.3994,-12.512
4196,90.0,1.98,0.3991,-12.6
4197,90.0,2.01,0.3988,-12.686
4198,90.0,2.041,0.3986,-12.774
4199,90.0,2.072,0.3983,-12.861
4200,90.0,2.104,0.398,-12.951
4201,90.0,2.136,0.3977,-13.04
4202,90.0,2.169,0.3974,-13.13
4203,90.0,2.202,0.3971,-13.22
4204,90.0,2.236,0.3968,-13.311
4205,90.0,2.271,0.3965,-13.404
4206,90.0,2.305,0.3962,-13.494
4207,90.0,2.341,0.3959,-13.588
4208,90.0,2.377,0.3956,-13.681
4209,90.0,2.413,0.3953,-13.773
4210,90.0,2.45,0.395,-13.866
4211,90.0,2.488,0.3947,-13.961
4212,90.0,2.526,0.3944,-14.055
4213,90.0,2.565,0.3941,-14.151
4214,90.0,2.604,0.3938,-14.245
4215,90.0,2.644,0.3935,-14.34
4216,90.0,2.685,0.3932,-14.437
4217,90.0,2.726,0.3929,-14.533
4218,90.0,2.768,0.3926,-14.63
4219,90.0,2.81,0.3923,-14.725
4220,90.0,2.853,0.3919,-14.822
4221,90.0,2.897,0.3916,-14.919
4222,90.0,2.942,0.3913,-15.019
4223,90.0,2.987,0.391,-15.117
4224,90.0,3.033,0.3907,-15.216
4225,90.0,3.079,0.3904,-15.315
4226,90.0,3.126,0.39,-15.415
4227,90.0,3.174,0.3897,-15.516
4228,90.0,3.223,0.3894,-15.618
4229,90.0,3.273,0.3891,-15.721
4230,90.0,3.323,0.3887,-15.823
4231,90.0,3.374,0.3884,-15.927
4232,90.0,3.426,0.3881,-16.031
4233,90.0,3.478,0.3877,-16.134
4234,90.0,3.532,0.3874,-16.241
4235,90.0,3.586,0.3871,-16.346
4236,90.0,3.641,0.3867,-16.453
4237,90.0,3.697,0.3864,-16.56
4238,90.0,3.754,0.386,-16.667
4239,90.0,3.811,0.3857,-16.774
4240,90.0,3.87,0.3853,-16.884
4241,90.0,3.929,0.385,-16.992
4242,90.0,3.989,0.3846,-17.101
4243,90.0,4.051,0.3843,-17.212
4244,90.0,4.113,0.3839,-17.322
4245,90.0,4.176,0.3836,-17.433
4246,90.0,4.24,0.3832,-17.545
4247,90.0,4.305,0.3829,-17.656
4248,90.0,4.371,0.3825,-17.768
4249,90.0,4.438,0.3821,-17.881
4250,90.0,4.506,0.3818,-17.994
4251,90.0,4.575,0.3814,-18.108
4252,90.0,4.646,0.381,-18.223
4253,90.0,4.717,0.3807,-18.336
4254,90.0,4.789,0.3803,-18.45
4255,90.0,4.863,0.3799,-18.566
4256,90.0,4.938,0.3796,-18.682
4257,90.0,5.013,0.3792,-18.796
4258,90.0,5.09,0.3788,-18.912
4259,90.0,5.168,0.3785,-19.029
4260,90.0,5.248,0.3781,-19.148
4261,90.0,5.328,0.3778,-19.265
4262,90.0,5.41,0.3774,-19.385
4263,90.0,5.493,0.377,-19.504
4264,90.0,5.577,0.3767,-19.624
4265,90.0,5.663,0.3763,-19.746
4266,90.0,5.75,0.3759,-19.868
4267,90.0,5.838,0.3755,-19.99
4268,90.0,5.928,0.3752,-20.114
4269,90.0,6.019,0.3748,-20.238
4270,90.0,6.111,0.3744,-20.362
4271,90.0,6.205,0.374,-20.488
4272,90.0,6.3,0.3736,-20.613
4273,90.0,6.397,0.3732,-20.74
4274,90.0,6.495,0.3728,-20.867
4275,90.0,6.595,0.3725,-20.995
4276,90.0,6.696,0.3721,-21.122
4277,90.0,6.799,0.3717,-21.252
4278,90.0,6.903,0.3713,-21.382
4279,90.0,7.009,0.3709,-21.513
4280,90.0,7.117,0.3705,-21.644
4281,90.0,7.226,0.3701,-21.775
4282,90.0,7.337,0.3697,-21.906
4283,90.0,7.45,0.3692,-22.038
4284,90.0,7.564,0.3688,-22.171
4285,90.0,7.68,0.3684,-22.306
4286,90.0,7.798,0.368,-22.442
4287,90.0,7.918,0.3676,-22.576
4288,90.0,8.039,0.3672,-22.71
4289,90.0,8.162,0.3668,-22.843
4290,90.0,8.288,0.3664,-22.978
4291,90.0,8.415,0.3659,-23.114
4292,90.0,8.544,0.3655,-23.251
4293,90.0,8.675,0.3651,-23.39
4294,90.0,8.808,0.3647,-23.527
4295,90.0,8.944,0.3643,-23.665
4296,90.0,9.081,0.3639,-23.802
4297,90.0,9.22,0.3635,-23.939
4298,90.0,9.362,0.3631,-24.078
4299,90.0,9.505,0.3627,-24.217
4300,90.0,9.651,0.3623,-24.357
4301,90.0,9.799,0.3619,-24.499
4302,90.0,9.95,0.3615,-24.643
4303,90.0,10.103,0.3611,-24.787
4304,90.0,10.258,0.3607,-24.932
4305,90.0,10.415,0.3603,-25.077
4306,90.0,10.575,0.3599,-25.222
4307,90.0,10.737,0.3595,-25.368
4308,90.0,10.902,0.359,-25.515
4309,90.0,11.069,0.3586,-25.662
4310,90.0,11.239,0.3582,-25.811
4311,90.0,11.412,0.3578,-25.959
4312,90.0,11.587,0.3574,-26.108
4313,90.0,11.765,0.3569,-26.259
4314,90.0,11.945,0.3565,-26.411
4315,90.0,12.129,0.3561,-26.567
4316,90.0,12.315,0.3556,-26.722
4317,90.0,12.504,0.3552,-26.878
4318,90.0,12.696,0.3548,-27.034
4319,90.0,12.891,0.3543,-27.19
4320,90.0,13.089,0.3539,-27.346
4321,90.0,13.289,0.3535,-27.501
4322,90.0,13.493,0.353,-27.656
4323,90.0,13.701,0.3526,-27.811
4324,90.0,13.911,0.3521,-27.967
4325,90.0,14.124,0.3517,-28.125
4326,90.0,14.341,0.3512,-28.286
4327,90.0,14.561,0.3508,-28.448
4328,90.0,14.785,0.3503,-28.614
4329,90.0,15.012,0.3498,-28.78
4330,90.0,15.242,0.3494,-28.943
4331,90.0,15.476,0.3489,-29.106
4332,90.0,15.714,0.3485,-29.269
4333,90.0,15.955,0.348,-29.432
4334,90.0,16.2,0.3476,-29.594
4335,90.0,16.448,0.3471,-29.755
4336,90.0,16.701,0.3467,-29.918
4337,90.0,16.957,0.3463,-30.081
4338,90.0,17.217,0.3459,-30.245
4339,90.0,17.482,0.3455,-30.41
4340,90.0,17.75,0.345,-30.575
4341,90.0,18.022,0.3446,-30.74
4342,90.0,18.299,0.3442,-30.907
4343,90.0,18.58,0.3438,-31.077
4344,90.0,18.865,0.3434,-31.249
4345,90.0,19.155,0.3429,-31.423
4346,90.0,19.449,0.3425,-31.598
4347,90.0,19.747,0.3421,-31.773
4348,90.0,20.05,0.3416,-31.949
4349,90.0,20.358,0.3412,-32.125
4350,90.0,20.671,0.3408,-32.303
4351,90.0,20.988,0.3403,-32.48
4352,90.0,21.31,0.3399,-32.657
4353,90.0,21.637,0.3395,-32.834
4354,90.0,21.969,0.339,-33.011
4355,90.0,22.306,0.3386,-33.188
4356,90.0,22.649,0.3381,-33.367
4357,90.0,22.996,0.3377,-33.545
4358,90.0,23.349,0.3373,-33.724
4359,90.0,23.708,0.3368,-33.904
4360,90.0,24.072,0.3364,-34.084
4361,90.0,24.441,0.3359,-34.264
4362,90.0,24.816,0.3355,-34.446
4363,90.0,25.197,0.335,-34.629
4364,90.0,25.584,0.3346,-34.816
4365,90.0,25.977,0.3341,-35.005
4366,90.0,26.375,0.3336,-35.197
4367,90.0,26.78,0.3331,-35.393
4368,90.0,27.191,0.3326,-35.591
4369,90.0,27.608,0.3321,-35.792
4370,90.0,28.032,0.3316,-35.996
4371,90.0,28.462,0.3311,-36.196
4372,90.0,28.899,0.3307,-36.385
4373,90.0,29.343,0.3302,-36.574
4374,90.0,29.793,0.3297,-36.764
4375,90.0,30.251,0.3293,-36.956
4376,90.0,30.715,0.3288,-37.15
4377,90.0,31.186,0.3283,-37.344
4378,90.0,31.665,0.3278,-37.54
4379,90.0,32.151,0.3274,-37.738
4380,90.0,32.645,0.327,-37.936
4381,90.0,33.146,0.3265,-38.136
4382,90.0,33.654,0.3261,-38.337
4383,90.0,34.171,0.3257,-38.54
4384,90.0,34.695,0.3253,-38.743
4385,90.0,35.228,0.3248,-38.949
4386,90.0,35.769,0.3244,-39.155
4387,90.0,36.318,0.324,-39.361
4388,90.0,36.875,0.3236,-39.566
4389,90.0,37.441,0.3231,-39.771
4390,90.0,38.016,0.3227,-39.975
4391,90.0,38.599,0.3223,-40.18
4392,90.0,39.192,0.3219,-40.386
4393,90.0,39.793,0.3214,-40.593
4394,90.0,40.404,0.321,-40.801
4395,90.0,41.024,0.3206,-41.011
4396,90.0,41.654,0.3201,-41.222
4397,90.0,42.293,0.3197,-41.431
4398,90.0,42.942,0.3193,-41.638
4399,90.0,43.601,0.3188,-41.843
4400,90.0,44.271,0.3184,-42.049
4401,90.0,44.95,0.318,-42.254
4402,90.0,45.64,0.3176,-42.459
4403,90.0,46.341,0.3171,-42.666
4404,90.0,47.052,0.3167,-42.873
4405,90.0,47.774,0.3163,-43.083
4406,90.0,48.507,0.3158,-43.294
4407,90.0,49.252,0.3154,-43.509
4408,90.0,50.008,0.3149,-43.726
4409,90.0,50.775,0.3145,-43.946
4410,90.0,51.555,0.314,-44.17
4411,90.0,52.346,0.3135,-44.397
4412,90.0,53.15,0.313,-44.627
4413,90.0,53.965,0.3126,-44.861
4414,90.0,54.794,0.3121,-45.099
4415,90.0,55.635,0.3116,-45.34
4416,90.0,56.489,0.3111,-45.585
4417,90.0,57.356,0.3105,-45.833
4418,90.0,58.236,0.31,-46.086
4419,90.0,59.13,0.3095,-46.342
4420,90.0,60.037,0.3089,-46.602
4421,90.0,60.959,0.3084,-46.866
4422,90.0,61.895,0.3078,-47.135
4423,90.0,62.845,0.3073,-47.393
4424,90.0,63.809,0.3068,-47.642
4425,90.0,64.789,0.3064,-47.885
4426,90.0,65.783,0.306,-48.123
4427,90.0,66.793,0.3056,-48.356
4428,90.0,67.818,0.3052,-48.586
4429,90.0,68.859,0.3049,-48.811
4430,90.0,69.916,0.3045,-49.031
4431,90.0,70.989,0.3041,-49.244
4432,90.0,72.078,0.3038,-49.451
4433,90.0,73.185,0.3035,-49.653
4434,90.0,74.308,0.3031,-49.854
4435,90.0,75.449,0.3028,-50.057
4436,90.0,76.607,0.3024,-50.263
4437,90.0,77.783,0.3021,-50.471
4438,90.0,78.976,0.3017,-50.683
4439,90.0,80.189,0.3014,-50.898
4440,90.0,81.419,0.301,-51.117
4441,90.0,82.669,0.3006,-51.339
4442,90.0,83.938,0.3002,-51.564
4443,90.0,85.226,0.2999,-51.792
4444,90.0,86.534,0.2995,-52.025
4445,90.0,87.863,0.2991,-52.26
4446,90.0,89.211,0.2987,-52.5
4447,90.0,90.581,0.2983,-52.743
4448,90.0,91.971,0.2979,-52.99
4449,90.0,93.382,0.2974,-53.24
4450,90.0,94.816,0.297,-53.494
4451,90.0,96.271,0.2966,-53.753
4452,90.0,97.749,0.2961,-54.015
4453,90.0,99.249,0.2957,-54.281
4454,90.0,100.772,0.2952,-54.552
4455,90.0,102.319,0.2948,-54.826
4456,90.0,103.89,0.2943,-55.105
4457,90.0,105.484,0.2938,-55.388
4458,90.0,107.103,0.2933,-55.675
4459,90.0,108.747,0.2929,-55.967
4460,90.0,110.416,0.2924,-56.263
4461,90.0,112.111,0.2918,-56.565
4462,90.0,113.832,0.2913,-56.873
4463,90.0,115.579,0.2908,-57.19
4464,90.0,117.353,0.2903,-57.513
4465,90.0,119.154,0.2897,-57.844
4466,90.0,120.983,0.2891,-58.182
4467,90.0,122.84,0.2886,-58.528
4468,90.0,124.726,0.288,-58.882
4469,90.0,126.64,0.2873,-59.245
4470,90.0,128.584,0.2867,-59.617
4471,90.0,130.558,0.2861,-59.999
4472,90.0,132.561,0.2856,-60.386
4473,90.0,134.596,0.2851,-60.775
4474,90.0,136.662,0.2846,-61.165
4475,90.0,138.76,0.2841,-61.555
4476,90.0,140.889,0.2836,-61.944
4477,90.0,143.052,0.283,-62.334
4478,90.0,145.248,0.2825,-62.722
4479,90.0,147.477,0.282,-63.108
4480,90.0,149.741,0.2816,-63.462
4481,90.0,152.039,0.2812,-63.773
4482,90.0,154.373,0.2808,-64.057
4483,90.0,156.742,0.2804,-64.329
4484,90.0,159.148,0.2801,-64.599
4485,90.0,161.591,0.2798,-64.846
4486,90.0,164.071,0.2795,-65.063
4487,90.0,166.589,0.2792,-65.254
4488,90.0,169.146,0.279,-65.422
4489,90.0,171.742,0.2788,-65.569
4490,90.0,174.378,0.2786,-65.696
4491,90.0,177.055,0.2785,-65.806
4492,90.0,179.772,0.2784,-65.9
4493,90.0,182.532,0.2783,-65.98
4494,90.0,185.333,0.2782,-66.041
4495,90.0,188.178,0.2781,-66.097
4496,90.0,191.066,0.2781,-66.132
4497,90.0,193.999,0.278,-66.175
4498,90.0,196.977,0.278,-66.178
4499,90.0,200.0,0.278,-66.182
