Stage,Epoch,Theta Loss,Psi Loss,Physics Loss,Total Loss
Adam,0,0.022985432,724.2031,0.0018850085,10.972597
Adam,1,0.016189268,396.12262,0.002118869,6.707447
Adam,2,0.010324339,214.82375,0.00219186,4.0256677
Adam,3,0.0062354594,123.026245,0.0020365512,2.4710639
Adam,4,0.003925813,80.94283,0.0017219867,1.6565983
Adam,5,0.0029106606,65.52548,0.001359526,1.2957828
Adam,6,0.002657503,63.68023,0.0010341164,1.1905451
Adam,7,0.0027749701,67.74674,0.000781009,1.2108643
Adam,8,0.003020771,73.359985,0.0005996708,1.2766662
Adam,9,0.0032599627,78.2666,0.00047521567,1.3429428
Adam,10,0.00342569,81.463486,0.00039156078,1.3872225
Adam,11,0.0034909823,82.6025,0.00033618382,1.4000999
Adam,12,0.0034511057,81.64781,0.0003005836,1.3792315
Adam,13,0.0033143274,78.71818,0.00027937614,1.3262373
Adam,14,0.0030982243,74.042625,0.00026937923,1.2455668
Adam,15,0.0028285654,67.97923,0.00026898,1.1444241
Adam,16,0.0025379164,61.059216,0.00027768628,1.0329325
Adam,17,0.002261878,54.01462,0.00029565318,0.9237759
Adam,18,0.0020325053,47.73595,0.00032288092,0.8306674
Adam,19,0.0018707453,43.104603,0.0003578151,0.7653301
Adam,20,0.0017811594,40.686066,0.000395609,0.73337597
Adam,21,0.0017517462,40.397503,0.00042753544,0.73086727
Adam,22,0.0017591334,41.41066,0.00044359855,0.7445164
Adam,23,0.0017765447,42.496944,0.00043778445,0.7571188
Adam,24,0.0017810437,42.650013,0.00041140983,0.7553682
Adam,25,0.001758293,41.53909,0.00037166546,0.7348847
Adam,26,0.0017049413,39.526875,0.00032736745,0.700115
Adam,27,0.0016284732,37.34374,0.00028538326,0.6605158
Adam,28,0.0015438647,35.68033,0.0002493055,0.6257788
Adam,29,0.0014675794,34.914352,0.00021996586,0.60227525
Adam,30,0.001411249,35.047413,0.00019668267,0.59166384
Adam,31,0.001377985,35.801235,0.00017833663,0.5914606
Adam,32,0.001362676,36.773438,0.00016392428,0.59672445
Adam,33,0.0013554601,37.57412,0.00015270396,0.6019658
Adam,34,0.001346215,37.91205,0.00014416539,0.6026775
Adam,35,0.0013281892,37.633366,0.00013795697,0.59625554
Adam,36,0.0012997861,36.727547,0.00013381858,0.58231616
Adam,37,0.0012644564,35.3143,0.00013153169,0.5625412
Adam,38,0.0012290414,33.61508,0.00013087674,0.54013854
Adam,39,0.0012011207,31.907545,0.00013158898,0.51898193
Adam,40,0.0011861158,30.459608,0.00013331002,0.50250995
Adam,41,0.0011850945,29.451471,0.0001355483,0.49261114
Adam,42,0.0011941512,28.910898,0.00013767784,0.48888332
Adam,43,0.0012057283,28.699854,0.0001390062,0.4887087
Adam,44,0.0012113719,28.576317,0.0001389222,0.48830727
Adam,45,0.0012047322,28.31225,0.00013707425,0.48439348
Adam,46,0.001183557,27.803658,0.00013348923,0.47559348
Adam,47,0.0011500082,27.107935,0.00012856405,0.46286517
Adam,48,0.0011094171,26.392153,0.00012296696,0.44877914
Adam,49,0.0010681461,25.832962,0.00011752152,0.43617973
Adam,50,0.0010314051,25.528555,0.00011295101,0.42693892
Adam,51,0.0010017372,25.461441,0.00010938216,0.4212823
Adam,52,0.0009785456,25.510254,0.000106280386,0.41782644
Adam,53,0.000958832,25.493555,0.00010350024,0.41428536
Adam,54,0.0009393454,25.246595,0.0001016853,0.40862054
Adam,55,0.0009191946,24.71181,0.000101354366,0.40020043
Adam,56,0.0009005205,23.968367,0.00010252925,0.39014113
Adam,57,0.00088651775,23.174997,0.000104956045,0.38047102
Adam,58,0.0008785703,22.477163,0.000108239095,0.37279305
Adam,59,0.00087454275,21.932013,0.00011179564,0.3672709
Adam,60,0.0008693708,21.491945,0.00011487875,0.36255687
Adam,61,0.00085768645,21.059288,0.00011681805,0.35676855
Adam,62,0.0008368286,20.574493,0.00011727461,0.34886038
Adam,63,0.00080828473,20.067446,0.00011632292,0.3393656
Adam,64,0.00077668997,19.629421,0.00011440391,0.3299583
Adam,65,0.0007471213,19.32923,0.0001122135,0.32219252
Adam,66,0.0007223682,19.137514,0.000110532936,0.3163103
Adam,67,0.00070189097,18.919937,0.00011002828,0.31098723
Adam,68,0.0006834427,18.527546,0.000111078036,0.30445355
Adam,69,0.0006660439,17.923704,0.00011368453,0.2961963
Adam,70,0.00065076665,17.210772,0.000117475094,0.28734398
Adam,71,0.0006383821,16.532532,0.000121754165,0.27934575
Adam,72,0.00062698737,15.9607,0.00012561421,0.27249724
Adam,73,0.00061255216,15.469617,0.00012816614,0.2658039
Adam,74,0.00059201074,15.010108,0.00012886706,0.25823274
Adam,75,0.00056587503,14.587156,0.00012777562,0.24991918
Adam,76,0.00053792284,14.246143,0.00012557118,0.24198554
Adam,77,0.00051220006,13.981003,0.0001233338,0.2351401
Adam,78,0.0004901711,13.684368,0.00012215614,0.22869277
Adam,79,0.00047119972,13.2380085,0.00012268104,0.22146219
Adam,80,0.0004550939,12.645128,0.00012482567,0.21343921
Adam,81,0.00044213695,12.022162,0.00012783696,0.20571771
Adam,82,0.00043070485,11.47025,0.00013055053,0.19889082
Adam,83,0.00041701586,10.996556,0.00013184172,0.1922942
Adam,84,0.0003984265,10.569179,0.00013119332,0.18513475
Adam,85,0.00037611413,10.1932335,0.00012900695,0.17770049
Adam,86,0.00035375735,9.879916,0.0001263904,0.17082132
Adam,87,0.0003340591,9.567468,0.00012459015,0.16447207
Adam,88,0.00031748568,9.154723,0.00012438858,0.15782836
Adam,89,0.00030403346,8.639202,0.00012570563,0.15085289
Adam,90,0.00029325936,8.128028,0.00012759854,0.14440896
Adam,91,0.00028221263,7.6921077,0.00012870431,0.13855861
Adam,92,0.00026737555,7.319921,0.0001280527,0.13251345
Adam,93,0.0002493503,7.0084553,0.00012576679,0.12635212
Adam,94,0.00023223611,6.7499394,0.00012298135,0.12078202
Adam,95,0.00021858145,6.4526434,0.00012099393,0.115462735
Adam,96,0.00020842835,6.060088,0.00012027433,0.109906286
Adam,97,0.00020086819,5.6589346,0.00012015307,0.104742534
Adam,98,0.00019275678,5.325323,0.000119404816,0.100077465
Adam,99,0.00018117353,5.051322,0.000117353266,0.09529223
Adam,100,0.00016788585,4.8340144,0.00011456793,0.09070821
Adam,101,0.00015642762,4.6315103,0.000112317,0.0866268
Adam,102,0.00014784807,4.363268,0.00011135035,0.082512446
Adam,103,0.0001417161,4.065926,0.00011119616,0.0785961
Adam,104,0.00013579577,3.8187943,0.0001105848,0.07514503
Adam,105,0.00012756603,3.6240652,0.000108675005,0.071676806
Adam,106,0.00011869728,3.4753458,0.00010591377,0.06844512
Adam,107,0.0001120183,3.3234928,0.00010343753,0.06555331
Adam,108,0.000107852524,3.1198661,0.0001017754,0.06264284
Adam,109,0.00010505034,2.926204,0.00010035485,0.060072817
Adam,110,0.00010099252,2.7784197,9.830007e-05,0.05767809
Adam,111,9.541539e-05,2.6695151,9.564331e-05,0.055353954
Adam,112,9.073633e-05,2.574049,9.332003e-05,0.053348944
Adam,113,8.7680615e-05,2.4415865,9.190822e-05,0.051354192
Adam,114,8.561928e-05,2.3129463,9.08498e-05,0.049599826
Adam,115,8.276011e-05,2.2206597,8.917877e-05,0.04799743
Adam,116,7.93039e-05,2.1599874,8.684227e-05,0.0465218
Adam,117,7.7107914e-05,2.1020765,8.46579e-05,0.045285635
Adam,118,7.630422e-05,2.0196068,8.297966e-05,0.044088647
Adam,119,7.592721e-05,1.9565992,8.117785e-05,0.04313175
Adam,120,7.4612966e-05,1.9185604,7.8750796e-05,0.042190168
Adam,121,7.3290605e-05,1.8936167,7.63027e-05,0.04137516
Adam,122,7.253906e-05,1.8459845,7.457631e-05,0.04052715
Adam,123,7.1954586e-05,1.7973495,7.3230156e-05,0.039751202
Adam,124,7.0562106e-05,1.7654881,7.1557806e-05,0.03897287
Adam,125,6.900217e-05,1.7463138,6.977008e-05,0.038278975
Adam,126,6.808278e-05,1.7133409,6.842885e-05,0.03761015
Adam,127,6.7629604e-05,1.6786582,6.72483e-05,0.03701827
Adam,128,6.681933e-05,1.6573334,6.5644854e-05,0.03644296
Adam,129,6.6022585e-05,1.6444046,6.390918e-05,0.03593381
Adam,130,6.5658336e-05,1.6181674,6.260366e-05,0.035420977
Adam,131,6.5366825e-05,1.5936431,6.147556e-05,0.03496279
Adam,132,6.4498774e-05,1.5792378,6.0140002e-05,0.034488194
Adam,133,6.362127e-05,1.5667425,5.8971167e-05,0.03405629
Adam,134,6.301141e-05,1.5426923,5.8214995e-05,0.033610884
Adam,135,6.229378e-05,1.5245106,5.7378755e-05,0.033195987
Adam,136,6.135192e-05,1.513256,5.632134e-05,0.03278355
Adam,137,6.0721235e-05,1.4946362,5.549885e-05,0.032379374
Adam,138,6.0274768e-05,1.4730287,5.483413e-05,0.031996623
Adam,139,5.9501515e-05,1.4588984,5.397769e-05,0.031610865
Adam,140,5.8726695e-05,1.4455749,5.325241e-05,0.031252615
Adam,141,5.8103473e-05,1.4249151,5.286775e-05,0.030894835
Adam,142,5.7266632e-05,1.4100798,5.2408926e-05,0.030552132
Adam,143,5.6332294e-05,1.3994858,5.1896117e-05,0.03022912
Adam,144,5.566676e-05,1.3815285,5.1625862e-05,0.029909179
Adam,145,5.5024077e-05,1.3663104,5.1294577e-05,0.0296109
Adam,146,5.4266533e-05,1.35625,5.080381e-05,0.02932305
Adam,147,5.3718224e-05,1.3408434,5.0516723e-05,0.029043676
Adam,148,5.3180218e-05,1.3264208,5.0278955e-05,0.028783083
Adam,149,5.2435604e-05,1.3174412,4.9923918e-05,0.02852834
Adam,150,5.1821746e-05,1.3046633,4.9749415e-05,0.028282307
Adam,151,5.1262832e-05,1.2917027,4.962224e-05,0.028049786
Adam,152,5.0581726e-05,1.2834204,4.9331204e-05,0.027821144
Adam,153,5.007158e-05,1.2718256,4.9135197e-05,0.027599273
Adam,154,4.964063e-05,1.2597269,4.895633e-05,0.02738681
Adam,155,4.909152e-05,1.2516943,4.8644524e-05,0.027177349
Adam,156,4.8636768e-05,1.2409328,4.8455466e-05,0.026973162
Adam,157,4.818735e-05,1.2301551,4.8311787e-05,0.026776422
Adam,158,4.7625465e-05,1.2227763,4.8074417e-05,0.026582744
Adam,159,4.7164947e-05,1.2128084,4.7937025e-05,0.026393378
Adam,160,4.673895e-05,1.2031542,4.778869e-05,0.026210688
Adam,161,4.6272715e-05,1.196032,4.7535377e-05,0.026031533
Adam,162,4.5909008e-05,1.1864728,4.7364945e-05,0.02585582
Adam,163,4.5540903e-05,1.1777616,4.7180507e-05,0.025685826
Adam,164,4.5118737e-05,1.1709671,4.6948444e-05,0.025519747
Adam,165,4.4751636e-05,1.1620785,4.681892e-05,0.025356367
Adam,166,4.435959e-05,1.1543864,4.666408e-05,0.025197413
Adam,167,4.3957152e-05,1.1478127,4.647123e-05,0.025042385
Adam,168,4.3627548e-05,1.1394117,4.6343484e-05,0.02488977
Adam,169,4.32868e-05,1.1323597,4.615843e-05,0.024740383
Adam,170,4.2953474e-05,1.1257145,4.596307e-05,0.024594625
Adam,171,4.2654785e-05,1.1177946,4.583463e-05,0.024451358
Adam,172,4.23146e-05,1.1113482,4.5665514e-05,0.0243105
Adam,173,4.1979878e-05,1.1046907,4.5525652e-05,0.024172736
Adam,174,4.166785e-05,1.0973582,4.5425902e-05,0.024037646
Adam,175,4.1338302e-05,1.0913239,4.5271296e-05,0.023904677
Adam,176,4.1044234e-05,1.0845339,4.5148092e-05,0.023774188
Adam,177,4.0765255e-05,1.0777322,4.5028424e-05,0.023646373
Adam,178,4.0470964e-05,1.071883,4.4875444e-05,0.02352079
Adam,179,4.0196475e-05,1.0651141,4.4777535e-05,0.023397245
Adam,180,3.990794e-05,1.0589542,4.466857e-05,0.02327602
Adam,181,3.9615614e-05,1.0531476,4.4555305e-05,0.023157114
Adam,182,3.9347462e-05,1.0466292,4.4478504e-05,0.023040187
Adam,183,3.907372e-05,1.0409907,4.4361284e-05,0.022925157
Adam,184,3.8819348e-05,1.0350305,4.425983e-05,0.02281218
Adam,185,3.857468e-05,1.0289756,4.4168497e-05,0.022701232
Adam,186,3.8318074e-05,1.0236193,4.40545e-05,0.022592079
Adam,187,3.8072878e-05,1.0176431,4.3981654e-05,0.022484608
Adam,188,3.7818805e-05,1.0121907,4.3894448e-05,0.022378895
Adam,189,3.7568883e-05,1.0068164,4.3809774e-05,0.022274962
Adam,190,3.7333386e-05,1.0011259,4.374263e-05,0.022172661
Adam,191,3.7095026e-05,0.9960775,4.3645647e-05,0.022071876
Adam,192,3.687055e-05,0.99059093,4.3574066e-05,0.021972602
Adam,193,3.6642792e-05,0.98542976,4.3494223e-05,0.021874849
Adam,194,3.641264e-05,0.980423,4.3416523e-05,0.021778604
Adam,195,3.618741e-05,0.9751448,4.3361306e-05,0.021683756
Adam,196,3.595698e-05,0.97039086,4.328533e-05,0.021590255
Adam,197,3.5738063e-05,0.9652853,4.3230073e-05,0.021498073
Adam,198,3.5521287e-05,0.96048784,4.3160984e-05,0.021407217
Adam,199,3.5309222e-05,0.9557347,4.309296e-05,0.021317674
Adam,200,3.5101548e-05,0.9508553,4.3037337e-05,0.021229386
Adam,201,3.488909e-05,0.94635665,4.2969274e-05,0.02114232
Adam,202,3.4681416e-05,0.94154793,4.292489e-05,0.021056425
Adam,203,3.4471177e-05,0.9371082,4.2866293e-05,0.020971702
Adam,204,3.4267243e-05,0.93251824,4.281911e-05,0.020888135
Adam,205,3.4066994e-05,0.9280416,4.2768228e-05,0.0208057
Adam,206,3.38694e-05,0.9236931,4.2713615e-05,0.020724382
Adam,207,3.3675686e-05,0.9192064,4.2671556e-05,0.02064415
Adam,208,3.3479453e-05,0.91502196,4.2618896e-05,0.020564971
Adam,209,3.328662e-05,0.91059995,4.258552e-05,0.02048682
Adam,210,3.309259e-05,0.90649354,4.2539134e-05,0.020409694
Adam,211,3.2904067e-05,0.90220314,4.250619e-05,0.02033357
Adam,212,3.271765e-05,0.8981299,4.24632e-05,0.020258427
Adam,213,3.2535463e-05,0.8939986,4.2426345e-05,0.020184256
Adam,214,3.235494e-05,0.8899499,4.2388616e-05,0.020111032
Adam,215,3.2175256e-05,0.8859672,4.2351872e-05,0.02003874
Adam,216,3.1997195e-05,0.88194984,4.232189e-05,0.019967362
Adam,217,3.1820025e-05,0.8781004,4.2285817e-05,0.01989688
Adam,218,3.164693e-05,0.8741294,4.2259642e-05,0.01982728
Adam,219,3.147562e-05,0.87040913,4.222075e-05,0.019758547
Adam,220,3.1308682e-05,0.8664875,4.2196585e-05,0.019690664
Adam,221,3.114175e-05,0.86290264,4.215555e-05,0.01962362
Adam,222,3.097799e-05,0.85900754,4.2137523e-05,0.019557402
Adam,223,3.0813084e-05,0.85558724,4.2094514e-05,0.019492012
Adam,224,3.065273e-05,0.85166806,4.208553e-05,0.019427419
Adam,225,3.0491718e-05,0.8484952,4.2033134e-05,0.019363679
Adam,226,3.0337536e-05,0.8444499,4.2037816e-05,0.019300802
Adam,227,3.0181202e-05,0.84171915,4.196374e-05,0.019238932
Adam,228,3.0033589e-05,0.8373277,4.200027e-05,0.019178357
Adam,229,2.9881585e-05,0.83554655,4.1880467e-05,0.019119773
Adam,230,2.974586e-05,0.8304322,4.199121e-05,0.01906488
Adam,231,2.961124e-05,0.831205,4.1760577e-05,0.019017823
Adam,232,2.9523695e-05,0.8253421,4.2047064e-05,0.018989034
Adam,233,2.9489489e-05,0.834753,4.154145e-05,0.01900217
Adam,234,2.9633604e-05,0.8329974,4.2257536e-05,0.019113645
Adam,235,3.0058598e-05,0.8710668,4.112264e-05,0.019387852
Adam,236,3.069272e-05,0.88288087,4.267869e-05,0.01983452
Adam,237,3.0950512e-05,0.91656303,4.074012e-05,0.019919224
Adam,238,2.9672234e-05,0.84757143,4.2478878e-05,0.019298382
Adam,239,2.8526934e-05,0.8072527,4.15268e-05,0.018580588
Adam,240,2.876844e-05,0.8236538,4.1250503e-05,0.018739378
Adam,241,2.9246998e-05,0.8410307,4.2491145e-05,0.019171027
Adam,242,2.891883e-05,0.83627415,4.1040606e-05,0.018856656
Adam,243,2.7908825e-05,0.79047364,4.1750533e-05,0.018353641
Adam,244,2.8059669e-05,0.7984624,4.2035026e-05,0.018498827
Adam,245,2.859661e-05,0.82822603,4.0938543e-05,0.018712534
Adam,246,2.7804721e-05,0.79262733,4.1983938e-05,0.018394573
Adam,247,2.741716e-05,0.7791158,4.1589217e-05,0.018142113
Adam,248,2.7794234e-05,0.80008894,4.1055726e-05,0.018328384
Adam,249,2.75739e-05,0.7902818,4.201613e-05,0.018341323
Adam,250,2.7189964e-05,0.7776728,4.1249234e-05,0.018042607
Adam,251,2.7070138e-05,0.77481186,4.1226504e-05,0.017992616
Adam,252,2.7118953e-05,0.7773521,4.1864732e-05,0.018121075
Adam,253,2.7027741e-05,0.77850926,4.102902e-05,0.017993607
Adam,254,2.65938e-05,0.7604406,4.1406878e-05,0.017804507
Adam,255,2.657352e-05,0.76117164,4.1628446e-05,0.017842012
Adam,256,2.6711778e-05,0.77208245,4.0947423e-05,0.017869703
Adam,257,2.6316568e-05,0.75448,4.1522206e-05,0.017720615
Adam,258,2.6159649e-05,0.750112,4.1328127e-05,0.017624285
Adam,259,2.6265334e-05,0.7579766,4.0954797e-05,0.017662786
Adam,260,2.6067833e-05,0.7494245,4.1513198e-05,0.0176314
Adam,261,2.5916142e-05,0.7459818,4.1050727e-05,0.017504849
Adam,262,2.580061e-05,0.74276966,4.104679e-05,0.017454807
Adam,263,2.572486e-05,0.74045706,4.1380594e-05,0.01747039
Adam,264,2.571798e-05,0.7430382,4.0855077e-05,0.01741634
Adam,265,2.5466026e-05,0.73291457,4.1133142e-05,0.01731902
Adam,266,2.5376976e-05,0.73066926,4.1126572e-05,0.017282225
Adam,267,2.54214e-05,0.73494637,4.0768788e-05,0.017277993
Adam,268,2.521702e-05,0.7271291,4.1142637e-05,0.01722524
Adam,269,2.5124045e-05,0.7251063,4.0849678e-05,0.01714712
Adam,270,2.5044334e-05,0.7233341,4.0792114e-05,0.01710881
Adam,271,2.493679e-05,0.7200677,4.101476e-05,0.017093409
Adam,272,2.4926801e-05,0.7214783,4.0631516e-05,0.01704853
Adam,273,2.4740399e-05,0.7147424,4.082993e-05,0.016982973
Adam,274,2.465393e-05,0.7126085,4.076237e-05,0.01693853
Adam,275,2.4639916e-05,0.7137147,4.0545943e-05,0.016915027
Adam,276,2.448971e-05,0.7088075,4.078778e-05,0.016879698
Adam,277,2.4442488e-05,0.708303,4.0505423e-05,0.016825216
Adam,278,2.4315974e-05,0.704338,4.0564115e-05,0.016775392
Adam,279,2.4224495e-05,0.70192325,4.0598286e-05,0.01674265
Adam,280,2.4209668e-05,0.70273226,4.0359355e-05,0.016712677
Adam,281,2.4060782e-05,0.6978789,4.0552204e-05,0.016670737
Adam,282,2.4006054e-05,0.6968919,4.03465e-05,0.016621802
Adam,283,2.3905926e-05,0.6940345,4.0354666e-05,0.016579434
Adam,284,2.3812074e-05,0.6914587,4.0398645e-05,0.016546194
Adam,285,2.3786835e-05,0.6916332,4.019173e-05,0.016513117
Adam,286,2.3654797e-05,0.68739533,4.034078e-05,0.01647329
Adam,287,2.3606497e-05,0.68648916,4.015663e-05,0.016429361
Adam,288,2.3506911e-05,0.6835592,4.0177187e-05,0.016388208
Adam,289,2.3422237e-05,0.6812836,4.017504e-05,0.016352426
Adam,290,2.3382398e-05,0.68077344,4.0024603e-05,0.016318785
Adam,291,2.3266331e-05,0.67726386,4.0135237e-05,0.016282873
Adam,292,2.3228045e-05,0.67670214,3.9949497e-05,0.016243652
Adam,293,2.3117409e-05,0.6733661,4.0014234e-05,0.016203407
Adam,294,2.3051756e-05,0.6717745,3.9929426e-05,0.016164921
Adam,295,2.298321e-05,0.67011815,3.9869206e-05,0.016129043
Adam,296,2.28896e-05,0.6675539,3.9904004e-05,0.01609458
Adam,297,2.2849275e-05,0.6669428,3.9753322e-05,0.016059818
Adam,298,2.27401e-05,0.66376483,3.9833943e-05,0.016023755
Adam,299,2.2698357e-05,0.663018,3.9677758e-05,0.015986597
Adam,300,2.2596987e-05,0.6600971,3.9724335e-05,0.01594917
Adam,301,2.2538788e-05,0.65874386,3.9627063e-05,0.015912317
Adam,302,2.2460941e-05,0.6566955,3.9602106e-05,0.015876412
Adam,303,2.2384533e-05,0.6547011,3.9578117e-05,0.01584141
Adam,304,2.232983e-05,0.65346456,3.948572e-05,0.015806979
Adam,305,2.2239345e-05,0.6509562,3.9515468e-05,0.015772784
Adam,306,2.2198232e-05,0.65016645,3.938125e-05,0.015738586
Adam,307,2.2099002e-05,0.64735186,3.943953e-05,0.015704298
Adam,308,2.206295e-05,0.6467276,3.9288185e-05,0.015669946
Adam,309,2.1960108e-05,0.64379895,3.9357386e-05,0.015635613
Adam,310,2.1926713e-05,0.64324725,3.9199538e-05,0.01560141
Adam,311,2.1823009e-05,0.6402862,3.9274153e-05,0.015567436
Adam,312,2.1794218e-05,0.6398676,3.910682e-05,0.015533831
Adam,313,2.168755e-05,0.6368234,3.9195977e-05,0.015500763
Adam,314,2.1668808e-05,0.63675076,3.9004546e-05,0.015468511
Adam,315,2.155366e-05,0.63347834,3.9131508e-05,0.015437558
Adam,316,2.155872e-05,0.6342431,3.888376e-05,0.015408803
Adam,317,2.1428192e-05,0.63059616,3.9092047e-05,0.015383997
Adam,318,2.148963e-05,0.6334004,3.8725986e-05,0.015366346
Adam,319,2.1340189e-05,0.629625,3.9102386e-05,0.015362636
Adam,320,2.1544425e-05,0.6378348,3.8497463e-05,0.015384631
Adam,321,2.1409045e-05,0.6363983,3.9214738e-05,0.01545755
Adam,322,2.1996331e-05,0.6594662,3.8139824e-05,0.015615085
Adam,323,2.2007545e-05,0.6688814,3.9499922e-05,0.015914936
Adam,324,2.3321032e-05,0.718301,3.763456e-05,0.01632635
Adam,325,2.3117838e-05,0.72680324,3.9844144e-05,0.016712328
Adam,326,2.3866516e-05,0.7412396,3.737165e-05,0.01659812
Adam,327,2.1832308e-05,0.67021984,3.9462793e-05,0.015896464
Adam,328,2.1065965e-05,0.62591743,3.8131613e-05,0.0151388105
Adam,329,2.0841913e-05,0.6184068,3.8207883e-05,0.015041538
Adam,330,2.115912e-05,0.64367205,3.9170616e-05,0.015486181
Adam,331,2.2280534e-05,0.67782736,3.7474747e-05,0.015741566
Adam,332,2.1049143e-05,0.6406668,3.9060546e-05,0.015423121
Adam,333,2.06767e-05,0.61382735,3.795439e-05,0.014932936
Adam,334,2.0543686e-05,0.60973865,3.79654e-05,0.01487375
Adam,335,2.06493e-05,0.6242927,3.8792285e-05,0.015159165
Adam,336,2.1326701e-05,0.64364624,3.7430556e-05,0.01525005
Adam,337,2.0375443e-05,0.61311543,3.8598708e-05,0.014977276
Adam,338,2.0169091e-05,0.59958977,3.7911374e-05,0.014707968
Adam,339,2.0298123e-05,0.60515094,3.7679234e-05,0.014748113
Adam,340,2.0252597e-05,0.6106147,3.8478473e-05,0.014915807
Adam,341,2.0584423e-05,0.6195878,3.7363498e-05,0.014888065
Adam,342,1.9896474e-05,0.59616417,3.8201317e-05,0.01467631
Adam,343,1.977895e-05,0.5901819,3.7834387e-05,0.014543818
Adam,344,1.997094e-05,0.5979667,3.7489062e-05,0.014598667
Adam,345,1.9832958e-05,0.59734875,3.818896e-05,0.014676774
Adam,346,2.0034631e-05,0.6018436,3.7280337e-05,0.014615681
Adam,347,1.9554818e-05,0.5856178,3.7871614e-05,0.014470143
Adam,348,1.948415e-05,0.5824915,3.764914e-05,0.014394909
Adam,349,1.963005e-05,0.58824205,3.732226e-05,0.014425267
Adam,350,1.9456977e-05,0.5855631,3.788671e-05,0.014457185
Adam,351,1.9623381e-05,0.58905166,3.7146892e-05,0.014406058
Adam,352,1.9269364e-05,0.5776523,3.7599104e-05,0.014306793
Adam,353,1.9225492e-05,0.57551616,3.737616e-05,0.0142454095
Adam,354,1.9287729e-05,0.5781795,3.714454e-05,0.014246635
Adam,355,1.913044e-05,0.5756339,3.7552352e-05,0.014258757
Adam,356,1.927987e-05,0.5794148,3.695248e-05,0.014229
Adam,357,1.8994264e-05,0.5709763,3.735462e-05,0.014162096
Adam,358,1.8983606e-05,0.5696413,3.7051625e-05,0.014101697
Adam,359,1.89455e-05,0.5688236,3.6972477e-05,0.014075932
Adam,360,1.8832558e-05,0.5669623,3.7184804e-05,0.014072227
Adam,361,1.8955621e-05,0.57060623,3.6734473e-05,0.014059576
Adam,362,1.8727651e-05,0.5647443,3.7106372e-05,0.014022546
Adam,363,1.8767147e-05,0.5649044,3.6715533e-05,0.013971446
Adam,364,1.8625584e-05,0.5608242,3.683272e-05,0.013926988
Adam,365,1.8570929e-05,0.559475,3.6795594e-05,0.013899729
Adam,366,1.8607192e-05,0.5607806,3.6567853e-05,0.013884063
Adam,367,1.8461978e-05,0.55755424,3.681393e-05,0.013866929
Adam,368,1.8538178e-05,0.55941564,3.6431295e-05,0.013839576
Adam,369,1.8358569e-05,0.5545609,3.6688332e-05,0.013802644
Adam,370,1.8378092e-05,0.55454,3.6406487e-05,0.013763086
Adam,371,1.8272534e-05,0.5515805,3.647495e-05,0.013727928
Adam,372,1.822186e-05,0.5502583,3.6426973e-05,0.013699908
Adam,373,1.8219433e-05,0.5503283,3.6273206e-05,0.013677179
Adam,374,1.8108003e-05,0.547737,3.641438e-05,0.013655728
Adam,375,1.8156834e-05,0.54901016,3.6123252e-05,0.013632114
Adam,376,1.8010775e-05,0.5453736,3.633009e-05,0.013604866
Adam,377,1.8051334e-05,0.5462291,3.6030004e-05,0.013574492
Adam,378,1.7910048e-05,0.54263145,3.619806e-05,0.013542531
Adam,379,1.7915885e-05,0.5426447,3.597898e-05,0.013510676
Adam,380,1.781461e-05,0.5400831,3.6046742e-05,0.013480034
Adam,381,1.7785449e-05,0.5393129,3.593416e-05,0.0134510705
Adam,382,1.773316e-05,0.53801614,3.589033e-05,0.013423685
Adam,383,1.7670623e-05,0.53651375,3.5878573e-05,0.013397517
Adam,384,1.7655317e-05,0.53619903,3.5746034e-05,0.013372193
Adam,385,1.7563249e-05,0.53404033,3.5816895e-05,0.013347425
Adam,386,1.757675e-05,0.534452,3.561405e-05,0.013323141
Adam,387,1.7462766e-05,0.53176147,3.574926e-05,0.013299419
Adam,388,1.7504979e-05,0.53288054,3.5480254e-05,0.01327659
Adam,389,1.736838e-05,0.529718,3.5685254e-05,0.0132552255
Adam,390,1.7446955e-05,0.53185964,3.533784e-05,0.013236315
Adam,391,1.7281114e-05,0.52825403,3.5645608e-05,0.013221549
Adam,392,1.7427297e-05,0.5324046,3.517068e-05,0.0132137425
Adam,393,1.722742e-05,0.52866364,3.5648423e-05,0.013218012
Adam,394,1.7517428e-05,0.5373323,3.494588e-05,0.013242818
Adam,395,1.7290227e-05,0.5350582,3.5730263e-05,0.013303656
Adam,396,1.7901533e-05,0.5545212,3.4623507e-05,0.013423968
Adam,397,1.7710237e-05,0.5592247,3.5952882e-05,0.013641715
Adam,398,1.8996787e-05,0.6016638,3.4163022e-05,0.01399061
Adam,399,1.8873745e-05,0.6196651,3.6333568e-05,0.014477747
Adam,400,2.083902e-05,0.6791916,3.365439e-05,0.014965927
Adam,401,1.9792831e-05,0.668725,3.656603e-05,0.015141079
Adam,402,2.0364801e-05,0.6584229,3.3620014e-05,0.014681951
Adam,403,1.765777e-05,0.5685996,3.5891753e-05,0.013718424
Adam,404,1.6961827e-05,0.522924,3.4554985e-05,0.012956762
Adam,405,1.6886628e-05,0.5208538,3.4534336e-05,0.012921683
Adam,406,1.7191624e-05,0.549566,3.5619283e-05,0.013417295
Adam,407,1.871304e-05,0.59311837,3.3711793e-05,0.013794908
Adam,408,1.7450147e-05,0.5640143,3.5652934e-05,0.013605605
Adam,409,1.725738e-05,0.53632516,3.4027897e-05,0.013056044
Adam,410,1.6367649e-05,0.5062654,3.464936e-05,0.012715206
Adam,411,1.64208e-05,0.5136775,3.4963e-05,0.012844345
Adam,412,1.7415146e-05,0.54705805,3.378145e-05,0.01315007
Adam,413,1.6861093e-05,0.53862935,3.5251596e-05,0.013203197
Adam,414,1.6980865e-05,0.5314832,3.380435e-05,0.0129326135
Adam,415,1.6140952e-05,0.50290793,3.4575587e-05,0.01263656
Adam,416,1.6072423e-05,0.50092155,3.450196e-05,0.012595373
Adam,417,1.6581727e-05,0.5196277,3.382105e-05,0.012756692
Adam,418,1.6318609e-05,0.51796836,3.489027e-05,0.012861015
Adam,419,1.6611333e-05,0.5220282,3.3678592e-05,0.01276377
Adam,420,1.5937676e-05,0.4999186,3.448083e-05,0.012561962
Adam,421,1.587484e-05,0.4951737,3.4110206e-05,0.012449494
Adam,422,1.602993e-05,0.50094193,3.38308e-05,0.012488529
Adam,423,1.588461e-05,0.501693,3.449838e-05,0.012574378
Adam,424,1.6253724e-05,0.5107674,3.3551707e-05,0.012578488
Adam,425,1.5752139e-05,0.49667645,3.432767e-05,0.012478735
Adam,426,1.5780834e-05,0.4935476,3.3724056e-05,0.01236121
Adam,427,1.5640184e-05,0.4894232,3.3807333e-05,0.01231136
Adam,428,1.5559786e-05,0.4894906,3.4037294e-05,0.012334468
Adam,429,1.5841833e-05,0.49786785,3.3428398e-05,0.012369214
Adam,430,1.5535355e-05,0.49164537,3.407098e-05,0.012357404
Adam,431,1.5696765e-05,0.49349362,3.3365966e-05,0.012294346
Adam,432,1.5387328e-05,0.48475704,3.375458e-05,0.012218857
Adam,433,1.5377376e-05,0.4836008,3.3530523e-05,0.012172193
Adam,434,1.5403932e-05,0.4847575,3.337258e-05,0.012164053
Adam,435,1.5270167e-05,0.48313138,3.3677738e-05,0.0121735
Adam,436,1.5471049e-05,0.48815492,3.3134296e-05,0.012172351
Adam,437,1.521107e-05,0.48229688,3.3610522e-05,0.012146207
Adam,438,1.5332998e-05,0.4838319,3.308436e-05,0.012100924
Adam,439,1.5111218e-05,0.47796348,3.3375858e-05,0.012052696
Adam,440,1.5113732e-05,0.4773682,3.3168028e-05,0.012015946
Adam,441,1.5082792e-05,0.4766383,3.310874e-05,0.0119951125
Adam,442,1.4995411e-05,0.47502455,3.323847e-05,0.011985328
Adam,443,1.5109699e-05,0.47784445,3.288587e-05,0.01197778
Adam,444,1.4937669e-05,0.4742664,3.321166e-05,0.011965063
Adam,445,1.5068009e-05,0.47698918,3.276079e-05,0.011944212
Adam,446,1.4858429e-05,0.47213647,3.310675e-05,0.011916141
Adam,447,1.4942968e-05,0.47350425,3.271909e-05,0.011884351
Adam,448,1.4777714e-05,0.4694457,3.2941887e-05,0.011852398
Adam,449,1.4808256e-05,0.4696881,3.2698776e-05,0.011822935
Adam,450,1.4721436e-05,0.4675772,3.2753625e-05,0.011797031
Adam,451,1.4691742e-05,0.46686772,3.268112e-05,0.011774607
Adam,452,1.4675647e-05,0.46657944,3.258518e-05,0.011754919
Adam,453,1.4595551e-05,0.464975,3.265334e-05,0.011737084
Adam,454,1.4638634e-05,0.4660183,3.2429714e-05,0.011720435
Adam,455,1.4520774e-05,0.4636186,3.260222e-05,0.011704635
Adam,456,1.4607854e-05,0.4656513,3.2280685e-05,0.011689793
Adam,457,1.4452736e-05,0.46256667,3.2551787e-05,0.011676345
Adam,458,1.4583868e-05,0.4657145,3.21373e-05,0.01166532
Adam,459,1.4394881e-05,0.4621248,3.251817e-05,0.011658206
Adam,460,1.4600476e-05,0.46721375,3.1970536e-05,0.011657789
Adam,461,1.4373606e-05,0.46349525,3.2514294e-05,0.011668138
Adam,462,1.4716504e-05,0.47258008,3.175731e-05,0.011696873
Adam,463,1.44490905e-05,0.47003064,3.2584107e-05,0.011755286
Adam,464,1.5080748e-05,0.4882086,3.1467713e-05,0.011864355
Adam,465,1.4820005e-05,0.4912643,3.277681e-05,0.012052165
Adam,466,1.6074624e-05,0.5297746,3.104796e-05,0.012366134
Adam,467,1.5921909e-05,0.54785705,3.3141667e-05,0.012838107
Adam,468,1.8208517e-05,0.61825526,3.050768e-05,0.013489982
Adam,469,1.7815133e-05,0.6427266,3.3596116e-05,0.014138953
Adam,470,2.0164565e-05,0.6974766,3.0110716e-05,0.014516057
Adam,471,1.7656319e-05,0.63928944,3.3540935e-05,0.014072482
Adam,472,1.7278799e-05,0.5786238,3.0480132e-05,0.012950078
Adam,473,1.4253054e-05,0.47505662,3.236526e-05,0.011743313
Adam,474,1.3819911e-05,0.44851902,3.171915e-05,0.01131605
Adam,475,1.4955276e-05,0.48809624,3.0922933e-05,0.0117626935
Adam,476,1.5186855e-05,0.5248916,3.2696767e-05,0.0124314595
Adam,477,1.6660633e-05,0.5558841,3.0342722e-05,0.012609344
Adam,478,1.4705817e-05,0.50123006,3.2414657e-05,0.012080371
Adam,479,1.4250644e-05,0.4636521,3.0942672e-05,0.011415519
Adam,480,1.37336965e-05,0.44661036,3.1243457e-05,0.011212677
Adam,481,1.3928867e-05,0.46404538,3.1936266e-05,0.011520224
Adam,482,1.51575205e-05,0.50323147,3.0431744e-05,0.011870705
Adam,483,1.4344761e-05,0.48598918,3.2107735e-05,0.011827766
Adam,484,1.432814e-05,0.4719352,3.059805e-05,0.0114582805
Adam,485,1.3451545e-05,0.44206128,3.1340896e-05,0.011139479
Adam,486,1.3420875e-05,0.44241536,3.1376687e-05,0.011143788
Adam,487,1.4101843e-05,0.46601713,3.055824e-05,0.011359183
Adam,488,1.38063015e-05,0.46482608,3.1751024e-05,0.01148186
Adam,489,1.4157909e-05,0.46828568,3.0421044e-05,0.0113697
Adam,490,1.3361085e-05,0.44317567,3.132045e-05,0.011133987
Adam,491,1.3293448e-05,0.43710652,3.0886687e-05,0.010998085
Adam,492,1.3453371e-05,0.44274843,3.0634586e-05,0.011040678
Adam,493,1.33463955e-05,0.44574186,3.1302607e-05,0.011154769
Adam,494,1.383136e-05,0.45747656,3.0280433e-05,0.011191534
Adam,495,1.3280214e-05,0.44348866,3.116023e-05,0.011100953
Adam,496,1.3347385e-05,0.440003,3.0417219e-05,0.0109647205
Adam,497,1.3088832e-05,0.4325111,3.064919e-05,0.010885814
Adam,498,1.3039336e-05,0.4328371,3.0757816e-05,0.010897944
Adam,499,1.3347964e-05,0.4419019,3.0200617e-05,0.010951307
Adam,500,1.30856915e-05,0.43824205,3.085324e-05,0.01097326
Adam,501,1.3346758e-05,0.44241223,3.005353e-05,0.010934166
Adam,502,1.2950672e-05,0.4321554,3.061061e-05,0.0108557455
Adam,503,1.2990136e-05,0.4308389,3.0196856e-05,0.010786438
Adam,504,1.2904498e-05,0.42862102,3.0230716e-05,0.010756493
Adam,505,1.2835574e-05,0.42808366,3.0377958e-05,0.010762867
Adam,506,1.3050566e-05,0.4335549,2.9912428e-05,0.010779997
Adam,507,1.2831588e-05,0.42976657,3.0394942e-05,0.010781646
Adam,508,1.3037425e-05,0.43347603,2.9784347e-05,0.0107580265
Adam,509,1.2750866e-05,0.42658177,3.0243338e-05,0.010714948
Adam,510,1.28360925e-05,0.42702687,2.9817224e-05,0.010668267
Adam,511,1.2688081e-05,0.4230607,2.9981771e-05,0.010631084
Adam,512,1.2678089e-05,0.42249155,2.9882889e-05,0.010609062
Adam,513,1.2718594e-05,0.4234884,2.971391e-05,0.01059976
Adam,514,1.2608494e-05,0.42177904,2.9915418e-05,0.010596378
Adam,515,1.2750409e-05,0.4251205,2.9522336e-05,0.010592116
Adam,516,1.2562435e-05,0.421642,2.987698e-05,0.010582332
Adam,517,1.2723593e-05,0.42482883,2.9394527e-05,0.0105660055
Adam,518,1.2509739e-05,0.42033675,2.9759856e-05,0.0105438065
Adam,519,1.2639391e-05,0.4225339,2.9313702e-05,0.010518303
Adam,520,1.2445047e-05,0.41829908,2.9611463e-05,0.010491467
Adam,521,1.2529916e-05,0.41961473,2.9264094e-05,0.010465249
Adam,522,1.2388168e-05,0.41643324,2.9452814e-05,0.01044048
Adam,523,1.2436527e-05,0.41707426,2.9208953e-05,0.010417564
Adam,524,1.2347098e-05,0.4150242,2.9293566e-05,0.010396341
Adam,525,1.2359045e-05,0.41506496,2.9146688e-05,0.010376509
Adam,526,1.2306299e-05,0.41387036,2.9153673e-05,0.010357698
Adam,527,1.2289578e-05,0.41341153,2.9080384e-05,0.010339609
Adam,528,1.2267816e-05,0.41284928,2.902233e-05,0.010322015
Adam,529,1.2230573e-05,0.41198823,2.9002334e-05,0.010304818
Adam,530,1.2232369e-05,0.411937,2.8891956e-05,0.010288019
Adam,531,1.217128e-05,0.4106879,2.8927745e-05,0.010271733
Adam,532,1.2197946e-05,0.4112274,2.8761993e-05,0.010256264
Adam,533,1.2111701e-05,0.40957284,2.8864813e-05,0.010242205
Adam,534,1.2183775e-05,0.41115305,2.8610752e-05,0.010230709
Adam,535,1.2062876e-05,0.4090983,2.882344e-05,0.010223931
Adam,536,1.2223179e-05,0.41299665,2.8418935e-05,0.010226283
Adam,537,1.205464e-05,0.4111307,2.8844157e-05,0.010246126
Adam,538,1.2431201e-05,0.42144978,2.8148435e-05,0.010301443
Adam,539,1.2256416e-05,0.42385438,2.899446e-05,0.010426175
Adam,540,1.3261333e-05,0.45499662,2.771163e-05,0.01069591
Adam,541,1.3394562e-05,0.4816518,2.9428154e-05,0.011239925
Adam,542,1.6383889e-05,0.5829398,2.6990141e-05,0.012335502
Adam,543,1.7872033e-05,0.6982125,3.0411735e-05,0.014224689
Adam,544,2.5418422e-05,0.9485184,2.6008365e-05,0.017199202
Adam,545,2.5935498e-05,1.087263,3.1645995e-05,0.019509854
Adam,546,2.989966e-05,1.1140841,2.5614161e-05,0.019467914
Adam,547,1.822557e-05,0.7265056,3.0468833e-05,0.014569216
Adam,548,1.2711898e-05,0.43420556,2.7526887e-05,0.010377873
Adam,549,1.3920635e-05,0.4794731,2.7177979e-05,0.010959523
Adam,550,1.7339788e-05,0.6896065,3.0236077e-05,0.014032444
Adam,551,2.0679176e-05,0.7394603,2.6148691e-05,0.014418783
Adam,552,1.3224053e-05,0.48963115,2.9114954e-05,0.011247162
Adam,553,1.1639122e-05,0.4053577,2.8167195e-05,0.010024524
Adam,554,1.589444e-05,0.5588097,2.6538413e-05,0.011953024
Adam,555,1.5416495e-05,0.59084785,2.9603938e-05,0.012661544
Adam,556,1.3740905e-05,0.4799703,2.6800642e-05,0.010880936
Adam,557,1.1665578e-05,0.40372124,2.7512117e-05,0.009913866
Adam,558,1.31886945e-05,0.4842557,2.8866194e-05,0.01115079
Adam,559,1.5189905e-05,0.5441767,2.6368065e-05,0.011675462
Adam,560,1.2012379e-05,0.43074408,2.8366654e-05,0.010364296
Adam,561,1.1393678e-05,0.40124395,2.7850174e-05,0.0098990165
Adam,562,1.3488843e-05,0.47952005,2.6592388e-05,0.010807385
Adam,563,1.27508265e-05,0.467242,2.8610071e-05,0.010876555
Adam,564,1.186858e-05,0.41598353,2.7017479e-05,0.009992744
Adam,565,1.1644344e-05,0.40770507,2.709028e-05,0.009887245
Adam,566,1.2169427e-05,0.44207832,2.8286287e-05,0.01048914
Adam,567,1.2735279e-05,0.44903642,2.6571108e-05,0.010386322
Adam,568,1.1250152e-05,0.39698163,2.7530272e-05,0.00978688
Adam,569,1.1329361e-05,0.4018559,2.7601907e-05,0.009858249
Adam,570,1.2500873e-05,0.43982106,2.6443007e-05,0.010239793
Adam,571,1.1556475e-05,0.41465464,2.7697259e-05,0.010034606
Adam,572,1.1245027e-05,0.394555,2.6905393e-05,0.009668114
Adam,573,1.1573183e-05,0.4062201,2.6589558e-05,0.009786611
Adam,574,1.15047615e-05,0.4143577,2.7516264e-05,0.009996731
Adam,575,1.1680176e-05,0.41073138,2.6393574e-05,0.009818376
Adam,576,1.1058736e-05,0.39050224,2.6831307e-05,0.009588528
Adam,577,1.1105378e-05,0.39603278,2.7060305e-05,0.00968518
Adam,578,1.1706076e-05,0.4127783,2.6188143e-05,0.009811915
Adam,579,1.1089723e-05,0.39624935,2.6978678e-05,0.0096727535
Adam,580,1.1018091e-05,0.38886848,2.6503722e-05,0.009516956
Adam,581,1.1228031e-05,0.39546543,2.6226462e-05,0.009572828
Adam,582,1.1082524e-05,0.39636335,2.6842978e-05,0.009652458
Adam,583,1.1263951e-05,0.39679775,2.6063766e-05,0.009567136
Adam,584,1.0903134e-05,0.38545853,2.6383703e-05,0.009447611
Adam,585,1.08903705e-05,0.38612208,2.6437052e-05,0.009460334
Adam,586,1.1224611e-05,0.39534417,2.5865445e-05,0.00951695
Adam,587,1.0893405e-05,0.38774252,2.6410002e-05,0.009472936
Adam,588,1.091614e-05,0.38505623,2.5931988e-05,0.009377781
Adam,589,1.0867141e-05,0.3838436,2.5881465e-05,0.009350727
Adam,590,1.0765284e-05,0.38410807,2.6155327e-05,0.009379173
Adam,591,1.0976799e-05,0.3883749,2.5595404e-05,0.009369579
Adam,592,1.06470625e-05,0.3807211,2.602947e-05,0.00930869
Adam,593,1.0647051e-05,0.37929073,2.5858844e-05,0.009268791
Adam,594,1.0747278e-05,0.38159823,2.563353e-05,0.009273103
Adam,595,1.0628535e-05,0.3806816,2.5851457e-05,0.009278815
Adam,596,1.0796848e-05,0.383207,2.5310535e-05,0.0092481775
Adam,597,1.0620431e-05,0.3784574,2.5486626e-05,0.009200633
Adam,598,1.0631017e-05,0.37818295,2.5337102e-05,0.009177048
Adam,599,1.0731924e-05,0.38059095,2.5086989e-05,0.0091787465
Adam,600,1.0625219e-05,0.37826282,2.5321347e-05,0.009174613
Adam,601,1.0730983e-05,0.3796143,2.4942563e-05,0.009147175
Adam,602,1.0565329e-05,0.37577298,2.5121615e-05,0.009110771
Adam,603,1.0531726e-05,0.3750077,2.5055091e-05,0.009088099
Adam,604,1.0572465e-05,0.37597495,2.4901328e-05,0.009080819
Adam,605,1.0452629e-05,0.37429872,2.5077472e-05,0.009072502
Adam,606,1.0560924e-05,0.37554675,2.474863e-05,0.0090519
Adam,607,1.043962e-05,0.37293458,2.4855852e-05,0.009023666
Adam,608,1.04539395e-05,0.37284923,2.4689458e-05,0.0090000015
Adam,609,1.0469272e-05,0.3731865,2.45564e-05,0.008985716
Adam,610,1.0417356e-05,0.37198552,2.4615532e-05,0.008974789
Adam,611,1.0508664e-05,0.37346643,2.4322668e-05,0.008959364
Adam,612,1.0418629e-05,0.37101746,2.4431492e-05,0.008937692
Adam,613,1.0450882e-05,0.37115172,2.4235607e-05,0.00891449
Adam,614,1.0398948e-05,0.3700636,2.4228937e-05,0.008894818
Adam,615,1.03520215e-05,0.3693623,2.422079e-05,0.008879544
Adam,616,1.038737e-05,0.37006074,2.4045456e-05,0.0088655315
Adam,617,1.0299045e-05,0.36860618,2.4122875e-05,0.00884935
Adam,618,1.0347486e-05,0.36931413,2.3899258e-05,0.008830152
Adam,619,1.026637e-05,0.3677814,2.3945151e-05,0.008809542
Adam,620,1.0274353e-05,0.36779287,2.3805122e-05,0.0087898495
Adam,621,1.0262192e-05,0.3673399,2.3729399e-05,0.008772138
Adam,622,1.0241686e-05,0.36657867,2.3691917e-05,0.008755827
Adam,623,1.0284468e-05,0.3669888,2.3513856e-05,0.008739637
Adam,624,1.0230689e-05,0.36557722,2.3547536e-05,0.008722506
Adam,625,1.0268943e-05,0.36595753,2.3362003e-05,0.008704217
Adam,626,1.0207285e-05,0.36457384,2.3388979e-05,0.008685178
Adam,627,1.0222111e-05,0.36459368,2.3245233e-05,0.0086660385
Adam,628,1.01898095e-05,0.36387035,2.3201019e-05,0.008647328
Adam,629,1.0170515e-05,0.36349556,2.3124938e-05,0.008629274
Adam,630,1.0164077e-05,0.3634591,2.3017134e-05,0.008611773
Adam,631,1.01163605e-05,0.36267897,2.3001654e-05,0.0085944915
Adam,632,1.0132387e-05,0.36298886,2.2848582e-05,0.008577034
Adam,633,1.0083982e-05,0.36191055,2.2849375e-05,0.008559109
Adam,634,1.0110898e-05,0.3621752,2.2681912e-05,0.008540673
Adam,635,1.0066654e-05,0.3610314,2.2677068e-05,0.008521873
Adam,636,1.0084467e-05,0.36106804,2.2530574e-05,0.008502936
Adam,637,1.0050377e-05,0.3601269,2.2501368e-05,0.008484031
Adam,638,1.00583975e-05,0.3599672,2.2378475e-05,0.0084652025
Adam,639,1.00395855e-05,0.3593511,2.2313165e-05,0.008446423
Adam,640,1.0031786e-05,0.3590176,2.2218146e-05,0.0084276665
Adam,641,1.0018545e-05,0.35867512,2.2129265e-05,0.008408923
Adam,642,9.99408e-06,0.358166,2.2062779e-05,0.008390189
Adam,643,9.9894605e-06,0.35802254,2.195205e-05,0.008371452
Adam,644,9.959646e-06,0.35734504,2.1901857e-05,0.008352676
Adam,645,9.965608e-06,0.35733265,2.1771115e-05,0.008333835
Adam,646,9.929694e-06,0.35649016,2.17372e-05,0.0083149355
Adam,647,9.943732e-06,0.35660216,2.1589514e-05,0.008296008
Adam,648,9.902912e-06,0.355625,2.156953e-05,0.008277116
Adam,649,9.931163e-06,0.35595012,2.1394395e-05,0.008258335
Adam,650,9.883609e-06,0.35483098,2.1392892e-05,0.008239785
Adam,651,9.926671e-06,0.3555063,2.1184125e-05,0.008221682
Adam,652,9.861153e-06,0.35415748,2.1224167e-05,0.008204373
Adam,653,9.927347e-06,0.3554776,2.096436e-05,0.008188532
Adam,654,9.838643e-06,0.35382715,2.1074537e-05,0.008175248
Adam,655,9.956777e-06,0.35650286,2.0721092e-05,0.008166709
Adam,656,9.837026e-06,0.35473508,2.0957688e-05,0.008166557
Adam,657,1.0068809e-05,0.3606643,2.0436733e-05,0.008182474
Adam,658,9.9251065e-06,0.3602201,2.0908825e-05,0.008227291
Adam,659,1.0445271e-05,0.3751974,2.0073403e-05,0.008329775
Adam,660,1.0381185e-05,0.3828805,2.0997666e-05,0.008535633
Adam,661,1.1720578e-05,0.42599383,1.9579342e-05,0.008954926
Adam,662,1.221256e-05,0.46872297,2.1403335e-05,0.0097296145
Adam,663,1.5990589e-05,0.598772,1.8959012e-05,0.01123016
Adam,664,1.822156e-05,0.74715185,2.2434779e-05,0.013569969
Adam,665,2.7159504e-05,1.0442646,1.8456923e-05,0.017285109
Adam,666,2.8192271e-05,1.2123768,2.3753446e-05,0.019915625
Adam,667,3.348582e-05,1.2816765,1.831183e-05,0.020586412
Adam,668,2.0448208e-05,0.8543353,2.240186e-05,0.014970862
Adam,669,1.2513948e-05,0.45337683,1.8780212e-05,0.009227892
Adam,670,1.0493995e-05,0.37668282,1.9039044e-05,0.008196784
Adam,671,1.5199485e-05,0.61530024,2.1222271e-05,0.011616265
Adam,672,2.1352227e-05,0.7958803,1.8140285e-05,0.01388268
Adam,673,1.4306017e-05,0.5728353,2.083348e-05,0.010999278
Adam,674,1.0108668e-05,0.36280313,1.8731384e-05,0.007954039
Adam,675,1.1767005e-05,0.42781952,1.830037e-05,0.008788302
Adam,676,1.4385969e-05,0.5694193,2.0573503e-05,0.0109381145
Adam,677,1.4705145e-05,0.5492433,1.7821405e-05,0.010371415
Adam,678,9.9849085e-06,0.36938336,1.9086818e-05,0.008054593
Adam,679,1.0117436e-05,0.3750907,1.9032897e-05,0.008123457
Adam,680,1.3446369e-05,0.5044588,1.7575792e-05,0.009697912
Adam,681,1.2040174e-05,0.4591579,1.9442561e-05,0.009313989
Adam,682,9.9930285e-06,0.3666265,1.786773e-05,0.0078453785
Adam,683,1.01539135e-05,0.37221426,1.7710416e-05,0.0079017915
Adam,684,1.1432339e-05,0.43266284,1.8889436e-05,0.008874895
Adam,685,1.1634568e-05,0.429338,1.725388e-05,0.008626647
Adam,686,9.604092e-06,0.3514257,1.7921335e-05,0.007643071
Adam,687,9.820601e-06,0.36117682,1.7939396e-05,0.0077757677
Adam,688,1.1333786e-05,0.4172386,1.69422e-05,0.008413783
Adam,689,1.0384021e-05,0.38531667,1.7885279e-05,0.008093562
Adam,690,9.59692e-06,0.34837928,1.7037817e-05,0.007479003
Adam,691,9.9689705e-06,0.36309743,1.675356e-05,0.007639354
Adam,692,1.0349467e-05,0.38349798,1.7454662e-05,0.008005599
Adam,693,1.0256069e-05,0.3751898,1.6431783e-05,0.0077550756
Adam,694,9.446184e-06,0.3436244,1.6683018e-05,0.0073556243
Adam,695,9.644862e-06,0.35258868,1.6736954e-05,0.007483159
Adam,696,1.0307266e-05,0.3765276,1.6015589e-05,0.007713704
Adam,697,9.754615e-06,0.35706362,1.6513965e-05,0.007510923
Adam,698,9.447894e-06,0.3425362,1.5997186e-05,0.0072421236
Adam,699,9.662711e-06,0.35072538,1.5727148e-05,0.0073157325
Adam,700,9.796655e-06,0.3575467,1.6079606e-05,0.007456906
Adam,701,9.800938e-06,0.35566056,1.5375537e-05,0.0073330766
Adam,702,9.411569e-06,0.3398756,1.5488326e-05,0.0071337405
Adam,703,9.460253e-06,0.34180465,1.541056e-05,0.0071486686
Adam,704,9.771202e-06,0.35411295,1.4928522e-05,0.0072460882
Adam,705,9.581245e-06,0.346524,1.5186988e-05,0.0071804747
Adam,706,9.445267e-06,0.34025964,1.473633e-05,0.007029836
Adam,707,9.421377e-06,0.33911878,1.4593055e-05,0.0069933524
Adam,708,9.495989e-06,0.34252623,1.4666398e-05,0.00704962
Adam,709,9.600556e-06,0.3465488,1.4207509e-05,0.0070366976
Adam,710,9.393217e-06,0.3380239,1.4280387e-05,0.00693128
Adam,711,9.337301e-06,0.33549967,1.402201e-05,0.0068588937
Adam,712,9.422927e-06,0.33892748,1.3777742e-05,0.006869375
Adam,713,9.443324e-06,0.33922717,1.381452e-05,0.0068809483
Adam,714,9.444664e-06,0.33955374,1.3441827e-05,0.006828511
Adam,715,9.333872e-06,0.3341177,1.3389169e-05,0.0067496332
Adam,716,9.323543e-06,0.33334777,1.3200306e-05,0.006712055
Adam,717,9.388755e-06,0.33619335,1.2955689e-05,0.0067136
Adam,718,9.402906e-06,0.33536375,1.291362e-05,0.0067011165
Adam,719,9.377579e-06,0.33518293,1.2619913e-05,0.0066514527
Adam,720,9.319203e-06,0.33172184,1.2512696e-05,0.0065920036
Adam,721,9.305426e-06,0.3311093,1.2333577e-05,0.006556943
Adam,722,9.327364e-06,0.33259222,1.212817e-05,0.0065442524
Adam,723,9.350296e-06,0.33206165,1.2023736e-05,0.0065267207
Adam,724,9.321601e-06,0.33228683,1.1785113e-05,0.006488876
Adam,725,9.293056e-06,0.32981294,1.1650551e-05,0.0064396705
Adam,726,9.260502e-06,0.32903007,1.1459278e-05,0.0063982676
Adam,727,9.255203e-06,0.32909948,1.1281875e-05,0.006371557
Adam,728,9.27886e-06,0.32887852,1.11356185e-05,0.006350957
Adam,729,9.258755e-06,0.329526,1.0937048e-05,0.0063246307
Adam,730,9.259356e-06,0.32800215,1.079514e-05,0.006288196
Adam,731,9.209248e-06,0.32740888,1.0612724e-05,0.0062473845
Adam,732,9.189591e-06,0.326166,1.0465712e-05,0.0062099556
Adam,733,9.173077e-06,0.3256481,1.0316245e-05,0.006179879
Adam,734,9.155249e-06,0.32573313,1.0164167e-05,0.006155244
Adam,735,9.157959e-06,0.32509577,1.0044644e-05,0.006131348
Adam,736,9.118815e-06,0.32516745,9.902532e-06,0.0061048768
Adam,737,9.108725e-06,0.3239224,9.7969005e-06,0.0060750674
Adam,738,9.06641e-06,0.32346314,9.6620915e-06,0.0060439063
Adam,739,9.048191e-06,0.3222768,9.558367e-06,0.006013752
Adam,740,9.018454e-06,0.32164955,9.446936e-06,0.005986304
Adam,741,8.99662e-06,0.3210718,9.3436e-06,0.0059617506
Adam,742,8.9834275e-06,0.32043293,9.2495175e-06,0.005939271
Adam,743,8.958046e-06,0.32022327,9.144978e-06,0.0059176865
Adam,744,8.952005e-06,0.3193837,9.062092e-06,0.0058959518
Adam,745,8.920916e-06,0.3191578,8.958805e-06,0.005873536
Adam,746,8.9149635e-06,0.31814265,8.877305e-06,0.0058502667
Adam,747,8.877919e-06,0.3177771,8.779266e-06,0.0058263484
Adam,748,8.868285e-06,0.3166781,8.700291e-06,0.0058020675
Adam,749,8.831767e-06,0.31615445,8.609768e-06,0.0057777744
Adam,750,8.821547e-06,0.3150905,8.5305055e-06,0.0057537127
Adam,751,8.786393e-06,0.31445378,8.450472e-06,0.0057300674
Adam,752,8.771925e-06,0.3134708,8.376024e-06,0.0057069003
Adam,753,8.739035e-06,0.312772,8.304409e-06,0.0056842365
Adam,754,8.721958e-06,0.31185052,8.23499e-06,0.0056620473
Adam,755,8.690517e-06,0.31108853,8.172168e-06,0.005640288
Adam,756,8.670539e-06,0.31020042,8.1088565e-06,0.005618913
Adam,757,8.639926e-06,0.3094183,8.051371e-06,0.0055978773
Adam,758,8.617086e-06,0.30855092,7.993766e-06,0.0055771368
Adam,759,8.585467e-06,0.30774954,7.942291e-06,0.0055566593
Adam,760,8.562706e-06,0.30688465,7.887706e-06,0.005536408
Adam,761,8.530903e-06,0.30608204,7.839468e-06,0.005516376
Adam,762,8.508618e-06,0.30521,7.787784e-06,0.00549656
Adam,763,8.473478e-06,0.304421,7.74505e-06,0.0054769893
Adam,764,8.454636e-06,0.30355132,7.693725e-06,0.0054577673
Adam,765,8.414889e-06,0.3028179,7.657899e-06,0.005439097
Adam,766,8.403968e-06,0.30196962,7.6077513e-06,0.005421454
Adam,767,8.357365e-06,0.3014532,7.584469e-06,0.005405807
Adam,768,8.367276e-06,0.3008519,7.537297e-06,0.005394205
Adam,769,8.319555e-06,0.30125,7.5355847e-06,0.0053907707
Adam,770,8.387252e-06,0.3019033,7.5088574e-06,0.0054034493
Adam,771,8.392541e-06,0.30592188,7.5262833e-06,0.005447042
Adam,772,8.620115e-06,0.31168762,7.569534e-06,0.0055453237
Adam,773,8.867875e-06,0.32741243,7.5844096e-06,0.0057419664
Adam,774,9.519027e-06,0.34939623,7.793647e-06,0.006090863
Adam,775,1.0477064e-05,0.3959114,7.848816e-06,0.006707996
Adam,776,1.2118901e-05,0.45936897,8.318844e-06,0.007659351
Adam,777,1.4670362e-05,0.56989413,8.572776e-06,0.009185412
Adam,778,1.7662307e-05,0.6964453,9.27216e-06,0.011004623
Adam,779,2.1639065e-05,0.8535184,9.786448e-06,0.013249012
Adam,780,2.2815811e-05,0.91592824,9.929392e-06,0.014071062
Adam,781,2.2089922e-05,0.8724153,9.72568e-06,0.013496493
Adam,782,1.644484e-05,0.63459283,8.531577e-06,0.010092391
Adam,783,1.0406085e-05,0.39587507,7.5040657e-06,0.006645273
Adam,784,8.016406e-06,0.28945398,7.007356e-06,0.0051481044
Adam,785,9.999997e-06,0.3668985,7.2747216e-06,0.006260193
Adam,786,1.3178021e-05,0.5080989,8.050174e-06,0.008265218
Adam,787,1.39756385e-05,0.5376319,8.028903e-06,0.008677
Adam,788,1.15431385e-05,0.4416024,7.6183132e-06,0.0072902413
Adam,789,8.503048e-06,0.31240442,7.17133e-06,0.005475201
Adam,790,7.944084e-06,0.29246855,7.0960814e-06,0.0051807105
Adam,791,9.63032e-06,0.37123907,7.317831e-06,0.0062546134
Adam,792,1.100474e-05,0.417472,7.82466e-06,0.0069991304
Adam,793,1.0114172e-05,0.38876724,7.3879914e-06,0.0065129967
Adam,794,8.275301e-06,0.30732402,7.1725935e-06,0.0053904243
Adam,795,7.6481065e-06,0.2836024,6.987048e-06,0.005031297
Adam,796,8.557948e-06,0.3255715,7.1104605e-06,0.005605976
Adam,797,9.535506e-06,0.35787144,7.294514e-06,0.0061032176
Adam,798,9.032366e-06,0.34314942,7.074302e-06,0.005847494
Adam,799,7.959291e-06,0.2947644,6.924204e-06,0.005180168
Adam,800,7.5516045e-06,0.28038684,6.8178088e-06,0.0049592806
Adam,801,8.055287e-06,0.30580243,6.9000575e-06,0.005301326
Adam,802,8.64953e-06,0.3239375,7.0294873e-06,0.0055912277
Adam,803,8.283858e-06,0.31430188,6.9217804e-06,0.0054238643
Adam,804,7.666862e-06,0.2852696,6.805707e-06,0.0050235814
Adam,805,7.421991e-06,0.27647665,6.7365263e-06,0.004888544
Adam,806,7.705301e-06,0.29140833,6.767253e-06,0.0050849663
Adam,807,8.10189e-06,0.3017582,6.8446357e-06,0.0052595604
Adam,808,7.871986e-06,0.29803422,6.713094e-06,0.005168104
Adam,809,7.5284065e-06,0.27924302,6.688801e-06,0.0049250117
Adam,810,7.3197757e-06,0.2724959,6.610806e-06,0.004814546
Adam,811,7.435854e-06,0.27996698,6.606358e-06,0.0049060015
Adam,812,7.6831375e-06,0.2865153,6.698401e-06,0.0050223838
Adam,813,7.5881107e-06,0.28689545,6.6161733e-06,0.0049995966
Adam,814,7.394648e-06,0.2759189,6.601268e-06,0.004858576
Adam,815,7.20055e-06,0.26946092,6.5184577e-06,0.0047524604
Adam,816,7.211117e-06,0.2708164,6.492286e-06,0.0047636745
Adam,817,7.3688366e-06,0.27524483,6.512442e-06,0.00483464
Adam,818,7.380689e-06,0.278484,6.4472074e-06,0.004859024
Adam,819,7.3383285e-06,0.27329946,6.434654e-06,0.004798942
Adam,820,7.1771556e-06,0.26841924,6.3439293e-06,0.0047123553
Adam,821,7.1147088e-06,0.2654956,6.31645e-06,0.0046696295
Adam,822,7.153726e-06,0.2666289,6.3115554e-06,0.004686081
Adam,823,7.1796935e-06,0.26984137,6.28809e-06,0.004718581
Adam,824,7.218142e-06,0.26908067,6.301398e-06,0.004718737
Adam,825,7.121013e-06,0.26743513,6.241956e-06,0.0046787965
Adam,826,7.0467413e-06,0.26334056,6.2371305e-06,0.0046259863
Adam,827,6.9797825e-06,0.26167738,6.202083e-06,0.0045940536
Adam,828,6.9732127e-06,0.26190197,6.179723e-06,0.00459196
Adam,829,7.0147803e-06,0.26233274,6.187455e-06,0.0046036625
Adam,830,7.009996e-06,0.26342183,6.1403857e-06,0.0046067755
Adam,831,7.00147e-06,0.2617283,6.1481583e-06,0.0045897267
Adam,832,6.934527e-06,0.26043758,6.09573e-06,0.0045589143
Adam,833,6.8968116e-06,0.2581058,6.083811e-06,0.0045281514
Adam,834,6.864338e-06,0.25706577,6.0547964e-06,0.004508528
Adam,835,6.8543563e-06,0.25686938,6.0321795e-06,0.004501674
Adam,836,6.8617037e-06,0.25669572,6.032452e-06,0.0045010806
Adam,837,6.8443396e-06,0.257219,5.99736e-06,0.0044984445
Adam,838,6.8424506e-06,0.25618112,6.0020197e-06,0.0044884817
Adam,839,6.8039417e-06,0.2556784,5.9600015e-06,0.004471375
Adam,840,6.7833253e-06,0.2539766,5.9563235e-06,0.0044507133
Adam,841,6.7457427e-06,0.25310236,5.921512e-06,0.0044311117
Adam,842,6.7225656e-06,0.25208375,5.9086165e-06,0.004415515
Adam,843,6.7048154e-06,0.25150126,5.892078e-06,0.0044045467
Adam,844,6.690019e-06,0.2512945,5.8690653e-06,0.0043968074
Adam,845,6.687102e-06,0.25068846,5.868095e-06,0.0043901643
Adam,846,6.6681523e-06,0.25070727,5.836208e-06,0.0043827267
Adam,847,6.6600633e-06,0.2498219,5.840907e-06,0.0043733646
Adam,848,6.6322827e-06,0.24962744,5.80603e-06,0.004362021
Adam,849,6.6202106e-06,0.24849105,5.807473e-06,0.004349063
Adam,850,6.592822e-06,0.24804078,5.773362e-06,0.0043353355
Adam,851,6.576062e-06,0.24694814,5.770714e-06,0.004321498
Adam,852,6.5495506e-06,0.24644105,5.741724e-06,0.0043081017
Adam,853,6.5312715e-06,0.24556012,5.7341545e-06,0.0042954152
Adam,854,6.5101503e-06,0.24501105,5.7124334e-06,0.004283498
Adam,855,6.493682e-06,0.24432221,5.7000434e-06,0.004272281
Adam,856,6.476494e-06,0.24374776,5.6845847e-06,0.0042616394
Adam,857,6.4587275e-06,0.24325207,5.6673425e-06,0.004251431
Adam,858,6.4437595e-06,0.24265358,5.6564145e-06,0.004241562
Adam,859,6.426891e-06,0.24227592,5.6345357e-06,0.004231973
Adam,860,6.4157166e-06,0.24161442,5.627766e-06,0.0042226664
Adam,861,6.3991e-06,0.24135865,5.6017375e-06,0.004213712
Adam,862,6.389157e-06,0.24068141,5.600294e-06,0.0042052316
Adam,863,6.3720972e-06,0.24060383,5.570905e-06,0.0041974885
Adam,864,6.3669127e-06,0.23993888,5.5762107e-06,0.004190857
Adam,865,6.35386e-06,0.24016169,5.542408e-06,0.004186057
Adam,866,6.3576426e-06,0.23967308,5.5582927e-06,0.004184121
Adam,867,6.354531e-06,0.24063314,5.5172345e-06,0.0041870964
Adam,868,6.3825128e-06,0.2407962,5.551346e-06,0.004198041
Adam,869,6.413125e-06,0.24361813,5.5006876e-06,0.004223253
Adam,870,6.509932e-06,0.24597122,5.5732817e-06,0.004272194
Adam,871,6.650503e-06,0.25407052,5.5152655e-06,0.0043655704
Adam,872,6.950449e-06,0.26397097,5.6746117e-06,0.0045334687
Adam,873,7.4547e-06,0.28820416,5.6452236e-06,0.00484703
Adam,874,8.3909945e-06,0.32365435,6.0129023e-06,0.0053971275
Adam,875,1.0115664e-05,0.3979821,6.166553e-06,0.0064221537
Adam,876,1.2867979e-05,0.51244354,7.0172355e-06,0.008107217
Adam,877,1.8074112e-05,0.7183583,7.824461e-06,0.011068368
Adam,878,2.3880079e-05,0.98487085,9.242367e-06,0.014817075
Adam,879,3.309835e-05,1.3068455,1.0826316e-05,0.019657155
Adam,880,3.348878e-05,1.3909956,1.0758648e-05,0.02054707
Adam,881,2.958779e-05,1.1750846,9.651128e-06,0.017636683
Adam,882,1.5469968e-05,0.5965933,7.063453e-06,0.009345947
Adam,883,6.5193185e-06,0.24905486,5.2965042e-06,0.0042629223
Adam,884,9.1383245e-06,0.36381066,5.8954415e-06,0.0058931713
Adam,885,1.699064e-05,0.6657737,6.777952e-06,0.010223025
Adam,886,1.827921e-05,0.7147997,7.893916e-06,0.011073966
Adam,887,1.0818387e-05,0.42020932,6.0453444e-06,0.0067316527
Adam,888,6.0945285e-06,0.23262401,5.2990617e-06,0.0040352787
Adam,889,9.135858e-06,0.36936188,5.871853e-06,0.005944775
Adam,890,1.3001907e-05,0.5067632,7.095417e-06,0.008082231
Adam,891,1.067793e-05,0.42893732,5.9222625e-06,0.006779402
Adam,892,6.298318e-06,0.2449528,5.729021e-06,0.0042536287
Adam,893,7.0398337e-06,0.27482322,5.9242034e-06,0.0046928376
Adam,894,1.013626e-05,0.40641096,6.088476e-06,0.00649782
Adam,895,9.202888e-06,0.3628992,6.2389236e-06,0.0059452634
Adam,896,6.3432844e-06,0.24795868,5.4601246e-06,0.004250098
Adam,897,6.4787478e-06,0.25165582,5.4611864e-06,0.004307548
Adam,898,8.330125e-06,0.3313471,6.0024063e-06,0.0054633506
Adam,899,8.0717555e-06,0.32168117,5.7922466e-06,0.005296412
Adam,900,6.1261526e-06,0.24120794,5.4926913e-06,0.004154906
Adam,901,6.152701e-06,0.24196386,5.5049063e-06,0.0041682795
Adam,902,7.531023e-06,0.29854986,5.584695e-06,0.0049528563
Adam,903,7.2213443e-06,0.28365722,5.718101e-06,0.0047774888
Adam,904,5.9565814e-06,0.23509625,5.327952e-06,0.0040436424
Adam,905,5.9981553e-06,0.23750925,5.3421963e-06,0.004076145
Adam,906,6.927101e-06,0.27056113,5.534321e-06,0.0045748246
Adam,907,6.7044016e-06,0.26504722,5.447487e-06,0.0044732555
Adam,908,5.8816104e-06,0.22982202,5.3204963e-06,0.0039785365
Adam,909,5.895287e-06,0.23068932,5.3261683e-06,0.0039901114
Adam,910,6.3866105e-06,0.25645965,5.3505487e-06,0.00432517
Adam,911,6.3739285e-06,0.24837604,5.433319e-06,0.0042548478
Adam,912,5.763654e-06,0.22808951,5.208591e-06,0.003926732
Adam,913,5.7611633e-06,0.22675817,5.1855136e-06,0.003909583
Adam,914,6.1567175e-06,0.24029848,5.320591e-06,0.004124581
Adam,915,6.1052106e-06,0.24145016,5.2190144e-06,0.0041131354
Adam,916,5.7553857e-06,0.22525597,5.1734346e-06,0.0038918827
Adam,917,5.6650865e-06,0.22187813,5.141815e-06,0.0038398164
Adam,918,5.8994524e-06,0.23194318,5.1438583e-06,0.0039759283
Adam,919,5.9421677e-06,0.23268037,5.2167493e-06,0.0040006414
Adam,920,5.693394e-06,0.22455962,5.0908848e-06,0.0038632378
Adam,921,5.5710316e-06,0.21918379,5.066982e-06,0.00378754
Adam,922,5.711608e-06,0.22347057,5.0998387e-06,0.0038564228
Adam,923,5.8004025e-06,0.22811511,5.0368026e-06,0.003906732
Adam,924,5.701625e-06,0.22236267,5.048453e-06,0.0038361384
Adam,925,5.562558e-06,0.21745916,4.9708556e-06,0.0037546034
Adam,926,5.581262e-06,0.2186794,4.9543e-06,0.003767128
Adam,927,5.680893e-06,0.22150098,4.988892e-06,0.0038154775
Adam,928,5.644677e-06,0.22144157,4.931873e-06,0.003800898
Adam,929,5.5465607e-06,0.21647757,4.9359505e-06,0.0037371526
Adam,930,5.4957686e-06,0.21484625,4.9043138e-06,0.0037084748
Adam,931,5.5308265e-06,0.21703249,4.881266e-06,0.0037321388
Adam,932,5.578924e-06,0.21750024,4.907103e-06,0.0037479063
Adam,933,5.529503e-06,0.21628244,4.8497604e-06,0.003719714
Adam,934,5.4765146e-06,0.21312623,4.8432566e-06,0.003679228
Adam,935,5.463791e-06,0.21252818,4.827577e-06,0.003668987
Adam,936,5.4833226e-06,0.2139095,4.8097386e-06,0.0036830544
Adam,937,5.4942916e-06,0.21364655,4.8298607e-06,0.0036850884
Adam,938,5.4476113e-06,0.21258727,4.7939825e-06,0.0036621117
Adam,939,5.4050465e-06,0.21046817,4.8000197e-06,0.0036354417
Adam,940,5.388724e-06,0.20995466,4.79394e-06,0.0036269464
Adam,941,5.393458e-06,0.21069771,4.774324e-06,0.0036321445
Adam,942,5.3978742e-06,0.21027988,4.792233e-06,0.003631315
Adam,943,5.3724757e-06,0.20970444,4.7546273e-06,0.0036161097
Adam,944,5.346856e-06,0.20811981,4.755152e-06,0.0035964996
Adam,945,5.331989e-06,0.20750111,4.7382546e-06,0.0035855477
Adam,946,5.3304284e-06,0.20766123,4.7200324e-06,0.0035841814
Adam,947,5.332316e-06,0.20739117,4.728066e-06,0.003582969
Adam,948,5.316769e-06,0.20721449,4.6982295e-06,0.0035743944
Adam,949,5.297366e-06,0.20600882,4.7034105e-06,0.0035602045
Adam,950,5.2767587e-06,0.20536453,4.6829914e-06,0.0035476077
Adam,951,5.2657183e-06,0.20501181,4.671879e-06,0.0035407576
Adam,952,5.262635e-06,0.2047309,4.672186e-06,0.0035375322
Adam,953,5.2555956e-06,0.20472167,4.6488626e-06,0.0035328856
Adam,954,5.244745e-06,0.20394456,4.653787e-06,0.0035242252
Adam,955,5.227369e-06,0.20345998,4.6301134e-06,0.003513222
Adam,956,5.2106466e-06,0.20276947,4.6262694e-06,0.003503232
Adam,957,5.1985035e-06,0.20237681,4.617399e-06,0.0034961535
Adam,958,5.190313e-06,0.20221885,4.6022424e-06,0.0034910718
Adam,959,5.1829397e-06,0.2017333,4.606376e-06,0.0034857302
Adam,960,5.172531e-06,0.20152411,4.583429e-06,0.003478635
Adam,961,5.1588913e-06,0.20083225,4.5852908e-06,0.0034699498
Adam,962,5.1452203e-06,0.20043603,4.5661563e-06,0.0034610669
Adam,963,5.134074e-06,0.19992332,4.559093e-06,0.0034532081
Adam,964,5.1254096e-06,0.19951628,4.551271e-06,0.003446665
Adam,965,5.1175307e-06,0.1992758,4.5362285e-06,0.003440822
Adam,966,5.1079114e-06,0.19881807,4.5359866e-06,0.0034347654
Adam,967,5.096974e-06,0.19858427,4.5172296e-06,0.0034279732
Adam,968,5.0848744e-06,0.19800654,4.5179268e-06,0.0034204854
Adam,969,5.07298e-06,0.19764584,4.5024867e-06,0.0034127783
Adam,970,5.0611216e-06,0.19713672,4.4987846e-06,0.003405353
Adam,971,5.049997e-06,0.19675055,4.4897156e-06,0.0033984624
Adam,972,5.0396707e-06,0.19641462,4.4797116e-06,0.0033920533
Adam,973,5.0298413e-06,0.19599023,4.476558e-06,0.0033858619
Adam,974,5.020658e-06,0.19571155,4.462633e-06,0.0033796094
Adam,975,5.0102212e-06,0.19522575,4.462202e-06,0.003373121
Adam,976,4.9997825e-06,0.19493674,4.447004e-06,0.0033663851
Adam,977,4.988223e-06,0.19444235,4.445633e-06,0.0033595017
Adam,978,4.977485e-06,0.19410746,4.432791e-06,0.003352616
Adam,979,4.966731e-06,0.19365048,4.428844e-06,0.003345841
Adam,980,4.956464e-06,0.19327904,4.419887e-06,0.0033392431
Adam,981,4.946121e-06,0.19290498,4.4123362e-06,0.0033328184
Adam,982,4.9357955e-06,0.1925148,4.4067056e-06,0.0033265231
Adam,983,4.9260966e-06,0.19219248,4.3964187e-06,0.003320302
Adam,984,4.916119e-06,0.19176784,4.393363e-06,0.0033141007
Adam,985,4.90671e-06,0.19146787,4.38136e-06,0.0033078892
Adam,986,4.896289e-06,0.19103001,4.379358e-06,0.003301647
Adam,987,4.8865472e-06,0.19073965,4.3666655e-06,0.0032953785
Adam,988,4.876146e-06,0.19029269,4.364978e-06,0.0032890956
Adam,989,4.8665684e-06,0.1899901,4.3528385e-06,0.003282812
Adam,990,4.8560937e-06,0.18954876,4.350927e-06,0.003276541
Adam,991,4.846227e-06,0.18924512,4.339385e-06,0.0032702931
Adam,992,4.8356333e-06,0.1888217,4.336762e-06,0.003264076
Adam,993,4.825904e-06,0.18851212,4.3259183e-06,0.0032578944
Adam,994,4.815735e-06,0.18809658,4.3228115e-06,0.0032517477
Adam,995,4.8062752e-06,0.18778506,4.312317e-06,0.0032456394
Adam,996,4.7962e-06,0.18738252,4.308735e-06,0.0032395653
Adam,997,4.786828e-06,0.18707624,4.298302e-06,0.003233532
Adam,998,4.7769818e-06,0.1866756,4.29487e-06,0.0032275335
Adam,999,4.7678755e-06,0.18637301,4.2844567e-06,0.0032215798
L-BFGS-B,1,4.7678755e-06,0.18637301,4.2844567e-06,0.0032215798
L-BFGS-B,2,0.033050086,2506.231,0.00065354427,30.117853
L-BFGS-B,3,1.4475575e-05,0.6805271,7.132066e-06,0.010046417
L-BFGS-B,4,4.7667622e-06,0.18630901,4.2882766e-06,0.0032213458
L-BFGS-B,5,4.7666304e-06,0.18630798,4.288417e-06,0.003221337
L-BFGS-B,6,4.7660988e-06,0.18630433,4.2889833e-06,0.0032213056
L-BFGS-B,7,4.7640356e-06,0.18629092,4.291232e-06,0.0032211991
L-BFGS-B,8,4.7573258e-06,0.18622288,4.2981446e-06,0.0032205493
L-BFGS-B,9,4.7523663e-06,0.18612348,4.302309e-06,0.003219436
L-BFGS-B,10,4.744557e-06,0.1859361,4.30497e-06,0.00321679
L-BFGS-B,11,4.732848e-06,0.18558897,4.2985553e-06,0.0032106002
L-BFGS-B,12,4.696922e-06,0.18511286,4.3185264e-06,0.003203446
L-BFGS-B,13,4.6872447e-06,0.18473336,4.3060886e-06,0.0031963335
L-BFGS-B,14,4.6785235e-06,0.18443723,4.297976e-06,0.003190847
L-BFGS-B,15,4.67307e-06,0.18418209,4.2951806e-06,0.0031870585
L-BFGS-B,16,4.660625e-06,0.1834953,4.30373e-06,0.0031796063
L-BFGS-B,17,4.6529517e-06,0.18286256,4.3106547e-06,0.0031731664
L-BFGS-B,18,4.6461173e-06,0.18184434,4.3103187e-06,0.0031619088
L-BFGS-B,19,4.6233636e-06,0.18049945,4.3077343e-06,0.003144659
L-BFGS-B,20,4.5520915e-06,0.17820726,4.3440414e-06,0.0031164924
L-BFGS-B,21,4.442339e-06,0.17618173,4.4457797e-06,0.0030950352
L-BFGS-B,22,4.3811456e-06,0.17562918,4.4856833e-06,0.0030863164
L-BFGS-B,23,4.3057044e-06,0.17513245,4.5555585e-06,0.0030805138
L-BFGS-B,24,4.3089153e-06,0.17494227,4.5399315e-06,0.0030767494
L-BFGS-B,25,4.3065525e-06,0.17488988,4.5325146e-06,0.0030747587
L-BFGS-B,26,4.299616e-06,0.17481361,4.5309203e-06,0.0030727165
L-BFGS-B,27,4.29148e-06,0.17461966,4.5266193e-06,0.0030689114
L-BFGS-B,28,4.293962e-06,0.17421706,4.5104866e-06,0.0030628378
L-BFGS-B,29,4.3412606e-06,0.17336982,4.4346293e-06,0.0030500817
L-BFGS-B,30,4.4404874e-06,0.17209733,4.297782e-06,0.0030317137
L-BFGS-B,31,4.5067773e-06,0.17133522,4.21561e-06,0.0030217103
L-BFGS-B,32,4.5264424e-06,0.17095244,4.195254e-06,0.0030177787
L-BFGS-B,33,4.5085517e-06,0.17010812,4.2039355e-06,0.0030079542
L-BFGS-B,34,4.380953e-06,0.16759017,4.3430014e-06,0.0029844947
L-BFGS-B,35,4.2984466e-06,0.16721946,4.4383396e-06,0.0029827124
L-BFGS-B,36,4.283659e-06,0.16651537,4.4594526e-06,0.0029766206
L-BFGS-B,37,4.2948795e-06,0.16661537,4.4317635e-06,0.00297515
L-BFGS-B,38,4.3027517e-06,0.16648535,4.404632e-06,0.002970961
L-BFGS-B,39,4.2982415e-06,0.16617545,4.4006206e-06,0.0029665837
L-BFGS-B,40,4.2872966e-06,0.16559789,4.407694e-06,0.0029602274
L-BFGS-B,41,4.282658e-06,0.16463836,4.376862e-06,0.0029453116
L-BFGS-B,42,4.2917573e-06,0.16233008,4.2583542e-06,0.0029058175
L-BFGS-B,43,4.3347145e-06,0.16100654,4.1515495e-06,0.002883005
L-BFGS-B,44,4.3153887e-06,0.16006324,4.2015454e-06,0.0028781726
L-BFGS-B,45,4.303956e-06,0.15873504,4.160007e-06,0.0028569447
L-BFGS-B,46,4.2187185e-06,0.15721816,4.2060396e-06,0.0028358954
L-BFGS-B,47,4.1891485e-06,0.1568248,4.2339743e-06,0.0028317163
L-BFGS-B,48,4.1952567e-06,0.15601602,4.2209513e-06,0.0028225912
L-BFGS-B,49,4.1960934e-06,0.15300123,4.2430515e-06,0.0027958842
L-BFGS-B,50,4.197527e-06,0.1517521,4.247738e-06,0.0027843108
L-BFGS-B,51,4.1341927e-06,0.1495892,4.3559335e-06,0.0027694108
L-BFGS-B,52,4.056815e-06,0.14848307,4.440931e-06,0.0027594925
L-BFGS-B,53,4.044864e-06,0.14805602,4.4700387e-06,0.0027577956
L-BFGS-B,54,4.026312e-06,0.14768279,4.4917815e-06,0.0027545418
L-BFGS-B,55,3.9560246e-06,0.14524432,4.5875618e-06,0.002733981
L-BFGS-B,56,3.9334673e-06,0.14270754,4.603892e-06,0.0027076793
L-BFGS-B,57,3.9136116e-06,0.14008692,4.5921474e-06,0.0026767328
L-BFGS-B,58,3.9190477e-06,0.1386783,4.6006285e-06,0.0026647344
L-BFGS-B,59,3.8165495e-06,0.13823982,4.716159e-06,0.0026623043
L-BFGS-B,60,3.7450723e-06,0.13617969,4.8545103e-06,0.0026517343
L-BFGS-B,61,3.7957618e-06,0.13698594,4.710428e-06,0.002645788
L-BFGS-B,62,3.8007643e-06,0.13695379,4.671372e-06,0.0026403582
L-BFGS-B,63,3.8162284e-06,0.13686824,4.6043842e-06,0.0026317742
L-BFGS-B,64,3.8069877e-06,0.13661054,4.60532e-06,0.0026279516
L-BFGS-B,65,3.802819e-06,0.13591743,4.5836105e-06,0.0026171387
L-BFGS-B,66,3.7676996e-06,0.13482378,4.6045957e-06,0.0026040822
L-BFGS-B,67,3.742547e-06,0.13361473,4.6119944e-06,0.0025893284
L-BFGS-B,68,3.6662943e-06,0.13162741,4.692576e-06,0.0025701046
L-BFGS-B,69,3.806477e-06,0.12893687,4.9177866e-06,0.0025980084
L-BFGS-B,70,3.6957133e-06,0.13008901,4.7157187e-06,0.0025626048
L-BFGS-B,71,3.6740144e-06,0.12978666,4.6696246e-06,0.0025494124
L-BFGS-B,72,3.634573e-06,0.12906297,4.700101e-06,0.0025408308
L-BFGS-B,73,3.6277297e-06,0.12881465,4.641968e-06,0.002528601
L-BFGS-B,74,3.6086487e-06,0.1275591,4.647518e-06,0.0025140159
L-BFGS-B,75,3.5569653e-06,0.12637529,4.724454e-06,0.0025059658
L-BFGS-B,76,3.5896326e-06,0.1254659,4.621821e-06,0.002486377
L-BFGS-B,77,3.6011033e-06,0.12485812,4.514115e-06,0.0024658637
L-BFGS-B,78,3.581055e-06,0.12262606,4.4730723e-06,0.0024343797
L-BFGS-B,79,3.5081398e-06,0.120995745,4.570234e-06,0.0024217134
L-BFGS-B,80,3.4488e-06,0.11975932,4.6559353e-06,0.0024133036
L-BFGS-B,81,3.4540678e-06,0.12001909,4.6091873e-06,0.0024096791
L-BFGS-B,82,3.434128e-06,0.11987736,4.588064e-06,0.0024021026
L-BFGS-B,83,3.4565292e-06,0.11895073,4.553416e-06,0.002390999
L-BFGS-B,84,3.514116e-06,0.12048293,4.3719983e-06,0.0023877465
L-BFGS-B,85,3.478149e-06,0.119298115,4.4567196e-06,0.0023832114
L-BFGS-B,86,3.4703016e-06,0.11873535,4.455789e-06,0.002376267
L-BFGS-B,87,3.4836216e-06,0.1183149,4.434601e-06,0.0023708823
L-BFGS-B,88,3.4997856e-06,0.118234806,4.388731e-06,0.0023656255
L-BFGS-B,89,3.513179e-06,0.11776082,4.354561e-06,0.0023577693
L-BFGS-B,90,3.5388744e-06,0.11646412,4.291839e-06,0.0023392483
L-BFGS-B,91,3.527977e-06,0.115003474,4.365561e-06,0.0023340655
L-BFGS-B,92,3.5313874e-06,0.11537372,4.318413e-06,0.0023312073
L-BFGS-B,93,3.5287096e-06,0.11407526,4.340409e-06,0.0023211204
L-BFGS-B,94,3.5601208e-06,0.114966266,4.2276815e-06,0.002317833
L-BFGS-B,95,3.5045603e-06,0.11394738,4.2906754e-06,0.002308759
L-BFGS-B,96,3.4819725e-06,0.11357026,4.3137834e-06,0.002305066
L-BFGS-B,97,3.48434e-06,0.113791294,4.2486454e-06,0.0022978608
L-BFGS-B,98,3.4723444e-06,0.113991454,4.1555604e-06,0.0022841003
L-BFGS-B,99,3.4686661e-06,0.11390987,4.064608e-06,0.00226909
L-BFGS-B,100,3.4537352e-06,0.113854654,3.981845e-06,0.0022538835
L-BFGS-B,101,3.442967e-06,0.11379069,3.955347e-06,0.002247654
L-BFGS-B,102,3.4571444e-06,0.11352095,3.9358024e-06,0.0022441517
L-BFGS-B,103,3.4384434e-06,0.11276835,3.967934e-06,0.00223864
L-BFGS-B,104,3.4532677e-06,0.112413675,3.959243e-06,0.0022360133
L-BFGS-B,105,3.4506952e-06,0.11221827,3.964706e-06,0.002234493
L-BFGS-B,106,3.463475e-06,0.11230485,3.9219403e-06,0.0022308608
L-BFGS-B,107,3.4616514e-06,0.11252464,3.856375e-06,0.0022229503
L-BFGS-B,108,3.436891e-06,0.111398436,3.87079e-06,0.0022101365
L-BFGS-B,109,3.3953731e-06,0.11055589,3.8616577e-06,0.0021941136
L-BFGS-B,110,3.3383342e-06,0.10944124,3.8903086e-06,0.0021787088
L-BFGS-B,111,3.3316478e-06,0.108008094,3.9593856e-06,0.002173736
L-BFGS-B,112,3.3068682e-06,0.106955715,3.936814e-06,0.0021561095
L-BFGS-B,113,3.3273168e-06,0.10687414,3.8667113e-06,0.0021478455
L-BFGS-B,114,3.3145147e-06,0.10621375,3.885639e-06,0.0021421604
L-BFGS-B,115,3.3165982e-06,0.10567087,3.8936782e-06,0.00213825
L-BFGS-B,116,3.311108e-06,0.10540459,3.9075558e-06,0.0021368454
L-BFGS-B,117,3.330512e-06,0.10479306,3.9356746e-06,0.0021378584
L-BFGS-B,118,3.3149454e-06,0.10495932,3.9140996e-06,0.0021339497
L-BFGS-B,119,3.3131112e-06,0.103779234,3.8858448e-06,0.0021176357
L-BFGS-B,120,3.370424e-06,0.10470237,3.6785732e-06,0.0021043734
L-BFGS-B,121,3.377429e-06,0.10345389,3.6528922e-06,0.002089087
L-BFGS-B,122,3.4203197e-06,0.104241945,3.500936e-06,0.002080608
L-BFGS-B,123,3.404988e-06,0.104534894,3.448557e-06,0.0020733806
L-BFGS-B,124,3.375104e-06,0.104670346,3.4244183e-06,0.0020666318
L-BFGS-B,125,3.3529136e-06,0.10465695,3.4297138e-06,0.0020639636
L-BFGS-B,126,3.349179e-06,0.104439035,3.4368213e-06,0.0020622904
L-BFGS-B,127,3.338213e-06,0.10415381,3.447488e-06,0.002059393
L-BFGS-B,128,3.3115764e-06,0.10338167,3.464657e-06,0.0020502517
L-BFGS-B,129,3.2838848e-06,0.102700986,3.464449e-06,0.0020392598
L-BFGS-B,130,3.2491655e-06,0.10241869,3.3660936e-06,0.0020164757
L-BFGS-B,131,3.2004543e-06,0.1031829,3.2986998e-06,0.0020067021
L-BFGS-B,132,3.22284e-06,0.10251675,3.1796064e-06,0.0019855343
L-BFGS-B,133,3.2072608e-06,0.10261446,3.140864e-06,0.0019783634
L-BFGS-B,134,3.1749248e-06,0.10253171,3.1361828e-06,0.0019719831
L-BFGS-B,135,3.1425218e-06,0.101945624,3.1753862e-06,0.0019671423
L-BFGS-B,136,3.1270833e-06,0.10160498,3.1668312e-06,0.001960137
L-BFGS-B,137,3.0830815e-06,0.10145674,3.190962e-06,0.0019556738
L-BFGS-B,138,3.0639528e-06,0.10085493,3.2155378e-06,0.001950473
L-BFGS-B,139,3.0495466e-06,0.10104201,3.1908849e-06,0.0019464848
L-BFGS-B,140,3.0567303e-06,0.10101595,3.161365e-06,0.0019428738
L-BFGS-B,141,3.0387728e-06,0.10074794,3.1837217e-06,0.0019408535
L-BFGS-B,142,3.024382e-06,0.10050462,3.202592e-06,0.0019390923
L-BFGS-B,143,3.0058488e-06,0.100496046,3.2098656e-06,0.0019373175
L-BFGS-B,144,3.0004867e-06,0.1004569,3.2024345e-06,0.0019350073
L-BFGS-B,145,2.9948571e-06,0.10052762,3.1862983e-06,0.0019324495
L-BFGS-B,146,3.0049284e-06,0.10070125,3.1539143e-06,0.0019308389
L-BFGS-B,147,2.9963378e-06,0.100555055,3.146878e-06,0.0019270328
L-BFGS-B,148,2.9877385e-06,0.10029431,3.151922e-06,0.0019238922
L-BFGS-B,149,2.9799735e-06,0.10023384,3.1393795e-06,0.0019202414
L-BFGS-B,150,2.9723878e-06,0.10024529,3.1266316e-06,0.0019173059
L-BFGS-B,151,2.9566654e-06,0.10033735,3.1155246e-06,0.0019142019
L-BFGS-B,152,2.9373973e-06,0.100460984,3.0985696e-06,0.0019100048
L-BFGS-B,153,2.9168789e-06,0.10024872,3.080989e-06,0.0019021673
L-BFGS-B,154,2.906305e-06,0.10042039,3.0582723e-06,0.0018988906
L-BFGS-B,155,2.8870631e-06,0.099556245,3.0890562e-06,0.0018919803
L-BFGS-B,156,2.8839356e-06,0.09914378,3.0985514e-06,0.0018888109
L-BFGS-B,157,2.8837521e-06,0.098098315,3.1357608e-06,0.00188391
L-BFGS-B,158,2.880406e-06,0.0976082,3.154558e-06,0.0018813267
L-BFGS-B,159,2.8857944e-06,0.096604444,3.1913364e-06,0.0018776141
L-BFGS-B,160,2.8256075e-06,0.096672274,3.281268e-06,0.001882754
L-BFGS-B,161,2.8630109e-06,0.096526064,3.2090823e-06,0.0018760746
L-BFGS-B,162,2.841849e-06,0.0962997,3.2239327e-06,0.0018728643
L-BFGS-B,163,2.812661e-06,0.095911846,3.2587309e-06,0.0018698273
L-BFGS-B,164,2.8163583e-06,0.095683046,3.2585635e-06,0.0018680687
L-BFGS-B,165,2.8107345e-06,0.095562905,3.2613273e-06,0.0018664383
L-BFGS-B,166,2.7932244e-06,0.09485535,3.2997184e-06,0.001862495
L-BFGS-B,167,2.811086e-06,0.094492175,3.355653e-06,0.0018699326
L-BFGS-B,168,2.7937795e-06,0.09459517,3.3054482e-06,0.0018608358
L-BFGS-B,169,2.792726e-06,0.093977086,3.3170195e-06,0.0018562326
L-BFGS-B,170,2.7899862e-06,0.09349681,3.3139643e-06,0.0018505605
L-BFGS-B,171,2.7739131e-06,0.09295284,3.312272e-06,0.0018424562
L-BFGS-B,172,2.755411e-06,0.09277181,3.3088081e-06,0.001837351
L-BFGS-B,173,2.718805e-06,0.09261307,3.3335461e-06,0.0018339835
L-BFGS-B,174,2.698717e-06,0.092730895,3.323098e-06,0.0018305813
L-BFGS-B,175,2.6863747e-06,0.09258412,3.3354074e-06,0.0018291085
L-BFGS-B,176,2.6619275e-06,0.092255145,3.3604938e-06,0.0018259147
L-BFGS-B,177,2.6289833e-06,0.09165623,3.4024324e-06,0.0018212746
L-BFGS-B,178,2.582263e-06,0.09144315,3.4304398e-06,0.0018163369
L-BFGS-B,179,2.5611425e-06,0.0902106,3.474098e-06,0.0018073921
L-BFGS-B,180,2.5135244e-06,0.08737708,3.595814e-06,0.0017901716
L-BFGS-B,181,2.4805286e-06,0.08569867,3.6583592e-06,0.0017778198
L-BFGS-B,182,2.4967546e-06,0.08476998,3.7142736e-06,0.001779354
L-BFGS-B,183,2.4763467e-06,0.08483019,3.6789613e-06,0.0017715981
L-BFGS-B,184,2.4692313e-06,0.08413363,3.6921647e-06,0.0017655457
L-BFGS-B,185,2.4693459e-06,0.08408714,3.6736087e-06,0.0017623146
L-BFGS-B,186,2.4821356e-06,0.08453067,3.6095832e-06,0.0017590644
L-BFGS-B,187,2.4594472e-06,0.08418833,3.6318338e-06,0.0017555754
L-BFGS-B,188,2.4294288e-06,0.08442291,3.6199738e-06,0.0017516394
L-BFGS-B,189,2.4206151e-06,0.084368505,3.620244e-06,0.0017498138
L-BFGS-B,190,2.4099245e-06,0.083770506,3.6571462e-06,0.0017477657
L-BFGS-B,191,2.40994e-06,0.083834864,3.6414187e-06,0.0017460524
L-BFGS-B,192,2.4030414e-06,0.083708726,3.6251215e-06,0.0017413117
L-BFGS-B,193,2.3987811e-06,0.083958164,3.59392e-06,0.0017384868
L-BFGS-B,194,2.9593234e-06,0.09653331,4.3069035e-06,0.0020552673
L-BFGS-B,195,2.396919e-06,0.08369761,3.608749e-06,0.0017378263
L-BFGS-B,196,2.3866442e-06,0.083356746,3.6208705e-06,0.0017346947
L-BFGS-B,197,2.3730588e-06,0.08259308,3.640945e-06,0.0017280313
L-BFGS-B,198,2.3127775e-06,0.08090446,3.7591276e-06,0.0017198303
L-BFGS-B,199,2.294816e-06,0.08003068,3.7705897e-06,0.0017101177
L-BFGS-B,200,2.3295593e-06,0.079347,3.6875156e-06,0.0016960311
L-BFGS-B,201,2.3316984e-06,0.078774594,3.6256006e-06,0.0016813407
L-BFGS-B,202,2.3142024e-06,0.078346334,3.5817561e-06,0.0016678572
L-BFGS-B,203,2.3409516e-06,0.07928364,3.4369075e-06,0.0016595153
L-BFGS-B,204,2.303456e-06,0.07805274,3.5205865e-06,0.0016541338
L-BFGS-B,205,2.2845973e-06,0.07761584,3.5407445e-06,0.0016499597
L-BFGS-B,206,2.2842407e-06,0.07752699,3.5291146e-06,0.0016472731
L-BFGS-B,207,2.27829e-06,0.07738916,3.5284065e-06,0.001644896
L-BFGS-B,208,2.3348707e-06,0.0775779,3.685565e-06,0.0016788442
L-BFGS-B,209,2.2782426e-06,0.07724061,3.5358523e-06,0.0016445203
L-BFGS-B,210,2.2875524e-06,0.07747432,3.5013736e-06,0.0016430821
L-BFGS-B,211,2.2885195e-06,0.07761554,3.480389e-06,0.0016414915
L-BFGS-B,212,2.2750678e-06,0.077291325,3.5047428e-06,0.0016398848
L-BFGS-B,213,2.2689521e-06,0.07689612,3.5236428e-06,0.0016378504
L-BFGS-B,214,2.2763998e-06,0.076763846,3.5141138e-06,0.0016362155
L-BFGS-B,215,2.2783765e-06,0.07654862,3.5155088e-06,0.0016345689
L-BFGS-B,216,2.2761105e-06,0.076409504,3.51627e-06,0.0016329521
L-BFGS-B,217,2.2717616e-06,0.07628935,3.5140865e-06,0.0016307707
L-BFGS-B,218,2.2604725e-06,0.075950585,3.5315798e-06,0.0016283137
L-BFGS-B,219,2.2513811e-06,0.07563534,3.544648e-06,0.0016257577
L-BFGS-B,220,2.2545273e-06,0.075465105,3.5333271e-06,0.0016228291
L-BFGS-B,221,2.271959e-06,0.07535351,3.4915736e-06,0.0016180649
L-BFGS-B,222,2.3056484e-06,0.0753235,3.410926e-06,0.001610721
L-BFGS-B,223,2.3237421e-06,0.07526595,3.3529225e-06,0.0016041591
L-BFGS-B,224,2.3331265e-06,0.07493077,3.2921878e-06,0.0015931048
L-BFGS-B,225,2.2966447e-06,0.07374825,3.3368444e-06,0.0015825059
L-BFGS-B,226,2.2599074e-06,0.072599314,3.3690596e-06,0.0015703382
L-BFGS-B,227,2.1768103e-06,0.070468724,3.5130759e-06,0.0015581702
L-BFGS-B,228,2.1839871e-06,0.07021263,3.4664988e-06,0.0015496991
L-BFGS-B,229,2.1823093e-06,0.06971725,3.4619136e-06,0.0015438059
L-BFGS-B,230,2.1811913e-06,0.06970392,3.4608465e-06,0.0015433449
L-BFGS-B,231,2.169691e-06,0.06972509,3.4507634e-06,0.0015403191
L-BFGS-B,232,2.1590693e-06,0.069685824,3.4535917e-06,0.0015387574
L-BFGS-B,233,2.1426633e-06,0.069619484,3.4628727e-06,0.0015370252
L-BFGS-B,234,2.1294404e-06,0.06954443,3.4640545e-06,0.0015344685
L-BFGS-B,235,2.1088595e-06,0.06932779,3.4861457e-06,0.0015325285
L-BFGS-B,236,2.1082333e-06,0.06934282,3.4707155e-06,0.0015302706
L-BFGS-B,237,2.103856e-06,0.06898498,3.4874918e-06,0.0015285519
L-BFGS-B,238,2.098895e-06,0.06885176,3.4764707e-06,0.0015248226
L-BFGS-B,239,2.088213e-06,0.06854102,3.4926052e-06,0.0015225329
L-BFGS-B,240,2.088527e-06,0.06845886,3.4850582e-06,0.0015206265
L-BFGS-B,241,2.0781356e-06,0.06828465,3.497878e-06,0.0015192486
L-BFGS-B,242,2.0605396e-06,0.06812611,3.5159192e-06,0.0015177301
L-BFGS-B,243,2.0459242e-06,0.06799741,3.5268959e-06,0.001515897
L-BFGS-B,244,2.0257226e-06,0.067855544,3.5374298e-06,0.0015130283
L-BFGS-B,245,2.0042128e-06,0.06744444,3.561351e-06,0.001509279
L-BFGS-B,246,2.0298748e-06,0.06903038,3.5333426e-06,0.0015247863
L-BFGS-B,247,1.9960646e-06,0.06745764,3.5463538e-06,0.0015059392
L-BFGS-B,248,1.9708195e-06,0.06655386,3.5790747e-06,0.0014980228
L-BFGS-B,249,1.9432173e-06,0.06507144,3.6399615e-06,0.0014881912
L-BFGS-B,250,1.9029602e-06,0.06372365,3.7073662e-06,0.0014787854
L-BFGS-B,251,1.8672531e-06,0.06243279,3.7748398e-06,0.0014706418
L-BFGS-B,252,1.8405234e-06,0.06179567,3.7979462e-06,0.0014637271
L-BFGS-B,253,1.8348696e-06,0.061797045,3.7495945e-06,0.00145564
L-BFGS-B,254,1.8201786e-06,0.061256718,3.7476325e-06,0.0014477388
L-BFGS-B,255,1.7843435e-06,0.060508013,3.767534e-06,0.0014378617
L-BFGS-B,256,1.805335e-06,0.060555246,3.7095074e-06,0.0014327788
L-BFGS-B,257,1.7938629e-06,0.060162153,3.7333484e-06,0.0014307032
L-BFGS-B,258,1.7923192e-06,0.060069997,3.7352586e-06,0.0014298366
L-BFGS-B,259,1.8211747e-06,0.060439624,3.6735548e-06,0.0014286058
L-BFGS-B,260,1.8303674e-06,0.060571842,3.6487472e-06,0.0014275856
L-BFGS-B,261,1.8446265e-06,0.060768213,3.6137774e-06,0.0014264426
L-BFGS-B,262,1.8464367e-06,0.060848977,3.601668e-06,0.0014257054
L-BFGS-B,263,1.8527174e-06,0.060912296,3.578803e-06,0.0014238511
L-BFGS-B,264,1.8674543e-06,0.06118075,3.5012897e-06,0.001417119
L-BFGS-B,265,1.8795587e-06,0.061263956,3.44421e-06,0.0014112049
L-BFGS-B,266,1.8785648e-06,0.06108821,3.4094712e-06,0.0014040875
L-BFGS-B,267,1.8594541e-06,0.060756475,3.451918e-06,0.0014042705
L-BFGS-B,268,1.8655547e-06,0.060720295,3.427957e-06,0.0014012298
L-BFGS-B,269,1.8101117e-06,0.059715167,3.5236608e-06,0.0013972176
L-BFGS-B,270,1.7957046e-06,0.059501126,3.5272647e-06,0.0013934566
L-BFGS-B,271,1.7700849e-06,0.059402965,3.5045948e-06,0.0013852315
L-BFGS-B,272,1.7677122e-06,0.059449326,3.4775724e-06,0.001381286
L-BFGS-B,273,1.7646305e-06,0.0594229,3.4562001e-06,0.0013773536
L-BFGS-B,274,1.771187e-06,0.059344105,3.4208447e-06,0.0013722458
L-BFGS-B,275,1.8214103e-06,0.059926677,3.286281e-06,0.0013654205
L-BFGS-B,276,1.809139e-06,0.059847925,3.2603423e-06,0.0013589014
L-BFGS-B,277,1.7905727e-06,0.05929747,3.2595622e-06,0.0013504949
L-BFGS-B,278,1.7939885e-06,0.059490804,3.2190346e-06,0.0013468615
L-BFGS-B,279,1.8120313e-06,0.060067628,3.1693246e-06,0.0013478796
L-BFGS-B,280,1.7995584e-06,0.059613362,3.1968937e-06,0.0013456014
L-BFGS-B,281,1.8024107e-06,0.059346106,3.202304e-06,0.0013441682
L-BFGS-B,282,1.8034608e-06,0.059065048,3.2066896e-06,0.001342173
L-BFGS-B,283,1.7927605e-06,0.05828787,3.2470643e-06,0.0013388523
L-BFGS-B,284,1.788376e-06,0.0580705,3.2567466e-06,0.0013374734
L-BFGS-B,285,1.7883566e-06,0.0577323,3.2608295e-06,0.001334701
L-BFGS-B,286,1.7808444e-06,0.05765266,3.2544244e-06,0.0013318169
L-BFGS-B,287,1.7812054e-06,0.05749706,3.253568e-06,0.0013301866
L-BFGS-B,288,1.7851332e-06,0.05733202,3.2486764e-06,0.0013283917
L-BFGS-B,289,1.7845044e-06,0.057238273,3.2449243e-06,0.0013267971
L-BFGS-B,290,1.7912187e-06,0.057139218,3.225827e-06,0.0013239491
L-BFGS-B,291,1.806198e-06,0.05743642,3.1793386e-06,0.0013221947
L-BFGS-B,292,1.8157822e-06,0.05739918,3.1578365e-06,0.0013200346
L-BFGS-B,293,1.797758e-06,0.057161666,3.1707893e-06,0.0013168987
L-BFGS-B,294,1.7980725e-06,0.057061654,3.159215e-06,0.0013142097
L-BFGS-B,295,1.7930657e-06,0.05708229,3.1516456e-06,0.0013125297
L-BFGS-B,296,1.7885613e-06,0.05699882,3.1527861e-06,0.0013111903
L-BFGS-B,297,1.7849156e-06,0.05692396,3.155552e-06,0.0013103097
L-BFGS-B,298,1.7685196e-06,0.05689008,3.1682807e-06,0.0013094209
L-BFGS-B,299,1.963572e-06,0.0630078,3.108969e-06,0.0013909591
L-BFGS-B,300,1.7745025e-06,0.056846052,3.160397e-06,0.0013086954
L-BFGS-B,301,1.7779896e-06,0.056787387,3.149547e-06,0.0013070044
L-BFGS-B,302,1.7883027e-06,0.056599043,3.1165853e-06,0.0013017235
L-BFGS-B,303,1.7809164e-06,0.056150332,3.136258e-06,0.0012990795
L-BFGS-B,304,1.7767901e-06,0.056024536,3.1295638e-06,0.0012961985
L-BFGS-B,305,1.7578187e-06,0.055901133,3.13004e-06,0.0012921902
L-BFGS-B,306,1.7536238e-06,0.055811197,3.1166617e-06,0.0012886547
L-BFGS-B,307,1.7414036e-06,0.055592954,3.125349e-06,0.0012859425
L-BFGS-B,308,1.7611673e-06,0.056053378,3.0656536e-06,0.0012845569
L-BFGS-B,309,1.7336436e-06,0.05584072,3.098172e-06,0.0012831795
L-BFGS-B,310,1.731693e-06,0.055751465,3.1009326e-06,0.0012824085
L-BFGS-B,311,1.7365778e-06,0.055784684,3.08765e-06,0.001281481
L-BFGS-B,312,1.7431133e-06,0.055872735,3.0685237e-06,0.001280473
L-BFGS-B,313,1.7517722e-06,0.055998776,3.0435529e-06,0.0012792865
L-BFGS-B,314,1.7559765e-06,0.056078922,3.0258313e-06,0.0012780604
L-BFGS-B,315,1.7530017e-06,0.05614101,3.011703e-06,0.0012761158
L-BFGS-B,316,1.7568791e-06,0.0558553,3.0129352e-06,0.0012740251
L-BFGS-B,317,1.7273893e-06,0.055411767,3.0467338e-06,0.0012702362
L-BFGS-B,318,1.7060893e-06,0.05517737,3.0635442e-06,0.0012672187
L-BFGS-B,319,1.6857765e-06,0.054734733,3.0875954e-06,0.001263353
L-BFGS-B,320,1.6854526e-06,0.054492954,3.067284e-06,0.0012578401
L-BFGS-B,321,1.7046243e-06,0.05472662,3.0143256e-06,0.0012551086
L-BFGS-B,322,1.7338486e-06,0.05513884,2.9439457e-06,0.0012530575
L-BFGS-B,323,1.7496052e-06,0.055354208,2.9047433e-06,0.0012516943
L-BFGS-B,324,1.7529458e-06,0.0553058,2.8971658e-06,0.0012505747
L-BFGS-B,325,1.7469432e-06,0.055059522,2.9088894e-06,0.0012489702
L-BFGS-B,326,1.7324929e-06,0.0547549,2.934441e-06,0.001247589
L-BFGS-B,327,1.7183183e-06,0.054465517,2.9551275e-06,0.001245672
L-BFGS-B,328,1.7027573e-06,0.05423137,2.97103e-06,0.0012433819
L-BFGS-B,329,1.6956337e-06,0.054202057,2.9652206e-06,0.0012411487
L-BFGS-B,330,1.69284e-06,0.05416711,2.947711e-06,0.0012377538
L-BFGS-B,331,1.7099562e-06,0.05450442,2.8839067e-06,0.0012341237
L-BFGS-B,332,1.7243527e-06,0.054603584,2.8548468e-06,0.0012329158
L-BFGS-B,333,1.7163018e-06,0.05438736,2.8611096e-06,0.0012304853
L-BFGS-B,334,1.7047256e-06,0.054172315,2.8773259e-06,0.0012290309
L-BFGS-B,335,1.705345e-06,0.053952076,2.89942e-06,0.0012302354
L-BFGS-B,336,1.7031479e-06,0.05400797,2.8848965e-06,0.0012282863
L-BFGS-B,337,1.7002612e-06,0.053940102,2.8856095e-06,0.0012272816
L-BFGS-B,338,1.6868443e-06,0.053843137,2.8963138e-06,0.001225905
L-BFGS-B,339,1.68698e-06,0.05395315,2.8786212e-06,0.0012243716
L-BFGS-B,340,1.6954755e-06,0.054071907,2.8498578e-06,0.0012225191
L-BFGS-B,341,1.7968399e-06,0.057193305,2.7371489e-06,0.0012520314
L-BFGS-B,342,1.7020186e-06,0.054248363,2.8238696e-06,0.0012213668
L-BFGS-B,343,1.7161717e-06,0.054694396,2.7698452e-06,0.0012198464
L-BFGS-B,344,1.7131949e-06,0.05455603,2.7634517e-06,0.0012170572
L-BFGS-B,345,1.7045403e-06,0.05455945,2.7577667e-06,0.0012149406
L-BFGS-B,346,1.6924846e-06,0.054558415,2.7578058e-06,0.0012131277
L-BFGS-B,347,1.6903609e-06,0.05489026,2.7211245e-06,0.0012106254
L-BFGS-B,348,1.7277868e-06,0.054914527,2.7459298e-06,0.0012202028
L-BFGS-B,349,1.6922143e-06,0.054668494,2.7229362e-06,0.0012089575
L-BFGS-B,350,1.6915385e-06,0.054767057,2.6947484e-06,0.0012056136
L-BFGS-B,351,1.7074453e-06,0.055278588,2.645046e-06,0.0012056596
L-BFGS-B,352,1.6977752e-06,0.054931916,2.668194e-06,0.0012042145
L-BFGS-B,353,1.702046e-06,0.05483819,2.6592372e-06,0.0012025743
L-BFGS-B,354,1.6965357e-06,0.0546308,2.6730943e-06,0.0012017526
L-BFGS-B,355,1.6938989e-06,0.054382842,2.6857497e-06,0.0012007756
L-BFGS-B,356,1.6867202e-06,0.05419552,2.6998457e-06,0.0011999401
L-BFGS-B,357,1.7771777e-06,0.05557386,2.5973495e-06,0.0012119177
L-BFGS-B,358,1.6940454e-06,0.054276336,2.6850794e-06,0.0011996321
L-BFGS-B,359,1.6874412e-06,0.054121036,2.6910614e-06,0.0011979857
L-BFGS-B,360,1.6819994e-06,0.05391098,2.6999883e-06,0.001196408
L-BFGS-B,361,1.6970056e-06,0.05408911,2.6656282e-06,0.0011952862
L-BFGS-B,362,1.6970597e-06,0.054110948,2.6578068e-06,0.0011943395
L-BFGS-B,363,1.6952198e-06,0.05407543,2.658216e-06,0.0011937696
L-BFGS-B,364,1.7009669e-06,0.053654745,2.7092842e-06,0.0011980851
L-BFGS-B,365,1.694144e-06,0.05389805,2.6676769e-06,0.0011932537
L-BFGS-B,366,1.6909919e-06,0.053798005,2.6678258e-06,0.0011918028
L-BFGS-B,367,1.6838986e-06,0.053587027,2.6812543e-06,0.0011906432
L-BFGS-B,368,1.6725319e-06,0.05319581,2.7049e-06,0.001188573
L-BFGS-B,369,1.6710338e-06,0.052967783,2.7103258e-06,0.0011868818
L-BFGS-B,370,1.6583917e-06,0.052509774,2.7423218e-06,0.0011852047
L-BFGS-B,371,1.7626929e-06,0.05419892,2.6998857e-06,0.0012113759
L-BFGS-B,372,1.6671293e-06,0.05249018,2.7287504e-06,0.0011842838
L-BFGS-B,373,1.6711525e-06,0.052458514,2.7174926e-06,0.0011828819
L-BFGS-B,374,1.6704678e-06,0.052356534,2.7084884e-06,0.0011804088
L-BFGS-B,375,1.6694989e-06,0.0522503,2.7114584e-06,0.0011796466
L-BFGS-B,376,1.6556072e-06,0.052020878,2.732481e-06,0.001178422
L-BFGS-B,377,1.6489238e-06,0.05193698,2.740752e-06,0.0011778212
L-BFGS-B,378,1.6467974e-06,0.05181255,2.7476972e-06,0.0011772997
L-BFGS-B,379,1.6509316e-06,0.051882252,2.735454e-06,0.0011767804
L-BFGS-B,380,1.6587568e-06,0.051941488,2.7193835e-06,0.0011761358
L-BFGS-B,381,1.6634882e-06,0.051989973,2.7074568e-06,0.0011755414
L-BFGS-B,382,1.6640022e-06,0.05194254,2.7035596e-06,0.0011745596
L-BFGS-B,383,1.6595607e-06,0.05182589,2.7036115e-06,0.0011727348
L-BFGS-B,384,1.6440607e-06,0.05151438,2.7264978e-06,0.0011707275
L-BFGS-B,385,1.6247553e-06,0.05123309,2.7486265e-06,0.0011683381
L-BFGS-B,386,1.6235902e-06,0.05113686,2.7393453e-06,0.0011658089
L-BFGS-B,387,1.6219726e-06,0.05104043,2.7191757e-06,0.0011615765
L-BFGS-B,388,1.6287869e-06,0.051161908,2.6848843e-06,0.0011586698
L-BFGS-B,389,1.6462659e-06,0.051414315,2.6383075e-06,0.0011568292
L-BFGS-B,390,1.641364e-06,0.051340878,2.6357645e-06,0.0011549781
L-BFGS-B,391,1.6400854e-06,0.05133947,2.6326732e-06,0.0011543084
L-BFGS-B,392,1.6426784e-06,0.051307153,2.62337e-06,0.0011529787
L-BFGS-B,393,1.6829648e-06,0.05237634,2.5804463e-06,0.0011632751
L-BFGS-B,394,1.6447412e-06,0.05135626,2.615373e-06,0.0011525797
L-BFGS-B,395,1.647635e-06,0.05128365,2.60818e-06,0.0011512088
L-BFGS-B,396,1.6516325e-06,0.05109317,2.6060816e-06,0.0011495887
L-BFGS-B,397,1.6439811e-06,0.05091039,2.6116948e-06,0.0011474553
L-BFGS-B,398,1.6313483e-06,0.050448976,2.6350328e-06,0.0011444469
L-BFGS-B,399,1.6718554e-06,0.052828282,2.6333134e-06,0.0011740581
L-BFGS-B,400,1.6314231e-06,0.050342586,2.6328123e-06,0.0011430611
L-BFGS-B,401,1.6294078e-06,0.050369367,2.6193827e-06,0.0011410122
L-BFGS-B,402,1.6282725e-06,0.05028864,2.617814e-06,0.0011397994
L-BFGS-B,403,1.6293769e-06,0.050356157,2.6028756e-06,0.0011383995
L-BFGS-B,404,1.6358837e-06,0.050434135,2.5816223e-06,0.0011369672
L-BFGS-B,405,1.6455423e-06,0.050536413,2.5554646e-06,0.001135515
L-BFGS-B,406,1.6485913e-06,0.05048083,2.5475374e-06,0.0011342276
L-BFGS-B,407,1.6413451e-06,0.050245956,2.559135e-06,0.0011325316
L-BFGS-B,408,1.8784712e-06,0.05754847,2.5951738e-06,0.0012465315
L-BFGS-B,409,1.6408836e-06,0.05023101,2.5590411e-06,0.0011322988
L-BFGS-B,410,1.6277564e-06,0.04998744,2.578341e-06,0.0011307889
L-BFGS-B,411,1.6188848e-06,0.04988386,2.587985e-06,0.001129869
L-BFGS-B,412,1.6135791e-06,0.049888033,2.5897657e-06,0.001129382
L-BFGS-B,413,1.6140572e-06,0.049938526,2.5839067e-06,0.0011290798
L-BFGS-B,414,1.6153202e-06,0.050047055,2.5734284e-06,0.0011287828
L-BFGS-B,415,1.6163236e-06,0.050132234,2.5651932e-06,0.0011285498
L-BFGS-B,416,1.6118931e-06,0.050167773,2.5637544e-06,0.0011280249
L-BFGS-B,417,1.7212483e-06,0.05377919,2.6084595e-06,0.001187248
L-BFGS-B,418,1.6123034e-06,0.0501551,2.562591e-06,0.0011277851
L-BFGS-B,419,1.60478e-06,0.05013996,2.5641332e-06,0.0011267366
L-BFGS-B,420,1.6018927e-06,0.05020517,2.5613044e-06,0.0011265313
L-BFGS-B,421,1.5867633e-06,0.04989387,2.585077e-06,0.0011247147
L-BFGS-B,422,1.582642e-06,0.04975691,2.5850168e-06,0.0011227179
L-BFGS-B,423,1.5834551e-06,0.049740046,2.5649647e-06,0.0011196635
L-BFGS-B,424,1.5861514e-06,0.049642764,2.5402774e-06,0.001115392
L-BFGS-B,425,1.5933181e-06,0.049757976,2.5067898e-06,0.0011125959
L-BFGS-B,426,1.6006452e-06,0.04971459,2.4892734e-06,0.0011106337
L-BFGS-B,427,1.6020698e-06,0.049744327,2.4791502e-06,0.0011096263
L-BFGS-B,428,1.6510027e-06,0.04987971,2.4180256e-06,0.0011091513
L-BFGS-B,429,1.6247027e-06,0.04973738,2.4451876e-06,0.0011078573
L-BFGS-B,430,1.6524705e-06,0.050284065,2.4218332e-06,0.0011139861
L-BFGS-B,431,1.6255937e-06,0.049755085,2.4392937e-06,0.0011072839
L-BFGS-B,432,1.6185072e-06,0.049583346,2.4467288e-06,0.0011056189
L-BFGS-B,433,1.6163461e-06,0.049656164,2.4309143e-06,0.0011036507
L-BFGS-B,434,1.5948547e-06,0.050066818,2.5521135e-06,0.0011227134
L-BFGS-B,435,1.6040899e-06,0.04951354,2.44364e-06,0.0011022948
L-BFGS-B,436,1.6031246e-06,0.04923694,2.4426045e-06,0.0010992287
L-BFGS-B,437,1.6003438e-06,0.048955876,2.4407639e-06,0.0010957249
L-BFGS-B,438,1.5927645e-06,0.048771195,2.449723e-06,0.001094085
L-BFGS-B,439,1.5849573e-06,0.048616353,2.4560081e-06,0.0010923084
L-BFGS-B,440,1.5679842e-06,0.048338834,2.4763553e-06,0.0010900393
L-BFGS-B,441,1.5500254e-06,0.048068848,2.4964986e-06,0.0010876671
L-BFGS-B,442,1.5290447e-06,0.047660198,2.5345655e-06,0.0010861435
L-BFGS-B,443,1.5272525e-06,0.047597483,2.5353957e-06,0.0010853721
L-BFGS-B,444,1.5274786e-06,0.04753445,2.5352213e-06,0.0010847495
L-BFGS-B,445,1.5604712e-06,0.047916114,2.4729457e-06,0.0010841737
L-BFGS-B,446,1.5710237e-06,0.04757743,2.6506575e-06,0.0011090265
L-BFGS-B,447,1.5555993e-06,0.04764366,2.4922108e-06,0.0010836081
L-BFGS-B,448,1.5430967e-06,0.047246244,2.5097556e-06,0.0010803903
L-BFGS-B,449,1.542294e-06,0.047079336,2.5024665e-06,0.0010775074
L-BFGS-B,450,1.560663e-06,0.047119547,2.4654914e-06,0.0010751185
L-BFGS-B,451,1.6022558e-06,0.047340907,2.451105e-06,0.0010814131
L-BFGS-B,452,1.5691203e-06,0.04705357,2.4527185e-06,0.0010738116
L-BFGS-B,453,1.5702693e-06,0.046952914,2.4451824e-06,0.0010718468
L-BFGS-B,454,1.5841958e-06,0.046979506,2.4179858e-06,0.0010701222
L-BFGS-B,455,1.6261287e-06,0.04763286,2.3685855e-06,0.0010755357
L-BFGS-B,456,1.5893792e-06,0.047040854,2.4050546e-06,0.0010695736
L-BFGS-B,457,1.5962288e-06,0.047002416,2.3945545e-06,0.0010686417
L-BFGS-B,458,1.6039013e-06,0.04698637,2.381366e-06,0.0010676538
L-BFGS-B,459,1.6074252e-06,0.046986174,2.373763e-06,0.0010670399
L-BFGS-B,460,1.6035805e-06,0.046848588,2.3806222e-06,0.0010661163
L-BFGS-B,461,1.602003e-06,0.04672607,2.3855519e-06,0.0010653939
L-BFGS-B,462,1.594602e-06,0.046527505,2.3957662e-06,0.0010638303
L-BFGS-B,463,1.5812917e-06,0.04629335,2.407724e-06,0.0010612858
L-BFGS-B,464,1.5782454e-06,0.046415236,2.390545e-06,0.0010594709
L-BFGS-B,465,1.5874498e-06,0.046516653,2.368761e-06,0.0010585982
L-BFGS-B,466,1.5807533e-06,0.046391476,2.3780235e-06,0.0010577312
L-BFGS-B,467,1.581877e-06,0.046355337,2.373911e-06,0.0010569216
L-BFGS-B,468,1.5761296e-06,0.046186842,2.3846312e-06,0.0010559825
L-BFGS-B,469,1.577546e-06,0.04603594,2.3902917e-06,0.0010555352
L-BFGS-B,470,1.5571229e-06,0.045655992,2.4381322e-06,0.0010558482
L-BFGS-B,471,1.5666726e-06,0.045818057,2.4114722e-06,0.0010549022
L-BFGS-B,472,1.5573902e-06,0.045678377,2.422726e-06,0.0010538013
L-BFGS-B,473,1.5433161e-06,0.045397427,2.4359674e-06,0.0010508668
L-BFGS-B,474,1.5482525e-06,0.045312487,2.4145495e-06,0.0010475451
L-BFGS-B,475,1.5592243e-06,0.04541351,2.3895461e-06,0.0010464507
L-BFGS-B,476,1.582507e-06,0.045821764,2.3384844e-06,0.0010463663
L-BFGS-B,477,1.569133e-06,0.045482013,2.3636446e-06,0.0010447367
L-BFGS-B,478,1.5699127e-06,0.045478184,2.3535504e-06,0.0010433013
L-BFGS-B,479,1.5715547e-06,0.045432705,2.348581e-06,0.0010423474
L-BFGS-B,480,1.5698993e-06,0.045440592,2.3454247e-06,0.0010417046
L-BFGS-B,481,1.5758433e-06,0.045528166,2.330803e-06,0.0010412786
L-BFGS-B,482,1.5721522e-06,0.04540259,2.337696e-06,0.0010405031
L-BFGS-B,483,1.5650245e-06,0.045247003,2.350396e-06,0.0010397831
L-BFGS-B,484,1.5552263e-06,0.04507164,2.3663738e-06,0.0010389565
L-BFGS-B,485,1.5439662e-06,0.044869393,2.3869438e-06,0.0010383305
L-BFGS-B,486,1.5393541e-06,0.044790365,2.3926489e-06,0.0010377041
L-BFGS-B,487,1.5406065e-06,0.044815686,2.3858772e-06,0.0010371294
L-BFGS-B,488,1.5443524e-06,0.044847526,2.374268e-06,0.0010362683
L-BFGS-B,489,1.7294241e-06,0.057400007,2.8598042e-06,0.0012623844
L-BFGS-B,490,1.5399623e-06,0.044846054,2.3761966e-06,0.0010358844
L-BFGS-B,491,1.5404471e-06,0.044845466,2.368357e-06,0.0010347753
L-BFGS-B,492,1.5330548e-06,0.044757374,2.3627576e-06,0.0010319456
L-BFGS-B,493,1.5240166e-06,0.04447421,2.3735934e-06,0.0010293836
L-BFGS-B,494,1.5075798e-06,0.04428921,2.3834177e-06,0.0010265417
L-BFGS-B,495,3.389586e-06,0.0872843,2.9745854e-06,0.0018274686
L-BFGS-B,496,1.5227704e-06,0.04437154,2.3552977e-06,0.0010254256
L-BFGS-B,497,1.4949159e-06,0.044063054,2.3809534e-06,0.0010220109
L-BFGS-B,498,1.4784096e-06,0.043853566,2.3984335e-06,0.0010200621
L-BFGS-B,499,1.471466e-06,0.04375289,2.4039716e-06,0.0010188445
L-BFGS-B,500,1.4644095e-06,0.04361311,2.4158296e-06,0.001018167
L-BFGS-B,501,1.4653663e-06,0.04356624,2.414355e-06,0.0010176206
L-BFGS-B,502,1.4624906e-06,0.043457665,2.4200694e-06,0.0010169607
L-BFGS-B,503,1.4644024e-06,0.043448236,2.4138976e-06,0.0010162273
L-BFGS-B,504,1.4666227e-06,0.043485742,2.4046194e-06,0.0010155437
L-BFGS-B,505,1.4668467e-06,0.04353833,2.3971215e-06,0.0010149785
L-BFGS-B,506,1.4617917e-06,0.043530565,2.398539e-06,0.0010143552
L-BFGS-B,507,1.4554694e-06,0.043510877,2.402184e-06,0.0010137567
L-BFGS-B,508,1.444005e-06,0.043377824,2.4142416e-06,0.0010125153
L-BFGS-B,509,1.435899e-06,0.043254256,2.4237643e-06,0.001011492
L-BFGS-B,510,1.429991e-06,0.04308208,2.4372584e-06,0.0010109083
L-BFGS-B,511,1.4305098e-06,0.042960268,2.4410404e-06,0.0010103352
L-BFGS-B,512,1.4278678e-06,0.04280346,2.4515052e-06,0.0010099405
L-BFGS-B,513,1.4301712e-06,0.04277081,2.4493027e-06,0.0010096291
L-BFGS-B,514,1.4294172e-06,0.042737216,2.4499855e-06,0.0010092825
L-BFGS-B,515,1.4234786e-06,0.042656828,2.4591327e-06,0.00100896
L-BFGS-B,516,1.43504e-06,0.04275867,2.4423566e-06,0.0010091962
L-BFGS-B,517,1.4271853e-06,0.042682275,2.453026e-06,0.0010088545
L-BFGS-B,518,1.4207137e-06,0.042580362,2.4638744e-06,0.0010084918
L-BFGS-B,519,1.4072272e-06,0.042321175,2.490755e-06,0.0010079091
L-BFGS-B,520,1.4070013e-06,0.04232972,2.513931e-06,0.001011437
L-BFGS-B,521,1.405516e-06,0.04227207,2.4943715e-06,0.0010077038
L-BFGS-B,522,1.3992283e-06,0.04303543,2.5547888e-06,0.0010234568
L-BFGS-B,523,1.4026233e-06,0.0422816,2.495438e-06,0.0010075251
L-BFGS-B,524,1.4015684e-06,0.04212517,2.5022819e-06,0.0010068292
L-BFGS-B,525,1.4048596e-06,0.042081654,2.4980593e-06,0.0010062545
L-BFGS-B,526,1.4100646e-06,0.04202309,2.4936423e-06,0.0010057869
L-BFGS-B,527,1.4143789e-06,0.04208335,2.4802284e-06,0.0010050245
L-BFGS-B,528,1.4954749e-06,0.0434401,2.3487553e-06,0.0010110355
L-BFGS-B,529,1.4279665e-06,0.042283818,2.4502156e-06,0.0010045655
L-BFGS-B,530,1.4250256e-06,0.042173877,2.452319e-06,0.0010033405
L-BFGS-B,531,1.4224445e-06,0.04207194,2.4571002e-06,0.0010026512
L-BFGS-B,532,1.4156732e-06,0.041811638,2.4881028e-06,0.0010036827
L-BFGS-B,533,1.4178228e-06,0.041863672,2.4697308e-06,0.0010017698
L-BFGS-B,534,1.4088887e-06,0.041641,2.4870249e-06,0.001000797
L-BFGS-B,535,1.4018216e-06,0.04144466,2.497503e-06,0.0009993452
L-BFGS-B,536,1.3872186e-06,0.04110166,2.5244665e-06,0.0009977694
L-BFGS-B,537,1.6463794e-06,0.051488906,2.391031e-06,0.0011205006
L-BFGS-B,538,1.3850034e-06,0.041253343,2.513881e-06,0.0009973662
L-BFGS-B,539,1.3845278e-06,0.041253097,2.5022196e-06,0.0009955431
L-BFGS-B,540,1.3978319e-06,0.041190658,2.488597e-06,0.0009948709
L-BFGS-B,541,1.3760248e-06,0.040986203,2.5157751e-06,0.000993632
L-BFGS-B,542,1.3947333e-06,0.041316826,2.4709066e-06,0.0009930142
L-BFGS-B,543,1.3956853e-06,0.0412868,2.4674334e-06,0.0009923358
L-BFGS-B,544,1.3935615e-06,0.04114357,2.4709332e-06,0.0009911099
L-BFGS-B,545,1.3970289e-06,0.041120205,2.463926e-06,0.0009903454
L-BFGS-B,546,1.3869808e-06,0.040946666,2.4815881e-06,0.000989752
L-BFGS-B,547,1.388006e-06,0.040916674,2.4790295e-06,0.0009892221
L-BFGS-B,548,1.3878162e-06,0.040893883,2.4757253e-06,0.00098847
L-BFGS-B,549,1.3843946e-06,0.040885173,2.4735064e-06,0.0009875369
L-BFGS-B,550,1.385686e-06,0.040966,2.4692145e-06,0.0009878951
L-BFGS-B,551,1.3837665e-06,0.040885165,2.4715657e-06,0.0009871515
L-BFGS-B,552,1.3824157e-06,0.040984053,2.4726664e-06,0.0009881028
L-BFGS-B,553,1.3815686e-06,0.040875383,2.470181e-06,0.0009865162
L-BFGS-B,554,1.3753048e-06,0.04070286,2.4780977e-06,0.0009850389
L-BFGS-B,555,1.371371e-06,0.04041057,2.486214e-06,0.0009827435
L-BFGS-B,556,1.3555671e-06,0.04010544,2.5173915e-06,0.0009819982
L-BFGS-B,557,1.3635946e-06,0.040128507,2.498865e-06,0.000980654
L-BFGS-B,558,1.3661381e-06,0.04002216,2.4938804e-06,0.0009792245
L-BFGS-B,559,1.3698133e-06,0.0400142,2.486173e-06,0.0009785399
L-BFGS-B,560,1.3702899e-06,0.039862078,2.4870058e-06,0.0009772151
L-BFGS-B,561,1.3614319e-06,0.039630543,2.4967912e-06,0.0009750389
L-BFGS-B,562,1.3678599e-06,0.039651457,2.4722688e-06,0.0009725339
L-BFGS-B,563,1.3682281e-06,0.039678045,2.4566978e-06,0.0009705193
L-BFGS-B,564,1.3677799e-06,0.039601594,2.4523374e-06,0.0009690336
L-BFGS-B,565,1.3865172e-06,0.03994654,2.4074259e-06,0.00096855685
L-BFGS-B,566,1.3803917e-06,0.03965655,2.4251513e-06,0.00096739695
L-BFGS-B,567,1.3637565e-06,0.039552912,2.4413564e-06,0.00096629607
L-BFGS-B,568,1.3648845e-06,0.039520618,2.435351e-06,0.00096524146
L-BFGS-B,569,1.3780165e-06,0.039682057,2.3992848e-06,0.0009634158
L-BFGS-B,570,1.3790294e-06,0.039683264,2.3885145e-06,0.0009619642
L-BFGS-B,571,1.3663233e-06,0.039499305,2.403504e-06,0.00096046715
L-BFGS-B,572,1.3627445e-06,0.039442506,2.4024307e-06,0.0009592013
L-BFGS-B,573,1.3440251e-06,0.039257202,2.4266653e-06,0.0009581756
L-BFGS-B,574,1.3610334e-06,0.03961593,2.3809096e-06,0.0009574507
L-BFGS-B,575,1.3599409e-06,0.039545514,2.3828063e-06,0.0009568672
L-BFGS-B,576,1.3601874e-06,0.039492358,2.3835296e-06,0.0009564811
L-BFGS-B,577,1.3679738e-06,0.039558027,2.3688744e-06,0.0009561075
L-BFGS-B,578,1.368507e-06,0.039496727,2.370663e-06,0.0009558428
L-BFGS-B,579,1.3867809e-06,0.03987961,2.350605e-06,0.000959404
L-BFGS-B,580,1.370127e-06,0.03952547,2.3655493e-06,0.0009556061
L-BFGS-B,581,1.3642901e-06,0.039421167,2.3750736e-06,0.00095511624
L-BFGS-B,582,1.3509324e-06,0.03904446,2.40791e-06,0.00095427094
L-BFGS-B,583,1.350251e-06,0.03906955,2.4000158e-06,0.00095323543
L-BFGS-B,584,1.351846e-06,0.039169304,2.3870864e-06,0.0009525329
L-BFGS-B,585,1.3562374e-06,0.039251596,2.3735226e-06,0.00095198
L-BFGS-B,586,1.3564359e-06,0.03929532,2.3678033e-06,0.0009515891
L-BFGS-B,587,1.356985e-06,0.03929044,2.3660634e-06,0.00095136167
L-BFGS-B,588,1.356371e-06,0.039268434,2.3666264e-06,0.00095113396
L-BFGS-B,589,1.3555494e-06,0.039305694,2.3629918e-06,0.0009508381
L-BFGS-B,590,1.3588267e-06,0.039363135,2.3540422e-06,0.0009505617
L-BFGS-B,591,1.3594675e-06,0.039440528,2.3461077e-06,0.0009502416
L-BFGS-B,592,1.3704536e-06,0.03960867,2.3221028e-06,0.0009499702
L-BFGS-B,593,1.3649968e-06,0.039515994,2.3295313e-06,0.0009493391
L-BFGS-B,594,1.360237e-06,0.039404638,2.3381676e-06,0.00094880705
L-BFGS-B,595,1.3875566e-06,0.039796956,2.287342e-06,0.0009492043
L-BFGS-B,596,1.3707005e-06,0.039540183,2.3159198e-06,0.0009483949
L-BFGS-B,597,1.3641046e-06,0.039398324,2.325461e-06,0.00094741804
L-BFGS-B,598,1.3545009e-06,0.03923754,2.333828e-06,0.0009456247
L-BFGS-B,599,1.3622595e-06,0.03989153,2.3157454e-06,0.00095061597
L-BFGS-B,600,1.3541134e-06,0.03925309,2.3280613e-06,0.00094485714
L-BFGS-B,601,1.3512264e-06,0.039223723,2.322207e-06,0.00094325223
L-BFGS-B,602,1.3505721e-06,0.039142173,2.3225355e-06,0.00094238785
L-BFGS-B,603,1.3492719e-06,0.039116956,2.320232e-06,0.0009415951
L-BFGS-B,604,1.3436867e-06,0.039040968,2.3237667e-06,0.00094052765
L-BFGS-B,605,1.3388209e-06,0.038971804,2.324531e-06,0.0009392208
L-BFGS-B,606,1.3418729e-06,0.03903568,2.311883e-06,0.0009384202
L-BFGS-B,607,1.3431996e-06,0.038951825,2.310346e-06,0.0009375501
L-BFGS-B,608,1.3449819e-06,0.038927566,2.3085622e-06,0.00093730725
L-BFGS-B,609,1.3487706e-06,0.038959805,2.2997353e-06,0.00093687396
L-BFGS-B,610,1.3492371e-06,0.038911954,2.2978438e-06,0.00093618163
L-BFGS-B,611,1.3488012e-06,0.038869746,2.2992551e-06,0.00093590596
L-BFGS-B,612,1.3501204e-06,0.03884167,2.2971155e-06,0.0009355021
L-BFGS-B,613,1.3492222e-06,0.0387847,2.2986696e-06,0.00093503075
L-BFGS-B,614,1.3525867e-06,0.038768314,2.2888537e-06,0.0009338992
L-BFGS-B,615,1.3385517e-06,0.0385903,2.3065047e-06,0.00093266147
L-BFGS-B,616,1.3303052e-06,0.03856941,2.3146167e-06,0.00093243236
L-BFGS-B,617,1.3344685e-06,0.03853029,2.2968738e-06,0.00093000423
L-BFGS-B,618,1.3322867e-06,0.038473655,2.2972304e-06,0.0009291641
L-BFGS-B,619,1.3359942e-06,0.03854371,2.2827128e-06,0.0009282431
L-BFGS-B,620,1.3381054e-06,0.03863733,2.2650786e-06,0.0009268509
L-BFGS-B,621,1.3428202e-06,0.038789783,2.245511e-06,0.0009261475
L-BFGS-B,622,1.337409e-06,0.038753476,2.2482025e-06,0.00092537643
L-BFGS-B,623,1.3356755e-06,0.038775347,2.243526e-06,0.0009246337
L-BFGS-B,624,1.3438503e-06,0.03894506,2.2209222e-06,0.00092416647
L-BFGS-B,625,1.3367564e-06,0.038860902,2.2290967e-06,0.000923487
L-BFGS-B,626,1.3293437e-06,0.038766757,2.236897e-06,0.00092260365
L-BFGS-B,627,1.3900543e-06,0.040370066,2.1454669e-06,0.0009340288
L-BFGS-B,628,1.3310566e-06,0.03885178,2.2233803e-06,0.00092168327
L-BFGS-B,629,1.3204224e-06,0.03879009,2.2332447e-06,0.0009209509
L-BFGS-B,630,1.3222041e-06,0.038799986,2.2303486e-06,0.0009208827
L-BFGS-B,631,1.3201877e-06,0.038768448,2.2315878e-06,0.0009204508
L-BFGS-B,632,1.3125635e-06,0.039039396,2.2413826e-06,0.0009234859
L-BFGS-B,633,1.3146633e-06,0.03874735,2.2345669e-06,0.00091985805
L-BFGS-B,634,1.3155636e-06,0.038778838,2.2276981e-06,0.00091927766
L-BFGS-B,635,1.3204416e-06,0.03891781,2.2095467e-06,0.00091867626
L-BFGS-B,636,1.3133063e-06,0.038803082,2.2230502e-06,0.0009184843
L-BFGS-B,637,1.3151571e-06,0.038855102,2.215571e-06,0.00091816025
L-BFGS-B,638,1.3162079e-06,0.038913224,2.2069103e-06,0.0009176
L-BFGS-B,639,1.3164135e-06,0.038944602,2.1998947e-06,0.0009168923
L-BFGS-B,640,1.3109631e-06,0.03881136,2.2088318e-06,0.00091608276
L-BFGS-B,641,1.3056186e-06,0.03869067,2.2170248e-06,0.00091530324
L-BFGS-B,642,1.3046349e-06,0.038588446,2.220267e-06,0.00091461977
L-BFGS-B,643,1.3018539e-06,0.038469505,2.2276552e-06,0.0009141214
L-BFGS-B,644,1.3046398e-06,0.038469404,2.2219576e-06,0.0009136836
L-BFGS-B,645,1.3070412e-06,0.03844127,2.2181353e-06,0.0009131892
L-BFGS-B,646,1.3130654e-06,0.03847412,2.2073016e-06,0.00091279624
L-BFGS-B,647,1.3173885e-06,0.03842367,2.2026848e-06,0.0009122477
L-BFGS-B,648,1.3221977e-06,0.03843943,2.1944695e-06,0.00091189437
L-BFGS-B,649,1.3279605e-06,0.03840296,2.188655e-06,0.00091152184
L-BFGS-B,650,1.320977e-06,0.038304273,2.2007143e-06,0.00091129646
L-BFGS-B,651,1.3102514e-06,0.03817989,2.217615e-06,0.0009109789
L-BFGS-B,652,1.3021454e-06,0.038056567,2.2312452e-06,0.0009105743
L-BFGS-B,653,1.2989207e-06,0.038155366,2.2286836e-06,0.0009106943
L-BFGS-B,654,1.2997117e-06,0.03807153,2.2293596e-06,0.00091007596
L-BFGS-B,655,1.2925956e-06,0.03797216,2.2371132e-06,0.0009091779
L-BFGS-B,656,1.2949856e-06,0.037933525,2.2301547e-06,0.0009081063
L-BFGS-B,657,1.2992473e-06,0.037966438,2.2188465e-06,0.00090737845
L-BFGS-B,658,1.3077284e-06,0.038040254,2.201333e-06,0.00090676174
L-BFGS-B,659,1.3105991e-06,0.0380579,2.1950045e-06,0.0009064196
L-BFGS-B,660,1.3103701e-06,0.03804545,2.1915032e-06,0.0009057354
L-BFGS-B,661,1.3070609e-06,0.038012132,2.1917829e-06,0.00090494787
L-BFGS-B,662,1.2995953e-06,0.03792356,2.1972749e-06,0.00090376614
L-BFGS-B,663,1.2979888e-06,0.037983887,2.1872381e-06,0.00090262294
L-BFGS-B,664,1.2797597e-06,0.037654474,2.2141903e-06,0.00090063724
L-BFGS-B,665,1.2825897e-06,0.03763404,2.2044223e-06,0.00089939224
L-BFGS-B,666,1.292329e-06,0.03768724,2.1845474e-06,0.0008984038
L-BFGS-B,667,1.2882424e-06,0.037640814,2.1889966e-06,0.00089799403
L-BFGS-B,668,1.2848427e-06,0.03756292,2.1944031e-06,0.0008975161
L-BFGS-B,669,1.2815885e-06,0.03752749,2.2128347e-06,0.0008994384
L-BFGS-B,670,1.2820979e-06,0.037499294,2.199476e-06,0.00089722895
L-BFGS-B,671,1.2792805e-06,0.03737452,2.2073662e-06,0.0008967422
L-BFGS-B,672,1.2784692e-06,0.037221882,2.2125107e-06,0.0008958657
L-BFGS-B,673,1.279194e-06,0.037120946,2.2129245e-06,0.00089502725
L-BFGS-B,674,1.2899696e-06,0.037203297,2.1957574e-06,0.00089489203
L-BFGS-B,675,1.2826488e-06,0.037109938,2.2061042e-06,0.0008944123
L-BFGS-B,676,1.298245e-06,0.037331637,2.1678982e-06,0.0008932378
L-BFGS-B,677,1.3034232e-06,0.037455413,2.1497083e-06,0.00089252385
L-BFGS-B,678,1.3051156e-06,0.037438318,2.1449412e-06,0.00089189166
L-BFGS-B,679,1.3050213e-06,0.037420597,2.142528e-06,0.00089133834
L-BFGS-B,680,1.3001119e-06,0.03734289,2.148935e-06,0.00089078594
L-BFGS-B,681,1.3119496e-06,0.03751947,2.1551712e-06,0.0008952628
L-BFGS-B,682,1.3008324e-06,0.037323542,2.148138e-06,0.00089058094
L-BFGS-B,683,1.2897239e-06,0.037115455,2.1637632e-06,0.0008891776
L-BFGS-B,684,1.2893167e-06,0.037065558,2.1567496e-06,0.00088756555
L-BFGS-B,685,1.3758213e-06,0.041679192,2.2330987e-06,0.0009581299
L-BFGS-B,686,1.282696e-06,0.03699952,2.158905e-06,0.0008862353
L-BFGS-B,687,1.2754552e-06,0.03678409,2.1580113e-06,0.00088286086
L-BFGS-B,688,1.2938964e-06,0.037389867,2.126838e-06,0.00088700885
L-BFGS-B,689,1.2781807e-06,0.036799725,2.148829e-06,0.0008820487
L-BFGS-B,690,1.2722365e-06,0.036622066,2.156313e-06,0.0008805031
L-BFGS-B,691,1.2750597e-06,0.03660216,2.1497247e-06,0.0008797393
L-BFGS-B,692,1.238744e-06,0.03616534,2.232875e-06,0.00088239624
L-BFGS-B,693,1.2628502e-06,0.036399215,2.1723015e-06,0.0008792649
L-BFGS-B,694,1.2592012e-06,0.03622668,2.1796234e-06,0.0008780905
L-BFGS-B,695,1.2557402e-06,0.035981897,2.1905325e-06,0.0008767599
L-BFGS-B,696,1.2463346e-06,0.035716906,2.2146894e-06,0.0008763226
L-BFGS-B,697,1.2427175e-06,0.035586,2.2213605e-06,0.00087547174
L-BFGS-B,698,1.2417489e-06,0.035564803,2.2198235e-06,0.00087488384
L-BFGS-B,699,1.237607e-06,0.03544874,2.2257e-06,0.00087398343
L-BFGS-B,700,1.2396767e-06,0.035456616,2.2219228e-06,0.0008738061
L-BFGS-B,701,1.2347482e-06,0.035293948,2.2344648e-06,0.00087332143
L-BFGS-B,702,1.2307403e-06,0.03520415,2.2422994e-06,0.00087299745
L-BFGS-B,703,1.2224823e-06,0.03512982,2.252044e-06,0.00087247713
L-BFGS-B,704,1.2329629e-06,0.03517458,2.230118e-06,0.0008712079
L-BFGS-B,705,1.2261478e-06,0.03508112,2.2350662e-06,0.00086999324
L-BFGS-B,706,1.2258012e-06,0.035086833,2.2239449e-06,0.00086833024
L-BFGS-B,707,1.2299283e-06,0.03518602,2.2076524e-06,0.0008674973
L-BFGS-B,708,1.2308096e-06,0.03518409,2.2017093e-06,0.0008667187
L-BFGS-B,709,1.2189547e-06,0.034968566,2.22083e-06,0.0008656534
L-BFGS-B,710,1.2128764e-06,0.03496005,2.222576e-06,0.00086491834
L-BFGS-B,711,1.2097877e-06,0.034999974,2.220182e-06,0.0008644952
L-BFGS-B,712,1.2158503e-06,0.03507629,2.207735e-06,0.00086430064
L-BFGS-B,713,1.2025882e-06,0.035270818,2.209629e-06,0.0008645407
L-BFGS-B,714,1.2088716e-06,0.0351334,2.2083211e-06,0.00086391286
L-BFGS-B,715,1.2194813e-06,0.03528457,2.1846965e-06,0.00086347235
L-BFGS-B,716,1.2138618e-06,0.035170507,2.192474e-06,0.00086265546
L-BFGS-B,717,1.2112997e-06,0.035115227,2.1888807e-06,0.0008611793
L-BFGS-B,718,1.2079832e-06,0.035208803,2.1753085e-06,0.00085958175
L-BFGS-B,719,1.2112174e-06,0.035150453,2.1671385e-06,0.000858258
L-BFGS-B,720,1.2076291e-06,0.035248347,2.159795e-06,0.0008575971
L-BFGS-B,721,1.2156886e-06,0.035209473,2.1439525e-06,0.00085604086
L-BFGS-B,722,1.2143337e-06,0.035218116,2.1633116e-06,0.00085882796
L-BFGS-B,723,1.2120266e-06,0.035104185,2.1489261e-06,0.00085518474
L-BFGS-B,724,1.2053813e-06,0.03504575,2.153884e-06,0.0008543473
L-BFGS-B,725,1.2108693e-06,0.03526058,2.1281237e-06,0.00085345475
L-BFGS-B,726,1.2134855e-06,0.03527853,2.1210903e-06,0.0008529716
L-BFGS-B,727,1.2184001e-06,0.0353561,2.108158e-06,0.00085254473
L-BFGS-B,728,1.221381e-06,0.035360396,2.1019582e-06,0.0008521048
L-BFGS-B,729,1.2191398e-06,0.035353728,2.1025828e-06,0.00085179566
L-BFGS-B,730,1.2118179e-06,0.035360344,2.1047267e-06,0.0008510852
L-BFGS-B,731,1.2115104e-06,0.035408594,2.0988462e-06,0.0008506394
L-BFGS-B,732,1.2184228e-06,0.035547696,2.0771622e-06,0.0008498147
L-BFGS-B,733,1.2177942e-06,0.035536956,2.072249e-06,0.00084887596
L-BFGS-B,734,1.2173159e-06,0.0353821,2.0765262e-06,0.0008478974
L-BFGS-B,735,1.2177906e-06,0.035362184,2.0709047e-06,0.0008469261
L-BFGS-B,736,1.2174031e-06,0.03533441,2.0654265e-06,0.0008457685
L-BFGS-B,737,1.2179462e-06,0.03527605,2.056184e-06,0.00084388006
L-BFGS-B,738,1.2191301e-06,0.03524546,2.0458917e-06,0.00084220787
L-BFGS-B,739,1.2171445e-06,0.035040524,2.0471873e-06,0.00084005506
L-BFGS-B,740,1.2110485e-06,0.034878027,2.0541058e-06,0.0008385534
L-BFGS-B,741,1.2484874e-06,0.03546153,2.0332511e-06,0.00084687606
L-BFGS-B,742,1.2140222e-06,0.03489314,2.0487146e-06,0.0008383419
L-BFGS-B,743,1.2157416e-06,0.03490976,2.043056e-06,0.0008379172
L-BFGS-B,744,1.2170423e-06,0.034924805,2.0356258e-06,0.0008371483
L-BFGS-B,745,1.2118359e-06,0.03483689,2.041736e-06,0.0008364046
L-BFGS-B,746,1.2055e-06,0.03475783,2.0470707e-06,0.00083546387
L-BFGS-B,747,1.19616e-06,0.034668244,2.057435e-06,0.0008347217
L-BFGS-B,748,1.2000233e-06,0.034683935,2.051893e-06,0.0008346268
L-BFGS-B,749,1.1970774e-06,0.034660984,2.0538646e-06,0.0008342511
L-BFGS-B,750,1.1936436e-06,0.034600757,2.0597279e-06,0.0008340132
L-BFGS-B,751,1.1936781e-06,0.034604214,2.0566486e-06,0.00083359116
L-BFGS-B,752,1.1942291e-06,0.034628093,2.05181e-06,0.0008331868
L-BFGS-B,753,1.1901082e-06,0.034521054,2.0594769e-06,0.00083264825
L-BFGS-B,754,1.1886842e-06,0.03442275,2.0636212e-06,0.0008320734
L-BFGS-B,755,1.1837469e-06,0.03430608,2.0728878e-06,0.000831556
L-BFGS-B,756,1.1791701e-06,0.034217935,2.0796124e-06,0.0008309968
L-BFGS-B,757,1.1735782e-06,0.034134015,2.0856014e-06,0.0008302171
L-BFGS-B,758,1.1725505e-06,0.034150723,2.081541e-06,0.0008296209
L-BFGS-B,759,1.1780754e-06,0.03423557,2.0634134e-06,0.000828579
L-BFGS-B,760,1.1779857e-06,0.034223177,2.0590644e-06,0.0008277893
L-BFGS-B,761,1.1791435e-06,0.034151208,2.054344e-06,0.00082653516
L-BFGS-B,762,1.1784267e-06,0.034086574,2.0541045e-06,0.0008257454
L-BFGS-B,763,1.1676469e-06,0.033829093,2.075531e-06,0.00082476763
L-BFGS-B,764,1.1637337e-06,0.03381012,2.0728157e-06,0.0008235837
L-BFGS-B,765,1.346696e-06,0.03828307,2.2745303e-06,0.0009260146
L-BFGS-B,766,1.1615768e-06,0.03373386,2.0793152e-06,0.0008234724
L-BFGS-B,767,1.1670385e-06,0.033834796,2.0611312e-06,0.00082257343
L-BFGS-B,768,1.1575972e-06,0.033720728,2.0729185e-06,0.0008217846
L-BFGS-B,769,1.1500488e-06,0.03357812,2.0827856e-06,0.00082070637
L-BFGS-B,770,1.11899e-06,0.033317223,2.1287417e-06,0.000820332
L-BFGS-B,771,1.1263228e-06,0.03313615,2.1171359e-06,0.00081788027
L-BFGS-B,772,1.131221e-06,0.033125635,2.1057344e-06,0.0008167997
L-BFGS-B,773,1.1341855e-06,0.033041798,2.0981079e-06,0.00081526197
L-BFGS-B,774,1.1279702e-06,0.03286915,2.109259e-06,0.0008142759
L-BFGS-B,775,1.1215677e-06,0.032748185,2.1194742e-06,0.0008136381
L-BFGS-B,776,1.121733e-06,0.0327332,2.117835e-06,0.0008132672
L-BFGS-B,777,1.1230418e-06,0.03275811,2.1135525e-06,0.0008130702
L-BFGS-B,778,1.1247602e-06,0.032767396,2.1102087e-06,0.0008129192
L-BFGS-B,779,1.1242548e-06,0.032697365,2.1132403e-06,0.0008125979
L-BFGS-B,780,1.1463657e-06,0.032974403,2.0831778e-06,0.0008141756
L-BFGS-B,781,1.128707e-06,0.032737017,2.1048197e-06,0.00081239914
L-BFGS-B,782,1.1323117e-06,0.03273234,2.1095116e-06,0.0008135969
L-BFGS-B,783,1.1287894e-06,0.03271164,2.1055055e-06,0.00081226067
L-BFGS-B,784,1.1209706e-06,0.032489218,2.1239578e-06,0.00081163144
L-BFGS-B,785,1.1209419e-06,0.032487005,2.1213687e-06,0.00081121665
L-BFGS-B,786,1.1209197e-06,0.03252257,2.1141157e-06,0.000810481
L-BFGS-B,787,1.1230643e-06,0.032583274,2.1033343e-06,0.0008097925
L-BFGS-B,788,1.1251203e-06,0.03265293,2.0879434e-06,0.00080848887
L-BFGS-B,789,1.1237554e-06,0.032608103,2.083816e-06,0.00080721674
L-BFGS-B,790,1.3855959e-06,0.03896662,2.0362722e-06,0.00090294634
L-BFGS-B,791,1.133036e-06,0.032773543,2.0587365e-06,0.00080650125
L-BFGS-B,792,1.1257797e-06,0.032566763,2.072456e-06,0.000805403
L-BFGS-B,793,1.1216787e-06,0.032291632,2.0833756e-06,0.00080367445
L-BFGS-B,794,1.1239583e-06,0.032276932,2.070592e-06,0.00080195186
L-BFGS-B,795,1.1247886e-06,0.032219045,2.0616558e-06,0.0008001571
L-BFGS-B,796,1.1270079e-06,0.032104895,2.0568052e-06,0.00079862087
L-BFGS-B,797,1.1323203e-06,0.032123446,2.0429297e-06,0.00079752196
L-BFGS-B,798,1.140475e-06,0.0322565,2.022905e-06,0.00079707196
L-BFGS-B,799,1.1589294e-06,0.032635186,2.0164077e-06,0.0008026524
L-BFGS-B,800,1.1415807e-06,0.03226001,2.0208033e-06,0.00079695764
L-BFGS-B,801,1.1357909e-06,0.032161176,2.0321709e-06,0.00079680607
L-BFGS-B,802,1.131488e-06,0.03214187,2.046423e-06,0.0007981054
L-BFGS-B,803,1.1340722e-06,0.03213919,2.034592e-06,0.0007966915
L-BFGS-B,804,1.1350753e-06,0.03216084,2.0305638e-06,0.00079645426
L-BFGS-B,805,1.136963e-06,0.032231748,2.02047e-06,0.00079593237
L-BFGS-B,806,1.1368032e-06,0.032268118,2.016261e-06,0.0007956408
L-BFGS-B,807,1.1367465e-06,0.032287743,2.0128869e-06,0.00079532247
L-BFGS-B,808,1.1345031e-06,0.03225928,2.0146883e-06,0.0007949716
L-BFGS-B,809,1.1320789e-06,0.032217085,2.0180532e-06,0.0007946907
L-BFGS-B,810,1.1378717e-06,0.032251596,2.0100017e-06,0.00079469697
L-BFGS-B,811,1.134597e-06,0.032223236,2.0139096e-06,0.0007945084
L-BFGS-B,812,1.1328162e-06,0.032197833,2.015184e-06,0.00079417834
L-BFGS-B,813,1.1333036e-06,0.032187432,2.0119705e-06,0.0007936654
L-BFGS-B,814,1.136565e-06,0.032244556,2.0017512e-06,0.000793193
L-BFGS-B,815,1.1384936e-06,0.032224327,1.9983215e-06,0.0007927655
L-BFGS-B,816,1.1391883e-06,0.032191087,1.996861e-06,0.00079231826
L-BFGS-B,817,1.139953e-06,0.03211604,1.9979675e-06,0.00079184846
L-BFGS-B,818,1.1337665e-06,0.03212052,2.0200098e-06,0.0007942716
L-BFGS-B,819,1.136645e-06,0.032062385,2.003017e-06,0.0007915731
L-BFGS-B,820,1.132222e-06,0.032010708,2.0065359e-06,0.0007909207
L-BFGS-B,821,1.1279172e-06,0.03195037,2.0098898e-06,0.0007901747
L-BFGS-B,822,1.1264159e-06,0.031966094,2.0073726e-06,0.00078972924
L-BFGS-B,823,1.1259899e-06,0.03200165,2.0020793e-06,0.0007892269
L-BFGS-B,824,1.1252595e-06,0.032050945,1.9939723e-06,0.00078839425
L-BFGS-B,825,1.127448e-06,0.032151245,1.9743325e-06,0.0007867795
L-BFGS-B,826,1.1251462e-06,0.032190338,1.9621605e-06,0.0007849994
L-BFGS-B,827,1.1309894e-06,0.032278866,1.9354218e-06,0.0007827503
L-BFGS-B,828,1.1227968e-06,0.032168623,1.9397194e-06,0.00078106363
L-BFGS-B,829,1.1235967e-06,0.032233197,1.9283045e-06,0.0007801172
L-BFGS-B,830,1.1198937e-06,0.032169558,1.9336626e-06,0.000779729
L-BFGS-B,831,1.1214403e-06,0.032244567,1.9243903e-06,0.00077932025
L-BFGS-B,832,1.1197413e-06,0.032223135,1.9254583e-06,0.0007790113
L-BFGS-B,833,1.1162278e-06,0.032126747,1.9328374e-06,0.00077862723
L-BFGS-B,834,1.1042241e-06,0.03198226,1.9805516e-06,0.0007825389
L-BFGS-B,835,1.1145211e-06,0.03208703,1.9368506e-06,0.00077857607
L-BFGS-B,836,1.1147124e-06,0.032060314,1.9369725e-06,0.00077835587
L-BFGS-B,837,1.1140551e-06,0.031984955,1.9403342e-06,0.0007780079
L-BFGS-B,838,1.1169938e-06,0.032007825,1.932945e-06,0.0007775691
L-BFGS-B,839,1.109998e-06,0.031768586,1.9506904e-06,0.00077678915
L-BFGS-B,840,1.1063385e-06,0.03178072,1.9483905e-06,0.0007760165
L-BFGS-B,841,1.1027669e-06,0.031835366,1.943088e-06,0.00077523186
L-BFGS-B,842,1.1207694e-06,0.032180518,1.9092436e-06,0.00077630713
L-BFGS-B,843,1.1072877e-06,0.031906627,1.93166e-06,0.0007749084
L-BFGS-B,844,1.1087085e-06,0.031904314,1.9253425e-06,0.0007741508
L-BFGS-B,845,1.1100507e-06,0.03187549,1.921479e-06,0.00077348435
L-BFGS-B,846,1.1134654e-06,0.031840913,1.9153508e-06,0.00077273155
L-BFGS-B,847,1.1161675e-06,0.03175146,1.9091124e-06,0.0007713066
L-BFGS-B,848,1.1037736e-06,0.031806953,2.047392e-06,0.0007907444
L-BFGS-B,849,1.1109623e-06,0.031636547,1.9196034e-06,0.00077095034
L-BFGS-B,850,1.106304e-06,0.03149073,1.923873e-06,0.00076943386
L-BFGS-B,851,1.0985856e-06,0.0313499,1.9309364e-06,0.00076792727
L-BFGS-B,852,1.0914899e-06,0.031273853,1.9366228e-06,0.00076695543
L-BFGS-B,853,1.0858718e-06,0.031252142,1.9403956e-06,0.0007664615
L-BFGS-B,854,1.1197995e-06,0.032543432,1.9082968e-06,0.0007796488
L-BFGS-B,855,1.0862406e-06,0.031316627,1.9347722e-06,0.0007663182
L-BFGS-B,856,1.085037e-06,0.03134493,1.9321567e-06,0.00076602836
L-BFGS-B,857,1.0862037e-06,0.0313278,1.9301256e-06,0.00076572737
L-BFGS-B,858,1.0888286e-06,0.03135055,1.92336e-06,0.00076533377
L-BFGS-B,859,1.0914805e-06,0.031396084,1.9134093e-06,0.0007646943
L-BFGS-B,860,1.091001e-06,0.031384714,1.911251e-06,0.0007641849
L-BFGS-B,861,1.0881174e-06,0.031306725,1.914274e-06,0.00076342595
L-BFGS-B,862,1.0848158e-06,0.031255394,1.9151926e-06,0.00076255517
L-BFGS-B,863,1.0726222e-06,0.03103639,1.9398951e-06,0.0007622415
L-BFGS-B,864,1.0770276e-06,0.031100398,1.9271304e-06,0.0007616277
L-BFGS-B,865,1.0812921e-06,0.03103656,1.9202453e-06,0.0007605962
L-BFGS-B,866,1.1174495e-06,0.03269924,1.8948512e-06,0.0007788375
L-BFGS-B,867,1.0832234e-06,0.031023925,1.916624e-06,0.0007602163
L-BFGS-B,868,1.0802289e-06,0.030926006,1.919944e-06,0.000759286
L-BFGS-B,869,1.087061e-06,0.030994732,1.904391e-06,0.00075866515
L-BFGS-B,870,1.0872421e-06,0.030980097,1.9012142e-06,0.00075806945
L-BFGS-B,871,1.0852992e-06,0.030919844,1.9026187e-06,0.0007573861
L-BFGS-B,872,1.0801979e-06,0.030810604,1.9117565e-06,0.0007568992
L-BFGS-B,873,1.094391e-06,0.030854093,1.9568768e-06,0.0007662311
L-BFGS-B,874,1.0790532e-06,0.030742725,1.9160811e-06,0.0007566974
L-BFGS-B,875,1.0778501e-06,0.030743165,1.9149882e-06,0.0007563574
L-BFGS-B,876,1.0790383e-06,0.030790776,1.9073557e-06,0.0007558669
L-BFGS-B,877,1.0883888e-06,0.030829744,1.8915813e-06,0.00075529295
L-BFGS-B,878,1.0898174e-06,0.030839598,1.8844047e-06,0.00075452926
L-BFGS-B,879,1.0993627e-06,0.03089758,1.8599092e-06,0.0007528666
L-BFGS-B,880,1.0808873e-06,0.030761626,1.9079803e-06,0.0007559464
L-BFGS-B,881,1.0941128e-06,0.030831702,1.8682097e-06,0.00075266534
L-BFGS-B,882,1.0972321e-06,0.030812899,1.8634126e-06,0.0007522257
L-BFGS-B,883,1.094902e-06,0.030740947,1.8689485e-06,0.00075198704
L-BFGS-B,884,1.0919919e-06,0.030659795,1.8751291e-06,0.0007516661
L-BFGS-B,885,1.087563e-06,0.030559232,1.881927e-06,0.00075101585
L-BFGS-B,886,1.0823273e-06,0.030442985,1.8858424e-06,0.0007496553
L-BFGS-B,887,1.0683054e-06,0.030317338,1.9088945e-06,0.0007497534
L-BFGS-B,888,1.0734403e-06,0.03031997,1.8957369e-06,0.0007485763
L-BFGS-B,889,1.0690047e-06,0.030219434,1.8873357e-06,0.0007456454
L-BFGS-B,890,1.0792847e-06,0.030564861,1.9064553e-06,0.0007535096
L-BFGS-B,891,1.0646115e-06,0.030111112,1.884072e-06,0.00074341364
L-BFGS-B,892,1.0627275e-06,0.030318242,1.9266747e-06,0.00075159274
L-BFGS-B,893,1.059105e-06,0.029974127,1.890333e-06,0.00074215693
L-BFGS-B,894,1.0542643e-06,0.029908016,1.8755468e-06,0.00073855184
L-BFGS-B,895,1.0669656e-06,0.03022939,1.8326518e-06,0.0007372365
L-BFGS-B,896,1.0578218e-06,0.029962862,1.8534057e-06,0.0007363127
L-BFGS-B,897,1.0559096e-06,0.029990265,1.8403239e-06,0.0007343376
L-BFGS-B,898,1.0597124e-06,0.029991081,1.8236734e-06,0.0007324187
L-BFGS-B,899,1.0482346e-06,0.029791096,1.8395938e-06,0.0007310852
L-BFGS-B,900,1.0528122e-06,0.0297381,1.8287207e-06,0.0007296109
L-BFGS-B,901,1.0296008e-06,0.029403655,1.8727782e-06,0.0007293934
L-BFGS-B,902,1.0169239e-06,0.02916644,1.8909249e-06,0.00072784175
L-BFGS-B,903,1.0310378e-06,0.029306112,1.8605617e-06,0.000726801
L-BFGS-B,904,1.0326075e-06,0.029185092,1.8603228e-06,0.00072579045
L-BFGS-B,905,1.0293969e-06,0.029151358,1.8597129e-06,0.0007248801
L-BFGS-B,906,1.0203337e-06,0.029025333,1.872989e-06,0.00072425173
L-BFGS-B,907,1.0037865e-06,0.029061424,1.8960326e-06,0.00072558713
L-BFGS-B,908,1.0137651e-06,0.02896571,1.8804325e-06,0.00072378677
L-BFGS-B,909,1.0120649e-06,0.028995011,1.8757665e-06,0.00072312483
L-BFGS-B,910,1.0129098e-06,0.029047823,1.8681245e-06,0.0007226334
L-BFGS-B,911,1.0019584e-06,0.02894399,1.9022126e-06,0.00072506553
L-BFGS-B,912,1.0098819e-06,0.028998962,1.8735285e-06,0.00072250114
L-BFGS-B,913,1.0078418e-06,0.028995818,1.8728293e-06,0.0007220588
L-BFGS-B,914,1.0081012e-06,0.029026266,1.8649107e-06,0.00072121446
L-BFGS-B,915,1.0088752e-06,0.029033476,1.8578503e-06,0.00072034355
L-BFGS-B,916,1.0027961e-06,0.02890917,1.8685964e-06,0.0007198006
L-BFGS-B,917,1.0033013e-06,0.028794061,1.8691379e-06,0.0007188065
L-BFGS-B,918,1.0041606e-06,0.028741105,1.8695144e-06,0.0007184623
L-BFGS-B,919,2.2962613e-06,0.075871974,2.6560003e-06,0.0015015589
L-BFGS-B,920,1.0054531e-06,0.02875542,1.8703696e-06,0.0007189276
L-BFGS-B,921,1.004158e-06,0.028736012,1.8695271e-06,0.00071841286
L-BFGS-B,922,1.0030592e-06,0.028711244,1.8696751e-06,0.0007180226
L-BFGS-B,923,1.0024298e-06,0.02871786,1.8662176e-06,0.0007174757
L-BFGS-B,924,1.0000464e-06,0.028677873,1.8663372e-06,0.0007167363
L-BFGS-B,925,9.973147e-07,0.028653655,1.8638414e-06,0.00071571
L-BFGS-B,926,9.982512e-07,0.028670313,1.8549217e-06,0.0007146791
L-BFGS-B,927,1.0016356e-06,0.02877935,1.8387467e-06,0.00071385084
L-BFGS-B,928,1.0059426e-06,0.028830288,1.8283082e-06,0.0007134405
L-BFGS-B,929,1.006564e-06,0.028809728,1.8266783e-06,0.0007130836
L-BFGS-B,930,1.0099383e-06,0.028858105,1.8185283e-06,0.000712851
L-BFGS-B,931,1.0120244e-06,0.028878193,1.8141321e-06,0.0007127054
L-BFGS-B,932,1.0109061e-06,0.028885039,1.8136807e-06,0.00071253837
L-BFGS-B,933,1.7421814e-06,0.04889574,2.2231268e-06,0.0010837537
L-BFGS-B,934,1.0176541e-06,0.02890959,1.8060568e-06,0.0007126525
L-BFGS-B,935,1.013291e-06,0.028890109,1.8104649e-06,0.00071246445
L-BFGS-B,936,1.0100305e-06,0.028758612,1.8243135e-06,0.0007127377
L-BFGS-B,937,1.0114097e-06,0.02882119,1.8153912e-06,0.0007122321
L-BFGS-B,938,1.006804e-06,0.028846188,1.8227137e-06,0.0007128895
L-BFGS-B,939,1.0088137e-06,0.028804058,1.8170878e-06,0.0007119258
L-BFGS-B,940,1.0240597e-06,0.02905594,1.7860134e-06,0.0007120704
L-BFGS-B,941,1.0151018e-06,0.02888957,1.8007262e-06,0.0007112699
L-BFGS-B,942,1.0132235e-06,0.028833067,1.8019321e-06,0.000710604
L-BFGS-B,943,1.0081218e-06,0.028644498,1.8081232e-06,0.00070888177
L-BFGS-B,944,1.0077084e-06,0.028669149,1.801022e-06,0.0007080011
L-BFGS-B,945,1.0022759e-06,0.028636022,1.7988042e-06,0.0007065222
L-BFGS-B,946,1.0058353e-06,0.02868951,1.7870373e-06,0.000705826
L-BFGS-B,947,1.0097016e-06,0.028755365,1.7728952e-06,0.00070494314
L-BFGS-B,948,1.0964603e-06,0.030232152,1.7620059e-06,0.0007310915
L-BFGS-B,949,1.0133521e-06,0.028740648,1.7679157e-06,0.00070459663
L-BFGS-B,950,1.014519e-06,0.028781295,1.7552014e-06,0.000703271
L-BFGS-B,951,1.0069185e-06,0.028691059,1.7548839e-06,0.000701181
L-BFGS-B,952,1.0047439e-06,0.02890063,1.7539724e-06,0.00070281373
L-BFGS-B,953,1.0035831e-06,0.028704729,1.7527278e-06,0.0007004939
L-BFGS-B,954,9.898482e-07,0.02854557,1.7671886e-06,0.00069901126
L-BFGS-B,955,9.741685e-07,0.028346347,1.7889257e-06,0.00069792755
L-BFGS-B,956,9.649486e-07,0.02824498,1.8031615e-06,0.0006976663
L-BFGS-B,957,9.667219e-07,0.028178679,1.8009453e-06,0.00069693686
L-BFGS-B,958,9.690218e-07,0.028201457,1.7941779e-06,0.0006964946
L-BFGS-B,959,9.750856e-07,0.028246924,1.7793869e-06,0.0006956401
L-BFGS-B,960,9.820147e-07,0.028329272,1.7603697e-06,0.00069465034
L-BFGS-B,961,9.771925e-07,0.02826445,1.7630988e-06,0.00069368817
L-BFGS-B,962,9.727413e-07,0.02827444,1.7586626e-06,0.000692455
L-BFGS-B,963,9.609087e-07,0.02816455,1.7734817e-06,0.0006918041
L-BFGS-B,964,9.666433e-07,0.028139375,1.762009e-06,0.0006906915
L-BFGS-B,965,9.739017e-07,0.028163891,1.7499818e-06,0.00069022144
L-BFGS-B,966,9.826293e-07,0.028276226,1.7312384e-06,0.0006898424
L-BFGS-B,967,9.802015e-07,0.028210683,1.7348758e-06,0.00068936846
L-BFGS-B,968,9.686472e-07,0.028035447,1.7587281e-06,0.0006894608
L-BFGS-B,969,9.746077e-07,0.028117774,1.7453121e-06,0.00068916567
L-BFGS-B,970,9.757458e-07,0.02813687,1.7417965e-06,0.000689
L-BFGS-B,971,9.75366e-07,0.02813656,1.7411373e-06,0.0006888411
L-BFGS-B,972,9.829203e-07,0.028146537,1.734776e-06,0.0006891198
L-BFGS-B,973,9.77513e-07,0.028122354,1.7390107e-06,0.0006887021
L-BFGS-B,974,9.759569e-07,0.028075142,1.7421844e-06,0.00068847265
L-BFGS-B,975,9.700373e-07,0.02791917,1.7552046e-06,0.000687978
L-BFGS-B,976,9.67988e-07,0.02783952,1.7615721e-06,0.0006878292
L-BFGS-B,977,9.678764e-07,0.027809065,1.7619747e-06,0.00068756833
L-BFGS-B,978,9.664159e-07,0.027759597,1.7640825e-06,0.0006871707
L-BFGS-B,979,9.640005e-07,0.027733391,1.7664555e-06,0.00068690226
L-BFGS-B,980,9.618587e-07,0.027692424,1.7695598e-06,0.000686637
L-BFGS-B,981,9.604848e-07,0.027668966,1.7716354e-06,0.0006865077
L-BFGS-B,982,9.605243e-07,0.02764895,1.7721039e-06,0.00068638375
L-BFGS-B,983,9.935288e-07,0.027891891,1.7921844e-06,0.0006967759
L-BFGS-B,984,9.616668e-07,0.027633874,1.7715383e-06,0.00068631954
L-BFGS-B,985,9.615014e-07,0.02760252,1.7723033e-06,0.0006860959
L-BFGS-B,986,9.619806e-07,0.027588489,1.7713783e-06,0.0006858887
L-BFGS-B,987,9.606669e-07,0.027575513,1.7719491e-06,0.00068564754
L-BFGS-B,988,9.595184e-07,0.02757471,1.7716321e-06,0.00068541965
L-BFGS-B,989,9.57431e-07,0.027576026,1.7725453e-06,0.0006852567
L-BFGS-B,990,9.560334e-07,0.027523974,1.7777832e-06,0.0006853122
L-BFGS-B,991,9.566883e-07,0.027550422,1.7746275e-06,0.0006852016
L-BFGS-B,992,9.560608e-07,0.02756246,1.7734332e-06,0.0006850487
L-BFGS-B,993,9.555525e-07,0.027586436,1.7704638e-06,0.0006847668
L-BFGS-B,994,9.563363e-07,0.027580794,1.7678127e-06,0.00068443024
L-BFGS-B,995,9.557673e-07,0.027591996,1.7652198e-06,0.000684068
L-BFGS-B,996,9.562128e-07,0.027562842,1.7653317e-06,0.0006838601
L-BFGS-B,997,9.56414e-07,0.02755197,1.7646414e-06,0.00068367796
L-BFGS-B,998,9.564665e-07,0.027538085,1.7637282e-06,0.00068341003
L-BFGS-B,999,9.569516e-07,0.027544906,1.7586646e-06,0.00068279146
L-BFGS-B,1000,9.560282e-07,0.027559422,1.7543018e-06,0.0006821437
L-BFGS-B,1001,9.56372e-07,0.027604805,1.7464232e-06,0.00068146735
L-BFGS-B,1002,9.535697e-07,0.027536117,1.7487519e-06,0.0006807094
L-BFGS-B,1003,9.482631e-07,0.027448287,1.7543772e-06,0.00067987887
L-BFGS-B,1004,9.537707e-07,0.027463878,1.7488053e-06,0.0006800252
L-BFGS-B,1005,9.499724e-07,0.0274318,1.7516248e-06,0.00067955756
L-BFGS-B,1006,9.471162e-07,0.027380127,1.7529601e-06,0.00067881274
L-BFGS-B,1007,9.422902e-07,0.027240995,1.7513923e-06,0.0006764623
L-BFGS-B,1008,9.53999e-07,0.027640961,1.7245486e-06,0.0006781918
L-BFGS-B,1009,9.4397166e-07,0.027315103,1.7408878e-06,0.00067587994
L-BFGS-B,1010,9.374116e-07,0.02717592,1.7500084e-06,0.0006748722
L-BFGS-B,1011,9.403395e-07,0.027159559,1.7420185e-06,0.00067394925
L-BFGS-B,1012,9.396676e-07,0.027211921,1.7354366e-06,0.0006733849
L-BFGS-B,1013,9.39273e-07,0.02719238,1.7324028e-06,0.0006726752
L-BFGS-B,1014,9.395047e-07,0.027188428,1.7286553e-06,0.00067210826
L-BFGS-B,1015,9.360629e-07,0.02716113,1.7278724e-06,0.00067120156
L-BFGS-B,1016,9.566554e-07,0.027489385,1.715799e-06,0.00067576196
L-BFGS-B,1017,9.373578e-07,0.02715464,1.7230356e-06,0.0006706054
L-BFGS-B,1018,9.3741545e-07,0.027096108,1.7182488e-06,0.0006693107
L-BFGS-B,1019,9.321717e-07,0.027025,1.7244364e-06,0.00066874124
L-BFGS-B,1020,9.3455213e-07,0.02699097,1.7199679e-06,0.00066808774
L-BFGS-B,1021,9.360923e-07,0.027019316,1.7130313e-06,0.00066756166
L-BFGS-B,1022,9.3382386e-07,0.0270144,1.7136846e-06,0.0006672703
L-BFGS-B,1023,9.354353e-07,0.027074182,1.7062303e-06,0.0006669917
L-BFGS-B,1024,9.33445e-07,0.02708596,1.7048869e-06,0.0006666094
L-BFGS-B,1025,9.4061147e-07,0.027271483,1.684275e-06,0.0006664478
L-BFGS-B,1026,9.391715e-07,0.027726758,1.7315026e-06,0.00067786867
L-BFGS-B,1027,9.387003e-07,0.027231798,1.688116e-06,0.00066634035
L-BFGS-B,1028,9.2995566e-07,0.027127681,1.6991775e-06,0.00066564674
L-BFGS-B,1029,9.237443e-07,0.027048359,1.7077056e-06,0.00066520105
L-BFGS-B,1030,9.155838e-07,0.026841883,1.7292998e-06,0.00066515134
L-BFGS-B,1031,9.1891906e-07,0.026926197,1.7175832e-06,0.0006647373
L-BFGS-B,1032,9.1729254e-07,0.02701783,1.7093681e-06,0.00066417735
L-BFGS-B,1033,9.1741356e-07,0.027032144,1.706153e-06,0.0006638564
L-BFGS-B,1034,9.165713e-07,0.027041093,1.704188e-06,0.0006635248
L-BFGS-B,1035,9.117469e-07,0.026979648,1.71115e-06,0.000663231
L-BFGS-B,1036,9.0648507e-07,0.02690565,1.718588e-06,0.0006628175
L-BFGS-B,1037,8.995106e-07,0.026802897,1.7298107e-06,0.00066242716
L-BFGS-B,1038,8.958495e-07,0.026767293,1.7329701e-06,0.00066199584
L-BFGS-B,1039,8.8980096e-07,0.026665762,1.7431066e-06,0.00066159375
L-BFGS-B,1040,8.8874725e-07,0.026674928,1.7407433e-06,0.0006611729
L-BFGS-B,1041,8.9282656e-07,0.026715584,1.7308347e-06,0.00066070503
L-BFGS-B,1042,8.936717e-07,0.02664267,1.7293247e-06,0.00065987615
L-BFGS-B,1043,8.937548e-07,0.02658522,1.728282e-06,0.0006591577
L-BFGS-B,1044,8.9279166e-07,0.026504336,1.7304332e-06,0.0006585271
L-BFGS-B,1045,8.845558e-07,0.02645398,1.7410241e-06,0.0006583768
L-BFGS-B,1046,8.819781e-07,0.026329119,1.7475886e-06,0.0006577262
L-BFGS-B,1047,8.81251e-07,0.026303696,1.7478532e-06,0.00065740256
L-BFGS-B,1048,8.792359e-07,0.026274154,1.7499412e-06,0.00065711816
L-BFGS-B,1049,8.750606e-07,0.026217788,1.7550284e-06,0.0006566912
L-BFGS-B,1050,8.631433e-07,0.02602513,1.7700282e-06,0.000655227
L-BFGS-B,1051,8.6326736e-07,0.026239611,1.7601756e-06,0.00065591256
L-BFGS-B,1052,8.622244e-07,0.026073907,1.7652636e-06,0.00065486226
L-BFGS-B,1053,8.6170695e-07,0.026423847,1.7497847e-06,0.00065596227
L-BFGS-B,1054,8.603283e-07,0.026143132,1.7575857e-06,0.0006541184
L-BFGS-B,1055,8.606034e-07,0.026159257,1.750701e-06,0.0006532882
L-BFGS-B,1056,8.632748e-07,0.026162032,1.738907e-06,0.0006519476
L-BFGS-B,1057,8.6575767e-07,0.026151376,1.7336946e-06,0.0006514316
L-BFGS-B,1058,8.6720956e-07,0.026141256,1.7305734e-06,0.00065108004
L-BFGS-B,1059,8.677381e-07,0.026129402,1.7286884e-06,0.000650758
L-BFGS-B,1060,8.6632383e-07,0.026105104,1.7286495e-06,0.00065029704
L-BFGS-B,1061,8.653981e-07,0.026087454,1.7277165e-06,0.00064984174
L-BFGS-B,1062,8.6288935e-07,0.02605611,1.730054e-06,0.0006495026
L-BFGS-B,1063,8.632438e-07,0.026044682,1.7290571e-06,0.0006492919
L-BFGS-B,1064,8.641835e-07,0.026041137,1.7274216e-06,0.0006491521
L-BFGS-B,1065,8.655987e-07,0.026039481,1.7251398e-06,0.0006490055
L-BFGS-B,1066,8.6848195e-07,0.026048368,1.7200134e-06,0.000648758
L-BFGS-B,1067,8.6989075e-07,0.026035741,1.7176583e-06,0.00064848975
L-BFGS-B,1068,8.75436e-07,0.02609749,1.7059782e-06,0.000648187
L-BFGS-B,1069,1.4482881e-06,0.04192323,2.2456156e-06,0.0009733179
L-BFGS-B,1070,8.730827e-07,0.02604316,1.7115493e-06,0.00064812636
L-BFGS-B,1071,8.759252e-07,0.026159732,1.7150229e-06,0.0006502395
L-BFGS-B,1072,8.7239573e-07,0.026040662,1.7113539e-06,0.0006479691
L-BFGS-B,1073,9.3060345e-07,0.027777987,1.7561222e-06,0.00068078865
L-BFGS-B,1074,8.7065075e-07,0.025996985,1.7144679e-06,0.00064773764
L-BFGS-B,1075,8.698423e-07,0.02598586,1.7118973e-06,0.00064711954
L-BFGS-B,1076,8.687681e-07,0.025968127,1.705884e-06,0.0006458791
L-BFGS-B,1077,8.6639625e-07,0.025869217,1.711169e-06,0.000645327
L-BFGS-B,1078,8.632825e-07,0.025780493,1.7176245e-06,0.000644941
L-BFGS-B,1079,8.6426974e-07,0.025811385,1.7130583e-06,0.00064471306
L-BFGS-B,1080,8.654884e-07,0.025835011,1.7091876e-06,0.00064455153
L-BFGS-B,1081,8.6327543e-07,0.02579436,1.7128081e-06,0.0006443561
L-BFGS-B,1082,8.599344e-07,0.025737578,1.7161711e-06,0.00064379163
L-BFGS-B,1083,8.561904e-07,0.025684396,1.7191635e-06,0.00064314704
L-BFGS-B,1084,8.559386e-07,0.02569458,1.7157263e-06,0.0006426956
L-BFGS-B,1085,8.546644e-07,0.025696872,1.713674e-06,0.00064221944
L-BFGS-B,1086,8.543038e-07,0.025754308,1.7083357e-06,0.000641939
L-BFGS-B,1087,8.526396e-07,0.025706472,1.7119995e-06,0.00064176053
L-BFGS-B,1088,8.5083497e-07,0.025673645,1.7153342e-06,0.0006416618
L-BFGS-B,1089,8.497597e-07,0.02564178,1.7178518e-06,0.0006415595
L-BFGS-B,1090,8.4888626e-07,0.025633205,1.7187083e-06,0.00064147124
L-BFGS-B,1091,8.454586e-07,0.025606958,1.7232585e-06,0.0006413772
L-BFGS-B,1092,8.4565767e-07,0.025584253,1.7236878e-06,0.00064124435
L-BFGS-B,1093,8.450771e-07,0.025540559,1.7262018e-06,0.00064109743
L-BFGS-B,1094,8.428076e-07,0.02548204,1.7315625e-06,0.0006409759
L-BFGS-B,1095,8.449611e-07,0.025460392,1.7301368e-06,0.00064086856
L-BFGS-B,1096,8.424103e-07,0.025429772,1.734481e-06,0.0006408314
L-BFGS-B,1097,8.440933e-07,0.025437215,1.7305036e-06,0.0006405617
L-BFGS-B,1098,8.452803e-07,0.025453849,1.7263217e-06,0.0006402788
L-BFGS-B,1099,8.5241606e-07,0.02550485,1.7161998e-06,0.00064034085
L-BFGS-B,1100,8.48231e-07,0.025464673,1.7215991e-06,0.00064012123
L-BFGS-B,1101,8.475346e-07,0.025473645,1.7202515e-06,0.0006399044
L-BFGS-B,1102,8.4707216e-07,0.025474684,1.7191662e-06,0.00063968264
L-BFGS-B,1103,8.4780135e-07,0.025495443,1.7152372e-06,0.0006394102
L-BFGS-B,1104,8.478607e-07,0.025515107,1.712286e-06,0.0006391731
L-BFGS-B,1105,8.473467e-07,0.025499007,1.7116697e-06,0.0006388426
L-BFGS-B,1106,8.47628e-07,0.025483377,1.7087814e-06,0.0006382952
L-BFGS-B,1107,8.4344794e-07,0.025427591,1.7136605e-06,0.0006378422
L-BFGS-B,1108,8.374285e-07,0.025390748,1.7193612e-06,0.0006374259
L-BFGS-B,1109,8.2417046e-07,0.025176648,1.7453438e-06,0.00063719356
L-BFGS-B,1110,8.2322543e-07,0.025184777,1.7413875e-06,0.00063653965
L-BFGS-B,1111,8.290899e-07,0.025291812,1.7279947e-06,0.0006364808
L-BFGS-B,1112,8.2540674e-07,0.025215285,1.734503e-06,0.0006361393
L-BFGS-B,1113,8.250399e-07,0.025172563,1.733725e-06,0.00063554035
L-BFGS-B,1114,8.4279367e-07,0.026103664,1.7244307e-06,0.0006461203
L-BFGS-B,1115,8.2511906e-07,0.02518573,1.7319023e-06,0.00063541054
L-BFGS-B,1116,8.208923e-07,0.02502595,1.7431728e-06,0.00063486927
L-BFGS-B,1117,8.2029015e-07,0.025032317,1.74012e-06,0.0006343847
L-BFGS-B,1118,8.176939e-07,0.025012651,1.7384513e-06,0.00063354825
L-BFGS-B,1119,8.176873e-07,0.024965288,1.7363708e-06,0.00063276157
L-BFGS-B,1120,8.165521e-07,0.024899906,1.7371381e-06,0.00063205254
L-BFGS-B,1121,8.167346e-07,0.024837209,1.7374825e-06,0.0006315047
L-BFGS-B,1122,8.181176e-07,0.024842888,1.7326723e-06,0.00063104735
L-BFGS-B,1123,8.177745e-07,0.024850419,1.7295217e-06,0.00063059863
L-BFGS-B,1124,8.16751e-07,0.02484045,1.7277084e-06,0.00063007337
L-BFGS-B,1125,8.1384024e-07,0.024780912,1.7296154e-06,0.00062932743
L-BFGS-B,1126,8.0774913e-07,0.024723977,1.7363379e-06,0.00062885287
L-BFGS-B,1127,8.0399235e-07,0.02461533,1.7434563e-06,0.00062827056
L-BFGS-B,1128,8.044834e-07,0.024596127,1.7407269e-06,0.00062774285
L-BFGS-B,1129,8.0483727e-07,0.024600996,1.7363149e-06,0.0006271828
L-BFGS-B,1130,8.042872e-07,0.024613965,1.7335349e-06,0.000626813
L-BFGS-B,1131,8.041336e-07,0.024645032,1.7295116e-06,0.0006264971
L-BFGS-B,1132,8.024577e-07,0.024632389,1.7299166e-06,0.00062618003
L-BFGS-B,1133,8.030988e-07,0.024636464,1.7277413e-06,0.0006259907
L-BFGS-B,1134,8.0330386e-07,0.024642138,1.7255364e-06,0.0006257474
L-BFGS-B,1135,8.031063e-07,0.024649404,1.7236417e-06,0.0006255063
L-BFGS-B,1136,8.026715e-07,0.024639132,1.7233938e-06,0.0006253011
L-BFGS-B,1137,8.0101216e-07,0.024596795,1.7252577e-06,0.00062490837
L-BFGS-B,1138,7.985198e-07,0.024556054,1.7288809e-06,0.00062467065
L-BFGS-B,1139,8.198176e-07,0.024815088,1.745378e-06,0.0006329302
L-BFGS-B,1140,7.996522e-07,0.024518637,1.7287905e-06,0.0006244527
L-BFGS-B,1141,7.9228136e-07,0.024400467,1.7440209e-06,0.00062445004
L-BFGS-B,1142,7.954951e-07,0.024449196,1.7361771e-06,0.00062424276
L-BFGS-B,1143,7.9447585e-07,0.024306342,1.7463273e-06,0.0006241839
L-BFGS-B,1144,8.0288254e-07,0.024449565,1.7330219e-06,0.0006248813
L-BFGS-B,1145,7.96405e-07,0.024329005,1.7415362e-06,0.00062398124
L-BFGS-B,1146,7.9635754e-07,0.024350055,1.7377176e-06,0.00062361185
L-BFGS-B,1147,7.956316e-07,0.024361784,1.7352961e-06,0.000623257
L-BFGS-B,1148,7.941548e-07,0.024338638,1.7344835e-06,0.00062268216
L-BFGS-B,1149,7.935226e-07,0.02433166,1.7310773e-06,0.00062200654
L-BFGS-B,1150,8.0359655e-07,0.024462745,1.7169237e-06,0.0006227055
L-BFGS-B,1151,7.9580013e-07,0.024349451,1.7257364e-06,0.000621725
L-BFGS-B,1152,7.8007713e-07,0.024259562,1.7474899e-06,0.0006217307
L-BFGS-B,1153,7.8680154e-07,0.024267843,1.7354516e-06,0.00062101637
L-BFGS-B,1154,7.8823143e-07,0.024310714,1.7304609e-06,0.000620911
L-BFGS-B,1155,7.880817e-07,0.024302905,1.7266749e-06,0.00062024256
L-BFGS-B,1156,7.883021e-07,0.02428348,1.7251643e-06,0.0006198548
L-BFGS-B,1157,7.852579e-07,0.024217263,1.7301395e-06,0.00061948225
L-BFGS-B,1158,7.837868e-07,0.02418443,1.7314763e-06,0.00061913376
L-BFGS-B,1159,7.8198514e-07,0.024177095,1.7316275e-06,0.00061881286
L-BFGS-B,1160,7.79862e-07,0.024140699,1.7326104e-06,0.0006182778
L-BFGS-B,1161,8.021262e-07,0.024656413,1.714882e-06,0.00062411535
L-BFGS-B,1162,7.812678e-07,0.024153072,1.7292284e-06,0.0006181052
L-BFGS-B,1163,7.812509e-07,0.024174511,1.7238858e-06,0.00061751564
L-BFGS-B,1164,7.812778e-07,0.024225986,1.7135421e-06,0.0006164828
L-BFGS-B,1165,7.806246e-07,0.024215287,1.7095506e-06,0.0006156792
L-BFGS-B,1166,7.769927e-07,0.024191147,1.70238e-06,0.00061381736
L-BFGS-B,1167,7.691783e-07,0.024105182,1.7067188e-06,0.0006124364
L-BFGS-B,1168,7.6800745e-07,0.02404992,1.7041854e-06,0.00061132805
L-BFGS-B,1169,7.5528015e-07,0.023905477,1.7197809e-06,0.0006103139
L-BFGS-B,1170,7.592303e-07,0.024000093,1.7020224e-06,0.0006091888
L-BFGS-B,1171,7.623506e-07,0.02403003,1.688191e-06,0.0006078815
L-BFGS-B,1172,7.57411e-07,0.024037225,1.6853032e-06,0.00060677936
L-BFGS-B,1173,7.4742906e-07,0.02398703,1.693611e-06,0.0006060263
L-BFGS-B,1174,7.498962e-07,0.023978436,1.6872548e-06,0.000605357
L-BFGS-B,1175,7.455869e-07,0.023842672,1.7003866e-06,0.00060532277
L-BFGS-B,1176,7.472223e-07,0.023893265,1.6934652e-06,0.0006050358
L-BFGS-B,1177,7.472553e-07,0.023895703,1.6910299e-06,0.00060469983
L-BFGS-B,1178,7.461935e-07,0.023854595,1.6900109e-06,0.0006039766
L-BFGS-B,1179,7.4302864e-07,0.023817386,1.6912471e-06,0.0006033152
L-BFGS-B,1180,7.3962644e-07,0.023731003,1.695039e-06,0.0006025098
L-BFGS-B,1181,7.334052e-07,0.023556475,1.7052237e-06,0.00060135906
L-BFGS-B,1182,7.30285e-07,0.023531506,1.7071832e-06,0.0006009353
L-BFGS-B,1183,7.2844483e-07,0.023541536,1.7058346e-06,0.0006005573
L-BFGS-B,1184,7.2467856e-07,0.0235247,1.7094867e-06,0.00060037174
L-BFGS-B,1185,7.25926e-07,0.023572905,1.7034587e-06,0.0006001367
L-BFGS-B,1186,7.258294e-07,0.023592386,1.701106e-06,0.0005999642
L-BFGS-B,1187,7.270689e-07,0.023619385,1.6966142e-06,0.00059974636
L-BFGS-B,1188,7.264119e-07,0.023609806,1.6957825e-06,0.00059942727
L-BFGS-B,1189,7.315201e-07,0.023645792,1.6866288e-06,0.00059918023
L-BFGS-B,1190,7.288954e-07,0.023549056,1.6932258e-06,0.00059880875
L-BFGS-B,1191,7.2998813e-07,0.023548927,1.6902437e-06,0.00059852406
L-BFGS-B,1192,7.303654e-07,0.023514869,1.6878747e-06,0.0005978847
L-BFGS-B,1193,7.332896e-07,0.023497036,1.6817172e-06,0.00059722137
L-BFGS-B,1194,7.983468e-07,0.029589701,1.7435783e-06,0.0006771858
L-BFGS-B,1195,7.3231e-07,0.023452591,1.6848003e-06,0.00059709244
L-BFGS-B,1196,7.291301e-07,0.023332637,1.6882096e-06,0.00059592735
L-BFGS-B,1197,7.246648e-07,0.023253327,1.694145e-06,0.0005953547
L-BFGS-B,1198,7.1952337e-07,0.023139566,1.7038913e-06,0.00059490785
L-BFGS-B,1199,7.167782e-07,0.023101294,1.7063926e-06,0.0005944885
L-BFGS-B,1200,7.160809e-07,0.023075834,1.7054521e-06,0.0005939883
L-BFGS-B,1201,7.1661196e-07,0.023098376,1.7013916e-06,0.0005936843
L-BFGS-B,1202,7.2330124e-07,0.023161467,1.6893268e-06,0.0005935089
L-BFGS-B,1203,7.246809e-07,0.02321893,1.6846209e-06,0.00059358455
L-BFGS-B,1204,7.234889e-07,0.023174806,1.6857364e-06,0.0005931319
L-BFGS-B,1205,7.377559e-07,0.02446379,1.7191592e-06,0.00061317516
L-BFGS-B,1206,7.212802e-07,0.023185523,1.6857229e-06,0.0005929057
L-BFGS-B,1207,7.1712503e-07,0.023134632,1.6901998e-06,0.000592445
L-BFGS-B,1208,7.1376536e-07,0.023109144,1.6917159e-06,0.0005919136
L-BFGS-B,1209,7.1484476e-07,0.02309965,1.6901522e-06,0.00059174607
L-BFGS-B,1210,7.139067e-07,0.023063727,1.6923906e-06,0.00059158186
L-BFGS-B,1211,7.133767e-07,0.023039017,1.6939606e-06,0.00059149077
L-BFGS-B,1212,7.132437e-07,0.023020085,1.6948414e-06,0.0005914136
L-BFGS-B,1213,7.1383306e-07,0.023002442,1.6944539e-06,0.0005912675
L-BFGS-B,1214,7.148864e-07,0.022987032,1.6932324e-06,0.00059108814
L-BFGS-B,1215,7.1660963e-07,0.022982309,1.690108e-06,0.0005908307
L-BFGS-B,1216,7.1686856e-07,0.022989277,1.7098972e-06,0.00059390767
L-BFGS-B,1217,7.1571117e-07,0.022962434,1.6917493e-06,0.0005907434
L-BFGS-B,1218,7.1661026e-07,0.02295018,1.6893517e-06,0.0005903961
L-BFGS-B,1219,7.168799e-07,0.022973945,1.6831941e-06,0.00058975053
L-BFGS-B,1220,7.1786815e-07,0.022941414,1.6794088e-06,0.00058900565
L-BFGS-B,1221,7.166869e-07,0.023212962,1.6799911e-06,0.0005916313
L-BFGS-B,1222,7.15587e-07,0.022950793,1.6785112e-06,0.00058862264
L-BFGS-B,1223,7.1578427e-07,0.023029301,1.6700354e-06,0.00058816595
L-BFGS-B,1224,7.1565614e-07,0.023044018,1.6653504e-06,0.0005875912
L-BFGS-B,1225,7.1352605e-07,0.0228755,1.6732963e-06,0.0005867784
L-BFGS-B,1226,7.137503e-07,0.022873221,1.6714322e-06,0.0005865096
L-BFGS-B,1227,7.4143804e-07,0.022952093,1.7158993e-06,0.00059812155
L-BFGS-B,1228,7.1356806e-07,0.022828728,1.6738653e-06,0.00058640225
L-BFGS-B,1229,7.1235485e-07,0.022851262,1.6689739e-06,0.0005857119
L-BFGS-B,1230,7.150214e-07,0.022834793,1.6645063e-06,0.0005852771
L-BFGS-B,1231,7.1745023e-07,0.022776144,1.6625621e-06,0.00058476324
L-BFGS-B,1232,7.157762e-07,0.022718353,1.6660964e-06,0.0005844644
L-BFGS-B,1233,7.132712e-07,0.022702849,1.6692705e-06,0.00058440975
L-BFGS-B,1234,7.1426933e-07,0.022703065,1.6677518e-06,0.0005843338
L-BFGS-B,1235,7.129943e-07,0.022656277,1.6714481e-06,0.0005842291
L-BFGS-B,1236,7.106531e-07,0.022604436,1.6763564e-06,0.0005840958
L-BFGS-B,1237,7.098691e-07,0.022613533,1.6753971e-06,0.0005839253
L-BFGS-B,1238,7.116319e-07,0.02261706,1.6710577e-06,0.00058357406
L-BFGS-B,1239,7.123741e-07,0.02258276,1.6690813e-06,0.0005830459
L-BFGS-B,1240,7.1293414e-07,0.022537548,1.667833e-06,0.0005824906
L-BFGS-B,1241,7.1535885e-07,0.022510136,1.66693e-06,0.0005824447
L-BFGS-B,1242,7.136426e-07,0.022503953,1.6671837e-06,0.00058216345
L-BFGS-B,1243,7.123809e-07,0.022424396,1.6704773e-06,0.00058167265
L-BFGS-B,1244,7.116945e-07,0.022402974,1.6706078e-06,0.0005813751
L-BFGS-B,1245,7.103637e-07,0.022382313,1.6705737e-06,0.0005809637
L-BFGS-B,1246,7.128961e-07,0.022401026,1.664648e-06,0.0005806419
L-BFGS-B,1247,7.139444e-07,0.022343291,1.6664713e-06,0.0005804953
L-BFGS-B,1248,7.340336e-07,0.022698179,1.6311706e-06,0.0005817624
L-BFGS-B,1249,7.182442e-07,0.022413636,1.6558673e-06,0.0005802531
L-BFGS-B,1250,7.1874683e-07,0.022400014,1.653283e-06,0.00057980465
L-BFGS-B,1251,7.189669e-07,0.022391517,1.6517386e-06,0.000579521
L-BFGS-B,1252,7.193732e-07,0.022375485,1.6504029e-06,0.0005792213
L-BFGS-B,1253,7.207885e-07,0.022402888,1.6457634e-06,0.0005790116
L-BFGS-B,1254,7.205263e-07,0.022392219,1.6444769e-06,0.0005786727
L-BFGS-B,1255,7.197718e-07,0.022399934,1.642469e-06,0.0005783355
L-BFGS-B,1256,7.184985e-07,0.022415703,1.63928e-06,0.00057782384
L-BFGS-B,1257,7.180106e-07,0.022488892,1.6358769e-06,0.00057797204
L-BFGS-B,1258,7.179543e-07,0.022434033,1.6374356e-06,0.00057764887
L-BFGS-B,1259,7.193367e-07,0.022492211,1.6397402e-06,0.0005787836
L-BFGS-B,1260,7.168514e-07,0.022406505,1.637357e-06,0.00057719625
L-BFGS-B,1261,7.1652727e-07,0.022399696,1.6361225e-06,0.0005768944
L-BFGS-B,1262,7.160097e-07,0.02238912,1.6342595e-06,0.0005764316
L-BFGS-B,1263,7.1562874e-07,0.022386635,1.6333219e-06,0.0005762089
L-BFGS-B,1264,7.115614e-07,0.022374297,1.6358149e-06,0.00057584944
L-BFGS-B,1265,7.13987e-07,0.022380425,1.6308359e-06,0.00057552767
L-BFGS-B,1266,7.1255596e-07,0.02236416,1.6315017e-06,0.00057525025
L-BFGS-B,1267,7.079967e-07,0.022289054,1.6376943e-06,0.0005747442
L-BFGS-B,1268,7.0637566e-07,0.022263572,1.6386072e-06,0.0005743832
L-BFGS-B,1269,7.030342e-07,0.02216286,1.6464643e-06,0.0005740534
L-BFGS-B,1270,7.001421e-07,0.02204567,1.6551152e-06,0.00057374535
L-BFGS-B,1271,7.0199866e-07,0.022130802,1.6569738e-06,0.00057515386
L-BFGS-B,1272,6.9972515e-07,0.022036413,1.6555043e-06,0.00057364855
L-BFGS-B,1273,6.983032e-07,0.021930514,1.6618079e-06,0.0005733218
L-BFGS-B,1274,6.9763735e-07,0.02183186,1.6666387e-06,0.00057296
L-BFGS-B,1275,6.963159e-07,0.021775171,1.6701772e-06,0.00057272566
L-BFGS-B,1276,6.971322e-07,0.021793254,1.6670663e-06,0.00057256233
L-BFGS-B,1277,7.000882e-07,0.021930285,1.6654876e-06,0.00057413924
L-BFGS-B,1278,6.969066e-07,0.021799719,1.6662341e-06,0.00057246827
L-BFGS-B,1279,6.9760324e-07,0.0218113,1.6626855e-06,0.00057215634
L-BFGS-B,1280,6.969389e-07,0.021785785,1.6617406e-06,0.00057165977
L-BFGS-B,1281,6.948142e-07,0.021693438,1.6665166e-06,0.00057113403
L-BFGS-B,1282,6.9199166e-07,0.021610465,1.673364e-06,0.00057090796
L-BFGS-B,1283,6.897899e-07,0.021522915,1.6785159e-06,0.000570475
L-BFGS-B,1284,6.8978926e-07,0.021503588,1.6784205e-06,0.0005702673
L-BFGS-B,1285,6.833449e-07,0.021410946,1.6908845e-06,0.00057024386
L-BFGS-B,1286,6.8627367e-07,0.02145035,1.6844116e-06,0.0005701063
L-BFGS-B,1287,6.878196e-07,0.021467535,1.6792934e-06,0.0005697423
L-BFGS-B,1288,6.8734505e-07,0.021468189,1.6777725e-06,0.0005694495
L-BFGS-B,1289,6.86197e-07,0.021482587,1.675196e-06,0.00056903483
L-BFGS-B,1290,6.926082e-07,0.021555815,1.6660408e-06,0.0005693555
L-BFGS-B,1291,6.8797067e-07,0.021493116,1.6716895e-06,0.0005688802
L-BFGS-B,1292,6.8771305e-07,0.021581784,1.6745329e-06,0.00057015475
L-BFGS-B,1293,6.8737796e-07,0.021494279,1.6712788e-06,0.0005687413
L-BFGS-B,1294,6.841392e-07,0.02145435,1.6745358e-06,0.0005683447
L-BFGS-B,1295,6.833358e-07,0.021451436,1.6684561e-06,0.00056728313
L-BFGS-B,1296,6.835328e-07,0.021812597,1.7141248e-06,0.0005777746
L-BFGS-B,1297,6.78756e-07,0.021388598,1.6742915e-06,0.0005668431
L-BFGS-B,1298,6.7798237e-07,0.021375168,1.6708196e-06,0.00056607195
L-BFGS-B,1299,6.62638e-07,0.021223638,1.7007326e-06,0.000566742
L-BFGS-B,1300,6.689688e-07,0.02122666,1.683271e-06,0.00056510256
L-BFGS-B,1301,6.652858e-07,0.021185718,1.6848533e-06,0.00056437805
L-BFGS-B,1302,6.64409e-07,0.02114413,1.6821351e-06,0.0005634229
L-BFGS-B,1303,6.6036165e-07,0.021027094,1.6907085e-06,0.0005629314
L-BFGS-B,1304,6.6237266e-07,0.020988736,1.6883664e-06,0.00056249823
L-BFGS-B,1305,6.7300397e-07,0.021534184,1.7765167e-06,0.0005827699
L-BFGS-B,1306,6.573092e-07,0.020867582,1.6991119e-06,0.000562139
L-BFGS-B,1307,6.5026194e-07,0.020820253,1.7035176e-06,0.00056126947
L-BFGS-B,1308,6.5134884e-07,0.020817595,1.6962045e-06,0.0005603089
L-BFGS-B,1309,6.5402367e-07,0.020820448,1.6843882e-06,0.0005589663
L-BFGS-B,1310,6.5883484e-07,0.020899829,1.6722591e-06,0.00055866234
L-BFGS-B,1311,6.5339196e-07,0.020819336,1.6768855e-06,0.000557735
L-BFGS-B,1312,6.50236e-07,0.020772213,1.6791562e-06,0.00055713096
L-BFGS-B,1313,6.472218e-07,0.020743193,1.6790799e-06,0.00055637717
L-BFGS-B,1314,6.4331863e-07,0.020767668,1.674266e-06,0.00055531436
L-BFGS-B,1315,6.467471e-07,0.020867847,1.698481e-06,0.00056046265
L-BFGS-B,1316,6.426948e-07,0.020729762,1.676247e-06,0.0005551389
L-BFGS-B,1317,6.441296e-07,0.02079366,1.6670447e-06,0.0005546127
L-BFGS-B,1318,6.420054e-07,0.02082035,1.6649346e-06,0.0005542445
L-BFGS-B,1319,6.440518e-07,0.020847809,1.6591056e-06,0.0005539517
L-BFGS-B,1320,6.459784e-07,0.02085367,1.6544595e-06,0.0005536024
L-BFGS-B,1321,6.4765794e-07,0.020877045,1.6486009e-06,0.0005532093
L-BFGS-B,1322,6.4647844e-07,0.020893525,1.6467884e-06,0.0005529253
L-BFGS-B,1323,6.4151175e-07,0.020854749,1.6589476e-06,0.0005536164
L-BFGS-B,1324,6.445158e-07,0.020860868,1.6500667e-06,0.00055279606
L-BFGS-B,1325,6.4358204e-07,0.020831559,1.6511078e-06,0.0005525191
L-BFGS-B,1326,6.4087203e-07,0.020802202,1.6533198e-06,0.00055215077
L-BFGS-B,1327,6.3717266e-07,0.020709423,1.6581901e-06,0.0005513986
L-BFGS-B,1328,6.345407e-07,0.020592803,1.6640353e-06,0.00055071444
L-BFGS-B,1329,6.313055e-07,0.020503422,1.6647724e-06,0.0005494459
L-BFGS-B,1330,6.3303276e-07,0.020450456,1.6591874e-06,0.0005483376
L-BFGS-B,1331,6.5900485e-07,0.021340225,1.6290502e-06,0.0005566105
L-BFGS-B,1332,6.3352013e-07,0.020485539,1.6545519e-06,0.0005480662
L-BFGS-B,1333,6.352059e-07,0.02046363,1.649345e-06,0.00054731895
L-BFGS-B,1334,6.3481207e-07,0.020428324,1.6496963e-06,0.00054695946
L-BFGS-B,1335,6.3357834e-07,0.02043673,1.6475678e-06,0.0005465392
L-BFGS-B,1336,6.277518e-07,0.020413607,1.6524068e-06,0.00054615986
L-BFGS-B,1337,6.242872e-07,0.020349104,1.6577332e-06,0.0005457941
L-BFGS-B,1338,6.199055e-07,0.02034408,1.6600351e-06,0.00054543186
L-BFGS-B,1339,6.186211e-07,0.020235268,1.6655578e-06,0.00054497947
L-BFGS-B,1340,6.4068945e-07,0.020625604,1.6226065e-06,0.00054575043
L-BFGS-B,1341,6.2542205e-07,0.020344127,1.6490359e-06,0.00054460997
L-BFGS-B,1342,6.250831e-07,0.020330563,1.6464232e-06,0.0005440316
L-BFGS-B,1343,6.227342e-07,0.020316266,1.6456822e-06,0.0005434251
L-BFGS-B,1344,6.1505307e-07,0.020294242,1.6480709e-06,0.000542411
L-BFGS-B,1345,6.485716e-07,0.022524932,1.6990824e-06,0.0005773974
L-BFGS-B,1346,6.1456376e-07,0.020264374,1.6489992e-06,0.00054217817
L-BFGS-B,1347,6.1108096e-07,0.020200761,1.653029e-06,0.00054162415
L-BFGS-B,1348,6.001008e-07,0.020059949,1.6720584e-06,0.00054142333
L-BFGS-B,1349,6.04805e-07,0.020094879,1.6622903e-06,0.0005410131
L-BFGS-B,1350,6.035869e-07,0.020038905,1.6636193e-06,0.00054047
L-BFGS-B,1351,6.056012e-07,0.020026624,1.6605866e-06,0.0005401944
L-BFGS-B,1352,6.075256e-07,0.020020809,1.6567558e-06,0.00053985027
L-BFGS-B,1353,6.097021e-07,0.020026656,1.6526101e-06,0.0005396134
L-BFGS-B,1354,6.1067453e-07,0.019985601,1.6518762e-06,0.00053923856
L-BFGS-B,1355,6.7347924e-07,0.021280108,1.6122364e-06,0.0005556584
L-BFGS-B,1356,6.125734e-07,0.020029688,1.6462266e-06,0.0005391169
L-BFGS-B,1357,6.119382e-07,0.019883204,1.6603982e-06,0.00053968246
L-BFGS-B,1358,6.117108e-07,0.019960914,1.6504633e-06,0.00053893524
L-BFGS-B,1359,6.107584e-07,0.019936793,1.6503232e-06,0.0005385302
L-BFGS-B,1360,6.083621e-07,0.019900037,1.6519438e-06,0.00053804624
L-BFGS-B,1361,6.123304e-07,0.020097028,1.6607252e-06,0.0005419286
L-BFGS-B,1362,6.0800164e-07,0.01989758,1.6522883e-06,0.0005380193
L-BFGS-B,1363,6.0733544e-07,0.019883355,1.652802e-06,0.00053785415
L-BFGS-B,1364,6.057945e-07,0.019882793,1.6532318e-06,0.00053768186
L-BFGS-B,1365,6.1789524e-07,0.020086683,1.6447846e-06,0.0005402688
L-BFGS-B,1366,6.0668276e-07,0.01988696,1.6517207e-06,0.0005376301
L-BFGS-B,1367,6.062634e-07,0.01988934,1.651195e-06,0.0005375121
L-BFGS-B,1368,6.3738486e-07,0.020429958,1.6514168e-06,0.0005476198
L-BFGS-B,1369,6.0702473e-07,0.019865204,1.6511808e-06,0.0005373829
L-BFGS-B,1370,6.0540833e-07,0.019852394,1.6503944e-06,0.0005368943
L-BFGS-B,1371,6.0351965e-07,0.019830985,1.6510232e-06,0.0005364913
L-BFGS-B,1372,6.016449e-07,0.01980653,1.6503747e-06,0.0005358682
L-BFGS-B,1373,5.9974667e-07,0.019783573,1.6500923e-06,0.0005353116
L-BFGS-B,1374,5.984452e-07,0.019747484,1.6477964e-06,0.00053441105
L-BFGS-B,1375,6.0088735e-07,0.019760737,1.6363349e-06,0.0005331907
L-BFGS-B,1376,5.953511e-07,0.01974262,1.6414301e-06,0.00053294335
L-BFGS-B,1377,6.04567e-07,0.019779406,1.6343155e-06,0.0005336264
L-BFGS-B,1378,5.9760197e-07,0.019724222,1.6381912e-06,0.00053261116
L-BFGS-B,1379,5.890418e-07,0.019608177,1.6551645e-06,0.0005327127
L-BFGS-B,1380,5.9219394e-07,0.019634912,1.6453646e-06,0.00053198286
L-BFGS-B,1381,5.934559e-07,0.01963443,1.6395571e-06,0.00053129625
L-BFGS-B,1382,5.9825544e-07,0.019700456,1.6271957e-06,0.0005308222
L-BFGS-B,1383,5.9508807e-07,0.01973588,1.6253595e-06,0.0005304259
L-BFGS-B,1384,5.9544044e-07,0.019663358,1.6264977e-06,0.0005299243
L-BFGS-B,1385,5.8826885e-07,0.01955242,1.6380793e-06,0.00052947644
L-BFGS-B,1386,5.883643e-07,0.01954988,1.6372751e-06,0.0005293447
L-BFGS-B,1387,5.8676426e-07,0.019515267,1.6399011e-06,0.00052915246
L-BFGS-B,1388,5.8610016e-07,0.019472785,1.6420998e-06,0.0005289578
L-BFGS-B,1389,5.8390015e-07,0.01934907,1.6511999e-06,0.0005287557
L-BFGS-B,1390,9.1225644e-07,0.03667731,1.9361446e-06,0.00079403317
L-BFGS-B,1391,5.769676e-07,0.019190064,1.6670442e-06,0.0005285024
L-BFGS-B,1392,5.78754e-07,0.019259218,1.6554189e-06,0.0005277181
L-BFGS-B,1393,5.789028e-07,0.019294491,1.6481375e-06,0.000527001
L-BFGS-B,1394,5.776594e-07,0.019288404,1.646694e-06,0.0005265371
L-BFGS-B,1395,5.756899e-07,0.019246915,1.649944e-06,0.00052631425
L-BFGS-B,1396,5.7186446e-07,0.01918648,1.6581339e-06,0.00052636454
L-BFGS-B,1397,5.7379106e-07,0.019211242,1.6535865e-06,0.000526219
L-BFGS-B,1398,5.7265635e-07,0.019182604,1.655822e-06,0.0005260978
L-BFGS-B,1399,5.712625e-07,0.01915929,1.6582213e-06,0.0005260155
L-BFGS-B,1400,5.712864e-07,0.019152747,1.658149e-06,0.00052594277
L-BFGS-B,1401,5.706569e-07,0.019164527,1.6575758e-06,0.00052588014
L-BFGS-B,1402,5.721381e-07,0.019175202,1.6589942e-06,0.0005264218
L-BFGS-B,1403,5.7070656e-07,0.019159542,1.6576276e-06,0.00052584556
L-BFGS-B,1404,5.708445e-07,0.01917122,1.6563575e-06,0.0005257925
L-BFGS-B,1405,5.705966e-07,0.01920951,1.6529771e-06,0.0005256311
L-BFGS-B,1406,5.6994156e-07,0.019205205,1.6528801e-06,0.00052547525
L-BFGS-B,1407,5.692207e-07,0.019221855,1.6504875e-06,0.0005251748
L-BFGS-B,1408,5.6676555e-07,0.01918695,1.6520444e-06,0.00052469096
L-BFGS-B,1409,5.6623446e-07,0.01915692,1.6498827e-06,0.00052398676
L-BFGS-B,1410,5.649872e-07,0.019075619,1.6576074e-06,0.0005241454
L-BFGS-B,1411,5.6499863e-07,0.019096471,1.6524829e-06,0.00052358693
L-BFGS-B,1412,5.5371015e-07,0.019226428,1.6678867e-06,0.0005255038
L-BFGS-B,1413,5.595298e-07,0.019080948,1.6551987e-06,0.00052301877
L-BFGS-B,1414,3.7563384e-06,0.12924606,3.9035936e-06,0.0024414503
L-BFGS-B,1415,5.5623866e-07,0.019129962,1.6600343e-06,0.00052374054
L-BFGS-B,1416,5.580038e-07,0.019077877,1.6560989e-06,0.0005228942
L-BFGS-B,1417,5.5563777e-07,0.019003691,1.6572183e-06,0.0005219653
L-BFGS-B,1418,5.600835e-07,0.018975567,1.65192e-06,0.0005215562
L-BFGS-B,1419,5.617422e-07,0.01896914,1.6451236e-06,0.00052072125
L-BFGS-B,1420,5.6069854e-07,0.018971886,1.6441093e-06,0.00052044005
L-BFGS-B,1421,5.6256647e-07,0.018971508,1.6401544e-06,0.0005201232
L-BFGS-B,1422,5.62528e-07,0.018957427,1.6395487e-06,0.0005198858
L-BFGS-B,1423,5.6318646e-07,0.018942898,1.637139e-06,0.00051947776
L-BFGS-B,1424,5.574267e-07,0.018983716,1.6380443e-06,0.0005191578
L-BFGS-B,1425,5.5990023e-07,0.018936744,1.6333921e-06,0.0005183613
L-BFGS-B,1426,5.604212e-07,0.018878162,1.6312702e-06,0.0005175353
L-BFGS-B,1427,5.5978325e-07,0.018800499,1.6277586e-06,0.0005161363
L-BFGS-B,1428,5.572844e-07,0.01875182,1.6255639e-06,0.0005149454
L-BFGS-B,1429,5.5235415e-07,0.018679773,1.6297652e-06,0.0005141156
L-BFGS-B,1430,5.512235e-07,0.018686555,1.6287961e-06,0.0005138685
L-BFGS-B,1431,5.504364e-07,0.01868726,1.6282513e-06,0.00051367574
L-BFGS-B,1432,5.5041096e-07,0.018656718,1.6294356e-06,0.0005135442
L-BFGS-B,1433,5.491058e-07,0.01860856,1.6323743e-06,0.00051330763
L-BFGS-B,1434,5.493066e-07,0.018618103,1.6295106e-06,0.0005130036
L-BFGS-B,1435,5.5955377e-07,0.018843804,1.6084338e-06,0.00051363616
L-BFGS-B,1436,5.523556e-07,0.018680114,1.6203385e-06,0.0005127053
L-BFGS-B,1437,5.540963e-07,0.018698657,1.6126635e-06,0.0005120005
L-BFGS-B,1438,5.4725547e-07,0.01866412,1.616826e-06,0.0005112534
L-BFGS-B,1439,5.448761e-07,0.018577076,1.6191084e-06,0.0005103684
L-BFGS-B,1440,5.400525e-07,0.018434335,1.6257675e-06,0.00050921633
L-BFGS-B,1441,5.4533524e-07,0.018578704,1.6124195e-06,0.0005094502
L-BFGS-B,1442,5.4182897e-07,0.018471705,1.6198577e-06,0.00050897006
L-BFGS-B,1443,5.410874e-07,0.01841236,1.621988e-06,0.0005085849
L-BFGS-B,1444,5.392364e-07,0.018384783,1.6217547e-06,0.0005079965
L-BFGS-B,1445,5.386113e-07,0.018372314,1.6203694e-06,0.0005075702
L-BFGS-B,1446,5.3152473e-07,0.018370252,1.6319109e-06,0.00050821784
L-BFGS-B,1447,5.356395e-07,0.01834823,1.6236477e-06,0.00050737534
L-BFGS-B,1448,5.3718486e-07,0.018363286,1.6178683e-06,0.0005068908
L-BFGS-B,1449,5.3649086e-07,0.01834159,1.6174378e-06,0.0005065052
L-BFGS-B,1450,5.334256e-07,0.018243488,1.6215025e-06,0.0005056741
L-BFGS-B,1451,5.2995847e-07,0.018178869,1.6229302e-06,0.000504722
L-BFGS-B,1452,5.23917e-07,0.018067852,1.6324738e-06,0.00050413713
L-BFGS-B,1453,5.237308e-07,0.018065633,1.6300526e-06,0.00050372386
L-BFGS-B,1454,5.2398383e-07,0.018076766,1.6269645e-06,0.0005034099
L-BFGS-B,1455,5.2610926e-07,0.018138696,1.6185493e-06,0.0005030857
L-BFGS-B,1456,5.2772015e-07,0.0181577,1.6148282e-06,0.00050295924
L-BFGS-B,1457,5.2711465e-07,0.018157462,1.6145048e-06,0.0005028175
L-BFGS-B,1458,5.2753626e-07,0.018213332,1.6087002e-06,0.0005025688
L-BFGS-B,1459,5.2465913e-07,0.018171905,1.617049e-06,0.00050297525
L-BFGS-B,1460,5.2615167e-07,0.018185481,1.610989e-06,0.0005024259
L-BFGS-B,1461,5.249155e-07,0.018147241,1.6134093e-06,0.0005022211
L-BFGS-B,1462,5.250763e-07,0.018120592,1.6132202e-06,0.0005019504
L-BFGS-B,1463,5.2498683e-07,0.018112533,1.6123238e-06,0.0005017219
L-BFGS-B,1464,5.27223e-07,0.018116716,1.6062677e-06,0.0005011907
L-BFGS-B,1465,5.2594766e-07,0.01804866,1.6071452e-06,0.00050045055
L-BFGS-B,1466,5.2767837e-07,0.018008092,1.6062479e-06,0.0005001699
L-BFGS-B,1467,5.244256e-07,0.017959613,1.6103768e-06,0.0004998165
L-BFGS-B,1468,5.213171e-07,0.017909136,1.612068e-06,0.00049909914
L-BFGS-B,1469,5.241459e-07,0.017906152,1.6072263e-06,0.00049876736
L-BFGS-B,1470,5.241018e-07,0.017902758,1.6041078e-06,0.000498259
L-BFGS-B,1471,5.234714e-07,0.01786971,1.5992861e-06,0.0004971107
L-BFGS-B,1472,5.239868e-07,0.017883668,1.5941006e-06,0.00049654976
L-BFGS-B,1473,5.2610375e-07,0.018316248,1.6383641e-06,0.0005078326
L-BFGS-B,1474,5.222877e-07,0.017855076,1.5965799e-06,0.0004963809
L-BFGS-B,1475,5.244248e-07,0.017883405,1.5874042e-06,0.00049560843
L-BFGS-B,1476,5.2298003e-07,0.017839158,1.589023e-06,0.000495192
L-BFGS-B,1477,5.197682e-07,0.0177771,1.5930002e-06,0.00049468625
L-BFGS-B,1478,5.232609e-07,0.017745195,1.5867242e-06,0.0004939497
L-BFGS-B,1479,5.189148e-07,0.017561384,1.5938963e-06,0.00049253553
L-BFGS-B,1480,5.1916504e-07,0.017432006,1.59139e-06,0.00049090333
L-BFGS-B,1481,5.1486546e-07,0.01732787,1.5944472e-06,0.0004896756
L-BFGS-B,1482,5.1726823e-07,0.01734252,1.5840833e-06,0.00048862793
L-BFGS-B,1483,5.105487e-07,0.017258216,1.5907593e-06,0.00048777836
L-BFGS-B,1484,5.1099346e-07,0.017257804,1.5862574e-06,0.00048716564
L-BFGS-B,1485,5.105443e-07,0.0172674,1.5818058e-06,0.00048652652
L-BFGS-B,1486,6.736521e-07,0.022142924,1.6873965e-06,0.0005755866
L-BFGS-B,1487,5.1135856e-07,0.017258732,1.5810342e-06,0.00048644625
L-BFGS-B,1488,5.079343e-07,0.017183285,1.5861443e-06,0.00048594462
L-BFGS-B,1489,5.0785826e-07,0.017162394,1.585992e-06,0.0004857015
L-BFGS-B,1490,5.049257e-07,0.017113416,1.5910347e-06,0.0004855282
L-BFGS-B,1491,5.0671497e-07,0.017129812,1.5871498e-06,0.00048537785
L-BFGS-B,1492,5.050888e-07,0.017106961,1.5893088e-06,0.00048522925
L-BFGS-B,1493,5.041383e-07,0.017113728,1.589232e-06,0.0004851428
L-BFGS-B,1494,5.026641e-07,0.0170808,1.5915101e-06,0.00048493413
L-BFGS-B,1495,5.011939e-07,0.017050155,1.5941372e-06,0.0004848012
L-BFGS-B,1496,5.0050386e-07,0.01703007,1.5955003e-06,0.0004847013
L-BFGS-B,1497,4.980737e-07,0.016991938,1.5998814e-06,0.00048461262
L-BFGS-B,1498,4.9943196e-07,0.017001977,1.596911e-06,0.0004844712
L-BFGS-B,1499,5.0370335e-07,0.017078022,1.5864447e-06,0.0004843024
L-BFGS-B,1500,7.57451e-07,0.026099633,1.5675914e-06,0.0006097527
L-BFGS-B,1501,5.053106e-07,0.01708966,1.5833634e-06,0.0004841977
L-BFGS-B,1502,5.042085e-07,0.01707622,1.5837477e-06,0.00048395566
L-BFGS-B,1503,5.021786e-07,0.017069457,1.5844994e-06,0.00048369623
L-BFGS-B,1504,5.008289e-07,0.01707094,1.5832092e-06,0.0004833151
L-BFGS-B,1505,5.0110174e-07,0.017147021,1.58251e-06,0.00048401195
L-BFGS-B,1506,4.996937e-07,0.017069638,1.5821145e-06,0.0004829676
L-BFGS-B,1507,4.964584e-07,0.017023688,1.5847119e-06,0.00048241243
L-BFGS-B,1508,4.947499e-07,0.016998844,1.5854017e-06,0.00048201118
L-BFGS-B,1509,4.9363007e-07,0.016986167,1.5854832e-06,0.00048172867
L-BFGS-B,1510,4.9250434e-07,0.01699193,1.58427e-06,0.00048143545
L-BFGS-B,1511,4.9326303e-07,0.016993765,1.5818811e-06,0.00048120925
L-BFGS-B,1512,4.9319374e-07,0.016986944,1.5804196e-06,0.00048091146
L-BFGS-B,1513,4.9469753e-07,0.016997468,1.573214e-06,0.0004801614
L-BFGS-B,1514,4.950855e-07,0.016978797,1.5694657e-06,0.00047947065
L-BFGS-B,1515,4.9582064e-07,0.017022328,1.5616561e-06,0.0004788448
L-BFGS-B,1516,4.928342e-07,0.016928421,1.5734742e-06,0.00047923045
L-BFGS-B,1517,4.941357e-07,0.016963173,1.565819e-06,0.00047862495
L-BFGS-B,1518,4.930254e-07,0.016919134,1.5689178e-06,0.00047848283
L-BFGS-B,1519,4.9158297e-07,0.016930923,1.5648167e-06,0.00047776918
L-BFGS-B,1520,4.9049316e-07,0.016910486,1.5653318e-06,0.0004774786
L-BFGS-B,1521,4.902061e-07,0.016885152,1.564716e-06,0.00047708984
L-BFGS-B,1522,4.904076e-07,0.016889371,1.5630908e-06,0.00047691847
L-BFGS-B,1523,4.918128e-07,0.016889494,1.5608673e-06,0.00047679697
L-BFGS-B,1524,4.9279527e-07,0.016913252,1.5573411e-06,0.000476653
L-BFGS-B,1525,4.916172e-07,0.01690101,1.558644e-06,0.0004765493
L-BFGS-B,1526,4.907668e-07,0.016890371,1.5588754e-06,0.00047635002
L-BFGS-B,1527,4.9008247e-07,0.016886652,1.557642e-06,0.0004760252
L-BFGS-B,1528,4.9106757e-07,0.016878167,1.5542182e-06,0.00047557452
L-BFGS-B,1529,4.891575e-07,0.01686182,1.5557553e-06,0.00047535513
L-BFGS-B,1530,4.906467e-07,0.016864624,1.5527211e-06,0.0004751514
L-BFGS-B,1531,4.918572e-07,0.016864002,1.5504245e-06,0.00047498225
L-BFGS-B,1532,4.910201e-07,0.016821597,1.5527648e-06,0.0004747837
L-BFGS-B,1533,4.915301e-07,0.016817586,1.5517204e-06,0.00047466342
L-BFGS-B,1534,4.900828e-07,0.016769802,1.5548027e-06,0.00047443085
L-BFGS-B,1535,4.897513e-07,0.016739614,1.5548709e-06,0.00047408947
L-BFGS-B,1536,4.893747e-07,0.016720872,1.5549357e-06,0.0004738553
L-BFGS-B,1537,4.889e-07,0.016700363,1.5545587e-06,0.00047352244
L-BFGS-B,1538,5.0320364e-07,0.016901966,1.5463607e-06,0.00047645433
L-BFGS-B,1539,4.8981497e-07,0.016697373,1.5530269e-06,0.0004734
L-BFGS-B,1540,4.8999146e-07,0.01667516,1.5527977e-06,0.00047316996
L-BFGS-B,1541,4.8949363e-07,0.016624691,1.5544196e-06,0.00047283387
L-BFGS-B,1542,4.8898886e-07,0.016612574,1.5546707e-06,0.00047267467
L-BFGS-B,1543,4.873306e-07,0.01659946,1.555769e-06,0.00047245953
L-BFGS-B,1544,4.857297e-07,0.016597679,1.555979e-06,0.0004722331
L-BFGS-B,1545,4.928677e-07,0.016829692,1.5467349e-06,0.0004742373
L-BFGS-B,1546,4.861916e-07,0.016615395,1.5537155e-06,0.00047214
L-BFGS-B,1547,4.838546e-07,0.016615504,1.5534373e-06,0.00047174882
L-BFGS-B,1548,4.8225985e-07,0.016624399,1.5517268e-06,0.00047134198
L-BFGS-B,1549,4.784313e-07,0.01664462,1.5472948e-06,0.0004703051
L-BFGS-B,1550,4.7381297e-07,0.01668156,1.540314e-06,0.00046893465
L-BFGS-B,1551,4.6610782e-07,0.016711246,1.537605e-06,0.0004676694
L-BFGS-B,1552,4.669123e-07,0.016762616,1.5293699e-06,0.00046706852
L-BFGS-B,1553,4.6480025e-07,0.016686492,1.5301453e-06,0.00046610675
L-BFGS-B,1554,4.674428e-07,0.016717868,1.5239815e-06,0.0004658923
L-BFGS-B,1555,4.6482464e-07,0.016714739,1.5248237e-06,0.00046559464
L-BFGS-B,1556,4.6499076e-07,0.016738044,1.5221387e-06,0.00046544988
L-BFGS-B,1557,4.6561243e-07,0.016775927,1.5182259e-06,0.00046533503
L-BFGS-B,1558,4.6819673e-07,0.01682048,1.5129741e-06,0.0004653804
L-BFGS-B,1559,4.6649598e-07,0.01679034,1.5162298e-06,0.00046531225
L-BFGS-B,1560,4.673725e-07,0.01664555,1.5359093e-06,0.00046694776
L-BFGS-B,1561,4.6593973e-07,0.016737126,1.5193248e-06,0.00046516093
L-BFGS-B,1562,4.6596116e-07,0.01672153,1.5192425e-06,0.00046499586
L-BFGS-B,1563,4.6317123e-07,0.016601535,1.5291411e-06,0.00046486218
L-BFGS-B,1564,4.6419345e-07,0.016593333,1.5251406e-06,0.00046433345
L-BFGS-B,1565,4.6469933e-07,0.016588233,1.5224917e-06,0.00046396098
L-BFGS-B,1566,4.6440908e-07,0.016533459,1.52311e-06,0.00046346243
L-BFGS-B,1567,4.6322768e-07,0.016497405,1.5251735e-06,0.0004632342
L-BFGS-B,1568,4.6279487e-07,0.016446441,1.5280486e-06,0.00046309092
L-BFGS-B,1569,4.6124904e-07,0.01641097,1.5315698e-06,0.0004630325
L-BFGS-B,1570,4.6308526e-07,0.016453324,1.5258213e-06,0.0004628692
L-BFGS-B,1571,4.6371355e-07,0.016469214,1.5229936e-06,0.00046269823
L-BFGS-B,1572,4.6638326e-07,0.016515464,1.5156936e-06,0.00046246615
L-BFGS-B,1573,4.6837076e-07,0.016472597,1.5159143e-06,0.0004623687
L-BFGS-B,1574,4.659253e-07,0.016677562,1.5114929e-06,0.00046338834
L-BFGS-B,1575,4.6720342e-07,0.016505647,1.5136949e-06,0.0004621912
L-BFGS-B,1576,4.6621227e-07,0.016518539,1.5116661e-06,0.00046186714
L-BFGS-B,1577,4.6303745e-07,0.016481355,1.5142624e-06,0.00046140852
L-BFGS-B,1578,4.588465e-07,0.0164198,1.518488e-06,0.00046079815
L-BFGS-B,1579,4.5595496e-07,0.016365979,1.521539e-06,0.0004602839
L-BFGS-B,1580,4.805297e-07,0.017587978,1.5470811e-06,0.00048002138
L-BFGS-B,1581,4.557922e-07,0.0163461,1.5225642e-06,0.00046021445
L-BFGS-B,1582,4.5232278e-07,0.016250934,1.5282816e-06,0.0004596
L-BFGS-B,1583,4.5289366e-07,0.016277878,1.5244586e-06,0.0004593816
L-BFGS-B,1584,4.522062e-07,0.016244074,1.5261278e-06,0.00045919084
L-BFGS-B,1585,4.532652e-07,0.016262608,1.5203173e-06,0.00045866345
L-BFGS-B,1586,4.5264835e-07,0.01624722,1.5204749e-06,0.00045844069
L-BFGS-B,1587,4.576727e-07,0.016317287,1.5157082e-06,0.00045917998
L-BFGS-B,1588,4.5329557e-07,0.016250737,1.5191941e-06,0.00045838082
L-BFGS-B,1589,4.5374614e-07,0.016249951,1.5179965e-06,0.00045826088
L-BFGS-B,1590,4.527026e-07,0.016247746,1.5186617e-06,0.00045818213
L-BFGS-B,1591,4.537762e-07,0.016268775,1.51531e-06,0.0004580507
L-BFGS-B,1592,4.5440297e-07,0.016242785,1.5161543e-06,0.00045801143
L-BFGS-B,1593,4.5378903e-07,0.01624848,1.5152722e-06,0.000457844
L-BFGS-B,1594,4.536876e-07,0.016267842,1.5127617e-06,0.0004576458
L-BFGS-B,1595,4.539231e-07,0.01628841,1.5098282e-06,0.0004574468
L-BFGS-B,1596,4.5571875e-07,0.016330874,1.5037602e-06,0.0004572306
L-BFGS-B,1597,4.55169e-07,0.016298486,1.5029035e-06,0.00045669574
L-BFGS-B,1598,4.5492743e-07,0.016260725,1.5009668e-06,0.00045599137
L-BFGS-B,1599,4.5478635e-07,0.016270604,1.4983099e-06,0.00045567047
L-BFGS-B,1600,4.563012e-07,0.016259529,1.4947636e-06,0.000455255
L-BFGS-B,1601,4.565211e-07,0.016259324,1.4927965e-06,0.0004549909
L-BFGS-B,1602,4.544676e-07,0.016264414,1.4916375e-06,0.0004545599
L-BFGS-B,1603,4.6910992e-07,0.016418353,1.4742465e-06,0.000455687
L-BFGS-B,1604,4.572961e-07,0.016280886,1.4865675e-06,0.00045438838
L-BFGS-B,1605,4.540816e-07,0.016269984,1.4871836e-06,0.0004538896
L-BFGS-B,1606,4.5139257e-07,0.01623974,1.4884449e-06,0.000453373
L-BFGS-B,1607,4.4387536e-07,0.016157871,1.4989598e-06,0.00045300397
L-BFGS-B,1608,4.4497818e-07,0.016126197,1.4952291e-06,0.00045229305
L-BFGS-B,1609,4.4842608e-07,0.016193355,1.4965934e-06,0.00045368646
L-BFGS-B,1610,4.4501522e-07,0.016105918,1.4951437e-06,0.000452083
L-BFGS-B,1611,4.4457875e-07,0.016066417,1.4951205e-06,0.00045161907
L-BFGS-B,1612,4.4225436e-07,0.01593519,1.5002066e-06,0.00045072104
L-BFGS-B,1613,4.3888886e-07,0.0159089,1.503232e-06,0.00045040715
L-BFGS-B,1614,4.375464e-07,0.015912732,1.5025705e-06,0.00045014487
L-BFGS-B,1615,4.356637e-07,0.015949706,1.5004109e-06,0.00044990826
L-BFGS-B,1616,4.3766246e-07,0.015995452,1.494726e-06,0.0004498128
L-BFGS-B,1617,4.3746718e-07,0.015999472,1.493892e-06,0.0004496986
L-BFGS-B,1618,4.3647952e-07,0.01598208,1.494537e-06,0.00044947327
L-BFGS-B,1619,4.3739118e-07,0.015980693,1.4922189e-06,0.00044924841
L-BFGS-B,1620,4.349568e-07,0.016022794,1.489565e-06,0.0004489062
L-BFGS-B,1621,5.500922e-07,0.018948687,1.4891207e-06,0.0004953688
L-BFGS-B,1622,4.3568622e-07,0.016050452,1.4845905e-06,0.00044854602
L-BFGS-B,1623,4.3611905e-07,0.016034657,1.4822285e-06,0.0004480987
L-BFGS-B,1624,4.3715798e-07,0.015987534,1.4799031e-06,0.0004474345
L-BFGS-B,1625,4.3528544e-07,0.015945774,1.4769196e-06,0.0004462885
L-BFGS-B,1626,4.279358e-07,0.01582123,1.4786599e-06,0.00044420164
L-BFGS-B,1627,4.2163435e-07,0.015737377,1.4842011e-06,0.0004432491
L-BFGS-B,1628,4.18611e-07,0.015717618,1.4854054e-06,0.00044277863
L-BFGS-B,1629,4.167222e-07,0.015679628,1.4875045e-06,0.0004424303
L-BFGS-B,1630,4.1817788e-07,0.0156871,1.4846543e-06,0.00044229583
L-BFGS-B,1631,4.1841855e-07,0.015711749,1.481905e-06,0.000442166
L-BFGS-B,1632,4.1700565e-07,0.015734855,1.4806134e-06,0.0004419914
L-BFGS-B,1633,4.1739108e-07,0.015761307,1.4778392e-06,0.0004418976
L-BFGS-B,1634,4.165665e-07,0.015758105,1.477951e-06,0.00044175866
L-BFGS-B,1635,4.1722203e-07,0.015772099,1.4750891e-06,0.00044156765
L-BFGS-B,1636,4.1827013e-07,0.015747445,1.4739364e-06,0.0004413054
L-BFGS-B,1637,4.2023782e-07,0.015754566,1.4695213e-06,0.00044100953
L-BFGS-B,1638,4.2364448e-07,0.015857821,1.4601358e-06,0.00044114527
L-BFGS-B,1639,4.213272e-07,0.015788862,1.4653318e-06,0.00044088747
L-BFGS-B,1640,4.266313e-07,0.015875187,1.4531456e-06,0.0004407184
L-BFGS-B,1641,4.2599189e-07,0.015762046,1.4641378e-06,0.0004411399
L-BFGS-B,1642,4.257735e-07,0.01581798,1.4564749e-06,0.00044051703
L-BFGS-B,1643,4.1868242e-07,0.015591316,1.4945526e-06,0.00044289842
L-BFGS-B,1644,4.2389738e-07,0.01575958,1.4615823e-06,0.00044041776
L-BFGS-B,1645,4.2231207e-07,0.015717465,1.464087e-06,0.0004401345
L-BFGS-B,1646,4.1941937e-07,0.015633106,1.4687273e-06,0.00043955306
L-BFGS-B,1647,4.193553e-07,0.015586284,1.4687762e-06,0.00043908256
L-BFGS-B,1648,4.195908e-07,0.0155818,1.4665936e-06,0.00043874566
L-BFGS-B,1649,4.2321554e-07,0.015499586,1.4639077e-06,0.00043806434
L-BFGS-B,1650,4.2099586e-07,0.015488065,1.463505e-06,0.00043755578
L-BFGS-B,1651,4.2059045e-07,0.0155043015,1.4582298e-06,0.00043686604
L-BFGS-B,1652,4.1967778e-07,0.015466513,1.4586702e-06,0.00043641732
L-BFGS-B,1653,4.1972024e-07,0.015470695,1.4562595e-06,0.0004361039
L-BFGS-B,1654,4.1954308e-07,0.015459212,1.4550463e-06,0.00043578053
L-BFGS-B,1655,4.170872e-07,0.015438942,1.4567231e-06,0.00043546097
L-BFGS-B,1656,4.153018e-07,0.015429471,1.4571132e-06,0.00043515695
L-BFGS-B,1657,4.1463005e-07,0.015432867,1.4564422e-06,0.00043498952
L-BFGS-B,1658,4.1524868e-07,0.015447003,1.4538062e-06,0.00043482828
L-BFGS-B,1659,4.1789983e-07,0.0154756,1.4478446e-06,0.0004346177
L-BFGS-B,1660,4.1943522e-07,0.015467562,1.4452486e-06,0.00043437816
L-BFGS-B,1661,4.228786e-07,0.015494117,1.438089e-06,0.0004340863
L-BFGS-B,1662,4.246379e-07,0.015519281,1.4327245e-06,0.00043379716
L-BFGS-B,1663,4.2513324e-07,0.015546355,1.4278116e-06,0.00043340528
L-BFGS-B,1664,4.2423326e-07,0.015558418,1.4257196e-06,0.0004330771
L-BFGS-B,1665,4.872566e-07,0.016400157,1.5280061e-06,0.00046629098
L-BFGS-B,1666,4.2460854e-07,0.015516802,1.4277439e-06,0.00043302088
L-BFGS-B,1667,4.2324223e-07,0.015530824,1.4255651e-06,0.0004326293
L-BFGS-B,1668,4.2022634e-07,0.015550161,1.4276847e-06,0.00043268825
L-BFGS-B,1669,4.2128966e-07,0.015527214,1.4259236e-06,0.0004323541
L-BFGS-B,1670,4.2013792e-07,0.015489629,1.4263437e-06,0.00043186854
L-BFGS-B,1671,4.1765588e-07,0.0154290255,1.4278503e-06,0.00043111618
L-BFGS-B,1672,4.205156e-07,0.015376954,1.4258628e-06,0.0004307263
L-BFGS-B,1673,4.1839027e-07,0.015321985,1.4290788e-06,0.0004303402
L-BFGS-B,1674,4.162897e-07,0.015283709,1.4323232e-06,0.000430129
L-BFGS-B,1675,4.1811333e-07,0.015308317,1.4277239e-06,0.00042995875
L-BFGS-B,1676,4.186269e-07,0.015286928,1.4278289e-06,0.00042983764
L-BFGS-B,1677,4.2003225e-07,0.015303806,1.4236332e-06,0.00042958785
L-BFGS-B,1678,4.172723e-07,0.015260461,1.4265694e-06,0.00042918086
L-BFGS-B,1679,4.136381e-07,0.015194119,1.4327943e-06,0.00042890606
L-BFGS-B,1680,4.1249837e-07,0.015162539,1.434358e-06,0.00042865385
L-BFGS-B,1681,4.105973e-07,0.015142002,1.4352735e-06,0.0004283006
L-BFGS-B,1682,4.0987402e-07,0.015126735,1.4345355e-06,0.00042792878
L-BFGS-B,1683,4.11025e-07,0.015121574,1.4317292e-06,0.00042762887
L-BFGS-B,1684,4.1030793e-07,0.015078274,1.4333083e-06,0.00042732514
L-BFGS-B,1685,4.11028e-07,0.015047986,1.4322285e-06,0.00042696833
L-BFGS-B,1686,4.106001e-07,0.015007621,1.4338209e-06,0.00042673934
L-BFGS-B,1687,4.1208057e-07,0.014993691,1.4317111e-06,0.00042650566
L-BFGS-B,1688,4.1376236e-07,0.014965574,1.432183e-06,0.00042654754
L-BFGS-B,1689,4.1268984e-07,0.014976776,1.431737e-06,0.00042643177
L-BFGS-B,1690,4.1268325e-07,0.014981063,1.4342365e-06,0.0004268486
L-BFGS-B,1691,4.1219565e-07,0.01496556,1.4319564e-06,0.0004262784
L-BFGS-B,1692,4.1418585e-07,0.015022219,1.4250838e-06,0.00042611262
L-BFGS-B,1693,4.1589777e-07,0.015110252,1.4155188e-06,0.000425815
L-BFGS-B,1694,4.2130003e-07,0.015422191,1.4203655e-06,0.00043047173
L-BFGS-B,1695,4.1544928e-07,0.0151173575,1.4147616e-06,0.00042570522
L-BFGS-B,1696,4.1334607e-07,0.015149981,1.4114793e-06,0.0004252236
L-BFGS-B,1697,4.2360705e-07,0.015848903,1.3941939e-06,0.00043115916
L-BFGS-B,1698,4.1331668e-07,0.015196512,1.4072249e-06,0.00042504637
L-BFGS-B,1699,4.0928361e-07,0.015166015,1.4100831e-06,0.00042456517
L-BFGS-B,1700,4.0508002e-07,0.0151182655,1.4144065e-06,0.00042410562
L-BFGS-B,1701,4.015465e-07,0.015086166,1.4173306e-06,0.0004236932
L-BFGS-B,1702,4.0119784e-07,0.015038727,1.420287e-06,0.00042360998
L-BFGS-B,1703,4.010619e-07,0.015049244,1.41865e-06,0.0004234492
L-BFGS-B,1704,4.013748e-07,0.0150379175,1.4165732e-06,0.00042307138
L-BFGS-B,1705,4.0265166e-07,0.015042808,1.4127608e-06,0.00042273995
L-BFGS-B,1706,4.064501e-07,0.015105904,1.4017071e-06,0.0004222826
L-BFGS-B,1707,4.0268048e-07,0.015147237,1.4008635e-06,0.00042200397
L-BFGS-B,1708,4.0265135e-07,0.015098495,1.4003432e-06,0.00042143415
L-BFGS-B,1709,3.9893897e-07,0.015054611,1.4025419e-06,0.00042076822
L-BFGS-B,1710,3.955671e-07,0.015017339,1.4053674e-06,0.00042031356
L-BFGS-B,1711,3.9292667e-07,0.014963981,1.4100885e-06,0.00042009208
L-BFGS-B,1712,3.920878e-07,0.015224582,1.4306106e-06,0.00042565056
L-BFGS-B,1713,3.908121e-07,0.014958141,1.4107159e-06,0.0004198106
L-BFGS-B,1714,3.9040688e-07,0.01492483,1.4110112e-06,0.000419461
L-BFGS-B,1715,3.9000759e-07,0.014895974,1.4113164e-06,0.0004191583
L-BFGS-B,1716,3.8947462e-07,0.014871051,1.4114067e-06,0.0004188427
L-BFGS-B,1717,3.8829427e-07,0.014806645,1.4149657e-06,0.00041855546
L-BFGS-B,1718,3.8833954e-07,0.014830124,1.4115384e-06,0.00041828293
L-BFGS-B,1719,3.863632e-07,0.014868101,1.408881e-06,0.00041796762
L-BFGS-B,1720,3.852963e-07,0.014879686,1.4076795e-06,0.00041774323
L-BFGS-B,1721,3.8408345e-07,0.014851468,1.408661e-06,0.00041742634
L-BFGS-B,1722,3.843767e-07,0.0148456115,1.407241e-06,0.00041719875
L-BFGS-B,1723,3.8369328e-07,0.014837235,1.4077216e-06,0.00041708458
L-BFGS-B,1724,3.845632e-07,0.014845533,1.4055843e-06,0.00041697745
L-BFGS-B,1725,3.8716476e-07,0.014972986,1.3952532e-06,0.00041709255
L-BFGS-B,1726,3.853294e-07,0.0148872025,1.4013433e-06,0.0004168729
L-BFGS-B,1727,3.8526312e-07,0.014903264,1.3994196e-06,0.00041673504
L-BFGS-B,1728,3.852907e-07,0.014952392,1.3947382e-06,0.00041652826
L-BFGS-B,1729,3.8444333e-07,0.014958885,1.3944067e-06,0.00041641633
L-BFGS-B,1730,3.8196424e-07,0.014967595,1.3938949e-06,0.0004160548
L-BFGS-B,1731,3.792038e-07,0.014936682,1.396499e-06,0.00041572223
L-BFGS-B,1732,3.7847795e-07,0.014898088,1.398058e-06,0.00041546125
L-BFGS-B,1733,9.0189104e-07,0.028540926,2.078929e-06,0.00073253224
L-BFGS-B,1734,3.7947942e-07,0.014886553,1.395734e-06,0.00041514752
L-BFGS-B,1735,3.7748933e-07,0.014777769,1.4022248e-06,0.00041473482
L-BFGS-B,1736,3.7802792e-07,0.014725702,1.4025371e-06,0.00041434178
L-BFGS-B,1737,3.785862e-07,0.014680456,1.4006735e-06,0.00041369352
L-BFGS-B,1738,3.7842977e-07,0.014665545,1.3957153e-06,0.0004127772
L-BFGS-B,1739,3.7643207e-07,0.014690011,1.3852457e-06,0.00041115176
L-BFGS-B,1740,3.7204126e-07,0.014701747,1.3762979e-06,0.00040926834
L-BFGS-B,1741,3.7777974e-07,0.015026289,1.3425206e-06,0.00040830794
L-BFGS-B,1742,3.7247577e-07,0.01484978,1.3472778e-06,0.00040646084
L-BFGS-B,1743,3.6827166e-07,0.0147083625,1.3530611e-06,0.00040528353
L-BFGS-B,1744,3.6893152e-07,0.014524849,1.364129e-06,0.00040520757
L-BFGS-B,1745,3.678303e-07,0.014584349,1.3576707e-06,0.00040466862
L-BFGS-B,1746,3.7055554e-07,0.014617442,1.3491816e-06,0.000404135
L-BFGS-B,1747,3.6459366e-07,0.01457243,1.3558591e-06,0.00040379222
L-BFGS-B,1748,3.644264e-07,0.014557458,1.3543569e-06,0.00040339207
L-BFGS-B,1749,3.6808575e-07,0.014581154,1.3467596e-06,0.00040303834
L-BFGS-B,1750,3.674198e-07,0.014572661,1.3440546e-06,0.00040244777
L-BFGS-B,1751,3.697368e-07,0.014578761,1.335581e-06,0.00040158528
L-BFGS-B,1752,3.703737e-07,0.01465555,1.3254817e-06,0.0004009338
L-BFGS-B,1753,3.7114677e-07,0.014667791,1.3198858e-06,0.0004003328
L-BFGS-B,1754,3.7045209e-07,0.0146575235,1.3192081e-06,0.00040002423
L-BFGS-B,1755,3.7076524e-07,0.014727024,1.3135486e-06,0.0003999173
L-BFGS-B,1756,3.9063525e-07,0.015014152,1.3121105e-06,0.00040555338
L-BFGS-B,1757,3.7216228e-07,0.0147175025,1.3114363e-06,0.0003997148
L-BFGS-B,1758,3.6906755e-07,0.014650238,1.3155066e-06,0.0003991885
L-BFGS-B,1759,3.6867078e-07,0.01456215,1.3238514e-06,0.0003994998
L-BFGS-B,1760,3.6873487e-07,0.014616497,1.317634e-06,0.0003991203
L-BFGS-B,1761,3.763755e-07,0.014661444,1.3172871e-06,0.00040066382
L-BFGS-B,1762,3.6942438e-07,0.014611185,1.3170105e-06,0.00039907708
L-BFGS-B,1763,3.7046226e-07,0.014630555,1.3126631e-06,0.00039877437
L-BFGS-B,1764,3.7141945e-07,0.014667147,1.3074607e-06,0.00039850347
L-BFGS-B,1765,3.7123712e-07,0.014661486,1.3073242e-06,0.00039839905
L-BFGS-B,1766,3.7055412e-07,0.014634863,1.3085283e-06,0.000398211
L-BFGS-B,1767,3.6953494e-07,0.014596593,1.3113598e-06,0.00039810012
L-BFGS-B,1768,3.6930393e-07,0.014572848,1.3125375e-06,0.0003980047
L-BFGS-B,1769,3.6951235e-07,0.014553444,1.312767e-06,0.00039787637
L-BFGS-B,1770,3.7081614e-07,0.014563914,1.3093232e-06,0.00039766007
L-BFGS-B,1771,3.7243976e-07,0.014577875,1.304988e-06,0.0003973929
L-BFGS-B,1772,3.7449666e-07,0.01460177,1.2988514e-06,0.0003970199
L-BFGS-B,1773,3.7491282e-07,0.014621627,1.2948045e-06,0.00039667386
L-BFGS-B,1774,3.7538788e-07,0.014535465,1.2992748e-06,0.00039655407
L-BFGS-B,1775,3.7295422e-07,0.014600889,1.2943196e-06,0.00039609996
L-BFGS-B,1776,3.7137215e-07,0.014539732,1.2966543e-06,0.00039560127
L-BFGS-B,1777,3.7068654e-07,0.014475358,1.2972384e-06,0.00039494233
L-BFGS-B,1778,3.7108518e-07,0.014434239,1.296487e-06,0.0003944782
L-BFGS-B,1779,3.7173578e-07,0.014426855,1.2930534e-06,0.00039398693
L-BFGS-B,1780,3.723847e-07,0.014401329,1.2913263e-06,0.00039356994
L-BFGS-B,1781,3.712802e-07,0.014415191,1.2902049e-06,0.00039337465
L-BFGS-B,1782,3.7128748e-07,0.014420378,1.2889849e-06,0.0003932446
L-BFGS-B,1783,3.6915446e-07,0.014400647,1.2916835e-06,0.00039313216
L-BFGS-B,1784,3.6869437e-07,0.014417795,1.2901675e-06,0.00039300724
L-BFGS-B,1785,3.6736273e-07,0.014420688,1.290635e-06,0.00039290654
L-BFGS-B,1786,3.688454e-07,0.014528337,1.2849641e-06,0.0003933548
L-BFGS-B,1787,3.6742753e-07,0.014438602,1.2889653e-06,0.00039284496
L-BFGS-B,1788,3.674681e-07,0.014438938,1.288146e-06,0.0003927315
L-BFGS-B,1789,3.68379e-07,0.014436955,1.2854435e-06,0.00039244292
L-BFGS-B,1790,3.6988655e-07,0.0144172665,1.2816325e-06,0.00039190054
L-BFGS-B,1791,3.72677e-07,0.014344103,1.2851023e-06,0.0003921079
L-BFGS-B,1792,3.7012796e-07,0.014357959,1.2818953e-06,0.00039138307
L-BFGS-B,1793,3.821286e-07,0.0144966245,1.2549938e-06,0.00039053458
L-BFGS-B,1794,3.763086e-07,0.014364209,1.2628919e-06,0.00038952217
L-BFGS-B,1795,3.7221693e-07,0.01419009,1.2708591e-06,0.0003883623
L-BFGS-B,1796,3.7148325e-07,0.014135295,1.2723268e-06,0.00038792443
L-BFGS-B,1797,3.7062813e-07,0.014000777,1.2798862e-06,0.0003875849
L-BFGS-B,1798,3.6880806e-07,0.014029692,1.275775e-06,0.00038698438
L-BFGS-B,1799,3.6680177e-07,0.014044057,1.2740652e-06,0.0003865706
L-BFGS-B,1800,3.6125007e-07,0.013927676,1.2864443e-06,0.00038643094
L-BFGS-B,1801,3.6287452e-07,0.013987937,1.2793025e-06,0.0003862059
L-BFGS-B,1802,3.7400176e-07,0.014280714,1.2642467e-06,0.0003885444
L-BFGS-B,1803,3.6433858e-07,0.014025486,1.2743609e-06,0.00038605978
L-BFGS-B,1804,3.6306346e-07,0.013984552,1.2756772e-06,0.0003856566
L-BFGS-B,1805,3.5859932e-07,0.013963625,1.2739691e-06,0.00038452153
L-BFGS-B,1806,3.5825346e-07,0.0139444815,1.2694466e-06,0.00038359984
L-BFGS-B,1807,3.5793906e-07,0.013935208,1.2668236e-06,0.00038306648
L-BFGS-B,1808,3.590678e-07,0.014008278,1.2571887e-06,0.00038252125
L-BFGS-B,1809,3.5669086e-07,0.013957864,1.2614959e-06,0.00038230664
L-BFGS-B,1810,3.5631817e-07,0.013931338,1.2627029e-06,0.00038216653
L-BFGS-B,1811,3.560689e-07,0.013903091,1.263729e-06,0.00038200058
L-BFGS-B,1812,3.5511832e-07,0.013885759,1.2647597e-06,0.0003818393
L-BFGS-B,1813,3.5368052e-07,0.013886326,1.2648802e-06,0.00038164738
L-BFGS-B,1814,3.5427502e-07,0.013830656,1.2666984e-06,0.00038145256
L-BFGS-B,1815,3.5293618e-07,0.013827202,1.2668007e-06,0.00038123256
L-BFGS-B,1816,3.5181557e-07,0.013818024,1.266943e-06,0.000380994
L-BFGS-B,1817,3.508199e-07,0.013777294,1.2679386e-06,0.00038058672
L-BFGS-B,1818,3.5046264e-07,0.013754989,1.2673563e-06,0.00038022274
L-BFGS-B,1819,3.5080245e-07,0.013752385,1.2650208e-06,0.00037989736
L-BFGS-B,1820,3.5102826e-07,0.013787552,1.263377e-06,0.0003800363
L-BFGS-B,1821,3.50535e-07,0.013756785,1.264016e-06,0.00037975048
L-BFGS-B,1822,3.5046068e-07,0.013790074,1.2595011e-06,0.000379395
L-BFGS-B,1823,3.5044232e-07,0.013819796,1.2559168e-06,0.00037915184
L-BFGS-B,1824,3.5092222e-07,0.01385445,1.2512527e-06,0.00037887073
L-BFGS-B,1825,3.5201546e-07,0.013879843,1.2470193e-06,0.00037865364
L-BFGS-B,1826,3.5101803e-07,0.013869765,1.247351e-06,0.000378453
L-BFGS-B,1827,3.5012812e-07,0.013824236,1.249899e-06,0.00037824642
L-BFGS-B,1828,3.497479e-07,0.0138063375,1.250696e-06,0.00037812995
L-BFGS-B,1829,3.4705886e-07,0.013788917,1.2551968e-06,0.0003782275
L-BFGS-B,1830,3.4838945e-07,0.013792757,1.2522981e-06,0.0003780307
L-BFGS-B,1831,3.4763596e-07,0.013780198,1.2526879e-06,0.00037785055
L-BFGS-B,1832,3.478319e-07,0.013785425,1.2506196e-06,0.00037762197
L-BFGS-B,1833,3.4812714e-07,0.013782225,1.2487535e-06,0.00037735433
L-BFGS-B,1834,3.472595e-07,0.013781451,1.2475008e-06,0.00037702854
L-BFGS-B,1835,3.4747632e-07,0.013790385,1.2445983e-06,0.00037671503
L-BFGS-B,1836,3.478299e-07,0.013818791,1.2410532e-06,0.0003765204
L-BFGS-B,1837,3.4826417e-07,0.013824717,1.2389173e-06,0.0003763244
L-BFGS-B,1838,3.4900754e-07,0.013833284,1.236313e-06,0.00037613092
L-BFGS-B,1839,3.611808e-07,0.01384952,1.2318525e-06,0.0003774502
L-BFGS-B,1840,3.513271e-07,0.013810368,1.2342109e-06,0.00037593438
L-BFGS-B,1841,3.518963e-07,0.013802688,1.2315375e-06,0.00037554192
L-BFGS-B,1842,3.558931e-07,0.013836371,1.2239456e-06,0.0003753395
L-BFGS-B,1843,3.562064e-07,0.013837355,1.2205942e-06,0.00037489366
L-BFGS-B,1844,3.5645434e-07,0.013809461,1.2195067e-06,0.00037448877
L-BFGS-B,1845,3.568302e-07,0.013773621,1.2191903e-06,0.0003741393
L-BFGS-B,1846,3.560008e-07,0.0137187885,1.2217134e-06,0.00037384502
L-BFGS-B,1847,3.5377684e-07,0.013646995,1.2264079e-06,0.00037349766
L-BFGS-B,1848,3.498022e-07,0.013544429,1.2348232e-06,0.00037313811
L-BFGS-B,1849,3.474448e-07,0.013460281,1.2400707e-06,0.00037273014
L-BFGS-B,1850,3.4586185e-07,0.013411981,1.2431943e-06,0.00037247824
L-BFGS-B,1851,3.46107e-07,0.013403688,1.2423513e-06,0.00037230563
L-BFGS-B,1852,3.4700514e-07,0.013415335,1.2394544e-06,0.00037212227
L-BFGS-B,1853,3.471662e-07,0.013399506,1.238747e-06,0.00037188205
L-BFGS-B,1854,4.0955382e-07,0.019324291,1.3734002e-06,0.00046068602
L-BFGS-B,1855,3.4656176e-07,0.013450018,1.2361673e-06,0.00037190955
L-BFGS-B,1856,3.4681224e-07,0.013419141,1.2374061e-06,0.00037182414
L-BFGS-B,1857,3.466821e-07,0.013402978,1.2365397e-06,0.00037151304
L-BFGS-B,1858,3.4534366e-07,0.013375102,1.2376312e-06,0.00037119724
L-BFGS-B,1859,3.4496713e-07,0.013368793,1.2369892e-06,0.00037098138
L-BFGS-B,1860,3.4411855e-07,0.013353314,1.2376572e-06,0.0003707995
L-BFGS-B,1861,3.4424983e-07,0.013342272,1.2364461e-06,0.0003705271
L-BFGS-B,1862,3.4092255e-07,0.0132618835,1.2434584e-06,0.000370276
L-BFGS-B,1863,3.4338882e-07,0.013272404,1.2385168e-06,0.00037000986
L-BFGS-B,1864,3.3638872e-07,0.013224211,1.2659068e-06,0.00037258642
L-BFGS-B,1865,3.4184285e-07,0.0132502485,1.2411998e-06,0.00036995887
L-BFGS-B,1866,3.385344e-07,0.013178642,1.2481066e-06,0.00036978256
L-BFGS-B,1867,3.470856e-07,0.013309056,1.2350762e-06,0.0003704148
L-BFGS-B,1868,3.405886e-07,0.013202301,1.2435306e-06,0.00036964088
L-BFGS-B,1869,3.4046633e-07,0.013193841,1.2430929e-06,0.00036947228
L-BFGS-B,1870,3.406207e-07,0.013174193,1.2430236e-06,0.00036928855
L-BFGS-B,1871,3.4158361e-07,0.01316193,1.2415942e-06,0.00036909594
L-BFGS-B,1872,3.4230666e-07,0.013139329,1.2398804e-06,0.00036872132
L-BFGS-B,1873,3.4177089e-07,0.013120498,1.2394354e-06,0.00036838592
L-BFGS-B,1874,6.340264e-07,0.020483907,1.2982322e-06,0.00049467786
L-BFGS-B,1875,3.4226733e-07,0.013173185,1.2371041e-06,0.00036863756
L-BFGS-B,1876,3.4161542e-07,0.013129649,1.2386922e-06,0.00036834262
L-BFGS-B,1877,3.4062222e-07,0.0131367985,1.2374044e-06,0.00036807195
L-BFGS-B,1878,3.3987513e-07,0.013157764,1.2354907e-06,0.00036788252
L-BFGS-B,1879,3.3859857e-07,0.013263338,1.2373202e-06,0.0003690212
L-BFGS-B,1880,3.3880235e-07,0.013157841,1.2355199e-06,0.00036772672
L-BFGS-B,1881,3.382535e-07,0.013184351,1.2330139e-06,0.00036753365
L-BFGS-B,1882,3.3734528e-07,0.013199518,1.2314111e-06,0.00036730865
L-BFGS-B,1883,3.359821e-07,0.013188951,1.2325607e-06,0.00036717093
L-BFGS-B,1884,3.3637514e-07,0.013185744,1.2314291e-06,0.00036702806
L-BFGS-B,1885,3.3790133e-07,0.013136581,1.2320892e-06,0.00036686438
L-BFGS-B,1886,3.3754867e-07,0.013155792,1.2288963e-06,0.00036652465
L-BFGS-B,1887,3.3685401e-07,0.013112557,1.2304861e-06,0.0003662266
L-BFGS-B,1888,3.3628712e-07,0.013025857,1.2327887e-06,0.00036561993
L-BFGS-B,1889,3.368899e-07,0.012976711,1.2319235e-06,0.0003650891
L-BFGS-B,1890,3.371113e-07,0.012951095,1.2305308e-06,0.00036465726
L-BFGS-B,1891,3.3721986e-07,0.012957802,1.2283787e-06,0.0003644178
L-BFGS-B,1892,3.3762416e-07,0.01296959,1.2249795e-06,0.00036408645
L-BFGS-B,1893,3.3809957e-07,0.012979236,1.2210589e-06,0.00036366616
L-BFGS-B,1894,3.3826697e-07,0.012981311,1.2177876e-06,0.00036322128
L-BFGS-B,1895,3.3733974e-07,0.012898214,1.2260659e-06,0.000363493
L-BFGS-B,1896,3.375264e-07,0.012938093,1.2204575e-06,0.00036307852
L-BFGS-B,1897,3.368103e-07,0.012937129,1.2190823e-06,0.00036275515
L-BFGS-B,1898,3.3687323e-07,0.012950722,1.2164196e-06,0.00036250113
L-BFGS-B,1899,3.299133e-07,0.012950817,1.2272137e-06,0.0003630772
L-BFGS-B,1900,3.3409833e-07,0.012938984,1.2188036e-06,0.00036232514
L-BFGS-B,1901,3.344652e-07,0.012949618,1.2161245e-06,0.00036208463
L-BFGS-B,1902,3.3539857e-07,0.012955926,1.2105022e-06,0.00036144437
L-BFGS-B,1903,3.3606162e-07,0.012970855,1.2060809e-06,0.00036102993
L-BFGS-B,1904,3.352041e-07,0.012938172,1.2054843e-06,0.000360485
L-BFGS-B,1905,3.336174e-07,0.012885046,1.2064314e-06,0.00035985778
L-BFGS-B,1906,3.318596e-07,0.012775832,1.2111041e-06,0.00035920288
L-BFGS-B,1907,3.2927613e-07,0.0126897115,1.2156902e-06,0.00035864208
L-BFGS-B,1908,3.279531e-07,0.012603072,1.2182953e-06,0.00035796798
L-BFGS-B,1909,3.3110769e-07,0.012643694,1.2094281e-06,0.0003575173
L-BFGS-B,1910,3.29058e-07,0.012676578,1.2095285e-06,0.00035755377
L-BFGS-B,1911,3.2990718e-07,0.012651154,1.2092531e-06,0.00035738558
L-BFGS-B,1912,3.3135035e-07,0.01270486,1.203537e-06,0.00035728168
L-BFGS-B,1913,3.315621e-07,0.012712722,1.2023495e-06,0.00035721395
L-BFGS-B,1914,3.319352e-07,0.01272888,1.2002672e-06,0.00035711916
L-BFGS-B,1915,3.3558626e-07,0.012795852,1.1954012e-06,0.00035760662
L-BFGS-B,1916,3.3254275e-07,0.012737745,1.1986216e-06,0.00035705208
L-BFGS-B,1917,3.3651486e-07,0.012747178,1.2092141e-06,0.00035933114
L-BFGS-B,1918,3.3247784e-07,0.012711054,1.1992013e-06,0.00035686238
L-BFGS-B,1919,3.329255e-07,0.012688597,1.1975397e-06,0.00035645574
L-BFGS-B,1920,3.315781e-07,0.012556138,1.2039105e-06,0.00035588467
L-BFGS-B,1921,3.2976024e-07,0.012396238,1.2135821e-06,0.00035546374
L-BFGS-B,1922,3.290809e-07,0.01233389,1.2172204e-06,0.00035528408
L-BFGS-B,1923,3.2781878e-07,0.012197636,1.22711e-06,0.00035521568
L-BFGS-B,1924,3.2858233e-07,0.012243131,1.2210185e-06,0.00035487142
L-BFGS-B,1925,3.2845617e-07,0.012281983,1.2176712e-06,0.0003547389
L-BFGS-B,1926,3.294805e-07,0.012341028,1.211458e-06,0.00035455107
L-BFGS-B,1927,3.2953068e-07,0.012358694,1.2091059e-06,0.00035438244
L-BFGS-B,1928,3.2964164e-07,0.012360246,1.2079299e-06,0.0003542382
L-BFGS-B,1929,3.3249947e-07,0.012417655,1.2050623e-06,0.00035481082
L-BFGS-B,1930,3.299053e-07,0.012364408,1.2069729e-06,0.0003541758
L-BFGS-B,1931,3.2887826e-07,0.012363589,1.2061298e-06,0.0003538871
L-BFGS-B,1932,3.28268e-07,0.012343423,1.2065739e-06,0.00035366052
L-BFGS-B,1933,3.2853887e-07,0.012385719,1.2004889e-06,0.00035321136
L-BFGS-B,1934,3.2723833e-07,0.012369743,1.2030567e-06,0.0003532417
L-BFGS-B,1935,3.276868e-07,0.012370142,1.2014377e-06,0.0003530701
L-BFGS-B,1936,3.277108e-07,0.012379757,1.1995425e-06,0.00035288554
L-BFGS-B,1937,3.2667612e-07,0.012403563,1.1947371e-06,0.00035224762
L-BFGS-B,1938,3.2627509e-07,0.012402313,1.1926136e-06,0.0003518564
L-BFGS-B,1939,3.258328e-07,0.012974363,1.1929835e-06,0.00035756605
L-BFGS-B,1940,3.2486017e-07,0.012436741,1.1907081e-06,0.00035170262
L-BFGS-B,1941,3.2558933e-07,0.012388131,1.187366e-06,0.00035082462
L-BFGS-B,1942,3.220533e-07,0.012405226,1.2050999e-06,0.00035312522
L-BFGS-B,1943,3.2415832e-07,0.012364706,1.1894107e-06,0.0003506824
L-BFGS-B,1944,3.2645042e-07,0.012294683,1.1865077e-06,0.00034989053
L-BFGS-B,1945,3.2845952e-07,0.012269614,1.1825053e-06,0.00034934087
L-BFGS-B,1946,3.2845495e-07,0.0122216735,1.1819445e-06,0.00034877664
L-BFGS-B,1947,3.310234e-07,0.01227076,1.1737858e-06,0.00034842896
L-BFGS-B,1948,3.3001595e-07,0.012288036,1.1712308e-06,0.00034806738
L-BFGS-B,1949,3.2932212e-07,0.012302193,1.1694277e-06,0.00034783437
L-BFGS-B,1950,3.2995084e-07,0.012363298,1.1633053e-06,0.0003476214
L-BFGS-B,1951,3.6475154e-07,0.013075128,1.1904688e-06,0.00036403432
L-BFGS-B,1952,3.3077293e-07,0.012360204,1.1621132e-06,0.00034753495
L-BFGS-B,1953,3.303346e-07,0.012352825,1.1613082e-06,0.00034727468
L-BFGS-B,1954,3.3089214e-07,0.012344578,1.159752e-06,0.0003470424
L-BFGS-B,1955,3.304901e-07,0.012318156,1.1614321e-06,0.00034696987
L-BFGS-B,1956,3.29799e-07,0.012306069,1.1658817e-06,0.00034741277
L-BFGS-B,1957,3.3012068e-07,0.0123083675,1.1622255e-06,0.00034693562
L-BFGS-B,1958,3.2222005e-07,0.012150418,1.1900329e-06,0.00034834212
L-BFGS-B,1959,3.27315e-07,0.012243372,1.1681425e-06,0.00034675235
L-BFGS-B,1960,3.2653816e-07,0.012223463,1.1695187e-06,0.00034664315
L-BFGS-B,1961,3.2544668e-07,0.012212165,1.1708436e-06,0.00034656518
L-BFGS-B,1962,3.245382e-07,0.0121974535,1.1722358e-06,0.00034649062
L-BFGS-B,1963,3.2357624e-07,0.012171809,1.1743186e-06,0.00034640232
L-BFGS-B,1964,3.2240712e-07,0.01208655,1.1798033e-06,0.00034619705
L-BFGS-B,1965,3.2075482e-07,0.012032678,1.1833711e-06,0.00034594565
L-BFGS-B,1966,3.1890212e-07,0.0119596375,1.1870925e-06,0.00034549556
L-BFGS-B,1967,3.1756153e-07,0.0119242715,1.1879926e-06,0.00034507582
L-BFGS-B,1968,3.1700787e-07,0.011915539,1.1866132e-06,0.00034469855
L-BFGS-B,1969,3.2011872e-07,0.01187976,1.18601e-06,0.0003447169
L-BFGS-B,1970,3.1823882e-07,0.011892358,1.1859386e-06,0.00034455018
L-BFGS-B,1971,3.185156e-07,0.011878512,1.1841167e-06,0.00034417998
L-BFGS-B,1972,3.1876968e-07,0.011883196,1.1813995e-06,0.00034385733
L-BFGS-B,1973,3.2195678e-07,0.01187969,1.1751376e-06,0.00034336105
L-BFGS-B,1974,3.22175e-07,0.011859346,1.1736851e-06,0.00034297246
L-BFGS-B,1975,3.233656e-07,0.011843236,1.172175e-06,0.00034276344
L-BFGS-B,1976,3.232302e-07,0.0118257,1.1728108e-06,0.00034266314
L-BFGS-B,1977,3.2317527e-07,0.011811208,1.1730311e-06,0.00034254303
L-BFGS-B,1978,3.2271004e-07,0.011790104,1.1730864e-06,0.00034227048
L-BFGS-B,1979,3.2320054e-07,0.011840377,1.1665256e-06,0.0003418627
L-BFGS-B,1980,3.3477406e-07,0.011847257,1.2067874e-06,0.0003497068
L-BFGS-B,1981,3.2273132e-07,0.011781828,1.1696759e-06,0.00034167935
L-BFGS-B,1982,3.226611e-07,0.011838914,1.1634975e-06,0.00034131293
L-BFGS-B,1983,3.236219e-07,0.011915623,1.1551017e-06,0.00034096476
L-BFGS-B,1984,3.2285874e-07,0.011912216,1.1553043e-06,0.0003408466
L-BFGS-B,1985,3.2247777e-07,0.0118851075,1.1568276e-06,0.0003407469
L-BFGS-B,1986,3.2248985e-07,0.011852246,1.1583278e-06,0.00034064509
L-BFGS-B,1987,3.212067e-07,0.011775725,1.163948e-06,0.00034053047
L-BFGS-B,1988,3.2139704e-07,0.0117875,1.1628952e-06,0.00034051883
L-BFGS-B,1989,3.2119277e-07,0.011779334,1.1633332e-06,0.00034047224
L-BFGS-B,1990,3.2028686e-07,0.011721083,1.167238e-06,0.00034033955
L-BFGS-B,1991,3.1914217e-07,0.011701661,1.1687345e-06,0.0003401981
L-BFGS-B,1992,3.1876684e-07,0.011706854,1.1680382e-06,0.0003400893
L-BFGS-B,1993,3.1791075e-07,0.011711062,1.1677928e-06,0.00033996615
L-BFGS-B,1994,3.1723258e-07,0.011718864,1.1670086e-06,0.00033982482
L-BFGS-B,1995,3.1669535e-07,0.011722266,1.1665788e-06,0.00033971376
L-BFGS-B,1996,3.166101e-07,0.0117204925,1.1664072e-06,0.00033965753
L-BFGS-B,1997,3.1654562e-07,0.011714403,1.166574e-06,0.00033961196
L-BFGS-B,1998,3.1676882e-07,0.011705695,1.1665846e-06,0.00033955998
L-BFGS-B,1999,3.1693796e-07,0.011698426,1.1664869e-06,0.000339498
L-BFGS-B,2000,3.1753376e-07,0.011692475,1.1657581e-06,0.00033941853
L-BFGS-B,2001,3.175812e-07,0.011688168,1.1654377e-06,0.0003393345
L-BFGS-B,2002,3.211947e-07,0.0117304055,1.1599443e-06,0.0003394749
L-BFGS-B,2003,3.1867577e-07,0.011697558,1.1632347e-06,0.00033926213
L-BFGS-B,2004,3.1840057e-07,0.011697877,1.1627031e-06,0.00033914432
L-BFGS-B,2005,3.1798018e-07,0.011709357,1.160781e-06,0.00033890776
L-BFGS-B,2006,3.228516e-07,0.01188052,1.1801194e-06,0.00034425085
L-BFGS-B,2007,3.1754223e-07,0.011696407,1.1617732e-06,0.00033886137
L-BFGS-B,2008,3.174607e-07,0.011701459,1.1606174e-06,0.00033872633
L-BFGS-B,2009,3.17995e-07,0.011718002,1.1582912e-06,0.00033862295
L-BFGS-B,2010,3.1775596e-07,0.011712668,1.1582948e-06,0.0003385343
L-BFGS-B,2011,3.178168e-07,0.011705153,1.1579489e-06,0.00033841637
L-BFGS-B,2012,3.179598e-07,0.011692676,1.1576832e-06,0.00033827318
L-BFGS-B,2013,3.1782966e-07,0.011677095,1.1580778e-06,0.00033815706
L-BFGS-B,2014,3.173248e-07,0.01167536,1.1578029e-06,0.00033802274
L-BFGS-B,2015,3.189054e-07,0.011631775,1.1652847e-06,0.00033894627
L-BFGS-B,2016,3.17326e-07,0.011654717,1.1586209e-06,0.0003379392
L-BFGS-B,2017,3.1689237e-07,0.01165096,1.1587142e-06,0.0003378506
L-BFGS-B,2018,3.1597006e-07,0.011638861,1.1593643e-06,0.00033768878
L-BFGS-B,2019,3.1587828e-07,0.011634034,1.1592148e-06,0.00033760432
L-BFGS-B,2020,3.154733e-07,0.0115876235,1.1628703e-06,0.00033762777
L-BFGS-B,2021,3.155766e-07,0.011607958,1.1608114e-06,0.0003375378
L-BFGS-B,2022,3.1626178e-07,0.011620265,1.1584957e-06,0.00033741628
L-BFGS-B,2023,3.1820858e-07,0.011645866,1.1538189e-06,0.00033726275
L-BFGS-B,2024,3.2131618e-07,0.011680521,1.1471506e-06,0.0003370752
L-BFGS-B,2025,3.2678557e-07,0.011743476,1.1395739e-06,0.00033738866
L-BFGS-B,2026,3.226281e-07,0.0116910795,1.1445983e-06,0.00033699477
L-BFGS-B,2027,3.2396164e-07,0.011700333,1.1414411e-06,0.00033681374
L-BFGS-B,2028,3.2394178e-07,0.011679955,1.1410394e-06,0.00033654674
L-BFGS-B,2029,3.2491195e-07,0.011698085,1.1382821e-06,0.00033645995
L-BFGS-B,2030,3.209724e-07,0.0116381645,1.1459149e-06,0.00033641473
L-BFGS-B,2031,3.2238887e-07,0.011652852,1.1419635e-06,0.00033618137
L-BFGS-B,2032,3.2254e-07,0.011629128,1.1419802e-06,0.0003359693
L-BFGS-B,2033,3.2276827e-07,0.011617161,1.1410959e-06,0.00033575122
L-BFGS-B,2034,3.2463726e-07,0.011564965,1.1432014e-06,0.00033582543
L-BFGS-B,2035,3.2336288e-07,0.011591723,1.1417789e-06,0.0003356885
L-BFGS-B,2036,3.235886e-07,0.011591941,1.1405825e-06,0.00033554508
L-BFGS-B,2037,3.2407866e-07,0.011588147,1.1395116e-06,0.00033542002
L-BFGS-B,2038,3.237491e-07,0.011581624,1.1388098e-06,0.00033520005
L-BFGS-B,2039,3.300179e-07,0.011590352,1.1643456e-06,0.00034005806
L-BFGS-B,2040,3.2363312e-07,0.011556214,1.1398824e-06,0.00033508945
L-BFGS-B,2041,3.2345181e-07,0.011558677,1.1373063e-06,0.00033470048
L-BFGS-B,2042,3.2340324e-07,0.011637994,1.129735e-06,0.00033435068
L-BFGS-B,2043,3.221469e-07,0.011448433,1.1502027e-06,0.00033533678
L-BFGS-B,2044,3.219707e-07,0.011547628,1.1349076e-06,0.00033400801
L-BFGS-B,2045,3.245885e-07,0.011585591,1.1328417e-06,0.00033447042
L-BFGS-B,2046,3.2233837e-07,0.011544908,1.1329914e-06,0.00033374855
L-BFGS-B,2047,3.2131152e-07,0.011572239,1.1291885e-06,0.0003332974
L-BFGS-B,2048,3.2210224e-07,0.011607251,1.1243465e-06,0.0003330398
L-BFGS-B,2049,3.2026193e-07,0.011594435,1.1259317e-06,0.0003328734
L-BFGS-B,2050,3.1808355e-07,0.011548983,1.1301415e-06,0.0003327236
L-BFGS-B,2051,3.1659604e-07,0.011526648,1.1320475e-06,0.000332563
L-BFGS-B,2052,3.123277e-07,0.011393594,1.1495445e-06,0.00033321674
L-BFGS-B,2053,3.1478194e-07,0.011473801,1.136493e-06,0.00033242925
L-BFGS-B,2054,3.1526594e-07,0.011472115,1.1343695e-06,0.00033216647
L-BFGS-B,2055,3.1322156e-07,0.011481088,1.133253e-06,0.00033178204
L-BFGS-B,2056,3.136677e-07,0.0114628645,1.130757e-06,0.00033129234
L-BFGS-B,2057,3.126709e-07,0.011453495,1.1279604e-06,0.00033062964
L-BFGS-B,2058,3.1004691e-07,0.01140038,1.1312436e-06,0.0003301974
L-BFGS-B,2059,3.076713e-07,0.011320589,1.136177e-06,0.00032978313
L-BFGS-B,2060,3.1048998e-07,0.011324036,1.1454476e-06,0.000331631
L-BFGS-B,2061,3.0731627e-07,0.011294759,1.1372432e-06,0.0003296315
L-BFGS-B,2062,3.0950514e-07,0.011192883,1.1414294e-06,0.00032956898
L-BFGS-B,2063,3.0774464e-07,0.011227175,1.1383912e-06,0.00032919212
L-BFGS-B,2064,3.09354e-07,0.01119011,1.1372949e-06,0.00032889843
L-BFGS-B,2065,3.1308315e-07,0.011246842,1.1286527e-06,0.0003287288
L-BFGS-B,2066,3.11929e-07,0.011249943,1.127786e-06,0.0003284567
L-BFGS-B,2067,3.117877e-07,0.011262462,1.1264907e-06,0.00032836638
L-BFGS-B,2068,3.12453e-07,0.011289838,1.1236051e-06,0.0003283071
L-BFGS-B,2069,3.1266478e-07,0.011301965,1.1223049e-06,0.0003282651
L-BFGS-B,2070,3.132336e-07,0.011317344,1.120309e-06,0.00032820483
L-BFGS-B,2071,3.136383e-07,0.0113256285,1.1189505e-06,0.0003281446
L-BFGS-B,2072,3.1438645e-07,0.011340793,1.1165113e-06,0.0003280426
L-BFGS-B,2073,3.1888186e-07,0.011321083,1.1177117e-06,0.00032869985
L-BFGS-B,2074,3.1499664e-07,0.011329773,1.1163821e-06,0.00032800453
L-BFGS-B,2075,3.1600848e-07,0.011338462,1.1138894e-06,0.00032786932
L-BFGS-B,2076,3.1711414e-07,0.011342987,1.1113699e-06,0.0003277025
L-BFGS-B,2077,3.176488e-07,0.011334672,1.1101363e-06,0.00032751448
L-BFGS-B,2078,3.1737994e-07,0.011418693,1.1042769e-06,0.00032743544
L-BFGS-B,2079,4.3059234e-07,0.013654071,1.4997452e-06,0.0004260913
L-BFGS-B,2080,3.1717752e-07,0.01138103,1.1062458e-06,0.0003273238
L-BFGS-B,2081,3.1560032e-07,0.011311696,1.115486e-06,0.0003277799
L-BFGS-B,2082,3.1574817e-07,0.011332671,1.108794e-06,0.00032700802
L-BFGS-B,2083,3.149535e-07,0.011300173,1.1098786e-06,0.00032672653
L-BFGS-B,2084,3.1383823e-07,0.011305737,1.109423e-06,0.00032654655
L-BFGS-B,2085,3.1369973e-07,0.0113126645,1.108602e-06,0.0003264719
L-BFGS-B,2086,3.1440894e-07,0.011346173,1.1048393e-06,0.00032634893
L-BFGS-B,2087,3.1424787e-07,0.011329558,1.1053571e-06,0.0003262363
L-BFGS-B,2088,3.1437048e-07,0.011302834,1.1059229e-06,0.00032607236
L-BFGS-B,2089,3.1451043e-07,0.011264318,1.1065046e-06,0.00032579544
L-BFGS-B,2090,3.1439248e-07,0.011241302,1.1062788e-06,0.0003255137
L-BFGS-B,2091,3.1442073e-07,0.011235585,1.1041736e-06,0.00032514503
L-BFGS-B,2092,3.1320945e-07,0.011250571,1.1026226e-06,0.00032488053
L-BFGS-B,2093,3.1291896e-07,0.011268736,1.1001964e-06,0.00032465465
L-BFGS-B,2094,3.1218363e-07,0.011280807,1.0991295e-06,0.00032450503
L-BFGS-B,2095,3.1131927e-07,0.011287897,1.098617e-06,0.0003243694
L-BFGS-B,2096,3.1073833e-07,0.011277815,1.0991605e-06,0.00032426298
L-BFGS-B,2097,3.0997538e-07,0.011244641,1.1011778e-06,0.00032411938
L-BFGS-B,2098,3.0946688e-07,0.011228961,1.1020126e-06,0.00032401152
L-BFGS-B,2099,3.088193e-07,0.01119434,1.1038334e-06,0.0003238413
L-BFGS-B,2100,3.0734049e-07,0.011170273,1.1062019e-06,0.00032373407
L-BFGS-B,2101,3.0780043e-07,0.011179463,1.1040962e-06,0.00032357912
L-BFGS-B,2102,3.090727e-07,0.011183279,1.1017374e-06,0.00032345433
L-BFGS-B,2103,3.0883686e-07,0.011185534,1.1003895e-06,0.00032323928
L-BFGS-B,2104,3.0867113e-07,0.01118408,1.0984559e-06,0.00032290985
L-BFGS-B,2105,3.0729618e-07,0.011084,1.1048965e-06,0.00032266887
L-BFGS-B,2106,1.0465818e-06,0.065733105,1.232667e-06,0.0009992183
L-BFGS-B,2107,3.1242183e-07,0.011267932,1.0909976e-06,0.00032319222
L-BFGS-B,2108,3.0829534e-07,0.011118621,1.1012124e-06,0.00032261235
L-BFGS-B,2109,3.078789e-07,0.011108652,1.1010997e-06,0.0003224333
L-BFGS-B,2110,3.079452e-07,0.011087532,1.1005402e-06,0.00032214815
L-BFGS-B,2111,3.0787868e-07,0.011068627,1.1007138e-06,0.00032197515
L-BFGS-B,2112,3.0803133e-07,0.011051833,1.1006124e-06,0.00032181488
L-BFGS-B,2113,3.0799006e-07,0.011021512,1.102308e-06,0.00032175984
L-BFGS-B,2114,3.0730175e-07,0.011019049,1.1022398e-06,0.00032162172
L-BFGS-B,2115,3.0636488e-07,0.011015361,1.1024499e-06,0.00032147585
L-BFGS-B,2116,3.049544e-07,0.011006935,1.103058e-06,0.00032127122
L-BFGS-B,2117,3.0374886e-07,0.010987956,1.1041172e-06,0.0003210595
L-BFGS-B,2118,3.024739e-07,0.010950555,1.106018e-06,0.00032077933
L-BFGS-B,2119,3.0276888e-07,0.010915176,1.1065245e-06,0.00032054575
L-BFGS-B,2120,3.0671154e-07,0.010989605,1.1006392e-06,0.00032099866
L-BFGS-B,2121,3.0356335e-07,0.010926083,1.1045831e-06,0.0003204828
L-BFGS-B,2122,3.0440415e-07,0.010926343,1.102087e-06,0.00032023713
L-BFGS-B,2123,3.0513016e-07,0.0109006595,1.100002e-06,0.00031977642
L-BFGS-B,2124,3.098394e-07,0.0112076895,1.0791696e-06,0.00032042823
L-BFGS-B,2125,3.0609044e-07,0.010976677,1.093174e-06,0.00031965645
L-BFGS-B,2126,3.060551e-07,0.010952578,1.0926482e-06,0.00031933127
L-BFGS-B,2127,3.0452372e-07,0.010920448,1.0938005e-06,0.00031895313
L-BFGS-B,2128,3.04094e-07,0.010907861,1.0936358e-06,0.00031873808
L-BFGS-B,2129,3.1311959e-07,0.010962095,1.094993e-06,0.00032083783
L-BFGS-B,2130,3.0523316e-07,0.010893829,1.0926285e-06,0.00031861756
L-BFGS-B,2131,3.0356514e-07,0.010870762,1.0939181e-06,0.00031833007
L-BFGS-B,2132,3.034491e-07,0.010856335,1.0933525e-06,0.00031808356
L-BFGS-B,2133,3.0747918e-07,0.010827321,1.0945531e-06,0.00031857804
L-BFGS-B,2134,3.042567e-07,0.010836088,1.0932141e-06,0.0003179815
L-BFGS-B,2135,3.0357558e-07,0.010859359,1.089816e-06,0.00031760233
L-BFGS-B,2136,3.026088e-07,0.010843414,1.0862584e-06,0.00031676423
L-BFGS-B,2137,3.0048412e-07,0.010827322,1.0849836e-06,0.00031609338
L-BFGS-B,2138,2.9871117e-07,0.010761047,1.0874298e-06,0.00031553162
L-BFGS-B,2139,2.9755833e-07,0.01073011,1.0879666e-06,0.00031512984
L-BFGS-B,2140,3.0034198e-07,0.010832871,1.0834444e-06,0.00031589667
L-BFGS-B,2141,2.9786892e-07,0.010740883,1.0853148e-06,0.0003148864
L-BFGS-B,2142,2.9721383e-07,0.010714768,1.085836e-06,0.00031460513
L-BFGS-B,2143,2.97612e-07,0.010710327,1.0834848e-06,0.0003142678
L-BFGS-B,2144,2.983279e-07,0.010709674,1.0809916e-06,0.00031399465
L-BFGS-B,2145,3.0033658e-07,0.010742714,1.0751772e-06,0.0003137542
L-BFGS-B,2146,3.0014957e-07,0.010736035,1.0736284e-06,0.00031342704
L-BFGS-B,2147,3.011105e-07,0.010748374,1.0695976e-06,0.00031308996
L-BFGS-B,2148,3.027883e-07,0.010761447,1.0659185e-06,0.00031292049
L-BFGS-B,2149,3.017031e-07,0.010757081,1.0655627e-06,0.0003126607
L-BFGS-B,2150,3.030115e-07,0.010773495,1.062646e-06,0.00031258358
L-BFGS-B,2151,3.023905e-07,0.010748347,1.0641754e-06,0.0003124684
L-BFGS-B,2152,3.0243905e-07,0.010738637,1.064175e-06,0.00031237846
L-BFGS-B,2153,3.0282177e-07,0.010740296,1.0630005e-06,0.0003122763
L-BFGS-B,2154,3.0349108e-07,0.010756736,1.060244e-06,0.00031212764
L-BFGS-B,2155,3.0417615e-07,0.010786385,1.0563571e-06,0.00031194385
L-BFGS-B,2156,3.0767148e-07,0.01093127,1.0480287e-06,0.00031266775
L-BFGS-B,2157,3.0459745e-07,0.010808406,1.0541562e-06,0.00031189708
L-BFGS-B,2158,3.0599287e-07,0.010864141,1.047194e-06,0.00031161946
L-BFGS-B,2159,3.0552758e-07,0.010856146,1.0472693e-06,0.000311481
L-BFGS-B,2160,3.0480487e-07,0.01083902,1.0480438e-06,0.0003113175
L-BFGS-B,2161,3.047809e-07,0.010833076,1.0480189e-06,0.00031125074
L-BFGS-B,2162,3.0628448e-07,0.010835845,1.0448637e-06,0.00031103066
L-BFGS-B,2163,3.0670716e-07,0.010832212,1.0438483e-06,0.00031090545
L-BFGS-B,2164,3.074798e-07,0.01084213,1.0414249e-06,0.000310757
L-BFGS-B,2165,3.093718e-07,0.010862371,1.0367623e-06,0.00031054384
L-BFGS-B,2166,3.091834e-07,0.010849125,1.0365775e-06,0.0003103554
L-BFGS-B,2167,3.0864453e-07,0.010825038,1.0371975e-06,0.0003101267
L-BFGS-B,2168,3.0754498e-07,0.010790298,1.0392292e-06,0.00030991912
L-BFGS-B,2169,3.1262238e-07,0.010826675,1.0318321e-06,0.00030993493
L-BFGS-B,2170,3.09777e-07,0.010801701,1.0352479e-06,0.00030977075
L-BFGS-B,2171,3.0971444e-07,0.010786857,1.0350733e-06,0.00030958673
L-BFGS-B,2172,3.1072943e-07,0.010776085,1.0325377e-06,0.00030925093
L-BFGS-B,2173,3.1042342e-07,0.010763003,1.0325615e-06,0.00030907776
L-BFGS-B,2174,3.11276e-07,0.010760215,1.0302485e-06,0.00030883081
L-BFGS-B,2175,3.1194804e-07,0.010763843,1.0271345e-06,0.0003085008
L-BFGS-B,2176,3.1118685e-07,0.010769462,1.0260138e-06,0.00030827473
L-BFGS-B,2177,3.1080017e-07,0.010761507,1.0259237e-06,0.00030812365
L-BFGS-B,2178,3.104406e-07,0.010678544,1.0322893e-06,0.0003081949
L-BFGS-B,2179,3.103647e-07,0.010716207,1.0285429e-06,0.0003079982
L-BFGS-B,2180,3.0962346e-07,0.010703225,1.0290514e-06,0.00030783348
L-BFGS-B,2181,3.100692e-07,0.010709312,1.0271444e-06,0.00030767516
L-BFGS-B,2182,3.0979967e-07,0.0107112825,1.0265674e-06,0.00030756788
L-BFGS-B,2183,3.0976278e-07,0.010720909,1.0252876e-06,0.00030746663
L-BFGS-B,2184,3.093301e-07,0.010729749,1.024175e-06,0.00030732324
L-BFGS-B,2185,3.0891547e-07,0.01073074,1.0234401e-06,0.00030716072
L-BFGS-B,2186,3.0740745e-07,0.010713807,1.0242396e-06,0.00030688514
L-BFGS-B,2187,3.073296e-07,0.0107076755,1.023595e-06,0.00030671543
L-BFGS-B,2188,3.0661027e-07,0.010715172,1.0225964e-06,0.00030653272
L-BFGS-B,2189,3.0559218e-07,0.010692519,1.024603e-06,0.00030645446
L-BFGS-B,2190,3.0578673e-07,0.010704782,1.0221057e-06,0.0003062317
L-BFGS-B,2191,3.0530256e-07,0.010707997,1.0206456e-06,0.00030597218
L-BFGS-B,2192,3.0577286e-07,0.010731303,1.0160675e-06,0.00030558908
L-BFGS-B,2193,3.041509e-07,0.010796562,1.0201378e-06,0.0003066089
L-BFGS-B,2194,3.0483397e-07,0.010729401,1.0164913e-06,0.00030549278
L-BFGS-B,2195,3.1264008e-07,0.010819686,1.0016159e-06,0.00030533527
L-BFGS-B,2196,3.0825976e-07,0.0107537,1.0077968e-06,0.00030494548
L-BFGS-B,2197,3.0992626e-07,0.010755493,1.0047634e-06,0.00030475837
L-BFGS-B,2198,3.0974644e-07,0.01073569,1.0050428e-06,0.00030457528
L-BFGS-B,2199,3.0999382e-07,0.010729521,1.0042075e-06,0.00030442543
L-BFGS-B,2200,3.10153e-07,0.010724734,1.003764e-06,0.0003043349
L-BFGS-B,2201,3.1055774e-07,0.010769421,9.997515e-07,0.00030424062
L-BFGS-B,2202,3.1067592e-07,0.010741061,1.0000784e-06,0.00030402376
L-BFGS-B,2203,3.1043714e-07,0.010721505,1.0003529e-06,0.00030383357
L-BFGS-B,2204,3.100904e-07,0.010702132,1.0004887e-06,0.0003036082
L-BFGS-B,2205,3.0970276e-07,0.010690407,1.0007093e-06,0.00030346587
L-BFGS-B,2206,3.0982568e-07,0.010684193,1.0005782e-06,0.0003034025
L-BFGS-B,2207,3.1035773e-07,0.010687073,9.994546e-07,0.0003033426
L-BFGS-B,2208,3.1059145e-07,0.010686646,9.987946e-07,0.00030327437
L-BFGS-B,2209,3.1009603e-07,0.01068308,9.983713e-07,0.0003031009
L-BFGS-B,2210,3.1294482e-07,0.010740013,9.914106e-07,0.00030305344
L-BFGS-B,2211,3.1028495e-07,0.01071347,9.93598e-07,0.00030271715
L-BFGS-B,2212,3.0854966e-07,0.010696792,9.941089e-07,0.00030236668
L-BFGS-B,2213,3.071477e-07,0.010707087,9.903843e-07,0.00030170067
L-BFGS-B,2214,3.0703993e-07,0.010738189,9.8559e-07,0.0003012764
L-BFGS-B,2215,3.0636755e-07,0.010749616,9.838151e-07,0.00030102354
L-BFGS-B,2216,3.0568404e-07,0.010731872,9.845352e-07,0.0003008516
L-BFGS-B,2217,3.0499424e-07,0.01070606,9.858845e-07,0.0003006924
L-BFGS-B,2218,3.0400784e-07,0.010674206,9.881309e-07,0.00030056285
L-BFGS-B,2219,3.02516e-07,0.010653003,9.896029e-07,0.00030034786
L-BFGS-B,2220,3.01223e-07,0.010609132,9.912598e-07,0.00029996375
L-BFGS-B,2221,3.0180456e-07,0.010525506,1.0140188e-06,0.00030262856
L-BFGS-B,2222,3.0018134e-07,0.010564987,9.94311e-07,0.0002998237
L-BFGS-B,2223,2.997765e-07,0.010538356,9.926968e-07,0.00029925455
L-BFGS-B,2224,3.005315e-07,0.010539437,9.896083e-07,0.0002989153
L-BFGS-B,2225,3.020255e-07,0.01056927,9.845032e-07,0.000298672
L-BFGS-B,2226,3.0070962e-07,0.010531912,9.870761e-07,0.00029848696
L-BFGS-B,2227,3.0039618e-07,0.010519634,9.874905e-07,0.00029837934
L-BFGS-B,2228,2.972231e-07,0.010427087,9.973409e-07,0.00029845544
L-BFGS-B,2229,2.9892723e-07,0.010476615,9.91345e-07,0.000298307
L-BFGS-B,2230,2.9915205e-07,0.010481935,9.897591e-07,0.000298156
L-BFGS-B,2231,2.9828362e-07,0.010482986,9.89974e-07,0.0002980685
L-BFGS-B,2232,2.972245e-07,0.010469317,9.915267e-07,0.00029800585
L-BFGS-B,2233,2.9619085e-07,0.010454075,9.929644e-07,0.00029791403
L-BFGS-B,2234,2.9459287e-07,0.010425338,9.956242e-07,0.00029778594
L-BFGS-B,2235,2.997928e-07,0.010452464,9.945771e-07,0.00029868013
L-BFGS-B,2236,2.9527075e-07,0.010418531,9.947365e-07,0.00029768638
L-BFGS-B,2237,2.938712e-07,0.010383456,9.972024e-07,0.0002974956
L-BFGS-B,2238,2.925742e-07,0.010361485,1.0005634e-06,0.0002975855
L-BFGS-B,2239,2.932245e-07,0.010369648,9.983645e-07,0.00029743483
L-BFGS-B,2240,2.9357489e-07,0.010368096,9.971709e-07,0.00029729283
L-BFGS-B,2241,2.9549238e-07,0.0103867715,9.922287e-07,0.0002970259
L-BFGS-B,2242,2.9744913e-07,0.010390586,9.878934e-07,0.00029670724
L-BFGS-B,2243,2.986489e-07,0.010462909,9.806026e-07,0.0002965168
L-BFGS-B,2244,2.9886195e-07,0.010451097,9.805714e-07,0.00029642595
L-BFGS-B,2245,2.987943e-07,0.010426071,9.817029e-07,0.00029633526
L-BFGS-B,2246,2.9883986e-07,0.01040991,9.821089e-07,0.0002962414
L-BFGS-B,2247,2.9901832e-07,0.01039314,9.821327e-07,0.00029610406
L-BFGS-B,2248,2.9934586e-07,0.010387687,9.813407e-07,0.00029597984
L-BFGS-B,2249,2.997787e-07,0.01038196,9.801672e-07,0.0002958115
L-BFGS-B,2250,3.0062105e-07,0.010382985,9.778413e-07,0.0002955992
L-BFGS-B,2251,3.0074293e-07,0.010381611,9.770873e-07,0.00029549064
L-BFGS-B,2252,3.0062174e-07,0.010387738,9.757963e-07,0.00029534008
L-BFGS-B,2253,3.0031e-07,0.010390796,9.748544e-07,0.00029518263
L-BFGS-B,2254,2.9995087e-07,0.010402647,9.731028e-07,0.00029498452
L-BFGS-B,2255,3.021473e-07,0.010375922,9.726922e-07,0.00029498513
L-BFGS-B,2256,3.009305e-07,0.010386313,9.726539e-07,0.0002949008
L-BFGS-B,2257,2.9878126e-07,0.010397388,9.743462e-07,0.000294943
L-BFGS-B,2258,2.9972404e-07,0.01038418,9.731973e-07,0.00029478
L-BFGS-B,2259,3.0061062e-07,0.010451322,9.676525e-07,0.0002947527
L-BFGS-B,2260,2.99765e-07,0.010415845,9.685945e-07,0.00029441237
L-BFGS-B,2261,2.9957846e-07,0.010406563,9.678228e-07,0.0002941758
L-BFGS-B,2262,2.9953293e-07,0.010417085,9.653565e-07,0.00029390428
L-BFGS-B,2263,2.9981982e-07,0.010442771,9.614504e-07,0.00029361824
L-BFGS-B,2264,3.0018302e-07,0.010451092,9.594568e-07,0.0002934569
L-BFGS-B,2265,3.0574097e-07,0.01056413,9.4640586e-07,0.0002934633
L-BFGS-B,2266,3.0273372e-07,0.010501531,9.52424e-07,0.00029328896
L-BFGS-B,2267,3.041849e-07,0.010496458,9.539222e-07,0.00029368064
L-BFGS-B,2268,3.0266412e-07,0.010483155,9.516767e-07,0.00029298267
L-BFGS-B,2269,3.0348465e-07,0.010482646,9.491876e-07,0.0002927273
L-BFGS-B,2270,3.0401932e-07,0.010467699,9.4769933e-07,0.00029243476
L-BFGS-B,2271,3.0449817e-07,0.010455084,9.454602e-07,0.0002920446
L-BFGS-B,2272,3.0422078e-07,0.010429552,9.435876e-07,0.00029146677
L-BFGS-B,2273,3.03257e-07,0.010418961,9.4306154e-07,0.00029113737
L-BFGS-B,2274,3.029809e-07,0.010407188,9.4264703e-07,0.00029091607
L-BFGS-B,2275,3.0237902e-07,0.010401201,9.4254375e-07,0.0002907504
L-BFGS-B,2276,3.0246832e-07,0.010390606,9.4275566e-07,0.00029068964
L-BFGS-B,2277,3.0222938e-07,0.010390769,9.4204347e-07,0.0002905486
L-BFGS-B,2278,3.0228088e-07,0.010389428,9.41519e-07,0.00029046426
L-BFGS-B,2279,3.0299333e-07,0.010402338,9.3871023e-07,0.00029027893
L-BFGS-B,2280,3.0313265e-07,0.010409821,9.370698e-07,0.00029012858
L-BFGS-B,2281,3.0274683e-07,0.010424219,9.3504565e-07,0.00028991106
L-BFGS-B,2282,3.0243416e-07,0.010436876,9.334491e-07,0.00028975125
L-BFGS-B,2283,3.589197e-07,0.012494051,9.78647e-07,0.0003255755
L-BFGS-B,2284,3.019595e-07,0.010466107,9.313968e-07,0.00028966452
L-BFGS-B,2285,3.0244257e-07,0.010474733,9.2924694e-07,0.00028950075
L-BFGS-B,2286,3.0101268e-07,0.010442824,9.3209275e-07,0.00028939405
L-BFGS-B,2287,2.9972995e-07,0.0104229525,9.3425734e-07,0.0002893276
L-BFGS-B,2288,2.9904464e-07,0.010409743,9.353794e-07,0.00028926102
L-BFGS-B,2289,2.98482e-07,0.010387113,9.371089e-07,0.00028920977
L-BFGS-B,2290,2.9829545e-07,0.0103774145,9.371194e-07,0.00028908637
L-BFGS-B,2291,2.9857716e-07,0.010374817,9.367554e-07,0.00028904807
L-BFGS-B,2292,2.9852166e-07,0.010362707,9.3712765e-07,0.00028897446
L-BFGS-B,2293,3.0021795e-07,0.010364379,9.347558e-07,0.00028888986
L-BFGS-B,2294,2.988708e-07,0.010338621,9.367698e-07,0.0002887323
L-BFGS-B,2295,2.9977082e-07,0.010364335,9.3280187e-07,0.00028852923
L-BFGS-B,2296,3.0020246e-07,0.010372535,9.301887e-07,0.00028828403
L-BFGS-B,2297,3.013339e-07,0.01038867,9.2553347e-07,0.0002879168
L-BFGS-B,2298,3.0324236e-07,0.010411302,9.197576e-07,0.00028756302
L-BFGS-B,2299,3.037733e-07,0.010374737,9.1778304e-07,0.00028698082
L-BFGS-B,2300,3.0399366e-07,0.010356305,9.156164e-07,0.00028650457
L-BFGS-B,2301,3.0335534e-07,0.010231549,9.2918566e-07,0.00028719666
L-BFGS-B,2302,3.0291218e-07,0.010287103,9.193618e-07,0.00028621213
L-BFGS-B,2303,3.0331174e-07,0.010291007,9.154953e-07,0.00028573113
L-BFGS-B,2304,3.0329127e-07,0.010256838,9.1408145e-07,0.0002851743
L-BFGS-B,2305,3.035001e-07,0.010247194,9.112086e-07,0.00028467824
L-BFGS-B,2306,3.046577e-07,0.010252204,9.079059e-07,0.0002844066
L-BFGS-B,2307,3.0548367e-07,0.010266935,9.050265e-07,0.00028424588
L-BFGS-B,2308,3.0555609e-07,0.010294344,9.023352e-07,0.00028412713
L-BFGS-B,2309,3.0656574e-07,0.01029066,9.00509e-07,0.00028396782
L-BFGS-B,2310,3.0709825e-07,0.010283285,8.991093e-07,0.00028376398
L-BFGS-B,2311,3.0647698e-07,0.010253199,9.011289e-07,0.00028367288
L-BFGS-B,2312,3.064076e-07,0.010253136,9.006585e-07,0.00028359127
L-BFGS-B,2313,3.0658035e-07,0.010253659,9.000387e-07,0.00028352946
L-BFGS-B,2314,3.0708264e-07,0.010260181,8.985163e-07,0.00028344165
L-BFGS-B,2315,3.0663728e-07,0.010244383,8.9937987e-07,0.0002833464
L-BFGS-B,2316,3.059435e-07,0.010221843,9.008393e-07,0.00028323586
L-BFGS-B,2317,3.0642988e-07,0.010219829,8.998128e-07,0.0002831347
L-BFGS-B,2318,3.0578414e-07,0.010206976,9.0080425e-07,0.00028305803
L-BFGS-B,2319,3.0533903e-07,0.01020035,9.00958e-07,0.00028294802
L-BFGS-B,2320,3.047614e-07,0.010188627,9.0150394e-07,0.00028282608
L-BFGS-B,2321,3.046581e-07,0.010185252,9.013303e-07,0.00028275076
L-BFGS-B,2322,3.047777e-07,0.010187449,9.004802e-07,0.00028266315
L-BFGS-B,2323,3.0388517e-07,0.010172374,9.0131357e-07,0.00028250355
L-BFGS-B,2324,3.037261e-07,0.010166982,9.004364e-07,0.0002822942
L-BFGS-B,2325,3.0311003e-07,0.010146729,9.013054e-07,0.0002821296
L-BFGS-B,2326,3.0538305e-07,0.010182648,8.992404e-07,0.00028251996
L-BFGS-B,2327,3.034023e-07,0.010148262,9.006503e-07,0.0002820905
L-BFGS-B,2328,3.0324236e-07,0.010130544,9.0158744e-07,0.0002820299
L-BFGS-B,2329,3.0461536e-07,0.010113446,9.0069057e-07,0.00028193035
L-BFGS-B,2330,3.0197162e-07,0.010080845,9.0434514e-07,0.000281756
L-BFGS-B,2331,3.012937e-07,0.010062259,9.0561235e-07,0.0002816585
L-BFGS-B,2332,3.0081713e-07,0.010040051,9.0671e-07,0.0002815296
L-BFGS-B,2333,3.000107e-07,0.009969679,9.375906e-07,0.00028533698
L-BFGS-B,2334,2.9988246e-07,0.01000779,9.0942217e-07,0.0002814736
L-BFGS-B,2335,2.998284e-07,0.009994743,9.094499e-07,0.00028133916
L-BFGS-B,2336,2.9938704e-07,0.009969071,9.1033485e-07,0.000281149
L-BFGS-B,2337,2.9894838e-07,0.009949581,9.111785e-07,0.00028101483
L-BFGS-B,2338,2.974695e-07,0.009908366,9.1310955e-07,0.00028067053
L-BFGS-B,2339,2.9633685e-07,0.009855376,9.154912e-07,0.00028032798
L-BFGS-B,2340,2.9431106e-07,0.009783498,9.1990916e-07,0.00027996802
L-BFGS-B,2341,2.928394e-07,0.009725875,9.2302366e-07,0.00027963822
L-BFGS-B,2342,2.9192003e-07,0.009697608,9.242974e-07,0.0002794087
L-BFGS-B,2343,2.934056e-07,0.0097940825,9.316791e-07,0.00028170354
L-BFGS-B,2344,2.91623e-07,0.009700419,9.2371675e-07,0.00027930515
L-BFGS-B,2345,2.9118166e-07,0.009740259,9.2056933e-07,0.00027916522
L-BFGS-B,2346,2.9138457e-07,0.0097211115,9.1868446e-07,0.00027872145
L-BFGS-B,2347,2.923292e-07,0.009734082,9.154541e-07,0.0002785083
L-BFGS-B,2348,2.9253158e-07,0.009749927,9.129126e-07,0.00027831589
L-BFGS-B,2349,2.9261213e-07,0.009757428,9.1046314e-07,0.0002780356
L-BFGS-B,2350,2.915266e-07,0.0097494135,9.0926756e-07,0.00027761326
L-BFGS-B,2351,2.9942873e-07,0.0099853575,9.0557614e-07,0.00028060432
L-BFGS-B,2352,2.921245e-07,0.009761229,9.0709415e-07,0.00027749507
L-BFGS-B,2353,2.910956e-07,0.009742396,9.0596603e-07,0.0002769832
L-BFGS-B,2354,3.2363045e-07,0.010646362,9.519731e-07,0.00029780413
L-BFGS-B,2355,2.9017738e-07,0.009735962,9.064341e-07,0.00027685135
L-BFGS-B,2356,2.89631e-07,0.009716691,9.0441733e-07,0.00027627416
L-BFGS-B,2357,2.8981952e-07,0.0096804015,9.026102e-07,0.00027566846
L-BFGS-B,2358,2.9071253e-07,0.009691215,8.98632e-07,0.00027531383
L-BFGS-B,2359,2.928684e-07,0.009727004,8.926084e-07,0.00027509156
L-BFGS-B,2360,2.9286537e-07,0.009728218,8.914307e-07,0.0002749266
L-BFGS-B,2361,2.9267e-07,0.009731884,8.9060063e-07,0.00027480943
L-BFGS-B,2362,2.927126e-07,0.009753056,8.8782275e-07,0.00027461088
L-BFGS-B,2363,2.9292408e-07,0.009782804,8.8395586e-07,0.00027436003
L-BFGS-B,2364,2.9411558e-07,0.009833209,8.7689244e-07,0.00027398329
L-BFGS-B,2365,3.5060177e-07,0.011651654,9.173528e-07,0.00030670973
L-BFGS-B,2366,2.9410327e-07,0.009840126,8.762026e-07,0.00027394714
L-BFGS-B,2367,2.9720752e-07,0.009853295,8.695785e-07,0.00027355086
L-BFGS-B,2368,2.9645727e-07,0.00982759,8.697024e-07,0.00027319984
L-BFGS-B,2369,2.953215e-07,0.009799825,8.6910626e-07,0.00027266244
L-BFGS-B,2370,2.9573084e-07,0.0097853225,8.6872075e-07,0.00027252093
L-BFGS-B,2371,2.9516883e-07,0.009788302,8.675805e-07,0.00027229544
L-BFGS-B,2372,2.9495777e-07,0.009868551,8.6525756e-07,0.0002727178
L-BFGS-B,2373,2.9483013e-07,0.009796882,8.666801e-07,0.00027219538
L-BFGS-B,2374,2.943971e-07,0.009786588,8.670122e-07,0.00027207728
L-BFGS-B,2375,2.9382863e-07,0.009757638,8.679532e-07,0.00027184363
L-BFGS-B,2376,2.9367996e-07,0.009742756,8.682011e-07,0.00027170972
L-BFGS-B,2377,2.9834516e-07,0.009782391,8.6287713e-07,0.00027200725
L-BFGS-B,2378,2.948486e-07,0.009748651,8.6620423e-07,0.00027164444
L-BFGS-B,2379,2.9563375e-07,0.009720149,8.663847e-07,0.00027150428
L-BFGS-B,2380,2.958488e-07,0.009733303,8.639714e-07,0.00027130608
L-BFGS-B,2381,2.9650704e-07,0.009741458,8.6149424e-07,0.00027111475
L-BFGS-B,2382,2.9733218e-07,0.009737722,8.5934647e-07,0.000270879
L-BFGS-B,2383,2.9740625e-07,0.00969949,8.5975535e-07,0.00027056914
L-BFGS-B,2384,2.941848e-07,0.00957594,8.6733576e-07,0.00026998747
L-BFGS-B,2385,2.9477866e-07,0.009535488,8.667756e-07,0.00026958802
L-BFGS-B,2386,2.938009e-07,0.009501297,8.684602e-07,0.0002693521
L-BFGS-B,2387,2.9456186e-07,0.00952308,8.649897e-07,0.00026916352
L-BFGS-B,2388,2.9519717e-07,0.009532522,8.6194956e-07,0.00026889722
L-BFGS-B,2389,2.9362104e-07,0.009508802,8.6313634e-07,0.00026860164
L-BFGS-B,2390,2.9123336e-07,0.00949338,8.639136e-07,0.00026820585
L-BFGS-B,2391,2.8978593e-07,0.009477107,8.6474444e-07,0.0002679506
L-BFGS-B,2392,2.888549e-07,0.00947673,8.638515e-07,0.00026767323
L-BFGS-B,2393,2.8934707e-07,0.009489218,8.6119877e-07,0.00026747404
L-BFGS-B,2394,3.1645058e-07,0.010633223,8.6441236e-07,0.00028346168
L-BFGS-B,2395,2.8931942e-07,0.0095027825,8.5994833e-07,0.00026741799
L-BFGS-B,2396,2.897078e-07,0.0094995685,8.5839804e-07,0.00026721158
L-BFGS-B,2397,2.9032546e-07,0.0095097935,8.5617563e-07,0.0002670731
L-BFGS-B,2398,2.907301e-07,0.009517434,8.5365735e-07,0.00026683247
L-BFGS-B,2399,2.9060755e-07,0.009522776,8.5281835e-07,0.00026674167
L-BFGS-B,2400,2.9000188e-07,0.009510031,8.528394e-07,0.00026652648
L-BFGS-B,2401,2.8858136e-07,0.009514181,8.536057e-07,0.00026646984
L-BFGS-B,2402,2.8813892e-07,0.009485745,8.538424e-07,0.00026615465
L-BFGS-B,2403,2.8850485e-07,0.009485535,8.5281766e-07,0.0002660537
L-BFGS-B,2404,2.8923614e-07,0.009479466,8.511171e-07,0.00026584763
L-BFGS-B,2405,2.8982527e-07,0.009475616,8.4940626e-07,0.0002656409
L-BFGS-B,2406,2.8847722e-07,0.009373718,8.8539775e-07,0.0002698184
L-BFGS-B,2407,2.8905308e-07,0.009440684,8.5214924e-07,0.00026558718
L-BFGS-B,2408,2.8999077e-07,0.009451741,8.480462e-07,0.00026522297
L-BFGS-B,2409,2.9016238e-07,0.009454142,8.469881e-07,0.000265114
L-BFGS-B,2410,2.8979014e-07,0.009454704,8.464633e-07,0.00026498505
L-BFGS-B,2411,2.8945897e-07,0.009448534,8.4636326e-07,0.00026485865
L-BFGS-B,2412,2.892419e-07,0.009434054,8.4568273e-07,0.00026457923
L-BFGS-B,2413,2.9186245e-07,0.009470899,8.4008263e-07,0.00026450073
L-BFGS-B,2414,2.905513e-07,0.009436902,8.423386e-07,0.0002643025
L-BFGS-B,2415,2.9065e-07,0.009426363,8.4223495e-07,0.00026419637
L-BFGS-B,2416,2.9240897e-07,0.009444686,8.384887e-07,0.00026408152
L-BFGS-B,2417,2.934537e-07,0.009449523,8.365265e-07,0.00026399226
L-BFGS-B,2418,2.9538222e-07,0.0094858445,8.3195795e-07,0.00026395946
L-BFGS-B,2419,2.9474938e-07,0.009475048,8.329309e-07,0.0002639025
L-BFGS-B,2420,2.9333046e-07,0.009450717,8.353029e-07,0.00026380218
L-BFGS-B,2421,2.920773e-07,0.009427773,8.368046e-07,0.00026361
L-BFGS-B,2422,2.9249506e-07,0.009418086,8.358219e-07,0.0002634284
L-BFGS-B,2423,2.93898e-07,0.009414906,8.3335925e-07,0.00026323766
L-BFGS-B,2424,2.9545666e-07,0.009413267,8.3107415e-07,0.0002631123
L-BFGS-B,2425,2.9562466e-07,0.009406625,8.306582e-07,0.0002630087
L-BFGS-B,2426,2.951454e-07,0.009398519,8.3113747e-07,0.0002629276
L-BFGS-B,2427,2.939736e-07,0.0093753,8.332272e-07,0.00026283314
L-BFGS-B,2428,2.9305076e-07,0.009353714,8.3479017e-07,0.0002627133
L-BFGS-B,2429,2.9237145e-07,0.009350925,8.3555756e-07,0.0002626986
L-BFGS-B,2430,2.9251905e-07,0.009346925,8.3495877e-07,0.0002625909
L-BFGS-B,2431,2.8910898e-07,0.009243511,8.4302405e-07,0.00026225508
L-BFGS-B,2432,2.8909457e-07,0.009239106,8.414826e-07,0.00026197764
L-BFGS-B,2433,2.9124996e-07,0.009250191,8.3458764e-07,0.00026137754
L-BFGS-B,2434,2.9109862e-07,0.0092185475,8.3505336e-07,0.00026110827
L-BFGS-B,2435,2.9123058e-07,0.009183821,8.357033e-07,0.0002608783
L-BFGS-B,2436,2.9087477e-07,0.00918084,8.355637e-07,0.00026077416
L-BFGS-B,2437,2.9081747e-07,0.0091780685,8.354219e-07,0.0002607166
L-BFGS-B,2438,2.9103316e-07,0.009178505,8.34588e-07,0.00026062824
L-BFGS-B,2439,2.9133477e-07,0.009178601,8.3355746e-07,0.00026051985
L-BFGS-B,2440,2.9157096e-07,0.009172697,8.3292105e-07,0.00026040076
L-BFGS-B,2441,2.9166202e-07,0.009161678,8.3309385e-07,0.00026033015
L-BFGS-B,2442,2.9160637e-07,0.009151745,8.333952e-07,0.00026026767
L-BFGS-B,2443,2.91799e-07,0.009146757,8.3300847e-07,0.0002601887
L-BFGS-B,2444,2.919209e-07,0.0091351345,8.3281145e-07,0.00026006118
L-BFGS-B,2445,2.92684e-07,0.009128144,8.3100656e-07,0.000259835
L-BFGS-B,2446,2.9811594e-07,0.00935418,8.3691816e-07,0.00026379692
L-BFGS-B,2447,2.9253047e-07,0.00912223,8.310797e-07,0.00025976382
L-BFGS-B,2448,2.9320725e-07,0.009124539,8.285763e-07,0.00025951292
L-BFGS-B,2449,2.9320228e-07,0.009142733,8.258109e-07,0.0002592793
L-BFGS-B,2450,3.04193e-07,0.009284898,8.251106e-07,0.00026224452
L-BFGS-B,2451,2.938981e-07,0.009133753,8.251468e-07,0.00025919426
L-BFGS-B,2452,2.9341368e-07,0.009128924,8.2524195e-07,0.0002590876
L-BFGS-B,2453,2.9191884e-07,0.009119334,8.2654896e-07,0.0002589635
L-BFGS-B,2454,2.909312e-07,0.009106616,8.2766434e-07,0.00025885546
L-BFGS-B,2455,2.894131e-07,0.0090868445,8.2974157e-07,0.00025874167
L-BFGS-B,2456,2.8913593e-07,0.009081958,8.296636e-07,0.0002586395
L-BFGS-B,2457,2.8937384e-07,0.009083122,8.2847555e-07,0.00025850863
L-BFGS-B,2458,2.8937123e-07,0.009097186,8.2851886e-07,0.00025865535
L-BFGS-B,2459,2.8914772e-07,0.00908215,8.282158e-07,0.000258426
L-BFGS-B,2460,2.8974327e-07,0.00908161,8.266076e-07,0.00025826873
L-BFGS-B,2461,2.9098555e-07,0.009098962,8.2301005e-07,0.00025808896
L-BFGS-B,2462,2.9109734e-07,0.00908266,8.289771e-07,0.00025883777
L-BFGS-B,2463,2.906656e-07,0.009083244,8.2393296e-07,0.00025802222
L-BFGS-B,2464,2.9309095e-07,0.009131781,8.178163e-07,0.00025795389
L-BFGS-B,2465,2.9177224e-07,0.0091029005,8.2048393e-07,0.00025786745
L-BFGS-B,2466,2.9169e-07,0.009093548,8.208644e-07,0.00025781864
L-BFGS-B,2467,2.9203872e-07,0.009122473,8.193793e-07,0.0002579374
L-BFGS-B,2468,2.9170897e-07,0.009100329,8.2005937e-07,0.00025776855
L-BFGS-B,2469,2.922892e-07,0.009106278,8.1838243e-07,0.00025766355
L-BFGS-B,2470,2.930066e-07,0.009132808,8.1505965e-07,0.00025753802
L-BFGS-B,2471,2.9335553e-07,0.009165295,8.153405e-07,0.00025795738
L-BFGS-B,2472,2.9285613e-07,0.009132856,8.148948e-07,0.0002574912
L-BFGS-B,2473,2.936432e-07,0.00916055,8.113571e-07,0.00025735554
L-BFGS-B,2474,2.9533393e-07,0.009191251,8.063977e-07,0.00025717224
L-BFGS-B,2475,2.949826e-07,0.009187622,8.0570356e-07,0.00025697914
L-BFGS-B,2476,2.9467554e-07,0.009171746,8.063822e-07,0.0002568761
L-BFGS-B,2477,2.942129e-07,0.009159224,8.0720656e-07,0.00025680516
L-BFGS-B,2478,2.9402668e-07,0.009154191,8.0749635e-07,0.00025677035
L-BFGS-B,2479,2.9406934e-07,0.00915892,8.067986e-07,0.0002567194
L-BFGS-B,2480,2.9414073e-07,0.009162458,8.0628547e-07,0.0002566885
L-BFGS-B,2481,2.9383233e-07,0.009164356,8.0617775e-07,0.0002566451
L-BFGS-B,2482,2.935114e-07,0.009162251,8.0633964e-07,0.00025660015
L-BFGS-B,2483,2.92543e-07,0.00915707,8.074089e-07,0.00025656348
L-BFGS-B,2484,2.9231137e-07,0.009147296,8.079985e-07,0.00025651942
L-BFGS-B,2485,2.9286971e-07,0.009154236,8.0652046e-07,0.00025645088
L-BFGS-B,2486,2.9299613e-07,0.009150956,8.0597204e-07,0.00025635478
L-BFGS-B,2487,2.925893e-07,0.009129946,8.066268e-07,0.00025618187
L-BFGS-B,2488,2.9235844e-07,0.009112193,8.069991e-07,0.00025602555
L-BFGS-B,2489,2.9233675e-07,0.009091241,8.0710845e-07,0.0002558292
L-BFGS-B,2490,2.936766e-07,0.0090996,8.041234e-07,0.000255666
L-BFGS-B,2491,2.9477195e-07,0.009115082,8.010901e-07,0.00025553012
L-BFGS-B,2492,2.9611016e-07,0.009127018,7.9870006e-07,0.0002554917
L-BFGS-B,2493,2.9569537e-07,0.009126739,7.987884e-07,0.00025543995
L-BFGS-B,2494,2.945963e-07,0.009102787,8.006456e-07,0.00025531417
L-BFGS-B,2495,2.9421233e-07,0.009093785,8.011349e-07,0.00025523992
L-BFGS-B,2496,2.9418726e-07,0.009089458,8.0066576e-07,0.00025512255
L-BFGS-B,2497,2.9372333e-07,0.00908469,8.0065155e-07,0.00025500313
L-BFGS-B,2498,2.9320876e-07,0.009084017,8.006144e-07,0.00025491364
L-BFGS-B,2499,2.9184054e-07,0.0090711955,8.022586e-07,0.00025482682
L-BFGS-B,2500,2.912227e-07,0.009065427,8.0271855e-07,0.00025474548
L-BFGS-B,2501,2.9063548e-07,0.009061462,8.030624e-07,0.00025466928
L-BFGS-B,2502,2.905012e-07,0.00905497,8.0321473e-07,0.0002546071
L-BFGS-B,2503,2.9125238e-07,0.009062467,8.013268e-07,0.00025451154
L-BFGS-B,2504,2.9165417e-07,0.009075995,7.9956396e-07,0.00025444265
L-BFGS-B,2505,2.926364e-07,0.009092286,7.9713413e-07,0.00025438843
L-BFGS-B,2506,2.9375374e-07,0.00914627,7.928622e-07,0.00025445508
L-BFGS-B,2507,2.929269e-07,0.0091098575,7.9532145e-07,0.0002543358
L-BFGS-B,2508,2.9305363e-07,0.00910604,7.949192e-07,0.00025425633
L-BFGS-B,2509,2.9350517e-07,0.009096583,7.942442e-07,0.00025412824
L-BFGS-B,2510,2.9389332e-07,0.009191103,7.94193e-07,0.00025512397
L-BFGS-B,2511,2.93318e-07,0.009101637,7.93918e-07,0.00025410176
L-BFGS-B,2512,2.9383474e-07,0.009095072,7.933473e-07,0.000254028
L-BFGS-B,2513,2.9396418e-07,0.00908638,7.933634e-07,0.00025396293
L-BFGS-B,2514,2.934411e-07,0.0090722395,7.9417026e-07,0.0002538641
L-BFGS-B,2515,2.9452374e-07,0.0090849,7.920314e-07,0.00025383226
L-BFGS-B,2516,2.9210142e-07,0.009059075,7.9591024e-07,0.0002537925
L-BFGS-B,2517,2.929382e-07,0.009062644,7.935865e-07,0.00025360513
L-BFGS-B,2518,2.9295617e-07,0.009064042,7.932148e-07,0.00025356605
L-BFGS-B,2519,2.9339526e-07,0.009070675,7.9194285e-07,0.00025350746
L-BFGS-B,2520,2.901542e-07,0.009007366,7.995047e-07,0.0002535225
L-BFGS-B,2521,2.918004e-07,0.009038866,7.952708e-07,0.00025344934
L-BFGS-B,2522,2.9776749e-07,0.009099556,7.8545804e-07,0.0002534794
L-BFGS-B,2523,2.9433653e-07,0.009061073,7.904318e-07,0.00025332597
L-BFGS-B,2524,2.9474026e-07,0.009058866,7.8956526e-07,0.00025323447
L-BFGS-B,2525,2.955792e-07,0.009035577,7.889141e-07,0.00025302975
L-BFGS-B,2526,2.9594764e-07,0.009014166,7.891191e-07,0.00025290166
L-BFGS-B,2527,2.9578848e-07,0.008980783,7.903864e-07,0.00025273405
L-BFGS-B,2528,2.955184e-07,0.008969668,7.906901e-07,0.00025262794
L-BFGS-B,2529,2.9494288e-07,0.008966895,7.907763e-07,0.00025252684
L-BFGS-B,2530,2.946907e-07,0.0089741945,7.896131e-07,0.00025238752
L-BFGS-B,2531,2.937436e-07,0.00897015,7.898097e-07,0.0002522345
L-BFGS-B,2532,2.9392447e-07,0.008979164,7.87712e-07,0.0002520371
L-BFGS-B,2533,3.0950918e-07,0.009328347,7.873328e-07,0.00025780976
L-BFGS-B,2534,2.9431848e-07,0.008980974,7.8638925e-07,0.0002519159
L-BFGS-B,2535,2.9445684e-07,0.008969818,7.852794e-07,0.0002516586
L-BFGS-B,2536,2.9692322e-07,0.008969179,7.806965e-07,0.00025133474
L-BFGS-B,2537,2.9632847e-07,0.008969883,7.806018e-07,0.00025123838
L-BFGS-B,2538,2.963748e-07,0.008953244,7.80632e-07,0.00025108346
L-BFGS-B,2539,2.967276e-07,0.0089548845,7.7972487e-07,0.0002510167
L-BFGS-B,2540,2.970629e-07,0.008959422,7.7847386e-07,0.00025092473
L-BFGS-B,2541,2.966998e-07,0.00896652,7.775141e-07,0.00025079728
L-BFGS-B,2542,2.9670238e-07,0.008980271,7.754843e-07,0.00025063072
L-BFGS-B,2543,2.966179e-07,0.0089960005,7.7298955e-07,0.00025040112
L-BFGS-B,2544,2.9576142e-07,0.009151537,7.7020013e-07,0.0002514096
L-BFGS-B,2545,2.958144e-07,0.00901206,7.721683e-07,0.000250318
L-BFGS-B,2546,2.960045e-07,0.009020207,7.696608e-07,0.00025005185
L-BFGS-B,2547,2.9755353e-07,0.009082019,7.616499e-07,0.0002497007
L-BFGS-B,2548,2.9776368e-07,0.0090666935,7.5992125e-07,0.00024931965
L-BFGS-B,2549,2.9845322e-07,0.009082152,7.562585e-07,0.00024902826
L-BFGS-B,2550,3.011778e-07,0.009208028,7.528008e-07,0.00025017708
L-BFGS-B,2551,2.984855e-07,0.009089692,7.552174e-07,0.00024895236
L-BFGS-B,2552,2.9946528e-07,0.009103399,7.5270924e-07,0.00024886016
L-BFGS-B,2553,2.998262e-07,0.009118254,7.4952624e-07,0.00024858542
L-BFGS-B,2554,2.972763e-07,0.009095262,7.527011e-07,0.0002484492
L-BFGS-B,2555,2.971702e-07,0.009100807,7.5161597e-07,0.000248326
L-BFGS-B,2556,2.972979e-07,0.009109149,7.4990203e-07,0.00024817145
L-BFGS-B,2557,2.9318872e-07,0.00907336,7.579605e-07,0.000248406
L-BFGS-B,2558,2.957719e-07,0.009091593,7.522178e-07,0.0002481144
L-BFGS-B,2559,2.9561818e-07,0.009090123,7.512622e-07,0.0002479333
L-BFGS-B,2560,2.942453e-07,0.009092334,7.516371e-07,0.0002478057
L-BFGS-B,2561,2.9507527e-07,0.009106437,7.490278e-07,0.00024767983
L-BFGS-B,2562,2.9574528e-07,0.009111233,7.4724045e-07,0.0002475602
L-BFGS-B,2563,2.950175e-07,0.009103144,7.475072e-07,0.00024741015
L-BFGS-B,2564,2.9534635e-07,0.009119035,7.45163e-07,0.00024726675
L-BFGS-B,2565,2.9415614e-07,0.00910251,7.4622073e-07,0.00024708163
L-BFGS-B,2566,2.935679e-07,0.009174447,7.4345957e-07,0.00024729857
L-BFGS-B,2567,2.9346532e-07,0.009117633,7.4464447e-07,0.0002468928
L-BFGS-B,2568,2.9285283e-07,0.009123591,7.4323094e-07,0.00024664847
L-BFGS-B,2569,2.927685e-07,0.009125891,7.422896e-07,0.00024651762
L-BFGS-B,2570,2.9120184e-07,0.009092439,7.4517254e-07,0.00024638054
L-BFGS-B,2571,2.9024838e-07,0.009116938,7.5381115e-07,0.0002477783
L-BFGS-B,2572,2.9056895e-07,0.009084004,7.4553344e-07,0.0002462554
L-BFGS-B,2573,2.9142163e-07,0.009078737,7.435164e-07,0.00024602807
L-BFGS-B,2574,2.9045174e-07,0.009031544,7.460232e-07,0.00024578668
L-BFGS-B,2575,2.879093e-07,0.008972465,7.517262e-07,0.00024566997
L-BFGS-B,2576,2.8717636e-07,0.008955776,7.5318786e-07,0.0002456124
L-BFGS-B,2577,2.8646707e-07,0.00894137,7.5429097e-07,0.0002455274
L-BFGS-B,2578,2.8599138e-07,0.008926553,7.5491346e-07,0.00024540126
L-BFGS-B,2579,2.849014e-07,0.008905193,7.5682925e-07,0.00024531153
L-BFGS-B,2580,2.839843e-07,0.008863108,7.591738e-07,0.00024510478
L-BFGS-B,2581,2.8494824e-07,0.008886548,7.540002e-07,0.00024470774
L-BFGS-B,2582,2.8507085e-07,0.008893522,7.522508e-07,0.00024453347
L-BFGS-B,2583,2.8449537e-07,0.008892823,7.5176234e-07,0.00024436688
L-BFGS-B,2584,2.8381217e-07,0.008882805,7.521731e-07,0.00024422584
L-BFGS-B,2585,2.8345178e-07,0.008870222,7.525053e-07,0.00024409578
L-BFGS-B,2586,2.837222e-07,0.008852287,7.5241616e-07,0.00024394362
L-BFGS-B,2587,2.8491294e-07,0.008834788,7.514984e-07,0.00024380957
L-BFGS-B,2588,2.8609026e-07,0.008820083,7.5043675e-07,0.00024367987
L-BFGS-B,2589,2.8640298e-07,0.008812895,7.50006e-07,0.00024359029
L-BFGS-B,2590,2.8731498e-07,0.008802396,7.488127e-07,0.00024344312
L-BFGS-B,2591,2.8639047e-07,0.008781861,7.506581e-07,0.0002433759
L-BFGS-B,2592,2.8570125e-07,0.008762738,7.521585e-07,0.00024330633
L-BFGS-B,2593,2.8279527e-07,0.008708299,7.59137e-07,0.00024337284
L-BFGS-B,2594,2.845319e-07,0.008738797,7.546688e-07,0.00024326808
L-BFGS-B,2595,2.8384844e-07,0.008696266,7.578619e-07,0.00024321921
L-BFGS-B,2596,2.8376246e-07,0.008717802,7.5600883e-07,0.0002431437
L-BFGS-B,2597,2.835809e-07,0.008719143,7.555417e-07,0.00024305983
L-BFGS-B,2598,2.825242e-07,0.008702019,7.568428e-07,0.00024292525
L-BFGS-B,2599,2.825157e-07,0.008688845,7.572476e-07,0.00024285294
L-BFGS-B,2600,2.8216826e-07,0.008673991,7.580193e-07,0.00024276803
L-BFGS-B,2601,2.8103676e-07,0.008620813,7.6106335e-07,0.00024252314
L-BFGS-B,2602,2.8086643e-07,0.008597939,7.618716e-07,0.00024239009
L-BFGS-B,2603,2.8191673e-07,0.008578758,7.606138e-07,0.00024216715
L-BFGS-B,2604,2.8205952e-07,0.0085528195,7.6187257e-07,0.000242118
L-BFGS-B,2605,2.823234e-07,0.008558009,7.601137e-07,0.00024194564
L-BFGS-B,2606,2.8249647e-07,0.008556679,7.590948e-07,0.00024180548
L-BFGS-B,2607,2.8265765e-07,0.008536174,7.5829115e-07,0.00024150405
L-BFGS-B,2608,2.8312306e-07,0.008538175,7.55623e-07,0.00024119366
L-BFGS-B,2609,2.836911e-07,0.008514869,7.5460946e-07,0.00024089377
L-BFGS-B,2610,2.82655e-07,0.008470211,7.560262e-07,0.00024050429
L-BFGS-B,2611,2.8289358e-07,0.0084621925,7.5508797e-07,0.00024031915
L-BFGS-B,2612,2.8339616e-07,0.008471752,7.5248226e-07,0.00024009927
L-BFGS-B,2613,2.8200472e-07,0.008474621,7.5193134e-07,0.00023983662
L-BFGS-B,2614,2.8142338e-07,0.008464919,7.5187955e-07,0.00023964464
L-BFGS-B,2615,2.8257108e-07,0.008477501,7.491439e-07,0.00023953224
L-BFGS-B,2616,2.819896e-07,0.008418399,7.539632e-07,0.00023957691
L-BFGS-B,2617,2.8220143e-07,0.008449023,7.510854e-07,0.00023948326
L-BFGS-B,2618,2.8219466e-07,0.008442065,7.5115213e-07,0.00023942266
L-BFGS-B,2619,2.8213444e-07,0.008422318,7.5171204e-07,0.00023930013
L-BFGS-B,2620,2.818359e-07,0.0084214965,7.5177013e-07,0.00023925587
L-BFGS-B,2621,2.815924e-07,0.008418747,7.5193157e-07,0.00023921608
L-BFGS-B,2622,2.8102644e-07,0.008415331,7.522128e-07,0.0002391392
L-BFGS-B,2623,2.8085682e-07,0.008410533,7.5248835e-07,0.0002391071
L-BFGS-B,2624,2.8059992e-07,0.008402063,7.5281963e-07,0.00023903357
L-BFGS-B,2625,2.8047376e-07,0.0083938595,7.5306565e-07,0.00023896951
L-BFGS-B,2626,2.8001418e-07,0.008385126,7.536407e-07,0.00023889949
L-BFGS-B,2627,2.791962e-07,0.008398842,7.530484e-07,0.0002388251
L-BFGS-B,2628,2.793629e-07,0.008395645,7.524275e-07,0.00023872501
L-BFGS-B,2629,2.7957603e-07,0.008382079,7.518806e-07,0.00023853929
L-BFGS-B,2630,2.7853815e-07,0.008358103,7.535466e-07,0.00023839374
L-BFGS-B,2631,2.7775664e-07,0.008325414,7.551371e-07,0.0002381882
L-BFGS-B,2632,2.7656043e-07,0.008302044,7.564439e-07,0.00023797108
L-BFGS-B,2633,2.7470284e-07,0.008256414,7.596362e-07,0.000237715
L-BFGS-B,2634,2.7473277e-07,0.008256883,7.739899e-07,0.00023987723
L-BFGS-B,2635,2.741566e-07,0.008239457,7.609942e-07,0.0002376672
L-BFGS-B,2636,2.7293373e-07,0.008219559,7.6229907e-07,0.0002374805
L-BFGS-B,2637,2.7221554e-07,0.008198429,7.627147e-07,0.00023722384
L-BFGS-B,2638,2.7229194e-07,0.008169444,7.765747e-07,0.00023902443
L-BFGS-B,2639,2.7150034e-07,0.008164831,7.648371e-07,0.00023709894
L-BFGS-B,2640,2.7117426e-07,0.008138656,7.6532814e-07,0.00023686192
L-BFGS-B,2641,2.7040392e-07,0.008118875,7.6609643e-07,0.00023666381
L-BFGS-B,2642,2.6949292e-07,0.008083791,7.6836164e-07,0.00023651609
L-BFGS-B,2643,2.6913446e-07,0.008050225,7.69661e-07,0.00023632156
L-BFGS-B,2644,2.691465e-07,0.008061758,7.6786307e-07,0.00023616903
L-BFGS-B,2645,2.6986015e-07,0.00808958,7.638916e-07,0.00023595855
L-BFGS-B,2646,2.6940253e-07,0.008080347,7.639746e-07,0.00023581005
L-BFGS-B,2647,2.7173294e-07,0.008139801,7.555491e-07,0.0002354903
L-BFGS-B,2648,2.7266216e-07,0.008180992,7.4955994e-07,0.00023514323
L-BFGS-B,2649,2.733057e-07,0.0081870705,7.4479357e-07,0.0002345856
L-BFGS-B,2650,2.744099e-07,0.008226933,7.386003e-07,0.00023422086
L-BFGS-B,2651,2.7396857e-07,0.008179818,7.378708e-07,0.00023357407
L-BFGS-B,2652,2.7367108e-07,0.008125519,7.3876487e-07,0.00023312058
L-BFGS-B,2653,2.7525758e-07,0.008128686,7.33951e-07,0.00023266816
L-BFGS-B,2654,2.8019915e-07,0.008171073,7.2560607e-07,0.00023258151
L-BFGS-B,2655,2.7689674e-07,0.008125412,7.3003366e-07,0.00023229368
L-BFGS-B,2656,2.7785194e-07,0.0081497915,7.237196e-07,0.00023173365
L-BFGS-B,2657,3.507896e-07,0.009784352,7.55877e-07,0.0002638435
L-BFGS-B,2658,2.7814806e-07,0.008155015,7.226021e-07,0.00023166268
L-BFGS-B,2659,2.8005758e-07,0.008251173,7.105538e-07,0.00023110343
L-BFGS-B,2660,2.7925114e-07,0.008248615,7.1010044e-07,0.0002308889
L-BFGS-B,2661,2.7837186e-07,0.008214557,7.1155813e-07,0.00023063505
L-BFGS-B,2662,2.7664328e-07,0.008172027,7.1468185e-07,0.00023041904
L-BFGS-B,2663,2.7590139e-07,0.008140703,7.159495e-07,0.00023018467
L-BFGS-B,2664,2.7550684e-07,0.008114621,7.1588806e-07,0.00022985545
L-BFGS-B,2665,2.7541228e-07,0.008120342,7.139972e-07,0.00022961485
L-BFGS-B,2666,2.749405e-07,0.00811516,7.138218e-07,0.00022946595
L-BFGS-B,2667,2.7503705e-07,0.008125858,7.1190067e-07,0.00022929923
L-BFGS-B,2668,2.747923e-07,0.008140664,7.1019963e-07,0.00022915543
L-BFGS-B,2669,2.7326675e-07,0.008129033,7.113756e-07,0.00022898668
L-BFGS-B,2670,2.707976e-07,0.008134796,7.137712e-07,0.00022903329
L-BFGS-B,2671,2.7189105e-07,0.008125367,7.122312e-07,0.000228872
L-BFGS-B,2672,2.6915055e-07,0.008093065,7.148839e-07,0.00022853582
L-BFGS-B,2673,2.7203808e-07,0.008133156,7.072197e-07,0.00022822025
L-BFGS-B,2674,2.7110417e-07,0.008119122,7.063105e-07,0.00022780342
L-BFGS-B,2675,2.7041355e-07,0.008089378,7.0701856e-07,0.0002275086
L-BFGS-B,2676,2.7401612e-07,0.008248109,7.0429235e-07,0.00022922736
L-BFGS-B,2677,2.707087e-07,0.008096697,7.054665e-07,0.00022739326
L-BFGS-B,2678,2.7165316e-07,0.00810911,7.0209e-07,0.00022715257
L-BFGS-B,2679,2.7471614e-07,0.008131091,6.944261e-07,0.00022668226
L-BFGS-B,2680,2.754297e-07,0.008158112,6.9057927e-07,0.00022648246
L-BFGS-B,2681,2.7624705e-07,0.008153773,6.888565e-07,0.00022630327
L-BFGS-B,2682,2.767775e-07,0.008153346,6.8775444e-07,0.00022621326
L-BFGS-B,2683,2.773959e-07,0.0081591215,6.862863e-07,0.00022614354
L-BFGS-B,2684,2.7850004e-07,0.008149755,6.8495837e-07,0.00022601632
L-BFGS-B,2685,2.8090122e-07,0.008185856,6.791649e-07,0.00022586848
L-BFGS-B,2686,2.791238e-07,0.008161317,6.815518e-07,0.0002257145
L-BFGS-B,2687,2.771401e-07,0.008114302,6.853595e-07,0.00022551796
L-BFGS-B,2688,2.7167562e-07,0.007972711,7.021003e-07,0.00022579348
L-BFGS-B,2689,2.7559355e-07,0.008074259,6.893389e-07,0.00022548245
L-BFGS-B,2690,3.1206193e-07,0.009000153,6.784351e-07,0.00023857609
L-BFGS-B,2691,2.76118e-07,0.008086783,6.8698677e-07,0.00022533356
L-BFGS-B,2692,2.7533068e-07,0.008061228,6.8815945e-07,0.0002251358
L-BFGS-B,2693,2.7452361e-07,0.008013927,6.8945354e-07,0.00022473585
L-BFGS-B,2694,2.7388882e-07,0.007998855,6.899369e-07,0.00022456239
L-BFGS-B,2695,2.729752e-07,0.007970392,6.913715e-07,0.00022435593
L-BFGS-B,2696,2.728486e-07,0.007969928,6.9041073e-07,0.00022418817
L-BFGS-B,2697,2.7281988e-07,0.007965557,6.8981575e-07,0.00022405092
L-BFGS-B,2698,2.72503e-07,0.007953609,6.9007336e-07,0.00022392254
L-BFGS-B,2699,2.9825082e-07,0.008636383,6.849394e-07,0.00023384238
L-BFGS-B,2700,2.732737e-07,0.007947917,6.894308e-07,0.00022388485
L-BFGS-B,2701,2.725074e-07,0.007917653,6.905363e-07,0.00022363308
L-BFGS-B,2702,3.7026686e-07,0.009526996,9.281736e-07,0.00029003603
L-BFGS-B,2703,2.731116e-07,0.007895891,6.905952e-07,0.00022351491
L-BFGS-B,2704,2.72513e-07,0.007864547,6.9148126e-07,0.0002232446
L-BFGS-B,2705,2.7205593e-07,0.00784008,6.918559e-07,0.00022298758
L-BFGS-B,2706,2.7243925e-07,0.007834426,6.9039965e-07,0.00022277009
L-BFGS-B,2707,2.719842e-07,0.0078307865,6.886964e-07,0.00022240996
L-BFGS-B,2708,2.7264252e-07,0.007831829,6.8627054e-07,0.00022215524
L-BFGS-B,2709,2.7217743e-07,0.007823747,6.858887e-07,0.00022194738
L-BFGS-B,2710,2.7122726e-07,0.0078029926,6.8743e-07,0.00022182851
L-BFGS-B,2711,2.7030748e-07,0.007781192,6.8885515e-07,0.00022168632
L-BFGS-B,2712,2.701859e-07,0.0077840574,6.881097e-07,0.00022158492
L-BFGS-B,2713,2.7037976e-07,0.0077876225,6.870381e-07,0.00022148891
L-BFGS-B,2714,2.7029918e-07,0.0077971956,6.8585445e-07,0.000221395
L-BFGS-B,2715,2.8671846e-07,0.008279448,6.945352e-07,0.00022998253
L-BFGS-B,2716,2.704616e-07,0.0078019206,6.8528414e-07,0.00022138107
L-BFGS-B,2717,2.9192557e-07,0.00870792,6.654453e-07,0.00023068483
L-BFGS-B,2718,2.707905e-07,0.007814659,6.840533e-07,0.00022137316
L-BFGS-B,2719,2.702684e-07,0.007803803,6.8506444e-07,0.00022133795
L-BFGS-B,2720,2.7705053e-07,0.008059441,6.8338545e-07,0.0002246598
L-BFGS-B,2721,2.7034667e-07,0.007806221,6.847644e-07,0.00022132887
L-BFGS-B,2722,2.7037518e-07,0.0078077973,6.844471e-07,0.00022130132
L-BFGS-B,2723,2.7045496e-07,0.007809433,6.8394644e-07,0.00022125454
L-BFGS-B,2724,2.70596e-07,0.007806772,6.8371327e-07,0.00022121411
L-BFGS-B,2725,2.7077198e-07,0.00780181,6.832113e-07,0.0002211156
L-BFGS-B,2726,2.7030777e-07,0.0077796504,6.8438993e-07,0.00022100116
L-BFGS-B,2727,2.7083095e-07,0.0077609452,6.838607e-07,0.0002208132
L-BFGS-B,2728,2.6582126e-07,0.0076855915,6.959541e-07,0.00022112222
L-BFGS-B,2729,2.6951588e-07,0.0077372985,6.865424e-07,0.00022078173
L-BFGS-B,2730,2.6982372e-07,0.007746327,6.8510826e-07,0.00022070306
L-BFGS-B,2731,2.6989255e-07,0.0077660056,6.833229e-07,0.00022064238
L-BFGS-B,2732,2.7002957e-07,0.0077624097,6.8299556e-07,0.00022057787
L-BFGS-B,2733,2.6951585e-07,0.0077401996,6.8458485e-07,0.0002205171
L-BFGS-B,2734,2.697956e-07,0.007735505,6.8391813e-07,0.00022041211
L-BFGS-B,2735,2.6974385e-07,0.007713902,6.8406456e-07,0.00022021029
L-BFGS-B,2736,2.688741e-07,0.007686747,6.849554e-07,0.0002199419
L-BFGS-B,2737,2.6848343e-07,0.0076516573,6.873097e-07,0.00021988555
L-BFGS-B,2738,2.692849e-07,0.007639886,6.852297e-07,0.00021957605
L-BFGS-B,2739,2.6808226e-07,0.0076324195,6.860666e-07,0.00021944652
L-BFGS-B,2740,2.6696821e-07,0.0076038525,6.884967e-07,0.00021935826
L-BFGS-B,2741,2.6598855e-07,0.0075784824,6.905739e-07,0.00021926919
L-BFGS-B,2742,2.6585863e-07,0.007562536,6.914315e-07,0.00021921888
L-BFGS-B,2743,2.6362997e-07,0.0075162784,6.992976e-07,0.0002196019
L-BFGS-B,2744,2.653767e-07,0.007551073,6.9257806e-07,0.00021920394
L-BFGS-B,2745,2.6396006e-07,0.00751309,6.967218e-07,0.00021923319
L-BFGS-B,2746,2.6459696e-07,0.0075277463,6.9443297e-07,0.00021913194
L-BFGS-B,2747,2.6534528e-07,0.007546385,6.922436e-07,0.00021910216
L-BFGS-B,2748,2.6594145e-07,0.0075602625,6.905616e-07,0.00021907807
L-BFGS-B,2749,2.6634038e-07,0.007564172,6.894599e-07,0.00021901177
L-BFGS-B,2750,2.672198e-07,0.007557702,6.87793e-07,0.00021882894
L-BFGS-B,2751,2.6685527e-07,0.007553833,6.8788273e-07,0.00021874903
L-BFGS-B,2752,2.6607623e-07,0.0075450465,6.885781e-07,0.00021864861
L-BFGS-B,2753,2.6607694e-07,0.007552712,6.87523e-07,0.00021856712
L-BFGS-B,2754,2.6629104e-07,0.007569522,6.855653e-07,0.00021847367
L-BFGS-B,2755,2.6587645e-07,0.0076039634,6.834514e-07,0.0002184388
L-BFGS-B,2756,6.6949184e-07,0.043721497,9.202795e-07,0.00067568064
L-BFGS-B,2757,2.694055e-07,0.007703761,6.7690644e-07,0.00021898441
L-BFGS-B,2758,2.664704e-07,0.0076181986,6.8146767e-07,0.00021837269
L-BFGS-B,2759,2.6624144e-07,0.0075984015,6.825468e-07,0.00021830224
L-BFGS-B,2760,2.652852e-07,0.007577846,6.83986e-07,0.00021816914
L-BFGS-B,2761,2.6402975e-07,0.0075522093,6.8580016e-07,0.00021799657
L-BFGS-B,2762,2.632976e-07,0.0075526135,6.8583233e-07,0.00021789563
L-BFGS-B,2763,2.629551e-07,0.007565052,6.8439704e-07,0.00021775335
L-BFGS-B,2764,2.631871e-07,0.0075819385,6.821311e-07,0.00021761711
L-BFGS-B,2765,2.6441117e-07,0.0075949607,6.793966e-07,0.00021752076
L-BFGS-B,2766,2.6464306e-07,0.007602806,6.775381e-07,0.00021735523
L-BFGS-B,2767,2.645387e-07,0.007590211,6.773554e-07,0.00021718621
L-BFGS-B,2768,2.6291337e-07,0.0075681712,6.8105334e-07,0.00021727671
L-BFGS-B,2769,2.636626e-07,0.007575294,6.7867023e-07,0.00021710288
L-BFGS-B,2770,2.7755723e-07,0.007988521,6.858961e-07,0.00022440322
L-BFGS-B,2771,2.6400411e-07,0.00758679,6.7675376e-07,0.00021698157
L-BFGS-B,2772,2.7664797e-07,0.007825333,7.045508e-07,0.00022543315
L-BFGS-B,2773,2.6375548e-07,0.0075663077,6.7763636e-07,0.00021687185
L-BFGS-B,2774,2.62801e-07,0.0075327945,6.79346e-07,0.00021664999
L-BFGS-B,2775,2.62297e-07,0.0075334175,6.8424623e-07,0.00021731565
L-BFGS-B,2776,2.6223037e-07,0.0075175352,6.8026844e-07,0.00021655016
L-BFGS-B,2777,2.6114304e-07,0.007484147,6.820558e-07,0.00021632129
L-BFGS-B,2778,2.6079584e-07,0.007485573,6.8176865e-07,0.00021624041
L-BFGS-B,2779,2.6093107e-07,0.0075021554,6.7970046e-07,0.00021611628
L-BFGS-B,2780,2.615281e-07,0.0075245383,6.769166e-07,0.0002160121
L-BFGS-B,2781,2.615131e-07,0.0075327046,6.7551633e-07,0.00021588146
L-BFGS-B,2782,2.611449e-07,0.0075165746,6.7640894e-07,0.00021579882
L-BFGS-B,2783,2.6174035e-07,0.0075199115,6.7514225e-07,0.0002157315
L-BFGS-B,2784,2.6126202e-07,0.007504094,6.762067e-07,0.00021566125
L-BFGS-B,2785,2.617849e-07,0.0074988636,6.746415e-07,0.0002154526
L-BFGS-B,2786,2.601407e-07,0.0074512004,6.794443e-07,0.00021544976
L-BFGS-B,2787,2.607664e-07,0.0074687144,6.767988e-07,0.00021532192
L-BFGS-B,2788,2.6168695e-07,0.007493572,6.727105e-07,0.00021509532
L-BFGS-B,2789,2.6221437e-07,0.0075226454,6.68191e-07,0.00021478726
L-BFGS-B,2790,2.631712e-07,0.007549455,6.649255e-07,0.00021470906
L-BFGS-B,2791,2.6192188e-07,0.0075217327,6.674696e-07,0.00021462604
L-BFGS-B,2792,2.617063e-07,0.00750465,6.6797344e-07,0.00021449846
L-BFGS-B,2793,2.6167385e-07,0.007500612,6.6774794e-07,0.00021441939
L-BFGS-B,2794,2.6185967e-07,0.007500379,6.6696896e-07,0.00021432809
L-BFGS-B,2795,2.6045373e-07,0.0075120963,6.680044e-07,0.00021438967
L-BFGS-B,2796,2.6131175e-07,0.007502174,6.672675e-07,0.00021430862
L-BFGS-B,2797,2.629606e-07,0.0075402292,6.6285025e-07,0.00021427392
L-BFGS-B,2798,2.620993e-07,0.007527798,6.639308e-07,0.00021418248
L-BFGS-B,2799,2.6217276e-07,0.0075321817,6.6315505e-07,0.00021412098
L-BFGS-B,2800,2.6514797e-07,0.0075931004,6.565198e-07,0.00021418117
L-BFGS-B,2801,2.6322786e-07,0.0075529306,6.604542e-07,0.00021408162
L-BFGS-B,2802,2.648155e-07,0.007569195,6.6510194e-07,0.00021517955
L-BFGS-B,2803,2.6320805e-07,0.007549865,6.6059107e-07,0.00021406851
L-BFGS-B,2804,2.6223037e-07,0.0075278343,6.6343705e-07,0.00021412845
L-BFGS-B,2805,2.6272002e-07,0.007538631,6.616272e-07,0.00021403839
L-BFGS-B,2806,2.6432193e-07,0.0075688874,6.5720326e-07,0.00021391764
L-BFGS-B,2807,2.6383051e-07,0.0075635035,6.572542e-07,0.00021379773
L-BFGS-B,2808,2.6349923e-07,0.0075571616,6.572047e-07,0.00021367721
L-BFGS-B,2809,2.6365984e-07,0.0075901225,6.5405726e-07,0.00021355879
L-BFGS-B,2810,2.6297133e-07,0.007568992,6.5514337e-07,0.00021340713
L-BFGS-B,2811,2.6221957e-07,0.0075496915,6.5641217e-07,0.00021329167
L-BFGS-B,2812,2.6170898e-07,0.007542625,6.5681974e-07,0.00021320555
L-BFGS-B,2813,2.6114938e-07,0.0075375293,6.571894e-07,0.0002131261
L-BFGS-B,2814,2.6204123e-07,0.0075563947,6.5834513e-07,0.00021362191
L-BFGS-B,2815,2.6108785e-07,0.0075347647,6.572664e-07,0.00021310078
L-BFGS-B,2816,2.6101011e-07,0.007536125,6.5681274e-07,0.00021303467
L-BFGS-B,2817,2.61126e-07,0.0075421347,6.557086e-07,0.00021294654
L-BFGS-B,2818,2.6155288e-07,0.0075617866,6.534848e-07,0.0002128735
L-BFGS-B,2819,2.6174698e-07,0.0075687654,6.5257245e-07,0.00021283556
L-BFGS-B,2820,2.620272e-07,0.0075809145,6.512457e-07,0.00021280008
L-BFGS-B,2821,2.6246266e-07,0.0075882813,6.5000415e-07,0.00021275284
L-BFGS-B,2822,2.6287768e-07,0.0075989217,6.486389e-07,0.0002127167
L-BFGS-B,2823,2.6375434e-07,0.007616048,6.461803e-07,0.00021265069
L-BFGS-B,2824,2.6385777e-07,0.0076237037,6.450338e-07,0.00021257077
L-BFGS-B,2825,2.6405726e-07,0.007624897,6.440296e-07,0.00021246201
L-BFGS-B,2826,2.6550597e-07,0.007650091,6.40353e-07,0.00021237976
L-BFGS-B,2827,2.6433503e-07,0.007627036,6.4247905e-07,0.00021229248
L-BFGS-B,2828,2.6299702e-07,0.0075966907,6.4452723e-07,0.00021209555
L-BFGS-B,2829,2.6151196e-07,0.007600177,6.4557634e-07,0.00021206502
L-BFGS-B,2830,2.6202255e-07,0.007597389,6.443169e-07,0.00021192481
L-BFGS-B,2831,2.6163232e-07,0.0075888117,6.447905e-07,0.00021185153
L-BFGS-B,2832,2.61008e-07,0.007586798,6.451707e-07,0.00021179479
L-BFGS-B,2833,2.6054278e-07,0.0075867027,6.45077e-07,0.00021171
L-BFGS-B,2834,2.609312e-07,0.007642041,6.4477604e-07,0.0002122765
L-BFGS-B,2835,2.602229e-07,0.0075905914,6.4462944e-07,0.00021163377
L-BFGS-B,2836,2.6012725e-07,0.007599424,6.428566e-07,0.00021144183
L-BFGS-B,2837,2.608519e-07,0.007618697,6.3921993e-07,0.00021119774
L-BFGS-B,2838,2.6166904e-07,0.007615738,6.3593734e-07,0.00021079833
L-BFGS-B,2839,2.6185492e-07,0.0076071313,6.3373795e-07,0.00021041025
L-BFGS-B,2840,2.6152017e-07,0.0075854943,6.331973e-07,0.00021006257
L-BFGS-B,2841,2.6010508e-07,0.0075632203,6.343656e-07,0.0002098028
L-BFGS-B,2842,2.5901022e-07,0.0075532286,6.34993e-07,0.00020963277
L-BFGS-B,2843,2.5807267e-07,0.0075290427,6.371806e-07,0.00020957841
L-BFGS-B,2844,2.5792633e-07,0.0075216973,6.37456e-07,0.00020952433
L-BFGS-B,2845,2.5997133e-07,0.007539862,6.4949677e-07,0.00021181883
L-BFGS-B,2846,2.5767818e-07,0.0075102905,6.382657e-07,0.0002094945
L-BFGS-B,2847,2.5790013e-07,0.0075011314,6.3810427e-07,0.00020941196
L-BFGS-B,2848,2.5822314e-07,0.007505536,6.3718824e-07,0.00020936708
L-BFGS-B,2849,2.5874408e-07,0.007509356,6.3606285e-07,0.0002093146
L-BFGS-B,2850,2.5960637e-07,0.007524693,6.3371795e-07,0.00020924557
L-BFGS-B,2851,2.7059096e-07,0.007531076,6.8142566e-07,0.00021811324
L-BFGS-B,2852,2.5947085e-07,0.007512622,6.346041e-07,0.00020923746
L-BFGS-B,2853,2.596398e-07,0.007508857,6.340805e-07,0.00020914662
L-BFGS-B,2854,2.6023244e-07,0.00751644,6.3145785e-07,0.00020891795
L-BFGS-B,2855,2.596367e-07,0.007481498,6.331218e-07,0.00020872874
L-BFGS-B,2856,2.5862937e-07,0.0074481894,6.346898e-07,0.00020847976
L-BFGS-B,2857,2.590417e-07,0.0074374913,6.338397e-07,0.00020830713
L-BFGS-B,2858,2.589967e-07,0.007441406,6.3287376e-07,0.00020819463
L-BFGS-B,2859,2.5941776e-07,0.007451723,6.3116863e-07,0.0002081052
L-BFGS-B,2860,2.591214e-07,0.0074551553,6.3072224e-07,0.0002080281
L-BFGS-B,2861,2.5748992e-07,0.007423352,6.3389757e-07,0.00020794163
L-BFGS-B,2862,2.5694075e-07,0.007420064,6.344116e-07,0.00020790349
L-BFGS-B,2863,2.5654037e-07,0.007413758,6.3499994e-07,0.00020786862
L-BFGS-B,2864,2.5609322e-07,0.007405853,6.3572503e-07,0.00020783127
L-BFGS-B,2865,2.562795e-07,0.0074218097,6.346231e-07,0.00020785349
L-BFGS-B,2866,2.5609842e-07,0.0074107237,6.352225e-07,0.00020780537
L-BFGS-B,2867,2.554144e-07,0.007399877,6.3631023e-07,0.00020775746
L-BFGS-B,2868,2.5525765e-07,0.0073931436,6.3675117e-07,0.00020773275
L-BFGS-B,2869,2.5518375e-07,0.007390395,6.3679903e-07,0.00020770136
L-BFGS-B,2870,2.5524636e-07,0.007393886,6.3629545e-07,0.00020767012
L-BFGS-B,2871,2.5550938e-07,0.007408387,6.346779e-07,0.00020761196
L-BFGS-B,2872,2.554384e-07,0.0074122483,6.347322e-07,0.00020764806
L-BFGS-B,2873,2.5545796e-07,0.0074086953,6.3464125e-07,0.00020760183
L-BFGS-B,2874,2.551212e-07,0.0074077505,6.3535776e-07,0.00020764934
L-BFGS-B,2875,2.5521817e-07,0.0074053453,6.348655e-07,0.000207566
L-BFGS-B,2876,2.5526055e-07,0.0073999055,6.3494264e-07,0.00020752953
L-BFGS-B,2877,2.557005e-07,0.007398407,6.3393514e-07,0.0002074294
L-BFGS-B,2878,2.5640207e-07,0.0074045253,6.323752e-07,0.00020736185
L-BFGS-B,2879,2.5729543e-07,0.007417853,6.2999567e-07,0.00020727218
L-BFGS-B,2880,2.5832264e-07,0.007430023,6.273578e-07,0.0002071523
L-BFGS-B,2881,2.588141e-07,0.007439859,6.2529386e-07,0.00020701479
L-BFGS-B,2882,2.5885842e-07,0.0074394774,6.241267e-07,0.00020684254
L-BFGS-B,2883,2.5858117e-07,0.0074311737,6.2375216e-07,0.00020666173
L-BFGS-B,2884,2.58758e-07,0.007429007,6.2200104e-07,0.00020640393
L-BFGS-B,2885,2.5838574e-07,0.007429363,6.203997e-07,0.00020611145
L-BFGS-B,2886,2.5853518e-07,0.007431443,6.1845094e-07,0.00020586235
L-BFGS-B,2887,2.6033317e-07,0.0074728853,6.1936237e-07,0.00020668318
L-BFGS-B,2888,2.585517e-07,0.0074315695,6.18262e-07,0.00020583774
L-BFGS-B,2889,2.590691e-07,0.007448914,6.1609063e-07,0.00020576309
L-BFGS-B,2890,2.5862013e-07,0.0074461987,6.163516e-07,0.00020570774
L-BFGS-B,2891,2.5870008e-07,0.007443495,6.160273e-07,0.00020564406
L-BFGS-B,2892,2.5919874e-07,0.0074293963,6.153972e-07,0.00020548335
L-BFGS-B,2893,2.5864122e-07,0.007419288,6.1612525e-07,0.00020540785
L-BFGS-B,2894,2.5768296e-07,0.0073985136,6.177573e-07,0.00020530116
L-BFGS-B,2895,2.576927e-07,0.0073982915,6.173107e-07,0.00020523343
L-BFGS-B,2896,2.5767267e-07,0.007391682,6.170491e-07,0.00020512509
L-BFGS-B,2897,2.5777584e-07,0.0073877177,6.165751e-07,0.00020502982
L-BFGS-B,2898,2.576471e-07,0.0073788394,6.168557e-07,0.00020496381
L-BFGS-B,2899,2.5744467e-07,0.0073705465,6.172403e-07,0.00020490821
L-BFGS-B,2900,2.5704878e-07,0.007360383,6.1791e-07,0.00020484765
L-BFGS-B,2901,2.5681524e-07,0.007361657,6.178637e-07,0.00020481841
L-BFGS-B,2902,2.568301e-07,0.0073667876,6.173793e-07,0.00020479929
L-BFGS-B,2903,2.574458e-07,0.007381378,6.157531e-07,0.00020479361
L-BFGS-B,2904,2.5729892e-07,0.0073803347,6.1574457e-07,0.00020475985
L-BFGS-B,2905,2.5742912e-07,0.0073812134,6.1536707e-07,0.00020473156
L-BFGS-B,2906,2.5848217e-07,0.0073987106,6.128876e-07,0.00020469257
L-BFGS-B,2907,2.5888986e-07,0.0074041635,6.1126144e-07,0.00020456433
L-BFGS-B,2908,2.5914534e-07,0.007397187,6.108725e-07,0.00020447455
L-BFGS-B,2909,2.6013336e-07,0.0073983315,6.08833e-07,0.00020432827
L-BFGS-B,2910,2.6080758e-07,0.0073876996,6.0806167e-07,0.00020420738
L-BFGS-B,2911,2.6178708e-07,0.007372929,6.070967e-07,0.00020406186
L-BFGS-B,2912,2.6446892e-07,0.0074599,6.058692e-07,0.00020514973
L-BFGS-B,2913,2.6187624e-07,0.0073770056,6.064862e-07,0.00020402441
L-BFGS-B,2914,2.628553e-07,0.0073585697,6.055215e-07,0.00020384221
L-BFGS-B,2915,2.634735e-07,0.0073331897,6.0540657e-07,0.00020366392
L-BFGS-B,2916,2.6285147e-07,0.007310764,6.067039e-07,0.00020354094
L-BFGS-B,2917,2.62532e-07,0.0072936174,6.0762653e-07,0.00020345996
L-BFGS-B,2918,2.6226238e-07,0.0072980053,6.070264e-07,0.00020337338
L-BFGS-B,2919,2.6178452e-07,0.007293042,6.0740444e-07,0.00020330877
L-BFGS-B,2920,2.6147407e-07,0.0072782338,6.0829706e-07,0.000203248
L-BFGS-B,2921,2.6257044e-07,0.007287692,6.10658e-07,0.00020386119
L-BFGS-B,2922,2.613163e-07,0.0072713313,6.0865125e-07,0.00020320844
L-BFGS-B,2923,2.6050844e-07,0.007223978,6.118041e-07,0.00020308667
L-BFGS-B,2924,2.600362e-07,0.0072066435,6.127793e-07,0.00020298874
L-BFGS-B,2925,2.5990528e-07,0.0071832454,6.1346964e-07,0.0002028387
L-BFGS-B,2926,2.6270126e-07,0.0072146347,6.082301e-07,0.00020278605
L-BFGS-B,2927,2.611363e-07,0.007181566,6.108135e-07,0.00020260813
L-BFGS-B,2928,2.610485e-07,0.0071777054,6.108077e-07,0.00020255549
L-BFGS-B,2929,2.6096197e-07,0.0071771056,6.1059086e-07,0.00020250399
L-BFGS-B,2930,2.6066778e-07,0.0071661775,6.1132454e-07,0.00020246062
L-BFGS-B,2931,2.620732e-07,0.0071913563,6.0830786e-07,0.00020247072
L-BFGS-B,2932,2.6131565e-07,0.0071766544,6.097444e-07,0.00020242555
L-BFGS-B,2933,2.6083035e-07,0.0071650036,6.105646e-07,0.00020235928
L-BFGS-B,2934,2.600302e-07,0.0071439585,6.1190775e-07,0.00020223028
L-BFGS-B,2935,2.611267e-07,0.007148796,6.0993284e-07,0.0002021469
L-BFGS-B,2936,2.609536e-07,0.007151952,6.094634e-07,0.00020208207
L-BFGS-B,2937,2.6120378e-07,0.007155835,6.0857093e-07,0.00020202456
L-BFGS-B,2938,2.625594e-07,0.007186163,6.0531744e-07,0.00020204316
L-BFGS-B,2939,2.6176045e-07,0.0071680355,6.070036e-07,0.00020199496
L-BFGS-B,2940,2.624177e-07,0.0071827136,6.050429e-07,0.00020194621
L-BFGS-B,2941,2.628084e-07,0.007182013,6.0430625e-07,0.00020188733
L-BFGS-B,2942,2.629578e-07,0.0071802377,6.0386503e-07,0.00020182581
L-BFGS-B,2943,2.642623e-07,0.007216319,5.9911423e-07,0.00020166967
L-BFGS-B,2944,2.5844756e-07,0.007125705,6.119256e-07,0.00020181302
L-BFGS-B,2945,2.614684e-07,0.0071693487,6.0383974e-07,0.0002014897
L-BFGS-B,2946,2.6013578e-07,0.007156482,6.0492937e-07,0.00020132458
L-BFGS-B,2947,2.5905726e-07,0.007136431,6.064968e-07,0.00020119743
L-BFGS-B,2948,2.5859217e-07,0.0071316245,6.064799e-07,0.00020107705
L-BFGS-B,2949,2.5766977e-07,0.0071117887,6.0788676e-07,0.00020095137
L-BFGS-B,2950,2.5660887e-07,0.0070838006,6.0976566e-07,0.00020079418
L-BFGS-B,2951,2.5570748e-07,0.007028901,6.152826e-07,0.00020093753
L-BFGS-B,2952,2.560616e-07,0.007057604,6.116151e-07,0.00020072755
L-BFGS-B,2953,2.545263e-07,0.007016111,6.282283e-07,0.0002025743
L-BFGS-B,2954,2.5506085e-07,0.0070320526,6.1336533e-07,0.00020058444
L-BFGS-B,2955,2.5464743e-07,0.00702982,6.1367405e-07,0.00020054642
L-BFGS-B,2956,2.54227e-07,0.0070168204,6.1440363e-07,0.00020046279
L-BFGS-B,2957,2.5382406e-07,0.0070085293,6.1474157e-07,0.00020037014
L-BFGS-B,2958,2.53436e-07,0.00701869,6.13732e-07,0.0002002621
L-BFGS-B,2959,2.552922e-07,0.0070211063,6.1152485e-07,0.00020023363
L-BFGS-B,2960,2.5413175e-07,0.007013076,6.120644e-07,0.00020006018
L-BFGS-B,2961,2.5556412e-07,0.0070294985,6.086091e-07,0.00019992096
L-BFGS-B,2962,2.5689098e-07,0.0070478516,6.0510024e-07,0.00019977719
L-BFGS-B,2963,2.5811792e-07,0.007063971,6.0217985e-07,0.00019968438
L-BFGS-B,2964,2.585324e-07,0.0070780385,6.0000946e-07,0.00019956168
L-BFGS-B,2965,2.5853655e-07,0.007086235,5.985253e-07,0.00019942163
L-BFGS-B,2966,2.5834748e-07,0.007098177,5.972501e-07,0.0001993214
L-BFGS-B,2967,2.5850267e-07,0.0071080504,5.9595277e-07,0.00019924881
L-BFGS-B,2968,2.5878148e-07,0.007122743,5.9418903e-07,0.00019917301
L-BFGS-B,2969,2.5952397e-07,0.0071436544,5.9161584e-07,0.00019910751
L-BFGS-B,2970,2.6487456e-07,0.0072417003,5.829772e-07,0.00019959477
L-BFGS-B,2971,2.6017986e-07,0.007154126,5.901437e-07,0.00019908979
L-BFGS-B,2972,2.6073357e-07,0.0071652234,5.881915e-07,0.00019899098
L-BFGS-B,2973,2.605201e-07,0.0071549867,5.8855534e-07,0.00019891118
L-BFGS-B,2974,2.5976658e-07,0.0071248016,5.9024075e-07,0.00019874913
L-BFGS-B,2975,2.5944334e-07,0.0071179178,5.9025297e-07,0.00019863361
L-BFGS-B,2976,2.5912328e-07,0.007113209,5.894332e-07,0.00019841557
L-BFGS-B,2977,2.6793026e-07,0.0073560383,6.158798e-07,0.0002061319
L-BFGS-B,2978,2.5900897e-07,0.0071032806,5.901224e-07,0.0001984025
L-BFGS-B,2979,2.5888014e-07,0.007103652,5.888681e-07,0.00019819874
L-BFGS-B,2980,2.5918843e-07,0.007115798,5.8672566e-07,0.00019804509
L-BFGS-B,2981,2.5931772e-07,0.0071084015,5.8654797e-07,0.00019796388
L-BFGS-B,2982,2.5940733e-07,0.007111299,5.8576245e-07,0.00019788847
L-BFGS-B,2983,2.592552e-07,0.007106362,5.8581907e-07,0.00019782476
L-BFGS-B,2984,2.5930888e-07,0.007110499,5.8493885e-07,0.00019774213
L-BFGS-B,2985,2.5878427e-07,0.0070922947,5.862084e-07,0.00019767185
L-BFGS-B,2986,2.674636e-07,0.008103235,6.89609e-07,0.00022459324
L-BFGS-B,2987,2.5793372e-07,0.0070841867,5.8749697e-07,0.00019765647
L-BFGS-B,2988,2.577101e-07,0.0070735435,5.877481e-07,0.00019755417
L-BFGS-B,2989,2.5724083e-07,0.007064808,5.882337e-07,0.00019746926
L-BFGS-B,2990,2.574158e-07,0.0070673972,5.8733815e-07,0.00019738707
L-BFGS-B,2991,2.5878046e-07,0.0070588966,5.868062e-07,0.00019742697
L-BFGS-B,2992,2.57893e-07,0.0070588095,5.869389e-07,0.00019731288
L-BFGS-B,2993,2.5803422e-07,0.007059603,5.8579053e-07,0.00019716975
L-BFGS-B,2994,2.583032e-07,0.007056611,5.85131e-07,0.00019708123
L-BFGS-B,2995,2.5836238e-07,0.0070526674,5.849922e-07,0.00019702986
L-BFGS-B,2996,2.580342e-07,0.007043606,5.85772e-07,0.00019700699
L-BFGS-B,2997,2.578553e-07,0.007039455,5.861379e-07,0.00019699353
L-BFGS-B,2998,2.680376e-07,0.007216964,5.8306546e-07,0.00019983509
L-BFGS-B,2999,2.5837326e-07,0.0070385537,5.853894e-07,0.00019694993
L-BFGS-B,3000,2.5850082e-07,0.0070386007,5.849664e-07,0.0001969061
L-BFGS-B,3001,2.5923117e-07,0.0070515354,5.8320484e-07,0.00019688075
L-BFGS-B,3002,2.5937175e-07,0.007049197,5.8282615e-07,0.00019682164
L-BFGS-B,3003,2.5952724e-07,0.007052434,5.8230194e-07,0.0001967987
L-BFGS-B,3004,2.5976996e-07,0.007056903,5.8152324e-07,0.00019676302
L-BFGS-B,3005,2.600246e-07,0.007058727,5.809698e-07,0.00019673642
L-BFGS-B,3006,2.6077566e-07,0.0072155753,5.855314e-07,0.0001991018
L-BFGS-B,3007,2.5989056e-07,0.007061402,5.808827e-07,0.00019673002
L-BFGS-B,3008,2.6006126e-07,0.007057394,5.8071424e-07,0.00019669026
L-BFGS-B,3009,2.6107728e-07,0.0070578405,5.7941014e-07,0.00019665153
L-BFGS-B,3010,2.840701e-07,0.007552135,6.2049793e-07,0.00021120656
L-BFGS-B,3011,2.608021e-07,0.0070325704,5.8090126e-07,0.00019658121
L-BFGS-B,3012,2.5925675e-07,0.006995759,5.8416333e-07,0.0001964706
L-BFGS-B,3013,2.5431103e-07,0.0068581644,6.0323237e-07,0.00019721316
L-BFGS-B,3014,2.5791635e-07,0.006960483,5.875179e-07,0.00019641998
L-BFGS-B,3015,2.5688195e-07,0.006931151,5.8960336e-07,0.0001962843
L-BFGS-B,3016,2.5546322e-07,0.0068834103,5.931372e-07,0.00019612417
L-BFGS-B,3017,2.5502467e-07,0.0068675843,5.9433006e-07,0.00019607905
L-BFGS-B,3018,2.5486517e-07,0.0068612923,5.945756e-07,0.00019602904
L-BFGS-B,3019,2.5468572e-07,0.0068568666,5.9461064e-07,0.00019596312
L-BFGS-B,3020,2.5471022e-07,0.006858668,5.937707e-07,0.00019585883
L-BFGS-B,3021,2.5484556e-07,0.0068630525,5.929083e-07,0.0001957936
L-BFGS-B,3022,2.5524105e-07,0.0068769045,5.911774e-07,0.00019573182
L-BFGS-B,3023,2.5520424e-07,0.0068780845,5.908707e-07,0.00019569209
L-BFGS-B,3024,2.5514674e-07,0.0068740477,5.9095515e-07,0.00019565577
L-BFGS-B,3025,2.5500108e-07,0.00686581,5.913709e-07,0.0001956139
L-BFGS-B,3026,2.549663e-07,0.006857396,5.916693e-07,0.0001955693
L-BFGS-B,3027,2.553049e-07,0.006857097,5.90882e-07,0.000195499
L-BFGS-B,3028,2.5551833e-07,0.006854345,5.905654e-07,0.000195456
L-BFGS-B,3029,2.5579942e-07,0.0068612243,5.894427e-07,0.00019539858
L-BFGS-B,3030,2.5571478e-07,0.0068587177,5.8939077e-07,0.00019535302
L-BFGS-B,3031,2.549338e-07,0.0068458817,5.90508e-07,0.00019527509
L-BFGS-B,3032,2.5632346e-07,0.0068524787,5.9337134e-07,0.000195979
L-BFGS-B,3033,2.549547e-07,0.0068385815,5.907243e-07,0.00019523766
L-BFGS-B,3034,2.5501376e-07,0.0068430225,5.8993464e-07,0.00019517248
L-BFGS-B,3035,2.5522456e-07,0.0068452824,5.892453e-07,0.00019512331
L-BFGS-B,3036,2.5517315e-07,0.0068415306,5.8931505e-07,0.00019508853
L-BFGS-B,3037,2.5532876e-07,0.006834202,5.894246e-07,0.000195055
L-BFGS-B,3038,2.55648e-07,0.006826714,5.8913076e-07,0.00019498395
L-BFGS-B,3039,2.5585962e-07,0.006823066,5.8886667e-07,0.00019493961
L-BFGS-B,3040,2.5612516e-07,0.0068171225,5.883506e-07,0.00019484258
L-BFGS-B,3041,2.5591424e-07,0.006801888,5.88729e-07,0.00019471537
L-BFGS-B,3042,2.5498875e-07,0.0068100174,5.9575126e-07,0.00019571117
L-BFGS-B,3043,2.5536852e-07,0.0067935498,5.893004e-07,0.00019463582
L-BFGS-B,3044,2.5489098e-07,0.006769915,5.898691e-07,0.00019441315
L-BFGS-B,3045,2.5400297e-07,0.006765934,5.90328e-07,0.00019430899
L-BFGS-B,3046,2.5419678e-07,0.006767957,5.8871643e-07,0.00019411655
L-BFGS-B,3047,2.5427755e-07,0.0067724194,5.878691e-07,0.0001940462
L-BFGS-B,3048,2.5453883e-07,0.006785239,5.8623385e-07,0.0001939683
L-BFGS-B,3049,2.547758e-07,0.006793914,5.8504855e-07,0.0001939128
L-BFGS-B,3050,2.5529968e-07,0.0068125883,5.825281e-07,0.00019380005
L-BFGS-B,3051,2.5608492e-07,0.0068341866,5.796032e-07,0.00019369507
L-BFGS-B,3052,2.5565674e-07,0.0068234894,5.7976695e-07,0.00019354845
L-BFGS-B,3053,2.5443362e-07,0.006786489,5.815381e-07,0.00019326064
L-BFGS-B,3054,2.531563e-07,0.006760993,6.1063446e-07,0.00019717854
L-BFGS-B,3055,2.5388783e-07,0.0067714904,5.8298065e-07,0.00019324517
L-BFGS-B,3056,2.5442185e-07,0.0067706318,5.816574e-07,0.0001931182
L-BFGS-B,3057,2.5542022e-07,0.0067756847,5.7987745e-07,0.0001930515
L-BFGS-B,3058,2.5550236e-07,0.00677181,5.795801e-07,0.00019298046
L-BFGS-B,3059,2.552638e-07,0.00677081,5.7957345e-07,0.00019293369
L-BFGS-B,3060,2.5540552e-07,0.006776126,5.787329e-07,0.00019288203
L-BFGS-B,3061,2.556556e-07,0.0067923763,5.7735474e-07,0.00019287532
L-BFGS-B,3062,2.5548513e-07,0.00678233,5.779805e-07,0.00019284314
L-BFGS-B,3063,2.551633e-07,0.006787697,5.775429e-07,0.0001927829
L-BFGS-B,3064,2.546478e-07,0.0067840666,5.7794654e-07,0.00019272981
L-BFGS-B,3065,2.5400095e-07,0.00677998,5.785124e-07,0.0001926768
L-BFGS-B,3066,2.5410094e-07,0.0067775464,5.7826173e-07,0.00019262987
L-BFGS-B,3067,2.5432814e-07,0.006775193,5.7786383e-07,0.00019258072
L-BFGS-B,3068,2.5503581e-07,0.0067762374,5.768146e-07,0.00019253994
L-BFGS-B,3069,2.556634e-07,0.006781502,5.755711e-07,0.0001925002
L-BFGS-B,3070,2.557926e-07,0.006773453,5.755276e-07,0.00019243256
L-BFGS-B,3071,2.5844687e-07,0.00683926,5.693366e-07,0.00019256011
L-BFGS-B,3072,2.5648387e-07,0.006790581,5.7349547e-07,0.00019240272
L-BFGS-B,3073,2.5549332e-07,0.006774369,5.751547e-07,0.00019234089
L-BFGS-B,3074,2.537749e-07,0.0067466823,5.78457e-07,0.00019230161
L-BFGS-B,3075,2.530645e-07,0.0067451224,5.790353e-07,0.00019226619
L-BFGS-B,3076,2.533085e-07,0.006750515,5.782804e-07,0.00019224349
L-BFGS-B,3077,2.5345656e-07,0.0067583,5.773569e-07,0.00019220501
L-BFGS-B,3078,2.5342936e-07,0.0067633935,5.768228e-07,0.00019217175
L-BFGS-B,3079,2.5299684e-07,0.0067663393,5.7814907e-07,0.00019233528
L-BFGS-B,3080,2.5327876e-07,0.0067621176,5.769716e-07,0.00019215872
L-BFGS-B,3081,2.5274588e-07,0.0067631393,5.7717534e-07,0.00019211958
L-BFGS-B,3082,2.5248923e-07,0.006750951,5.780317e-07,0.00019208764
L-BFGS-B,3083,2.5222403e-07,0.0067429002,5.785744e-07,0.00019204876
L-BFGS-B,3084,2.5134693e-07,0.0067107757,5.8080195e-07,0.0001919301
L-BFGS-B,3085,2.6344583e-07,0.0073893056,5.781224e-07,0.0002001283
L-BFGS-B,3086,2.5145206e-07,0.0067184777,5.800837e-07,0.00019191514
L-BFGS-B,3087,2.513786e-07,0.0067178765,5.7978195e-07,0.00019185284
L-BFGS-B,3088,2.5128324e-07,0.0067121144,5.7912837e-07,0.00019168289
L-BFGS-B,3089,2.5155458e-07,0.0067215413,5.778468e-07,0.00019162562
L-BFGS-B,3090,2.5057014e-07,0.006705687,5.7929935e-07,0.00019153728
L-BFGS-B,3091,2.507989e-07,0.0067050266,5.7878685e-07,0.00019148813
L-BFGS-B,3092,2.509876e-07,0.0066987122,5.7854805e-07,0.00019141746
L-BFGS-B,3093,2.5316498e-07,0.006711856,5.75823e-07,0.00019146675
L-BFGS-B,3094,2.517603e-07,0.006700922,5.774101e-07,0.00019138478
L-BFGS-B,3095,2.5177889e-07,0.0066870665,5.7758075e-07,0.00019127461
L-BFGS-B,3096,2.515532e-07,0.0066769384,5.764539e-07,0.00019097044
L-BFGS-B,3097,2.5246652e-07,0.0066832765,5.7293767e-07,0.00019064339
L-BFGS-B,3098,2.528559e-07,0.0066859527,5.7051284e-07,0.00019036484
L-BFGS-B,3099,2.5578328e-07,0.00672519,5.639396e-07,0.00019021032
L-BFGS-B,3100,2.5375152e-07,0.0066974433,5.6675145e-07,0.00019004988
L-BFGS-B,3101,2.5312076e-07,0.0066966135,5.6703703e-07,0.0001899898
L-BFGS-B,3102,2.5333793e-07,0.006706234,5.659568e-07,0.00018995654
L-BFGS-B,3103,2.5365858e-07,0.006711762,5.651382e-07,0.00018993713
L-BFGS-B,3104,2.547289e-07,0.0067390176,5.6272535e-07,0.00019000832
L-BFGS-B,3105,2.538966e-07,0.006717984,5.6438904e-07,0.00018992269
L-BFGS-B,3106,2.5515567e-07,0.006736428,5.629992e-07,0.0001900875
L-BFGS-B,3107,2.5414317e-07,0.006719744,5.6378946e-07,0.00018988733
L-BFGS-B,3108,2.5353307e-07,0.006700278,5.6540995e-07,0.00018984423
L-BFGS-B,3109,2.5268076e-07,0.0066702017,5.677983e-07,0.00018977387
L-BFGS-B,3110,2.5046117e-07,0.006638019,5.7240686e-07,0.00018981038
L-BFGS-B,3111,2.517109e-07,0.0066548535,5.6958714e-07,0.00018974324
L-BFGS-B,3112,2.5101912e-07,0.0066354484,5.7140426e-07,0.00018971799
L-BFGS-B,3113,2.513141e-07,0.006639729,5.703736e-07,0.00018965044
L-BFGS-B,3114,2.5196115e-07,0.0066519314,5.6845266e-07,0.00018958139
L-BFGS-B,3115,2.5268898e-07,0.0066633048,5.665054e-07,0.0001895122
L-BFGS-B,3116,2.5420317e-07,0.006700565,5.621056e-07,0.00018945195
L-BFGS-B,3117,2.5323249e-07,0.006680017,5.647847e-07,0.00018950275
L-BFGS-B,3118,2.5368288e-07,0.00668913,5.630485e-07,0.000189401
L-BFGS-B,3119,2.5503627e-07,0.0066890605,5.610855e-07,0.00018930886
L-BFGS-B,3120,2.550255e-07,0.006701528,5.5958463e-07,0.0001892068
L-BFGS-B,3121,2.5509212e-07,0.0067072115,5.586897e-07,0.00018913939
L-BFGS-B,3122,2.5503334e-07,0.0067121815,5.5817077e-07,0.00018910243
L-BFGS-B,3123,2.5468492e-07,0.006707899,5.5857674e-07,0.00018906823
L-BFGS-B,3124,2.5414656e-07,0.006703209,5.5910573e-07,0.00018901993
L-BFGS-B,3125,2.5401494e-07,0.0067035886,5.5889615e-07,0.00018897254
L-BFGS-B,3126,2.5400732e-07,0.0067069083,5.5839695e-07,0.00018892973
L-BFGS-B,3127,2.5543923e-07,0.0067276196,5.5538095e-07,0.00018889923
L-BFGS-B,3128,2.5472409e-07,0.0067401063,5.549156e-07,0.00018884701
L-BFGS-B,3129,2.547785e-07,0.0067321216,5.5479086e-07,0.00018875662
L-BFGS-B,3130,2.5506478e-07,0.006726226,5.538553e-07,0.00018860027
L-BFGS-B,3131,2.5763933e-07,0.0067561823,5.557812e-07,0.0001895749
L-BFGS-B,3132,2.5501265e-07,0.0067200903,5.540305e-07,0.00018855737
L-BFGS-B,3133,2.5502965e-07,0.006715312,5.530512e-07,0.00018836526
L-BFGS-B,3134,2.54255e-07,0.0067053065,5.5323324e-07,0.0001881763
L-BFGS-B,3135,2.6075486e-07,0.0072057443,5.4939386e-07,0.00019357975
L-BFGS-B,3136,2.5451115e-07,0.0067244354,5.5116664e-07,0.00018809602
L-BFGS-B,3137,2.5437663e-07,0.0067144646,5.5158586e-07,0.000188039
L-BFGS-B,3138,2.545869e-07,0.006721627,5.496469e-07,0.00018785134
L-BFGS-B,3139,2.5549232e-07,0.006740161,5.464435e-07,0.00018769199
L-BFGS-B,3140,2.5566365e-07,0.0067373556,5.453384e-07,0.00018752387
L-BFGS-B,3141,2.609721e-07,0.0069349175,5.314238e-07,0.00018820856
L-BFGS-B,3142,2.5668265e-07,0.006775428,5.410587e-07,0.00018741548
L-BFGS-B,3143,2.5741983e-07,0.0067501944,5.398717e-07,0.00018709566
L-BFGS-B,3144,2.5648117e-07,0.006726283,5.418037e-07,0.00018700556
L-BFGS-B,3145,2.55699e-07,0.0067026834,5.436642e-07,0.00018693131
L-BFGS-B,3146,2.549485e-07,0.0066945306,5.446219e-07,0.00018688088
L-BFGS-B,3147,2.5168427e-07,0.0066421586,5.511493e-07,0.00018684662
L-BFGS-B,3148,2.5559933e-07,0.0067600245,5.4654527e-07,0.00018792192
L-BFGS-B,3149,2.519806e-07,0.006651051,5.4999026e-07,0.00018680614
L-BFGS-B,3150,2.5295805e-07,0.0066688955,5.472438e-07,0.00018671923
L-BFGS-B,3151,2.534837e-07,0.0066727367,5.4562037e-07,0.00018659298
L-BFGS-B,3152,3.1014628e-07,0.008374928,7.2731603e-07,0.00023936862
L-BFGS-B,3153,2.5330266e-07,0.0066655483,5.4616584e-07,0.00018657575
L-BFGS-B,3154,2.5345264e-07,0.006652648,5.45896e-07,0.00018642878
L-BFGS-B,3155,2.5088215e-07,0.0066050617,5.512426e-07,0.00018636932
L-BFGS-B,3156,2.508086e-07,0.0066002593,5.5095876e-07,0.00018626769
L-BFGS-B,3157,2.508545e-07,0.0065971497,5.508663e-07,0.00018622962
L-BFGS-B,3158,2.5057156e-07,0.0065846434,5.508332e-07,0.00018605715
L-BFGS-B,3159,2.4973278e-07,0.0065531544,5.5151276e-07,0.00018571838
L-BFGS-B,3160,2.483772e-07,0.0065387655,5.5536606e-07,0.00018594915
L-BFGS-B,3161,2.4883764e-07,0.006537857,5.5264695e-07,0.00018560127
L-BFGS-B,3162,2.472851e-07,0.006510645,5.5407315e-07,0.00018531019
L-BFGS-B,3163,2.449348e-07,0.006472624,5.565691e-07,0.00018495182
L-BFGS-B,3164,2.427489e-07,0.00658006,5.630712e-07,0.0001866736
L-BFGS-B,3165,2.439346e-07,0.006458971,5.57455e-07,0.00018479815
L-BFGS-B,3166,2.4431648e-07,0.006463334,5.557656e-07,0.00018464564
L-BFGS-B,3167,2.4404306e-07,0.0064668967,5.550675e-07,0.00018453554
L-BFGS-B,3168,2.4220756e-07,0.00639213,5.608519e-07,0.00018438022
L-BFGS-B,3169,2.4362862e-07,0.006395758,5.5872715e-07,0.00018431095
L-BFGS-B,3170,2.4353002e-07,0.006405954,5.5779e-07,0.00018425754
L-BFGS-B,3171,2.428556e-07,0.0063879443,5.594416e-07,0.00018422403
L-BFGS-B,3172,2.4267436e-07,0.006376727,5.602191e-07,0.00018420129
L-BFGS-B,3173,2.426509e-07,0.0063703777,5.6045167e-07,0.00018416916
L-BFGS-B,3174,2.425245e-07,0.006363475,5.6086014e-07,0.00018414245
L-BFGS-B,3175,2.425686e-07,0.0063655376,5.604194e-07,0.00018410357
L-BFGS-B,3176,2.420095e-07,0.006352052,5.6166505e-07,0.0001840717
L-BFGS-B,3177,2.4299834e-07,0.0063865455,5.586313e-07,0.0001841099
L-BFGS-B,3178,2.423103e-07,0.006362757,5.6053767e-07,0.00018405478
L-BFGS-B,3179,2.421944e-07,0.006362775,5.605304e-07,0.00018403647
L-BFGS-B,3180,2.4192025e-07,0.006362073,5.606058e-07,0.00018399965
L-BFGS-B,3181,2.4138268e-07,0.0063503357,5.6170876e-07,0.00018396707
L-BFGS-B,3182,2.434811e-07,0.0064656893,5.6776304e-07,0.00018634352
L-BFGS-B,3183,2.412815e-07,0.006349369,5.618219e-07,0.0001839592
L-BFGS-B,3184,2.399096e-07,0.0063159526,5.6511044e-07,0.00018391253
L-BFGS-B,3185,2.4004564e-07,0.0063013686,5.655451e-07,0.0001838523
L-BFGS-B,3186,2.401179e-07,0.006292511,5.658199e-07,0.00018381578
L-BFGS-B,3187,2.3994713e-07,0.006288535,5.659325e-07,0.00018376729
L-BFGS-B,3188,2.3971972e-07,0.0062750555,5.667125e-07,0.00018371538
L-BFGS-B,3189,2.399312e-07,0.0062842593,5.6555274e-07,0.00018366518
L-BFGS-B,3190,2.3965907e-07,0.006287801,5.6507037e-07,0.00018358743
L-BFGS-B,3191,2.3943542e-07,0.006280734,5.651325e-07,0.00018349252
L-BFGS-B,3192,2.384485e-07,0.006261078,5.66595e-07,0.00018336732
L-BFGS-B,3193,2.3638839e-07,0.00619924,5.716055e-07,0.00018319149
L-BFGS-B,3194,3.4651552e-07,0.0103277555,6.061738e-07,0.00024618095
L-BFGS-B,3195,2.373116e-07,0.006212631,5.6957623e-07,0.00018315949
L-BFGS-B,3196,2.3452196e-07,0.0061240783,5.763477e-07,0.00018287124
L-BFGS-B,3197,2.3334607e-07,0.006088519,5.7827526e-07,0.00018262838
L-BFGS-B,3198,2.3256165e-07,0.0060626683,5.7899786e-07,0.00018236061
L-BFGS-B,3199,2.3200879e-07,0.006051047,5.7907107e-07,0.00018217244
L-BFGS-B,3200,2.3205138e-07,0.0060319216,5.7937865e-07,0.00018203372
L-BFGS-B,3201,2.3127828e-07,0.0060142395,5.807647e-07,0.00018194884
L-BFGS-B,3202,2.3133968e-07,0.0060253786,5.7965565e-07,0.00018190309
L-BFGS-B,3203,2.3153824e-07,0.00603372,5.786193e-07,0.00018186083
L-BFGS-B,3204,2.3227501e-07,0.006058847,5.75736e-07,0.00018179012
L-BFGS-B,3205,2.3326572e-07,0.006085032,5.7258643e-07,0.00018172814
L-BFGS-B,3206,2.3442495e-07,0.0061083953,5.6942514e-07,0.00018166145
L-BFGS-B,3207,2.3537368e-07,0.006119206,5.6735695e-07,0.00018160166
L-BFGS-B,3208,2.343626e-07,0.006082422,5.711729e-07,0.00018165456
L-BFGS-B,3209,2.3498174e-07,0.006104927,5.68546e-07,0.00018157842
L-BFGS-B,3210,2.3719932e-07,0.006084696,5.6928127e-07,0.00018181905
L-BFGS-B,3211,2.3542812e-07,0.006093884,5.685073e-07,0.00018152915
L-BFGS-B,3212,2.3504313e-07,0.0060797525,5.696422e-07,0.00018150033
L-BFGS-B,3213,2.3409538e-07,0.006053072,5.72054e-07,0.00018145313
L-BFGS-B,3214,2.3411789e-07,0.006052194,5.719215e-07,0.00018142784
L-BFGS-B,3215,2.3444319e-07,0.0060621654,5.706984e-07,0.00018139288
L-BFGS-B,3216,2.3510903e-07,0.0060679065,5.692706e-07,0.00018133601
L-BFGS-B,3217,2.356445e-07,0.0060699126,5.6801e-07,0.0001812473
L-BFGS-B,3218,2.3627403e-07,0.006124066,5.667796e-07,0.0001816987
L-BFGS-B,3219,2.3556454e-07,0.0060758623,5.673209e-07,0.00018119144
L-BFGS-B,3220,2.3722968e-07,0.0060850717,5.636971e-07,0.00018098974
L-BFGS-B,3221,2.3963233e-07,0.0061152806,5.612355e-07,0.00018128299
L-BFGS-B,3222,2.3757087e-07,0.0060860086,5.6301815e-07,0.00018094844
L-BFGS-B,3223,2.4501696e-07,0.0063303676,5.574381e-07,0.00018367195
L-BFGS-B,3224,2.3780576e-07,0.0060913367,5.623075e-07,0.00018093036
L-BFGS-B,3225,2.3634566e-07,0.006068084,5.643794e-07,0.00018078959
L-BFGS-B,3226,2.3544726e-07,0.006038736,5.665733e-07,0.00018069045
L-BFGS-B,3227,2.3588709e-07,0.006060482,5.641798e-07,0.00018061485
L-BFGS-B,3228,2.356009e-07,0.0060583334,5.642322e-07,0.0001805583
L-BFGS-B,3229,2.7061964e-07,0.0072891717,6.0370627e-07,0.00020404061
L-BFGS-B,3230,2.3568387e-07,0.0060572135,5.641317e-07,0.00018054448
L-BFGS-B,3231,2.3620794e-07,0.006052232,5.633924e-07,0.00018046238
L-BFGS-B,3232,2.3648963e-07,0.006053052,5.6250053e-07,0.00018037905
L-BFGS-B,3233,2.3696425e-07,0.0060410807,5.61786e-07,0.00018022335
L-BFGS-B,3234,2.3751436e-07,0.006038916,5.607469e-07,0.00018012835
L-BFGS-B,3235,2.3744268e-07,0.0060209283,5.615847e-07,0.00018006339
L-BFGS-B,3236,2.3784295e-07,0.0060305092,5.601943e-07,0.00018001068
L-BFGS-B,3237,2.3800023e-07,0.0060312673,5.5956696e-07,0.00017994776
L-BFGS-B,3238,2.3824143e-07,0.006032218,5.587933e-07,0.00017987739
L-BFGS-B,3239,2.3862773e-07,0.006038952,5.575116e-07,0.00017981042
L-BFGS-B,3240,2.391498e-07,0.006046194,5.560046e-07,0.0001797351
L-BFGS-B,3241,2.3982992e-07,0.006054237,5.542308e-07,0.00017965148
L-BFGS-B,3242,2.404228e-07,0.0060674683,5.5324966e-07,0.00017972555
L-BFGS-B,3243,2.3995634e-07,0.0060563055,5.537016e-07,0.00017961174
L-BFGS-B,3244,2.558458e-07,0.0062598325,5.4915495e-07,0.00018334843
L-BFGS-B,3245,2.404342e-07,0.006057125,5.530555e-07,0.0001795947
L-BFGS-B,3246,2.4080063e-07,0.0060599297,5.520543e-07,0.00017952753
L-BFGS-B,3247,2.407231e-07,0.0060401596,5.525923e-07,0.00017939892
L-BFGS-B,3248,2.4011192e-07,0.0060029235,5.544878e-07,0.00017921919
L-BFGS-B,3249,2.383469e-07,0.005949525,5.5878894e-07,0.00017906562
L-BFGS-B,3250,2.3732007e-07,0.00591697,5.6127493e-07,0.00017895894
L-BFGS-B,3251,2.3663594e-07,0.0059022144,5.6254487e-07,0.00017889927
L-BFGS-B,3252,2.3652001e-07,0.0058995844,5.6270534e-07,0.00017887965
L-BFGS-B,3253,2.3671805e-07,0.0058982004,5.625234e-07,0.00017886821
L-BFGS-B,3254,2.3567844e-07,0.005870444,5.6678954e-07,0.00017907463
L-BFGS-B,3255,2.3637348e-07,0.0058885203,5.6336785e-07,0.0001788464
L-BFGS-B,3256,2.3650685e-07,0.005886314,5.632329e-07,0.00017882409
L-BFGS-B,3257,2.384577e-07,0.0058989925,5.606371e-07,0.00017885414
L-BFGS-B,3258,2.3725988e-07,0.005889725,5.620023e-07,0.00017878658
L-BFGS-B,3259,2.3976503e-07,0.005907325,5.5884544e-07,0.00017886482
L-BFGS-B,3260,2.3795666e-07,0.0058930307,5.609453e-07,0.0001787656
L-BFGS-B,3261,2.3800436e-07,0.0058877463,5.607435e-07,0.00017868965
L-BFGS-B,3262,2.384799e-07,0.005893241,5.595688e-07,0.00017863972
L-BFGS-B,3263,2.3902308e-07,0.0058992095,5.582586e-07,0.00017858433
L-BFGS-B,3264,2.5750793e-07,0.006545574,5.6063493e-07,0.00018817716
L-BFGS-B,3265,2.3909965e-07,0.005901845,5.579195e-07,0.00017857132
L-BFGS-B,3266,2.3748217e-07,0.005883087,5.623658e-07,0.00017880806
L-BFGS-B,3267,2.3854e-07,0.005893036,5.588711e-07,0.00017854202
L-BFGS-B,3268,2.390617e-07,0.0058874064,5.5795726e-07,0.00017842691
L-BFGS-B,3269,2.3920344e-07,0.0058726845,5.578214e-07,0.00017828058
L-BFGS-B,3270,2.3919756e-07,0.0058548003,5.583361e-07,0.00017817806
L-BFGS-B,3271,2.3807824e-07,0.00582284,5.615905e-07,0.00017817871
L-BFGS-B,3272,2.3857694e-07,0.0058352426,5.598876e-07,0.0001781221
L-BFGS-B,3273,2.3840583e-07,0.0058232513,5.6053307e-07,0.00017807334
L-BFGS-B,3274,2.3842694e-07,0.0058172555,5.6068876e-07,0.00017803992
L-BFGS-B,3275,2.385454e-07,0.0058208797,5.601604e-07,0.00017801466
L-BFGS-B,3276,2.3834711e-07,0.0058087385,5.6147866e-07,0.00017806125
L-BFGS-B,3277,2.3844612e-07,0.005816144,5.6050806e-07,0.00017800456
L-BFGS-B,3278,2.367332e-07,0.005854787,5.701589e-07,0.00017958168
L-BFGS-B,3279,2.3797976e-07,0.005812729,5.6109315e-07,0.00017798823
L-BFGS-B,3280,2.395031e-07,0.0058507407,5.568097e-07,0.00017795432
L-BFGS-B,3281,2.3941823e-07,0.005854189,5.562906e-07,0.00017789821
L-BFGS-B,3282,2.3923673e-07,0.0058572255,5.5526135e-07,0.00017774696
L-BFGS-B,3283,2.3886196e-07,0.0058436627,5.557321e-07,0.00017762573
L-BFGS-B,3284,2.398451e-07,0.0058469777,5.5427176e-07,0.00017758731
L-BFGS-B,3285,2.3973007e-07,0.0058296854,5.539795e-07,0.00017735329
L-BFGS-B,3286,2.3785647e-07,0.005788563,5.582142e-07,0.00017729623
L-BFGS-B,3287,2.3863987e-07,0.0057962844,5.5599565e-07,0.00017715816
L-BFGS-B,3288,2.3990438e-07,0.0058057504,5.534088e-07,0.00017705449
L-BFGS-B,3289,2.4013573e-07,0.005813231,5.5228844e-07,0.00017699593
L-BFGS-B,3290,2.3942076e-07,0.0058023846,5.534733e-07,0.00017695795
L-BFGS-B,3291,2.3934936e-07,0.0058016265,5.533764e-07,0.00017692512
L-BFGS-B,3292,2.390081e-07,0.0057965848,5.538779e-07,0.00017689876
L-BFGS-B,3293,2.3824778e-07,0.005786318,5.549921e-07,0.00017684916
L-BFGS-B,3294,2.3773369e-07,0.0057771564,5.556774e-07,0.00017678323
L-BFGS-B,3295,2.3735615e-07,0.005767198,5.562508e-07,0.00017671302
L-BFGS-B,3296,2.3748754e-07,0.0057694437,5.5563305e-07,0.00017666252
L-BFGS-B,3297,2.3827246e-07,0.0057777464,5.540065e-07,0.0001766193
L-BFGS-B,3298,2.3860883e-07,0.0057781455,5.534394e-07,0.00017658868
L-BFGS-B,3299,2.3888342e-07,0.0057782517,5.529972e-07,0.00017656462
L-BFGS-B,3300,2.3863709e-07,0.005773589,5.532878e-07,0.00017652463
L-BFGS-B,3301,2.3801613e-07,0.005767118,5.5398584e-07,0.00017647148
L-BFGS-B,3302,2.37553e-07,0.005767926,5.542008e-07,0.00017644232
L-BFGS-B,3303,2.3755109e-07,0.005772884,5.537828e-07,0.00017642892
L-BFGS-B,3304,2.3775517e-07,0.005777851,5.532048e-07,0.00017642252
L-BFGS-B,3305,2.3797244e-07,0.0057809274,5.527488e-07,0.00017641747
L-BFGS-B,3306,2.3837063e-07,0.0057828166,5.5217e-07,0.00017640926
L-BFGS-B,3307,2.671172e-07,0.0065482026,6.0068777e-07,0.00019565277
L-BFGS-B,3308,2.3829095e-07,0.005782704,5.52248e-07,0.00017640789
L-BFGS-B,3309,2.3834347e-07,0.005779591,5.523518e-07,0.0001764002
L-BFGS-B,3310,2.37964e-07,0.00576423,5.5367843e-07,0.00017638867
L-BFGS-B,3311,2.3941072e-07,0.005763698,5.547552e-07,0.00017676187
L-BFGS-B,3312,2.3805896e-07,0.0057611912,5.5374073e-07,0.00017638187
L-BFGS-B,3313,2.3787508e-07,0.00575931,5.540023e-07,0.00017637471
L-BFGS-B,3314,2.374881e-07,0.005755319,5.545193e-07,0.0001763543
L-BFGS-B,3315,2.3763737e-07,0.005757515,5.5409345e-07,0.00017633477
L-BFGS-B,3316,2.3823691e-07,0.0057692504,5.525064e-07,0.00017630399
L-BFGS-B,3317,2.3860733e-07,0.0057726307,5.517081e-07,0.00017627362
L-BFGS-B,3318,2.3948633e-07,0.0057833246,5.498459e-07,0.00017623306
L-BFGS-B,3319,2.3952623e-07,0.005781963,5.495353e-07,0.00017617884
L-BFGS-B,3320,2.414159e-07,0.00581679,5.453851e-07,0.00017618804
L-BFGS-B,3321,2.403422e-07,0.0057962122,5.4746636e-07,0.0001761334
L-BFGS-B,3322,2.3984816e-07,0.005795018,5.4761085e-07,0.00017606904
L-BFGS-B,3323,2.3910195e-07,0.005786596,5.486795e-07,0.00017603318
L-BFGS-B,3324,2.398421e-07,0.0057985326,5.470445e-07,0.00017601832
L-BFGS-B,3325,2.3892952e-07,0.0057899426,5.483592e-07,0.00017599273
L-BFGS-B,3326,2.3834339e-07,0.005786223,5.4897765e-07,0.00017596039
L-BFGS-B,3327,2.3756098e-07,0.005780733,5.49822e-07,0.00017591479
L-BFGS-B,3328,2.36264e-07,0.005759133,5.5263723e-07,0.00017592651
L-BFGS-B,3329,2.3702088e-07,0.005771482,5.509112e-07,0.00017590463
L-BFGS-B,3330,2.3861304e-07,0.0058289054,5.4572035e-07,0.00017593906
L-BFGS-B,3331,2.3757632e-07,0.0057930658,5.486805e-07,0.00017586918
L-BFGS-B,3332,2.37327e-07,0.005786045,5.493811e-07,0.00017586668
L-BFGS-B,3333,2.374089e-07,0.0057883556,5.4897583e-07,0.00017584127
L-BFGS-B,3334,2.3736649e-07,0.0057805013,5.492016e-07,0.00017579022
L-BFGS-B,3335,2.3774376e-07,0.005784253,5.482183e-07,0.00017573684
L-BFGS-B,3336,2.3781277e-07,0.0057827067,5.479692e-07,0.00017569435
L-BFGS-B,3337,2.3781611e-07,0.005783787,5.473992e-07,0.00017562017
L-BFGS-B,3338,2.374854e-07,0.0057793744,5.473983e-07,0.00017552631
L-BFGS-B,3339,2.3676607e-07,0.0057727,5.477799e-07,0.0001754089
L-BFGS-B,3340,2.3625115e-07,0.0057640392,5.483017e-07,0.00017532332
L-BFGS-B,3341,2.359337e-07,0.005758777,5.4850807e-07,0.00017525403
L-BFGS-B,3342,2.3580166e-07,0.005755603,5.48388e-07,0.00017518448
L-BFGS-B,3343,2.4018905e-07,0.005901495,5.453747e-07,0.00017684951
L-BFGS-B,3344,2.3580715e-07,0.0057575535,5.482142e-07,0.00017517873
L-BFGS-B,3345,2.361459e-07,0.005759452,5.473455e-07,0.00017511823
L-BFGS-B,3346,2.3636026e-07,0.005764436,5.4645955e-07,0.00017506733
L-BFGS-B,3347,2.360388e-07,0.005757116,5.469581e-07,0.00017502069
L-BFGS-B,3348,2.3583732e-07,0.0057548573,5.4713087e-07,0.0001749938
L-BFGS-B,3349,2.3546713e-07,0.005745179,5.479276e-07,0.000174961
L-BFGS-B,3350,2.3535982e-07,0.0057382924,5.4822215e-07,0.00017492022
L-BFGS-B,3351,2.3539363e-07,0.005735581,5.480335e-07,0.00017486987
L-BFGS-B,3352,2.3345602e-07,0.005717647,5.53006e-07,0.00017514576
L-BFGS-B,3353,2.3485887e-07,0.005726034,5.490599e-07,0.00017484816
L-BFGS-B,3354,2.3532384e-07,0.0057358034,5.475286e-07,0.0001747859
L-BFGS-B,3355,2.3576813e-07,0.0057700532,5.4475134e-07,0.00017477846
L-BFGS-B,3356,2.3547392e-07,0.0057506254,5.4606284e-07,0.00017473676
L-BFGS-B,3357,2.3658201e-07,0.0057872375,5.423059e-07,0.00017470555
L-BFGS-B,3358,2.359056e-07,0.0057834005,5.42621e-07,0.000174613
L-BFGS-B,3359,2.3535112e-07,0.0057807676,5.430867e-07,0.00017457335
L-BFGS-B,3360,2.3636393e-07,0.0057988525,5.423079e-07,0.0001747893
L-BFGS-B,3361,2.3546075e-07,0.0057808114,5.426906e-07,0.00017453081
L-BFGS-B,3362,2.3449711e-07,0.005771853,5.4350363e-07,0.00017441864
L-BFGS-B,3363,2.3278231e-07,0.005741061,5.4613173e-07,0.00017424772
L-BFGS-B,3364,2.317361e-07,0.0057192747,5.49008e-07,0.00017430435
L-BFGS-B,3365,2.3223106e-07,0.005727854,5.4718714e-07,0.00017419127
L-BFGS-B,3366,2.3214513e-07,0.005716334,5.472586e-07,0.0001740739
L-BFGS-B,3367,2.3195058e-07,0.005702221,5.479824e-07,0.00017401215
L-BFGS-B,3368,2.3192294e-07,0.0057075256,5.4724126e-07,0.00017394988
L-BFGS-B,3369,2.3168748e-07,0.005706635,5.4723756e-07,0.00017390511
L-BFGS-B,3370,2.3167931e-07,0.0057096584,5.467425e-07,0.00017385985
L-BFGS-B,3371,2.3175156e-07,0.005724236,5.4525464e-07,0.00017379329
L-BFGS-B,3372,2.3110417e-07,0.005721826,5.455436e-07,0.00017371542
L-BFGS-B,3373,2.3021661e-07,0.005704081,5.4690946e-07,0.00017360973
L-BFGS-B,3374,2.2935737e-07,0.0056829783,5.4826296e-07,0.00017347283
L-BFGS-B,3375,2.2850061e-07,0.005655779,5.5023224e-07,0.00017336772
L-BFGS-B,3376,2.2845158e-07,0.005644642,5.5020035e-07,0.0001732442
L-BFGS-B,3377,2.2610733e-07,0.005692794,5.5581233e-07,0.0001742159
L-BFGS-B,3378,2.2782545e-07,0.0056443927,5.5064714e-07,0.00017321482
L-BFGS-B,3379,2.2773479e-07,0.005627765,5.5070313e-07,0.00017304334
L-BFGS-B,3380,2.2776652e-07,0.005626633,5.500112e-07,0.00017293298
L-BFGS-B,3381,2.2758577e-07,0.0056289625,5.48705e-07,0.00017273324
L-BFGS-B,3382,2.268566e-07,0.0056222635,5.487056e-07,0.00017255696
L-BFGS-B,3383,2.2755668e-07,0.005656866,5.446036e-07,0.0001723927
L-BFGS-B,3384,2.2791335e-07,0.0056604124,5.4309317e-07,0.0001722551
L-BFGS-B,3385,2.2744277e-07,0.0056615886,5.4281657e-07,0.00017215477
L-BFGS-B,3386,2.2738017e-07,0.005685668,5.4083887e-07,0.00017208952
L-BFGS-B,3387,2.271697e-07,0.0056884135,5.4019745e-07,0.0001719892
L-BFGS-B,3388,2.2679853e-07,0.00569068,5.3995507e-07,0.00017191985
L-BFGS-B,3389,2.2700802e-07,0.0057037505,5.385806e-07,0.00017187578
L-BFGS-B,3390,2.2640381e-07,0.0056954045,5.3942e-07,0.00017182762
L-BFGS-B,3391,2.2611327e-07,0.0056884247,5.3993307e-07,0.00017179118
L-BFGS-B,3392,2.256281e-07,0.0056768144,5.4106613e-07,0.00017177228
L-BFGS-B,3393,2.2586565e-07,0.005677762,5.4054766e-07,0.00017173961
L-BFGS-B,3394,2.2635646e-07,0.005682409,5.3947787e-07,0.00017169924
L-BFGS-B,3395,2.2673308e-07,0.005686836,5.386096e-07,0.00017166976
L-BFGS-B,3396,2.2702456e-07,0.0056919088,5.3787085e-07,0.0001716534
L-BFGS-B,3397,2.2723381e-07,0.005697034,5.372335e-07,0.00017164044
L-BFGS-B,3398,2.2742552e-07,0.005702013,5.3660375e-07,0.00017162453
L-BFGS-B,3399,2.2722001e-07,0.0057007885,5.367273e-07,0.00017159998
L-BFGS-B,3400,2.2708421e-07,0.005700178,5.3676854e-07,0.0001715797
L-BFGS-B,3401,2.3058651e-07,0.0057454263,5.313908e-07,0.00017175087
L-BFGS-B,3402,2.277023e-07,0.005706496,5.356605e-07,0.00017156938
L-BFGS-B,3403,2.276961e-07,0.005704259,5.356664e-07,0.00017154696
L-BFGS-B,3404,2.2766008e-07,0.0056968117,5.359492e-07,0.00017150951
L-BFGS-B,3405,2.2767651e-07,0.0056876196,5.3649137e-07,0.00017150138
L-BFGS-B,3406,2.2773243e-07,0.005690161,5.3620505e-07,0.00017149223
L-BFGS-B,3407,2.2776544e-07,0.0056917756,5.360031e-07,0.00017148303
L-BFGS-B,3408,2.2765774e-07,0.0056907157,5.36021e-07,0.00017145896
L-BFGS-B,3409,2.2567036e-07,0.00568821,5.3925874e-07,0.00017162146
L-BFGS-B,3410,2.2720742e-07,0.0056881327,5.3657845e-07,0.00017144921
L-BFGS-B,3411,2.271628e-07,0.0056883795,5.364395e-07,0.00017142414
L-BFGS-B,3412,2.2692957e-07,0.0056827045,5.3677985e-07,0.00017138346
L-BFGS-B,3413,2.265289e-07,0.005679857,5.372009e-07,0.00017135803
L-BFGS-B,3414,2.2642753e-07,0.005680406,5.3708413e-07,0.00017133082
L-BFGS-B,3415,2.2607462e-07,0.005676194,5.3745146e-07,0.00017129086
L-BFGS-B,3416,2.2540262e-07,0.0056705964,5.378263e-07,0.0001711903
L-BFGS-B,3417,2.2544926e-07,0.0056719156,5.3743247e-07,0.00017115142
L-BFGS-B,3418,2.2567697e-07,0.0056773797,5.3663945e-07,0.00017112127
L-BFGS-B,3419,2.2603435e-07,0.005682139,5.3588855e-07,0.00017110983
L-BFGS-B,3420,2.2623416e-07,0.005685118,5.354101e-07,0.00017109781
L-BFGS-B,3421,2.2640293e-07,0.0056878957,5.3494057e-07,0.0001710805
L-BFGS-B,3422,2.2651706e-07,0.0056891344,5.346569e-07,0.00017106743
L-BFGS-B,3423,2.2670055e-07,0.005693879,5.340432e-07,0.00017105034
L-BFGS-B,3424,2.2840882e-07,0.0057738414,5.418651e-07,0.0001732795
L-BFGS-B,3425,2.265359e-07,0.0056891777,5.344333e-07,0.00017103716
L-BFGS-B,3426,2.265922e-07,0.0056873425,5.3431506e-07,0.00017100951
L-BFGS-B,3427,2.2803141e-07,0.0057093515,5.314458e-07,0.0001710151
L-BFGS-B,3428,2.2718565e-07,0.0056934133,5.3281434e-07,0.00017093413
L-BFGS-B,3429,2.27432e-07,0.0056972187,5.3200307e-07,0.00017088745
L-BFGS-B,3430,2.2830015e-07,0.005707562,5.299785e-07,0.00017081742
L-BFGS-B,3431,2.2694475e-07,0.005679573,5.330082e-07,0.00017078867
L-BFGS-B,3432,2.2900049e-07,0.0057188976,5.278723e-07,0.0001707199
L-BFGS-B,3433,2.287057e-07,0.0057140235,5.2826937e-07,0.00017068649
L-BFGS-B,3434,2.2796421e-07,0.005704889,5.2926407e-07,0.00017063314
L-BFGS-B,3435,2.2747821e-07,0.0056958157,5.300933e-07,0.00017059388
L-BFGS-B,3436,2.272586e-07,0.0056903334,5.30414e-07,0.00017055422
L-BFGS-B,3437,2.2728902e-07,0.0056833364,5.306574e-07,0.00017052534
L-BFGS-B,3438,2.2762529e-07,0.0056884754,5.297994e-07,0.00017049846
L-BFGS-B,3439,2.2749373e-07,0.005681429,5.301826e-07,0.00017046573
L-BFGS-B,3440,2.2748854e-07,0.0056823464,5.29778e-07,0.00017041345
L-BFGS-B,3441,2.2695649e-07,0.00567876,5.3004715e-07,0.00017033814
L-BFGS-B,3442,2.2613385e-07,0.0056675505,5.3124717e-07,0.00017028266
L-BFGS-B,3443,2.2520405e-07,0.0056522773,5.326879e-07,0.00017020656
L-BFGS-B,3444,2.248073e-07,0.005648239,5.3284816e-07,0.0001701307
L-BFGS-B,3445,2.250531e-07,0.005651627,5.317285e-07,0.00017003351
L-BFGS-B,3446,2.2562179e-07,0.0056615463,5.297238e-07,0.0001699173
L-BFGS-B,3447,2.2825058e-07,0.0057829246,5.305263e-07,0.00017164578
L-BFGS-B,3448,2.2546804e-07,0.0056626983,5.296113e-07,0.0001698889
L-BFGS-B,3449,2.4022458e-07,0.005957261,5.121315e-07,0.00017242602
L-BFGS-B,3450,2.2720087e-07,0.0056888103,5.254146e-07,0.00016978041
L-BFGS-B,3451,2.2717026e-07,0.00568701,5.2479925e-07,0.00016966552
L-BFGS-B,3452,2.2737505e-07,0.0056841453,5.242437e-07,0.00016958427
L-BFGS-B,3453,2.2720238e-07,0.0056696096,5.24706e-07,0.00016948234
L-BFGS-B,3454,2.2690844e-07,0.005659852,5.252206e-07,0.00016941788
L-BFGS-B,3455,2.2630266e-07,0.0056510814,5.2608743e-07,0.00016936933
L-BFGS-B,3456,2.2610675e-07,0.0056470693,5.2634437e-07,0.00016933837
L-BFGS-B,3457,2.2533123e-07,0.005654814,5.2650967e-07,0.00016932428
L-BFGS-B,3458,2.2545044e-07,0.005649047,5.26463e-07,0.00016927748
L-BFGS-B,3459,2.257798e-07,0.0056510195,5.258982e-07,0.0001692619
L-BFGS-B,3460,2.2570255e-07,0.005647886,5.2596727e-07,0.00016922934
L-BFGS-B,3461,2.2779993e-07,0.0056835236,5.21862e-07,0.00016928453
L-BFGS-B,3462,2.2632278e-07,0.0056574764,5.245975e-07,0.00016921281
L-BFGS-B,3463,2.2596801e-07,0.0056513166,5.251241e-07,0.00016917699
L-BFGS-B,3464,2.250326e-07,0.0056394967,5.261495e-07,0.00016907229
L-BFGS-B,3465,2.2183197e-07,0.0055474467,5.3616856e-07,0.00016917454
L-BFGS-B,3466,2.2352111e-07,0.005597185,5.2993954e-07,0.00016899094
L-BFGS-B,3467,2.2151993e-07,0.0055849794,5.3298885e-07,0.00016902611
L-BFGS-B,3468,2.2248899e-07,0.0055876984,5.312245e-07,0.000168934
L-BFGS-B,3469,2.2182519e-07,0.0055747237,5.321483e-07,0.00016884325
L-BFGS-B,3470,2.2087947e-07,0.0055418243,5.344796e-07,0.00016872211
L-BFGS-B,3471,2.2115167e-07,0.0055392357,5.340454e-07,0.00016867192
L-BFGS-B,3472,2.2136872e-07,0.0055359285,5.338932e-07,0.00016864858
L-BFGS-B,3473,2.2293351e-07,0.005529635,5.3320656e-07,0.00016871735
L-BFGS-B,3474,2.2186097e-07,0.005528671,5.3346133e-07,0.00016858504
L-BFGS-B,3475,2.2162118e-07,0.005524028,5.337541e-07,0.00016854657
L-BFGS-B,3476,2.2186981e-07,0.0055301054,5.3277455e-07,0.0001684977
L-BFGS-B,3477,2.2236743e-07,0.00554113,5.313019e-07,0.0001684617
L-BFGS-B,3478,2.2268422e-07,0.005555628,5.2985075e-07,0.00016843653
L-BFGS-B,3479,2.2090849e-07,0.005554256,5.3205025e-07,0.00016848637
L-BFGS-B,3480,2.2196568e-07,0.005552657,5.305892e-07,0.00016840981
L-BFGS-B,3481,2.220801e-07,0.005555586,5.301288e-07,0.0001683872
L-BFGS-B,3482,2.2190517e-07,0.0055553834,5.3016925e-07,0.00016836499
L-BFGS-B,3483,2.2187834e-07,0.0055558276,5.300594e-07,0.00016834894
L-BFGS-B,3484,2.2175688e-07,0.0055539142,5.301222e-07,0.000168321
L-BFGS-B,3485,2.2174977e-07,0.005554195,5.30029e-07,0.00016830876
L-BFGS-B,3486,2.2159391e-07,0.0055477736,5.304722e-07,0.00016828765
L-BFGS-B,3487,2.2160101e-07,0.005542643,5.3067237e-07,0.00016826743
L-BFGS-B,3488,2.2167728e-07,0.0055382303,5.3078105e-07,0.00016825105
L-BFGS-B,3489,2.218731e-07,0.005537397,5.305313e-07,0.00016823463
L-BFGS-B,3490,2.227984e-07,0.005536817,5.3334674e-07,0.00016878993
L-BFGS-B,3491,2.2184824e-07,0.0055320365,5.308332e-07,0.00016822258
L-BFGS-B,3492,2.2212812e-07,0.0055383565,5.299571e-07,0.00016819635
L-BFGS-B,3493,2.2282546e-07,0.0055557415,5.276783e-07,0.00016813297
L-BFGS-B,3494,2.2301472e-07,0.005560342,5.2693656e-07,0.0001680961
L-BFGS-B,3495,2.225873e-07,0.0055548605,5.274132e-07,0.00016804869
L-BFGS-B,3496,2.2268941e-07,0.005555494,5.270012e-07,0.00016800853
L-BFGS-B,3497,2.2222964e-07,0.0055447393,5.278915e-07,0.00016796557
L-BFGS-B,3498,2.222389e-07,0.005541462,5.279123e-07,0.0001679373
L-BFGS-B,3499,2.2219903e-07,0.0055363616,5.280372e-07,0.00016789905
L-BFGS-B,3500,2.2245433e-07,0.0055358517,5.274768e-07,0.0001678482
L-BFGS-B,3501,2.2225e-07,0.005530408,5.2753904e-07,0.00016777244
L-BFGS-B,3502,2.2180652e-07,0.005520561,5.283011e-07,0.00016772175
L-BFGS-B,3503,2.2030079e-07,0.0055249487,5.2984785e-07,0.00016777178
L-BFGS-B,3504,2.2108676e-07,0.005519173,5.288406e-07,0.00016768085
L-BFGS-B,3505,2.2055114e-07,0.005517806,5.293027e-07,0.00016765614
L-BFGS-B,3506,2.1997317e-07,0.005509972,5.303061e-07,0.00016764161
L-BFGS-B,3507,2.2010282e-07,0.0055125314,5.299549e-07,0.00016763396
L-BFGS-B,3508,2.2017927e-07,0.005513985,5.296865e-07,0.00016761971
L-BFGS-B,3509,2.2011086e-07,0.0055106464,5.297501e-07,0.00016758562
L-BFGS-B,3510,2.2060927e-07,0.005524123,5.281972e-07,0.00016756219
L-BFGS-B,3511,2.1988834e-07,0.0055034524,5.2989543e-07,0.00016750209
L-BFGS-B,3512,2.195999e-07,0.005494106,5.305401e-07,0.00016746206
L-BFGS-B,3513,2.191724e-07,0.005480853,5.314324e-07,0.00016739924
L-BFGS-B,3514,2.1954826e-07,0.0054720864,5.315143e-07,0.00016738023
L-BFGS-B,3515,2.190819e-07,0.0054684943,5.3162006e-07,0.00016729024
L-BFGS-B,3516,2.1911184e-07,0.00546691,5.3139433e-07,0.00016724503
L-BFGS-B,3517,2.1833407e-07,0.005432742,5.335223e-07,0.00016710587
L-BFGS-B,3518,2.2235298e-07,0.0055039213,5.2653365e-07,0.0001673722
L-BFGS-B,3519,2.1950326e-07,0.005450091,5.305956e-07,0.00016701574
L-BFGS-B,3520,2.184474e-07,0.005448724,5.3577156e-07,0.00016762008
L-BFGS-B,3521,2.1901577e-07,0.0054417993,5.314629e-07,0.00016698979
L-BFGS-B,3522,2.1818467e-07,0.0054062307,5.334507e-07,0.00016680761
L-BFGS-B,3523,2.1698061e-07,0.0053986725,5.3488736e-07,0.00016676693
L-BFGS-B,3524,2.1745035e-07,0.005388315,5.34137e-07,0.00016662125
L-BFGS-B,3525,2.1759196e-07,0.005392173,5.3328864e-07,0.00016655383
L-BFGS-B,3526,2.1747556e-07,0.0053934045,5.328687e-07,0.00016648567
L-BFGS-B,3527,2.1774105e-07,0.0053990907,5.316599e-07,0.00016640103
L-BFGS-B,3528,2.1648819e-07,0.005380839,5.339715e-07,0.00016637734
L-BFGS-B,3529,2.1692533e-07,0.0053856536,5.328808e-07,0.00016632746
L-BFGS-B,3530,2.1699195e-07,0.005385267,5.3243537e-07,0.00016626676
L-BFGS-B,3531,2.193996e-07,0.00537717,5.3550656e-07,0.00016700762
L-BFGS-B,3532,2.171495e-07,0.005379765,5.325526e-07,0.00016625295
L-BFGS-B,3533,2.1674124e-07,0.0053704362,5.3309424e-07,0.00016617967
L-BFGS-B,3534,2.158835e-07,0.005348924,5.34775e-07,0.00016608802
L-BFGS-B,3535,2.1836111e-07,0.0053452407,5.3671295e-07,0.00016671352
L-BFGS-B,3536,2.160465e-07,0.0053407727,5.349829e-07,0.00016606215
L-BFGS-B,3537,2.1500767e-07,0.00531439,5.3727564e-07,0.00016598639
L-BFGS-B,3538,2.1412741e-07,0.0052915867,5.3927084e-07,0.0001659256
L-BFGS-B,3539,2.1305836e-07,0.0052682087,5.4160824e-07,0.00016588208
L-BFGS-B,3540,2.1288497e-07,0.0052660005,5.4151894e-07,0.00016582059
L-BFGS-B,3541,2.1269027e-07,0.005269148,5.4116197e-07,0.0001657693
L-BFGS-B,3542,2.1261965e-07,0.0052697575,5.410992e-07,0.0001657554
L-BFGS-B,3543,2.1264312e-07,0.005270038,5.409587e-07,0.00016574065
L-BFGS-B,3544,2.1265389e-07,0.0052604144,5.416527e-07,0.00016575013
L-BFGS-B,3545,2.1263456e-07,0.0052660094,5.41198e-07,0.00016573496
L-BFGS-B,3546,2.4655776e-07,0.006531896,5.376768e-07,0.00018295413
L-BFGS-B,3547,2.1321905e-07,0.0052814404,5.394624e-07,0.00016571663
L-BFGS-B,3548,2.1313195e-07,0.0052777375,5.3962856e-07,0.00016569145
L-BFGS-B,3549,2.1300744e-07,0.005272822,5.397253e-07,0.00016563814
L-BFGS-B,3550,2.1307832e-07,0.005277773,5.3896093e-07,0.00016558362
L-BFGS-B,3551,2.1419051e-07,0.0052953674,5.372859e-07,0.00016567514
L-BFGS-B,3552,2.1336892e-07,0.0052807033,5.383053e-07,0.00016555816
L-BFGS-B,3553,2.132603e-07,0.00528595,5.37788e-07,0.00016551674
L-BFGS-B,3554,2.1293206e-07,0.005293217,5.372803e-07,0.00016546402
L-BFGS-B,3555,2.1281714e-07,0.0052987295,5.367946e-07,0.00016542905
L-BFGS-B,3556,2.1251421e-07,0.00530346,5.3658727e-07,0.00016539983
L-BFGS-B,3557,2.1238822e-07,0.0052989847,5.368374e-07,0.00016537368
L-BFGS-B,3558,2.122119e-07,0.005292761,5.3732145e-07,0.0001653576
L-BFGS-B,3559,2.1207775e-07,0.005289686,5.3761187e-07,0.0001653503
L-BFGS-B,3560,2.1158222e-07,0.0052848146,5.3827824e-07,0.00016532722
L-BFGS-B,3561,2.1140639e-07,0.0052751605,5.388866e-07,0.00016529555
L-BFGS-B,3562,2.118097e-07,0.005279073,5.380841e-07,0.0001652748
L-BFGS-B,3563,2.1199673e-07,0.00528638,5.373559e-07,0.0001652667
L-BFGS-B,3564,2.1238499e-07,0.0052949563,5.363253e-07,0.0001652561
L-BFGS-B,3565,2.1194997e-07,0.0052800733,5.3774613e-07,0.00016525514
L-BFGS-B,3566,2.1214294e-07,0.0052868584,5.370435e-07,0.00016524654
L-BFGS-B,3567,2.1202051e-07,0.0052858773,5.371697e-07,0.0001652373
L-BFGS-B,3568,2.116666e-07,0.0052835234,5.3753655e-07,0.0001652157
L-BFGS-B,3569,2.115884e-07,0.0052846824,5.374601e-07,0.0001652041
L-BFGS-B,3570,2.1155451e-07,0.0052831494,5.3762244e-07,0.00016520804
L-BFGS-B,3571,2.1155985e-07,0.0052834605,5.3752166e-07,0.00016519683
L-BFGS-B,3572,2.1146592e-07,0.0052842773,5.3745816e-07,0.00016518138
L-BFGS-B,3573,2.1129081e-07,0.0052822665,5.3765444e-07,0.00016516446
L-BFGS-B,3574,2.1139175e-07,0.0052744197,5.378407e-07,0.00016512907
L-BFGS-B,3575,2.1087294e-07,0.0052651013,5.3882303e-07,0.00016510542
L-BFGS-B,3576,2.1060539e-07,0.0052631143,5.391422e-07,0.00016509328
L-BFGS-B,3577,2.1656591e-07,0.005453053,5.364259e-07,0.0001674793
L-BFGS-B,3578,2.1067788e-07,0.0052661304,5.388389e-07,0.00016508882
L-BFGS-B,3579,2.1080086e-07,0.0052698497,5.383025e-07,0.000165064
L-BFGS-B,3580,2.110972e-07,0.005276568,5.3736505e-07,0.00016503502
L-BFGS-B,3581,2.1118133e-07,0.0052767084,5.370376e-07,0.00016499992
L-BFGS-B,3582,2.1145297e-07,0.0052788756,5.363644e-07,0.00016496136
L-BFGS-B,3583,2.1156472e-07,0.0052786283,5.360924e-07,0.00016493484
L-BFGS-B,3584,2.1035326e-07,0.00529281,5.401103e-07,0.00016549762
L-BFGS-B,3585,2.1141581e-07,0.005277409,5.362995e-07,0.00016493139
L-BFGS-B,3586,2.1231368e-07,0.0052970555,5.347522e-07,0.00016503043
L-BFGS-B,3587,2.1161478e-07,0.0052815024,5.356799e-07,0.00016490922
L-BFGS-B,3588,2.1152368e-07,0.0052796896,5.357678e-07,0.00016489062
L-BFGS-B,3589,2.1126071e-07,0.0052749137,5.3618703e-07,0.0001648663
L-BFGS-B,3590,2.1106771e-07,0.0052725025,5.363578e-07,0.00016483886
L-BFGS-B,3591,2.1100169e-07,0.0052702446,5.3625814e-07,0.00016479142
L-BFGS-B,3592,2.1097449e-07,0.005282458,5.352844e-07,0.00016476342
L-BFGS-B,3593,2.1093646e-07,0.005281182,5.352856e-07,0.00016474513
L-BFGS-B,3594,2.1088624e-07,0.0052737184,5.356836e-07,0.00016472266
L-BFGS-B,3595,2.104093e-07,0.0052575623,5.371292e-07,0.0001647064
L-BFGS-B,3596,2.1046456e-07,0.0052529518,5.3726416e-07,0.00016468883
L-BFGS-B,3597,2.1033216e-07,0.005256352,5.370851e-07,0.00016467611
L-BFGS-B,3598,2.1021984e-07,0.0052583953,5.3699114e-07,0.0001646656
L-BFGS-B,3599,2.1213035e-07,0.005350016,5.346066e-07,0.0001655107
L-BFGS-B,3600,2.1029349e-07,0.005261311,5.366836e-07,0.00016465966
L-BFGS-B,3601,2.0997618e-07,0.005260276,5.369401e-07,0.0001646402
L-BFGS-B,3602,2.0969156e-07,0.0052557667,5.3736824e-07,0.00016461663
L-BFGS-B,3603,2.125294e-07,0.0053704814,5.3058824e-07,0.00016517246
L-BFGS-B,3604,2.0994436e-07,0.005265822,5.363663e-07,0.00016460482
L-BFGS-B,3605,2.0925413e-07,0.0052513834,5.3748556e-07,0.00016452478
L-BFGS-B,3606,2.0915213e-07,0.0052494463,5.370527e-07,0.00016442519
L-BFGS-B,3607,2.078401e-07,0.005226576,5.3912413e-07,0.00016431039
L-BFGS-B,3608,2.0972928e-07,0.00525137,5.35422e-07,0.00016428638
L-BFGS-B,3609,2.0882513e-07,0.0052392255,5.367874e-07,0.00016423414
L-BFGS-B,3610,2.0858509e-07,0.005234057,5.372848e-07,0.00016422104
L-BFGS-B,3611,2.0832415e-07,0.005229789,5.3765746e-07,0.00016419514
L-BFGS-B,3612,2.0817349e-07,0.005225342,5.3793644e-07,0.0001641699
L-BFGS-B,3613,2.0827157e-07,0.005225238,5.375999e-07,0.00016413309
L-BFGS-B,3614,2.0821518e-07,0.005224574,5.3745623e-07,0.00016409645
L-BFGS-B,3615,2.0848559e-07,0.0052264715,5.36734e-07,0.00016404764
L-BFGS-B,3616,2.0857343e-07,0.005226723,5.36115e-07,0.00016397049
L-BFGS-B,3617,2.0897767e-07,0.0052232337,5.3556965e-07,0.00016391443
L-BFGS-B,3618,2.111558e-07,0.0052729524,5.3654765e-07,0.00016488504
L-BFGS-B,3619,2.0899962e-07,0.005223056,5.35461e-07,0.00016389965
L-BFGS-B,3620,2.0886591e-07,0.005238629,5.355637e-07,0.00016405073
L-BFGS-B,3621,2.0888413e-07,0.005224642,5.353513e-07,0.00016388175
L-BFGS-B,3622,2.087878e-07,0.005221063,5.3544284e-07,0.00016384522
L-BFGS-B,3623,2.0879388e-07,0.005214216,5.3538787e-07,0.00016376942
L-BFGS-B,3624,2.0914602e-07,0.005218874,5.344117e-07,0.0001637224
L-BFGS-B,3625,2.0995277e-07,0.005228434,5.32605e-07,0.00016366801
L-BFGS-B,3626,2.1036702e-07,0.0052395286,5.312572e-07,0.0001636389
L-BFGS-B,3627,2.1088083e-07,0.0052411715,5.3046244e-07,0.00016361321
L-BFGS-B,3628,2.1096311e-07,0.0052444427,5.299395e-07,0.00016357983
L-BFGS-B,3629,2.1079472e-07,0.0052444316,5.299152e-07,0.00016355081
L-BFGS-B,3630,2.1048213e-07,0.005233091,5.308733e-07,0.00016353422
L-BFGS-B,3631,2.1048176e-07,0.005231294,5.3092884e-07,0.00016352453
L-BFGS-B,3632,2.1031273e-07,0.00523012,5.3112893e-07,0.00016351746
L-BFGS-B,3633,2.1015225e-07,0.0052283006,5.3135943e-07,0.00016350977
L-BFGS-B,3634,2.1261926e-07,0.0052747577,5.325064e-07,0.00016451642
L-BFGS-B,3635,2.101648e-07,0.005227823,5.313583e-07,0.00016350669
L-BFGS-B,3636,2.0990593e-07,0.005226023,5.316335e-07,0.00016349115
L-BFGS-B,3637,2.0968594e-07,0.0052251336,5.3178417e-07,0.00016347185
L-BFGS-B,3638,2.0955403e-07,0.00522526,5.31771e-07,0.00016345135
L-BFGS-B,3639,2.09555e-07,0.0052260403,5.315486e-07,0.00016342595
L-BFGS-B,3640,2.0963662e-07,0.005229828,5.310359e-07,0.00016339915
L-BFGS-B,3641,2.0996087e-07,0.0052307784,5.304473e-07,0.00016336903
L-BFGS-B,3642,2.1012266e-07,0.005230257,5.301278e-07,0.00016334014
L-BFGS-B,3643,2.1008158e-07,0.0052246875,5.303227e-07,0.00016330752
L-BFGS-B,3644,2.1006875e-07,0.0052185343,5.308189e-07,0.00016331849
L-BFGS-B,3645,2.1004412e-07,0.0052207704,5.304651e-07,0.00016328409
L-BFGS-B,3646,2.0916958e-07,0.00520697,5.3195686e-07,0.00016323867
L-BFGS-B,3647,2.0807167e-07,0.005191515,5.337988e-07,0.00016319571
L-BFGS-B,3648,2.0714052e-07,0.005179947,5.352866e-07,0.00016316352
L-BFGS-B,3649,2.0684095e-07,0.0051865256,5.350939e-07,0.00016315548
L-BFGS-B,3650,2.0417124e-07,0.0051955446,5.423543e-07,0.00016393428
L-BFGS-B,3651,2.062287e-07,0.0051809214,5.3591486e-07,0.00016313075
L-BFGS-B,3652,2.0653997e-07,0.0051794276,5.353897e-07,0.00016308372
L-BFGS-B,3653,2.072266e-07,0.0051814606,5.3381876e-07,0.00016297141
L-BFGS-B,3654,2.0800671e-07,0.0051897503,5.3228086e-07,0.00016294065
L-BFGS-B,3655,2.0813562e-07,0.005198168,5.3072165e-07,0.00016281026
L-BFGS-B,3656,2.068455e-07,0.0051446934,5.3646943e-07,0.00016294417
L-BFGS-B,3657,2.0738399e-07,0.005171136,5.326942e-07,0.00016272308
L-BFGS-B,3658,2.0676863e-07,0.0051496583,5.3398037e-07,0.00016260892
L-BFGS-B,3659,2.0498683e-07,0.00509615,5.3789364e-07,0.00016239358
L-BFGS-B,3660,2.0445387e-07,0.0051035006,5.367986e-07,0.00016222287
L-BFGS-B,3661,2.031315e-07,0.005070337,5.385625e-07,0.00016195746
L-BFGS-B,3662,2.014795e-07,0.0050344286,5.427832e-07,0.00016198368
L-BFGS-B,3663,2.0217067e-07,0.0050441558,5.404291e-07,0.00016183151
L-BFGS-B,3664,2.0052431e-07,0.005074926,5.4817764e-07,0.00016305456
L-BFGS-B,3665,2.0138886e-07,0.00502301,5.419379e-07,0.00016172911
L-BFGS-B,3666,2.0122907e-07,0.0050192834,5.420577e-07,0.00016168586
L-BFGS-B,3667,2.0184923e-07,0.0050175497,5.4115765e-07,0.00016162652
L-BFGS-B,3668,2.0198165e-07,0.0050213696,5.405296e-07,0.00016159037
L-BFGS-B,3669,2.0239194e-07,0.0050236247,5.393423e-07,0.00016149638
L-BFGS-B,3670,2.0300212e-07,0.0050213733,5.3827847e-07,0.00016140581
L-BFGS-B,3671,2.0265634e-07,0.0050091147,5.38889e-07,0.00016132295
L-BFGS-B,3672,2.0350934e-07,0.0050053187,5.3764563e-07,0.00016122643
L-BFGS-B,3673,2.0413394e-07,0.005003835,5.3651496e-07,0.00016113569
L-BFGS-B,3674,2.0456943e-07,0.005002315,5.357783e-07,0.00016107532
L-BFGS-B,3675,2.0450652e-07,0.0050012213,5.3567226e-07,0.00016103903
L-BFGS-B,3676,2.044183e-07,0.0049941014,5.3607005e-07,0.00016101426
L-BFGS-B,3677,2.0432448e-07,0.0049912026,5.362263e-07,0.00016099465
L-BFGS-B,3678,2.0428311e-07,0.0049881004,5.3630646e-07,0.00016096944
L-BFGS-B,3679,2.0434828e-07,0.0049888124,5.3602025e-07,0.0001609434
L-BFGS-B,3680,2.0445155e-07,0.004986587,5.356985e-07,0.00016088839
L-BFGS-B,3681,2.0461663e-07,0.0049851807,5.3512485e-07,0.00016081303
L-BFGS-B,3682,2.0503823e-07,0.0049929484,5.3356274e-07,0.00016071963
L-BFGS-B,3683,2.0510915e-07,0.005001069,5.323894e-07,0.00016063548
L-BFGS-B,3684,2.053876e-07,0.0050141956,5.308696e-07,0.00016058053
L-BFGS-B,3685,2.0560023e-07,0.0050185528,5.300475e-07,0.00016053268
L-BFGS-B,3686,2.058147e-07,0.0050202473,5.2945234e-07,0.00016049252
L-BFGS-B,3687,2.0601756e-07,0.0050201183,5.2905057e-07,0.00016046141
L-BFGS-B,3688,2.0629084e-07,0.0050218557,5.284904e-07,0.00016043574
L-BFGS-B,3689,2.0630338e-07,0.0050236452,5.281813e-07,0.00016040917
L-BFGS-B,3690,2.0696034e-07,0.005033765,5.2663796e-07,0.0001603774
L-BFGS-B,3691,2.0666532e-07,0.0050381203,5.266065e-07,0.00016037199
L-BFGS-B,3692,2.0677916e-07,0.005039658,5.2609124e-07,0.00016032714
L-BFGS-B,3693,2.0677327e-07,0.005048075,5.25327e-07,0.00016029578
L-BFGS-B,3694,2.0685431e-07,0.005051885,5.2483097e-07,0.00016027165
L-BFGS-B,3695,2.0708504e-07,0.0050691324,5.233574e-07,0.00016025768
L-BFGS-B,3696,2.0682346e-07,0.0050634793,5.238467e-07,0.00016023533
L-BFGS-B,3697,2.067674e-07,0.005059623,5.240162e-07,0.00016021376
L-BFGS-B,3698,2.0686198e-07,0.005055418,5.239854e-07,0.00016018128
L-BFGS-B,3699,2.064377e-07,0.005046391,5.2488815e-07,0.00016016279
L-BFGS-B,3700,2.071409e-07,0.005052873,5.2343114e-07,0.00016011453
L-BFGS-B,3701,2.0644077e-07,0.005039005,5.2479885e-07,0.00016007599
L-BFGS-B,3702,2.0643833e-07,0.0050373287,5.246107e-07,0.00016003064
L-BFGS-B,3703,2.0607052e-07,0.005033667,5.246894e-07,0.00015995066
L-BFGS-B,3704,2.0390196e-07,0.0049994783,5.2931085e-07,0.00015997671
L-BFGS-B,3705,2.0506884e-07,0.0050168773,5.2654855e-07,0.00015991137
L-BFGS-B,3706,2.0533516e-07,0.005013908,5.255945e-07,0.00015977852
L-BFGS-B,3707,2.0540477e-07,0.0050062044,5.2541594e-07,0.00015968515
L-BFGS-B,3708,2.052725e-07,0.0050001848,5.254587e-07,0.00015961152
L-BFGS-B,3709,2.0546521e-07,0.00501049,5.244499e-07,0.00015959216
L-BFGS-B,3710,2.0485116e-07,0.0049976236,5.254789e-07,0.00015952575
L-BFGS-B,3711,2.0433582e-07,0.0049869567,5.265203e-07,0.00015949798
L-BFGS-B,3712,2.0387085e-07,0.0049792714,5.2718497e-07,0.00015945108
L-BFGS-B,3713,2.0364018e-07,0.004973181,5.2758173e-07,0.0001594151
L-BFGS-B,3714,2.0379265e-07,0.004974757,5.2702916e-07,0.00015937083
L-BFGS-B,3715,2.0397637e-07,0.0049668415,5.2705246e-07,0.00015932275
L-BFGS-B,3716,2.044088e-07,0.0049810484,5.2552906e-07,0.00015930115
L-BFGS-B,3717,2.0423386e-07,0.004974878,5.2594186e-07,0.00015927514
L-BFGS-B,3718,2.041712e-07,0.004973806,5.260091e-07,0.0001592651
L-BFGS-B,3719,2.0402595e-07,0.0049711755,5.262365e-07,0.00015925113
L-BFGS-B,3720,2.0394945e-07,0.0049701915,5.2630327e-07,0.00015923983
L-BFGS-B,3721,2.0223408e-07,0.0049542715,5.3766786e-07,0.000160528
L-BFGS-B,3722,2.0380135e-07,0.004967276,5.2662926e-07,0.00015923734
L-BFGS-B,3723,2.039441e-07,0.0049680867,5.262256e-07,0.00015920633
L-BFGS-B,3724,2.0399503e-07,0.0049682637,5.26032e-07,0.00015918669
L-BFGS-B,3725,2.0392639e-07,0.0049658585,5.260873e-07,0.00015916064
L-BFGS-B,3726,2.0353828e-07,0.0049588815,5.267925e-07,0.00015913844
L-BFGS-B,3727,2.0329979e-07,0.004953983,5.272354e-07,0.0001591201
L-BFGS-B,3728,2.0294031e-07,0.0049470225,5.2797645e-07,0.00015910775
L-BFGS-B,3729,2.0276181e-07,0.00494323,5.283402e-07,0.0001590976
L-BFGS-B,3730,2.026995e-07,0.0049403654,5.2851425e-07,0.00015908573
L-BFGS-B,3731,2.0290808e-07,0.0049410365,5.2815335e-07,0.00015906958
L-BFGS-B,3732,2.0308687e-07,0.0049397377,5.2795303e-07,0.00015905336
L-BFGS-B,3733,2.0335021e-07,0.0049400716,5.2753336e-07,0.00015903325
L-BFGS-B,3734,2.0365395e-07,0.0049394174,5.27044e-07,0.00015899887
L-BFGS-B,3735,2.0366925e-07,0.004928518,5.273704e-07,0.00015894111
L-BFGS-B,3736,2.0521252e-07,0.004955089,5.242147e-07,0.00015896498
L-BFGS-B,3737,2.0427267e-07,0.0049381894,5.2583476e-07,0.00015889801
L-BFGS-B,3738,2.037453e-07,0.0049175103,5.270917e-07,0.00015880066
L-BFGS-B,3739,2.0240324e-07,0.0048840903,5.300619e-07,0.00015871067
L-BFGS-B,3740,2.0237775e-07,0.0048865653,5.2945876e-07,0.00015864114
L-BFGS-B,3741,2.0241592e-07,0.0048887483,5.28977e-07,0.00015859642
L-BFGS-B,3742,2.0214277e-07,0.004886074,5.2913236e-07,0.00015855202
L-BFGS-B,3743,2.0168277e-07,0.0048790406,5.2982836e-07,0.00015851707
L-BFGS-B,3744,2.0128219e-07,0.0048696045,5.305822e-07,0.00015847571
L-BFGS-B,3745,2.0030669e-07,0.0048583485,5.3208726e-07,0.00015844256
L-BFGS-B,3746,2.0023708e-07,0.00485688,5.3195186e-07,0.00015839713
L-BFGS-B,3747,2.0002257e-07,0.004858193,5.316751e-07,0.00015833658
L-BFGS-B,3748,1.9973272e-07,0.004872653,5.3030266e-07,0.00015823184
L-BFGS-B,3749,2.0007384e-07,0.004886045,5.2865744e-07,0.00015817015
L-BFGS-B,3750,2.0120551e-07,0.0049123117,5.2548467e-07,0.00015812664
L-BFGS-B,3751,2.4822873e-07,0.007911585,5.546377e-07,0.00019954582
L-BFGS-B,3752,2.027543e-07,0.004955785,5.219918e-07,0.00015826976
L-BFGS-B,3753,2.0155076e-07,0.00492181,5.2435234e-07,0.00015810356
L-BFGS-B,3754,2.0114376e-07,0.0049199276,5.242639e-07,0.00015801043
L-BFGS-B,3755,2.010636e-07,0.0049145515,5.239457e-07,0.00015789691
L-BFGS-B,3756,2.0103862e-07,0.0049094423,5.2340937e-07,0.00015776162
L-BFGS-B,3757,2.0097403e-07,0.004910969,5.228914e-07,0.0001576895
L-BFGS-B,3758,2.0108946e-07,0.004913917,5.222051e-07,0.00015763335
L-BFGS-B,3759,2.0133658e-07,0.0049187895,5.212581e-07,0.0001575771
L-BFGS-B,3760,2.0275112e-07,0.004924137,5.196192e-07,0.00015759692
L-BFGS-B,3761,2.0190018e-07,0.0049190023,5.2046016e-07,0.00015754407
L-BFGS-B,3762,2.0197743e-07,0.00492259,5.1985523e-07,0.0001575008
L-BFGS-B,3763,2.0187464e-07,0.004927405,5.1933205e-07,0.00015745506
L-BFGS-B,3764,2.0167883e-07,0.004928348,5.1928413e-07,0.00015742792
L-BFGS-B,3765,2.0189232e-07,0.0049380753,5.1831125e-07,0.00015741128
L-BFGS-B,3766,2.0148042e-07,0.0050627114,5.3111773e-07,0.00016051684
L-BFGS-B,3767,2.016001e-07,0.0049340227,5.188041e-07,0.00015740085
L-BFGS-B,3768,2.0142144e-07,0.0049303016,5.1907864e-07,0.00015737803
L-BFGS-B,3769,2.0125294e-07,0.004927112,5.192102e-07,0.00015734058
L-BFGS-B,3770,2.01346e-07,0.0049284557,5.189195e-07,0.00015732438
L-BFGS-B,3771,2.0165419e-07,0.0049334625,5.1808064e-07,0.00015729485
L-BFGS-B,3772,2.0228556e-07,0.004939348,5.169621e-07,0.00015728062
L-BFGS-B,3773,2.0454686e-07,0.00502918,5.1139637e-07,0.00015768327
L-BFGS-B,3774,2.0260954e-07,0.0049524084,5.1560676e-07,0.00015725652
L-BFGS-B,3775,2.02364e-07,0.0049459036,5.1609425e-07,0.00015722777
L-BFGS-B,3776,2.0137932e-07,0.004937789,5.1766267e-07,0.00015723419
L-BFGS-B,3777,2.0187953e-07,0.0049411897,5.167913e-07,0.00015721252
L-BFGS-B,3778,2.0183005e-07,0.004933687,5.171712e-07,0.00015718705
L-BFGS-B,3779,2.0172372e-07,0.00493213,5.1728216e-07,0.00015717218
L-BFGS-B,3780,2.0149636e-07,0.0049271677,5.1763385e-07,0.00015714121
L-BFGS-B,3781,2.0128228e-07,0.00492023,5.181752e-07,0.00015712093
L-BFGS-B,3782,2.0101244e-07,0.0049071126,5.190915e-07,0.00015708672
L-BFGS-B,3783,2.0085949e-07,0.004898617,5.1965674e-07,0.00015706361
L-BFGS-B,3784,2.0437349e-07,0.0050016064,5.1681917e-07,0.00015819498
L-BFGS-B,3785,2.009954e-07,0.0049026324,5.191396e-07,0.00015704657
L-BFGS-B,3786,2.0113796e-07,0.004902926,5.188219e-07,0.00015702323
L-BFGS-B,3787,2.0152038e-07,0.004911297,5.174989e-07,0.00015696586
L-BFGS-B,3788,2.0162395e-07,0.004914633,5.1694656e-07,0.0001569319
L-BFGS-B,3789,2.0159082e-07,0.0049175518,5.163606e-07,0.00015686822
L-BFGS-B,3790,2.0362732e-07,0.004973589,5.118655e-07,0.00015705981
L-BFGS-B,3791,2.0191986e-07,0.004926459,5.153483e-07,0.0001568548
L-BFGS-B,3792,2.0150242e-07,0.00492053,5.1593054e-07,0.00015682024
L-BFGS-B,3793,2.0120223e-07,0.004913621,5.16431e-07,0.0001567812
L-BFGS-B,3794,2.0084363e-07,0.0049042185,5.1721e-07,0.00015675023
L-BFGS-B,3795,2.0064577e-07,0.0048987777,5.175976e-07,0.00015672427
L-BFGS-B,3796,2.00612e-07,0.0048997793,5.1724066e-07,0.0001566757
L-BFGS-B,3797,2.005891e-07,0.0048964783,5.171372e-07,0.00015662373
L-BFGS-B,3798,2.0126076e-07,0.0049201096,5.146643e-07,0.00015658984
L-BFGS-B,3799,2.0094052e-07,0.0049105086,5.1543674e-07,0.00015656167
L-BFGS-B,3800,2.0063197e-07,0.004901744,5.1616894e-07,0.00015653757
L-BFGS-B,3801,2.0062124e-07,0.0048969104,5.1647174e-07,0.00015653305
L-BFGS-B,3802,2.0064479e-07,0.00490054,5.161139e-07,0.0001565192
L-BFGS-B,3803,2.0087214e-07,0.0049052727,5.1532834e-07,0.0001564828
L-BFGS-B,3804,2.0075349e-07,0.0048996042,5.1525086e-07,0.0001563967
L-BFGS-B,3805,2.0381509e-07,0.0049304045,5.1236583e-07,0.00015673118
L-BFGS-B,3806,2.0117201e-07,0.0049013174,5.1460097e-07,0.00015637913
L-BFGS-B,3807,2.0096576e-07,0.0048855445,5.1544816e-07,0.00015631753
L-BFGS-B,3808,2.0070053e-07,0.0048686555,5.166301e-07,0.00015628614
L-BFGS-B,3809,2.0068605e-07,0.004861853,5.1699493e-07,0.00015627067
L-BFGS-B,3810,2.0064435e-07,0.0048593082,5.1711044e-07,0.00015625631
L-BFGS-B,3811,2.006775e-07,0.0048602093,5.1684026e-07,0.00015622975
L-BFGS-B,3812,2.0066636e-07,0.0048625,5.1660567e-07,0.0001562158
L-BFGS-B,3813,2.0055451e-07,0.004863033,5.166069e-07,0.00015620454
L-BFGS-B,3814,2.0040606e-07,0.004862357,5.1675323e-07,0.00015619746
L-BFGS-B,3815,2.0030193e-07,0.004861392,5.168907e-07,0.00015619281
L-BFGS-B,3816,2.0023288e-07,0.0048605297,5.169837e-07,0.00015618777
L-BFGS-B,3817,2.0018496e-07,0.0048601055,5.170066e-07,0.0001561798
L-BFGS-B,3818,2.0013223e-07,0.0048605087,5.169615e-07,0.00015616915
L-BFGS-B,3819,2.0144427e-07,0.004876945,5.1507755e-07,0.00015624773
L-BFGS-B,3820,2.0031504e-07,0.0048625185,5.1662425e-07,0.00015616609
L-BFGS-B,3821,2.0106793e-07,0.004886205,5.167589e-07,0.00015653609
L-BFGS-B,3822,2.0032668e-07,0.004862986,5.165501e-07,0.00015616138
L-BFGS-B,3823,2.003359e-07,0.004864629,5.163251e-07,0.00015614543
L-BFGS-B,3824,2.0045545e-07,0.0048717754,5.155054e-07,0.00015611188
L-BFGS-B,3825,2.006086e-07,0.004876942,5.1481277e-07,0.00015608262
L-BFGS-B,3826,2.0071107e-07,0.0048785615,5.143617e-07,0.00015604653
L-BFGS-B,3827,2.0051019e-07,0.00487115,5.147997e-07,0.00015600798
L-BFGS-B,3828,2.008254e-07,0.0048601576,5.1493856e-07,0.00015596618
L-BFGS-B,3829,1.9965566e-07,0.0048371297,5.172835e-07,0.00015591217
L-BFGS-B,3830,1.996535e-07,0.0048335833,5.171794e-07,0.00015586076
L-BFGS-B,3831,2.0033171e-07,0.004841141,5.156664e-07,0.00015581113
L-BFGS-B,3832,2.0038513e-07,0.0048391623,5.155694e-07,0.0001557848
L-BFGS-B,3833,2.0066156e-07,0.004841445,5.150313e-07,0.00015576837
L-BFGS-B,3834,2.0054141e-07,0.004840031,5.152065e-07,0.00015576251
L-BFGS-B,3835,2.0036288e-07,0.0048368396,5.1553064e-07,0.00015575242
L-BFGS-B,3836,2.0018311e-07,0.004832792,5.159091e-07,0.00015574176
L-BFGS-B,3837,2.0003358e-07,0.004828699,5.162681e-07,0.00015573224
L-BFGS-B,3838,1.9983685e-07,0.0048231343,5.167458e-07,0.00015571874
L-BFGS-B,3839,1.996561e-07,0.004818269,5.1713374e-07,0.00015570116
L-BFGS-B,3840,1.9909874e-07,0.0048089093,5.182648e-07,0.00015569362
L-BFGS-B,3841,1.9937046e-07,0.004807446,5.18136e-07,0.00015570043
L-BFGS-B,3842,1.9915245e-07,0.0048064506,5.182025e-07,0.00015566775
L-BFGS-B,3843,1.9959957e-07,0.004816472,5.184745e-07,0.00015587584
L-BFGS-B,3844,1.991678e-07,0.004806164,5.1816147e-07,0.00015566104
L-BFGS-B,3845,1.993934e-07,0.004808731,5.1751584e-07,0.00015562368
L-BFGS-B,3846,1.9963767e-07,0.0048111854,5.1675295e-07,0.00015557045
L-BFGS-B,3847,1.985753e-07,0.0047736815,5.2034807e-07,0.00015557531
L-BFGS-B,3848,1.9906632e-07,0.004790997,5.1845217e-07,0.00015553774
L-BFGS-B,3849,2.0031054e-07,0.0048197336,5.1578445e-07,0.00015561157
L-BFGS-B,3850,1.9941774e-07,0.004799042,5.172781e-07,0.00015549481
L-BFGS-B,3851,2.1978204e-07,0.0053657074,5.10172e-07,0.00016315018
L-BFGS-B,3852,1.9992888e-07,0.004805313,5.161415e-07,0.00015546368
L-BFGS-B,3853,1.9960507e-07,0.004800593,5.167355e-07,0.000155457
L-BFGS-B,3854,1.9969876e-07,0.0048005045,5.1637215e-07,0.00015541568
L-BFGS-B,3855,1.9918124e-07,0.0047917604,5.172226e-07,0.00015537818
L-BFGS-B,3856,1.9850681e-07,0.004787113,5.1807024e-07,0.00015535769
L-BFGS-B,3857,1.9853978e-07,0.0047858283,5.180101e-07,0.00015534076
L-BFGS-B,3858,1.9867988e-07,0.004787855,5.176005e-07,0.0001553206
L-BFGS-B,3859,1.9870811e-07,0.0047816173,5.177902e-07,0.00015529092
L-BFGS-B,3860,1.9890093e-07,0.0047860527,5.171794e-07,0.00015527257
L-BFGS-B,3861,1.9867826e-07,0.0047727698,5.1816755e-07,0.00015525456
L-BFGS-B,3862,1.9863003e-07,0.004768649,5.184174e-07,0.0001552436
L-BFGS-B,3863,1.9870099e-07,0.00476743,5.182988e-07,0.00015522426
L-BFGS-B,3864,1.9881136e-07,0.0047676447,5.180165e-07,0.00015520063
L-BFGS-B,3865,1.9888589e-07,0.0047698026,5.1767955e-07,0.00015518285
L-BFGS-B,3866,1.9911536e-07,0.00477514,5.169654e-07,0.00015516352
L-BFGS-B,3867,1.9889312e-07,0.0047748433,5.170344e-07,0.00015513756
L-BFGS-B,3868,1.9865436e-07,0.00477087,5.173809e-07,0.00015511399
L-BFGS-B,3869,1.984895e-07,0.0047850297,5.1664983e-07,0.0001551212
L-BFGS-B,3870,1.985558e-07,0.0047762147,5.170452e-07,0.00015510229
L-BFGS-B,3871,1.981664e-07,0.0047625396,5.1825174e-07,0.00015508811
L-BFGS-B,3872,1.9819589e-07,0.0047638724,5.180678e-07,0.00015507828
L-BFGS-B,3873,1.9826739e-07,0.0047666617,5.177072e-07,0.0001550628
L-BFGS-B,3874,1.983117e-07,0.0047687693,5.173146e-07,0.00015503164
L-BFGS-B,3875,2.0003195e-07,0.004775941,5.1663386e-07,0.00015525927
L-BFGS-B,3876,1.9849111e-07,0.0047678365,5.171493e-07,0.00015502443
L-BFGS-B,3877,1.98549e-07,0.004771518,5.1652887e-07,0.00015497686
L-BFGS-B,3878,1.9842558e-07,0.004763419,5.168209e-07,0.00015492116
L-BFGS-B,3879,1.9820472e-07,0.004748638,5.176007e-07,0.00015485719
L-BFGS-B,3880,1.9825856e-07,0.004742393,5.177327e-07,0.00015482261
L-BFGS-B,3881,1.9834835e-07,0.004741167,5.175138e-07,0.00015479099
L-BFGS-B,3882,1.987591e-07,0.0047448403,5.16709e-07,0.00015476861
L-BFGS-B,3883,1.9869728e-07,0.004748079,5.163808e-07,0.0001547425
L-BFGS-B,3884,1.988239e-07,0.004758907,5.153153e-07,0.00015470995
L-BFGS-B,3885,1.9895072e-07,0.004764471,5.146236e-07,0.00015468086
L-BFGS-B,3886,1.9907986e-07,0.004770159,5.138008e-07,0.00015463369
L-BFGS-B,3887,1.9937589e-07,0.0047735544,5.129761e-07,0.00015458834
L-BFGS-B,3888,1.9998284e-07,0.0047802115,5.116688e-07,0.00015454987
L-BFGS-B,3889,2.00242e-07,0.004779131,5.113661e-07,0.00015453252
L-BFGS-B,3890,2.0017258e-07,0.004776595,5.1152404e-07,0.00015452044
L-BFGS-B,3891,2.0016189e-07,0.0047760927,5.1151903e-07,0.00015451307
L-BFGS-B,3892,2.0018994e-07,0.004774698,5.11534e-07,0.00015450557
L-BFGS-B,3893,2.0031126e-07,0.0047792327,5.1108276e-07,0.00015450142
L-BFGS-B,3894,2.0101935e-07,0.0047818366,5.1076444e-07,0.00015458593
L-BFGS-B,3895,2.0042381e-07,0.004778503,5.1097265e-07,0.0001544945
L-BFGS-B,3896,2.0041787e-07,0.004777699,5.1098425e-07,0.0001544873
L-BFGS-B,3897,2.0046527e-07,0.00477701,5.1086874e-07,0.00015447021
L-BFGS-B,3898,2.0027362e-07,0.0047726184,5.1122487e-07,0.00015445096
L-BFGS-B,3899,1.9994812e-07,0.0047658114,5.1164085e-07,0.00015439646
L-BFGS-B,3900,1.99071e-07,0.004746373,5.1341016e-07,0.0001543359
L-BFGS-B,3901,1.9820985e-07,0.0047300183,5.1476206e-07,0.00015424596
L-BFGS-B,3902,2.0045547e-07,0.004770302,5.1448046e-07,0.00015494341
L-BFGS-B,3903,1.983716e-07,0.0047295615,5.1439207e-07,0.00015421017
L-BFGS-B,3904,1.9796134e-07,0.004726579,5.145854e-07,0.0001541478
L-BFGS-B,3905,1.9784903e-07,0.0047246073,5.14447e-07,0.00015409046
L-BFGS-B,3906,1.9751313e-07,0.004718996,5.1461944e-07,0.00015400985
L-BFGS-B,3907,1.9685741e-07,0.0047080545,5.15356e-07,0.00015391255
L-BFGS-B,3908,1.9636393e-07,0.0047032977,5.156769e-07,0.0001538391
L-BFGS-B,3909,1.9629775e-07,0.0046958374,5.1597e-07,0.00015379852
L-BFGS-B,3910,1.9619173e-07,0.004693722,5.160757e-07,0.00015377734
L-BFGS-B,3911,1.960373e-07,0.004688371,5.164854e-07,0.00015376211
L-BFGS-B,3912,1.9583935e-07,0.00468007,5.170598e-07,0.00015373557
L-BFGS-B,3913,1.975074e-07,0.004707406,5.1696384e-07,0.00015424474
L-BFGS-B,3914,1.9592395e-07,0.0046802764,5.169389e-07,0.0001537322
L-BFGS-B,3915,1.9578779e-07,0.004680702,5.1687397e-07,0.00015370629
L-BFGS-B,3916,1.9591171e-07,0.0046802014,5.166104e-07,0.00015368033
L-BFGS-B,3917,1.9631004e-07,0.004683478,5.1577075e-07,0.00015364689
L-BFGS-B,3918,1.9697177e-07,0.004705825,5.138147e-07,0.00015367623
L-BFGS-B,3919,1.9654054e-07,0.004691095,5.148923e-07,0.00015362588
L-BFGS-B,3920,1.966986e-07,0.0046864757,5.1479617e-07,0.00015358898
L-BFGS-B,3921,1.9713151e-07,0.004684013,5.1414247e-07,0.00015353122
L-BFGS-B,3922,1.9758008e-07,0.0046959184,5.125628e-07,0.00015348062
L-BFGS-B,3923,1.978107e-07,0.004702834,5.1158094e-07,0.00015343708
L-BFGS-B,3924,1.9791577e-07,0.0047020945,5.11206e-07,0.0001533892
L-BFGS-B,3925,1.9771501e-07,0.0046983133,5.114872e-07,0.00015336346
L-BFGS-B,3926,1.9734814e-07,0.0046871807,5.123982e-07,0.00015333375
L-BFGS-B,3927,1.9720275e-07,0.004683971,5.125951e-07,0.00015330939
L-BFGS-B,3928,1.9637405e-07,0.00465677,5.148972e-07,0.00015325838
L-BFGS-B,3929,1.9658545e-07,0.004663069,5.1398223e-07,0.00015321583
L-BFGS-B,3930,1.9677513e-07,0.00466834,5.130671e-07,0.00015315974
L-BFGS-B,3931,1.9636984e-07,0.0046601025,5.13777e-07,0.00015312305
L-BFGS-B,3932,1.9596999e-07,0.004654823,5.1410973e-07,0.00015306019
L-BFGS-B,3933,1.958276e-07,0.004650699,5.141147e-07,0.00015299833
L-BFGS-B,3934,1.9450412e-07,0.004625281,5.172771e-07,0.00015302
L-BFGS-B,3935,1.9528096e-07,0.004639698,5.152935e-07,0.00015298315
L-BFGS-B,3936,1.9761488e-07,0.0046758708,5.132017e-07,0.0001533812
L-BFGS-B,3937,1.9556578e-07,0.0046416763,5.146853e-07,0.00015295442
L-BFGS-B,3938,1.9569332e-07,0.0046541565,5.13777e-07,0.00015296211
L-BFGS-B,3939,1.9559106e-07,0.004646296,5.142536e-07,0.00015293965
L-BFGS-B,3940,1.9599753e-07,0.004655821,5.1334285e-07,0.00015295926
L-BFGS-B,3941,1.9572138e-07,0.0046490994,5.1385484e-07,0.00015292743
L-BFGS-B,3942,1.9598906e-07,0.0046395985,5.14433e-07,0.00015295928
L-BFGS-B,3943,1.957596e-07,0.0046437467,5.140351e-07,0.00015290666
L-BFGS-B,3944,1.9574875e-07,0.0046429485,5.1400735e-07,0.0001528929
L-BFGS-B,3945,1.9589353e-07,0.0046463045,5.1350844e-07,0.00015287334
L-BFGS-B,3946,1.9594637e-07,0.0046505933,5.130558e-07,0.00015285626
L-BFGS-B,3947,1.9596601e-07,0.004657552,5.124269e-07,0.00015283446
L-BFGS-B,3948,1.9551987e-07,0.0046516396,5.129952e-07,0.00015279365
L-BFGS-B,3949,1.9518126e-07,0.004650493,5.1295615e-07,0.00015272554
L-BFGS-B,3950,1.9472195e-07,0.0046482645,5.1312674e-07,0.00015265995
L-BFGS-B,3951,3.0854966e-07,0.010366529,6.28689e-07,0.0002442511
L-BFGS-B,3952,1.953545e-07,0.0046631717,5.1250015e-07,0.00015280992
L-BFGS-B,3953,1.9480717e-07,0.0046486943,5.1290385e-07,0.0001526436
L-BFGS-B,3954,1.949038e-07,0.0046494254,5.1257416e-07,0.00015261595
L-BFGS-B,3955,1.9517906e-07,0.004653235,5.1180416e-07,0.00015257983
L-BFGS-B,3956,1.954358e-07,0.004656294,5.1118775e-07,0.00015255646
L-BFGS-B,3957,1.9558078e-07,0.0046603237,5.105833e-07,0.00015252785
L-BFGS-B,3958,1.9621383e-07,0.004668573,5.093184e-07,0.00015251557
L-BFGS-B,3959,1.9586787e-07,0.0046703136,5.0926695e-07,0.00015247337
L-BFGS-B,3960,1.9583796e-07,0.004669682,5.091625e-07,0.00015244688
L-BFGS-B,3961,1.9595632e-07,0.0046717883,5.0863633e-07,0.00015240678
L-BFGS-B,3962,1.9682275e-07,0.004697516,5.0598084e-07,0.00015239569
L-BFGS-B,3963,1.9655836e-07,0.004686315,5.065492e-07,0.00015232929
L-BFGS-B,3964,1.9631172e-07,0.004677417,5.0691324e-07,0.00015225791
L-BFGS-B,3965,1.9651279e-07,0.0046791676,5.0612334e-07,0.0001521871
L-BFGS-B,3966,1.9724241e-07,0.004691247,5.0372006e-07,0.00015205683
L-BFGS-B,3967,1.9729494e-07,0.0046944707,5.03164e-07,0.00015201354
L-BFGS-B,3968,1.9706425e-07,0.004692694,5.031132e-07,0.00015195356
L-BFGS-B,3969,1.9654144e-07,0.004681115,5.041302e-07,0.0001519119
L-BFGS-B,3970,1.9611714e-07,0.004671511,5.049789e-07,0.00015187952
L-BFGS-B,3971,1.9580102e-07,0.0046632397,5.0566194e-07,0.00015185183
L-BFGS-B,3972,1.9587164e-07,0.004657548,5.057909e-07,0.00015182486
L-BFGS-B,3973,1.9585633e-07,0.004655065,5.0587255e-07,0.00015180997
L-BFGS-B,3974,1.9612585e-07,0.0046588876,5.0513086e-07,0.00015177738
L-BFGS-B,3975,1.9651667e-07,0.004662989,5.04271e-07,0.00015174804
L-BFGS-B,3976,1.968669e-07,0.004666461,5.0354356e-07,0.00015172618
L-BFGS-B,3977,1.968568e-07,0.0046628783,5.03623e-07,0.00015170075
L-BFGS-B,3978,1.9648559e-07,0.0046528787,5.044766e-07,0.00015167311
L-BFGS-B,3979,1.9583422e-07,0.0046396004,5.057986e-07,0.00015164092
L-BFGS-B,3980,2.0091788e-07,0.004747319,5.027437e-07,0.00015302244
L-BFGS-B,3981,1.9596222e-07,0.0046413774,5.055095e-07,0.00015163454
L-BFGS-B,3982,1.953761e-07,0.004635758,5.0629694e-07,0.00015160853
L-BFGS-B,3983,1.9481867e-07,0.00462781,5.072333e-07,0.0001515859
L-BFGS-B,3984,1.9480872e-07,0.0046315654,5.0683104e-07,0.00015156162
L-BFGS-B,3985,1.9475807e-07,0.0046349186,5.0639375e-07,0.00015152196
L-BFGS-B,3986,1.9493106e-07,0.004643731,5.0520504e-07,0.00015145773
L-BFGS-B,3987,1.9509584e-07,0.0046540378,5.0389104e-07,0.0001513884
L-BFGS-B,3988,2.0204232e-07,0.0048553613,5.0640756e-07,0.00015482109
L-BFGS-B,3989,1.9519878e-07,0.0046544787,5.036038e-07,0.00015136518
L-BFGS-B,3990,1.957848e-07,0.004673125,5.0103483e-07,0.0001512542
L-BFGS-B,3991,1.964339e-07,0.004696903,4.980739e-07,0.0001511452
L-BFGS-B,3992,1.9684576e-07,0.004705106,4.9638004e-07,0.00015103492
L-BFGS-B,3993,1.9694535e-07,0.004703498,4.9587845e-07,0.00015095854
L-BFGS-B,3994,1.9714527e-07,0.004704173,4.953076e-07,0.00015090965
L-BFGS-B,3995,1.970742e-07,0.0047007175,4.953939e-07,0.0001508774
L-BFGS-B,3996,1.9673045e-07,0.004692396,4.959217e-07,0.00015082178
L-BFGS-B,3997,1.9651795e-07,0.004681606,4.96644e-07,0.00015079035
L-BFGS-B,3998,1.9637011e-07,0.004673626,4.9711923e-07,0.00015075966
L-BFGS-B,3999,1.9653721e-07,0.0046735336,4.968608e-07,0.00015074504
L-BFGS-B,4000,1.9685741e-07,0.004675057,4.9634554e-07,0.00015073101
L-BFGS-B,4001,1.9749888e-07,0.004684941,4.955802e-07,0.00015081128
L-BFGS-B,4002,1.9693447e-07,0.004675895,4.961856e-07,0.00015072696
L-BFGS-B,4003,1.9709915e-07,0.004677065,4.9587544e-07,0.00015071683
L-BFGS-B,4004,1.9771824e-07,0.004685373,4.9457515e-07,0.00015069774
L-BFGS-B,4005,1.9779036e-07,0.0046858923,4.9435687e-07,0.00015068101
L-BFGS-B,4006,1.9777346e-07,0.0046846485,4.9436306e-07,0.00015066695
L-BFGS-B,4007,1.9762373e-07,0.004680832,4.9466996e-07,0.00015065237
L-BFGS-B,4008,1.9747017e-07,0.0046747737,4.9512306e-07,0.00015063671
L-BFGS-B,4009,1.9706093e-07,0.004664079,4.961649e-07,0.00015062466
L-BFGS-B,4010,1.97055e-07,0.004660144,4.9627977e-07,0.00015060166
L-BFGS-B,4011,1.9730102e-07,0.004661212,4.9584196e-07,0.00015058357
L-BFGS-B,4012,1.9740568e-07,0.0046603675,4.956407e-07,0.00015056062
L-BFGS-B,4013,1.9755979e-07,0.004662025,4.952537e-07,0.00015054227
L-BFGS-B,4014,1.978233e-07,0.00466842,4.944385e-07,0.00015052347
L-BFGS-B,4015,1.9778575e-07,0.0046684477,4.9438853e-07,0.00015051062
L-BFGS-B,4016,1.977565e-07,0.004669893,4.9420373e-07,0.00015049297
L-BFGS-B,4017,1.9759706e-07,0.0046649436,4.946027e-07,0.0001504794
L-BFGS-B,4018,1.9756807e-07,0.0046655224,4.944631e-07,0.0001504599
L-BFGS-B,4019,1.9762007e-07,0.0046661356,4.9428e-07,0.00015044637
L-BFGS-B,4020,1.9768176e-07,0.0046664467,4.940591e-07,0.00015042559
L-BFGS-B,4021,1.9772463e-07,0.0046645794,4.940047e-07,0.00015040519
L-BFGS-B,4022,1.9762263e-07,0.004658945,4.9435226e-07,0.00015038569
L-BFGS-B,4023,1.9729842e-07,0.0046545654,4.948423e-07,0.00015036676
L-BFGS-B,4024,1.9685078e-07,0.0046485118,4.9550357e-07,0.00015033828
L-BFGS-B,4025,1.9651787e-07,0.004645408,4.959079e-07,0.00015031794
L-BFGS-B,4026,1.9622374e-07,0.0046459506,4.960049e-07,0.00015029381
L-BFGS-B,4027,1.9595817e-07,0.004644289,4.9631444e-07,0.00015028378
L-BFGS-B,4028,1.9616526e-07,0.004650537,4.955672e-07,0.00015026523
L-BFGS-B,4029,1.9627332e-07,0.004653819,4.951576e-07,0.00015025283
L-BFGS-B,4030,1.9506196e-07,0.0046404744,4.9708814e-07,0.00015022725
L-BFGS-B,4031,1.9545242e-07,0.0046565346,4.9537806e-07,0.00015018991
L-BFGS-B,4032,1.9824166e-07,0.0047164336,4.9459436e-07,0.00015108974
L-BFGS-B,4033,1.9557281e-07,0.004658136,4.9504064e-07,0.00015017338
L-BFGS-B,4034,1.954536e-07,0.004643879,4.9574413e-07,0.00015011845
L-BFGS-B,4035,1.9545301e-07,0.0046438808,4.9561197e-07,0.00015009855
L-BFGS-B,4036,1.9545399e-07,0.0046439595,4.9543615e-07,0.00015007312
L-BFGS-B,4037,1.9550939e-07,0.004642513,4.9535765e-07,0.00015005519
L-BFGS-B,4038,1.955535e-07,0.0046385936,4.9542456e-07,0.00015003265
L-BFGS-B,4039,1.9653592e-07,0.0046370747,4.9471726e-07,0.00015005871
L-BFGS-B,4040,1.9584503e-07,0.0046371813,4.951672e-07,0.00015002365
L-BFGS-B,4041,1.9581958e-07,0.0046370514,4.950299e-07,0.00014999794
L-BFGS-B,4042,1.9569067e-07,0.0046351287,4.9510646e-07,0.00014997085
L-BFGS-B,4043,1.9552726e-07,0.004635165,4.949857e-07,0.0001499286
L-BFGS-B,4044,1.952764e-07,0.004630009,4.9542183e-07,0.00014990484
L-BFGS-B,4045,1.9513604e-07,0.0046277475,4.9560225e-07,0.00014988822
L-BFGS-B,4046,1.9501795e-07,0.0046246746,4.958475e-07,0.00014987656
L-BFGS-B,4047,1.947227e-07,0.004615368,4.965986e-07,0.00014985187
L-BFGS-B,4048,1.9449176e-07,0.0046088705,4.9718983e-07,0.00014984094
L-BFGS-B,4049,1.9420665e-07,0.004599036,4.979786e-07,0.00014981814
L-BFGS-B,4050,1.9335768e-07,0.0045748646,5.003706e-07,0.0001498079
L-BFGS-B,4051,1.929384e-07,0.0045792074,5.0563506e-07,0.0001505781
L-BFGS-B,4052,1.932777e-07,0.0045733,5.0054354e-07,0.00014980618
L-BFGS-B,4053,1.9342788e-07,0.004575902,5.0010846e-07,0.00014978947
L-BFGS-B,4054,1.9393302e-07,0.0045857076,4.9885114e-07,0.0001497747
L-BFGS-B,4055,1.9348876e-07,0.0045754323,4.998234e-07,0.00014975114
L-BFGS-B,4056,1.9315866e-07,0.0045687635,5.0046543e-07,0.00014973125
L-BFGS-B,4057,1.9280765e-07,0.0045611532,5.012227e-07,0.00014971608
L-BFGS-B,4058,1.9288946e-07,0.0045631723,5.0097054e-07,0.00014971072
L-BFGS-B,4059,1.9293495e-07,0.0045650615,5.007758e-07,0.00014970722
L-BFGS-B,4060,1.9302648e-07,0.0045697186,5.003241e-07,0.00014969977
L-BFGS-B,4061,1.9307907e-07,0.004572366,5.000603e-07,0.00014969456
L-BFGS-B,4062,1.9318861e-07,0.0045772158,4.995403e-07,0.0001496815
L-BFGS-B,4063,1.9338228e-07,0.004581649,4.9886694e-07,0.00014965388
L-BFGS-B,4064,1.9337745e-07,0.004578502,4.9885665e-07,0.00014962013
L-BFGS-B,4065,1.9389971e-07,0.0045878366,4.973913e-07,0.000149572
L-BFGS-B,4066,1.9423452e-07,0.004591957,4.964629e-07,0.00014952419
L-BFGS-B,4067,1.9434799e-07,0.0045875693,4.964238e-07,0.00014949146
L-BFGS-B,4068,1.9449811e-07,0.0045943195,4.95678e-07,0.00014946962
L-BFGS-B,4069,1.9447236e-07,0.00459783,4.9537624e-07,0.00014945559
L-BFGS-B,4070,1.9439226e-07,0.004598658,4.9531764e-07,0.00014944308
L-BFGS-B,4071,1.9380116e-07,0.0045887604,4.9648276e-07,0.00014943018
L-BFGS-B,4072,1.9379485e-07,0.0045865383,4.965277e-07,0.00014941377
L-BFGS-B,4073,1.9368771e-07,0.0045812195,4.9687947e-07,0.00014939727
L-BFGS-B,4074,1.9357135e-07,0.0045768055,4.971438e-07,0.00014937532
L-BFGS-B,4075,1.9344982e-07,0.004572624,4.9722115e-07,0.0001493269
L-BFGS-B,4076,1.9345427e-07,0.004571177,4.967969e-07,0.00014924945
L-BFGS-B,4077,1.935204e-07,0.004577403,4.958068e-07,0.00014917311
L-BFGS-B,4078,1.9376105e-07,0.004576058,4.951951e-07,0.000149104
L-BFGS-B,4079,1.9376269e-07,0.0045757256,4.9491706e-07,0.00014905923
L-BFGS-B,4080,1.9386655e-07,0.0045759156,4.9455474e-07,0.00014902235
L-BFGS-B,4081,1.9350126e-07,0.0045571565,4.962578e-07,0.00014903542
L-BFGS-B,4082,1.9368558e-07,0.0045674727,4.952075e-07,0.00014900869
L-BFGS-B,4083,1.9369395e-07,0.0045645447,4.9525386e-07,0.00014898762
L-BFGS-B,4084,1.9345872e-07,0.0045606033,4.9547253e-07,0.00014894572
L-BFGS-B,4085,1.9341924e-07,0.004557759,4.9554336e-07,0.00014892197
L-BFGS-B,4086,1.9336545e-07,0.0045582163,4.9537044e-07,0.00014889255
L-BFGS-B,4087,1.9337001e-07,0.004562661,4.9492957e-07,0.00014887154
L-BFGS-B,4088,1.9329687e-07,0.004566297,4.946456e-07,0.00014885433
L-BFGS-B,4089,1.9314086e-07,0.0045778668,4.9426626e-07,0.00014888974
L-BFGS-B,4090,1.9318753e-07,0.004568953,4.9449216e-07,0.00014884149
L-BFGS-B,4091,1.9295827e-07,0.004566509,4.9470657e-07,0.00014881481
L-BFGS-B,4092,1.9251019e-07,0.0045623425,4.950939e-07,0.00014876403
L-BFGS-B,4093,1.9202625e-07,0.004558629,4.9545395e-07,0.00014870832
L-BFGS-B,4094,1.913614e-07,0.0045562135,4.956679e-07,0.00014861653
L-BFGS-B,4095,5.1361855e-07,0.026398726,5.796167e-07,0.00042797255
L-BFGS-B,4096,1.9290759e-07,0.004613814,4.938692e-07,0.00014915466
L-BFGS-B,4097,1.914266e-07,0.0045579975,4.9544553e-07,0.0001486108
L-BFGS-B,4098,1.9108799e-07,0.004558606,4.951827e-07,0.00014852665
L-BFGS-B,4099,1.9076313e-07,0.0045598014,4.951118e-07,0.00014847924
L-BFGS-B,4100,1.9098411e-07,0.00456333,4.9454184e-07,0.00014846219
L-BFGS-B,4101,1.9090157e-07,0.004557646,4.947103e-07,0.00014841824
L-BFGS-B,4102,1.9094534e-07,0.004555932,4.946596e-07,0.00014840005
L-BFGS-B,4103,1.910086e-07,0.004552077,4.947094e-07,0.00014837847
L-BFGS-B,4104,1.9114104e-07,0.0045527355,4.944724e-07,0.00014836938
L-BFGS-B,4105,1.9102315e-07,0.004547777,4.948761e-07,0.00014836265
L-BFGS-B,4106,1.9119118e-07,0.004551526,4.9442133e-07,0.00014835712
L-BFGS-B,4107,1.9128935e-07,0.004553899,4.940948e-07,0.00014834662
L-BFGS-B,4108,1.9145673e-07,0.004558785,4.9350126e-07,0.00014833154
L-BFGS-B,4109,1.9171743e-07,0.0045634396,4.928947e-07,0.00014832622
L-BFGS-B,4110,1.9148135e-07,0.0045567527,4.934374e-07,0.00014830535
L-BFGS-B,4111,1.9141737e-07,0.0045539965,4.936064e-07,0.00014829353
L-BFGS-B,4112,1.914658e-07,0.004550009,4.937117e-07,0.00014827671
L-BFGS-B,4113,1.9142028e-07,0.004546784,4.938689e-07,0.00014826121
L-BFGS-B,4114,1.9162474e-07,0.0045474004,4.935471e-07,0.00014824978
L-BFGS-B,4115,1.9560476e-07,0.004723557,5.197052e-07,0.00015453206
L-BFGS-B,4116,1.9143403e-07,0.004540844,4.9408504e-07,0.0001482363
L-BFGS-B,4117,1.9110084e-07,0.0045369854,4.944912e-07,0.00014820867
L-BFGS-B,4118,1.9061686e-07,0.0045338185,4.949747e-07,0.00014817691
L-BFGS-B,4119,1.9055192e-07,0.0045335847,4.9488955e-07,0.00014815206
L-BFGS-B,4120,1.9050003e-07,0.004528828,4.951437e-07,0.00014813483
L-BFGS-B,4121,1.9040068e-07,0.00452604,4.9535095e-07,0.00014812313
L-BFGS-B,4122,1.9019551e-07,0.0045260517,4.95558e-07,0.00014812354
L-BFGS-B,4123,1.9027938e-07,0.004525477,4.9545304e-07,0.00014811463
L-BFGS-B,4124,1.9031958e-07,0.004527595,4.9519934e-07,0.00014810379
L-BFGS-B,4125,1.9039946e-07,0.0045334646,4.9454724e-07,0.00014807665
L-BFGS-B,4126,1.9045922e-07,0.0045375396,4.940884e-07,0.00014805753
L-BFGS-B,4127,1.9055925e-07,0.0045411782,4.935855e-07,0.00014803349
L-BFGS-B,4128,1.9074119e-07,0.0045549376,4.92417e-07,0.0001480231
L-BFGS-B,4129,1.9061183e-07,0.004547217,4.928423e-07,0.00014799027
L-BFGS-B,4130,1.9087388e-07,0.00454794,4.9237207e-07,0.00014796629
L-BFGS-B,4131,1.9125133e-07,0.0045566284,4.912074e-07,0.00014793509
L-BFGS-B,4132,1.9220097e-07,0.0045756977,4.889194e-07,0.00014792503
L-BFGS-B,4133,1.9187601e-07,0.0045763846,4.889401e-07,0.00014788625
L-BFGS-B,4134,1.9166978e-07,0.004578719,4.8881054e-07,0.00014785923
L-BFGS-B,4135,1.917465e-07,0.004584617,4.8816656e-07,0.00014783313
L-BFGS-B,4136,1.9202751e-07,0.0045982418,4.872009e-07,0.00014786667
L-BFGS-B,4137,1.9180541e-07,0.0045877798,4.878523e-07,0.00014782645
L-BFGS-B,4138,1.9312021e-07,0.004613465,4.8498265e-07,0.00014785008
L-BFGS-B,4139,1.9230076e-07,0.004596991,4.865802e-07,0.00014780206
L-BFGS-B,4140,1.9247067e-07,0.0045963638,4.863525e-07,0.00014778711
L-BFGS-B,4141,1.9283559e-07,0.0045953332,4.8585935e-07,0.00014775757
L-BFGS-B,4142,1.9302793e-07,0.0046024276,4.851502e-07,0.00014775101
L-BFGS-B,4143,1.9305392e-07,0.00459592,4.8532684e-07,0.00014771632
L-BFGS-B,4144,1.9496238e-07,0.0046632104,4.80395e-07,0.0001479357
L-BFGS-B,4145,1.9333471e-07,0.0046081897,4.840601e-07,0.00014769111
L-BFGS-B,4146,1.9314423e-07,0.004608683,4.8385726e-07,0.00014763705
L-BFGS-B,4147,1.926645e-07,0.004611999,4.8331253e-07,0.00014751655
L-BFGS-B,4148,1.9255067e-07,0.0046133036,4.825164e-07,0.00014739309
L-BFGS-B,4149,1.946396e-07,0.0046665156,4.803119e-07,0.00014790788
L-BFGS-B,4150,1.926741e-07,0.00461608,4.8175764e-07,0.00014732555
L-BFGS-B,4151,1.9297339e-07,0.0046162596,4.807473e-07,0.00014722071
L-BFGS-B,4152,1.9342036e-07,0.004610878,4.8034195e-07,0.00014717312
L-BFGS-B,4153,1.9293732e-07,0.0045937705,4.81691e-07,0.00014713196
L-BFGS-B,4154,1.9272596e-07,0.0045859152,4.822183e-07,0.0001471008
L-BFGS-B,4155,1.927996e-07,0.0045887907,4.817732e-07,0.00014707382
L-BFGS-B,4156,1.9282301e-07,0.0045721903,4.8304446e-07,0.00014710202
L-BFGS-B,4157,1.9275348e-07,0.0045810454,4.8222734e-07,0.00014705758
L-BFGS-B,4158,1.9225214e-07,0.0045757797,4.828574e-07,0.00014702423
L-BFGS-B,4159,1.925966e-07,0.004589459,4.8136434e-07,0.00014698872
L-BFGS-B,4160,1.9364342e-07,0.004616192,4.783613e-07,0.00014696261
L-BFGS-B,4161,1.9244531e-07,0.004585817,4.808548e-07,0.00014685318
L-BFGS-B,4162,1.9205072e-07,0.004576518,4.8147706e-07,0.00014679434
L-BFGS-B,4163,1.9161783e-07,0.0045729866,4.815406e-07,0.00014670363
L-BFGS-B,4164,1.9325093e-07,0.004599399,4.786377e-07,0.00014677728
L-BFGS-B,4165,1.9212541e-07,0.0045784744,4.803076e-07,0.00014664969
L-BFGS-B,4166,1.92275e-07,0.0045857998,4.7934503e-07,0.000146601
L-BFGS-B,4167,1.9214991e-07,0.0045953044,4.7865456e-07,0.0001465737
L-BFGS-B,4168,1.9261654e-07,0.0046022274,4.776613e-07,0.00014656395
L-BFGS-B,4169,1.9235081e-07,0.0045960336,4.782982e-07,0.0001465577
L-BFGS-B,4170,1.921655e-07,0.004592462,4.7868394e-07,0.00014655203
L-BFGS-B,4171,1.9184323e-07,0.004586514,4.793042e-07,0.00014653726
L-BFGS-B,4172,1.9160788e-07,0.0045827697,4.796378e-07,0.00014651453
L-BFGS-B,4173,1.9156141e-07,0.0045841755,4.79421e-07,0.00014648911
L-BFGS-B,4174,1.9171127e-07,0.004589221,4.7880826e-07,0.00014647013
L-BFGS-B,4175,1.9181823e-07,0.0045953863,4.7816843e-07,0.00014645186
L-BFGS-B,4176,1.9726154e-07,0.004694329,4.835548e-07,0.00014906575
L-BFGS-B,4177,1.9185137e-07,0.004593914,4.7820964e-07,0.00014644829
L-BFGS-B,4178,1.918796e-07,0.0045951023,4.78034e-07,0.00014643806
L-BFGS-B,4179,1.9178204e-07,0.0045925393,4.78257e-07,0.00014643124
L-BFGS-B,4180,1.9166153e-07,0.0045889528,4.785745e-07,0.00014642492
L-BFGS-B,4181,1.9151261e-07,0.0045860833,4.788689e-07,0.00014641805
L-BFGS-B,4182,1.9176319e-07,0.004588913,4.784122e-07,0.00014641543
L-BFGS-B,4183,1.9159303e-07,0.0045895,4.7846976e-07,0.0001464044
L-BFGS-B,4184,1.9156025e-07,0.0045915428,4.783008e-07,0.0001463946
L-BFGS-B,4185,1.9151518e-07,0.004594868,4.7802274e-07,0.00014637937
L-BFGS-B,4186,1.9176271e-07,0.0045980182,4.775034e-07,0.0001463701
L-BFGS-B,4187,1.917036e-07,0.004599117,4.7737944e-07,0.00014635363
L-BFGS-B,4188,1.9166482e-07,0.004599118,4.7729395e-07,0.00014633499
L-BFGS-B,4189,1.9178788e-07,0.0046017985,4.7681402e-07,0.00014630827
L-BFGS-B,4190,1.911984e-07,0.004609905,4.8100503e-07,0.00014692957
L-BFGS-B,4191,1.9165603e-07,0.004599741,4.7704054e-07,0.0001463019
L-BFGS-B,4192,1.9171866e-07,0.0046010003,4.7672754e-07,0.00014627693
L-BFGS-B,4193,1.910947e-07,0.0045756744,4.791703e-07,0.00014629649
L-BFGS-B,4194,1.9142e-07,0.0045894743,4.7767634e-07,0.00014625919
L-BFGS-B,4195,1.914798e-07,0.0045958566,4.769475e-07,0.00014622265
L-BFGS-B,4196,1.9130452e-07,0.0045952736,4.769848e-07,0.00014619614
L-BFGS-B,4197,1.9122052e-07,0.004601552,4.764873e-07,0.00014617169
L-BFGS-B,4198,1.9111658e-07,0.004599352,4.7659557e-07,0.00014615034
L-BFGS-B,4199,1.9123863e-07,0.004601778,4.7617633e-07,0.00014613001
L-BFGS-B,4200,1.9154005e-07,0.004607847,4.7535656e-07,0.00014611296
L-BFGS-B,4201,1.9257293e-07,0.0046526184,4.7733073e-07,0.00014701173
L-BFGS-B,4202,1.9150345e-07,0.004607211,4.7539524e-07,0.00014610692
L-BFGS-B,4203,1.9163113e-07,0.00460853,4.750997e-07,0.00014609493
L-BFGS-B,4204,1.920172e-07,0.0046141334,4.7414596e-07,0.00014606581
L-BFGS-B,4205,1.921162e-07,0.0046120845,4.7404598e-07,0.00014604517
L-BFGS-B,4206,1.922276e-07,0.0046145893,4.736397e-07,0.00014602598
L-BFGS-B,4207,1.9199945e-07,0.004607482,4.7420974e-07,0.0001460062
L-BFGS-B,4208,1.9230653e-07,0.0046138745,4.7341956e-07,0.00014599765
L-BFGS-B,4209,1.9248948e-07,0.0046140924,4.7319352e-07,0.00014599337
L-BFGS-B,4210,1.921917e-07,0.0046082633,4.7383173e-07,0.00014598615
L-BFGS-B,4211,1.9199686e-07,0.004608248,4.7399195e-07,0.0001459808
L-BFGS-B,4212,1.9190763e-07,0.0046066726,4.741416e-07,0.0001459741
L-BFGS-B,4213,1.9159543e-07,0.004600825,4.747422e-07,0.0001459589
L-BFGS-B,4214,1.9151922e-07,0.0045991335,4.749027e-07,0.00014595462
L-BFGS-B,4215,1.9151183e-07,0.004598359,4.7488118e-07,0.00014594254
L-BFGS-B,4216,1.9148666e-07,0.004596965,4.7494984e-07,0.00014593513
L-BFGS-B,4217,1.9156542e-07,0.004598704,4.747028e-07,0.00014592728
L-BFGS-B,4218,1.9179883e-07,0.0046027936,4.7415276e-07,0.00014592067
L-BFGS-B,4219,1.9160328e-07,0.004597927,4.7461245e-07,0.00014591163
L-BFGS-B,4220,1.9049973e-07,0.0045878827,4.7669064e-07,0.00014595737
L-BFGS-B,4221,1.9138143e-07,0.004595538,4.749732e-07,0.00014590858
L-BFGS-B,4222,1.911298e-07,0.0045885304,4.7559283e-07,0.00014589369
L-BFGS-B,4223,1.9098334e-07,0.0045849406,4.758717e-07,0.00014587765
L-BFGS-B,4224,1.9108165e-07,0.004597803,4.771802e-07,0.00014621731
L-BFGS-B,4225,1.9090108e-07,0.0045844666,4.7593034e-07,0.00014586937
L-BFGS-B,4226,1.908416e-07,0.004584101,4.7572817e-07,0.00014582647
L-BFGS-B,4227,1.9096599e-07,0.0045875725,4.7517233e-07,0.00014579647
L-BFGS-B,4228,1.9134539e-07,0.004598931,4.7367368e-07,0.00014574217
L-BFGS-B,4229,1.9166586e-07,0.0046069813,4.726317e-07,0.00014571444
L-BFGS-B,4230,1.9178654e-07,0.004613132,4.719969e-07,0.00014569884
L-BFGS-B,4231,1.9162583e-07,0.004609379,4.7228517e-07,0.00014568045
L-BFGS-B,4232,1.9138632e-07,0.004606427,4.7253158e-07,0.00014565195
L-BFGS-B,4233,1.9124907e-07,0.0046060793,4.7260127e-07,0.00014563835
L-BFGS-B,4234,1.9126588e-07,0.004606075,4.7252945e-07,0.00014563005
L-BFGS-B,4235,1.9091871e-07,0.004607428,4.726067e-07,0.00014560309
L-BFGS-B,4236,1.90773e-07,0.0046084267,4.728141e-07,0.00014562233
L-BFGS-B,4237,1.9083618e-07,0.0046068197,4.7266565e-07,0.00014559347
L-BFGS-B,4238,1.9086022e-07,0.0046062632,4.7258533e-07,0.00014557946
L-BFGS-B,4239,1.9064613e-07,0.004604069,4.7280292e-07,0.00014555805
L-BFGS-B,4240,1.9459645e-07,0.0046491334,4.7148154e-07,0.00014640304
L-BFGS-B,4241,1.9086599e-07,0.0046036183,4.7255642e-07,0.00014554954
L-BFGS-B,4242,1.9081776e-07,0.0046030832,4.725326e-07,0.00014553338
L-BFGS-B,4243,1.9067743e-07,0.0045954143,4.7268134e-07,0.00014545795
L-BFGS-B,4244,1.9091051e-07,0.0045968792,4.7219856e-07,0.00014543516
L-BFGS-B,4245,1.9125338e-07,0.0045954804,4.717364e-07,0.00014540328
L-BFGS-B,4246,1.9383229e-07,0.004672427,4.6810527e-07,0.0001460149
L-BFGS-B,4247,1.9142358e-07,0.004600761,4.711465e-07,0.00014539312
L-BFGS-B,4248,1.9169792e-07,0.0046006204,4.7066172e-07,0.00014536016
L-BFGS-B,4249,1.9259268e-07,0.0046050926,4.6921463e-07,0.00014532203
L-BFGS-B,4250,1.9257136e-07,0.0046091983,4.69027e-07,0.00014533174
L-BFGS-B,4251,1.9252757e-07,0.0046053557,4.6901857e-07,0.00014528548
L-BFGS-B,4252,1.9229815e-07,0.004602611,4.692465e-07,0.0001452578
L-BFGS-B,4253,1.92232e-07,0.0046034222,4.6903105e-07,0.00014522369
L-BFGS-B,4254,1.922691e-07,0.004604128,4.6874777e-07,0.0001451938
L-BFGS-B,4255,1.925207e-07,0.004608694,4.6790385e-07,0.00014515061
L-BFGS-B,4256,1.9267598e-07,0.0046087992,4.6760834e-07,0.00014513065
L-BFGS-B,4257,1.928612e-07,0.0046093245,4.6727698e-07,0.00014511397
L-BFGS-B,4258,1.9301626e-07,0.004609659,4.669939e-07,0.0001450981
L-BFGS-B,4259,1.9317224e-07,0.0046117315,4.6657723e-07,0.00014507974
L-BFGS-B,4260,1.9328414e-07,0.0046148673,4.6604603e-07,0.0001450482
L-BFGS-B,4261,1.9350168e-07,0.0046219025,4.6508674e-07,0.00014500729
L-BFGS-B,4262,1.9282565e-07,0.0046181423,4.6582346e-07,0.00014497878
L-BFGS-B,4263,1.9311504e-07,0.0046242117,4.6486718e-07,0.00014493946
L-BFGS-B,4264,1.932452e-07,0.004623695,4.645582e-07,0.00014490745
L-BFGS-B,4265,1.9312783e-07,0.0046241567,4.6444936e-07,0.00014487814
L-BFGS-B,4266,1.9304376e-07,0.0046237055,4.6435244e-07,0.00014484648
L-BFGS-B,4267,1.93088e-07,0.0046296483,4.6439268e-07,0.0001449186
L-BFGS-B,4268,1.9302269e-07,0.004623992,4.6430088e-07,0.00014483846
L-BFGS-B,4269,1.9271566e-07,0.00462664,4.6430839e-07,0.00014482
L-BFGS-B,4270,1.9311697e-07,0.004626008,4.6366233e-07,0.00014477698
L-BFGS-B,4271,1.933236e-07,0.00462614,4.6330317e-07,0.00014475541
L-BFGS-B,4272,1.9323242e-07,0.0046212766,4.6360432e-07,0.00014473827
L-BFGS-B,4273,1.9308739e-07,0.0046160594,4.639344e-07,0.00014471386
L-BFGS-B,4274,1.9280311e-07,0.0046071564,4.644958e-07,0.0001446664
L-BFGS-B,4275,1.9269129e-07,0.0045991465,4.6572498e-07,0.0001447539
L-BFGS-B,4276,1.9272163e-07,0.0046034036,4.6475714e-07,0.00014465585
L-BFGS-B,4277,1.9252722e-07,0.004597297,4.651693e-07,0.00014462744
L-BFGS-B,4278,1.925641e-07,0.004596086,4.6506665e-07,0.00014460547
L-BFGS-B,4279,1.9273047e-07,0.0045978935,4.6467068e-07,0.00014458911
L-BFGS-B,4280,1.920082e-07,0.004588482,4.6593283e-07,0.00014457597
L-BFGS-B,4281,1.9244204e-07,0.0045934315,4.6497863e-07,0.0001445474
L-BFGS-B,4282,1.9272323e-07,0.0045944354,4.6434516e-07,0.00014450462
L-BFGS-B,4283,1.9256271e-07,0.004591578,4.6452192e-07,0.00014447849
L-BFGS-B,4284,1.9223941e-07,0.0045859404,4.6503325e-07,0.00014445031
L-BFGS-B,4285,1.9156151e-07,0.004593805,4.667641e-07,0.0001446869
L-BFGS-B,4286,1.9201181e-07,0.00458483,4.652267e-07,0.00014443407
L-BFGS-B,4287,1.9201903e-07,0.0045867166,4.6479286e-07,0.00014438895
L-BFGS-B,4288,1.9321963e-07,0.0046087066,4.6413314e-07,0.00014468998
L-BFGS-B,4289,1.921317e-07,0.004586919,4.646098e-07,0.0001443804
L-BFGS-B,4290,1.931409e-07,0.004590729,4.6502646e-07,0.00014463239
L-BFGS-B,4291,1.9225297e-07,0.0045826375,4.6443523e-07,0.0001443296
L-BFGS-B,4292,1.9394984e-07,0.0046229525,4.616634e-07,0.0001445715
L-BFGS-B,4293,1.9259836e-07,0.0045908764,4.632094e-07,0.00014427993
L-BFGS-B,4294,1.9140002e-07,0.0045793992,4.6498857e-07,0.00014425228
L-BFGS-B,4295,1.9181658e-07,0.0045799227,4.6403963e-07,0.00014417765
L-BFGS-B,4296,1.9037327e-07,0.004549623,4.6714698e-07,0.00014412426
L-BFGS-B,4297,1.90248e-07,0.0045461874,4.671319e-07,0.00014406885
L-BFGS-B,4298,1.902148e-07,0.0045428905,4.671777e-07,0.00014403778
L-BFGS-B,4299,1.9024398e-07,0.0045386646,4.672496e-07,0.00014401069
L-BFGS-B,4300,1.904626e-07,0.004534105,4.6708274e-07,0.00014397284
L-BFGS-B,4301,1.9066376e-07,0.004532896,4.667696e-07,0.00014394397
L-BFGS-B,4302,1.9103449e-07,0.0045317137,4.663311e-07,0.00014392196
L-BFGS-B,4303,1.9095137e-07,0.004532902,4.6620232e-07,0.00014390207
L-BFGS-B,4304,1.9087045e-07,0.0045337607,4.661234e-07,0.00014388669
L-BFGS-B,4305,1.9060121e-07,0.0045309947,4.6642197e-07,0.00014386342
L-BFGS-B,4306,1.902399e-07,0.004524172,4.6710744e-07,0.00014384382
L-BFGS-B,4307,1.8975359e-07,0.004511561,4.6827668e-07,0.00014382016
L-BFGS-B,4308,1.8928883e-07,0.0045013307,4.693186e-07,0.00014380441
L-BFGS-B,4309,1.891302e-07,0.004496816,4.6965792e-07,0.00014378638
L-BFGS-B,4310,1.8901473e-07,0.0044963285,4.696702e-07,0.00014376602
L-BFGS-B,4311,1.8901089e-07,0.0045015127,4.6914207e-07,0.00014373807
L-BFGS-B,4312,1.8901626e-07,0.0045107636,4.681896e-07,0.00014368852
L-BFGS-B,4313,1.8988094e-07,0.0045437673,4.652454e-07,0.00014370662
L-BFGS-B,4314,1.8934524e-07,0.004523358,4.667492e-07,0.00014364775
L-BFGS-B,4315,1.8936005e-07,0.0045277313,4.6613886e-07,0.00014360216
L-BFGS-B,4316,1.8942727e-07,0.004527862,4.6578228e-07,0.00014356006
L-BFGS-B,4317,1.8974117e-07,0.0045316233,4.6501827e-07,0.00014353015
L-BFGS-B,4318,1.8839867e-07,0.004488256,4.7014916e-07,0.00014366473
L-BFGS-B,4319,1.8935106e-07,0.0045191995,4.6613573e-07,0.000143515
L-BFGS-B,4320,1.8953797e-07,0.0045200624,4.657338e-07,0.0001434914
L-BFGS-B,4321,1.8972094e-07,0.0045213327,4.653288e-07,0.0001434708
L-BFGS-B,4322,1.8976948e-07,0.0045225997,4.6511084e-07,0.00014345805
L-BFGS-B,4323,1.8971947e-07,0.0045248177,4.6490155e-07,0.00014344133
L-BFGS-B,4324,1.9071612e-07,0.0045411894,4.6329384e-07,0.00014351339
L-BFGS-B,4325,1.898921e-07,0.0045270035,4.6455133e-07,0.00014343654
L-BFGS-B,4326,1.8979038e-07,0.004526995,4.6454966e-07,0.00014342096
L-BFGS-B,4327,1.8986997e-07,0.004532641,4.6390954e-07,0.00014339334
L-BFGS-B,4328,1.8972042e-07,0.004532098,4.6386498e-07,0.00014335879
L-BFGS-B,4329,1.9091992e-07,0.0045549087,4.612326e-07,0.00014337196
L-BFGS-B,4330,1.9021344e-07,0.0045408783,4.6248388e-07,0.00014331337
L-BFGS-B,4331,1.9017543e-07,0.004543914,4.619922e-07,0.00014326427
L-BFGS-B,4332,1.9021708e-07,0.0045399284,4.620624e-07,0.00014324121
L-BFGS-B,4333,1.9016052e-07,0.00453118,4.6298436e-07,0.00014328354
L-BFGS-B,4334,1.9014784e-07,0.004536062,4.6231995e-07,0.00014323078
L-BFGS-B,4335,1.9037134e-07,0.004534537,4.6186057e-07,0.00014318016
L-BFGS-B,4336,1.9053826e-07,0.0045344336,4.6146477e-07,0.00014314479
L-BFGS-B,4337,1.9075914e-07,0.004536771,4.6086407e-07,0.00014311119
L-BFGS-B,4338,1.9070312e-07,0.0045378124,4.6075348e-07,0.00014309661
L-BFGS-B,4339,1.9061548e-07,0.0045386427,4.6065603e-07,0.00014307715
L-BFGS-B,4340,1.905337e-07,0.0045411373,4.6043374e-07,0.00014305649
L-BFGS-B,4341,1.9047698e-07,0.0045438902,4.6006912e-07,0.00014302082
L-BFGS-B,4342,1.905482e-07,0.004548623,4.5941428e-07,0.0001429806
L-BFGS-B,4343,1.9057744e-07,0.0045496994,4.5916167e-07,0.00014295787
L-BFGS-B,4344,1.9077798e-07,0.0045530465,4.5862757e-07,0.0001429413
L-BFGS-B,4345,1.8900518e-07,0.0045415326,4.63176e-07,0.0001432425
L-BFGS-B,4346,1.9051082e-07,0.00454982,4.590709e-07,0.00014293546
L-BFGS-B,4347,1.9062192e-07,0.004551401,4.5874836e-07,0.00014291954
L-BFGS-B,4348,1.9073394e-07,0.004553954,4.583012e-07,0.00014289482
L-BFGS-B,4349,1.908227e-07,0.0045521082,4.581223e-07,0.00014286283
L-BFGS-B,4350,1.9080936e-07,0.0045523783,4.5794948e-07,0.00014283761
L-BFGS-B,4351,1.906448e-07,0.004543964,4.5859386e-07,0.00014282543
L-BFGS-B,4352,1.9069941e-07,0.0045449813,4.5841455e-07,0.0001428169
L-BFGS-B,4353,1.9072819e-07,0.0045460677,4.582392e-07,0.00014280579
L-BFGS-B,4354,1.9071223e-07,0.00454558,4.5822654e-07,0.0001427966
L-BFGS-B,4355,1.9060703e-07,0.004544122,4.5834318e-07,0.00014278374
L-BFGS-B,4356,1.90733e-07,0.004546209,4.6131936e-07,0.00014326995
L-BFGS-B,4357,1.9054276e-07,0.0045422507,4.5850237e-07,0.00014277927
L-BFGS-B,4358,1.9039788e-07,0.0045402567,4.5868754e-07,0.00014276538
L-BFGS-B,4359,1.9017924e-07,0.004535238,4.591259e-07,0.00014274815
L-BFGS-B,4360,1.9009028e-07,0.004531732,4.593416e-07,0.0001427321
L-BFGS-B,4361,1.900699e-07,0.004528544,4.5945805e-07,0.00014271462
L-BFGS-B,4362,1.9019343e-07,0.0045274887,4.5932296e-07,0.00014270234
L-BFGS-B,4363,1.9035868e-07,0.0045290976,4.5898264e-07,0.00014269217
L-BFGS-B,4364,1.9045075e-07,0.0045285127,4.588556e-07,0.00014268108
L-BFGS-B,4365,1.9053398e-07,0.0045274026,4.5877337e-07,0.00014267012
L-BFGS-B,4366,1.905738e-07,0.0045232098,4.5891107e-07,0.00014265484
L-BFGS-B,4367,1.9098096e-07,0.0045326566,4.5796483e-07,0.00014266843
L-BFGS-B,4368,1.9071044e-07,0.004526232,4.5852474e-07,0.0001426476
L-BFGS-B,4369,1.9139985e-07,0.004521223,4.5838098e-07,0.00014267935
L-BFGS-B,4370,1.9087304e-07,0.004524226,4.584632e-07,0.00014264269
L-BFGS-B,4371,1.908966e-07,0.0045242286,4.5843012e-07,0.0001426413
L-BFGS-B,4372,1.9087183e-07,0.0045238812,4.584348e-07,0.00014263482
L-BFGS-B,4373,1.9097347e-07,0.004525675,4.5816265e-07,0.00014262716
L-BFGS-B,4374,1.9131552e-07,0.0045317435,4.5732463e-07,0.00014261345
L-BFGS-B,4375,1.9147014e-07,0.004533552,4.5700514e-07,0.00014260682
L-BFGS-B,4376,1.9182036e-07,0.004540847,4.560995e-07,0.00014259646
L-BFGS-B,4377,1.9096655e-07,0.004510973,4.6126135e-07,0.00014294391
L-BFGS-B,4378,1.9168277e-07,0.004536271,4.5651547e-07,0.00014259244
L-BFGS-B,4379,1.9166683e-07,0.004536546,4.5648383e-07,0.00014258805
L-BFGS-B,4380,1.915594e-07,0.004536104,4.5657816e-07,0.00014258167
L-BFGS-B,4381,1.9146742e-07,0.0045349314,4.5671882e-07,0.00014257725
L-BFGS-B,4382,1.9137292e-07,0.00453419,4.5681142e-07,0.00014256955
L-BFGS-B,4383,1.9123662e-07,0.0045309234,4.5710985e-07,0.00014256121
L-BFGS-B,4384,1.9156825e-07,0.004529259,4.569201e-07,0.00014256584
L-BFGS-B,4385,1.9135183e-07,0.004530148,4.5702944e-07,0.00014255867
L-BFGS-B,4386,1.9136134e-07,0.004529249,4.569839e-07,0.00014254428
L-BFGS-B,4387,1.9164585e-07,0.0045309193,4.5636787e-07,0.00014251124
L-BFGS-B,4388,1.919884e-07,0.00453374,4.5565753e-07,0.00014248429
L-BFGS-B,4389,1.9215771e-07,0.004525561,4.5591673e-07,0.00014246677
L-BFGS-B,4390,1.929434e-07,0.004538802,4.5421805e-07,0.00014246223
L-BFGS-B,4391,1.9336338e-07,0.0045586373,4.5258747e-07,0.000142479
L-BFGS-B,4392,1.9305237e-07,0.0045453184,4.5338615e-07,0.00014241897
L-BFGS-B,4393,1.9296264e-07,0.0045417245,4.5352982e-07,0.00014239112
L-BFGS-B,4394,1.9291943e-07,0.004535968,4.5384752e-07,0.00014237472
L-BFGS-B,4395,1.9299239e-07,0.004536186,4.5365897e-07,0.00014235955
L-BFGS-B,4396,1.9308965e-07,0.004538501,4.5321025e-07,0.00014232998
L-BFGS-B,4397,1.9319228e-07,0.0045429575,4.5262735e-07,0.00014230251
L-BFGS-B,4398,1.931598e-07,0.0045475443,4.5221452e-07,0.00014228158
L-BFGS-B,4399,1.9315561e-07,0.0045506945,4.518909e-07,0.00014226392
L-BFGS-B,4400,1.9298848e-07,0.0045523173,4.518151e-07,0.0001422437
L-BFGS-B,4401,1.9342194e-07,0.004557626,4.5092574e-07,0.00014222841
L-BFGS-B,4402,1.9303046e-07,0.004558911,4.5086514e-07,0.00014217345
L-BFGS-B,4403,1.9247945e-07,0.004540473,4.524533e-07,0.00014214464
L-BFGS-B,4404,1.9257747e-07,0.004536861,4.5203058e-07,0.00014205981
L-BFGS-B,4405,1.928539e-07,0.0045376644,4.5147914e-07,0.0001420266
L-BFGS-B,4406,1.9154668e-07,0.0045098136,4.552217e-07,0.0001421134
L-BFGS-B,4407,1.9247832e-07,0.004529189,4.523457e-07,0.00014201549
L-BFGS-B,4408,1.9350846e-07,0.0045378087,4.5066113e-07,0.00014200353
L-BFGS-B,4409,1.9295959e-07,0.004532247,4.5142667e-07,0.0001419804
L-BFGS-B,4410,1.9291242e-07,0.004528953,4.5147056e-07,0.00014194698
L-BFGS-B,4411,1.9291468e-07,0.004522048,4.5161846e-07,0.00014190044
L-BFGS-B,4412,1.9304873e-07,0.0045221844,4.512185e-07,0.00014186194
L-BFGS-B,4413,1.929872e-07,0.0045136316,4.5166317e-07,0.00014183388
L-BFGS-B,4414,1.9307711e-07,0.0045153587,4.5123727e-07,0.00014180075
L-BFGS-B,4415,1.9299668e-07,0.0045141582,4.5116292e-07,0.00014176551
L-BFGS-B,4416,1.9282771e-07,0.0045077875,4.5151248e-07,0.0001417289
L-BFGS-B,4417,1.9244175e-07,0.0044989903,4.5227543e-07,0.00014169747
L-BFGS-B,4418,1.9158104e-07,0.004489584,4.5352792e-07,0.00014166218
L-BFGS-B,4419,1.9116011e-07,0.0044883103,4.5594538e-07,0.00014194893
L-BFGS-B,4420,1.9117724e-07,0.0044801626,4.5412543e-07,0.00014159703
L-BFGS-B,4421,1.912548e-07,0.0044819918,4.5365158e-07,0.00014155588
L-BFGS-B,4422,1.9120388e-07,0.0044846833,4.5332533e-07,0.00014152622
L-BFGS-B,4423,1.9126422e-07,0.0044925273,4.5256567e-07,0.00014149977
L-BFGS-B,4424,1.9320728e-07,0.0045230347,4.5244994e-07,0.00014207893
L-BFGS-B,4425,1.9146273e-07,0.0044908435,4.52255e-07,0.0001414661
L-BFGS-B,4426,1.9191927e-07,0.0044941823,4.5128346e-07,0.00014142224
L-BFGS-B,4427,1.9293803e-07,0.0045047267,4.4921737e-07,0.00014137058
L-BFGS-B,4428,1.9312495e-07,0.004505257,4.4876674e-07,0.00014133632
L-BFGS-B,4429,1.9345482e-07,0.0045091575,4.4785293e-07,0.00014128775
L-BFGS-B,4430,1.9372901e-07,0.0045140116,4.4712235e-07,0.00014126781
L-BFGS-B,4431,1.9381034e-07,0.0045191916,4.4652901e-07,0.00014124281
L-BFGS-B,4432,1.9376198e-07,0.004520067,4.4628715e-07,0.00014120803
L-BFGS-B,4433,1.936864e-07,0.004518988,4.460169e-07,0.00014114537
L-BFGS-B,4434,1.9354349e-07,0.004514555,4.460059e-07,0.00014107797
L-BFGS-B,4435,1.9342292e-07,0.0045123086,4.4582893e-07,0.00014101085
L-BFGS-B,4436,1.9314767e-07,0.004502773,4.4632836e-07,0.00014094912
L-BFGS-B,4437,1.9283405e-07,0.0044939965,4.4688736e-07,0.00014089818
L-BFGS-B,4438,1.9256355e-07,0.0044844574,4.4755856e-07,0.00014086289
L-BFGS-B,4439,1.9222004e-07,0.0044737263,4.4827894e-07,0.0001408121
L-BFGS-B,4440,1.9157939e-07,0.004452227,4.497795e-07,0.0001407261
L-BFGS-B,4441,1.9115228e-07,0.004437859,4.5047173e-07,0.00014062219
L-BFGS-B,4442,1.9091854e-07,0.0044214725,4.510673e-07,0.0001405126
L-BFGS-B,4443,1.9060857e-07,0.004420034,4.5085778e-07,0.00014042029
L-BFGS-B,4444,1.9058427e-07,0.004422487,4.4988045e-07,0.00014029458
L-BFGS-B,4445,1.9117411e-07,0.004430657,4.48148e-07,0.00014020488
L-BFGS-B,4446,1.9082015e-07,0.0044269445,4.4815908e-07,0.00014011632
L-BFGS-B,4447,1.9084494e-07,0.004428858,4.474848e-07,0.00014003806
L-BFGS-B,4448,1.9113685e-07,0.004435975,4.4645753e-07,0.00013999891
L-BFGS-B,4449,1.9106089e-07,0.004436412,4.4631105e-07,0.00013996991
L-BFGS-B,4450,1.9261947e-07,0.004469207,4.4311645e-07,0.00014005246
L-BFGS-B,4451,1.9142597e-07,0.004443372,4.4540505e-07,0.00013995837
L-BFGS-B,4452,1.9141426e-07,0.004443467,4.4517762e-07,0.00013992345
L-BFGS-B,4453,1.9139253e-07,0.004444684,4.445792e-07,0.0001398426
L-BFGS-B,4454,1.914935e-07,0.004445731,4.4419335e-07,0.00013981033
L-BFGS-B,4455,1.9149374e-07,0.004443858,4.4418692e-07,0.00013979067
L-BFGS-B,4456,1.9133448e-07,0.004440021,4.4451974e-07,0.00013977833
L-BFGS-B,4457,1.90871e-07,0.004429344,4.4557348e-07,0.00013976012
L-BFGS-B,4458,1.905414e-07,0.0044231997,4.462039e-07,0.00013974379
L-BFGS-B,4459,1.9017492e-07,0.0044197342,4.4676233e-07,0.00013973794
L-BFGS-B,4460,1.8736384e-07,0.004382906,4.5314513e-07,0.0001399054
L-BFGS-B,4461,1.8931789e-07,0.004406778,4.4831722e-07,0.00013971305
L-BFGS-B,4462,1.8948954e-07,0.0044086655,4.4783803e-07,0.00013968578
L-BFGS-B,4463,1.8947416e-07,0.0044079917,4.476608e-07,0.00013965016
L-BFGS-B,4464,1.8948224e-07,0.004405554,4.475488e-07,0.0001396102
L-BFGS-B,4465,1.89189e-07,0.0043988666,4.4807933e-07,0.00013957891
L-BFGS-B,4466,1.889586e-07,0.00439072,4.4868648e-07,0.00013955396
L-BFGS-B,4467,1.8886465e-07,0.0043844096,4.490973e-07,0.00013953839
L-BFGS-B,4468,1.8878346e-07,0.004389124,4.4886914e-07,0.00013953913
L-BFGS-B,4469,1.8878758e-07,0.004385559,4.4894858e-07,0.00013951602
L-BFGS-B,4470,1.8899097e-07,0.004386759,4.4848116e-07,0.0001394884
L-BFGS-B,4471,1.8936286e-07,0.0043919696,4.475276e-07,0.00013945327
L-BFGS-B,4472,1.8945013e-07,0.004391378,4.4731183e-07,0.00013942807
L-BFGS-B,4473,1.8934973e-07,0.0043897256,4.4734472e-07,0.00013940143
L-BFGS-B,4474,1.8910198e-07,0.004387503,4.4761146e-07,0.00013938206
L-BFGS-B,4475,1.8856119e-07,0.0043799235,4.4851097e-07,0.00013936005
L-BFGS-B,4476,1.8880377e-07,0.0043848064,4.477954e-07,0.00013933794
L-BFGS-B,4477,1.8903339e-07,0.004390632,4.4709557e-07,0.00013932565
L-BFGS-B,4478,1.894485e-07,0.004397751,4.461229e-07,0.00013931323
L-BFGS-B,4479,1.8948697e-07,0.0043981904,4.4597672e-07,0.00013930145
L-BFGS-B,4480,1.8951552e-07,0.0043965206,4.4592352e-07,0.00013928107
L-BFGS-B,4481,1.8960664e-07,0.0043963473,4.4576868e-07,0.00013926977
L-BFGS-B,4482,1.8983987e-07,0.004393902,4.4561133e-07,0.0001392567
L-BFGS-B,4483,1.9493072e-07,0.004479612,4.4192566e-07,0.00014032458
L-BFGS-B,4484,1.9008955e-07,0.0043952074,4.45174e-07,0.0001392416
L-BFGS-B,4485,1.9018498e-07,0.0043945275,4.4497995e-07,0.00013922
L-BFGS-B,4486,1.9062229e-07,0.004389977,4.444909e-07,0.00013916675
L-BFGS-B,4487,1.9044927e-07,0.0043843426,4.4495815e-07,0.00013915454
L-BFGS-B,4488,1.901634e-07,0.0043773632,4.4562185e-07,0.00013914143
L-BFGS-B,4489,1.8951123e-07,0.0043630316,4.470633e-07,0.0001391165
L-BFGS-B,4490,1.8911737e-07,0.0043555233,4.4783695e-07,0.00013909838
L-BFGS-B,4491,1.8842996e-07,0.004348747,4.4956613e-07,0.00013918689
L-BFGS-B,4492,1.8883674e-07,0.004351594,4.4826075e-07,0.00013908057
L-BFGS-B,4493,1.883738e-07,0.0043486017,4.4857907e-07,0.00013902894
L-BFGS-B,4494,1.8875743e-07,0.0043556476,4.4746906e-07,0.00013899045
L-BFGS-B,4495,1.8957644e-07,0.004369272,4.454141e-07,0.00013894131
L-BFGS-B,4496,1.8969311e-07,0.004371602,4.449693e-07,0.00013891538
L-BFGS-B,4497,1.8965969e-07,0.0043703527,4.448783e-07,0.00013888422
L-BFGS-B,4498,1.8931642e-07,0.0043611126,4.4559548e-07,0.00013884791
L-BFGS-B,4499,1.8896995e-07,0.004353129,4.4629454e-07,0.00013882096
L-BFGS-B,4500,1.9734294e-07,0.004642796,4.5819837e-07,0.00014475916
L-BFGS-B,4501,1.8895062e-07,0.0043537538,4.4624935e-07,0.00013881753
L-BFGS-B,4502,1.8913144e-07,0.004353784,4.4592025e-07,0.00013879559
L-BFGS-B,4503,1.885557e-07,0.0043431935,4.4718016e-07,0.00013879231
L-BFGS-B,4504,1.8879818e-07,0.0043472312,4.4653703e-07,0.0001387726
L-BFGS-B,4505,1.8887958e-07,0.004351109,4.460425e-07,0.0001387494
L-BFGS-B,4506,1.8932755e-07,0.0043668803,4.4418982e-07,0.00013869641
L-BFGS-B,4507,1.896974e-07,0.004376493,4.4267028e-07,0.00013862009
L-BFGS-B,4508,1.8945806e-07,0.004383034,4.4199044e-07,0.00013854762
L-BFGS-B,4509,1.8911263e-07,0.004380783,4.4219658e-07,0.00013850421
L-BFGS-B,4510,1.8904262e-07,0.0043608635,4.4292273e-07,0.00013840344
L-BFGS-B,4511,1.8896017e-07,0.0043500294,4.43312e-07,0.00013834111
L-BFGS-B,4512,1.8893522e-07,0.004337241,4.4359302e-07,0.00013825163
L-BFGS-B,4513,1.9741391e-07,0.004534187,4.4721298e-07,0.0001420359
L-BFGS-B,4514,1.8903029e-07,0.004335157,4.4358345e-07,0.00013824363
L-BFGS-B,4515,1.8910164e-07,0.004335561,4.430903e-07,0.0001381844
L-BFGS-B,4516,1.89516e-07,0.0043478413,4.4123738e-07,0.00013809142
L-BFGS-B,4517,1.8985898e-07,0.004358594,4.396281e-07,0.000138009
L-BFGS-B,4518,1.9047027e-07,0.0043771216,4.3744842e-07,0.00013795902
L-BFGS-B,4519,1.9002272e-07,0.0043684314,4.3817366e-07,0.00013791377
L-BFGS-B,4520,1.8947841e-07,0.0043559377,4.3932158e-07,0.00013787937
L-BFGS-B,4521,1.8920959e-07,0.004348726,4.398589e-07,0.00013784753
L-BFGS-B,4522,1.8913171e-07,0.004343097,4.3993523e-07,0.00013779101
L-BFGS-B,4523,1.892983e-07,0.0043421625,4.3950388e-07,0.00013774195
L-BFGS-B,4524,1.9004382e-07,0.0043539875,4.375759e-07,0.00013768283
L-BFGS-B,4525,1.9061919e-07,0.004364879,4.3596222e-07,0.000137636
L-BFGS-B,4526,1.9103254e-07,0.0043712305,4.3497366e-07,0.00013761324
L-BFGS-B,4527,1.908785e-07,0.004387867,4.3445814e-07,0.00013767916
L-BFGS-B,4528,1.9094627e-07,0.004375068,4.3464502e-07,0.00013758938
L-BFGS-B,4529,1.9071636e-07,0.0043711537,4.3501782e-07,0.00013757165
L-BFGS-B,4530,1.9029251e-07,0.004364237,4.357568e-07,0.00013754977
L-BFGS-B,4531,1.897829e-07,0.0043564234,4.3657184e-07,0.00013751743
L-BFGS-B,4532,1.8909992e-07,0.0043495903,4.3744458e-07,0.00013747757
L-BFGS-B,4533,1.8931323e-07,0.0043587256,4.363911e-07,0.0001374429
L-BFGS-B,4534,1.8870641e-07,0.004356835,4.3686356e-07,0.00013740384
L-BFGS-B,4535,1.892038e-07,0.004364489,4.356006e-07,0.00013736555
L-BFGS-B,4536,1.8953172e-07,0.004375517,4.3412695e-07,0.00013730397
L-BFGS-B,4537,1.8952478e-07,0.0043751816,4.3399305e-07,0.0001372795
L-BFGS-B,4538,1.8925552e-07,0.0043713762,4.3433226e-07,0.00013725193
L-BFGS-B,4539,1.885012e-07,0.004363236,4.3534394e-07,0.00013720914
L-BFGS-B,4540,1.8876052e-07,0.004362595,4.349494e-07,0.00013718245
L-BFGS-B,4541,1.8894008e-07,0.004367863,4.3424342e-07,0.00013715615
L-BFGS-B,4542,1.8913443e-07,0.0043716826,4.335457e-07,0.00013711884
L-BFGS-B,4543,1.8959082e-07,0.0043768305,4.32568e-07,0.00013709212
L-BFGS-B,4544,1.9068037e-07,0.0044075237,4.2924756e-07,0.00013706443
L-BFGS-B,4545,1.8976091e-07,0.0043840967,4.3164042e-07,0.00013705116
L-BFGS-B,4546,1.902836e-07,0.004396895,4.2989285e-07,0.00013699543
L-BFGS-B,4547,1.9076948e-07,0.004407244,4.2851306e-07,0.00013696481
L-BFGS-B,4548,1.9138163e-07,0.0044212765,4.2670328e-07,0.0001369255
L-BFGS-B,4549,1.9178627e-07,0.004426441,4.2572265e-07,0.00013689074
L-BFGS-B,4550,1.9192716e-07,0.004426111,4.253838e-07,0.00013685777
L-BFGS-B,4551,1.9241172e-07,0.0044292635,4.246897e-07,0.00013685785
L-BFGS-B,4552,1.921497e-07,0.0044270228,4.2500858e-07,0.00013684397
L-BFGS-B,4553,1.9200381e-07,0.004422471,4.2524115e-07,0.00013681146
L-BFGS-B,4554,1.9193891e-07,0.004422677,4.2512727e-07,0.0001367867
L-BFGS-B,4555,1.9194387e-07,0.0044284174,4.2446763e-07,0.00013674589
L-BFGS-B,4556,1.920538e-07,0.0044351392,4.2374666e-07,0.00013672147
L-BFGS-B,4557,1.9243043e-07,0.0044491007,4.221805e-07,0.00013668265
L-BFGS-B,4558,1.9230504e-07,0.004453274,4.221485e-07,0.00013670078
L-BFGS-B,4559,1.9234177e-07,0.0044496907,4.2213983e-07,0.00013666914
L-BFGS-B,4560,1.9193034e-07,0.0044439025,4.2278646e-07,0.00013664654
L-BFGS-B,4561,1.9202223e-07,0.0044444604,4.225078e-07,0.00013662412
L-BFGS-B,4562,1.9195551e-07,0.004437321,4.2283082e-07,0.00013659116
L-BFGS-B,4563,1.9175282e-07,0.0044314964,4.232022e-07,0.00013655821
L-BFGS-B,4564,1.9092924e-07,0.004413721,4.2506508e-07,0.00013653636
L-BFGS-B,4565,1.9109503e-07,0.0044169845,4.243773e-07,0.0001364907
L-BFGS-B,4566,1.910041e-07,0.0044200257,4.2405924e-07,0.00013645977
L-BFGS-B,4567,1.9084169e-07,0.004423887,4.237999e-07,0.0001364351
L-BFGS-B,4568,1.9052389e-07,0.004420747,4.2423326e-07,0.00013642103
L-BFGS-B,4569,1.9019897e-07,0.0044156737,4.247733e-07,0.00013640258
L-BFGS-B,4570,1.8993833e-07,0.004409455,4.2533574e-07,0.00013638567
L-BFGS-B,4571,1.8987578e-07,0.004407021,4.25442e-07,0.00013636789
L-BFGS-B,4572,1.9018194e-07,0.004410437,4.2494375e-07,0.00013637322
L-BFGS-B,4573,1.8999614e-07,0.0044081095,4.252006e-07,0.00013636061
L-BFGS-B,4574,1.8998891e-07,0.004404786,4.259225e-07,0.00013643457
L-BFGS-B,4575,1.8994972e-07,0.0044061486,4.2531948e-07,0.00013635187
L-BFGS-B,4576,1.9001911e-07,0.004408967,4.2497422e-07,0.00013633867
L-BFGS-B,4577,1.9032996e-07,0.0044209776,4.23532e-07,0.00013628908
L-BFGS-B,4578,1.9067899e-07,0.004430014,4.2231014e-07,0.0001362485
L-BFGS-B,4579,1.915505e-07,0.0044762045,4.2342452e-07,0.0001370083
L-BFGS-B,4580,1.9059566e-07,0.0044306214,4.2209587e-07,0.00013620994
L-BFGS-B,4581,1.9079708e-07,0.0044324757,4.2134133e-07,0.00013614552
L-BFGS-B,4582,1.9146148e-07,0.004443097,4.1971504e-07,0.00013610744
L-BFGS-B,4583,1.9150836e-07,0.004440379,4.1988258e-07,0.00013611242
L-BFGS-B,4584,1.914593e-07,0.0044403705,4.1978603e-07,0.0001360905
L-BFGS-B,4585,1.9152317e-07,0.004439991,4.1967948e-07,0.0001360803
L-BFGS-B,4586,1.9184404e-07,0.0044472106,4.1878266e-07,0.00013606611
L-BFGS-B,4587,1.9370084e-07,0.0045116,4.2299342e-07,0.00013762014
L-BFGS-B,4588,1.9182045e-07,0.0044450862,4.189268e-07,0.00013606294
L-BFGS-B,4589,1.9191344e-07,0.0044471086,4.1865263e-07,0.000136056
L-BFGS-B,4590,1.9210184e-07,0.0044530206,4.1786527e-07,0.00013602528
L-BFGS-B,4591,1.9222553e-07,0.004459034,4.1709714e-07,0.00013598874
L-BFGS-B,4592,1.9257271e-07,0.0044660317,4.161229e-07,0.00013596466
L-BFGS-B,4593,1.9197824e-07,0.0044577527,4.1688284e-07,0.00013590668
L-BFGS-B,4594,1.916816e-07,0.0044530984,4.171077e-07,0.00013584938
L-BFGS-B,4595,1.9150492e-07,0.0044506704,4.1698132e-07,0.00013577964
L-BFGS-B,4596,1.9175631e-07,0.004456798,4.1594654e-07,0.00013572341
L-BFGS-B,4597,1.91435e-07,0.004444933,4.1692942e-07,0.000135704
L-BFGS-B,4598,1.9159093e-07,0.00445161,4.1614027e-07,0.00013567577
L-BFGS-B,4599,1.918104e-07,0.004459137,4.1529307e-07,0.00013565688
L-BFGS-B,4600,1.9201148e-07,0.004466056,4.1451136e-07,0.00013563898
L-BFGS-B,4601,1.9193156e-07,0.0044718618,4.1407748e-07,0.00013561998
L-BFGS-B,4602,1.9247157e-07,0.004484017,4.1269095e-07,0.00013561455
L-BFGS-B,4603,1.9207874e-07,0.004474698,4.1353164e-07,0.00013558853
L-BFGS-B,4604,1.9184733e-07,0.0044708196,4.1394648e-07,0.00013557727
L-BFGS-B,4605,1.9164932e-07,0.0044682324,4.1421492e-07,0.00013556196
L-BFGS-B,4606,1.915261e-07,0.0044678333,4.1424633e-07,0.0001355442
L-BFGS-B,4607,1.9164756e-07,0.004472583,4.1362193e-07,0.00013551625
L-BFGS-B,4608,1.9172869e-07,0.0044733384,4.1329034e-07,0.00013548625
L-BFGS-B,4609,1.9303113e-07,0.0044908086,4.1087634e-07,0.0001354942
L-BFGS-B,4610,1.923068e-07,0.004480318,4.1208318e-07,0.00013546168
L-BFGS-B,4611,1.9251272e-07,0.00449558,4.1285418e-07,0.00013576084
L-BFGS-B,4612,1.9219294e-07,0.0044791857,4.121366e-07,0.00013544128
L-BFGS-B,4613,1.921723e-07,0.0044742287,4.1227227e-07,0.00013540898
L-BFGS-B,4614,1.9225138e-07,0.0044641113,4.1243908e-07,0.00013534469
L-BFGS-B,4615,1.9234363e-07,0.0044639884,4.1205755e-07,0.00013530007
L-BFGS-B,4616,1.9248897e-07,0.004460809,4.1167897e-07,0.00013523328
L-BFGS-B,4617,1.9271445e-07,0.00447525,4.1022525e-07,0.00013519346
L-BFGS-B,4618,1.925326e-07,0.004473242,4.1036094e-07,0.00013516645
L-BFGS-B,4619,1.9242124e-07,0.004471694,4.1044066e-07,0.00013514623
L-BFGS-B,4620,1.9235561e-07,0.0044702757,4.105008e-07,0.00013513121
L-BFGS-B,4621,1.922133e-07,0.0044657583,4.107224e-07,0.00013509794
L-BFGS-B,4622,1.920729e-07,0.0044626435,4.1083086e-07,0.000135062
L-BFGS-B,4623,2.0182269e-07,0.004658194,4.2902641e-07,0.0001412093
L-BFGS-B,4624,1.9206777e-07,0.0044596507,4.1101072e-07,0.00013505828
L-BFGS-B,4625,1.9201012e-07,0.0044600763,4.1070842e-07,0.00013500854
L-BFGS-B,4626,1.9197589e-07,0.0044627218,4.1035346e-07,0.00013497662
L-BFGS-B,4627,1.9198217e-07,0.004467618,4.09816e-07,0.0001349459
L-BFGS-B,4628,1.9220612e-07,0.0044823447,4.084867e-07,0.00013492737
L-BFGS-B,4629,1.920885e-07,0.0044860886,4.0817417e-07,0.0001349003
L-BFGS-B,4630,1.9215135e-07,0.004486601,4.0797585e-07,0.00013488508
L-BFGS-B,4631,1.923468e-07,0.0044943686,4.0708298e-07,0.00013485816
L-BFGS-B,4632,1.9328391e-07,0.0045143035,4.0548727e-07,0.00013495871
L-BFGS-B,4633,1.9249933e-07,0.004497432,4.0666058e-07,0.0001348483
L-BFGS-B,4634,1.9261347e-07,0.004500349,4.061101e-07,0.00013481203
L-BFGS-B,4635,1.9307714e-07,0.004513201,4.0450303e-07,0.00013476904
L-BFGS-B,4636,1.9338e-07,0.004511739,4.041603e-07,0.00013474844
L-BFGS-B,4637,1.9352024e-07,0.004514184,4.0375082e-07,0.0001347325
L-BFGS-B,4638,1.9394544e-07,0.004520241,4.0277192e-07,0.00013471002
L-BFGS-B,4639,1.942341e-07,0.0045219637,4.022585e-07,0.00013469352
L-BFGS-B,4640,1.935347e-07,0.0045148935,4.037214e-07,0.00013473735
L-BFGS-B,4641,1.9401719e-07,0.0045192786,4.0260178e-07,0.00013468563
L-BFGS-B,4642,1.9401962e-07,0.00451585,4.026579e-07,0.00013466013
L-BFGS-B,4643,1.9348788e-07,0.0045014857,4.0393562e-07,0.00013462838
L-BFGS-B,4644,1.9261527e-07,0.004484782,4.0573295e-07,0.00013460006
L-BFGS-B,4645,1.9167035e-07,0.00446761,4.076811e-07,0.00013457882
L-BFGS-B,4646,1.8945501e-07,0.0044547557,4.1330165e-07,0.00013496105
L-BFGS-B,4647,1.9128002e-07,0.0044631814,4.083116e-07,0.00013457055
L-BFGS-B,4648,1.9107391e-07,0.00446196,4.0850367e-07,0.00013455623
L-BFGS-B,4649,1.9103686e-07,0.004467116,4.0807706e-07,0.00013453825
L-BFGS-B,4650,1.9117212e-07,0.004471301,4.0761643e-07,0.00013453129
L-BFGS-B,4651,1.9135561e-07,0.004475687,4.0707627e-07,0.00013452166
L-BFGS-B,4652,1.9149327e-07,0.0044788024,4.0664767e-07,0.00013450916
L-BFGS-B,4653,1.9140532e-07,0.0044803997,4.0648402e-07,0.00013448739
L-BFGS-B,4654,1.9205142e-07,0.004490917,4.0498978e-07,0.00013446534
L-BFGS-B,4655,1.9126547e-07,0.004490106,4.0641194e-07,0.00013455268
L-BFGS-B,4656,1.9175758e-07,0.004488946,4.0530873e-07,0.0001344494
L-BFGS-B,4657,1.9152121e-07,0.0044867513,4.0547545e-07,0.000134417
L-BFGS-B,4658,1.9123613e-07,0.0044884756,4.0528147e-07,0.0001343624
L-BFGS-B,4659,1.9238932e-07,0.0045198663,4.0268318e-07,0.00013445954
L-BFGS-B,4660,1.9146168e-07,0.004494634,4.0457851e-07,0.00013435236
L-BFGS-B,4661,1.9158374e-07,0.004500609,4.0383387e-07,0.00013431873
L-BFGS-B,4662,1.9189217e-07,0.0045107496,4.022113e-07,0.00013422302
L-BFGS-B,4663,1.9347839e-07,0.0045397896,3.9805184e-07,0.00013412742
L-BFGS-B,4664,1.9366345e-07,0.0045482195,3.968909e-07,0.00013406534
L-BFGS-B,4665,1.9361673e-07,0.004531844,3.9750975e-07,0.00013398741
L-BFGS-B,4666,1.9324061e-07,0.004525086,3.9800733e-07,0.00013393804
L-BFGS-B,4667,1.9327473e-07,0.0045242645,3.9781187e-07,0.00013390563
L-BFGS-B,4668,1.9291775e-07,0.004513857,3.9854348e-07,0.00013385776
L-BFGS-B,4669,1.9271957e-07,0.0045067696,3.9895176e-07,0.0001338184
L-BFGS-B,4670,1.9227282e-07,0.004491426,3.999106e-07,0.00013374176
L-BFGS-B,4671,1.9207128e-07,0.004480192,4.0046453e-07,0.00013368229
L-BFGS-B,4672,1.9149911e-07,0.0044676065,4.014937e-07,0.00013362498
L-BFGS-B,4673,1.9184156e-07,0.004471163,4.0046888e-07,0.00013355819
L-BFGS-B,4674,1.9253483e-07,0.004487756,3.9839688e-07,0.00013351731
L-BFGS-B,4675,1.9313957e-07,0.004498604,3.9681538e-07,0.00013347929
L-BFGS-B,4676,1.9343692e-07,0.004504964,3.9588514e-07,0.00013344796
L-BFGS-B,4677,1.9345774e-07,0.0045007234,3.9588062e-07,0.00013340799
L-BFGS-B,4678,1.9370678e-07,0.0044961832,3.9549505e-07,0.00013334211
L-BFGS-B,4679,1.9345731e-07,0.004488364,3.9593527e-07,0.00013329253
L-BFGS-B,4680,1.9401872e-07,0.0044984343,3.9437828e-07,0.00013324388
L-BFGS-B,4681,1.9477667e-07,0.0045089177,3.92585e-07,0.00013319342
L-BFGS-B,4682,1.9502491e-07,0.0045110774,3.9190647e-07,0.00013315048
L-BFGS-B,4683,1.9524191e-07,0.0045091235,3.914146e-07,0.0001330897
L-BFGS-B,4684,1.9500662e-07,0.004499913,3.918803e-07,0.00013303217
L-BFGS-B,4685,1.9686266e-07,0.0044997046,3.9491357e-07,0.00013376347
L-BFGS-B,4686,1.9503841e-07,0.004496193,3.9205543e-07,0.00013302601
L-BFGS-B,4687,1.9483149e-07,0.004487611,3.9263344e-07,0.00013299585
L-BFGS-B,4688,1.9449733e-07,0.004478714,3.934125e-07,0.00013297361
L-BFGS-B,4689,1.9417377e-07,0.0044683367,3.9424643e-07,0.0001329464
L-BFGS-B,4690,1.9393131e-07,0.004459914,3.948059e-07,0.00013290971
L-BFGS-B,4691,1.9341742e-07,0.0044445926,3.9620332e-07,0.00013288904
L-BFGS-B,4692,1.9633686e-07,0.004488012,3.933964e-07,0.0001333401
L-BFGS-B,4693,1.936657e-07,0.00444668,3.9575633e-07,0.0001328801
L-BFGS-B,4694,1.9402857e-07,0.004454543,3.9464166e-07,0.00013284596
L-BFGS-B,4695,1.9409651e-07,0.0044912486,3.9271745e-07,0.00013293458
L-BFGS-B,4696,1.9395951e-07,0.004463935,3.9391466e-07,0.00013282048
L-BFGS-B,4697,1.9415756e-07,0.004470479,3.9295875e-07,0.00013277224
L-BFGS-B,4698,1.9418533e-07,0.0044781235,3.91996e-07,0.00013270843
L-BFGS-B,4699,1.949974e-07,0.0044947956,3.9031772e-07,0.00013274522
L-BFGS-B,4700,1.9442798e-07,0.0044829473,3.9132303e-07,0.00013269212
L-BFGS-B,4701,1.9471008e-07,0.0044954754,3.8991487e-07,0.0001326485
L-BFGS-B,4702,1.9434681e-07,0.004490011,3.9046373e-07,0.00013262169
L-BFGS-B,4703,1.9423466e-07,0.0044897273,3.9044141e-07,0.00013259868
L-BFGS-B,4704,1.9427463e-07,0.0044894014,3.9032668e-07,0.0001325842
L-BFGS-B,4705,1.9440293e-07,0.004488339,3.9015504e-07,0.00013256709
L-BFGS-B,4706,1.9455626e-07,0.004487839,3.8987173e-07,0.00013254258
L-BFGS-B,4707,1.9531637e-07,0.0044983462,3.8946317e-07,0.0001327004
L-BFGS-B,4708,1.9465313e-07,0.0044878456,3.8970427e-07,0.00013253206
L-BFGS-B,4709,1.9475401e-07,0.00448898,3.8926774e-07,0.00013249306
L-BFGS-B,4710,1.9524622e-07,0.0045108595,3.8688415e-07,0.00013242815
L-BFGS-B,4711,1.9479783e-07,0.004506155,3.8738656e-07,0.0001323892
L-BFGS-B,4712,1.9457984e-07,0.0045042927,3.876209e-07,0.00013237304
L-BFGS-B,4713,1.9450707e-07,0.004502651,3.8776878e-07,0.00013236789
L-BFGS-B,4714,1.9459206e-07,0.0045003905,3.8773697e-07,0.00013235326
L-BFGS-B,4715,1.9404345e-07,0.0045088753,3.8883968e-07,0.00013252122
L-BFGS-B,4716,1.9443982e-07,0.004499767,3.8787763e-07,0.00013234529
L-BFGS-B,4717,1.945441e-07,0.0045004347,3.8769676e-07,0.00013234047
L-BFGS-B,4718,1.9494146e-07,0.0045039146,3.8671132e-07,0.00013228707
L-BFGS-B,4719,1.9514488e-07,0.0045047617,3.862017e-07,0.0001322496
L-BFGS-B,4720,1.9519494e-07,0.0045034923,3.8580598e-07,0.00013218506
L-BFGS-B,4721,1.9487548e-07,0.004496743,3.8606558e-07,0.00013210859
L-BFGS-B,4722,2.0019678e-07,0.0047324537,4.0101773e-07,0.00013750671
L-BFGS-B,4723,1.9473296e-07,0.004494879,3.862627e-07,0.00013209814
L-BFGS-B,4724,1.9358491e-07,0.0044749,3.882167e-07,0.00013201924
L-BFGS-B,4725,1.9297524e-07,0.0044672014,3.888902e-07,0.00013195182
L-BFGS-B,4726,1.9236553e-07,0.00445394,3.8991664e-07,0.00013188172
L-BFGS-B,4727,1.9186746e-07,0.004440436,3.909146e-07,0.00013182167
L-BFGS-B,4728,1.9180287e-07,0.0044326386,3.9108716e-07,0.0001317599
L-BFGS-B,4729,1.9212916e-07,0.0044289026,3.905985e-07,0.00013169818
L-BFGS-B,4730,1.9592846e-07,0.004487153,3.8330785e-07,0.00013175697
L-BFGS-B,4731,1.9342502e-07,0.0044482094,3.878192e-07,0.00013166873
L-BFGS-B,4732,1.9379115e-07,0.004451302,3.8694253e-07,0.00013162306
L-BFGS-B,4733,1.9447593e-07,0.0044620107,3.8532355e-07,0.00013159003
L-BFGS-B,4734,1.9492822e-07,0.0044724536,3.841325e-07,0.00013158364
L-BFGS-B,4735,1.946584e-07,0.004466884,3.8462474e-07,0.00013156132
L-BFGS-B,4736,1.9430144e-07,0.004462307,3.8510342e-07,0.0001315338
L-BFGS-B,4737,1.9388047e-07,0.0044579497,3.8561177e-07,0.00013150333
L-BFGS-B,4738,1.9334362e-07,0.00445607,3.8632635e-07,0.00013151119
L-BFGS-B,4739,1.9361909e-07,0.0044563343,3.8588175e-07,0.00013148847
L-BFGS-B,4740,1.931784e-07,0.0044558556,3.8610588e-07,0.00013145119
L-BFGS-B,4741,1.9323072e-07,0.00446033,3.8546114e-07,0.00013140708
L-BFGS-B,4742,1.9405547e-07,0.004484454,3.823685e-07,0.00013130813
L-BFGS-B,4743,1.9443833e-07,0.0044927676,3.811033e-07,0.00013125892
L-BFGS-B,4744,1.9578512e-07,0.0045214314,3.7789374e-07,0.00013126613
L-BFGS-B,4745,1.9501367e-07,0.004504932,3.7942436e-07,0.00013121503
L-BFGS-B,4746,1.9518554e-07,0.004506716,3.7879983e-07,0.00013116495
L-BFGS-B,4747,1.9676078e-07,0.0045243823,3.792337e-07,0.000131643
L-BFGS-B,4748,1.9530599e-07,0.0045046047,3.786598e-07,0.00013114091
L-BFGS-B,4749,1.9515112e-07,0.004499001,3.7874116e-07,0.00013107384
L-BFGS-B,4750,1.9515267e-07,0.004493797,3.7834678e-07,0.00013096289
L-BFGS-B,4751,1.9509277e-07,0.0044899066,3.7815593e-07,0.00013088637
L-BFGS-B,4752,1.9566049e-07,0.004499755,3.7696444e-07,0.00013089129
L-BFGS-B,4753,1.9534116e-07,0.0044927574,3.7751283e-07,0.00013085567
L-BFGS-B,4754,1.9563005e-07,0.0045020366,3.763808e-07,0.000130822
L-BFGS-B,4755,1.9568698e-07,0.0045016855,3.7613427e-07,0.00013079005
L-BFGS-B,4756,1.9568458e-07,0.004502559,3.759042e-07,0.0001307639
L-BFGS-B,4757,1.9570369e-07,0.004500697,3.7576288e-07,0.00013072696
L-BFGS-B,4758,1.9550889e-07,0.004498919,3.7595703e-07,0.00013070909
L-BFGS-B,4759,1.9523809e-07,0.004493658,3.7636482e-07,0.00013067701
L-BFGS-B,4760,1.9480736e-07,0.0044866367,3.7696108e-07,0.00013063163
L-BFGS-B,4761,1.9438916e-07,0.0044763745,3.7776556e-07,0.00013058695
L-BFGS-B,4762,1.9521573e-07,0.004497689,3.7537913e-07,0.00013056613
L-BFGS-B,4763,1.9342365e-07,0.0044578575,3.7949826e-07,0.00013051686
L-BFGS-B,4764,1.9433828e-07,0.0044810614,3.7666132e-07,0.00013046055
L-BFGS-B,4765,1.947886e-07,0.0044935145,3.7514067e-07,0.00013042454
L-BFGS-B,4766,1.9512733e-07,0.004507891,3.7357552e-07,0.00013038433
L-BFGS-B,4767,1.9588008e-07,0.0045393556,3.713686e-07,0.00013048085
L-BFGS-B,4768,1.9530131e-07,0.0045154146,3.727478e-07,0.00013036151
L-BFGS-B,4769,1.9818191e-07,0.0045294208,3.7429697e-07,0.00013116605
L-BFGS-B,4770,1.9547474e-07,0.004512695,3.7267864e-07,0.00013034996
L-BFGS-B,4771,1.9474334e-07,0.004504672,3.7374457e-07,0.00013031991
L-BFGS-B,4772,1.9435258e-07,0.0045002163,3.7431866e-07,0.00013030284
L-BFGS-B,4773,1.9406454e-07,0.0044959118,3.7481988e-07,0.00013029178
L-BFGS-B,4774,1.9398179e-07,0.004494609,3.748665e-07,0.00013027333
L-BFGS-B,4775,1.9402218e-07,0.0044937185,3.747568e-07,0.00013025403
L-BFGS-B,4776,1.9404943e-07,0.0044905343,3.7481126e-07,0.00013023445
L-BFGS-B,4777,1.940554e-07,0.0044868086,3.749448e-07,0.0001302181
L-BFGS-B,4778,1.9385085e-07,0.0044765584,3.7571158e-07,0.00013019994
L-BFGS-B,4779,1.9358214e-07,0.004467861,3.7643443e-07,0.00013018108
L-BFGS-B,4780,1.9325462e-07,0.004456625,3.7735595e-07,0.00013015783
L-BFGS-B,4781,1.9280495e-07,0.0044480213,3.7822426e-07,0.00013013459
L-BFGS-B,4782,1.92563e-07,0.004444531,3.7852183e-07,0.00013010803
L-BFGS-B,4783,1.9218629e-07,0.004439192,3.7905147e-07,0.00013007758
L-BFGS-B,4784,1.9195325e-07,0.0044360096,3.7929115e-07,0.00013004676
L-BFGS-B,4785,1.9167402e-07,0.0044318573,3.7959154e-07,0.00013000841
L-BFGS-B,4786,1.9112504e-07,0.004422401,3.8054102e-07,0.00012997392
L-BFGS-B,4787,1.9163387e-07,0.0044345264,3.7911198e-07,0.00012995713
L-BFGS-B,4788,1.9061048e-07,0.0044164993,3.8105458e-07,0.00012991476
L-BFGS-B,4789,1.9005074e-07,0.0043987166,3.82623e-07,0.00012988823
L-BFGS-B,4790,1.9024063e-07,0.004402839,3.8186155e-07,0.00012984371
L-BFGS-B,4791,1.9066967e-07,0.004409423,3.8068993e-07,0.00012979817
L-BFGS-B,4792,1.9052784e-07,0.0044041565,3.8092858e-07,0.00012976002
L-BFGS-B,4793,1.908689e-07,0.0043908916,3.8342984e-07,0.00013005373
L-BFGS-B,4794,1.9049092e-07,0.0043982337,3.8122536e-07,0.00012973978
L-BFGS-B,4795,1.8993244e-07,0.004384972,3.8226023e-07,0.00012967862
L-BFGS-B,4796,1.9266948e-07,0.004483077,3.8720637e-07,0.00013181215
L-BFGS-B,4797,1.8987083e-07,0.004382508,3.8241626e-07,0.00012966814
L-BFGS-B,4798,1.8991595e-07,0.004378537,3.8219085e-07,0.0001296014
L-BFGS-B,4799,1.8994349e-07,0.0043747183,3.8193852e-07,0.00012952948
L-BFGS-B,4800,1.9029342e-07,0.00438096,3.8080557e-07,0.00012947444
L-BFGS-B,4801,1.9070497e-07,0.0043889363,3.795432e-07,0.0001294266
L-BFGS-B,4802,1.9092305e-07,0.004393609,3.7877396e-07,0.00012939064
L-BFGS-B,4803,1.9112804e-07,0.0043969094,3.780194e-07,0.0001293412
L-BFGS-B,4804,1.9106687e-07,0.004393927,3.7790176e-07,0.00012928457
L-BFGS-B,4805,1.9089937e-07,0.004388568,3.7813174e-07,0.00012924035
L-BFGS-B,4806,1.9062969e-07,0.0043814704,3.7852664e-07,0.00012918815
L-BFGS-B,4807,1.9443078e-07,0.0046141776,3.7978774e-07,0.00013227455
L-BFGS-B,4808,1.9056057e-07,0.0043840185,3.7834815e-07,0.0001291765
L-BFGS-B,4809,1.908627e-07,0.004388422,3.7847235e-07,0.00012928447
L-BFGS-B,4810,1.9056844e-07,0.004382669,3.783037e-07,0.00012915752
L-BFGS-B,4811,1.9055253e-07,0.0043786145,3.7823722e-07,0.0001291046
L-BFGS-B,4812,1.9098322e-07,0.004386317,3.768526e-07,0.00012903854
L-BFGS-B,4813,1.9134082e-07,0.0043944023,3.7563805e-07,0.00012899085
L-BFGS-B,4814,1.9182815e-07,0.0044068336,3.7403623e-07,0.000128948
L-BFGS-B,4815,1.9319505e-07,0.0044271294,3.7235915e-07,0.00012910442
L-BFGS-B,4816,1.9207646e-07,0.0044086073,3.7356247e-07,0.00012893192
L-BFGS-B,4817,1.9228756e-07,0.0044131847,3.727338e-07,0.00012888505
L-BFGS-B,4818,1.9269051e-07,0.0044232737,3.712471e-07,0.00012882338
L-BFGS-B,4819,1.9255768e-07,0.0044148397,3.7153353e-07,0.00012876207
L-BFGS-B,4820,1.9219291e-07,0.004404177,3.7232854e-07,0.00012871998
L-BFGS-B,4821,1.9186932e-07,0.00439644,3.7293995e-07,0.00012868579
L-BFGS-B,4822,1.922035e-07,0.004390078,3.7270084e-07,0.00012863643
L-BFGS-B,4823,1.9143036e-07,0.0043815775,3.7346084e-07,0.00012854945
L-BFGS-B,4824,1.908912e-07,0.00437699,3.738249e-07,0.00012847732
L-BFGS-B,4825,1.9137791e-07,0.0043933387,3.7197086e-07,0.0001284357
L-BFGS-B,4826,1.9127793e-07,0.00438864,3.720926e-07,0.00012839198
L-BFGS-B,4827,1.912211e-07,0.0043895193,3.7182832e-07,0.0001283526
L-BFGS-B,4828,1.9118224e-07,0.004395993,3.7118915e-07,0.00012831565
L-BFGS-B,4829,1.9093947e-07,0.004399344,3.7106688e-07,0.00012829438
L-BFGS-B,4830,1.9093491e-07,0.0044068755,3.7048474e-07,0.00012828171
L-BFGS-B,4831,1.9071527e-07,0.0044059465,3.7068168e-07,0.00012826899
L-BFGS-B,4832,1.9086538e-07,0.0044094534,3.7023344e-07,0.00012825936
L-BFGS-B,4833,1.9109287e-07,0.0044094864,3.6996926e-07,0.00012825418
L-BFGS-B,4834,1.9167416e-07,0.0044316635,3.6816238e-07,0.00012829211
L-BFGS-B,4835,1.9124023e-07,0.0044156737,3.6933105e-07,0.00012824242
L-BFGS-B,4836,1.9105663e-07,0.004414156,3.6944064e-07,0.00012821615
L-BFGS-B,4837,1.9129942e-07,0.0044181715,3.6862053e-07,0.0001281697
L-BFGS-B,4838,1.9189103e-07,0.004425851,3.6707345e-07,0.00012810319
L-BFGS-B,4839,1.9219654e-07,0.004429336,3.6619429e-07,0.000128052
L-BFGS-B,4840,1.9257382e-07,0.004429245,3.6557296e-07,0.00012801446
L-BFGS-B,4841,1.9269342e-07,0.0044290996,3.6524764e-07,0.00012798214
L-BFGS-B,4842,1.925799e-07,0.0044211885,3.6564825e-07,0.00012794611
L-BFGS-B,4843,1.9191035e-07,0.0044040056,3.6712524e-07,0.00012789539
L-BFGS-B,4844,1.9200792e-07,0.004403412,3.6685296e-07,0.00012786326
L-BFGS-B,4845,1.9214953e-07,0.00440793,3.662259e-07,0.00012783562
L-BFGS-B,4846,1.9221763e-07,0.0044122427,3.656831e-07,0.00012780752
L-BFGS-B,4847,1.9221024e-07,0.0044144876,3.6529204e-07,0.00012777022
L-BFGS-B,4848,1.9178673e-07,0.0044097756,3.6569335e-07,0.00012771977
L-BFGS-B,4849,1.9656672e-07,0.004689033,3.7908111e-07,0.00013323751
L-BFGS-B,4850,1.9175675e-07,0.0044101095,3.6557805e-07,0.0001277013
L-BFGS-B,4851,1.8997348e-07,0.004372596,3.749559e-07,0.00012846537
L-BFGS-B,4852,1.9140982e-07,0.004401233,3.6642734e-07,0.0001276879
L-BFGS-B,4853,1.9124964e-07,0.0043960162,3.6653412e-07,0.00012762772
L-BFGS-B,4854,1.9074115e-07,0.004391042,3.6774324e-07,0.00012768307
L-BFGS-B,4855,1.9095764e-07,0.0043887007,3.6702144e-07,0.00012758387
L-BFGS-B,4856,1.9055005e-07,0.004374481,3.6800378e-07,0.00012752788
L-BFGS-B,4857,1.9032825e-07,0.004369156,3.6835647e-07,0.00012749426
L-BFGS-B,4858,1.9031722e-07,0.0043638065,3.6835158e-07,0.00012743838
L-BFGS-B,4859,1.8970731e-07,0.0043700323,3.6889742e-07,0.00012749102
L-BFGS-B,4860,1.8998549e-07,0.0043619103,3.6849835e-07,0.00012739167
L-BFGS-B,4861,1.9026884e-07,0.0043675243,3.6744711e-07,0.00012733263
L-BFGS-B,4862,1.9132088e-07,0.004387716,3.6426255e-07,0.00012721468
L-BFGS-B,4863,1.9172435e-07,0.0043899314,3.63279e-07,0.00012714982
L-BFGS-B,4864,1.9176801e-07,0.0043880525,3.6300244e-07,0.0001270961
L-BFGS-B,4865,1.9157608e-07,0.004396384,3.6344946e-07,0.00012721767
L-BFGS-B,4866,1.9157632e-07,0.0043873033,3.630584e-07,0.00012706824
L-BFGS-B,4867,1.9173027e-07,0.0043899473,3.6240237e-07,0.00012701936
L-BFGS-B,4868,1.9193571e-07,0.0043960256,3.6164403e-07,0.00012699721
L-BFGS-B,4869,1.9200274e-07,0.004400003,3.6116236e-07,0.00012697479
L-BFGS-B,4870,1.9197212e-07,0.004400072,3.6105382e-07,0.0001269546
L-BFGS-B,4871,1.920513e-07,0.004405953,3.6050997e-07,0.00012694372
L-BFGS-B,4872,1.9155921e-07,0.0043860367,3.6265513e-07,0.00012699251
L-BFGS-B,4873,1.9185785e-07,0.0043985876,3.611095e-07,0.00012693097
L-BFGS-B,4874,1.9166892e-07,0.0043932744,3.615547e-07,0.00012691629
L-BFGS-B,4875,1.9171648e-07,0.0043963343,3.6123132e-07,0.0001269055
L-BFGS-B,4876,1.915939e-07,0.0043970277,3.6125257e-07,0.00012689724
L-BFGS-B,4877,1.915295e-07,0.0043968423,3.6130174e-07,0.00012689311
L-BFGS-B,4878,1.9149599e-07,0.0043952456,3.613806e-07,0.00012688394
L-BFGS-B,4879,1.9140325e-07,0.0043988028,3.6124524e-07,0.00012688531
L-BFGS-B,4880,1.9144164e-07,0.0043966034,3.613148e-07,0.00012687949
L-BFGS-B,4881,1.9146582e-07,0.0043958225,3.6130075e-07,0.00012687322
L-BFGS-B,4882,1.9171738e-07,0.004398232,3.6084077e-07,0.00012686604
L-BFGS-B,4883,1.9192288e-07,0.0043986742,3.60637e-07,0.00012687073
L-BFGS-B,4884,1.917878e-07,0.0043981294,3.6075545e-07,0.00012686278
L-BFGS-B,4885,1.9150846e-07,0.004396413,3.611683e-07,0.00012686563
L-BFGS-B,4886,1.9164754e-07,0.0043969858,3.609333e-07,0.00012685699
L-BFGS-B,4887,1.9458511e-07,0.00448224,3.573031e-07,0.00012760563
L-BFGS-B,4888,1.9177253e-07,0.004399834,3.6058765e-07,0.00012685236
L-BFGS-B,4889,1.9193249e-07,0.004406296,3.5997877e-07,0.00012684966
L-BFGS-B,4890,1.9183838e-07,0.0044026845,3.6023619e-07,0.00012683803
L-BFGS-B,4891,1.9197424e-07,0.004408109,3.5953025e-07,0.00012680676
L-BFGS-B,4892,1.9250484e-07,0.0044253073,3.5737918e-07,0.00012673569
L-BFGS-B,4893,1.9300246e-07,0.0044071777,3.582333e-07,0.00012675714
L-BFGS-B,4894,1.926696e-07,0.0044171703,3.5766305e-07,0.0001267216
L-BFGS-B,4895,1.927545e-07,0.0044270493,3.5689246e-07,0.00012671752
L-BFGS-B,4896,1.929709e-07,0.0044347644,3.5591185e-07,0.00012668005
L-BFGS-B,4897,1.9367947e-07,0.004443581,3.545109e-07,0.00012666437
L-BFGS-B,4898,1.9323137e-07,0.0044346484,3.5533353e-07,0.00012663122
L-BFGS-B,4899,1.9283631e-07,0.0044345283,3.5558477e-07,0.00012660844
L-BFGS-B,4900,1.9273324e-07,0.0044375244,3.5533458e-07,0.00012658542
L-BFGS-B,4901,1.9252539e-07,0.00444272,3.5493258e-07,0.0001265459
L-BFGS-B,4902,1.9197122e-07,0.0044463105,3.5485266e-07,0.00012648669
L-BFGS-B,4903,1.918339e-07,0.004450716,3.5427652e-07,0.00012642372
L-BFGS-B,4904,1.8895929e-07,0.004438152,3.5859873e-07,0.00012651522
L-BFGS-B,4905,1.9078084e-07,0.00444393,3.5556064e-07,0.00012639051
L-BFGS-B,4906,1.9115548e-07,0.0044690226,3.5394984e-07,0.00012645603
L-BFGS-B,4907,1.9081999e-07,0.0044495743,3.544954e-07,0.00012629305
L-BFGS-B,4908,1.9045972e-07,0.0044336664,3.5566546e-07,0.00012625544
L-BFGS-B,4909,1.9029643e-07,0.0044284025,3.5604657e-07,0.00012623548
L-BFGS-B,4910,1.9036099e-07,0.004432379,3.5565145e-07,0.00012622566
L-BFGS-B,4911,1.904418e-07,0.0044407146,3.5486056e-07,0.0001262025
L-BFGS-B,4912,1.9053421e-07,0.0044474923,3.5415638e-07,0.00012617851
L-BFGS-B,4913,1.907295e-07,0.0044577657,3.5300067e-07,0.00012613718
L-BFGS-B,4914,1.91058e-07,0.0044683265,3.5165422e-07,0.0001260901
L-BFGS-B,4915,1.912411e-07,0.0044721058,3.5087893e-07,0.00012603906
L-BFGS-B,4916,1.922229e-07,0.0044732494,3.500029e-07,0.00012606636
L-BFGS-B,4917,1.91585e-07,0.004471206,3.5047043e-07,0.00012602037
L-BFGS-B,4918,1.9184938e-07,0.004489164,3.4969642e-07,0.0001261235
L-BFGS-B,4919,1.9162715e-07,0.0044745575,3.5009762e-07,0.00012600429
L-BFGS-B,4920,1.9181229e-07,0.0044772816,3.4955448e-07,0.00012597784
L-BFGS-B,4921,1.9170267e-07,0.0044678394,3.4999834e-07,0.00012593355
L-BFGS-B,4922,1.9168745e-07,0.004457012,3.5047393e-07,0.00012589432
L-BFGS-B,4923,1.9179463e-07,0.0044535357,3.5047043e-07,0.00012587511
L-BFGS-B,4924,1.9195204e-07,0.0044508027,3.5035947e-07,0.00012585476
L-BFGS-B,4925,1.8952433e-07,0.0044021597,3.5872492e-07,0.00012625898
L-BFGS-B,4926,1.9172641e-07,0.00444549,3.509219e-07,0.00012585215
L-BFGS-B,4927,1.9160838e-07,0.004442945,3.5109426e-07,0.00012583483
L-BFGS-B,4928,1.9228897e-07,0.0044812243,3.498028e-07,0.000126126
L-BFGS-B,4929,1.9163096e-07,0.004446353,3.507599e-07,0.00012582215
L-BFGS-B,4930,1.9166616e-07,0.0044455435,3.5063385e-07,0.00012580043
L-BFGS-B,4931,1.9185083e-07,0.004447863,3.5012704e-07,0.0001257753
L-BFGS-B,4932,1.9205922e-07,0.004449883,3.4967113e-07,0.00012575838
L-BFGS-B,4933,1.9240052e-07,0.004455699,3.4886156e-07,0.0001257463
L-BFGS-B,4934,1.9234939e-07,0.0044532656,3.4901444e-07,0.00012573722
L-BFGS-B,4935,1.922542e-07,0.004449714,3.492271e-07,0.00012571932
L-BFGS-B,4936,1.9180811e-07,0.0044382336,3.5037527e-07,0.00012570985
L-BFGS-B,4937,1.9202291e-07,0.004447458,3.5069718e-07,0.0001258826
L-BFGS-B,4938,1.9179626e-07,0.0044379155,3.503922e-07,0.00012570742
L-BFGS-B,4939,1.917336e-07,0.004436418,3.504564e-07,0.00012569268
L-BFGS-B,4940,1.9166588e-07,0.004439811,3.4994477e-07,0.00012563971
L-BFGS-B,4941,1.9193786e-07,0.004459811,3.489733e-07,0.00012573478
L-BFGS-B,4942,1.9168328e-07,0.004442359,3.496845e-07,0.00012562875
L-BFGS-B,4943,1.9187192e-07,0.0044539846,3.485435e-07,0.00012560215
L-BFGS-B,4944,1.9212368e-07,0.0044623455,3.4751577e-07,0.00012556936
L-BFGS-B,4945,1.9215084e-07,0.0044658566,3.4707725e-07,0.00012554278
L-BFGS-B,4946,1.9209875e-07,0.004466326,3.4697135e-07,0.00012552377
L-BFGS-B,4947,1.9199715e-07,0.004464315,3.4709163e-07,0.00012550646
L-BFGS-B,4948,1.9174296e-07,0.004457837,3.476513e-07,0.00012548751
L-BFGS-B,4949,1.9127003e-07,0.0044466318,3.486551e-07,0.00012545509
L-BFGS-B,4950,1.9085124e-07,0.004438779,3.4934078e-07,0.00012541658
L-BFGS-B,4951,1.905047e-07,0.004431688,3.498573e-07,0.00012537118
L-BFGS-B,4952,1.905052e-07,0.0044273534,3.498323e-07,0.00012532416
L-BFGS-B,4953,1.906535e-07,0.0044254474,3.495703e-07,0.00012528805
L-BFGS-B,4954,1.9082057e-07,0.0044237133,3.4931062e-07,0.0001252568
L-BFGS-B,4955,1.9100578e-07,0.004426122,3.4878988e-07,0.00012523057
L-BFGS-B,4956,1.9109896e-07,0.0044288356,3.483811e-07,0.00012521035
L-BFGS-B,4957,1.9107854e-07,0.004432255,3.480678e-07,0.00012519449
L-BFGS-B,4958,1.908918e-07,0.0044316747,3.4820906e-07,0.00012518186
L-BFGS-B,4959,1.9060687e-07,0.0044300505,3.4850754e-07,0.00012516766
L-BFGS-B,4960,1.9032191e-07,0.0044432026,3.479781e-07,0.00012517703
L-BFGS-B,4961,1.9047384e-07,0.0044347486,3.48272e-07,0.00012515936
L-BFGS-B,4962,1.9030142e-07,0.004429902,3.485861e-07,0.00012513215
L-BFGS-B,4963,1.8967638e-07,0.0044444734,3.4841548e-07,0.00012515852
L-BFGS-B,4964,1.9002883e-07,0.00443395,3.485003e-07,0.00012511887
L-BFGS-B,4965,1.8999634e-07,0.004432636,3.4842253e-07,0.0001250892
L-BFGS-B,4966,1.8973091e-07,0.0044292044,3.4864055e-07,0.00012504777
L-BFGS-B,4967,1.8983222e-07,0.0044250167,3.4873068e-07,0.0001250346
L-BFGS-B,4968,1.8969908e-07,0.004423923,3.48882e-07,0.00012502639
L-BFGS-B,4969,1.8962028e-07,0.0044218865,3.4904133e-07,0.0001250181
L-BFGS-B,4970,1.895698e-07,0.004419577,3.4918082e-07,0.00012500836
L-BFGS-B,4971,1.8956514e-07,0.004417071,3.4927803e-07,0.00012499718
L-BFGS-B,4972,1.8960293e-07,0.0044159247,3.4926478e-07,0.0001249894
L-BFGS-B,4973,1.8974423e-07,0.0044156285,3.4909633e-07,0.00012498237
L-BFGS-B,4974,1.8984765e-07,0.0044209543,3.486315e-07,0.00012498141
L-BFGS-B,4975,1.8978797e-07,0.0044180215,3.4883215e-07,0.00012497324
L-BFGS-B,4976,1.897783e-07,0.0044180206,3.4877317e-07,0.00012496293
L-BFGS-B,4977,1.895016e-07,0.0044179154,3.488501e-07,0.00012493192
L-BFGS-B,4978,1.8919833e-07,0.0044096564,3.4964765e-07,0.00012492345
L-BFGS-B,4979,1.8953622e-07,0.0044166823,3.486215e-07,0.00012489049
L-BFGS-B,4980,1.8955261e-07,0.0044165608,3.4850981e-07,0.00012487496
L-BFGS-B,4981,1.8965164e-07,0.0044149403,3.4834463e-07,0.00012484884
L-BFGS-B,4982,1.8940825e-07,0.0044107097,3.4876828e-07,0.00012483358
L-BFGS-B,4983,1.8929435e-07,0.0044076936,3.4898918e-07,0.00012481946
L-BFGS-B,4984,1.8924555e-07,0.0044054934,3.491188e-07,0.0001248096
L-BFGS-B,4985,1.8929568e-07,0.0044050864,3.4904573e-07,0.00012480207
L-BFGS-B,4986,1.8955313e-07,0.004407143,3.48529e-07,0.00012478375
L-BFGS-B,4987,1.8934318e-07,0.0043978896,3.4922147e-07,0.0001247636
L-BFGS-B,4988,1.9076134e-07,0.0044244826,3.4584951e-07,0.00012473646
L-BFGS-B,4989,1.9042346e-07,0.004418854,3.4631702e-07,0.00012469961
L-BFGS-B,4990,1.9021445e-07,0.0044164592,3.4643216e-07,0.00012466157
L-BFGS-B,4991,1.9011243e-07,0.004416727,3.4632606e-07,0.00012463304
L-BFGS-B,4992,1.9025359e-07,0.0044147233,3.4623486e-07,0.0001246205
L-BFGS-B,4993,1.9023459e-07,0.004408223,3.4699954e-07,0.00012466735
L-BFGS-B,4994,1.901623e-07,0.0044087726,3.4646962e-07,0.00012458251
L-BFGS-B,4995,1.8996741e-07,0.004404846,3.4670958e-07,0.00012455002
L-BFGS-B,4996,1.8962393e-07,0.0043959636,3.4731247e-07,0.0001245001
L-BFGS-B,4997,1.8823488e-07,0.0043716235,3.5106956e-07,0.00012461189
L-BFGS-B,4998,1.8918509e-07,0.004386961,3.482433e-07,0.00012448386
L-BFGS-B,4999,1.8877242e-07,0.00437834,3.4895487e-07,0.00012444251
L-BFGS-B,5000,1.8682145e-07,0.004373656,3.520691e-07,0.00012457014
L-BFGS-B,5001,1.8809935e-07,0.004373837,3.497505e-07,0.00012441585
L-BFGS-B,5002,1.8810213e-07,0.004373967,3.4947607e-07,0.0001243764
L-BFGS-B,5003,1.8818481e-07,0.004373345,3.492803e-07,0.00012435322
L-BFGS-B,5004,1.8808642e-07,0.0043693045,3.4946143e-07,0.00012432522
L-BFGS-B,5005,1.8812608e-07,0.004369515,3.4926816e-07,0.00012430428
L-BFGS-B,5006,1.8859264e-07,0.004386593,3.4783085e-07,0.00012432945
L-BFGS-B,5007,1.8826043e-07,0.004374772,3.486876e-07,0.00012428992
L-BFGS-B,5008,1.8819449e-07,0.004373705,3.48688e-07,0.00012426943
L-BFGS-B,5009,1.8789179e-07,0.004355729,3.512745e-07,0.00012443223
L-BFGS-B,5010,1.8810667e-07,0.0043699015,3.4899318e-07,0.00012426398
L-BFGS-B,5011,1.8814194e-07,0.0043716384,3.487406e-07,0.00012424876
L-BFGS-B,5012,1.8828213e-07,0.00437894,3.4768757e-07,0.00012418485
L-BFGS-B,5013,1.8896681e-07,0.0043777465,3.469206e-07,0.00012416058
L-BFGS-B,5014,1.8736665e-07,0.00436138,3.4925793e-07,0.00012410748
L-BFGS-B,5015,1.8780989e-07,0.0043632374,3.4810768e-07,0.00012402
L-BFGS-B,5016,1.88492e-07,0.0043764007,3.461675e-07,0.00012396293
L-BFGS-B,5017,1.8917774e-07,0.0043893615,3.4417525e-07,0.00012389656
L-BFGS-B,5018,1.8984215e-07,0.0044116164,3.4177663e-07,0.00012385898
L-BFGS-B,5019,1.9069812e-07,0.004419657,3.4014067e-07,0.00012382238
L-BFGS-B,5020,1.9018039e-07,0.0044119684,3.4100393e-07,0.00012379733
L-BFGS-B,5021,1.9003915e-07,0.0044127046,3.409291e-07,0.00012377228
L-BFGS-B,5022,1.9023103e-07,0.004413208,3.405717e-07,0.00012375248
L-BFGS-B,5023,1.9063408e-07,0.0044187927,3.3959864e-07,0.00012372284
L-BFGS-B,5024,1.9117302e-07,0.0044275024,3.3826498e-07,0.00012369073
L-BFGS-B,5025,1.9128399e-07,0.0044246777,3.3819575e-07,0.00012366874
L-BFGS-B,5026,1.9107289e-07,0.0044206483,3.3851597e-07,0.0001236448
L-BFGS-B,5027,1.9064895e-07,0.0044143293,3.3919025e-07,0.00012361917
L-BFGS-B,5028,1.9043448e-07,0.0044141742,3.3929803e-07,0.00012360161
L-BFGS-B,5029,1.9054713e-07,0.0044209682,3.3987322e-07,0.00012377274
L-BFGS-B,5030,1.9040569e-07,0.004413564,3.3927284e-07,0.00012358742
L-BFGS-B,5031,1.906557e-07,0.0044228765,3.3819887e-07,0.00012355695
L-BFGS-B,5032,1.9093805e-07,0.0044492492,3.3622808e-07,0.00012356741
L-BFGS-B,5033,1.9076008e-07,0.00443367,3.372109e-07,0.00012353234
L-BFGS-B,5034,1.9099326e-07,0.0044413395,3.361328e-07,0.00012348231
L-BFGS-B,5035,1.9125892e-07,0.0044459794,3.3513828e-07,0.00012341936
L-BFGS-B,5036,1.9053637e-07,0.0044485535,3.3587935e-07,0.00012344788
L-BFGS-B,5037,1.90883e-07,0.004445317,3.3534766e-07,0.00012338778
L-BFGS-B,5038,1.9091327e-07,0.004451244,3.3456925e-07,0.00012333482
L-BFGS-B,5039,1.9034688e-07,0.004441194,3.3557015e-07,0.0001232995
L-BFGS-B,5040,1.8985462e-07,0.004432437,3.3650718e-07,0.00012327865
L-BFGS-B,5041,1.8978326e-07,0.0044320915,3.364816e-07,0.00012326064
L-BFGS-B,5042,1.8992753e-07,0.004435953,3.3584328e-07,0.00012322515
L-BFGS-B,5043,1.8901066e-07,0.004417763,3.3807842e-07,0.00012324098
L-BFGS-B,5044,1.8953502e-07,0.0044278125,3.3669417e-07,0.00012321249
L-BFGS-B,5045,1.9583374e-07,0.0046459218,3.3798807e-07,0.00012653248
L-BFGS-B,5046,1.8973475e-07,0.004428655,3.3607552e-07,0.0001231581
L-BFGS-B,5047,1.9007864e-07,0.0044272207,3.354167e-07,0.00012309651
L-BFGS-B,5048,1.9036754e-07,0.0044154576,3.3538197e-07,0.000123017
L-BFGS-B,5049,1.9102403e-07,0.004429722,3.3349275e-07,0.00012297474
L-BFGS-B,5050,1.9220509e-07,0.00443715,3.3206376e-07,0.00012301182
L-BFGS-B,5051,1.9145173e-07,0.0044306316,3.3276015e-07,0.0001229381
L-BFGS-B,5052,1.9073141e-07,0.004418074,3.3378467e-07,0.00012285815
L-BFGS-B,5053,1.9011146e-07,0.0044076876,3.347562e-07,0.00012280703
L-BFGS-B,5054,1.904743e-07,0.004421411,3.3339742e-07,0.00012279487
L-BFGS-B,5055,1.9023499e-07,0.0044119526,3.3412044e-07,0.00012277284
L-BFGS-B,5056,1.9075577e-07,0.0044169263,3.329373e-07,0.00012272323
L-BFGS-B,5057,1.9139556e-07,0.004423203,3.314928e-07,0.00012266528
L-BFGS-B,5058,1.914918e-07,0.0044221813,3.3094275e-07,0.000122587
L-BFGS-B,5059,1.9103581e-07,0.004414985,3.3156482e-07,0.00012253995
L-BFGS-B,5060,1.9071736e-07,0.004407995,3.3210756e-07,0.00012250368
L-BFGS-B,5061,1.9055462e-07,0.004408526,3.320141e-07,0.00012247058
L-BFGS-B,5062,1.8996285e-07,0.004447337,3.322921e-07,0.00012281162
L-BFGS-B,5063,1.9030485e-07,0.004410921,3.3197264e-07,0.00012245083
L-BFGS-B,5064,3.379281e-07,0.01945048,3.4923994e-07,0.00029758
L-BFGS-B,5065,1.9097226e-07,0.0044621397,3.3069878e-07,0.00012287205
L-BFGS-B,5066,1.9029824e-07,0.0044134744,3.3170087e-07,0.0001224346
L-BFGS-B,5067,1.9012366e-07,0.0044086496,3.3187146e-07,0.00012238577
L-BFGS-B,5068,1.9003457e-07,0.0044027795,3.3200132e-07,0.00012233318
L-BFGS-B,5069,1.9023358e-07,0.004409526,3.309883e-07,0.00012227855
L-BFGS-B,5070,1.9078301e-07,0.004421089,3.293923e-07,0.0001222372
L-BFGS-B,5071,1.9101634e-07,0.0044289217,3.28492e-07,0.00012221547
L-BFGS-B,5072,1.9096312e-07,0.0044291755,3.284203e-07,0.00012219927
L-BFGS-B,5073,1.907647e-07,0.0044259774,3.2867982e-07,0.00012217645
L-BFGS-B,5074,1.9531247e-07,0.0045195334,3.2485835e-07,0.00012322095
L-BFGS-B,5075,1.9090993e-07,0.004427798,3.2838986e-07,0.00012217295
L-BFGS-B,5076,1.9036136e-07,0.0044174814,3.2944703e-07,0.00012214607
L-BFGS-B,5077,1.9048784e-07,0.004421627,3.289768e-07,0.00012213597
L-BFGS-B,5078,1.9065851e-07,0.0044191205,3.2884583e-07,0.00012211685
L-BFGS-B,5079,1.900049e-07,0.0044112927,3.303173e-07,0.00012216126
L-BFGS-B,5080,1.9041595e-07,0.0044153146,3.2924663e-07,0.00012210253
L-BFGS-B,5081,1.908114e-07,0.0044327904,3.2771715e-07,0.00012210719
L-BFGS-B,5082,1.9057484e-07,0.0044227056,3.2852273e-07,0.00012209169
L-BFGS-B,5083,1.908315e-07,0.004424491,3.280407e-07,0.00012207574
L-BFGS-B,5084,1.9121977e-07,0.0044266772,3.273727e-07,0.000122055644
L-BFGS-B,5085,1.9142202e-07,0.004427409,3.2703284e-07,0.000122042315
L-BFGS-B,5086,1.9139614e-07,0.0044242707,3.2712677e-07,0.00012202114
L-BFGS-B,5087,1.9120407e-07,0.0044187717,3.2752214e-07,0.00012199664
L-BFGS-B,5088,1.9075964e-07,0.004408265,3.2846415e-07,0.00012196622
L-BFGS-B,5089,1.8894666e-07,0.0043897163,3.3356716e-07,0.00012227424
L-BFGS-B,5090,1.9046702e-07,0.004404116,3.2899425e-07,0.00012196035
L-BFGS-B,5091,1.9033598e-07,0.0043996293,3.2917129e-07,0.00012192238
L-BFGS-B,5092,1.9048942e-07,0.0043990095,3.2877068e-07,0.00012187911
L-BFGS-B,5093,1.9118255e-07,0.004404354,3.2771013e-07,0.00012187744
L-BFGS-B,5094,1.9081939e-07,0.004400601,3.2821666e-07,0.00012186142
L-BFGS-B,5095,1.9113966e-07,0.0044055562,3.2748673e-07,0.00012184952
L-BFGS-B,5096,1.9150463e-07,0.004411531,3.2665497e-07,0.00012183924
L-BFGS-B,5097,1.9166932e-07,0.004415677,3.2614423e-07,0.000121828794
L-BFGS-B,5098,1.918671e-07,0.004423398,3.2528007e-07,0.00012180606
L-BFGS-B,5099,1.9129828e-07,0.004410731,3.2979025e-07,0.00012227059
L-BFGS-B,5100,1.9170577e-07,0.0044192076,3.2566405e-07,0.000121797544
L-BFGS-B,5101,1.9177264e-07,0.004434535,3.242391e-07,0.000121747114
L-BFGS-B,5102,1.9164193e-07,0.004441382,3.23714e-07,0.0001217172
L-BFGS-B,5103,1.9181904e-07,0.004452922,3.2289492e-07,0.00012173631
L-BFGS-B,5104,1.9168203e-07,0.0044449596,3.2336087e-07,0.000121706034
L-BFGS-B,5105,1.9161831e-07,0.0044617555,3.2219535e-07,0.000121689605
L-BFGS-B,5106,1.9174979e-07,0.00445153,3.2249417e-07,0.0001216519
L-BFGS-B,5107,1.9214144e-07,0.004450692,3.2201785e-07,0.000121630816
L-BFGS-B,5108,1.9273988e-07,0.004454388,3.209821e-07,0.00012160218
L-BFGS-B,5109,1.936357e-07,0.00446474,3.191332e-07,0.000121562734
L-BFGS-B,5110,1.9399707e-07,0.0044674715,3.182084e-07,0.00012150554
L-BFGS-B,5111,1.9904826e-07,0.0045880005,3.1482477e-07,0.00012296095
L-BFGS-B,5112,1.942037e-07,0.00447266,3.1749437e-07,0.00012148131
L-BFGS-B,5113,1.9393721e-07,0.0044652647,3.1748888e-07,0.00012136656
L-BFGS-B,5114,1.9340327e-07,0.004448929,3.1849353e-07,0.0001212738
L-BFGS-B,5115,1.9252893e-07,0.0044376426,3.2047268e-07,0.000121326666
L-BFGS-B,5116,1.9289938e-07,0.004438971,3.1921462e-07,0.00012120682
L-BFGS-B,5117,1.9175485e-07,0.0044162637,3.2149555e-07,0.000121150195
L-BFGS-B,5118,1.9126321e-07,0.004399946,3.2292172e-07,0.0001211272
L-BFGS-B,5119,1.9157436e-07,0.0044030515,3.2224366e-07,0.000121103214
L-BFGS-B,5120,1.9167008e-07,0.0044036293,3.2203698e-07,0.00012109235
L-BFGS-B,5121,1.9209962e-07,0.004405461,3.2135387e-07,0.000121072626
L-BFGS-B,5122,1.9252442e-07,0.004409237,3.205949e-07,0.000121060264
L-BFGS-B,5123,1.9214941e-07,0.0044009876,3.2169427e-07,0.00012108643
L-BFGS-B,5124,1.9239688e-07,0.0044064177,3.2088136e-07,0.00012105591
L-BFGS-B,5125,1.9302975e-07,0.0044093486,3.1988372e-07,0.000121030505
L-BFGS-B,5126,1.9394051e-07,0.0044306223,3.174526e-07,0.00012101518
L-BFGS-B,5127,1.9326917e-07,0.0044123055,3.1903338e-07,0.00012096844
L-BFGS-B,5128,1.9280894e-07,0.0044026845,3.1993596e-07,0.00012093858
L-BFGS-B,5129,1.897558e-07,0.004488103,3.4919822e-07,0.00012572414
L-BFGS-B,5130,1.9244602e-07,0.004396327,3.206694e-07,0.00012093058
L-BFGS-B,5131,1.9250128e-07,0.0044002137,3.200836e-07,0.00012088987
L-BFGS-B,5132,1.9363311e-07,0.004407871,3.1825215e-07,0.0001208615
L-BFGS-B,5133,1.9311923e-07,0.0044000205,3.1884198e-07,0.000120794386
L-BFGS-B,5134,1.9290997e-07,0.0043927846,3.1929775e-07,0.000120758996
L-BFGS-B,5135,1.929064e-07,0.0043849354,3.195735e-07,0.000120721335
L-BFGS-B,5136,1.9288056e-07,0.004376704,3.1991516e-07,0.000120686396
L-BFGS-B,5137,1.9324214e-07,0.004373344,3.1951515e-07,0.00012064703
L-BFGS-B,5138,1.9137754e-07,0.0043362114,3.243904e-07,0.00012072731
L-BFGS-B,5139,1.9257538e-07,0.004359549,3.209425e-07,0.00012062317
L-BFGS-B,5140,1.934755e-07,0.0043737004,3.1955315e-07,0.0001206913
L-BFGS-B,5141,1.9278662e-07,0.0043623038,3.2044824e-07,0.00012060827
L-BFGS-B,5142,1.9259261e-07,0.004362849,3.204367e-07,0.00012058289
L-BFGS-B,5143,1.9192889e-07,0.004348123,3.220698e-07,0.000120581026
L-BFGS-B,5144,1.9221545e-07,0.004354312,3.212278e-07,0.000120559605
L-BFGS-B,5145,1.9180504e-07,0.004354082,3.2150265e-07,0.00012053697
L-BFGS-B,5146,1.917035e-07,0.004354304,3.214842e-07,0.0001205212
L-BFGS-B,5147,1.916136e-07,0.0043552425,3.2132522e-07,0.00012049324
L-BFGS-B,5148,1.9367846e-07,0.0043678056,3.2104987e-07,0.0001208873
L-BFGS-B,5149,1.9181985e-07,0.0043540956,3.211395e-07,0.00012048485
L-BFGS-B,5150,1.9169006e-07,0.004349892,3.2135242e-07,0.00012045529
L-BFGS-B,5151,1.9158512e-07,0.004346286,3.215287e-07,0.00012042993
L-BFGS-B,5152,1.9141638e-07,0.0043416773,3.2186725e-07,0.00012040931
L-BFGS-B,5153,1.9133975e-07,0.004341793,3.217854e-07,0.0001203867
L-BFGS-B,5154,1.9123179e-07,0.004341892,3.2168717e-07,0.00012035676
L-BFGS-B,5155,1.9224505e-07,0.0043575866,3.2041564e-07,0.00012047497
L-BFGS-B,5156,1.9136984e-07,0.0043434137,3.214031e-07,0.00012035007
L-BFGS-B,5157,1.9129787e-07,0.00434242,3.2131013e-07,0.0001203154
L-BFGS-B,5158,1.9137974e-07,0.004349323,3.2063485e-07,0.00012029542
L-BFGS-B,5159,1.9141831e-07,0.0043472215,3.2063585e-07,0.00012028034
L-BFGS-B,5160,1.913043e-07,0.004345195,3.2076284e-07,0.00012026202
L-BFGS-B,5161,1.9124256e-07,0.004344657,3.2082409e-07,0.00012025657
L-BFGS-B,5162,1.9104583e-07,0.0043426035,3.2109304e-07,0.000120246856
L-BFGS-B,5163,1.908299e-07,0.004340385,3.2140295e-07,0.00012023878
L-BFGS-B,5164,1.9057117e-07,0.0043372763,3.217719e-07,0.00012022422
L-BFGS-B,5165,1.9037117e-07,0.004334192,3.2210406e-07,0.0001202132
L-BFGS-B,5166,1.9039977e-07,0.004332144,3.2211346e-07,0.00012019843
L-BFGS-B,5167,1.9050177e-07,0.004332532,3.218705e-07,0.000120181154
L-BFGS-B,5168,1.9090459e-07,0.004351012,3.2315626e-07,0.00012061924
L-BFGS-B,5169,1.9048346e-07,0.004329621,3.2201692e-07,0.000120171266
L-BFGS-B,5170,1.9061848e-07,0.004333876,3.2133477e-07,0.00012013175
L-BFGS-B,5171,1.9066269e-07,0.004343288,3.2038102e-07,0.00012008944
L-BFGS-B,5172,1.906349e-07,0.0043422864,3.202814e-07,0.00012006031
L-BFGS-B,5173,1.9076587e-07,0.0043469635,3.195665e-07,0.00012001949
L-BFGS-B,5174,1.908734e-07,0.004352776,3.1894746e-07,0.000120000885
L-BFGS-B,5175,1.910654e-07,0.0043558683,3.184353e-07,0.000119983786
L-BFGS-B,5176,1.9125874e-07,0.0043612807,3.1771802e-07,0.00011995932
L-BFGS-B,5177,1.9137819e-07,0.004363762,3.1748775e-07,0.00011996752
L-BFGS-B,5178,1.9129503e-07,0.0043618404,3.1760416e-07,0.000119953285
L-BFGS-B,5179,1.9124393e-07,0.004359801,3.177357e-07,0.00011994495
L-BFGS-B,5180,1.9136637e-07,0.0043599526,3.1747064e-07,0.00011992508
L-BFGS-B,5181,1.911602e-07,0.0043600993,3.1755803e-07,0.00011990873
L-BFGS-B,5182,1.9100489e-07,0.0043562404,3.1779646e-07,0.00011988261
L-BFGS-B,5183,1.901155e-07,0.004339033,3.1925535e-07,0.00011979595
L-BFGS-B,5184,1.8984737e-07,0.004332676,3.196456e-07,0.00011975071
L-BFGS-B,5185,1.8951539e-07,0.0043343455,3.197568e-07,0.00011973428
L-BFGS-B,5186,1.8963426e-07,0.0043309093,3.1968244e-07,0.0001197066
L-BFGS-B,5187,1.891381e-07,0.0043237894,3.2021026e-07,0.00011964014
L-BFGS-B,5188,1.8937645e-07,0.0043271175,3.194871e-07,0.00011960071
L-BFGS-B,5189,1.8959653e-07,0.004331394,3.1878182e-07,0.000119570694
L-BFGS-B,5190,1.8972658e-07,0.004331267,3.1860583e-07,0.00011956252
L-BFGS-B,5191,1.8978365e-07,0.004329489,3.1857698e-07,0.00011954898
L-BFGS-B,5192,1.9009613e-07,0.004333235,3.1793903e-07,0.00011953762
L-BFGS-B,5193,1.9014561e-07,0.0043318085,3.1788292e-07,0.00011952236
L-BFGS-B,5194,1.9034259e-07,0.004334814,3.173444e-07,0.00011950119
L-BFGS-B,5195,1.902545e-07,0.004330187,3.175998e-07,0.00011948001
L-BFGS-B,5196,1.9035451e-07,0.004333175,3.1714157e-07,0.00011945616
L-BFGS-B,5197,1.9036607e-07,0.0043339576,3.169199e-07,0.00011943247
L-BFGS-B,5198,1.9008448e-07,0.0043334463,3.1704735e-07,0.00011940424
L-BFGS-B,5199,1.8997335e-07,0.0043338025,3.170158e-07,0.00011938639
L-BFGS-B,5200,1.8995613e-07,0.004333547,3.1696663e-07,0.000119373886
L-BFGS-B,5201,1.8990018e-07,0.004332161,3.1702857e-07,0.00011936092
L-BFGS-B,5202,1.8987035e-07,0.0043316456,3.1703772e-07,0.00011935266
L-BFGS-B,5203,1.8989941e-07,0.0043326668,3.1680662e-07,0.00011933257
L-BFGS-B,5204,1.9017449e-07,0.004340752,3.1604438e-07,0.00011934036
L-BFGS-B,5205,1.899847e-07,0.004335321,3.16453e-07,0.000119318865
L-BFGS-B,5206,1.90006e-07,0.0043345117,3.1637356e-07,0.00011930206
L-BFGS-B,5207,1.9024283e-07,0.004339555,3.1567114e-07,0.000119282646
L-BFGS-B,5208,1.9038224e-07,0.004338563,3.1552153e-07,0.00011927119
L-BFGS-B,5209,1.9046298e-07,0.0043364954,3.1546216e-07,0.00011925373
L-BFGS-B,5210,1.9054686e-07,0.0043334635,3.1539176e-07,0.00011922542
L-BFGS-B,5211,1.9037533e-07,0.0043247323,3.1594865e-07,0.000119195916
L-BFGS-B,5212,1.8997447e-07,0.0043164655,3.167289e-07,0.00011917016
L-BFGS-B,5213,1.9040074e-07,0.004330594,3.1535595e-07,0.00011916945
L-BFGS-B,5214,1.9017135e-07,0.0043230336,3.1600678e-07,0.000119157055
L-BFGS-B,5215,1.8964676e-07,0.004320297,3.168534e-07,0.00011917799
L-BFGS-B,5216,1.8994535e-07,0.0043211314,3.1626902e-07,0.00011914347
L-BFGS-B,5217,1.9025589e-07,0.0043628337,3.1746106e-07,0.00011978588
L-BFGS-B,5218,1.8989816e-07,0.0043221205,3.1621684e-07,0.00011913846
L-BFGS-B,5219,1.9231395e-07,0.004429987,3.1159615e-07,0.00011988639
L-BFGS-B,5220,1.9003704e-07,0.004329975,3.154157e-07,0.000119117656
L-BFGS-B,5221,1.8945262e-07,0.004330527,3.1574965e-07,0.000119085606
L-BFGS-B,5222,1.9063722e-07,0.0043344074,3.149487e-07,0.00011918196
L-BFGS-B,5223,1.8968024e-07,0.0043286965,3.1550863e-07,0.0001190653
L-BFGS-B,5224,1.8954881e-07,0.0043232827,3.1585483e-07,0.00011904337
L-BFGS-B,5225,1.889558e-07,0.004312991,3.1697772e-07,0.00011901994
L-BFGS-B,5226,1.8843001e-07,0.0043039457,3.1794386e-07,0.00011899554
L-BFGS-B,5227,1.8811038e-07,0.004306027,3.1790583e-07,0.00011896269
L-BFGS-B,5228,1.8817819e-07,0.0043101613,3.174602e-07,0.00011894737
L-BFGS-B,5229,1.8823012e-07,0.0043157674,3.1690135e-07,0.00011892739
L-BFGS-B,5230,1.8834582e-07,0.0043215873,3.1622304e-07,0.0001189012
L-BFGS-B,5231,1.8856072e-07,0.0043288167,3.1526673e-07,0.000118862285
L-BFGS-B,5232,1.8874512e-07,0.004329824,3.1486002e-07,0.000118839
L-BFGS-B,5233,1.891082e-07,0.0043320567,3.1465524e-07,0.00011888508
L-BFGS-B,5234,1.8881957e-07,0.0043297103,3.1473348e-07,0.00011883006
L-BFGS-B,5235,1.8859384e-07,0.004334098,3.167508e-07,0.00011914268
L-BFGS-B,5236,1.8870038e-07,0.004327586,3.1492675e-07,0.000118819924
L-BFGS-B,5237,1.8885133e-07,0.0043279855,3.1462707e-07,0.00011880162
L-BFGS-B,5238,1.890718e-07,0.0043301154,3.1414885e-07,0.00011878426
L-BFGS-B,5239,1.8911467e-07,0.0043322355,3.139086e-07,0.000118775846
L-BFGS-B,5240,1.8908642e-07,0.004334883,3.136997e-07,0.00011876675
L-BFGS-B,5241,1.8883334e-07,0.0043393616,3.137563e-07,0.00011878206
L-BFGS-B,5242,1.8901261e-07,0.004335686,3.1370547e-07,0.00011876457
L-BFGS-B,5243,1.8888836e-07,0.0043355734,3.137867e-07,0.00011875699
L-BFGS-B,5244,1.8870908e-07,0.004333134,3.140714e-07,0.0001187484
L-BFGS-B,5245,1.8850623e-07,0.004329703,3.1442454e-07,0.00011873664
L-BFGS-B,5246,1.8828955e-07,0.004324684,3.148762e-07,0.0001187217
L-BFGS-B,5247,1.88208e-07,0.004324849,3.147976e-07,0.00011869933
L-BFGS-B,5248,2.026854e-07,0.00472088,3.0275737e-07,0.00012302521
L-BFGS-B,5249,1.8887852e-07,0.0043338784,3.1346968e-07,0.000118691016
L-BFGS-B,5250,1.8872493e-07,0.0043315105,3.136844e-07,0.0001186765
L-BFGS-B,5251,1.8872308e-07,0.0043320847,3.1353954e-07,0.00011866024
L-BFGS-B,5252,1.8897784e-07,0.0043407455,3.1255607e-07,0.00011863754
L-BFGS-B,5253,2.0184984e-07,0.004847403,3.151733e-07,0.0001260275
L-BFGS-B,5254,1.8909806e-07,0.0043430985,3.1218434e-07,0.00011862334
L-BFGS-B,5255,1.8952213e-07,0.004355871,3.1068285e-07,0.00011858946
L-BFGS-B,5256,1.8998425e-07,0.0043780818,3.0840005e-07,0.00011853846
L-BFGS-B,5257,1.9048149e-07,0.004396953,3.066189e-07,0.00011853459
L-BFGS-B,5258,1.9020872e-07,0.004386004,3.0745608e-07,0.00011850976
L-BFGS-B,5259,1.9000697e-07,0.0043829517,3.0773847e-07,0.00011849133
L-BFGS-B,5260,1.8971457e-07,0.0043780534,3.0828897e-07,0.00011848106
L-BFGS-B,5261,1.8954847e-07,0.004373626,3.0865414e-07,0.00011846665
L-BFGS-B,5262,1.8945128e-07,0.0043621827,3.1109317e-07,0.000118703494
L-BFGS-B,5263,1.894972e-07,0.0043703797,3.088939e-07,0.000118462456
L-BFGS-B,5264,1.8937243e-07,0.004369163,3.0900716e-07,0.000118448566
L-BFGS-B,5265,1.8863297e-07,0.0043640803,3.0972208e-07,0.00011839406
L-BFGS-B,5266,1.8814822e-07,0.0043569133,3.1051096e-07,0.00011836801
L-BFGS-B,5267,1.875634e-07,0.004346216,3.1153272e-07,0.000118326585
L-BFGS-B,5268,1.8719427e-07,0.004335602,3.128097e-07,0.000118356606
L-BFGS-B,5269,1.8738814e-07,0.0043410305,3.1196197e-07,0.00011831282
L-BFGS-B,5270,1.8724477e-07,0.0043381033,3.121728e-07,0.00011829367
L-BFGS-B,5271,1.870501e-07,0.0043317187,3.1258256e-07,0.00011826208
L-BFGS-B,5272,1.8729455e-07,0.0043322328,3.1219795e-07,0.0001182462
L-BFGS-B,5273,1.876767e-07,0.0043429635,3.1097667e-07,0.00011822765
L-BFGS-B,5274,1.8793223e-07,0.0043495377,3.1016987e-07,0.00011821069
L-BFGS-B,5275,1.8787857e-07,0.004350876,3.1003228e-07,0.00011819539
L-BFGS-B,5276,1.8770747e-07,0.004352731,3.0993286e-07,0.00011817336
L-BFGS-B,5277,1.8755843e-07,0.0043628216,3.0948442e-07,0.00011818464
L-BFGS-B,5278,1.8763679e-07,0.004355916,3.097494e-07,0.00011816709
L-BFGS-B,5279,1.8745969e-07,0.004354876,3.0991666e-07,0.000118155214
L-BFGS-B,5280,1.8755253e-07,0.0043552136,3.09758e-07,0.00011814872
L-BFGS-B,5281,1.8749886e-07,0.004353467,3.0990833e-07,0.00011814575
L-BFGS-B,5282,1.8747028e-07,0.004352491,3.099879e-07,0.00011814364
L-BFGS-B,5283,1.8740548e-07,0.0043520113,3.1005237e-07,0.000118138785
L-BFGS-B,5284,1.8730412e-07,0.0043528057,3.1005322e-07,0.00011813166
L-BFGS-B,5285,1.8717378e-07,0.0043546134,3.1001287e-07,0.000118124124
L-BFGS-B,5286,1.8714678e-07,0.0043558865,3.098386e-07,0.00011810667
L-BFGS-B,5287,1.8650924e-07,0.004364525,3.1001719e-07,0.00011812421
L-BFGS-B,5288,1.8685603e-07,0.004358282,3.0987692e-07,0.000118092765
L-BFGS-B,5289,1.868811e-07,0.004357684,3.097858e-07,0.000118076874
L-BFGS-B,5290,1.871286e-07,0.00436674,3.0900543e-07,0.00011808751
L-BFGS-B,5291,1.8696488e-07,0.00436068,3.094554e-07,0.000118069845
L-BFGS-B,5292,1.8667545e-07,0.004349817,3.105389e-07,0.00011808032
L-BFGS-B,5293,1.8682474e-07,0.0043555736,3.0987505e-07,0.00011806071
L-BFGS-B,5294,1.867193e-07,0.004353473,3.1006587e-07,0.000118052514
L-BFGS-B,5295,1.8635008e-07,0.0043437197,3.108523e-07,0.000118017546
L-BFGS-B,5296,1.862043e-07,0.0043411045,3.1106498e-07,0.00011800144
L-BFGS-B,5297,1.8607183e-07,0.004336761,3.1128508e-07,0.00011797114
L-BFGS-B,5298,1.859379e-07,0.004334773,3.1131924e-07,0.0001179363
L-BFGS-B,5299,1.8592114e-07,0.004328225,3.115826e-07,0.00011790781
L-BFGS-B,5300,1.8595435e-07,0.004324755,3.115963e-07,0.00011788015
L-BFGS-B,5301,1.8603465e-07,0.0043239533,3.1146286e-07,0.000117864154
L-BFGS-B,5302,1.8621637e-07,0.0043256204,3.1089166e-07,0.000117822405
L-BFGS-B,5303,1.8588025e-07,0.00431412,3.116124e-07,0.0001177651
L-BFGS-B,5304,1.8581868e-07,0.004328782,3.1139092e-07,0.00011786926
L-BFGS-B,5305,1.8578277e-07,0.004313787,3.1147925e-07,0.00011772718
L-BFGS-B,5306,1.8580488e-07,0.0043154084,3.107172e-07,0.0001176324
L-BFGS-B,5307,1.8246102e-07,0.0042912057,3.1567458e-07,0.0001176324
L-BFGS-B,5308,1.8407904e-07,0.0043005096,3.1293948e-07,0.00011755787
L-BFGS-B,5309,1.8451819e-07,0.004314235,3.112938e-07,0.000117514144
L-BFGS-B,5310,1.8356616e-07,0.0042972653,3.1217076e-07,0.0001173332
L-BFGS-B,5311,1.8262672e-07,0.0042766,3.1384363e-07,0.00011723655
L-BFGS-B,5312,1.8138672e-07,0.0042509697,3.1585805e-07,0.00011709641
L-BFGS-B,5313,1.8332203e-07,0.0042703035,3.130926e-07,0.00011716523
L-BFGS-B,5314,1.8203681e-07,0.0042536804,3.1471802e-07,0.00011705003
L-BFGS-B,5315,1.8183478e-07,0.0042571295,3.144549e-07,0.000117014744
L-BFGS-B,5316,1.8162281e-07,0.004253925,3.1468383e-07,0.00011698525
L-BFGS-B,5317,1.8167266e-07,0.0042568594,3.1434948e-07,0.00011697192
L-BFGS-B,5318,1.8153963e-07,0.004256689,3.1438776e-07,0.000116956
L-BFGS-B,5319,1.8151083e-07,0.0042597656,3.1406998e-07,0.00011693478
L-BFGS-B,5320,1.8107795e-07,0.0042624786,3.1427086e-07,0.000116927105
L-BFGS-B,5321,1.8311417e-07,0.0043061175,3.0971165e-07,0.00011698505
L-BFGS-B,5322,1.8175943e-07,0.004275732,3.123936e-07,0.000116880285
L-BFGS-B,5323,1.8144812e-07,0.004266757,3.1299447e-07,0.00011683396
L-BFGS-B,5324,1.8139056e-07,0.004262291,3.1300212e-07,0.00011678181
L-BFGS-B,5325,1.8041023e-07,0.004242952,3.1505616e-07,0.00011674948
L-BFGS-B,5326,1.8062705e-07,0.004247623,3.1429914e-07,0.000116715164
L-BFGS-B,5327,1.8062836e-07,0.00424911,3.14088e-07,0.00011669855
L-BFGS-B,5328,1.8024066e-07,0.0042474223,3.144868e-07,0.00011668334
L-BFGS-B,5329,1.8029692e-07,0.004245697,3.1443005e-07,0.00011666601
L-BFGS-B,5330,1.8019041e-07,0.004245848,3.1442414e-07,0.00011665066
L-BFGS-B,5331,1.8040251e-07,0.0042503974,3.1385002e-07,0.00011664185
L-BFGS-B,5332,1.8093836e-07,0.004262996,3.1246518e-07,0.00011664049
L-BFGS-B,5333,1.8118719e-07,0.004311707,3.10685e-07,0.00011689789
L-BFGS-B,5334,1.8090128e-07,0.0042669666,3.122045e-07,0.00011663553
L-BFGS-B,5335,1.8072001e-07,0.00426192,3.1266967e-07,0.000116627656
L-BFGS-B,5336,1.8067506e-07,0.0042596245,3.1283943e-07,0.000116623414
L-BFGS-B,5337,1.8059194e-07,0.004255984,3.130968e-07,0.00011661314
L-BFGS-B,5338,1.8051031e-07,0.004252259,3.133492e-07,0.00011660152
L-BFGS-B,5339,1.8046298e-07,0.004250262,3.1343743e-07,0.00011658768
L-BFGS-B,5340,1.801447e-07,0.004237717,3.1455843e-07,0.00011658264
L-BFGS-B,5341,1.7970515e-07,0.004229633,3.1530539e-07,0.00011654792
L-BFGS-B,5342,1.8025034e-07,0.004240898,3.1368313e-07,0.000116498995
L-BFGS-B,5343,1.8003999e-07,0.0042333696,3.1408905e-07,0.000116453055
L-BFGS-B,5344,1.790281e-07,0.0042015505,3.165122e-07,0.00011634655
L-BFGS-B,5345,1.8039592e-07,0.004249317,3.135443e-07,0.000116584204
L-BFGS-B,5346,1.7921913e-07,0.004208565,3.157504e-07,0.00011633109
L-BFGS-B,5347,1.7880458e-07,0.004195431,3.1677726e-07,0.00011629159
L-BFGS-B,5348,1.7845811e-07,0.004180294,3.1781894e-07,0.0001162445
L-BFGS-B,5349,1.781048e-07,0.0041796714,3.1799834e-07,0.000116212184
L-BFGS-B,5350,1.7849123e-07,0.0041914554,3.1656907e-07,0.0001161736
L-BFGS-B,5351,1.7889926e-07,0.0042049545,3.1510814e-07,0.00011615065
L-BFGS-B,5352,1.7890567e-07,0.004215468,3.146717e-07,0.00011619128
L-BFGS-B,5353,1.7887936e-07,0.0042069205,3.1496714e-07,0.00011614618
L-BFGS-B,5354,1.7885773e-07,0.0042101187,3.146454e-07,0.000116126655
L-BFGS-B,5355,1.7881405e-07,0.0042102644,3.1449292e-07,0.00011609869
L-BFGS-B,5356,1.7864656e-07,0.004208048,3.145742e-07,0.00011606359
L-BFGS-B,5357,1.7848834e-07,0.0042006555,3.148596e-07,0.00011600874
L-BFGS-B,5358,1.7838782e-07,0.004190625,3.1523732e-07,0.00011595002
L-BFGS-B,5359,1.7864504e-07,0.004181397,3.151076e-07,0.000115876865
L-BFGS-B,5360,1.7900554e-07,0.0041829743,3.1430136e-07,0.00011582578
L-BFGS-B,5361,1.7921128e-07,0.0041924696,3.141218e-07,0.00011592466
L-BFGS-B,5362,1.78979e-07,0.00418328,3.141589e-07,0.00011580349
L-BFGS-B,5363,1.7905059e-07,0.004165365,3.1989634e-07,0.00011649569
L-BFGS-B,5364,1.7878621e-07,0.0041739056,3.1482267e-07,0.000115780385
L-BFGS-B,5365,1.7923571e-07,0.004183008,3.1356043e-07,0.0001157495
L-BFGS-B,5366,1.7926662e-07,0.0041834493,3.1338746e-07,0.000115732604
L-BFGS-B,5367,1.7915599e-07,0.004183568,3.1334926e-07,0.00011571147
L-BFGS-B,5368,1.7874446e-07,0.0041779815,3.139985e-07,0.00011569126
L-BFGS-B,5369,1.7825856e-07,0.0041714148,3.1479416e-07,0.000115672054
L-BFGS-B,5370,1.7781313e-07,0.0041660205,3.155193e-07,0.00011566007
L-BFGS-B,5371,1.7697327e-07,0.0041560503,3.17031e-07,0.00011566114
L-BFGS-B,5372,1.7741948e-07,0.0041612526,3.1620942e-07,0.00011565686
L-BFGS-B,5373,1.7755441e-07,0.004163909,3.158899e-07,0.00011565573
L-BFGS-B,5374,1.7745161e-07,0.0041610994,3.1611117e-07,0.00011564541
L-BFGS-B,5375,1.7730338e-07,0.0041560247,3.1651444e-07,0.000115632916
L-BFGS-B,5376,1.7720849e-07,0.0041562733,3.1700804e-07,0.00011569521
L-BFGS-B,5377,1.7725694e-07,0.004155019,3.1659246e-07,0.0001156276
L-BFGS-B,5378,1.7716633e-07,0.0041479636,3.1703294e-07,0.000115609524
L-BFGS-B,5379,1.7723792e-07,0.004147322,3.1687466e-07,0.00011559011
L-BFGS-B,5380,1.7730513e-07,0.0041458625,3.1677132e-07,0.000115570096
L-BFGS-B,5381,1.7739434e-07,0.0041462383,3.1657672e-07,0.00011555804
L-BFGS-B,5382,1.7838683e-07,0.0041604578,3.150991e-07,0.00011562747
L-BFGS-B,5383,1.7754066e-07,0.0041479026,3.1629688e-07,0.000115554656
L-BFGS-B,5384,1.7852985e-07,0.004168418,3.1486672e-07,0.00011569366
L-BFGS-B,5385,1.7762767e-07,0.004149361,3.1609454e-07,0.00011555194
L-BFGS-B,5386,1.778065e-07,0.004156274,3.1547066e-07,0.000115554314
L-BFGS-B,5387,1.776987e-07,0.004152152,3.1581789e-07,0.00011554901
L-BFGS-B,5388,1.7766943e-07,0.0041503725,3.1590758e-07,0.00011554028
L-BFGS-B,5389,1.7761725e-07,0.0041497285,3.1591617e-07,0.00011552729
L-BFGS-B,5390,1.7762908e-07,0.0041488954,3.159148e-07,0.00011552054
L-BFGS-B,5391,1.7741844e-07,0.0041433866,3.1649242e-07,0.000115520495
L-BFGS-B,5392,1.775179e-07,0.004145919,3.161982e-07,0.00011551661
L-BFGS-B,5393,1.7762441e-07,0.0041409526,3.1660443e-07,0.00011554385
L-BFGS-B,5394,1.7753071e-07,0.004143495,3.162863e-07,0.0001155075
L-BFGS-B,5395,1.7754756e-07,0.0041427133,3.162692e-07,0.00011549964
L-BFGS-B,5396,1.7761103e-07,0.00414069,3.1623216e-07,0.00011548337
L-BFGS-B,5397,1.7762109e-07,0.0041406103,3.1617907e-07,0.00011547613
L-BFGS-B,5398,1.7763381e-07,0.004140207,3.160065e-07,0.000115448114
L-BFGS-B,5399,1.7758808e-07,0.00414561,3.157501e-07,0.00011545683
L-BFGS-B,5400,1.7760291e-07,0.004141621,3.1585085e-07,0.000115434275
L-BFGS-B,5401,1.7775263e-07,0.0041440134,3.1541202e-07,0.000115414834
L-BFGS-B,5402,1.7812286e-07,0.0041522533,3.1439413e-07,0.00011540008
L-BFGS-B,5403,1.7821155e-07,0.0041523417,3.1417994e-07,0.000115382136
L-BFGS-B,5404,1.7840517e-07,0.004150822,3.138861e-07,0.00011535191
L-BFGS-B,5405,1.7813768e-07,0.0041476074,3.1424096e-07,0.00011533286
L-BFGS-B,5406,1.7788514e-07,0.004143982,3.1459606e-07,0.000115312
L-BFGS-B,5407,1.7778754e-07,0.0041566663,3.141521e-07,0.0001153576
L-BFGS-B,5408,1.7782328e-07,0.0041467072,3.1439492e-07,0.0001152998
L-BFGS-B,5409,1.7766507e-07,0.004144336,3.146076e-07,0.00011528426
L-BFGS-B,5410,1.7774958e-07,0.004147479,3.1426794e-07,0.00011527742
L-BFGS-B,5411,1.7797342e-07,0.0041522956,3.136717e-07,0.00011526972
L-BFGS-B,5412,1.780587e-07,0.0041566356,3.1324566e-07,0.00011526201
L-BFGS-B,5413,1.7812417e-07,0.00415916,3.1288923e-07,0.00011524361
L-BFGS-B,5414,1.782372e-07,0.004166922,3.121584e-07,0.000115228555
L-BFGS-B,5415,1.7808368e-07,0.0041743363,3.1272384e-07,0.000115364484
L-BFGS-B,5416,1.7812128e-07,0.0041666296,3.1216754e-07,0.000115209616
L-BFGS-B,5417,1.7813358e-07,0.004166127,3.1203203e-07,0.00011518611
L-BFGS-B,5418,1.7798747e-07,0.004157668,3.124412e-07,0.00011514098
L-BFGS-B,5419,1.7779128e-07,0.004149888,3.130134e-07,0.00011511958
L-BFGS-B,5420,1.7742282e-07,0.0041334657,3.1416127e-07,0.00011507227
L-BFGS-B,5421,1.7815844e-07,0.0041395375,3.1279612e-07,0.000115038565
L-BFGS-B,5422,1.7781375e-07,0.004123439,3.143951e-07,0.00011506572
L-BFGS-B,5423,1.7782776e-07,0.0041273776,3.1341477e-07,0.00011496016
L-BFGS-B,5424,1.7750624e-07,0.0041217697,3.1354773e-07,0.000114875795
L-BFGS-B,5425,1.7767064e-07,0.004124629,3.12571e-07,0.000114782524
L-BFGS-B,5426,1.7826386e-07,0.0041361954,3.1103392e-07,0.00011475662
L-BFGS-B,5427,1.783175e-07,0.00413174,3.1107717e-07,0.0001147266
L-BFGS-B,5428,1.786281e-07,0.004134906,3.10376e-07,0.00011469967
L-BFGS-B,5429,1.7899454e-07,0.0041355607,3.096275e-07,0.00011464891
L-BFGS-B,5430,1.7944728e-07,0.004144659,3.0827732e-07,0.000114605275
L-BFGS-B,5431,1.7917887e-07,0.0042051203,3.2359557e-07,0.00011746737
L-BFGS-B,5432,1.7916815e-07,0.004139278,3.0879207e-07,0.000114586815
L-BFGS-B,5433,1.7919112e-07,0.0041426616,3.0830415e-07,0.0001145509
L-BFGS-B,5434,1.7830982e-07,0.0041389703,3.0914285e-07,0.00011450761
L-BFGS-B,5435,1.7844e-07,0.0041414695,3.086679e-07,0.00011448088
L-BFGS-B,5436,1.7834725e-07,0.004136361,3.0882737e-07,0.0001144398
L-BFGS-B,5437,1.7821239e-07,0.004128045,3.0931122e-07,0.00011440899
L-BFGS-B,5438,1.7798217e-07,0.004116371,3.1008676e-07,0.00011437405
L-BFGS-B,5439,1.7744331e-07,0.0041037076,3.1124793e-07,0.00011434076
L-BFGS-B,5440,1.772835e-07,0.0040940573,3.1196348e-07,0.00011432762
L-BFGS-B,5441,1.773996e-07,0.0040998175,3.111975e-07,0.00011428774
L-BFGS-B,5442,1.7741291e-07,0.004102924,3.108317e-07,0.00011426593
L-BFGS-B,5443,1.7755512e-07,0.0041097747,3.1000693e-07,0.000114232054
L-BFGS-B,5444,1.7757701e-07,0.0041134283,3.095284e-07,0.000114200084
L-BFGS-B,5445,1.7784505e-07,0.004124106,3.0835056e-07,0.000114170405
L-BFGS-B,5446,1.7788824e-07,0.0041278587,3.077077e-07,0.00011411798
L-BFGS-B,5447,1.7761579e-07,0.004117105,3.0841127e-07,0.00011407511
L-BFGS-B,5448,1.7786903e-07,0.004116919,3.0789505e-07,0.0001140338
L-BFGS-B,5449,1.7804668e-07,0.0041198037,3.074134e-07,0.00011401704
L-BFGS-B,5450,1.7807636e-07,0.0041220216,3.0707866e-07,0.00011399346
L-BFGS-B,5451,1.7819842e-07,0.0041268496,3.0644787e-07,0.00011396544
L-BFGS-B,5452,1.7822305e-07,0.004131164,3.0582527e-07,0.00011391888
L-BFGS-B,5453,1.7794476e-07,0.0041280854,3.0598625e-07,0.00011387051
L-BFGS-B,5454,1.7749414e-07,0.0041193776,3.068255e-07,0.00011384173
L-BFGS-B,5455,1.7695163e-07,0.004109309,3.0782667e-07,0.00011380983
L-BFGS-B,5456,1.7681414e-07,0.004108732,3.082115e-07,0.00011384117
L-BFGS-B,5457,1.7686912e-07,0.0041082446,3.079108e-07,0.000113799426
L-BFGS-B,5458,1.7680877e-07,0.0041060797,3.0789684e-07,0.00011376664
L-BFGS-B,5459,1.771318e-07,0.0041122725,3.0706835e-07,0.00011375274
L-BFGS-B,5460,1.7725596e-07,0.0041123447,3.067344e-07,0.000113721995
L-BFGS-B,5461,1.7736988e-07,0.0041109663,3.0649682e-07,0.00011368967
L-BFGS-B,5462,1.7770344e-07,0.0041098725,3.061189e-07,0.000113672075
L-BFGS-B,5463,1.7763777e-07,0.004109361,3.0609877e-07,0.000113654096
L-BFGS-B,5464,1.7745116e-07,0.004107009,3.063327e-07,0.000113637674
L-BFGS-B,5465,1.7723202e-07,0.004104929,3.064902e-07,0.00011360762
L-BFGS-B,5466,1.7721625e-07,0.0041038007,3.0641627e-07,0.00011358288
L-BFGS-B,5467,1.7722057e-07,0.0041049086,3.060687e-07,0.00011354247
L-BFGS-B,5468,1.8058927e-07,0.0041598496,3.0336463e-07,0.000114191585
L-BFGS-B,5469,1.7756345e-07,0.0041059726,3.0551558e-07,0.000113521586
L-BFGS-B,5470,1.7755177e-07,0.004102229,3.0558263e-07,0.00011349245
L-BFGS-B,5471,1.7744156e-07,0.004100354,3.0557266e-07,0.00011345567
L-BFGS-B,5472,1.7746842e-07,0.0040981984,3.054941e-07,0.00011342636
L-BFGS-B,5473,1.773628e-07,0.0040941555,3.0569848e-07,0.00011340075
L-BFGS-B,5474,1.7677105e-07,0.004082876,3.0695298e-07,0.00011338736
L-BFGS-B,5475,1.7633602e-07,0.0040766047,3.0766327e-07,0.00011336594
L-BFGS-B,5476,1.7646151e-07,0.0040772054,3.0728643e-07,0.000113334245
L-BFGS-B,5477,1.7630529e-07,0.0040742774,3.07517e-07,0.00011331611
L-BFGS-B,5478,1.7599947e-07,0.0040690247,3.0801172e-07,0.00011329193
L-BFGS-B,5479,1.7577551e-07,0.004065932,3.083001e-07,0.00011327065
L-BFGS-B,5480,1.9040336e-07,0.0046162736,3.107238e-07,0.00012133181
L-BFGS-B,5481,1.7591789e-07,0.004068673,3.079657e-07,0.00011326927
L-BFGS-B,5482,1.7590253e-07,0.004069322,3.0780222e-07,0.00011324893
L-BFGS-B,5483,1.757077e-07,0.0040653497,3.0882867e-07,0.000113333954
L-BFGS-B,5484,1.7584385e-07,0.004067723,3.0794325e-07,0.000113245296
L-BFGS-B,5485,1.7595269e-07,0.0040715365,3.0745343e-07,0.000113226284
L-BFGS-B,5486,1.7630349e-07,0.0040782467,3.0796386e-07,0.00011342256
L-BFGS-B,5487,1.7595406e-07,0.0040708124,3.074601e-07,0.000113220245
L-BFGS-B,5488,1.7629714e-07,0.004074472,3.067762e-07,0.00011320572
L-BFGS-B,5489,1.7618899e-07,0.0040744264,3.067458e-07,0.000113184484
L-BFGS-B,5490,1.7595941e-07,0.004072878,3.070025e-07,0.00011317307
L-BFGS-B,5491,1.7590153e-07,0.004071224,3.0713636e-07,0.000113167924
L-BFGS-B,5492,1.7579531e-07,0.0040683034,3.0741705e-07,0.00011316489
L-BFGS-B,5493,1.7592636e-07,0.004065801,3.0746378e-07,0.00011316653
L-BFGS-B,5494,1.7584574e-07,0.00406707,3.0742967e-07,0.00011316201
L-BFGS-B,5495,1.7484022e-07,0.0040470506,3.0976295e-07,0.000113160975
L-BFGS-B,5496,1.7531876e-07,0.0040565277,3.0860744e-07,0.00011315421
L-BFGS-B,5497,1.753574e-07,0.00405728,3.0847565e-07,0.00011314776
L-BFGS-B,5498,1.7557625e-07,0.004059755,3.0795564e-07,0.00011312733
L-BFGS-B,5499,1.7620623e-07,0.00408401,3.0589513e-07,0.0001131553
L-BFGS-B,5500,1.7575941e-07,0.004066713,3.0725909e-07,0.0001131199
L-BFGS-B,5501,1.7576959e-07,0.0040656915,3.072363e-07,0.000113107795
L-BFGS-B,5502,1.7559509e-07,0.004060964,3.0762948e-07,0.00011309332
L-BFGS-B,5503,1.7543188e-07,0.004056165,3.0802232e-07,0.000113079775
L-BFGS-B,5504,1.7512937e-07,0.004046875,3.0878874e-07,0.00011305646
L-BFGS-B,5505,1.7792824e-07,0.0041098697,3.06656e-07,0.00011378634
L-BFGS-B,5506,1.75215e-07,0.004048239,3.0859593e-07,0.000113054026
L-BFGS-B,5507,1.7519352e-07,0.004043755,3.087918e-07,0.00011303535
L-BFGS-B,5508,1.7436646e-07,0.0040514166,3.1021526e-07,0.00011320142
L-BFGS-B,5509,1.7505116e-07,0.0040436126,3.0891786e-07,0.00011303148
L-BFGS-B,5510,1.7513244e-07,0.004042783,3.08786e-07,0.0001130156
L-BFGS-B,5511,1.7519638e-07,0.0040425844,3.0862535e-07,0.0001129991
L-BFGS-B,5512,1.7515428e-07,0.004043216,3.085381e-07,0.00011298602
L-BFGS-B,5513,1.7499413e-07,0.004042983,3.0860616e-07,0.00011296987
L-BFGS-B,5514,1.7462553e-07,0.0040462227,3.0874077e-07,0.000112967165
L-BFGS-B,5515,1.7446307e-07,0.0040396103,3.0916436e-07,0.000112940215
L-BFGS-B,5516,1.7450391e-07,0.004038295,3.091444e-07,0.000112930196
L-BFGS-B,5517,1.7444978e-07,0.004037923,3.0917892e-07,0.00011292353
L-BFGS-B,5518,1.744238e-07,0.004037833,3.0917025e-07,0.000112917434
L-BFGS-B,5519,1.7436324e-07,0.004037635,3.091869e-07,0.00011290886
L-BFGS-B,5520,1.743691e-07,0.0040388447,3.0902902e-07,0.00011289817
L-BFGS-B,5521,1.7414662e-07,0.0040361322,3.0937403e-07,0.00011288942
L-BFGS-B,5522,1.7420781e-07,0.004036964,3.0919293e-07,0.00011287975
L-BFGS-B,5523,1.7429657e-07,0.0040384405,3.0893705e-07,0.00011286944
L-BFGS-B,5524,1.7437578e-07,0.0040395325,3.0873355e-07,0.00011286173
L-BFGS-B,5525,1.7472114e-07,0.004046654,3.0834056e-07,0.00011292579
L-BFGS-B,5526,1.74415e-07,0.0040401085,3.0862648e-07,0.00011285731
L-BFGS-B,5527,1.7438173e-07,0.004039074,3.0862333e-07,0.000112841495
L-BFGS-B,5528,1.7431046e-07,0.004036641,3.086656e-07,0.00011281282
L-BFGS-B,5529,1.7411452e-07,0.004034101,3.0875444e-07,0.000112771355
L-BFGS-B,5530,1.7394818e-07,0.0040329956,3.0886764e-07,0.000112752336
L-BFGS-B,5531,1.7404305e-07,0.004029825,3.0887742e-07,0.00011273632
L-BFGS-B,5532,1.7430257e-07,0.004034693,3.0819064e-07,0.00011272091
L-BFGS-B,5533,1.7447009e-07,0.0040368126,3.0778153e-07,0.00011270587
L-BFGS-B,5534,1.7494206e-07,0.0040535918,3.0636141e-07,0.00011273144
L-BFGS-B,5535,1.7460209e-07,0.0040415516,3.0729703e-07,0.00011270038
L-BFGS-B,5536,1.7503072e-07,0.004041747,3.0674843e-07,0.00011268434
L-BFGS-B,5537,1.8039663e-07,0.004300388,3.1984362e-07,0.00011803991
L-BFGS-B,5538,1.750618e-07,0.0040419954,3.0662767e-07,0.00011267337
L-BFGS-B,5539,1.74587e-07,0.004035828,3.073403e-07,0.00011264737
L-BFGS-B,5540,1.7467097e-07,0.0040328647,3.0717595e-07,0.00011260568
L-BFGS-B,5541,1.7457796e-07,0.0040311036,3.071203e-07,0.00011256577
L-BFGS-B,5542,1.745143e-07,0.0040269257,3.0702526e-07,0.00011250019
L-BFGS-B,5543,1.7522622e-07,0.0041010706,3.0797878e-07,0.00011349146
L-BFGS-B,5544,1.7436649e-07,0.004025553,3.0705613e-07,0.00011246892
L-BFGS-B,5545,1.7455429e-07,0.004026994,3.0635584e-07,0.00011240646
L-BFGS-B,5546,1.7490035e-07,0.004035794,3.0499396e-07,0.00011234208
L-BFGS-B,5547,1.7541855e-07,0.004051246,3.0349784e-07,0.000112349924
L-BFGS-B,5548,1.7511172e-07,0.004040743,3.0426833e-07,0.00011231444
L-BFGS-B,5549,1.7526746e-07,0.0040489337,3.0332615e-07,0.00011227837
L-BFGS-B,5550,1.7550458e-07,0.0040562414,3.0232417e-07,0.000112236725
L-BFGS-B,5551,1.7582634e-07,0.004060378,3.0193277e-07,0.00011226765
L-BFGS-B,5552,1.7559185e-07,0.0040567014,3.0214647e-07,0.00011222776
L-BFGS-B,5553,1.755426e-07,0.004058768,3.0198504e-07,0.00011221682
L-BFGS-B,5554,1.7557885e-07,0.004057984,3.0190566e-07,0.00011220251
L-BFGS-B,5555,1.75572e-07,0.004055874,3.0200488e-07,0.00011219527
L-BFGS-B,5556,1.7559502e-07,0.004054024,3.020345e-07,0.00011218466
L-BFGS-B,5557,1.7533665e-07,0.0040479247,3.0256862e-07,0.000112165035
L-BFGS-B,5558,1.7562279e-07,0.004048157,3.021473e-07,0.000112147085
L-BFGS-B,5559,1.7474609e-07,0.004032735,3.0371686e-07,0.000112096786
L-BFGS-B,5560,1.7433638e-07,0.004024859,3.0446816e-07,0.000112069276
L-BFGS-B,5561,1.7398924e-07,0.0040171933,3.0498032e-07,0.00011201737
L-BFGS-B,5562,1.8484884e-07,0.004370052,3.31318e-07,0.000121125544
L-BFGS-B,5563,1.7396755e-07,0.004015193,3.0509136e-07,0.00011201076
L-BFGS-B,5564,1.740788e-07,0.004014958,3.0469303e-07,0.00011196536
L-BFGS-B,5565,1.741645e-07,0.004015683,3.0430127e-07,0.000111926696
L-BFGS-B,5566,1.743305e-07,0.004018495,3.037927e-07,0.00011190343
L-BFGS-B,5567,1.7443365e-07,0.00401465,3.040069e-07,0.00011191258
L-BFGS-B,5568,1.7435747e-07,0.0040164483,3.0385348e-07,0.00011189612
L-BFGS-B,5569,1.7395038e-07,0.0040103868,3.045696e-07,0.00011188186
L-BFGS-B,5570,1.733085e-07,0.0040025,3.056105e-07,0.00011186286
L-BFGS-B,5571,1.7284704e-07,0.0039954614,3.064241e-07,0.00011184529
L-BFGS-B,5572,1.7255647e-07,0.0039896453,3.0701662e-07,0.000111832414
L-BFGS-B,5573,1.725584e-07,0.003989502,3.0695134e-07,0.00011182147
L-BFGS-B,5574,1.7259465e-07,0.003985761,3.071017e-07,0.00011181206
L-BFGS-B,5575,1.7218433e-07,0.0039797127,3.07881e-07,0.00011180692
L-BFGS-B,5576,1.7237205e-07,0.003984654,3.0727006e-07,0.000111792855
L-BFGS-B,5577,1.7257953e-07,0.003988701,3.067347e-07,0.000111784146
L-BFGS-B,5578,1.7265653e-07,0.0039906544,3.0645467e-07,0.00011177322
L-BFGS-B,5579,1.7262917e-07,0.00399066,3.0637307e-07,0.00011175693
L-BFGS-B,5580,1.7241935e-07,0.003987651,3.0654937e-07,0.00011172182
L-BFGS-B,5581,1.7525468e-07,0.004206171,3.2257105e-07,0.000116735566
L-BFGS-B,5582,1.7231328e-07,0.0039861333,3.0673675e-07,0.00011171884
L-BFGS-B,5583,1.7180523e-07,0.00397713,3.0746952e-07,0.00011166252
L-BFGS-B,5584,1.7150495e-07,0.0039721467,3.0778722e-07,0.00011161529
L-BFGS-B,5585,1.7094057e-07,0.00396179,3.0852107e-07,0.00011153714
L-BFGS-B,5586,1.698073e-07,0.003960209,3.1023956e-07,0.000111609115
L-BFGS-B,5587,1.7038926e-07,0.0039554224,3.091914e-07,0.00011149132
L-BFGS-B,5588,1.7000359e-07,0.003950602,3.0953248e-07,0.00011143643
L-BFGS-B,5589,1.6988656e-07,0.0039472706,3.0947646e-07,0.00011137716
L-BFGS-B,5590,1.7101154e-07,0.003966918,3.0698484e-07,0.000111368645
L-BFGS-B,5591,1.7022478e-07,0.003955639,3.0817404e-07,0.000111316214
L-BFGS-B,5592,1.6989375e-07,0.003948136,3.0887617e-07,0.000111296846
L-BFGS-B,5593,1.6956196e-07,0.0039455383,3.093226e-07,0.00011128806
L-BFGS-B,5594,1.696169e-07,0.0039446196,3.0915268e-07,0.00011126163
L-BFGS-B,5595,1.7006315e-07,0.00395191,3.0808846e-07,0.00011124184
L-BFGS-B,5596,1.7038273e-07,0.0039581773,3.0724476e-07,0.0001112259
L-BFGS-B,5597,1.7112866e-07,0.0039730673,3.0596337e-07,0.00011129448
L-BFGS-B,5598,1.7055721e-07,0.0039600804,3.066214e-07,0.00011117759
L-BFGS-B,5599,1.7093947e-07,0.0039694253,3.0577456e-07,0.000111201356
L-BFGS-B,5600,1.7067181e-07,0.0039622993,3.0621663e-07,0.00011115626
L-BFGS-B,5601,1.7117814e-07,0.003971746,3.0477761e-07,0.00011111083
L-BFGS-B,5602,1.7127608e-07,0.0039736875,3.0436195e-07,0.00011108258
L-BFGS-B,5603,1.7129554e-07,0.003974243,3.0418613e-07,0.000111064684
L-BFGS-B,5604,1.7140233e-07,0.003976972,3.0375654e-07,0.00011104355
L-BFGS-B,5605,1.7138444e-07,0.0039781756,3.0346615e-07,0.00011100934
L-BFGS-B,5606,1.72839e-07,0.0039973757,3.014908e-07,0.00011112321
L-BFGS-B,5607,1.7172253e-07,0.0039814017,3.027919e-07,0.00011099118
L-BFGS-B,5608,1.7134057e-07,0.003970454,3.0359797e-07,0.00011094532
L-BFGS-B,5609,1.7394923e-07,0.004065698,2.9818878e-07,0.000111477675
L-BFGS-B,5610,1.7160504e-07,0.0039816657,3.0239224e-07,0.00011091625
L-BFGS-B,5611,1.7117297e-07,0.0039726784,3.031863e-07,0.000110880675
L-BFGS-B,5612,1.7104189e-07,0.003972752,3.0289218e-07,0.00011081762
L-BFGS-B,5613,1.7126328e-07,0.0039767018,3.021476e-07,0.00011077865
L-BFGS-B,5614,1.7159836e-07,0.0039847335,3.0103948e-07,0.000110743014
L-BFGS-B,5615,1.7211158e-07,0.003996033,2.9948276e-07,0.00011069949
L-BFGS-B,5616,1.7239752e-07,0.0040031904,2.984462e-07,0.00011065846
L-BFGS-B,5617,1.731261e-07,0.004020501,2.9621256e-07,0.000110605804
L-BFGS-B,5618,1.7311567e-07,0.004022763,2.957114e-07,0.00011055169
L-BFGS-B,5619,1.7285629e-07,0.0040198625,2.957126e-07,0.00011048396
L-BFGS-B,5620,1.7233616e-07,0.0040143607,2.961451e-07,0.000110415785
L-BFGS-B,5621,1.7179428e-07,0.0040104724,2.9632957e-07,0.0001103233
L-BFGS-B,5622,1.7104821e-07,0.004018893,2.9639716e-07,0.000110305744
L-BFGS-B,5623,1.7137192e-07,0.004011196,2.9633563e-07,0.0001102681
L-BFGS-B,5624,1.7050499e-07,0.004007241,2.9734485e-07,0.000110249886
L-BFGS-B,5625,1.7054013e-07,0.004005103,2.9699154e-07,0.00011018078
L-BFGS-B,5626,1.7041971e-07,0.004001567,2.97261e-07,0.00011016778
L-BFGS-B,5627,1.703731e-07,0.0040009245,2.9726687e-07,0.00011015524
L-BFGS-B,5628,1.7032094e-07,0.004000189,2.9726243e-07,0.00011013939
L-BFGS-B,5629,1.7085563e-07,0.0040102066,2.960267e-07,0.00011013442
L-BFGS-B,5630,1.7264578e-07,0.004047297,2.9401656e-07,0.00011047232
L-BFGS-B,5631,1.7103007e-07,0.004012847,2.9561107e-07,0.000110124645
L-BFGS-B,5632,1.708446e-07,0.0040069423,2.9604877e-07,0.00011010343
L-BFGS-B,5633,1.7076417e-07,0.004002912,2.9612002e-07,0.000110061745
L-BFGS-B,5634,1.7080694e-07,0.0040011196,2.958337e-07,0.00011000729
L-BFGS-B,5635,1.7113514e-07,0.0040134713,2.9447645e-07,0.00010997645
L-BFGS-B,5636,1.7144612e-07,0.0040203785,2.934177e-07,0.00010993336
L-BFGS-B,5637,1.7127624e-07,0.004018993,2.9357406e-07,0.00010991748
L-BFGS-B,5638,1.7109505e-07,0.00402093,2.9353447e-07,0.00010990372
L-BFGS-B,5639,1.710382e-07,0.004023948,2.9328802e-07,0.00010988841
L-BFGS-B,5640,1.7091979e-07,0.0040237694,2.932513e-07,0.00010986336
L-BFGS-B,5641,1.7075993e-07,0.004027564,2.9269293e-07,0.000109793575
L-BFGS-B,5642,1.709143e-07,0.004030196,2.9223762e-07,0.00010977475
L-BFGS-B,5643,1.7095712e-07,0.004030053,2.9204998e-07,0.00010975159
L-BFGS-B,5644,1.7085327e-07,0.004026046,2.923556e-07,0.00010974179
L-BFGS-B,5645,1.7079104e-07,0.0040230756,2.9249492e-07,0.00010972365
L-BFGS-B,5646,1.7068854e-07,0.0040189754,2.9278226e-07,0.000109710374
L-BFGS-B,5647,1.7061025e-07,0.0040140776,2.930308e-07,0.00010968693
L-BFGS-B,5648,1.7055258e-07,0.004007514,2.9329473e-07,0.00010965224
L-BFGS-B,5649,1.707048e-07,0.0040066927,2.9294927e-07,0.00010961504
L-BFGS-B,5650,1.7091922e-07,0.004008959,2.9223662e-07,0.00010956297
L-BFGS-B,5651,1.713604e-07,0.004020701,2.9066612e-07,0.000109510984
L-BFGS-B,5652,1.716615e-07,0.0040308656,2.894619e-07,0.000109477165
L-BFGS-B,5653,1.7205176e-07,0.00403782,2.8850934e-07,0.00010946236
L-BFGS-B,5654,1.7182214e-07,0.004033784,2.8886126e-07,0.000109440356
L-BFGS-B,5655,1.714936e-07,0.0040234905,2.8969436e-07,0.0001094131
L-BFGS-B,5656,1.7125818e-07,0.0040121307,2.9052464e-07,0.000109388726
L-BFGS-B,5657,1.7104588e-07,0.004000739,2.913172e-07,0.000109361856
L-BFGS-B,5658,1.711216e-07,0.0039988183,2.9120923e-07,0.00010933781
L-BFGS-B,5659,1.7109188e-07,0.0039985655,2.9098516e-07,0.00010929721
L-BFGS-B,5660,1.71233e-07,0.0040009306,2.905135e-07,0.00010927128
L-BFGS-B,5661,1.6976158e-07,0.003968808,2.9596484e-07,0.000109547036
L-BFGS-B,5662,1.7097659e-07,0.0039944625,2.9115242e-07,0.00010926397
L-BFGS-B,5663,1.7113089e-07,0.0039979024,2.9047138e-07,0.000109219356
L-BFGS-B,5664,1.7122059e-07,0.0039985348,2.9005142e-07,0.00010917615
L-BFGS-B,5665,1.7128137e-07,0.003997757,2.8974122e-07,0.00010913095
L-BFGS-B,5666,1.7139085e-07,0.003997868,2.8936992e-07,0.00010909279
L-BFGS-B,5667,1.7148238e-07,0.0039992146,2.8891606e-07,0.00010905191
L-BFGS-B,5668,1.7461049e-07,0.0040312205,2.8738205e-07,0.00010961109
L-BFGS-B,5669,1.7180662e-07,0.0039994293,2.8845756e-07,0.00010903392
L-BFGS-B,5670,1.71705e-07,0.0039984398,2.882311e-07,0.00010897481
L-BFGS-B,5671,1.7126516e-07,0.003992919,2.8818644e-07,0.00010884693
L-BFGS-B,5672,1.7015738e-07,0.0039748712,2.8959002e-07,0.000108710825
L-BFGS-B,5673,1.693608e-07,0.0039716433,2.9152986e-07,0.000108850036
L-BFGS-B,5674,1.6968225e-07,0.0039642877,2.9025531e-07,0.00010863351
L-BFGS-B,5675,1.6910262e-07,0.0039479225,2.914091e-07,0.00010855598
L-BFGS-B,5676,1.6874283e-07,0.0039370093,2.9221866e-07,0.000108514316
L-BFGS-B,5677,1.6853325e-07,0.003932052,2.926822e-07,0.000108502834
L-BFGS-B,5678,1.6844693e-07,0.0039252625,2.9305338e-07,0.000108477674
L-BFGS-B,5679,1.6744147e-07,0.0039211,2.9641058e-07,0.00010878881
L-BFGS-B,5680,1.6817444e-07,0.003921139,2.9348436e-07,0.00010846021
L-BFGS-B,5681,1.6979347e-07,0.003977488,2.9563708e-07,0.000109589455
L-BFGS-B,5682,1.6815153e-07,0.003919417,2.9354513e-07,0.00010844867
L-BFGS-B,5683,1.6776161e-07,0.0039188704,2.9364875e-07,0.00010840026
L-BFGS-B,5684,1.6763623e-07,0.003911241,2.939797e-07,0.0001083548
L-BFGS-B,5685,1.681375e-07,0.0039193775,2.9247823e-07,0.00010828614
L-BFGS-B,5686,1.6831018e-07,0.003920943,2.9193023e-07,0.00010824549
L-BFGS-B,5687,1.6854113e-07,0.0039219027,2.9138982e-07,0.000108208675
L-BFGS-B,5688,1.6829014e-07,0.003918556,2.9169684e-07,0.00010818361
L-BFGS-B,5689,1.678332e-07,0.003909355,2.9251194e-07,0.00010814532
L-BFGS-B,5690,1.6735997e-07,0.0039023387,2.9321748e-07,0.000108110005
L-BFGS-B,5691,1.670912e-07,0.0038976013,2.9349133e-07,0.00010806339
L-BFGS-B,5692,1.6712616e-07,0.0038989077,2.930894e-07,0.00010802141
L-BFGS-B,5693,1.6729368e-07,0.0039032262,2.9237776e-07,0.000107982974
L-BFGS-B,5694,1.6738508e-07,0.0039038628,2.9208107e-07,0.00010795855
L-BFGS-B,5695,1.6733397e-07,0.0039033378,2.920202e-07,0.0001079365
L-BFGS-B,5696,1.6732189e-07,0.0039022313,2.9201135e-07,0.0001079223
L-BFGS-B,5697,1.673221e-07,0.0039029038,2.918945e-07,0.00010791153
L-BFGS-B,5698,1.6751962e-07,0.0039022532,2.9174225e-07,0.00010791181
L-BFGS-B,5699,1.6740923e-07,0.0039023515,2.918086e-07,0.000107906184
L-BFGS-B,5700,1.6733998e-07,0.00390342,2.9170715e-07,0.00010789127
L-BFGS-B,5701,1.675245e-07,0.0039112335,2.9086473e-07,0.00010787073
L-BFGS-B,5702,1.6762438e-07,0.003918746,2.9016587e-07,0.000107855994
L-BFGS-B,5703,1.6779505e-07,0.003924645,2.8949222e-07,0.00010783954
L-BFGS-B,5704,1.6788702e-07,0.0039253007,2.892806e-07,0.00010782815
L-BFGS-B,5705,1.6796729e-07,0.003925809,2.8899947e-07,0.000107803105
L-BFGS-B,5706,1.6792137e-07,0.0039241244,2.889999e-07,0.00010777943
L-BFGS-B,5707,1.6784917e-07,0.003924553,2.8881314e-07,0.00010774487
L-BFGS-B,5708,1.6775721e-07,0.0039250134,2.8869533e-07,0.000107718006
L-BFGS-B,5709,1.6773045e-07,0.0039250925,2.8854078e-07,0.00010769161
L-BFGS-B,5710,1.6788862e-07,0.003926245,2.8808495e-07,0.00010765848
L-BFGS-B,5711,1.6881603e-07,0.003958229,2.8684997e-07,0.00010793219
L-BFGS-B,5712,1.6794095e-07,0.003928309,2.8786397e-07,0.00010765383
L-BFGS-B,5713,1.6813058e-07,0.0039276374,2.8750955e-07,0.00010762239
L-BFGS-B,5714,1.6830626e-07,0.0039157136,2.8803643e-07,0.00010760854
L-BFGS-B,5715,1.6825246e-07,0.003918349,2.8750122e-07,0.00010754654
L-BFGS-B,5716,1.6836215e-07,0.00392339,2.8673858e-07,0.000107499014
L-BFGS-B,5717,1.6999206e-07,0.003966279,2.843231e-07,0.00010781006
L-BFGS-B,5718,1.6855364e-07,0.0039277077,2.8610805e-07,0.00010747633
L-BFGS-B,5719,1.6853527e-07,0.0039248737,2.858041e-07,0.00010739964
L-BFGS-B,5720,1.6739041e-07,0.0038991282,2.9062116e-07,0.00010769302
L-BFGS-B,5721,1.6819347e-07,0.0039158794,2.8661674e-07,0.00010738033
L-BFGS-B,5722,1.6892568e-07,0.00392823,2.845768e-07,0.00010730767
L-BFGS-B,5723,1.6812977e-07,0.0039086225,2.8647398e-07,0.00010727679
L-BFGS-B,5724,1.6782886e-07,0.0039036213,2.8696095e-07,0.00010725469
L-BFGS-B,5725,1.6788825e-07,0.0039059022,2.8657627e-07,0.0001072287
L-BFGS-B,5726,1.6781843e-07,0.003908562,2.8629552e-07,0.00010720271
L-BFGS-B,5727,1.6770801e-07,0.0039090402,2.8631428e-07,0.000107193744
L-BFGS-B,5728,1.6770322e-07,0.0039111,2.860733e-07,0.000107177475
L-BFGS-B,5729,1.6742048e-07,0.0039258264,2.855545e-07,0.00010720451
L-BFGS-B,5730,1.6757585e-07,0.0039152633,2.8585606e-07,0.00010716742
L-BFGS-B,5731,1.6777031e-07,0.00391866,2.8527998e-07,0.00010714414
L-BFGS-B,5732,1.6732436e-07,0.0039154897,2.8594772e-07,0.00010714571
L-BFGS-B,5733,1.6752114e-07,0.0039159697,2.855695e-07,0.00010712329
L-BFGS-B,5734,1.6784212e-07,0.00391767,2.8490902e-07,0.00010708936
L-BFGS-B,5735,1.682928e-07,0.0039212583,2.8405472e-07,0.00010706471
L-BFGS-B,5736,1.6833118e-07,0.0039206324,2.8398028e-07,0.00010705304
L-BFGS-B,5737,1.6837024e-07,0.003919597,2.8390687e-07,0.00010703753
L-BFGS-B,5738,1.6850164e-07,0.0039186925,2.8367123e-07,0.000107012864
L-BFGS-B,5739,1.6860112e-07,0.0039187004,2.83454e-07,0.00010699527
L-BFGS-B,5740,1.6871243e-07,0.0039196783,2.8317706e-07,0.00010698021
L-BFGS-B,5741,1.6881162e-07,0.0039203777,2.828911e-07,0.00010695918
L-BFGS-B,5742,1.6878042e-07,0.003918743,2.828588e-07,0.00010693331
L-BFGS-B,5743,1.6857312e-07,0.003914627,2.8315907e-07,0.000106906096
L-BFGS-B,5744,1.6845009e-07,0.0039186953,2.8309913e-07,0.00010691933
L-BFGS-B,5745,1.6850423e-07,0.0039155046,2.831192e-07,0.00010689856
L-BFGS-B,5746,1.6837335e-07,0.003913817,2.8325496e-07,0.00010688242
L-BFGS-B,5747,1.6811639e-07,0.0039125653,2.834879e-07,0.0001068663
L-BFGS-B,5748,1.6810013e-07,0.00391193,2.8338283e-07,0.00010684175
L-BFGS-B,5749,1.6803165e-07,0.0039114,2.8305e-07,0.00010677625
L-BFGS-B,5750,1.6812999e-07,0.003915548,2.8253467e-07,0.00010675518
L-BFGS-B,5751,1.679549e-07,0.003913208,2.8278282e-07,0.00010674274
L-BFGS-B,5752,1.6799264e-07,0.003914176,2.8262195e-07,0.00010673395
L-BFGS-B,5753,1.6801766e-07,0.0039141425,2.8252347e-07,0.0001067226
L-BFGS-B,5754,1.6795919e-07,0.003912742,2.8256477e-07,0.00010670601
L-BFGS-B,5755,1.6793531e-07,0.003911328,2.825191e-07,0.000106681444
L-BFGS-B,5756,1.6793062e-07,0.0039128214,2.8229408e-07,0.000106661915
L-BFGS-B,5757,1.6798445e-07,0.003915391,2.8196973e-07,0.000106647036
L-BFGS-B,5758,1.6826677e-07,0.003924003,2.809673e-07,0.00010662514
L-BFGS-B,5759,1.6833029e-07,0.003923776,2.8082349e-07,0.00010661082
L-BFGS-B,5760,1.6846293e-07,0.003924732,2.8055175e-07,0.00010659952
L-BFGS-B,5761,1.685733e-07,0.0039254823,2.803422e-07,0.00010659214
L-BFGS-B,5762,1.6856686e-07,0.0039251246,2.8032565e-07,0.000106585125
L-BFGS-B,5763,1.685933e-07,0.0039255815,2.802231e-07,0.00010657827
L-BFGS-B,5764,1.6854537e-07,0.00392555,2.802535e-07,0.00010657533
L-BFGS-B,5765,1.6839302e-07,0.0039220974,2.8057022e-07,0.000106565465
L-BFGS-B,5766,1.6832779e-07,0.003920534,2.8071526e-07,0.0001065618
L-BFGS-B,5767,1.6800166e-07,0.0039132475,2.8144734e-07,0.00010654982
L-BFGS-B,5768,1.6827677e-07,0.003944315,2.816796e-07,0.0001069366
L-BFGS-B,5769,1.6794723e-07,0.0039134435,2.8145806e-07,0.00010654522
L-BFGS-B,5770,1.6788051e-07,0.0039364775,2.83618e-07,0.00010708955
L-BFGS-B,5771,1.677837e-07,0.003911507,2.8166968e-07,0.00010653307
L-BFGS-B,5772,1.6734235e-07,0.0039026754,2.825621e-07,0.00010651242
L-BFGS-B,5773,1.6681967e-07,0.0038929086,2.8357442e-07,0.0001064882
L-BFGS-B,5774,1.6672574e-07,0.0038915805,2.8369178e-07,0.00010647843
L-BFGS-B,5775,1.6678935e-07,0.0038935004,2.8338462e-07,0.0001064611
L-BFGS-B,5776,1.6698253e-07,0.0038988723,2.8269653e-07,0.00010644058
L-BFGS-B,5777,1.6716999e-07,0.003907313,2.817634e-07,0.000106413136
L-BFGS-B,5778,1.6722149e-07,0.0039142,2.8107823e-07,0.00010638696
L-BFGS-B,5779,1.6668811e-07,0.0039096624,2.816761e-07,0.00010635126
L-BFGS-B,5780,1.682828e-07,0.0039992654,2.793184e-07,0.00010713283
L-BFGS-B,5781,1.6668851e-07,0.0039123017,2.8143145e-07,0.000106341
L-BFGS-B,5782,1.6628209e-07,0.0039053187,2.8210647e-07,0.00010631146
L-BFGS-B,5783,1.6561246e-07,0.0038898916,2.8365088e-07,0.00010628841
L-BFGS-B,5784,1.6562339e-07,0.0038937083,2.8363542e-07,0.000106325904
L-BFGS-B,5785,1.6557775e-07,0.00388934,2.8359952e-07,0.00010626999
L-BFGS-B,5786,1.6584782e-07,0.003890533,2.831084e-07,0.00010624876
L-BFGS-B,5787,1.6630821e-07,0.0038954031,2.8212685e-07,0.00010621929
L-BFGS-B,5788,1.6614227e-07,0.0038965167,2.8189353e-07,0.00010617053
L-BFGS-B,5789,1.665487e-07,0.003903355,2.8051e-07,0.00010609235
L-BFGS-B,5790,1.6727417e-07,0.0039216653,2.7838036e-07,0.000106064836
L-BFGS-B,5791,1.667245e-07,0.0039025405,2.796587e-07,0.00010598289
L-BFGS-B,5792,1.6648552e-07,0.003895905,2.8014756e-07,0.00010595401
L-BFGS-B,5793,1.6646909e-07,0.003892876,2.8020986e-07,0.00010593061
L-BFGS-B,5794,1.6649027e-07,0.003898557,2.797419e-07,0.00010592039
L-BFGS-B,5795,1.666361e-07,0.0038997843,2.7943074e-07,0.000105907864
L-BFGS-B,5796,1.667576e-07,0.0039032847,2.7904255e-07,0.00010590287
L-BFGS-B,5797,1.6683663e-07,0.0039066286,2.7870036e-07,0.000105896834
L-BFGS-B,5798,1.6686329e-07,0.003909396,2.7845604e-07,0.00010589186
L-BFGS-B,5799,1.669563e-07,0.003910506,2.7821181e-07,0.00010588027
L-BFGS-B,5800,1.6698245e-07,0.0039108354,2.7804094e-07,0.000105861865
L-BFGS-B,5801,1.6685031e-07,0.003908017,2.7799857e-07,0.00010580751
L-BFGS-B,5802,1.6618388e-07,0.0039060598,2.7896164e-07,0.00010583243
L-BFGS-B,5803,1.665186e-07,0.0039053075,2.7832294e-07,0.000105779305
L-BFGS-B,5804,1.667046e-07,0.00390338,2.7780487e-07,0.00010571022
L-BFGS-B,5805,1.6616438e-07,0.003906687,2.7866048e-07,0.00010579059
L-BFGS-B,5806,1.6644259e-07,0.0039024132,2.7798546e-07,0.000105688334
L-BFGS-B,5807,1.6653475e-07,0.0038989044,2.7781715e-07,0.00010564183
L-BFGS-B,5808,1.686794e-07,0.003957184,2.7850092e-07,0.000106648884
L-BFGS-B,5809,1.6657312e-07,0.0038994472,2.776666e-07,0.000105630425
L-BFGS-B,5810,1.6661747e-07,0.003896931,2.774829e-07,0.00010558436
L-BFGS-B,5811,1.6654354e-07,0.0038911216,2.77742e-07,0.00010555405
L-BFGS-B,5812,1.6632403e-07,0.0038892843,2.7784878e-07,0.00010551877
L-BFGS-B,5813,1.6594778e-07,0.0038855693,2.7817745e-07,0.00010547448
L-BFGS-B,5814,1.6754306e-07,0.003929024,2.7855498e-07,0.00010620494
L-BFGS-B,5815,1.6598202e-07,0.0038863102,2.7805828e-07,0.000105469146
L-BFGS-B,5816,1.6579986e-07,0.0038848107,2.780781e-07,0.000105429805
L-BFGS-B,5817,1.657193e-07,0.0038801813,2.7817694e-07,0.00010538625
L-BFGS-B,5818,1.6462705e-07,0.0038688895,2.8124987e-07,0.00010557043
L-BFGS-B,5819,1.6548609e-07,0.0038767587,2.7858331e-07,0.000105378
L-BFGS-B,5820,1.657181e-07,0.0038758153,2.7830743e-07,0.00010536198
L-BFGS-B,5821,1.6572035e-07,0.0038742064,2.7831038e-07,0.00010534667
L-BFGS-B,5822,1.657558e-07,0.0038760197,2.7807846e-07,0.00010533533
L-BFGS-B,5823,1.6586384e-07,0.0038777716,2.777597e-07,0.00010532125
L-BFGS-B,5824,1.6584511e-07,0.0038773476,2.7770656e-07,0.00010530623
L-BFGS-B,5825,1.6559086e-07,0.0038753932,2.782084e-07,0.00010532382
L-BFGS-B,5826,1.6571057e-07,0.003875614,2.7787337e-07,0.00010529373
L-BFGS-B,5827,1.656623e-07,0.0038753713,2.7785302e-07,0.00010528101
L-BFGS-B,5828,1.6556764e-07,0.003872857,2.779793e-07,0.00010526061
L-BFGS-B,5829,1.6553442e-07,0.0038688914,2.781491e-07,0.00010524144
L-BFGS-B,5830,1.6569058e-07,0.0038640029,2.7812962e-07,0.000105213054
L-BFGS-B,5831,1.6599726e-07,0.0038607235,2.7785333e-07,0.00010518482
L-BFGS-B,5832,1.6639707e-07,0.0038599267,2.7732088e-07,0.000105156956
L-BFGS-B,5833,1.6687075e-07,0.003864391,2.764474e-07,0.00010514163
L-BFGS-B,5834,1.6704165e-07,0.0038730907,2.7618123e-07,0.00010521434
L-BFGS-B,5835,1.6687706e-07,0.0038651642,2.7632962e-07,0.00010513264
L-BFGS-B,5836,1.6683369e-07,0.0038658744,2.7624372e-07,0.00010512036
L-BFGS-B,5837,1.6658625e-07,0.0038659894,2.7633993e-07,0.00010509882
L-BFGS-B,5838,1.6638774e-07,0.003862732,2.7669398e-07,0.00010508958
L-BFGS-B,5839,1.6615692e-07,0.0038746635,2.775412e-07,0.000105301355
L-BFGS-B,5840,1.6630995e-07,0.0038630397,2.7672118e-07,0.00010508507
L-BFGS-B,5841,1.658777e-07,0.0038530466,2.777455e-07,0.00010507395
L-BFGS-B,5842,1.656296e-07,0.0038486032,2.7815454e-07,0.00010505365
L-BFGS-B,5843,1.6557308e-07,0.003847397,2.7820587e-07,0.00010504082
L-BFGS-B,5844,1.6560958e-07,0.0038489935,2.7796924e-07,0.00010502675
L-BFGS-B,5845,1.6561809e-07,0.0038506,2.777449e-07,0.00010501045
L-BFGS-B,5846,1.65926e-07,0.0038603607,2.7666417e-07,0.00010499213
L-BFGS-B,5847,1.6599127e-07,0.0038703955,2.760446e-07,0.000105009334
L-BFGS-B,5848,1.6591248e-07,0.0038632269,2.7634002e-07,0.00010497014
L-BFGS-B,5849,1.6574923e-07,0.0038590485,2.7661605e-07,0.00010494528
L-BFGS-B,5850,1.6542856e-07,0.0038520042,2.7721046e-07,0.00010491589
L-BFGS-B,5851,1.6597694e-07,0.0038624185,2.760533e-07,0.000104928724
L-BFGS-B,5852,1.656042e-07,0.0038551742,2.7678558e-07,0.00010491021
L-BFGS-B,5853,1.6395909e-07,0.003839628,2.8608983e-07,0.000105903615
L-BFGS-B,5854,1.6510974e-07,0.003846731,2.776596e-07,0.00010488272
L-BFGS-B,5855,1.6488278e-07,0.003844047,2.7788548e-07,0.00010485572
L-BFGS-B,5856,1.6481265e-07,0.0038440207,2.7780936e-07,0.0001048335
L-BFGS-B,5857,1.7099359e-07,0.0040810117,2.808393e-07,0.00010858504
L-BFGS-B,5858,1.6479302e-07,0.0038436665,2.778025e-07,0.000104825995
L-BFGS-B,5859,1.6857106e-07,0.0038957652,2.7902144e-07,0.00010609653
L-BFGS-B,5860,1.6494104e-07,0.003843485,2.776074e-07,0.00010481711
L-BFGS-B,5861,1.6478023e-07,0.003843172,2.775348e-07,0.00010477897
L-BFGS-B,5862,1.6467521e-07,0.003844299,2.7732838e-07,0.00010474352
L-BFGS-B,5863,1.6493986e-07,0.0038478621,2.766692e-07,0.000104719984
L-BFGS-B,5864,1.6483096e-07,0.003851358,2.7631938e-07,0.00010468613
L-BFGS-B,5865,1.6511463e-07,0.0038533194,2.7561742e-07,0.000104643
L-BFGS-B,5866,1.6573463e-07,0.0038562613,2.7419532e-07,0.000104552106
L-BFGS-B,5867,1.6567282e-07,0.0038522375,2.7436533e-07,0.000104528095
L-BFGS-B,5868,1.6543443e-07,0.0038458826,2.7486485e-07,0.00010450372
L-BFGS-B,5869,1.6693275e-07,0.003842076,2.7549356e-07,0.0001047847
L-BFGS-B,5870,1.6551334e-07,0.0038441704,2.7487732e-07,0.0001045003
L-BFGS-B,5871,1.653831e-07,0.0038402379,2.751797e-07,0.0001044868
L-BFGS-B,5872,1.650721e-07,0.0038394404,2.7552724e-07,0.00010448431
L-BFGS-B,5873,1.652034e-07,0.0038392243,2.7534404e-07,0.000104474355
L-BFGS-B,5874,1.652608e-07,0.003838367,2.7521816e-07,0.00010445551
L-BFGS-B,5875,1.6522345e-07,0.003837439,2.7522364e-07,0.00010444145
L-BFGS-B,5876,1.6514939e-07,0.003837436,2.7516901e-07,0.00010442211
L-BFGS-B,5877,1.6516087e-07,0.003840645,2.7483622e-07,0.00010440602
L-BFGS-B,5878,1.6515214e-07,0.003845077,2.7441394e-07,0.000104385676
L-BFGS-B,5879,1.6664093e-07,0.0038844456,2.7162315e-07,0.00010458407
L-BFGS-B,5880,1.6531317e-07,0.0038494098,2.7391602e-07,0.00010437847
L-BFGS-B,5881,1.6551732e-07,0.0038597751,2.728411e-07,0.00010435152
L-BFGS-B,5882,1.6565654e-07,0.0038645861,2.7215697e-07,0.00010431789
L-BFGS-B,5883,1.6585334e-07,0.0038660276,2.7168957e-07,0.000104291714
L-BFGS-B,5884,1.660608e-07,0.0038690714,2.7114308e-07,0.00010427129
L-BFGS-B,5885,1.6624695e-07,0.0038717452,2.7067287e-07,0.00010425542
L-BFGS-B,5886,1.6641566e-07,0.0038805879,2.701977e-07,0.00010429788
L-BFGS-B,5887,1.6624442e-07,0.0038731294,2.7052852e-07,0.00010424723
L-BFGS-B,5888,1.6652389e-07,0.003876276,2.7012675e-07,0.000104260354
L-BFGS-B,5889,1.6632984e-07,0.0038736635,2.7036182e-07,0.00010424038
L-BFGS-B,5890,1.6581528e-07,0.0038658641,2.7120817e-07,0.00010421216
L-BFGS-B,5891,1.6544728e-07,0.0038588366,2.7188267e-07,0.00010418786
L-BFGS-B,5892,1.6484816e-07,0.003847847,2.7285822e-07,0.00010413442
L-BFGS-B,5893,1.6434842e-07,0.00384415,2.732306e-07,0.00010407835
L-BFGS-B,5894,1.645833e-07,0.0038406868,2.7274663e-07,0.00010400636
L-BFGS-B,5895,1.6498004e-07,0.0038472174,2.7166126e-07,0.00010396837
L-BFGS-B,5896,1.6538873e-07,0.0038553271,2.7054494e-07,0.00010394332
L-BFGS-B,5897,1.6539066e-07,0.0038546906,2.7049722e-07,0.000103930084
L-BFGS-B,5898,1.6528179e-07,0.0038530398,2.7061253e-07,0.00010391454
L-BFGS-B,5899,1.6514448e-07,0.003852004,2.7069862e-07,0.00010389651
L-BFGS-B,5900,1.6375057e-07,0.0038426341,2.7492987e-07,0.000104228406
L-BFGS-B,5901,1.6488458e-07,0.0038479737,2.7117213e-07,0.00010388824
L-BFGS-B,5902,1.649337e-07,0.0038530899,2.7055347e-07,0.00010385398
L-BFGS-B,5903,1.6511936e-07,0.0038631929,2.6940933e-07,0.000103811224
L-BFGS-B,5904,1.6567726e-07,0.0038768256,2.678094e-07,0.00010379126
L-BFGS-B,5905,1.6554507e-07,0.0038786381,2.677157e-07,0.0001037755
L-BFGS-B,5906,1.655036e-07,0.0038754847,2.678732e-07,0.00010376137
L-BFGS-B,5907,1.6546106e-07,0.0038716618,2.680723e-07,0.00010374663
L-BFGS-B,5908,1.6544276e-07,0.0038694702,2.681541e-07,0.00010373423
L-BFGS-B,5909,1.6547071e-07,0.0038684488,2.6812955e-07,0.00010372453
L-BFGS-B,5910,1.6553429e-07,0.003867701,2.680007e-07,0.00010370725
L-BFGS-B,5911,1.6592391e-07,0.0038681389,2.6745315e-07,0.00010368795
L-BFGS-B,5912,1.6596773e-07,0.0038684858,2.6728017e-07,0.00010367204
L-BFGS-B,5913,1.6512001e-07,0.0038487765,2.69594e-07,0.00010369487
L-BFGS-B,5914,1.6560418e-07,0.003859842,2.6811637e-07,0.0001036565
L-BFGS-B,5915,1.6550943e-07,0.00385918,2.6828417e-07,0.000103660845
L-BFGS-B,5916,1.6552548e-07,0.0038586538,2.6816875e-07,0.000103640676
L-BFGS-B,5917,1.6581126e-07,0.0038611097,2.6750797e-07,0.00010360898
L-BFGS-B,5918,1.6589118e-07,0.0038611405,2.6720338e-07,0.00010357559
L-BFGS-B,5919,1.6589183e-07,0.0038526827,2.67107e-07,0.00010347665
L-BFGS-B,5920,1.6555768e-07,0.0038436514,2.676658e-07,0.00010342003
L-BFGS-B,5921,1.6533764e-07,0.0038355987,2.6807834e-07,0.00010336838
L-BFGS-B,5922,1.6512998e-07,0.0038337535,2.6804722e-07,0.000103314116
L-BFGS-B,5923,1.6461631e-07,0.0038262568,2.6882498e-07,0.000103278755
L-BFGS-B,5924,1.6461485e-07,0.0038249488,2.6871382e-07,0.000103248785
L-BFGS-B,5925,1.646261e-07,0.0038224782,2.6871746e-07,0.00010322632
L-BFGS-B,5926,1.6452381e-07,0.0038199176,2.6889103e-07,0.0001032114
L-BFGS-B,5927,1.6436387e-07,0.003813861,2.6932943e-07,0.00010319261
L-BFGS-B,5928,1.6480716e-07,0.0037995575,2.712172e-07,0.00010339923
L-BFGS-B,5929,1.643625e-07,0.0038093338,2.6957568e-07,0.000103184066
L-BFGS-B,5930,1.6386913e-07,0.0038015533,2.7035244e-07,0.00010314876
L-BFGS-B,5931,1.6329227e-07,0.0037914943,2.7125108e-07,0.00010309645
L-BFGS-B,5932,1.6289943e-07,0.003788898,2.7154957e-07,0.00010305632
L-BFGS-B,5933,1.62395e-07,0.0037881837,2.7206102e-07,0.00010305024
L-BFGS-B,5934,1.6258528e-07,0.0037906799,2.7147107e-07,0.00010301525
L-BFGS-B,5935,1.6275192e-07,0.003791551,2.7112839e-07,0.000102997554
L-BFGS-B,5936,1.6304044e-07,0.003794245,2.704381e-07,0.00010296423
L-BFGS-B,5937,1.6323145e-07,0.0037956503,2.6997546e-07,0.00010293754
L-BFGS-B,5938,1.6340209e-07,0.0037955323,2.6960353e-07,0.00010290617
L-BFGS-B,5939,1.6334923e-07,0.003791106,2.6977128e-07,0.00010287913
L-BFGS-B,5940,1.7979391e-07,0.0043266644,2.698756e-07,0.00011071707
L-BFGS-B,5941,1.6333604e-07,0.0037940592,2.6955522e-07,0.00010287428
L-BFGS-B,5942,1.6324151e-07,0.003791445,2.697406e-07,0.00010286176
L-BFGS-B,5943,1.6301513e-07,0.0037845387,2.7032422e-07,0.00010284629
L-BFGS-B,5944,1.6304848e-07,0.0037831548,2.7030703e-07,0.00010283487
L-BFGS-B,5945,1.6315731e-07,0.003783281,2.7007934e-07,0.0001028183
L-BFGS-B,5946,1.6340101e-07,0.0037852223,2.6957605e-07,0.00010279879
L-BFGS-B,5947,1.638464e-07,0.0037888233,2.6862037e-07,0.00010275825
L-BFGS-B,5948,1.6462367e-07,0.0037952682,2.6695187e-07,0.00010268902
L-BFGS-B,5949,1.6538426e-07,0.0038020331,2.6527948e-07,0.00010261989
L-BFGS-B,5950,1.1968086e-06,0.06757218,6.639059e-07,0.0009548289
L-BFGS-B,5951,1.6663269e-07,0.0039620716,2.675761e-07,0.000104752035
L-BFGS-B,5952,1.6529884e-07,0.0038044099,2.651403e-07,0.00010260997
L-BFGS-B,5953,1.6578713e-07,0.0038111103,2.6369247e-07,0.00010253304
L-BFGS-B,5954,1.6586725e-07,0.0038144712,2.6288973e-07,0.00010245826
L-BFGS-B,5955,1.659198e-07,0.0038167886,2.6234704e-07,0.00010240791
L-BFGS-B,5956,1.8337481e-07,0.00468183,3.0548046e-07,0.000120146586
L-BFGS-B,5957,1.6577e-07,0.0038153727,2.6250675e-07,0.000102395235
L-BFGS-B,5958,1.6546605e-07,0.0038095496,2.6293466e-07,0.000102355596
L-BFGS-B,5959,1.652386e-07,0.0037952913,2.6381895e-07,0.00010231155
L-BFGS-B,5960,1.6527567e-07,0.0037951863,2.6352788e-07,0.00010227239
L-BFGS-B,5961,1.6552514e-07,0.0037998718,2.626999e-07,0.00010223247
L-BFGS-B,5962,1.6585747e-07,0.003803671,2.6190958e-07,0.00010220177
L-BFGS-B,5963,1.6570746e-07,0.0037996394,2.6223256e-07,0.000102187405
L-BFGS-B,5964,1.6895858e-07,0.00385852,2.5745925e-07,0.00010254787
L-BFGS-B,5965,1.660111e-07,0.0038040737,2.615922e-07,0.000102181235
L-BFGS-B,5966,1.6577246e-07,0.0037964724,2.6223105e-07,0.00010216526
L-BFGS-B,5967,1.6599716e-07,0.003793736,2.6197952e-07,0.000102133854
L-BFGS-B,5968,1.6569147e-07,0.0037848991,2.6270234e-07,0.00010210807
L-BFGS-B,5969,1.655331e-07,0.0037844551,2.627629e-07,0.000102088954
L-BFGS-B,5970,1.6522199e-07,0.003782402,2.6308427e-07,0.00010206996
L-BFGS-B,5971,1.6490513e-07,0.003779508,2.6349315e-07,0.00010205482
L-BFGS-B,5972,1.6477532e-07,0.0037763673,2.637246e-07,0.000102038655
L-BFGS-B,5973,1.6472855e-07,0.0037729146,2.6387056e-07,0.00010201901
L-BFGS-B,5974,1.649407e-07,0.0037717996,2.6361522e-07,0.00010200139
L-BFGS-B,5975,1.747591e-07,0.0039926195,2.8539833e-07,0.000108949804
L-BFGS-B,5976,1.6490978e-07,0.003770206,2.6373561e-07,0.00010199887
L-BFGS-B,5977,1.6511574e-07,0.0037723,2.6332665e-07,0.00010198936
L-BFGS-B,5978,1.6526944e-07,0.0037745025,2.629669e-07,0.00010198047
L-BFGS-B,5979,1.6551272e-07,0.0037714727,2.633034e-07,0.00010203714
L-BFGS-B,5980,1.6529341e-07,0.0037730616,2.6301265e-07,0.00010197652
L-BFGS-B,5981,1.6537085e-07,0.003774734,2.6276933e-07,0.00010196837
L-BFGS-B,5982,1.6533536e-07,0.003773425,2.6283573e-07,0.000101959915
L-BFGS-B,5983,1.6529671e-07,0.0037723237,2.6290752e-07,0.00010195387
L-BFGS-B,5984,1.651395e-07,0.0037700476,2.631303e-07,0.00010194094
L-BFGS-B,5985,1.6499723e-07,0.0037661009,2.6341309e-07,0.00010192255
L-BFGS-B,5986,1.6493311e-07,0.0037639898,2.6349772e-07,0.000101904516
L-BFGS-B,5987,1.6473554e-07,0.0037694036,2.6325392e-07,0.00010189245
L-BFGS-B,5988,1.6480486e-07,0.0037645416,2.6332967e-07,0.0001018656
L-BFGS-B,5989,1.6482674e-07,0.003763831,2.632491e-07,0.000101849684
L-BFGS-B,5990,1.6475543e-07,0.0037635937,2.632298e-07,0.00010183372
L-BFGS-B,5991,1.6446968e-07,0.0037614836,2.6359123e-07,0.00010182397
L-BFGS-B,5992,1.6424428e-07,0.0037594954,2.6386616e-07,0.00010181152
L-BFGS-B,5993,1.6385643e-07,0.003754924,2.644759e-07,0.00010179909
L-BFGS-B,5994,1.6373458e-07,0.0037510213,2.647719e-07,0.00010178619
L-BFGS-B,5995,1.6365101e-07,0.0037441936,2.651355e-07,0.00010175991
L-BFGS-B,5996,1.6366731e-07,0.0037409188,2.6518998e-07,0.00010173778
L-BFGS-B,5997,1.6374499e-07,0.003739351,2.6503812e-07,0.000101710975
L-BFGS-B,5998,1.6384072e-07,0.003741567,2.6459028e-07,0.00010168032
L-BFGS-B,5999,1.6376733e-07,0.0037382578,2.647172e-07,0.000101655256
L-BFGS-B,6000,1.6386403e-07,0.0037511853,2.637491e-07,0.000101653815
L-BFGS-B,6001,1.6378358e-07,0.0037438248,2.6418275e-07,0.000101633195
L-BFGS-B,6002,1.6345933e-07,0.003738495,2.6470835e-07,0.0001016101
L-BFGS-B,6003,1.6305677e-07,0.003731415,2.6535002e-07,0.00010157516
L-BFGS-B,6004,1.6310175e-07,0.0037317113,2.6510185e-07,0.00010154765
L-BFGS-B,6005,1.6729577e-07,0.0038359985,2.591781e-07,0.00010233106
L-BFGS-B,6006,1.6335208e-07,0.0037377477,2.6437192e-07,0.000101536076
L-BFGS-B,6007,1.6357768e-07,0.0037418655,2.63526e-07,0.0001014842
L-BFGS-B,6008,1.6369907e-07,0.0037463913,2.6282896e-07,0.00010144312
L-BFGS-B,6009,1.7115995e-07,0.0038573877,2.6638924e-07,0.00010420625
L-BFGS-B,6010,1.6379919e-07,0.003745096,2.627901e-07,0.00010143935
L-BFGS-B,6011,1.6364757e-07,0.0037466139,2.6251948e-07,0.0001013912
L-BFGS-B,6012,1.6337714e-07,0.0037451764,2.6265963e-07,0.00010135728
L-BFGS-B,6013,1.6324242e-07,0.0037455582,2.626258e-07,0.00010133581
L-BFGS-B,6014,1.6340432e-07,0.0037488942,2.6212962e-07,0.000101319034
L-BFGS-B,6015,1.6387398e-07,0.0037555168,2.6103783e-07,0.00010129194
L-BFGS-B,6016,1.6412775e-07,0.0037582575,2.6047786e-07,0.000101273414
L-BFGS-B,6017,1.6438821e-07,0.0037605031,2.5993677e-07,0.00010125378
L-BFGS-B,6018,1.6334857e-07,0.0037510565,2.6282203e-07,0.00010143615
L-BFGS-B,6019,1.6420292e-07,0.0037576833,2.6028388e-07,0.000101249854
L-BFGS-B,6020,1.64127e-07,0.0037564926,2.6036253e-07,0.00010123835
L-BFGS-B,6021,1.638783e-07,0.003753513,2.6072976e-07,0.00010122634
L-BFGS-B,6022,1.6366818e-07,0.0037515075,2.6099406e-07,0.000101214406
L-BFGS-B,6023,1.6340861e-07,0.00374905,2.6130073e-07,0.0001011969
L-BFGS-B,6024,1.6374706e-07,0.0037563837,2.6040559e-07,0.00010118673
L-BFGS-B,6025,1.6349536e-07,0.0037520288,2.6084447e-07,0.00010117126
L-BFGS-B,6026,1.635151e-07,0.003752214,2.6074613e-07,0.00010116132
L-BFGS-B,6027,1.6344575e-07,0.003754663,2.606079e-07,0.000101154685
L-BFGS-B,6028,1.6365327e-07,0.003756132,2.6020476e-07,0.000101140016
L-BFGS-B,6029,1.6372927e-07,0.0037582694,2.5991824e-07,0.000101129815
L-BFGS-B,6030,1.6400196e-07,0.0037652531,2.590842e-07,0.00010111545
L-BFGS-B,6031,1.6374418e-07,0.003762375,2.5951135e-07,0.00010111208
L-BFGS-B,6032,1.638538e-07,0.0037640631,2.5924072e-07,0.00010110481
L-BFGS-B,6033,1.6393898e-07,0.003765222,2.5904203e-07,0.00010109937
L-BFGS-B,6034,1.6407189e-07,0.0037670585,2.587393e-07,0.000101092264
L-BFGS-B,6035,1.6421632e-07,0.0037689547,2.5844398e-07,0.00010108859
L-BFGS-B,6036,1.6436441e-07,0.0037706012,2.5815376e-07,0.000101083744
L-BFGS-B,6037,1.6434683e-07,0.0037701207,2.5818306e-07,0.00010108069
L-BFGS-B,6038,1.6442496e-07,0.003770721,2.5802441e-07,0.00010107461
L-BFGS-B,6039,1.6449485e-07,0.0037696452,2.58072e-07,0.000101081474
L-BFGS-B,6040,1.6443961e-07,0.0037699838,2.5803297e-07,0.00010107072
L-BFGS-B,6041,1.64949e-07,0.0037720923,2.573168e-07,0.000101060796
L-BFGS-B,6042,1.6468984e-07,0.0037687474,2.5762202e-07,0.00010103425
L-BFGS-B,6043,1.6444378e-07,0.0037688327,2.576707e-07,0.0001010055
L-BFGS-B,6044,1.6415001e-07,0.0037797969,2.5710133e-07,0.000100985664
L-BFGS-B,6045,1.6407091e-07,0.0037752243,2.5726723e-07,0.000100952966
L-BFGS-B,6046,1.6410776e-07,0.0037726467,2.572631e-07,0.0001009321
L-BFGS-B,6047,1.6417776e-07,0.0037711023,2.5682854e-07,0.000100861966
L-BFGS-B,6048,1.6430454e-07,0.003797524,2.6084717e-07,0.000101747995
L-BFGS-B,6049,1.6404114e-07,0.0037698315,2.569878e-07,0.00010085266
L-BFGS-B,6050,1.6373737e-07,0.0037683453,2.5721633e-07,0.00010082651
L-BFGS-B,6051,1.6369913e-07,0.0037696392,2.5699723e-07,0.00010080084
L-BFGS-B,6052,1.637284e-07,0.0037761664,2.562328e-07,0.00010075584
L-BFGS-B,6053,1.638278e-07,0.0037802916,2.5557816e-07,0.000100713805
L-BFGS-B,6054,1.6377146e-07,0.003779607,2.5525395e-07,0.00010064988
L-BFGS-B,6055,1.6368689e-07,0.003774414,2.5533615e-07,0.000100597594
L-BFGS-B,6056,1.6335923e-07,0.0037587364,2.5619087e-07,0.00010051988
L-BFGS-B,6057,1.7482348e-07,0.004126854,2.635075e-07,0.00010701819
L-BFGS-B,6058,1.6356422e-07,0.003761963,2.556755e-07,0.00010050559
L-BFGS-B,6059,1.6318184e-07,0.0037433808,2.567833e-07,0.00010042857
L-BFGS-B,6060,1.6275337e-07,0.0037271515,2.5764882e-07,0.00010033185
L-BFGS-B,6061,1.6227551e-07,0.0037163314,2.582726e-07,0.00010024553
L-BFGS-B,6062,1.6215601e-07,0.0037181273,2.578413e-07,0.00010018087
L-BFGS-B,6063,1.6219612e-07,0.0037253865,2.570041e-07,0.0001001339
L-BFGS-B,6064,1.6236196e-07,0.0037313048,2.561972e-07,0.00010009692
L-BFGS-B,6065,1.616459e-07,0.0037748895,2.5585027e-07,0.00010037332
L-BFGS-B,6066,1.620042e-07,0.0037361202,2.5605777e-07,0.0001000705
L-BFGS-B,6067,1.6207264e-07,0.003740796,2.5524858e-07,0.00010000613
L-BFGS-B,6068,1.6188584e-07,0.0037477748,2.5440744e-07,9.9921745e-05
L-BFGS-B,6069,1.6211301e-07,0.0037526966,2.5386066e-07,9.9923025e-05
L-BFGS-B,6070,1.619675e-07,0.0037486907,2.5411723e-07,9.989962e-05
L-BFGS-B,6071,1.6185244e-07,0.0037492816,2.5403483e-07,9.9875906e-05
L-BFGS-B,6072,1.6171884e-07,0.0037491363,2.5401357e-07,9.9851226e-05
L-BFGS-B,6073,1.6183384e-07,0.0037472912,2.5388255e-07,9.983036e-05
L-BFGS-B,6074,1.6130048e-07,0.0037448392,2.5438877e-07,9.980178e-05
L-BFGS-B,6075,1.6135388e-07,0.0037443268,2.5408397e-07,9.975895e-05
L-BFGS-B,6076,1.608833e-07,0.0037295427,2.545685e-07,9.96132e-05
L-BFGS-B,6077,1.626694e-07,0.0037606915,2.5165627e-07,9.9755765e-05
L-BFGS-B,6078,1.613378e-07,0.003735197,2.5345184e-07,9.957042e-05
L-BFGS-B,6079,1.6121709e-07,0.0037327937,2.5355442e-07,9.9543664e-05
L-BFGS-B,6080,1.6101798e-07,0.003727395,2.535293e-07,9.945604e-05
L-BFGS-B,6081,1.6096146e-07,0.0037270207,2.534134e-07,9.942643e-05
L-BFGS-B,6082,1.6063194e-07,0.0037195191,2.5402232e-07,9.9393335e-05
L-BFGS-B,6083,1.6090081e-07,0.0037231874,2.5327802e-07,9.9358695e-05
L-BFGS-B,6084,1.6058196e-07,0.0037123773,2.5402474e-07,9.931478e-05
L-BFGS-B,6085,1.6119867e-07,0.003715566,2.5300147e-07,9.928568e-05
L-BFGS-B,6086,1.6093381e-07,0.0037063812,2.541516e-07,9.932662e-05
L-BFGS-B,6087,1.609831e-07,0.003708814,2.5336539e-07,9.924042e-05
L-BFGS-B,6088,1.6088657e-07,0.003710381,2.527748e-07,9.915302e-05
L-BFGS-B,6089,1.6090428e-07,0.0037072352,2.5277419e-07,9.912412e-05
L-BFGS-B,6090,1.6270621e-07,0.0037298289,2.5039114e-07,9.926289e-05
L-BFGS-B,6091,1.6119499e-07,0.003709815,2.5224844e-07,9.9114666e-05
L-BFGS-B,6092,1.6103279e-07,0.0037051123,2.526355e-07,9.9101366e-05
L-BFGS-B,6093,1.6028592e-07,0.0036917028,2.541391e-07,9.908078e-05
L-BFGS-B,6094,1.5910543e-07,0.0036829107,2.5768492e-07,9.934766e-05
L-BFGS-B,6095,1.601299e-07,0.003689176,2.544366e-07,9.907673e-05
L-BFGS-B,6096,1.5994546e-07,0.0036900924,2.5445564e-07,9.9061086e-05
L-BFGS-B,6097,1.5984646e-07,0.0036914658,2.5436134e-07,9.9045836e-05
L-BFGS-B,6098,1.5978328e-07,0.0036907527,2.5440463e-07,9.903571e-05
L-BFGS-B,6099,1.6047454e-07,0.0036984044,2.5321475e-07,9.903744e-05
L-BFGS-B,6100,1.6009304e-07,0.0036938596,2.537996e-07,9.9022494e-05
L-BFGS-B,6101,1.6022449e-07,0.0036896914,2.5374302e-07,9.899204e-05
L-BFGS-B,6102,1.602481e-07,0.0036850336,2.5385492e-07,9.8965786e-05
L-BFGS-B,6103,1.6025675e-07,0.0036796727,2.5406183e-07,9.894451e-05
L-BFGS-B,6104,1.6018274e-07,0.003675622,2.5435995e-07,9.893761e-05
L-BFGS-B,6105,1.6017962e-07,0.0036736373,2.544206e-07,9.892641e-05
L-BFGS-B,6106,1.6037751e-07,0.003681787,2.5361402e-07,9.89166e-05
L-BFGS-B,6107,1.6037265e-07,0.003681309,2.5359333e-07,9.8907985e-05
L-BFGS-B,6108,1.6038862e-07,0.003682689,2.5345017e-07,9.890271e-05
L-BFGS-B,6109,1.604004e-07,0.0036840525,2.533092e-07,9.889696e-05
L-BFGS-B,6110,1.6027897e-07,0.0036819503,2.5350732e-07,9.8887445e-05
L-BFGS-B,6111,1.5996065e-07,0.0036787514,2.5394496e-07,9.887335e-05
L-BFGS-B,6112,1.5963002e-07,0.0036690766,2.5484866e-07,9.886257e-05
L-BFGS-B,6113,1.5940796e-07,0.003666615,2.551258e-07,9.884621e-05
L-BFGS-B,6114,1.5900282e-07,0.0036599203,2.5572257e-07,9.8808014e-05
L-BFGS-B,6115,1.5880126e-07,0.0036550325,2.5612044e-07,9.878858e-05
L-BFGS-B,6116,1.5885932e-07,0.0036523428,2.5605144e-07,9.8760036e-05
L-BFGS-B,6117,1.5898327e-07,0.003651217,2.5581127e-07,9.8731354e-05
L-BFGS-B,6118,1.5911938e-07,0.0036513836,2.5548053e-07,9.870382e-05
L-BFGS-B,6119,1.5944153e-07,0.003655852,2.5465388e-07,9.867283e-05
L-BFGS-B,6120,1.5944619e-07,0.003654501,2.5462262e-07,9.865533e-05
L-BFGS-B,6121,1.5924549e-07,0.0036500574,2.5500492e-07,9.8638135e-05
L-BFGS-B,6122,1.5889242e-07,0.0036366312,2.56243e-07,9.863662e-05
L-BFGS-B,6123,1.5905171e-07,0.0036426901,2.5563045e-07,9.862923e-05
L-BFGS-B,6124,1.5886216e-07,0.0036400012,2.558737e-07,9.861039e-05
L-BFGS-B,6125,1.5859933e-07,0.003626652,2.570942e-07,9.862055e-05
L-BFGS-B,6126,1.5871389e-07,0.003632995,2.5634228e-07,9.8588374e-05
L-BFGS-B,6127,1.5850912e-07,0.003636041,2.56198e-07,9.856648e-05
L-BFGS-B,6128,1.5840091e-07,0.003631663,2.5724964e-07,9.866421e-05
L-BFGS-B,6129,1.5842784e-07,0.0036334759,2.5637985e-07,9.855591e-05
L-BFGS-B,6130,1.599109e-07,0.003646465,2.5437103e-07,9.8606935e-05
L-BFGS-B,6131,1.5886252e-07,0.00363587,2.556669e-07,9.8538105e-05
L-BFGS-B,6132,1.5887754e-07,0.0036343099,2.5563065e-07,9.851933e-05
L-BFGS-B,6133,1.5891334e-07,0.0036294658,2.5573036e-07,9.849121e-05
L-BFGS-B,6134,1.5888592e-07,0.0036336794,2.5521595e-07,9.8452074e-05
L-BFGS-B,6135,1.5890778e-07,0.0036397777,2.544562e-07,9.840238e-05
L-BFGS-B,6136,1.5889798e-07,0.0036464066,2.5370016e-07,9.835379e-05
L-BFGS-B,6137,1.5899813e-07,0.003651122,2.5308202e-07,9.8323246e-05
L-BFGS-B,6138,1.5899913e-07,0.003652465,2.5285468e-07,9.830272e-05
L-BFGS-B,6139,1.57922e-07,0.003772341,2.6531922e-07,0.00010120959
L-BFGS-B,6140,1.5887127e-07,0.0036515507,2.5302418e-07,9.8299824e-05
L-BFGS-B,6141,1.5895894e-07,0.0036513635,2.5288054e-07,9.828956e-05
L-BFGS-B,6142,1.5906905e-07,0.0036516958,2.526963e-07,9.828176e-05
L-BFGS-B,6143,1.5836203e-07,0.003639122,2.5457012e-07,9.8331046e-05
L-BFGS-B,6144,1.5884889e-07,0.003647319,2.5315737e-07,9.827413e-05
L-BFGS-B,6145,1.5891125e-07,0.0036477854,2.5297405e-07,9.826064e-05
L-BFGS-B,6146,1.5915462e-07,0.003651427,2.5221695e-07,9.822001e-05
L-BFGS-B,6147,1.5935429e-07,0.0036554139,2.5144317e-07,9.8173754e-05
L-BFGS-B,6148,1.594929e-07,0.0036593704,2.5072868e-07,9.812694e-05
L-BFGS-B,6149,1.5942595e-07,0.003657996,2.5058904e-07,9.808221e-05
L-BFGS-B,6150,1.5948623e-07,0.0036579617,2.5032065e-07,9.8050645e-05
L-BFGS-B,6151,1.59384e-07,0.0036520518,2.5055274e-07,9.801103e-05
L-BFGS-B,6152,1.5891361e-07,0.0036409327,2.5136274e-07,9.7950775e-05
L-BFGS-B,6153,1.5862527e-07,0.0036216355,2.5234564e-07,9.7861994e-05
L-BFGS-B,6154,1.5896876e-07,0.0036215917,2.516993e-07,9.7816126e-05
L-BFGS-B,6155,1.585912e-07,0.0036059355,2.5282765e-07,9.777218e-05
L-BFGS-B,6156,1.5846757e-07,0.003604517,2.5263563e-07,9.7710654e-05
L-BFGS-B,6157,1.5830898e-07,0.0035986402,2.5287525e-07,9.766404e-05
L-BFGS-B,6158,1.5735722e-07,0.003586954,2.5430452e-07,9.76188e-05
L-BFGS-B,6159,1.5689298e-07,0.0035784068,2.5517951e-07,9.759494e-05
L-BFGS-B,6160,1.568834e-07,0.0035780289,2.5512549e-07,9.758162e-05
L-BFGS-B,6161,1.5701885e-07,0.0035817088,2.5470032e-07,9.7574964e-05
L-BFGS-B,6162,1.5670979e-07,0.0035721906,2.5548127e-07,9.755057e-05
L-BFGS-B,6163,1.5520689e-07,0.0035459478,2.594876e-07,9.766365e-05
L-BFGS-B,6164,1.5633032e-07,0.0035649193,2.562753e-07,9.754003e-05
L-BFGS-B,6165,1.5642391e-07,0.0035629408,2.561713e-07,9.7518685e-05
L-BFGS-B,6166,1.5650497e-07,0.0035607559,2.5609467e-07,9.74975e-05
L-BFGS-B,6167,1.5659472e-07,0.0035624893,2.5586357e-07,9.7493634e-05
L-BFGS-B,6168,1.5669896e-07,0.0035655836,2.5545881e-07,9.7479504e-05
L-BFGS-B,6169,1.567229e-07,0.0035678206,2.551737e-07,9.746269e-05
L-BFGS-B,6170,1.5663697e-07,0.0035680656,2.5510684e-07,9.744223e-05
L-BFGS-B,6171,1.5657298e-07,0.0035667734,2.550991e-07,9.7418546e-05
L-BFGS-B,6172,1.5642249e-07,0.0035660649,2.5516485e-07,9.739875e-05
L-BFGS-B,6173,1.5645692e-07,0.0035648283,2.5512992e-07,9.7386306e-05
L-BFGS-B,6174,1.566864e-07,0.0035641505,2.548444e-07,9.737112e-05
L-BFGS-B,6175,1.568348e-07,0.003566591,2.5444044e-07,9.7357195e-05
L-BFGS-B,6176,1.5736543e-07,0.0035759974,2.5312062e-07,9.7332886e-05
L-BFGS-B,6177,1.576015e-07,0.0035788468,2.5263284e-07,9.732362e-05
L-BFGS-B,6178,1.5785255e-07,0.0035805984,2.5217778e-07,9.7310534e-05
L-BFGS-B,6179,1.5801567e-07,0.0035802252,2.519448e-07,9.729632e-05
L-BFGS-B,6180,1.5807069e-07,0.0035779087,2.5194134e-07,9.728089e-05
L-BFGS-B,6181,1.5801697e-07,0.0035760035,2.52052e-07,9.727038e-05
L-BFGS-B,6182,1.5795867e-07,0.0035759734,2.5202363e-07,9.725708e-05
L-BFGS-B,6183,1.5788711e-07,0.0035763164,2.5185622e-07,9.722466e-05
L-BFGS-B,6184,1.5771671e-07,0.0035759488,2.5182783e-07,9.7191165e-05
L-BFGS-B,6185,1.5807602e-07,0.0035808533,2.5084233e-07,9.714629e-05
L-BFGS-B,6186,1.5814689e-07,0.0035773318,2.5065304e-07,9.709331e-05
L-BFGS-B,6187,1.5828044e-07,0.0035700144,2.5061073e-07,9.7033815e-05
L-BFGS-B,6188,1.5806916e-07,0.0035465118,2.5248443e-07,9.7048156e-05
L-BFGS-B,6189,1.5815633e-07,0.0035591323,2.5135955e-07,9.70187e-05
L-BFGS-B,6190,1.5766268e-07,0.003549473,2.5213026e-07,9.6963675e-05
L-BFGS-B,6191,1.5722195e-07,0.003548576,2.522919e-07,9.691283e-05
L-BFGS-B,6192,1.5705648e-07,0.0035499614,2.51865e-07,9.683783e-05
L-BFGS-B,6193,1.5664612e-07,0.0035411397,2.523868e-07,9.6766336e-05
L-BFGS-B,6194,1.5664175e-07,0.0035379452,2.521836e-07,9.6703254e-05
L-BFGS-B,6195,1.581523e-07,0.0036032477,2.5302415e-07,9.7708944e-05
L-BFGS-B,6196,1.5659309e-07,0.003536471,2.5214825e-07,9.667591e-05
L-BFGS-B,6197,1.566415e-07,0.0035305568,2.5190957e-07,9.658823e-05
L-BFGS-B,6198,1.5683817e-07,0.0035274383,2.5151735e-07,9.652771e-05
L-BFGS-B,6199,1.5680065e-07,0.0035230652,2.5144993e-07,9.646824e-05
L-BFGS-B,6200,1.568583e-07,0.0035181537,2.512748e-07,9.6401505e-05
L-BFGS-B,6201,1.563421e-07,0.0035072672,2.519849e-07,9.632172e-05
L-BFGS-B,6202,1.5544265e-07,0.0034832656,2.5334097e-07,9.6150194e-05
L-BFGS-B,6203,1.557017e-07,0.0034805425,2.5275054e-07,9.607326e-05
L-BFGS-B,6204,1.5601535e-07,0.0034827276,2.5174796e-07,9.599177e-05
L-BFGS-B,6205,1.5670676e-07,0.0034874603,2.500071e-07,9.588168e-05
L-BFGS-B,6206,1.5753129e-07,0.0034974623,2.4812613e-07,9.582324e-05
L-BFGS-B,6207,1.5726108e-07,0.0034886973,2.4855737e-07,9.575974e-05
L-BFGS-B,6208,1.5683352e-07,0.0034833862,2.4914786e-07,9.573107e-05
L-BFGS-B,6209,1.5699699e-07,0.0034795157,2.4903926e-07,9.57006e-05
L-BFGS-B,6210,1.5711107e-07,0.003470427,2.493403e-07,9.5671974e-05
L-BFGS-B,6211,1.623247e-07,0.0035740891,2.496937e-07,9.754365e-05
L-BFGS-B,6212,1.5720641e-07,0.0034711356,2.4915371e-07,9.5665375e-05
L-BFGS-B,6213,1.5676974e-07,0.0034589178,2.501574e-07,9.5628246e-05
L-BFGS-B,6214,1.5647002e-07,0.0034533099,2.5063028e-07,9.5598145e-05
L-BFGS-B,6215,1.561273e-07,0.0034478358,2.5103898e-07,9.55533e-05
L-BFGS-B,6216,1.5572316e-07,0.003444969,2.513303e-07,9.5507705e-05
L-BFGS-B,6217,1.5544614e-07,0.0034438607,2.5117012e-07,9.5431045e-05
L-BFGS-B,6218,1.5533718e-07,0.0034462372,2.505339e-07,9.534303e-05
L-BFGS-B,6219,1.55502e-07,0.0034513434,2.4957296e-07,9.527468e-05
L-BFGS-B,6220,1.601451e-07,0.0035287084,2.4236468e-07,9.566355e-05
L-BFGS-B,6221,1.5613881e-07,0.003460625,2.4817822e-07,9.525381e-05
L-BFGS-B,6222,1.5644339e-07,0.0034665107,2.4718994e-07,9.521011e-05
L-BFGS-B,6223,1.5705442e-07,0.003474403,2.456397e-07,9.514815e-05
L-BFGS-B,6224,1.5751014e-07,0.003479356,2.4537812e-07,9.52268e-05
L-BFGS-B,6225,1.5711562e-07,0.0034733864,2.4542797e-07,9.511541e-05
L-BFGS-B,6226,1.5750207e-07,0.0034790847,2.441632e-07,9.504064e-05
L-BFGS-B,6227,1.5799374e-07,0.0034855218,2.428243e-07,9.497792e-05
L-BFGS-B,6228,1.579621e-07,0.0034885942,2.424126e-07,9.494215e-05
L-BFGS-B,6229,1.5800033e-07,0.0034969253,2.4181878e-07,9.494212e-05
L-BFGS-B,6230,1.5795388e-07,0.0034916739,2.420755e-07,9.492114e-05
L-BFGS-B,6231,1.5764209e-07,0.0034839222,2.426453e-07,9.488233e-05
L-BFGS-B,6232,1.5761943e-07,0.0034856016,2.423097e-07,9.484539e-05
L-BFGS-B,6233,1.5790344e-07,0.0034911642,2.4138126e-07,9.4804345e-05
L-BFGS-B,6234,1.5824514e-07,0.0035024635,2.404225e-07,9.4824776e-05
L-BFGS-B,6235,1.5800883e-07,0.0034946066,2.409318e-07,9.478716e-05
L-BFGS-B,6236,1.5836342e-07,0.003499667,2.4002344e-07,9.4754694e-05
L-BFGS-B,6237,1.587128e-07,0.0035032954,2.3930093e-07,9.473501e-05
L-BFGS-B,6238,1.5739789e-07,0.0034919144,2.423678e-07,9.4884e-05
L-BFGS-B,6239,1.5845197e-07,0.0034998977,2.3974792e-07,9.472896e-05
L-BFGS-B,6240,1.5851052e-07,0.0034970525,2.3966695e-07,9.469714e-05
L-BFGS-B,6241,1.5848076e-07,0.0034947484,2.3971143e-07,9.467631e-05
L-BFGS-B,6242,1.583892e-07,0.003489181,2.3996222e-07,9.464452e-05
L-BFGS-B,6243,1.5852157e-07,0.0034890757,2.397597e-07,9.4632946e-05
L-BFGS-B,6244,1.5866055e-07,0.003492023,2.3930968e-07,9.461577e-05
L-BFGS-B,6245,1.5904291e-07,0.0034937821,2.3869188e-07,9.459804e-05
L-BFGS-B,6246,1.589829e-07,0.0034972576,2.3832551e-07,9.456884e-05
L-BFGS-B,6247,1.5892896e-07,0.003500734,2.3793292e-07,9.453662e-05
L-BFGS-B,6248,1.5901605e-07,0.0035021033,2.3749925e-07,9.449833e-05
L-BFGS-B,6249,1.5852302e-07,0.0034938236,2.383915e-07,9.4475414e-05
L-BFGS-B,6250,1.5820936e-07,0.00348538,2.3910067e-07,9.4450304e-05
L-BFGS-B,6251,1.5776305e-07,0.003472873,2.4019036e-07,9.442174e-05
L-BFGS-B,6252,1.5754462e-07,0.003469164,2.4055268e-07,9.4406234e-05
L-BFGS-B,6253,1.5739683e-07,0.0034677123,2.40627e-07,9.4380695e-05
L-BFGS-B,6254,1.5730515e-07,0.0034750765,2.4014219e-07,9.436786e-05
L-BFGS-B,6255,1.5733987e-07,0.0034729517,2.4000062e-07,9.433059e-05
L-BFGS-B,6256,1.5739793e-07,0.003469959,2.39994e-07,9.430837e-05
L-BFGS-B,6257,1.5722107e-07,0.003467642,2.4018635e-07,9.4287534e-05
L-BFGS-B,6258,1.572821e-07,0.0034677917,2.4004387e-07,9.427681e-05
L-BFGS-B,6259,1.5701056e-07,0.0034615423,2.4073628e-07,9.427745e-05
L-BFGS-B,6260,1.5713933e-07,0.0034644199,2.403677e-07,9.427025e-05
L-BFGS-B,6261,1.5715173e-07,0.0034637854,2.4036112e-07,9.426478e-05
L-BFGS-B,6262,1.5719257e-07,0.003463159,2.4032832e-07,9.4259725e-05
L-BFGS-B,6263,1.5726583e-07,0.0034637656,2.401602e-07,9.425156e-05
L-BFGS-B,6264,1.5738546e-07,0.0034661484,2.3979862e-07,9.42391e-05
L-BFGS-B,6265,1.574827e-07,0.0034706558,2.3929408e-07,9.4223076e-05
L-BFGS-B,6266,1.577731e-07,0.003479339,2.3839284e-07,9.421828e-05
L-BFGS-B,6267,1.5763035e-07,0.0034797608,2.3832318e-07,9.419064e-05
L-BFGS-B,6268,1.5762541e-07,0.003481798,2.3805754e-07,9.417043e-05
L-BFGS-B,6269,1.5765515e-07,0.003481545,2.3784042e-07,9.413979e-05
L-BFGS-B,6270,1.5762166e-07,0.0034784263,2.3783667e-07,9.4103016e-05
L-BFGS-B,6271,1.576113e-07,0.0034742386,2.379065e-07,9.4070056e-05
L-BFGS-B,6272,1.5756005e-07,0.0034711177,2.3804387e-07,9.4051764e-05
L-BFGS-B,6273,1.5761754e-07,0.0034712916,2.3790196e-07,9.4040835e-05
L-BFGS-B,6274,1.5752492e-07,0.0034749904,2.3765445e-07,9.402681e-05
L-BFGS-B,6275,1.5774077e-07,0.0034744916,2.3732466e-07,9.400473e-05
L-BFGS-B,6276,1.5784741e-07,0.0034713384,2.3728921e-07,9.398388e-05
L-BFGS-B,6277,1.578933e-07,0.0034696462,2.372548e-07,9.396867e-05
L-BFGS-B,6278,1.5791325e-07,0.0034672776,2.3724178e-07,9.394603e-05
L-BFGS-B,6279,1.5787207e-07,0.003463348,2.3730676e-07,9.3910305e-05
L-BFGS-B,6280,1.5749484e-07,0.003451307,2.3815313e-07,9.386026e-05
L-BFGS-B,6281,1.5871056e-07,0.0034743198,2.3613735e-07,9.397038e-05
L-BFGS-B,6282,1.5772547e-07,0.0034554137,2.3754245e-07,9.3844326e-05
L-BFGS-B,6283,1.5685217e-07,0.0034308378,2.3974818e-07,9.379843e-05
L-BFGS-B,6284,1.5666895e-07,0.0034268855,2.3987553e-07,9.3750525e-05
L-BFGS-B,6285,1.5646266e-07,0.0034245276,2.4003947e-07,9.37206e-05
L-BFGS-B,6286,1.5621625e-07,0.0034214994,2.4021028e-07,9.367897e-05
L-BFGS-B,6287,1.5611613e-07,0.0034196093,2.4025883e-07,9.3652336e-05
L-BFGS-B,6288,1.561505e-07,0.0034186805,2.4009975e-07,9.3624345e-05
L-BFGS-B,6289,1.630144e-07,0.0037379155,2.3598777e-07,9.722949e-05
L-BFGS-B,6290,1.5619851e-07,0.0034212007,2.3987158e-07,9.3622526e-05
L-BFGS-B,6291,1.5642786e-07,0.0034248845,2.392957e-07,9.360738e-05
L-BFGS-B,6292,1.5648496e-07,0.003426924,2.3900944e-07,9.35934e-05
L-BFGS-B,6293,1.5721015e-07,0.0034378152,2.3754602e-07,9.3591574e-05
L-BFGS-B,6294,1.5684252e-07,0.003432101,2.3823705e-07,9.3582945e-05
L-BFGS-B,6295,1.567612e-07,0.0034276643,2.3853553e-07,9.357115e-05
L-BFGS-B,6296,1.5685843e-07,0.0034324431,2.3797956e-07,9.355013e-05
L-BFGS-B,6297,1.5681304e-07,0.003431074,2.3804417e-07,9.353932e-05
L-BFGS-B,6298,1.5666024e-07,0.003428507,2.3824529e-07,9.3520895e-05
L-BFGS-B,6299,1.5666696e-07,0.0034282506,2.3817563e-07,9.350889e-05
L-BFGS-B,6300,1.5667734e-07,0.0034294636,2.3800534e-07,9.3497045e-05
L-BFGS-B,6301,1.5682426e-07,0.0034323533,2.3759792e-07,9.348686e-05
L-BFGS-B,6302,1.5679821e-07,0.003431813,2.376235e-07,9.348139e-05
L-BFGS-B,6303,1.568184e-07,0.003434994,2.3732817e-07,9.347192e-05
L-BFGS-B,6304,1.5669862e-07,0.0034299889,2.3765494e-07,9.345292e-05
L-BFGS-B,6305,1.5680956e-07,0.0034253716,2.3774903e-07,9.3437506e-05
L-BFGS-B,6306,1.5690486e-07,0.0034267912,2.3738559e-07,9.341148e-05
L-BFGS-B,6307,1.5692376e-07,0.0034275898,2.3715225e-07,9.3387294e-05
L-BFGS-B,6308,1.5729977e-07,0.0034327994,2.3601369e-07,9.332501e-05
L-BFGS-B,6309,1.5755664e-07,0.00343215,2.3539798e-07,9.3264694e-05
L-BFGS-B,6310,1.5856716e-07,0.0034442144,2.3369297e-07,9.328117e-05
L-BFGS-B,6311,1.5792868e-07,0.0034356415,2.3455118e-07,9.3228395e-05
L-BFGS-B,6312,1.5834271e-07,0.0034383514,2.3401157e-07,9.323665e-05
L-BFGS-B,6313,1.5808288e-07,0.0034357128,2.3420732e-07,9.320066e-05
L-BFGS-B,6314,1.5797224e-07,0.0034316822,2.3444512e-07,9.317943e-05
L-BFGS-B,6315,1.5776753e-07,0.0034292608,2.3470137e-07,9.316295e-05
L-BFGS-B,6316,1.5792982e-07,0.0034293858,2.3444491e-07,9.315007e-05
L-BFGS-B,6317,1.5792396e-07,0.003429692,2.3437808e-07,9.3142226e-05
L-BFGS-B,6318,1.5796223e-07,0.0034320313,2.3414357e-07,9.313618e-05
L-BFGS-B,6319,1.574754e-07,0.003419718,2.3553706e-07,9.314905e-05
L-BFGS-B,6320,1.5778376e-07,0.0034274522,2.3459506e-07,9.313135e-05
L-BFGS-B,6321,1.5758478e-07,0.0034287903,2.3458324e-07,9.311311e-05
L-BFGS-B,6322,1.5747258e-07,0.003428086,2.3464688e-07,9.309877e-05
L-BFGS-B,6323,1.5753464e-07,0.0035155779,2.3906082e-07,9.4645104e-05
L-BFGS-B,6324,1.573582e-07,0.0034285008,2.3469325e-07,9.309272e-05
L-BFGS-B,6325,1.5706725e-07,0.003425384,2.3494474e-07,9.3055634e-05
L-BFGS-B,6326,1.572884e-07,0.0034217718,2.3476782e-07,9.302615e-05
L-BFGS-B,6327,1.5601776e-07,0.0034270086,2.3605858e-07,9.308153e-05
L-BFGS-B,6328,1.5670354e-07,0.0034208624,2.3514029e-07,9.2985196e-05
L-BFGS-B,6329,1.5668614e-07,0.0034214335,2.3480847e-07,9.293853e-05
L-BFGS-B,6330,1.5699896e-07,0.003424706,2.3334113e-07,9.279807e-05
L-BFGS-B,6331,1.5701454e-07,0.0034110013,2.340541e-07,9.277031e-05
L-BFGS-B,6332,1.5672492e-07,0.0034141112,2.3365553e-07,9.2698174e-05
L-BFGS-B,6333,1.5641848e-07,0.0034109026,2.3381197e-07,9.264359e-05
L-BFGS-B,6334,1.561602e-07,0.0034121338,2.3398903e-07,9.264372e-05
L-BFGS-B,6335,1.5626435e-07,0.0034105098,2.3388637e-07,9.26277e-05
L-BFGS-B,6336,1.5605362e-07,0.0034070953,2.3414998e-07,9.260149e-05
L-BFGS-B,6337,1.5584943e-07,0.003402341,2.3452115e-07,9.2578994e-05
L-BFGS-B,6338,1.5641429e-07,0.0034079615,2.3483545e-07,9.276708e-05
L-BFGS-B,6339,1.5585874e-07,0.0034011323,2.3449279e-07,9.256405e-05
L-BFGS-B,6340,1.5579535e-07,0.0034014697,2.3441524e-07,9.254628e-05
L-BFGS-B,6341,1.559218e-07,0.0034035197,2.3407239e-07,9.253432e-05
L-BFGS-B,6342,1.560691e-07,0.0034048045,2.3374945e-07,9.252083e-05
L-BFGS-B,6343,1.5615755e-07,0.0034049917,2.3355739e-07,9.2507165e-05
L-BFGS-B,6344,1.559463e-07,0.0033996783,2.3397907e-07,9.2485585e-05
L-BFGS-B,6345,1.5618262e-07,0.0034069365,2.3312329e-07,9.2465256e-05
L-BFGS-B,6346,1.5602079e-07,0.0034046252,2.3329795e-07,9.244406e-05
L-BFGS-B,6347,1.5599771e-07,0.0034067093,2.3304021e-07,9.242278e-05
L-BFGS-B,6348,1.560146e-07,0.0034094122,2.3274963e-07,9.240876e-05
L-BFGS-B,6349,1.5608597e-07,0.0034149683,2.3211904e-07,9.238043e-05
L-BFGS-B,6350,1.5595735e-07,0.0034044709,2.3778955e-07,9.310674e-05
L-BFGS-B,6351,1.5596841e-07,0.0034099242,2.3250527e-07,9.237029e-05
L-BFGS-B,6352,1.5593054e-07,0.0034147773,2.3181155e-07,9.2309085e-05
L-BFGS-B,6353,1.5552243e-07,0.0034093934,2.3215371e-07,9.2245355e-05
L-BFGS-B,6354,1.5559031e-07,0.0034107075,2.3157286e-07,9.218155e-05
L-BFGS-B,6355,1.551706e-07,0.0033976242,2.3246955e-07,9.212227e-05
L-BFGS-B,6356,1.549648e-07,0.0033911113,2.3271589e-07,9.2063216e-05
L-BFGS-B,6357,1.5516852e-07,0.0033992464,2.3164203e-07,9.2014045e-05
L-BFGS-B,6358,1.5502229e-07,0.0033999616,2.3148813e-07,9.197618e-05
L-BFGS-B,6359,1.5492728e-07,0.0034068746,2.3073265e-07,9.191773e-05
L-BFGS-B,6360,1.5499567e-07,0.0034101023,2.3031494e-07,9.1897615e-05
L-BFGS-B,6361,1.5532478e-07,0.0034176544,2.292445e-07,9.186194e-05
L-BFGS-B,6362,1.5556607e-07,0.0034214507,2.2861225e-07,9.1841255e-05
L-BFGS-B,6363,1.5608889e-07,0.003430125,2.2727612e-07,9.1806e-05
L-BFGS-B,6364,1.5639539e-07,0.0034352771,2.265169e-07,9.178962e-05
L-BFGS-B,6365,1.5673011e-07,0.0034441585,2.2548245e-07,9.177347e-05
L-BFGS-B,6366,1.5690536e-07,0.003449884,2.2482338e-07,9.175815e-05
L-BFGS-B,6367,1.5702608e-07,0.003454183,2.2432747e-07,9.174486e-05
L-BFGS-B,6368,1.5697721e-07,0.0034522908,2.2443582e-07,9.173486e-05
L-BFGS-B,6369,1.5696752e-07,0.003450159,2.2452781e-07,9.172589e-05
L-BFGS-B,6370,1.5698802e-07,0.0034472866,2.2461437e-07,9.171323e-05
L-BFGS-B,6371,1.5713732e-07,0.0034486775,2.2425108e-07,9.169503e-05
L-BFGS-B,6372,1.5731948e-07,0.0034496598,2.2406952e-07,9.170495e-05
L-BFGS-B,6373,1.5719347e-07,0.0034486032,2.2413815e-07,9.1685775e-05
L-BFGS-B,6374,1.5747759e-07,0.0034529974,2.2348789e-07,9.1674796e-05
L-BFGS-B,6375,1.573005e-07,0.0034495145,2.2378143e-07,9.1657435e-05
L-BFGS-B,6376,1.5720644e-07,0.0034476826,2.2387808e-07,9.163951e-05
L-BFGS-B,6377,1.5708568e-07,0.0034457266,2.2394208e-07,9.161143e-05
L-BFGS-B,6378,1.57009e-07,0.0034438055,2.2389642e-07,9.1573864e-05
L-BFGS-B,6379,1.569213e-07,0.0034395785,2.2403194e-07,9.1538765e-05
L-BFGS-B,6380,1.5687462e-07,0.0034391813,2.2395828e-07,9.151675e-05
L-BFGS-B,6381,1.5664035e-07,0.003435433,2.243183e-07,9.149813e-05
L-BFGS-B,6382,1.5638359e-07,0.003425473,2.2506293e-07,9.147171e-05
L-BFGS-B,6383,1.5580001e-07,0.003419135,2.2586049e-07,9.144042e-05
L-BFGS-B,6384,1.5502332e-07,0.0034131974,2.2685995e-07,9.141446e-05
L-BFGS-B,6385,1.5533166e-07,0.0034139198,2.2635054e-07,9.139153e-05
L-BFGS-B,6386,1.5549456e-07,0.0034128372,2.2616506e-07,9.137731e-05
L-BFGS-B,6387,1.5563063e-07,0.0034120406,2.2592111e-07,9.135317e-05
L-BFGS-B,6388,1.5577481e-07,0.0034100653,2.2569161e-07,9.132062e-05
L-BFGS-B,6389,1.5646961e-07,0.0034194686,2.2441502e-07,9.132738e-05
L-BFGS-B,6390,1.5605771e-07,0.0034133468,2.2509926e-07,9.130701e-05
L-BFGS-B,6391,1.5588189e-07,0.0034107917,2.2531736e-07,9.12878e-05
L-BFGS-B,6392,1.5580649e-07,0.0034118383,2.2522634e-07,9.127331e-05
L-BFGS-B,6393,1.5564312e-07,0.0034152598,2.2505951e-07,9.1257985e-05
L-BFGS-B,6394,1.5552152e-07,0.0034146647,2.2515331e-07,9.124787e-05
L-BFGS-B,6395,1.5549715e-07,0.0034149908,2.2508173e-07,9.123674e-05
L-BFGS-B,6396,1.5547158e-07,0.0034142677,2.2506401e-07,9.122302e-05
L-BFGS-B,6397,1.5527864e-07,0.0034107876,2.2538046e-07,9.120673e-05
L-BFGS-B,6398,1.6193353e-07,0.003553661,2.2723333e-07,9.391164e-05
L-BFGS-B,6399,1.5557488e-07,0.0034136283,2.247067e-07,9.117852e-05
L-BFGS-B,6400,1.5540098e-07,0.0034150232,2.2469058e-07,9.1163965e-05
L-BFGS-B,6401,1.5538374e-07,0.0034092818,2.2469555e-07,9.110471e-05
L-BFGS-B,6402,1.5556452e-07,0.0034082688,2.2424534e-07,9.105417e-05
L-BFGS-B,6403,1.5562229e-07,0.0034094942,2.2399675e-07,9.10378e-05
L-BFGS-B,6404,1.5622076e-07,0.0034196738,2.228861e-07,9.1062764e-05
L-BFGS-B,6405,1.557997e-07,0.0034121939,2.2354575e-07,9.102376e-05
L-BFGS-B,6406,1.5702751e-07,0.0034549672,2.2296591e-07,9.154868e-05
L-BFGS-B,6407,1.5596459e-07,0.0034166249,2.2285454e-07,9.098912e-05
L-BFGS-B,6408,1.5609356e-07,0.003416433,2.2251356e-07,9.095539e-05
L-BFGS-B,6409,1.5599952e-07,0.0034128372,2.225274e-07,9.090741e-05
L-BFGS-B,6410,1.5592165e-07,0.0034098271,2.2258737e-07,9.087463e-05
L-BFGS-B,6411,1.561565e-07,0.0034133901,2.2190122e-07,9.084256e-05
L-BFGS-B,6412,1.5576454e-07,0.0034009933,2.2287318e-07,9.0805595e-05
L-BFGS-B,6413,1.5587766e-07,0.0033993677,2.2257886e-07,9.076216e-05
L-BFGS-B,6414,1.5583572e-07,0.0033926992,2.2266345e-07,9.070187e-05
L-BFGS-B,6415,1.5686884e-07,0.0034073852,2.2444588e-07,9.127106e-05
L-BFGS-B,6416,1.5581179e-07,0.0033902125,2.2275022e-07,9.068643e-05
L-BFGS-B,6417,1.5584882e-07,0.0033950466,2.2223296e-07,9.066273e-05
L-BFGS-B,6418,1.5496612e-07,0.003386053,2.2388818e-07,9.068867e-05
L-BFGS-B,6419,1.5542957e-07,0.0033900056,2.2283005e-07,9.0639005e-05
L-BFGS-B,6420,1.553906e-07,0.0033873687,2.2280088e-07,9.060241e-05
L-BFGS-B,6421,1.551897e-07,0.0033807624,2.2322165e-07,9.056933e-05
L-BFGS-B,6422,1.5493944e-07,0.003370415,2.237865e-07,9.0513044e-05
L-BFGS-B,6423,1.5463823e-07,0.0033582065,2.2449267e-07,9.045169e-05
L-BFGS-B,6424,1.5484582e-07,0.0033637339,2.2375463e-07,9.0427406e-05
L-BFGS-B,6425,1.5485172e-07,0.0033649984,2.2353046e-07,9.040731e-05
L-BFGS-B,6426,1.549632e-07,0.0033713446,2.2291724e-07,9.039551e-05
L-BFGS-B,6427,1.5487659e-07,0.0033688298,2.2310256e-07,9.0385176e-05
L-BFGS-B,6428,1.5477421e-07,0.0033646685,2.2340112e-07,9.037298e-05
L-BFGS-B,6429,1.5469799e-07,0.0033613497,2.2358044e-07,9.035526e-05
L-BFGS-B,6430,1.5485311e-07,0.0033610305,2.2329506e-07,9.033253e-05
L-BFGS-B,6431,1.5508468e-07,0.003364539,2.2264457e-07,9.030478e-05
L-BFGS-B,6432,1.5530487e-07,0.003367527,2.220684e-07,9.028126e-05
L-BFGS-B,6433,1.5542061e-07,0.003369391,2.2165828e-07,9.025574e-05
L-BFGS-B,6434,1.556111e-07,0.0033735265,2.2084944e-07,9.020435e-05
L-BFGS-B,6435,1.5495829e-07,0.0033659267,2.2164076e-07,9.014912e-05
L-BFGS-B,6436,1.5416329e-07,0.0033388552,2.2439781e-07,9.017272e-05
L-BFGS-B,6437,1.5457745e-07,0.003352959,2.2273107e-07,9.012587e-05
L-BFGS-B,6438,1.5444805e-07,0.0033557292,2.2241213e-07,9.008632e-05
L-BFGS-B,6439,1.5395628e-07,0.0033542195,2.2285239e-07,9.006349e-05
L-BFGS-B,6440,1.5395585e-07,0.0033503661,2.2285941e-07,9.002595e-05
L-BFGS-B,6441,1.5418657e-07,0.0033518616,2.2235882e-07,9.000042e-05
L-BFGS-B,6442,1.5629213e-07,0.0034178193,2.2028475e-07,9.0664726e-05
L-BFGS-B,6443,1.5430025e-07,0.0033552009,2.21957e-07,8.99906e-05
L-BFGS-B,6444,1.5610438e-07,0.0033826407,2.1936597e-07,9.014696e-05
L-BFGS-B,6445,1.5474555e-07,0.0033595043,2.2095772e-07,8.995053e-05
L-BFGS-B,6446,1.5470972e-07,0.0033568507,2.2086684e-07,8.990499e-05
L-BFGS-B,6447,1.5450605e-07,0.0033565033,2.2076314e-07,8.985541e-05
L-BFGS-B,6448,1.5403174e-07,0.0033523382,2.2117352e-07,8.9804176e-05
L-BFGS-B,6449,1.5349423e-07,0.0033559871,2.2154032e-07,8.9815054e-05
L-BFGS-B,6450,1.5369992e-07,0.0033524295,2.2122993e-07,8.9763766e-05
L-BFGS-B,6451,1.532306e-07,0.003346794,2.2165472e-07,8.970074e-05
L-BFGS-B,6452,1.5267553e-07,0.003337488,2.2234508e-07,8.962797e-05
L-BFGS-B,6453,1.5272492e-07,0.0033242104,2.230492e-07,8.960822e-05
L-BFGS-B,6454,1.5250764e-07,0.0033257909,2.230168e-07,8.9586574e-05
L-BFGS-B,6455,1.5257623e-07,0.0033323753,2.225816e-07,8.959742e-05
L-BFGS-B,6456,1.5252371e-07,0.0033276938,2.2282454e-07,8.9579175e-05
L-BFGS-B,6457,1.5252341e-07,0.0033274724,2.2275941e-07,8.956715e-05
L-BFGS-B,6458,1.5248865e-07,0.00332384,2.228358e-07,8.953707e-05
L-BFGS-B,6459,1.5256451e-07,0.0033253068,2.2254537e-07,8.9519555e-05
L-BFGS-B,6460,1.5252127e-07,0.003322149,2.2263795e-07,8.949537e-05
L-BFGS-B,6461,1.5250991e-07,0.0033226283,2.2243727e-07,8.946836e-05
L-BFGS-B,6462,1.5245095e-07,0.0033215308,2.222696e-07,8.9423396e-05
L-BFGS-B,6463,1.5247493e-07,0.003326723,2.2156381e-07,8.937303e-05
L-BFGS-B,6464,1.5258698e-07,0.003326523,2.2112968e-07,8.9322726e-05
L-BFGS-B,6465,1.5281626e-07,0.0033362925,2.1978211e-07,8.925268e-05
L-BFGS-B,6466,1.532081e-07,0.0033464455,2.1824307e-07,8.918213e-05
L-BFGS-B,6467,1.5344966e-07,0.0033458516,2.1773772e-07,8.913662e-05
L-BFGS-B,6468,1.5361609e-07,0.0033487156,2.1702063e-07,8.908266e-05
L-BFGS-B,6469,1.5340791e-07,0.0033442604,2.1727323e-07,8.904477e-05
L-BFGS-B,6470,1.5292612e-07,0.0033370983,2.1814819e-07,8.903213e-05
L-BFGS-B,6471,1.5277665e-07,0.003336812,2.180025e-07,8.898499e-05
L-BFGS-B,6472,1.5280834e-07,0.0033373183,2.1787375e-07,8.8975496e-05
L-BFGS-B,6473,1.5278245e-07,0.003337125,2.1779553e-07,8.8957946e-05
L-BFGS-B,6474,1.5271625e-07,0.0033353006,2.1789874e-07,8.894525e-05
L-BFGS-B,6475,1.5300522e-07,0.0033397714,2.1718678e-07,8.8926514e-05
L-BFGS-B,6476,1.5311822e-07,0.0033558859,2.1756706e-07,8.916165e-05
L-BFGS-B,6477,1.5296435e-07,0.0033402885,2.171636e-07,8.8922076e-05
L-BFGS-B,6478,1.5325773e-07,0.0033397553,2.1686381e-07,8.891578e-05
L-BFGS-B,6479,1.5442353e-07,0.0034008229,2.21256e-07,9.036016e-05
L-BFGS-B,6480,1.5318186e-07,0.0033375819,2.1696259e-07,8.889749e-05
L-BFGS-B,6481,1.5322269e-07,0.0033434033,2.1639642e-07,8.88769e-05
L-BFGS-B,6482,1.5363926e-07,0.0033535685,2.1508735e-07,8.884468e-05
L-BFGS-B,6483,1.5389342e-07,0.0033679947,2.137619e-07,8.882824e-05
L-BFGS-B,6484,1.5408621e-07,0.003367276,2.1348913e-07,8.880906e-05
L-BFGS-B,6485,1.5431642e-07,0.0033677586,2.131498e-07,8.879752e-05
L-BFGS-B,6486,1.5441341e-07,0.0033772767,2.1258195e-07,8.882207e-05
L-BFGS-B,6487,1.5433446e-07,0.00336994,2.1296474e-07,8.879427e-05
L-BFGS-B,6488,1.5517635e-07,0.0033819848,2.1141435e-07,8.8808454e-05
L-BFGS-B,6489,1.5465265e-07,0.0033741372,2.1225566e-07,8.8777626e-05
L-BFGS-B,6490,1.54748e-07,0.003375588,2.1194542e-07,8.875989e-05
L-BFGS-B,6491,1.5461407e-07,0.003378896,2.1161365e-07,8.872312e-05
L-BFGS-B,6492,1.546377e-07,0.0033822847,2.1123239e-07,8.870336e-05
L-BFGS-B,6493,1.548009e-07,0.0033901911,2.102138e-07,8.865411e-05
L-BFGS-B,6494,1.5488534e-07,0.0033953863,2.0943035e-07,8.860122e-05
L-BFGS-B,6495,1.546042e-07,0.003396667,2.0910504e-07,8.8523055e-05
L-BFGS-B,6496,1.5462666e-07,0.0033971542,2.0880496e-07,8.848628e-05
L-BFGS-B,6497,1.5432384e-07,0.003390718,2.0936434e-07,8.846041e-05
L-BFGS-B,6498,1.5377545e-07,0.0033816798,2.1026399e-07,8.842271e-05
L-BFGS-B,6499,1.5440706e-07,0.0034491974,2.0940864e-07,8.906433e-05
L-BFGS-B,6500,1.5374464e-07,0.003384314,2.1007357e-07,8.8415865e-05
L-BFGS-B,6501,1.5334992e-07,0.0033774194,2.1068233e-07,8.8379034e-05
L-BFGS-B,6502,1.5328506e-07,0.0033783263,2.1044522e-07,8.83428e-05
L-BFGS-B,6503,1.5340656e-07,0.0033841294,2.0966515e-07,8.830205e-05
L-BFGS-B,6504,1.5343704e-07,0.0033902754,2.0887451e-07,8.8249486e-05
L-BFGS-B,6505,1.5359964e-07,0.0033933858,2.0822873e-07,8.820811e-05
L-BFGS-B,6506,1.5371165e-07,0.0033900212,2.0799513e-07,8.815623e-05
L-BFGS-B,6507,1.5340947e-07,0.0033839995,2.0849852e-07,8.8126195e-05
L-BFGS-B,6508,1.5314541e-07,0.0033808777,2.0878963e-07,8.8099034e-05
L-BFGS-B,6509,1.5291472e-07,0.003377363,2.0907078e-07,8.807146e-05
L-BFGS-B,6510,1.5297236e-07,0.0033837692,2.0817559e-07,8.800988e-05
L-BFGS-B,6511,1.5322516e-07,0.0033913115,2.0722658e-07,8.798088e-05
L-BFGS-B,6512,1.5372022e-07,0.0034041146,2.0572298e-07,8.7957626e-05
L-BFGS-B,6513,1.0183355e-05,0.29058966,6.5722043e-06,0.0054192306
L-BFGS-B,6514,1.6260746e-07,0.003710934,1.9977033e-07,9.1466005e-05
L-BFGS-B,6515,1.5379605e-07,0.0034087596,2.0529107e-07,8.795067e-05
L-BFGS-B,6516,1.5393385e-07,0.0034125326,2.0480287e-07,8.7935834e-05
L-BFGS-B,6517,1.5409073e-07,0.0034185704,2.0395301e-07,8.7892266e-05
L-BFGS-B,6518,1.5407309e-07,0.003415233,2.040179e-07,8.786598e-05
L-BFGS-B,6519,1.5409708e-07,0.0034171352,2.0361863e-07,8.782871e-05
L-BFGS-B,6520,1.5370925e-07,0.0034024862,2.0475744e-07,8.779486e-05
L-BFGS-B,6521,1.541717e-07,0.0034122216,2.0321282e-07,8.772989e-05
L-BFGS-B,6522,1.5382788e-07,0.0034095317,2.0342885e-07,8.7683824e-05
L-BFGS-B,6523,1.53315e-07,0.003404074,2.0389524e-07,8.762228e-05
L-BFGS-B,6524,1.5313078e-07,0.003404783,2.035703e-07,8.755299e-05
L-BFGS-B,6525,1.5265567e-07,0.0034036199,2.036041e-07,8.7475164e-05
L-BFGS-B,6526,1.5276638e-07,0.0034256882,2.0183234e-07,8.7446686e-05
L-BFGS-B,6527,1.5262832e-07,0.0034124278,2.0234968e-07,8.737098e-05
L-BFGS-B,6528,1.5284843e-07,0.003411803,2.0195348e-07,8.733831e-05
L-BFGS-B,6529,1.5324137e-07,0.0034154593,2.0106968e-07,8.730125e-05
L-BFGS-B,6530,1.534966e-07,0.003420038,2.0021385e-07,8.725694e-05
L-BFGS-B,6531,1.5793101e-07,0.0035429525,2.0056827e-07,8.920442e-05
L-BFGS-B,6532,1.5358029e-07,0.0034215597,1.9998953e-07,8.7251065e-05
L-BFGS-B,6533,1.536494e-07,0.0034270317,1.9928471e-07,8.721043e-05
L-BFGS-B,6534,1.5346585e-07,0.003427691,1.9921967e-07,8.717974e-05
L-BFGS-B,6535,1.5345478e-07,0.0034317926,1.9883129e-07,8.7160835e-05
L-BFGS-B,6536,1.5309676e-07,0.0034276892,1.993421e-07,8.714272e-05
L-BFGS-B,6537,1.5289442e-07,0.0034217956,1.9980334e-07,8.7122615e-05
L-BFGS-B,6538,1.5294192e-07,0.0034226964,1.9950639e-07,8.709422e-05
L-BFGS-B,6539,1.5296605e-07,0.0034220708,1.9937934e-07,8.707251e-05
L-BFGS-B,6540,1.5306388e-07,0.0034241725,1.9904498e-07,8.7058055e-05
L-BFGS-B,6541,1.5832501e-07,0.0035434521,1.9909287e-07,8.90472e-05
L-BFGS-B,6542,1.5313942e-07,0.0034256047,1.988645e-07,8.705663e-05
L-BFGS-B,6543,1.5316726e-07,0.0034218638,1.9897391e-07,8.7039814e-05
L-BFGS-B,6544,1.5318138e-07,0.0034233052,1.9865833e-07,8.700901e-05
L-BFGS-B,6545,1.5320974e-07,0.0034214042,1.9865651e-07,8.699398e-05
L-BFGS-B,6546,1.5320816e-07,0.003418957,1.9871337e-07,8.69778e-05
L-BFGS-B,6547,1.5321218e-07,0.0034177664,1.9866646e-07,8.6959466e-05
L-BFGS-B,6548,1.5333805e-07,0.0034219075,1.9806541e-07,8.692959e-05
L-BFGS-B,6549,1.5337216e-07,0.0034261073,1.9757822e-07,8.690363e-05
L-BFGS-B,6550,1.5315493e-07,0.00342463,1.9777748e-07,8.688616e-05
L-BFGS-B,6551,1.5297658e-07,0.0034249995,1.9783863e-07,8.687228e-05
L-BFGS-B,6552,1.5274156e-07,0.003423558,1.9804858e-07,8.68541e-05
L-BFGS-B,6553,1.5309773e-07,0.0034513783,1.9946852e-07,8.7398716e-05
L-BFGS-B,6554,1.5271716e-07,0.0034241134,1.9801082e-07,8.685033e-05
L-BFGS-B,6555,1.5232364e-07,0.0034197504,1.9850626e-07,8.682199e-05
L-BFGS-B,6556,1.5208707e-07,0.003416323,1.9883532e-07,8.6801585e-05
L-BFGS-B,6557,1.5196308e-07,0.0034099282,1.9926068e-07,8.678285e-05
L-BFGS-B,6558,1.5163657e-07,0.003406778,1.9959198e-07,8.6752065e-05
L-BFGS-B,6559,1.5163036e-07,0.0034054553,1.995537e-07,8.6732165e-05
L-BFGS-B,6560,1.5162065e-07,0.0034025921,1.9954942e-07,8.670143e-05
L-BFGS-B,6561,1.5145007e-07,0.0033992017,1.9984562e-07,8.668637e-05
L-BFGS-B,6562,1.5092853e-07,0.003388845,2.0073102e-07,8.663738e-05
L-BFGS-B,6563,1.4985235e-07,0.0033668247,2.032703e-07,8.6636646e-05
L-BFGS-B,6564,1.5035982e-07,0.0033769992,2.0195223e-07,8.66168e-05
L-BFGS-B,6565,1.499199e-07,0.003366558,2.0283717e-07,8.657914e-05
L-BFGS-B,6566,1.494664e-07,0.0033587452,2.0356798e-07,8.654261e-05
L-BFGS-B,6567,1.5013887e-07,0.0033823752,2.0157064e-07,8.658018e-05
L-BFGS-B,6568,1.4963486e-07,0.0033650822,2.0290035e-07,8.65311e-05
L-BFGS-B,6569,1.4954765e-07,0.0033617548,2.029844e-07,8.6497355e-05
L-BFGS-B,6570,1.498827e-07,0.003366776,2.0205513e-07,8.645843e-05
L-BFGS-B,6571,1.5029346e-07,0.0033688613,2.0115009e-07,8.640514e-05
L-BFGS-B,6572,1.5059936e-07,0.0033702787,2.0045502e-07,8.636094e-05
L-BFGS-B,6573,1.5062885e-07,0.003366144,2.0030353e-07,8.63013e-05
L-BFGS-B,6574,1.5066513e-07,0.0033692669,1.9988376e-07,8.6275e-05
L-BFGS-B,6575,1.5026541e-07,0.0033661667,2.0029063e-07,8.624507e-05
L-BFGS-B,6576,1.4992294e-07,0.0033666093,2.0035783e-07,8.620821e-05
L-BFGS-B,6577,1.4987705e-07,0.0033750366,2.0271516e-07,8.66392e-05
L-BFGS-B,6578,1.4980107e-07,0.003364243,2.0057014e-07,8.619811e-05
L-BFGS-B,6579,1.4961478e-07,0.0033639015,2.0053277e-07,8.616115e-05
L-BFGS-B,6580,1.496505e-07,0.0033644848,2.0002382e-07,8.6096e-05
L-BFGS-B,6581,1.4904775e-07,0.0033495217,2.0363531e-07,8.6397675e-05
L-BFGS-B,6582,1.4940429e-07,0.0033568344,2.006308e-07,8.60736e-05
L-BFGS-B,6583,1.49652e-07,0.0033538376,2.0001524e-07,8.598846e-05
L-BFGS-B,6584,1.4947206e-07,0.0033450634,2.0043029e-07,8.5935986e-05
L-BFGS-B,6585,1.4959741e-07,0.0033426268,2.001848e-07,8.58936e-05
L-BFGS-B,6586,1.4906965e-07,0.0033433766,2.0061545e-07,8.5886524e-05
L-BFGS-B,6587,1.4941988e-07,0.0033397106,2.0001795e-07,8.581278e-05
L-BFGS-B,6588,1.4952776e-07,0.0033389623,1.9966603e-07,8.57687e-05
L-BFGS-B,6589,1.4913574e-07,0.0033268149,2.0040797e-07,8.569971e-05
L-BFGS-B,6590,1.4864884e-07,0.003320355,2.0095852e-07,8.564466e-05
L-BFGS-B,6591,1.4779837e-07,0.003303345,2.027128e-07,8.5610125e-05
L-BFGS-B,6592,1.4760387e-07,0.00330129,2.029302e-07,8.559301e-05
L-BFGS-B,6593,1.4741155e-07,0.003298731,2.0317508e-07,8.55753e-05
L-BFGS-B,6594,1.638609e-07,0.0040708575,2.3754353e-07,0.00010091924
L-BFGS-B,6595,1.4724932e-07,0.0032960095,2.0348308e-07,8.556996e-05
L-BFGS-B,6596,1.4738363e-07,0.003298299,2.0305191e-07,8.5548316e-05
L-BFGS-B,6597,1.4766796e-07,0.003304332,2.0222396e-07,8.552711e-05
L-BFGS-B,6598,1.4777429e-07,0.003305319,2.0198488e-07,8.5517066e-05
L-BFGS-B,6599,1.4792876e-07,0.0033076159,2.015968e-07,8.550499e-05
L-BFGS-B,6600,1.4728674e-07,0.0032958735,2.0387975e-07,8.563371e-05
L-BFGS-B,6601,1.4780167e-07,0.0033049674,2.0186874e-07,8.5500236e-05
L-BFGS-B,6602,1.4890144e-07,0.0033250232,2.0282997e-07,8.600994e-05
L-BFGS-B,6603,1.478314e-07,0.0033045514,2.0182866e-07,8.549452e-05
L-BFGS-B,6604,1.4814222e-07,0.0033084743,2.0116101e-07,8.548023e-05
L-BFGS-B,6605,1.4869168e-07,0.0033219405,1.996464e-07,8.5470114e-05
L-BFGS-B,6606,1.4871827e-07,0.003318727,1.9971723e-07,8.545259e-05
L-BFGS-B,6607,1.4865626e-07,0.0033157289,1.9988111e-07,8.5437896e-05
L-BFGS-B,6608,1.4855371e-07,0.003313641,1.9997655e-07,8.541595e-05
L-BFGS-B,6609,1.485041e-07,0.0033147908,1.9980854e-07,8.53948e-05
L-BFGS-B,6610,1.4782955e-07,0.0033276703,2.0055415e-07,8.553426e-05
L-BFGS-B,6611,1.4830425e-07,0.0033149272,1.9994327e-07,8.53864e-05
L-BFGS-B,6612,1.4832777e-07,0.0033195948,1.9946306e-07,8.536457e-05
L-BFGS-B,6613,1.4834596e-07,0.0033212192,1.9925021e-07,8.535162e-05
L-BFGS-B,6614,1.4845295e-07,0.0033245585,1.988215e-07,8.533675e-05
L-BFGS-B,6615,1.4856052e-07,0.0033251024,1.9854849e-07,8.531737e-05
L-BFGS-B,6616,1.4863265e-07,0.003326545,1.9823088e-07,8.529498e-05
L-BFGS-B,6617,1.484531e-07,0.0033239033,1.9842673e-07,8.527101e-05
L-BFGS-B,6618,1.4847684e-07,0.0033229496,1.9987608e-07,8.548243e-05
L-BFGS-B,6619,1.4836763e-07,0.003321229,1.9860903e-07,8.5258784e-05
L-BFGS-B,6620,1.4824626e-07,0.0033197768,1.9868497e-07,8.523745e-05
L-BFGS-B,6621,1.4809044e-07,0.0033164993,1.9880032e-07,8.5198604e-05
L-BFGS-B,6622,1.479339e-07,0.0033136643,1.9906298e-07,8.518618e-05
L-BFGS-B,6623,1.4787146e-07,0.0033124967,1.9907033e-07,8.516623e-05
L-BFGS-B,6624,1.4966612e-07,0.0033814393,2.1023905e-07,8.7800174e-05
L-BFGS-B,6625,1.4782377e-07,0.003310863,1.9921055e-07,8.5163774e-05
L-BFGS-B,6626,1.4776226e-07,0.0033087987,1.9932827e-07,8.5151565e-05
L-BFGS-B,6627,1.4771102e-07,0.0033072277,1.994278e-07,8.5143096e-05
L-BFGS-B,6628,1.4764046e-07,0.0033062238,1.9950019e-07,8.513334e-05
L-BFGS-B,6629,1.4757867e-07,0.0033064773,1.9948459e-07,8.512426e-05
L-BFGS-B,6630,1.4661543e-07,0.003290535,2.034478e-07,8.541483e-05
L-BFGS-B,6631,1.4745974e-07,0.0033038754,1.9976204e-07,8.5122025e-05
L-BFGS-B,6632,1.473901e-07,0.0033064734,1.9955117e-07,8.510592e-05
L-BFGS-B,6633,1.4733236e-07,0.003309021,1.9935794e-07,8.509375e-05
L-BFGS-B,6634,1.475685e-07,0.0033133677,1.9878344e-07,8.508647e-05
L-BFGS-B,6635,1.4739747e-07,0.003311667,1.9902684e-07,8.508031e-05
L-BFGS-B,6636,1.4734216e-07,0.0033105458,1.9913887e-07,8.507761e-05
L-BFGS-B,6637,1.472753e-07,0.0033082468,1.9932784e-07,8.507294e-05
L-BFGS-B,6638,1.4789698e-07,0.0033218435,1.9798023e-07,8.5100015e-05
L-BFGS-B,6639,1.474115e-07,0.00331114,1.9897745e-07,8.506974e-05
L-BFGS-B,6640,1.4742622e-07,0.003310822,1.9894247e-07,8.5063526e-05
L-BFGS-B,6641,1.4752702e-07,0.0033126045,1.9859753e-07,8.5044725e-05
L-BFGS-B,6642,1.4765884e-07,0.0033162143,1.9806726e-07,8.5021056e-05
L-BFGS-B,6643,1.4801228e-07,0.0033268428,1.9689897e-07,8.5005115e-05
L-BFGS-B,6644,1.4798287e-07,0.003327505,1.9669606e-07,8.497689e-05
L-BFGS-B,6645,1.4781061e-07,0.0033248952,1.9694352e-07,8.496207e-05
L-BFGS-B,6646,1.477295e-07,0.00332257,1.9709319e-07,8.49491e-05
L-BFGS-B,6647,1.4771258e-07,0.0033206397,1.9715405e-07,8.493639e-05
L-BFGS-B,6648,1.477082e-07,0.0033195964,1.9714724e-07,8.4924286e-05
L-BFGS-B,6649,1.4755543e-07,0.0033025413,1.9991784e-07,8.51464e-05
L-BFGS-B,6650,1.4766802e-07,0.0033169922,1.9734908e-07,8.492249e-05
L-BFGS-B,6651,1.4771503e-07,0.003316453,1.9723412e-07,8.4906904e-05
L-BFGS-B,6652,1.4784281e-07,0.0033167037,1.9701176e-07,8.489522e-05
L-BFGS-B,6653,1.4785513e-07,0.0033161247,1.9699985e-07,8.488949e-05
L-BFGS-B,6654,1.4781652e-07,0.003314991,1.9708578e-07,8.488525e-05
L-BFGS-B,6655,1.4770112e-07,0.0033124909,1.9732744e-07,8.487919e-05
L-BFGS-B,6656,1.4922043e-07,0.003345002,1.970195e-07,8.538601e-05
L-BFGS-B,6657,1.4772966e-07,0.0033130497,1.9725384e-07,8.487802e-05
L-BFGS-B,6658,1.4756387e-07,0.0033099996,1.9757297e-07,8.4870524e-05
L-BFGS-B,6659,1.4730487e-07,0.00330531,1.980623e-07,8.485818e-05
L-BFGS-B,6660,1.4703441e-07,0.0032949806,1.9891289e-07,8.48419e-05
L-BFGS-B,6661,1.4707291e-07,0.0032993886,1.9837597e-07,8.481122e-05
L-BFGS-B,6662,1.471507e-07,0.0032982405,1.9814793e-07,8.47772e-05
L-BFGS-B,6663,1.4794757e-07,0.003304095,1.9651547e-07,8.471041e-05
L-BFGS-B,6664,1.4801567e-07,0.0032999439,1.9651124e-07,8.4678475e-05
L-BFGS-B,6665,1.4792803e-07,0.0032929091,1.9688558e-07,8.465113e-05
L-BFGS-B,6666,1.4851848e-07,0.0033016305,1.9652653e-07,8.4773055e-05
L-BFGS-B,6667,1.4799528e-07,0.0032934214,1.9671505e-07,8.4640764e-05
L-BFGS-B,6668,1.4797044e-07,0.0032922777,1.9670003e-07,8.4623345e-05
L-BFGS-B,6669,1.4797595e-07,0.003293688,1.9645921e-07,8.460215e-05
L-BFGS-B,6670,1.4803852e-07,0.003292951,1.9628048e-07,8.457736e-05
L-BFGS-B,6671,1.4787972e-07,0.0032888956,1.9630252e-07,8.451629e-05
L-BFGS-B,6672,1.4738005e-07,0.0032792927,1.9686584e-07,8.442981e-05
L-BFGS-B,6673,1.4710058e-07,0.0032749528,1.9691193e-07,8.43514e-05
L-BFGS-B,6674,1.4669693e-07,0.0032690747,1.9723767e-07,8.428094e-05
L-BFGS-B,6675,1.4634074e-07,0.003264973,1.9754503e-07,8.42326e-05
L-BFGS-B,6676,1.4658995e-07,0.0032647885,1.9696238e-07,8.4180734e-05
L-BFGS-B,6677,1.4676793e-07,0.0032668088,1.9640378e-07,8.4143845e-05
L-BFGS-B,6678,1.4685432e-07,0.0032680624,1.9610472e-07,8.412448e-05
L-BFGS-B,6679,1.4709576e-07,0.003271197,1.9544919e-07,8.4093714e-05
L-BFGS-B,6680,1.4645747e-07,0.0032621978,1.9652298e-07,8.406905e-05
L-BFGS-B,6681,1.4790392e-07,0.003276124,1.9815265e-07,8.466972e-05
L-BFGS-B,6682,1.4647267e-07,0.0032604714,1.9654956e-07,8.405805e-05
L-BFGS-B,6683,1.4633788e-07,0.003254559,1.9687579e-07,8.402763e-05
L-BFGS-B,6684,1.4635738e-07,0.003251076,1.9689335e-07,8.399837e-05
L-BFGS-B,6685,1.4641516e-07,0.003250029,1.967171e-07,8.3970124e-05
L-BFGS-B,6686,1.4621983e-07,0.0032477593,1.9688484e-07,8.394329e-05
L-BFGS-B,6687,1.4609803e-07,0.0032449798,1.9703349e-07,8.391953e-05
L-BFGS-B,6688,1.4606407e-07,0.0032441444,1.9690859e-07,8.388734e-05
L-BFGS-B,6689,1.4622512e-07,0.0032435353,1.9656805e-07,8.385433e-05
L-BFGS-B,6690,1.461906e-07,0.0032372533,1.967197e-07,8.380908e-05
L-BFGS-B,6691,1.4611709e-07,0.0032283906,1.9713966e-07,8.3772415e-05
L-BFGS-B,6692,1.4586621e-07,0.00321987,1.9775923e-07,8.374252e-05
L-BFGS-B,6693,1.4568481e-07,0.003214387,1.9805597e-07,8.370499e-05
L-BFGS-B,6694,1.4553643e-07,0.0032105306,1.9817463e-07,8.3661966e-05
L-BFGS-B,6695,1.4548161e-07,0.0032095388,1.9805763e-07,8.362628e-05
L-BFGS-B,6696,1.4635725e-07,0.003223643,1.9642985e-07,8.365449e-05
L-BFGS-B,6697,1.4576177e-07,0.0032135672,1.9739564e-07,8.360928e-05
L-BFGS-B,6698,1.4580411e-07,0.0032132831,1.971632e-07,8.357793e-05
L-BFGS-B,6699,1.454357e-07,0.0032037185,1.978519e-07,8.353033e-05
L-BFGS-B,6700,1.4521765e-07,0.0031962658,1.9834526e-07,8.349709e-05
L-BFGS-B,6701,1.4445362e-07,0.0031898774,1.9969498e-07,8.352106e-05
L-BFGS-B,6702,1.449008e-07,0.0031929638,1.9879963e-07,8.34847e-05
L-BFGS-B,6703,1.4466818e-07,0.0031909547,1.9890962e-07,8.344621e-05
L-BFGS-B,6704,1.4456315e-07,0.0031901994,1.9892994e-07,8.3425955e-05
L-BFGS-B,6705,1.4454422e-07,0.0031912634,1.9873364e-07,8.340432e-05
L-BFGS-B,6706,1.4448534e-07,0.0031904494,1.9874946e-07,8.3389714e-05
L-BFGS-B,6707,1.4446464e-07,0.0031941165,1.9841599e-07,8.3373256e-05
L-BFGS-B,6708,1.4592234e-07,0.0032191444,1.9821319e-07,8.381177e-05
L-BFGS-B,6709,1.4455517e-07,0.0031945007,1.9819329e-07,8.335728e-05
L-BFGS-B,6710,1.4453555e-07,0.0031931053,1.9815552e-07,8.3334715e-05
L-BFGS-B,6711,1.4480514e-07,0.003197365,1.9721776e-07,8.327708e-05
L-BFGS-B,6712,1.4480247e-07,0.0031984854,1.9697869e-07,8.325202e-05
L-BFGS-B,6713,1.4479076e-07,0.003201565,1.9638874e-07,8.319257e-05
L-BFGS-B,6714,1.4462303e-07,0.0031989014,1.9654007e-07,8.3163475e-05
L-BFGS-B,6715,1.4453502e-07,0.0031943552,1.9668805e-07,8.312701e-05
L-BFGS-B,6716,1.4383244e-07,0.003315157,2.3174849e-07,8.9488705e-05
L-BFGS-B,6717,1.4422025e-07,0.0031877868,1.9738762e-07,8.311905e-05
L-BFGS-B,6718,1.4409379e-07,0.0031803746,1.9781304e-07,8.308977e-05
L-BFGS-B,6719,1.4516503e-07,0.0032009222,1.9643264e-07,8.324887e-05
L-BFGS-B,6720,1.4424755e-07,0.003182926,1.973872e-07,8.307447e-05
L-BFGS-B,6721,1.4408691e-07,0.003171168,1.9804706e-07,8.303177e-05
L-BFGS-B,6722,1.4384082e-07,0.003164999,1.9844103e-07,8.2992265e-05
L-BFGS-B,6723,1.433736e-07,0.0031570152,1.990021e-07,8.2926505e-05
L-BFGS-B,6724,1.4318346e-07,0.0031561926,1.9899585e-07,8.288882e-05
L-BFGS-B,6725,1.4307237e-07,0.0031551444,1.9903814e-07,8.286802e-05
L-BFGS-B,6726,1.4299435e-07,0.0031561295,1.9895973e-07,8.285441e-05
L-BFGS-B,6727,1.429757e-07,0.0031540364,1.9903536e-07,8.284202e-05
L-BFGS-B,6728,1.4307338e-07,0.0031518443,1.9892323e-07,8.281793e-05
L-BFGS-B,6729,1.4305931e-07,0.003148882,1.9901975e-07,8.280068e-05
L-BFGS-B,6730,1.4315036e-07,0.0031512713,1.9864598e-07,8.278216e-05
L-BFGS-B,6731,1.4295212e-07,0.0031496908,2.011081e-07,8.3105944e-05
L-BFGS-B,6732,1.4307912e-07,0.0031498184,1.9879283e-07,8.277898e-05
L-BFGS-B,6733,1.4307449e-07,0.0031525807,1.9854309e-07,8.276844e-05
L-BFGS-B,6734,1.4314946e-07,0.00315713,1.9808117e-07,8.27559e-05
L-BFGS-B,6735,1.4303802e-07,0.003158174,1.9803062e-07,8.274204e-05
L-BFGS-B,6736,1.4295284e-07,0.003163721,1.9755343e-07,8.2713144e-05
L-BFGS-B,6737,1.4288472e-07,0.0031660574,1.9727824e-07,8.2685016e-05
L-BFGS-B,6738,1.4270742e-07,0.003168502,1.9730291e-07,8.2686565e-05
L-BFGS-B,6739,1.427647e-07,0.0031662588,1.9723437e-07,8.266245e-05
L-BFGS-B,6740,1.4266578e-07,0.0031619826,1.9738125e-07,8.262688e-05
L-BFGS-B,6741,1.4269209e-07,0.003158153,1.9731733e-07,8.258294e-05
L-BFGS-B,6742,1.428556e-07,0.003157989,1.9688072e-07,8.254034e-05
L-BFGS-B,6743,1.4336929e-07,0.0031678996,1.9563166e-07,8.2529135e-05
L-BFGS-B,6744,1.429034e-07,0.0031587218,1.9644138e-07,8.248893e-05
L-BFGS-B,6745,1.4428323e-07,0.0031927028,1.936442e-07,8.261614e-05
L-BFGS-B,6746,1.4310213e-07,0.0031632963,1.9589848e-07,8.248305e-05
L-BFGS-B,6747,1.4281977e-07,0.003160333,1.9623172e-07,8.2461054e-05
L-BFGS-B,6748,1.4249323e-07,0.003157306,1.9655154e-07,8.2429775e-05
L-BFGS-B,6749,1.4218486e-07,0.00315329,1.9695199e-07,8.240342e-05
L-BFGS-B,6750,1.4193927e-07,0.0031482035,1.9733318e-07,8.2372906e-05
L-BFGS-B,6751,1.4176257e-07,0.0031429136,1.976709e-07,8.234416e-05
L-BFGS-B,6752,1.4170182e-07,0.003139642,1.9776809e-07,8.23169e-05
L-BFGS-B,6753,1.4598233e-07,0.0032434638,1.9331038e-07,8.3328545e-05
L-BFGS-B,6754,1.4185844e-07,0.0031425275,1.9738975e-07,8.23125e-05
L-BFGS-B,6755,1.4189709e-07,0.003142794,1.9714233e-07,8.228385e-05
L-BFGS-B,6756,1.4198935e-07,0.0031455865,1.9667307e-07,8.2255225e-05
L-BFGS-B,6757,1.4211017e-07,0.0031520005,1.959274e-07,8.222564e-05
L-BFGS-B,6758,1.4210369e-07,0.0031561777,1.954914e-07,8.220104e-05
L-BFGS-B,6759,1.6692647e-07,0.0036479805,1.9500257e-07,9.076916e-05
L-BFGS-B,6760,1.422527e-07,0.0031583097,1.9517385e-07,8.2197075e-05
L-BFGS-B,6761,1.4220888e-07,0.0031596923,1.9500112e-07,8.217842e-05
L-BFGS-B,6762,1.4217358e-07,0.003158292,1.9505799e-07,8.216765e-05
L-BFGS-B,6763,1.4226582e-07,0.0031570185,1.9511512e-07,8.217733e-05
L-BFGS-B,6764,1.4219346e-07,0.0031575195,1.9506453e-07,8.216389e-05
L-BFGS-B,6765,1.4215493e-07,0.0031546832,1.9525953e-07,8.2159e-05
L-BFGS-B,6766,1.421177e-07,0.0031536503,1.9527825e-07,8.2145896e-05
L-BFGS-B,6767,1.4207733e-07,0.0031511027,1.954198e-07,8.213559e-05
L-BFGS-B,6768,1.419126e-07,0.003145391,1.9589888e-07,8.2125625e-05
L-BFGS-B,6769,1.4168475e-07,0.0031382896,1.9653322e-07,8.2115585e-05
L-BFGS-B,6770,1.4199118e-07,0.0031448177,1.9954804e-07,8.267906e-05
L-BFGS-B,6771,1.4164044e-07,0.0031370814,1.9662568e-07,8.2110724e-05
L-BFGS-B,6772,1.4146728e-07,0.0031327978,1.969868e-07,8.209609e-05
L-BFGS-B,6773,1.412624e-07,0.0031288255,1.9729674e-07,8.2072125e-05
L-BFGS-B,6774,1.4121811e-07,0.0031292033,1.9719398e-07,8.205384e-05
L-BFGS-B,6775,1.4124348e-07,0.0031309742,1.9689375e-07,8.2030325e-05
L-BFGS-B,6776,1.4138493e-07,0.003134351,1.9629452e-07,8.199543e-05
L-BFGS-B,6777,1.4172205e-07,0.0031388756,1.9530674e-07,8.194307e-05
L-BFGS-B,6778,1.4192794e-07,0.0031403163,1.9463046e-07,8.188692e-05
L-BFGS-B,6779,1.4249432e-07,0.0031457045,1.9343688e-07,8.184672e-05
L-BFGS-B,6780,1.4275837e-07,0.0031471231,1.9299608e-07,8.18344e-05
L-BFGS-B,6781,1.4232816e-07,0.003137978,1.937378e-07,8.178967e-05
L-BFGS-B,6782,1.4237919e-07,0.0031391368,1.9349525e-07,8.177253e-05
L-BFGS-B,6783,1.4245919e-07,0.0031393487,1.932249e-07,8.17461e-05
L-BFGS-B,6784,1.4277538e-07,0.0031473497,1.9245897e-07,8.175865e-05
L-BFGS-B,6785,1.4255869e-07,0.003141593,1.9291312e-07,8.1736696e-05
L-BFGS-B,6786,1.4270442e-07,0.0031461334,1.9226414e-07,8.170662e-05
L-BFGS-B,6787,1.4271833e-07,0.0031481415,1.9193993e-07,8.168015e-05
L-BFGS-B,6788,1.4266867e-07,0.0031522063,1.9132355e-07,8.162089e-05
L-BFGS-B,6789,1.423037e-07,0.0031420323,1.9213608e-07,8.158629e-05
L-BFGS-B,6790,1.4226113e-07,0.003148416,1.9151057e-07,8.1549915e-05
L-BFGS-B,6791,1.4222842e-07,0.0031466098,1.9153177e-07,8.1530125e-05
L-BFGS-B,6792,1.4273667e-07,0.0031702213,1.9154321e-07,8.18442e-05
L-BFGS-B,6793,1.4219317e-07,0.0031468302,1.9147126e-07,8.151797e-05
L-BFGS-B,6794,1.4224553e-07,0.0031459683,1.9138143e-07,8.150373e-05
L-BFGS-B,6795,1.4232295e-07,0.0031447853,1.9124742e-07,8.1483406e-05
L-BFGS-B,6796,1.4252548e-07,0.0031420873,1.9108766e-07,8.1462844e-05
L-BFGS-B,6797,1.426026e-07,0.0031474356,1.9101448e-07,8.151692e-05
L-BFGS-B,6798,1.4251319e-07,0.003142903,1.909454e-07,8.144782e-05
L-BFGS-B,6799,1.422183e-07,0.0031374623,1.9145665e-07,8.142587e-05
L-BFGS-B,6800,1.4212138e-07,0.0031363775,1.915066e-07,8.140797e-05
L-BFGS-B,6801,1.4213171e-07,0.0031356658,1.9131038e-07,8.137297e-05
L-BFGS-B,6802,1.4213927e-07,0.0031364842,1.9123488e-07,8.137096e-05
L-BFGS-B,6803,1.421252e-07,0.0031356434,1.9125156e-07,8.1362945e-05
L-BFGS-B,6804,1.4214784e-07,0.0031362632,1.9110225e-07,8.135015e-05
L-BFGS-B,6805,1.4208545e-07,0.003134046,1.9112063e-07,8.132137e-05
L-BFGS-B,6806,1.4216658e-07,0.0031334597,1.9086185e-07,8.128886e-05
L-BFGS-B,6807,1.4076466e-07,0.0032359222,2.147014e-07,8.567913e-05
L-BFGS-B,6808,1.4188592e-07,0.0031281235,1.914365e-07,8.12796e-05
L-BFGS-B,6809,1.4193402e-07,0.0031262801,1.9122847e-07,8.123717e-05
L-BFGS-B,6810,1.4191565e-07,0.0031251984,1.9105461e-07,8.1197526e-05
L-BFGS-B,6811,1.4185399e-07,0.0031232873,1.9106727e-07,8.117106e-05
L-BFGS-B,6812,1.4166173e-07,0.003119015,1.9140423e-07,8.115004e-05
L-BFGS-B,6813,1.414529e-07,0.0031143646,1.9177489e-07,8.1127815e-05
L-BFGS-B,6814,1.4128092e-07,0.0031095066,1.9212872e-07,8.110651e-05
L-BFGS-B,6815,1.4118123e-07,0.003109181,1.9214669e-07,8.1091e-05
L-BFGS-B,6816,1.4137697e-07,0.0031097555,1.919653e-07,8.10989e-05
L-BFGS-B,6817,1.412479e-07,0.0031088698,1.9205966e-07,8.108483e-05
L-BFGS-B,6818,1.4127068e-07,0.0031097801,1.9189795e-07,8.107309e-05
L-BFGS-B,6819,1.414053e-07,0.0031143602,1.9140387e-07,8.106497e-05
L-BFGS-B,6820,1.4287919e-07,0.0031531604,1.8769433e-07,8.111763e-05
L-BFGS-B,6821,1.4190056e-07,0.0031273498,1.898246e-07,8.103227e-05
L-BFGS-B,6822,1.4162505e-07,0.00312265,1.9019149e-07,8.099898e-05
L-BFGS-B,6823,1.4158638e-07,0.003123696,1.9002019e-07,8.0977945e-05
L-BFGS-B,6824,1.4158609e-07,0.0031257528,1.8973316e-07,8.095542e-05
L-BFGS-B,6825,1.4167207e-07,0.0031279307,1.8939872e-07,8.093992e-05
L-BFGS-B,6826,1.41657e-07,0.0031284643,1.8929181e-07,8.092696e-05
L-BFGS-B,6827,1.4157804e-07,0.00312685,1.8943209e-07,8.0920014e-05
L-BFGS-B,6828,1.4243747e-07,0.0032177202,1.9298581e-07,8.24907e-05
L-BFGS-B,6829,1.4149863e-07,0.0031285447,1.8932117e-07,8.0908416e-05
L-BFGS-B,6830,1.4139817e-07,0.0031255016,1.8950378e-07,8.0890306e-05
L-BFGS-B,6831,1.4137646e-07,0.0031254303,1.8938267e-07,8.086817e-05
L-BFGS-B,6832,1.4116371e-07,0.0031206585,1.898364e-07,8.08566e-05
L-BFGS-B,6833,1.4119786e-07,0.0031226985,1.896007e-07,8.084677e-05
L-BFGS-B,6834,1.4120552e-07,0.0031233903,1.8949346e-07,8.0838756e-05
L-BFGS-B,6835,1.4123259e-07,0.0031234906,1.8940645e-07,8.083076e-05
L-BFGS-B,6836,1.4127691e-07,0.003123476,1.893074e-07,8.082241e-05
L-BFGS-B,6837,1.4132299e-07,0.0031226329,1.8925067e-07,8.081237e-05
L-BFGS-B,6838,1.4137075e-07,0.0031228643,1.8911494e-07,8.0801496e-05
L-BFGS-B,6839,1.4122311e-07,0.003117725,1.8951205e-07,8.0787526e-05
L-BFGS-B,6840,1.41185e-07,0.0031187674,1.8939198e-07,8.077422e-05
L-BFGS-B,6841,1.414514e-07,0.003125701,1.8856765e-07,8.075987e-05
L-BFGS-B,6842,1.4100371e-07,0.0031235698,1.8899934e-07,8.073616e-05
L-BFGS-B,6843,1.4096175e-07,0.0031219625,1.8902024e-07,8.071693e-05
L-BFGS-B,6844,1.4094617e-07,0.0031204822,1.8895233e-07,8.06896e-05
L-BFGS-B,6845,1.4096452e-07,0.003122313,1.8882196e-07,8.06911e-05
L-BFGS-B,6846,1.4094807e-07,0.003121087,1.8887594e-07,8.068448e-05
L-BFGS-B,6847,1.4085848e-07,0.0031139571,1.8931965e-07,8.066629e-05
L-BFGS-B,6848,1.4086568e-07,0.0031145853,1.891917e-07,8.0654456e-05
L-BFGS-B,6849,1.4176716e-07,0.0031389368,1.8715437e-07,8.0727594e-05
L-BFGS-B,6850,1.409965e-07,0.003118099,1.8880309e-07,8.065093e-05
L-BFGS-B,6851,1.4100658e-07,0.0031170603,1.8880003e-07,8.064159e-05
L-BFGS-B,6852,1.4115413e-07,0.003118017,1.8854388e-07,8.063487e-05
L-BFGS-B,6853,1.414064e-07,0.0031177697,1.882653e-07,8.062845e-05
L-BFGS-B,6854,1.4140036e-07,0.0031194275,1.8799409e-07,8.0603444e-05
L-BFGS-B,6855,1.415185e-07,0.003121724,1.876135e-07,8.058704e-05
L-BFGS-B,6856,1.418063e-07,0.0031263568,1.8688833e-07,8.0567756e-05
L-BFGS-B,6857,1.4201977e-07,0.003129182,1.863718e-07,8.0550555e-05
L-BFGS-B,6858,1.425042e-07,0.0031368907,1.8526843e-07,8.05348e-05
L-BFGS-B,6859,1.4231333e-07,0.0031335608,1.8581733e-07,8.0555204e-05
L-BFGS-B,6860,1.4239099e-07,0.0031347333,1.8540717e-07,8.051706e-05
L-BFGS-B,6861,1.4230042e-07,0.0031342674,1.8552242e-07,8.0516096e-05
L-BFGS-B,6862,1.4233838e-07,0.003134316,1.85459e-07,8.051277e-05
L-BFGS-B,6863,1.421967e-07,0.0031318432,1.8570428e-07,8.0503574e-05
L-BFGS-B,6864,1.4208294e-07,0.0031292187,1.8595087e-07,8.049726e-05
L-BFGS-B,6865,1.4204184e-07,0.0031290837,1.8592361e-07,8.048565e-05
L-BFGS-B,6866,1.419978e-07,0.003127619,1.8595844e-07,8.0469625e-05
L-BFGS-B,6867,1.4199891e-07,0.0031275472,1.8582419e-07,8.044893e-05
L-BFGS-B,6868,1.4206492e-07,0.0031281642,1.8560651e-07,8.043236e-05
L-BFGS-B,6869,1.4223029e-07,0.0031290518,1.8522435e-07,8.040871e-05
L-BFGS-B,6870,1.4243855e-07,0.0031309403,1.8472709e-07,8.038424e-05
L-BFGS-B,6871,1.4272749e-07,0.0031298813,1.844688e-07,8.037826e-05
L-BFGS-B,6872,1.4263726e-07,0.003128515,1.8443006e-07,8.034525e-05
L-BFGS-B,6873,1.4261492e-07,0.0031294515,1.8427649e-07,8.0328224e-05
L-BFGS-B,6874,1.426469e-07,0.0031303884,1.8409372e-07,8.0314974e-05
L-BFGS-B,6875,1.4272875e-07,0.0031307312,1.8391655e-07,8.0304104e-05
L-BFGS-B,6876,1.424587e-07,0.003124347,1.8462136e-07,8.030548e-05
L-BFGS-B,6877,1.4258484e-07,0.0031272385,1.8424394e-07,8.02967e-05
L-BFGS-B,6878,1.4279888e-07,0.0031300567,1.8375856e-07,8.028418e-05
L-BFGS-B,6879,1.4185159e-07,0.003106158,1.8661933e-07,8.033222e-05
L-BFGS-B,6880,1.4246714e-07,0.0031218622,1.8456193e-07,8.0272985e-05
L-BFGS-B,6881,1.4274796e-07,0.0031253668,1.8392916e-07,8.025524e-05
L-BFGS-B,6882,1.428248e-07,0.0031265728,1.8366106e-07,8.0238606e-05
L-BFGS-B,6883,1.4289269e-07,0.0031279386,1.8331268e-07,8.0210186e-05
L-BFGS-B,6884,1.4276482e-07,0.003123234,1.8342591e-07,8.016095e-05
L-BFGS-B,6885,1.4272571e-07,0.00311875,1.8331299e-07,8.0093305e-05
L-BFGS-B,6886,1.4249716e-07,0.0031070597,1.8380061e-07,8.001526e-05
L-BFGS-B,6887,1.4271197e-07,0.003105024,1.8327634e-07,7.9948484e-05
L-BFGS-B,6888,1.4276426e-07,0.00310182,1.8308562e-07,7.9895675e-05
L-BFGS-B,6889,1.429143e-07,0.0030980753,1.8301921e-07,7.987078e-05
L-BFGS-B,6890,1.43415e-07,0.0031126954,1.8163547e-07,7.988452e-05
L-BFGS-B,6891,1.4308574e-07,0.0031029612,1.8246594e-07,7.9862366e-05
L-BFGS-B,6892,1.4260247e-07,0.003093287,1.8350957e-07,7.984968e-05
L-BFGS-B,6893,1.4268359e-07,0.0030942953,1.8331086e-07,7.9842124e-05
L-BFGS-B,6894,1.4288243e-07,0.0030975095,1.8283083e-07,7.983208e-05
L-BFGS-B,6895,1.4326992e-07,0.0031004928,1.8231577e-07,7.984278e-05
L-BFGS-B,6896,1.4301203e-07,0.0030982983,1.8261336e-07,7.982679e-05
L-BFGS-B,6897,1.4301813e-07,0.0030983577,1.825593e-07,7.9820195e-05
L-BFGS-B,6898,1.4300305e-07,0.0030966967,1.8255393e-07,7.980051e-05
L-BFGS-B,6899,1.4312894e-07,0.0030990108,1.8218255e-07,7.9786834e-05
L-BFGS-B,6900,1.4331077e-07,0.0031037359,1.8153459e-07,7.9764155e-05
L-BFGS-B,6901,1.4353996e-07,0.0031057426,1.8097661e-07,7.9734906e-05
L-BFGS-B,6902,1.4383228e-07,0.0031144621,1.7997904e-07,7.971632e-05
L-BFGS-B,6903,1.4375195e-07,0.0031105385,1.8020145e-07,7.9698395e-05
L-BFGS-B,6904,1.436755e-07,0.0031029389,1.8120075e-07,7.976082e-05
L-BFGS-B,6905,1.4369822e-07,0.0031076653,1.803757e-07,7.9687736e-05
L-BFGS-B,6906,1.4350256e-07,0.0031003738,1.808251e-07,7.9652884e-05
L-BFGS-B,6907,1.4332099e-07,0.0030932461,1.8127464e-07,7.962181e-05
L-BFGS-B,6908,1.432534e-07,0.0030897227,1.8140283e-07,7.959566e-05
L-BFGS-B,6909,1.4223453e-07,0.003077215,1.8565744e-07,7.995595e-05
L-BFGS-B,6910,1.4296576e-07,0.0030845138,1.8191982e-07,7.957797e-05
L-BFGS-B,6911,1.4268973e-07,0.003079364,1.8207338e-07,7.950811e-05
L-BFGS-B,6912,1.4247603e-07,0.003075086,1.8208058e-07,7.943435e-05
L-BFGS-B,6913,1.4248637e-07,0.0030798828,1.8169182e-07,7.9425554e-05
L-BFGS-B,6914,1.4327594e-07,0.003136862,1.8018072e-07,7.988712e-05
L-BFGS-B,6915,1.4245427e-07,0.0030853532,1.8081417e-07,7.9343794e-05
L-BFGS-B,6916,1.4241782e-07,0.0030844917,1.8038418e-07,7.926521e-05
L-BFGS-B,6917,1.424972e-07,0.0030873693,1.7981328e-07,7.922026e-05
L-BFGS-B,6918,1.4270725e-07,0.0030889777,1.7910871e-07,7.916217e-05
L-BFGS-B,6919,1.4240068e-07,0.0030966192,1.7864984e-07,7.912377e-05
L-BFGS-B,6920,1.4234712e-07,0.003099692,1.7824775e-07,7.908615e-05
L-BFGS-B,6921,1.4217292e-07,0.0030925272,1.7861531e-07,7.904351e-05
L-BFGS-B,6922,1.4211457e-07,0.0030940648,1.7838367e-07,7.9015386e-05
L-BFGS-B,6923,1.4205762e-07,0.003100685,1.7775585e-07,7.897887e-05
L-BFGS-B,6924,1.4228638e-07,0.003111008,1.7680328e-07,7.8973535e-05
L-BFGS-B,6925,1.4293553e-07,0.0031473138,1.7497588e-07,7.915985e-05
L-BFGS-B,6926,1.4237298e-07,0.00311687,1.7616351e-07,7.8949175e-05
L-BFGS-B,6927,1.4205742e-07,0.0031104165,1.7655381e-07,7.889585e-05
L-BFGS-B,6928,1.4205416e-07,0.0031098465,1.7615136e-07,7.88293e-05
L-BFGS-B,6929,1.4161581e-07,0.0031068441,1.7603796e-07,7.8716505e-05
L-BFGS-B,6930,1.4116362e-07,0.0031048157,1.7621612e-07,7.865512e-05
L-BFGS-B,6931,1.4059255e-07,0.0030975016,1.7696195e-07,7.860819e-05
L-BFGS-B,6932,1.4017778e-07,0.0030936992,1.773941e-07,7.8572775e-05
L-BFGS-B,6933,1.3994894e-07,0.0030891637,1.7765315e-07,7.853194e-05
L-BFGS-B,6934,1.3972428e-07,0.0030877073,1.7780722e-07,7.85068e-05
L-BFGS-B,6935,1.3975792e-07,0.0030888559,1.7756034e-07,7.848629e-05
L-BFGS-B,6936,1.397447e-07,0.003088208,1.7754967e-07,7.847623e-05
L-BFGS-B,6937,1.3967016e-07,0.0030855378,1.7775693e-07,7.846944e-05
L-BFGS-B,6938,1.3961298e-07,0.0030838766,1.7786405e-07,7.846032e-05
L-BFGS-B,6939,1.4041524e-07,0.0031071205,1.7589484e-07,7.851772e-05
L-BFGS-B,6940,1.3978573e-07,0.0030888296,1.7731222e-07,7.8452984e-05
L-BFGS-B,6941,1.3901321e-07,0.0030812297,1.7850392e-07,7.843987e-05
L-BFGS-B,6942,1.3945585e-07,0.0030840933,1.776282e-07,7.840354e-05
L-BFGS-B,6943,1.3950833e-07,0.0030844593,1.7741984e-07,7.838382e-05
L-BFGS-B,6944,1.3944555e-07,0.003084456,1.7723212e-07,7.834621e-05
L-BFGS-B,6945,1.3955787e-07,0.0030791804,1.7758994e-07,7.836397e-05
L-BFGS-B,6946,1.3946186e-07,0.0030811315,1.7728142e-07,7.832281e-05
L-BFGS-B,6947,1.3926491e-07,0.0030772614,1.775143e-07,7.828949e-05
L-BFGS-B,6948,1.3916126e-07,0.0030752295,1.7750425e-07,7.8252124e-05
L-BFGS-B,6949,1.3868159e-07,0.0030599697,1.7894637e-07,7.824389e-05
L-BFGS-B,6950,1.3886782e-07,0.003064008,1.7833692e-07,7.822079e-05
L-BFGS-B,6951,1.3905779e-07,0.0030664187,1.7791449e-07,7.8210025e-05
L-BFGS-B,6952,1.3927405e-07,0.0030668026,1.7760745e-07,7.820025e-05
L-BFGS-B,6953,1.3933011e-07,0.003065185,1.775954e-07,7.819068e-05
L-BFGS-B,6954,1.3950313e-07,0.0030642005,1.7741847e-07,7.8180245e-05
L-BFGS-B,6955,1.3943544e-07,0.0030625649,1.7754736e-07,7.817306e-05
L-BFGS-B,6956,1.393643e-07,0.0030605097,1.7771183e-07,7.8166515e-05
L-BFGS-B,6957,1.38784e-07,0.0030481613,1.7944336e-07,7.8215715e-05
L-BFGS-B,6958,1.391648e-07,0.003055806,1.781529e-07,7.815571e-05
L-BFGS-B,6959,1.3903528e-07,0.0030524465,1.7840016e-07,7.813978e-05
L-BFGS-B,6960,1.3897419e-07,0.0030507676,1.7850967e-07,7.813025e-05
L-BFGS-B,6961,1.3891623e-07,0.0030496586,1.78588e-07,7.812222e-05
L-BFGS-B,6962,1.3884693e-07,0.0030495366,1.7860695e-07,7.8113444e-05
L-BFGS-B,6963,1.388004e-07,0.003050044,1.7853996e-07,7.81015e-05
L-BFGS-B,6964,1.3872463e-07,0.003050572,1.7845093e-07,7.8082056e-05
L-BFGS-B,6965,1.397434e-07,0.0031015829,1.8029728e-07,7.902193e-05
L-BFGS-B,6966,1.3868565e-07,0.0030501748,1.7849001e-07,7.80781e-05
L-BFGS-B,6967,1.385133e-07,0.0030463317,1.7864137e-07,7.803652e-05
L-BFGS-B,6968,1.3831665e-07,0.0030390436,1.7885449e-07,7.7966106e-05
L-BFGS-B,6969,1.3799044e-07,0.0030277064,1.7943157e-07,7.789036e-05
L-BFGS-B,6970,1.3802219e-07,0.0030205364,1.797231e-07,7.786715e-05
L-BFGS-B,6971,1.3790954e-07,0.003022439,1.7941854e-07,7.78236e-05
L-BFGS-B,6972,1.3807674e-07,0.003021202,1.7922522e-07,7.7807315e-05
L-BFGS-B,6973,1.380684e-07,0.0030220763,1.7905133e-07,7.778872e-05
L-BFGS-B,6974,1.3819725e-07,0.003023615,1.7867232e-07,7.7766585e-05
L-BFGS-B,6975,1.3833939e-07,0.003026315,1.7822255e-07,7.7747434e-05
L-BFGS-B,6976,1.3907108e-07,0.0030381647,1.7689848e-07,7.777708e-05
L-BFGS-B,6977,1.3854427e-07,0.003029305,1.7776446e-07,7.773936e-05
L-BFGS-B,6978,1.3873755e-07,0.003030242,1.7737182e-07,7.7718825e-05
L-BFGS-B,6979,1.3874384e-07,0.0030287353,1.7732266e-07,7.7697325e-05
L-BFGS-B,6980,1.3869936e-07,0.003019844,1.7746662e-07,7.7623336e-05
L-BFGS-B,6981,1.3867943e-07,0.0030197834,1.7727982e-07,7.759172e-05
L-BFGS-B,6982,1.3851785e-07,0.003014876,1.77483e-07,7.754889e-05
L-BFGS-B,6983,1.3824774e-07,0.00300561,1.7804699e-07,7.750031e-05
L-BFGS-B,6984,1.3830032e-07,0.0030068746,1.777096e-07,7.7470235e-05
L-BFGS-B,6985,1.3812472e-07,0.0030040832,1.7791706e-07,7.74471e-05
L-BFGS-B,6986,1.3817484e-07,0.003003603,1.7777326e-07,7.742824e-05
L-BFGS-B,6987,1.3805865e-07,0.0030002955,1.7799519e-07,7.741103e-05
L-BFGS-B,6988,1.3792514e-07,0.002996038,1.7832882e-07,7.739847e-05
L-BFGS-B,6989,1.3778667e-07,0.0029927255,1.7860657e-07,7.738624e-05
L-BFGS-B,6990,1.3757864e-07,0.0029900523,1.7890852e-07,7.7373596e-05
L-BFGS-B,6991,1.3741295e-07,0.0029877794,1.7925204e-07,7.737755e-05
L-BFGS-B,6992,1.3749779e-07,0.0029887662,1.7903794e-07,7.736802e-05
L-BFGS-B,6993,1.395595e-07,0.003053886,1.7606581e-07,7.788265e-05
L-BFGS-B,6994,1.3760925e-07,0.0029925553,1.786322e-07,7.7361765e-05
L-BFGS-B,6995,1.3746431e-07,0.002990252,1.788772e-07,7.735375e-05
L-BFGS-B,6996,1.3734562e-07,0.0029912435,1.7882614e-07,7.73382e-05
L-BFGS-B,6997,1.3720056e-07,0.0029903818,1.789416e-07,7.732514e-05
L-BFGS-B,6998,1.3715982e-07,0.0029906034,1.7890227e-07,7.7315344e-05
L-BFGS-B,6999,1.371542e-07,0.002991483,1.7877788e-07,7.730464e-05
L-BFGS-B,7000,1.3717212e-07,0.0030163787,1.7925535e-07,7.7627905e-05
L-BFGS-B,7001,1.3711157e-07,0.002992508,1.787164e-07,7.729927e-05
L-BFGS-B,7002,1.3716668e-07,0.0029925224,1.7862529e-07,7.729402e-05
L-BFGS-B,7003,1.3714167e-07,0.0029922328,1.785844e-07,7.7281235e-05
L-BFGS-B,7004,1.3743298e-07,0.0029887925,1.7853424e-07,7.728301e-05
L-BFGS-B,7005,1.3726947e-07,0.0029904707,1.7853746e-07,7.727574e-05
L-BFGS-B,7006,1.3722904e-07,0.0029898824,1.7853134e-07,7.726288e-05
L-BFGS-B,7007,1.3718432e-07,0.0029880789,1.78602e-07,7.724873e-05
L-BFGS-B,7008,1.3948107e-07,0.0030471715,1.7955692e-07,7.8327415e-05
L-BFGS-B,7009,1.3722766e-07,0.0029891788,1.7847067e-07,7.7246536e-05
L-BFGS-B,7010,1.3816319e-07,0.00300749,1.7676494e-07,7.7314115e-05
L-BFGS-B,7011,1.3740946e-07,0.0029925231,1.7801683e-07,7.723917e-05
L-BFGS-B,7012,1.3732755e-07,0.002986756,1.7835822e-07,7.722042e-05
L-BFGS-B,7013,1.3718585e-07,0.0029826488,1.7867204e-07,7.720517e-05
L-BFGS-B,7014,1.369773e-07,0.002977121,1.7907662e-07,7.71793e-05
L-BFGS-B,7015,1.3694853e-07,0.0029766266,1.790122e-07,7.716038e-05
L-BFGS-B,7016,1.3695197e-07,0.0029798197,1.7855707e-07,7.7124554e-05
L-BFGS-B,7017,1.3702063e-07,0.0029855703,1.7787836e-07,7.709055e-05
L-BFGS-B,7018,1.3715392e-07,0.0029943995,1.7689415e-07,7.7051205e-05
L-BFGS-B,7019,1.3734615e-07,0.0029982768,1.7625875e-07,7.7023506e-05
L-BFGS-B,7020,1.3728888e-07,0.0029992487,1.7608434e-07,7.699847e-05
L-BFGS-B,7021,1.3731437e-07,0.0029946382,1.7623384e-07,7.697861e-05
L-BFGS-B,7022,1.3735406e-07,0.0029910102,1.763209e-07,7.696135e-05
L-BFGS-B,7023,1.374413e-07,0.002991213,1.7614803e-07,7.695053e-05
L-BFGS-B,7024,1.3757264e-07,0.0029952137,1.7569513e-07,7.69423e-05
L-BFGS-B,7025,1.3763147e-07,0.0029983795,1.7538393e-07,7.693611e-05
L-BFGS-B,7026,1.3765062e-07,0.0029994021,1.7523749e-07,7.692723e-05
L-BFGS-B,7027,1.3757835e-07,0.0030003604,1.7515495e-07,7.69136e-05
L-BFGS-B,7028,1.3740775e-07,0.002999272,1.7529207e-07,7.68977e-05
L-BFGS-B,7029,1.3718936e-07,0.002992759,1.7581281e-07,7.6877914e-05
L-BFGS-B,7030,1.369885e-07,0.0029876456,1.762426e-07,7.686112e-05
L-BFGS-B,7031,1.3711455e-07,0.0029790648,1.7688028e-07,7.6889875e-05
L-BFGS-B,7032,1.3700688e-07,0.002984432,1.763903e-07,7.6853896e-05
L-BFGS-B,7033,1.3691519e-07,0.002981964,1.7654152e-07,7.683814e-05
L-BFGS-B,7034,1.3700974e-07,0.0029846262,1.7620559e-07,7.682856e-05
L-BFGS-B,7035,1.3710431e-07,0.0029876796,1.757371e-07,7.680301e-05
L-BFGS-B,7036,1.3714656e-07,0.002986512,1.7561821e-07,7.6779834e-05
L-BFGS-B,7037,1.367243e-07,0.0029761174,1.7657794e-07,7.675651e-05
L-BFGS-B,7038,1.3637224e-07,0.0029649013,1.7745553e-07,7.672318e-05
L-BFGS-B,7039,1.3612255e-07,0.0029555801,1.7817125e-07,7.669987e-05
L-BFGS-B,7040,1.3579086e-07,0.0029473756,1.789449e-07,7.668412e-05
L-BFGS-B,7041,1.3590164e-07,0.002948444,1.7867335e-07,7.6670694e-05
L-BFGS-B,7042,1.3605954e-07,0.0029506602,1.7828772e-07,7.6658696e-05
L-BFGS-B,7043,1.360534e-07,0.0029516453,1.781158e-07,7.664183e-05
L-BFGS-B,7044,1.3597186e-07,0.0029500402,1.7817116e-07,7.662186e-05
L-BFGS-B,7045,1.367759e-07,0.0029609373,1.7708425e-07,7.66884e-05
L-BFGS-B,7046,1.3610214e-07,0.0029513878,1.7792313e-07,7.661767e-05
L-BFGS-B,7047,1.3598766e-07,0.00294776,1.7820307e-07,7.6606215e-05
L-BFGS-B,7048,1.3592563e-07,0.0029447041,1.784102e-07,7.659742e-05
L-BFGS-B,7049,1.3593717e-07,0.0029442296,1.7838373e-07,7.659043e-05
L-BFGS-B,7050,1.3598688e-07,0.0029446338,1.7825835e-07,7.658312e-05
L-BFGS-B,7051,1.3620486e-07,0.0029505931,1.7760217e-07,7.657698e-05
L-BFGS-B,7052,1.3609126e-07,0.0029474574,1.7784548e-07,7.6565084e-05
L-BFGS-B,7053,1.3607979e-07,0.0029464655,1.7779003e-07,7.6545126e-05
L-BFGS-B,7054,1.3606284e-07,0.0029426834,1.7788796e-07,7.651945e-05
L-BFGS-B,7055,1.3607871e-07,0.0029462555,1.7748962e-07,7.64978e-05
L-BFGS-B,7056,1.3607043e-07,0.0029443896,1.7753094e-07,7.64841e-05
L-BFGS-B,7057,1.3600805e-07,0.002942867,1.776068e-07,7.64709e-05
L-BFGS-B,7058,1.3587753e-07,0.0029403106,1.7782578e-07,7.64586e-05
L-BFGS-B,7059,1.3585716e-07,0.0029414739,1.7763944e-07,7.643923e-05
L-BFGS-B,7060,1.3566358e-07,0.0029407649,1.7766465e-07,7.640688e-05
L-BFGS-B,7061,1.3561453e-07,0.0029442876,1.7727088e-07,7.637568e-05
L-BFGS-B,7062,1.3554613e-07,0.0029484553,1.768937e-07,7.635053e-05
L-BFGS-B,7063,1.3553519e-07,0.0029472075,1.7688342e-07,7.6334865e-05
L-BFGS-B,7064,1.3557211e-07,0.00294675,1.767786e-07,7.63201e-05
L-BFGS-B,7065,1.3571767e-07,0.0029534765,1.7632851e-07,7.634169e-05
L-BFGS-B,7066,1.3559661e-07,0.0029485463,1.7656161e-07,7.6309196e-05
L-BFGS-B,7067,1.356418e-07,0.002948079,1.7643443e-07,7.629223e-05
L-BFGS-B,7068,1.356937e-07,0.0029462527,1.7640522e-07,7.627737e-05
L-BFGS-B,7069,1.3530574e-07,0.0029381216,1.7723036e-07,7.626163e-05
L-BFGS-B,7070,1.3565062e-07,0.0029415055,1.7653873e-07,7.624346e-05
L-BFGS-B,7071,1.3609771e-07,0.002947397,1.7561464e-07,7.623082e-05
L-BFGS-B,7072,1.3608718e-07,0.0029462848,1.7564774e-07,7.6223085e-05
L-BFGS-B,7073,1.3615654e-07,0.0029490963,1.7531497e-07,7.621169e-05
L-BFGS-B,7074,1.3618187e-07,0.0029488232,1.7525679e-07,7.620403e-05
L-BFGS-B,7075,1.3622815e-07,0.0029513151,1.7497347e-07,7.619339e-05
L-BFGS-B,7076,1.3625457e-07,0.0029558688,1.7451599e-07,7.617427e-05
L-BFGS-B,7077,1.3628282e-07,0.0029614293,1.7408212e-07,7.616903e-05
L-BFGS-B,7078,1.361511e-07,0.0029610267,1.7399722e-07,7.613252e-05
L-BFGS-B,7079,1.3605144e-07,0.002958558,1.7409444e-07,7.610746e-05
L-BFGS-B,7080,1.3591054e-07,0.0029562493,1.742209e-07,7.608221e-05
L-BFGS-B,7081,1.3583701e-07,0.0029548893,1.742668e-07,7.606446e-05
L-BFGS-B,7082,1.3575423e-07,0.0029518988,1.7442895e-07,7.604647e-05
L-BFGS-B,7083,1.3681523e-07,0.0029847051,1.7255493e-07,7.6252574e-05
L-BFGS-B,7084,1.3588064e-07,0.0029557953,1.7397123e-07,7.6035736e-05
L-BFGS-B,7085,1.3587068e-07,0.0029537368,1.7397124e-07,7.601365e-05
L-BFGS-B,7086,1.3597315e-07,0.0029533976,1.7374037e-07,7.5991e-05
L-BFGS-B,7087,1.3590868e-07,0.002950913,1.7389878e-07,7.598025e-05
L-BFGS-B,7088,1.4207917e-07,0.0030750225,1.7434449e-07,7.821377e-05
L-BFGS-B,7089,1.3601867e-07,0.0029515726,1.7370769e-07,7.5974676e-05
L-BFGS-B,7090,1.3581376e-07,0.0029448692,1.7418512e-07,7.594853e-05
L-BFGS-B,7091,1.3560478e-07,0.0029449004,1.7427509e-07,7.5930984e-05
L-BFGS-B,7092,1.3542207e-07,0.0029356137,1.7495172e-07,7.5912205e-05
L-BFGS-B,7093,1.3536774e-07,0.0029324414,1.7513806e-07,7.590029e-05
L-BFGS-B,7094,1.3541573e-07,0.0029328857,1.7495346e-07,7.5884236e-05
L-BFGS-B,7095,1.3563819e-07,0.002940984,1.7403671e-07,7.586107e-05
L-BFGS-B,7096,1.3580015e-07,0.0029482201,1.7329168e-07,7.584597e-05
L-BFGS-B,7097,1.3622217e-07,0.0029633124,1.7186419e-07,7.5846074e-05
L-BFGS-B,7098,1.359971e-07,0.00295542,1.7255257e-07,7.583665e-05
L-BFGS-B,7099,1.3613223e-07,0.0029661865,1.7161061e-07,7.5823285e-05
L-BFGS-B,7100,1.3602154e-07,0.0029624961,1.7183001e-07,7.580269e-05
L-BFGS-B,7101,1.3562065e-07,0.0029620556,1.7230786e-07,7.580983e-05
L-BFGS-B,7102,1.3580002e-07,0.002961272,1.7199899e-07,7.578257e-05
L-BFGS-B,7103,1.3581902e-07,0.0029565715,1.7203548e-07,7.574389e-05
L-BFGS-B,7104,1.3569381e-07,0.0029538446,1.7223994e-07,7.57285e-05
L-BFGS-B,7105,1.3579395e-07,0.0029555936,1.7194519e-07,7.57168e-05
L-BFGS-B,7106,1.3590255e-07,0.002957867,1.7164116e-07,7.5710224e-05
L-BFGS-B,7107,1.3594236e-07,0.0029580172,1.715498e-07,7.5703996e-05
L-BFGS-B,7108,1.3598255e-07,0.0029572947,1.7148787e-07,7.5693504e-05
L-BFGS-B,7109,1.3601327e-07,0.0029572116,1.7140157e-07,7.5684344e-05
L-BFGS-B,7110,1.361208e-07,0.0029592274,1.7104634e-07,7.566734e-05
L-BFGS-B,7111,1.3609473e-07,0.0029522805,1.7146247e-07,7.565638e-05
L-BFGS-B,7112,1.3633094e-07,0.0029597916,1.7058733e-07,7.563566e-05
L-BFGS-B,7113,1.3662802e-07,0.0029669532,1.6964587e-07,7.561062e-05
L-BFGS-B,7114,1.367492e-07,0.0029683232,1.6934895e-07,7.5597956e-05
L-BFGS-B,7115,1.3685506e-07,0.0029664375,1.6930971e-07,7.5589094e-05
L-BFGS-B,7116,1.3683271e-07,0.0029650724,1.6937616e-07,7.558205e-05
L-BFGS-B,7117,1.368045e-07,0.0029638973,1.6941239e-07,7.557151e-05
L-BFGS-B,7118,1.3678972e-07,0.002965983,1.6919445e-07,7.555746e-05
L-BFGS-B,7119,1.3697706e-07,0.0029659877,1.690158e-07,7.5558804e-05
L-BFGS-B,7120,1.3687436e-07,0.002965804,1.6908803e-07,7.5552394e-05
L-BFGS-B,7121,1.3691867e-07,0.0029761908,1.6829756e-07,7.554434e-05
L-BFGS-B,7122,1.3699622e-07,0.0029744555,1.6819182e-07,7.552276e-05
L-BFGS-B,7123,1.3688856e-07,0.0029709926,1.6843565e-07,7.550856e-05
L-BFGS-B,7124,1.3702032e-07,0.002971681,1.6818511e-07,7.549763e-05
L-BFGS-B,7125,1.3679671e-07,0.002969313,1.6850368e-07,7.5488184e-05
L-BFGS-B,7126,1.3669946e-07,0.0029682862,1.6863571e-07,7.5483134e-05
L-BFGS-B,7127,1.3661993e-07,0.0029670796,1.6874814e-07,7.5476004e-05
L-BFGS-B,7128,1.3659461e-07,0.0029665055,1.687552e-07,7.546753e-05
L-BFGS-B,7129,1.3676906e-07,0.0029696354,1.683083e-07,7.545795e-05
L-BFGS-B,7130,1.3669953e-07,0.0029706375,1.6838473e-07,7.546901e-05
L-BFGS-B,7131,1.3672985e-07,0.0029695795,1.683208e-07,7.545339e-05
L-BFGS-B,7132,1.3688015e-07,0.0029722855,1.679442e-07,7.544651e-05
L-BFGS-B,7133,1.3713922e-07,0.002976527,1.6732801e-07,7.543535e-05
L-BFGS-B,7134,1.3729874e-07,0.0029792627,1.6690068e-07,7.542254e-05
L-BFGS-B,7135,1.3970707e-07,0.0030569439,1.6280181e-07,7.594577e-05
L-BFGS-B,7136,1.3740637e-07,0.0029828043,1.6653186e-07,7.541878e-05
L-BFGS-B,7137,1.374152e-07,0.0029833955,1.6638903e-07,7.540459e-05
L-BFGS-B,7138,1.3738467e-07,0.002982231,1.6637986e-07,7.538699e-05
L-BFGS-B,7139,1.3716482e-07,0.0029814132,1.6656097e-07,7.5373e-05
L-BFGS-B,7140,1.3709453e-07,0.0029770485,1.6682345e-07,7.5358184e-05
L-BFGS-B,7141,1.3718403e-07,0.0029773011,1.666449e-07,7.534735e-05
L-BFGS-B,7142,1.3736424e-07,0.0029780432,1.6632991e-07,7.533455e-05
L-BFGS-B,7143,1.3771616e-07,0.0029904698,1.6525962e-07,7.535107e-05
L-BFGS-B,7144,1.3747189e-07,0.0029818162,1.6592028e-07,7.5326985e-05
L-BFGS-B,7145,1.3750807e-07,0.0029794155,1.6592668e-07,7.530936e-05
L-BFGS-B,7146,1.3738105e-07,0.0029848525,1.7031302e-07,7.600263e-05
L-BFGS-B,7147,1.374362e-07,0.0029778625,1.6608348e-07,7.5306576e-05
L-BFGS-B,7148,1.3747689e-07,0.0029771326,1.6599779e-07,7.5292526e-05
L-BFGS-B,7149,1.374271e-07,0.0029761256,1.6605676e-07,7.528383e-05
L-BFGS-B,7150,1.3771671e-07,0.0029836614,1.6542799e-07,7.5308315e-05
L-BFGS-B,7151,1.3749064e-07,0.0029778434,1.6583843e-07,7.527779e-05
L-BFGS-B,7152,1.3657252e-07,0.002967247,1.6856438e-07,7.544301e-05
L-BFGS-B,7153,1.3709375e-07,0.0029718305,1.6640313e-07,7.524284e-05
L-BFGS-B,7154,1.37009e-07,0.0029725418,1.6628405e-07,7.5219374e-05
L-BFGS-B,7155,1.3687067e-07,0.0029736597,1.660771e-07,7.517876e-05
L-BFGS-B,7156,1.3685275e-07,0.0029750504,1.6585197e-07,7.515621e-05
L-BFGS-B,7157,1.36796e-07,0.0029738331,1.6571839e-07,7.511549e-05
L-BFGS-B,7158,1.3654522e-07,0.0029674137,1.6616825e-07,7.508116e-05
L-BFGS-B,7159,1.364611e-07,0.0029661208,1.662237e-07,7.506393e-05
L-BFGS-B,7160,1.3640904e-07,0.0029665423,1.6618138e-07,7.5053984e-05
L-BFGS-B,7161,1.3633836e-07,0.0029681,1.6604744e-07,7.503887e-05
L-BFGS-B,7162,1.3625134e-07,0.0029714701,1.6573789e-07,7.5013086e-05
L-BFGS-B,7163,1.3707657e-07,0.00298013,1.6531709e-07,7.516035e-05
L-BFGS-B,7164,1.3640336e-07,0.0029725942,1.6544912e-07,7.5003816e-05
L-BFGS-B,7165,1.3609434e-07,0.0029778513,1.6500009e-07,7.4942676e-05
L-BFGS-B,7166,1.3654838e-07,0.0029872078,1.6357689e-07,7.4890864e-05
L-BFGS-B,7167,1.3678444e-07,0.0029887813,1.6281284e-07,7.48274e-05
L-BFGS-B,7168,1.3681961e-07,0.002984807,1.6251073e-07,7.474762e-05
L-BFGS-B,7169,1.3817088e-07,0.00300951,1.5960332e-07,7.476123e-05
L-BFGS-B,7170,1.3740548e-07,0.0029952708,1.6093757e-07,7.470416e-05
L-BFGS-B,7171,1.3748257e-07,0.002990511,1.6064405e-07,7.46241e-05
L-BFGS-B,7172,1.3819343e-07,0.0030047484,1.5849275e-07,7.4550415e-05
L-BFGS-B,7173,1.3766387e-07,0.0029880696,1.6073544e-07,7.4640586e-05
L-BFGS-B,7174,1.379586e-07,0.002996903,1.5908846e-07,7.452609e-05
L-BFGS-B,7175,1.3773429e-07,0.0029961106,1.5919505e-07,7.450051e-05
L-BFGS-B,7176,1.3755138e-07,0.0029960566,1.5922745e-07,7.447739e-05
L-BFGS-B,7177,1.3721363e-07,0.002993609,1.5967761e-07,7.4469775e-05
L-BFGS-B,7178,1.3727671e-07,0.0029921138,1.5961143e-07,7.445436e-05
L-BFGS-B,7179,1.373152e-07,0.0029893476,1.5969513e-07,7.444502e-05
L-BFGS-B,7180,1.3732118e-07,0.002987115,1.5978777e-07,7.443749e-05
L-BFGS-B,7181,1.3729958e-07,0.002982259,1.6005464e-07,7.442572e-05
L-BFGS-B,7182,1.3711711e-07,0.0029792313,1.6036864e-07,7.441518e-05
L-BFGS-B,7183,1.3721149e-07,0.002978515,1.602436e-07,7.440342e-05
L-BFGS-B,7184,1.3724873e-07,0.0029793605,1.6004923e-07,7.43883e-05
L-BFGS-B,7185,1.373129e-07,0.0029817666,1.5974146e-07,7.437582e-05
L-BFGS-B,7186,1.3732395e-07,0.0029829764,1.5956412e-07,7.436298e-05
L-BFGS-B,7187,1.3734135e-07,0.0029834488,1.593834e-07,7.4343196e-05
L-BFGS-B,7188,1.3767058e-07,0.0029858116,1.5884952e-07,7.433613e-05
L-BFGS-B,7189,1.3749748e-07,0.0029839478,1.5888864e-07,7.429739e-05
L-BFGS-B,7190,1.3737743e-07,0.0029814122,1.590153e-07,7.427303e-05
L-BFGS-B,7191,1.3725953e-07,0.0029784373,1.5911851e-07,7.424108e-05
L-BFGS-B,7192,1.3718493e-07,0.002975622,1.5918648e-07,7.421193e-05
L-BFGS-B,7193,1.3746558e-07,0.0029806828,1.5833619e-07,7.417709e-05
L-BFGS-B,7194,1.3835825e-07,0.0029977942,1.5637143e-07,7.4187396e-05
L-BFGS-B,7195,1.3782453e-07,0.0029873822,1.5741853e-07,7.416028e-05
L-BFGS-B,7196,1.3773206e-07,0.0029879361,1.572871e-07,7.413224e-05
L-BFGS-B,7197,1.3776089e-07,0.0029903555,1.5699734e-07,7.4117284e-05
L-BFGS-B,7198,1.377082e-07,0.0029892696,1.570818e-07,7.4111194e-05
L-BFGS-B,7199,1.3772814e-07,0.0029889832,1.5702874e-07,7.4103365e-05
L-BFGS-B,7200,1.376993e-07,0.0029854157,1.5724922e-07,7.409643e-05
L-BFGS-B,7201,1.3778369e-07,0.0029846984,1.571427e-07,7.408594e-05
L-BFGS-B,7202,1.379331e-07,0.0029841813,1.5693033e-07,7.407133e-05
L-BFGS-B,7203,1.3812573e-07,0.002985248,1.565637e-07,7.40559e-05
L-BFGS-B,7204,1.3826275e-07,0.002986033,1.5629281e-07,7.4043666e-05
L-BFGS-B,7205,1.3820333e-07,0.0029845724,1.5637995e-07,7.403322e-05
L-BFGS-B,7206,1.3820527e-07,0.002983947,1.5639114e-07,7.402893e-05
L-BFGS-B,7207,1.3820417e-07,0.002983606,1.5637171e-07,7.402244e-05
L-BFGS-B,7208,1.382216e-07,0.002983289,1.5623074e-07,7.400074e-05
L-BFGS-B,7209,1.3825868e-07,0.0029840963,1.560157e-07,7.398212e-05
L-BFGS-B,7210,1.3832253e-07,0.002987786,1.5550073e-07,7.395135e-05
L-BFGS-B,7211,1.3866143e-07,0.00299437,1.5515859e-07,7.40167e-05
L-BFGS-B,7212,1.3836862e-07,0.0029883955,1.5536324e-07,7.394373e-05
L-BFGS-B,7213,1.3844843e-07,0.0029950545,1.5463215e-07,7.3912626e-05
L-BFGS-B,7214,1.384067e-07,0.0029963376,1.5444527e-07,7.389118e-05
L-BFGS-B,7215,1.382253e-07,0.002995034,1.5450898e-07,7.386049e-05
L-BFGS-B,7216,1.380505e-07,0.002991597,1.5475278e-07,7.383646e-05
L-BFGS-B,7217,1.376958e-07,0.002981396,1.5546401e-07,7.378793e-05
L-BFGS-B,7218,1.3761272e-07,0.0029702547,1.5600219e-07,7.3744784e-05
L-BFGS-B,7219,1.370548e-07,0.0029896344,1.7498995e-07,7.670306e-05
L-BFGS-B,7220,1.3742873e-07,0.002964977,1.5644427e-07,7.373071e-05
L-BFGS-B,7221,1.3746259e-07,0.0029613057,1.564442e-07,7.369908e-05
L-BFGS-B,7222,1.3746296e-07,0.002957461,1.5650137e-07,7.366926e-05
L-BFGS-B,7223,1.3754803e-07,0.0029587871,1.5622108e-07,7.365324e-05
L-BFGS-B,7224,1.3754449e-07,0.0029580141,1.561064e-07,7.362777e-05
L-BFGS-B,7225,1.3771952e-07,0.0029611494,1.5555536e-07,7.360273e-05
L-BFGS-B,7226,1.3754382e-07,0.0029569054,1.558519e-07,7.357841e-05
L-BFGS-B,7227,1.3694087e-07,0.0029502162,1.569271e-07,7.3582356e-05
L-BFGS-B,7228,1.3724943e-07,0.0029532649,1.5632875e-07,7.3569376e-05
L-BFGS-B,7229,1.3732316e-07,0.0029537673,1.5608497e-07,7.354889e-05
L-BFGS-B,7230,1.3721309e-07,0.002951461,1.5623554e-07,7.3531904e-05
L-BFGS-B,7231,1.360451e-07,0.0029239426,1.5931944e-07,7.3544106e-05
L-BFGS-B,7232,1.366886e-07,0.00293903,1.574807e-07,7.3515694e-05
L-BFGS-B,7233,1.3703878e-07,0.0029416133,1.5746754e-07,7.359208e-05
L-BFGS-B,7234,1.367217e-07,0.0029384329,1.5740545e-07,7.35034e-05
L-BFGS-B,7235,1.3672738e-07,0.002935838,1.5739984e-07,7.347746e-05
L-BFGS-B,7236,1.365747e-07,0.0029361912,1.5729913e-07,7.3442985e-05
L-BFGS-B,7237,1.3640538e-07,0.002936291,1.5714092e-07,7.3394855e-05
L-BFGS-B,7238,1.363166e-07,0.00293652,1.5703341e-07,7.33677e-05
L-BFGS-B,7239,1.4379059e-07,0.0031087196,1.5283211e-07,7.55806e-05
L-BFGS-B,7240,1.364743e-07,0.002939759,1.5662934e-07,7.336314e-05
L-BFGS-B,7241,1.3520034e-07,0.002933901,1.6087074e-07,7.3749674e-05
L-BFGS-B,7242,1.3600953e-07,0.0029339665,1.5728372e-07,7.333365e-05
L-BFGS-B,7243,1.3577089e-07,0.0029272258,1.5772022e-07,7.329592e-05
L-BFGS-B,7244,1.3562264e-07,0.00292137,1.5802162e-07,7.326034e-05
L-BFGS-B,7245,1.355375e-07,0.0029176162,1.5819558e-07,7.323612e-05
L-BFGS-B,7246,1.3539184e-07,0.0029127751,1.5851501e-07,7.321378e-05
L-BFGS-B,7247,1.3536507e-07,0.0029109935,1.5846405e-07,7.31843e-05
L-BFGS-B,7248,1.3540505e-07,0.0029109013,1.5818026e-07,7.314681e-05
L-BFGS-B,7249,1.3549803e-07,0.0029112701,1.5776455e-07,7.3102085e-05
L-BFGS-B,7250,1.3559955e-07,0.0029103633,1.5744992e-07,7.3061055e-05
L-BFGS-B,7251,1.3598253e-07,0.0029149237,1.566494e-07,7.304402e-05
L-BFGS-B,7252,1.3560958e-07,0.0029064068,1.5729611e-07,7.299992e-05
L-BFGS-B,7253,1.3560386e-07,0.002906295,1.5713603e-07,7.297393e-05
L-BFGS-B,7254,1.3551745e-07,0.0029044806,1.5710037e-07,7.293748e-05
L-BFGS-B,7255,1.3548672e-07,0.0029069663,1.5676497e-07,7.2907416e-05
L-BFGS-B,7256,1.3640259e-07,0.002929774,1.5451182e-07,7.29349e-05
L-BFGS-B,7257,1.3580919e-07,0.0029147717,1.5569722e-07,7.287368e-05
L-BFGS-B,7258,1.3546692e-07,0.0029126098,1.5600918e-07,7.284751e-05
L-BFGS-B,7259,1.3564011e-07,0.0029197454,1.5505834e-07,7.280223e-05
L-BFGS-B,7260,1.3592371e-07,0.0029320663,1.5368495e-07,7.276196e-05
L-BFGS-B,7261,1.3591031e-07,0.0029342708,1.5340417e-07,7.273988e-05
L-BFGS-B,7262,1.3594301e-07,0.0029377523,1.5283422e-07,7.269411e-05
L-BFGS-B,7263,1.3570941e-07,0.0029338715,1.528846e-07,7.2627816e-05
L-BFGS-B,7264,1.4455183e-07,0.0034822072,1.9512473e-07,8.577356e-05
L-BFGS-B,7265,1.3569742e-07,0.0029332824,1.5292377e-07,7.2626004e-05
L-BFGS-B,7266,1.3563447e-07,0.0029307657,1.5255141e-07,7.2535535e-05
L-BFGS-B,7267,1.3711433e-07,0.0029809515,1.5049693e-07,7.29512e-05
L-BFGS-B,7268,1.3584031e-07,0.0029376724,1.5162664e-07,7.249677e-05
L-BFGS-B,7269,1.3538995e-07,0.0029262125,1.5233756e-07,7.242125e-05
L-BFGS-B,7270,1.3565601e-07,0.0029235615,1.5200948e-07,7.238543e-05
L-BFGS-B,7271,1.358625e-07,0.0029315054,1.5119984e-07,7.23744e-05
L-BFGS-B,7272,1.3559534e-07,0.0029267997,1.5164373e-07,7.2353854e-05
L-BFGS-B,7273,1.3558333e-07,0.0029271664,1.5153176e-07,7.2338924e-05
L-BFGS-B,7274,1.3548198e-07,0.0029272223,1.5151694e-07,7.232206e-05
L-BFGS-B,7275,1.3542184e-07,0.0029273024,1.5145447e-07,7.2304465e-05
L-BFGS-B,7276,1.3539999e-07,0.0029291692,1.512599e-07,7.229067e-05
L-BFGS-B,7277,1.3519433e-07,0.0029224725,1.5184607e-07,7.228078e-05
L-BFGS-B,7278,1.3521398e-07,0.0029232416,1.5170711e-07,7.227058e-05
L-BFGS-B,7279,1.3522686e-07,0.0029229594,1.5165752e-07,7.226225e-05
L-BFGS-B,7280,1.352211e-07,0.002922727,1.5163418e-07,7.2255556e-05
L-BFGS-B,7281,1.3490363e-07,0.0029085628,1.5297837e-07,7.2267925e-05
L-BFGS-B,7282,1.3509734e-07,0.0029175796,1.5206965e-07,7.225084e-05
L-BFGS-B,7283,1.3539248e-07,0.0029211275,1.5144826e-07,7.223738e-05
L-BFGS-B,7284,1.3541487e-07,0.0029203931,1.5135636e-07,7.221961e-05
L-BFGS-B,7285,1.3546712e-07,0.0029192118,1.5109218e-07,7.2176015e-05
L-BFGS-B,7286,1.3565163e-07,0.0029211466,1.5062317e-07,7.215269e-05
L-BFGS-B,7287,1.3567957e-07,0.0029189077,1.5039299e-07,7.209996e-05
L-BFGS-B,7288,1.3580699e-07,0.002918575,1.497843e-07,7.202444e-05
L-BFGS-B,7289,1.3511911e-07,0.002899109,1.5177898e-07,7.2025796e-05
L-BFGS-B,7290,1.3539304e-07,0.0029071416,1.5069604e-07,7.1984774e-05
L-BFGS-B,7291,1.3493042e-07,0.002901201,1.5128175e-07,7.194383e-05
L-BFGS-B,7292,1.3497723e-07,0.0028956563,1.5149587e-07,7.192753e-05
L-BFGS-B,7293,1.3485713e-07,0.0028962584,1.5140206e-07,7.1901464e-05
L-BFGS-B,7294,1.3470496e-07,0.0028939457,1.5161724e-07,7.1887785e-05
L-BFGS-B,7295,1.346187e-07,0.0028910704,1.5184274e-07,7.187992e-05
L-BFGS-B,7296,1.3468585e-07,0.002893098,1.514916e-07,7.18576e-05
L-BFGS-B,7297,1.3476014e-07,0.0028939138,1.5132706e-07,7.185222e-05
L-BFGS-B,7298,1.3519745e-07,0.0028941701,1.5123753e-07,7.190695e-05
L-BFGS-B,7299,1.3483054e-07,0.002893477,1.5124965e-07,7.18468e-05
L-BFGS-B,7300,1.3482946e-07,0.0028935007,1.511786e-07,7.183621e-05
L-BFGS-B,7301,1.3454529e-07,0.0028939005,1.5154035e-07,7.185185e-05
L-BFGS-B,7302,1.3469075e-07,0.0028928102,1.5127077e-07,7.182233e-05
L-BFGS-B,7303,1.3480683e-07,0.00289471,1.5093576e-07,7.1808485e-05
L-BFGS-B,7304,1.3475197e-07,0.0028934926,1.5091197e-07,7.178451e-05
L-BFGS-B,7305,1.3478162e-07,0.0028960162,1.5044087e-07,7.174353e-05
L-BFGS-B,7306,1.344975e-07,0.0028937762,1.514358e-07,7.182776e-05
L-BFGS-B,7307,1.3469996e-07,0.0028948262,1.5056702e-07,7.173831e-05
L-BFGS-B,7308,1.3470272e-07,0.0028960702,1.5032128e-07,7.17143e-05
L-BFGS-B,7309,1.3473532e-07,0.002898109,1.5002504e-07,7.169515e-05
L-BFGS-B,7310,1.3463249e-07,0.0028963552,1.5016242e-07,7.168279e-05
L-BFGS-B,7311,1.3453722e-07,0.002894214,1.5033022e-07,7.167226e-05
L-BFGS-B,7312,1.3438482e-07,0.0028909787,1.506208e-07,7.166063e-05
L-BFGS-B,7313,1.3424432e-07,0.0028879102,1.508804e-07,7.164781e-05
L-BFGS-B,7314,1.3411317e-07,0.0028855728,1.5109943e-07,7.1637616e-05
L-BFGS-B,7315,1.3463479e-07,0.0028982526,1.5004696e-07,7.1684786e-05
L-BFGS-B,7316,1.342005e-07,0.0028876835,1.508423e-07,7.163325e-05
L-BFGS-B,7317,1.3408606e-07,0.0028867072,1.509448e-07,7.16217e-05
L-BFGS-B,7318,1.3421737e-07,0.0028896641,1.5055156e-07,7.1611976e-05
L-BFGS-B,7319,1.3439575e-07,0.0028926274,1.5010264e-07,7.160103e-05
L-BFGS-B,7320,1.3458512e-07,0.002894642,1.496953e-07,7.158848e-05
L-BFGS-B,7321,1.3479134e-07,0.002895427,1.4932736e-07,7.1572074e-05
L-BFGS-B,7322,1.3493337e-07,0.0028941093,1.4915705e-07,7.1554656e-05
L-BFGS-B,7323,1.3505908e-07,0.0028935042,1.4896506e-07,7.153866e-05
L-BFGS-B,7324,1.3505093e-07,0.0028896234,1.4914575e-07,7.1525734e-05
L-BFGS-B,7325,1.3535795e-07,0.0028912693,1.4931126e-07,7.1613074e-05
L-BFGS-B,7326,1.3506465e-07,0.00288858,1.49155e-07,7.151875e-05
L-BFGS-B,7327,1.3508775e-07,0.0028894988,1.4895657e-07,7.1501636e-05
L-BFGS-B,7328,1.3502986e-07,0.002885,1.4915858e-07,7.1478265e-05
L-BFGS-B,7329,1.3683146e-07,0.0029439398,1.4547338e-07,7.178512e-05
L-BFGS-B,7330,1.351944e-07,0.00289131,1.4851493e-07,7.1469505e-05
L-BFGS-B,7331,1.3479702e-07,0.002884028,1.4929617e-07,7.1454255e-05
L-BFGS-B,7332,1.3500129e-07,0.0028884995,1.4869786e-07,7.143987e-05
L-BFGS-B,7333,1.3496252e-07,0.0028870178,1.487052e-07,7.1420334e-05
L-BFGS-B,7334,1.3491544e-07,0.002886535,1.4868287e-07,7.14051e-05
L-BFGS-B,7335,1.3487606e-07,0.0028850606,1.4875108e-07,7.139468e-05
L-BFGS-B,7336,1.3490444e-07,0.002884626,1.4870311e-07,7.138739e-05
L-BFGS-B,7337,1.3508438e-07,0.0028939133,1.4831868e-07,7.144958e-05
L-BFGS-B,7338,1.3491338e-07,0.0028853882,1.4863036e-07,7.138544e-05
L-BFGS-B,7339,1.3501024e-07,0.0028863575,1.4841454e-07,7.137729e-05
L-BFGS-B,7340,1.3518488e-07,0.0028892804,1.4794416e-07,7.136216e-05
L-BFGS-B,7341,1.353736e-07,0.0028928514,1.4736223e-07,7.133889e-05
L-BFGS-B,7342,1.3622595e-07,0.002919614,1.448062e-07,7.1350965e-05
L-BFGS-B,7343,1.3572024e-07,0.0029036305,1.461805e-07,7.132142e-05
L-BFGS-B,7344,1.3563212e-07,0.0029027697,1.4603071e-07,7.127712e-05
L-BFGS-B,7345,1.3552759e-07,0.002902189,1.4591134e-07,7.123773e-05
L-BFGS-B,7346,1.3508797e-07,0.0028980977,1.4624345e-07,7.118069e-05
L-BFGS-B,7347,1.3476993e-07,0.002892558,1.4670447e-07,7.114674e-05
L-BFGS-B,7348,1.343025e-07,0.0028848494,1.4741221e-07,7.11057e-05
L-BFGS-B,7349,1.338295e-07,0.002876516,1.4803192e-07,7.104437e-05
L-BFGS-B,7350,1.3320268e-07,0.002868308,1.486911e-07,7.0967144e-05
L-BFGS-B,7351,1.3321939e-07,0.002869871,1.4816574e-07,7.090648e-05
L-BFGS-B,7352,1.3310535e-07,0.0028840667,1.4727476e-07,7.089768e-05
L-BFGS-B,7353,1.3302251e-07,0.0028751094,1.4750658e-07,7.083046e-05
L-BFGS-B,7354,1.3280663e-07,0.002864787,1.4817412e-07,7.079498e-05
L-BFGS-B,7355,1.3334947e-07,0.0028677979,1.4712307e-07,7.074886e-05
L-BFGS-B,7356,1.3184913e-07,0.0028446252,1.5225683e-07,7.1062146e-05
L-BFGS-B,7357,1.3292225e-07,0.002859414,1.4794017e-07,7.07235e-05
L-BFGS-B,7358,1.3275076e-07,0.0028562325,1.4791036e-07,7.0661496e-05
L-BFGS-B,7359,1.3248085e-07,0.0028529686,1.4800561e-07,7.060266e-05
L-BFGS-B,7360,1.3220512e-07,0.0028442566,1.4877146e-07,7.0589056e-05
L-BFGS-B,7361,1.3230395e-07,0.002847063,1.4835047e-07,7.056879e-05
L-BFGS-B,7362,1.3209659e-07,0.0028406235,1.4865358e-07,7.0518756e-05
L-BFGS-B,7363,1.3238233e-07,0.0028367087,1.4831195e-07,7.047123e-05
L-BFGS-B,7364,1.3239188e-07,0.0028355108,1.4824552e-07,7.045071e-05
L-BFGS-B,7365,1.324702e-07,0.0028347834,1.481161e-07,7.043578e-05
L-BFGS-B,7366,1.3256799e-07,0.0028325336,1.4807335e-07,7.0421534e-05
L-BFGS-B,7367,1.3246493e-07,0.002828517,1.4839542e-07,7.0414215e-05
L-BFGS-B,7368,1.3246546e-07,0.0028267882,1.4843836e-07,7.0403454e-05
L-BFGS-B,7369,1.3225343e-07,0.0028251337,1.4875286e-07,7.040228e-05
L-BFGS-B,7370,1.3224046e-07,0.0028186524,1.5801633e-07,7.1725044e-05
L-BFGS-B,7371,1.3211627e-07,0.002820517,1.4913094e-07,7.039225e-05
L-BFGS-B,7372,1.3227354e-07,0.0028238855,1.4866235e-07,7.037924e-05
L-BFGS-B,7373,1.3258543e-07,0.0028319408,1.477658e-07,7.037209e-05
L-BFGS-B,7374,1.3237342e-07,0.0028277596,1.481676e-07,7.035874e-05
L-BFGS-B,7375,1.3220998e-07,0.0028248993,1.4847465e-07,7.0351685e-05
L-BFGS-B,7376,1.3206336e-07,0.0028227654,1.487247e-07,7.0345865e-05
L-BFGS-B,7377,1.3206852e-07,0.0028241528,1.4856931e-07,7.0337206e-05
L-BFGS-B,7378,1.3193946e-07,0.0028220774,1.4875643e-07,7.032516e-05
L-BFGS-B,7379,1.3186352e-07,0.0028207377,1.4877672e-07,7.030342e-05
L-BFGS-B,7380,1.3197797e-07,0.002824682,1.4831843e-07,7.029128e-05
L-BFGS-B,7381,1.3206983e-07,0.002823731,1.4823145e-07,7.02825e-05
L-BFGS-B,7382,1.3217861e-07,0.0028256918,1.4792498e-07,7.027246e-05
L-BFGS-B,7383,1.3240633e-07,0.0028290132,1.4730145e-07,7.02463e-05
L-BFGS-B,7384,1.3244792e-07,0.0028286183,1.4716063e-07,7.022747e-05
L-BFGS-B,7385,1.3230763e-07,0.002824435,1.4742619e-07,7.020442e-05
L-BFGS-B,7386,1.3220676e-07,0.0028210077,1.4768408e-07,7.01937e-05
L-BFGS-B,7387,1.320689e-07,0.002818428,1.4794712e-07,7.018668e-05
L-BFGS-B,7388,1.3197356e-07,0.0028172066,1.4808037e-07,7.0180155e-05
L-BFGS-B,7389,1.3192545e-07,0.0028185842,1.4798532e-07,7.017246e-05
L-BFGS-B,7390,1.3190912e-07,0.0028205104,1.4782978e-07,7.0165945e-05
L-BFGS-B,7391,1.319488e-07,0.0028228972,1.4758449e-07,7.015896e-05
L-BFGS-B,7392,1.3195998e-07,0.0028243375,1.4741761e-07,7.015001e-05
L-BFGS-B,7393,1.318725e-07,0.0028223987,1.4757343e-07,7.014088e-05
L-BFGS-B,7394,1.3171302e-07,0.0028188573,1.4788289e-07,7.012796e-05
L-BFGS-B,7395,1.3146315e-07,0.0028130976,1.4844623e-07,7.0117385e-05
L-BFGS-B,7396,1.3126792e-07,0.0028096263,1.4881716e-07,7.0109025e-05
L-BFGS-B,7397,1.3125141e-07,0.00280889,1.4885735e-07,7.010521e-05
L-BFGS-B,7398,1.3127935e-07,0.0028095024,1.4875853e-07,7.010071e-05
L-BFGS-B,7399,1.3138344e-07,0.0028126878,1.4840143e-07,7.009461e-05
L-BFGS-B,7400,1.3141856e-07,0.002815083,1.4815397e-07,7.008671e-05
L-BFGS-B,7401,1.3135566e-07,0.0028164294,1.480661e-07,7.0077556e-05
L-BFGS-B,7402,1.311255e-07,0.0028157907,1.4826607e-07,7.006664e-05
L-BFGS-B,7403,1.3096465e-07,0.0028151886,1.4837964e-07,7.005353e-05
L-BFGS-B,7404,1.3038746e-07,0.0028103662,1.4917654e-07,7.003826e-05
L-BFGS-B,7405,1.304561e-07,0.0028098607,1.4901791e-07,7.0019705e-05
L-BFGS-B,7406,1.3075739e-07,0.00281259,1.482267e-07,6.997351e-05
L-BFGS-B,7407,1.3078603e-07,0.0028132498,1.4803204e-07,6.9955204e-05
L-BFGS-B,7408,1.3103765e-07,0.0028197307,1.4707612e-07,6.991437e-05
L-BFGS-B,7409,1.310229e-07,0.0028230576,1.467351e-07,6.9894275e-05
L-BFGS-B,7410,1.3101048e-07,0.0028239407,1.4658627e-07,6.987892e-05
L-BFGS-B,7411,1.3094184e-07,0.0028233114,1.4659933e-07,6.986429e-05
L-BFGS-B,7412,1.3089637e-07,0.002825667,1.4642706e-07,6.985518e-05
L-BFGS-B,7413,1.3113696e-07,0.0028279251,1.4716088e-07,7.002393e-05
L-BFGS-B,7414,1.3088145e-07,0.0028248907,1.4647274e-07,6.985203e-05
L-BFGS-B,7415,1.3115782e-07,0.0028317522,1.4563797e-07,6.983689e-05
L-BFGS-B,7416,1.310509e-07,0.0028292942,1.4583159e-07,6.982531e-05
L-BFGS-B,7417,1.3101116e-07,0.0028301897,1.4576385e-07,6.981815e-05
L-BFGS-B,7418,1.3099715e-07,0.0028314905,1.456524e-07,6.981233e-05
L-BFGS-B,7419,1.3098742e-07,0.0028302,1.4571754e-07,6.980774e-05
L-BFGS-B,7420,1.3085166e-07,0.002836987,1.4548966e-07,6.9821064e-05
L-BFGS-B,7421,1.309243e-07,0.002832105,1.4561755e-07,6.980232e-05
L-BFGS-B,7422,1.308927e-07,0.0028304148,1.4570344e-07,6.979357e-05
L-BFGS-B,7423,1.3086813e-07,0.0028280716,1.4580836e-07,6.978219e-05
L-BFGS-B,7424,1.3087124e-07,0.0028273768,1.4577107e-07,6.977012e-05
L-BFGS-B,7425,1.3096806e-07,0.002828331,1.4553484e-07,6.9758746e-05
L-BFGS-B,7426,1.3089713e-07,0.0028270888,1.4562252e-07,6.9748836e-05
L-BFGS-B,7427,1.3114726e-07,0.0028334656,1.4491239e-07,6.9743604e-05
L-BFGS-B,7428,1.3070843e-07,0.0028269175,1.4578264e-07,6.974283e-05
L-BFGS-B,7429,1.309162e-07,0.0028298416,1.453392e-07,6.973673e-05
L-BFGS-B,7430,1.3090764e-07,0.0028300523,1.4528186e-07,6.972895e-05
L-BFGS-B,7431,1.3065093e-07,0.0028316614,1.454098e-07,6.972572e-05
L-BFGS-B,7432,1.3087742e-07,0.0028341052,1.448129e-07,6.96946e-05
L-BFGS-B,7433,1.3080626e-07,0.002830304,1.4502625e-07,6.967792e-05
L-BFGS-B,7434,1.3066155e-07,0.002829515,1.4510074e-07,6.9659494e-05
L-BFGS-B,7435,1.3054633e-07,0.0028213875,1.457289e-07,6.965516e-05
L-BFGS-B,7436,1.3049326e-07,0.002822896,1.4559267e-07,6.964184e-05
L-BFGS-B,7437,1.3057348e-07,0.0028257086,1.4523377e-07,6.962818e-05
L-BFGS-B,7438,1.3056658e-07,0.0028236252,1.4531284e-07,6.961817e-05
L-BFGS-B,7439,1.3054256e-07,0.0028198557,1.4551097e-07,6.960658e-05
L-BFGS-B,7440,1.3033561e-07,0.0028147073,1.4601764e-07,6.9600064e-05
L-BFGS-B,7441,1.3041719e-07,0.0028144342,1.4584971e-07,6.958438e-05
L-BFGS-B,7442,1.3054414e-07,0.0028151963,1.4553412e-07,6.95637e-05
L-BFGS-B,7443,1.3053092e-07,0.0028139548,1.455274e-07,6.9548296e-05
L-BFGS-B,7444,1.3060446e-07,0.0028136608,1.4535856e-07,6.953106e-05
L-BFGS-B,7445,1.3045799e-07,0.00281046,1.4557989e-07,6.951028e-05
L-BFGS-B,7446,1.3047075e-07,0.0028095027,1.4545321e-07,6.948362e-05
L-BFGS-B,7447,1.3034536e-07,0.0028054866,1.4544284e-07,6.94231e-05
L-BFGS-B,7448,1.3024392e-07,0.0028027308,1.4548546e-07,6.938671e-05
L-BFGS-B,7449,1.3007366e-07,0.0027982944,1.45799e-07,6.936384e-05
L-BFGS-B,7450,1.3000047e-07,0.0027979868,1.4580142e-07,6.935015e-05
L-BFGS-B,7451,1.3000364e-07,0.0027988325,1.4570614e-07,6.9344795e-05
L-BFGS-B,7452,1.3001159e-07,0.0027997938,1.45606e-07,6.9340575e-05
L-BFGS-B,7453,1.3006394e-07,0.0028000555,1.4552569e-07,6.9339e-05
L-BFGS-B,7454,1.3008135e-07,0.0028001745,1.454935e-07,6.933797e-05
L-BFGS-B,7455,1.3007539e-07,0.0028000392,1.4549505e-07,6.9335954e-05
L-BFGS-B,7456,1.3007347e-07,0.0028005107,1.4545222e-07,6.933396e-05
L-BFGS-B,7457,1.3006571e-07,0.002802097,1.453178e-07,6.93285e-05
L-BFGS-B,7458,1.3006867e-07,0.0028039124,1.4515764e-07,6.932307e-05
L-BFGS-B,7459,1.3007582e-07,0.0028065383,1.4492326e-07,6.931525e-05
L-BFGS-B,7460,1.3013833e-07,0.002809529,1.4460245e-07,6.930641e-05
L-BFGS-B,7461,1.336538e-07,0.0029383367,1.4651897e-07,7.140928e-05
L-BFGS-B,7462,1.3014854e-07,0.0028100687,1.4454861e-07,6.930526e-05
L-BFGS-B,7463,1.3018987e-07,0.0028108305,1.443902e-07,6.929532e-05
L-BFGS-B,7464,1.3027845e-07,0.0028107075,1.4425399e-07,6.9286936e-05
L-BFGS-B,7465,1.3034007e-07,0.0028099066,1.4420407e-07,6.928069e-05
L-BFGS-B,7466,1.3041742e-07,0.0028087995,1.4413547e-07,6.927093e-05
L-BFGS-B,7467,1.3035971e-07,0.0028057669,1.4429442e-07,6.925579e-05
L-BFGS-B,7468,1.3040528e-07,0.0028045555,1.4420843e-07,6.9237605e-05
L-BFGS-B,7469,1.3026515e-07,0.0028038213,1.4428325e-07,6.922048e-05
L-BFGS-B,7470,1.300291e-07,0.002800528,1.4464742e-07,6.9206755e-05
L-BFGS-B,7471,1.2983688e-07,0.0027989107,1.4488243e-07,6.9197005e-05
L-BFGS-B,7472,1.2974249e-07,0.0027975591,1.449741e-07,6.918308e-05
L-BFGS-B,7473,1.2965732e-07,0.0027926045,1.4523921e-07,6.9160524e-05
L-BFGS-B,7474,1.2974384e-07,0.0027908524,1.4516982e-07,6.914557e-05
L-BFGS-B,7475,1.2979187e-07,0.0027867346,1.4529999e-07,6.913112e-05
L-BFGS-B,7476,1.3005709e-07,0.002787057,1.4488108e-07,6.9111295e-05
L-BFGS-B,7477,1.3013111e-07,0.0027858939,1.4471962e-07,6.908655e-05
L-BFGS-B,7478,1.2993316e-07,0.002781071,1.4500492e-07,6.905142e-05
L-BFGS-B,7479,1.2995285e-07,0.0027827448,1.44779e-07,6.9037225e-05
L-BFGS-B,7480,1.2989123e-07,0.0027829132,1.447688e-07,6.902814e-05
L-BFGS-B,7481,1.2987554e-07,0.0027854915,1.4453282e-07,6.901617e-05
L-BFGS-B,7482,1.2974581e-07,0.0027872906,1.4441146e-07,6.8996495e-05
L-BFGS-B,7483,1.2868992e-07,0.0027700989,1.4684355e-07,6.903101e-05
L-BFGS-B,7484,1.2942604e-07,0.0027815949,1.450636e-07,6.898939e-05
L-BFGS-B,7485,1.297498e-07,0.0027912806,1.4403668e-07,6.898078e-05
L-BFGS-B,7486,1.2927498e-07,0.0027815585,1.4489429e-07,6.894097e-05
L-BFGS-B,7487,1.293173e-07,0.0027803807,1.4481041e-07,6.8922964e-05
L-BFGS-B,7488,1.2924525e-07,0.002775379,1.4509409e-07,6.890469e-05
L-BFGS-B,7489,1.292264e-07,0.002773966,1.4510498e-07,6.888936e-05
L-BFGS-B,7490,1.291569e-07,0.0027725955,1.4517191e-07,6.887528e-05
L-BFGS-B,7491,1.2910428e-07,0.002772393,1.4510955e-07,6.8856e-05
L-BFGS-B,7492,1.2915957e-07,0.0027719664,1.4494533e-07,6.88354e-05
L-BFGS-B,7493,1.2907668e-07,0.0027700935,1.4503338e-07,6.881745e-05
L-BFGS-B,7494,1.2906011e-07,0.0027700753,1.4496712e-07,6.880484e-05
L-BFGS-B,7495,1.289148e-07,0.0027663717,1.4522136e-07,6.8784146e-05
L-BFGS-B,7496,1.2887892e-07,0.0027655314,1.45251e-07,6.87748e-05
L-BFGS-B,7497,1.2877773e-07,0.0027649556,1.4526796e-07,6.875641e-05
L-BFGS-B,7498,1.2875346e-07,0.0027649882,1.4519222e-07,6.8741734e-05
L-BFGS-B,7499,1.285937e-07,0.0027684567,1.4500404e-07,6.872423e-05
L-BFGS-B,7500,1.2873727e-07,0.0027709987,1.4455237e-07,6.870343e-05
L-BFGS-B,7501,1.2878601e-07,0.002773085,1.442721e-07,6.8689566e-05
L-BFGS-B,7502,1.2883397e-07,0.0027750179,1.4400352e-07,6.86758e-05
L-BFGS-B,7503,1.2887e-07,0.002777356,1.4370765e-07,6.866021e-05
L-BFGS-B,7504,1.2935442e-07,0.0027833064,1.4426728e-07,6.887632e-05
L-BFGS-B,7505,1.2889654e-07,0.0027765462,1.4370528e-07,6.865573e-05
L-BFGS-B,7506,1.2880183e-07,0.0027780996,1.4370565e-07,6.8657115e-05
L-BFGS-B,7507,1.2883869e-07,0.0027768442,1.4368156e-07,6.864648e-05
L-BFGS-B,7508,1.288244e-07,0.0027780335,1.4355778e-07,6.863766e-05
L-BFGS-B,7509,1.2880353e-07,0.0027767874,1.4360889e-07,6.8629735e-05
L-BFGS-B,7510,1.28806e-07,0.002774147,1.4372172e-07,6.862063e-05
L-BFGS-B,7511,1.28983e-07,0.0027777387,1.4326746e-07,6.861496e-05
L-BFGS-B,7512,1.2911882e-07,0.002781585,1.4309059e-07,6.864726e-05
L-BFGS-B,7513,1.2899022e-07,0.0027779082,1.4320182e-07,6.8607886e-05
L-BFGS-B,7514,1.2872202e-07,0.0027691512,1.439636e-07,6.859435e-05
L-BFGS-B,7515,1.2878223e-07,0.0027696008,1.4380352e-07,6.858387e-05
L-BFGS-B,7516,1.2889056e-07,0.002771133,1.434689e-07,6.856525e-05
L-BFGS-B,7517,1.2894299e-07,0.002770456,1.4337913e-07,6.855288e-05
L-BFGS-B,7518,1.2896507e-07,0.0027702781,1.4326703e-07,6.85376e-05
L-BFGS-B,7519,1.2896062e-07,0.0027701915,1.4320456e-07,6.852669e-05
L-BFGS-B,7520,1.2898025e-07,0.002770749,1.4307429e-07,6.851567e-05
L-BFGS-B,7521,1.2906243e-07,0.0027710642,1.4285368e-07,6.8498055e-05
L-BFGS-B,7522,1.3151674e-07,0.0028335562,1.421407e-07,6.938417e-05
L-BFGS-B,7523,1.2911468e-07,0.002772612,1.426668e-07,6.849335e-05
L-BFGS-B,7524,1.2920657e-07,0.002771452,1.4254108e-07,6.847667e-05
L-BFGS-B,7525,1.2925246e-07,0.0027697769,1.425355e-07,6.846596e-05
L-BFGS-B,7526,1.2931552e-07,0.0027683126,1.4251737e-07,6.845806e-05
L-BFGS-B,7527,1.2930177e-07,0.002766602,1.4261047e-07,6.845286e-05
L-BFGS-B,7528,1.29286e-07,0.002765533,1.4265873e-07,6.8447036e-05
L-BFGS-B,7529,1.2928206e-07,0.002765823,1.4294972e-07,6.8493e-05
L-BFGS-B,7530,1.292663e-07,0.002765004,1.426944e-07,6.844415e-05
L-BFGS-B,7531,1.2926206e-07,0.0027653016,1.426119e-07,6.843411e-05
L-BFGS-B,7532,1.2944552e-07,0.0027689766,1.4206263e-07,6.841599e-05
L-BFGS-B,7533,1.2940673e-07,0.0027723212,1.4177735e-07,6.840083e-05
L-BFGS-B,7534,1.2944302e-07,0.0027746705,1.4148733e-07,6.838626e-05
L-BFGS-B,7535,1.2939473e-07,0.0027767236,1.4130474e-07,6.837215e-05
L-BFGS-B,7536,1.294008e-07,0.0027749802,1.4131726e-07,6.8357505e-05
L-BFGS-B,7537,1.2935061e-07,0.0027716726,1.4149856e-07,6.83441e-05
L-BFGS-B,7538,1.2923144e-07,0.002765732,1.418574e-07,6.8320645e-05
L-BFGS-B,7539,1.3093515e-07,0.0028420675,1.4999942e-07,7.0560855e-05
L-BFGS-B,7540,1.2920162e-07,0.0027653733,1.4190495e-07,6.831972e-05
L-BFGS-B,7541,1.2916824e-07,0.0027622106,1.4200957e-07,6.8298774e-05
L-BFGS-B,7542,1.2890388e-07,0.002757598,1.4245235e-07,6.827941e-05
L-BFGS-B,7543,1.2863833e-07,0.0027546159,1.4351953e-07,6.836984e-05
L-BFGS-B,7544,1.2877912e-07,0.0027550966,1.4260532e-07,6.825863e-05
L-BFGS-B,7545,1.2902856e-07,0.002759027,1.4188947e-07,6.822797e-05
L-BFGS-B,7546,1.2916789e-07,0.0027623102,1.4096975e-07,6.8143745e-05
L-BFGS-B,7547,1.297102e-07,0.002767359,1.3952032e-07,6.8058165e-05
L-BFGS-B,7548,1.2916772e-07,0.0027688192,1.4192312e-07,6.8351816e-05
L-BFGS-B,7549,1.2938285e-07,0.0027615242,1.3983261e-07,6.799756e-05
L-BFGS-B,7550,1.2924474e-07,0.0027551511,1.3994746e-07,6.793034e-05
L-BFGS-B,7551,1.2898533e-07,0.0027426716,1.40545e-07,6.7856265e-05
L-BFGS-B,7552,1.2870271e-07,0.002735614,1.4112494e-07,6.783029e-05
L-BFGS-B,7553,1.2841375e-07,0.0027325475,1.4149857e-07,6.781232e-05
L-BFGS-B,7554,1.2844632e-07,0.0027277812,1.4168543e-07,6.779758e-05
L-BFGS-B,7555,1.2850522e-07,0.002731803,1.4129695e-07,6.778836e-05
L-BFGS-B,7556,1.2850099e-07,0.0027328453,1.4120117e-07,6.7783774e-05
L-BFGS-B,7557,1.2844836e-07,0.0027329314,1.4118535e-07,6.777437e-05
L-BFGS-B,7558,1.2843435e-07,0.0027334797,1.4106323e-07,6.775943e-05
L-BFGS-B,7559,1.2823077e-07,0.0027335326,1.4113132e-07,6.773964e-05
L-BFGS-B,7560,1.2916826e-07,0.0027450444,1.3957467e-07,6.776188e-05
L-BFGS-B,7561,1.2855524e-07,0.002736643,1.4048797e-07,6.772291e-05
L-BFGS-B,7562,1.2867719e-07,0.0027380672,1.4014196e-07,6.770354e-05
L-BFGS-B,7563,1.2867731e-07,0.0027356544,1.4018549e-07,6.768596e-05
L-BFGS-B,7564,1.2870399e-07,0.0027366853,1.399994e-07,6.7672365e-05
L-BFGS-B,7565,1.2890371e-07,0.0027411648,1.3927217e-07,6.763803e-05
L-BFGS-B,7566,1.2890926e-07,0.0027392583,1.392385e-07,6.761475e-05
L-BFGS-B,7567,1.444635e-07,0.0032097066,1.7249585e-07,7.9640966e-05
L-BFGS-B,7568,1.289336e-07,0.0027402055,1.3913659e-07,6.7612586e-05
L-BFGS-B,7569,1.2896604e-07,0.0027330955,1.393462e-07,6.7577785e-05
L-BFGS-B,7570,1.2924545e-07,0.002737812,1.3870799e-07,6.7571134e-05
L-BFGS-B,7571,1.290359e-07,0.002734472,1.3895529e-07,6.75434e-05
L-BFGS-B,7572,1.288958e-07,0.0027313007,1.3920938e-07,6.752879e-05
L-BFGS-B,7573,1.2868016e-07,0.0027276517,1.3950373e-07,6.75041e-05
L-BFGS-B,7574,1.2869282e-07,0.0027323724,1.3924806e-07,6.7514855e-05
L-BFGS-B,7575,1.286686e-07,0.0027290117,1.3936052e-07,6.749449e-05
L-BFGS-B,7576,1.2797119e-07,0.0027108353,1.414263e-07,6.7517976e-05
L-BFGS-B,7577,1.2838753e-07,0.0027215267,1.400607e-07,6.74825e-05
L-BFGS-B,7578,1.2845291e-07,0.0027238927,1.3973772e-07,6.7467525e-05
L-BFGS-B,7579,1.2844171e-07,0.0027259062,1.3947462e-07,6.744651e-05
L-BFGS-B,7580,1.285058e-07,0.0027286883,1.3916893e-07,6.743809e-05
L-BFGS-B,7581,1.2847119e-07,0.0027280797,1.3916579e-07,6.742634e-05
L-BFGS-B,7582,1.2841136e-07,0.0027268294,1.3920199e-07,6.741029e-05
L-BFGS-B,7583,1.2831553e-07,0.0027265677,1.3919929e-07,6.73929e-05
L-BFGS-B,7584,1.2833436e-07,0.002727278,1.3895293e-07,6.736587e-05
L-BFGS-B,7585,1.284038e-07,0.0027291477,1.3851108e-07,6.732871e-05
L-BFGS-B,7586,1.2845587e-07,0.0027291498,1.3827847e-07,6.730165e-05
L-BFGS-B,7587,1.2851841e-07,0.0027283279,1.3816296e-07,6.728548e-05
L-BFGS-B,7588,1.285402e-07,0.0027271628,1.3813217e-07,6.7272485e-05
L-BFGS-B,7589,1.2861784e-07,0.0027262208,1.3798466e-07,6.725258e-05
L-BFGS-B,7590,1.2865839e-07,0.00272532,1.3789943e-07,6.723687e-05
L-BFGS-B,7591,1.2877062e-07,0.0027254852,1.376223e-07,6.721378e-05
L-BFGS-B,7592,1.2885343e-07,0.002726472,1.3731399e-07,6.718983e-05
L-BFGS-B,7593,1.2897641e-07,0.002728168,1.3695755e-07,6.717177e-05
L-BFGS-B,7594,1.2893065e-07,0.0027289449,1.3687172e-07,6.71598e-05
L-BFGS-B,7595,1.2903725e-07,0.0027295416,1.3674575e-07,6.7162866e-05
L-BFGS-B,7596,1.2896382e-07,0.00272897,1.3678824e-07,6.7152505e-05
L-BFGS-B,7597,1.2889632e-07,0.0027291356,1.3678105e-07,6.714296e-05
L-BFGS-B,7598,1.2886599e-07,0.0027289449,1.3679305e-07,6.71383e-05
L-BFGS-B,7599,1.2870781e-07,0.0027252685,1.3713199e-07,6.7128654e-05
L-BFGS-B,7600,1.2870889e-07,0.0027270208,1.3696614e-07,6.712146e-05
L-BFGS-B,7601,1.2866155e-07,0.0027249483,1.3710847e-07,6.711499e-05
L-BFGS-B,7602,1.2865755e-07,0.0027253123,1.3705795e-07,6.711044e-05
L-BFGS-B,7603,1.2879539e-07,0.002727269,1.3673706e-07,6.7102555e-05
L-BFGS-B,7604,1.2874457e-07,0.0027266743,1.3676687e-07,6.709346e-05
L-BFGS-B,7605,1.2881678e-07,0.0027271581,1.3659131e-07,6.7082794e-05
L-BFGS-B,7606,1.2883086e-07,0.0027282413,1.3643152e-07,6.707177e-05
L-BFGS-B,7607,1.2877153e-07,0.002728996,1.3633648e-07,6.705616e-05
L-BFGS-B,7608,1.2873248e-07,0.0027285854,1.3633542e-07,6.7046036e-05
L-BFGS-B,7609,1.2875529e-07,0.0027283798,1.3622531e-07,6.703088e-05
L-BFGS-B,7610,1.2889704e-07,0.002731878,1.3570093e-07,6.700848e-05
L-BFGS-B,7611,1.2907435e-07,0.0027259786,1.3662543e-07,6.711476e-05
L-BFGS-B,7612,1.288857e-07,0.0027289619,1.3585024e-07,6.700001e-05
L-BFGS-B,7613,1.2908765e-07,0.0027293228,1.354308e-07,6.697099e-05
L-BFGS-B,7614,1.292151e-07,0.0027248417,1.3533833e-07,6.693143e-05
L-BFGS-B,7615,1.29147e-07,0.0027190857,1.3559797e-07,6.6902605e-05
L-BFGS-B,7616,1.2895256e-07,0.0027133815,1.3601908e-07,6.687956e-05
L-BFGS-B,7617,1.2868425e-07,0.0027082115,1.3646765e-07,6.6854904e-05
L-BFGS-B,7618,1.2849982e-07,0.0027052215,1.3671513e-07,6.683446e-05
L-BFGS-B,7619,1.2839098e-07,0.0027057983,1.367101e-07,6.6823144e-05
L-BFGS-B,7620,1.2843097e-07,0.0027072728,1.3652881e-07,6.681669e-05
L-BFGS-B,7621,1.28455e-07,0.002707643,1.3645534e-07,6.681298e-05
L-BFGS-B,7622,1.2850371e-07,0.0027078649,1.3636395e-07,6.6808796e-05
L-BFGS-B,7623,1.2836412e-07,0.0027060409,1.366095e-07,6.680645e-05
L-BFGS-B,7624,1.2847003e-07,0.002707966,1.3632646e-07,6.679913e-05
L-BFGS-B,7625,1.285122e-07,0.0027096223,1.3613042e-07,6.679262e-05
L-BFGS-B,7626,1.2850928e-07,0.002713618,1.3576587e-07,6.677746e-05
L-BFGS-B,7627,1.2853647e-07,0.0027165415,1.3545554e-07,6.6764216e-05
L-BFGS-B,7628,1.2864867e-07,0.0027224843,1.3475552e-07,6.673547e-05
L-BFGS-B,7629,1.2839875e-07,0.0027266422,1.3752988e-07,6.715572e-05
L-BFGS-B,7630,1.285644e-07,0.0027207604,1.3492479e-07,6.673098e-05
L-BFGS-B,7631,1.2866599e-07,0.002723408,1.344113e-07,6.669567e-05
L-BFGS-B,7632,1.2894941e-07,0.0027285055,1.334807e-07,6.664957e-05
L-BFGS-B,7633,1.2890575e-07,0.0027150493,1.3438572e-07,6.6644214e-05
L-BFGS-B,7634,1.2903992e-07,0.002721385,1.3343299e-07,6.658479e-05
L-BFGS-B,7635,1.2904256e-07,0.0027225593,1.3323694e-07,6.656752e-05
L-BFGS-B,7636,1.2906071e-07,0.0027199537,1.3325632e-07,6.654709e-05
L-BFGS-B,7637,1.308932e-07,0.0027915912,1.3508354e-07,6.781242e-05
L-BFGS-B,7638,1.2909908e-07,0.0027214077,1.3306251e-07,6.653831e-05
L-BFGS-B,7639,1.2897979e-07,0.0027198277,1.3316865e-07,6.6520544e-05
L-BFGS-B,7640,1.2908329e-07,0.0027196193,1.3291076e-07,6.64953e-05
L-BFGS-B,7641,1.2907743e-07,0.0027183136,1.3292795e-07,6.6483946e-05
L-BFGS-B,7642,1.2914666e-07,0.0027204885,1.3266248e-07,6.6476256e-05
L-BFGS-B,7643,1.2905878e-07,0.0027221323,1.3254106e-07,6.6461296e-05
L-BFGS-B,7644,1.289206e-07,0.0027272888,1.3283945e-07,6.653689e-05
L-BFGS-B,7645,1.2900419e-07,0.0027223215,1.3255087e-07,6.645647e-05
L-BFGS-B,7646,1.2890948e-07,0.002722362,1.3256657e-07,6.644502e-05
L-BFGS-B,7647,1.2886586e-07,0.0027217662,1.3254565e-07,6.642939e-05
L-BFGS-B,7648,1.2872059e-07,0.002719334,1.3266568e-07,6.6401284e-05
L-BFGS-B,7649,1.2862738e-07,0.002715601,1.3280629e-07,6.637106e-05
L-BFGS-B,7650,1.2842382e-07,0.0027014671,1.3457228e-07,6.646408e-05
L-BFGS-B,7651,1.285351e-07,0.0027115315,1.3311507e-07,6.636284e-05
L-BFGS-B,7652,1.2845427e-07,0.0027010043,1.3464188e-07,6.6474466e-05
L-BFGS-B,7653,1.2846428e-07,0.002707298,1.3337636e-07,6.634907e-05
L-BFGS-B,7654,1.2865048e-07,0.002711643,1.3294877e-07,6.635632e-05
L-BFGS-B,7655,1.2850616e-07,0.0027080844,1.3316374e-07,6.6331326e-05
L-BFGS-B,7656,1.2827431e-07,0.0027057943,1.333653e-07,6.630388e-05
L-BFGS-B,7657,1.2822196e-07,0.0027046483,1.3334683e-07,6.62818e-05
L-BFGS-B,7658,1.280223e-07,0.0027051358,1.3340387e-07,6.626528e-05
L-BFGS-B,7659,1.2801239e-07,0.0027061005,1.332524e-07,6.625072e-05
L-BFGS-B,7660,1.2824971e-07,0.0027089168,1.3278186e-07,6.6243905e-05
L-BFGS-B,7661,1.2808586e-07,0.0027072784,1.3288437e-07,6.6218316e-05
L-BFGS-B,7662,1.2795708e-07,0.0027030515,1.3312146e-07,6.61923e-05
L-BFGS-B,7663,1.280562e-07,0.0027073794,1.3276534e-07,6.619702e-05
L-BFGS-B,7664,1.2794516e-07,0.002703071,1.3294155e-07,6.616372e-05
L-BFGS-B,7665,1.2767471e-07,0.0026960499,1.3336347e-07,6.611623e-05
L-BFGS-B,7666,1.2718965e-07,0.0026843222,1.3422932e-07,6.605607e-05
L-BFGS-B,7667,1.2678181e-07,0.0026774567,1.3461131e-07,6.5983535e-05
L-BFGS-B,7668,1.2684505e-07,0.0026675996,1.3543784e-07,6.601843e-05
L-BFGS-B,7669,1.2670849e-07,0.0026700608,1.3491625e-07,6.594432e-05
L-BFGS-B,7670,1.2639774e-07,0.00266479,1.352859e-07,6.590044e-05
L-BFGS-B,7671,1.2633107e-07,0.0026669684,1.3506697e-07,6.587939e-05
L-BFGS-B,7672,1.2629803e-07,0.0026695768,1.3482651e-07,6.586445e-05
L-BFGS-B,7673,1.2633963e-07,0.0026697917,1.3464955e-07,6.5846296e-05
L-BFGS-B,7674,1.2631914e-07,0.002667928,1.3460075e-07,6.5817265e-05
L-BFGS-B,7675,1.2658116e-07,0.002666688,1.3477846e-07,6.5870816e-05
L-BFGS-B,7676,1.2636795e-07,0.002666248,1.3456523e-07,6.580245e-05
L-BFGS-B,7677,1.2832155e-07,0.002711024,1.3103814e-07,6.601419e-05
L-BFGS-B,7678,1.267787e-07,0.0026737885,1.333878e-07,6.5762855e-05
L-BFGS-B,7679,1.2652204e-07,0.0026664683,1.3392297e-07,6.573143e-05
L-BFGS-B,7680,1.2638452e-07,0.0026649812,1.3403103e-07,6.571214e-05
L-BFGS-B,7681,1.2630507e-07,0.0026645926,1.3405504e-07,6.569994e-05
L-BFGS-B,7682,1.2623258e-07,0.0026622692,1.3417768e-07,6.568423e-05
L-BFGS-B,7683,1.2614818e-07,0.002662741,1.341256e-07,6.566848e-05
L-BFGS-B,7684,1.2614272e-07,0.002662015,1.3409274e-07,6.565547e-05
L-BFGS-B,7685,1.260563e-07,0.0026584656,1.3430903e-07,6.5639455e-05
L-BFGS-B,7686,1.2598285e-07,0.0026564195,1.3436973e-07,6.561708e-05
L-BFGS-B,7687,1.266596e-07,0.0026657092,1.4188524e-07,6.693882e-05
L-BFGS-B,7688,1.2584758e-07,0.0026501212,1.3482723e-07,6.5602435e-05
L-BFGS-B,7689,1.2559309e-07,0.0026446274,1.3527543e-07,6.557655e-05
L-BFGS-B,7690,1.2562394e-07,0.0026437633,1.3515701e-07,6.555478e-05
L-BFGS-B,7691,1.2546147e-07,0.0026420588,1.3531938e-07,6.5537715e-05
L-BFGS-B,7692,1.2531495e-07,0.0026388895,1.355402e-07,6.551717e-05
L-BFGS-B,7693,1.2522423e-07,0.0026397808,1.3563616e-07,6.552687e-05
L-BFGS-B,7694,1.2526417e-07,0.0026386536,1.3556908e-07,6.551152e-05
L-BFGS-B,7695,1.2519126e-07,0.002638255,1.3558055e-07,6.549832e-05
L-BFGS-B,7696,1.2515176e-07,0.0026392364,1.3544863e-07,6.5482425e-05
L-BFGS-B,7697,1.2517522e-07,0.002639082,1.3538423e-07,6.547474e-05
L-BFGS-B,7698,1.2538509e-07,0.0026454248,1.3466956e-07,6.5462445e-05
L-BFGS-B,7699,1.2600292e-07,0.0026489,1.3500969e-07,6.5640896e-05
L-BFGS-B,7700,1.2544703e-07,0.0026448502,1.346125e-07,6.545743e-05
L-BFGS-B,7701,1.2520971e-07,0.0026405826,1.351513e-07,6.545998e-05
L-BFGS-B,7702,1.2532391e-07,0.0026424408,1.3484906e-07,6.545035e-05
L-BFGS-B,7703,1.2532145e-07,0.002641958,1.3479504e-07,6.543705e-05
L-BFGS-B,7704,1.253797e-07,0.0026449314,1.3432671e-07,6.540527e-05
L-BFGS-B,7705,1.2539677e-07,0.0026444471,1.3425738e-07,6.5392596e-05
L-BFGS-B,7706,1.2536792e-07,0.0026461752,1.3406002e-07,6.537594e-05
L-BFGS-B,7707,1.2532394e-07,0.0026463165,1.3403783e-07,6.536743e-05
L-BFGS-B,7708,1.2524967e-07,0.0026459391,1.3406657e-07,6.535683e-05
L-BFGS-B,7709,1.2518467e-07,0.0026451629,1.3410086e-07,6.534446e-05
L-BFGS-B,7710,1.2584506e-07,0.0026577602,1.3276893e-07,6.5369706e-05
L-BFGS-B,7711,1.253965e-07,0.0026485794,1.3357698e-07,6.533181e-05
L-BFGS-B,7712,1.2523847e-07,0.00264432,1.3378238e-07,6.529633e-05
L-BFGS-B,7713,1.2563315e-07,0.0026505056,1.328808e-07,6.528215e-05
L-BFGS-B,7714,1.2539576e-07,0.0026409111,1.333004e-07,6.5213535e-05
L-BFGS-B,7715,1.2527832e-07,0.002638276,1.3340124e-07,6.518469e-05
L-BFGS-B,7716,1.2536293e-07,0.002638658,1.33135e-07,6.516127e-05
L-BFGS-B,7717,1.2534562e-07,0.0026406744,1.3288346e-07,6.514111e-05
L-BFGS-B,7718,1.2502302e-07,0.0026382303,1.3330154e-07,6.513099e-05
L-BFGS-B,7719,1.2518436e-07,0.0026373633,1.3306598e-07,6.5111184e-05
L-BFGS-B,7720,1.2508487e-07,0.0026358834,1.3316041e-07,6.509563e-05
L-BFGS-B,7721,1.2499237e-07,0.0026321216,1.3329782e-07,6.506474e-05
L-BFGS-B,7722,1.2484416e-07,0.002629221,1.3350402e-07,6.5044434e-05
L-BFGS-B,7723,1.2489494e-07,0.0026263057,1.334448e-07,6.5014014e-05
L-BFGS-B,7724,1.2495784e-07,0.0026247895,1.3339574e-07,6.500093e-05
L-BFGS-B,7725,1.2496315e-07,0.0026218125,1.3333788e-07,6.496328e-05
L-BFGS-B,7726,1.2502619e-07,0.002621706,1.3315088e-07,6.494362e-05
L-BFGS-B,7727,1.2520802e-07,0.0026216838,1.327932e-07,6.491702e-05
L-BFGS-B,7728,1.2541932e-07,0.002621725,1.3229776e-07,6.487481e-05
L-BFGS-B,7729,1.2785583e-07,0.002676869,1.2804884e-07,6.515439e-05
L-BFGS-B,7730,1.2565576e-07,0.0026266936,1.3169188e-07,6.486908e-05
L-BFGS-B,7731,1.2598797e-07,0.0026353446,1.3126736e-07,6.494174e-05
L-BFGS-B,7732,1.257134e-07,0.002627998,1.3142177e-07,6.4850254e-05
L-BFGS-B,7733,1.2608665e-07,0.002629307,1.3106276e-07,6.486548e-05
L-BFGS-B,7734,1.258316e-07,0.0026277695,1.3124728e-07,6.483952e-05
L-BFGS-B,7735,1.2570798e-07,0.0026270843,1.3129281e-07,6.482096e-05
L-BFGS-B,7736,1.2536891e-07,0.002619688,1.3194087e-07,6.479334e-05
L-BFGS-B,7737,1.2558924e-07,0.0026222363,1.3134769e-07,6.47629e-05
L-BFGS-B,7738,1.2577979e-07,0.0026248186,1.3089024e-07,6.474869e-05
L-BFGS-B,7739,1.2570834e-07,0.0026227608,1.3092857e-07,6.472314e-05
L-BFGS-B,7740,1.258427e-07,0.0026255972,1.3046306e-07,6.470184e-05
L-BFGS-B,7741,1.2605783e-07,0.0026282803,1.2994873e-07,6.468379e-05
L-BFGS-B,7742,1.2611437e-07,0.00262969,1.2965714e-07,6.466263e-05
L-BFGS-B,7743,1.2611653e-07,0.0026295637,1.2950792e-07,6.46393e-05
L-BFGS-B,7744,1.2603668e-07,0.0026295828,1.29431e-07,6.461598e-05
L-BFGS-B,7745,1.2599592e-07,0.0026300019,1.2932745e-07,6.459852e-05
L-BFGS-B,7746,1.2591707e-07,0.0026296119,1.2933778e-07,6.458435e-05
L-BFGS-B,7747,1.2571583e-07,0.0026264118,1.2968235e-07,6.457385e-05
L-BFGS-B,7748,1.258117e-07,0.0026300459,1.2939643e-07,6.4581676e-05
L-BFGS-B,7749,1.2574256e-07,0.0026272056,1.2952891e-07,6.456277e-05
L-BFGS-B,7750,1.2569332e-07,0.0026255543,1.296151e-07,6.45518e-05
L-BFGS-B,7751,1.2545588e-07,0.0026184556,1.3019816e-07,6.453266e-05
L-BFGS-B,7752,1.2542006e-07,0.0026173324,1.3022482e-07,6.4520056e-05
L-BFGS-B,7753,1.2529593e-07,0.0026142634,1.3040246e-07,6.449739e-05
L-BFGS-B,7754,1.2527079e-07,0.002613618,1.3033909e-07,6.447766e-05
L-BFGS-B,7755,1.2539672e-07,0.002615303,1.2996492e-07,6.445727e-05
L-BFGS-B,7756,1.2540755e-07,0.0026149445,1.2984222e-07,6.4436914e-05
L-BFGS-B,7757,1.2535256e-07,0.0026117347,1.2992008e-07,6.440825e-05
L-BFGS-B,7758,1.2516989e-07,0.0026047165,1.3035368e-07,6.43757e-05
L-BFGS-B,7759,1.2507209e-07,0.0025991749,1.3064795e-07,6.434975e-05
L-BFGS-B,7760,1.2506199e-07,0.0025966144,1.3069995e-07,6.433044e-05
L-BFGS-B,7761,1.250908e-07,0.0025942505,1.3073125e-07,6.431581e-05
L-BFGS-B,7762,1.2510955e-07,0.0025915354,1.3103389e-07,6.433687e-05
L-BFGS-B,7763,1.2507681e-07,0.002592951,1.3080177e-07,6.4311294e-05
L-BFGS-B,7764,1.251239e-07,0.0025939005,1.3062107e-07,6.430075e-05
L-BFGS-B,7765,1.2524869e-07,0.0025958964,1.3022782e-07,6.428044e-05
L-BFGS-B,7766,1.2533974e-07,0.0025969362,1.2998301e-07,6.426777e-05
L-BFGS-B,7767,1.2550461e-07,0.0025984887,1.295901e-07,6.424909e-05
L-BFGS-B,7768,1.2561874e-07,0.00259818,1.2937356e-07,6.423064e-05
L-BFGS-B,7769,1.2600226e-07,0.0026065907,1.2834688e-07,6.421828e-05
L-BFGS-B,7770,1.2576746e-07,0.0026006338,1.2872489e-07,6.418019e-05
L-BFGS-B,7771,1.2556794e-07,0.0025972829,1.2899045e-07,6.4156586e-05
L-BFGS-B,7772,1.2549138e-07,0.002597301,1.2899032e-07,6.4145264e-05
L-BFGS-B,7773,1.2548844e-07,0.0025974659,1.2894378e-07,6.4139494e-05
L-BFGS-B,7774,1.2549756e-07,0.0025973653,1.2887287e-07,6.412921e-05
L-BFGS-B,7775,1.2521228e-07,0.0025881252,1.2984124e-07,6.413928e-05
L-BFGS-B,7776,1.2536692e-07,0.002592932,1.292473e-07,6.412145e-05
L-BFGS-B,7777,1.2548261e-07,0.002592943,1.2900493e-07,6.410256e-05
L-BFGS-B,7778,1.2570142e-07,0.0025971155,1.2843424e-07,6.40915e-05
L-BFGS-B,7779,1.2552167e-07,0.002590857,1.2867042e-07,6.4037384e-05
L-BFGS-B,7780,1.2536209e-07,0.0025872877,1.2897178e-07,6.4022955e-05
L-BFGS-B,7781,1.2521781e-07,0.0025859592,1.2912908e-07,6.401163e-05
L-BFGS-B,7782,1.2516617e-07,0.0025859566,1.2913736e-07,6.400509e-05
L-BFGS-B,7783,1.2518925e-07,0.0025884593,1.2886723e-07,6.3993066e-05
L-BFGS-B,7784,1.2519524e-07,0.002596403,1.2830587e-07,6.3989195e-05
L-BFGS-B,7785,1.2527926e-07,0.0025936393,1.2826753e-07,6.396841e-05
L-BFGS-B,7786,1.2536421e-07,0.0025941152,1.2808695e-07,6.3958825e-05
L-BFGS-B,7787,1.2518181e-07,0.0025930388,1.2827692e-07,6.39492e-05
L-BFGS-B,7788,1.2528191e-07,0.002593803,1.2805852e-07,6.393909e-05
L-BFGS-B,7789,1.2527003e-07,0.0025954528,1.2790936e-07,6.393143e-05
L-BFGS-B,7790,1.2514171e-07,0.0025976757,1.2779995e-07,6.391801e-05
L-BFGS-B,7791,1.2509577e-07,0.0025986817,1.2766667e-07,6.3901185e-05
L-BFGS-B,7792,1.2505991e-07,0.0025994417,1.2753505e-07,6.3883665e-05
L-BFGS-B,7793,1.2496649e-07,0.0025984384,1.2759783e-07,6.386903e-05
L-BFGS-B,7794,1.2544542e-07,0.0026060757,1.268332e-07,6.3902546e-05
L-BFGS-B,7795,1.2509574e-07,0.0025997548,1.2729056e-07,6.385549e-05
L-BFGS-B,7796,1.2525848e-07,0.0026030329,1.2672915e-07,6.382847e-05
L-BFGS-B,7797,1.2562829e-07,0.002607102,1.2565943e-07,6.376418e-05
L-BFGS-B,7798,1.2584928e-07,0.0026106955,1.2504596e-07,6.374124e-05
L-BFGS-B,7799,1.2599442e-07,0.0026120737,1.2468108e-07,6.3722066e-05
L-BFGS-B,7800,1.2598665e-07,0.0026099537,1.2747537e-07,6.411884e-05
L-BFGS-B,7801,1.2590456e-07,0.002609928,1.2488135e-07,6.371716e-05
L-BFGS-B,7802,1.2602581e-07,0.0026106278,1.2450751e-07,6.3686275e-05
L-BFGS-B,7803,1.2609743e-07,0.0026064003,1.2444487e-07,6.364535e-05
L-BFGS-B,7804,1.261854e-07,0.0026057388,1.2420985e-07,6.361667e-05
L-BFGS-B,7805,1.2625976e-07,0.002603709,1.2412262e-07,6.3594445e-05
L-BFGS-B,7806,1.2646636e-07,0.0026050312,1.2371375e-07,6.3577325e-05
L-BFGS-B,7807,1.266776e-07,0.0026091868,1.2310079e-07,6.3558626e-05
L-BFGS-B,7808,1.296846e-07,0.0026756017,1.2754892e-07,6.534104e-05
L-BFGS-B,7809,1.2668816e-07,0.0026076003,1.2314463e-07,6.355092e-05
L-BFGS-B,7810,1.2676608e-07,0.002608816,1.2286974e-07,6.353353e-05
L-BFGS-B,7811,1.2672814e-07,0.0026091977,1.2269172e-07,6.350496e-05
L-BFGS-B,7812,1.2643127e-07,0.002609226,1.230087e-07,6.3508254e-05
L-BFGS-B,7813,1.2655998e-07,0.0026082946,1.227753e-07,6.348324e-05
L-BFGS-B,7814,1.2635904e-07,0.0026032312,1.2317902e-07,6.346302e-05
L-BFGS-B,7815,1.2602867e-07,0.0025960505,1.2382893e-07,6.343915e-05
L-BFGS-B,7816,1.2578195e-07,0.0025892458,1.2435785e-07,6.341343e-05
L-BFGS-B,7817,1.2572742e-07,0.002586454,1.2443732e-07,6.338925e-05
L-BFGS-B,7818,1.2582541e-07,0.0025859221,1.2419791e-07,6.336272e-05
L-BFGS-B,7819,1.2603473e-07,0.0025909257,1.2361576e-07,6.335683e-05
L-BFGS-B,7820,1.2759946e-07,0.0026121058,1.2189105e-07,6.3544634e-05
L-BFGS-B,7821,1.263417e-07,0.0025922386,1.2297411e-07,6.3319756e-05
L-BFGS-B,7822,1.262955e-07,0.0025892316,1.2304368e-07,6.329319e-05
L-BFGS-B,7823,1.2612628e-07,0.0025833908,1.234667e-07,6.3272855e-05
L-BFGS-B,7824,1.260837e-07,0.002583678,1.2330891e-07,6.324567e-05
L-BFGS-B,7825,1.2610825e-07,0.0025849214,1.2308155e-07,6.3227686e-05
L-BFGS-B,7826,1.2610305e-07,0.0025874018,1.2283942e-07,6.321538e-05
L-BFGS-B,7827,1.2610481e-07,0.0025868746,1.2279978e-07,6.320443e-05
L-BFGS-B,7828,1.2606824e-07,0.0025853503,1.2283142e-07,6.318845e-05
L-BFGS-B,7829,1.2604085e-07,0.0025847158,1.228299e-07,6.3177766e-05
L-BFGS-B,7830,1.2687725e-07,0.002616257,1.2220274e-07,6.352457e-05
L-BFGS-B,7831,1.2605658e-07,0.002585754,1.2273765e-07,6.3176674e-05
L-BFGS-B,7832,1.2604994e-07,0.00258461,1.227635e-07,6.316812e-05
L-BFGS-B,7833,1.2608274e-07,0.0025854793,1.2263968e-07,6.3163156e-05
L-BFGS-B,7834,1.2603294e-07,0.0025832728,1.2281359e-07,6.315971e-05
L-BFGS-B,7835,1.2603252e-07,0.0025831747,1.2279905e-07,6.315648e-05
L-BFGS-B,7836,1.2602622e-07,0.0025825815,1.2282264e-07,6.3153144e-05
L-BFGS-B,7837,1.2621733e-07,0.0025847112,1.231463e-07,6.325166e-05
L-BFGS-B,7838,1.260156e-07,0.0025819214,1.2285696e-07,6.31501e-05
L-BFGS-B,7839,1.2609824e-07,0.0025834187,1.2262089e-07,6.3142055e-05
L-BFGS-B,7840,1.2671322e-07,0.0026085041,1.2158304e-07,6.3329484e-05
L-BFGS-B,7841,1.2611957e-07,0.0025845936,1.2251078e-07,6.3140484e-05
L-BFGS-B,7842,1.2612848e-07,0.00258551,1.2238146e-07,6.313159e-05
L-BFGS-B,7843,1.2619941e-07,0.0025872833,1.2207441e-07,6.3113905e-05
L-BFGS-B,7844,1.2607994e-07,0.0025945154,1.2174318e-07,6.311863e-05
L-BFGS-B,7845,1.2612846e-07,0.0025900095,1.2188686e-07,6.310239e-05
L-BFGS-B,7846,1.2627626e-07,0.0025900104,1.2157268e-07,6.3077445e-05
L-BFGS-B,7847,1.263834e-07,0.0025896593,1.2133923e-07,6.305499e-05
L-BFGS-B,7848,1.2658084e-07,0.002591391,1.209619e-07,6.304532e-05
L-BFGS-B,7849,1.2646606e-07,0.002589481,1.2113422e-07,6.303485e-05
L-BFGS-B,7850,1.2643707e-07,0.0025882472,1.2119034e-07,6.3026586e-05
L-BFGS-B,7851,1.2658906e-07,0.0025902046,1.2107674e-07,6.305191e-05
L-BFGS-B,7852,1.2647232e-07,0.0025882039,1.2110024e-07,6.301793e-05
L-BFGS-B,7853,1.263738e-07,0.0025880046,1.2109818e-07,6.300084e-05
L-BFGS-B,7854,1.261565e-07,0.002583485,1.214947e-07,6.298252e-05
L-BFGS-B,7855,1.2602781e-07,0.002581702,1.2167901e-07,6.297304e-05
L-BFGS-B,7856,1.2602297e-07,0.0025865254,1.2148831e-07,6.2991945e-05
L-BFGS-B,7857,1.260183e-07,0.0025827524,1.2160233e-07,6.297062e-05
L-BFGS-B,7858,1.2586213e-07,0.0025811056,1.2182605e-07,6.296428e-05
L-BFGS-B,7859,1.2573706e-07,0.0025796625,1.2200714e-07,6.295825e-05
L-BFGS-B,7860,1.2561851e-07,0.0025788143,1.2213853e-07,6.29517e-05
L-BFGS-B,7861,1.2560538e-07,0.0025792436,1.2205336e-07,6.2941246e-05
L-BFGS-B,7862,1.2560386e-07,0.002579375,1.2198001e-07,6.293133e-05
L-BFGS-B,7863,1.256292e-07,0.0025791817,1.2191721e-07,6.292378e-05
L-BFGS-B,7864,1.2573719e-07,0.0025821317,1.2158954e-07,6.292033e-05
L-BFGS-B,7865,1.2549836e-07,0.002572753,1.2301021e-07,6.300381e-05
L-BFGS-B,7866,1.2565569e-07,0.0025791873,1.2183027e-07,6.291477e-05
L-BFGS-B,7867,1.2560292e-07,0.002578935,1.2183988e-07,6.290577e-05
L-BFGS-B,7868,1.2551436e-07,0.0025793563,1.2181569e-07,6.289307e-05
L-BFGS-B,7869,1.2539951e-07,0.0025801072,1.2177652e-07,6.287748e-05
L-BFGS-B,7870,1.2523365e-07,0.002581357,1.2169409e-07,6.285273e-05
L-BFGS-B,7871,1.2518106e-07,0.0025856616,1.2141837e-07,6.284653e-05
L-BFGS-B,7872,1.2505443e-07,0.0025857866,1.2146494e-07,6.283577e-05
L-BFGS-B,7873,1.2510964e-07,0.0025851473,1.2127146e-07,6.2808635e-05
L-BFGS-B,7874,1.2503018e-07,0.0025822362,1.217581e-07,6.2840605e-05
L-BFGS-B,7875,1.2505856e-07,0.002583274,1.213797e-07,6.279848e-05
L-BFGS-B,7876,1.250479e-07,0.0025815964,1.2143359e-07,6.278819e-05
L-BFGS-B,7877,1.2488208e-07,0.0025790608,1.2168815e-07,6.277614e-05
L-BFGS-B,7878,1.2471594e-07,0.0025768997,1.2193841e-07,6.276715e-05
L-BFGS-B,7879,1.2459381e-07,0.0025758154,1.220862e-07,6.2760155e-05
L-BFGS-B,7880,1.2449762e-07,0.0025760224,1.221166e-07,6.2752355e-05
L-BFGS-B,7881,1.244762e-07,0.0025769493,1.2201649e-07,6.27434e-05
L-BFGS-B,7882,1.2468846e-07,0.0025822315,1.2133529e-07,6.272588e-05
L-BFGS-B,7883,1.2462186e-07,0.0025813757,1.2129165e-07,6.270078e-05
L-BFGS-B,7884,1.2469678e-07,0.0025807384,1.2108296e-07,6.267434e-05
L-BFGS-B,7885,1.2483405e-07,0.002583229,1.206241e-07,6.2651015e-05
L-BFGS-B,7886,1.2503004e-07,0.0025872518,1.2008812e-07,6.264024e-05
L-BFGS-B,7887,1.2493746e-07,0.0025870034,1.201352e-07,6.2630934e-05
L-BFGS-B,7888,1.247872e-07,0.0025867308,1.2025833e-07,6.262414e-05
L-BFGS-B,7889,1.2467734e-07,0.0025910581,1.2009309e-07,6.2626146e-05
L-BFGS-B,7890,1.2473508e-07,0.0025884688,1.2017635e-07,6.26214e-05
L-BFGS-B,7891,1.2466803e-07,0.0025885575,1.2020533e-07,6.261658e-05
L-BFGS-B,7892,1.245587e-07,0.002588984,1.2020874e-07,6.260496e-05
L-BFGS-B,7893,1.2449338e-07,0.0025900323,1.2009274e-07,6.258824e-05
L-BFGS-B,7894,1.2439567e-07,0.0025907904,1.1997167e-07,6.2563005e-05
L-BFGS-B,7895,1.2485026e-07,0.0026113114,1.184216e-07,6.260389e-05
L-BFGS-B,7896,1.2448935e-07,0.0025959597,1.1944348e-07,6.2549516e-05
L-BFGS-B,7897,1.244915e-07,0.0025947327,1.1940152e-07,6.253128e-05
L-BFGS-B,7898,1.244931e-07,0.0025947138,1.1929765e-07,6.2515755e-05
L-BFGS-B,7899,1.2448258e-07,0.002593212,1.1929458e-07,6.24987e-05
L-BFGS-B,7900,1.2459971e-07,0.0025937224,1.18905845e-07,6.2463056e-05
L-BFGS-B,7901,1.244385e-07,0.002591663,1.18953544e-07,6.242543e-05
L-BFGS-B,7902,1.2456691e-07,0.002593773,1.18452924e-07,6.23907e-05
L-BFGS-B,7903,1.2439874e-07,0.0025918304,1.1858073e-07,6.236522e-05
L-BFGS-B,7904,1.2476802e-07,0.0025995031,1.17800326e-07,6.2380284e-05
L-BFGS-B,7905,1.2452418e-07,0.0025941231,1.18202905e-07,6.235029e-05
L-BFGS-B,7906,1.240782e-07,0.0025899298,1.18767765e-07,6.232619e-05
L-BFGS-B,7907,1.2413074e-07,0.002590252,1.1857065e-07,6.230773e-05
L-BFGS-B,7908,1.2424343e-07,0.0025916249,1.181896e-07,6.22812e-05
L-BFGS-B,7909,1.241497e-07,0.0025890253,1.1839622e-07,6.227214e-05
L-BFGS-B,7910,1.240862e-07,0.002587413,1.1850076e-07,6.2262174e-05
L-BFGS-B,7911,1.2398895e-07,0.0025862574,1.18567726e-07,6.224608e-05
L-BFGS-B,7912,1.2389579e-07,0.0025830322,1.1876514e-07,6.222946e-05
L-BFGS-B,7913,1.2369456e-07,0.002581409,1.18960585e-07,6.221236e-05
L-BFGS-B,7914,1.2356375e-07,0.002577265,1.1941806e-07,6.221992e-05
L-BFGS-B,7915,1.2361953e-07,0.002579184,1.1911824e-07,6.22025e-05
L-BFGS-B,7916,1.2369928e-07,0.002582445,1.1872836e-07,6.218859e-05
L-BFGS-B,7917,1.2369294e-07,0.0025812134,1.1873399e-07,6.217617e-05
L-BFGS-B,7918,1.2350203e-07,0.0025826946,1.18891116e-07,6.218592e-05
L-BFGS-B,7919,1.2358379e-07,0.0025811142,1.1875885e-07,6.216254e-05
L-BFGS-B,7920,1.2344263e-07,0.0025769898,1.19054654e-07,6.214449e-05
L-BFGS-B,7921,1.231615e-07,0.0025713518,1.1958838e-07,6.2126e-05
L-BFGS-B,7922,1.2290079e-07,0.002566593,1.2005263e-07,6.210894e-05
L-BFGS-B,7923,1.2268231e-07,0.002562568,1.2040024e-07,6.208806e-05
L-BFGS-B,7924,1.2262718e-07,0.0025594712,1.2078252e-07,6.210616e-05
L-BFGS-B,7925,1.2262845e-07,0.0025605254,1.2051756e-07,6.207715e-05
L-BFGS-B,7926,1.2258477e-07,0.0025651674,1.2008132e-07,6.2051586e-05
L-BFGS-B,7927,1.2264658e-07,0.0025651366,1.1991376e-07,6.203542e-05
L-BFGS-B,7928,1.227813e-07,0.0025666177,1.1963223e-07,6.202821e-05
L-BFGS-B,7929,1.2279044e-07,0.0025671243,1.1953526e-07,6.2020095e-05
L-BFGS-B,7930,1.2274491e-07,0.0025660177,1.1956438e-07,6.200657e-05
L-BFGS-B,7931,1.2267512e-07,0.0025632014,1.1973005e-07,6.199279e-05
L-BFGS-B,7932,1.225873e-07,0.0025601343,1.1993933e-07,6.198033e-05
L-BFGS-B,7933,1.2214325e-07,0.002550366,1.2446061e-07,6.249424e-05
L-BFGS-B,7934,1.2245766e-07,0.0025566008,1.2026261e-07,6.1974046e-05
L-BFGS-B,7935,1.2269444e-07,0.002557327,1.1976535e-07,6.1942235e-05
L-BFGS-B,7936,1.2274329e-07,0.0025573573,1.1946236e-07,6.1904415e-05
L-BFGS-B,7937,1.2259461e-07,0.0025557175,1.1955466e-07,6.187956e-05
L-BFGS-B,7938,1.2200142e-07,0.0025491577,1.2117779e-07,6.196846e-05
L-BFGS-B,7939,1.2242833e-07,0.002552967,1.1986279e-07,6.187333e-05
L-BFGS-B,7940,1.222099e-07,0.0025512197,1.2010146e-07,6.18589e-05
L-BFGS-B,7941,1.2208389e-07,0.0025496995,1.2027392e-07,6.185067e-05
L-BFGS-B,7942,1.2202972e-07,0.0025501035,1.202454e-07,6.18423e-05
L-BFGS-B,7943,1.2199817e-07,0.0025513591,1.201478e-07,6.183548e-05
L-BFGS-B,7944,1.220916e-07,0.002552181,1.1997197e-07,6.183134e-05
L-BFGS-B,7945,1.2210732e-07,0.0025518793,1.1996268e-07,6.182929e-05
L-BFGS-B,7946,1.2210627e-07,0.0025506841,1.2002239e-07,6.182614e-05
L-BFGS-B,7947,1.2196233e-07,0.0025432152,1.2092364e-07,6.1865045e-05
L-BFGS-B,7948,1.2208118e-07,0.0025495812,1.201194e-07,6.182589e-05
L-BFGS-B,7949,1.2217524e-07,0.00254611,1.2029832e-07,6.183213e-05
L-BFGS-B,7950,1.2210586e-07,0.0025483386,1.2016586e-07,6.182415e-05
L-BFGS-B,7951,1.2210293e-07,0.002547527,1.2019582e-07,6.182008e-05
L-BFGS-B,7952,1.2208812e-07,0.00254569,1.2026734e-07,6.181022e-05
L-BFGS-B,7953,1.2204926e-07,0.0025440273,1.203344e-07,6.179782e-05
L-BFGS-B,7954,1.2197167e-07,0.0025422666,1.2038004e-07,6.177542e-05
L-BFGS-B,7955,1.2171351e-07,0.002539054,1.2059526e-07,6.173686e-05
L-BFGS-B,7956,1.2148563e-07,0.002542071,1.2032191e-07,6.169184e-05
L-BFGS-B,7957,1.2132944e-07,0.0025732894,1.227976e-07,6.2351945e-05
L-BFGS-B,7958,1.2133792e-07,0.002541813,1.2040246e-07,6.167919e-05
L-BFGS-B,7959,1.2117151e-07,0.0025459016,1.2005943e-07,6.164365e-05
L-BFGS-B,7960,1.210571e-07,0.002545706,1.2010305e-07,6.1631086e-05
L-BFGS-B,7961,1.2099834e-07,0.002544616,1.2017344e-07,6.1621926e-05
L-BFGS-B,7962,1.2094085e-07,0.0025441672,1.2019692e-07,6.1612336e-05
L-BFGS-B,7963,1.2083967e-07,0.0025385246,1.2070285e-07,6.161662e-05
L-BFGS-B,7964,1.2087878e-07,0.0025412536,1.2041087e-07,6.1605984e-05
L-BFGS-B,7965,1.2088569e-07,0.0025405155,1.2040104e-07,6.159816e-05
L-BFGS-B,7966,1.2081459e-07,0.0025395653,1.204809e-07,6.158998e-05
L-BFGS-B,7967,1.2107218e-07,0.0025458534,1.1979384e-07,6.1588435e-05
L-BFGS-B,7968,1.2092896e-07,0.0025427283,1.2007037e-07,6.157718e-05
L-BFGS-B,7969,1.208873e-07,0.002541834,1.2011513e-07,6.15687e-05
L-BFGS-B,7970,1.2090607e-07,0.0025416666,1.1998867e-07,6.1550876e-05
L-BFGS-B,7971,1.207871e-07,0.002540313,1.2027847e-07,6.156297e-05
L-BFGS-B,7972,1.208506e-07,0.0025407008,1.200639e-07,6.154418e-05
L-BFGS-B,7973,1.2107407e-07,0.0025446715,1.1949288e-07,6.1531755e-05
L-BFGS-B,7974,1.2130903e-07,0.0025476587,1.1898106e-07,6.15201e-05
L-BFGS-B,7975,1.2152947e-07,0.0025507093,1.1846403e-07,6.1506114e-05
L-BFGS-B,7976,1.2172326e-07,0.002551385,1.1808961e-07,6.148578e-05
L-BFGS-B,7977,1.2177075e-07,0.0025503263,1.17952276e-07,6.146172e-05
L-BFGS-B,7978,1.2162992e-07,0.0025456273,1.1827796e-07,6.144246e-05
L-BFGS-B,7979,1.2138534e-07,0.0025398056,1.1880142e-07,6.142607e-05
L-BFGS-B,7980,1.2130374e-07,0.0025372969,1.1897622e-07,6.141496e-05
L-BFGS-B,7981,1.210511e-07,0.002536939,1.1963292e-07,6.147199e-05
L-BFGS-B,7982,1.2121727e-07,0.0025364556,1.1908207e-07,6.140945e-05
L-BFGS-B,7983,1.2118954e-07,0.0025368957,1.1894102e-07,6.1388535e-05
L-BFGS-B,7984,1.2138175e-07,0.0025413884,1.18420246e-07,6.1384184e-05
L-BFGS-B,7985,1.2154129e-07,0.0025435688,1.180065e-07,6.136786e-05
L-BFGS-B,7986,1.2149228e-07,0.0025432555,1.18029185e-07,6.136077e-05
L-BFGS-B,7987,1.214422e-07,0.0025427935,1.1803845e-07,6.135003e-05
L-BFGS-B,7988,1.2146364e-07,0.0025433588,1.1791012e-07,6.1339655e-05
L-BFGS-B,7989,1.2112785e-07,0.002541113,1.1911072e-07,6.144692e-05
L-BFGS-B,7990,1.2140343e-07,0.0025423805,1.18023756e-07,6.133788e-05
L-BFGS-B,7991,1.2166115e-07,0.0025469388,1.1739161e-07,6.13273e-05
L-BFGS-B,7992,1.2155608e-07,0.002544634,1.17591036e-07,6.131841e-05
L-BFGS-B,7993,1.2143443e-07,0.002541633,1.17807545e-07,6.130263e-05
L-BFGS-B,7994,1.2121828e-07,0.002542305,1.178857e-07,6.128864e-05
L-BFGS-B,7995,1.2120395e-07,0.0025402552,1.1791754e-07,6.127078e-05
L-BFGS-B,7996,1.2116904e-07,0.002540456,1.178417e-07,6.125617e-05
L-BFGS-B,7997,1.2111258e-07,0.0025397434,1.17845694e-07,6.1241175e-05
L-BFGS-B,7998,1.2142648e-07,0.0025516606,1.17140985e-07,6.1301726e-05
L-BFGS-B,7999,1.2115694e-07,0.0025415174,1.1763252e-07,6.1233586e-05
L-BFGS-B,8000,1.208554e-07,0.00253857,1.18090085e-07,6.1227525e-05
L-BFGS-B,8001,1.208898e-07,0.0025384862,1.1784224e-07,6.119467e-05
L-BFGS-B,8002,1.2098141e-07,0.0025389104,1.1757554e-07,6.117264e-05
L-BFGS-B,8003,1.211633e-07,0.002539499,1.1702745e-07,6.11236e-05
L-BFGS-B,8004,1.1602942e-06,0.041414943,3.312606e-07,0.0006378826
L-BFGS-B,8005,1.2881108e-07,0.002681334,1.1697331e-07,6.3681e-05
L-BFGS-B,8006,1.2136745e-07,0.0025421209,1.16612945e-07,6.111827e-05
L-BFGS-B,8007,1.2136651e-07,0.002540234,1.1653325e-07,6.10873e-05
L-BFGS-B,8008,1.2139151e-07,0.0025382289,1.1646761e-07,6.106115e-05
L-BFGS-B,8009,1.2137411e-07,0.002537079,1.1649486e-07,6.1051134e-05
L-BFGS-B,8010,1.213637e-07,0.0025348305,1.1653305e-07,6.1032817e-05
L-BFGS-B,8011,1.2126924e-07,0.0025327,1.1665727e-07,6.1015977e-05
L-BFGS-B,8012,1.2125189e-07,0.0025321469,1.1659411e-07,6.099837e-05
L-BFGS-B,8013,1.2101708e-07,0.002530675,1.1678817e-07,6.0977534e-05
L-BFGS-B,8014,1.2110931e-07,0.0025311292,1.1655947e-07,6.096161e-05
L-BFGS-B,8015,1.2112487e-07,0.002532269,1.1635634e-07,6.094487e-05
L-BFGS-B,8016,1.2122159e-07,0.0025333073,1.1604746e-07,6.0923427e-05
L-BFGS-B,8017,1.2140055e-07,0.0025349895,1.1565016e-07,6.09075e-05
L-BFGS-B,8018,1.2150039e-07,0.0025347613,1.15475615e-07,6.089401e-05
L-BFGS-B,8019,1.2156717e-07,0.0025358566,1.1527702e-07,6.0885195e-05
L-BFGS-B,8020,1.2170301e-07,0.0025401968,1.1483928e-07,6.088331e-05
L-BFGS-B,8021,1.2144147e-07,0.002539343,1.1550222e-07,6.093498e-05
L-BFGS-B,8022,1.2161844e-07,0.0025391155,1.14956954e-07,6.0877464e-05
L-BFGS-B,8023,1.2155833e-07,0.002537947,1.1506573e-07,6.0873077e-05
L-BFGS-B,8024,1.2150457e-07,0.002537917,1.15110055e-07,6.0871367e-05
L-BFGS-B,8025,1.2149543e-07,0.00253929,1.1516567e-07,6.0892067e-05
L-BFGS-B,8026,1.214809e-07,0.0025377274,1.1509212e-07,6.0863225e-05
L-BFGS-B,8027,1.2145375e-07,0.0025379937,1.1504544e-07,6.0854814e-05
L-BFGS-B,8028,1.2138828e-07,0.0025373355,1.1512083e-07,6.084972e-05
L-BFGS-B,8029,1.2139218e-07,0.002537401,1.1507443e-07,6.0843995e-05
L-BFGS-B,8030,1.2137707e-07,0.0025365842,1.1511439e-07,6.0839557e-05
L-BFGS-B,8031,1.2146124e-07,0.002540895,1.148161e-07,6.085055e-05
L-BFGS-B,8032,1.213912e-07,0.002537628,1.14992076e-07,6.083377e-05
L-BFGS-B,8033,1.2142537e-07,0.0025361443,1.1497129e-07,6.0820945e-05
L-BFGS-B,8034,1.2143553e-07,0.0025360724,1.14903635e-07,6.0811595e-05
L-BFGS-B,8035,1.2155157e-07,0.0025372803,1.14643235e-07,6.0802024e-05
L-BFGS-B,8036,1.2178428e-07,0.0025500692,1.1428731e-07,6.091143e-05
L-BFGS-B,8037,1.215575e-07,0.0025379828,1.1457955e-07,6.0800387e-05
L-BFGS-B,8038,1.2158954e-07,0.0025385353,1.1447054e-07,6.0794366e-05
L-BFGS-B,8039,1.2157807e-07,0.0025386913,1.1442355e-07,6.0787155e-05
L-BFGS-B,8040,1.215719e-07,0.0025385742,1.1437426e-07,6.0777667e-05
L-BFGS-B,8041,1.2159357e-07,0.0025382163,1.1426432e-07,6.0760845e-05
L-BFGS-B,8042,1.2144159e-07,0.0025357252,1.1445959e-07,6.074243e-05
L-BFGS-B,8043,1.2162934e-07,0.0025370547,1.1409962e-07,6.0729893e-05
L-BFGS-B,8044,1.2153934e-07,0.0025357436,1.1422486e-07,6.0722065e-05
L-BFGS-B,8045,1.2131075e-07,0.0025305545,1.14916205e-07,6.073959e-05
L-BFGS-B,8046,1.2143902e-07,0.0025334,1.1444015e-07,6.0715873e-05
L-BFGS-B,8047,1.2151091e-07,0.0025348826,1.14203736e-07,6.070602e-05
L-BFGS-B,8048,1.2147991e-07,0.0025355765,1.141083e-07,6.0693994e-05
L-BFGS-B,8049,1.2148094e-07,0.0025353178,1.1407973e-07,6.0687278e-05
L-BFGS-B,8050,1.2147422e-07,0.0025354752,1.1404464e-07,6.0682578e-05
L-BFGS-B,8051,1.2136852e-07,0.0025302733,1.14437306e-07,6.0673603e-05
L-BFGS-B,8052,1.2134512e-07,0.0025307934,1.14309685e-07,6.0656155e-05
L-BFGS-B,8053,1.2127886e-07,0.0025296183,1.143606e-07,6.06421e-05
L-BFGS-B,8054,1.2114131e-07,0.00252734,1.1453342e-07,6.062461e-05
L-BFGS-B,8055,1.210658e-07,0.0025282556,1.14479334e-07,6.0614326e-05
L-BFGS-B,8056,1.2105129e-07,0.0025282486,1.1444523e-07,6.060696e-05
L-BFGS-B,8057,1.2110252e-07,0.0025287892,1.14324834e-07,6.0601997e-05
L-BFGS-B,8058,1.211604e-07,0.0025294109,1.14195984e-07,6.0597566e-05
L-BFGS-B,8059,1.2122501e-07,0.0025298523,1.14077686e-07,6.0593928e-05
L-BFGS-B,8060,1.2124741e-07,0.0025298188,1.1402173e-07,6.0588558e-05
L-BFGS-B,8061,1.2126597e-07,0.002529845,1.1394379e-07,6.0579914e-05
L-BFGS-B,8062,1.2126672e-07,0.0025289326,1.13919086e-07,6.0567196e-05
L-BFGS-B,8063,1.2156866e-07,0.002535994,1.1331387e-07,6.059232e-05
L-BFGS-B,8064,1.2134576e-07,0.0025304938,1.136725e-07,6.0557675e-05
L-BFGS-B,8065,1.2135442e-07,0.0025304437,1.13586026e-07,6.0545506e-05
L-BFGS-B,8066,1.2149248e-07,0.002531574,1.1325038e-07,6.052717e-05
L-BFGS-B,8067,1.2146548e-07,0.0025308374,1.13281835e-07,6.0520473e-05
L-BFGS-B,8068,1.2153774e-07,0.0025295252,1.132237e-07,6.050947e-05
L-BFGS-B,8069,1.214398e-07,0.002529812,1.132749e-07,6.0505325e-05
L-BFGS-B,8070,1.2145826e-07,0.002526686,1.1338952e-07,6.0494025e-05
L-BFGS-B,8071,1.2145671e-07,0.0025265825,1.13365694e-07,6.0489183e-05
L-BFGS-B,8072,1.2144073e-07,0.002527245,1.1328113e-07,6.048073e-05
L-BFGS-B,8073,1.213743e-07,0.0025252183,1.1340838e-07,6.0469585e-05
L-BFGS-B,8074,1.2123279e-07,0.0025215556,1.13715465e-07,6.0457794e-05
L-BFGS-B,8075,1.2099963e-07,0.0025158871,1.1424224e-07,6.0445152e-05
L-BFGS-B,8076,1.2096902e-07,0.002521789,1.14476876e-07,6.0534774e-05
L-BFGS-B,8077,1.2097291e-07,0.002515982,1.14246944e-07,6.0442795e-05
L-BFGS-B,8078,1.2083505e-07,0.0025130727,1.1452776e-07,6.0435144e-05
L-BFGS-B,8079,1.2070497e-07,0.0025114361,1.147147e-07,6.042731e-05
L-BFGS-B,8080,1.2076876e-07,0.0025139137,1.1465289e-07,6.045238e-05
L-BFGS-B,8081,1.20707e-07,0.0025116452,1.1467917e-07,6.0424376e-05
L-BFGS-B,8082,1.2063579e-07,0.0025113616,1.1472839e-07,6.0418242e-05
L-BFGS-B,8083,1.2053682e-07,0.0025113944,1.1475778e-07,6.0408136e-05
L-BFGS-B,8084,1.2033169e-07,0.002508573,1.15117324e-07,6.0403087e-05
L-BFGS-B,8085,1.2036693e-07,0.0025089637,1.150014e-07,6.0394887e-05
L-BFGS-B,8086,1.2039794e-07,0.0025082976,1.1495753e-07,6.0386297e-05
L-BFGS-B,8087,1.2036655e-07,0.002507552,1.1497933e-07,6.0377402e-05
L-BFGS-B,8088,1.2339794e-07,0.0026021434,1.1968184e-07,6.24834e-05
L-BFGS-B,8089,1.2036674e-07,0.0025073492,1.1498389e-07,6.0376085e-05
L-BFGS-B,8090,1.202865e-07,0.0025062943,1.1509488e-07,6.037015e-05
L-BFGS-B,8091,1.2015934e-07,0.00250545,1.1524963e-07,6.036585e-05
L-BFGS-B,8092,1.2011012e-07,0.002505409,1.1528955e-07,6.0364036e-05
L-BFGS-B,8093,1.2006248e-07,0.0025057322,1.1529528e-07,6.0360984e-05
L-BFGS-B,8094,1.2004416e-07,0.0025060074,1.1526562e-07,6.0356542e-05
L-BFGS-B,8095,1.2001874e-07,0.0025063234,1.1522414e-07,6.0349666e-05
L-BFGS-B,8096,1.2031981e-07,0.0025106715,1.1556027e-07,6.0488725e-05
L-BFGS-B,8097,1.2001746e-07,0.002506011,1.15215165e-07,6.0345003e-05
L-BFGS-B,8098,1.2000793e-07,0.0025053662,1.1521075e-07,6.033646e-05
L-BFGS-B,8099,1.208361e-07,0.0025085225,1.15256576e-07,6.0499126e-05
L-BFGS-B,8100,1.2008441e-07,0.0025049867,1.15132515e-07,6.0332408e-05
L-BFGS-B,8101,1.2002083e-07,0.0025028652,1.1525622e-07,6.0320206e-05
L-BFGS-B,8102,1.2014134e-07,0.00250525,1.149515e-07,6.0316423e-05
L-BFGS-B,8103,1.2006078e-07,0.0025036826,1.1506164e-07,6.030519e-05
L-BFGS-B,8104,1.1994759e-07,0.0025014607,1.1524466e-07,6.0293445e-05
L-BFGS-B,8105,1.1968605e-07,0.0024991042,1.15654956e-07,6.0292194e-05
L-BFGS-B,8106,1.1980092e-07,0.0024998663,1.1544726e-07,6.028589e-05
L-BFGS-B,8107,1.1970941e-07,0.0024994833,1.1548504e-07,6.0274e-05
L-BFGS-B,8108,1.1964678e-07,0.0024993655,1.1547155e-07,6.02614e-05
L-BFGS-B,8109,1.1958203e-07,0.0024989822,1.154652e-07,6.0246904e-05
L-BFGS-B,8110,1.1949159e-07,0.00249832,1.1546005e-07,6.0225946e-05
L-BFGS-B,8111,1.19361e-07,0.002495354,1.1562946e-07,6.020211e-05
L-BFGS-B,8112,1.1928739e-07,0.0024950108,1.156275e-07,6.0187343e-05
L-BFGS-B,8113,1.1927563e-07,0.0024934874,1.1565281e-07,6.017414e-05
L-BFGS-B,8114,1.1932255e-07,0.0024937626,1.1552146e-07,6.0164224e-05
L-BFGS-B,8115,1.1938799e-07,0.002495189,1.1530282e-07,6.0155508e-05
L-BFGS-B,8116,1.195001e-07,0.002498349,1.1488171e-07,6.014076e-05
L-BFGS-B,8117,1.1946723e-07,0.0024971212,1.1505409e-07,6.014941e-05
L-BFGS-B,8118,1.194706e-07,0.002497371,1.1492896e-07,6.0133643e-05
L-BFGS-B,8119,1.1979196e-07,0.0025117057,1.1360865e-07,6.0127146e-05
L-BFGS-B,8120,1.1944654e-07,0.0025024526,1.1433698e-07,6.0092054e-05
L-BFGS-B,8121,1.1929704e-07,0.0024986083,1.1463877e-07,6.0076454e-05
L-BFGS-B,8122,1.1915339e-07,0.0024960195,1.1482311e-07,6.005667e-05
L-BFGS-B,8123,1.19092086e-07,0.002498621,1.1536684e-07,6.0155046e-05
L-BFGS-B,8124,1.1911101e-07,0.0024953915,1.1488079e-07,6.0052684e-05
L-BFGS-B,8125,1.1909235e-07,0.002496358,1.1466714e-07,6.00275e-05
L-BFGS-B,8126,1.189928e-07,0.0024953221,1.1505439e-07,6.00603e-05
L-BFGS-B,8127,1.1904092e-07,0.0024952446,1.1473817e-07,6.001931e-05
L-BFGS-B,8128,1.1915603e-07,0.002500039,1.14082845e-07,5.998622e-05
L-BFGS-B,8129,1.1923207e-07,0.002500845,1.1381756e-07,5.9965896e-05
L-BFGS-B,8130,1.193685e-07,0.00250009,1.1356624e-07,5.9941114e-05
L-BFGS-B,8131,1.19503e-07,0.0025042724,1.1313465e-07,5.993837e-05
L-BFGS-B,8132,1.1943348e-07,0.0025011324,1.1332445e-07,5.9925012e-05
L-BFGS-B,8133,1.1937016e-07,0.0024994945,1.1344396e-07,5.991706e-05
L-BFGS-B,8134,1.1928097e-07,0.0024977892,1.1358239e-07,5.9907397e-05
L-BFGS-B,8135,1.1968399e-07,0.0025068873,1.12552364e-07,5.9904327e-05
L-BFGS-B,8136,1.1843224e-07,0.002491188,1.16717516e-07,6.0184342e-05
L-BFGS-B,8137,1.1944067e-07,0.0025030677,1.1299686e-07,5.9896305e-05
L-BFGS-B,8138,1.19074585e-07,0.002498543,1.13568596e-07,5.9881902e-05
L-BFGS-B,8139,1.1918827e-07,0.002499764,1.1324705e-07,5.9862934e-05
L-BFGS-B,8140,1.1927104e-07,0.0025015671,1.13011055e-07,5.9857986e-05
L-BFGS-B,8141,1.1931078e-07,0.0025030086,1.12825255e-07,5.9850492e-05
L-BFGS-B,8142,1.1930418e-07,0.0025039369,1.1264549e-07,5.9831822e-05
L-BFGS-B,8143,1.192363e-07,0.0025042505,1.1245698e-07,5.9796497e-05
L-BFGS-B,8144,1.19148694e-07,0.0025035527,1.12281455e-07,5.9750048e-05
L-BFGS-B,8145,1.1871083e-07,0.0024997727,1.1620008e-07,6.023436e-05
L-BFGS-B,8146,1.190292e-07,0.0025013299,1.1250025e-07,5.9742717e-05
L-BFGS-B,8147,1.19007424e-07,0.0025000738,1.1228977e-07,5.9695318e-05
L-BFGS-B,8148,1.1904854e-07,0.0024987392,1.12111316e-07,5.9661368e-05
L-BFGS-B,8149,1.19134455e-07,0.0024986826,1.1182454e-07,5.963067e-05
L-BFGS-B,8150,1.1929541e-07,0.0025009427,1.1131407e-07,5.960085e-05
L-BFGS-B,8151,1.1937742e-07,0.0025059523,1.1072079e-07,5.9574253e-05
L-BFGS-B,8152,1.1990083e-07,0.00251152,1.0959234e-07,5.9539176e-05
L-BFGS-B,8153,1.1973428e-07,0.0025117085,1.0958795e-07,5.951542e-05
L-BFGS-B,8154,1.1972125e-07,0.0025118522,1.0941393e-07,5.94888e-05
L-BFGS-B,8155,1.197851e-07,0.0025159586,1.08907656e-07,5.94635e-05
L-BFGS-B,8156,1.1975284e-07,0.0025172154,1.0874495e-07,5.9446822e-05
L-BFGS-B,8157,1.1956108e-07,0.0025268178,1.0831098e-07,5.9448987e-05
L-BFGS-B,8158,1.1963692e-07,0.0025211943,1.08508665e-07,5.943378e-05
L-BFGS-B,8159,1.1942137e-07,0.0025192392,1.0856366e-07,5.9390146e-05
L-BFGS-B,8160,1.1913563e-07,0.0025160569,1.0878212e-07,5.9348233e-05
L-BFGS-B,8161,1.1872378e-07,0.0025079942,1.0943799e-07,5.930421e-05
L-BFGS-B,8162,1.18694025e-07,0.002509313,1.09240545e-07,5.9283317e-05
L-BFGS-B,8163,1.1870976e-07,0.0025083818,1.0920765e-07,5.9271428e-05
L-BFGS-B,8164,1.18778516e-07,0.002507907,1.09027354e-07,5.924995e-05
L-BFGS-B,8165,1.18760255e-07,0.0025075122,1.089874e-07,5.9237267e-05
L-BFGS-B,8166,1.1870476e-07,0.002506472,1.09008596e-07,5.9221722e-05
L-BFGS-B,8167,1.1857598e-07,0.0025062528,1.09062995e-07,5.920837e-05
L-BFGS-B,8168,1.1846716e-07,0.0024996742,1.0953541e-07,5.9197126e-05
L-BFGS-B,8169,1.18334775e-07,0.0024976204,1.0985594e-07,5.920481e-05
L-BFGS-B,8170,1.18401346e-07,0.0024984386,1.09643295e-07,5.919108e-05
L-BFGS-B,8171,1.18383134e-07,0.0024975638,1.0962634e-07,5.917706e-05
L-BFGS-B,8172,1.1869955e-07,0.0025051723,1.08836346e-07,5.9182108e-05
L-BFGS-B,8173,1.1849866e-07,0.0025001592,1.09249584e-07,5.9163824e-05
L-BFGS-B,8174,1.1851789e-07,0.0024994812,1.09138625e-07,5.914329e-05
L-BFGS-B,8175,1.1853318e-07,0.0024993236,1.0903442e-07,5.9128375e-05
L-BFGS-B,8176,1.18887115e-07,0.0025092366,1.1040217e-07,5.9485756e-05
L-BFGS-B,8177,1.18478354e-07,0.002498109,1.09069305e-07,5.911324e-05
L-BFGS-B,8178,1.18634084e-07,0.0025018468,1.0844182e-07,5.9079855e-05
L-BFGS-B,8179,1.18572224e-07,0.0025033045,1.0829184e-07,5.906266e-05
L-BFGS-B,8180,1.1872152e-07,0.0025061243,1.07880034e-07,5.9051476e-05
L-BFGS-B,8181,1.1889951e-07,0.0025087947,1.07364926e-07,5.902761e-05
L-BFGS-B,8182,1.19143955e-07,0.0025113195,1.0675705e-07,5.8998343e-05
L-BFGS-B,8183,1.1922289e-07,0.0025119653,1.0637737e-07,5.895969e-05
L-BFGS-B,8184,1.1923944e-07,0.0025186099,1.07163764e-07,5.914658e-05
L-BFGS-B,8185,1.1915576e-07,0.0025114026,1.0641568e-07,5.8949743e-05
L-BFGS-B,8186,1.18920205e-07,0.0025058761,1.0681474e-07,5.8919002e-05
L-BFGS-B,8187,1.3954025e-07,0.0031478174,1.4006824e-07,7.341945e-05
L-BFGS-B,8188,1.1893105e-07,0.0025078033,1.0665686e-07,5.8916215e-05
L-BFGS-B,8189,1.187084e-07,0.0025048265,1.0700426e-07,5.8905163e-05
L-BFGS-B,8190,1.1852318e-07,0.002502131,1.0732227e-07,5.8898127e-05
L-BFGS-B,8191,1.18249815e-07,0.0025002244,1.08045e-07,5.894647e-05
L-BFGS-B,8192,1.184382e-07,0.0025011066,1.0745045e-07,5.8894362e-05
L-BFGS-B,8193,1.1833471e-07,0.0025015431,1.07470434e-07,5.8886202e-05
L-BFGS-B,8194,1.1832289e-07,0.0025033315,1.0729178e-07,5.8875514e-05
L-BFGS-B,8195,1.1827606e-07,0.0025049082,1.07120776e-07,5.8858604e-05
L-BFGS-B,8196,1.1822187e-07,0.0025053364,1.07047e-07,5.8843696e-05
L-BFGS-B,8197,1.1813983e-07,0.002504068,1.0714613e-07,5.8833575e-05
L-BFGS-B,8198,1.1803195e-07,0.0025029455,1.07242116e-07,5.8820562e-05
L-BFGS-B,8199,1.1796161e-07,0.002502394,1.0727801e-07,5.8809885e-05
L-BFGS-B,8200,1.1809137e-07,0.0025072093,1.0682607e-07,5.880971e-05
L-BFGS-B,8201,1.18015784e-07,0.002504506,1.07049516e-07,5.8804853e-05
L-BFGS-B,8202,1.1798592e-07,0.0025048207,1.06994e-07,5.8795194e-05
L-BFGS-B,8203,1.17961164e-07,0.0025049003,1.0696909e-07,5.878854e-05
L-BFGS-B,8204,1.180228e-07,0.0025083048,1.0657082e-07,5.8772086e-05
L-BFGS-B,8205,1.17947806e-07,0.00250726,1.0667294e-07,5.8765712e-05
L-BFGS-B,8206,1.1773509e-07,0.002502647,1.0717574e-07,5.8763093e-05
L-BFGS-B,8207,1.1776625e-07,0.002504653,1.0689963e-07,5.8746413e-05
L-BFGS-B,8208,1.1772748e-07,0.0025027024,1.0703024e-07,5.874068e-05
L-BFGS-B,8209,1.1771891e-07,0.0025024386,1.0702377e-07,5.8735786e-05
L-BFGS-B,8210,1.17693105e-07,0.0025012386,1.07104434e-07,5.8732017e-05
L-BFGS-B,8211,1.17659e-07,0.0024999701,1.07167466e-07,5.8723672e-05
L-BFGS-B,8212,1.1763149e-07,0.0024990977,1.0718739e-07,5.871381e-05
L-BFGS-B,8213,1.1760137e-07,0.002499412,1.07134646e-07,5.870452e-05
L-BFGS-B,8214,1.1763524e-07,0.0025006547,1.0698667e-07,5.869983e-05
L-BFGS-B,8215,1.17617084e-07,0.002501439,1.0693123e-07,5.8696638e-05
L-BFGS-B,8216,1.17605566e-07,0.0025020489,1.0687824e-07,5.8693062e-05
L-BFGS-B,8217,1.1761766e-07,0.0025019425,1.06826874e-07,5.8686106e-05
L-BFGS-B,8218,1.17638244e-07,0.0025019022,1.0677163e-07,5.8680504e-05
L-BFGS-B,8219,1.1766275e-07,0.00250165,1.0673442e-07,5.8676073e-05
L-BFGS-B,8220,1.1767151e-07,0.002501804,1.0669847e-07,5.8673537e-05
L-BFGS-B,8221,1.17718216e-07,0.0024991878,1.07180696e-07,5.8726717e-05
L-BFGS-B,8222,1.1766964e-07,0.002501443,1.0672332e-07,5.8673373e-05
L-BFGS-B,8223,1.1763319e-07,0.0025020076,1.0670133e-07,5.867025e-05
L-BFGS-B,8224,1.1760465e-07,0.0025016547,1.0672871e-07,5.8666552e-05
L-BFGS-B,8225,1.1757895e-07,0.0025010295,1.067497e-07,5.8659592e-05
L-BFGS-B,8226,1.1757899e-07,0.002500667,1.06748125e-07,5.8655736e-05
L-BFGS-B,8227,1.1759355e-07,0.002499969,1.0675174e-07,5.865148e-05
L-BFGS-B,8228,1.1760134e-07,0.0024993333,1.0676276e-07,5.8647944e-05
L-BFGS-B,8229,1.1799741e-07,0.0025041318,1.06353596e-07,5.8693968e-05
L-BFGS-B,8230,1.1764704e-07,0.0024997012,1.0668382e-07,5.864664e-05
L-BFGS-B,8231,1.1775866e-07,0.0025031513,1.06370884e-07,5.8650945e-05
L-BFGS-B,8232,1.176823e-07,0.0025007636,1.0656489e-07,5.8644713e-05
L-BFGS-B,8233,1.17675796e-07,0.0025009362,1.0698076e-07,5.8707843e-05
L-BFGS-B,8234,1.1767161e-07,0.0025005124,1.065854e-07,5.8643673e-05
L-BFGS-B,8235,1.17626755e-07,0.0024994418,1.0666289e-07,5.8637866e-05
L-BFGS-B,8236,1.1746995e-07,0.002494822,1.0700709e-07,5.861977e-05
L-BFGS-B,8237,1.1737035e-07,0.002492724,1.0719857e-07,5.8612575e-05
L-BFGS-B,8238,1.1732836e-07,0.0024913086,1.0729876e-07,5.8607155e-05
L-BFGS-B,8239,1.17199846e-07,0.0024919708,1.0738612e-07,5.8607602e-05
L-BFGS-B,8240,1.1726037e-07,0.0024914527,1.07336085e-07,5.8603997e-05
L-BFGS-B,8241,1.17301504e-07,0.002491968,1.0724173e-07,5.8601167e-05
L-BFGS-B,8242,1.1744733e-07,0.0024935114,1.0696505e-07,5.8596972e-05
L-BFGS-B,8243,1.17444976e-07,0.002493398,1.06962425e-07,5.8595087e-05
L-BFGS-B,8244,1.1742515e-07,0.002492135,1.07021314e-07,5.8588317e-05
L-BFGS-B,8245,1.1740139e-07,0.0024921102,1.0702174e-07,5.8584574e-05
L-BFGS-B,8246,1.1732867e-07,0.0024908117,1.07154285e-07,5.858056e-05
L-BFGS-B,8247,1.172438e-07,0.0024901242,1.0727074e-07,5.8578422e-05
L-BFGS-B,8248,1.1717271e-07,0.0024893077,1.07373246e-07,5.857497e-05
L-BFGS-B,8249,1.1715497e-07,0.0024894986,1.0736597e-07,5.8573125e-05
L-BFGS-B,8250,1.171682e-07,0.0024900595,1.07305304e-07,5.857162e-05
L-BFGS-B,8251,1.1722444e-07,0.0024906725,1.07195525e-07,5.856972e-05
L-BFGS-B,8252,1.1731471e-07,0.0024928732,1.0694035e-07,5.856699e-05
L-BFGS-B,8253,1.1736776e-07,0.0024938502,1.0679783e-07,5.856334e-05
L-BFGS-B,8254,1.1742085e-07,0.0024945326,1.0666715e-07,5.855853e-05
L-BFGS-B,8255,1.1743436e-07,0.0024948113,1.0661134e-07,5.8554968e-05
L-BFGS-B,8256,1.1738365e-07,0.0024942658,1.0667015e-07,5.855073e-05
L-BFGS-B,8257,1.1732687e-07,0.002494141,1.0672171e-07,5.8548696e-05
L-BFGS-B,8258,1.1729864e-07,0.0024937533,1.06769335e-07,5.8547732e-05
L-BFGS-B,8259,1.1727815e-07,0.0024939815,1.0676712e-07,5.8546604e-05
L-BFGS-B,8260,1.172664e-07,0.0024934101,1.0680923e-07,5.8545447e-05
L-BFGS-B,8261,1.1725359e-07,0.002493105,1.0683067e-07,5.8543686e-05
L-BFGS-B,8262,1.1723671e-07,0.0024922062,1.06883604e-07,5.8540107e-05
L-BFGS-B,8263,1.1720295e-07,0.0024918865,1.0692882e-07,5.853863e-05
L-BFGS-B,8264,1.1720583e-07,0.0024905603,1.0698113e-07,5.8533646e-05
L-BFGS-B,8265,1.17206376e-07,0.0024892031,1.0703405e-07,5.8528094e-05
L-BFGS-B,8266,1.17197246e-07,0.0024877999,1.0709444e-07,5.852175e-05
L-BFGS-B,8267,1.17134334e-07,0.0024869202,1.0720097e-07,5.8519494e-05
L-BFGS-B,8268,1.1754114e-07,0.002495494,1.06693726e-07,5.859017e-05
L-BFGS-B,8269,1.1719835e-07,0.0024877882,1.0702406e-07,5.8511243e-05
L-BFGS-B,8270,1.1713182e-07,0.0024866294,1.07083274e-07,5.8498557e-05
L-BFGS-B,8271,1.1699044e-07,0.002485198,1.07249384e-07,5.8487953e-05
L-BFGS-B,8272,1.1684256e-07,0.0024852073,1.0730846e-07,5.8474725e-05
L-BFGS-B,8273,1.1695113e-07,0.0024877444,1.0699093e-07,5.846875e-05
L-BFGS-B,8274,1.1690321e-07,0.0024875922,1.07003316e-07,5.84619e-05
L-BFGS-B,8275,1.168496e-07,0.0024877258,1.069938e-07,5.8453767e-05
L-BFGS-B,8276,1.1676389e-07,0.0024886928,1.0691842e-07,5.8439273e-05
L-BFGS-B,8277,1.17236205e-07,0.0025074815,1.0601893e-07,5.8563084e-05
L-BFGS-B,8278,1.16799804e-07,0.002490319,1.06753546e-07,5.843619e-05
L-BFGS-B,8279,1.16716706e-07,0.0024910618,1.0665629e-07,5.841657e-05
L-BFGS-B,8280,1.16657375e-07,0.002491947,1.0647915e-07,5.838995e-05
L-BFGS-B,8281,1.1665385e-07,0.0024921412,1.0631797e-07,5.8367183e-05
L-BFGS-B,8282,1.1669478e-07,0.0024920062,1.0618558e-07,5.835211e-05
L-BFGS-B,8283,1.16751615e-07,0.0024914125,1.06084514e-07,5.8339545e-05
L-BFGS-B,8284,1.1838797e-07,0.002581695,1.0653515e-07,5.9555416e-05
L-BFGS-B,8285,1.1673343e-07,0.0024926597,1.05991596e-07,5.8335347e-05
L-BFGS-B,8286,1.1677477e-07,0.0025021988,1.0534848e-07,5.8340476e-05
L-BFGS-B,8287,1.1668957e-07,0.0024952095,1.0552678e-07,5.8284546e-05
L-BFGS-B,8288,1.1645584e-07,0.0024878238,1.0598944e-07,5.824503e-05
L-BFGS-B,8289,1.163399e-07,0.0024860317,1.05950136e-07,5.820382e-05
L-BFGS-B,8290,1.16387326e-07,0.0024899587,1.0547539e-07,5.8178994e-05
L-BFGS-B,8291,1.1635575e-07,0.0024910835,1.0530225e-07,5.8159538e-05
L-BFGS-B,8292,1.1661217e-07,0.0024996786,1.0514615e-07,5.826053e-05
L-BFGS-B,8293,1.1637614e-07,0.0024917405,1.052041e-07,5.8154437e-05
L-BFGS-B,8294,1.1624069e-07,0.0024844483,1.05485405e-07,5.8103393e-05
L-BFGS-B,8295,1.1606009e-07,0.0024793223,1.0584388e-07,5.807882e-05
L-BFGS-B,8296,1.1616826e-07,0.0024797048,1.0559143e-07,5.8061003e-05
L-BFGS-B,8297,1.16255436e-07,0.0024761562,1.0570909e-07,5.805624e-05
L-BFGS-B,8298,1.1661597e-07,0.0024785034,1.0515371e-07,5.8050486e-05
L-BFGS-B,8299,1.1632832e-07,0.002478839,1.05242414e-07,5.8024e-05
L-BFGS-B,8300,1.16249765e-07,0.0024762945,1.05371804e-07,5.800618e-05
L-BFGS-B,8301,1.16229295e-07,0.0024753944,1.0537814e-07,5.7995057e-05
L-BFGS-B,8302,1.1615828e-07,0.0024743106,1.05457396e-07,5.7985457e-05
L-BFGS-B,8303,1.1609831e-07,0.0024743513,1.0547935e-07,5.7980164e-05
L-BFGS-B,8304,1.1578626e-07,0.0024794678,1.0555141e-07,5.7995327e-05
L-BFGS-B,8305,1.1599798e-07,0.0024753993,1.0549053e-07,5.7977268e-05
L-BFGS-B,8306,1.16278166e-07,0.0024801758,1.0531962e-07,5.8041427e-05
L-BFGS-B,8307,1.16016935e-07,0.0024752,1.05425926e-07,5.7968427e-05
L-BFGS-B,8308,1.16014064e-07,0.0024758,1.0533201e-07,5.7959907e-05
L-BFGS-B,8309,1.1600446e-07,0.002474437,1.053817e-07,5.7952293e-05
L-BFGS-B,8310,1.1596991e-07,0.0024734924,1.05454006e-07,5.7948513e-05
L-BFGS-B,8311,1.15904044e-07,0.002471749,1.05612116e-07,5.794491e-05
L-BFGS-B,8312,1.1587155e-07,0.0024706475,1.0568014e-07,5.793923e-05
L-BFGS-B,8313,1.1575167e-07,0.002465243,1.0615437e-07,5.7938334e-05
L-BFGS-B,8314,1.1580338e-07,0.0024676523,1.0591661e-07,5.793452e-05
L-BFGS-B,8315,1.15885705e-07,0.0024685352,1.0577748e-07,5.793483e-05
L-BFGS-B,8316,1.1583205e-07,0.002467809,1.0583701e-07,5.7928446e-05
L-BFGS-B,8317,1.1588389e-07,0.0024683215,1.0570255e-07,5.7921177e-05
L-BFGS-B,8318,1.16101965e-07,0.0024716735,1.05223926e-07,5.791562e-05
L-BFGS-B,8319,1.1610865e-07,0.0024710258,1.0516471e-07,5.7901263e-05
L-BFGS-B,8320,1.1611672e-07,0.0024712961,1.0508644e-07,5.7893438e-05
L-BFGS-B,8321,1.1613857e-07,0.00247206,1.04919465e-07,5.7879304e-05
L-BFGS-B,8322,1.1613767e-07,0.0024722998,1.0484499e-07,5.78704e-05
L-BFGS-B,8323,1.1614702e-07,0.0024720987,1.04769605e-07,5.785848e-05
L-BFGS-B,8324,1.1611418e-07,0.0024700146,1.0482637e-07,5.784123e-05
L-BFGS-B,8325,1.169088e-07,0.0024724498,1.0600548e-07,5.816164e-05
L-BFGS-B,8326,1.16142125e-07,0.0024683694,1.04865386e-07,5.783482e-05
L-BFGS-B,8327,1.16056825e-07,0.002463581,1.05093505e-07,5.7808356e-05
L-BFGS-B,8328,1.1597843e-07,0.0024579843,1.05370205e-07,5.7782137e-05
L-BFGS-B,8329,1.15956e-07,0.0024553891,1.0542526e-07,5.776108e-05
L-BFGS-B,8330,1.1898377e-07,0.0025755903,1.1901762e-07,6.1456114e-05
L-BFGS-B,8331,1.15831114e-07,0.002451961,1.0574877e-07,5.7756588e-05
L-BFGS-B,8332,1.1587153e-07,0.0024517442,1.0556467e-07,5.7732876e-05
L-BFGS-B,8333,1.15915256e-07,0.0024539235,1.0525197e-07,5.771432e-05
L-BFGS-B,8334,1.15865554e-07,0.0024552983,1.0509911e-07,5.769768e-05
L-BFGS-B,8335,1.15770206e-07,0.002458509,1.0482677e-07,5.767464e-05
L-BFGS-B,8336,1.1556089e-07,0.002454896,1.05166386e-07,5.765805e-05
L-BFGS-B,8337,1.1537138e-07,0.0024519223,1.0547587e-07,5.764631e-05
L-BFGS-B,8338,1.15325584e-07,0.002450206,1.0558654e-07,5.763888e-05
L-BFGS-B,8339,1.1519494e-07,0.0024461763,1.05928784e-07,5.763032e-05
L-BFGS-B,8340,1.1531805e-07,0.0024493104,1.0555339e-07,5.7623816e-05
L-BFGS-B,8341,1.1538494e-07,0.0024518976,1.0522261e-07,5.761011e-05
L-BFGS-B,8342,1.1528167e-07,0.0024499313,1.0538361e-07,5.7599107e-05
L-BFGS-B,8343,1.15328234e-07,0.0024497353,1.05265144e-07,5.758636e-05
L-BFGS-B,8344,1.15450064e-07,0.0024496645,1.05023474e-07,5.756768e-05
L-BFGS-B,8345,1.1551522e-07,0.002449043,1.0493167e-07,5.7557467e-05
L-BFGS-B,8346,1.153926e-07,0.0024439718,1.05329114e-07,5.7547975e-05
L-BFGS-B,8347,1.1609656e-07,0.002468961,1.05021236e-07,5.785728e-05
L-BFGS-B,8348,1.154179e-07,0.0024447655,1.0523896e-07,5.754618e-05
L-BFGS-B,8349,1.15387415e-07,0.0024463004,1.0508174e-07,5.7533376e-05
L-BFGS-B,8350,1.15292494e-07,0.0024474727,1.05008425e-07,5.7519865e-05
L-BFGS-B,8351,1.1520504e-07,0.0024492904,1.0490618e-07,5.7509584e-05
L-BFGS-B,8352,1.1508077e-07,0.0024481493,1.05044954e-07,5.750035e-05
L-BFGS-B,8353,1.15100995e-07,0.0024503835,1.04824366e-07,5.7492638e-05
L-BFGS-B,8354,1.15127484e-07,0.0024497402,1.0478838e-07,5.748478e-05
L-BFGS-B,8355,1.15166344e-07,0.0024486694,1.04776504e-07,5.7478122e-05
L-BFGS-B,8356,1.1519929e-07,0.0024468184,1.0483505e-07,5.7473335e-05
L-BFGS-B,8357,1.1519955e-07,0.0024466573,1.0481408e-07,5.7468616e-05
L-BFGS-B,8358,1.15216466e-07,0.002446115,1.0479085e-07,5.7462246e-05
L-BFGS-B,8359,1.1525848e-07,0.0024465062,1.0468324e-07,5.7456316e-05
L-BFGS-B,8360,1.15303834e-07,0.0024473444,1.04552214e-07,5.745185e-05
L-BFGS-B,8361,1.1535468e-07,0.002448573,1.04396e-07,5.744833e-05
L-BFGS-B,8362,1.1539657e-07,0.0024496878,1.04243256e-07,5.7442852e-05
L-BFGS-B,8363,1.15445495e-07,0.0024512908,1.0402821e-07,5.7433965e-05
L-BFGS-B,8364,1.1545013e-07,0.0024519814,1.03926325e-07,5.742628e-05
L-BFGS-B,8365,1.1542033e-07,0.002451916,1.039148e-07,5.7419427e-05
L-BFGS-B,8366,1.1537477e-07,0.0024512738,1.0397444e-07,5.741512e-05
L-BFGS-B,8367,1.15318215e-07,0.002450115,1.04073436e-07,5.74099e-05
L-BFGS-B,8368,1.1510132e-07,0.0024526543,1.0452143e-07,5.7469955e-05
L-BFGS-B,8369,1.15272464e-07,0.002450074,1.0411201e-07,5.740841e-05
L-BFGS-B,8370,1.15212664e-07,0.0024489167,1.0421135e-07,5.740277e-05
L-BFGS-B,8371,1.1514972e-07,0.0024480522,1.04281234e-07,5.7395166e-05
L-BFGS-B,8372,1.15114794e-07,0.0024476873,1.0429897e-07,5.7388934e-05
L-BFGS-B,8373,1.1510903e-07,0.0024480387,1.04247945e-07,5.7383935e-05
L-BFGS-B,8374,1.1511018e-07,0.002448502,1.04199785e-07,5.7381516e-05
L-BFGS-B,8375,1.1511205e-07,0.0024490228,1.04144355e-07,5.737869e-05
L-BFGS-B,8376,1.15110886e-07,0.0024494529,1.04103506e-07,5.7376685e-05
L-BFGS-B,8377,1.1510936e-07,0.0024502284,1.0404275e-07,5.7375102e-05
L-BFGS-B,8378,1.1513081e-07,0.0024504182,1.0398977e-07,5.7372272e-05
L-BFGS-B,8379,1.1512787e-07,0.0024497395,1.04008365e-07,5.7367826e-05
L-BFGS-B,8380,1.1513478e-07,0.0024494731,1.0397838e-07,5.7361707e-05
L-BFGS-B,8381,1.151936e-07,0.0024480682,1.0400496e-07,5.7360467e-05
L-BFGS-B,8382,1.1517016e-07,0.0024486294,1.0396464e-07,5.7356512e-05
L-BFGS-B,8383,1.1515332e-07,0.0024498692,1.03872765e-07,5.73526e-05
L-BFGS-B,8384,1.1514961e-07,0.0024504461,1.0380145e-07,5.734712e-05
L-BFGS-B,8385,1.1514225e-07,0.0024506368,1.0376428e-07,5.7342346e-05
L-BFGS-B,8386,1.1512263e-07,0.0024500554,1.0380083e-07,5.733907e-05
L-BFGS-B,8387,1.1508986e-07,0.002449579,1.0383839e-07,5.7335026e-05
L-BFGS-B,8388,1.1503954e-07,0.0024493546,1.0387242e-07,5.7330337e-05
L-BFGS-B,8389,1.1525604e-07,0.0024544562,1.0360253e-07,5.7373345e-05
L-BFGS-B,8390,1.1505364e-07,0.0024495742,1.0384155e-07,5.733002e-05
L-BFGS-B,8391,1.1500979e-07,0.002449936,1.0383696e-07,5.732637e-05
L-BFGS-B,8392,1.14979365e-07,0.002450408,1.03820526e-07,5.732406e-05
L-BFGS-B,8393,1.1496703e-07,0.0024507756,1.0379021e-07,5.732134e-05
L-BFGS-B,8394,1.14974455e-07,0.0024511619,1.03743325e-07,5.731928e-05
L-BFGS-B,8395,1.1498798e-07,0.0024512166,1.03715955e-07,5.7317753e-05
L-BFGS-B,8396,1.15031575e-07,0.002451758,1.0363106e-07,5.7316975e-05
L-BFGS-B,8397,1.1500443e-07,0.0024511362,1.03687476e-07,5.731515e-05
L-BFGS-B,8398,1.14976814e-07,0.0024503476,1.03757905e-07,5.7313686e-05
L-BFGS-B,8399,1.1494798e-07,0.0024497437,1.0382041e-07,5.7312696e-05
L-BFGS-B,8400,1.1492331e-07,0.0024493341,1.03865354e-07,5.731164e-05
L-BFGS-B,8401,1.1485e-07,0.00244511,1.0435805e-07,5.7332305e-05
L-BFGS-B,8402,1.1491026e-07,0.0024486855,1.0392134e-07,5.731159e-05
L-BFGS-B,8403,1.148624e-07,0.0024490824,1.0392716e-07,5.730926e-05
L-BFGS-B,8404,1.14841455e-07,0.0024481374,1.03985826e-07,5.7305468e-05
L-BFGS-B,8405,1.1481664e-07,0.0024464133,1.040729e-07,5.729757e-05
L-BFGS-B,8406,1.1482464e-07,0.002446127,1.0406534e-07,5.729477e-05
L-BFGS-B,8407,1.1483903e-07,0.0024460221,1.0403686e-07,5.7291603e-05
L-BFGS-B,8408,1.1486413e-07,0.0024459376,1.03983105e-07,5.728646e-05
L-BFGS-B,8409,1.14892856e-07,0.002445515,1.03913514e-07,5.7276106e-05
L-BFGS-B,8410,1.14963605e-07,0.002446884,1.0370282e-07,5.7268804e-05
L-BFGS-B,8411,1.1494725e-07,0.0024457844,1.0375738e-07,5.726354e-05
L-BFGS-B,8412,1.1523096e-07,0.0024484824,1.03435966e-07,5.7284866e-05
L-BFGS-B,8413,1.1500461e-07,0.0024460068,1.0366352e-07,5.7260288e-05
L-BFGS-B,8414,1.14971506e-07,0.0024451886,1.037075e-07,5.7253736e-05
L-BFGS-B,8415,1.1493929e-07,0.002443809,1.03777694e-07,5.724564e-05
L-BFGS-B,8416,1.1494144e-07,0.0024434885,1.0373731e-07,5.72367e-05
L-BFGS-B,8417,1.1496583e-07,0.0024439925,1.03605565e-07,5.7225632e-05
L-BFGS-B,8418,1.15007715e-07,0.0024478235,1.0322975e-07,5.7213852e-05
L-BFGS-B,8419,1.1443079e-07,0.0024326467,1.06971044e-07,5.7536738e-05
L-BFGS-B,8420,1.14932156e-07,0.002445801,1.0342322e-07,5.7211313e-05
L-BFGS-B,8421,1.1505266e-07,0.0024452363,1.0342346e-07,5.7223777e-05
L-BFGS-B,8422,1.14956514e-07,0.0024450663,1.0340751e-07,5.7205267e-05
L-BFGS-B,8423,1.1492985e-07,0.002444954,1.03414465e-07,5.7201185e-05
L-BFGS-B,8424,1.148722e-07,0.0024442296,1.03475315e-07,5.7194426e-05
L-BFGS-B,8425,1.1482732e-07,0.0024435425,1.03522815e-07,5.7187943e-05
L-BFGS-B,8426,1.1473283e-07,0.0024416011,1.03632196e-07,5.7170764e-05
L-BFGS-B,8427,1.1485245e-07,0.0024818766,1.06340394e-07,5.799769e-05
L-BFGS-B,8428,1.1467085e-07,0.002441602,1.0367787e-07,5.7168327e-05
L-BFGS-B,8429,1.14627774e-07,0.0024403473,1.0367444e-07,5.7148805e-05
L-BFGS-B,8430,1.1464105e-07,0.0024401585,1.03566855e-07,5.713277e-05
L-BFGS-B,8431,1.1466214e-07,0.002440672,1.03469176e-07,5.7126417e-05
L-BFGS-B,8432,1.1469801e-07,0.0024408798,1.03420035e-07,5.7126505e-05
L-BFGS-B,8433,1.14677505e-07,0.0024407043,1.034405e-07,5.7124744e-05
L-BFGS-B,8434,1.148026e-07,0.0024426014,1.0317767e-07,5.7123056e-05
L-BFGS-B,8435,1.14721175e-07,0.0024407848,1.03280364e-07,5.7108082e-05
L-BFGS-B,8436,1.14687644e-07,0.0024394332,1.03332994e-07,5.709743e-05
L-BFGS-B,8437,1.1467835e-07,0.002438146,1.03343446e-07,5.7084726e-05
L-BFGS-B,8438,1.14708314e-07,0.0024374365,1.0331093e-07,5.7077254e-05
L-BFGS-B,8439,1.1473645e-07,0.0024375275,1.03234605e-07,5.7070934e-05
L-BFGS-B,8440,1.1506011e-07,0.0024463395,1.02870445e-07,5.7152978e-05
L-BFGS-B,8441,1.1476076e-07,0.0024378856,1.0317408e-07,5.7069083e-05
L-BFGS-B,8442,1.1480727e-07,0.0024384053,1.03053765e-07,5.706321e-05
L-BFGS-B,8443,1.1484709e-07,0.0024393064,1.0292814e-07,5.7059347e-05
L-BFGS-B,8444,1.1488041e-07,0.002439092,1.02857065e-07,5.705154e-05
L-BFGS-B,8445,1.1490787e-07,0.0024398484,1.0273685e-07,5.704519e-05
L-BFGS-B,8446,1.1488583e-07,0.0024386996,1.0280506e-07,5.704063e-05
L-BFGS-B,8447,1.1473352e-07,0.002437206,1.03003366e-07,5.7032594e-05
L-BFGS-B,8448,1.14497354e-07,0.002435589,1.0372601e-07,5.7089394e-05
L-BFGS-B,8449,1.1468871e-07,0.0024364889,1.03083934e-07,5.7030782e-05
L-BFGS-B,8450,1.14688056e-07,0.0024355124,1.0307717e-07,5.701991e-05
L-BFGS-B,8451,1.1481093e-07,0.002432235,1.0296671e-07,5.6988993e-05
L-BFGS-B,8452,1.1477795e-07,0.0024332597,1.02852e-07,5.6977093e-05
L-BFGS-B,8453,1.1477758e-07,0.0024337615,1.02780525e-07,5.697133e-05
L-BFGS-B,8454,1.1475727e-07,0.0024334209,1.02788256e-07,5.6966037e-05
L-BFGS-B,8455,1.1472745e-07,0.0024321044,1.02856056e-07,5.6958568e-05
L-BFGS-B,8456,1.1467387e-07,0.0024295559,1.03027986e-07,5.6950834e-05
L-BFGS-B,8457,1.1582548e-07,0.0024452012,1.0231765e-07,5.717348e-05
L-BFGS-B,8458,1.1473221e-07,0.0024299205,1.02931054e-07,5.6948695e-05
L-BFGS-B,8459,1.14673746e-07,0.0024266546,1.0312529e-07,5.69364e-05
L-BFGS-B,8460,1.14765356e-07,0.0024260161,1.02914115e-07,5.6912082e-05
L-BFGS-B,8461,1.1491625e-07,0.002427762,1.0261404e-07,5.6907164e-05
L-BFGS-B,8462,1.1491094e-07,0.002430367,1.0280693e-07,5.696135e-05
L-BFGS-B,8463,1.14878866e-07,0.0024277018,1.02606414e-07,5.6899815e-05
L-BFGS-B,8464,1.149119e-07,0.0024267395,1.0255116e-07,5.6886856e-05
L-BFGS-B,8465,1.14957054e-07,0.0024332977,1.02220206e-07,5.6909565e-05
L-BFGS-B,8466,1.1491234e-07,0.0024279805,1.0245244e-07,5.6884524e-05
L-BFGS-B,8467,1.1492903e-07,0.0024279447,1.0240476e-07,5.6879515e-05
L-BFGS-B,8468,1.15018985e-07,0.0024287098,1.0214613e-07,5.6861863e-05
L-BFGS-B,8469,1.1500969e-07,0.0024279011,1.02136525e-07,5.6850942e-05
L-BFGS-B,8470,1.14979564e-07,0.0024274134,1.0213092e-07,5.6840705e-05
L-BFGS-B,8471,1.1496443e-07,0.0024267086,1.0213793e-07,5.6832436e-05
L-BFGS-B,8472,1.1493803e-07,0.0024252175,1.0216792e-07,5.681807e-05
L-BFGS-B,8473,1.1494341e-07,0.0024238057,1.0216125e-07,5.680375e-05
L-BFGS-B,8474,1.14973844e-07,0.0024230876,1.0208369e-07,5.6789504e-05
L-BFGS-B,8475,1.1506963e-07,0.0024243079,1.0212782e-07,5.6822697e-05
L-BFGS-B,8476,1.1497765e-07,0.0024228287,1.02065215e-07,5.6784716e-05
L-BFGS-B,8477,1.1500818e-07,0.0024232834,1.0194889e-07,5.6776393e-05
L-BFGS-B,8478,1.1502753e-07,0.0024245197,1.01801156e-07,5.6769502e-05
L-BFGS-B,8479,1.1502884e-07,0.0024247554,1.01754644e-07,5.676508e-05
L-BFGS-B,8480,1.150264e-07,0.002425441,1.0167388e-07,5.6759454e-05
L-BFGS-B,8481,1.1500022e-07,0.0024251027,1.01674395e-07,5.675222e-05
L-BFGS-B,8482,1.1494124e-07,0.0024236029,1.01761984e-07,5.674151e-05
L-BFGS-B,8483,1.1483836e-07,0.002420671,1.01911304e-07,5.671916e-05
L-BFGS-B,8484,1.1517372e-07,0.0024248785,1.0182133e-07,5.6798042e-05
L-BFGS-B,8485,1.1487245e-07,0.00242043,1.01819545e-07,5.67081e-05
L-BFGS-B,8486,1.14723065e-07,0.0024172468,1.0193106e-07,5.6670586e-05
L-BFGS-B,8487,1.1470178e-07,0.0024179036,1.0174521e-07,5.664608e-05
L-BFGS-B,8488,1.1469028e-07,0.002420046,1.0145608e-07,5.662241e-05
L-BFGS-B,8489,1.14731385e-07,0.0024216387,1.0126139e-07,5.6615303e-05
L-BFGS-B,8490,1.1475474e-07,0.0024222706,1.0113363e-07,5.660596e-05
L-BFGS-B,8491,1.14822704e-07,0.002424116,1.0089893e-07,5.65994e-05
L-BFGS-B,8492,1.147851e-07,0.002424997,1.0082398e-07,5.6591332e-05
L-BFGS-B,8493,1.1463098e-07,0.0024230431,1.010597e-07,5.658403e-05
L-BFGS-B,8494,1.14569886e-07,0.002422113,1.01153574e-07,5.657965e-05
L-BFGS-B,8495,1.1447658e-07,0.0024209572,1.0130274e-07,5.657647e-05
L-BFGS-B,8496,1.14425525e-07,0.0024206203,1.0135441e-07,5.6573193e-05
L-BFGS-B,8497,1.1437747e-07,0.0024205276,1.0137766e-07,5.6568548e-05
L-BFGS-B,8498,1.1435921e-07,0.0024212073,1.0132817e-07,5.6565175e-05
L-BFGS-B,8499,1.1436429e-07,0.0024211637,1.0131069e-07,5.656288e-05
L-BFGS-B,8500,1.1439318e-07,0.0024213882,1.01258365e-07,5.656161e-05
L-BFGS-B,8501,1.144169e-07,0.0024202438,1.0132649e-07,5.6563946e-05
L-BFGS-B,8502,1.1439848e-07,0.002421021,1.0127568e-07,5.6561334e-05
L-BFGS-B,8503,1.1440936e-07,0.0024205155,1.0128617e-07,5.655949e-05
L-BFGS-B,8504,1.1440359e-07,0.0024198883,1.01320985e-07,5.655757e-05
L-BFGS-B,8505,1.1438282e-07,0.002418386,1.01410755e-07,5.6552897e-05
L-BFGS-B,8506,1.1516621e-07,0.002443709,1.0267001e-07,5.711252e-05
L-BFGS-B,8507,1.1438123e-07,0.0024183022,1.0141574e-07,5.655257e-05
L-BFGS-B,8508,1.1435436e-07,0.0024171518,1.01495615e-07,5.654901e-05
L-BFGS-B,8509,1.177275e-07,0.0024832534,1.04134905e-07,5.8111895e-05
L-BFGS-B,8510,1.1437028e-07,0.002416732,1.0150131e-07,5.654806e-05
L-BFGS-B,8511,1.14324635e-07,0.0024154014,1.01581904e-07,5.6539993e-05
L-BFGS-B,8512,1.14340196e-07,0.0024155155,1.0147529e-07,5.652748e-05
L-BFGS-B,8513,1.1385136e-07,0.0024027557,1.04059254e-07,5.6714147e-05
L-BFGS-B,8514,1.14243015e-07,0.0024124878,1.0174696e-07,5.6523375e-05
L-BFGS-B,8515,1.14273824e-07,0.0024131443,1.0153609e-07,5.650293e-05
L-BFGS-B,8516,1.1433574e-07,0.002413728,1.01276385e-07,5.6479097e-05
L-BFGS-B,8517,1.147456e-07,0.0024150913,1.0105729e-07,5.652134e-05
L-BFGS-B,8518,1.1441984e-07,0.0024133993,1.0117955e-07,5.6473902e-05
L-BFGS-B,8519,1.14431046e-07,0.002411939,1.010844e-07,5.6446705e-05
L-BFGS-B,8520,1.1449891e-07,0.002411503,1.00946956e-07,5.643191e-05
L-BFGS-B,8521,1.14517206e-07,0.002408519,1.01100746e-07,5.642788e-05
L-BFGS-B,8522,1.1450311e-07,0.0024090218,1.0101392e-07,5.6417768e-05
L-BFGS-B,8523,1.14501454e-07,0.0024091583,1.0097715e-07,5.6413373e-05
L-BFGS-B,8524,1.1452812e-07,0.002408874,1.00856944e-07,5.63965e-05
L-BFGS-B,8525,1.1551022e-07,0.0024585663,9.969257e-08,5.686608e-05
L-BFGS-B,8526,1.1455346e-07,0.0024116386,1.0059748e-07,5.6389028e-05
L-BFGS-B,8527,1.14522194e-07,0.0024108451,1.0063236e-07,5.6381636e-05
L-BFGS-B,8528,1.1446602e-07,0.0024092617,1.0072911e-07,5.6371886e-05
L-BFGS-B,8529,1.1444425e-07,0.002408973,1.0075093e-07,5.636901e-05
L-BFGS-B,8530,1.14368724e-07,0.0024083997,1.0081741e-07,5.6361918e-05
L-BFGS-B,8531,1.14189056e-07,0.0024055087,1.01186714e-07,5.6361452e-05
L-BFGS-B,8532,1.1426954e-07,0.0024067026,1.0099364e-07,5.6356505e-05
L-BFGS-B,8533,1.1420574e-07,0.0024061233,1.0101768e-07,5.6344747e-05
L-BFGS-B,8534,1.14086085e-07,0.00240483,1.0106191e-07,5.63205e-05
L-BFGS-B,8535,1.1406439e-07,0.002404186,1.0100156e-07,5.6301753e-05
L-BFGS-B,8536,1.1410367e-07,0.0024027904,1.0092873e-07,5.6282763e-05
L-BFGS-B,8537,1.1407075e-07,0.0024010504,1.0102398e-07,5.6274712e-05
L-BFGS-B,8538,1.14139496e-07,0.0024009761,1.0085398e-07,5.6258785e-05
L-BFGS-B,8539,1.14148946e-07,0.0024002374,1.0079011e-07,5.6243232e-05
L-BFGS-B,8540,1.14151554e-07,0.0023979929,1.0076147e-07,5.6216883e-05
L-BFGS-B,8541,1.1414842e-07,0.0023963826,1.0074482e-07,5.6197812e-05
L-BFGS-B,8542,1.1487985e-07,0.002408493,1.0162812e-07,5.6561126e-05
L-BFGS-B,8543,1.14154254e-07,0.00239449,1.00811214e-07,5.6189718e-05
L-BFGS-B,8544,1.1410687e-07,0.0023924,1.0092921e-07,5.6179415e-05
L-BFGS-B,8545,1.140687e-07,0.002390474,1.0106842e-07,5.617531e-05
L-BFGS-B,8546,1.1408147e-07,0.0023903179,1.01052635e-07,5.6173296e-05
L-BFGS-B,8547,1.1413866e-07,0.002389558,1.01006805e-07,5.61674e-05
L-BFGS-B,8548,1.1417087e-07,0.0023896194,1.0094911e-07,5.616419e-05
L-BFGS-B,8549,1.14203615e-07,0.0023893502,1.0089012e-07,5.615756e-05
L-BFGS-B,8550,1.14209314e-07,0.0023884976,1.00887796e-07,5.614954e-05
L-BFGS-B,8551,1.1416551e-07,0.002386465,1.009998e-07,5.6139448e-05
L-BFGS-B,8552,1.1405647e-07,0.0023836328,1.01226924e-07,5.6128836e-05
L-BFGS-B,8553,1.1393658e-07,0.002381281,1.01450965e-07,5.6120938e-05
L-BFGS-B,8554,1.1392592e-07,0.0023800354,1.0150653e-07,5.611522e-05
L-BFGS-B,8555,1.1371511e-07,0.002375537,1.0203815e-07,5.611836e-05
L-BFGS-B,8556,1.1383335e-07,0.0023780412,1.01712324e-07,5.6112258e-05
L-BFGS-B,8557,1.1386223e-07,0.0023776225,1.01673e-07,5.6106506e-05
L-BFGS-B,8558,1.1390195e-07,0.0023775627,1.0160571e-07,5.6101773e-05
L-BFGS-B,8559,1.1387852e-07,0.0023771592,1.01637866e-07,5.6099052e-05
L-BFGS-B,8560,1.13915306e-07,0.0023772782,1.01578806e-07,5.60969e-05
L-BFGS-B,8561,1.1383536e-07,0.0023762516,1.01696784e-07,5.6092336e-05
L-BFGS-B,8562,1.1398533e-07,0.002388409,1.01487565e-07,5.6205026e-05
L-BFGS-B,8563,1.1382771e-07,0.0023768677,1.0164577e-07,5.6089695e-05
L-BFGS-B,8564,1.1381294e-07,0.002376992,1.01632466e-07,5.6086734e-05
L-BFGS-B,8565,1.1380878e-07,0.0023770053,1.0159939e-07,5.6081277e-05
L-BFGS-B,8566,1.1379422e-07,0.0023768053,1.0158511e-07,5.607495e-05
L-BFGS-B,8567,1.1388206e-07,0.002376794,1.0143977e-07,5.606621e-05
L-BFGS-B,8568,1.1382928e-07,0.0023738635,1.02156726e-07,5.6136534e-05
L-BFGS-B,8569,1.13845665e-07,0.0023755424,1.0152398e-07,5.606087e-05
L-BFGS-B,8570,1.13854114e-07,0.0023748751,1.0151003e-07,5.6053374e-05
L-BFGS-B,8571,1.13890586e-07,0.0023733985,1.0151814e-07,5.6045294e-05
L-BFGS-B,8572,1.1387709e-07,0.0023730826,1.01536315e-07,5.6042838e-05
L-BFGS-B,8573,1.1382836e-07,0.002371574,1.01643124e-07,5.6036464e-05
L-BFGS-B,8574,1.1380103e-07,0.0023710306,1.0167628e-07,5.6031902e-05
L-BFGS-B,8575,1.14347266e-07,0.002375053,1.0107218e-07,5.6063443e-05
L-BFGS-B,8576,1.13889755e-07,0.0023714025,1.0154956e-07,5.6029923e-05
L-BFGS-B,8577,1.1385872e-07,0.0023698313,1.0161181e-07,5.6018893e-05
L-BFGS-B,8578,1.13829536e-07,0.0023705866,1.0153702e-07,5.6010846e-05
L-BFGS-B,8579,1.13806486e-07,0.002371798,1.01416354e-07,5.6001405e-05
L-BFGS-B,8580,1.13756364e-07,0.0023714085,1.0144935e-07,5.599494e-05
L-BFGS-B,8581,1.1363875e-07,0.0023732109,1.01837216e-07,5.60535e-05
L-BFGS-B,8582,1.1372259e-07,0.0023710935,1.0149149e-07,5.5993045e-05
L-BFGS-B,8583,1.13705475e-07,0.002370292,1.0150767e-07,5.5984892e-05
L-BFGS-B,8584,1.1365906e-07,0.0023691691,1.0159407e-07,5.5979664e-05
L-BFGS-B,8585,1.1369328e-07,0.0023754428,1.0113218e-07,5.5978242e-05
L-BFGS-B,8586,1.13662196e-07,0.0023718616,1.0134275e-07,5.5969358e-05
L-BFGS-B,8587,1.1368808e-07,0.0023718202,1.0127939e-07,5.5963323e-05
L-BFGS-B,8588,1.1367917e-07,0.0023714365,1.012694e-07,5.5956647e-05
L-BFGS-B,8589,1.136381e-07,0.0023702167,1.0134869e-07,5.5950182e-05
L-BFGS-B,8590,1.1354418e-07,0.0023683899,1.0150662e-07,5.5941517e-05
L-BFGS-B,8591,1.13426786e-07,0.0023643207,1.01942206e-07,5.5948552e-05
L-BFGS-B,8592,1.1349322e-07,0.002366641,1.0165037e-07,5.5937948e-05
L-BFGS-B,8593,1.1338755e-07,0.002365627,1.0177017e-07,5.592993e-05
L-BFGS-B,8594,1.1329835e-07,0.002364346,1.0190234e-07,5.5923563e-05
L-BFGS-B,8595,1.1324847e-07,0.0023637207,1.01942554e-07,5.5915865e-05
L-BFGS-B,8596,1.1323075e-07,0.0023631433,1.0194777e-07,5.590821e-05
L-BFGS-B,8597,1.1327887e-07,0.002363196,1.0184113e-07,5.589996e-05
L-BFGS-B,8598,1.1322265e-07,0.0023647842,1.0203405e-07,5.5936347e-05
L-BFGS-B,8599,1.1324967e-07,0.0023629249,1.01866966e-07,5.5896748e-05
L-BFGS-B,8600,1.13420924e-07,0.0023672201,1.01335196e-07,5.588562e-05
L-BFGS-B,8601,1.1331574e-07,0.0023650252,1.0152052e-07,5.5875687e-05
L-BFGS-B,8602,1.1328394e-07,0.0023659226,1.0144785e-07,5.5868994e-05
L-BFGS-B,8603,1.1329361e-07,0.0023657992,1.0142315e-07,5.5865505e-05
L-BFGS-B,8604,1.13288486e-07,0.0023672124,1.0131348e-07,5.5862423e-05
L-BFGS-B,8605,1.1320146e-07,0.002365322,1.0151972e-07,5.5861394e-05
L-BFGS-B,8606,1.1325574e-07,0.0023661929,1.0135208e-07,5.58531e-05
L-BFGS-B,8607,1.1326135e-07,0.0023668644,1.0125083e-07,5.584547e-05
L-BFGS-B,8608,1.1335832e-07,0.0023657691,1.01177584e-07,5.5838074e-05
L-BFGS-B,8609,1.1356698e-07,0.002370491,1.00732336e-07,5.5849807e-05
L-BFGS-B,8610,1.13412696e-07,0.0023669265,1.0102529e-07,5.583496e-05
L-BFGS-B,8611,1.1339526e-07,0.002366962,1.00989425e-07,5.5827317e-05
L-BFGS-B,8612,1.1338345e-07,0.0023674532,1.0087736e-07,5.5813653e-05
L-BFGS-B,8613,1.1355219e-07,0.0023678096,1.008364e-07,5.5836386e-05
L-BFGS-B,8614,1.1340872e-07,0.002367194,1.0085213e-07,5.5811066e-05
L-BFGS-B,8615,1.13408696e-07,0.0023685505,1.0069782e-07,5.5801484e-05
L-BFGS-B,8616,1.1345196e-07,0.0023714516,1.00338646e-07,5.5783108e-05
L-BFGS-B,8617,1.1352739e-07,0.0023718106,1.0017293e-07,5.5773155e-05
L-BFGS-B,8618,1.1358208e-07,0.0023652094,1.0081041e-07,5.5810968e-05
L-BFGS-B,8619,1.1352086e-07,0.0023695324,1.0029324e-07,5.5767443e-05
L-BFGS-B,8620,1.1348046e-07,0.0023664602,1.0037118e-07,5.5742345e-05
L-BFGS-B,8621,1.1335629e-07,0.0023619856,1.006243e-07,5.5716948e-05
L-BFGS-B,8622,1.1320782e-07,0.0023589884,1.00856596e-07,5.5699544e-05
L-BFGS-B,8623,1.1314165e-07,0.0023581793,1.0086924e-07,5.5683427e-05
L-BFGS-B,8624,1.13104946e-07,0.002359486,1.00657054e-07,5.565916e-05
L-BFGS-B,8625,1.1308661e-07,0.0023629465,1.00193e-07,5.5621407e-05
L-BFGS-B,8626,1.1347802e-07,0.002372857,9.891504e-08,5.558753e-05
L-BFGS-B,8627,1.13161555e-07,0.00237218,9.8994065e-08,5.554514e-05
L-BFGS-B,8628,1.1334438e-07,0.0023776179,9.830627e-08,5.552378e-05
L-BFGS-B,8629,1.13235885e-07,0.0023698155,9.880511e-08,5.5504304e-05
L-BFGS-B,8630,1.1324039e-07,0.0023710602,9.862227e-08,5.5489996e-05
L-BFGS-B,8631,1.13232105e-07,0.0023722292,9.84036e-08,5.5467644e-05
L-BFGS-B,8632,1.1363187e-07,0.0023740127,9.841519e-08,5.5547185e-05
L-BFGS-B,8633,1.13273295e-07,0.0023719044,9.8356644e-08,5.5463533e-05
L-BFGS-B,8634,1.13280464e-07,0.0023736262,9.8142756e-08,5.5449742e-05
L-BFGS-B,8635,1.1335262e-07,0.0023777683,9.80425e-08,5.5486948e-05
L-BFGS-B,8636,1.1327828e-07,0.0023741198,9.804638e-08,5.5439894e-05
L-BFGS-B,8637,1.13312005e-07,0.0023782293,9.761061e-08,5.5420685e-05
L-BFGS-B,8638,1.1331124e-07,0.002376531,9.757373e-08,5.5398057e-05
L-BFGS-B,8639,1.1332488e-07,0.0023764092,9.728954e-08,5.5356257e-05
L-BFGS-B,8640,1.1338156e-07,0.0023765503,9.706839e-08,5.5332992e-05
L-BFGS-B,8641,1.13331325e-07,0.0023765585,9.694739e-08,5.530739e-05
L-BFGS-B,8642,1.1324011e-07,0.0023760896,9.693255e-08,5.5286793e-05
L-BFGS-B,8643,1.13125395e-07,0.0023765336,9.68853e-08,5.5266937e-05
L-BFGS-B,8644,1.1309064e-07,0.0023750798,9.692766e-08,5.5253546e-05
L-BFGS-B,8645,1.1370777e-07,0.0024317612,9.814711e-08,5.6095847e-05
L-BFGS-B,8646,1.12939425e-07,0.0023768514,9.668628e-08,5.5212367e-05
L-BFGS-B,8647,1.1296115e-07,0.00238006,9.6280324e-08,5.518682e-05
L-BFGS-B,8648,1.12957686e-07,0.0023765885,9.636828e-08,5.516478e-05
L-BFGS-B,8649,1.12976664e-07,0.0023763936,9.6301385e-08,5.5155644e-05
L-BFGS-B,8650,1.1298933e-07,0.0023771508,9.617248e-08,5.5145778e-05
L-BFGS-B,8651,1.16441434e-07,0.0024828904,1.0082892e-07,5.7419456e-05
L-BFGS-B,8652,1.1298783e-07,0.0023766276,9.619447e-08,5.5143617e-05
L-BFGS-B,8653,1.1298553e-07,0.0023773499,9.6048375e-08,5.5128585e-05
L-BFGS-B,8654,1.12991536e-07,0.002377829,9.5761365e-08,5.5091223e-05
L-BFGS-B,8655,1.1308418e-07,0.002387849,9.5666174e-08,5.519104e-05
L-BFGS-B,8656,1.12925974e-07,0.002377954,9.567853e-08,5.5070217e-05
L-BFGS-B,8657,1.12943034e-07,0.0023808242,9.5133885e-08,5.501978e-05
L-BFGS-B,8658,1.12867696e-07,0.0023792344,9.491986e-08,5.4960477e-05
L-BFGS-B,8659,1.1330886e-07,0.002392606,9.357186e-08,5.4958167e-05
L-BFGS-B,8660,1.1303869e-07,0.0023842806,9.4267705e-08,5.4938762e-05
L-BFGS-B,8661,1.1320547e-07,0.0023973067,9.3233986e-08,5.4938988e-05
L-BFGS-B,8662,1.1308876e-07,0.0023889984,9.371062e-08,5.4909888e-05
L-BFGS-B,8663,1.1287658e-07,0.0023815674,9.4238686e-08,5.4882963e-05
L-BFGS-B,8664,1.1307964e-07,0.0023842922,9.366705e-08,5.4854925e-05
L-BFGS-B,8665,1.13025095e-07,0.002386357,9.335772e-08,5.482099e-05
L-BFGS-B,8666,1.1302439e-07,0.0023860738,9.3168026e-08,5.47896e-05
L-BFGS-B,8667,1.13008525e-07,0.002385967,9.2865136e-08,5.4740718e-05
L-BFGS-B,8668,1.1324375e-07,0.0023872142,9.246717e-08,5.4728782e-05
L-BFGS-B,8669,1.1297883e-07,0.0023838063,9.274311e-08,5.4696353e-05
L-BFGS-B,8670,1.129359e-07,0.002384178,9.25724e-08,5.4668024e-05
L-BFGS-B,8671,1.126836e-07,0.0023794444,9.2902184e-08,5.4632314e-05
L-BFGS-B,8672,1.1269433e-07,0.0023781783,9.283124e-08,5.461062e-05
L-BFGS-B,8673,1.12566866e-07,0.0023706378,9.3739416e-08,5.465232e-05
L-BFGS-B,8674,1.1262989e-07,0.0023754032,9.303862e-08,5.460431e-05
L-BFGS-B,8675,1.1270543e-07,0.002372972,9.306108e-08,5.4594693e-05
L-BFGS-B,8676,1.12641295e-07,0.0023713727,9.310804e-08,5.457613e-05
L-BFGS-B,8677,1.1260376e-07,0.0023706327,9.309213e-08,5.456071e-05
L-BFGS-B,8678,1.1256778e-07,0.0023691559,9.308906e-08,5.4540087e-05
L-BFGS-B,8679,1.1262116e-07,0.002368168,9.30237e-08,5.452841e-05
L-BFGS-B,8680,1.13363676e-07,0.0023920182,9.226532e-08,5.4764532e-05
L-BFGS-B,8681,1.1266378e-07,0.0023697135,9.282994e-08,5.452119e-05
L-BFGS-B,8682,1.12643264e-07,0.0023690725,9.2778016e-08,5.4503915e-05
L-BFGS-B,8683,1.12781606e-07,0.0023727212,9.215051e-08,5.446703e-05
L-BFGS-B,8684,1.1267021e-07,0.002372016,9.217898e-08,5.4447537e-05
L-BFGS-B,8685,1.1284172e-07,0.002377355,9.148486e-08,5.4422537e-05
L-BFGS-B,8686,1.1311658e-07,0.0023817618,9.07777e-08,5.440176e-05
L-BFGS-B,8687,1.127407e-07,0.0023750223,9.140985e-08,5.4372802e-05
L-BFGS-B,8688,1.1257227e-07,0.0023653859,9.224845e-08,5.4376967e-05
L-BFGS-B,8689,1.12631874e-07,0.0023694946,9.1778695e-08,5.435653e-05
L-BFGS-B,8690,1.1269583e-07,0.0023682588,9.1648175e-08,5.433419e-05
L-BFGS-B,8691,1.1294767e-07,0.002368594,9.1303534e-08,5.432362e-05
L-BFGS-B,8692,1.12992495e-07,0.0023645454,9.140173e-08,5.430459e-05
L-BFGS-B,8693,1.1276265e-07,0.002360099,9.184928e-08,5.4292777e-05
L-BFGS-B,8694,1.12785706e-07,0.0023614524,9.16815e-08,5.4284606e-05
L-BFGS-B,8695,1.1280075e-07,0.0023623882,9.150867e-08,5.4270295e-05
L-BFGS-B,8696,1.1275687e-07,0.002361427,9.151536e-08,5.4255106e-05
L-BFGS-B,8697,1.12526195e-07,0.0023592438,9.194605e-08,5.426327e-05
L-BFGS-B,8698,1.1263125e-07,0.00235979,9.167195e-08,5.424338e-05
L-BFGS-B,8699,1.1260044e-07,0.0023576103,9.1747275e-08,5.422826e-05
L-BFGS-B,8700,1.1256218e-07,0.0023569418,9.1792955e-08,5.4222684e-05
L-BFGS-B,8701,1.1257727e-07,0.0023567504,9.173395e-08,5.4214186e-05
L-BFGS-B,8702,1.1258347e-07,0.0023568526,9.169189e-08,5.420983e-05
L-BFGS-B,8703,1.1257852e-07,0.0023569476,9.1642775e-08,5.420267e-05
L-BFGS-B,8704,1.1255568e-07,0.002356132,9.161654e-08,5.4187156e-05
L-BFGS-B,8705,1.1254648e-07,0.002355955,9.151216e-08,5.4168348e-05
L-BFGS-B,8706,1.1253112e-07,0.0023537453,9.1540976e-08,5.414827e-05
L-BFGS-B,8707,1.138421e-07,0.0024156875,8.891883e-08,5.457101e-05
L-BFGS-B,8708,1.1258433e-07,0.0023571919,9.122906e-08,5.414393e-05
L-BFGS-B,8709,1.12540974e-07,0.0023550396,9.13085e-08,5.412782e-05
L-BFGS-B,8710,1.12633785e-07,0.0023549686,9.123492e-08,5.412999e-05
L-BFGS-B,8711,1.1256638e-07,0.0023544808,9.125679e-08,5.4118285e-05
L-BFGS-B,8712,1.1259381e-07,0.0023551723,9.1085475e-08,5.4103613e-05
L-BFGS-B,8713,1.1256967e-07,0.0023567611,9.090455e-08,5.4088745e-05
L-BFGS-B,8714,1.1260926e-07,0.0023571437,9.076569e-08,5.4077675e-05
L-BFGS-B,8715,1.1263497e-07,0.00235713,9.067631e-08,5.4067994e-05
L-BFGS-B,8716,1.1262591e-07,0.002355506,9.073384e-08,5.4059023e-05
L-BFGS-B,8717,1.1259662e-07,0.002353432,9.085458e-08,5.4051998e-05
L-BFGS-B,8718,1.1257323e-07,0.0023468123,9.136048e-08,5.4058175e-05
L-BFGS-B,8719,1.1258187e-07,0.0023507597,9.1024795e-08,5.40486e-05
L-BFGS-B,8720,1.12439274e-07,0.0023482621,9.1468365e-08,5.4068765e-05
L-BFGS-B,8721,1.12532504e-07,0.0023497762,9.11233e-08,5.404613e-05
L-BFGS-B,8722,1.1252507e-07,0.002349184,9.112182e-08,5.4038872e-05
L-BFGS-B,8723,1.1241038e-07,0.0023476414,9.1239194e-08,5.402385e-05
L-BFGS-B,8724,1.123354e-07,0.0023472346,9.1267175e-08,5.4012737e-05
L-BFGS-B,8725,1.1229352e-07,0.0023475352,9.1245276e-08,5.4006166e-05
L-BFGS-B,8726,1.1225228e-07,0.0023470588,9.1269506e-08,5.3998854e-05
L-BFGS-B,8727,1.12304186e-07,0.0023504267,9.108747e-08,5.4013013e-05
L-BFGS-B,8728,1.1225152e-07,0.002347748,9.119538e-08,5.3994514e-05
L-BFGS-B,8729,1.1221824e-07,0.0023461536,9.127298e-08,5.398522e-05
L-BFGS-B,8730,1.1218225e-07,0.0023431,9.140644e-08,5.3969306e-05
L-BFGS-B,8731,1.1194815e-07,0.0023543097,9.326296e-08,5.4324762e-05
L-BFGS-B,8732,1.1209526e-07,0.0023426393,9.149707e-08,5.396524e-05
L-BFGS-B,8733,1.1202808e-07,0.0023374127,9.1759e-08,5.394219e-05
L-BFGS-B,8734,1.1202847e-07,0.002334272,9.1830394e-08,5.3921547e-05
L-BFGS-B,8735,1.12045385e-07,0.00233302,9.1800274e-08,5.3907046e-05
L-BFGS-B,8736,1.1208022e-07,0.0023333677,9.164778e-08,5.3892873e-05
L-BFGS-B,8737,1.1213266e-07,0.0023329798,9.1502244e-08,5.3875032e-05
L-BFGS-B,8738,1.1220072e-07,0.002331866,9.137902e-08,5.385562e-05
L-BFGS-B,8739,1.1226637e-07,0.0023334243,9.1202956e-08,5.385464e-05
L-BFGS-B,8740,1.12217464e-07,0.0023322026,9.126518e-08,5.384442e-05
L-BFGS-B,8741,1.12197014e-07,0.0023304736,9.1331856e-08,5.383407e-05
L-BFGS-B,8742,1.1215668e-07,0.002329867,9.136747e-08,5.3827294e-05
L-BFGS-B,8743,1.1211016e-07,0.0023297442,9.1374496e-08,5.3820142e-05
L-BFGS-B,8744,1.1211865e-07,0.0023314846,9.1205735e-08,5.3813503e-05
L-BFGS-B,8745,1.1211357e-07,0.0023329784,9.106787e-08,5.3807e-05
L-BFGS-B,8746,1.12714424e-07,0.0023521208,9.095325e-08,5.407136e-05
L-BFGS-B,8747,1.12133165e-07,0.0023333032,9.1021185e-08,5.3806183e-05
L-BFGS-B,8748,1.1215923e-07,0.0023342476,9.0906596e-08,5.3802345e-05
L-BFGS-B,8749,1.1217073e-07,0.0023359905,9.073553e-08,5.3795844e-05
L-BFGS-B,8750,1.122611e-07,0.0023382127,9.046935e-08,5.3791693e-05
L-BFGS-B,8751,1.1223494e-07,0.0023378448,9.047494e-08,5.3784926e-05
L-BFGS-B,8752,1.1216975e-07,0.0023366283,9.0509936e-08,5.376823e-05
L-BFGS-B,8753,1.121667e-07,0.0023360495,9.0492655e-08,5.37594e-05
L-BFGS-B,8754,1.1205381e-07,0.002334297,9.09138e-08,5.378811e-05
L-BFGS-B,8755,1.1210524e-07,0.0023348962,9.057845e-08,5.3751515e-05
L-BFGS-B,8756,1.1212492e-07,0.0023342264,9.052231e-08,5.373935e-05
L-BFGS-B,8757,1.12128724e-07,0.0023315623,9.065682e-08,5.3733456e-05
L-BFGS-B,8758,1.120293e-07,0.0023321437,9.058619e-08,5.371376e-05
L-BFGS-B,8759,1.1199389e-07,0.0023323908,9.055512e-08,5.370626e-05
L-BFGS-B,8760,1.1188862e-07,0.0023337253,9.04871e-08,5.3693613e-05
L-BFGS-B,8761,1.1190792e-07,0.0023331644,9.0450364e-08,5.3685388e-05
L-BFGS-B,8762,1.11818004e-07,0.0023314185,9.051124e-08,5.366357e-05
L-BFGS-B,8763,1.11749365e-07,0.0023305938,9.0503185e-08,5.364382e-05
L-BFGS-B,8764,1.11631984e-07,0.0023288813,9.055976e-08,5.3617572e-05
L-BFGS-B,8765,1.1157326e-07,0.0023295288,9.0452794e-08,5.3599197e-05
L-BFGS-B,8766,1.1152667e-07,0.0023307423,9.032933e-08,5.358582e-05
L-BFGS-B,8767,1.1152008e-07,0.0023336757,9.0048665e-08,5.357207e-05
L-BFGS-B,8768,1.1145469e-07,0.002334545,9.000791e-08,5.3564836e-05
L-BFGS-B,8769,1.1138312e-07,0.0023408835,9.004639e-08,5.3623262e-05
L-BFGS-B,8770,1.11411744e-07,0.0023351035,8.99847e-08,5.3560503e-05
L-BFGS-B,8771,1.1143641e-07,0.002334953,8.991359e-08,5.355203e-05
L-BFGS-B,8772,1.1160952e-07,0.0023380278,8.95107e-08,5.3548312e-05
L-BFGS-B,8773,1.11548594e-07,0.002336559,8.962693e-08,5.3541917e-05
L-BFGS-B,8774,1.1152904e-07,0.0023360753,8.965038e-08,5.3537664e-05
L-BFGS-B,8775,1.1166199e-07,0.0023386998,8.929934e-08,5.35312e-05
L-BFGS-B,8776,1.116397e-07,0.0023388555,8.9276305e-08,5.3525953e-05
L-BFGS-B,8777,1.11615705e-07,0.0023394583,8.921706e-08,5.35195e-05
L-BFGS-B,8778,1.1162052e-07,0.0023397526,8.916757e-08,5.351574e-05
L-BFGS-B,8779,1.1158479e-07,0.0023389347,8.924405e-08,5.351367e-05
L-BFGS-B,8780,1.11535684e-07,0.0023370802,8.940071e-08,5.3511263e-05
L-BFGS-B,8781,1.1146604e-07,0.0023347463,8.9617906e-08,5.351005e-05
L-BFGS-B,8782,1.11463116e-07,0.002334492,8.958541e-08,5.3502197e-05
L-BFGS-B,8783,1.1146239e-07,0.0023333726,8.9596746e-08,5.3492597e-05
L-BFGS-B,8784,1.1142102e-07,0.0023307481,8.9708124e-08,5.347685e-05
L-BFGS-B,8785,1.115016e-07,0.0023252459,9.0081315e-08,5.3489894e-05
L-BFGS-B,8786,1.11432335e-07,0.0023283318,8.981896e-08,5.347101e-05
L-BFGS-B,8787,1.1138411e-07,0.0023267574,8.988368e-08,5.345774e-05
L-BFGS-B,8788,1.1128773e-07,0.0023268794,8.989914e-08,5.3446824e-05
L-BFGS-B,8789,1.1120495e-07,0.0023283013,8.978859e-08,5.3432046e-05
L-BFGS-B,8790,1.1108805e-07,0.0023297793,8.9724445e-08,5.3419666e-05
L-BFGS-B,8791,1.11178736e-07,0.002337327,8.918703e-08,5.3428135e-05
L-BFGS-B,8792,1.1110342e-07,0.0023324015,8.947744e-08,5.3411142e-05
L-BFGS-B,8793,1.11009435e-07,0.002332826,8.9464066e-08,5.3399282e-05
L-BFGS-B,8794,1.10941166e-07,0.0023323717,8.948635e-08,5.3387845e-05
L-BFGS-B,8795,1.1090159e-07,0.0023311526,8.954705e-08,5.337882e-05
L-BFGS-B,8796,1.1087536e-07,0.0023301526,8.9602125e-08,5.3373147e-05
L-BFGS-B,8797,1.10890674e-07,0.0023295805,8.95828e-08,5.3366828e-05
L-BFGS-B,8798,1.109047e-07,0.0023294017,8.956196e-08,5.3364012e-05
L-BFGS-B,8799,1.1087747e-07,0.0023294038,8.9577554e-08,5.3362288e-05
L-BFGS-B,8800,1.1086084e-07,0.0023294697,8.957449e-08,5.3359996e-05
L-BFGS-B,8801,1.108266e-07,0.0023301188,8.955027e-08,5.335772e-05
L-BFGS-B,8802,1.1089431e-07,0.0023289628,8.978678e-08,5.3391792e-05
L-BFGS-B,8803,1.1082773e-07,0.0023296098,8.95748e-08,5.3356474e-05
L-BFGS-B,8804,1.1083768e-07,0.0023296394,8.955163e-08,5.3354786e-05
L-BFGS-B,8805,1.1084202e-07,0.0023290773,8.956401e-08,5.3351676e-05
L-BFGS-B,8806,1.1083454e-07,0.002328574,8.9581825e-08,5.3348194e-05
L-BFGS-B,8807,1.1080877e-07,0.0023278135,8.9619284e-08,5.3342344e-05
L-BFGS-B,8808,1.107591e-07,0.00232743,8.965058e-08,5.3335752e-05
L-BFGS-B,8809,1.10769626e-07,0.0023276717,8.959692e-08,5.33317e-05
L-BFGS-B,8810,1.1126211e-07,0.0023629116,9.006945e-08,5.3828848e-05
L-BFGS-B,8811,1.10751294e-07,0.0023285293,8.9544116e-08,5.3329604e-05
L-BFGS-B,8812,1.1071262e-07,0.0023286361,8.954157e-08,5.332449e-05
L-BFGS-B,8813,1.1058597e-07,0.0023295488,8.954202e-08,5.331469e-05
L-BFGS-B,8814,1.1057377e-07,0.0023309775,8.943401e-08,5.331094e-05
L-BFGS-B,8815,1.1053812e-07,0.0023319803,8.936264e-08,5.3304917e-05
L-BFGS-B,8816,1.1050899e-07,0.002332419,8.93178e-08,5.329821e-05
L-BFGS-B,8817,1.10461684e-07,0.0023314436,8.939438e-08,5.3292842e-05
L-BFGS-B,8818,1.1044936e-07,0.0023308685,8.941663e-08,5.3288582e-05
L-BFGS-B,8819,1.104515e-07,0.0023289493,8.951998e-08,5.3285214e-05
L-BFGS-B,8820,1.10436076e-07,0.002328387,8.959947e-08,5.32892e-05
L-BFGS-B,8821,1.10440425e-07,0.002328624,8.954183e-08,5.3283577e-05
L-BFGS-B,8822,1.1048539e-07,0.0023285155,8.946277e-08,5.327738e-05
L-BFGS-B,8823,1.10523665e-07,0.0023288913,8.9357975e-08,5.3271157e-05
L-BFGS-B,8824,1.1094119e-07,0.0023334662,8.884305e-08,5.3302298e-05
L-BFGS-B,8825,1.1060628e-07,0.0023296298,8.918929e-08,5.3265634e-05
L-BFGS-B,8826,1.1064477e-07,0.0023303672,8.904079e-08,5.3256506e-05
L-BFGS-B,8827,1.1064674e-07,0.0023312636,8.895078e-08,5.325226e-05
L-BFGS-B,8828,1.10588736e-07,0.0023317821,8.893063e-08,5.3245727e-05
L-BFGS-B,8829,1.1049788e-07,0.0023317041,8.8991264e-08,5.3240416e-05
L-BFGS-B,8830,1.1042119e-07,0.0023309155,8.9086804e-08,5.3235355e-05
L-BFGS-B,8831,1.10307475e-07,0.0023287688,8.929822e-08,5.322854e-05
L-BFGS-B,8832,1.102522e-07,0.0023270894,8.941776e-08,5.3221385e-05
L-BFGS-B,8833,1.1029489e-07,0.00232619,8.93797e-08,5.3213087e-05
L-BFGS-B,8834,1.1029951e-07,0.002325897,8.941296e-08,5.321584e-05
L-BFGS-B,8835,1.10289534e-07,0.0023257756,8.9393026e-08,5.3210137e-05
L-BFGS-B,8836,1.1028558e-07,0.0023245336,8.944259e-08,5.3204563e-05
L-BFGS-B,8837,1.10299126e-07,0.0023248154,8.9384734e-08,5.320073e-05
L-BFGS-B,8838,1.10312456e-07,0.002324889,8.933569e-08,5.319611e-05
L-BFGS-B,8839,1.1034187e-07,0.002325148,8.924518e-08,5.318954e-05
L-BFGS-B,8840,1.1037495e-07,0.0023249823,8.918113e-08,5.3183234e-05
L-BFGS-B,8841,1.1035095e-07,0.0023229506,8.9296584e-08,5.3176638e-05
L-BFGS-B,8842,1.10473046e-07,0.0023240866,8.911072e-08,5.3178428e-05
L-BFGS-B,8843,1.1039169e-07,0.002323069,8.919012e-08,5.3167958e-05
L-BFGS-B,8844,1.10335584e-07,0.0023216272,8.928538e-08,5.3159416e-05
L-BFGS-B,8845,1.101917e-07,0.0023171937,8.9649205e-08,5.3148073e-05
L-BFGS-B,8846,1.10160265e-07,0.0023167296,8.968151e-08,5.3143565e-05
L-BFGS-B,8847,1.1015275e-07,0.0023163706,8.968025e-08,5.3138654e-05
L-BFGS-B,8848,1.1013536e-07,0.002315622,8.968462e-08,5.3129217e-05
L-BFGS-B,8849,1.101096e-07,0.0023149098,8.972946e-08,5.3124957e-05
L-BFGS-B,8850,1.1004407e-07,0.0023132635,8.985602e-08,5.3117645e-05
L-BFGS-B,8851,1.100143e-07,0.0023122937,8.991556e-08,5.3112417e-05
L-BFGS-B,8852,1.0999095e-07,0.0023113654,8.9944876e-08,5.310403e-05
L-BFGS-B,8853,1.1003692e-07,0.0023158747,9.024016e-08,5.320031e-05
L-BFGS-B,8854,1.0997459e-07,0.0023111315,8.995982e-08,5.3101478e-05
L-BFGS-B,8855,1.0998079e-07,0.0023103084,8.994411e-08,5.3091815e-05
L-BFGS-B,8856,1.1139553e-07,0.0023302892,9.0637045e-08,5.360778e-05
L-BFGS-B,8857,1.10007754e-07,0.0023097184,8.994641e-08,5.3090305e-05
L-BFGS-B,8858,1.10001615e-07,0.0023093475,8.990389e-08,5.30793e-05
L-BFGS-B,8859,1.0999741e-07,0.00230973,8.9812886e-08,5.3068845e-05
L-BFGS-B,8860,1.0985885e-07,0.0023124877,8.969006e-08,5.3057214e-05
L-BFGS-B,8861,1.0991408e-07,0.0023165648,8.927272e-08,5.304367e-05
L-BFGS-B,8862,1.0995109e-07,0.0023164975,8.9205784e-08,5.3038504e-05
L-BFGS-B,8863,1.09955344e-07,0.0023173206,8.910369e-08,5.303206e-05
L-BFGS-B,8864,1.099531e-07,0.002318613,8.8991605e-08,5.3027834e-05
L-BFGS-B,8865,1.09979524e-07,0.0023225779,8.876819e-08,5.3037933e-05
L-BFGS-B,8866,1.09955e-07,0.002319371,8.8931394e-08,5.3026666e-05
L-BFGS-B,8867,1.0995124e-07,0.0023191455,8.893342e-08,5.3024156e-05
L-BFGS-B,8868,1.09944935e-07,0.0023181627,8.8985665e-08,5.3021216e-05
L-BFGS-B,8869,1.0993257e-07,0.0023166742,8.907725e-08,5.3018215e-05
L-BFGS-B,8870,1.09909024e-07,0.0023151897,8.917791e-08,5.301494e-05
L-BFGS-B,8871,1.098754e-07,0.0023137624,8.928322e-08,5.301142e-05
L-BFGS-B,8872,1.0996792e-07,0.0023146628,8.946168e-08,5.306107e-05
L-BFGS-B,8873,1.0987545e-07,0.0023136383,8.928606e-08,5.3010608e-05
L-BFGS-B,8874,1.09824214e-07,0.0023122283,8.940651e-08,5.300689e-05
L-BFGS-B,8875,1.0982145e-07,0.00231253,8.9371795e-08,5.300429e-05
L-BFGS-B,8876,1.098075e-07,0.0023147294,8.922095e-08,5.300156e-05
L-BFGS-B,8877,1.09835696e-07,0.002315102,8.914601e-08,5.299827e-05
L-BFGS-B,8878,1.0976469e-07,0.002313278,8.934089e-08,5.299862e-05
L-BFGS-B,8879,1.097995e-07,0.0023141643,8.923277e-08,5.2996482e-05
L-BFGS-B,8880,1.0980651e-07,0.002314551,8.9176176e-08,5.2992913e-05
L-BFGS-B,8881,1.0984804e-07,0.0023158274,8.9002114e-08,5.2985797e-05
L-BFGS-B,8882,1.0988139e-07,0.0023162225,8.890365e-08,5.297998e-05
L-BFGS-B,8883,1.09941666e-07,0.0023180095,8.869824e-08,5.297608e-05
L-BFGS-B,8884,1.0992272e-07,0.0023181427,8.868852e-08,5.297311e-05
L-BFGS-B,8885,1.0991581e-07,0.0023180125,8.8690165e-08,5.297102e-05
L-BFGS-B,8886,1.0991244e-07,0.002317658,8.869165e-08,5.2967192e-05
L-BFGS-B,8887,1.0991561e-07,0.0023168605,8.8701185e-08,5.2961128e-05
L-BFGS-B,8888,1.0991375e-07,0.002314989,8.877323e-08,5.2952935e-05
L-BFGS-B,8889,1.09884084e-07,0.002313673,8.884013e-08,5.294536e-05
L-BFGS-B,8890,1.09850966e-07,0.0023130192,8.886845e-08,5.2938103e-05
L-BFGS-B,8891,1.098169e-07,0.0023134165,8.8832856e-08,5.2931624e-05
L-BFGS-B,8892,1.09822075e-07,0.0023147243,8.87047e-08,5.292626e-05
L-BFGS-B,8893,1.0985073e-07,0.0023164232,8.8535074e-08,5.29221e-05
L-BFGS-B,8894,1.098787e-07,0.0023174186,8.841544e-08,5.291831e-05
L-BFGS-B,8895,1.09908015e-07,0.002318335,8.8287265e-08,5.2912645e-05
L-BFGS-B,8896,1.1000197e-07,0.0023196575,8.80644e-08,5.290653e-05
L-BFGS-B,8897,1.09999576e-07,0.0023213897,8.789548e-08,5.2898158e-05
L-BFGS-B,8898,1.1003219e-07,0.0023207474,8.778937e-08,5.2880707e-05
L-BFGS-B,8899,1.1003463e-07,0.002320465,8.7652694e-08,5.2857744e-05
L-BFGS-B,8900,1.10054856e-07,0.0023203676,8.753362e-08,5.284195e-05
L-BFGS-B,8901,1.10070935e-07,0.0023202058,8.746498e-08,5.283245e-05
L-BFGS-B,8902,1.1005301e-07,0.0023205823,8.739882e-08,5.2823598e-05
L-BFGS-B,8903,1.1050638e-07,0.002321249,8.808324e-08,5.3000935e-05
L-BFGS-B,8904,1.10074275e-07,0.0023196775,8.742241e-08,5.2821277e-05
L-BFGS-B,8905,1.1006716e-07,0.0023197387,8.739485e-08,5.281669e-05
L-BFGS-B,8906,1.1007873e-07,0.0023205332,8.730235e-08,5.281249e-05
L-BFGS-B,8907,1.1009864e-07,0.0023209942,8.723485e-08,5.2809963e-05
L-BFGS-B,8908,1.1013522e-07,0.00232208,8.709837e-08,5.280584e-05
L-BFGS-B,8909,1.101633e-07,0.002321476,8.706801e-08,5.2799453e-05
L-BFGS-B,8910,1.1014423e-07,0.0023207476,8.709665e-08,5.2793606e-05
L-BFGS-B,8911,1.1008036e-07,0.0023188305,8.725144e-08,5.2788073e-05
L-BFGS-B,8912,1.1002334e-07,0.0023177832,8.7358345e-08,5.2785086e-05
L-BFGS-B,8913,1.09929296e-07,0.002314471,8.7644615e-08,5.2780793e-05
L-BFGS-B,8914,1.0987621e-07,0.0023134165,8.773102e-08,5.277525e-05
L-BFGS-B,8915,1.0982189e-07,0.0023114285,8.785414e-08,5.276569e-05
L-BFGS-B,8916,1.10590285e-07,0.002331071,9.077632e-08,5.35157e-05
L-BFGS-B,8917,1.0980624e-07,0.002310991,8.789631e-08,5.2765292e-05
L-BFGS-B,8918,1.0978779e-07,0.0023096888,8.795608e-08,5.275847e-05
L-BFGS-B,8919,1.0980783e-07,0.0023082437,8.799103e-08,5.2752268e-05
L-BFGS-B,8920,1.0980488e-07,0.0023064604,8.8067395e-08,5.2745443e-05
L-BFGS-B,8921,1.0982122e-07,0.0023052352,8.8108344e-08,5.2741787e-05
L-BFGS-B,8922,1.09751184e-07,0.0023060667,8.8132786e-08,5.2743264e-05
L-BFGS-B,8923,1.09786285e-07,0.0023054308,8.811164e-08,5.2739e-05
L-BFGS-B,8924,1.0977434e-07,0.0023050578,8.812417e-08,5.2735355e-05
L-BFGS-B,8925,1.0973622e-07,0.0023043752,8.8144205e-08,5.2725816e-05
L-BFGS-B,8926,1.09701475e-07,0.002303714,8.8153215e-08,5.2715346e-05
L-BFGS-B,8927,1.0967137e-07,0.0023031223,8.811794e-08,5.269962e-05
L-BFGS-B,8928,1.097675e-07,0.002303424,8.8057135e-08,5.2707932e-05
L-BFGS-B,8929,1.09689765e-07,0.00230281,8.807617e-08,5.269299e-05
L-BFGS-B,8930,1.0968108e-07,0.00230295,8.798307e-08,5.267912e-05
L-BFGS-B,8931,1.0969024e-07,0.0023024378,8.790111e-08,5.266308e-05
L-BFGS-B,8932,1.09722485e-07,0.0023024003,8.7782844e-08,5.26498e-05
L-BFGS-B,8933,1.0970428e-07,0.0023001942,8.784782e-08,5.2634758e-05
L-BFGS-B,8934,1.096535e-07,0.0022993174,8.78696e-08,5.262164e-05
L-BFGS-B,8935,1.09586836e-07,0.0022962026,8.809474e-08,5.261426e-05
L-BFGS-B,8936,1.0952581e-07,0.0022944913,8.8235055e-08,5.260904e-05
L-BFGS-B,8937,1.1021538e-07,0.0022858693,9.175393e-08,5.315409e-05
L-BFGS-B,8938,1.09514936e-07,0.0022933243,8.831796e-08,5.260818e-05
L-BFGS-B,8939,1.095454e-07,0.0022937476,8.823e-08,5.2603787e-05
L-BFGS-B,8940,1.09464125e-07,0.0022924072,8.8364956e-08,5.2598436e-05
L-BFGS-B,8941,1.0941437e-07,0.0022917825,8.841559e-08,5.2592317e-05
L-BFGS-B,8942,1.0927199e-07,0.0022900412,8.8554856e-08,5.257444e-05
L-BFGS-B,8943,1.09257876e-07,0.0022892272,8.855463e-08,5.2564148e-05
L-BFGS-B,8944,1.09238165e-07,0.00228982,8.841005e-08,5.2545427e-05
L-BFGS-B,8945,1.1620136e-07,0.0024564315,9.7147804e-08,5.6566692e-05
L-BFGS-B,8946,1.09262125e-07,0.0022901795,8.834728e-08,5.2543204e-05
L-BFGS-B,8947,1.0925341e-07,0.0022904186,8.816979e-08,5.2517666e-05
L-BFGS-B,8948,1.0922458e-07,0.002292996,8.781263e-08,5.2485542e-05
L-BFGS-B,8949,1.09154875e-07,0.002291598,8.7907694e-08,5.2475363e-05
L-BFGS-B,8950,1.09087274e-07,0.0023001079,8.7997826e-08,5.2563842e-05
L-BFGS-B,8951,1.09131065e-07,0.0022919744,8.7896126e-08,5.247382e-05
L-BFGS-B,8952,1.0908962e-07,0.0022930526,8.783688e-08,5.2469502e-05
L-BFGS-B,8953,1.09055826e-07,0.0022920575,8.790826e-08,5.2465188e-05
L-BFGS-B,8954,1.0901069e-07,0.0022915232,8.796481e-08,5.2461553e-05
L-BFGS-B,8955,1.08990974e-07,0.0022913576,8.7977114e-08,5.245879e-05
L-BFGS-B,8956,1.0897801e-07,0.0022912587,8.7958504e-08,5.2453062e-05
L-BFGS-B,8957,1.08973964e-07,0.0022910903,8.792998e-08,5.24465e-05
L-BFGS-B,8958,1.0965519e-07,0.0023023328,8.721605e-08,5.2554013e-05
L-BFGS-B,8959,1.09029955e-07,0.002291827,8.7810086e-08,5.2444277e-05
L-BFGS-B,8960,1.09181926e-07,0.0022954352,8.756319e-08,5.246612e-05
L-BFGS-B,8961,1.0906658e-07,0.0022925048,8.7684384e-08,5.2437692e-05
L-BFGS-B,8962,1.0911663e-07,0.0022899976,8.78026e-08,5.243786e-05
L-BFGS-B,8963,1.0907738e-07,0.0022909017,8.772622e-08,5.2429554e-05
L-BFGS-B,8964,1.090829e-07,0.002291282,8.766241e-08,5.2424617e-05
L-BFGS-B,8965,1.0908096e-07,0.0022921697,8.754099e-08,5.2414987e-05
L-BFGS-B,8966,1.0907664e-07,0.0022925662,8.748462e-08,5.240985e-05
L-BFGS-B,8967,1.09118396e-07,0.0022940051,8.7287084e-08,5.2400872e-05
L-BFGS-B,8968,1.0881342e-07,0.0022874768,8.928351e-08,5.2589305e-05
L-BFGS-B,8969,1.09058945e-07,0.0022926612,8.74225e-08,5.2398827e-05
L-BFGS-B,8970,1.1405637e-07,0.002489325,8.5238455e-08,5.478747e-05
L-BFGS-B,8971,1.09065084e-07,0.0022952952,8.723158e-08,5.2397452e-05
L-BFGS-B,8972,1.090956e-07,0.0022944298,8.720607e-08,5.2389547e-05
L-BFGS-B,8973,1.09081526e-07,0.0022931625,8.725899e-08,5.23827e-05
L-BFGS-B,8974,1.0904077e-07,0.0022898088,8.741796e-08,5.23669e-05
L-BFGS-B,8975,1.0900948e-07,0.002288571,8.7495984e-08,5.2361527e-05
L-BFGS-B,8976,1.0910219e-07,0.0022971304,8.69368e-08,5.2377152e-05
L-BFGS-B,8977,1.0902401e-07,0.0022907536,8.731543e-08,5.235845e-05
L-BFGS-B,8978,1.0896263e-07,0.0022892416,8.7437e-08,5.235236e-05
L-BFGS-B,8979,1.08947155e-07,0.0022892863,8.7435815e-08,5.235031e-05
L-BFGS-B,8980,1.08914044e-07,0.0022892447,8.744627e-08,5.234649e-05
L-BFGS-B,8981,1.0893991e-07,0.0022917592,8.7304635e-08,5.2354273e-05
L-BFGS-B,8982,1.089154e-07,0.002289742,8.740627e-08,5.234567e-05
L-BFGS-B,8983,1.08878865e-07,0.0022889262,8.747755e-08,5.2342722e-05
L-BFGS-B,8984,1.0883761e-07,0.0022875564,8.758947e-08,5.2339623e-05
L-BFGS-B,8985,1.0881544e-07,0.0022866246,8.766385e-08,5.233814e-05
L-BFGS-B,8986,1.0879241e-07,0.0022856623,8.773414e-08,5.2335607e-05
L-BFGS-B,8987,1.08762016e-07,0.0022845287,8.780982e-08,5.2331063e-05
L-BFGS-B,8988,1.0872132e-07,0.0022833913,8.786671e-08,5.2322117e-05
L-BFGS-B,8989,1.08688496e-07,0.0022832004,8.7774815e-08,5.2301504e-05
L-BFGS-B,8990,1.08516495e-07,0.002281701,8.811102e-08,5.2311138e-05
L-BFGS-B,8991,1.0860122e-07,0.0022819932,8.788186e-08,5.229239e-05
L-BFGS-B,8992,1.08635874e-07,0.0022834213,8.7658464e-08,5.227836e-05
L-BFGS-B,8993,1.0875213e-07,0.002286971,8.721631e-08,5.226498e-05
L-BFGS-B,8994,1.0877776e-07,0.002289202,8.697617e-08,5.225511e-05
L-BFGS-B,8995,1.0882437e-07,0.00229207,8.665847e-08,5.2243126e-05
L-BFGS-B,8996,1.0885731e-07,0.002293871,8.6413856e-08,5.2229385e-05
L-BFGS-B,8997,1.0881251e-07,0.0022937537,8.640006e-08,5.221942e-05
L-BFGS-B,8998,1.0879971e-07,0.002293253,8.639421e-08,5.221162e-05
L-BFGS-B,8999,1.0877041e-07,0.002291836,8.645501e-08,5.2202173e-05
L-BFGS-B,9000,1.0876672e-07,0.0022923814,8.639302e-08,5.2197778e-05
L-BFGS-B,9001,1.0877892e-07,0.0022929972,8.629003e-08,5.2190313e-05
L-BFGS-B,9002,1.0882075e-07,0.0022948012,8.604941e-08,5.2178533e-05
L-BFGS-B,9003,1.0895847e-07,0.0022999046,8.552027e-08,5.2170857e-05
L-BFGS-B,9004,1.08970944e-07,0.0022980736,8.555428e-08,5.2159518e-05
L-BFGS-B,9005,1.08920304e-07,0.0022937409,8.582919e-08,5.214983e-05
L-BFGS-B,9006,1.089906e-07,0.0022932102,8.571269e-08,5.2137595e-05
L-BFGS-B,9007,1.0901023e-07,0.0022910852,8.5733745e-08,5.2122447e-05
L-BFGS-B,9008,1.090324e-07,0.0022894815,8.575165e-08,5.211242e-05
L-BFGS-B,9009,1.08990136e-07,0.002288132,8.5835296e-08,5.2105133e-05
L-BFGS-B,9010,1.0893207e-07,0.0022876805,8.589477e-08,5.210083e-05
L-BFGS-B,9011,1.089155e-07,0.0022884577,8.585285e-08,5.209983e-05
L-BFGS-B,9012,1.08958595e-07,0.002286755,8.5912234e-08,5.209817e-05
L-BFGS-B,9013,1.089492e-07,0.0022876393,8.58246e-08,5.2092462e-05
L-BFGS-B,9014,1.08937904e-07,0.0022875667,8.579912e-08,5.2086216e-05
L-BFGS-B,9015,1.08930244e-07,0.0022873254,8.572613e-08,5.207171e-05
L-BFGS-B,9016,1.08887505e-07,0.0022882042,8.562858e-08,5.2059455e-05
L-BFGS-B,9017,1.08874715e-07,0.002287744,8.559184e-08,5.2047424e-05
L-BFGS-B,9018,1.0886392e-07,0.0022873604,8.556164e-08,5.2037438e-05
L-BFGS-B,9019,1.0885507e-07,0.0022875422,8.5493646e-08,5.2027728e-05
L-BFGS-B,9020,1.0885806e-07,0.0022874193,8.54289e-08,5.201724e-05
L-BFGS-B,9021,1.0886078e-07,0.0022884298,8.52968e-08,5.2007934e-05
L-BFGS-B,9022,1.0887737e-07,0.002289921,8.5146766e-08,5.200283e-05
L-BFGS-B,9023,1.0889551e-07,0.002291305,8.501688e-08,5.1999905e-05
L-BFGS-B,9024,1.0893883e-07,0.002293416,8.48015e-08,5.1995212e-05
L-BFGS-B,9025,1.0900402e-07,0.0022960745,8.452361e-08,5.198989e-05
L-BFGS-B,9026,1.0909733e-07,0.0023080248,8.385554e-08,5.2023177e-05
L-BFGS-B,9027,1.0901099e-07,0.00229833,8.4344684e-08,5.198665e-05
L-BFGS-B,9028,1.0907822e-07,0.0023004224,8.406759e-08,5.1976094e-05
L-BFGS-B,9029,1.0925376e-07,0.0023024858,8.397527e-08,5.2009214e-05
L-BFGS-B,9030,1.0910199e-07,0.0023004536,8.40054e-08,5.1970645e-05
L-BFGS-B,9031,1.0905997e-07,0.0022997328,8.404325e-08,5.1962812e-05
L-BFGS-B,9032,1.0895606e-07,0.0022979344,8.418431e-08,5.19504e-05
L-BFGS-B,9033,1.0890499e-07,0.002297903,8.419468e-08,5.194398e-05
L-BFGS-B,9034,1.08768276e-07,0.002294779,8.44745e-08,5.1934207e-05
L-BFGS-B,9035,1.16102115e-07,0.0026270528,8.242833e-08,5.6050096e-05
L-BFGS-B,9036,1.0882686e-07,0.0022993963,8.407622e-08,5.1929426e-05
L-BFGS-B,9037,1.0879583e-07,0.002298452,8.412256e-08,5.1922278e-05
L-BFGS-B,9038,1.0873009e-07,0.002295726,8.4276415e-08,5.1908235e-05
L-BFGS-B,9039,1.08912694e-07,0.0022983449,8.409519e-08,5.193463e-05
L-BFGS-B,9040,1.08767914e-07,0.00229604,8.4156106e-08,5.1899002e-05
L-BFGS-B,9041,1.08790644e-07,0.002296241,8.404493e-08,5.1887742e-05
L-BFGS-B,9042,1.09436144e-07,0.002310321,8.3913825e-08,5.21057e-05
L-BFGS-B,9043,1.0882649e-07,0.0022960408,8.394657e-08,5.1876363e-05
L-BFGS-B,9044,1.08992744e-07,0.002295416,8.371356e-08,5.1860105e-05
L-BFGS-B,9045,1.0899899e-07,0.0022973332,8.351584e-08,5.185056e-05
L-BFGS-B,9046,1.08943205e-07,0.0022958997,8.360689e-08,5.184151e-05
L-BFGS-B,9047,1.08921256e-07,0.0022950016,8.365477e-08,5.183642e-05
L-BFGS-B,9048,1.0888452e-07,0.0022943583,8.3688555e-08,5.1829542e-05
L-BFGS-B,9049,1.0884394e-07,0.0022945616,8.368205e-08,5.1824514e-05
L-BFGS-B,9050,1.0877177e-07,0.0022945781,8.3714276e-08,5.181869e-05
L-BFGS-B,9051,1.087308e-07,0.002294733,8.3710525e-08,5.1813528e-05
L-BFGS-B,9052,1.0869289e-07,0.0022943509,8.3731436e-08,5.1807154e-05
L-BFGS-B,9053,1.140829e-07,0.0025011373,9.248992e-08,5.5997294e-05
L-BFGS-B,9054,1.0870222e-07,0.002294616,8.37042e-08,5.180712e-05
L-BFGS-B,9055,1.08683096e-07,0.0022935392,8.374736e-08,5.179996e-05
L-BFGS-B,9056,1.0869338e-07,0.0022936345,8.37013e-08,5.179555e-05
L-BFGS-B,9057,1.0875812e-07,0.0022889716,8.403997e-08,5.180943e-05
L-BFGS-B,9058,1.0869663e-07,0.0022917206,8.379762e-08,5.1791343e-05
L-BFGS-B,9059,1.0867499e-07,0.0022915544,8.3808835e-08,5.178812e-05
L-BFGS-B,9060,1.0862871e-07,0.002290108,8.3926025e-08,5.1784293e-05
L-BFGS-B,9061,1.0858613e-07,0.0022897157,8.3977476e-08,5.17817e-05
L-BFGS-B,9062,1.08531914e-07,0.002289188,8.404628e-08,5.177861e-05
L-BFGS-B,9063,1.08478424e-07,0.0022888076,8.411172e-08,5.17766e-05
L-BFGS-B,9064,1.0844839e-07,0.0022891571,8.410017e-08,5.1773855e-05
L-BFGS-B,9065,1.0842307e-07,0.0022891413,8.4103085e-08,5.1770337e-05
L-BFGS-B,9066,1.0843429e-07,0.0022892768,8.406139e-08,5.1767118e-05
L-BFGS-B,9067,1.0845784e-07,0.0022894908,8.400096e-08,5.1763727e-05
L-BFGS-B,9068,1.08446166e-07,0.002288901,8.402542e-08,5.175975e-05
L-BFGS-B,9069,1.0850399e-07,0.0022901627,8.3831864e-08,5.1752006e-05
L-BFGS-B,9070,1.0841027e-07,0.0022897746,8.388424e-08,5.1741918e-05
L-BFGS-B,9071,1.0831139e-07,0.0022884095,8.4011575e-08,5.173254e-05
L-BFGS-B,9072,1.08413666e-07,0.002293084,8.36517e-08,5.1740644e-05
L-BFGS-B,9073,1.0833747e-07,0.002289772,8.3878014e-08,5.1730043e-05
L-BFGS-B,9074,1.0824721e-07,0.0022890503,8.3982606e-08,5.1724972e-05
L-BFGS-B,9075,1.0824147e-07,0.0022897916,8.392756e-08,5.1723273e-05
L-BFGS-B,9076,1.0824287e-07,0.0022903504,8.38752e-08,5.1721214e-05
L-BFGS-B,9077,1.0832271e-07,0.0022940724,8.355731e-08,5.1722727e-05
L-BFGS-B,9078,1.082733e-07,0.002291821,8.374002e-08,5.1720206e-05
L-BFGS-B,9079,1.0827096e-07,0.0022923476,8.368745e-08,5.1717238e-05
L-BFGS-B,9080,1.0826516e-07,0.0022921325,8.368749e-08,5.1714218e-05
L-BFGS-B,9081,1.08268615e-07,0.0022917262,8.3686956e-08,5.1710595e-05
L-BFGS-B,9082,1.0824935e-07,0.0022904135,8.3776676e-08,5.170804e-05
L-BFGS-B,9083,1.086345e-07,0.0023012382,8.28858e-08,5.1740426e-05
L-BFGS-B,9084,1.0831714e-07,0.0022923797,8.3561105e-08,5.1705534e-05
L-BFGS-B,9085,1.0831214e-07,0.0022922514,8.3552635e-08,5.170223e-05
L-BFGS-B,9086,1.0832377e-07,0.0022933604,8.3419934e-08,5.1695155e-05
L-BFGS-B,9087,1.0835336e-07,0.00229534,8.322068e-08,5.1689505e-05
L-BFGS-B,9088,1.08382075e-07,0.002297741,8.298399e-08,5.168232e-05
L-BFGS-B,9089,1.0839657e-07,0.0022988557,8.28422e-08,5.1674375e-05
L-BFGS-B,9090,1.0880898e-07,0.002298562,8.342521e-08,5.182075e-05
L-BFGS-B,9091,1.0841627e-07,0.0022982403,8.2850434e-08,5.1672407e-05
L-BFGS-B,9092,1.0840025e-07,0.0022972168,8.287863e-08,5.1664e-05
L-BFGS-B,9093,1.0834289e-07,0.0022959479,8.2999186e-08,5.166079e-05
L-BFGS-B,9094,1.083118e-07,0.0022921176,8.32168e-08,5.1650462e-05
L-BFGS-B,9095,1.08274136e-07,0.002289771,8.3368676e-08,5.1644132e-05
L-BFGS-B,9096,1.0822057e-07,0.0022870856,8.354031e-08,5.163499e-05
L-BFGS-B,9097,1.0820777e-07,0.0022868859,8.351413e-08,5.1627147e-05
L-BFGS-B,9098,1.0818864e-07,0.0022869215,8.34744e-08,5.161867e-05
L-BFGS-B,9099,1.08253666e-07,0.0022904987,8.310828e-08,5.160928e-05
L-BFGS-B,9100,1.08276375e-07,0.0022924847,8.2916245e-08,5.160374e-05
L-BFGS-B,9101,1.0828187e-07,0.002296537,8.28127e-08,5.162955e-05
L-BFGS-B,9102,1.0826883e-07,0.0022929825,8.288284e-08,5.1602576e-05
L-BFGS-B,9103,1.0834498e-07,0.0022948952,8.271771e-08,5.1608356e-05
L-BFGS-B,9104,1.0828854e-07,0.0022934433,8.282251e-08,5.160109e-05
L-BFGS-B,9105,1.0829057e-07,0.0022928491,8.2840984e-08,5.1598225e-05
L-BFGS-B,9106,1.0828592e-07,0.0022929297,8.282337e-08,5.159569e-05
L-BFGS-B,9107,1.0826901e-07,0.0022928098,8.2784325e-08,5.15861e-05
L-BFGS-B,9108,1.0823305e-07,0.002291186,8.2885634e-08,5.1579664e-05
L-BFGS-B,9109,1.08256e-07,0.0022908452,8.28453e-08,5.1573643e-05
L-BFGS-B,9110,1.0825178e-07,0.002291298,8.278097e-08,5.1567895e-05
L-BFGS-B,9111,1.0828384e-07,0.0022928647,8.259379e-08,5.156029e-05
L-BFGS-B,9112,1.08292916e-07,0.0022937134,8.246269e-08,5.1550473e-05
L-BFGS-B,9113,1.0830307e-07,0.0022952291,8.22692e-08,5.1538133e-05
L-BFGS-B,9114,1.08305855e-07,0.0022964585,8.210332e-08,5.152596e-05
L-BFGS-B,9115,1.08287736e-07,0.0022974182,8.199267e-08,5.1516243e-05
L-BFGS-B,9116,1.0827409e-07,0.0022978717,8.189827e-08,5.150457e-05
L-BFGS-B,9117,1.2722259e-07,0.003270552,9.575121e-08,6.6151595e-05
L-BFGS-B,9118,1.0828649e-07,0.0022984045,8.184823e-08,5.150425e-05
L-BFGS-B,9119,1.0828592e-07,0.0022980324,8.179125e-08,5.1491897e-05
L-BFGS-B,9120,1.08345006e-07,0.0022973511,8.172082e-08,5.1483385e-05
L-BFGS-B,9121,1.08327924e-07,0.0022972357,8.171363e-08,5.147859e-05
L-BFGS-B,9122,1.0843963e-07,0.0022954794,8.192114e-08,5.1508905e-05
L-BFGS-B,9123,1.08330184e-07,0.0022962026,8.173859e-08,5.1472343e-05
L-BFGS-B,9124,1.0835347e-07,0.002296731,8.163086e-08,5.146496e-05
L-BFGS-B,9125,1.08340274e-07,0.0022960394,8.161668e-08,5.1453935e-05
L-BFGS-B,9126,1.08306914e-07,0.0022959402,8.159793e-08,5.1445124e-05
L-BFGS-B,9127,1.08217094e-07,0.0022929357,8.18139e-08,5.1434003e-05
L-BFGS-B,9128,1.0816144e-07,0.0022899068,8.197512e-08,5.141955e-05
L-BFGS-B,9129,1.0832851e-07,0.002292641,8.1714916e-08,5.1432922e-05
L-BFGS-B,9130,1.08203565e-07,0.0022903567,8.186727e-08,5.1414194e-05
L-BFGS-B,9131,1.0811738e-07,0.0022823708,8.246204e-08,5.141062e-05
L-BFGS-B,9132,1.0813017e-07,0.002285781,8.21193e-08,5.139523e-05
L-BFGS-B,9133,1.08102526e-07,0.0022848023,8.2076106e-08,5.1374816e-05
L-BFGS-B,9134,1.08220476e-07,0.0022841897,8.179836e-08,5.1344723e-05
L-BFGS-B,9135,1.0817366e-07,0.0022856297,8.172673e-08,5.1341358e-05
L-BFGS-B,9136,1.08136035e-07,0.0022849564,8.178835e-08,5.133822e-05
L-BFGS-B,9137,1.0810928e-07,0.0022845855,8.181278e-08,5.1334162e-05
L-BFGS-B,9138,1.0808551e-07,0.0022844586,8.182302e-08,5.1330866e-05
L-BFGS-B,9139,1.0806483e-07,0.002283309,8.189434e-08,5.1326962e-05
L-BFGS-B,9140,1.0841061e-07,0.0023019642,8.151006e-08,5.150774e-05
L-BFGS-B,9141,1.0808137e-07,0.002284988,8.174544e-08,5.13239e-05
L-BFGS-B,9142,1.0808983e-07,0.0022846272,8.173426e-08,5.1319883e-05
L-BFGS-B,9143,1.0812642e-07,0.0022848079,8.165213e-08,5.131486e-05
L-BFGS-B,9144,1.08129e-07,0.0022848772,8.1635996e-08,5.1313524e-05
L-BFGS-B,9145,1.08151816e-07,0.0022852994,8.156112e-08,5.130993e-05
L-BFGS-B,9146,1.08146054e-07,0.0022848267,8.157013e-08,5.1305695e-05
L-BFGS-B,9147,1.0816421e-07,0.0022842784,8.155143e-08,5.130013e-05
L-BFGS-B,9148,1.0812206e-07,0.002283079,8.1656495e-08,5.1297575e-05
L-BFGS-B,9149,1.0813521e-07,0.0022827,8.165047e-08,5.1294854e-05
L-BFGS-B,9150,1.0812484e-07,0.0022825496,8.165482e-08,5.1292445e-05
L-BFGS-B,9151,1.0812425e-07,0.0022831422,8.157328e-08,5.128605e-05
L-BFGS-B,9152,1.0813686e-07,0.0022842796,8.14505e-08,5.12809e-05
L-BFGS-B,9153,1.08148264e-07,0.002283692,8.1438166e-08,5.1274885e-05
L-BFGS-B,9154,1.08187706e-07,0.002286457,8.1193484e-08,5.1271745e-05
L-BFGS-B,9155,1.08173616e-07,0.0022852279,8.126718e-08,5.12684e-05
L-BFGS-B,9156,1.0814545e-07,0.0022840933,8.1340936e-08,5.1263887e-05
L-BFGS-B,9157,1.08110406e-07,0.00228298,8.140827e-08,5.12576e-05
L-BFGS-B,9158,1.0813665e-07,0.0022829825,8.1309885e-08,5.1246807e-05
L-BFGS-B,9159,1.0788799e-07,0.002286557,8.189194e-08,5.133256e-05
L-BFGS-B,9160,1.08061435e-07,0.002282841,8.136595e-08,5.1242514e-05
L-BFGS-B,9161,1.0812167e-07,0.0022837494,8.1310134e-08,5.1252264e-05
L-BFGS-B,9162,1.0806969e-07,0.0022828812,8.133741e-08,5.1239876e-05
L-BFGS-B,9163,1.08046535e-07,0.0022836605,8.1260886e-08,5.1232717e-05
L-BFGS-B,9164,1.08128816e-07,0.0022829794,8.122164e-08,5.1232364e-05
L-BFGS-B,9165,1.08076556e-07,0.0022830234,8.122298e-08,5.1225164e-05
L-BFGS-B,9166,1.08021155e-07,0.0022849236,8.111423e-08,5.121954e-05
L-BFGS-B,9167,1.0801856e-07,0.0022840938,8.114883e-08,5.1216044e-05
L-BFGS-B,9168,1.080685e-07,0.0022782846,8.173719e-08,5.12537e-05
L-BFGS-B,9169,1.0801136e-07,0.0022821177,8.1256594e-08,5.121137e-05
L-BFGS-B,9170,1.0801591e-07,0.0022794844,8.135379e-08,5.12003e-05
L-BFGS-B,9171,1.08046294e-07,0.002278671,8.133378e-08,5.119372e-05
L-BFGS-B,9172,1.0800709e-07,0.002277896,8.133088e-08,5.117966e-05
L-BFGS-B,9173,1.07957824e-07,0.002276179,8.138611e-08,5.1163377e-05
L-BFGS-B,9174,1.07969996e-07,0.0022750834,8.1356106e-08,5.114975e-05
L-BFGS-B,9175,1.07983595e-07,0.0022759598,8.1182684e-08,5.113454e-05
L-BFGS-B,9176,1.0806219e-07,0.0022762471,8.102559e-08,5.1125637e-05
L-BFGS-B,9177,1.0809371e-07,0.0022788625,8.080677e-08,5.11237e-05
L-BFGS-B,9178,1.0810633e-07,0.002277966,8.082798e-08,5.1119805e-05
L-BFGS-B,9179,1.0810438e-07,0.0022771175,8.0855195e-08,5.111511e-05
L-BFGS-B,9180,1.0810673e-07,0.0022763754,8.0844075e-08,5.1106377e-05
L-BFGS-B,9181,1.08098995e-07,0.0022761908,8.0799815e-08,5.109673e-05
L-BFGS-B,9182,1.0883431e-07,0.0023055738,8.107722e-08,5.154247e-05
L-BFGS-B,9183,1.08100515e-07,0.0022762502,8.0793335e-08,5.1096576e-05
L-BFGS-B,9184,1.08133676e-07,0.0022768576,8.067608e-08,5.109004e-05
L-BFGS-B,9185,1.08146985e-07,0.002277534,8.059306e-08,5.1086347e-05
L-BFGS-B,9186,1.08180025e-07,0.0022781375,8.050796e-08,5.1084575e-05
L-BFGS-B,9187,1.0819161e-07,0.0022784956,8.0453084e-08,5.108166e-05
L-BFGS-B,9188,1.0821215e-07,0.002278385,8.0412725e-08,5.107758e-05
L-BFGS-B,9189,1.0816891e-07,0.0022757556,8.058086e-08,5.1070023e-05
L-BFGS-B,9190,1.0814051e-07,0.0022727738,8.073357e-08,5.1058847e-05
L-BFGS-B,9191,1.0805579e-07,0.0022701884,8.091686e-08,5.1047784e-05
L-BFGS-B,9192,1.0797292e-07,0.0022660543,8.119329e-08,5.1035473e-05
L-BFGS-B,9193,1.0801127e-07,0.0022672086,8.102531e-08,5.102757e-05
L-BFGS-B,9194,1.0792157e-07,0.0022716885,8.842316e-08,5.2168594e-05
L-BFGS-B,9195,1.0791845e-07,0.0022638352,8.13027e-08,5.1021525e-05
L-BFGS-B,9196,1.0798638e-07,0.0022640266,8.115125e-08,5.101091e-05
L-BFGS-B,9197,1.0809352e-07,0.0022646151,8.090123e-08,5.099536e-05
L-BFGS-B,9198,1.0809995e-07,0.002263891,8.0877896e-08,5.0985585e-05
L-BFGS-B,9199,1.08071944e-07,0.002261665,8.095456e-08,5.0970626e-05
L-BFGS-B,9200,1.08050806e-07,0.0022630112,8.104871e-08,5.0995037e-05
L-BFGS-B,9201,1.08058465e-07,0.0022617767,8.093817e-08,5.096726e-05
L-BFGS-B,9202,1.079624e-07,0.0022610177,8.1020175e-08,5.0957562e-05
L-BFGS-B,9203,1.07963324e-07,0.0022616636,8.092393e-08,5.0949726e-05
L-BFGS-B,9204,1.0804615e-07,0.002265657,8.0452224e-08,5.093133e-05
L-BFGS-B,9205,1.08032665e-07,0.0022675747,8.0270354e-08,5.0921197e-05
L-BFGS-B,9206,1.08926976e-07,0.0023036066,7.941988e-08,5.1288094e-05
L-BFGS-B,9207,1.0807467e-07,0.0022692257,8.009924e-08,5.0918345e-05
L-BFGS-B,9208,1.0804453e-07,0.0022690594,8.010121e-08,5.0912455e-05
L-BFGS-B,9209,1.0799784e-07,0.0022683865,8.014466e-08,5.090524e-05
L-BFGS-B,9210,1.0795674e-07,0.0022674405,8.018792e-08,5.0896106e-05
L-BFGS-B,9211,1.07934085e-07,0.0022677002,8.013466e-08,5.0887313e-05
L-BFGS-B,9212,1.0797494e-07,0.0022691991,7.9895734e-08,5.0872593e-05
L-BFGS-B,9213,1.0801174e-07,0.0022702168,7.972666e-08,5.0862927e-05
L-BFGS-B,9214,1.08083135e-07,0.0022704469,7.956555e-08,5.085177e-05
L-BFGS-B,9215,1.0809009e-07,0.002269704,7.954904e-08,5.0842908e-05
L-BFGS-B,9216,1.09303755e-07,0.0022795848,8.094408e-08,5.133302e-05
L-BFGS-B,9217,1.0810051e-07,0.0022690606,7.956979e-08,5.0841147e-05
L-BFGS-B,9218,1.0807631e-07,0.00226781,7.96284e-08,5.0833805e-05
L-BFGS-B,9219,1.0801113e-07,0.0022665288,7.974956e-08,5.0829392e-05
L-BFGS-B,9220,1.0798662e-07,0.0022655781,7.982859e-08,5.082806e-05
L-BFGS-B,9221,1.07937986e-07,0.002265042,7.987823e-08,5.0822848e-05
L-BFGS-B,9222,1.0790662e-07,0.0022651486,7.987855e-08,5.081926e-05
L-BFGS-B,9223,1.0788622e-07,0.002265116,7.987027e-08,5.0814633e-05
L-BFGS-B,9224,1.0787501e-07,0.0022647989,7.987994e-08,5.0811228e-05
L-BFGS-B,9225,1.0787772e-07,0.0022635295,7.994226e-08,5.080829e-05
L-BFGS-B,9226,1.07867024e-07,0.002262637,7.9996425e-08,5.0805887e-05
L-BFGS-B,9227,1.0787075e-07,0.0022620808,8.0020136e-08,5.080444e-05
L-BFGS-B,9228,1.07882876e-07,0.0022618123,8.002105e-08,5.0803716e-05
L-BFGS-B,9229,1.07888035e-07,0.0022621758,7.999101e-08,5.0803614e-05
L-BFGS-B,9230,1.0790142e-07,0.0022625315,7.9950475e-08,5.0803097e-05
L-BFGS-B,9231,1.0792429e-07,0.0022629574,7.9893155e-08,5.080219e-05
L-BFGS-B,9232,1.0794931e-07,0.0022634505,7.983193e-08,5.0801693e-05
L-BFGS-B,9233,1.07932095e-07,0.0022628745,7.988126e-08,5.0800747e-05
L-BFGS-B,9234,1.07941396e-07,0.0022627166,7.9878404e-08,5.0800136e-05
L-BFGS-B,9235,1.07941005e-07,0.002262278,7.9924014e-08,5.0802533e-05
L-BFGS-B,9236,1.0793916e-07,0.0022625132,7.988893e-08,5.0799343e-05
L-BFGS-B,9237,1.0795591e-07,0.0022624203,7.987021e-08,5.0798124e-05
L-BFGS-B,9238,1.07969605e-07,0.0022623267,7.985396e-08,5.07968e-05
L-BFGS-B,9239,1.08066295e-07,0.0022625278,7.98212e-08,5.0808398e-05
L-BFGS-B,9240,1.0798492e-07,0.0022622081,7.984099e-08,5.0795963e-05
L-BFGS-B,9241,1.080135e-07,0.0022620047,7.9797e-08,5.0791623e-05
L-BFGS-B,9242,1.08033134e-07,0.0022615516,7.97744e-08,5.0786646e-05
L-BFGS-B,9243,1.0813419e-07,0.0022645274,7.953345e-08,5.0795417e-05
L-BFGS-B,9244,1.0805512e-07,0.0022622182,7.969484e-08,5.0784674e-05
L-BFGS-B,9245,1.0805502e-07,0.0022603124,7.977804e-08,5.0778082e-05
L-BFGS-B,9246,1.0805812e-07,0.0022595488,7.97935e-08,5.0773226e-05
L-BFGS-B,9247,1.0806524e-07,0.00225884,7.9795356e-08,5.076749e-05
L-BFGS-B,9248,1.0810341e-07,0.002258805,7.980384e-08,5.077414e-05
L-BFGS-B,9249,1.0807306e-07,0.0022587222,7.9785764e-08,5.0766044e-05
L-BFGS-B,9250,1.08038684e-07,0.0022566782,7.9943405e-08,5.076409e-05
L-BFGS-B,9251,1.08117106e-07,0.002258787,7.969553e-08,5.075976e-05
L-BFGS-B,9252,1.0810921e-07,0.0022593373,7.9650746e-08,5.0757364e-05
L-BFGS-B,9253,1.0810585e-07,0.0022591618,7.96488e-08,5.0754814e-05
L-BFGS-B,9254,1.0813661e-07,0.0022596,7.956234e-08,5.0750845e-05
L-BFGS-B,9255,1.0813451e-07,0.0022592207,7.957351e-08,5.0748407e-05
L-BFGS-B,9256,1.0813237e-07,0.0022589185,7.9580936e-08,5.074618e-05
L-BFGS-B,9257,1.08137485e-07,0.0022590733,7.955261e-08,5.0744246e-05
L-BFGS-B,9258,1.0814344e-07,0.002259142,7.952294e-08,5.0741375e-05
L-BFGS-B,9259,1.0815817e-07,0.0022603734,7.941157e-08,5.0739192e-05
L-BFGS-B,9260,1.0818538e-07,0.0022606482,7.932977e-08,5.0733754e-05
L-BFGS-B,9261,1.0819562e-07,0.0022611949,7.923892e-08,5.0727132e-05
L-BFGS-B,9262,1.0821596e-07,0.0022638063,7.8940865e-08,5.0711587e-05
L-BFGS-B,9263,1.0812567e-07,0.0022622927,7.906971e-08,5.070223e-05
L-BFGS-B,9264,1.0805579e-07,0.002262848,7.899995e-08,5.0686842e-05
L-BFGS-B,9265,1.079609e-07,0.002262162,7.913963e-08,5.06867e-05
L-BFGS-B,9266,1.0799616e-07,0.0022621984,7.9050096e-08,5.0678922e-05
L-BFGS-B,9267,1.0797467e-07,0.0022636238,7.8892164e-08,5.066626e-05
L-BFGS-B,9268,1.0796262e-07,0.0022653441,7.865917e-08,5.064671e-05
L-BFGS-B,9269,1.08007036e-07,0.002268465,7.8313924e-08,5.0632792e-05
L-BFGS-B,9270,1.0807376e-07,0.0022703705,7.804566e-08,5.0621617e-05
L-BFGS-B,9271,1.0804651e-07,0.002272196,7.7853215e-08,5.0606915e-05
L-BFGS-B,9272,1.0800096e-07,0.0022714362,7.7853905e-08,5.0592593e-05
L-BFGS-B,9273,1.0791048e-07,0.0022705684,7.788961e-08,5.0575698e-05
L-BFGS-B,9274,1.0790576e-07,0.0022706029,7.78459e-08,5.056878e-05
L-BFGS-B,9275,1.07841124e-07,0.0022703984,7.791316e-08,5.0567127e-05
L-BFGS-B,9276,1.07876566e-07,0.0022704026,7.785015e-08,5.0563034e-05
L-BFGS-B,9277,1.07902245e-07,0.002270233,7.782022e-08,5.05607e-05
L-BFGS-B,9278,1.0784134e-07,0.002269132,7.798509e-08,5.0565282e-05
L-BFGS-B,9279,1.0787957e-07,0.0022697828,7.786376e-08,5.0559327e-05
L-BFGS-B,9280,1.0788509e-07,0.002269291,7.7873345e-08,5.0556675e-05
L-BFGS-B,9281,1.0786346e-07,0.00226843,7.793807e-08,5.055453e-05
L-BFGS-B,9282,1.078409e-07,0.0022681195,7.7974434e-08,5.055349e-05
L-BFGS-B,9283,1.0781634e-07,0.0022679504,7.7999196e-08,5.0551833e-05
L-BFGS-B,9284,1.07801576e-07,0.0022681814,7.799087e-08,5.055068e-05
L-BFGS-B,9285,1.0780438e-07,0.0022686142,7.795036e-08,5.0549355e-05
L-BFGS-B,9286,1.0781862e-07,0.0022688909,7.791144e-08,5.0548417e-05
L-BFGS-B,9287,1.0783693e-07,0.0022701223,7.780843e-08,5.0548028e-05
L-BFGS-B,9288,1.07743695e-07,0.0022662487,7.841512e-08,5.0586306e-05
L-BFGS-B,9289,1.07813214e-07,0.002269288,7.788019e-08,5.0546892e-05
L-BFGS-B,9290,1.0782479e-07,0.0022690883,7.787014e-08,5.054512e-05
L-BFGS-B,9291,1.07810045e-07,0.0022683388,7.792289e-08,5.0543327e-05
L-BFGS-B,9292,1.0789495e-07,0.0022679442,7.789345e-08,5.05477e-05
L-BFGS-B,9293,1.0783519e-07,0.0022680003,7.790317e-08,5.0540755e-05
L-BFGS-B,9294,1.07806315e-07,0.002267153,7.7964096e-08,5.0537088e-05
L-BFGS-B,9295,1.0774213e-07,0.0022652813,7.809545e-08,5.0528448e-05
L-BFGS-B,9296,1.0766151e-07,0.0022639825,7.8241584e-08,5.052529e-05
L-BFGS-B,9297,1.078569e-07,0.0022698892,7.814352e-08,5.0598956e-05
L-BFGS-B,9298,1.0767674e-07,0.0022641285,7.819998e-08,5.052279e-05
L-BFGS-B,9299,1.077002e-07,0.0022647236,7.8105664e-08,5.0518116e-05
L-BFGS-B,9300,1.0771003e-07,0.0022655763,7.7993754e-08,5.0511328e-05
L-BFGS-B,9301,1.0767474e-07,0.0022647674,7.804031e-08,5.0504932e-05
L-BFGS-B,9302,1.07650706e-07,0.0022657136,7.7938424e-08,5.0495502e-05
L-BFGS-B,9303,1.0758424e-07,0.002264062,7.8043854e-08,5.0484836e-05
L-BFGS-B,9304,1.0754012e-07,0.0022635297,7.804413e-08,5.0472936e-05
L-BFGS-B,9305,1.074949e-07,0.002262313,7.811616e-08,5.0464787e-05
L-BFGS-B,9306,1.0753877e-07,0.0022630799,7.794837e-08,5.045387e-05
L-BFGS-B,9307,1.0755236e-07,0.0022628244,7.7870936e-08,5.044174e-05
L-BFGS-B,9308,1.07672115e-07,0.0022627348,7.7750734e-08,5.0440776e-05
L-BFGS-B,9309,1.07598105e-07,0.00226247,7.779084e-08,5.0433042e-05
L-BFGS-B,9310,1.0822754e-07,0.002282332,7.765324e-08,5.0705436e-05
L-BFGS-B,9311,1.07620004e-07,0.0022632598,7.765224e-08,5.0423434e-05
L-BFGS-B,9312,1.0759942e-07,0.002262028,7.766441e-08,5.040985e-05
L-BFGS-B,9313,1.07622505e-07,0.0022626955,7.745506e-08,5.0388593e-05
L-BFGS-B,9314,1.0762168e-07,0.0022613073,7.747418e-08,5.0377454e-05
L-BFGS-B,9315,1.0758157e-07,0.0022607022,7.7505305e-08,5.037005e-05
L-BFGS-B,9316,1.07565505e-07,0.0022603644,7.75046e-08,5.0364157e-05
L-BFGS-B,9317,1.0753438e-07,0.0022593292,7.7530096e-08,5.035296e-05
L-BFGS-B,9318,1.07481206e-07,0.0022645895,7.717131e-08,5.0343773e-05
L-BFGS-B,9319,1.0768445e-07,0.0022556728,7.752984e-08,5.0338873e-05
L-BFGS-B,9320,1.07558556e-07,0.0022588337,7.7295894e-08,5.0316503e-05
L-BFGS-B,9321,1.0743766e-07,0.0022557436,7.7458424e-08,5.029185e-05
L-BFGS-B,9322,1.07398584e-07,0.0022543562,7.7511466e-08,5.028007e-05
L-BFGS-B,9323,1.0742861e-07,0.0022556565,7.736524e-08,5.0275645e-05
L-BFGS-B,9324,1.0741836e-07,0.0022551962,7.739985e-08,5.027469e-05
L-BFGS-B,9325,1.07406166e-07,0.0022544207,7.745236e-08,5.027299e-05
L-BFGS-B,9326,1.0741021e-07,0.0022542384,7.744717e-08,5.0270988e-05
L-BFGS-B,9327,1.0742232e-07,0.0022546765,7.7395455e-08,5.026943e-05
L-BFGS-B,9328,1.0743472e-07,0.0022551804,7.7336935e-08,5.026755e-05
L-BFGS-B,9329,1.07448216e-07,0.0022556828,7.72823e-08,5.0266404e-05
L-BFGS-B,9330,1.0743956e-07,0.002255096,7.73243e-08,5.0265542e-05
L-BFGS-B,9331,1.0749097e-07,0.0022570181,7.7141415e-08,5.0265036e-05
L-BFGS-B,9332,1.07450305e-07,0.002254907,7.7297244e-08,5.0261202e-05
L-BFGS-B,9333,1.07474904e-07,0.0022565552,7.7389565e-08,5.029522e-05
L-BFGS-B,9334,1.07447754e-07,0.0022549778,7.7286884e-08,5.0259972e-05
L-BFGS-B,9335,1.0742188e-07,0.0022536602,7.737653e-08,5.0256367e-05
L-BFGS-B,9336,1.0740535e-07,0.002253092,7.739774e-08,5.025138e-05
L-BFGS-B,9337,1.0741139e-07,0.0022534074,7.7345206e-08,5.0247563e-05
L-BFGS-B,9338,1.07446226e-07,0.002255055,7.717565e-08,5.0243827e-05
L-BFGS-B,9339,1.074829e-07,0.0022560467,7.7047616e-08,5.0240043e-05
L-BFGS-B,9340,1.0752029e-07,0.002257239,7.6901365e-08,5.0235638e-05
L-BFGS-B,9341,1.0752271e-07,0.0022578093,7.683017e-08,5.023102e-05
L-BFGS-B,9342,1.0746107e-07,0.002257728,7.684275e-08,5.022285e-05
L-BFGS-B,9343,1.07377225e-07,0.0022579655,7.686272e-08,5.0215647e-05
L-BFGS-B,9344,1.07260256e-07,0.002256678,7.7037996e-08,5.0211514e-05
L-BFGS-B,9345,1.0723909e-07,0.002256943,7.702619e-08,5.0209223e-05
L-BFGS-B,9346,1.0725761e-07,0.0022568477,7.700315e-08,5.0207593e-05
L-BFGS-B,9347,1.0726407e-07,0.0022569762,7.698064e-08,5.0206472e-05
L-BFGS-B,9348,1.0728116e-07,0.0022578582,7.689461e-08,5.0204944e-05
L-BFGS-B,9349,1.0726173e-07,0.002258684,7.68502e-08,5.0203627e-05
L-BFGS-B,9350,1.07313035e-07,0.0022622498,7.658661e-08,5.0207444e-05
L-BFGS-B,9351,1.0727423e-07,0.0022596458,7.676845e-08,5.020286e-05
L-BFGS-B,9352,1.0726573e-07,0.002259808,7.675983e-08,5.0201914e-05
L-BFGS-B,9353,1.0718055e-07,0.0022605015,7.6815425e-08,5.0204413e-05
L-BFGS-B,9354,1.0723684e-07,0.0022599741,7.677238e-08,5.0201128e-05
L-BFGS-B,9355,1.0722721e-07,0.0022596326,7.679768e-08,5.020006e-05
L-BFGS-B,9356,1.0722019e-07,0.002259409,7.681438e-08,5.0199276e-05
L-BFGS-B,9357,1.0716799e-07,0.0022584829,7.69315e-08,5.0199757e-05
L-BFGS-B,9358,1.0719726e-07,0.0022590018,7.686295e-08,5.0199047e-05
L-BFGS-B,9359,1.0719867e-07,0.0022589574,7.6855066e-08,5.0197632e-05
L-BFGS-B,9360,1.0718517e-07,0.0022594498,7.682314e-08,5.0195747e-05
L-BFGS-B,9361,1.0730319e-07,0.002259734,7.677275e-08,5.020873e-05
L-BFGS-B,9362,1.0720715e-07,0.002259285,7.6799125e-08,5.019379e-05
L-BFGS-B,9363,1.0720583e-07,0.0022602081,7.672215e-08,5.019128e-05
L-BFGS-B,9364,1.072009e-07,0.0022621024,7.656607e-08,5.0186067e-05
L-BFGS-B,9365,1.07453744e-07,0.0022715246,7.629335e-08,5.0277307e-05
L-BFGS-B,9366,1.0721033e-07,0.0022626729,7.651444e-08,5.018544e-05
L-BFGS-B,9367,1.0721474e-07,0.00226274,7.649677e-08,5.0184124e-05
L-BFGS-B,9368,1.07221865e-07,0.0022622903,7.649873e-08,5.0180992e-05
L-BFGS-B,9369,1.0722246e-07,0.0022646624,7.6462804e-08,5.0199415e-05
L-BFGS-B,9370,1.0721745e-07,0.0022624694,7.648756e-08,5.0180446e-05
L-BFGS-B,9371,1.0721267e-07,0.0022620077,7.651414e-08,5.0179096e-05
L-BFGS-B,9372,1.071977e-07,0.0022611378,7.6570366e-08,5.0176586e-05
L-BFGS-B,9373,1.0717861e-07,0.0022601292,7.6641854e-08,5.017436e-05
L-BFGS-B,9374,1.0717269e-07,0.0022598382,7.665124e-08,5.017197e-05
L-BFGS-B,9375,1.0717304e-07,0.0022596754,7.6646046e-08,5.016962e-05
L-BFGS-B,9376,1.0717207e-07,0.0022596396,7.664614e-08,5.0169125e-05
L-BFGS-B,9377,1.0716355e-07,0.0022594307,7.665147e-08,5.016656e-05
L-BFGS-B,9378,1.0736203e-07,0.0022670454,7.633871e-08,5.0225564e-05
L-BFGS-B,9379,1.0717047e-07,0.0022596994,7.662736e-08,5.016667e-05
L-BFGS-B,9380,1.0716596e-07,0.002259503,7.664577e-08,5.0166786e-05
L-BFGS-B,9381,1.07163764e-07,0.0022594288,7.6652164e-08,5.0166676e-05
L-BFGS-B,9382,1.07163935e-07,0.002259439,7.66518e-08,5.016675e-05
L-BFGS-B,9383,1.0716355e-07,0.0022594307,7.665147e-08,5.016656e-05
L-BFGS-B,9384,1.0716355e-07,0.0022594307,7.665147e-08,5.016656e-05
L-BFGS-B,9385,1.0716367e-07,0.0022594344,7.665151e-08,5.016662e-05
L-BFGS-B,9386,1.0716355e-07,0.0022594307,7.665147e-08,5.016656e-05
L-BFGS-B,9387,1.0716355e-07,0.0022594307,7.665147e-08,5.016656e-05
L-BFGS-B,9388,1.07163736e-07,0.002259433,7.6651496e-08,5.0166615e-05
L-BFGS-B,9389,1.0716355e-07,0.0022594307,7.665147e-08,5.016656e-05
L-BFGS-B,9390,1.0716355e-07,0.0022594307,7.665147e-08,5.016656e-05
L-BFGS-B,9391,1.0716361e-07,0.0022594314,7.665147e-08,5.0166575e-05
L-BFGS-B,9392,1.0716355e-07,0.0022594307,7.665147e-08,5.016656e-05
L-BFGS-B,9393,1.0716355e-07,0.0022594307,7.665147e-08,5.016656e-05
L-BFGS-B,9394,1.0716355e-07,0.0022594307,7.6651475e-08,5.0166564e-05
L-BFGS-B,9395,1.0716355e-07,0.0022594307,7.665147e-08,5.016656e-05
L-BFGS-B,9396,1.0716355e-07,0.0022594307,7.665147e-08,5.016656e-05
L-BFGS-B,9397,1.0716355e-07,0.0022594307,7.665147e-08,5.016656e-05
L-BFGS-B,9398,1.0716355e-07,0.0022594307,7.665147e-08,5.016656e-05
L-BFGS-B,9399,1.0716355e-07,0.0022594307,7.665147e-08,5.016656e-05
L-BFGS-B,9400,1.0716355e-07,0.0022594307,7.665147e-08,5.016656e-05
L-BFGS-B,9401,1.0716355e-07,0.0022594307,7.665147e-08,5.016656e-05
L-BFGS-B,9402,1.0716355e-07,0.0022594307,7.665147e-08,5.016656e-05
L-BFGS-B,9403,1.0716355e-07,0.0022594307,7.665147e-08,5.016656e-05
L-BFGS-B,9404,1.0716355e-07,0.0022594307,7.665147e-08,5.016656e-05
L-BFGS-B,9405,1.0716355e-07,0.0022594307,7.665147e-08,5.016656e-05
L-BFGS-B,9406,1.0716355e-07,0.0022594307,7.665147e-08,5.016656e-05
L-BFGS-B,9407,1.0716355e-07,0.0022594307,7.665147e-08,5.016656e-05
