psi,theta
-0.01,0.40961206
-0.02,0.40961078
-0.03,0.40960968
-0.04,0.40960866
-0.05,0.40960765
-0.060000000000000005,0.40960664
-0.06999999999999999,0.40960565
-0.08,0.40960467
-0.09,0.40960366
-0.09999999999999999,0.40960264
-0.11,0.40960163
-0.12,0.40960056
-0.13,0.4095995
-0.14,0.40959844
-0.15000000000000002,0.40959734
-0.16,0.4095962
-0.17,0.40959507
-0.18000000000000002,0.40959394
-0.19,0.40959275
-0.2,0.40959156
-0.21000000000000002,0.4095903
-0.22,0.40958908
-0.23,0.4095878
-0.24000000000000002,0.40958652
-0.25,0.40958518
-0.26,0.40958387
-0.27,0.40958253
-0.28,0.40958112
-0.29000000000000004,0.4095797
-0.3,0.40957826
-0.31,0.40957683
-0.32,0.40957534
-0.33,0.40957382
-0.34,0.4095723
-0.35000000000000003,0.40957072
-0.36000000000000004,0.40956914
-0.37,0.40956753
-0.38,0.4095659
-0.39,0.4095642
-0.4,0.4095625
-0.41000000000000003,0.40956077
-0.42000000000000004,0.409559
-0.43,0.40955722
-0.44,0.40955544
-0.45,0.40955356
-0.46,0.40955168
-0.47000000000000003,0.40954977
-0.48000000000000004,0.40954787
-0.49,0.4095459
-0.5,0.4095439
-0.51,0.40954188
-0.52,0.40953982
-0.53,0.40953773
-0.54,0.40953565
-0.55,0.4095335
-0.56,0.4095313
-0.5700000000000001,0.4095291
-0.5800000000000001,0.40952685
-0.59,0.40952462
-0.6,0.4095223
-0.61,0.40951997
-0.62,0.4095176
-0.63,0.4095152
-0.64,0.40951276
-0.65,0.40951037
-0.66,0.40950784
-0.67,0.4095053
-0.68,0.4095028
-0.6900000000000001,0.40950018
-0.7000000000000001,0.40949756
-0.7100000000000001,0.40949494
-0.72,0.40949225
-0.73,0.40948957
-0.74,0.40948683
-0.75,0.40948406
-0.76,0.40948126
-0.77,0.40947843
-0.78,0.40947556
-0.79,0.40947267
-0.8,0.40946975
-0.81,0.4094668
-0.8200000000000001,0.40946382
-0.8300000000000001,0.40946084
-0.8400000000000001,0.40945777
-0.85,0.4094547
-0.86,0.4094516
-0.87,0.4094485
-0.88,0.40944535
-0.89,0.4094422
-0.9,0.40943897
-0.91,0.4094357
-0.92,0.40943244
-0.93,0.40942913
-0.9400000000000001,0.4094258
-0.9500000000000001,0.40942246
-0.9600000000000001,0.4094191
-0.97,0.4094157
-0.98,0.40941224
-0.99,0.40940878
-1.0,0.4094053
-1.01,0.40940177
-1.02,0.40939826
-1.03,0.40939468
-1.04,0.4093911
-1.05,0.40938747
-1.06,0.4093838
-1.07,0.40938014
-1.08,0.40937644
-1.09,0.40937272
-1.1,0.40936896
-1.11,0.40936518
-1.12,0.4093614
-1.1300000000000001,0.40935758
-1.1400000000000001,0.40935373
-1.1500000000000001,0.40934986
-1.1600000000000001,0.40934595
-1.17,0.40934205
-1.18,0.4093381
-1.19,0.40933412
-1.2,0.40933013
-1.21,0.40932614
-1.22,0.40932208
-1.23,0.409318
-1.24,0.40931392
-1.25,0.4093098
-1.26,0.4093057
-1.27,0.40930152
-1.28,0.40929735
-1.29,0.40929314
-1.3,0.40928888
-1.31,0.40928465
-1.32,0.40928042
-1.33,0.4092761
-1.34,0.40927178
-1.35,0.40926746
-1.36,0.4092631
-1.37,0.40925872
-1.3800000000000001,0.4092543
-1.3900000000000001,0.4092499
-1.4000000000000001,0.40924543
-1.4100000000000001,0.40924096
-1.42,0.4092365
-1.43,0.40923196
-1.44,0.40922743
-1.45,0.40922287
-1.46,0.40921828
-1.47,0.4092137
-1.48,0.40920907
-1.49,0.40920442
-1.5,0.40919977
-1.51,0.40919507
-1.52,0.4091904
-1.53,0.40918565
-1.54,0.4091809
-1.55,0.40917617
-1.56,0.40917134
-1.57,0.40916654
-1.58,0.4091617
-1.59,0.40915686
-1.6,0.409152
-1.61,0.40914708
-1.62,0.4091422
-1.6300000000000001,0.40913725
-1.6400000000000001,0.4091323
-1.6500000000000001,0.40912735
-1.6600000000000001,0.40912235
-1.6700000000000002,0.40911734
-1.68,0.4091123
-1.69,0.40910727
-1.7,0.4091022
-1.71,0.40909708
-1.72,0.40909198
-1.73,0.40908688
-1.74,0.4090817
-1.75,0.40907657
-1.76,0.40907136
-1.77,0.40906617
-1.78,0.4090609
-1.79,0.40905568
-1.8,0.4090504
-1.81,0.40904513
-1.82,0.40903986
-1.83,0.4090345
-1.84,0.40902916
-1.85,0.40902382
-1.86,0.40901846
-1.87,0.40901303
-1.8800000000000001,0.4090076
-1.8900000000000001,0.40900218
-1.9000000000000001,0.40899676
-1.9100000000000001,0.40899128
-1.9200000000000002,0.4089858
-1.93,0.4089803
-1.94,0.40897477
-1.95,0.40896922
-1.96,0.40896365
-1.97,0.4089581
-1.98,0.4089525
-1.99,0.40894687
-2.0,0.40894127
-2.01,0.4089356
-2.02,0.40892997
-2.03,0.40892428
-2.04,0.40891856
-2.05,0.40891284
-2.0599999999999996,0.40890712
-2.07,0.40890136
-2.0799999999999996,0.4088956
-2.09,0.40888983
-2.0999999999999996,0.40888405
-2.11,0.4088782
-2.1199999999999997,0.40887237
-2.13,0.4088665
-2.1399999999999997,0.40886065
-2.15,0.40885478
-2.1599999999999997,0.40884888
-2.17,0.40884298
-2.1799999999999997,0.40883702
-2.19,0.40883106
-2.1999999999999997,0.4088251
-2.21,0.40881914
-2.2199999999999998,0.40881312
-2.23,0.4088071
-2.2399999999999998,0.40880108
-2.25,0.40879506
-2.26,0.408789
-2.27,0.4087829
-2.28,0.40877682
-2.29,0.4087707
-2.3,0.4087646
-2.31,0.40875846
-2.32,0.40875232
-2.3299999999999996,0.40874612
-2.34,0.40873992
-2.3499999999999996,0.40873376
-2.36,0.40872753
-2.3699999999999997,0.40872133
-2.38,0.40871507
-2.3899999999999997,0.40870884
-2.4,0.40870255
-2.4099999999999997,0.40869626
-2.42,0.40868998
-2.4299999999999997,0.40868366
-2.44,0.4086773
-2.4499999999999997,0.40867096
-2.46,0.40866464
-2.4699999999999998,0.40865827
-2.48,0.4086519
-2.4899999999999998,0.40864545
-2.5,0.40863907
-2.51,0.40863264
-2.52,0.4086262
-2.53,0.40861973
-2.54,0.40861326
-2.55,0.4086068
-2.56,0.4086003
-2.57,0.40859377
-2.5799999999999996,0.40858728
-2.59,0.40858072
-2.5999999999999996,0.40857416
-2.61,0.4085676
-2.6199999999999997,0.40856105
-2.63,0.40855443
-2.6399999999999997,0.40854782
-2.65,0.40854123
-2.6599999999999997,0.40853462
-2.67,0.40852797
-2.6799999999999997,0.4085213
-2.69,0.40851462
-2.6999999999999997,0.40850794
-2.71,0.40850127
-2.7199999999999998,0.40849456
-2.73,0.40848783
-2.7399999999999998,0.40848112
-2.75,0.4084744
-2.76,0.4084676
-2.77,0.40846086
-2.78,0.40845406
-2.79,0.40844727
-2.8,0.40844047
-2.81,0.40843368
-2.82,0.40842685
-2.8299999999999996,0.40841997
-2.84,0.40841317
-2.8499999999999996,0.4084063
-2.86,0.4083994
-2.8699999999999997,0.40839252
-2.88,0.40838563
-2.8899999999999997,0.40837872
-2.9,0.4083718
-2.9099999999999997,0.40836483
-2.92,0.40835792
-2.9299999999999997,0.40835094
-2.94,0.40834397
-2.9499999999999997,0.408337
-2.96,0.40833002
-2.9699999999999998,0.408323
-2.98,0.40831602
-2.9899999999999998,0.40830898
-3.0,0.40830195
-3.01,0.40829492
-3.02,0.40828785
-3.03,0.4082808
-3.04,0.4082737
-3.05,0.4082666
-3.06,0.4082595
-3.07,0.40825242
-3.08,0.40824533
-3.09,0.40823817
-3.0999999999999996,0.40823102
-3.11,0.40822387
-3.1199999999999997,0.4082167
-3.13,0.40820956
-3.1399999999999997,0.40820235
-3.15,0.4081952
-3.1599999999999997,0.40818796
-3.17,0.40818074
-3.1799999999999997,0.40817353
-3.19,0.4081663
-3.1999999999999997,0.40815908
-3.21,0.4081518
-3.2199999999999998,0.40814453
-3.23,0.40813726
-3.2399999999999998,0.40813
-3.25,0.4081227
-3.26,0.4081154
-3.27,0.40810806
-3.28,0.40810078
-3.29,0.40809342
-3.3,0.4080861
-3.31,0.40807873
-3.32,0.4080714
-3.33,0.408064
-3.34,0.40805662
-3.3499999999999996,0.40804923
-3.36,0.40804186
-3.3699999999999997,0.40803444
-3.38,0.40802702
-3.3899999999999997,0.4080196
-3.4,0.40801215
-3.4099999999999997,0.40800473
-3.42,0.40799725
-3.4299999999999997,0.40798983
-3.44,0.40798235
-3.4499999999999997,0.40797484
-3.46,0.4079674
-3.4699999999999998,0.40795988
-3.48,0.40795237
-3.4899999999999998,0.40794486
-3.5,0.40793735
-3.51,0.40792984
-3.52,0.40792227
-3.53,0.40791473
-3.54,0.4079072
-3.55,0.4078996
-3.56,0.40789205
-3.57,0.40788442
-3.58,0.40787685
-3.59,0.40786922
-3.5999999999999996,0.40786165
-3.61,0.40785402
-3.6199999999999997,0.4078464
-3.63,0.40783876
-3.6399999999999997,0.40783113
-3.65,0.40782347
-3.6599999999999997,0.4078158
-3.67,0.40780815
-3.6799999999999997,0.4078005
-3.69,0.4077928
-3.6999999999999997,0.40778512
-3.71,0.4077774
-3.7199999999999998,0.4077697
-3.73,0.407762
-3.7399999999999998,0.40775427
-3.75,0.40774655
-3.76,0.4077388
-3.77,0.40773106
-3.78,0.4077233
-3.79,0.40771556
-3.8,0.40770778
-3.81,0.4077
-3.82,0.4076922
-3.83,0.40768445
-3.84,0.40767664
-3.8499999999999996,0.40766886
-3.86,0.40766102
-3.8699999999999997,0.4076532
-3.88,0.40764537
-3.8899999999999997,0.40763754
-3.9,0.40762967
-3.9099999999999997,0.40762183
-3.92,0.407614
-3.9299999999999997,0.40760612
-3.94,0.40759826
-3.9499999999999997,0.40759036
-3.96,0.40758246
-3.9699999999999998,0.4075746
-3.98,0.40756667
-3.9899999999999998,0.4075588
-4.0,0.40755087
-4.01,0.40754294
-4.02,0.40753502
-4.03,0.4075271
-4.04,0.40751913
-4.05,0.40751117
-4.06,0.40750325
-4.07,0.40749526
-4.08,0.4074873
-4.09,0.40747932
-4.1,0.40747133
-4.109999999999999,0.40746334
-4.12,0.40745538
-4.13,0.40744734
-4.14,0.40743935
-4.1499999999999995,0.4074313
-4.16,0.40742332
-4.17,0.40741527
-4.18,0.40740725
-4.1899999999999995,0.40739918
-4.2,0.40739113
-4.21,0.40738308
-4.22,0.40737504
-4.2299999999999995,0.40736693
-4.24,0.40735888
-4.25,0.40735078
-4.26,0.4073427
-4.27,0.4073346
-4.28,0.40732652
-4.29,0.4073184
-4.3,0.4073103
-4.31,0.40730217
-4.32,0.40729403
-4.33,0.40728593
-4.34,0.40727776
-4.35,0.40726966
-4.36,0.4072615
-4.37,0.40725332
-4.38,0.40724516
-4.39,0.407237
-4.3999999999999995,0.40722883
-4.41,0.40722063
-4.42,0.40721247
-4.43,0.40720427
-4.4399999999999995,0.40719604
-4.45,0.40718788
-4.46,0.40717965
-4.47,0.40717143
-4.4799999999999995,0.4071632
-4.49,0.40715498
-4.5,0.40714675
-4.51,0.40713853
-4.52,0.40713027
-4.53,0.40712202
-4.54,0.4071138
-4.55,0.4071055
-4.56,0.40709722
-4.57,0.40708894
-4.58,0.40708065
-4.59,0.40707237
-4.6,0.40706408
-4.61,0.4070558
-4.62,0.40704748
-4.63,0.4070392
-4.64,0.40703088
-4.6499999999999995,0.40702257
-4.66,0.40701425
-4.67,0.4070059
-4.68,0.4069976
-4.6899999999999995,0.40698928
-4.7,0.4069809
-4.71,0.40697253
-4.72,0.40696418
-4.7299999999999995,0.40695584
-4.74,0.40694746
-4.75,0.4069391
-4.76,0.4069307
-4.77,0.40692234
-4.78,0.40691394
-4.79,0.40690553
-4.8,0.40689716
-4.81,0.40688875
-4.82,0.40688035
-4.83,0.4068719
-4.84,0.4068635
-4.85,0.4068551
-4.86,0.40684664
-4.87,0.40683824
-4.88,0.40682977
-4.89,0.4068213
-4.8999999999999995,0.4068129
-4.91,0.40680444
-4.92,0.40679598
-4.93,0.4067875
-4.9399999999999995,0.40677905
-4.95,0.4067706
-4.96,0.40676206
-4.97,0.4067536
-4.9799999999999995,0.40674514
-4.99,0.4067366
-5.0,0.40672815
-5.01,0.40671962
-5.02,0.4067111
-5.03,0.4067026
-5.04,0.40669405
-5.05,0.4066856
-5.06,0.40667707
-5.07,0.4066685
-5.08,0.40666
-5.09,0.40665144
-5.1,0.40664285
-5.11,0.40663433
-5.12,0.40662578
-5.13,0.40661722
-5.14,0.40660864
-5.1499999999999995,0.40660006
-5.16,0.40659153
-5.17,0.40658292
-5.18,0.40657437
-5.1899999999999995,0.4065658
-5.2,0.40655717
-5.21,0.4065486
-5.22,0.40653998
-5.2299999999999995,0.4065314
-5.24,0.40652275
-5.25,0.40651417
-5.26,0.40650553
-5.27,0.40649694
-5.28,0.4064883
-5.29,0.40647966
-5.3,0.406471
-5.31,0.40646237
-5.32,0.40645373
-5.33,0.4064451
-5.34,0.40643644
-5.35,0.40642777
-5.36,0.4064191
-5.37,0.40641046
-5.38,0.4064018
-5.39,0.4063931
-5.3999999999999995,0.4063844
-5.41,0.40637574
-5.42,0.40636706
-5.43,0.40635836
-5.4399999999999995,0.40634966
-5.45,0.40634096
-5.46,0.40633225
-5.47,0.40632355
-5.4799999999999995,0.40631485
-5.49,0.40630612
-5.5,0.4062974
-5.51,0.40628868
-5.52,0.40627992
-5.53,0.40627122
-5.54,0.4062625
-5.55,0.40625373
-5.56,0.406245
-5.57,0.40623623
-5.58,0.40622747
-5.59,0.40621874
-5.6,0.40620995
-5.61,0.40620118
-5.62,0.40619242
-5.63,0.40618366
-5.64,0.4061749
-5.6499999999999995,0.40616614
-5.66,0.4061573
-5.67,0.40614855
-5.68,0.40613973
-5.6899999999999995,0.40613097
-5.7,0.40612215
-5.71,0.40611336
-5.72,0.4061045
-5.7299999999999995,0.4060957
-5.74,0.40608692
-5.75,0.40607807
-5.76,0.40606928
-5.77,0.40606046
-5.78,0.40605158
-5.79,0.40604275
-5.8,0.40603393
-5.81,0.40602508
-5.82,0.40601623
-5.83,0.40600738
-5.84,0.40599853
-5.85,0.40598965
-5.86,0.40598083
-5.87,0.40597194
-5.88,0.4059631
-5.89,0.40595424
-5.8999999999999995,0.40594536
-5.91,0.40593648
-5.92,0.40592757
-5.93,0.40591872
-5.9399999999999995,0.4059098
-5.95,0.4059009
-5.96,0.405892
-5.97,0.40588313
-5.9799999999999995,0.4058742
-5.99,0.4058653
-6.0,0.4058564
-6.01,0.4058475
-6.02,0.40583858
-6.03,0.4058296
-6.04,0.40582073
-6.05,0.4058118
-6.06,0.40580285
-6.07,0.40579394
-6.08,0.40578496
-6.09,0.40577602
-6.1,0.40576708
-6.11,0.40575814
-6.12,0.4057492
-6.13,0.40574026
-6.14,0.40573132
-6.15,0.40572232
-6.16,0.40571335
-6.17,0.40570438
-6.18,0.40569544
-6.1899999999999995,0.40568644
-6.2,0.40567747
-6.21,0.4056685
-6.22,0.4056595
-6.2299999999999995,0.4056505
-6.24,0.40564153
-6.25,0.40563256
-6.26,0.40562353
-6.27,0.40561453
-6.28,0.40560552
-6.29,0.4055965
-6.3,0.4055875
-6.31,0.4055785
-6.32,0.40556946
-6.33,0.40556043
-6.34,0.40555143
-6.35,0.4055424
-6.36,0.40553337
-6.37,0.4055243
-6.38,0.40551528
-6.39,0.40550625
-6.4,0.4054972
-6.41,0.40548816
-6.42,0.40547907
-6.43,0.40547007
-6.4399999999999995,0.405461
-6.45,0.40545192
-6.46,0.40544286
-6.47,0.40543383
-6.4799999999999995,0.40542477
-6.49,0.40541565
-6.5,0.4054066
-6.51,0.4053975
-6.52,0.40538844
-6.53,0.40537935
-6.54,0.40537027
-6.55,0.40536118
-6.56,0.40535212
-6.57,0.405343
-6.58,0.4053339
-6.59,0.4053248
-6.6,0.4053157
-6.61,0.40530658
-6.62,0.4052975
-6.63,0.40528834
-6.64,0.40527925
-6.65,0.40527013
-6.66,0.40526104
-6.67,0.4052519
-6.68,0.40524274
-6.6899999999999995,0.4052336
-6.7,0.40522447
-6.71,0.40521532
-6.72,0.4052062
-6.7299999999999995,0.40519705
-6.74,0.4051879
-6.75,0.40517876
-6.76,0.4051696
-6.77,0.4051605
-6.78,0.4051513
-6.79,0.40514216
-6.8,0.405133
-6.81,0.40512383
-6.82,0.40511465
-6.83,0.40510547
-6.84,0.4050963
-6.85,0.4050871
-6.86,0.40507796
-6.87,0.40506878
-6.88,0.40505958
-6.89,0.4050504
-6.9,0.40504122
-6.91,0.40503204
-6.92,0.40502286
-6.93,0.40501362
-6.9399999999999995,0.40500444
-6.95,0.40499523
-6.96,0.40498602
-6.97,0.40497681
-6.9799999999999995,0.4049676
-6.99,0.40495837
-7.0,0.4049492
-7.01,0.40493995
-7.02,0.4049307
-7.03,0.4049215
-7.04,0.4049123
-7.05,0.40490305
-7.06,0.40489382
-7.07,0.40488458
-7.08,0.40487534
-7.09,0.4048661
-7.1,0.40485686
-7.11,0.40484762
-7.12,0.40483838
-7.13,0.40482914
-7.14,0.40481988
-7.15,0.4048106
-7.16,0.40480134
-7.17,0.4047921
-7.18,0.40478283
-7.1899999999999995,0.40477356
-7.2,0.4047643
-7.21,0.40475503
-7.22,0.40474576
-7.2299999999999995,0.40473646
-7.24,0.40472722
-7.25,0.40471792
-7.26,0.40470865
-7.27,0.40469936
-7.28,0.40469006
-7.29,0.4046808
-7.3,0.4046715
-7.31,0.4046622
-7.32,0.4046529
-7.33,0.4046436
-7.34,0.40463427
-7.35,0.404625
-7.36,0.40461567
-7.37,0.40460634
-7.38,0.40459704
-7.39,0.40458775
-7.4,0.40457842
-7.41,0.4045691
-7.42,0.4045598
-7.43,0.40455043
-7.4399999999999995,0.40454113
-7.45,0.4045318
-7.46,0.40452248
-7.47,0.40451312
-7.4799999999999995,0.4045038
-7.49,0.40449446
-7.5,0.4044851
-7.51,0.40447575
-7.52,0.40446642
-7.53,0.4044571
-7.54,0.40444773
-7.55,0.40443838
-7.56,0.40442902
-7.57,0.40441966
-7.58,0.4044103
-7.59,0.40440094
-7.6,0.4043916
-7.61,0.4043822
-7.62,0.40437284
-7.63,0.4043635
-7.64,0.4043541
-7.65,0.40434474
-7.66,0.40433532
-7.67,0.40432596
-7.68,0.4043166
-7.6899999999999995,0.4043072
-7.7,0.40429783
-7.71,0.4042884
-7.72,0.40427905
-7.7299999999999995,0.40426967
-7.74,0.40426028
-7.75,0.40425086
-7.76,0.40424144
-7.77,0.40423205
-7.78,0.40422267
-7.79,0.40421325
-7.8,0.40420383
-7.81,0.4041944
-7.82,0.404185
-7.83,0.40417558
-7.84,0.40416616
-7.85,0.4041568
-7.86,0.40414733
-7.87,0.4041379
-7.88,0.4041285
-7.89,0.40411907
-7.9,0.40410966
-7.91,0.4041002
-7.92,0.4040908
-7.93,0.40408134
-7.94,0.40407193
-7.95,0.40406248
-7.96,0.40405303
-7.97,0.40404359
-7.9799999999999995,0.40403414
-7.99,0.40402472
-8.0,0.40401524
-8.01,0.4040058
-8.02,0.40399632
-8.03,0.40398687
-8.04,0.4039774
-8.05,0.40396798
-8.06,0.4039585
-8.07,0.40394902
-8.08,0.40393955
-8.09,0.4039301
-8.1,0.40392062
-8.11,0.40391117
-8.12,0.4039017
-8.13,0.40389222
-8.14,0.40388274
-8.15,0.40387323
-8.16,0.40386376
-8.17,0.40385425
-8.18,0.4038448
-8.19,0.4038353
-8.2,0.40382582
-8.209999999999999,0.4038163
-8.22,0.40380687
-8.23,0.40379733
-8.24,0.40378782
-8.25,0.4037783
-8.26,0.40376884
-8.27,0.40375933
-8.28,0.40374982
-8.29,0.40374032
-8.3,0.4037308
-8.31,0.4037213
-8.32,0.4037118
-8.33,0.40370226
-8.34,0.40369278
-8.35,0.40368322
-8.36,0.4036737
-8.37,0.40366417
-8.38,0.40365466
-8.39,0.40364516
-8.4,0.40363565
-8.41,0.40362608
-8.42,0.40361655
-8.43,0.403607
-8.44,0.40359747
-8.45,0.40358794
-8.459999999999999,0.4035784
-8.47,0.40356886
-8.48,0.40355933
-8.49,0.4035498
-8.5,0.40354022
-8.51,0.4035307
-8.52,0.40352112
-8.53,0.40351158
-8.54,0.40350202
-8.55,0.40349245
-8.56,0.4034829
-8.57,0.40347338
-8.58,0.4034638
-8.59,0.40345424
-8.6,0.40344468
-8.61,0.4034351
-8.62,0.4034255
-8.63,0.40341598
-8.64,0.4034064
-8.65,0.40339684
-8.66,0.40338725
-8.67,0.40337765
-8.68,0.40336812
-8.69,0.40335852
-8.7,0.40334892
-8.71,0.40333936
-8.72,0.4033298
-8.73,0.40332016
-8.74,0.4033106
-8.75,0.403301
-8.76,0.4032914
-8.77,0.4032818
-8.78,0.4032722
-8.79,0.40326262
-8.8,0.40325302
-8.81,0.40324342
-8.82,0.40323383
-8.83,0.40322423
-8.84,0.4032146
-8.85,0.403205
-8.86,0.40319538
-8.87,0.40318578
-8.88,0.4031762
-8.89,0.40316653
-8.9,0.40315694
-8.91,0.40314734
-8.92,0.40313768
-8.93,0.4031281
-8.94,0.4031185
-8.95,0.40310884
-8.96,0.40309924
-8.97,0.40308958
-8.98,0.40308
-8.99,0.40307033
-9.0,0.4030607
-9.01,0.40305108
-9.02,0.40304142
-9.03,0.40303183
-9.04,0.40302217
-9.05,0.40301257
-9.06,0.4030029
-9.07,0.40299326
-9.08,0.4029836
-9.09,0.40297398
-9.1,0.4029643
-9.11,0.40295467
-9.12,0.40294498
-9.13,0.40293536
-9.14,0.4029257
-9.15,0.40291604
-9.16,0.40290642
-9.17,0.40289673
-9.18,0.40288708
-9.19,0.40287745
-9.2,0.40286773
-9.21,0.40285808
-9.22,0.40284842
-9.23,0.40283877
-9.24,0.40282908
-9.25,0.4028194
-9.26,0.40280974
-9.27,0.40280008
-9.28,0.4027904
-9.29,0.4027807
-9.3,0.40277106
-9.31,0.40276134
-9.32,0.40275168
-9.33,0.40274203
-9.34,0.4027323
-9.35,0.40272266
-9.36,0.40271294
-9.37,0.4027033
-9.38,0.40269357
-9.39,0.4026839
-9.4,0.4026742
-9.41,0.40266448
-9.42,0.4026548
-9.43,0.4026451
-9.44,0.4026354
-9.45,0.4026257
-9.46,0.40261602
-9.47,0.4026063
-9.48,0.4025966
-9.49,0.40258688
-9.5,0.40257722
-9.51,0.4025675
-9.52,0.40255776
-9.53,0.40254807
-9.54,0.40253836
-9.55,0.40252864
-9.56,0.4025189
-9.57,0.4025092
-9.58,0.4024995
-9.59,0.40248978
-9.6,0.40248007
-9.61,0.40247035
-9.62,0.40246058
-9.63,0.4024509
-9.64,0.40244117
-9.65,0.40243146
-9.66,0.4024217
-9.67,0.40241194
-9.68,0.40240222
-9.69,0.4023925
-9.7,0.4023828
-9.71,0.40237302
-9.72,0.4023633
-9.73,0.40235355
-9.74,0.4023438
-9.75,0.4023341
-9.76,0.40232432
-9.77,0.4023146
-9.78,0.40230486
-9.79,0.4022951
-9.8,0.40228534
-9.81,0.40227562
-9.82,0.40226585
-9.83,0.40225613
-9.84,0.40224636
-9.85,0.4022366
-9.86,0.40222687
-9.87,0.4022171
-9.88,0.40220731
-9.89,0.40219757
-9.9,0.40218782
-9.91,0.40217805
-9.92,0.40216827
-9.93,0.40215853
-9.94,0.40214878
-9.95,0.402139
-9.96,0.40212923
-9.97,0.40211946
-9.98,0.40210968
-9.99,0.4020999
-10.0,0.40209013
-10.01,0.40208036
-10.02,0.40207058
-10.03,0.4020608
-10.04,0.40205103
-10.05,0.40204126
-10.06,0.40203148
-10.07,0.4020217
-10.08,0.40201193
-10.09,0.40200213
-10.1,0.40199235
-10.11,0.40198255
-10.12,0.40197277
-10.13,0.401963
-10.14,0.4019532
-10.15,0.4019434
-10.16,0.4019336
-10.17,0.40192384
-10.18,0.40191403
-10.19,0.40190423
-10.2,0.40189445
-10.21,0.40188462
-10.22,0.40187484
-10.23,0.401865
-10.24,0.40185523
-10.25,0.40184543
-10.26,0.40183562
-10.27,0.40182585
-10.28,0.401816
-10.29,0.40180624
-10.3,0.4017964
-10.31,0.40178657
-10.32,0.40177676
-10.33,0.40176696
-10.34,0.40175712
-10.35,0.40174735
-10.36,0.4017375
-10.37,0.40172768
-10.38,0.4017179
-10.39,0.40170807
-10.4,0.40169823
-10.41,0.4016884
-10.42,0.4016786
-10.43,0.4016688
-10.44,0.40165895
-10.45,0.40164912
-10.46,0.4016393
-10.47,0.40162948
-10.48,0.4016196
-10.49,0.4016098
-10.5,0.40159994
-10.51,0.40159017
-10.52,0.40158033
-10.53,0.4015705
-10.54,0.40156066
-10.55,0.40155083
-10.56,0.40154096
-10.57,0.40153116
-10.58,0.4015213
-10.59,0.40151143
-10.6,0.40150163
-10.61,0.40149176
-10.62,0.40148193
-10.63,0.40147203
-10.64,0.40146223
-10.65,0.40145236
-10.66,0.40144253
-10.67,0.4014327
-10.68,0.4014228
-10.69,0.40141296
-10.7,0.40140313
-10.71,0.4013933
-10.72,0.4013834
-10.73,0.40137357
-10.74,0.4013637
-10.75,0.40135384
-10.76,0.401344
-10.77,0.4013341
-10.78,0.40132427
-10.79,0.4013144
-10.8,0.40130454
-10.81,0.40129468
-10.82,0.4012848
-10.83,0.40127492
-10.84,0.40126508
-10.85,0.4012552
-10.86,0.40124536
-10.87,0.40123546
-10.88,0.40122557
-10.89,0.40121573
-10.9,0.40120584
-10.91,0.401196
-10.92,0.4011861
-10.93,0.4011762
-10.94,0.40116635
-10.95,0.40115649
-10.96,0.4011466
-10.97,0.40113673
-10.98,0.4011268
-10.99,0.40111694
-11.0,0.40110707
-11.01,0.40109718
-11.02,0.40108728
-11.03,0.4010774
-11.04,0.4010675
-11.05,0.40105763
-11.06,0.4010477
-11.07,0.40103784
-11.08,0.40102798
-11.09,0.40101808
-11.1,0.4010082
-11.11,0.4009983
-11.12,0.4009884
-11.13,0.4009785
-11.14,0.4009686
-11.15,0.40095872
-11.16,0.40094882
-11.17,0.4009389
-11.18,0.400929
-11.19,0.4009191
-11.2,0.4009092
-11.21,0.4008993
-11.22,0.4008894
-11.23,0.4008795
-11.24,0.4008696
-11.25,0.40085968
-11.26,0.40084976
-11.27,0.40083987
-11.28,0.40082997
-11.29,0.40082008
-11.3,0.40081012
-11.31,0.40080023
-11.32,0.4007903
-11.33,0.40078038
-11.34,0.4007705
-11.35,0.40076053
-11.36,0.40075064
-11.37,0.40074074
-11.38,0.40073082
-11.39,0.4007209
-11.4,0.40071094
-11.41,0.40070105
-11.42,0.40069112
-11.43,0.4006812
-11.44,0.4006713
-11.45,0.40066135
-11.46,0.40065145
-11.47,0.4006415
-11.48,0.4006316
-11.49,0.40062165
-11.5,0.40061176
-11.51,0.4006018
-11.52,0.40059185
-11.53,0.40058196
-11.54,0.400572
-11.55,0.40056208
-11.56,0.40055215
-11.57,0.40054223
-11.58,0.40053228
-11.59,0.40052235
-11.6,0.40051243
-11.61,0.40050247
-11.62,0.40049252
-11.63,0.4004826
-11.64,0.40047264
-11.65,0.4004627
-11.66,0.4004528
-11.67,0.40044284
-11.68,0.40043288
-11.69,0.40042293
-11.7,0.40041304
-11.71,0.40040308
-11.72,0.40039313
-11.73,0.40038314
-11.74,0.40037322
-11.75,0.40036327
-11.76,0.4003533
-11.77,0.40034336
-11.78,0.40033343
-11.79,0.40032345
-11.8,0.4003135
-11.81,0.40030354
-11.82,0.4002936
-11.83,0.40028363
-11.84,0.4002737
-11.85,0.40026373
-11.86,0.40025377
-11.87,0.40024382
-11.88,0.40023386
-11.89,0.4002239
-11.9,0.40021396
-11.91,0.400204
-11.92,0.40019402
-11.93,0.40018404
-11.94,0.40017408
-11.95,0.40016413
-11.96,0.40015417
-11.97,0.40014422
-11.98,0.40013424
-11.99,0.40012425
-12.0,0.4001143
-12.01,0.40010434
-12.02,0.4000944
-12.03,0.4000844
-12.040000000000001,0.40007445
-12.05,0.40006447
-12.06,0.40005445
-12.07,0.4000445
-12.08,0.40003455
-12.09,0.40002456
-12.1,0.40001458
-12.11,0.40000463
-12.12,0.39999464
-12.13,0.3999847
-12.14,0.3999747
-12.15,0.39996472
-12.16,0.39995474
-12.17,0.39994475
-12.18,0.39993477
-12.19,0.39992476
-12.2,0.3999148
-12.21,0.3999048
-12.22,0.39989483
-12.23,0.39988485
-12.24,0.39987487
-12.25,0.3998649
-12.26,0.3998549
-12.27,0.3998449
-12.28,0.39983493
-12.290000000000001,0.39982492
-12.3,0.39981496
-12.31,0.39980495
-12.32,0.39979497
-12.33,0.39978498
-12.34,0.39977497
-12.35,0.39976498
-12.36,0.399755
-12.37,0.39974502
-12.38,0.39973503
-12.39,0.39972502
-12.4,0.399715
-12.41,0.39970502
-12.42,0.39969504
-12.43,0.39968506
-12.44,0.39967507
-12.45,0.39966503
-12.46,0.39965504
-12.47,0.39964506
-12.48,0.39963502
-12.49,0.39962506
-12.5,0.39961505
-12.51,0.39960504
-12.52,0.39959502
-12.53,0.399585
-12.540000000000001,0.39957505
-12.55,0.399565
-12.56,0.39955503
-12.57,0.399545
-12.58,0.399535
-12.59,0.399525
-12.6,0.39951497
-12.61,0.39950496
-12.62,0.39949495
-12.63,0.39948493
-12.64,0.39947495
-12.65,0.3994649
-12.66,0.39945495
-12.67,0.39944494
-12.68,0.3994349
-12.69,0.3994249
-12.7,0.39941487
-12.71,0.39940485
-12.72,0.39939487
-12.73,0.39938486
-12.74,0.39937478
-12.75,0.39936483
-12.76,0.39935476
-12.77,0.39934474
-12.78,0.39933473
-12.790000000000001,0.39932474
-12.8,0.3993147
-12.81,0.3993047
-12.82,0.39929467
-12.83,0.39928466
-12.84,0.39927465
-12.85,0.3992646
-12.86,0.3992546
-12.87,0.39924455
-12.88,0.39923453
-12.89,0.3992245
-12.9,0.39921448
-12.91,0.39920443
-12.92,0.39919442
-12.93,0.3991844
-12.94,0.3991744
-12.95,0.39916435
-12.96,0.3991543
-12.97,0.3991443
-12.98,0.39913428
-12.99,0.39912423
-13.0,0.3991142
-13.01,0.39910415
-13.02,0.39909413
-13.03,0.3990841
-13.040000000000001,0.39907408
-13.05,0.39906403
-13.06,0.399054
-13.07,0.39904398
-13.08,0.39903393
-13.09,0.3990239
-13.1,0.39901388
-13.11,0.39900386
-13.12,0.3989938
-13.13,0.39898375
-13.14,0.3989737
-13.15,0.3989637
-13.16,0.39895362
-13.17,0.3989436
-13.18,0.39893353
-13.19,0.39892352
-13.2,0.39891344
-13.21,0.39890343
-13.22,0.3988934
-13.23,0.39888334
-13.24,0.3988733
-13.25,0.39886326
-13.26,0.3988532
-13.27,0.39884317
-13.28,0.3988331
-13.290000000000001,0.39882308
-13.3,0.398813
-13.31,0.398803
-13.32,0.39879292
-13.33,0.3987829
-13.34,0.39877287
-13.35,0.39876276
-13.36,0.39875275
-13.37,0.39874268
-13.38,0.39873266
-13.39,0.3987226
-13.4,0.39871252
-13.41,0.3987025
-13.42,0.39869243
-13.43,0.3986824
-13.44,0.39867234
-13.45,0.39866227
-13.46,0.39865226
-13.47,0.39864218
-13.48,0.3986321
-13.49,0.3986221
-13.5,0.39861202
-13.51,0.39860195
-13.52,0.3985919
-13.53,0.39858186
-13.540000000000001,0.3985718
-13.55,0.39856172
-13.56,0.3985517
-13.57,0.39854163
-13.58,0.39853156
-13.59,0.39852148
-13.6,0.39851144
-13.61,0.39850137
-13.62,0.3984913
-13.63,0.39848125
-13.64,0.39847118
-13.65,0.3984611
-13.66,0.39845106
-13.67,0.39844102
-13.68,0.39843094
-13.69,0.39842087
-13.7,0.3984108
-13.71,0.39840072
-13.72,0.39839065
-13.73,0.39838064
-13.74,0.39837056
-13.75,0.39836046
-13.76,0.39835042
-13.77,0.39834034
-13.78,0.39833027
-13.790000000000001,0.39832023
-13.8,0.39831015
-13.81,0.39830008
-13.82,0.39829
-13.83,0.39827994
-13.84,0.39826986
-13.85,0.3982598
-13.86,0.39824972
-13.87,0.39823967
-13.88,0.3982296
-13.89,0.39821953
-13.9,0.39820945
-13.91,0.39819938
-13.92,0.3981893
-13.93,0.39817923
-13.94,0.39816916
-13.95,0.3981591
-13.96,0.398149
-13.97,0.39813894
-13.98,0.39812884
-13.99,0.3981188
-14.0,0.39810872
-14.01,0.39809865
-14.02,0.39808854
-14.03,0.39807847
-14.040000000000001,0.39806837
-14.05,0.39805833
-14.06,0.39804822
-14.07,0.39803815
-14.08,0.39802808
-14.09,0.398018
-14.1,0.39800793
-14.11,0.39799786
-14.12,0.39798775
-14.13,0.39797768
-14.14,0.39796758
-14.15,0.3979575
-14.16,0.39794743
-14.17,0.39793736
-14.18,0.39792728
-14.19,0.39791718
-14.2,0.3979071
-14.21,0.397897
-14.22,0.39788693
-14.23,0.39787686
-14.24,0.3978668
-14.25,0.39785668
-14.26,0.39784658
-14.27,0.3978365
-14.28,0.3978264
-14.290000000000001,0.39781636
-14.3,0.39780623
-14.31,0.39779615
-14.32,0.39778608
-14.33,0.397776
-14.34,0.39776587
-14.35,0.3977558
-14.36,0.39774573
-14.37,0.39773566
-14.38,0.39772555
-14.39,0.39771545
-14.4,0.39770538
-14.41,0.39769527
-14.42,0.39768517
-14.43,0.3976751
-14.44,0.397665
-14.45,0.39765492
-14.46,0.39764482
-14.47,0.39763474
-14.48,0.39762467
-14.49,0.39761454
-14.5,0.39760447
-14.51,0.3975944
-14.52,0.39758426
-14.53,0.3975742
-14.540000000000001,0.39756408
-14.55,0.39755398
-14.56,0.3975439
-14.57,0.39753377
-14.58,0.3975237
-14.59,0.3975136
-14.6,0.3975035
-14.61,0.39749342
-14.62,0.39748335
-14.63,0.39747322
-14.64,0.39746314
-14.65,0.39745304
-14.66,0.39744294
-14.67,0.39743286
-14.68,0.39742276
-14.69,0.39741263
-14.7,0.39740252
-14.71,0.39739245
-14.72,0.39738235
-14.73,0.39737225
-14.74,0.39736217
-14.75,0.39735204
-14.76,0.39734194
-14.77,0.39733186
-14.78,0.39732176
-14.790000000000001,0.39731163
-14.8,0.39730152
-14.81,0.39729142
-14.82,0.39728135
-14.83,0.39727122
-14.84,0.39726114
-14.85,0.397251
-14.86,0.39724094
-14.87,0.39723083
-14.88,0.39722073
-14.89,0.39721063
-14.9,0.39720052
-14.91,0.39719042
-14.92,0.39718032
-14.93,0.3971702
-14.94,0.3971601
-14.95,0.39714998
-14.96,0.3971399
-14.97,0.39712977
-14.98,0.39711967
-14.99,0.39710957
-15.0,0.39709947
-15.01,0.39708936
-15.02,0.39707926
-15.03,0.39706916
-15.040000000000001,0.39705905
-15.05,0.39704895
-15.06,0.39703882
-15.07,0.39702874
-15.08,0.3970186
-15.09,0.39700848
-15.1,0.3969984
-15.11,0.39698827
-15.12,0.39697817
-15.13,0.3969681
-15.14,0.396958
-15.15,0.39694786
-15.16,0.39693773
-15.17,0.39692765
-15.18,0.39691752
-15.19,0.3969074
-15.2,0.39689732
-15.21,0.3968872
-15.22,0.3968771
-15.23,0.39686698
-15.24,0.39685684
-15.25,0.39684677
-15.26,0.39683664
-15.27,0.39682657
-15.28,0.3968164
-15.290000000000001,0.3968063
-15.3,0.3967962
-15.31,0.3967861
-15.32,0.39677596
-15.33,0.39676586
-15.34,0.39675575
-15.35,0.39674562
-15.36,0.39673552
-15.37,0.39672542
-15.38,0.39671528
-15.39,0.3967052
-15.4,0.39669508
-15.41,0.39668494
-15.42,0.39667484
-15.43,0.39666474
-15.44,0.3966546
-15.45,0.39664447
-15.46,0.39663437
-15.47,0.39662427
-15.48,0.39661413
-15.49,0.396604
-15.5,0.3965939
-15.51,0.3965838
-15.52,0.39657366
-15.53,0.39656353
-15.540000000000001,0.39655346
-15.55,0.39654332
-15.56,0.39653325
-15.57,0.39652312
-15.58,0.396513
-15.59,0.39650288
-15.6,0.39649272
-15.61,0.39648262
-15.620000000000001,0.3964725
-15.63,0.39646238
-15.64,0.39645228
-15.65,0.39644217
-15.66,0.39643204
-15.67,0.3964219
-15.68,0.39641184
-15.69,0.3964017
-15.7,0.39639157
-15.71,0.39638144
-15.72,0.39637133
-15.73,0.39636123
-15.74,0.3963511
-15.75,0.39634097
-15.76,0.39633086
-15.77,0.39632073
-15.78,0.3963106
-15.790000000000001,0.3963005
-15.8,0.39629036
-15.81,0.39628026
-15.82,0.39627013
-15.83,0.39626002
-15.84,0.3962499
-15.85,0.39623976
-15.86,0.39622965
-15.870000000000001,0.39621955
-15.88,0.39620942
-15.89,0.3961993
-15.9,0.39618915
-15.91,0.39617905
-15.92,0.39616892
-15.93,0.3961588
-15.94,0.39614868
-15.95,0.39613855
-15.96,0.39612845
-15.97,0.39611834
-15.98,0.3961082
-15.99,0.39609808
-16.0,0.39608794
-16.01,0.3960778
-16.020000000000003,0.3960677
-16.03,0.3960576
-16.040000000000003,0.39604747
-16.05,0.39603734
-16.060000000000002,0.3960272
-16.07,0.39601707
-16.080000000000002,0.39600694
-16.090000000000003,0.39599687
-16.1,0.39598674
-16.110000000000003,0.3959766
-16.12,0.39596647
-16.130000000000003,0.39595634
-16.14,0.39594623
-16.150000000000002,0.39593607
-16.16,0.395926
-16.17,0.39591587
-16.180000000000003,0.39590573
-16.19,0.3958956
-16.200000000000003,0.3958855
-16.21,0.39587533
-16.220000000000002,0.39586523
-16.23,0.3958551
-16.240000000000002,0.395845
-16.250000000000004,0.39583486
-16.26,0.39582473
-16.270000000000003,0.3958146
-16.28,0.39580446
-16.290000000000003,0.39579433
-16.3,0.39578423
-16.310000000000002,0.39577413
-16.32,0.395764
-16.330000000000002,0.39575386
-16.340000000000003,0.39574373
-16.35,0.3957336
-16.360000000000003,0.39572352
-16.37,0.39571336
-16.380000000000003,0.39570323
-16.39,0.3956931
-16.400000000000002,0.395683
-16.41,0.39567286
-16.42,0.39566272
-16.430000000000003,0.3956526
-16.44,0.39564246
-16.450000000000003,0.39563233
-16.46,0.39562222
-16.470000000000002,0.39561212
-16.48,0.395602
-16.490000000000002,0.39559186
-16.500000000000004,0.39558172
-16.51,0.3955716
-16.520000000000003,0.3955615
-16.53,0.39555135
-16.540000000000003,0.39554122
-16.55,0.39553112
-16.560000000000002,0.39552096
-16.57,0.39551085
-16.580000000000002,0.39550072
-16.590000000000003,0.3954906
-16.6,0.39548045
-16.610000000000003,0.39547032
-16.62,0.3954602
-16.630000000000003,0.3954501
-16.64,0.39543995
-16.650000000000002,0.39542985
-16.66,0.39541972
-16.67,0.39540958
-16.680000000000003,0.39539945
-16.69,0.39538932
-16.700000000000003,0.3953792
-16.71,0.39536908
-16.720000000000002,0.39535892
-16.73,0.39534882
-16.740000000000002,0.3953387
-16.750000000000004,0.39532855
-16.76,0.39531845
-16.770000000000003,0.39530832
-16.78,0.39529818
-16.790000000000003,0.39528805
-16.8,0.39527792
-16.810000000000002,0.39526778
-16.82,0.39525765
-16.830000000000002,0.39524755
-16.840000000000003,0.39523745
-16.85,0.39522725
-16.860000000000003,0.39521715
-16.87,0.39520705
-16.880000000000003,0.3951969
-16.89,0.39518678
-16.900000000000002,0.39517665
-16.91,0.39516652
-16.92,0.39515638
-16.930000000000003,0.39514628
-16.94,0.39513618
-16.950000000000003,0.39512604
-16.96,0.3951159
-16.970000000000002,0.39510578
-16.98,0.39509565
-16.990000000000002,0.3950855
-17.000000000000004,0.39507532
-17.01,0.39506525
-17.020000000000003,0.39505512
-17.03,0.39504498
-17.040000000000003,0.39503485
-17.05,0.39502472
-17.060000000000002,0.3950146
-17.07,0.3950045
-17.080000000000002,0.39499438
-17.090000000000003,0.39498425
-17.1,0.3949741
-17.110000000000003,0.39496398
-17.12,0.39495385
-17.130000000000003,0.3949437
-17.14,0.3949336
-17.150000000000002,0.39492345
-17.160000000000004,0.39491338
-17.17,0.3949032
-17.180000000000003,0.3948931
-17.19,0.39488295
-17.200000000000003,0.39487284
-17.21,0.3948627
-17.220000000000002,0.39485258
-17.23,0.39484245
-17.240000000000002,0.3948323
-17.250000000000004,0.39482224
-17.26,0.39481208
-17.270000000000003,0.39480197
-17.28,0.3947918
-17.290000000000003,0.3947817
-17.3,0.39477158
-17.310000000000002,0.39476144
-17.32,0.3947513
-17.330000000000002,0.39474118
-17.340000000000003,0.39473104
-17.35,0.3947209
-17.360000000000003,0.3947108
-17.37,0.39470068
-17.380000000000003,0.39469057
-17.39,0.39468044
-17.400000000000002,0.3946703
-17.410000000000004,0.3946602
-17.42,0.39465004
-17.430000000000003,0.3946399
-17.44,0.3946298
-17.450000000000003,0.39461967
-17.46,0.39460957
-17.470000000000002,0.39459944
-17.48,0.39458928
-17.490000000000002,0.39457917
-17.500000000000004,0.39456904
-17.51,0.3945589
-17.520000000000003,0.39454877
-17.53,0.39453867
-17.540000000000003,0.39452854
-17.55,0.39451844
-17.560000000000002,0.3945083
-17.57,0.39449817
-17.580000000000002,0.39448804
-17.590000000000003,0.3944779
-17.6,0.39446777
-17.610000000000003,0.39445767
-17.62,0.39444757
-17.630000000000003,0.39443743
-17.64,0.3944273
-17.650000000000002,0.39441717
-17.660000000000004,0.39440703
-17.67,0.3943969
-17.680000000000003,0.39438683
-17.69,0.39437667
-17.700000000000003,0.39436653
-17.71,0.39435643
-17.720000000000002,0.3943463
-17.73,0.39433616
-17.740000000000002,0.39432603
-17.750000000000004,0.39431596
-17.76,0.3943058
-17.770000000000003,0.3942957
-17.78,0.39428556
-17.790000000000003,0.39427543
-17.8,0.39426532
-17.810000000000002,0.3942552
-17.82,0.39424506
-17.830000000000002,0.39423496
-17.840000000000003,0.39422482
-17.85,0.3942147
-17.860000000000003,0.39420456
-17.87,0.39419442
-17.880000000000003,0.3941843
-17.89,0.3941742
-17.900000000000002,0.3941641
-17.910000000000004,0.39415392
-17.92,0.39414382
-17.930000000000003,0.3941337
-17.94,0.39412355
-17.950000000000003,0.39411345
-17.96,0.39410332
-17.970000000000002,0.3940932
-17.98,0.39408308
-17.990000000000002,0.39407298
-18.000000000000004,0.39406282
-18.01,0.3940527
-18.020000000000003,0.3940426
-18.03,0.39403248
-18.040000000000003,0.39402235
-18.05,0.3940122
-18.060000000000002,0.3940021
-18.07,0.393992
-18.080000000000002,0.39398187
-18.090000000000003,0.39397174
-18.1,0.39396164
-18.110000000000003,0.39395154
-18.12,0.3939414
-18.130000000000003,0.3939313
-18.14,0.39392114
-18.150000000000002,0.393911
-18.160000000000004,0.3939009
-18.17,0.3938908
-18.180000000000003,0.39388067
-18.19,0.39387053
-18.200000000000003,0.39386046
-18.21,0.39385033
-18.220000000000002,0.3938402
-18.23,0.39383006
-18.240000000000002,0.39381996
-18.250000000000004,0.39380983
-18.26,0.3937997
-18.270000000000003,0.3937896
-18.28,0.3937795
-18.290000000000003,0.39376935
-18.3,0.39375925
-18.310000000000002,0.39374915
-18.32,0.393739
-18.330000000000002,0.39372888
-18.340000000000003,0.39371878
-18.35,0.39370865
-18.360000000000003,0.3936985
-18.37,0.39368844
-18.380000000000003,0.3936783
-18.39,0.39366817
-18.400000000000002,0.39365807
-18.410000000000004,0.39364797
-18.42,0.39363784
-18.430000000000003,0.3936277
-18.44,0.39361757
-18.450000000000003,0.3936075
-18.46,0.39359736
-18.470000000000002,0.39358723
-18.48,0.3935771
-18.490000000000002,0.39356703
-18.500000000000004,0.3935569
-18.51,0.39354676
-18.520000000000003,0.3935367
-18.53,0.39352655
-18.540000000000003,0.39351642
-18.55,0.39350635
-18.560000000000002,0.39349622
-18.57,0.39348608
-18.580000000000002,0.39347598
-18.590000000000003,0.39346588
-18.6,0.39345574
-18.610000000000003,0.39344564
-18.62,0.39343554
-18.630000000000003,0.3934254
-18.64,0.3934153
-18.650000000000002,0.39340517
-18.660000000000004,0.39339507
-18.67,0.39338493
-18.680000000000003,0.39337483
-18.69,0.39336473
-18.700000000000003,0.39335462
-18.71,0.39334452
-18.720000000000002,0.3933344
-18.73,0.39332426
-18.740000000000002,0.39331418
-18.750000000000004,0.39330405
-18.76,0.39329392
-18.770000000000003,0.39328384
-18.78,0.3932737
-18.790000000000003,0.39326358
-18.8,0.3932535
-18.810000000000002,0.39324337
-18.82,0.3932333
-18.830000000000002,0.39322317
-18.840000000000003,0.39321306
-18.85,0.39320296
-18.860000000000003,0.39319283
-18.87,0.39318272
-18.880000000000003,0.39317262
-18.89,0.3931625
-18.900000000000002,0.3931524
-18.910000000000004,0.39314228
-18.92,0.39313218
-18.930000000000003,0.39312208
-18.94,0.39311194
-18.950000000000003,0.39310187
-18.96,0.39309174
-18.970000000000002,0.39308164
-18.98,0.39307153
-18.990000000000002,0.3930614
-19.000000000000004,0.39305133
-19.01,0.3930412
-19.020000000000003,0.3930311
-19.03,0.393021
-19.040000000000003,0.39301085
-19.05,0.39300078
-19.060000000000002,0.39299065
-19.07,0.39298058
-19.080000000000002,0.39297044
-19.090000000000003,0.39296034
-19.1,0.39295024
-19.110000000000003,0.39294013
-19.12,0.39293003
-19.130000000000003,0.3929199
-19.14,0.39290982
-19.150000000000002,0.3928997
-19.160000000000004,0.39288962
-19.17,0.39287952
-19.180000000000003,0.3928694
-19.19,0.3928593
-19.200000000000003,0.3928492
-19.21,0.3928391
-19.220000000000002,0.392829
-19.23,0.3928189
-19.240000000000002,0.3928088
-19.250000000000004,0.39279866
-19.26,0.3927886
-19.270000000000003,0.39277846
-19.28,0.39276838
-19.290000000000003,0.39275828
-19.3,0.39274818
-19.310000000000002,0.3927381
-19.32,0.39272797
-19.330000000000002,0.39271787
-19.340000000000003,0.39270777
-19.35,0.3926977
-19.360000000000003,0.39268756
-19.37,0.3926775
-19.380000000000003,0.39266738
-19.39,0.39265728
-19.400000000000002,0.39264718
-19.410000000000004,0.39263707
-19.42,0.39262697
-19.430000000000003,0.39261687
-19.44,0.39260677
-19.450000000000003,0.39259672
-19.46,0.3925866
-19.470000000000002,0.3925765
-19.48,0.39256638
-19.490000000000002,0.39255628
-19.500000000000004,0.39254618
-19.51,0.3925361
-19.520000000000003,0.392526
-19.53,0.3925159
-19.540000000000003,0.39250582
-19.55,0.3924957
-19.560000000000002,0.39248562
-19.57,0.3924755
-19.580000000000002,0.3924654
-19.590000000000003,0.39245534
-19.6,0.39244524
-19.610000000000003,0.39243513
-19.62,0.39242506
-19.630000000000003,0.39241496
-19.64,0.39240485
-19.650000000000002,0.39239478
-19.660000000000004,0.39238465
-19.67,0.39237458
-19.680000000000003,0.3923645
-19.69,0.3923544
-19.700000000000003,0.3923443
-19.71,0.39233422
-19.720000000000002,0.39232412
-19.73,0.39231402
-19.740000000000002,0.3923039
-19.750000000000004,0.39229384
-19.76,0.39228374
-19.770000000000003,0.39227366
-19.78,0.39226356
-19.790000000000003,0.39225346
-19.8,0.3922434
-19.810000000000002,0.39223328
-19.82,0.39222318
-19.830000000000002,0.3922131
-19.840000000000003,0.39220303
-19.85,0.3921929
-19.860000000000003,0.39218283
-19.87,0.39217275
-19.880000000000003,0.39216268
-19.89,0.39215258
-19.900000000000002,0.3921425
-19.910000000000004,0.3921324
-19.92,0.39212233
-19.930000000000003,0.39211226
-19.94,0.39210215
-19.950000000000003,0.39209205
-19.96,0.39208198
-19.970000000000002,0.39207184
-19.98,0.39206177
-19.990000000000002,0.3920517
-20.000000000000004,0.39204162
-20.01,0.39203152
-20.020000000000003,0.39202142
-20.03,0.39201134
-20.040000000000003,0.39200127
-20.05,0.3919912
-20.060000000000002,0.39198112
-20.07,0.391971
-20.080000000000002,0.39196092
-20.090000000000003,0.39195085
-20.1,0.39194077
-20.110000000000003,0.3919307
-20.12,0.39192063
-20.130000000000003,0.39191052
-20.14,0.39190045
-20.150000000000002,0.39189038
-20.160000000000004,0.39188027
-20.17,0.3918702
-20.180000000000003,0.39186013
-20.19,0.39185005
-20.200000000000003,0.39183998
-20.21,0.3918299
-20.220000000000002,0.39181983
-20.23,0.39180973
-20.240000000000002,0.3917997
-20.250000000000004,0.39178956
-20.26,0.3917795
-20.270000000000003,0.3917694
-20.28,0.39175934
-20.290000000000003,0.39174926
-20.3,0.3917392
-20.310000000000002,0.39172912
-20.32,0.391719
-20.330000000000002,0.39170897
-20.340000000000003,0.39169887
-20.35,0.39168882
-20.360000000000003,0.39167875
-20.37,0.39166868
-20.380000000000003,0.39165857
-20.39,0.3916485
-20.400000000000002,0.3916384
-20.410000000000004,0.39162832
-20.42,0.39161828
-20.430000000000003,0.39160824
-20.44,0.39159817
-20.450000000000003,0.3915881
-20.46,0.39157802
-20.470000000000002,0.39156795
-20.48,0.39155787
-20.490000000000002,0.3915478
-20.500000000000004,0.3915377
-20.51,0.39152765
-20.520000000000003,0.39151755
-20.53,0.3915075
-20.540000000000003,0.3914974
-20.55,0.39148736
-20.560000000000002,0.3914773
-20.57,0.3914672
-20.580000000000002,0.39145714
-20.590000000000003,0.39144707
-20.6,0.391437
-20.610000000000003,0.39142692
-20.62,0.39141685
-20.630000000000003,0.39140677
-20.64,0.39139676
-20.650000000000002,0.3913867
-20.660000000000004,0.39137658
-20.67,0.39136654
-20.680000000000003,0.39135647
-20.69,0.3913464
-20.700000000000003,0.39133632
-20.71,0.39132628
-20.720000000000002,0.39131624
-20.73,0.39130616
-20.740000000000002,0.3912961
-20.750000000000004,0.39128602
-20.76,0.39127594
-20.770000000000003,0.3912659
-20.78,0.3912558
-20.790000000000003,0.39124578
-20.8,0.3912357
-20.810000000000002,0.39122564
-20.82,0.39121556
-20.830000000000002,0.3912055
-20.840000000000003,0.39119548
-20.85,0.3911854
-20.860000000000003,0.39117533
-20.87,0.39116526
-20.880000000000003,0.39115524
-20.89,0.39114514
-20.900000000000002,0.3911351
-20.910000000000004,0.39112502
-20.92,0.39111495
-20.930000000000003,0.3911049
-20.94,0.39109486
-20.950000000000003,0.3910848
-20.96,0.39107475
-20.970000000000002,0.3910647
-20.98,0.39105463
-20.990000000000002,0.39104456
-21.000000000000004,0.3910345
-21.01,0.39102444
-21.020000000000003,0.3910144
-21.03,0.39100435
-21.040000000000003,0.3909943
-21.05,0.39098424
-21.060000000000002,0.3909742
-21.07,0.39096415
-21.080000000000002,0.39095408
-21.090000000000003,0.39094403
-21.1,0.390934
-21.110000000000003,0.39092395
-21.12,0.39091384
-21.130000000000003,0.39090383
-21.14,0.39089376
-21.150000000000002,0.3908837
-21.160000000000004,0.39087367
-21.17,0.3908636
-21.180000000000003,0.39085355
-21.19,0.39084354
-21.200000000000003,0.39083347
-21.21,0.39082342
-21.220000000000002,0.39081338
-21.23,0.3908033
-21.240000000000002,0.39079326
-21.250000000000004,0.39078322
-21.26,0.39077318
-21.270000000000003,0.3907631
-21.28,0.3907531
-21.290000000000003,0.39074302
-21.3,0.390733
-21.310000000000002,0.39072293
-21.32,0.39071292
-21.330000000000002,0.39070284
-21.340000000000003,0.39069283
-21.35,0.39068276
-21.360000000000003,0.39067274
-21.37,0.39066267
-21.380000000000003,0.39065263
-21.39,0.39064258
-21.400000000000002,0.39063257
-21.410000000000004,0.3906225
-21.42,0.39061245
-21.430000000000003,0.3906024
-21.44,0.3905924
-21.450000000000003,0.39058232
-21.46,0.3905723
-21.470000000000002,0.39056227
-21.48,0.39055222
-21.490000000000002,0.39054218
-21.500000000000004,0.39053214
-21.51,0.3905221
-21.520000000000003,0.39051205
-21.53,0.39050204
-21.540000000000003,0.39049202
-21.55,0.39048195
-21.560000000000002,0.3904719
-21.57,0.3904619
-21.580000000000002,0.39045185
-21.590000000000003,0.39044183
-21.6,0.39043176
-21.610000000000003,0.39042175
-21.62,0.3904117
-21.630000000000003,0.39040166
-21.64,0.39039165
-21.650000000000002,0.3903816
-21.660000000000004,0.39037156
-21.67,0.39036155
-21.680000000000003,0.3903515
-21.69,0.39034146
-21.700000000000003,0.39033145
-21.71,0.3903214
-21.720000000000002,0.3903114
-21.73,0.39030135
-21.740000000000002,0.39029133
-21.750000000000004,0.39028132
-21.76,0.39027128
-21.770000000000003,0.39026123
-21.78,0.3902512
-21.790000000000003,0.39024115
-21.8,0.39023113
-21.810000000000002,0.39022112
-21.82,0.3902111
-21.830000000000002,0.39020103
-21.840000000000003,0.39019105
-21.85,0.390181
-21.860000000000003,0.390171
-21.87,0.39016098
-21.880000000000003,0.39015096
-21.89,0.39014092
-21.900000000000002,0.39013088
-21.910000000000004,0.39012086
-21.92,0.39011085
-21.930000000000003,0.39010084
-21.94,0.39009076
-21.950000000000003,0.39008078
-21.96,0.39007074
-21.970000000000002,0.39006072
-21.98,0.3900507
-21.990000000000002,0.3900407
-22.000000000000004,0.39003068
-22.01,0.39002064
-22.020000000000003,0.39001063
-22.03,0.3900006
-22.040000000000003,0.38999063
-22.05,0.38998055
-22.060000000000002,0.38997057
-22.07,0.38996053
-22.080000000000002,0.3899505
-22.090000000000003,0.3899405
-22.1,0.3899305
-22.110000000000003,0.38992044
-22.12,0.38991046
-22.130000000000003,0.38990042
-22.14,0.38989043
-22.150000000000002,0.38988042
-22.160000000000004,0.3898704
-22.17,0.3898604
-22.180000000000003,0.38985038
-22.19,0.38984036
-22.200000000000003,0.38983035
-22.21,0.38982034
-22.220000000000002,0.38981032
-22.23,0.3898003
-22.240000000000002,0.3897903
-22.250000000000004,0.38978028
-22.26,0.38977027
-22.270000000000003,0.38976026
-22.28,0.38975027
-22.290000000000003,0.38974023
-22.3,0.38973024
-22.310000000000002,0.38972023
-22.32,0.38971022
-22.330000000000002,0.3897002
-22.340000000000003,0.38969022
-22.35,0.3896802
-22.360000000000003,0.3896702
-22.37,0.38966018
-22.380000000000003,0.38965017
-22.39,0.38964015
-22.400000000000002,0.38963014
-22.410000000000004,0.38962018
-22.42,0.38961017
-22.430000000000003,0.38960016
-22.44,0.38959017
-22.450000000000003,0.38958013
-22.46,0.38957015
-22.470000000000002,0.38956016
-22.48,0.38955015
-22.490000000000002,0.38954017
-22.500000000000004,0.38953015
-22.51,0.38952014
-22.520000000000003,0.38951015
-22.53,0.38950014
-22.540000000000003,0.38949013
-22.55,0.3894801
-22.560000000000002,0.38947016
-22.57,0.38946015
-22.580000000000002,0.38945013
-22.590000000000003,0.38944015
-22.6,0.38943017
-22.610000000000003,0.38942015
-22.62,0.3894102
-22.630000000000003,0.38940018
-22.64,0.38939017
-22.650000000000002,0.3893802
-22.660000000000004,0.3893702
-22.67,0.38936022
-22.680000000000003,0.3893502
-22.69,0.38934022
-22.700000000000003,0.3893302
-22.71,0.38932025
-22.720000000000002,0.38931024
-22.73,0.38930023
-22.740000000000002,0.38929024
-22.750000000000004,0.38928026
-22.76,0.38927028
-22.770000000000003,0.3892603
-22.78,0.3892503
-22.790000000000003,0.38924032
-22.8,0.38923034
-22.810000000000002,0.38922033
-22.82,0.38921034
-22.830000000000002,0.38920033
-22.840000000000003,0.38919038
-22.85,0.38918042
-22.860000000000003,0.3891704
-22.87,0.38916045
-22.880000000000003,0.38915044
-22.89,0.38914046
-22.900000000000002,0.38913047
-22.910000000000004,0.38912046
-22.92,0.3891105
-22.930000000000003,0.3891005
-22.94,0.38909054
-22.950000000000003,0.38908058
-22.96,0.38907057
-22.970000000000002,0.3890606
-22.98,0.3890506
-22.990000000000002,0.38904065
-23.000000000000004,0.38903067
-23.01,0.38902068
-23.020000000000003,0.3890107
-23.03,0.3890007
-23.040000000000003,0.38899076
-23.05,0.38898078
-23.060000000000002,0.3889708
-23.07,0.3889608
-23.080000000000002,0.38895085
-23.090000000000003,0.38894087
-23.1,0.38893092
-23.110000000000003,0.3889209
-23.12,0.38891095
-23.130000000000003,0.38890097
-23.14,0.38889098
-23.150000000000002,0.38888103
-23.160000000000004,0.38887104
-23.17,0.3888611
-23.180000000000003,0.3888511
-23.19,0.38884115
-23.200000000000003,0.38883114
-23.21,0.3888212
-23.220000000000002,0.38881123
-23.23,0.38880128
-23.240000000000002,0.38879126
-23.250000000000004,0.3887813
-23.26,0.38877136
-23.270000000000003,0.3887614
-23.28,0.38875142
-23.290000000000003,0.3887415
-23.3,0.38873148
-23.310000000000002,0.38872153
-23.32,0.38871154
-23.330000000000002,0.3887016
-23.340000000000003,0.3886916
-23.35,0.38868168
-23.360000000000003,0.3886717
-23.37,0.38866174
-23.380000000000003,0.3886518
-23.39,0.38864183
-23.400000000000002,0.38863185
-23.410000000000004,0.3886219
-23.42,0.38861194
-23.430000000000003,0.38860196
-23.44,0.388592
-23.450000000000003,0.38858205
-23.46,0.3885721
-23.470000000000002,0.38856214
-23.48,0.3885522
-23.490000000000002,0.38854223
-23.500000000000004,0.38853228
-23.51,0.38852233
-23.520000000000003,0.38851237
-23.53,0.38850242
-23.540000000000003,0.38849244
-23.55,0.38848248
-23.560000000000002,0.38847256
-23.57,0.38846257
-23.580000000000002,0.38845265
-23.590000000000003,0.38844267
-23.6,0.38843274
-23.610000000000003,0.3884228
-23.62,0.38841283
-23.630000000000003,0.38840288
-23.64,0.38839293
-23.650000000000002,0.38838297
-23.660000000000004,0.38837302
-23.67,0.3883631
-23.680000000000003,0.3883531
-23.69,0.38834316
-23.700000000000003,0.38833323
-23.71,0.3883233
-23.720000000000002,0.38831335
-23.73,0.3883034
-23.740000000000002,0.38829345
-23.750000000000004,0.3882835
-23.76,0.38827354
-23.770000000000003,0.3882636
-23.78,0.38825366
-23.790000000000003,0.38824373
-23.8,0.38823378
-23.810000000000002,0.38822383
-23.82,0.38821387
-23.830000000000002,0.38820398
-23.840000000000003,0.38819402
-23.85,0.38818407
-23.860000000000003,0.38817412
-23.87,0.3881642
-23.880000000000003,0.38815427
-23.89,0.3881443
-23.900000000000002,0.38813442
-23.910000000000004,0.38812444
-23.92,0.3881145
-23.930000000000003,0.38810456
-23.94,0.38809463
-23.950000000000003,0.3880847
-23.96,0.38807476
-23.970000000000002,0.38806483
-23.98,0.3880549
-23.990000000000002,0.38804495
-24.000000000000004,0.38803503
-24.01,0.3880251
-24.020000000000003,0.38801515
-24.03,0.38800523
-24.040000000000003,0.3879953
-24.05,0.38798538
-24.060000000000002,0.38797545
-24.070000000000004,0.38796553
-24.080000000000002,0.3879556
-24.090000000000003,0.38794565
-24.1,0.38793573
-24.110000000000003,0.3879258
-24.12,0.38791585
-24.130000000000003,0.38790596
-24.14,0.38789603
-24.150000000000002,0.3878861
-24.160000000000004,0.38787615
-24.17,0.38786626
-24.180000000000003,0.3878563
-24.19,0.38784638
-24.200000000000003,0.38783646
-24.21,0.38782656
-24.220000000000002,0.38781664
-24.23,0.3878067
-24.240000000000002,0.38779676
-24.250000000000004,0.38778687
-24.26,0.38777694
-24.270000000000003,0.38776702
-24.28,0.3877571
-24.290000000000003,0.38774717
-24.3,0.38773727
-24.310000000000002,0.38772735
-24.320000000000004,0.38771743
-24.330000000000002,0.38770753
-24.340000000000003,0.38769758
-24.35,0.38768768
-24.360000000000003,0.3876778
-24.37,0.38766786
-24.380000000000003,0.38765794
-24.39,0.38764802
-24.400000000000002,0.38763812
-24.410000000000004,0.3876282
-24.42,0.3876183
-24.430000000000003,0.38760835
-24.44,0.38759845
-24.450000000000003,0.38758856
-24.46,0.38757867
-24.470000000000002,0.38756874
-24.48,0.38755885
-24.490000000000002,0.38754892
-24.500000000000004,0.38753903
-24.51,0.38752913
-24.520000000000003,0.38751918
-24.53,0.3875093
-24.540000000000003,0.3874994
-24.55,0.3874895
-24.560000000000002,0.38747954
-24.570000000000004,0.38746965
-24.580000000000002,0.38745975
-24.590000000000003,0.38744986
-24.6,0.38743997
-24.610000000000003,0.38743004
-24.62,0.38742018
-24.630000000000003,0.38741022
-24.64,0.38740033
-24.650000000000002,0.38739043
-24.660000000000004,0.38738054
-24.67,0.38737065
-24.680000000000003,0.38736075
-24.69,0.38735086
-24.700000000000003,0.38734096
-24.71,0.38733107
-24.720000000000002,0.38732117
-24.73,0.38731128
-24.740000000000002,0.3873014
-24.750000000000004,0.38729146
-24.76,0.3872816
-24.770000000000003,0.38727167
-24.78,0.3872618
-24.790000000000003,0.3872519
-24.8,0.387242
-24.810000000000002,0.38723207
-24.820000000000004,0.3872222
-24.830000000000002,0.38721234
-24.840000000000003,0.38720244
-24.85,0.38719255
-24.860000000000003,0.38718265
-24.87,0.38717276
-24.880000000000003,0.38716286
-24.89,0.38715297
-24.900000000000002,0.38714308
-24.910000000000004,0.3871332
-24.92,0.38712335
-24.930000000000003,0.38711342
-24.94,0.38710356
-24.950000000000003,0.38709366
-24.96,0.38708377
-24.970000000000002,0.38707387
-24.98,0.387064
-24.990000000000002,0.38705415
-25.000000000000004,0.38704425
-25.01,0.38703436
-25.020000000000003,0.38702446
-25.03,0.38701463
-25.040000000000003,0.3870047
-25.05,0.38699484
-25.060000000000002,0.38698494
-25.070000000000004,0.3869751
-25.080000000000002,0.38696522
-25.090000000000003,0.38695535
-25.1,0.38694543
-25.110000000000003,0.38693556
-25.12,0.3869257
-25.130000000000003,0.3869158
-25.14,0.38690597
-25.150000000000002,0.38689607
-25.160000000000004,0.38688618
-25.17,0.38687629
-25.180000000000003,0.38686645
-25.19,0.38685656
-25.200000000000003,0.38684672
-25.21,0.38683686
-25.220000000000002,0.38682696
-25.23,0.3868171
-25.240000000000002,0.3868072
-25.250000000000004,0.38679734
-25.26,0.38678747
-25.270000000000003,0.38677764
-25.28,0.38676775
-25.290000000000003,0.38675788
-25.3,0.38674802
-25.310000000000002,0.38673812
-25.320000000000004,0.3867283
-25.330000000000002,0.38671842
-25.340000000000003,0.38670856
-25.35,0.3866987
-25.360000000000003,0.38668886
-25.37,0.38667896
-25.380000000000003,0.3866691
-25.39,0.38665923
-25.400000000000002,0.38664937
-25.410000000000004,0.38663954
-25.42,0.38662967
-25.430000000000003,0.3866198
-25.44,0.3866099
-25.450000000000003,0.38660008
-25.46,0.38659018
-25.470000000000002,0.38658035
-25.48,0.3865705
-25.490000000000002,0.38656065
-25.500000000000004,0.3865508
-25.51,0.38654095
-25.520000000000003,0.38653108
-25.53,0.38652122
-25.540000000000003,0.3865114
-25.55,0.38650152
-25.560000000000002,0.38649166
-25.570000000000004,0.38648182
-25.580000000000002,0.386472
-25.590000000000003,0.38646212
-25.6,0.38645226
-25.610000000000003,0.38644242
-25.62,0.38643256
-25.630000000000003,0.38642272
-25.64,0.38641286
-25.650000000000002,0.38640302
-25.660000000000004,0.38639316
-25.67,0.38638332
-25.680000000000003,0.3863735
-25.69,0.38636363
-25.700000000000003,0.3863538
-25.71,0.38634396
-25.720000000000002,0.38633412
-25.73,0.3863243
-25.740000000000002,0.38631442
-25.750000000000004,0.38630456
-25.76,0.38629472
-25.770000000000003,0.38628492
-25.78,0.38627505
-25.790000000000003,0.38626522
-25.8,0.38625538
-25.810000000000002,0.38624555
-25.820000000000004,0.38623568
-25.830000000000002,0.38622588
-25.840000000000003,0.38621604
-25.85,0.38620618
-25.860000000000003,0.38619637
-25.87,0.38618654
-25.880000000000003,0.3861767
-25.89,0.38616684
-25.900000000000002,0.38615704
-25.910000000000004,0.3861472
-25.92,0.38613737
-25.930000000000003,0.38612753
-25.94,0.3861177
-25.950000000000003,0.38610786
-25.96,0.38609803
-25.970000000000002,0.3860882
-25.98,0.38607836
-25.990000000000002,0.38606858
-26.000000000000004,0.38605872
-26.01,0.38604885
-26.020000000000003,0.38603908
-26.03,0.38602924
-26.040000000000003,0.3860194
-26.05,0.38600957
-26.060000000000002,0.38599977
-26.070000000000004,0.3859899
-26.080000000000002,0.38598013
-26.090000000000003,0.3859703
-26.1,0.38596046
-26.110000000000003,0.38595062
-26.12,0.3859408
-26.130000000000003,0.38593102
-26.14,0.38592118
-26.150000000000002,0.38591138
-26.160000000000004,0.38590154
-26.17,0.38589174
-26.180000000000003,0.3858819
-26.19,0.38587207
-26.200000000000003,0.38586226
-26.21,0.38585246
-26.220000000000002,0.38584265
-26.23,0.38583285
-26.240000000000002,0.385823
-26.250000000000004,0.38581318
-26.26,0.3858034
-26.270000000000003,0.38579357
-26.28,0.38578376
-26.290000000000003,0.38577396
-26.3,0.38576415
-26.310000000000002,0.38575435
-26.320000000000004,0.3857445
-26.330000000000002,0.3857347
-26.340000000000003,0.3857249
-26.35,0.3857151
-26.360000000000003,0.3857053
-26.37,0.38569546
-26.380000000000003,0.38568568
-26.39,0.38567585
-26.400000000000002,0.38566607
-26.410000000000004,0.38565627
-26.42,0.38564646
-26.430000000000003,0.38563666
-26.44,0.38562685
-26.450000000000003,0.38561705
-26.46,0.38560724
-26.470000000000002,0.38559744
-26.48,0.38558763
-26.490000000000002,0.38557783
-26.500000000000004,0.38556805
-26.51,0.38555825
-26.520000000000003,0.38554847
-26.53,0.38553864
-26.540000000000003,0.38552886
-26.55,0.38551903
-26.560000000000002,0.38550925
-26.570000000000004,0.38549948
-26.580000000000002,0.38548964
-26.590000000000003,0.38547987
-26.6,0.3854701
-26.610000000000003,0.3854603
-26.62,0.38545048
-26.630000000000003,0.3854407
-26.64,0.3854309
-26.650000000000002,0.38542113
-26.660000000000004,0.38541132
-26.67,0.38540155
-26.680000000000003,0.38539177
-26.69,0.38538197
-26.700000000000003,0.38537216
-26.71,0.3853624
-26.720000000000002,0.3853526
-26.73,0.3853428
-26.740000000000002,0.38533306
-26.750000000000004,0.38532326
-26.76,0.38531345
-26.770000000000003,0.38530368
-26.78,0.3852939
-26.790000000000003,0.38528413
-26.8,0.38527435
-26.810000000000002,0.38526455
-26.820000000000004,0.38525474
-26.830000000000002,0.385245
-26.840000000000003,0.3852352
-26.85,0.38522542
-26.860000000000003,0.38521564
-26.87,0.38520586
-26.880000000000003,0.3851961
-26.89,0.3851863
-26.900000000000002,0.38517654
-26.910000000000004,0.38516676
-26.92,0.385157
-26.930000000000003,0.3851472
-26.94,0.38513744
-26.950000000000003,0.38512766
-26.96,0.3851179
-26.970000000000002,0.3851081
-26.98,0.38509834
-26.990000000000002,0.38508856
-27.000000000000004,0.38507885
-27.01,0.38506907
-27.020000000000003,0.3850593
-27.03,0.38504952
-27.040000000000003,0.38503975
-27.05,0.38502997
-27.060000000000002,0.38502023
-27.070000000000004,0.38501045
-27.080000000000002,0.3850007
-27.090000000000003,0.3849909
-27.1,0.38498116
-27.110000000000003,0.38497138
-27.12,0.38496163
-27.130000000000003,0.3849519
-27.14,0.3849421
-27.150000000000002,0.38493234
-27.160000000000004,0.3849226
-27.17,0.38491282
-27.180000000000003,0.38490307
-27.19,0.3848933
-27.200000000000003,0.38488355
-27.21,0.3848738
-27.220000000000002,0.38486403
-27.23,0.38485426
-27.240000000000002,0.38484454
-27.250000000000004,0.38483477
-27.26,0.38482502
-27.270000000000003,0.38481528
-27.28,0.3848055
-27.290000000000003,0.38479573
-27.3,0.384786
-27.310000000000002,0.38477623
-27.320000000000004,0.38476652
-27.330000000000002,0.38475674
-27.340000000000003,0.384747
-27.35,0.38473725
-27.360000000000003,0.38472748
-27.37,0.38471776
-27.380000000000003,0.384708
-27.39,0.38469827
-27.400000000000002,0.3846885
-27.410000000000004,0.38467878
-27.42,0.384669
-27.430000000000003,0.3846593
-27.44,0.38464952
-27.450000000000003,0.3846398
-27.46,0.38463005
-27.470000000000002,0.3846203
-27.48,0.38461056
-27.490000000000002,0.38460082
-27.500000000000004,0.3845911
-27.51,0.38458136
-27.520000000000003,0.3845716
-27.53,0.38456187
-27.540000000000003,0.38455212
-27.55,0.3845424
-27.560000000000002,0.3845327
-27.570000000000004,0.3845229
-27.580000000000002,0.3845132
-27.590000000000003,0.38450345
-27.6,0.38449374
-27.610000000000003,0.384484
-27.62,0.38447425
-27.630000000000003,0.38446456
-27.64,0.3844548
-27.650000000000002,0.38444507
-27.660000000000004,0.38443536
-27.67,0.38442558
-27.680000000000003,0.38441586
-27.69,0.38440615
-27.700000000000003,0.38439643
-27.71,0.38438672
-27.720000000000002,0.38437694
-27.73,0.38436723
-27.740000000000002,0.3843575
-27.750000000000004,0.3843478
-27.76,0.38433805
-27.770000000000003,0.38432837
-27.78,0.3843186
-27.790000000000003,0.38430893
-27.8,0.38429916
-27.810000000000002,0.38428947
-27.820000000000004,0.38427973
-27.830000000000002,0.38427
-27.840000000000003,0.3842603
-27.85,0.38425058
-27.860000000000003,0.38424087
-27.87,0.38423115
-27.880000000000003,0.38422143
-27.89,0.38421172
-27.900000000000002,0.384202
-27.910000000000004,0.3841923
-27.92,0.38418257
-27.930000000000003,0.3841729
-27.94,0.38416314
-27.950000000000003,0.38415343
-27.96,0.3841437
-27.970000000000002,0.38413402
-27.98,0.3841243
-27.990000000000002,0.3841146
-28.000000000000004,0.3841049
-28.01,0.3840952
-28.020000000000003,0.38408548
-28.03,0.38407576
-28.040000000000003,0.38406605
-28.05,0.38405633
-28.060000000000002,0.38404664
-28.070000000000004,0.38403696
-28.080000000000002,0.38402724
-28.090000000000003,0.38401753
-28.1,0.38400784
-28.110000000000003,0.38399813
-28.12,0.38398844
-28.130000000000003,0.38397875
-28.14,0.38396904
-28.150000000000002,0.38395932
-28.160000000000004,0.38394964
-28.17,0.38393998
-28.180000000000003,0.38393024
-28.19,0.38392055
-28.200000000000003,0.38391083
-28.21,0.38390115
-28.220000000000002,0.38389146
-28.23,0.38388178
-28.240000000000002,0.38387203
-28.250000000000004,0.38386238
-28.26,0.3838527
-28.270000000000003,0.383843
-28.28,0.3838333
-28.290000000000003,0.38382357
-28.3,0.38381392
-28.310000000000002,0.38380423
-28.320000000000004,0.38379455
-28.330000000000002,0.38378486
-28.340000000000003,0.38377517
-28.35,0.38376546
-28.360000000000003,0.3837558
-28.37,0.3837461
-28.380000000000003,0.38373643
-28.39,0.38372678
-28.400000000000002,0.38371706
-28.410000000000004,0.3837074
-28.42,0.3836977
-28.430000000000003,0.38368797
-28.44,0.38367832
-28.450000000000003,0.38366866
-28.46,0.383659
-28.470000000000002,0.3836493
-28.48,0.38363963
-28.490000000000002,0.38362992
-28.500000000000004,0.38362026
-28.51,0.3836106
-28.520000000000003,0.3836009
-28.53,0.38359123
-28.540000000000003,0.38358155
-28.55,0.3835719
-28.560000000000002,0.3835622
-28.570000000000004,0.38355252
-28.580000000000002,0.38354284
-28.590000000000003,0.38353318
-28.6,0.3835235
-28.610000000000003,0.38351384
-28.62,0.38350418
-28.630000000000003,0.3834945
-28.64,0.38348484
-28.650000000000002,0.38347518
-28.660000000000004,0.3834655
-28.67,0.38345584
-28.680000000000003,0.3834462
-28.69,0.3834365
-28.700000000000003,0.38342685
-28.71,0.3834172
-28.720000000000002,0.38340753
-28.73,0.38339788
-28.740000000000002,0.38338822
-28.750000000000004,0.38337854
-28.76,0.38336888
-28.770000000000003,0.3833592
-28.78,0.38334954
-28.790000000000003,0.38333988
-28.8,0.38333023
-28.810000000000002,0.38332057
-28.820000000000004,0.3833109
-28.830000000000002,0.38330126
-28.840000000000003,0.3832916
-28.85,0.38328195
-28.860000000000003,0.3832723
-28.87,0.38326263
-28.880000000000003,0.383253
-28.89,0.38324335
-28.900000000000002,0.3832337
-28.910000000000004,0.38322404
-28.92,0.3832144
-28.930000000000003,0.38320476
-28.94,0.3831951
-28.950000000000003,0.38318545
-28.96,0.3831758
-28.970000000000002,0.38316613
-28.98,0.38315654
-28.990000000000002,0.38314688
-29.000000000000004,0.38313723
-29.01,0.38312757
-29.020000000000003,0.3831179
-29.03,0.38310832
-29.040000000000003,0.38309863
-29.05,0.383089
-29.060000000000002,0.38307935
-29.070000000000004,0.38306975
-29.080000000000002,0.3830601
-29.090000000000003,0.38305044
-29.1,0.38304082
-29.110000000000003,0.38303116
-29.12,0.38302153
-29.130000000000003,0.38301194
-29.14,0.38300225
-29.150000000000002,0.38299263
-29.160000000000004,0.382983
-29.17,0.38297337
-29.180000000000003,0.38296372
-29.19,0.3829541
-29.200000000000003,0.38294446
-29.21,0.38293484
-29.220000000000002,0.3829252
-29.23,0.3829156
-29.240000000000002,0.38290596
-29.250000000000004,0.3828963
-29.26,0.3828867
-29.270000000000003,0.38287705
-29.28,0.38286746
-29.290000000000003,0.3828578
-29.3,0.3828482
-29.310000000000002,0.38283855
-29.320000000000004,0.38282895
-29.330000000000002,0.3828193
-29.340000000000003,0.3828097
-29.35,0.38280007
-29.360000000000003,0.38279045
-29.37,0.3827808
-29.380000000000003,0.38277122
-29.39,0.3827616
-29.400000000000002,0.38275197
-29.410000000000004,0.38274235
-29.42,0.38273275
-29.430000000000003,0.38272312
-29.44,0.3827135
-29.450000000000003,0.38270387
-29.46,0.38269424
-29.470000000000002,0.38268465
-29.48,0.38267505
-29.490000000000002,0.38266543
-29.500000000000004,0.38265583
-29.51,0.3826462
-29.520000000000003,0.3826366
-29.53,0.382627
-29.540000000000003,0.3826174
-29.55,0.38260776
-29.560000000000002,0.3825982
-29.570000000000004,0.38258857
-29.580000000000002,0.38257894
-29.590000000000003,0.38256934
-29.6,0.38255975
-29.610000000000003,0.38255015
-29.62,0.38254052
-29.630000000000003,0.38253093
-29.64,0.38252133
-29.650000000000002,0.38251173
-29.660000000000004,0.38250214
-29.67,0.38249254
-29.680000000000003,0.38248292
-29.69,0.38247332
-29.700000000000003,0.38246372
-29.71,0.38245413
-29.720000000000002,0.38244456
-29.73,0.38243496
-29.740000000000002,0.38242537
-29.750000000000004,0.3824157
-29.76,0.38240615
-29.770000000000003,0.38239655
-29.78,0.38238698
-29.790000000000003,0.3823774
-29.8,0.3823678
-29.810000000000002,0.3823582
-29.820000000000004,0.3823486
-29.830000000000002,0.382339
-29.840000000000003,0.3823294
-29.85,0.3823198
-29.860000000000003,0.38231024
-29.87,0.38230067
-29.880000000000003,0.38229108
-29.89,0.38228148
-29.900000000000002,0.3822719
-29.910000000000004,0.3822623
-29.92,0.38225275
-29.930000000000003,0.38224313
-29.94,0.38223356
-29.950000000000003,0.38222396
-29.96,0.3822144
-29.970000000000002,0.3822048
-29.98,0.38219523
-29.990000000000002,0.38218564
-30.000000000000004,0.38217604
-30.01,0.3821665
-30.020000000000003,0.38215697
-30.03,0.38214737
-30.040000000000003,0.38213778
-30.05,0.38212818
-30.060000000000002,0.38211864
-30.070000000000004,0.38210905
-30.080000000000002,0.3820995
-30.090000000000003,0.3820899
-30.1,0.38208032
-30.110000000000003,0.38207078
-30.12,0.38206118
-30.130000000000003,0.38205165
-30.14,0.38204205
-30.150000000000002,0.38203248
-30.160000000000004,0.38202292
-30.17,0.38201335
-30.180000000000003,0.38200378
-30.19,0.38199422
-30.200000000000003,0.38198465
-30.21,0.3819751
-30.220000000000002,0.38196552
-30.23,0.38195598
-30.240000000000002,0.38194644
-30.250000000000004,0.38193685
-30.26,0.38192728
-30.270000000000003,0.38191772
-30.28,0.38190818
-30.290000000000003,0.38189858
-30.3,0.38188905
-30.310000000000002,0.38187948
-30.320000000000004,0.38186994
-30.330000000000002,0.38186038
-30.340000000000003,0.38185084
-30.35,0.38184127
-30.360000000000003,0.38183174
-30.37,0.38182217
-30.380000000000003,0.38181263
-30.39,0.38180304
-30.400000000000002,0.3817935
-30.410000000000004,0.38178396
-30.42,0.38177443
-30.430000000000003,0.38176486
-30.44,0.3817553
-30.450000000000003,0.38174576
-30.46,0.38173622
-30.470000000000002,0.38172668
-30.48,0.38171715
-30.490000000000002,0.38170755
-30.500000000000004,0.38169804
-30.51,0.3816885
-30.520000000000003,0.38167897
-30.53,0.3816694
-30.540000000000003,0.38165987
-30.55,0.38165033
-30.560000000000002,0.3816408
-30.570000000000004,0.38163126
-30.580000000000002,0.3816217
-30.590000000000003,0.38161218
-30.6,0.38160264
-30.610000000000003,0.38159308
-30.62,0.38158357
-30.630000000000003,0.38157403
-30.64,0.3815645
-30.650000000000002,0.38155496
-30.660000000000004,0.38154542
-30.67,0.38153592
-30.680000000000003,0.38152635
-30.69,0.3815168
-30.700000000000003,0.38150728
-30.71,0.38149774
-30.720000000000002,0.38148826
-30.73,0.38147873
-30.740000000000002,0.3814692
-30.750000000000004,0.38145965
-30.76,0.38145012
-30.770000000000003,0.3814406
-30.78,0.38143104
-30.790000000000003,0.38142157
-30.8,0.38141203
-30.810000000000002,0.3814025
-30.820000000000004,0.381393
-30.830000000000002,0.38138348
-30.840000000000003,0.3813739
-30.85,0.3813644
-30.860000000000003,0.38135487
-30.87,0.3813454
-30.880000000000003,0.38133585
-30.89,0.38132635
-30.900000000000002,0.38131684
-30.910000000000004,0.3813073
-30.92,0.38129777
-30.930000000000003,0.3812883
-30.94,0.38127875
-30.950000000000003,0.38126928
-30.96,0.38125974
-30.970000000000002,0.38125023
-30.980000000000004,0.38124073
-30.990000000000002,0.38123125
-31.000000000000004,0.3812217
-31.01,0.38121223
-31.020000000000003,0.3812027
-31.03,0.38119316
-31.040000000000003,0.38118368
-31.05,0.38117418
-31.060000000000002,0.38116464
-31.070000000000004,0.38115513
-31.080000000000002,0.38114566
-31.090000000000003,0.38113615
-31.1,0.38112664
-31.110000000000003,0.38111717
-31.12,0.38110766
-31.130000000000003,0.38109812
-31.14,0.38108864
-31.150000000000002,0.38107914
-31.160000000000004,0.38106963
-31.17,0.38106012
-31.180000000000003,0.38105065
-31.19,0.38104117
-31.200000000000003,0.38103166
-31.21,0.38102216
-31.220000000000002,0.38101268
-31.230000000000004,0.38100317
-31.240000000000002,0.38099366
-31.250000000000004,0.3809842
-31.26,0.38097468
-31.270000000000003,0.38096523
-31.28,0.3809557
-31.290000000000003,0.38094622
-31.3,0.38093674
-31.310000000000002,0.38092726
-31.320000000000004,0.38091773
-31.330000000000002,0.38090825
-31.340000000000003,0.38089877
-31.35,0.3808893
-31.360000000000003,0.38087982
-31.37,0.38087034
-31.380000000000003,0.38086087
-31.39,0.3808514
-31.400000000000002,0.3808419
-31.410000000000004,0.3808324
-31.42,0.38082293
-31.430000000000003,0.38081342
-31.44,0.38080397
-31.450000000000003,0.3807945
-31.46,0.38078502
-31.470000000000002,0.38077554
-31.480000000000004,0.38076606
-31.490000000000002,0.3807566
-31.500000000000004,0.38074714
-31.51,0.38073763
-31.520000000000003,0.3807282
-31.53,0.38071865
-31.540000000000003,0.38070923
-31.55,0.38069975
-31.560000000000002,0.38069028
-31.570000000000004,0.3806808
-31.580000000000002,0.38067132
-31.590000000000003,0.3806619
-31.6,0.3806524
-31.610000000000003,0.38064295
-31.62,0.38063347
-31.630000000000003,0.380624
-31.64,0.38061452
-31.650000000000002,0.38060507
-31.660000000000004,0.38059562
-31.67,0.38058615
-31.680000000000003,0.38057667
-31.69,0.38056722
-31.700000000000003,0.38055778
-31.71,0.3805483
-31.720000000000002,0.38053888
-31.730000000000004,0.3805294
-31.740000000000002,0.38051993
-31.750000000000004,0.38051045
-31.76,0.38050103
-31.770000000000003,0.38049155
-31.78,0.3804821
-31.790000000000003,0.38047266
-31.8,0.38046318
-31.810000000000002,0.38045377
-31.820000000000004,0.3804443
-31.830000000000002,0.3804348
-31.840000000000003,0.3804254
-31.85,0.38041598
-31.860000000000003,0.3804065
-31.87,0.38039708
-31.880000000000003,0.3803876
-31.89,0.38037813
-31.900000000000002,0.3803687
-31.910000000000004,0.38035926
-31.92,0.3803498
-31.930000000000003,0.3803404
-31.94,0.38033092
-31.950000000000003,0.38032147
-31.96,0.38031203
-31.970000000000002,0.3803026
-31.980000000000004,0.3802932
-31.990000000000002,0.3802837
-32.0,0.3802743
-32.01,0.38026488
-32.019999999999996,0.3802554
-32.03,0.38024598
-32.04,0.38023654
-32.05,0.38022712
-32.059999999999995,0.38021767
-32.07,0.38020822
-32.08,0.38019878
-32.089999999999996,0.38018936
-32.1,0.3801799
-32.11,0.3801705
-32.12,0.38016105
-32.129999999999995,0.38015163
-32.14,0.3801422
-32.15,0.3801328
-32.16,0.38012338
-32.17,0.38011396
-32.18,0.3801045
-32.19,0.38009506
-32.199999999999996,0.38008565
-32.21,0.38007623
-32.22,0.3800668
-32.23,0.3800574
-32.24,0.38004798
-32.25,0.38003853
-32.26,0.38002914
-32.269999999999996,0.38001972
-32.28,0.38001028
-32.29,0.38000086
-32.3,0.37999144
-32.309999999999995,0.37998205
-32.32,0.3799726
-32.33,0.37996322
-32.339999999999996,0.37995374
-32.35,0.37994438
-32.36,0.37993494
-32.37,0.37992555
-32.379999999999995,0.37991613
-32.39,0.3799067
-32.4,0.3798973
-32.41,0.3798879
-32.42,0.3798785
-32.43,0.37986904
-32.44,0.3798597
-32.449999999999996,0.37985027
-32.46,0.37984085
-32.47,0.37983143
-32.48,0.37982205
-32.49,0.37981266
-32.5,0.37980324
-32.51,0.37979382
-32.519999999999996,0.3797844
-32.53,0.37977505
-32.54,0.37976563
-32.55,0.3797562
-32.559999999999995,0.37974682
-32.57,0.37973744
-32.58,0.37972802
-32.589999999999996,0.37971866
-32.6,0.37970924
-32.61,0.37969983
-32.62,0.37969047
-32.629999999999995,0.3796811
-32.64,0.3796717
-32.65,0.37966228
-32.66,0.37965286
-32.67,0.3796435
-32.68,0.37963408
-32.69,0.37962472
-32.699999999999996,0.37961534
-32.71,0.37960595
-32.72,0.37959653
-32.73,0.37958714
-32.74,0.37957776
-32.75,0.3795684
-32.76,0.37955904
-32.769999999999996,0.37954962
-32.78,0.37954023
-32.79,0.37953085
-32.8,0.3795215
-32.809999999999995,0.3795121
-32.82,0.3795027
-32.83,0.37949336
-32.839999999999996,0.37948394
-32.85,0.37947458
-32.86,0.37946516
-32.87,0.37945583
-32.879999999999995,0.37944645
-32.89,0.3794371
-32.9,0.3794277
-32.91,0.3794183
-32.92,0.37940896
-32.93,0.3793996
-32.94,0.3793902
-32.949999999999996,0.37938082
-32.96,0.37937146
-32.97,0.3793621
-32.98,0.37935272
-32.99,0.3793434
-33.0,0.37933397
-33.01,0.37932464
-33.019999999999996,0.37931526
-33.03,0.3793059
-33.04,0.37929654
-33.05,0.37928718
-33.059999999999995,0.37927783
-33.07,0.37926847
-33.08,0.37925905
-33.089999999999996,0.37924975
-33.1,0.3792404
-33.11,0.379231
-33.12,0.37922165
-33.129999999999995,0.37921232
-33.14,0.37920293
-33.15,0.3791936
-33.16,0.37918425
-33.17,0.3791749
-33.18,0.37916553
-33.19,0.3791562
-33.199999999999996,0.3791468
-33.21,0.37913746
-33.22,0.3791281
-33.23,0.37911874
-33.24,0.3791094
-33.25,0.37910005
-33.26,0.37909073
-33.269999999999996,0.37908137
-33.28,0.37907204
-33.29,0.37906268
-33.3,0.37905335
-33.309999999999995,0.37904397
-33.32,0.37903464
-33.33,0.37902534
-33.339999999999996,0.37901598
-33.35,0.37900662
-33.36,0.37899727
-33.37,0.3789879
-33.379999999999995,0.3789786
-33.39,0.37896925
-33.4,0.37895992
-33.41,0.3789506
-33.42,0.37894127
-33.43,0.37893194
-33.44,0.37892258
-33.449999999999996,0.37891325
-33.46,0.37890393
-33.47,0.37889457
-33.48,0.37888527
-33.49,0.3788759
-33.5,0.3788666
-33.51,0.37885725
-33.519999999999996,0.37884796
-33.53,0.37883863
-33.54,0.3788293
-33.55,0.37882
-33.559999999999995,0.37881064
-33.57,0.3788013
-33.58,0.378792
-33.589999999999996,0.37878263
-33.6,0.37877333
-33.61,0.378764
-33.62,0.37875468
-33.629999999999995,0.37874538
-33.64,0.37873602
-33.65,0.37872672
-33.66,0.3787174
-33.67,0.37870806
-33.68,0.37869877
-33.69,0.37868947
-33.699999999999996,0.37868014
-33.71,0.3786708
-33.72,0.3786615
-33.73,0.37865222
-33.74,0.37864286
-33.75,0.37863356
-33.76,0.37862426
-33.769999999999996,0.37861496
-33.78,0.37860563
-33.79,0.37859634
-33.8,0.37858704
-33.809999999999995,0.37857774
-33.82,0.3785684
-33.83,0.3785591
-33.839999999999996,0.3785498
-33.85,0.37854052
-33.86,0.3785312
-33.87,0.3785219
-33.879999999999995,0.37851256
-33.89,0.37850326
-33.9,0.37849402
-33.91,0.37848467
-33.92,0.3784754
-33.93,0.3784661
-33.94,0.3784568
-33.949999999999996,0.37844747
-33.96,0.3784382
-33.97,0.37842894
-33.98,0.3784196
-33.99,0.37841034
-34.0,0.37840104
-34.01,0.37839174
-34.019999999999996,0.37838244
-34.03,0.37837315
-34.04,0.37836385
-34.05,0.37835455
-34.059999999999995,0.37834528
-34.07,0.37833595
-34.08,0.3783267
-34.089999999999996,0.37831742
-34.1,0.37830812
-34.11,0.37829885
-34.12,0.37828958
-34.129999999999995,0.37828028
-34.14,0.37827098
-34.15,0.3782617
-34.16,0.37825245
-34.17,0.37824315
-34.18,0.37823385
-34.19,0.3782246
-34.199999999999996,0.3782153
-34.21,0.378206
-34.22,0.37819678
-34.23,0.37818748
-34.24,0.3781782
-34.25,0.37816894
-34.26,0.37815964
-34.269999999999996,0.3781504
-34.28,0.3781411
-34.29,0.37813187
-34.3,0.37812257
-34.31,0.37811333
-34.32,0.37810403
-34.33,0.3780948
-34.339999999999996,0.3780855
-34.35,0.37807623
-34.36,0.37806696
-34.37,0.3780577
-34.379999999999995,0.37804845
-34.39,0.37803918
-34.4,0.37802988
-34.41,0.37802064
-34.42,0.37801135
-34.43,0.3780021
-34.44,0.37799287
-34.449999999999996,0.3779836
-34.46,0.37797433
-34.47,0.3779651
-34.48,0.3779558
-34.49,0.37794656
-34.5,0.37793732
-34.51,0.37792808
-34.519999999999996,0.3779188
-34.53,0.37790954
-34.54,0.3779003
-34.55,0.37789103
-34.56,0.37788177
-34.57,0.37787256
-34.58,0.3778633
-34.589999999999996,0.37785405
-34.6,0.3778448
-34.61,0.3778355
-34.62,0.3778263
-34.629999999999995,0.37781703
-34.64,0.3778078
-34.65,0.37779856
-34.66,0.37778932
-34.67,0.37778008
-34.68,0.37777084
-34.69,0.3777616
-34.699999999999996,0.37775236
-34.71,0.37774312
-34.72,0.37773386
-34.73,0.37772465
-34.74,0.3777154
-34.75,0.37770617
-34.76,0.37769693
-34.769999999999996,0.3776877
-34.78,0.37767845
-34.79,0.37766922
-34.8,0.37765998
-34.81,0.37765074
-34.82,0.37764156
-34.83,0.37763232
-34.839999999999996,0.37762308
-34.85,0.37761384
-34.86,0.3776046
-34.87,0.37759537
-34.879999999999995,0.37758616
-34.89,0.37757695
-34.9,0.3775677
-34.91,0.37755847
-34.92,0.37754926
-34.93,0.37754
-34.94,0.3775308
-34.949999999999996,0.37752157
-34.96,0.37751237
-34.97,0.37750316
-34.98,0.37749392
-34.99,0.3774847
-35.0,0.37747547
-35.01,0.37746626
-35.019999999999996,0.37745702
-35.03,0.37744784
-35.04,0.3774386
-35.05,0.37742937
-35.06,0.3774202
-35.07,0.37741098
-35.08,0.37740177
-35.089999999999996,0.37739256
-35.1,0.37738335
-35.11,0.37737417
-35.12,0.37736493
-35.129999999999995,0.37735572
-35.14,0.37734652
-35.15,0.37733728
-35.16,0.3773281
-35.17,0.37731892
-35.18,0.37730968
-35.19,0.3773005
-35.199999999999996,0.3772913
-35.21,0.37728208
-35.22,0.37727287
-35.23,0.37726367
-35.24,0.3772545
-35.25,0.37724525
-35.26,0.37723607
-35.269999999999996,0.37722686
-35.28,0.37721768
-35.29,0.37720847
-35.3,0.3771993
-35.31,0.3771901
-35.32,0.37718093
-35.33,0.3771717
-35.339999999999996,0.37716252
-35.35,0.37715334
-35.36,0.3771441
-35.37,0.37713495
-35.379999999999995,0.37712574
-35.39,0.37711656
-35.4,0.37710738
-35.41,0.3770982
-35.42,0.37708902
-35.43,0.37707984
-35.44,0.3770706
-35.449999999999996,0.37706143
-35.46,0.37705228
-35.47,0.37704307
-35.48,0.3770339
-35.49,0.3770247
-35.5,0.37701553
-35.51,0.37700635
-35.519999999999996,0.37699717
-35.53,0.37698802
-35.54,0.3769788
-35.55,0.37696964
-35.56,0.37696046
-35.57,0.3769513
-35.58,0.37694216
-35.589999999999996,0.37693295
-35.6,0.3769238
-35.61,0.3769146
-35.62,0.37690544
-35.629999999999995,0.37689626
-35.64,0.37688708
-35.65,0.37687793
-35.66,0.37686875
-35.67,0.3768596
-35.68,0.37685043
-35.69,0.37684125
-35.699999999999996,0.3768321
-35.71,0.37682292
-35.72,0.37681377
-35.73,0.3768046
-35.74,0.3767954
-35.75,0.37678626
-35.76,0.3767771
-35.769999999999996,0.37676796
-35.78,0.3767588
-35.79,0.37674963
-35.8,0.37674046
-35.81,0.37673134
-35.82,0.37672216
-35.83,0.37671298
-35.839999999999996,0.37670386
-35.85,0.37669468
-35.86,0.37668556
-35.87,0.37667638
-35.879999999999995,0.37666726
-35.89,0.3766581
-35.9,0.37664896
-35.91,0.3766398
-35.92,0.37663066
-35.93,0.3766215
-35.94,0.37661237
-35.949999999999996,0.37660322
-35.96,0.37659407
-35.97,0.37658495
-35.98,0.37657577
-35.99,0.37656665
-36.0,0.37655747
-36.01,0.37654835
-36.019999999999996,0.37653923
-36.03,0.37653008
-36.04,0.37652093
-36.05,0.37651178
-36.06,0.37650266
-36.07,0.3764935
-36.08,0.37648436
-36.089999999999996,0.37647527
-36.1,0.37646613
-36.11,0.37645698
-36.12,0.37644786
-36.129999999999995,0.37643874
-36.14,0.37642962
-36.15,0.37642044
-36.16,0.37641135
-36.17,0.3764022
-36.18,0.37639308
-36.19,0.37638396
-36.199999999999996,0.3763748
-36.21,0.3763657
-36.22,0.37635657
-36.23,0.37634745
-36.24,0.3763383
-36.25,0.37632918
-36.26,0.3763201
-36.269999999999996,0.37631094
-36.28,0.37630183
-36.29,0.3762927
-36.3,0.3762836
-36.31,0.37627447
-36.32,0.37626535
-36.33,0.37625623
-36.339999999999996,0.3762471
-36.35,0.376238
-36.36,0.37622887
-36.37,0.37621975
-36.379999999999995,0.37621066
-36.39,0.37620154
-36.4,0.37619245
-36.41,0.37618333
-36.42,0.3761742
-36.43,0.37616512
-36.44,0.376156
-36.449999999999996,0.37614688
-36.46,0.3761378
-36.47,0.37612867
-36.48,0.37611958
-36.49,0.37611046
-36.5,0.37610137
-36.51,0.37609228
-36.519999999999996,0.37608314
-36.53,0.37607408
-36.54,0.37606496
-36.55,0.37605587
-36.56,0.37604678
-36.57,0.37603766
-36.58,0.37602854
-36.589999999999996,0.37601948
-36.6,0.37601036
-36.61,0.3760013
-36.62,0.37599218
-36.629999999999995,0.3759831
-36.64,0.375974
-36.65,0.3759649
-36.66,0.37595582
-36.67,0.3759467
-36.68,0.3759376
-36.69,0.37592852
-36.699999999999996,0.3759194
-36.71,0.37591037
-36.72,0.37590128
-36.73,0.3758922
-36.74,0.37588313
-36.75,0.37587404
-36.76,0.37586495
-36.769999999999996,0.37585586
-36.78,0.37584677
-36.79,0.37583768
-36.8,0.37582862
-36.81,0.37581956
-36.82,0.37581044
-36.83,0.37580138
-36.839999999999996,0.3757923
-36.85,0.37578326
-36.86,0.37577415
-36.87,0.37576506
-36.879999999999995,0.37575603
-36.89,0.3757469
-36.9,0.37573785
-36.91,0.3757288
-36.92,0.37571973
-36.93,0.37571064
-36.94,0.37570158
-36.949999999999996,0.3756925
-36.96,0.37568343
-36.97,0.37567437
-36.98,0.3756653
-36.99,0.37565625
-37.0,0.37564716
-37.01,0.37563813
-37.019999999999996,0.37562907
-37.03,0.37561998
-37.04,0.3756109
-37.05,0.37560186
-37.06,0.3755928
-37.07,0.3755837
-37.08,0.37557465
-37.089999999999996,0.37556562
-37.1,0.37555656
-37.11,0.3755475
-37.12,0.37553844
-37.129999999999995,0.37552938
-37.14,0.37552035
-37.15,0.3755113
-37.16,0.37550223
-37.17,0.37549317
-37.18,0.37548414
-37.19,0.37547508
-37.199999999999996,0.37546605
-37.21,0.37545696
-37.22,0.37544793
-37.23,0.3754389
-37.24,0.3754298
-37.25,0.37542078
-37.26,0.37541175
-37.269999999999996,0.3754027
-37.28,0.37539366
-37.29,0.3753846
-37.3,0.37537557
-37.31,0.3753665
-37.32,0.3753575
-37.33,0.37534845
-37.339999999999996,0.3753394
-37.35,0.37533036
-37.36,0.37532133
-37.37,0.3753123
-37.379999999999995,0.37530327
-37.39,0.3752942
-37.4,0.37528518
-37.41,0.37527615
-37.42,0.37526715
-37.43,0.3752581
-37.44,0.3752491
-37.449999999999996,0.37524003
-37.46,0.37523103
-37.47,0.37522197
-37.48,0.37521294
-37.49,0.3752039
-37.5,0.3751949
-37.51,0.3751859
-37.519999999999996,0.37517685
-37.53,0.37516782
-37.54,0.3751588
-37.55,0.3751498
-37.56,0.37514076
-37.57,0.37513173
-37.58,0.37512273
-37.589999999999996,0.3751137
-37.6,0.37510467
-37.61,0.37509567
-37.62,0.37508664
-37.629999999999995,0.3750776
-37.64,0.3750686
-37.65,0.3750596
-37.66,0.37505057
-37.67,0.37504154
-37.68,0.37503254
-37.69,0.37502354
-37.699999999999996,0.37501454
-37.71,0.3750055
-37.72,0.37499654
-37.73,0.3749875
-37.74,0.37497848
-37.75,0.37496948
-37.76,0.37496048
-37.769999999999996,0.37495148
-37.78,0.3749425
-37.79,0.37493345
-37.8,0.37492448
-37.81,0.37491548
-37.82,0.37490648
-37.83,0.37489748
-37.839999999999996,0.37488845
-37.85,0.37487948
-37.86,0.37487048
-37.87,0.37486148
-37.879999999999995,0.37485248
-37.89,0.3748435
-37.9,0.37483448
-37.91,0.37482548
-37.92,0.37481648
-37.93,0.37480748
-37.94,0.37479854
-37.949999999999996,0.3747895
-37.96,0.37478054
-37.97,0.37477154
-37.98,0.37476254
-37.99,0.3747536
-38.0,0.37474456
-38.01,0.3747356
-38.019999999999996,0.3747266
-38.03,0.3747176
-38.04,0.37470862
-38.05,0.37469965
-38.06,0.37469065
-38.07,0.37468165
-38.08,0.3746727
-38.089999999999996,0.3746637
-38.1,0.37465474
-38.11,0.37464577
-38.12,0.3746368
-38.129999999999995,0.3746278
-38.14,0.37461883
-38.15,0.37460986
-38.16,0.3746009
-38.17,0.37459195
-38.18,0.37458295
-38.19,0.37457395
-38.199999999999996,0.374565
-38.21,0.37455603
-38.22,0.37454706
-38.23,0.37453806
-38.24,0.37452912
-38.25,0.37452012
-38.26,0.37451118
-38.269999999999996,0.3745022
-38.28,0.37449324
-38.29,0.3744843
-38.3,0.3744753
-38.31,0.37446636
-38.32,0.3744574
-38.33,0.37444842
-38.339999999999996,0.37443948
-38.35,0.3744305
-38.36,0.37442154
-38.37,0.3744126
-38.379999999999995,0.37440366
-38.39,0.37439466
-38.4,0.3743857
-38.41,0.37437677
-38.42,0.3743678
-38.43,0.37435886
-38.44,0.3743499
-38.449999999999996,0.37434095
-38.46,0.374332
-38.47,0.37432304
-38.48,0.3743141
-38.49,0.37430516
-38.5,0.37429622
-38.51,0.37428728
-38.519999999999996,0.3742783
-38.53,0.37426937
-38.54,0.37426043
-38.55,0.37425148
-38.56,0.37424254
-38.57,0.37423357
-38.58,0.37422466
-38.589999999999996,0.3742157
-38.6,0.37420675
-38.61,0.3741978
-38.62,0.3741889
-38.629999999999995,0.37417993
-38.64,0.37417102
-38.65,0.37416208
-38.66,0.37415317
-38.67,0.3741442
-38.68,0.3741353
-38.69,0.37412632
-38.699999999999996,0.37411737
-38.71,0.37410846
-38.72,0.37409952
-38.73,0.3740906
-38.74,0.37408167
-38.75,0.37407273
-38.76,0.37406385
-38.769999999999996,0.3740549
-38.78,0.37404597
-38.79,0.37403703
-38.8,0.37402815
-38.81,0.3740192
-38.82,0.37401032
-38.83,0.37400135
-38.839999999999996,0.37399244
-38.85,0.3739835
-38.86,0.37397456
-38.87,0.37396568
-38.879999999999995,0.37395674
-38.89,0.37394783
-38.9,0.37393892
-38.91,0.37393
-38.92,0.3739211
-38.93,0.37391216
-38.94,0.37390327
-38.949999999999996,0.37389436
-38.96,0.37388542
-38.97,0.3738765
-38.98,0.37386763
-38.99,0.37385872
-39.0,0.3738498
-39.01,0.37384087
-39.019999999999996,0.373832
-39.03,0.37382308
-39.04,0.37381417
-39.05,0.37380528
-39.06,0.37379634
-39.07,0.37378746
-39.08,0.37377852
-39.089999999999996,0.37376967
-39.1,0.37376073
-39.11,0.37375185
-39.12,0.37374294
-39.129999999999995,0.37373406
-39.14,0.37372512
-39.15,0.37371624
-39.16,0.37370738
-39.17,0.37369844
-39.18,0.37368956
-39.19,0.37368068
-39.199999999999996,0.37367177
-39.21,0.3736629
-39.22,0.37365398
-39.23,0.37364513
-39.24,0.37363622
-39.25,0.3736273
-39.26,0.37361842
-39.269999999999996,0.37360954
-39.28,0.37360066
-39.29,0.37359178
-39.3,0.3735829
-39.31,0.37357402
-39.32,0.37356514
-39.33,0.37355626
-39.339999999999996,0.37354735
-39.35,0.37353846
-39.36,0.37352958
-39.37,0.3735207
-39.379999999999995,0.37351185
-39.39,0.37350297
-39.4,0.3734941
-39.41,0.3734852
-39.42,0.37347633
-39.43,0.37346745
-39.44,0.3734586
-39.449999999999996,0.37344968
-39.46,0.37344083
-39.47,0.37343198
-39.48,0.3734231
-39.49,0.37341422
-39.5,0.37340534
-39.51,0.3733965
-39.519999999999996,0.37338763
-39.53,0.37337875
-39.54,0.37336987
-39.55,0.37336102
-39.56,0.37335217
-39.57,0.3733433
-39.58,0.3733344
-39.589999999999996,0.37332556
-39.6,0.3733167
-39.61,0.37330785
-39.62,0.37329897
-39.629999999999995,0.37329012
-39.64,0.37328127
-39.65,0.37327242
-39.66,0.37326354
-39.67,0.3732547
-39.68,0.37324584
-39.69,0.37323698
-39.699999999999996,0.37322813
-39.71,0.37321928
-39.72,0.37321043
-39.73,0.37320155
-39.74,0.37319273
-39.75,0.37318388
-39.76,0.373175
-39.769999999999996,0.37316617
-39.78,0.37315732
-39.79,0.37314847
-39.8,0.37313962
-39.81,0.3731308
-39.82,0.37312195
-39.83,0.3731131
-39.839999999999996,0.37310427
-39.85,0.3730954
-39.86,0.37308657
-39.87,0.37307775
-39.879999999999995,0.3730689
-39.89,0.37306005
-39.9,0.37305123
-39.91,0.37304237
-39.92,0.37303352
-39.93,0.3730247
-39.94,0.37301588
-39.949999999999996,0.37300706
-39.96,0.3729982
-39.97,0.37298936
-39.98,0.37298054
-39.99,0.3729717
-40.0,0.3729629
-40.01,0.37295404
-40.019999999999996,0.37294522
-40.03,0.37293643
-40.04,0.37292758
-40.05,0.37291873
-40.06,0.3729099
-40.07,0.3729011
-40.08,0.3728923
-40.089999999999996,0.37288347
-40.1,0.37287465
-40.11,0.3728658
-40.12,0.37285697
-40.129999999999995,0.37284815
-40.14,0.37283936
-40.15,0.37283054
-40.16,0.37282172
-40.17,0.37281293
-40.18,0.3728041
-40.19,0.37279528
-40.199999999999996,0.37278646
-40.21,0.37277764
-40.22,0.37276885
-40.23,0.37276003
-40.24,0.3727512
-40.25,0.3727424
-40.26,0.3727336
-40.269999999999996,0.37272477
-40.28,0.37271598
-40.29,0.37270716
-40.3,0.37269837
-40.31,0.37268955
-40.32,0.37268075
-40.33,0.37267193
-40.339999999999996,0.37266314
-40.35,0.37265435
-40.36,0.37264553
-40.37,0.37263674
-40.379999999999995,0.3726279
-40.39,0.37261912
-40.4,0.37261036
-40.41,0.37260157
-40.42,0.37259275
-40.43,0.37258393
-40.44,0.3725752
-40.449999999999996,0.37256637
-40.46,0.37255755
-40.47,0.37254876
-40.48,0.37254
-40.49,0.37253118
-40.5,0.3725224
-40.51,0.3725136
-40.519999999999996,0.37250483
-40.53,0.37249607
-40.54,0.37248725
-40.55,0.37247846
-40.56,0.37246966
-40.57,0.3724609
-40.58,0.3724521
-40.589999999999996,0.37244332
-40.6,0.37243456
-40.61,0.37242576
-40.62,0.37241697
-40.629999999999995,0.3724082
-40.64,0.37239942
-40.65,0.37239063
-40.66,0.37238187
-40.67,0.3723731
-40.68,0.3723643
-40.69,0.37235555
-40.699999999999996,0.37234676
-40.71,0.372338
-40.72,0.37232924
-40.73,0.3723204
-40.74,0.37231165
-40.75,0.3723029
-40.76,0.37229413
-40.769999999999996,0.37228537
-40.78,0.3722766
-40.79,0.37226784
-40.8,0.37225908
-40.81,0.37225032
-40.82,0.37224156
-40.83,0.37223274
-40.839999999999996,0.372224
-40.85,0.3722152
-40.86,0.37220648
-40.87,0.37219772
-40.879999999999995,0.372189
-40.89,0.3721802
-40.9,0.37217143
-40.91,0.3721627
-40.92,0.37215394
-40.93,0.37214518
-40.94,0.3721364
-40.949999999999996,0.37212765
-40.96,0.3721189
-40.97,0.37211016
-40.98,0.3721014
-40.99,0.37209266
-41.0,0.3720839
-41.01,0.37207517
-41.019999999999996,0.3720664
-41.03,0.37205765
-41.04,0.3720489
-41.05,0.37204015
-41.06,0.3720314
-41.07,0.37202266
-41.08,0.37201393
-41.089999999999996,0.37200516
-41.1,0.37199643
-41.11,0.3719877
-41.12,0.37197894
-41.129999999999995,0.37197024
-41.14,0.37196147
-41.15,0.37195274
-41.16,0.37194398
-41.17,0.37193528
-41.18,0.37192652
-41.19,0.3719178
-41.199999999999996,0.37190905
-41.21,0.37190032
-41.22,0.3718916
-41.23,0.37188286
-41.24,0.37187412
-41.25,0.37186536
-41.26,0.37185666
-41.269999999999996,0.3718479
-41.28,0.3718392
-41.29,0.37183046
-41.3,0.37182176
-41.31,0.371813
-41.32,0.3718043
-41.33,0.37179554
-41.339999999999996,0.37178683
-41.35,0.37177813
-41.36,0.3717694
-41.37,0.3717607
-41.379999999999995,0.37175196
-41.39,0.37174326
-41.4,0.37173456
-41.41,0.3717258
-41.42,0.3717171
-41.43,0.37170836
-41.44,0.37169966
-41.449999999999996,0.37169093
-41.46,0.37168226
-41.47,0.37167352
-41.48,0.37166482
-41.49,0.37165606
-41.5,0.3716474
-41.51,0.37163866
-41.519999999999996,0.37162995
-41.53,0.37162125
-41.54,0.37161258
-41.55,0.37160385
-41.56,0.37159514
-41.57,0.37158644
-41.58,0.3715777
-41.589999999999996,0.37156904
-41.6,0.37156034
-41.61,0.37155163
-41.62,0.37154293
-41.629999999999995,0.37153423
-41.64,0.37152553
-41.65,0.37151682
-41.66,0.37150812
-41.67,0.37149942
-41.68,0.37149075
-41.69,0.371482
-41.699999999999996,0.37147334
-41.71,0.37146464
-41.72,0.37145594
-41.73,0.37144727
-41.74,0.3714386
-41.75,0.37142986
-41.76,0.3714212
-41.769999999999996,0.37141252
-41.78,0.3714038
-41.79,0.3713951
-41.8,0.37138644
-41.81,0.37137777
-41.82,0.3713691
-41.83,0.37136036
-41.839999999999996,0.37135172
-41.85,0.37134302
-41.86,0.3713343
-41.87,0.37132564
-41.879999999999995,0.37131694
-41.89,0.3713083
-41.9,0.37129962
-41.91,0.37129092
-41.92,0.37128228
-41.93,0.37127358
-41.94,0.3712649
-41.949999999999996,0.37125623
-41.96,0.37124756
-41.97,0.3712389
-41.98,0.3712302
-41.99,0.3712215
-42.0,0.37121287
-42.01,0.3712042
-42.019999999999996,0.3711955
-42.03,0.37118685
-42.04,0.37117815
-42.05,0.3711695
-42.06,0.37116086
-42.07,0.37115216
-42.08,0.37114352
-42.089999999999996,0.37113488
-42.1,0.3711262
-42.11,0.3711175
-42.12,0.3711089
-42.129999999999995,0.37110022
-42.14,0.37109154
-42.15,0.37108287
-42.16,0.37107423
-42.17,0.37106556
-42.18,0.3710569
-42.19,0.37104824
-42.199999999999996,0.37103963
-42.21,0.37103093
-42.22,0.37102228
-42.23,0.37101364
-42.24,0.371005
-42.25,0.37099633
-42.26,0.37098768
-42.269999999999996,0.37097904
-42.28,0.3709704
-42.29,0.37096176
-42.3,0.3709531
-42.31,0.37094447
-42.32,0.37093583
-42.33,0.37092718
-42.339999999999996,0.3709185
-42.35,0.3709099
-42.36,0.37090123
-42.37,0.37089258
-42.379999999999995,0.37088397
-42.39,0.3708753
-42.4,0.3708667
-42.41,0.37085804
-42.42,0.37084937
-42.43,0.37084076
-42.44,0.37083215
-42.449999999999996,0.3708235
-42.46,0.37081486
-42.47,0.37080622
-42.48,0.37079757
-42.49,0.37078896
-42.5,0.37078035
-42.51,0.3707717
-42.519999999999996,0.37076306
-42.53,0.37075442
-42.54,0.37074578
-42.55,0.37073717
-42.56,0.37072855
-42.57,0.3707199
-42.58,0.3707113
-42.589999999999996,0.37070268
-42.6,0.37069407
-42.61,0.37068543
-42.62,0.37067682
-42.629999999999995,0.37066817
-42.64,0.3706596
-42.65,0.37065095
-42.66,0.37064236
-42.67,0.37063372
-42.68,0.37062508
-42.69,0.3706165
-42.699999999999996,0.37060785
-42.71,0.37059924
-42.72,0.37059066
-42.73,0.37058204
-42.74,0.37057343
-42.75,0.37056482
-42.76,0.3705562
-42.769999999999996,0.3705476
-42.78,0.370539
-42.79,0.37053037
-42.8,0.37052178
-42.81,0.37051317
-42.82,0.37050456
-42.83,0.37049595
-42.839999999999996,0.37048733
-42.85,0.37047875
-42.86,0.37047017
-42.87,0.37046155
-42.879999999999995,0.37045294
-42.89,0.37044433
-42.9,0.37043574
-42.91,0.37042713
-42.92,0.37041855
-42.93,0.37040997
-42.94,0.37040135
-42.949999999999996,0.37039274
-42.96,0.37038416
-42.97,0.37037557
-42.98,0.370367
-42.99,0.37035838
-43.0,0.3703498
-43.01,0.3703412
-43.019999999999996,0.3703326
-43.03,0.37032402
-43.04,0.37031543
-43.05,0.37030685
-43.06,0.37029827
-43.07,0.37028968
-43.08,0.3702811
-43.089999999999996,0.37027252
-43.1,0.37026393
-43.11,0.37025532
-43.12,0.37024677
-43.129999999999995,0.37023816
-43.14,0.3702296
-43.15,0.37022102
-43.16,0.37021247
-43.17,0.37020385
-43.18,0.3701953
-43.19,0.37018672
-43.199999999999996,0.37017813
-43.21,0.37016955
-43.22,0.370161
-43.23,0.3701524
-43.24,0.37014383
-43.25,0.37013525
-43.26,0.3701267
-43.269999999999996,0.3701181
-43.28,0.3701096
-43.29,0.37010103
-43.3,0.37009242
-43.31,0.37008387
-43.32,0.3700753
-43.33,0.3700667
-43.339999999999996,0.37005818
-43.35,0.3700496
-43.36,0.37004104
-43.37,0.3700325
-43.379999999999995,0.3700239
-43.39,0.37001538
-43.4,0.3700068
-43.41,0.36999825
-43.42,0.3699897
-43.43,0.36998114
-43.44,0.3699726
-43.449999999999996,0.369964
-43.46,0.36995545
-43.47,0.36994693
-43.48,0.36993837
-43.49,0.36992982
-43.5,0.36992127
-43.51,0.36991268
-43.519999999999996,0.36990416
-43.53,0.3698956
-43.54,0.36988705
-43.55,0.36987853
-43.56,0.36986995
-43.57,0.36986145
-43.58,0.3698529
-43.589999999999996,0.36984435
-43.6,0.3698358
-43.61,0.36982727
-43.62,0.36981875
-43.629999999999995,0.36981016
-43.64,0.36980164
-43.65,0.3697931
-43.66,0.36978453
-43.67,0.369776
-43.68,0.36976746
-43.69,0.36975896
-43.699999999999996,0.3697504
-43.71,0.36974186
-43.72,0.36973333
-43.73,0.3697248
-43.74,0.36971626
-43.75,0.36970776
-43.76,0.3696992
-43.769999999999996,0.36969066
-43.78,0.36968213
-43.79,0.3696736
-43.8,0.36966512
-43.81,0.36965656
-43.82,0.36964804
-43.83,0.36963952
-43.839999999999996,0.369631
-43.85,0.36962247
-43.86,0.36961395
-43.87,0.36960542
-43.879999999999995,0.3695969
-43.89,0.3695884
-43.9,0.36957985
-43.91,0.36957136
-43.92,0.36956283
-43.93,0.3695543
-43.94,0.36954582
-43.949999999999996,0.36953726
-43.96,0.36952877
-43.97,0.36952028
-43.98,0.36951175
-43.99,0.36950323
-44.0,0.36949474
-44.01,0.3694862
-44.019999999999996,0.3694777
-44.03,0.3694692
-44.04,0.3694607
-44.05,0.36945218
-44.06,0.36944366
-44.07,0.36943516
-44.08,0.36942664
-44.089999999999996,0.36941817
-44.1,0.36940968
-44.11,0.36940113
-44.12,0.36939263
-44.129999999999995,0.36938414
-44.14,0.36937565
-44.15,0.36936715
-44.16,0.36935866
-44.17,0.36935017
-44.18,0.36934167
-44.19,0.36933318
-44.199999999999996,0.36932468
-44.21,0.3693162
-44.22,0.36930767
-44.23,0.36929917
-44.24,0.36929068
-44.25,0.3692822
-44.26,0.36927372
-44.269999999999996,0.36926523
-44.28,0.36925673
-44.29,0.36924824
-44.3,0.36923978
-44.31,0.36923128
-44.32,0.36922282
-44.33,0.3692143
-44.339999999999996,0.36920583
-44.35,0.36919737
-44.36,0.36918885
-44.37,0.36918038
-44.379999999999995,0.3691719
-44.39,0.36916342
-44.4,0.36915493
-44.41,0.36914647
-44.42,0.36913797
-44.43,0.3691295
-44.44,0.36912102
-44.449999999999996,0.36911255
-44.46,0.3691041
-44.47,0.36909562
-44.48,0.36908713
-44.49,0.36907864
-44.5,0.36907017
-44.51,0.3690617
-44.519999999999996,0.36905324
-44.53,0.36904478
-44.54,0.36903632
-44.55,0.36902785
-44.56,0.36901936
-44.57,0.36901093
-44.58,0.36900243
-44.589999999999996,0.36899394
-44.6,0.3689855
-44.61,0.36897704
-44.62,0.3689686
-44.629999999999995,0.36896014
-44.64,0.36895168
-44.65,0.3689432
-44.66,0.36893475
-44.67,0.3689263
-44.68,0.36891782
-44.69,0.36890936
-44.699999999999996,0.36890092
-44.71,0.36889246
-44.72,0.36888403
-44.73,0.36887556
-44.74,0.3688671
-44.75,0.36885867
-44.76,0.36885023
-44.769999999999996,0.36884177
-44.78,0.3688333
-44.79,0.36882484
-44.8,0.36881644
-44.81,0.368808
-44.82,0.36879954
-44.83,0.36879107
-44.839999999999996,0.36878264
-44.85,0.36877418
-44.86,0.36876577
-44.87,0.3687573
-44.879999999999995,0.36874887
-44.89,0.36874044
-44.9,0.368732
-44.91,0.36872354
-44.92,0.3687151
-44.93,0.3687067
-44.94,0.36869824
-44.949999999999996,0.36868984
-44.96,0.36868137
-44.97,0.36867294
-44.98,0.3686645
-44.99,0.36865607
-45.0,0.36864763
-45.01,0.36863923
-45.019999999999996,0.36863077
-45.03,0.36862236
-45.04,0.36861393
-45.05,0.3686055
-45.06,0.3685971
-45.07,0.36858866
-45.08,0.36858022
-45.089999999999996,0.36857182
-45.1,0.36856338
-45.11,0.36855495
-45.12,0.36854655
-45.129999999999995,0.3685381
-45.14,0.3685297
-45.15,0.36852127
-45.16,0.36851284
-45.17,0.36850443
-45.18,0.368496
-45.19,0.3684876
-45.199999999999996,0.3684792
-45.21,0.36847076
-45.22,0.36846238
-45.23,0.36845395
-45.24,0.36844555
-45.25,0.36843714
-45.26,0.3684287
-45.269999999999996,0.3684203
-45.28,0.3684119
-45.29,0.3684035
-45.3,0.3683951
-45.31,0.3683867
-45.32,0.36837828
-45.33,0.36836988
-45.339999999999996,0.36836147
-45.35,0.36835307
-45.36,0.36834466
-45.37,0.36833626
-45.379999999999995,0.36832786
-45.39,0.36831945
-45.4,0.36831105
-45.41,0.36830264
-45.42,0.36829424
-45.43,0.36828586
-45.44,0.3682775
-45.449999999999996,0.3682691
-45.46,0.36826068
-45.47,0.36825228
-45.48,0.36824387
-45.49,0.3682355
-45.5,0.36822712
-45.51,0.36821872
-45.519999999999996,0.36821032
-45.53,0.3682019
-45.54,0.36819357
-45.55,0.36818516
-45.56,0.36817676
-45.57,0.3681684
-45.58,0.36816
-45.589999999999996,0.36815163
-45.6,0.36814326
-45.61,0.36813486
-45.62,0.36812648
-45.629999999999995,0.36811808
-45.64,0.3681097
-45.65,0.36810133
-45.66,0.36809295
-45.67,0.36808458
-45.68,0.3680762
-45.69,0.36806783
-45.699999999999996,0.36805946
-45.71,0.36805108
-45.72,0.3680427
-45.73,0.36803433
-45.74,0.36802596
-45.75,0.36801758
-45.76,0.3680092
-45.769999999999996,0.36800084
-45.78,0.3679925
-45.79,0.36798412
-45.8,0.36797577
-45.81,0.36796737
-45.82,0.36795902
-45.83,0.36795065
-45.839999999999996,0.3679423
-45.85,0.3679339
-45.86,0.36792555
-45.87,0.3679172
-45.879999999999995,0.36790884
-45.89,0.3679005
-45.9,0.36789212
-45.91,0.36788374
-45.92,0.3678754
-45.93,0.36786705
-45.94,0.36785868
-45.949999999999996,0.36785036
-45.96,0.36784196
-45.97,0.3678336
-45.98,0.3678253
-45.99,0.36781693
-46.0,0.36780858
-46.01,0.3678002
-46.019999999999996,0.3677919
-46.03,0.36778352
-46.04,0.36777517
-46.05,0.3677668
-46.06,0.36775848
-46.07,0.36775014
-46.08,0.36774176
-46.089999999999996,0.36773345
-46.1,0.3677251
-46.11,0.36771673
-46.12,0.3677084
-46.129999999999995,0.36770004
-46.14,0.36769173
-46.15,0.3676834
-46.16,0.36767507
-46.17,0.36766672
-46.18,0.36765838
-46.19,0.36765003
-46.199999999999996,0.3676417
-46.21,0.36763334
-46.22,0.36762506
-46.23,0.36761674
-46.24,0.36760837
-46.25,0.36760005
-46.26,0.36759174
-46.269999999999996,0.36758336
-46.28,0.36757505
-46.29,0.36756676
-46.3,0.36755842
-46.31,0.36755008
-46.32,0.36754173
-46.33,0.36753345
-46.339999999999996,0.3675251
-46.35,0.3675168
-46.36,0.36750844
-46.37,0.36750013
-46.379999999999995,0.3674918
-46.39,0.3674835
-46.4,0.36747518
-46.41,0.36746687
-46.42,0.36745852
-46.43,0.3674502
-46.44,0.3674419
-46.449999999999996,0.3674336
-46.46,0.36742526
-46.47,0.36741695
-46.48,0.36740863
-46.49,0.36740032
-46.5,0.367392
-46.51,0.36738372
-46.519999999999996,0.3673754
-46.53,0.3673671
-46.54,0.36735874
-46.55,0.36735046
-46.56,0.36734214
-46.57,0.3673339
-46.58,0.36732557
-46.589999999999996,0.36731723
-46.6,0.36730894
-46.61,0.36730066
-46.62,0.36729234
-46.629999999999995,0.36728403
-46.64,0.36727574
-46.65,0.36726746
-46.66,0.36725914
-46.67,0.36725086
-46.68,0.36724254
-46.69,0.36723426
-46.699999999999996,0.36722594
-46.71,0.36721766
-46.72,0.36720937
-46.73,0.3672011
-46.74,0.36719278
-46.75,0.36718446
-46.76,0.3671762
-46.769999999999996,0.3671679
-46.78,0.36715963
-46.79,0.36715135
-46.8,0.36714303
-46.81,0.36713475
-46.82,0.3671265
-46.83,0.3671182
-46.839999999999996,0.3671099
-46.85,0.3671016
-46.86,0.36709332
-46.87,0.36708504
-46.879999999999995,0.36707678
-46.89,0.3670685
-46.9,0.36706024
-46.91,0.36705196
-46.92,0.36704367
-46.93,0.3670354
-46.94,0.36702713
-46.949999999999996,0.36701882
-46.96,0.36701056
-46.97,0.36700228
-46.98,0.366994
-46.99,0.3669857
-47.0,0.36697745
-47.01,0.3669692
-47.019999999999996,0.36696094
-47.03,0.36695266
-47.04,0.3669444
-47.05,0.36693612
-47.06,0.36692786
-47.07,0.3669196
-47.08,0.36691132
-47.089999999999996,0.36690307
-47.1,0.36689478
-47.11,0.36688653
-47.12,0.36687827
-47.129999999999995,0.36687005
-47.14,0.36686173
-47.15,0.36685348
-47.16,0.36684525
-47.17,0.366837
-47.18,0.3668287
-47.19,0.36682048
-47.199999999999996,0.3668122
-47.21,0.36680397
-47.22,0.36679572
-47.23,0.36678743
-47.24,0.36677918
-47.25,0.36677095
-47.26,0.3667627
-47.269999999999996,0.3667544
-47.28,0.3667462
-47.29,0.36673793
-47.3,0.36672968
-47.31,0.36672145
-47.32,0.3667132
-47.33,0.36670494
-47.339999999999996,0.36669672
-47.35,0.36668846
-47.36,0.3666802
-47.37,0.36667198
-47.379999999999995,0.36666375
-47.39,0.3666555
-47.4,0.36664727
-47.41,0.36663902
-47.42,0.36663076
-47.43,0.36662257
-47.44,0.36661434
-47.449999999999996,0.36660606
-47.46,0.36659786
-47.47,0.3665896
-47.48,0.36658138
-47.49,0.36657313
-47.5,0.36656493
-47.51,0.36655667
-47.519999999999996,0.36654848
-47.53,0.36654022
-47.54,0.36653197
-47.55,0.36652377
-47.56,0.36651555
-47.57,0.3665073
-47.58,0.3664991
-47.589999999999996,0.36649087
-47.6,0.36648268
-47.61,0.36647445
-47.62,0.3664662
-47.629999999999995,0.36645797
-47.64,0.36644974
-47.65,0.36644155
-47.66,0.36643332
-47.67,0.3664251
-47.68,0.36641687
-47.69,0.36640865
-47.699999999999996,0.36640048
-47.71,0.36639225
-47.72,0.36638403
-47.73,0.3663758
-47.74,0.3663676
-47.75,0.36635938
-47.76,0.36635116
-47.769999999999996,0.36634296
-47.78,0.36633474
-47.79,0.36632654
-47.8,0.36631835
-47.81,0.36631012
-47.82,0.3663019
-47.83,0.36629373
-47.839999999999996,0.36628553
-47.85,0.3662773
-47.86,0.3662691
-47.87,0.36626092
-47.88,0.36625272
-47.89,0.36624452
-47.9,0.3662363
-47.91,0.3662281
-47.92,0.36621994
-47.93,0.3662117
-47.94,0.3662035
-47.949999999999996,0.36619532
-47.96,0.3661871
-47.97,0.36617893
-47.98,0.36617073
-47.99,0.36616254
-48.0,0.36615434
-48.01,0.36614615
-48.019999999999996,0.36613798
-48.03,0.36612976
-48.04,0.36612156
-48.05,0.36611342
-48.06,0.36610523
-48.07,0.36609703
-48.08,0.3660888
-48.089999999999996,0.36608067
-48.1,0.36607248
-48.11,0.3660643
-48.12,0.3660561
-48.13,0.36604792
-48.14,0.36603975
-48.15,0.3660316
-48.16,0.3660234
-48.17,0.36601523
-48.18,0.36600703
-48.19,0.36599886
-48.199999999999996,0.36599067
-48.21,0.3659825
-48.22,0.3659743
-48.23,0.36596617
-48.24,0.36595798
-48.25,0.36594984
-48.26,0.36594164
-48.269999999999996,0.36593345
-48.28,0.3659253
-48.29,0.36591715
-48.3,0.36590898
-48.31,0.36590078
-48.32,0.36589268
-48.33,0.36588445
-48.339999999999996,0.36587632
-48.35,0.36586812
-48.36,0.36586
-48.37,0.36585182
-48.38,0.36584365
-48.39,0.3658355
-48.4,0.36582735
-48.41,0.36581916
-48.42,0.36581102
-48.43,0.36580285
-48.44,0.36579472
-48.449999999999996,0.36578655
-48.46,0.3657784
-48.47,0.36577025
-48.48,0.3657621
-48.49,0.36575395
-48.5,0.36574578
-48.51,0.36573765
-48.519999999999996,0.36572948
-48.53,0.36572132
-48.54,0.36571318
-48.55,0.365705
-48.56,0.36569688
-48.57,0.36568874
-48.58,0.3656806
-48.589999999999996,0.36567244
-48.6,0.3656643
-48.61,0.36565617
-48.62,0.36564803
-48.63,0.36563987
-48.64,0.36563176
-48.65,0.3656236
-48.66,0.36561543
-48.67,0.36560732
-48.68,0.36559916
-48.69,0.36559102
-48.699999999999996,0.36558288
-48.71,0.36557478
-48.72,0.36556664
-48.73,0.3655585
-48.74,0.36555037
-48.75,0.36554223
-48.76,0.3655341
-48.769999999999996,0.36552596
-48.78,0.36551785
-48.79,0.3655097
-48.8,0.36550158
-48.81,0.36549345
-48.82,0.36548534
-48.83,0.3654772
-48.839999999999996,0.36546907
-48.85,0.36546093
-48.86,0.3654528
-48.87,0.3654447
-48.88,0.36543658
-48.89,0.36542845
-48.9,0.36542034
-48.91,0.3654122
-48.92,0.3654041
-48.93,0.365396
-48.94,0.3653879
-48.949999999999996,0.36537975
-48.96,0.36537167
-48.97,0.36536354
-48.98,0.36535543
-48.99,0.36534727
-49.0,0.3653392
-49.01,0.36533108
-49.019999999999996,0.36532295
-49.03,0.36531487
-49.04,0.36530674
-49.05,0.36529863
-49.06,0.36529052
-49.07,0.36528242
-49.08,0.36527434
-49.089999999999996,0.3652662
-49.1,0.36525813
-49.11,0.36525
-49.12,0.3652419
-49.13,0.36523378
-49.14,0.36522567
-49.15,0.36521757
-49.16,0.3652095
-49.17,0.36520138
-49.18,0.36519328
-49.19,0.3651852
-49.199999999999996,0.3651771
-49.21,0.36516902
-49.22,0.36516088
-49.23,0.3651528
-49.24,0.36514473
-49.25,0.36513662
-49.26,0.36512852
-49.269999999999996,0.36512044
-49.28,0.36511236
-49.29,0.36510426
-49.3,0.3650962
-49.31,0.36508808
-49.32,0.36508
-49.33,0.36507192
-49.339999999999996,0.36506385
-49.35,0.36505574
-49.36,0.3650477
-49.37,0.3650396
-49.38,0.3650315
-49.39,0.36502343
-49.4,0.36501533
-49.41,0.36500725
-49.42,0.36499918
-49.43,0.3649911
-49.44,0.36498305
-49.449999999999996,0.36497492
-49.46,0.36496687
-49.47,0.36495882
-49.48,0.3649507
-49.49,0.36494264
-49.5,0.36493456
-49.51,0.3649265
-49.519999999999996,0.3649184
-49.53,0.36491036
-49.54,0.3649023
-49.55,0.3648942
-49.56,0.36488613
-49.57,0.3648781
-49.58,0.36487
-49.589999999999996,0.36486194
-49.6,0.3648539
-49.61,0.3648458
-49.62,0.36483777
-49.63,0.3648297
-49.64,0.3648216
-49.65,0.36481357
-49.66,0.36480552
-49.67,0.36479747
-49.68,0.36478937
-49.69,0.36478132
-49.699999999999996,0.36477327
-49.71,0.3647652
-49.72,0.36475715
-49.73,0.36474913
-49.74,0.36474103
-49.75,0.36473298
-49.76,0.36472496
-49.769999999999996,0.3647169
-49.78,0.36470884
-49.79,0.3647008
-49.8,0.36469275
-49.81,0.3646847
-49.82,0.36467668
-49.83,0.3646686
-49.839999999999996,0.3646606
-49.85,0.3646525
-49.86,0.36464447
-49.87,0.36463642
-49.88,0.36462837
-49.89,0.36462033
-49.9,0.3646123
-49.91,0.3646043
-49.92,0.36459625
-49.93,0.36458817
-49.94,0.36458012
-49.949999999999996,0.3645721
-49.96,0.36456406
-49.97,0.36455604
-49.98,0.364548
-49.99,0.36453995
-50.0,0.36453193
-50.01,0.36452395
-50.019999999999996,0.3645159
-50.03,0.36450785
-50.04,0.3644998
-50.05,0.36449176
-50.06,0.36448374
-50.07,0.36447573
-50.08,0.36446768
-50.089999999999996,0.3644597
-50.1,0.36445165
-50.11,0.3644436
-50.12,0.3644356
-50.13,0.3644276
-50.14,0.36441952
-50.15,0.36441153
-50.16,0.36440352
-50.17,0.3643955
-50.18,0.36438748
-50.19,0.36437947
-50.199999999999996,0.36437142
-50.21,0.36436343
-50.22,0.36435542
-50.23,0.3643474
-50.24,0.36433938
-50.25,0.36433136
-50.26,0.36432335
-50.269999999999996,0.36431533
-50.28,0.3643073
-50.29,0.36429933
-50.3,0.3642913
-50.31,0.36428332
-50.32,0.36427528
-50.33,0.3642673
-50.339999999999996,0.36425927
-50.35,0.36425126
-50.36,0.36424327
-50.37,0.36423528
-50.38,0.36422727
-50.39,0.36421925
-50.4,0.36421126
-50.41,0.36420324
-50.42,0.36419523
-50.43,0.36418724
-50.44,0.36417925
-50.449999999999996,0.36417127
-50.46,0.36416325
-50.47,0.36415526
-50.48,0.36414728
-50.49,0.36413926
-50.5,0.3641313
-50.51,0.36412328
-50.519999999999996,0.3641153
-50.53,0.3641073
-50.54,0.36409932
-50.55,0.3640913
-50.56,0.36408335
-50.57,0.36407536
-50.58,0.36406735
-50.589999999999996,0.36405936
-50.6,0.36405137
-50.61,0.3640434
-50.62,0.36403543
-50.63,0.36402744
-50.64,0.36401945
-50.65,0.36401147
-50.66,0.36400348
-50.67,0.3639955
-50.68,0.36398754
-50.69,0.36397952
-50.699999999999996,0.3639716
-50.71,0.36396357
-50.72,0.36395562
-50.73,0.36394763
-50.74,0.36393964
-50.75,0.36393172
-50.76,0.36392373
-50.769999999999996,0.36391574
-50.78,0.36390778
-50.79,0.3638998
-50.8,0.36389184
-50.81,0.36388385
-50.82,0.36387593
-50.83,0.36386794
-50.839999999999996,0.36385995
-50.85,0.363852
-50.86,0.363844
-50.87,0.36383605
-50.88,0.36382806
-50.89,0.36382014
-50.9,0.36381218
-50.91,0.36380422
-50.92,0.36379623
-50.93,0.36378828
-50.94,0.36378035
-50.949999999999996,0.36377236
-50.96,0.3637644
-50.97,0.36375648
-50.98,0.3637485
-50.99,0.36374053
-51.0,0.36373258
-51.01,0.36372465
-51.019999999999996,0.3637167
-51.03,0.36370873
-51.04,0.36370078
-51.05,0.36369285
-51.06,0.36368486
-51.07,0.3636769
-51.08,0.36366898
-51.089999999999996,0.36366102
-51.1,0.3636531
-51.11,0.36364514
-51.12,0.3636372
-51.13,0.36362922
-51.14,0.36362132
-51.15,0.36361337
-51.16,0.3636054
-51.17,0.36359748
-51.18,0.36358953
-51.19,0.3635816
-51.199999999999996,0.36357367
-51.21,0.3635657
-51.22,0.3635578
-51.23,0.36354986
-51.24,0.3635419
-51.25,0.363534
-51.26,0.36352605
-51.269999999999996,0.36351812
-51.28,0.3635102
-51.29,0.3635022
-51.3,0.3634943
-51.31,0.3634864
-51.32,0.36347845
-51.33,0.36347055
-51.339999999999996,0.3634626
-51.35,0.3634547
-51.36,0.3634467
-51.37,0.36343884
-51.38,0.3634309
-51.39,0.363423
-51.4,0.36341506
-51.41,0.36340714
-51.42,0.3633992
-51.43,0.36339125
-51.44,0.36338335
-51.449999999999996,0.36337543
-51.46,0.36336753
-51.47,0.36335963
-51.48,0.3633517
-51.49,0.3633438
-51.5,0.36333585
-51.51,0.36332798
-51.519999999999996,0.36332002
-51.53,0.36331213
-51.54,0.3633042
-51.55,0.3632963
-51.56,0.3632884
-51.57,0.36328048
-51.58,0.36327255
-51.589999999999996,0.36326468
-51.6,0.36325675
-51.61,0.36324883
-51.62,0.36324096
-51.63,0.36323303
-51.64,0.36322516
-51.65,0.3632172
-51.66,0.3632093
-51.67,0.36320144
-51.68,0.3631935
-51.69,0.36318564
-51.699999999999996,0.36317775
-51.71,0.36316985
-51.72,0.36316192
-51.73,0.36315402
-51.74,0.36314613
-51.75,0.36313823
-51.76,0.36313033
-51.769999999999996,0.36312246
-51.78,0.36311457
-51.79,0.36310667
-51.8,0.3630988
-51.81,0.36309087
-51.82,0.363083
-51.83,0.36307508
-51.839999999999996,0.36306718
-51.85,0.3630593
-51.86,0.3630514
-51.87,0.36304355
-51.88,0.36303565
-51.89,0.36302778
-51.9,0.3630199
-51.91,0.36301202
-51.92,0.3630041
-51.93,0.36299628
-51.94,0.36298835
-51.949999999999996,0.36298048
-51.96,0.36297262
-51.97,0.36296475
-51.98,0.36295685
-51.99,0.36294895
-52.0,0.3629411
-52.01,0.36293322
-52.019999999999996,0.36292535
-52.03,0.36291748
-52.04,0.36290962
-52.05,0.36290175
-52.06,0.36289388
-52.07,0.36288598
-52.08,0.3628781
-52.089999999999996,0.36287025
-52.1,0.3628624
-52.11,0.36285448
-52.12,0.36284664
-52.13,0.36283877
-52.14,0.36283094
-52.15,0.36282304
-52.16,0.3628152
-52.17,0.3628073
-52.18,0.36279947
-52.19,0.3627916
-52.199999999999996,0.36278373
-52.21,0.36277586
-52.22,0.36276802
-52.23,0.3627602
-52.24,0.36275232
-52.25,0.36274445
-52.26,0.36273658
-52.269999999999996,0.36272874
-52.28,0.3627209
-52.29,0.36271304
-52.3,0.36270517
-52.31,0.36269733
-52.32,0.3626895
-52.33,0.36268163
-52.339999999999996,0.36267376
-52.35,0.3626659
-52.36,0.36265805
-52.37,0.36265022
-52.38,0.36264238
-52.39,0.36263454
-52.4,0.36262667
-52.41,0.36261886
-52.42,0.362611
-52.43,0.3626032
-52.44,0.36259532
-52.449999999999996,0.36258745
-52.46,0.3625796
-52.47,0.3625718
-52.48,0.36256397
-52.49,0.3625561
-52.5,0.3625483
-52.51,0.36254048
-52.519999999999996,0.3625326
-52.53,0.36252478
-52.54,0.36251694
-52.55,0.36250913
-52.56,0.36250126
-52.57,0.36249346
-52.58,0.36248565
-52.589999999999996,0.3624778
-52.6,0.36246997
-52.61,0.36246216
-52.62,0.3624543
-52.63,0.3624465
-52.64,0.36243865
-52.65,0.36243084
-52.66,0.362423
-52.67,0.3624152
-52.68,0.3624074
-52.69,0.36239955
-52.699999999999996,0.36239168
-52.71,0.3623839
-52.72,0.3623761
-52.73,0.36236826
-52.74,0.36236042
-52.75,0.3623526
-52.76,0.3623448
-52.769999999999996,0.36233696
-52.78,0.36232916
-52.79,0.36232135
-52.8,0.36231354
-52.81,0.36230576
-52.82,0.36229792
-52.83,0.3622901
-52.839999999999996,0.36228228
-52.85,0.36227447
-52.86,0.36226666
-52.87,0.36225885
-52.88,0.36225107
-52.89,0.36224324
-52.9,0.36223543
-52.91,0.36222762
-52.92,0.36221984
-52.93,0.362212
-52.94,0.3622042
-52.949999999999996,0.36219642
-52.96,0.36218864
-52.97,0.36218083
-52.98,0.36217302
-52.99,0.36216524
-53.0,0.36215743
-53.01,0.36214963
-53.019999999999996,0.36214185
-53.03,0.36213404
-53.04,0.36212623
-53.05,0.36211845
-53.06,0.36211067
-53.07,0.36210287
-53.08,0.3620951
-53.089999999999996,0.36208725
-53.1,0.36207947
-53.11,0.3620717
-53.12,0.36206388
-53.13,0.3620561
-53.14,0.36204833
-53.15,0.36204055
-53.16,0.36203277
-53.17,0.362025
-53.18,0.3620172
-53.19,0.3620094
-53.199999999999996,0.36200163
-53.21,0.36199385
-53.22,0.36198607
-53.23,0.36197826
-53.24,0.36197048
-53.25,0.36196274
-53.26,0.36195493
-53.269999999999996,0.36194715
-53.28,0.36193943
-53.29,0.3619316
-53.3,0.3619238
-53.31,0.36191607
-53.32,0.3619083
-53.33,0.3619005
-53.339999999999996,0.36189276
-53.35,0.361885
-53.36,0.3618772
-53.37,0.36186942
-53.38,0.36186165
-53.39,0.3618539
-53.4,0.36184612
-53.41,0.3618384
-53.42,0.36183062
-53.43,0.36182284
-53.44,0.36181507
-53.449999999999996,0.36180732
-53.46,0.36179957
-53.47,0.3617918
-53.48,0.36178404
-53.49,0.36177626
-53.5,0.36176848
-53.51,0.3617608
-53.519999999999996,0.361753
-53.53,0.36174524
-53.54,0.3617375
-53.55,0.36172974
-53.56,0.36172196
-53.57,0.36171418
-53.58,0.36170647
-53.589999999999996,0.3616987
-53.6,0.36169097
-53.61,0.36168322
-53.62,0.36167547
-53.63,0.36166772
-53.64,0.36165994
-53.65,0.36165223
-53.66,0.36164448
-53.67,0.36163673
-53.68,0.36162895
-53.69,0.36162123
-53.699999999999996,0.36161348
-53.71,0.36160573
-53.72,0.361598
-53.73,0.36159027
-53.74,0.36158252
-53.75,0.36157477
-53.76,0.36156702
-53.769999999999996,0.36155933
-53.78,0.36155155
-53.79,0.3615438
-53.8,0.3615361
-53.81,0.36152834
-53.82,0.36152065
-53.83,0.3615129
-53.839999999999996,0.36150518
-53.85,0.36149743
-53.86,0.36148968
-53.87,0.36148196
-53.88,0.36147422
-53.89,0.3614665
-53.9,0.36145878
-53.91,0.36145103
-53.92,0.3614433
-53.93,0.3614356
-53.94,0.36142784
-53.949999999999996,0.36142015
-53.96,0.3614124
-53.97,0.36140472
-53.98,0.36139697
-53.99,0.36138925
-54.0,0.36138153
-54.01,0.3613738
-54.019999999999996,0.36136606
-54.03,0.36135837
-54.04,0.36135066
-54.05,0.36134294
-54.06,0.36133522
-54.07,0.3613275
-54.08,0.3613198
-54.089999999999996,0.36131206
-54.1,0.36130434
-54.11,0.36129665
-54.12,0.36128893
-54.13,0.36128125
-54.14,0.36127353
-54.15,0.3612658
-54.16,0.3612581
-54.17,0.3612504
-54.18,0.36124268
-54.19,0.361235
-54.199999999999996,0.36122727
-54.21,0.36121958
-54.22,0.36121187
-54.23,0.36120418
-54.24,0.36119646
-54.25,0.36118877
-54.26,0.36118108
-54.269999999999996,0.36117336
-54.28,0.36116564
-54.29,0.36115795
-54.3,0.36115026
-54.31,0.36114258
-54.32,0.3611349
-54.33,0.36112717
-54.339999999999996,0.3611195
-54.35,0.3611118
-54.36,0.3611041
-54.37,0.3610964
-54.38,0.36108872
-54.39,0.36108103
-54.4,0.36107334
-54.41,0.36106566
-54.42,0.361058
-54.43,0.36105025
-54.44,0.3610426
-54.449999999999996,0.3610349
-54.46,0.3610272
-54.47,0.36101955
-54.48,0.36101183
-54.49,0.36100417
-54.5,0.36099648
-54.51,0.3609888
-54.519999999999996,0.3609811
-54.53,0.36097348
-54.54,0.36096576
-54.55,0.3609581
-54.56,0.36095044
-54.57,0.36094275
-54.58,0.36093506
-54.589999999999996,0.3609274
-54.6,0.3609197
-54.61,0.36091202
-54.62,0.36090437
-54.63,0.3608967
-54.64,0.36088902
-54.65,0.36088133
-54.66,0.36087367
-54.67,0.360866
-54.68,0.36085835
-54.69,0.36085066
-54.699999999999996,0.360843
-54.71,0.36083534
-54.72,0.36082768
-54.73,0.36082003
-54.74,0.36081234
-54.75,0.36080468
-54.76,0.36079702
-54.769999999999996,0.36078936
-54.78,0.36078167
-54.79,0.36077404
-54.8,0.36076638
-54.81,0.3607587
-54.82,0.3607511
-54.83,0.3607434
-54.839999999999996,0.36073577
-54.85,0.36072809
-54.86,0.36072043
-54.87,0.36071277
-54.88,0.36070514
-54.89,0.3606975
-54.9,0.36068982
-54.91,0.3606822
-54.92,0.36067453
-54.93,0.36066687
-54.94,0.36065924
-54.949999999999996,0.3606516
-54.96,0.36064392
-54.97,0.3606363
-54.98,0.36062863
-54.99,0.360621
-55.0,0.36061335
-55.01,0.36060572
-55.019999999999996,0.3605981
-55.03,0.36059043
-55.04,0.3605828
-55.05,0.36057517
-55.06,0.3605675
-55.07,0.36055988
-55.08,0.36055225
-55.089999999999996,0.36054462
-55.1,0.36053696
-55.11,0.36052933
-55.12,0.3605217
-55.13,0.36051407
-55.14,0.36050645
-55.15,0.3604988
-55.16,0.36049116
-55.17,0.36048356
-55.18,0.3604759
-55.19,0.36046827
-55.199999999999996,0.36046067
-55.21,0.360453
-55.22,0.3604454
-55.23,0.36043778
-55.24,0.36043012
-55.25,0.36042252
-55.26,0.36041492
-55.269999999999996,0.3604073
-55.28,0.3603997
-55.29,0.360392
-55.3,0.3603844
-55.31,0.3603768
-55.32,0.36036918
-55.33,0.36036158
-55.339999999999996,0.36035392
-55.35,0.36034632
-55.36,0.3603387
-55.37,0.36033106
-55.38,0.3603235
-55.39,0.36031586
-55.4,0.36030823
-55.41,0.36030066
-55.42,0.36029303
-55.43,0.36028543
-55.44,0.36027783
-55.449999999999996,0.3602702
-55.46,0.36026257
-55.47,0.36025497
-55.48,0.36024737
-55.49,0.36023974
-55.5,0.36023214
-55.51,0.36022457
-55.519999999999996,0.36021698
-55.53,0.36020938
-55.54,0.36020175
-55.55,0.36019415
-55.56,0.36018655
-55.57,0.36017895
-55.58,0.36017138
-55.589999999999996,0.36016372
-55.6,0.36015612
-55.61,0.36014855
-55.62,0.36014098
-55.63,0.36013338
-55.64,0.36012578
-55.65,0.36011818
-55.66,0.36011058
-55.67,0.360103
-55.68,0.36009538
-55.69,0.36008778
-55.699999999999996,0.3600802
-55.71,0.3600726
-55.72,0.36006504
-55.73,0.36005744
-55.74,0.36004984
-55.75,0.36004227
-55.76,0.3600347
-55.769999999999996,0.3600271
-55.78,0.36001956
-55.79,0.36001194
-55.8,0.36000434
-55.81,0.35999677
-55.82,0.3599892
-55.83,0.35998163
-55.839999999999996,0.35997403
-55.85,0.35996646
-55.86,0.3599589
-55.87,0.35995132
-55.88,0.35994372
-55.89,0.35993615
-55.9,0.35992858
-55.91,0.35992098
-55.92,0.3599134
-55.93,0.35990584
-55.94,0.35989827
-55.949999999999996,0.35989073
-55.96,0.35988313
-55.97,0.35987556
-55.98,0.35986802
-55.99,0.35986042
-56.0,0.35985288
-56.01,0.3598453
-56.019999999999996,0.3598377
-56.03,0.35983014
-56.04,0.3598226
-56.05,0.359815
-56.06,0.3598075
-56.07,0.3597999
-56.08,0.35979238
-56.089999999999996,0.3597848
-56.1,0.35977724
-56.11,0.35976967
-56.12,0.35976213
-56.13,0.35975456
-56.14,0.359747
-56.15,0.35973945
-56.16,0.35973188
-56.17,0.35972434
-56.18,0.35971677
-56.19,0.3597092
-56.199999999999996,0.3597017
-56.21,0.35969412
-56.22,0.35968658
-56.23,0.35967904
-56.24,0.3596715
-56.25,0.35966393
-56.26,0.35965636
-56.269999999999996,0.35964885
-56.28,0.35964128
-56.29,0.35963374
-56.3,0.35962623
-56.31,0.35961863
-56.32,0.3596111
-56.33,0.35960358
-56.339999999999996,0.359596
-56.35,0.3595885
-56.36,0.359581
-56.37,0.3595734
-56.38,0.35956588
-56.39,0.35955834
-56.4,0.35955083
-56.41,0.35954326
-56.42,0.35953575
-56.43,0.35952818
-56.44,0.35952067
-56.449999999999996,0.35951316
-56.46,0.3595056
-56.47,0.35949808
-56.48,0.35949057
-56.49,0.35948297
-56.5,0.35947546
-56.51,0.35946795
-56.519999999999996,0.3594604
-56.53,0.3594529
-56.54,0.3594454
-56.55,0.35943785
-56.56,0.3594303
-56.57,0.3594228
-56.58,0.3594153
-56.589999999999996,0.35940775
-56.6,0.35940024
-56.61,0.35939273
-56.62,0.3593852
-56.63,0.35937765
-56.64,0.35937014
-56.65,0.35936263
-56.66,0.35935512
-56.67,0.3593476
-56.68,0.35934007
-56.69,0.35933256
-56.699999999999996,0.35932505
-56.71,0.35931754
-56.72,0.35931003
-56.73,0.35930252
-56.74,0.359295
-56.75,0.35928747
-56.76,0.35928
-56.769999999999996,0.35927248
-56.78,0.35926497
-56.79,0.35925746
-56.8,0.35924998
-56.81,0.35924244
-56.82,0.35923493
-56.83,0.35922745
-56.839999999999996,0.35921994
-56.85,0.35921246
-56.86,0.35920495
-56.87,0.35919744
-56.88,0.35918996
-56.89,0.35918242
-56.9,0.3591749
-56.91,0.35916743
-56.92,0.35915992
-56.93,0.35915247
-56.94,0.35914496
-56.949999999999996,0.35913745
-56.96,0.35912997
-56.97,0.35912246
-56.98,0.35911497
-56.99,0.3591075
-57.0,0.35909998
-57.01,0.3590925
-57.019999999999996,0.359085
-57.03,0.35907754
-57.04,0.35907003
-57.05,0.35906255
-57.06,0.35905507
-57.07,0.3590476
-57.08,0.3590401
-57.089999999999996,0.35903263
-57.1,0.3590251
-57.11,0.35901764
-57.12,0.35901016
-57.13,0.35900268
-57.14,0.35899517
-57.15,0.35898772
-57.16,0.35898024
-57.17,0.3589728
-57.18,0.35896528
-57.19,0.3589578
-57.199999999999996,0.35895032
-57.21,0.35894287
-57.22,0.3589354
-57.23,0.35892794
-57.24,0.35892043
-57.25,0.35891294
-57.26,0.3589055
-57.269999999999996,0.35889804
-57.28,0.35889056
-57.29,0.35888308
-57.3,0.3588756
-57.31,0.35886812
-57.32,0.35886067
-57.33,0.35885322
-57.339999999999996,0.35884577
-57.35,0.35883826
-57.36,0.3588308
-57.37,0.35882336
-57.38,0.3588159
-57.39,0.35880846
-57.4,0.35880095
-57.41,0.35879353
-57.42,0.35878605
-57.43,0.35877857
-57.44,0.35877115
-57.449999999999996,0.35876366
-57.46,0.35875624
-57.47,0.3587488
-57.48,0.3587413
-57.49,0.35873383
-57.5,0.35872638
-57.51,0.35871893
-57.519999999999996,0.3587115
-57.53,0.35870403
-57.54,0.35869664
-57.55,0.35868916
-57.56,0.35868168
-57.57,0.35867426
-57.58,0.3586668
-57.589999999999996,0.35865936
-57.6,0.35865194
-57.61,0.3586445
-57.62,0.35863703
-57.63,0.35862958
-57.64,0.35862213
-57.65,0.35861468
-57.66,0.35860726
-57.67,0.35859978
-57.68,0.3585924
-57.69,0.35858494
-57.699999999999996,0.3585775
-57.71,0.35857007
-57.72,0.35856262
-57.73,0.3585552
-57.74,0.35854775
-57.75,0.3585403
-57.76,0.35853288
-57.769999999999996,0.35852545
-57.78,0.35851803
-57.79,0.3585106
-57.8,0.35850313
-57.81,0.3584957
-57.82,0.3584883
-57.83,0.35848087
-57.839999999999996,0.35847342
-57.85,0.35846603
-57.86,0.35845858
-57.87,0.3584512
-57.88,0.35844374
-57.89,0.35843632
-57.9,0.3584289
-57.91,0.35842147
-57.92,0.35841405
-57.93,0.3584066
-57.94,0.35839918
-57.949999999999996,0.35839176
-57.96,0.35838437
-57.97,0.35837695
-57.98,0.35836953
-57.99,0.35836214
-58.0,0.35835472
-58.01,0.35834727
-58.019999999999996,0.35833985
-58.03,0.35833243
-58.04,0.358325
-58.05,0.3583176
-58.06,0.3583102
-58.07,0.3583028
-58.08,0.35829538
-58.089999999999996,0.358288
-58.1,0.3582806
-58.11,0.35827318
-58.12,0.35826573
-58.13,0.35825837
-58.14,0.35825095
-58.15,0.35824353
-58.16,0.35823613
-58.17,0.35822874
-58.18,0.35822132
-58.19,0.35821396
-58.199999999999996,0.35820657
-58.21,0.35819912
-58.22,0.35819173
-58.23,0.35818434
-58.24,0.35817692
-58.25,0.35816956
-58.26,0.35816216
-58.269999999999996,0.35815477
-58.28,0.35814735
-58.29,0.35813993
-58.3,0.35813257
-58.31,0.3581252
-58.32,0.35811776
-58.33,0.3581104
-58.339999999999996,0.358103
-58.35,0.35809562
-58.36,0.3580882
-58.37,0.35808083
-58.38,0.35807347
-58.39,0.35806608
-58.4,0.35805866
-58.41,0.3580513
-58.42,0.3580439
-58.43,0.35803652
-58.44,0.35802913
-58.449999999999996,0.35802177
-58.46,0.35801435
-58.47,0.35800698
-58.48,0.35799962
-58.49,0.35799226
-58.5,0.35798487
-58.51,0.35797748
-58.519999999999996,0.35797012
-58.53,0.35796273
-58.54,0.35795537
-58.55,0.35794795
-58.56,0.3579406
-58.57,0.35793322
-58.58,0.35792586
-58.589999999999996,0.3579185
-58.6,0.3579111
-58.61,0.35790378
-58.62,0.3578964
-58.63,0.357889
-58.64,0.35788167
-58.65,0.35787427
-58.66,0.3578669
-58.67,0.35785955
-58.68,0.3578522
-58.69,0.3578448
-58.699999999999996,0.35783744
-58.71,0.3578301
-58.72,0.35782272
-58.73,0.35781538
-58.74,0.357808
-58.75,0.35780066
-58.76,0.35779327
-58.769999999999996,0.35778594
-58.78,0.35777858
-58.79,0.35777122
-58.8,0.35776386
-58.81,0.3577565
-58.82,0.35774916
-58.83,0.35774183
-58.839999999999996,0.35773447
-58.85,0.3577271
-58.86,0.35771972
-58.87,0.3577124
-58.88,0.35770506
-58.89,0.3576977
-58.9,0.35769033
-58.91,0.357683
-58.92,0.35767567
-58.93,0.3576683
-58.94,0.35766098
-58.949999999999996,0.35765362
-58.96,0.35764626
-58.97,0.3576389
-58.98,0.35763156
-58.99,0.35762423
-59.0,0.3576169
-59.01,0.35760957
-59.019999999999996,0.35760224
-59.03,0.35759488
-59.04,0.35758758
-59.05,0.3575802
-59.06,0.35757288
-59.07,0.35756555
-59.08,0.3575582
-59.089999999999996,0.35755086
-59.1,0.35754356
-59.11,0.3575362
-59.12,0.35752887
-59.13,0.35752153
-59.14,0.3575142
-59.15,0.35750687
-59.16,0.35749954
-59.17,0.3574922
-59.18,0.3574849
-59.19,0.3574776
-59.199999999999996,0.3574702
-59.21,0.35746294
-59.22,0.3574556
-59.23,0.35744828
-59.24,0.35744095
-59.25,0.35743362
-59.26,0.3574263
-59.269999999999996,0.35741898
-59.28,0.35741168
-59.29,0.3574043
-59.3,0.35739702
-59.31,0.3573897
-59.32,0.3573824
-59.33,0.35737506
-59.339999999999996,0.35736775
-59.35,0.35736042
-59.36,0.35735312
-59.37,0.35734582
-59.38,0.3573385
-59.39,0.35733116
-59.4,0.35732386
-59.41,0.35731655
-59.42,0.35730922
-59.43,0.35730195
-59.44,0.35729462
-59.449999999999996,0.35728735
-59.46,0.35728002
-59.47,0.3572727
-59.48,0.3572654
-59.49,0.35725814
-59.5,0.3572508
-59.51,0.3572435
-59.519999999999996,0.3572362
-59.53,0.35722888
-59.54,0.3572216
-59.55,0.3572143
-59.56,0.357207
-59.57,0.3571997
-59.58,0.35719246
-59.589999999999996,0.35718513
-59.6,0.35717782
-59.61,0.35717052
-59.62,0.3571632
-59.63,0.35715592
-59.64,0.35714862
-59.65,0.35714132
-59.66,0.35713404
-59.67,0.35712674
-59.68,0.3571195
-59.69,0.3571122
-59.699999999999996,0.35710487
-59.71,0.3570976
-59.72,0.35709032
-59.73,0.35708302
-59.74,0.35707575
-59.75,0.35706848
-59.76,0.3570612
-59.769999999999996,0.35705388
-59.78,0.3570466
-59.79,0.35703933
-59.8,0.35703203
-59.81,0.3570248
-59.82,0.3570175
-59.83,0.3570102
-59.839999999999996,0.3570029
-59.85,0.35699567
-59.86,0.35698834
-59.87,0.3569811
-59.88,0.3569738
-59.89,0.35696653
-59.9,0.35695922
-59.91,0.35695195
-59.92,0.3569447
-59.93,0.35693744
-59.94,0.3569302
-59.949999999999996,0.3569229
-59.96,0.35691565
-59.97,0.35690838
-59.98,0.35690108
-59.99,0.35689384
-60.0,0.35688654
-60.01,0.3568793
-60.019999999999996,0.35687202
-60.03,0.35686475
-60.04,0.35685748
-60.05,0.35685024
-60.06,0.356843
-60.07,0.35683572
-60.08,0.35682845
-60.089999999999996,0.3568212
-60.1,0.35681397
-60.11,0.3568067
-60.12,0.35679942
-60.13,0.35679215
-60.14,0.35678494
-60.15,0.35677767
-60.16,0.35677034
-60.17,0.35676312
-60.18,0.35675585
-60.19,0.35674864
-60.199999999999996,0.35674137
-60.21,0.3567341
-60.22,0.35672686
-60.23,0.35671958
-60.24,0.35671237
-60.25,0.35670513
-60.26,0.35669786
-60.269999999999996,0.35669062
-60.28,0.3566834
-60.29,0.35667613
-60.3,0.3566689
-60.31,0.35666168
-60.32,0.3566544
-60.33,0.35664716
-60.339999999999996,0.35663992
-60.35,0.35663268
-60.36,0.35662544
-60.37,0.35661823
-60.38,0.35661098
-60.39,0.35660374
-60.4,0.35659647
-60.41,0.35658926
-60.42,0.356582
-60.43,0.35657477
-60.44,0.35656756
-60.449999999999996,0.35656035
-60.46,0.35655308
-60.47,0.35654587
-60.48,0.35653862
-60.49,0.35653138
-60.5,0.35652417
-60.51,0.35651696
-60.519999999999996,0.3565097
-60.53,0.35650247
-60.54,0.35649526
-60.55,0.35648805
-60.56,0.3564808
-60.57,0.3564736
-60.58,0.35646635
-60.589999999999996,0.35645914
-60.6,0.35645193
-60.61,0.3564447
-60.62,0.35643747
-60.63,0.35643026
-60.64,0.35642305
-60.65,0.3564158
-60.66,0.3564086
-60.67,0.35640138
-60.68,0.3563941
-60.69,0.3563869
-60.699999999999996,0.3563797
-60.71,0.35637248
-60.72,0.35636526
-60.73,0.35635805
-60.74,0.35635084
-60.75,0.35634363
-60.76,0.35633644
-60.769999999999996,0.3563292
-60.78,0.35632202
-60.79,0.35631484
-60.8,0.3563076
-60.81,0.35630038
-60.82,0.3562932
-60.83,0.35628596
-60.839999999999996,0.35627878
-60.85,0.35627156
-60.86,0.35626435
-60.87,0.35625717
-60.88,0.35624996
-60.89,0.35624278
-60.9,0.35623556
-60.91,0.35622835
-60.92,0.35622117
-60.93,0.356214
-60.94,0.35620674
-60.949999999999996,0.35619956
-60.96,0.35619238
-60.97,0.3561852
-60.98,0.356178
-60.99,0.35617077
-61.0,0.3561636
-61.01,0.3561564
-61.019999999999996,0.3561492
-61.03,0.35614204
-61.04,0.35613483
-61.05,0.35612762
-61.06,0.35612047
-61.07,0.35611326
-61.08,0.35610604
-61.089999999999996,0.3560989
-61.1,0.35609168
-61.11,0.35608453
-61.12,0.3560773
-61.13,0.35607013
-61.14,0.35606295
-61.15,0.35605577
-61.16,0.35604858
-61.17,0.35604143
-61.18,0.35603422
-61.19,0.35602707
-61.199999999999996,0.3560199
-61.21,0.3560127
-61.22,0.35600555
-61.23,0.35599834
-61.24,0.35599118
-61.25,0.35598397
-61.26,0.35597682
-61.269999999999996,0.35596967
-61.28,0.35596246
-61.29,0.3559553
-61.3,0.35594815
-61.31,0.35594097
-61.32,0.3559338
-61.33,0.35592663
-61.339999999999996,0.35591945
-61.35,0.3559123
-61.36,0.35590512
-61.37,0.35589796
-61.38,0.35589078
-61.39,0.35588363
-61.4,0.35587648
-61.41,0.35586932
-61.42,0.35586214
-61.43,0.355855
-61.44,0.35584787
-61.449999999999996,0.35584065
-61.46,0.35583353
-61.47,0.35582635
-61.48,0.35581917
-61.49,0.35581204
-61.5,0.3558049
-61.51,0.35579774
-61.519999999999996,0.35579056
-61.53,0.3557834
-61.54,0.35577625
-61.55,0.35576913
-61.56,0.35576198
-61.57,0.3557548
-61.58,0.35574764
-61.589999999999996,0.3557405
-61.6,0.35573334
-61.61,0.3557262
-61.62,0.35571906
-61.63,0.3557119
-61.64,0.35570478
-61.65,0.35569763
-61.66,0.35569048
-61.67,0.35568333
-61.68,0.3556762
-61.69,0.35566905
-61.7,0.3556619
-61.71,0.35565475
-61.72,0.35564762
-61.73,0.3556405
-61.74,0.35563335
-61.75,0.3556262
-61.76,0.35561907
-61.769999999999996,0.35561192
-61.78,0.35560477
-61.79,0.35559762
-61.8,0.35559052
-61.81,0.35558337
-61.82,0.35557625
-61.83,0.3555691
-61.839999999999996,0.35556197
-61.85,0.35555485
-61.86,0.35554776
-61.87,0.3555406
-61.88,0.35553348
-61.89,0.35552633
-61.9,0.35551924
-61.91,0.35551208
-61.92,0.35550496
-61.93,0.35549784
-61.94,0.35549068
-61.95,0.3554836
-61.96,0.35547644
-61.97,0.35546935
-61.98,0.35546222
-61.99,0.3554551
-62.0,0.35544798
-62.01,0.35544086
-62.019999999999996,0.35543373
-62.03,0.35542664
-62.04,0.35541952
-62.05,0.35541236
-62.06,0.35540527
-62.07,0.35539815
-62.08,0.35539103
-62.089999999999996,0.35538393
-62.1,0.3553768
-62.11,0.3553697
-62.12,0.3553626
-62.13,0.35535547
-62.14,0.35534835
-62.15,0.35534126
-62.16,0.35533413
-62.17,0.35532707
-62.18,0.35531995
-62.19,0.35531282
-62.2,0.35530573
-62.21,0.35529864
-62.22,0.35529152
-62.23,0.35528442
-62.24,0.3552773
-62.25,0.35527024
-62.26,0.3552631
-62.269999999999996,0.35525602
-62.28,0.3552489
-62.29,0.3552418
-62.3,0.3552347
-62.31,0.3552276
-62.32,0.35522053
-62.33,0.3552134
-62.339999999999996,0.3552063
-62.35,0.3551992
-62.36,0.35519212
-62.37,0.35518503
-62.38,0.35517794
-62.39,0.35517082
-62.4,0.35516375
-62.41,0.35515666
-62.42,0.35514957
-62.43,0.35514247
-62.44,0.3551354
-62.45,0.35512832
-62.46,0.35512123
-62.47,0.35511416
-62.48,0.35510704
-62.49,0.35509998
-62.5,0.35509288
-62.51,0.3550858
-62.519999999999996,0.3550787
-62.53,0.35507163
-62.54,0.35506454
-62.55,0.35505748
-62.56,0.3550504
-62.57,0.35504332
-62.58,0.35503623
-62.589999999999996,0.35502914
-62.6,0.35502207
-62.61,0.35501498
-62.62,0.35500798
-62.63,0.35500088
-62.64,0.3549938
-62.65,0.35498673
-62.66,0.35497963
-62.67,0.35497257
-62.68,0.3549655
-62.69,0.35495844
-62.7,0.35495135
-62.71,0.3549443
-62.72,0.35493723
-62.73,0.35493016
-62.74,0.35492307
-62.75,0.354916
-62.76,0.35490894
-62.769999999999996,0.35490188
-62.78,0.35489482
-62.79,0.35488775
-62.8,0.35488072
-62.81,0.35487366
-62.82,0.3548666
-62.83,0.35485953
-62.839999999999996,0.35485247
-62.85,0.3548454
-62.86,0.35483834
-62.87,0.35483128
-62.88,0.35482422
-62.89,0.3548172
-62.9,0.35481012
-62.91,0.3548031
-62.92,0.35479602
-62.93,0.35478893
-62.94,0.35478187
-62.95,0.35477486
-62.96,0.3547678
-62.97,0.35476077
-62.98,0.35475373
-62.99,0.35474667
-63.0,0.3547396
-63.01,0.35473254
-63.019999999999996,0.3547255
-63.03,0.35471845
-63.04,0.35471144
-63.05,0.35470435
-63.06,0.35469735
-63.07,0.35469028
-63.08,0.35468322
-63.089999999999996,0.3546762
-63.1,0.35466915
-63.11,0.35466212
-63.12,0.3546551
-63.13,0.35464808
-63.14,0.35464102
-63.15,0.354634
-63.16,0.35462692
-63.17,0.3546199
-63.18,0.35461286
-63.19,0.35460582
-63.2,0.35459882
-63.21,0.35459176
-63.22,0.35458472
-63.23,0.3545777
-63.24,0.3545707
-63.25,0.35456362
-63.26,0.35455662
-63.269999999999996,0.3545496
-63.28,0.35454255
-63.29,0.35453555
-63.3,0.3545285
-63.31,0.35452148
-63.32,0.35451445
-63.33,0.35450742
-63.339999999999996,0.3545004
-63.35,0.35449338
-63.36,0.35448635
-63.37,0.3544793
-63.38,0.35447228
-63.39,0.35446528
-63.4,0.3544583
-63.41,0.35445127
-63.42,0.35444424
-63.43,0.3544372
-63.44,0.3544302
-63.45,0.3544232
-63.46,0.3544162
-63.47,0.35440916
-63.48,0.35440215
-63.49,0.35439512
-63.5,0.35438812
-63.51,0.35438108
-63.519999999999996,0.35437408
-63.53,0.3543671
-63.54,0.3543601
-63.55,0.35435307
-63.56,0.35434607
-63.57,0.35433906
-63.58,0.35433203
-63.589999999999996,0.35432506
-63.6,0.35431802
-63.61,0.35431102
-63.62,0.35430402
-63.63,0.354297
-63.64,0.35429
-63.65,0.354283
-63.66,0.35427603
-63.67,0.35426903
-63.68,0.35426202
-63.69,0.35425505
-63.7,0.35424802
-63.71,0.354241
-63.72,0.35423404
-63.73,0.354227
-63.74,0.35422003
-63.75,0.35421306
-63.76,0.35420606
-63.769999999999996,0.35419905
-63.78,0.35419205
-63.79,0.35418507
-63.8,0.3541781
-63.81,0.3541711
-63.82,0.35416412
-63.83,0.35415712
-63.839999999999996,0.35415012
-63.85,0.35414314
-63.86,0.35413617
-63.87,0.35412917
-63.88,0.35412216
-63.89,0.35411522
-63.9,0.3541082
-63.91,0.35410124
-63.92,0.35409424
-63.93,0.3540873
-63.94,0.3540803
-63.95,0.3540733
-63.96,0.35406634
-63.97,0.35405934
-63.98,0.3540524
-63.99,0.3540454
-64.0,0.35403842
-64.01,0.35403144
-64.02000000000001,0.35402444
-64.03,0.3540175
-64.04,0.35401052
-64.05000000000001,0.35400355
-64.06,0.35399657
-64.07000000000001,0.3539896
-64.08000000000001,0.35398263
-64.09,0.35397565
-64.10000000000001,0.35396868
-64.11,0.35396174
-64.12,0.35395473
-64.13000000000001,0.35394782
-64.14,0.35394084
-64.15,0.35393387
-64.16000000000001,0.35392693
-64.17,0.35391992
-64.18,0.35391298
-64.19000000000001,0.353906
-64.2,0.35389906
-64.21000000000001,0.3538921
-64.22000000000001,0.35388514
-64.23,0.35387817
-64.24000000000001,0.35387117
-64.25,0.35386425
-64.26,0.35385728
-64.27000000000001,0.3538503
-64.28,0.3538434
-64.29,0.35383642
-64.30000000000001,0.35382944
-64.31,0.35382253
-64.32000000000001,0.35381556
-64.33000000000001,0.35380858
-64.34,0.35380167
-64.35000000000001,0.3537947
-64.36,0.35378775
-64.37,0.3537808
-64.38000000000001,0.35377386
-64.39,0.35376686
-64.4,0.35375994
-64.41000000000001,0.35375303
-64.42,0.35374606
-64.43,0.35373908
-64.44000000000001,0.35373217
-64.45,0.35372522
-64.46000000000001,0.35371828
-64.47000000000001,0.3537113
-64.48,0.35370436
-64.49000000000001,0.35369745
-64.5,0.35369053
-64.51,0.3536836
-64.52000000000001,0.35367662
-64.53,0.3536697
-64.54,0.3536628
-64.55000000000001,0.35365582
-64.56,0.3536489
-64.57000000000001,0.35364196
-64.58000000000001,0.353635
-64.59,0.3536281
-64.60000000000001,0.35362113
-64.61,0.35361418
-64.62,0.3536073
-64.63000000000001,0.35360032
-64.64,0.35359344
-64.65,0.35358647
-64.66000000000001,0.35357955
-64.67,0.35357264
-64.68,0.3535657
-64.69000000000001,0.35355878
-64.7,0.35355183
-64.71000000000001,0.35354492
-64.72000000000001,0.353538
-64.73,0.35353106
-64.74000000000001,0.35352415
-64.75,0.35351723
-64.76,0.3535103
-64.77000000000001,0.35350338
-64.78,0.3534965
-64.79,0.35348955
-64.80000000000001,0.3534826
-64.81,0.35347572
-64.82000000000001,0.35346878
-64.83000000000001,0.35346186
-64.84,0.35345495
-64.85000000000001,0.35344803
-64.86,0.35344112
-64.87,0.3534342
-64.88000000000001,0.3534273
-64.89,0.35342035
-64.9,0.3534134
-64.91000000000001,0.35340655
-64.92,0.35339963
-64.93,0.35339272
-64.94000000000001,0.3533858
-64.95,0.35337892
-64.96000000000001,0.35337198
-64.97000000000001,0.35336506
-64.98,0.35335815
-64.99000000000001,0.35335124
-65.0,0.35334435
-65.01,0.35333747
-65.02000000000001,0.35333055
-65.03,0.35332367
-65.04,0.35331672
-65.05000000000001,0.3533098
-65.06,0.35330296
-65.07000000000001,0.35329604
-65.08000000000001,0.35328913
-65.09,0.35328227
-65.10000000000001,0.35327536
-65.11,0.35326844
-65.12,0.35326156
-65.13000000000001,0.35325465
-65.14,0.35324776
-65.15,0.35324088
-65.16000000000001,0.35323396
-65.17,0.35322708
-65.18,0.3532202
-65.19000000000001,0.3532133
-65.2,0.3532064
-65.21000000000001,0.3531995
-65.22000000000001,0.35319263
-65.23,0.35318574
-65.24000000000001,0.35317883
-65.25,0.353172
-65.26,0.3531651
-65.27000000000001,0.35315818
-65.28,0.35315132
-65.29,0.35314444
-65.30000000000001,0.35313752
-65.31,0.35313064
-65.32000000000001,0.35312378
-65.33000000000001,0.35311693
-65.34,0.35311002
-65.35000000000001,0.35310313
-65.36,0.35309625
-65.37,0.35308936
-65.38000000000001,0.35308248
-65.39,0.3530756
-65.4,0.35306874
-65.41000000000001,0.35306185
-65.42,0.35305494
-65.43,0.35304812
-65.44000000000001,0.35304123
-65.45,0.35303438
-65.46000000000001,0.35302746
-65.47000000000001,0.35302064
-65.48,0.35301375
-65.49000000000001,0.3530069
-65.5,0.35300002
-65.51,0.35299313
-65.52000000000001,0.35298625
-65.53,0.3529794
-65.54,0.3529725
-65.55000000000001,0.35296565
-65.56,0.3529588
-65.57000000000001,0.3529519
-65.58000000000001,0.35294506
-65.59,0.3529382
-65.60000000000001,0.35293132
-65.61,0.35292447
-65.62,0.3529176
-65.63000000000001,0.35291076
-65.64,0.3529039
-65.65,0.35289702
-65.66000000000001,0.35289013
-65.67,0.35288328
-65.68,0.35287645
-65.69000000000001,0.35286963
-65.7,0.35286275
-65.71000000000001,0.35285586
-65.72000000000001,0.35284904
-65.73,0.3528422
-65.74000000000001,0.3528353
-65.75,0.35282844
-65.76,0.35282165
-65.77000000000001,0.35281476
-65.78,0.35280794
-65.79,0.35280108
-65.80000000000001,0.3527942
-65.81,0.35278738
-65.82000000000001,0.35278052
-65.83000000000001,0.3527737
-65.84,0.3527668
-65.85000000000001,0.35276
-65.86,0.35275313
-65.87,0.3527463
-65.88000000000001,0.35273945
-65.89,0.3527326
-65.9,0.35272577
-65.91000000000001,0.35271892
-65.92,0.35271206
-65.93,0.35270524
-65.94000000000001,0.3526984
-65.95,0.35269156
-65.96000000000001,0.35268477
-65.97000000000001,0.35267794
-65.98,0.35267106
-65.99000000000001,0.35266423
-66.0,0.35265738
-66.01,0.35265052
-66.02000000000001,0.35264373
-66.03,0.3526369
-66.04,0.35263005
-66.05000000000001,0.35262322
-66.06,0.35261637
-66.07000000000001,0.35260954
-66.08000000000001,0.35260272
-66.09,0.35259593
-66.10000000000001,0.35258907
-66.11,0.35258225
-66.12,0.35257542
-66.13000000000001,0.35256863
-66.14,0.35256174
-66.15,0.35255492
-66.16000000000001,0.35254812
-66.17,0.3525413
-66.18,0.35253444
-66.19000000000001,0.35252765
-66.2,0.35252082
-66.21000000000001,0.352514
-66.22000000000001,0.35250717
-66.23,0.35250038
-66.24000000000001,0.35249352
-66.25,0.35248673
-66.26,0.3524799
-66.27000000000001,0.3524731
-66.28,0.3524663
-66.29,0.3524595
-66.30000000000001,0.35245264
-66.31,0.35244584
-66.32000000000001,0.35243905
-66.33000000000001,0.35243222
-66.34,0.3524254
-66.35000000000001,0.35241857
-66.36,0.35241178
-66.37,0.35240495
-66.38000000000001,0.35239816
-66.39,0.3523913
-66.4,0.3523845
-66.41000000000001,0.35237774
-66.42,0.35237095
-66.43,0.35236415
-66.44000000000001,0.35235733
-66.45,0.3523505
-66.46000000000001,0.3523437
-66.47000000000001,0.3523369
-66.48,0.3523301
-66.49000000000001,0.3523233
-66.5,0.35231653
-66.51,0.35230967
-66.52000000000001,0.3523029
-66.53,0.3522961
-66.54,0.35228932
-66.55000000000001,0.3522825
-66.56,0.35227573
-66.57000000000001,0.35226893
-66.58000000000001,0.35226208
-66.59,0.35225534
-66.60000000000001,0.35224855
-66.61,0.35224175
-66.62,0.35223496
-66.63000000000001,0.35222816
-66.64,0.35222137
-66.65,0.35221457
-66.66000000000001,0.3522078
-66.67,0.352201
-66.68,0.35219422
-66.69000000000001,0.35218742
-66.7,0.35218063
-66.71000000000001,0.35217386
-66.72000000000001,0.35216707
-66.73,0.3521603
-66.74000000000001,0.35215354
-66.75,0.35214671
-66.76,0.35213992
-66.77000000000001,0.35213315
-66.78,0.3521264
-66.79,0.3521196
-66.80000000000001,0.35211283
-66.81,0.35210603
-66.82000000000001,0.3520993
-66.83000000000001,0.3520925
-66.84,0.3520857
-66.85000000000001,0.35207894
-66.86,0.35207215
-66.87,0.35206535
-66.88000000000001,0.35205862
-66.89,0.3520518
-66.9,0.35204506
-66.91000000000001,0.35203826
-66.92,0.35203153
-66.93,0.35202473
-66.94000000000001,0.35201797
-66.95,0.3520112
-66.96000000000001,0.35200444
-66.97000000000001,0.35199767
-66.98,0.3519909
-66.99000000000001,0.35198417
-67.0,0.35197738
-67.01,0.3519706
-67.02000000000001,0.35196388
-67.03,0.35195708
-67.04,0.35195035
-67.05000000000001,0.35194358
-67.06,0.3519368
-67.07000000000001,0.35193002
-67.08000000000001,0.35192326
-67.09,0.3519165
-67.10000000000001,0.35190976
-67.11,0.351903
-67.12,0.35189626
-67.13000000000001,0.35188946
-67.14,0.35188273
-67.15,0.351876
-67.16000000000001,0.35186923
-67.17,0.3518625
-67.18,0.3518557
-67.19000000000001,0.35184896
-67.2,0.3518422
-67.21000000000001,0.3518355
-67.22000000000001,0.35182872
-67.23,0.35182196
-67.24000000000001,0.3518152
-67.25,0.35180843
-67.26,0.3518017
-67.27000000000001,0.35179496
-67.28,0.35178822
-67.29,0.35178146
-67.30000000000001,0.3517747
-67.31,0.35176796
-67.32000000000001,0.35176122
-67.33000000000001,0.3517545
-67.34,0.35174775
-67.35000000000001,0.35174102
-67.36,0.35173425
-67.37,0.35172758
-67.38000000000001,0.3517208
-67.39,0.35171407
-67.4,0.3517073
-67.41000000000001,0.35170057
-67.42,0.3516938
-67.43,0.3516871
-67.44000000000001,0.35168037
-67.45,0.35167363
-67.46000000000001,0.3516669
-67.47000000000001,0.35166013
-67.48,0.35165346
-67.49000000000001,0.35164672
-67.5,0.35164
-67.51,0.35163322
-67.52000000000001,0.35162652
-67.53,0.3516198
-67.54,0.35161307
-67.55000000000001,0.3516063
-67.56,0.35159957
-67.57000000000001,0.35159287
-67.58000000000001,0.35158613
-67.59,0.35157943
-67.60000000000001,0.3515727
-67.61,0.35156596
-67.62,0.35155922
-67.63000000000001,0.35155255
-67.64,0.3515458
-67.65,0.35153908
-67.66000000000001,0.35153237
-67.67,0.35152563
-67.68,0.3515189
-67.69000000000001,0.3515122
-67.7,0.35150546
-67.71000000000001,0.35149878
-67.72000000000001,0.35149205
-67.73,0.35148534
-67.74000000000001,0.35147864
-67.75,0.3514719
-67.76,0.3514652
-67.77000000000001,0.3514585
-67.78,0.35145175
-67.79,0.35144505
-67.80000000000001,0.35143837
-67.81,0.35143164
-67.82000000000001,0.35142496
-67.83000000000001,0.3514182
-67.84,0.35141152
-67.85000000000001,0.3514048
-67.86,0.3513981
-67.87,0.35139138
-67.88000000000001,0.35138467
-67.89,0.35137796
-67.9,0.3513713
-67.91000000000001,0.35136455
-67.92,0.35135788
-67.93,0.3513512
-67.94000000000001,0.35134447
-67.95,0.3513378
-67.96000000000001,0.3513311
-67.97000000000001,0.35132435
-67.98,0.35131767
-67.99000000000001,0.351311
-68.0,0.3513043
-68.01,0.3512976
-68.02000000000001,0.35129088
-68.03,0.35128424
-68.04,0.35127753
-68.05000000000001,0.35127082
-68.06,0.35126412
-68.07000000000001,0.3512574
-68.08000000000001,0.35125077
-68.09,0.35124406
-68.10000000000001,0.35123736
-68.11,0.35123065
-68.12,0.35122395
-68.13000000000001,0.35121733
-68.14,0.3512106
-68.15,0.35120392
-68.16000000000001,0.3511972
-68.17,0.35119057
-68.18,0.3511839
-68.19000000000001,0.35117716
-68.2,0.3511705
-68.21000000000001,0.3511638
-68.22000000000001,0.35115713
-68.23,0.35115045
-68.24000000000001,0.35114378
-68.25,0.3511371
-68.26,0.35113043
-68.27000000000001,0.35112375
-68.28,0.35111707
-68.29,0.3511104
-68.30000000000001,0.3511037
-68.31,0.35109702
-68.32000000000001,0.35109037
-68.33000000000001,0.3510837
-68.34,0.351077
-68.35000000000001,0.35107034
-68.36000000000001,0.3510637
-68.37,0.351057
-68.38000000000001,0.35105035
-68.39,0.35104364
-68.4,0.35103697
-68.41000000000001,0.35103032
-68.42,0.35102364
-68.43,0.351017
-68.44000000000001,0.3510103
-68.45,0.35100365
-68.46000000000001,0.35099697
-68.47000000000001,0.35099033
-68.48,0.35098362
-68.49000000000001,0.350977
-68.5,0.35097033
-68.51,0.35096368
-68.52000000000001,0.350957
-68.53,0.35095033
-68.54,0.35094368
-68.55000000000001,0.35093704
-68.56,0.35093036
-68.57000000000001,0.35092372
-68.58000000000001,0.35091704
-68.59,0.3509104
-68.60000000000001,0.35090375
-68.61000000000001,0.35089707
-68.62,0.35089043
-68.63000000000001,0.35088378
-68.64,0.3508771
-68.65,0.35087043
-68.66000000000001,0.35086378
-68.67,0.35085717
-68.68,0.35085052
-68.69000000000001,0.35084388
-68.7,0.35083723
-68.71000000000001,0.35083055
-68.72000000000001,0.35082394
-68.73,0.35081726
-68.74000000000001,0.35081062
-68.75,0.35080397
-68.76,0.35079733
-68.77000000000001,0.3507907
-68.78,0.35078406
-68.79,0.3507774
-68.80000000000001,0.35077077
-68.81,0.3507641
-68.82000000000001,0.35075745
-68.83000000000001,0.35075083
-68.84,0.3507442
-68.85000000000001,0.35073757
-68.86000000000001,0.35073093
-68.87,0.35072428
-68.88000000000001,0.35071766
-68.89,0.35071105
-68.9,0.35070443
-68.91000000000001,0.35069773
-68.92,0.3506911
-68.93,0.3506845
-68.94000000000001,0.35067785
-68.95,0.3506712
-68.96000000000001,0.3506646
-68.97000000000001,0.35065794
-68.98,0.35065132
-68.99000000000001,0.35064468
-69.0,0.35063806
-69.01,0.35063145
-69.02000000000001,0.35062477
-69.03,0.35061818
-69.04,0.35061157
-69.05000000000001,0.3506049
-69.06,0.35059828
-69.07000000000001,0.35059166
-69.08000000000001,0.35058504
-69.09,0.35057843
-69.10000000000001,0.3505718
-69.11000000000001,0.35056517
-69.12,0.35055858
-69.13000000000001,0.35055196
-69.14,0.35054532
-69.15,0.3505387
-69.16000000000001,0.35053208
-69.17,0.3505255
-69.18,0.35051885
-69.19000000000001,0.3505122
-69.2,0.35050562
-69.21000000000001,0.350499
-69.22000000000001,0.3504924
-69.23,0.35048577
-69.24000000000001,0.35047916
-69.25,0.35047257
-69.26,0.35046595
-69.27000000000001,0.35045934
-69.28,0.35045272
-69.29,0.35044613
-69.30000000000001,0.35043952
-69.31,0.3504329
-69.32000000000001,0.35042632
-69.33000000000001,0.3504197
-69.34,0.35041308
-69.35000000000001,0.35040647
-69.36000000000001,0.35039988
-69.37,0.3503933
-69.38000000000001,0.35038668
-69.39,0.35038006
-69.4,0.35037345
-69.41000000000001,0.35036686
-69.42,0.35036027
-69.43,0.35035366
-69.44000000000001,0.35034704
-69.45,0.35034046
-69.46000000000001,0.35033384
-69.47000000000001,0.35032728
-69.48,0.35032067
-69.49000000000001,0.3503141
-69.5,0.35030746
-69.51,0.35030088
-69.52000000000001,0.3502943
-69.53,0.35028768
-69.54,0.3502811
-69.55000000000001,0.35027453
-69.56,0.35026792
-69.57000000000001,0.35026133
-69.58000000000001,0.3502547
-69.59,0.35024816
-69.60000000000001,0.35024157
-69.61000000000001,0.35023496
-69.62,0.35022837
-69.63000000000001,0.3502218
-69.64,0.3502152
-69.65,0.3502086
-69.66000000000001,0.35020205
-69.67,0.35019547
-69.68,0.3501889
-69.69000000000001,0.3501823
-69.7,0.35017574
-69.71000000000001,0.35016915
-69.72000000000001,0.35016254
-69.73,0.35015598
-69.74000000000001,0.35014945
-69.75,0.35014284
-69.76,0.35013622
-69.77000000000001,0.35012966
-69.78,0.3501231
-69.79,0.35011652
-69.80000000000001,0.35010993
-69.81,0.35010338
-69.82000000000001,0.3500968
-69.83000000000001,0.3500902
-69.84,0.35008368
-69.85000000000001,0.35007703
-69.86000000000001,0.35007048
-69.87,0.35006395
-69.88000000000001,0.35005736
-69.89,0.3500508
-69.9,0.35004425
-69.91000000000001,0.35003766
-69.92,0.3500311
-69.93,0.35002452
-69.94000000000001,0.35001796
-69.95,0.35001138
-69.96000000000001,0.35000482
-69.97000000000001,0.3499983
-69.98,0.34999174
-69.99000000000001,0.34998512
-70.0,0.3499786
-70.01,0.34997207
-70.02000000000001,0.34996548
-70.03,0.3499589
-70.04,0.34995234
-70.05000000000001,0.34994578
-70.06,0.34993923
-70.07000000000001,0.34993267
-70.08000000000001,0.34992614
-70.09,0.34991956
-70.10000000000001,0.349913
-70.11000000000001,0.34990644
-70.12,0.3498999
-70.13000000000001,0.34989336
-70.14,0.3498868
-70.15,0.34988028
-70.16000000000001,0.3498737
-70.17,0.34986717
-70.18,0.3498606
-70.19000000000001,0.34985405
-70.2,0.3498475
-70.21000000000001,0.349841
-70.22000000000001,0.3498344
-70.23,0.34982786
-70.24000000000001,0.34982133
-70.25,0.34981477
-70.26,0.34980825
-70.27000000000001,0.34980166
-70.28,0.34979516
-70.29,0.3497886
-70.30000000000001,0.34978205
-70.31,0.34977552
-70.32000000000001,0.34976903
-70.33000000000001,0.34976244
-70.34,0.34975588
-70.35000000000001,0.3497494
-70.36000000000001,0.34974283
-70.37,0.3497363
-70.38000000000001,0.34972978
-70.39,0.34972325
-70.4,0.3497167
-70.41000000000001,0.34971014
-70.42,0.3497036
-70.43,0.3496971
-70.44000000000001,0.34969056
-70.45,0.349684
-70.46000000000001,0.3496775
-70.47000000000001,0.34967095
-70.48,0.34966442
-70.49000000000001,0.3496579
-70.5,0.34965137
-70.51,0.34964487
-70.52000000000001,0.34963834
-70.53,0.3496318
-70.54,0.3496253
-70.55000000000001,0.34961873
-70.56,0.34961224
-70.57000000000001,0.34960568
-70.58000000000001,0.3495992
-70.59,0.3495927
-70.60000000000001,0.34958613
-70.61000000000001,0.3495796
-70.62,0.34957314
-70.63000000000001,0.34956658
-70.64,0.34956008
-70.65,0.34955356
-70.66000000000001,0.34954703
-70.67,0.3495405
-70.68,0.34953398
-70.69000000000001,0.34952748
-70.7,0.34952095
-70.71000000000001,0.34951442
-70.72000000000001,0.34950793
-70.73,0.34950143
-70.74000000000001,0.3494949
-70.75,0.3494884
-70.76,0.3494819
-70.77000000000001,0.34947538
-70.78,0.3494689
-70.79,0.34946236
-70.80000000000001,0.34945586
-70.81,0.34944937
-70.82000000000001,0.34944284
-70.83000000000001,0.3494363
-70.84,0.34942982
-70.85000000000001,0.34942332
-70.86000000000001,0.34941682
-70.87,0.34941033
-70.88000000000001,0.34940383
-70.89,0.3493973
-70.9,0.3493908
-70.91000000000001,0.3493843
-70.92,0.3493778
-70.93,0.3493713
-70.94000000000001,0.34936485
-70.95,0.34935835
-70.96000000000001,0.34935182
-70.97000000000001,0.34934533
-70.98,0.34933883
-70.99000000000001,0.34933233
-71.0,0.34932584
-71.01,0.34931937
-71.02000000000001,0.34931287
-71.03,0.34930634
-71.04,0.34929985
-71.05000000000001,0.3492934
-71.06,0.34928688
-71.07000000000001,0.3492804
-71.08000000000001,0.34927392
-71.09,0.34926742
-71.10000000000001,0.34926096
-71.11000000000001,0.34925443
-71.12,0.34924796
-71.13000000000001,0.34924147
-71.14,0.34923497
-71.15,0.34922847
-71.16000000000001,0.349222
-71.17,0.34921554
-71.18,0.34920904
-71.19000000000001,0.3492026
-71.2,0.3491961
-71.21000000000001,0.3491896
-71.22000000000001,0.3491831
-71.23,0.34917668
-71.24000000000001,0.34917018
-71.25,0.34916368
-71.26,0.3491572
-71.27000000000001,0.34915078
-71.28,0.34914428
-71.29,0.34913778
-71.30000000000001,0.34913132
-71.31,0.34912482
-71.32000000000001,0.34911835
-71.33000000000001,0.34911194
-71.34,0.34910542
-71.35000000000001,0.34909898
-71.36000000000001,0.34909248
-71.37,0.34908602
-71.38000000000001,0.34907955
-71.39,0.34907308
-71.4,0.34906662
-71.41000000000001,0.34906012
-71.42,0.34905368
-71.43,0.34904724
-71.44000000000001,0.34904075
-71.45,0.3490343
-71.46000000000001,0.3490278
-71.47000000000001,0.34902138
-71.48,0.34901488
-71.49000000000001,0.34900844
-71.5,0.34900197
-71.51,0.34899554
-71.52000000000001,0.34898907
-71.53,0.3489826
-71.54,0.34897614
-71.55000000000001,0.34896964
-71.56,0.34896317
-71.57000000000001,0.34895673
-71.58000000000001,0.34895033
-71.59,0.34894383
-71.60000000000001,0.3489374
-71.61000000000001,0.34893095
-71.62,0.34892446
-71.63000000000001,0.34891802
-71.64,0.34891158
-71.65,0.34890512
-71.66000000000001,0.34889868
-71.67,0.3488922
-71.68,0.34888577
-71.69000000000001,0.3488793
-71.7,0.3488729
-71.71000000000001,0.34886643
-71.72000000000001,0.34886
-71.73,0.34885353
-71.74000000000001,0.3488471
-71.75,0.34884065
-71.76,0.3488342
-71.77000000000001,0.34882775
-71.78,0.34882134
-71.79,0.34881487
-71.80000000000001,0.34880847
-71.81,0.348802
-71.82000000000001,0.34879553
-71.83000000000001,0.3487891
-71.84,0.3487827
-71.85000000000001,0.34877622
-71.86000000000001,0.34876978
-71.87,0.34876338
-71.88000000000001,0.3487569
-71.89,0.3487505
-71.9,0.3487441
-71.91000000000001,0.3487376
-71.92,0.34873122
-71.93,0.34872472
-71.94000000000001,0.34871832
-71.95,0.34871188
-71.96000000000001,0.34870544
-71.97000000000001,0.34869903
-71.98,0.3486926
-71.99000000000001,0.34868616
-72.0,0.34867972
-72.01,0.34867328
-72.02000000000001,0.34866688
-72.03,0.34866047
-72.04,0.348654
-72.05000000000001,0.3486476
-72.06,0.34864116
-72.07000000000001,0.34863475
-72.08000000000001,0.34862828
-72.09,0.34862188
-72.10000000000001,0.34861547
-72.11000000000001,0.34860906
-72.12,0.34860265
-72.13000000000001,0.34859622
-72.14,0.34858978
-72.15,0.3485834
-72.16000000000001,0.348577
-72.17,0.34857056
-72.18,0.34856415
-72.19000000000001,0.3485577
-72.2,0.34855133
-72.21000000000001,0.3485449
-72.22000000000001,0.34853846
-72.23,0.34853205
-72.24000000000001,0.34852564
-72.25,0.34851924
-72.26,0.34851283
-72.27000000000001,0.34850645
-72.28,0.34849998
-72.29,0.34849358
-72.30000000000001,0.34848717
-72.31,0.34848076
-72.32000000000001,0.34847438
-72.33000000000001,0.34846798
-72.34,0.34846154
-72.35000000000001,0.34845513
-72.36000000000001,0.34844875
-72.37,0.34844235
-72.38000000000001,0.34843594
-72.39,0.34842953
-72.4,0.34842312
-72.41000000000001,0.34841672
-72.42,0.34841034
-72.43,0.34840393
-72.44000000000001,0.3483975
-72.45,0.34839112
-72.46000000000001,0.3483847
-72.47000000000001,0.3483783
-72.48,0.34837192
-72.49000000000001,0.34836552
-72.5,0.34835914
-72.51,0.34835273
-72.52000000000001,0.34834638
-72.53,0.34833997
-72.54,0.34833354
-72.55000000000001,0.3483272
-72.56,0.34832078
-72.57000000000001,0.3483144
-72.58000000000001,0.34830803
-72.59,0.34830162
-72.60000000000001,0.3482952
-72.61000000000001,0.34828883
-72.62,0.34828246
-72.63000000000001,0.34827605
-72.64,0.34826967
-72.65,0.34826326
-72.66000000000001,0.3482569
-72.67,0.3482505
-72.68,0.34824416
-72.69000000000001,0.34823775
-72.7,0.34823138
-72.71000000000001,0.348225
-72.72000000000001,0.3482186
-72.73,0.34821224
-72.74000000000001,0.34820583
-72.75,0.34819946
-72.76,0.34819305
-72.77000000000001,0.34818667
-72.78,0.34818032
-72.79,0.34817395
-72.80000000000001,0.34816757
-72.81,0.3481612
-72.82000000000001,0.3481548
-72.83000000000001,0.34814844
-72.84,0.34814206
-72.85000000000001,0.3481357
-72.86000000000001,0.3481293
-72.87,0.34812295
-72.88000000000001,0.34811658
-72.89,0.34811023
-72.9,0.34810382
-72.91000000000001,0.34809747
-72.92,0.34809113
-72.93,0.34808475
-72.94000000000001,0.34807837
-72.95,0.34807202
-72.96000000000001,0.3480656
-72.97000000000001,0.34805927
-72.98,0.34805292
-72.99000000000001,0.34804654
-73.0,0.34804016
-73.01,0.34803385
-73.02000000000001,0.34802747
-73.03,0.3480211
-73.04,0.34801474
-73.05000000000001,0.34800836
-73.06,0.348002
-73.07000000000001,0.34799564
-73.08000000000001,0.3479893
-73.09,0.34798294
-73.10000000000001,0.34797662
-73.11000000000001,0.34797025
-73.12,0.34796387
-73.13000000000001,0.34795752
-73.14,0.34795117
-73.15,0.34794483
-73.16000000000001,0.34793848
-73.17,0.3479321
-73.18,0.34792572
-73.19000000000001,0.3479194
-73.2,0.3479131
-73.21000000000001,0.3479067
-73.22000000000001,0.3479004
-73.23,0.347894
-73.24000000000001,0.34788764
-73.25,0.34788135
-73.26,0.34787497
-73.27000000000001,0.3478686
-73.28,0.3478623
-73.29,0.34785593
-73.30000000000001,0.3478496
-73.31,0.3478433
-73.32000000000001,0.3478369
-73.33000000000001,0.34783053
-73.34,0.34782422
-73.35000000000001,0.34781787
-73.36000000000001,0.34781152
-73.37,0.3478052
-73.38000000000001,0.34779885
-73.39,0.3477925
-73.4,0.3477862
-73.41000000000001,0.34777984
-73.42,0.3477735
-73.43,0.34776717
-73.44000000000001,0.34776086
-73.45,0.3477545
-73.46000000000001,0.3477482
-73.47000000000001,0.34774184
-73.48,0.34773552
-73.49000000000001,0.3477292
-73.5,0.34772286
-73.51,0.3477165
-73.52000000000001,0.3477102
-73.53,0.34770387
-73.54,0.34769753
-73.55000000000001,0.3476912
-73.56,0.3476849
-73.57000000000001,0.3476785
-73.58000000000001,0.34767222
-73.59,0.34766588
-73.60000000000001,0.3476596
-73.61000000000001,0.34765327
-73.62,0.3476469
-73.63000000000001,0.3476406
-73.64,0.3476343
-73.65,0.34762794
-73.66000000000001,0.34762165
-73.67,0.3476153
-73.68,0.34760898
-73.69000000000001,0.3476027
-73.7,0.34759635
-73.71000000000001,0.34759003
-73.72000000000001,0.3475837
-73.73,0.3475774
-73.74000000000001,0.3475711
-73.75,0.34756482
-73.76,0.3475585
-73.77000000000001,0.34755218
-73.78,0.34754586
-73.79,0.3475395
-73.80000000000001,0.34753323
-73.81,0.34752694
-73.82000000000001,0.34752062
-73.83000000000001,0.3475143
-73.84,0.347508
-73.85000000000001,0.3475017
-73.86000000000001,0.34749538
-73.87,0.3474891
-73.88000000000001,0.34748274
-73.89,0.34747645
-73.9,0.34747013
-73.91000000000001,0.34746382
-73.92,0.34745753
-73.93,0.3474512
-73.94000000000001,0.3474449
-73.95,0.34743863
-73.96000000000001,0.34743232
-73.97000000000001,0.347426
-73.98,0.34741974
-73.99000000000001,0.34741342
-74.0,0.3474071
-74.01,0.3474008
-74.02000000000001,0.34739456
-74.03,0.3473882
-74.04,0.3473819
-74.05000000000001,0.34737563
-74.06,0.34736934
-74.07000000000001,0.34736305
-74.08000000000001,0.34735674
-74.09,0.34735048
-74.10000000000001,0.34734416
-74.11000000000001,0.34733784
-74.12,0.34733158
-74.13000000000001,0.34732533
-74.14,0.347319
-74.15,0.34731275
-74.16000000000001,0.34730643
-74.17,0.3473001
-74.18,0.34729385
-74.19000000000001,0.3472876
-74.2,0.34728128
-74.21000000000001,0.347275
-74.22000000000001,0.34726873
-74.23,0.3472624
-74.24000000000001,0.34725618
-74.25,0.34724987
-74.26,0.3472436
-74.27000000000001,0.34723732
-74.28,0.34723103
-74.29,0.34722477
-74.30000000000001,0.34721845
-74.31,0.34721217
-74.32000000000001,0.34720594
-74.33000000000001,0.34719962
-74.34,0.34719336
-74.35000000000001,0.34718707
-74.36000000000001,0.34718078
-74.37,0.34717453
-74.38000000000001,0.34716827
-74.39,0.34716195
-74.4,0.3471557
-74.41000000000001,0.34714943
-74.42,0.34714314
-74.43,0.34713688
-74.44000000000001,0.34713066
-74.45,0.34712434
-74.46000000000001,0.34711808
-74.47000000000001,0.34711182
-74.48,0.34710556
-74.49000000000001,0.3470993
-74.5,0.34709302
-74.51,0.34708676
-74.52000000000001,0.34708047
-74.53,0.34707424
-74.54,0.34706795
-74.55000000000001,0.3470617
-74.56,0.34705544
-74.57000000000001,0.34704918
-74.58000000000001,0.3470429
-74.59,0.34703663
-74.60000000000001,0.34703037
-74.61000000000001,0.3470241
-74.62,0.34701785
-74.63000000000001,0.34701163
-74.64,0.34700534
-74.65,0.3469991
-74.66000000000001,0.34699285
-74.67,0.34698656
-74.68,0.34698033
-74.69000000000001,0.34697405
-74.7,0.34696782
-74.71000000000001,0.34696156
-74.72000000000001,0.3469553
-74.73,0.34694904
-74.74000000000001,0.3469428
-74.75,0.34693652
-74.76,0.34693033
-74.77000000000001,0.34692404
-74.78,0.34691778
-74.79,0.34691155
-74.80000000000001,0.34690532
-74.81,0.3468991
-74.82000000000001,0.34689283
-74.83000000000001,0.34688658
-74.84,0.34688035
-74.85000000000001,0.34687412
-74.86000000000001,0.34686783
-74.87,0.3468616
-74.88000000000001,0.34685534
-74.89,0.34684908
-74.9,0.34684289
-74.91000000000001,0.34683663
-74.92,0.3468304
-74.93,0.34682417
-74.94000000000001,0.34681788
-74.95,0.34681168
-74.96000000000001,0.34680542
-74.97000000000001,0.3467992
-74.98,0.34679297
-74.99000000000001,0.34678674
-75.0,0.34678048
-75.01,0.34677425
-75.02000000000001,0.34676802
-75.03,0.34676176
-75.04,0.34675556
-75.05000000000001,0.3467493
-75.06,0.34674308
-75.07000000000001,0.34673688
-75.08000000000001,0.34673065
-75.09,0.34672442
-75.10000000000001,0.3467182
-75.11000000000001,0.34671193
-75.12,0.3467057
-75.13000000000001,0.34669948
-75.14,0.34669328
-75.15,0.34668705
-75.16000000000001,0.34668085
-75.17,0.3466746
-75.18,0.34666836
-75.19000000000001,0.34666213
-75.2,0.3466559
-75.21000000000001,0.34664968
-75.22000000000001,0.34664348
-75.23,0.34663728
-75.24000000000001,0.34663105
-75.25,0.3466248
-75.26,0.3466186
-75.27000000000001,0.34661242
-75.28,0.34660617
-75.29,0.34659994
-75.30000000000001,0.34659374
-75.31,0.34658754
-75.32000000000001,0.34658128
-75.33000000000001,0.34657508
-75.34,0.34656888
-75.35000000000001,0.34656265
-75.36000000000001,0.34655643
-75.37,0.34655026
-75.38000000000001,0.34654403
-75.39,0.3465378
-75.4,0.3465316
-75.41000000000001,0.3465254
-75.42,0.34651917
-75.43,0.346513
-75.44000000000001,0.34650677
-75.45,0.34650058
-75.46000000000001,0.34649435
-75.47000000000001,0.34648818
-75.48,0.34648195
-75.49000000000001,0.34647575
-75.5,0.34646958
-75.51,0.34646335
-75.52000000000001,0.34645715
-75.53,0.34645095
-75.54,0.34644473
-75.55000000000001,0.34643853
-75.56,0.3464324
-75.57000000000001,0.34642616
-75.58000000000001,0.34642
-75.59,0.34641376
-75.60000000000001,0.34640753
-75.61000000000001,0.34640133
-75.62,0.34639516
-75.63000000000001,0.346389
-75.64,0.34638274
-75.65,0.3463766
-75.66000000000001,0.3463704
-75.67,0.3463642
-75.68,0.346358
-75.69000000000001,0.34635186
-75.7,0.34634566
-75.71000000000001,0.34633946
-75.72000000000001,0.34633324
-75.73,0.34632707
-75.74000000000001,0.34632087
-75.75,0.34631467
-75.76,0.3463085
-75.77000000000001,0.34630233
-75.78,0.34629613
-75.79,0.34628993
-75.80000000000001,0.34628373
-75.81,0.3462776
-75.82000000000001,0.3462714
-75.83000000000001,0.3462652
-75.84,0.34625903
-75.85000000000001,0.34625283
-75.86000000000001,0.34624666
-75.87,0.3462405
-75.88000000000001,0.34623432
-75.89,0.3462281
-75.9,0.34622195
-75.91000000000001,0.34621575
-75.92,0.34620962
-75.93,0.34620342
-75.94000000000001,0.34619728
-75.95,0.34619105
-75.96000000000001,0.34618488
-75.97000000000001,0.3461787
-75.98,0.34617257
-75.99000000000001,0.34616637
-76.0,0.3461602
-76.01,0.34615403
-76.02000000000001,0.34614787
-76.03,0.34614167
-76.04,0.3461355
-76.05000000000001,0.34612936
-76.06,0.3461232
-76.07000000000001,0.346117
-76.08000000000001,0.34611082
-76.09,0.34610468
-76.10000000000001,0.34609848
-76.11000000000001,0.3460923
-76.12,0.3460862
-76.13000000000001,0.34608003
-76.14,0.34607387
-76.15,0.3460677
-76.16000000000001,0.3460615
-76.17,0.34605536
-76.18,0.34604922
-76.19000000000001,0.34604305
-76.2,0.34603688
-76.21000000000001,0.34603074
-76.22000000000001,0.34602457
-76.23,0.3460184
-76.24000000000001,0.3460123
-76.25,0.34600613
-76.26,0.34599993
-76.27000000000001,0.34599382
-76.28,0.34598765
-76.29,0.3459815
-76.30000000000001,0.34597534
-76.31,0.3459692
-76.32000000000001,0.34596306
-76.33000000000001,0.3459569
-76.34,0.34595075
-76.35000000000001,0.34594458
-76.36000000000001,0.3459384
-76.37,0.3459323
-76.38000000000001,0.34592614
-76.39,0.34592
-76.4,0.34591383
-76.41000000000001,0.3459077
-76.42,0.34590155
-76.43,0.3458954
-76.44000000000001,0.34588927
-76.45,0.34588313
-76.46000000000001,0.345877
-76.47000000000001,0.34587085
-76.48,0.34586465
-76.49000000000001,0.34585854
-76.5,0.3458524
-76.51,0.34584627
-76.52000000000001,0.34584016
-76.53,0.345834
-76.54,0.34582788
-76.55000000000001,0.34582174
-76.56,0.34581557
-76.57000000000001,0.34580946
-76.58000000000001,0.3458033
-76.59,0.34579718
-76.60000000000001,0.34579104
-76.61000000000001,0.3457849
-76.62,0.3457788
-76.63000000000001,0.34577262
-76.64,0.3457665
-76.65,0.34576038
-76.66000000000001,0.34575424
-76.67,0.34574813
-76.68,0.345742
-76.69000000000001,0.34573588
-76.7,0.34572974
-76.71000000000001,0.34572363
-76.72000000000001,0.3457175
-76.73,0.34571135
-76.74000000000001,0.3457052
-76.75,0.34569913
-76.76,0.345693
-76.77000000000001,0.34568685
-76.78,0.3456807
-76.79,0.34567463
-76.80000000000001,0.3456685
-76.81,0.3456624
-76.82000000000001,0.34565628
-76.83000000000001,0.34565014
-76.84,0.345644
-76.85000000000001,0.3456379
-76.86000000000001,0.34563178
-76.87,0.34562564
-76.88000000000001,0.34561956
-76.89,0.34561342
-76.9,0.3456073
-76.91000000000001,0.3456012
-76.92,0.34559506
-76.93,0.34558898
-76.94000000000001,0.34558284
-76.95,0.34557673
-76.96000000000001,0.34557062
-76.97000000000001,0.3455645
-76.98,0.34555838
-76.99000000000001,0.3455523
-77.0,0.3455462
-77.01,0.34554008
-77.02000000000001,0.34553397
-77.03,0.3455279
-77.04,0.34552178
-77.05000000000001,0.34551567
-77.06,0.34550956
-77.07000000000001,0.34550342
-77.08000000000001,0.34549737
-77.09,0.34549123
-77.10000000000001,0.34548515
-77.11000000000001,0.34547904
-77.12,0.3454729
-77.13000000000001,0.34546682
-77.14,0.3454607
-77.15,0.34545463
-77.16000000000001,0.34544852
-77.17,0.34544244
-77.18,0.34543633
-77.19000000000001,0.3454302
-77.2,0.34542415
-77.21000000000001,0.34541804
-77.22000000000001,0.34541196
-77.23,0.34540585
-77.24000000000001,0.34539977
-77.25,0.34539366
-77.26,0.34538758
-77.27000000000001,0.34538147
-77.28,0.34537536
-77.29,0.3453693
-77.30000000000001,0.3453632
-77.31,0.34535712
-77.32000000000001,0.34535104
-77.33000000000001,0.34534493
-77.34,0.34533885
-77.35000000000001,0.34533274
-77.36000000000001,0.34532666
-77.37,0.34532058
-77.38000000000001,0.3453145
-77.39,0.34530842
-77.4,0.34530234
-77.41000000000001,0.34529626
-77.42,0.34529015
-77.43,0.34528407
-77.44000000000001,0.34527802
-77.45,0.34527192
-77.46000000000001,0.34526587
-77.47000000000001,0.34525976
-77.48,0.34525368
-77.49000000000001,0.3452476
-77.5,0.34524155
-77.51,0.34523547
-77.52000000000001,0.3452294
-77.53,0.34522328
-77.54,0.3452172
-77.55000000000001,0.34521115
-77.56,0.34520507
-77.57000000000001,0.345199
-77.58000000000001,0.3451929
-77.59,0.34518683
-77.60000000000001,0.34518078
-77.61000000000001,0.34517467
-77.62,0.34516862
-77.63000000000001,0.34516254
-77.64,0.3451565
-77.65,0.3451504
-77.66000000000001,0.34514436
-77.67,0.3451383
-77.68,0.34513223
-77.69000000000001,0.34512615
-77.7,0.3451201
-77.71000000000001,0.34511405
-77.72000000000001,0.34510794
-77.73,0.3451019
-77.74000000000001,0.34509587
-77.75,0.34508973
-77.76,0.3450837
-77.77000000000001,0.34507763
-77.78,0.3450716
-77.79,0.3450655
-77.80000000000001,0.34505945
-77.81,0.3450534
-77.82000000000001,0.34504735
-77.83000000000001,0.34504128
-77.84,0.34503523
-77.85000000000001,0.34502918
-77.86000000000001,0.3450231
-77.87,0.34501702
-77.88000000000001,0.345011
-77.89,0.34500495
-77.9,0.3449989
-77.91000000000001,0.34499282
-77.92,0.3449868
-77.93,0.34498072
-77.94000000000001,0.34497467
-77.95,0.34496865
-77.96000000000001,0.34496257
-77.97000000000001,0.34495655
-77.98,0.34495047
-77.99000000000001,0.34494445
-78.0,0.34493837
-78.01,0.34493232
-78.02000000000001,0.3449263
-78.03,0.34492022
-78.04,0.3449142
-78.05000000000001,0.34490815
-78.06,0.34490213
-78.07000000000001,0.34489608
-78.08000000000001,0.34489003
-78.09,0.34488398
-78.10000000000001,0.34487793
-78.11000000000001,0.3448719
-78.12,0.34486586
-78.13000000000001,0.34485984
-78.14,0.3448538
-78.15,0.34484774
-78.16000000000001,0.3448417
-78.17,0.3448357
-78.18,0.34482962
-78.19000000000001,0.3448236
-78.2,0.34481758
-78.21000000000001,0.34481153
-78.22000000000001,0.34480554
-78.23,0.34479946
-78.24000000000001,0.34479347
-78.25,0.3447874
-78.26,0.34478134
-78.27000000000001,0.34477538
-78.28,0.3447693
-78.29,0.34476328
-78.30000000000001,0.34475726
-78.31,0.3447512
-78.32000000000001,0.3447452
-78.33000000000001,0.3447392
-78.34,0.34473318
-78.35000000000001,0.34472713
-78.36000000000001,0.34472108
-78.37,0.34471506
-78.38000000000001,0.34470904
-78.39,0.34470302
-78.4,0.344697
-78.41000000000001,0.34469098
-78.42,0.34468496
-78.43,0.34467894
-78.44000000000001,0.3446729
-78.45,0.3446669
-78.46000000000001,0.34466088
-78.47000000000001,0.34465486
-78.48,0.3446488
-78.49000000000001,0.34464282
-78.5,0.3446368
-78.51,0.3446308
-78.52000000000001,0.34462476
-78.53,0.34461874
-78.54,0.34461275
-78.55000000000001,0.34460673
-78.56,0.3446007
-78.57000000000001,0.34459472
-78.58000000000001,0.3445887
-78.59,0.34458268
-78.60000000000001,0.34457666
-78.61000000000001,0.34457064
-78.62,0.34456465
-78.63000000000001,0.34455866
-78.64,0.34455258
-78.65,0.34454662
-78.66000000000001,0.34454063
-78.67,0.3445346
-78.68,0.3445286
-78.69000000000001,0.3445226
-78.7,0.34451658
-78.71000000000001,0.34451059
-78.72000000000001,0.34450457
-78.73,0.34449857
-78.74000000000001,0.34449255
-78.75,0.34448656
-78.76,0.34448057
-78.77000000000001,0.34447458
-78.78,0.34446856
-78.79,0.34446257
-78.80000000000001,0.3444566
-78.81,0.3444506
-78.82000000000001,0.34444454
-78.83000000000001,0.34443855
-78.84,0.3444326
-78.85000000000001,0.34442657
-78.86000000000001,0.34442058
-78.87,0.3444146
-78.88000000000001,0.3444086
-78.89,0.3444026
-78.9,0.34439665
-78.91000000000001,0.34439063
-78.92,0.3443846
-78.93,0.34437865
-78.94000000000001,0.34437263
-78.95,0.34436667
-78.96000000000001,0.34436068
-78.97000000000001,0.34435466
-78.98,0.3443487
-78.99000000000001,0.3443427
-79.0,0.34433675
-79.01,0.34433073
-79.02000000000001,0.34432477
-79.03,0.34431878
-79.04,0.3443128
-79.05000000000001,0.34430683
-79.06,0.34430084
-79.07000000000001,0.34429485
-79.08000000000001,0.34428886
-79.09,0.34428287
-79.10000000000001,0.3442769
-79.11000000000001,0.34427094
-79.12,0.34426492
-79.13000000000001,0.34425896
-79.14,0.344253
-79.15,0.344247
-79.16000000000001,0.344241
-79.17,0.34423503
-79.18,0.34422907
-79.19000000000001,0.34422308
-79.2,0.34421712
-79.21000000000001,0.34421113
-79.22000000000001,0.3442052
-79.23,0.34419918
-79.24000000000001,0.34419325
-79.25,0.34418726
-79.26,0.3441813
-79.27000000000001,0.3441753
-79.28,0.34416932
-79.29,0.34416336
-79.30000000000001,0.3441574
-79.31,0.3441515
-79.32000000000001,0.34414548
-79.33000000000001,0.34413952
-79.34,0.34413356
-79.35000000000001,0.3441276
-79.36000000000001,0.3441216
-79.37,0.3441156
-79.38000000000001,0.34410968
-79.39,0.34410372
-79.4,0.34409773
-79.41000000000001,0.34409177
-79.42,0.34408584
-79.43,0.34407985
-79.44000000000001,0.3440739
-79.45,0.34406793
-79.46000000000001,0.344062
-79.47000000000001,0.34405604
-79.48,0.3440501
-79.49000000000001,0.34404412
-79.5,0.34403816
-79.51,0.34403223
-79.52000000000001,0.34402627
-79.53,0.3440203
-79.54,0.34401435
-79.55000000000001,0.34400842
-79.56,0.34400243
-79.57000000000001,0.3439965
-79.58000000000001,0.3439905
-79.59,0.3439846
-79.60000000000001,0.34397864
-79.61000000000001,0.3439727
-79.62,0.34396672
-79.63000000000001,0.3439608
-79.64,0.34395486
-79.65,0.3439489
-79.66000000000001,0.34394294
-79.67,0.34393698
-79.68,0.34393105
-79.69000000000001,0.34392512
-79.7,0.34391916
-79.71000000000001,0.3439132
-79.72000000000001,0.3439073
-79.73,0.34390134
-79.74000000000001,0.3438954
-79.75,0.34388945
-79.76,0.3438835
-79.77000000000001,0.34387755
-79.78,0.34387162
-79.79,0.3438657
-79.80000000000001,0.34385976
-79.81,0.34385383
-79.82000000000001,0.34384787
-79.83000000000001,0.34384197
-79.84,0.343836
-79.85000000000001,0.34383008
-79.86000000000001,0.34382415
-79.87,0.34381822
-79.88000000000001,0.3438123
-79.89,0.34380636
-79.9,0.3438004
-79.91000000000001,0.34379447
-79.92,0.3437885
-79.93,0.34378263
-79.94000000000001,0.3437767
-79.95,0.34377077
-79.96000000000001,0.34376484
-79.97000000000001,0.34375888
-79.98,0.34375295
-79.99000000000001,0.34374708
-80.0,0.34374112
-80.01,0.34373522
-80.02000000000001,0.34372926
-80.03,0.34372336
-80.04,0.3437174
-80.05000000000001,0.3437115
-80.06,0.34370556
-80.07000000000001,0.34369966
-80.08000000000001,0.34369373
-80.09,0.3436878
-80.10000000000001,0.3436819
-80.11000000000001,0.34367597
-80.12,0.34367007
-80.13000000000001,0.3436641
-80.14,0.3436582
-80.15,0.3436523
-80.16000000000001,0.3436464
-80.17,0.34364045
-80.18,0.34363455
-80.19000000000001,0.34362864
-80.2,0.3436227
-80.21000000000001,0.34361678
-80.22000000000001,0.3436109
-80.23,0.34360495
-80.24000000000001,0.34359908
-80.25,0.34359315
-80.26,0.34358728
-80.27000000000001,0.34358132
-80.28,0.34357542
-80.29,0.34356952
-80.30000000000001,0.34356362
-80.31,0.34355772
-80.32000000000001,0.34355175
-80.33000000000001,0.3435459
-80.34,0.34353995
-80.35000000000001,0.34353408
-80.36000000000001,0.34352815
-80.37,0.34352225
-80.38000000000001,0.34351635
-80.39,0.34351045
-80.4,0.34350455
-80.41000000000001,0.34349868
-80.42,0.34349275
-80.43,0.34348688
-80.44000000000001,0.34348094
-80.45,0.34347507
-80.46000000000001,0.34346914
-80.47000000000001,0.34346324
-80.48,0.34345737
-80.49000000000001,0.34345144
-80.5,0.34344557
-80.51,0.34343967
-80.52000000000001,0.3434338
-80.53,0.34342787
-80.54,0.343422
-80.55000000000001,0.3434161
-80.56,0.3434102
-80.57000000000001,0.34340435
-80.58000000000001,0.34339842
-80.59,0.34339255
-80.60000000000001,0.34338665
-80.61000000000001,0.34338078
-80.62,0.34337488
-80.63000000000001,0.34336898
-80.64,0.3433631
-80.65,0.3433572
-80.66000000000001,0.3433513
-80.67,0.34334543
-80.68,0.34333956
-80.69000000000001,0.34333366
-80.7,0.34332776
-80.71000000000001,0.3433219
-80.72000000000001,0.34331602
-80.73,0.34331012
-80.74000000000001,0.34330425
-80.75,0.34329835
-80.76,0.34329247
-80.77000000000001,0.34328657
-80.78,0.3432807
-80.79,0.3432748
-80.80000000000001,0.34326896
-80.81,0.34326306
-80.82000000000001,0.3432572
-80.83000000000001,0.3432513
-80.84,0.34324545
-80.85000000000001,0.34323955
-80.86000000000001,0.34323367
-80.87,0.34322783
-80.88000000000001,0.34322196
-80.89,0.34321606
-80.9,0.34321022
-80.91000000000001,0.34320435
-80.92,0.34319848
-80.93,0.34319258
-80.94000000000001,0.34318674
-80.95,0.34318087
-80.96000000000001,0.343175
-80.97000000000001,0.34316912
-80.98,0.34316325
-80.99000000000001,0.34315735
-81.0,0.3431515
-81.01,0.34314564
-81.02000000000001,0.3431398
-81.03,0.34313393
-81.04,0.34312806
-81.05000000000001,0.34312218
-81.06,0.34311634
-81.07000000000001,0.34311047
-81.08000000000001,0.34310463
-81.09,0.34309873
-81.10000000000001,0.34309292
-81.11000000000001,0.34308705
-81.12,0.34308118
-81.13000000000001,0.34307528
-81.14,0.34306946
-81.15,0.34306356
-81.16000000000001,0.34305775
-81.17,0.34305185
-81.18,0.343046
-81.19000000000001,0.34304017
-81.2,0.3430343
-81.21000000000001,0.34302846
-81.22000000000001,0.34302258
-81.23,0.34301674
-81.24000000000001,0.3430109
-81.25,0.343005
-81.26,0.34299916
-81.27000000000001,0.34299332
-81.28,0.34298748
-81.29,0.3429816
-81.30000000000001,0.3429758
-81.31,0.34296995
-81.32000000000001,0.34296408
-81.33000000000001,0.34295827
-81.34,0.34295243
-81.35000000000001,0.34294656
-81.36000000000001,0.34294075
-81.37,0.34293488
-81.38000000000001,0.34292907
-81.39,0.34292316
-81.4,0.34291732
-81.41000000000001,0.34291148
-81.42,0.34290567
-81.43,0.3428998
-81.44000000000001,0.34289396
-81.45,0.34288812
-81.46000000000001,0.3428823
-81.47000000000001,0.34287646
-81.48,0.34287065
-81.49000000000001,0.34286475
-81.5,0.34285897
-81.51,0.3428531
-81.52000000000001,0.3428473
-81.53,0.34284142
-81.54,0.3428356
-81.55000000000001,0.34282973
-81.56,0.34282392
-81.57000000000001,0.34281808
-81.58000000000001,0.34281224
-81.59,0.34280646
-81.60000000000001,0.34280062
-81.61000000000001,0.34279478
-81.62,0.3427889
-81.63000000000001,0.3427831
-81.64,0.34277728
-81.65,0.34277144
-81.66000000000001,0.34276563
-81.67,0.3427598
-81.68,0.34275395
-81.69000000000001,0.34274817
-81.7,0.34274232
-81.71000000000001,0.34273648
-81.72000000000001,0.3427307
-81.73,0.34272486
-81.74000000000001,0.34271902
-81.75,0.34271318
-81.76,0.34270737
-81.77000000000001,0.34270155
-81.78,0.3426957
-81.79,0.34268993
-81.80000000000001,0.34268412
-81.81,0.34267825
-81.82000000000001,0.34267247
-81.83000000000001,0.34266666
-81.84,0.34266084
-81.85000000000001,0.342655
-81.86000000000001,0.34264916
-81.87,0.34264335
-81.88000000000001,0.3426376
-81.89,0.34263173
-81.9,0.34262595
-81.91000000000001,0.3426201
-81.92,0.34261432
-81.93,0.34260848
-81.94000000000001,0.3426027
-81.95,0.3425969
-81.96000000000001,0.34259105
-81.97000000000001,0.34258524
-81.98,0.34257942
-81.99000000000001,0.34257364
-82.0,0.34256783
-82.01,0.34256202
-82.02000000000001,0.3425562
-82.03,0.3425504
-82.04,0.3425446
-82.05000000000001,0.34253874
-82.06,0.342533
-82.07000000000001,0.34252718
-82.08000000000001,0.3425214
-82.09,0.3425156
-82.10000000000001,0.34250978
-82.11000000000001,0.34250402
-82.12,0.34249818
-82.13000000000001,0.3424924
-82.14,0.34248656
-82.15,0.34248078
-82.16000000000001,0.34247497
-82.17,0.34246922
-82.18,0.3424634
-82.19000000000001,0.34245762
-82.2,0.34245178
-82.21000000000001,0.34244603
-82.22000000000001,0.3424402
-82.23,0.3424344
-82.24000000000001,0.34242862
-82.25,0.3424228
-82.26,0.34241703
-82.27000000000001,0.34241125
-82.28,0.34240544
-82.29,0.34239966
-82.30000000000001,0.34239388
-82.31,0.34238806
-82.32000000000001,0.34238225
-82.33000000000001,0.34237653
-82.34,0.3423707
-82.35000000000001,0.34236497
-82.36000000000001,0.34235913
-82.37,0.34235334
-82.38000000000001,0.3423476
-82.39,0.34234178
-82.4,0.342336
-82.41000000000001,0.34233022
-82.42,0.34232444
-82.43,0.34231865
-82.44000000000001,0.34231287
-82.45,0.34230706
-82.46000000000001,0.3423013
-82.47000000000001,0.34229553
-82.48,0.34228975
-82.49000000000001,0.342284
-82.5,0.34227818
-82.51,0.34227243
-82.52000000000001,0.34226665
-82.53,0.3422609
-82.54,0.34225512
-82.55000000000001,0.34224927
-82.56,0.34224355
-82.57000000000001,0.34223777
-82.58000000000001,0.342232
-82.59,0.3422262
-82.60000000000001,0.34222046
-82.61000000000001,0.3422147
-82.62,0.3422089
-82.63000000000001,0.3422031
-82.64,0.34219736
-82.65,0.34219158
-82.66000000000001,0.34218583
-82.67,0.34218004
-82.68,0.3421743
-82.69000000000001,0.3421685
-82.7,0.34216273
-82.71000000000001,0.342157
-82.72000000000001,0.3421512
-82.73,0.34214544
-82.74000000000001,0.34213963
-82.75,0.3421339
-82.76,0.34212816
-82.77000000000001,0.34212238
-82.78,0.34211665
-82.79,0.34211087
-82.80000000000001,0.3421051
-82.81,0.34209934
-82.82000000000001,0.3420936
-82.83000000000001,0.3420878
-82.84,0.34208208
-82.85000000000001,0.3420763
-82.86000000000001,0.34207055
-82.87,0.34206477
-82.88000000000001,0.34205905
-82.89,0.3420533
-82.9,0.34204754
-82.91000000000001,0.3420418
-82.92,0.34203604
-82.93,0.34203026
-82.94000000000001,0.3420245
-82.95,0.34201875
-82.96000000000001,0.342013
-82.97000000000001,0.34200725
-82.98,0.34200153
-82.99000000000001,0.34199578
-83.0,0.34199002
-83.01,0.34198427
-83.02000000000001,0.3419785
-83.03,0.34197277
-83.04,0.34196702
-83.05000000000001,0.3419613
-83.06,0.3419555
-83.07000000000001,0.34194976
-83.08000000000001,0.341944
-83.09,0.3419383
-83.10000000000001,0.3419325
-83.11000000000001,0.34192678
-83.12,0.34192103
-83.13000000000001,0.3419153
-83.14,0.34190956
-83.15,0.3419038
-83.16000000000001,0.34189808
-83.17,0.34189233
-83.18,0.3418866
-83.19000000000001,0.3418809
-83.2,0.34187514
-83.21000000000001,0.34186935
-83.22000000000001,0.34186363
-83.23,0.3418579
-83.24000000000001,0.3418522
-83.25,0.34184644
-83.26,0.3418407
-83.27000000000001,0.34183496
-83.28,0.34182924
-83.29,0.3418235
-83.30000000000001,0.34181777
-83.31,0.34181207
-83.32000000000001,0.3418063
-83.33000000000001,0.34180057
-83.34,0.34179482
-83.35000000000001,0.34178916
-83.36000000000001,0.34178337
-83.37,0.34177768
-83.38000000000001,0.34177193
-83.39,0.3417662
-83.4,0.3417605
-83.41000000000001,0.34175476
-83.42,0.341749
-83.43,0.34174332
-83.44000000000001,0.34173757
-83.45,0.34173188
-83.46000000000001,0.34172615
-83.47000000000001,0.34172043
-83.48,0.34171468
-83.49000000000001,0.34170896
-83.5,0.34170327
-83.51,0.3416975
-83.52000000000001,0.34169185
-83.53,0.3416861
-83.54,0.3416804
-83.55000000000001,0.34167466
-83.56,0.34166896
-83.57000000000001,0.34166324
-83.58000000000001,0.34165752
-83.59,0.3416518
-83.60000000000001,0.34164608
-83.61000000000001,0.34164038
-83.62,0.34163466
-83.63000000000001,0.34162897
-83.64,0.3416232
-83.65,0.34161752
-83.66000000000001,0.3416118
-83.67,0.34160608
-83.68,0.34160036
-83.69000000000001,0.34159467
-83.7,0.34158897
-83.71000000000001,0.34158325
-83.72000000000001,0.34157756
-83.73,0.34157184
-83.74000000000001,0.34156612
-83.75,0.3415604
-83.76,0.3415547
-83.77000000000001,0.34154904
-83.78,0.3415433
-83.79,0.3415376
-83.80000000000001,0.3415319
-83.81,0.3415262
-83.82000000000001,0.34152046
-83.83000000000001,0.34151477
-83.84,0.3415091
-83.85000000000001,0.3415034
-83.86000000000001,0.3414977
-83.87,0.34149203
-83.88000000000001,0.3414863
-83.89,0.3414806
-83.9,0.34147492
-83.91000000000001,0.3414692
-83.92,0.3414635
-83.93,0.3414578
-83.94000000000001,0.34145212
-83.95,0.3414464
-83.96000000000001,0.34144074
-83.97000000000001,0.34143505
-83.98,0.34142935
-83.99000000000001,0.3414236
-84.0,0.34141797
-84.01,0.34141225
-84.02000000000001,0.34140658
-84.03,0.34140086
-84.04,0.34139517
-84.05000000000001,0.3413895
-84.06,0.3413838
-84.07000000000001,0.34137815
-84.08000000000001,0.34137243
-84.09,0.34136677
-84.10000000000001,0.3413611
-84.11000000000001,0.34135538
-84.12,0.34134972
-84.13000000000001,0.34134403
-84.14,0.34133834
-84.15,0.34133264
-84.16000000000001,0.34132698
-84.17,0.3413213
-84.18,0.3413156
-84.19000000000001,0.34130988
-84.2,0.3413042
-84.21000000000001,0.34129852
-84.22000000000001,0.34129286
-84.23,0.3412872
-84.24000000000001,0.3412815
-84.25,0.34127587
-84.26,0.34127015
-84.27000000000001,0.3412645
-84.28,0.34125882
-84.29,0.34125316
-84.30000000000001,0.34124744
-84.31,0.34124178
-84.32000000000001,0.3412361
-84.33000000000001,0.34123045
-84.34,0.34122476
-84.35000000000001,0.3412191
-84.36000000000001,0.34121343
-84.37,0.3412077
-84.38000000000001,0.34120208
-84.39,0.34119642
-84.4,0.34119076
-84.41000000000001,0.3411851
-84.42,0.34117943
-84.43,0.3411738
-84.44000000000001,0.34116805
-84.45,0.3411624
-84.46000000000001,0.34115678
-84.47000000000001,0.3411511
-84.48,0.34114543
-84.49000000000001,0.34113976
-84.5,0.34113413
-84.51,0.3411284
-84.52000000000001,0.34112275
-84.53,0.34111708
-84.54,0.34111142
-84.55000000000001,0.34110576
-84.56,0.34110013
-84.57000000000001,0.3410945
-84.58000000000001,0.3410888
-84.59,0.34108317
-84.60000000000001,0.34107745
-84.61000000000001,0.3410718
-84.62,0.34106618
-84.63000000000001,0.34106055
-84.64,0.34105483
-84.65,0.3410492
-84.66000000000001,0.34104353
-84.67,0.3410379
-84.68,0.34103224
-84.69000000000001,0.34102654
-84.7,0.34102094
-84.71000000000001,0.34101525
-84.72000000000001,0.34100965
-84.73,0.34100395
-84.74000000000001,0.34099835
-84.75,0.3409927
-84.76,0.34098703
-84.77000000000001,0.34098136
-84.78,0.34097576
-84.79,0.3409701
-84.80000000000001,0.34096444
-84.81,0.34095877
-84.82000000000001,0.3409531
-84.83000000000001,0.34094754
-84.84,0.34094188
-84.85000000000001,0.34093624
-84.86000000000001,0.34093058
-84.87,0.34092495
-84.88000000000001,0.34091932
-84.89,0.34091362
-84.9,0.34090805
-84.91000000000001,0.3409024
-84.92,0.3408968
-84.93,0.3408911
-84.94000000000001,0.34088546
-84.95,0.3408798
-84.96000000000001,0.34087417
-84.97000000000001,0.34086856
-84.98,0.3408629
-84.99000000000001,0.34085727
-85.0,0.34085166
-85.01,0.340846
-85.02000000000001,0.34084037
-85.03,0.3408347
-85.04,0.34082907
-85.05000000000001,0.34082347
-85.06,0.34081784
-85.07000000000001,0.3408122
-85.08000000000001,0.34080654
-85.09,0.34080097
-85.10000000000001,0.3407953
-85.11000000000001,0.34078968
-85.12,0.34078404
-85.13000000000001,0.3407784
-85.14,0.34077278
-85.15,0.34076715
-85.16000000000001,0.34076157
-85.17,0.34075594
-85.18,0.34075034
-85.19000000000001,0.34074464
-85.2,0.34073904
-85.21000000000001,0.3407334
-85.22000000000001,0.3407278
-85.23,0.3407222
-85.24000000000001,0.34071657
-85.25,0.34071094
-85.26,0.34070534
-85.27000000000001,0.3406997
-85.28,0.34069407
-85.29,0.34068847
-85.30000000000001,0.34068283
-85.31,0.34067726
-85.32000000000001,0.34067163
-85.33000000000001,0.340666
-85.34,0.34066036
-85.35000000000001,0.3406548
-85.36000000000001,0.34064916
-85.37,0.34064353
-85.38000000000001,0.3406379
-85.39,0.3406323
-85.4,0.34062666
-85.41000000000001,0.34062108
-85.42,0.34061545
-85.43,0.34060985
-85.44000000000001,0.34060425
-85.45,0.34059867
-85.46000000000001,0.34059304
-85.47000000000001,0.34058744
-85.48,0.34058183
-85.49000000000001,0.34057617
-85.5,0.34057057
-85.51,0.340565
-85.52000000000001,0.34055936
-85.53,0.34055376
-85.54,0.34054816
-85.55000000000001,0.3405426
-85.56,0.34053695
-85.57000000000001,0.34053138
-85.58000000000001,0.34052578
-85.59,0.34052014
-85.60000000000001,0.34051457
-85.61000000000001,0.34050894
-85.62,0.34050336
-85.63000000000001,0.34049773
-85.64,0.34049216
-85.65,0.3404866
-85.66000000000001,0.34048095
-85.67,0.34047538
-85.68,0.34046978
-85.69000000000001,0.34046414
-85.7,0.34045857
-85.71000000000001,0.34045297
-85.72000000000001,0.3404474
-85.73,0.34044176
-85.74000000000001,0.34043616
-85.75,0.3404306
-85.76,0.340425
-85.77000000000001,0.34041944
-85.78,0.3404138
-85.79,0.34040827
-85.80000000000001,0.34040263
-85.81,0.3403971
-85.82000000000001,0.34039146
-85.83000000000001,0.34038588
-85.84,0.34038028
-85.85000000000001,0.3403747
-85.86000000000001,0.3403691
-85.87,0.3403635
-85.88000000000001,0.34035796
-85.89,0.34035236
-85.9,0.34034678
-85.91000000000001,0.3403412
-85.92,0.3403356
-85.93,0.34033
-85.94000000000001,0.34032443
-85.95,0.3403189
-85.96000000000001,0.34031332
-85.97000000000001,0.34030768
-85.98,0.3403021
-85.99000000000001,0.3402965
-86.0,0.34029096
-86.01,0.3402854
-86.02000000000001,0.3402798
-86.03,0.34027424
-86.04,0.3402686
-86.05000000000001,0.34026307
-86.06,0.34025747
-86.07000000000001,0.34025192
-86.08000000000001,0.34024638
-86.09,0.34024078
-86.10000000000001,0.34023523
-86.11000000000001,0.34022963
-86.12,0.3402241
-86.13000000000001,0.34021848
-86.14,0.34021294
-86.15,0.34020734
-86.16000000000001,0.34020177
-86.17,0.3401962
-86.18,0.34019062
-86.19000000000001,0.34018505
-86.2,0.3401795
-86.21000000000001,0.34017393
-86.22000000000001,0.34016836
-86.23,0.34016275
-86.24000000000001,0.34015727
-86.25,0.34015167
-86.26,0.3401461
-86.27000000000001,0.34014055
-86.28,0.34013498
-86.29,0.3401294
-86.30000000000001,0.34012386
-86.31,0.34011832
-86.32000000000001,0.34011278
-86.33000000000001,0.3401072
-86.34,0.34010163
-86.35000000000001,0.34009603
-86.36000000000001,0.3400905
-86.37,0.3400849
-86.38000000000001,0.34007937
-86.39,0.34007385
-86.4,0.34006828
-86.41000000000001,0.34006274
-86.42,0.34005713
-86.43,0.3400516
-86.44000000000001,0.34004605
-86.45,0.3400405
-86.46000000000001,0.34003496
-86.47000000000001,0.34002936
-86.48,0.34002382
-86.49000000000001,0.34001827
-86.5,0.34001273
-86.51,0.3400072
-86.52000000000001,0.34000158
-86.53,0.3399961
-86.54,0.33999053
-86.55000000000001,0.33998495
-86.56,0.33997944
-86.57000000000001,0.33997387
-86.58000000000001,0.33996832
-86.59,0.33996278
-86.60000000000001,0.33995724
-86.61000000000001,0.3399517
-86.62,0.33994612
-86.63000000000001,0.33994064
-86.64,0.33993506
-86.65,0.33992955
-86.66000000000001,0.33992398
-86.67,0.33991843
-86.68,0.33991292
-86.69000000000001,0.33990735
-86.7,0.3399018
-86.71000000000001,0.3398963
-86.72000000000001,0.33989072
-86.73,0.33988518
-86.74000000000001,0.33987966
-86.75,0.3398741
-86.76,0.33986858
-86.77000000000001,0.33986303
-86.78,0.33985755
-86.79,0.33985198
-86.80000000000001,0.33984643
-86.81,0.3398409
-86.82000000000001,0.33983538
-86.83000000000001,0.33982986
-86.84,0.33982432
-86.85000000000001,0.3398188
-86.86000000000001,0.33981323
-86.87,0.33980772
-86.88000000000001,0.33980218
-86.89,0.33979666
-86.9,0.33979112
-86.91000000000001,0.33978558
-86.92,0.33978003
-86.93,0.33977455
-86.94000000000001,0.33976904
-86.95,0.33976352
-86.96000000000001,0.33975798
-86.97000000000001,0.33975244
-86.98,0.33974692
-86.99000000000001,0.33974135
-87.0,0.33973587
-87.01,0.33973032
-87.02000000000001,0.33972484
-87.03,0.3397193
-87.04,0.33971378
-87.05000000000001,0.33970827
-87.06,0.3397027
-87.07000000000001,0.3396972
-87.08000000000001,0.33969173
-87.09,0.3396862
-87.10000000000001,0.33968067
-87.11000000000001,0.3396751
-87.12,0.33966962
-87.13000000000001,0.33966416
-87.14,0.33965862
-87.15,0.33965307
-87.16000000000001,0.33964753
-87.17,0.33964205
-87.18,0.33963653
-87.19000000000001,0.33963102
-87.2,0.33962554
-87.21000000000001,0.33961996
-87.22000000000001,0.33961448
-87.23,0.33960897
-87.24000000000001,0.33960348
-87.25,0.33959794
-87.26,0.33959243
-87.27000000000001,0.33958694
-87.28,0.33958143
-87.29,0.33957592
-87.30000000000001,0.3395704
-87.31,0.3395649
-87.32000000000001,0.33955938
-87.33000000000001,0.3395539
-87.34,0.33954835
-87.35000000000001,0.33954287
-87.36000000000001,0.33953738
-87.37,0.3395319
-87.38000000000001,0.33952639
-87.39,0.33952087
-87.4,0.33951536
-87.41000000000001,0.33950987
-87.42,0.33950436
-87.43,0.33949888
-87.44000000000001,0.3394934
-87.45,0.33948788
-87.46000000000001,0.33948237
-87.47000000000001,0.33947685
-87.48,0.33947137
-87.49000000000001,0.33946586
-87.5,0.33946037
-87.51,0.3394549
-87.52000000000001,0.3394494
-87.53,0.33944392
-87.54,0.33943838
-87.55000000000001,0.3394329
-87.56,0.3394274
-87.57000000000001,0.33942193
-87.58000000000001,0.33941644
-87.59,0.33941093
-87.60000000000001,0.33940545
-87.61000000000001,0.3394
-87.62,0.33939448
-87.63000000000001,0.339389
-87.64,0.33938348
-87.65,0.33937806
-87.66000000000001,0.33937252
-87.67,0.33936703
-87.68,0.33936158
-87.69000000000001,0.33935606
-87.7,0.33935058
-87.71000000000001,0.33934513
-87.72000000000001,0.3393396
-87.73,0.33933413
-87.74000000000001,0.33932865
-87.75,0.33932316
-87.76,0.33931768
-87.77000000000001,0.3393122
-87.78,0.33930674
-87.79,0.33930126
-87.80000000000001,0.33929577
-87.81,0.33929032
-87.82000000000001,0.3392848
-87.83000000000001,0.33927932
-87.84,0.33927387
-87.85000000000001,0.3392684
-87.86000000000001,0.3392629
-87.87,0.3392574
-87.88000000000001,0.33925194
-87.89,0.33924648
-87.9,0.33924097
-87.91000000000001,0.33923554
-87.92,0.33923006
-87.93,0.33922458
-87.94000000000001,0.3392191
-87.95,0.33921364
-87.96000000000001,0.3392082
-87.97000000000001,0.3392027
-87.98,0.33919722
-87.99000000000001,0.33919173
-88.0,0.33918628
-88.01,0.3391808
-88.02000000000001,0.33917537
-88.03,0.3391699
-88.04,0.33916444
-88.05000000000001,0.33915895
-88.06,0.33915347
-88.07000000000001,0.33914804
-88.08000000000001,0.33914256
-88.09,0.33913708
-88.10000000000001,0.33913162
-88.11000000000001,0.33912617
-88.12,0.3391207
-88.13000000000001,0.3391152
-88.14,0.33910978
-88.15,0.33910432
-88.16000000000001,0.3390988
-88.17,0.33909342
-88.18,0.33908793
-88.19000000000001,0.33908248
-88.2,0.33907703
-88.21000000000001,0.33907157
-88.22000000000001,0.33906612
-88.23,0.33906066
-88.24000000000001,0.33905518
-88.25,0.33904973
-88.26,0.33904427
-88.27000000000001,0.33903885
-88.28,0.3390334
-88.29,0.33902788
-88.30000000000001,0.3390225
-88.31,0.33901703
-88.32000000000001,0.33901158
-88.33000000000001,0.3390061
-88.34,0.33900067
-88.35000000000001,0.33899522
-88.36000000000001,0.3389898
-88.37,0.33898434
-88.38000000000001,0.3389789
-88.39,0.33897343
-88.4,0.33896798
-88.41000000000001,0.33896255
-88.42,0.33895707
-88.43,0.33895165
-88.44000000000001,0.33894622
-88.45,0.33894077
-88.46000000000001,0.33893532
-88.47000000000001,0.33892986
-88.48,0.3389244
-88.49000000000001,0.33891898
-88.5,0.33891353
-88.51,0.3389081
-88.52000000000001,0.33890265
-88.53,0.33889717
-88.54,0.33889177
-88.55000000000001,0.33888632
-88.56,0.3388809
-88.57000000000001,0.33887547
-88.58000000000001,0.33887005
-88.59,0.33886462
-88.60000000000001,0.33885914
-88.61000000000001,0.33885372
-88.62,0.3388483
-88.63000000000001,0.33884284
-88.64,0.33883741
-88.65,0.33883202
-88.66000000000001,0.33882654
-88.67,0.33882114
-88.68,0.33881566
-88.69000000000001,0.33881027
-88.7,0.33880484
-88.71000000000001,0.3387994
-88.72000000000001,0.33879396
-88.73,0.33878854
-88.74000000000001,0.3387831
-88.75,0.33877766
-88.76,0.33877224
-88.77000000000001,0.33876684
-88.78,0.33876145
-88.79,0.33875597
-88.80000000000001,0.33875054
-88.81,0.33874515
-88.82000000000001,0.3387397
-88.83000000000001,0.3387343
-88.84,0.33872885
-88.85000000000001,0.33872342
-88.86000000000001,0.33871803
-88.87,0.33871257
-88.88000000000001,0.33870715
-88.89,0.33870175
-88.9,0.33869633
-88.91000000000001,0.33869094
-88.92,0.33868548
-88.93,0.33868006
-88.94000000000001,0.33867466
-88.95,0.33866924
-88.96000000000001,0.33866382
-88.97000000000001,0.33865842
-88.98,0.33865294
-88.99000000000001,0.33864754
-89.0,0.33864215
-89.01,0.33863676
-89.02000000000001,0.33863133
-89.03,0.3386259
-89.04,0.3386205
-89.05000000000001,0.33861512
-89.06,0.3386097
-89.07000000000001,0.33860427
-89.08000000000001,0.33859885
-89.09,0.33859348
-89.10000000000001,0.33858806
-89.11000000000001,0.33858263
-89.12,0.3385772
-89.13000000000001,0.33857182
-89.14,0.33856642
-89.15,0.338561
-89.16000000000001,0.3385556
-89.17,0.33855018
-89.18,0.3385448
-89.19000000000001,0.33853936
-89.2,0.338534
-89.21000000000001,0.33852857
-89.22000000000001,0.33852318
-89.23,0.33851779
-89.24000000000001,0.33851236
-89.25,0.338507
-89.26,0.33850157
-89.27000000000001,0.3384962
-89.28,0.33849078
-89.29,0.33848536
-89.30000000000001,0.33847994
-89.31,0.33847454
-89.32000000000001,0.33846915
-89.33000000000001,0.33846378
-89.34,0.3384584
-89.35000000000001,0.338453
-89.36000000000001,0.3384476
-89.37,0.3384422
-89.38000000000001,0.33843678
-89.39,0.33843142
-89.4,0.338426
-89.41000000000001,0.33842063
-89.42,0.33841524
-89.43,0.33840984
-89.44000000000001,0.33840445
-89.45,0.33839905
-89.46000000000001,0.3383937
-89.47000000000001,0.33838826
-89.48,0.3383829
-89.49000000000001,0.33837754
-89.5,0.3383721
-89.51,0.33836675
-89.52000000000001,0.33836135
-89.53,0.33835596
-89.54,0.33835056
-89.55000000000001,0.33834517
-89.56,0.33833978
-89.57000000000001,0.33833444
-89.58000000000001,0.33832902
-89.59,0.33832365
-89.60000000000001,0.3383183
-89.61000000000001,0.33831286
-89.62,0.3383075
-89.63000000000001,0.33830214
-89.64,0.33829674
-89.65,0.33829138
-89.66000000000001,0.33828598
-89.67,0.33828062
-89.68,0.33827525
-89.69000000000001,0.33826983
-89.7,0.33826447
-89.71000000000001,0.3382591
-89.72000000000001,0.33825374
-89.73,0.33824834
-89.74000000000001,0.33824295
-89.75,0.33823758
-89.76,0.33823222
-89.77000000000001,0.33822685
-89.78,0.33822146
-89.79,0.33821613
-89.80000000000001,0.33821073
-89.81,0.33820537
-89.82000000000001,0.33819997
-89.83000000000001,0.3381946
-89.84,0.33818927
-89.85000000000001,0.33818388
-89.86000000000001,0.33817852
-89.87,0.33817315
-89.88000000000001,0.33816773
-89.89,0.3381624
-89.9,0.33815706
-89.91000000000001,0.33815166
-89.92,0.33814633
-89.93,0.338141
-89.94000000000001,0.3381356
-89.95,0.3381302
-89.96000000000001,0.33812487
-89.97000000000001,0.33811945
-89.98,0.33811414
-89.99000000000001,0.3381088
-90.0,0.3381034
-90.01,0.33809805
-90.02000000000001,0.33809268
-90.03,0.33808732
-90.04,0.33808196
-90.05000000000001,0.3380766
-90.06,0.33807126
-90.07000000000001,0.33806592
-90.08000000000001,0.33806053
-90.09,0.3380552
-90.10000000000001,0.33804983
-90.11000000000001,0.3380445
-90.12,0.33803913
-90.13000000000001,0.33803377
-90.14,0.33802837
-90.15,0.33802307
-90.16000000000001,0.33801773
-90.17,0.33801234
-90.18,0.338007
-90.19000000000001,0.3380016
-90.2,0.3379963
-90.21000000000001,0.33799097
-90.22000000000001,0.33798558
-90.23,0.33798024
-90.24000000000001,0.3379749
-90.25,0.33796954
-90.26,0.33796418
-90.27000000000001,0.33795887
-90.28,0.3379535
-90.29,0.33794817
-90.30000000000001,0.3379428
-90.31,0.33793747
-90.32000000000001,0.33793214
-90.33000000000001,0.3379268
-90.34,0.33792144
-90.35000000000001,0.3379161
-90.36000000000001,0.33791074
-90.37,0.3379054
-90.38000000000001,0.33790004
-90.39,0.33789474
-90.4,0.3378894
-90.41000000000001,0.33788407
-90.42,0.3378787
-90.43,0.3378734
-90.44000000000001,0.33786806
-90.45,0.33786273
-90.46000000000001,0.33785737
-90.47000000000001,0.33785206
-90.48,0.3378467
-90.49000000000001,0.3378414
-90.5,0.33783603
-90.51,0.3378307
-90.52000000000001,0.33782536
-90.53,0.33782005
-90.54,0.33781472
-90.55000000000001,0.33780938
-90.56,0.33780405
-90.57000000000001,0.3377987
-90.58000000000001,0.33779335
-90.59,0.33778805
-90.60000000000001,0.3377827
-90.61000000000001,0.33777738
-90.62,0.33777204
-90.63000000000001,0.3377667
-90.64,0.3377614
-90.65,0.33775604
-90.66000000000001,0.33775073
-90.67,0.33774543
-90.68,0.33774006
-90.69000000000001,0.33773476
-90.7,0.33772945
-90.71000000000001,0.33772412
-90.72000000000001,0.3377188
-90.73,0.33771348
-90.74000000000001,0.33770815
-90.75,0.33770284
-90.76,0.33769754
-90.77000000000001,0.33769217
-90.78,0.33768684
-90.79,0.33768156
-90.80000000000001,0.33767623
-90.81,0.33767092
-90.82000000000001,0.33766562
-90.83000000000001,0.33766025
-90.84,0.33765498
-90.85000000000001,0.33764964
-90.86000000000001,0.33764434
-90.87,0.33763903
-90.88000000000001,0.33763367
-90.89,0.33762842
-90.9,0.3376231
-90.91000000000001,0.33761778
-90.92,0.33761245
-90.93,0.33760715
-90.94000000000001,0.3376018
-90.95,0.33759654
-90.96000000000001,0.33759123
-90.97000000000001,0.3375859
-90.98,0.3375806
-90.99000000000001,0.3375753
-91.0,0.33756995
-91.01,0.33756465
-91.02000000000001,0.33755937
-91.03,0.33755404
-91.04,0.33754873
-91.05000000000001,0.33754343
-91.06,0.33753812
-91.07000000000001,0.33753282
-91.08000000000001,0.3375275
-91.09,0.3375222
-91.10000000000001,0.3375169
-91.11000000000001,0.3375116
-91.12,0.3375063
-91.13000000000001,0.337501
-91.14,0.3374957
-91.15,0.3374904
-91.16000000000001,0.3374851
-91.17,0.3374798
-91.18,0.3374745
-91.19000000000001,0.33746922
-91.2,0.33746392
-91.21000000000001,0.3374586
-91.22000000000001,0.3374533
-91.23,0.33744803
-91.24000000000001,0.3374427
-91.25,0.33743742
-91.26,0.33743218
-91.27000000000001,0.33742684
-91.28,0.33742154
-91.29,0.33741623
-91.30000000000001,0.337411
-91.31,0.33740568
-91.32000000000001,0.33740038
-91.33000000000001,0.3373951
-91.34,0.3373898
-91.35000000000001,0.33738452
-91.36000000000001,0.33737922
-91.37,0.3373739
-91.38000000000001,0.33736867
-91.39,0.3373633
-91.4,0.33735806
-91.41000000000001,0.33735278
-91.42,0.33734745
-91.43,0.3373422
-91.44000000000001,0.3373369
-91.45,0.33733165
-91.46000000000001,0.33732638
-91.47000000000001,0.33732104
-91.48,0.3373158
-91.49000000000001,0.3373105
-91.5,0.33730525
-91.51,0.33729994
-91.52000000000001,0.33729464
-91.53,0.3372894
-91.54,0.3372841
-91.55000000000001,0.33727884
-91.56,0.33727357
-91.57000000000001,0.33726826
-91.58000000000001,0.337263
-91.59,0.33725774
-91.60000000000001,0.33725244
-91.61000000000001,0.33724716
-91.62,0.3372419
-91.63000000000001,0.33723658
-91.64,0.33723134
-91.65,0.3372261
-91.66000000000001,0.3372208
-91.67,0.3372155
-91.68,0.33721024
-91.69000000000001,0.33720493
-91.7,0.33719972
-91.71000000000001,0.33719444
-91.72000000000001,0.33718914
-91.73,0.3371839
-91.74000000000001,0.3371786
-91.75,0.33717334
-91.76,0.33716807
-91.77000000000001,0.33716282
-91.78,0.33715752
-91.79,0.33715224
-91.80000000000001,0.337147
-91.81,0.33714172
-91.82000000000001,0.33713645
-91.83000000000001,0.33713123
-91.84,0.33712593
-91.85000000000001,0.33712065
-91.86000000000001,0.3371154
-91.87,0.33711013
-91.88000000000001,0.33710486
-91.89,0.3370996
-91.9,0.33709437
-91.91000000000001,0.33708912
-91.92,0.33708385
-91.93,0.33707857
-91.94000000000001,0.3370733
-91.95,0.33706805
-91.96000000000001,0.33706278
-91.97000000000001,0.33705753
-91.98,0.3370523
-91.99000000000001,0.33704704
-92.0,0.3370418
-92.01,0.3370365
-92.02000000000001,0.33703125
-92.03,0.337026
-92.04,0.33702075
-92.05000000000001,0.3370155
-92.06,0.33701026
-92.07000000000001,0.33700502
-92.08000000000001,0.3369997
-92.09,0.33699453
-92.10000000000001,0.33698925
-92.11000000000001,0.33698398
-92.12,0.33697873
-92.13000000000001,0.3369735
-92.14,0.33696824
-92.15,0.336963
-92.16000000000001,0.33695775
-92.17,0.3369525
-92.18,0.33694726
-92.19000000000001,0.33694202
-92.2,0.33693677
-92.21000000000001,0.3369315
-92.22000000000001,0.33692628
-92.23,0.33692104
-92.24000000000001,0.3369158
-92.25,0.33691055
-92.26,0.3369053
-92.27000000000001,0.33690006
-92.28,0.3368948
-92.29,0.3368896
-92.30000000000001,0.33688432
-92.31,0.3368791
-92.32000000000001,0.33687386
-92.33000000000001,0.3368686
-92.34,0.3368634
-92.35000000000001,0.33685815
-92.36000000000001,0.3368529
-92.37,0.33684766
-92.38000000000001,0.33684245
-92.39,0.33683723
-92.4,0.33683196
-92.41000000000001,0.33682674
-92.42,0.3368215
-92.43,0.33681625
-92.44000000000001,0.336811
-92.45,0.3368058
-92.46000000000001,0.33680055
-92.47000000000001,0.33679536
-92.48,0.3367901
-92.49000000000001,0.3367849
-92.5,0.33677962
-92.51,0.3367744
-92.52000000000001,0.33676916
-92.53,0.33676395
-92.54,0.33675873
-92.55000000000001,0.3367535
-92.56,0.3367483
-92.57000000000001,0.33674306
-92.58000000000001,0.33673778
-92.59,0.3367326
-92.60000000000001,0.33672738
-92.61000000000001,0.33672214
-92.62,0.3367169
-92.63000000000001,0.3367117
-92.64,0.33670646
-92.65,0.33670124
-92.66000000000001,0.33669603
-92.67,0.3366908
-92.68,0.3366856
-92.69000000000001,0.33668035
-92.7,0.33667517
-92.71000000000001,0.33666992
-92.72000000000001,0.3366647
-92.73,0.3366595
-92.74000000000001,0.33665428
-92.75,0.33664903
-92.76,0.33664384
-92.77000000000001,0.3366386
-92.78,0.3366334
-92.79,0.3366282
-92.80000000000001,0.33662298
-92.81,0.33661777
-92.82000000000001,0.33661255
-92.83000000000001,0.33660734
-92.84,0.33660215
-92.85000000000001,0.3365969
-92.86000000000001,0.3365917
-92.87,0.33658648
-92.88000000000001,0.3365813
-92.89,0.33657604
-92.9,0.33657083
-92.91000000000001,0.33656564
-92.92,0.33656043
-92.93,0.33655524
-92.94000000000001,0.33655
-92.95,0.3365448
-92.96000000000001,0.3365396
-92.97000000000001,0.33653438
-92.98,0.3365292
-92.99000000000001,0.33652395
-93.0,0.3365188
-93.01,0.33651358
-93.02000000000001,0.3365084
-93.03,0.3365032
-93.04,0.33649796
-93.05000000000001,0.3364928
-93.06,0.33648756
-93.07000000000001,0.33648235
-93.08000000000001,0.33647716
-93.09,0.33647195
-93.10000000000001,0.33646676
-93.11000000000001,0.3364616
-93.12,0.33645636
-93.13000000000001,0.33645114
-93.14,0.33644596
-93.15,0.33644074
-93.16000000000001,0.33643556
-93.17,0.3364304
-93.18,0.33642522
-93.19000000000001,0.33642
-93.2,0.3364148
-93.21000000000001,0.33640963
-93.22000000000001,0.33640438
-93.23,0.33639923
-93.24000000000001,0.33639404
-93.25,0.33638883
-93.26,0.33638364
-93.27000000000001,0.33637846
-93.28,0.33637324
-93.29,0.33636808
-93.30000000000001,0.3363629
-93.31,0.3363577
-93.32000000000001,0.3363525
-93.33000000000001,0.33634734
-93.34,0.33634216
-93.35000000000001,0.33633694
-93.36000000000001,0.33633178
-93.37,0.3363266
-93.38000000000001,0.33632138
-93.39,0.3363162
-93.4,0.33631098
-93.41000000000001,0.33630583
-93.42,0.33630064
-93.43,0.3362955
-93.44000000000001,0.33629027
-93.45,0.3362851
-93.46000000000001,0.3362799
-93.47000000000001,0.33627474
-93.48,0.33626956
-93.49000000000001,0.33626437
-93.5,0.3362592
-93.51,0.33625403
-93.52000000000001,0.33624887
-93.53,0.3362437
-93.54,0.3362385
-93.55000000000001,0.33623332
-93.56,0.33622816
-93.57000000000001,0.33622298
-93.58000000000001,0.33621782
-93.59,0.33621264
-93.60000000000001,0.33620745
-93.61000000000001,0.33620226
-93.62,0.3361971
-93.63000000000001,0.33619195
-93.64,0.33618674
-93.65,0.33618158
-93.66000000000001,0.3361764
-93.67,0.33617127
-93.68,0.33616605
-93.69000000000001,0.3361609
-93.7,0.33615577
-93.71000000000001,0.33615053
-93.72000000000001,0.3361454
-93.73,0.33614025
-93.74000000000001,0.33613503
-93.75,0.3361299
-93.76,0.33612472
-93.77000000000001,0.3361196
-93.78,0.33611438
-93.79,0.33610925
-93.80000000000001,0.3361041
-93.81,0.3360989
-93.82000000000001,0.33609375
-93.83000000000001,0.3360886
-93.84,0.3360834
-93.85000000000001,0.3360783
-93.86000000000001,0.3360731
-93.87,0.33606791
-93.88000000000001,0.3360628
-93.89,0.33605763
-93.9,0.33605248
-93.91000000000001,0.3360473
-93.92,0.33604214
-93.93,0.33603698
-93.94000000000001,0.33603182
-93.95,0.33602667
-93.96000000000001,0.33602154
-93.97000000000001,0.33601642
-93.98,0.33601117
-93.99000000000001,0.33600605
-94.0,0.33600092
-94.01,0.33599576
-94.02000000000001,0.3359906
-94.03,0.33598545
-94.04,0.33598027
-94.05000000000001,0.33597514
-94.06,0.33596998
-94.07000000000001,0.33596483
-94.08000000000001,0.33595967
-94.09,0.33595455
-94.10000000000001,0.33594936
-94.11000000000001,0.33594424
-94.12,0.3359391
-94.13000000000001,0.33593398
-94.14,0.33592883
-94.15,0.33592367
-94.16000000000001,0.33591855
-94.17,0.33591342
-94.18,0.33590823
-94.19000000000001,0.3359031
-94.2,0.33589795
-94.21000000000001,0.3358928
-94.22000000000001,0.33588767
-94.23,0.3358825
-94.24000000000001,0.3358774
-94.25,0.33587223
-94.26,0.3358671
-94.27000000000001,0.33586192
-94.28,0.33585683
-94.29,0.33585164
-94.30000000000001,0.33584654
-94.31,0.33584142
-94.32000000000001,0.33583623
-94.33000000000001,0.33583114
-94.34,0.335826
-94.35000000000001,0.33582082
-94.36000000000001,0.33581573
-94.37,0.3358106
-94.38000000000001,0.33580545
-94.39,0.3358003
-94.4,0.3357952
-94.41000000000001,0.33579004
-94.42,0.3357849
-94.43,0.3357798
-94.44000000000001,0.33577466
-94.45,0.33576953
-94.46000000000001,0.3357644
-94.47000000000001,0.33575928
-94.48,0.33575416
-94.49000000000001,0.33574897
-94.5,0.33574387
-94.51,0.33573875
-94.52000000000001,0.33573362
-94.53,0.3357285
-94.54,0.33572334
-94.55000000000001,0.3357182
-94.56,0.33571312
-94.57000000000001,0.335708
-94.58000000000001,0.3357029
-94.59,0.3356977
-94.60000000000001,0.33569258
-94.61000000000001,0.33568752
-94.62,0.33568233
-94.63000000000001,0.33567727
-94.64,0.33567214
-94.65,0.33566704
-94.66000000000001,0.33566186
-94.67,0.33565676
-94.68,0.33565164
-94.69000000000001,0.3356465
-94.7,0.33564144
-94.71000000000001,0.33563632
-94.72000000000001,0.3356312
-94.73,0.33562607
-94.74000000000001,0.33562094
-94.75,0.33561584
-94.76,0.33561072
-94.77000000000001,0.33560562
-94.78,0.3356005
-94.79,0.3355954
-94.80000000000001,0.33559027
-94.81,0.33558515
-94.82000000000001,0.33558005
-94.83000000000001,0.3355749
-94.84,0.3355698
-94.85000000000001,0.3355647
-94.86000000000001,0.3355596
-94.87,0.33555445
-94.88000000000001,0.33554935
-94.89,0.3355443
-94.9,0.33553913
-94.91000000000001,0.33553404
-94.92,0.33552897
-94.93,0.33552384
-94.94000000000001,0.33551872
-94.95,0.33551362
-94.96000000000001,0.3355085
-94.97000000000001,0.3355034
-94.98,0.33549827
-94.99000000000001,0.33549324
-95.0,0.3354881
-95.01,0.33548295
-95.02000000000001,0.3354779
-95.03,0.3354728
-95.04,0.3354677
-95.05000000000001,0.33546257
-95.06,0.3354575
-95.07000000000001,0.33545238
-95.08000000000001,0.3354473
-95.09,0.3354422
-95.10000000000001,0.33543712
-95.11000000000001,0.335432
-95.12,0.3354269
-95.13000000000001,0.3354218
-95.14,0.33541673
-95.15,0.3354116
-95.16000000000001,0.3354065
-95.17,0.33540142
-95.18,0.3353963
-95.19000000000001,0.33539122
-95.2,0.33538613
-95.21000000000001,0.33538103
-95.22000000000001,0.33537596
-95.23,0.33537084
-95.24000000000001,0.33536577
-95.25,0.33536065
-95.26,0.33535555
-95.27000000000001,0.33535048
-95.28,0.3353454
-95.29,0.3353403
-95.30000000000001,0.33533522
-95.31,0.33533013
-95.32000000000001,0.33532506
-95.33000000000001,0.33531994
-95.34,0.33531487
-95.35000000000001,0.3353098
-95.36000000000001,0.3353047
-95.37,0.3352996
-95.38000000000001,0.33529454
-95.39,0.33528948
-95.4,0.33528435
-95.41000000000001,0.3352793
-95.42,0.33527422
-95.43,0.3352691
-95.44000000000001,0.335264
-95.45,0.33525896
-95.46000000000001,0.3352539
-95.47000000000001,0.33524877
-95.48,0.3352437
-95.49000000000001,0.33523864
-95.5,0.33523357
-95.51,0.33522847
-95.52000000000001,0.3352234
-95.53,0.33521834
-95.54,0.33521324
-95.55000000000001,0.33520818
-95.56,0.33520308
-95.57000000000001,0.33519807
-95.58000000000001,0.33519292
-95.59,0.33518788
-95.60000000000001,0.3351828
-95.61000000000001,0.33517772
-95.62,0.33517265
-95.63000000000001,0.3351676
-95.64,0.33516252
-95.65,0.33515745
-95.66000000000001,0.3351524
-95.67,0.3351473
-95.68,0.33514225
-95.69000000000001,0.3351372
-95.7,0.3351321
-95.71000000000001,0.33512706
-95.72000000000001,0.33512193
-95.73,0.33511686
-95.74000000000001,0.33511183
-95.75000000000001,0.33510676
-95.76,0.33510172
-95.77000000000001,0.33509663
-95.78,0.3350916
-95.79,0.33508652
-95.80000000000001,0.33508143
-95.81,0.3350764
-95.82000000000001,0.33507133
-95.83000000000001,0.33506626
-95.84,0.33506116
-95.85000000000001,0.33505613
-95.86000000000001,0.33505106
-95.87,0.335046
-95.88000000000001,0.33504093
-95.89,0.33503586
-95.9,0.33503085
-95.91000000000001,0.33502576
-95.92,0.33502072
-95.93,0.33501565
-95.94000000000001,0.3350106
-95.95,0.33500555
-95.96000000000001,0.3350005
-95.97000000000001,0.33499545
-95.98,0.33499038
-95.99000000000001,0.33498532
-96.00000000000001,0.33498028
-96.01,0.33497524
-96.02000000000001,0.33497018
-96.03,0.3349651
-96.04,0.33496004
-96.05000000000001,0.334955
-96.06,0.33494997
-96.07000000000001,0.33494493
-96.08000000000001,0.3349399
-96.09,0.3349348
-96.10000000000001,0.3349298
-96.11000000000001,0.3349247
-96.12,0.3349197
-96.13000000000001,0.3349146
-96.14,0.33490956
-96.15,0.33490455
-96.16000000000001,0.3348995
-96.17,0.33489445
-96.18,0.33488938
-96.19000000000001,0.33488435
-96.2,0.33487928
-96.21000000000001,0.33487427
-96.22000000000001,0.33486924
-96.23,0.33486417
-96.24000000000001,0.33485913
-96.25000000000001,0.33485407
-96.26,0.33484903
-96.27000000000001,0.334844
-96.28,0.33483896
-96.29,0.33483392
-96.30000000000001,0.3348289
-96.31,0.33482385
-96.32000000000001,0.3348188
-96.33000000000001,0.33481377
-96.34,0.33480874
-96.35000000000001,0.3348037
-96.36000000000001,0.33479866
-96.37,0.33479363
-96.38000000000001,0.3347886
-96.39,0.33478355
-96.4,0.33477852
-96.41000000000001,0.33477348
-96.42,0.33476847
-96.43,0.33476344
-96.44000000000001,0.3347584
-96.45,0.33475336
-96.46000000000001,0.33474833
-96.47000000000001,0.33474332
-96.48,0.33473828
-96.49000000000001,0.33473322
-96.50000000000001,0.33472824
-96.51,0.33472317
-96.52000000000001,0.33471814
-96.53,0.33471316
-96.54,0.33470812
-96.55000000000001,0.33470306
-96.56,0.33469805
-96.57000000000001,0.33469307
-96.58000000000001,0.334688
-96.59,0.334683
-96.60000000000001,0.33467793
-96.61000000000001,0.33467293
-96.62,0.33466792
-96.63000000000001,0.33466288
-96.64,0.33465785
-96.65,0.33465284
-96.66000000000001,0.33464783
-96.67,0.3346428
-96.68,0.3346378
-96.69000000000001,0.33463275
-96.7,0.33462775
-96.71000000000001,0.33462274
-96.72000000000001,0.3346177
-96.73,0.33461267
-96.74000000000001,0.33460766
-96.75000000000001,0.33460265
-96.76,0.33459765
-96.77000000000001,0.3345926
-96.78,0.3345876
-96.79,0.33458257
-96.80000000000001,0.33457756
-96.81,0.33457255
-96.82000000000001,0.33456755
-96.83000000000001,0.33456254
-96.84,0.33455753
-96.85000000000001,0.3345525
-96.86000000000001,0.3345475
-96.87,0.33454248
-96.88000000000001,0.33453748
-96.89,0.33453244
-96.9,0.33452746
-96.91000000000001,0.33452243
-96.92,0.33451742
-96.93,0.3345124
-96.94000000000001,0.33450747
-96.95,0.33450246
-96.96000000000001,0.3344974
-96.97000000000001,0.3344924
-96.98,0.33448738
-96.99000000000001,0.3344824
-97.00000000000001,0.3344774
-97.01,0.3344724
-97.02000000000001,0.33446738
-97.03,0.3344624
-97.04,0.33445737
-97.05000000000001,0.3344524
-97.06,0.33444735
-97.07000000000001,0.33444238
-97.08000000000001,0.33443737
-97.09,0.33443236
-97.10000000000001,0.3344274
-97.11000000000001,0.33442235
-97.12,0.33441737
-97.13000000000001,0.3344124
-97.14,0.3344074
-97.15,0.33440238
-97.16000000000001,0.33439738
-97.17,0.33439243
-97.18,0.33438742
-97.19000000000001,0.3343824
-97.2,0.3343774
-97.21000000000001,0.3343724
-97.22000000000001,0.33436742
-97.23,0.3343624
-97.24000000000001,0.3343574
-97.25000000000001,0.33435243
-97.26,0.33434743
-97.27000000000001,0.33434245
-97.28,0.33433747
-97.29,0.33433247
-97.30000000000001,0.3343275
-97.31,0.33432245
-97.32000000000001,0.3343175
-97.33000000000001,0.3343125
-97.34,0.33430755
-97.35000000000001,0.33430248
-97.36000000000001,0.33429757
-97.37,0.33429256
-97.38000000000001,0.33428755
-97.39,0.33428255
-97.4,0.3342776
-97.41000000000001,0.33427262
-97.42,0.33426765
-97.43,0.3342626
-97.44000000000001,0.33425766
-97.45,0.3342527
-97.46000000000001,0.33424774
-97.47000000000001,0.3342427
-97.48,0.33423775
-97.49000000000001,0.3342328
-97.50000000000001,0.33422777
-97.51,0.3342228
-97.52000000000001,0.33421782
-97.53,0.33421284
-97.54,0.33420786
-97.55000000000001,0.33420286
-97.56,0.3341979
-97.57000000000001,0.3341929
-97.58000000000001,0.33418795
-97.59,0.33418298
-97.60000000000001,0.33417803
-97.61000000000001,0.33417305
-97.62,0.33416808
-97.63000000000001,0.33416307
-97.64,0.33415806
-97.65,0.33415315
-97.66000000000001,0.33414817
-97.67,0.3341432
-97.68,0.3341382
-97.69000000000001,0.33413327
-97.7,0.33412826
-97.71000000000001,0.33412325
-97.72000000000001,0.33411834
-97.73,0.33411336
-97.74000000000001,0.3341084
-97.75000000000001,0.33410344
-97.76,0.33409846
-97.77000000000001,0.33409348
-97.78,0.33408853
-97.79,0.33408356
-97.80000000000001,0.33407858
-97.81,0.33407363
-97.82000000000001,0.3340687
-97.83000000000001,0.33406368
-97.84,0.33405873
-97.85000000000001,0.3340538
-97.86000000000001,0.3340488
-97.87,0.33404383
-97.88000000000001,0.33403888
-97.89,0.33403394
-97.9,0.33402896
-97.91000000000001,0.334024
-97.92,0.33401906
-97.93,0.3340141
-97.94000000000001,0.33400914
-97.95,0.33400416
-97.96000000000001,0.3339992
-97.97000000000001,0.3339942
-97.98,0.3339893
-97.99000000000001,0.33398432
-98.00000000000001,0.33397937
-98.01,0.33397442
-98.02000000000001,0.33396947
-98.03,0.33396453
-98.04,0.33395958
-98.05000000000001,0.33395457
-98.06,0.33394966
-98.07000000000001,0.3339447
-98.08000000000001,0.33393976
-98.09,0.33393478
-98.10000000000001,0.33392984
-98.11000000000001,0.33392492
-98.12,0.33391994
-98.13000000000001,0.333915
-98.14,0.33391005
-98.15,0.3339051
-98.16000000000001,0.33390015
-98.17,0.3338952
-98.18,0.33389026
-98.19000000000001,0.3338853
-98.2,0.33388036
-98.21000000000001,0.33387542
-98.22000000000001,0.33387047
-98.23,0.33386552
-98.24000000000001,0.33386058
-98.25000000000001,0.33385563
-98.26,0.3338507
-98.27000000000001,0.33384576
-98.28,0.3338408
-98.29,0.33383587
-98.30000000000001,0.33383092
-98.31,0.333826
-98.32000000000001,0.33382103
-98.33000000000001,0.3338161
-98.34,0.33381116
-98.35000000000001,0.33380625
-98.36000000000001,0.3338013
-98.37,0.33379635
-98.38000000000001,0.33379138
-98.39,0.3337865
-98.4,0.33378154
-98.41000000000001,0.33377662
-98.42,0.33377165
-98.43,0.33376673
-98.44000000000001,0.3337618
-98.45,0.33375686
-98.46000000000001,0.33375198
-98.47000000000001,0.333747
-98.48,0.33374205
-98.49000000000001,0.33373713
-98.50000000000001,0.3337322
-98.51,0.33372727
-98.52000000000001,0.33372232
-98.53,0.33371738
-98.54,0.3337125
-98.55000000000001,0.3337075
-98.56,0.33370262
-98.57000000000001,0.33369768
-98.58000000000001,0.33369276
-98.59,0.3336878
-98.60000000000001,0.3336829
-98.61000000000001,0.33367798
-98.62,0.33367303
-98.63000000000001,0.3336681
-98.64,0.3336632
-98.65,0.33365825
-98.66000000000001,0.33365333
-98.67,0.3336484
-98.68,0.3336435
-98.69000000000001,0.33363855
-98.7,0.33363366
-98.71000000000001,0.3336287
-98.72000000000001,0.33362383
-98.73,0.33361888
-98.74000000000001,0.33361393
-98.75000000000001,0.33360904
-98.76,0.3336041
-98.77000000000001,0.3335992
-98.78,0.33359432
-98.79,0.33358938
-98.80000000000001,0.33358446
-98.81,0.33357954
-98.82000000000001,0.33357462
-98.83000000000001,0.33356968
-98.84,0.33356476
-98.85000000000001,0.33355987
-98.86000000000001,0.33355495
-98.87,0.33355007
-98.88000000000001,0.3335451
-98.89,0.33354023
-98.9,0.33353528
-98.91000000000001,0.33353037
-98.92,0.33352548
-98.93,0.3335206
-98.94000000000001,0.33351567
-98.95,0.33351076
-98.96000000000001,0.3335058
-98.97000000000001,0.33350095
-98.98,0.333496
-98.99000000000001,0.33349112
-99.00000000000001,0.33348617
-99.01,0.33348128
-99.02000000000001,0.33347636
-99.03,0.33347148
-99.04,0.33346656
-99.05000000000001,0.33346167
-99.06,0.33345678
-99.07000000000001,0.33345184
-99.08000000000001,0.33344698
-99.09,0.33344203
-99.10000000000001,0.33343714
-99.11000000000001,0.33343223
-99.12,0.33342737
-99.13000000000001,0.33342242
-99.14,0.33341756
-99.15,0.33341265
-99.16000000000001,0.33340773
-99.17,0.3334028
-99.18,0.33339792
-99.19000000000001,0.33339304
-99.2,0.33338815
-99.21000000000001,0.33338323
-99.22000000000001,0.33337831
-99.23,0.33337346
-99.24000000000001,0.33336854
-99.25000000000001,0.33336365
-99.26,0.33335876
-99.27000000000001,0.33335385
-99.28,0.33334896
-99.29,0.33334404
-99.30000000000001,0.33333918
-99.31,0.3333343
-99.32000000000001,0.3333294
-99.33000000000001,0.3333245
-99.34,0.3333196
-99.35000000000001,0.3333147
-99.36000000000001,0.33330983
-99.37,0.3333049
-99.38000000000001,0.33330005
-99.39,0.33329517
-99.4,0.33329025
-99.41000000000001,0.33328536
-99.42,0.33328047
-99.43,0.33327562
-99.44000000000001,0.3332707
-99.45,0.33326578
-99.46000000000001,0.33326092
-99.47000000000001,0.33325607
-99.48,0.33325115
-99.49000000000001,0.3332463
-99.50000000000001,0.33324137
-99.51,0.33323652
-99.52000000000001,0.3332316
-99.53,0.33322674
-99.54,0.33322182
-99.55000000000001,0.333217
-99.56,0.3332121
-99.57000000000001,0.33320722
-99.58000000000001,0.33320233
-99.59,0.33319744
-99.60000000000001,0.3331926
-99.61000000000001,0.3331877
-99.62,0.3331828
-99.63000000000001,0.33317795
-99.64,0.33317304
-99.65,0.33316818
-99.66000000000001,0.3331633
-99.67,0.3331584
-99.68,0.33315355
-99.69000000000001,0.33314866
-99.7,0.3331438
-99.71000000000001,0.33313894
-99.72000000000001,0.33313403
-99.73,0.3331292
-99.74000000000001,0.3331243
-99.75000000000001,0.33311945
-99.76,0.33311456
-99.77000000000001,0.33310968
-99.78,0.33310482
-99.79,0.33309993
-99.80000000000001,0.33309507
-99.81,0.33309022
-99.82000000000001,0.3330853
-99.83000000000001,0.33308044
-99.84,0.33307558
-99.85000000000001,0.33307076
-99.86000000000001,0.33306584
-99.87,0.33306098
-99.88000000000001,0.3330561
-99.89,0.33305123
-99.9,0.33304638
-99.91000000000001,0.3330415
-99.92,0.33303666
-99.93,0.3330318
-99.94000000000001,0.33302695
-99.95,0.3330221
-99.96000000000001,0.33301723
-99.97000000000001,0.33301234
-99.98,0.33300748
-99.99000000000001,0.33300263
-100.00000000000001,0.3329978
