psi,theta
-0.01,0.4099364
-0.02,0.40993273
-0.03,0.4099291
-0.04,0.40992534
-0.05,0.40992147
-0.060000000000000005,0.40991747
-0.06999999999999999,0.4099133
-0.08,0.40990895
-0.09,0.40990448
-0.09999999999999999,0.40989983
-0.11,0.4098951
-0.12,0.4098902
-0.13,0.4098851
-0.14,0.40987992
-0.15000000000000002,0.40987456
-0.16,0.40986907
-0.17,0.4098634
-0.18000000000000002,0.40985763
-0.19,0.40985173
-0.2,0.40984565
-0.21000000000000002,0.40983942
-0.22,0.40983307
-0.23,0.40982658
-0.24000000000000002,0.4098199
-0.25,0.4098131
-0.26,0.40980616
-0.27,0.40979907
-0.28,0.40979183
-0.29000000000000004,0.40978438
-0.3,0.40977687
-0.31,0.40976918
-0.32,0.40976134
-0.33,0.40975332
-0.34,0.40974516
-0.35000000000000003,0.40973684
-0.36000000000000004,0.40972838
-0.37,0.4097197
-0.38,0.40971097
-0.39,0.409702
-0.4,0.40969288
-0.41000000000000003,0.4096836
-0.42000000000000004,0.40967417
-0.43,0.40966454
-0.44,0.40965474
-0.45,0.40964478
-0.46,0.40963465
-0.47000000000000003,0.4096244
-0.48000000000000004,0.4096139
-0.49,0.40960327
-0.5,0.40959248
-0.51,0.40958145
-0.52,0.40957028
-0.53,0.40955895
-0.54,0.4095474
-0.55,0.40953565
-0.56,0.4095238
-0.5700000000000001,0.4095117
-0.5800000000000001,0.4094994
-0.59,0.40948692
-0.6,0.40947425
-0.61,0.40946144
-0.62,0.4094484
-0.63,0.40943515
-0.64,0.40942174
-0.65,0.4094081
-0.66,0.40939426
-0.67,0.40938026
-0.68,0.40936604
-0.6900000000000001,0.40935165
-0.7000000000000001,0.40933698
-0.7100000000000001,0.40932217
-0.72,0.40930712
-0.73,0.4092919
-0.74,0.40927643
-0.75,0.4092608
-0.76,0.40924492
-0.77,0.4092288
-0.78,0.40921253
-0.79,0.40919608
-0.8,0.40917933
-0.81,0.4091624
-0.8200000000000001,0.40914527
-0.8300000000000001,0.40912792
-0.8400000000000001,0.40911034
-0.85,0.40909252
-0.86,0.4090745
-0.87,0.40905628
-0.88,0.4090378
-0.89,0.4090191
-0.9,0.40900022
-0.91,0.4089811
-0.92,0.40896177
-0.93,0.40894216
-0.9400000000000001,0.40892237
-0.9500000000000001,0.40890235
-0.9600000000000001,0.40888214
-0.97,0.40886164
-0.98,0.40884095
-0.99,0.40882
-1.0,0.4087988
-1.01,0.40877742
-1.02,0.40875584
-1.03,0.408734
-1.04,0.4087119
-1.05,0.40868962
-1.06,0.40866703
-1.07,0.40864426
-1.08,0.40862125
-1.09,0.40859804
-1.1,0.40857458
-1.11,0.40855086
-1.12,0.40852696
-1.1300000000000001,0.4085028
-1.1400000000000001,0.40847838
-1.1500000000000001,0.40845376
-1.1600000000000001,0.4084289
-1.17,0.4084038
-1.18,0.40837848
-1.19,0.4083529
-1.2,0.40832713
-1.21,0.40830112
-1.22,0.40827486
-1.23,0.4082484
-1.24,0.40822166
-1.25,0.40819472
-1.26,0.40816754
-1.27,0.40814018
-1.28,0.4081125
-1.29,0.40808466
-1.3,0.40805656
-1.31,0.40802824
-1.32,0.4079997
-1.33,0.4079709
-1.34,0.40794188
-1.35,0.40791267
-1.36,0.4078832
-1.37,0.40785348
-1.3800000000000001,0.40782356
-1.3900000000000001,0.40779343
-1.4000000000000001,0.40776306
-1.4100000000000001,0.4077325
-1.42,0.40770167
-1.43,0.40767068
-1.44,0.40763938
-1.45,0.4076079
-1.46,0.4075762
-1.47,0.40754429
-1.48,0.40751213
-1.49,0.4074798
-1.5,0.40744722
-1.51,0.40741444
-1.52,0.40738142
-1.53,0.4073482
-1.54,0.40731475
-1.55,0.4072811
-1.56,0.4072472
-1.57,0.40721315
-1.58,0.40717885
-1.59,0.40714434
-1.6,0.40710962
-1.61,0.4070747
-1.62,0.40703958
-1.6300000000000001,0.40700424
-1.6400000000000001,0.4069687
-1.6500000000000001,0.40693295
-1.6600000000000001,0.406897
-1.6700000000000002,0.40686086
-1.68,0.4068245
-1.69,0.40678793
-1.7,0.4067512
-1.71,0.40671426
-1.72,0.40667707
-1.73,0.4066397
-1.74,0.40660217
-1.75,0.4065644
-1.76,0.4065265
-1.77,0.40648836
-1.78,0.40645003
-1.79,0.4064115
-1.8,0.4063728
-1.81,0.40633392
-1.82,0.40629482
-1.83,0.40625554
-1.84,0.40621608
-1.85,0.40617642
-1.86,0.4061366
-1.87,0.4060966
-1.8800000000000001,0.4060564
-1.8900000000000001,0.40601605
-1.9000000000000001,0.40597546
-1.9100000000000001,0.40593472
-1.9200000000000002,0.4058938
-1.93,0.40585274
-1.94,0.40581146
-1.95,0.40577
-1.96,0.40572837
-1.97,0.40568656
-1.98,0.4056446
-1.99,0.40560246
-2.0,0.40556014
-2.01,0.40551764
-2.02,0.405475
-2.03,0.40543216
-2.04,0.40538916
-2.05,0.405346
-2.0599999999999996,0.4053027
-2.07,0.40525925
-2.0799999999999996,0.40521556
-2.09,0.40517175
-2.0999999999999996,0.40512776
-2.11,0.40508366
-2.1199999999999997,0.40503934
-2.13,0.4049949
-2.1399999999999997,0.40495026
-2.15,0.40490547
-2.1599999999999997,0.40486056
-2.17,0.40481547
-2.1799999999999997,0.4047702
-2.19,0.40472484
-2.1999999999999997,0.40467927
-2.21,0.40463355
-2.2199999999999998,0.4045877
-2.23,0.40454167
-2.2399999999999998,0.40449554
-2.25,0.40444922
-2.26,0.40440273
-2.27,0.40435612
-2.28,0.4043094
-2.29,0.40426248
-2.3,0.4042154
-2.31,0.40416825
-2.32,0.40412086
-2.3299999999999996,0.4040734
-2.34,0.40402573
-2.3499999999999996,0.40397796
-2.36,0.40393
-2.3699999999999997,0.403882
-2.38,0.40383378
-2.3899999999999997,0.4037854
-2.4,0.40373695
-2.4099999999999997,0.4036883
-2.42,0.40363955
-2.4299999999999997,0.40359068
-2.44,0.4035416
-2.4499999999999997,0.40349245
-2.46,0.40344313
-2.4699999999999998,0.40339366
-2.48,0.4033441
-2.4899999999999998,0.40329432
-2.5,0.4032445
-2.51,0.4031945
-2.52,0.4031444
-2.53,0.4030941
-2.54,0.40304372
-2.55,0.40299314
-2.56,0.40294254
-2.57,0.40289176
-2.5799999999999996,0.4028408
-2.59,0.40278977
-2.5999999999999996,0.40273857
-2.61,0.40268725
-2.6199999999999997,0.40263578
-2.63,0.40258422
-2.6399999999999997,0.40253252
-2.65,0.40248072
-2.6599999999999997,0.40242875
-2.67,0.40237665
-2.6799999999999997,0.40232444
-2.69,0.4022721
-2.6999999999999997,0.4022196
-2.71,0.40216705
-2.7199999999999998,0.40211427
-2.73,0.40206146
-2.7399999999999998,0.40200847
-2.75,0.40195537
-2.76,0.40190214
-2.77,0.4018488
-2.78,0.40179533
-2.79,0.40174174
-2.8,0.40168804
-2.81,0.40163416
-2.82,0.4015802
-2.8299999999999996,0.40152612
-2.84,0.4014719
-2.8499999999999996,0.40141755
-2.86,0.40136307
-2.8699999999999997,0.40130854
-2.88,0.40125382
-2.8899999999999997,0.40119898
-2.9,0.40114406
-2.9099999999999997,0.401089
-2.92,0.4010338
-2.9299999999999997,0.4009785
-2.94,0.40092307
-2.9499999999999997,0.40086752
-2.96,0.40081185
-2.9699999999999998,0.40075606
-2.98,0.40070015
-2.9899999999999998,0.4006441
-3.0,0.40058798
-3.01,0.4005317
-3.02,0.40047532
-3.03,0.4004188
-3.04,0.4003622
-3.05,0.4003054
-3.06,0.40024853
-3.07,0.40019158
-3.08,0.4001345
-3.09,0.40007725
-3.0999999999999996,0.40001994
-3.11,0.39996248
-3.1199999999999997,0.3999049
-3.13,0.3998472
-3.1399999999999997,0.3997894
-3.15,0.3997315
-3.1599999999999997,0.39967346
-3.17,0.3996153
-3.1799999999999997,0.399557
-3.19,0.3994986
-3.1999999999999997,0.3994401
-3.21,0.3993815
-3.2199999999999998,0.39932275
-3.23,0.3992639
-3.2399999999999998,0.3992049
-3.25,0.39914584
-3.26,0.39908662
-3.27,0.3990273
-3.28,0.39896786
-3.29,0.3989083
-3.3,0.3988486
-3.31,0.39878884
-3.32,0.39872897
-3.33,0.39866894
-3.34,0.3986088
-3.3499999999999996,0.39854854
-3.36,0.39848822
-3.3699999999999997,0.39842772
-3.38,0.3983671
-3.3899999999999997,0.39830643
-3.4,0.3982456
-3.4099999999999997,0.39818466
-3.42,0.39812362
-3.4299999999999997,0.39806247
-3.44,0.3980012
-3.4499999999999997,0.39793977
-3.46,0.3978783
-3.4699999999999998,0.39781666
-3.48,0.3977549
-3.4899999999999998,0.3976931
-3.5,0.3976311
-3.51,0.39756906
-3.52,0.39750686
-3.53,0.39744455
-3.54,0.39738214
-3.55,0.3973196
-3.56,0.39725697
-3.57,0.39719424
-3.58,0.39713135
-3.59,0.39706838
-3.5999999999999996,0.3970053
-3.61,0.39694208
-3.6199999999999997,0.39687878
-3.63,0.39681536
-3.6399999999999997,0.3967518
-3.65,0.39668816
-3.6599999999999997,0.3966244
-3.67,0.39656052
-3.6799999999999997,0.39649653
-3.69,0.39643243
-3.6999999999999997,0.3963682
-3.71,0.3963039
-3.7199999999999998,0.39623946
-3.73,0.3961749
-3.7399999999999998,0.3961103
-3.75,0.3960455
-3.76,0.39598063
-3.77,0.39591563
-3.78,0.39585054
-3.79,0.39578533
-3.8,0.39572
-3.81,0.39565456
-3.82,0.39558905
-3.83,0.39552337
-3.84,0.39545763
-3.8499999999999996,0.39539176
-3.86,0.39532578
-3.8699999999999997,0.3952597
-3.88,0.3951935
-3.8899999999999997,0.39512718
-3.9,0.39506078
-3.9099999999999997,0.39499426
-3.92,0.3949276
-3.9299999999999997,0.39486086
-3.94,0.39479405
-3.9499999999999997,0.39472702
-3.96,0.39466
-3.9699999999999998,0.39459282
-3.98,0.39452553
-3.9899999999999998,0.39445814
-4.0,0.39439064
-4.01,0.39432302
-4.02,0.3942553
-4.03,0.39418748
-4.04,0.39411956
-4.05,0.39405155
-4.06,0.3939834
-4.07,0.39391515
-4.08,0.39384678
-4.09,0.39377832
-4.1,0.39370978
-4.109999999999999,0.39364108
-4.12,0.39357233
-4.13,0.39350343
-4.14,0.39343446
-4.1499999999999995,0.39336532
-4.16,0.39329612
-4.17,0.39322686
-4.18,0.39315742
-4.1899999999999995,0.39308792
-4.2,0.3930183
-4.21,0.39294857
-4.22,0.39287877
-4.2299999999999995,0.39280885
-4.24,0.39273876
-4.25,0.39266863
-4.26,0.3925984
-4.27,0.39252806
-4.28,0.3924576
-4.29,0.39238706
-4.3,0.3923164
-4.31,0.39224568
-4.32,0.39217478
-4.33,0.39210385
-4.34,0.3920328
-4.35,0.39196163
-4.36,0.39189035
-4.37,0.391819
-4.38,0.39174753
-4.39,0.39167595
-4.3999999999999995,0.3916043
-4.41,0.39153254
-4.42,0.39146066
-4.43,0.3913887
-4.4399999999999995,0.39131665
-4.45,0.39124447
-4.46,0.3911722
-4.47,0.39109984
-4.4799999999999995,0.3910274
-4.49,0.39095482
-4.5,0.39088216
-4.51,0.3908094
-4.52,0.39073652
-4.53,0.39066362
-4.54,0.39059055
-4.55,0.39051735
-4.56,0.39044416
-4.57,0.39037085
-4.58,0.3902974
-4.59,0.39022386
-4.6,0.3901502
-4.61,0.39007652
-4.62,0.39000267
-4.63,0.38992876
-4.64,0.38985473
-4.6499999999999995,0.38978064
-4.66,0.3897064
-4.67,0.3896321
-4.68,0.38955778
-4.6899999999999995,0.38948324
-4.7,0.38940865
-4.71,0.38933402
-4.72,0.38925922
-4.7299999999999995,0.38918442
-4.74,0.38910943
-4.75,0.3890344
-4.76,0.38895926
-4.77,0.38888404
-4.78,0.3888087
-4.79,0.3887333
-4.8,0.3886578
-4.81,0.38858223
-4.82,0.38850653
-4.83,0.38843077
-4.84,0.3883549
-4.85,0.38827893
-4.86,0.3882029
-4.87,0.3881268
-4.88,0.38805056
-4.89,0.3879742
-4.8999999999999995,0.38789785
-4.91,0.38782135
-4.92,0.38774478
-4.93,0.3876681
-4.9399999999999995,0.38759136
-4.95,0.38751453
-4.96,0.38743758
-4.97,0.38736057
-4.9799999999999995,0.38728347
-4.99,0.3872063
-5.0,0.38712904
-5.01,0.38705167
-5.02,0.38697422
-5.03,0.38689673
-5.04,0.38681906
-5.05,0.3867414
-5.06,0.38666362
-5.07,0.38658577
-5.08,0.3865078
-5.09,0.3864298
-5.1,0.38635164
-5.11,0.38627344
-5.12,0.38619518
-5.13,0.3861168
-5.14,0.38603836
-5.1499999999999995,0.3859598
-5.16,0.38588122
-5.17,0.38580254
-5.18,0.38572377
-5.1899999999999995,0.3856449
-5.2,0.38556597
-5.21,0.38548696
-5.22,0.38540787
-5.2299999999999995,0.3853287
-5.24,0.38524944
-5.25,0.38517013
-5.26,0.3850907
-5.27,0.38501123
-5.28,0.38493168
-5.29,0.38485202
-5.3,0.3847723
-5.31,0.3846925
-5.32,0.38461262
-5.33,0.38453263
-5.34,0.38445264
-5.35,0.38437253
-5.36,0.38429233
-5.37,0.38421208
-5.38,0.38413173
-5.39,0.38405135
-5.3999999999999995,0.38397086
-5.41,0.3838903
-5.42,0.38380963
-5.43,0.38372895
-5.4399999999999995,0.38364822
-5.45,0.38356733
-5.46,0.3834864
-5.47,0.3834054
-5.4799999999999995,0.38332433
-5.49,0.3832432
-5.5,0.383162
-5.51,0.38308066
-5.52,0.38299933
-5.53,0.38291788
-5.54,0.3828364
-5.55,0.38275483
-5.56,0.38267317
-5.57,0.3825915
-5.58,0.38250968
-5.59,0.38242784
-5.6,0.3823459
-5.61,0.3822639
-5.62,0.38218188
-5.63,0.38209972
-5.64,0.38201755
-5.6499999999999995,0.3819353
-5.66,0.38185298
-5.67,0.38177055
-5.68,0.38168812
-5.6899999999999995,0.38160557
-5.7,0.38152295
-5.71,0.3814403
-5.72,0.38135755
-5.7299999999999995,0.3812748
-5.74,0.3811919
-5.75,0.381109
-5.76,0.381026
-5.77,0.38094294
-5.78,0.38085985
-5.79,0.38077664
-5.8,0.3806934
-5.81,0.3806101
-5.82,0.38052672
-5.83,0.3804433
-5.84,0.38035983
-5.85,0.38027626
-5.86,0.38019264
-5.87,0.38010895
-5.88,0.3800252
-5.89,0.37994143
-5.8999999999999995,0.37985754
-5.91,0.37977365
-5.92,0.37968963
-5.93,0.37960562
-5.9399999999999995,0.3795215
-5.95,0.37943736
-5.96,0.37935314
-5.97,0.37926888
-5.9799999999999995,0.37918448
-5.99,0.37910014
-6.0,0.37901568
-6.01,0.37893116
-6.02,0.3788466
-6.03,0.37876195
-6.04,0.3786773
-6.05,0.37859255
-6.06,0.37850776
-6.07,0.37842292
-6.08,0.37833804
-6.09,0.37825304
-6.1,0.37816802
-6.11,0.37808293
-6.12,0.37799788
-6.13,0.37791264
-6.14,0.37782747
-6.15,0.3777421
-6.16,0.37765682
-6.17,0.3775714
-6.18,0.37748593
-6.1899999999999995,0.37740046
-6.2,0.3773149
-6.21,0.37722933
-6.22,0.37714368
-6.2299999999999995,0.37705797
-6.24,0.3769722
-6.25,0.37688637
-6.26,0.37680054
-6.27,0.37671465
-6.28,0.37662867
-6.29,0.3765427
-6.3,0.37645662
-6.31,0.3763705
-6.32,0.37628436
-6.33,0.37619814
-6.34,0.3761119
-6.35,0.3760256
-6.36,0.37593925
-6.37,0.37585282
-6.38,0.3757664
-6.39,0.3756799
-6.4,0.37559342
-6.41,0.37550682
-6.42,0.37542018
-6.43,0.3753335
-6.4399999999999995,0.37524676
-6.45,0.37516004
-6.46,0.3750732
-6.47,0.37498635
-6.4799999999999995,0.37489942
-6.49,0.37481248
-6.5,0.37472546
-6.51,0.37463844
-6.52,0.37455136
-6.53,0.37446424
-6.54,0.37437707
-6.55,0.37428987
-6.56,0.37420267
-6.57,0.37411532
-6.58,0.37402803
-6.59,0.37394062
-6.6,0.3738532
-6.61,0.37376574
-6.62,0.37367824
-6.63,0.3735907
-6.64,0.37350312
-6.65,0.3734155
-6.66,0.37332785
-6.67,0.37324014
-6.68,0.3731524
-6.6899999999999995,0.3730646
-6.7,0.37297678
-6.71,0.37288892
-6.72,0.372801
-6.7299999999999995,0.3727131
-6.74,0.3726251
-6.75,0.3725371
-6.76,0.37244904
-6.77,0.37236094
-6.78,0.37227282
-6.79,0.3721847
-6.8,0.37209648
-6.81,0.37200823
-6.82,0.37192
-6.83,0.37183166
-6.84,0.37174332
-6.85,0.37165493
-6.86,0.37156653
-6.87,0.37147808
-6.88,0.3713896
-6.89,0.37130105
-6.9,0.37121254
-6.91,0.37112394
-6.92,0.3710353
-6.93,0.37094665
-6.9399999999999995,0.37085798
-6.95,0.37076926
-6.96,0.3706805
-6.97,0.3705917
-6.9799999999999995,0.3705029
-6.99,0.37041405
-7.0,0.37032518
-7.01,0.37023625
-7.02,0.3701473
-7.03,0.37005833
-7.04,0.3699693
-7.05,0.36988026
-7.06,0.36979124
-7.07,0.36970213
-7.08,0.369613
-7.09,0.36952382
-7.1,0.36943465
-7.11,0.36934543
-7.12,0.3692562
-7.13,0.3691669
-7.14,0.36907762
-7.15,0.36898828
-7.16,0.3688989
-7.17,0.36880952
-7.18,0.3687201
-7.1899999999999995,0.36863065
-7.2,0.3685412
-7.21,0.3684517
-7.22,0.3683622
-7.2299999999999995,0.36827263
-7.24,0.36818305
-7.25,0.36809346
-7.26,0.36800382
-7.27,0.36791417
-7.28,0.3678245
-7.29,0.36773476
-7.3,0.36764503
-7.31,0.3675553
-7.32,0.36746553
-7.33,0.3673757
-7.34,0.36728585
-7.35,0.36719602
-7.36,0.36710614
-7.37,0.36701626
-7.38,0.3669263
-7.39,0.36683637
-7.4,0.36674637
-7.41,0.36665636
-7.42,0.36656636
-7.43,0.36647633
-7.4399999999999995,0.3663863
-7.45,0.36629617
-7.46,0.36620608
-7.47,0.36611596
-7.4799999999999995,0.3660258
-7.49,0.36593562
-7.5,0.36584544
-7.51,0.36575526
-7.52,0.36566502
-7.53,0.36557475
-7.54,0.3654845
-7.55,0.36539418
-7.56,0.36530387
-7.57,0.36521354
-7.58,0.3651232
-7.59,0.36503285
-7.6,0.36494243
-7.61,0.36485204
-7.62,0.3647616
-7.63,0.36467117
-7.64,0.3645807
-7.65,0.3644902
-7.66,0.3643997
-7.67,0.3643092
-7.68,0.36421865
-7.6899999999999995,0.3641281
-7.7,0.36403757
-7.71,0.36394694
-7.72,0.36385638
-7.7299999999999995,0.36376575
-7.74,0.36367512
-7.75,0.36358446
-7.76,0.3634938
-7.77,0.3634031
-7.78,0.36331242
-7.79,0.3632217
-7.8,0.363131
-7.81,0.36304024
-7.82,0.3629495
-7.83,0.3628587
-7.84,0.36276793
-7.85,0.3626771
-7.86,0.36258632
-7.87,0.3624955
-7.88,0.36240467
-7.89,0.3623138
-7.9,0.36222294
-7.91,0.36213204
-7.92,0.36204118
-7.93,0.36195025
-7.94,0.36185932
-7.95,0.36176836
-7.96,0.36167747
-7.97,0.3615865
-7.9799999999999995,0.3614955
-7.99,0.36140454
-8.0,0.36131358
-8.01,0.36122257
-8.02,0.36113158
-8.03,0.36104053
-8.04,0.36094946
-8.05,0.36085844
-8.06,0.36076736
-8.07,0.36067632
-8.08,0.36058524
-8.09,0.36049414
-8.1,0.3604031
-8.11,0.36031199
-8.12,0.36022085
-8.13,0.3601297
-8.14,0.36003858
-8.15,0.35994744
-8.16,0.3598563
-8.17,0.35976514
-8.18,0.359674
-8.19,0.35958278
-8.2,0.35949162
-8.209999999999999,0.35940042
-8.22,0.35930923
-8.23,0.359218
-8.24,0.3591268
-8.25,0.35903558
-8.26,0.35894436
-8.27,0.35885313
-8.28,0.35876188
-8.29,0.35867062
-8.3,0.35857937
-8.31,0.3584881
-8.32,0.35839686
-8.33,0.35830557
-8.34,0.3582143
-8.35,0.358123
-8.36,0.3580317
-8.37,0.3579404
-8.38,0.35784912
-8.39,0.3577578
-8.4,0.35766652
-8.41,0.35757518
-8.42,0.35748383
-8.43,0.35739252
-8.44,0.3573012
-8.45,0.35720986
-8.459999999999999,0.35711855
-8.47,0.35702717
-8.48,0.35693586
-8.49,0.35684448
-8.5,0.35675314
-8.51,0.3566618
-8.52,0.35657045
-8.53,0.35647908
-8.54,0.35638773
-8.55,0.35629636
-8.56,0.35620496
-8.57,0.3561136
-8.58,0.3560222
-8.59,0.35593086
-8.6,0.35583946
-8.61,0.35574812
-8.62,0.35565674
-8.63,0.3555653
-8.64,0.35547394
-8.65,0.35538256
-8.66,0.3552912
-8.67,0.35519978
-8.68,0.35510844
-8.69,0.35501704
-8.7,0.35492563
-8.71,0.35483426
-8.72,0.35474288
-8.73,0.35465145
-8.74,0.35456008
-8.75,0.3544687
-8.76,0.3543773
-8.77,0.35428593
-8.78,0.35419452
-8.79,0.35410315
-8.8,0.35401177
-8.81,0.35392037
-8.82,0.353829
-8.83,0.3537376
-8.84,0.35364625
-8.85,0.35355484
-8.86,0.3534635
-8.87,0.3533721
-8.88,0.35328075
-8.89,0.35318935
-8.9,0.35309798
-8.91,0.3530066
-8.92,0.35291526
-8.93,0.35282388
-8.94,0.35273257
-8.95,0.35264117
-8.96,0.35254982
-8.97,0.35245848
-8.98,0.35236713
-8.99,0.3522758
-9.0,0.35218444
-9.01,0.35209313
-9.02,0.3520018
-9.03,0.35191047
-9.04,0.35181916
-9.05,0.3517278
-9.06,0.35163647
-9.07,0.3515452
-9.08,0.3514539
-9.09,0.3513626
-9.1,0.35127127
-9.11,0.35118002
-9.12,0.3510887
-9.13,0.35099742
-9.14,0.35090616
-9.15,0.35081488
-9.16,0.35072362
-9.17,0.35063237
-9.18,0.3505411
-9.19,0.35044986
-9.2,0.3503586
-9.21,0.35026738
-9.22,0.35017613
-9.23,0.35008496
-9.24,0.3499937
-9.25,0.3499025
-9.26,0.3498113
-9.27,0.3497201
-9.28,0.3496289
-9.29,0.34953773
-9.3,0.3494465
-9.31,0.34935534
-9.32,0.3492642
-9.33,0.34917304
-9.34,0.3490819
-9.35,0.3489908
-9.36,0.34889963
-9.37,0.34880853
-9.38,0.34871742
-9.39,0.3486263
-9.4,0.34853518
-9.41,0.34844407
-9.42,0.348353
-9.43,0.34826195
-9.44,0.34817088
-9.45,0.34807983
-9.46,0.34798875
-9.47,0.3478977
-9.48,0.3478067
-9.49,0.34771568
-9.5,0.34762466
-9.51,0.34753367
-9.52,0.34744266
-9.53,0.34735173
-9.54,0.3472607
-9.55,0.34716973
-9.56,0.3470788
-9.57,0.34698784
-9.58,0.34689695
-9.59,0.34680602
-9.6,0.3467151
-9.61,0.3466242
-9.62,0.3465333
-9.63,0.34644243
-9.64,0.34635156
-9.65,0.3462607
-9.66,0.34616983
-9.67,0.34607902
-9.68,0.3459882
-9.69,0.34589738
-9.7,0.34580657
-9.71,0.3457158
-9.72,0.345625
-9.73,0.34553424
-9.74,0.3454435
-9.75,0.34535274
-9.76,0.34526202
-9.77,0.34517127
-9.78,0.3450806
-9.79,0.3449899
-9.8,0.34489924
-9.81,0.34480855
-9.82,0.3447179
-9.83,0.34462723
-9.84,0.3445366
-9.85,0.34444597
-9.86,0.34435534
-9.87,0.34426478
-9.88,0.3441742
-9.89,0.34408364
-9.9,0.3439931
-9.91,0.3439025
-9.92,0.343812
-9.93,0.34372145
-9.94,0.34363097
-9.95,0.3435405
-9.96,0.34345004
-9.97,0.34335953
-9.98,0.3432691
-9.99,0.3431787
-10.0,0.34308827
-10.01,0.34299785
-10.02,0.3429075
-10.03,0.34281713
-10.04,0.34272677
-10.05,0.3426364
-10.06,0.34254605
-10.07,0.34245577
-10.08,0.34236547
-10.09,0.34227517
-10.1,0.34218493
-10.11,0.34209466
-10.12,0.34200442
-10.13,0.34191418
-10.14,0.341824
-10.15,0.34173378
-10.16,0.34164363
-10.17,0.34155348
-10.18,0.3414633
-10.19,0.3413732
-10.2,0.34128305
-10.21,0.34119296
-10.22,0.34110287
-10.23,0.34101284
-10.24,0.34092277
-10.25,0.3408327
-10.26,0.3407427
-10.27,0.3406527
-10.28,0.34056273
-10.29,0.34047276
-10.3,0.3403828
-10.31,0.34029287
-10.32,0.340203
-10.33,0.34011304
-10.34,0.34002316
-10.35,0.33993334
-10.36,0.33984345
-10.37,0.33975363
-10.38,0.3396638
-10.39,0.339574
-10.4,0.3394842
-10.41,0.33939445
-10.42,0.33930475
-10.43,0.33921498
-10.44,0.3391253
-10.45,0.33903563
-10.46,0.33894593
-10.47,0.33885628
-10.48,0.33876663
-10.49,0.33867702
-10.5,0.33858743
-10.51,0.33849782
-10.52,0.33840826
-10.53,0.3383187
-10.54,0.33822918
-10.55,0.33813968
-10.56,0.33805022
-10.57,0.33796072
-10.58,0.33787125
-10.59,0.33778185
-10.6,0.3376924
-10.61,0.33760303
-10.62,0.33751366
-10.63,0.33742428
-10.64,0.33733493
-10.65,0.33724564
-10.66,0.33715636
-10.67,0.33706707
-10.68,0.3369778
-10.69,0.33688858
-10.7,0.33679935
-10.71,0.33671013
-10.72,0.33662093
-10.73,0.33653182
-10.74,0.33644265
-10.75,0.33635354
-10.76,0.33626443
-10.77,0.33617535
-10.78,0.33608627
-10.79,0.33599725
-10.8,0.33590823
-10.81,0.33581918
-10.82,0.33573022
-10.83,0.33564126
-10.84,0.33555236
-10.85,0.3354634
-10.86,0.33537453
-10.87,0.33528566
-10.88,0.3351968
-10.89,0.33510795
-10.9,0.33501914
-10.91,0.33493036
-10.92,0.33484158
-10.93,0.33475283
-10.94,0.3346641
-10.95,0.33457538
-10.96,0.33448672
-10.97,0.33439806
-10.98,0.3343094
-10.99,0.3342208
-11.0,0.3341322
-11.01,0.3340436
-11.02,0.33395505
-11.03,0.33386654
-11.04,0.33377802
-11.05,0.3336895
-11.06,0.33360103
-11.07,0.3335126
-11.08,0.33342415
-11.09,0.33333576
-11.1,0.33324736
-11.11,0.33315903
-11.12,0.3330707
-11.13,0.3329824
-11.14,0.3328941
-11.15,0.3328058
-11.16,0.33271754
-11.17,0.33262932
-11.18,0.33254117
-11.19,0.33245298
-11.2,0.3323648
-11.21,0.3322767
-11.22,0.33218858
-11.23,0.33210048
-11.24,0.33201241
-11.25,0.33192438
-11.26,0.33183637
-11.27,0.33174837
-11.28,0.3316604
-11.29,0.33157244
-11.3,0.33148453
-11.31,0.3313966
-11.32,0.33130872
-11.33,0.33122087
-11.34,0.33113304
-11.35,0.33104524
-11.36,0.33095747
-11.37,0.3308697
-11.38,0.33078197
-11.39,0.33069426
-11.4,0.33060658
-11.41,0.3305189
-11.42,0.33043128
-11.43,0.33034363
-11.44,0.33025604
-11.45,0.3301685
-11.46,0.33008093
-11.47,0.32999343
-11.48,0.32990593
-11.49,0.32981843
-11.5,0.329731
-11.51,0.32964355
-11.52,0.32955617
-11.53,0.3294688
-11.54,0.32938147
-11.55,0.3292941
-11.56,0.32920682
-11.57,0.32911956
-11.58,0.3290323
-11.59,0.32894507
-11.6,0.32885787
-11.61,0.3287707
-11.62,0.32868356
-11.63,0.3285964
-11.64,0.3285093
-11.65,0.32842222
-11.66,0.32833517
-11.67,0.32824817
-11.68,0.32816118
-11.69,0.3280742
-11.7,0.32798725
-11.71,0.32790032
-11.72,0.3278134
-11.73,0.32772654
-11.74,0.3276397
-11.75,0.32755286
-11.76,0.32746604
-11.77,0.32737932
-11.78,0.32729256
-11.79,0.32720584
-11.8,0.32711914
-11.81,0.32703248
-11.82,0.32694584
-11.83,0.3268592
-11.84,0.32677263
-11.85,0.32668608
-11.86,0.3265995
-11.87,0.32651302
-11.88,0.32642654
-11.89,0.32634008
-11.9,0.32625362
-11.91,0.32616723
-11.92,0.32608083
-11.93,0.32599446
-11.94,0.32590815
-11.95,0.32582185
-11.96,0.32573557
-11.97,0.32564932
-11.98,0.3255631
-11.99,0.32547688
-12.0,0.32539076
-12.01,0.3253046
-12.02,0.32521847
-12.03,0.3251324
-12.040000000000001,0.3250463
-12.05,0.3249603
-12.06,0.32487428
-12.07,0.3247883
-12.08,0.32470235
-12.09,0.32461643
-12.1,0.32453054
-12.11,0.32444465
-12.12,0.32435882
-12.13,0.324273
-12.14,0.32418716
-12.15,0.3241014
-12.16,0.32401568
-12.17,0.32392997
-12.18,0.32384428
-12.19,0.32375863
-12.2,0.323673
-12.21,0.3235874
-12.22,0.32350183
-12.23,0.3234163
-12.24,0.32333076
-12.25,0.32324526
-12.26,0.3231598
-12.27,0.32307437
-12.28,0.322989
-12.290000000000001,0.32290357
-12.3,0.32281822
-12.31,0.32273293
-12.32,0.3226476
-12.33,0.32256234
-12.34,0.3224771
-12.35,0.32239187
-12.36,0.3223067
-12.37,0.32222152
-12.38,0.32213643
-12.39,0.3220513
-12.4,0.32196623
-12.41,0.32188118
-12.42,0.32179618
-12.43,0.32171118
-12.44,0.32162622
-12.45,0.3215413
-12.46,0.32145637
-12.47,0.3213715
-12.48,0.32128665
-12.49,0.32120183
-12.5,0.32111704
-12.51,0.3210323
-12.52,0.32094753
-12.53,0.32086283
-12.540000000000001,0.32077816
-12.55,0.32069352
-12.56,0.32060888
-12.57,0.3205243
-12.58,0.32043976
-12.59,0.3203552
-12.6,0.32027072
-12.61,0.32018626
-12.62,0.32010177
-12.63,0.32001737
-12.64,0.319933
-12.65,0.31984863
-12.66,0.3197643
-12.67,0.31967998
-12.68,0.31959572
-12.69,0.31951144
-12.7,0.31942725
-12.71,0.31934306
-12.72,0.3192589
-12.73,0.3191748
-12.74,0.3190907
-12.75,0.31900662
-12.76,0.31892258
-12.77,0.31883857
-12.78,0.31875458
-12.790000000000001,0.31867066
-12.8,0.31858674
-12.81,0.3185028
-12.82,0.31841898
-12.83,0.31833512
-12.84,0.31825134
-12.85,0.31816754
-12.86,0.3180838
-12.87,0.3180001
-12.88,0.3179164
-12.89,0.31783274
-12.9,0.31774914
-12.91,0.31766552
-12.92,0.31758195
-12.93,0.31749842
-12.94,0.31741494
-12.95,0.31733143
-12.96,0.317248
-12.97,0.31716454
-12.98,0.31708115
-12.99,0.31699783
-13.0,0.3169145
-13.01,0.31683117
-13.02,0.3167479
-13.03,0.31666467
-13.040000000000001,0.3165815
-13.05,0.31649828
-13.06,0.3164151
-13.07,0.31633198
-13.08,0.31624892
-13.09,0.31616586
-13.1,0.31608284
-13.11,0.31599984
-13.12,0.31591684
-13.13,0.31583396
-13.14,0.31575102
-13.15,0.31566817
-13.16,0.31558526
-13.17,0.31550246
-13.18,0.31541967
-13.19,0.31533694
-13.2,0.31525418
-13.21,0.3151715
-13.22,0.31508884
-13.23,0.3150062
-13.24,0.31492358
-13.25,0.31484103
-13.26,0.31475848
-13.27,0.31467596
-13.28,0.3145935
-13.290000000000001,0.314511
-13.3,0.31442863
-13.31,0.3143462
-13.32,0.31426382
-13.33,0.3141815
-13.34,0.3140992
-13.35,0.31401694
-13.36,0.31393474
-13.37,0.3138525
-13.38,0.31377035
-13.39,0.3136882
-13.4,0.31360608
-13.41,0.313524
-13.42,0.31344193
-13.43,0.31335992
-13.44,0.31327796
-13.45,0.31319594
-13.46,0.31311402
-13.47,0.31303212
-13.48,0.31295025
-13.49,0.31286842
-13.5,0.31278664
-13.51,0.31270486
-13.52,0.31262308
-13.53,0.3125414
-13.540000000000001,0.31245974
-13.55,0.31237805
-13.56,0.31229645
-13.57,0.31221485
-13.58,0.3121333
-13.59,0.31205177
-13.6,0.31197026
-13.61,0.31188884
-13.62,0.3118074
-13.63,0.31172597
-13.64,0.3116446
-13.65,0.3115633
-13.66,0.31148198
-13.67,0.3114007
-13.68,0.31131944
-13.69,0.31123823
-13.7,0.31115708
-13.71,0.31107587
-13.72,0.31099477
-13.73,0.3109137
-13.74,0.31083265
-13.75,0.31075162
-13.76,0.31067064
-13.77,0.31058967
-13.78,0.31050876
-13.790000000000001,0.31042784
-13.8,0.310347
-13.81,0.3102661
-13.82,0.31018534
-13.83,0.31010458
-13.84,0.3100238
-13.85,0.3099431
-13.86,0.30986243
-13.87,0.30978182
-13.88,0.30970117
-13.89,0.3096206
-13.9,0.30954006
-13.91,0.30945954
-13.92,0.30937904
-13.93,0.30929857
-13.94,0.30921814
-13.95,0.3091378
-13.96,0.3090574
-13.97,0.3089771
-13.98,0.30889678
-13.99,0.30881652
-14.0,0.3087363
-14.01,0.30865607
-14.02,0.30857593
-14.03,0.3084958
-14.040000000000001,0.3084157
-14.05,0.30833563
-14.06,0.30825555
-14.07,0.30817556
-14.08,0.30809557
-14.09,0.30801564
-14.1,0.3079357
-14.11,0.30785584
-14.12,0.307776
-14.13,0.3076962
-14.14,0.30761638
-14.15,0.30753666
-14.16,0.3074569
-14.17,0.30737725
-14.18,0.3072976
-14.19,0.30721796
-14.2,0.30713835
-14.21,0.3070588
-14.22,0.30697924
-14.23,0.3068998
-14.24,0.30682033
-14.25,0.3067409
-14.26,0.3066615
-14.27,0.3065821
-14.28,0.3065028
-14.290000000000001,0.3064235
-14.3,0.30634418
-14.31,0.30626494
-14.32,0.30618578
-14.33,0.3061066
-14.34,0.30602747
-14.35,0.30594838
-14.36,0.30586928
-14.37,0.30579022
-14.38,0.30571118
-14.39,0.3056322
-14.4,0.3055533
-14.41,0.30547437
-14.42,0.30539548
-14.43,0.30531663
-14.44,0.30523783
-14.45,0.30515903
-14.46,0.3050803
-14.47,0.30500156
-14.48,0.30492288
-14.49,0.3048442
-14.5,0.30476558
-14.51,0.30468702
-14.52,0.30460846
-14.53,0.30452988
-14.540000000000001,0.3044514
-14.55,0.30437294
-14.56,0.3042945
-14.57,0.30421615
-14.58,0.30413777
-14.59,0.30405945
-14.6,0.30398116
-14.61,0.30390286
-14.62,0.30382463
-14.63,0.30374646
-14.64,0.30366826
-14.65,0.30359012
-14.66,0.30351207
-14.67,0.30343398
-14.68,0.30335593
-14.69,0.30327794
-14.7,0.30319995
-14.71,0.303122
-14.72,0.3030441
-14.73,0.3029662
-14.74,0.3028884
-14.75,0.30281058
-14.76,0.30273277
-14.77,0.30265504
-14.78,0.30257732
-14.790000000000001,0.30249965
-14.8,0.30242202
-14.81,0.3023444
-14.82,0.3022668
-14.83,0.30218926
-14.84,0.30211174
-14.85,0.3020343
-14.86,0.30195683
-14.87,0.30187944
-14.88,0.301802
-14.89,0.30172467
-14.9,0.30164737
-14.91,0.30157006
-14.92,0.30149278
-14.93,0.30141562
-14.94,0.30133843
-14.95,0.30126125
-14.96,0.30118412
-14.97,0.30110705
-14.98,0.30103
-14.99,0.30095297
-15.0,0.300876
-15.01,0.30079904
-15.02,0.3007221
-15.03,0.30064523
-15.040000000000001,0.30056837
-15.05,0.30049154
-15.06,0.30041474
-15.07,0.30033797
-15.08,0.30026126
-15.09,0.30018455
-15.1,0.3001079
-15.11,0.30003124
-15.12,0.29995468
-15.13,0.2998781
-15.14,0.29980162
-15.15,0.29972512
-15.16,0.29964864
-15.17,0.2995722
-15.18,0.2994958
-15.19,0.29941946
-15.2,0.29934314
-15.21,0.29926682
-15.22,0.29919055
-15.23,0.29911432
-15.24,0.2990381
-15.25,0.29896194
-15.26,0.29888582
-15.27,0.29880974
-15.28,0.29873365
-15.290000000000001,0.2986576
-15.3,0.2985816
-15.31,0.2985056
-15.32,0.2984297
-15.33,0.2983538
-15.34,0.2982779
-15.35,0.29820207
-15.36,0.29812628
-15.37,0.29805052
-15.38,0.29797477
-15.39,0.2978991
-15.4,0.2978234
-15.41,0.29774773
-15.42,0.29767215
-15.43,0.29759657
-15.44,0.29752102
-15.45,0.29744554
-15.46,0.29737005
-15.47,0.2972946
-15.48,0.2972192
-15.49,0.29714382
-15.5,0.29706848
-15.51,0.29699317
-15.52,0.29691792
-15.53,0.29684263
-15.540000000000001,0.29676744
-15.55,0.29669228
-15.56,0.29661712
-15.57,0.29654202
-15.58,0.29646692
-15.59,0.2963919
-15.6,0.2963169
-15.61,0.29624194
-15.620000000000001,0.296167
-15.63,0.29609203
-15.64,0.29601714
-15.65,0.29594237
-15.66,0.29586753
-15.67,0.29579273
-15.68,0.29571798
-15.69,0.2956433
-15.7,0.29556862
-15.71,0.29549396
-15.72,0.29541937
-15.73,0.29534477
-15.74,0.2952702
-15.75,0.2951957
-15.76,0.29512122
-15.77,0.29504678
-15.78,0.2949724
-15.790000000000001,0.29489797
-15.8,0.29482362
-15.81,0.2947493
-15.82,0.29467502
-15.83,0.29460078
-15.84,0.29452658
-15.85,0.29445237
-15.86,0.29437825
-15.870000000000001,0.29430416
-15.88,0.29423004
-15.89,0.294156
-15.9,0.29408196
-15.91,0.29400796
-15.92,0.29393405
-15.93,0.29386014
-15.94,0.29378623
-15.95,0.29371238
-15.96,0.29363856
-15.97,0.29356474
-15.98,0.293491
-15.99,0.2934173
-16.0,0.2933436
-16.01,0.29326996
-16.020000000000003,0.29319638
-16.03,0.29312274
-16.040000000000003,0.2930492
-16.05,0.2929757
-16.060000000000002,0.29290217
-16.07,0.29282877
-16.080000000000002,0.29275528
-16.090000000000003,0.29268193
-16.1,0.2926086
-16.110000000000003,0.29253525
-16.12,0.29246196
-16.130000000000003,0.29238874
-16.14,0.29231548
-16.150000000000002,0.2922423
-16.16,0.29216915
-16.17,0.29209602
-16.180000000000003,0.29202294
-16.19,0.29194987
-16.200000000000003,0.29187685
-16.21,0.2918039
-16.220000000000002,0.2917309
-16.23,0.29165804
-16.240000000000002,0.2915851
-16.250000000000004,0.29151225
-16.26,0.2914394
-16.270000000000003,0.2913666
-16.28,0.29129386
-16.290000000000003,0.29122114
-16.3,0.29114845
-16.310000000000002,0.29107577
-16.32,0.29100314
-16.330000000000002,0.29093057
-16.340000000000003,0.29085797
-16.35,0.29078543
-16.360000000000003,0.290713
-16.37,0.29064053
-16.380000000000003,0.2905681
-16.39,0.29049566
-16.400000000000002,0.29042333
-16.41,0.29035103
-16.42,0.2902787
-16.430000000000003,0.29020643
-16.44,0.29013422
-16.450000000000003,0.290062
-16.46,0.28998986
-16.470000000000002,0.28991774
-16.48,0.28984562
-16.490000000000002,0.28977358
-16.500000000000004,0.2897015
-16.51,0.28962958
-16.520000000000003,0.28955758
-16.53,0.28948563
-16.540000000000003,0.28941375
-16.55,0.28934187
-16.560000000000002,0.28927004
-16.57,0.28919825
-16.580000000000002,0.28912652
-16.590000000000003,0.28905475
-16.6,0.28898305
-16.610000000000003,0.28891134
-16.62,0.28883973
-16.630000000000003,0.28876817
-16.64,0.2886966
-16.650000000000002,0.28862506
-16.66,0.28855354
-16.67,0.28848207
-16.680000000000003,0.28841066
-16.69,0.28833923
-16.700000000000003,0.28826782
-16.71,0.28819653
-16.720000000000002,0.28812525
-16.73,0.28805396
-16.740000000000002,0.2879827
-16.750000000000004,0.2879115
-16.76,0.2878403
-16.770000000000003,0.28776917
-16.78,0.2876981
-16.790000000000003,0.28762698
-16.8,0.28755596
-16.810000000000002,0.28748497
-16.82,0.28741398
-16.830000000000002,0.28734303
-16.840000000000003,0.28727216
-16.85,0.28720123
-16.860000000000003,0.28713042
-16.87,0.28705958
-16.880000000000003,0.28698885
-16.89,0.28691807
-16.900000000000002,0.28684735
-16.91,0.28677666
-16.92,0.28670603
-16.930000000000003,0.28663546
-16.94,0.28656486
-16.950000000000003,0.28649428
-16.96,0.28642377
-16.970000000000002,0.2863533
-16.98,0.28628284
-16.990000000000002,0.28621244
-17.000000000000004,0.28614205
-17.01,0.2860717
-17.020000000000003,0.28600138
-17.03,0.2859311
-17.040000000000003,0.28586087
-17.05,0.28579065
-17.060000000000002,0.28572044
-17.07,0.28565025
-17.080000000000002,0.28558016
-17.090000000000003,0.28551006
-17.1,0.28544
-17.110000000000003,0.28537
-17.12,0.2853
-17.130000000000003,0.28523007
-17.14,0.28516015
-17.150000000000002,0.28509024
-17.160000000000004,0.28502035
-17.17,0.28495058
-17.180000000000003,0.2848808
-17.19,0.28481102
-17.200000000000003,0.2847413
-17.21,0.28467155
-17.220000000000002,0.28460196
-17.23,0.2845323
-17.240000000000002,0.28446272
-17.250000000000004,0.28439316
-17.26,0.28432363
-17.270000000000003,0.2842541
-17.28,0.28418463
-17.290000000000003,0.28411523
-17.3,0.28404582
-17.310000000000002,0.28397647
-17.32,0.28390712
-17.330000000000002,0.28383783
-17.340000000000003,0.28376856
-17.35,0.2836993
-17.360000000000003,0.2836301
-17.37,0.28356093
-17.380000000000003,0.2834918
-17.39,0.2834227
-17.400000000000002,0.28335363
-17.410000000000004,0.28328457
-17.42,0.28321558
-17.430000000000003,0.2831466
-17.44,0.28307766
-17.450000000000003,0.28300878
-17.46,0.28293988
-17.470000000000002,0.28287104
-17.48,0.28280222
-17.490000000000002,0.28273344
-17.500000000000004,0.28266472
-17.51,0.28259596
-17.520000000000003,0.28252727
-17.53,0.28245863
-17.540000000000003,0.28239006
-17.55,0.28232142
-17.560000000000002,0.2822529
-17.57,0.2821844
-17.580000000000002,0.28211594
-17.590000000000003,0.28204745
-17.6,0.28197902
-17.610000000000003,0.28191066
-17.62,0.2818423
-17.630000000000003,0.28177398
-17.64,0.28170568
-17.650000000000002,0.28163743
-17.660000000000004,0.28156918
-17.67,0.28150102
-17.680000000000003,0.28143287
-17.69,0.28136474
-17.700000000000003,0.28129664
-17.71,0.28122857
-17.720000000000002,0.2811605
-17.73,0.2810925
-17.740000000000002,0.28102458
-17.750000000000004,0.2809566
-17.76,0.2808887
-17.770000000000003,0.28082088
-17.78,0.280753
-17.790000000000003,0.28068522
-17.8,0.28061745
-17.810000000000002,0.28054973
-17.82,0.280482
-17.830000000000002,0.2804143
-17.840000000000003,0.2803467
-17.85,0.2802791
-17.860000000000003,0.28021148
-17.87,0.28014395
-17.880000000000003,0.28007644
-17.89,0.28000894
-17.900000000000002,0.2799415
-17.910000000000004,0.2798741
-17.92,0.27980676
-17.930000000000003,0.2797394
-17.94,0.27967203
-17.950000000000003,0.27960476
-17.96,0.2795375
-17.970000000000002,0.2794703
-17.98,0.2794031
-17.990000000000002,0.27933595
-18.000000000000004,0.2792688
-18.01,0.27920172
-18.020000000000003,0.27913466
-18.03,0.2790676
-18.040000000000003,0.2790006
-18.05,0.27893367
-18.060000000000002,0.27886674
-18.07,0.27879983
-18.080000000000002,0.27873296
-18.090000000000003,0.2786661
-18.1,0.2785993
-18.110000000000003,0.27853256
-18.12,0.27846578
-18.130000000000003,0.2783991
-18.14,0.2783324
-18.150000000000002,0.2782658
-18.160000000000004,0.2781992
-18.17,0.2781326
-18.180000000000003,0.27806604
-18.19,0.27799952
-18.200000000000003,0.27793303
-18.21,0.2778666
-18.220000000000002,0.27780017
-18.23,0.27773383
-18.240000000000002,0.27766743
-18.250000000000004,0.2776011
-18.26,0.2775348
-18.270000000000003,0.27746853
-18.28,0.2774023
-18.290000000000003,0.27733612
-18.3,0.27727
-18.310000000000002,0.27720386
-18.32,0.27713773
-18.330000000000002,0.27707168
-18.340000000000003,0.27700567
-18.35,0.27693963
-18.360000000000003,0.27687368
-18.37,0.2768077
-18.380000000000003,0.2767418
-18.39,0.27667594
-18.400000000000002,0.2766101
-18.410000000000004,0.2765443
-18.42,0.2764785
-18.430000000000003,0.27641276
-18.44,0.27634704
-18.450000000000003,0.27628136
-18.46,0.27621573
-18.470000000000002,0.2761501
-18.48,0.27608454
-18.490000000000002,0.27601892
-18.500000000000004,0.2759534
-18.51,0.2758879
-18.520000000000003,0.27582246
-18.53,0.27575707
-18.540000000000003,0.27569163
-18.55,0.27562627
-18.560000000000002,0.27556092
-18.57,0.27549565
-18.580000000000002,0.2754304
-18.590000000000003,0.2753651
-18.6,0.27529994
-18.610000000000003,0.2752348
-18.62,0.27516958
-18.630000000000003,0.2751045
-18.64,0.2750394
-18.650000000000002,0.27497435
-18.660000000000004,0.27490935
-18.67,0.27484435
-18.680000000000003,0.27477938
-18.69,0.27471447
-18.700000000000003,0.2746496
-18.71,0.27458477
-18.720000000000002,0.27451986
-18.73,0.27445507
-18.740000000000002,0.27439037
-18.750000000000004,0.27432558
-18.76,0.27426094
-18.770000000000003,0.2741962
-18.78,0.2741316
-18.790000000000003,0.27406695
-18.8,0.27400243
-18.810000000000002,0.27393788
-18.82,0.27387336
-18.830000000000002,0.27380887
-18.840000000000003,0.2737444
-18.85,0.27368
-18.860000000000003,0.27361563
-18.87,0.2735513
-18.880000000000003,0.27348694
-18.89,0.27342266
-18.900000000000002,0.27335837
-18.910000000000004,0.27329415
-18.92,0.27322996
-18.930000000000003,0.2731658
-18.94,0.27310163
-18.950000000000003,0.27303758
-18.96,0.27297348
-18.970000000000002,0.2729094
-18.98,0.27284542
-18.990000000000002,0.27278146
-19.000000000000004,0.2727175
-19.01,0.27265358
-19.020000000000003,0.2725897
-19.03,0.27252588
-19.040000000000003,0.27246198
-19.05,0.27239823
-19.060000000000002,0.2723345
-19.07,0.27227077
-19.080000000000002,0.27220702
-19.090000000000003,0.27214336
-19.1,0.27207977
-19.110000000000003,0.27201614
-19.12,0.27195254
-19.130000000000003,0.27188903
-19.14,0.2718255
-19.150000000000002,0.27176207
-19.160000000000004,0.2716986
-19.17,0.27163517
-19.180000000000003,0.2715718
-19.19,0.27150846
-19.200000000000003,0.2714451
-19.21,0.27138183
-19.220000000000002,0.27131858
-19.23,0.27125534
-19.240000000000002,0.27119213
-19.250000000000004,0.27112895
-19.26,0.27106586
-19.270000000000003,0.27100274
-19.28,0.27093965
-19.290000000000003,0.2708766
-19.3,0.27081358
-19.310000000000002,0.27075058
-19.32,0.27068764
-19.330000000000002,0.27062473
-19.340000000000003,0.27056184
-19.35,0.270499
-19.360000000000003,0.27043617
-19.37,0.27037334
-19.380000000000003,0.27031058
-19.39,0.27024788
-19.400000000000002,0.27018517
-19.410000000000004,0.2701225
-19.42,0.27005982
-19.430000000000003,0.2699972
-19.44,0.26993468
-19.450000000000003,0.26987207
-19.46,0.26980957
-19.470000000000002,0.26974708
-19.48,0.2696846
-19.490000000000002,0.26962224
-19.500000000000004,0.2695598
-19.51,0.26949745
-19.520000000000003,0.26943514
-19.53,0.26937282
-19.540000000000003,0.26931056
-19.55,0.26924828
-19.560000000000002,0.26918608
-19.57,0.2691239
-19.580000000000002,0.26906174
-19.590000000000003,0.2689996
-19.6,0.26893756
-19.610000000000003,0.2688755
-19.62,0.26881343
-19.630000000000003,0.26875147
-19.64,0.26868948
-19.650000000000002,0.26862755
-19.660000000000004,0.26856565
-19.67,0.2685038
-19.680000000000003,0.26844195
-19.69,0.2683801
-19.700000000000003,0.26831836
-19.71,0.2682566
-19.720000000000002,0.2681949
-19.73,0.26813322
-19.740000000000002,0.2680715
-19.750000000000004,0.2680099
-19.76,0.26794833
-19.770000000000003,0.26788676
-19.78,0.2678252
-19.790000000000003,0.26776367
-19.8,0.2677022
-19.810000000000002,0.26764077
-19.82,0.26757932
-19.830000000000002,0.26751798
-19.840000000000003,0.26745656
-19.85,0.26739526
-19.860000000000003,0.26733398
-19.87,0.2672727
-19.880000000000003,0.2672115
-19.89,0.26715028
-19.900000000000002,0.2670891
-19.910000000000004,0.26702794
-19.92,0.26696685
-19.930000000000003,0.2669058
-19.94,0.26684472
-19.950000000000003,0.26678368
-19.96,0.26672268
-19.970000000000002,0.26666173
-19.98,0.2666008
-19.990000000000002,0.2665399
-20.000000000000004,0.26647907
-20.01,0.2664182
-20.020000000000003,0.26635736
-20.03,0.2662966
-20.040000000000003,0.26623586
-20.05,0.26617512
-20.060000000000002,0.26611447
-20.07,0.2660538
-20.080000000000002,0.26599315
-20.090000000000003,0.2659326
-20.1,0.26587194
-20.110000000000003,0.26581144
-20.12,0.26575094
-20.130000000000003,0.26569048
-20.14,0.26562998
-20.150000000000002,0.2655696
-20.160000000000004,0.2655092
-20.17,0.26544884
-20.180000000000003,0.26538852
-20.19,0.2653282
-20.200000000000003,0.26526794
-20.21,0.26520768
-20.220000000000002,0.26514748
-20.23,0.2650873
-20.240000000000002,0.26502717
-20.250000000000004,0.26496702
-20.26,0.26490697
-20.270000000000003,0.26484686
-20.28,0.26478687
-20.290000000000003,0.26472688
-20.3,0.2646669
-20.310000000000002,0.26460695
-20.32,0.26454702
-20.330000000000002,0.26448712
-20.340000000000003,0.2644273
-20.35,0.2643675
-20.360000000000003,0.2643077
-20.37,0.26424792
-20.380000000000003,0.2641882
-20.39,0.26412848
-20.400000000000002,0.26406884
-20.410000000000004,0.26400918
-20.42,0.26394957
-20.430000000000003,0.26389
-20.44,0.26383042
-20.450000000000003,0.2637709
-20.46,0.26371142
-20.470000000000002,0.26365194
-20.48,0.26359254
-20.490000000000002,0.26353312
-20.500000000000004,0.26347372
-20.51,0.26341438
-20.520000000000003,0.26335508
-20.53,0.2632958
-20.540000000000003,0.26323652
-20.55,0.2631773
-20.560000000000002,0.2631181
-20.57,0.26305896
-20.580000000000002,0.26299974
-20.590000000000003,0.26294068
-20.6,0.2628816
-20.610000000000003,0.2628225
-20.62,0.26276353
-20.630000000000003,0.26270452
-20.64,0.26264554
-20.650000000000002,0.26258662
-20.660000000000004,0.26252773
-20.67,0.26246887
-20.680000000000003,0.26241
-20.69,0.26235116
-20.700000000000003,0.26229241
-20.71,0.26223364
-20.720000000000002,0.2621749
-20.73,0.26211625
-20.740000000000002,0.26205754
-20.750000000000004,0.26199892
-20.76,0.2619403
-20.770000000000003,0.2618817
-20.78,0.26182318
-20.790000000000003,0.26176465
-20.8,0.26170614
-20.810000000000002,0.2616477
-20.82,0.26158923
-20.830000000000002,0.26153082
-20.840000000000003,0.26147246
-20.85,0.26141414
-20.860000000000003,0.26135582
-20.87,0.2612975
-20.880000000000003,0.26123923
-20.89,0.261181
-20.900000000000002,0.26112285
-20.910000000000004,0.26106465
-20.92,0.26100647
-20.930000000000003,0.2609484
-20.94,0.26089033
-20.950000000000003,0.26083222
-20.96,0.26077422
-20.970000000000002,0.2607162
-20.98,0.26065826
-20.990000000000002,0.2606003
-21.000000000000004,0.26054236
-21.01,0.2604845
-21.020000000000003,0.26042664
-21.03,0.2603688
-21.040000000000003,0.26031104
-21.05,0.26025328
-21.060000000000002,0.26019555
-21.07,0.2601378
-21.080000000000002,0.26008013
-21.090000000000003,0.2600225
-21.1,0.25996485
-21.110000000000003,0.25990728
-21.12,0.2598497
-21.130000000000003,0.25979215
-21.14,0.25973466
-21.150000000000002,0.25967717
-21.160000000000004,0.25961974
-21.17,0.25956228
-21.180000000000003,0.2595049
-21.19,0.25944752
-21.200000000000003,0.2593902
-21.21,0.2593329
-21.220000000000002,0.25927562
-21.23,0.25921842
-21.240000000000002,0.25916117
-21.250000000000004,0.25910395
-21.26,0.2590468
-21.270000000000003,0.25898966
-21.28,0.25893253
-21.290000000000003,0.2588755
-21.3,0.25881842
-21.310000000000002,0.25876144
-21.32,0.25870442
-21.330000000000002,0.25864747
-21.340000000000003,0.25859055
-21.35,0.25853363
-21.360000000000003,0.25847673
-21.37,0.2584199
-21.380000000000003,0.2583631
-21.39,0.2583063
-21.400000000000002,0.25824952
-21.410000000000004,0.2581928
-21.42,0.2581361
-21.430000000000003,0.25807938
-21.44,0.25802276
-21.450000000000003,0.25796613
-21.46,0.25790957
-21.470000000000002,0.257853
-21.48,0.2577964
-21.490000000000002,0.25773993
-21.500000000000004,0.25768346
-21.51,0.25762698
-21.520000000000003,0.25757056
-21.53,0.25751415
-21.540000000000003,0.2574578
-21.55,0.25740147
-21.560000000000002,0.25734514
-21.57,0.25728887
-21.580000000000002,0.2572326
-21.590000000000003,0.2571764
-21.6,0.25712022
-21.610000000000003,0.25706404
-21.62,0.25700793
-21.630000000000003,0.25695184
-21.64,0.25689572
-21.650000000000002,0.25683963
-21.660000000000004,0.25678363
-21.67,0.2567276
-21.680000000000003,0.25667164
-21.69,0.2566157
-21.700000000000003,0.2565598
-21.71,0.25650388
-21.720000000000002,0.25644806
-21.73,0.2563922
-21.740000000000002,0.25633642
-21.750000000000004,0.25628063
-21.76,0.25622487
-21.770000000000003,0.25616917
-21.78,0.25611347
-21.790000000000003,0.25605783
-21.8,0.2560022
-21.810000000000002,0.25594655
-21.82,0.255891
-21.830000000000002,0.2558354
-21.840000000000003,0.2557799
-21.85,0.2557244
-21.860000000000003,0.25566894
-21.87,0.2556135
-21.880000000000003,0.25555807
-21.89,0.2555027
-21.900000000000002,0.25544733
-21.910000000000004,0.25539204
-21.92,0.25533676
-21.930000000000003,0.25528145
-21.94,0.2552262
-21.950000000000003,0.25517097
-21.96,0.25511578
-21.970000000000002,0.25506064
-21.98,0.2550055
-21.990000000000002,0.2549504
-22.000000000000004,0.2548953
-22.01,0.25484025
-22.020000000000003,0.2547852
-22.03,0.25473025
-22.040000000000003,0.25467527
-22.05,0.2546203
-22.060000000000002,0.25456542
-22.07,0.25451052
-22.080000000000002,0.25445566
-22.090000000000003,0.25440082
-22.1,0.25434604
-22.110000000000003,0.25429127
-22.12,0.25423652
-22.130000000000003,0.25418177
-22.14,0.2541271
-22.150000000000002,0.25407243
-22.160000000000004,0.25401777
-22.17,0.25396314
-22.180000000000003,0.2539086
-22.19,0.25385404
-22.200000000000003,0.2537995
-22.21,0.25374505
-22.220000000000002,0.2536905
-22.23,0.25363606
-22.240000000000002,0.25358167
-22.250000000000004,0.25352728
-22.26,0.25347286
-22.270000000000003,0.25341856
-22.28,0.25336426
-22.290000000000003,0.25330997
-22.3,0.25325575
-22.310000000000002,0.25320148
-22.32,0.2531473
-22.330000000000002,0.25309315
-22.340000000000003,0.25303897
-22.35,0.25298485
-22.360000000000003,0.25293073
-22.37,0.2528767
-22.380000000000003,0.25282267
-22.39,0.25276867
-22.400000000000002,0.25271466
-22.410000000000004,0.25266072
-22.42,0.2526068
-22.430000000000003,0.25255287
-22.44,0.25249898
-22.450000000000003,0.25244516
-22.46,0.25239134
-22.470000000000002,0.25233752
-22.48,0.25228378
-22.490000000000002,0.25223
-22.500000000000004,0.2521763
-22.51,0.25212258
-22.520000000000003,0.25206894
-22.53,0.25201535
-22.540000000000003,0.2519617
-22.55,0.25190815
-22.560000000000002,0.2518546
-22.57,0.25180104
-22.580000000000002,0.25174758
-22.590000000000003,0.2516941
-22.6,0.25164068
-22.610000000000003,0.2515872
-22.62,0.2515339
-22.630000000000003,0.2514805
-22.64,0.25142714
-22.650000000000002,0.25137386
-22.660000000000004,0.2513206
-22.67,0.25126734
-22.680000000000003,0.25121412
-22.69,0.2511609
-22.700000000000003,0.2511077
-22.71,0.25105458
-22.720000000000002,0.25100145
-22.73,0.2509483
-22.740000000000002,0.25089526
-22.750000000000004,0.25084227
-22.76,0.25078923
-22.770000000000003,0.2507362
-22.78,0.25068328
-22.790000000000003,0.25063032
-22.8,0.25057748
-22.810000000000002,0.25052452
-22.82,0.25047168
-22.830000000000002,0.25041887
-22.840000000000003,0.25036606
-22.85,0.25031325
-22.860000000000003,0.2502605
-22.87,0.25020778
-22.880000000000003,0.2501551
-22.89,0.25010246
-22.900000000000002,0.2500498
-22.910000000000004,0.24999717
-22.92,0.2499446
-22.930000000000003,0.24989204
-22.94,0.24983951
-22.950000000000003,0.249787
-22.96,0.2497345
-22.970000000000002,0.24968207
-22.98,0.2496296
-22.990000000000002,0.2495772
-23.000000000000004,0.24952482
-23.01,0.24947245
-23.020000000000003,0.24942015
-23.03,0.24936782
-23.040000000000003,0.24931557
-23.05,0.24926332
-23.060000000000002,0.24921107
-23.07,0.24915892
-23.080000000000002,0.24910675
-23.090000000000003,0.24905461
-23.1,0.24900246
-23.110000000000003,0.24895039
-23.12,0.2488983
-23.130000000000003,0.24884628
-23.14,0.24879426
-23.150000000000002,0.24874225
-23.160000000000004,0.24869029
-23.17,0.24863836
-23.180000000000003,0.24858646
-23.19,0.24853459
-23.200000000000003,0.24848275
-23.21,0.24843091
-23.220000000000002,0.24837913
-23.23,0.24832733
-23.240000000000002,0.24827556
-23.250000000000004,0.24822387
-23.26,0.24817218
-23.270000000000003,0.24812047
-23.28,0.24806885
-23.290000000000003,0.2480172
-23.3,0.2479656
-23.310000000000002,0.24791406
-23.32,0.24786249
-23.330000000000002,0.24781099
-23.340000000000003,0.24775949
-23.35,0.24770804
-23.360000000000003,0.24765661
-23.37,0.24760516
-23.380000000000003,0.24755381
-23.39,0.24750239
-23.400000000000002,0.24745108
-23.410000000000004,0.24739979
-23.42,0.24734849
-23.430000000000003,0.24729721
-23.44,0.247246
-23.450000000000003,0.2471948
-23.46,0.24714361
-23.470000000000002,0.24709246
-23.48,0.24704129
-23.490000000000002,0.2469902
-23.500000000000004,0.24693915
-23.51,0.2468881
-23.520000000000003,0.246837
-23.53,0.24678603
-23.540000000000003,0.24673507
-23.55,0.24668412
-23.560000000000002,0.2466332
-23.57,0.24658228
-23.580000000000002,0.24653143
-23.590000000000003,0.24648058
-23.6,0.24642973
-23.610000000000003,0.24637894
-23.62,0.2463282
-23.630000000000003,0.24627744
-23.64,0.24622671
-23.650000000000002,0.246176
-23.660000000000004,0.24612537
-23.67,0.24607469
-23.680000000000003,0.24602407
-23.69,0.24597351
-23.700000000000003,0.24592295
-23.71,0.24587236
-23.720000000000002,0.24582183
-23.73,0.24577138
-23.740000000000002,0.2457209
-23.750000000000004,0.24567048
-23.76,0.24562004
-23.770000000000003,0.24556963
-23.78,0.24551928
-23.790000000000003,0.24546893
-23.8,0.24541865
-23.810000000000002,0.24536836
-23.82,0.2453181
-23.830000000000002,0.24526782
-23.840000000000003,0.2452176
-23.85,0.24516743
-23.860000000000003,0.24511725
-23.87,0.2450671
-23.880000000000003,0.24501704
-23.89,0.24496694
-23.900000000000002,0.24491687
-23.910000000000004,0.2448668
-23.92,0.24481682
-23.930000000000003,0.24476682
-23.94,0.24471688
-23.950000000000003,0.24466693
-23.96,0.24461702
-23.970000000000002,0.24456714
-23.98,0.24451725
-23.990000000000002,0.24446745
-24.000000000000004,0.24441762
-24.01,0.24436784
-24.020000000000003,0.24431807
-24.03,0.2442683
-24.040000000000003,0.24421862
-24.05,0.24416897
-24.060000000000002,0.24411926
-24.070000000000004,0.24406959
-24.080000000000002,0.24402002
-24.090000000000003,0.24397041
-24.1,0.24392088
-24.110000000000003,0.24387136
-24.12,0.24382178
-24.130000000000003,0.24377233
-24.14,0.24372286
-24.150000000000002,0.24367343
-24.160000000000004,0.24362406
-24.17,0.24357463
-24.180000000000003,0.24352527
-24.19,0.24347591
-24.200000000000003,0.24342659
-24.21,0.2433773
-24.220000000000002,0.24332805
-24.23,0.24327882
-24.240000000000002,0.24322957
-24.250000000000004,0.2431804
-24.26,0.24313122
-24.270000000000003,0.24308208
-24.28,0.24303296
-24.290000000000003,0.24298383
-24.3,0.2429348
-24.310000000000002,0.24288578
-24.320000000000004,0.24283671
-24.330000000000002,0.24278773
-24.340000000000003,0.24273875
-24.35,0.24268982
-24.360000000000003,0.24264091
-24.37,0.24259199
-24.380000000000003,0.24254313
-24.39,0.24249429
-24.400000000000002,0.24244548
-24.410000000000004,0.24239668
-24.42,0.2423479
-24.430000000000003,0.24229917
-24.44,0.24225038
-24.450000000000003,0.24220172
-24.46,0.24215305
-24.470000000000002,0.24210438
-24.48,0.24205579
-24.490000000000002,0.24200717
-24.500000000000004,0.24195859
-24.51,0.24191001
-24.520000000000003,0.2418615
-24.53,0.24181299
-24.540000000000003,0.24176452
-24.55,0.24171604
-24.560000000000002,0.24166757
-24.570000000000004,0.24161923
-24.580000000000002,0.24157082
-24.590000000000003,0.24152246
-24.6,0.24147412
-24.610000000000003,0.24142584
-24.62,0.24137755
-24.630000000000003,0.24132928
-24.64,0.24128106
-24.650000000000002,0.2412328
-24.660000000000004,0.24118459
-24.67,0.24113645
-24.680000000000003,0.24108832
-24.69,0.24104017
-24.700000000000003,0.24099208
-24.71,0.24094403
-24.720000000000002,0.24089597
-24.73,0.24084793
-24.740000000000002,0.24079992
-24.750000000000004,0.240752
-24.76,0.24070403
-24.770000000000003,0.2406561
-24.78,0.24060819
-24.790000000000003,0.24056031
-24.8,0.24051246
-24.810000000000002,0.24046464
-24.820000000000004,0.24041684
-24.830000000000002,0.24036902
-24.840000000000003,0.24032128
-24.85,0.24027358
-24.860000000000003,0.24022582
-24.87,0.24017814
-24.880000000000003,0.24013048
-24.89,0.24008286
-24.900000000000002,0.24003524
-24.910000000000004,0.23998767
-24.92,0.23994005
-24.930000000000003,0.23989253
-24.94,0.239845
-24.950000000000003,0.2397975
-24.96,0.23975001
-24.970000000000002,0.23970261
-24.98,0.23965515
-24.990000000000002,0.23960775
-25.000000000000004,0.2395604
-25.01,0.239513
-25.020000000000003,0.23946567
-25.03,0.23941839
-25.040000000000003,0.23937108
-25.05,0.23932385
-25.060000000000002,0.23927663
-25.070000000000004,0.23922938
-25.080000000000002,0.23918217
-25.090000000000003,0.23913504
-25.1,0.23908785
-25.110000000000003,0.23904075
-25.12,0.23899366
-25.130000000000003,0.23894657
-25.14,0.23889953
-25.150000000000002,0.2388525
-25.160000000000004,0.2388055
-25.17,0.23875856
-25.180000000000003,0.2387116
-25.19,0.23866467
-25.200000000000003,0.23861775
-25.21,0.23857087
-25.220000000000002,0.23852402
-25.23,0.23847719
-25.240000000000002,0.23843038
-25.250000000000004,0.23838355
-25.26,0.23833677
-25.270000000000003,0.23829004
-25.28,0.23824333
-25.290000000000003,0.23819664
-25.3,0.23814996
-25.310000000000002,0.23810329
-25.320000000000004,0.23805667
-25.330000000000002,0.23801005
-25.340000000000003,0.23796347
-25.35,0.23791695
-25.360000000000003,0.2378704
-25.37,0.23782389
-25.380000000000003,0.23777738
-25.39,0.2377309
-25.400000000000002,0.23768449
-25.410000000000004,0.23763806
-25.42,0.23759168
-25.430000000000003,0.2375453
-25.44,0.23749897
-25.450000000000003,0.23745261
-25.46,0.23740633
-25.470000000000002,0.23736008
-25.48,0.23731379
-25.490000000000002,0.23726755
-25.500000000000004,0.23722133
-25.51,0.23717514
-25.520000000000003,0.23712897
-25.53,0.23708285
-25.540000000000003,0.23703672
-25.55,0.23699066
-25.560000000000002,0.23694456
-25.570000000000004,0.23689848
-25.580000000000002,0.2368525
-25.590000000000003,0.2368065
-25.6,0.23676051
-25.610000000000003,0.2367145
-25.62,0.23666859
-25.630000000000003,0.2366227
-25.64,0.2365768
-25.650000000000002,0.23653096
-25.660000000000004,0.23648512
-25.67,0.23643926
-25.680000000000003,0.2363935
-25.69,0.23634768
-25.700000000000003,0.23630193
-25.71,0.23625623
-25.720000000000002,0.23621051
-25.73,0.23616478
-25.740000000000002,0.23611918
-25.750000000000004,0.23607352
-25.76,0.2360279
-25.770000000000003,0.23598231
-25.78,0.23593675
-25.790000000000003,0.23589122
-25.8,0.23584566
-25.810000000000002,0.23580016
-25.820000000000004,0.2357547
-25.830000000000002,0.23570926
-25.840000000000003,0.2356638
-25.85,0.23561838
-25.860000000000003,0.235573
-25.87,0.23552763
-25.880000000000003,0.2354823
-25.89,0.23543695
-25.900000000000002,0.23539165
-25.910000000000004,0.23534633
-25.92,0.23530114
-25.930000000000003,0.23525593
-25.94,0.23521069
-25.950000000000003,0.23516549
-25.96,0.23512033
-25.970000000000002,0.23507518
-25.98,0.23503006
-25.990000000000002,0.23498495
-26.000000000000004,0.23493986
-26.01,0.2348948
-26.020000000000003,0.23484981
-26.03,0.23480478
-26.040000000000003,0.2347598
-26.05,0.23471487
-26.060000000000002,0.2346699
-26.070000000000004,0.23462497
-26.080000000000002,0.2345801
-26.090000000000003,0.23453523
-26.1,0.2344904
-26.110000000000003,0.23444553
-26.12,0.23440072
-26.130000000000003,0.234356
-26.14,0.23431115
-26.150000000000002,0.23426643
-26.160000000000004,0.23422168
-26.17,0.23417702
-26.180000000000003,0.23413233
-26.19,0.23408769
-26.200000000000003,0.23404309
-26.21,0.23399849
-26.220000000000002,0.23395391
-26.23,0.23390932
-26.240000000000002,0.23386474
-26.250000000000004,0.23382024
-26.26,0.23377573
-26.270000000000003,0.23373124
-26.28,0.2336868
-26.290000000000003,0.23364243
-26.3,0.233598
-26.310000000000002,0.23355362
-26.320000000000004,0.2335092
-26.330000000000002,0.23346487
-26.340000000000003,0.23342054
-26.35,0.23337623
-26.360000000000003,0.233332
-26.37,0.23328775
-26.380000000000003,0.23324351
-26.39,0.2331993
-26.400000000000002,0.2331551
-26.410000000000004,0.23311095
-26.42,0.23306683
-26.430000000000003,0.23302267
-26.44,0.23297858
-26.450000000000003,0.2329345
-26.46,0.23289043
-26.470000000000002,0.2328464
-26.48,0.23280236
-26.490000000000002,0.2327584
-26.500000000000004,0.23271441
-26.51,0.23267049
-26.520000000000003,0.23262651
-26.53,0.23258264
-26.540000000000003,0.23253874
-26.55,0.23249489
-26.560000000000002,0.23245104
-26.570000000000004,0.23240724
-26.580000000000002,0.23236342
-26.590000000000003,0.23231965
-26.6,0.23227593
-26.610000000000003,0.23223218
-26.62,0.23218843
-26.630000000000003,0.23214477
-26.64,0.2321011
-26.650000000000002,0.23205744
-26.660000000000004,0.23201384
-26.67,0.23197025
-26.680000000000003,0.23192662
-26.69,0.23188306
-26.700000000000003,0.23183954
-26.71,0.23179603
-26.720000000000002,0.23175254
-26.73,0.23170906
-26.740000000000002,0.23166561
-26.750000000000004,0.23162216
-26.76,0.23157872
-26.770000000000003,0.23153535
-26.78,0.231492
-26.790000000000003,0.23144867
-26.8,0.23140535
-26.810000000000002,0.23136206
-26.820000000000004,0.23131876
-26.830000000000002,0.23127548
-26.840000000000003,0.23123224
-26.85,0.231189
-26.860000000000003,0.23114581
-26.87,0.23110263
-26.880000000000003,0.23105954
-26.89,0.2310164
-26.900000000000002,0.23097326
-26.910000000000004,0.23093018
-26.92,0.2308871
-26.930000000000003,0.23084405
-26.94,0.23080103
-26.950000000000003,0.23075803
-26.96,0.23071504
-26.970000000000002,0.23067208
-26.98,0.23062915
-26.990000000000002,0.23058623
-27.000000000000004,0.23054333
-27.01,0.23050043
-27.020000000000003,0.23045757
-27.03,0.23041473
-27.040000000000003,0.23037195
-27.05,0.23032919
-27.060000000000002,0.23028639
-27.070000000000004,0.23024364
-27.080000000000002,0.2302009
-27.090000000000003,0.23015818
-27.1,0.23011547
-27.110000000000003,0.23007284
-27.12,0.23003018
-27.130000000000003,0.22998758
-27.14,0.22994499
-27.150000000000002,0.2299024
-27.160000000000004,0.22985983
-27.17,0.22981729
-27.180000000000003,0.22977479
-27.19,0.22973228
-27.200000000000003,0.22968978
-27.21,0.22964732
-27.220000000000002,0.22960491
-27.23,0.22956246
-27.240000000000002,0.22952008
-27.250000000000004,0.22947772
-27.26,0.22943534
-27.270000000000003,0.229393
-27.28,0.22935069
-27.290000000000003,0.22930843
-27.3,0.22926618
-27.310000000000002,0.22922392
-27.320000000000004,0.22918168
-27.330000000000002,0.22913948
-27.340000000000003,0.2290973
-27.35,0.2290551
-27.360000000000003,0.22901297
-27.37,0.22897089
-27.380000000000003,0.22892877
-27.39,0.22888668
-27.400000000000002,0.22884461
-27.410000000000004,0.22880259
-27.42,0.22876056
-27.430000000000003,0.22871853
-27.44,0.22867654
-27.450000000000003,0.2286346
-27.46,0.22859268
-27.470000000000002,0.22855076
-27.48,0.22850883
-27.490000000000002,0.22846699
-27.500000000000004,0.2284251
-27.51,0.22838327
-27.520000000000003,0.22834145
-27.53,0.22829965
-27.540000000000003,0.22825791
-27.55,0.22821614
-27.560000000000002,0.22817445
-27.570000000000004,0.22813268
-27.580000000000002,0.228091
-27.590000000000003,0.22804937
-27.6,0.22800767
-27.610000000000003,0.22796607
-27.62,0.22792444
-27.630000000000003,0.22788285
-27.64,0.22784129
-27.650000000000002,0.2277997
-27.660000000000004,0.2277582
-27.67,0.22771667
-27.680000000000003,0.2276752
-27.69,0.22763373
-27.700000000000003,0.22759224
-27.71,0.22755086
-27.720000000000002,0.22750947
-27.73,0.22746804
-27.740000000000002,0.22742668
-27.750000000000004,0.22738537
-27.76,0.22734407
-27.770000000000003,0.2273027
-27.78,0.22726144
-27.790000000000003,0.22722016
-27.8,0.22717895
-27.810000000000002,0.22713768
-27.820000000000004,0.2270965
-27.830000000000002,0.22705536
-27.840000000000003,0.22701415
-27.85,0.22697301
-27.860000000000003,0.22693187
-27.87,0.22689079
-27.880000000000003,0.22684969
-27.89,0.22680858
-27.900000000000002,0.2267676
-27.910000000000004,0.22672655
-27.92,0.22668555
-27.930000000000003,0.22664459
-27.94,0.22660361
-27.950000000000003,0.2265627
-27.96,0.22652175
-27.970000000000002,0.22648081
-27.98,0.22643998
-27.990000000000002,0.22639911
-28.000000000000004,0.22635825
-28.01,0.2263174
-28.020000000000003,0.2262766
-28.03,0.22623584
-28.040000000000003,0.22619513
-28.05,0.22615433
-28.060000000000002,0.22611363
-28.070000000000004,0.22607288
-28.080000000000002,0.22603224
-28.090000000000003,0.22599158
-28.1,0.22595093
-28.110000000000003,0.22591032
-28.12,0.2258697
-28.130000000000003,0.22582914
-28.14,0.22578852
-28.150000000000002,0.22574802
-28.160000000000004,0.22570749
-28.17,0.22566696
-28.180000000000003,0.2256265
-28.19,0.22558603
-28.200000000000003,0.22554553
-28.21,0.22550514
-28.220000000000002,0.22546473
-28.23,0.22542435
-28.240000000000002,0.22538398
-28.250000000000004,0.22534366
-28.26,0.22530329
-28.270000000000003,0.22526301
-28.28,0.22522269
-28.290000000000003,0.22518243
-28.3,0.22514218
-28.310000000000002,0.22510193
-28.320000000000004,0.22506174
-28.330000000000002,0.22502157
-28.340000000000003,0.22498138
-28.35,0.22494122
-28.360000000000003,0.22490112
-28.37,0.22486094
-28.380000000000003,0.2248209
-28.39,0.22478083
-28.400000000000002,0.22474074
-28.410000000000004,0.22470075
-28.42,0.22466071
-28.430000000000003,0.22462073
-28.44,0.22458076
-28.450000000000003,0.2245408
-28.46,0.22450085
-28.470000000000002,0.22446091
-28.48,0.22442101
-28.490000000000002,0.22438116
-28.500000000000004,0.2243413
-28.51,0.22430146
-28.520000000000003,0.22426163
-28.53,0.22422186
-28.540000000000003,0.22418207
-28.55,0.2241423
-28.560000000000002,0.22410254
-28.570000000000004,0.2240628
-28.580000000000002,0.22402312
-28.590000000000003,0.2239834
-28.6,0.22394376
-28.610000000000003,0.22390412
-28.62,0.22386448
-28.630000000000003,0.22382486
-28.64,0.2237853
-28.650000000000002,0.22374572
-28.660000000000004,0.22370619
-28.67,0.22366661
-28.680000000000003,0.2236271
-28.69,0.22358762
-28.700000000000003,0.22354816
-28.71,0.22350872
-28.720000000000002,0.22346924
-28.73,0.22342983
-28.740000000000002,0.22339043
-28.750000000000004,0.22335105
-28.76,0.2233117
-28.770000000000003,0.22327232
-28.78,0.22323303
-28.790000000000003,0.22319373
-28.8,0.22315446
-28.810000000000002,0.22311518
-28.820000000000004,0.2230759
-28.830000000000002,0.2230367
-28.840000000000003,0.22299752
-28.85,0.22295828
-28.860000000000003,0.22291917
-28.87,0.22288
-28.880000000000003,0.22284085
-28.89,0.22280173
-28.900000000000002,0.22276267
-28.910000000000004,0.22272353
-28.92,0.22268452
-28.930000000000003,0.22264549
-28.94,0.22260651
-28.950000000000003,0.22256745
-28.96,0.22252852
-28.970000000000002,0.22248957
-28.98,0.2224506
-28.990000000000002,0.22241165
-29.000000000000004,0.22237274
-29.01,0.22233388
-29.020000000000003,0.22229502
-29.03,0.22225617
-29.040000000000003,0.2222173
-29.05,0.22217852
-29.060000000000002,0.22213969
-29.070000000000004,0.22210093
-29.080000000000002,0.22206223
-29.090000000000003,0.22202346
-29.1,0.22198476
-29.110000000000003,0.22194602
-29.12,0.22190733
-29.130000000000003,0.2218687
-29.14,0.22183007
-29.150000000000002,0.22179143
-29.160000000000004,0.22175285
-29.17,0.22171424
-29.180000000000003,0.22167565
-29.19,0.22163714
-29.200000000000003,0.22159861
-29.21,0.22156009
-29.220000000000002,0.2215216
-29.23,0.22148314
-29.240000000000002,0.2214447
-29.250000000000004,0.22140627
-29.26,0.22136784
-29.270000000000003,0.22132938
-29.28,0.22129104
-29.290000000000003,0.22125268
-29.3,0.2212143
-29.310000000000002,0.22117601
-29.320000000000004,0.22113772
-29.330000000000002,0.22109936
-29.340000000000003,0.22106113
-29.35,0.22102283
-29.360000000000003,0.22098462
-29.37,0.22094639
-29.380000000000003,0.22090825
-29.39,0.22087005
-29.400000000000002,0.22083187
-29.410000000000004,0.22079374
-29.42,0.2207556
-29.430000000000003,0.22071747
-29.44,0.22067945
-29.450000000000003,0.22064134
-29.46,0.22060326
-29.470000000000002,0.22056527
-29.48,0.22052726
-29.490000000000002,0.22048926
-29.500000000000004,0.22045128
-29.51,0.22041333
-29.520000000000003,0.22037536
-29.53,0.2203375
-29.540000000000003,0.22029957
-29.55,0.22026166
-29.560000000000002,0.2202238
-29.570000000000004,0.22018595
-29.580000000000002,0.2201481
-29.590000000000003,0.22011028
-29.6,0.2200725
-29.610000000000003,0.22003467
-29.62,0.21999696
-29.630000000000003,0.2199592
-29.64,0.21992151
-29.650000000000002,0.21988381
-29.660000000000004,0.2198461
-29.67,0.21980843
-29.680000000000003,0.2197708
-29.69,0.2197331
-29.700000000000003,0.21969555
-29.71,0.21965796
-29.720000000000002,0.2196204
-29.73,0.21958283
-29.740000000000002,0.21954529
-29.750000000000004,0.21950775
-29.76,0.21947022
-29.770000000000003,0.21943273
-29.78,0.21939526
-29.790000000000003,0.21935782
-29.8,0.21932039
-29.810000000000002,0.21928295
-29.820000000000004,0.21924558
-29.830000000000002,0.21920818
-29.840000000000003,0.21917081
-29.85,0.21913348
-29.860000000000003,0.21909617
-29.87,0.21905884
-29.880000000000003,0.21902154
-29.89,0.21898428
-29.900000000000002,0.21894704
-29.910000000000004,0.21890981
-29.92,0.21887258
-29.930000000000003,0.2188354
-29.94,0.21879824
-29.950000000000003,0.218761
-29.96,0.21872386
-29.970000000000002,0.21868674
-29.98,0.21864964
-29.990000000000002,0.21861252
-30.000000000000004,0.21857549
-30.01,0.21853837
-30.020000000000003,0.21850139
-30.03,0.21846431
-30.040000000000003,0.21842736
-30.05,0.21839035
-30.060000000000002,0.21835339
-30.070000000000004,0.2183164
-30.080000000000002,0.2182795
-30.090000000000003,0.21824256
-30.1,0.21820566
-30.110000000000003,0.21816878
-30.12,0.2181319
-30.130000000000003,0.21809506
-30.14,0.21805823
-30.150000000000002,0.21802142
-30.160000000000004,0.21798465
-30.17,0.21794783
-30.180000000000003,0.2179111
-30.19,0.21787433
-30.200000000000003,0.21783762
-30.21,0.21780092
-30.220000000000002,0.21776423
-30.23,0.21772754
-30.240000000000002,0.2176909
-30.250000000000004,0.21765426
-30.26,0.21761763
-30.270000000000003,0.21758103
-30.28,0.21754448
-30.290000000000003,0.21750788
-30.3,0.21747133
-30.310000000000002,0.21743482
-30.320000000000004,0.21739829
-30.330000000000002,0.21736181
-30.340000000000003,0.21732533
-30.35,0.21728888
-30.360000000000003,0.21725242
-30.37,0.21721597
-30.380000000000003,0.2171796
-30.39,0.21714316
-30.400000000000002,0.21710682
-30.410000000000004,0.21707046
-30.42,0.2170341
-30.430000000000003,0.21699774
-30.44,0.21696149
-30.450000000000003,0.21692516
-30.46,0.21688893
-30.470000000000002,0.21685266
-30.48,0.21681646
-30.490000000000002,0.21678016
-30.500000000000004,0.21674399
-30.51,0.21670777
-30.520000000000003,0.21667165
-30.53,0.21663547
-30.540000000000003,0.21659935
-30.55,0.21656324
-30.560000000000002,0.2165271
-30.570000000000004,0.21649106
-30.580000000000002,0.21645495
-30.590000000000003,0.21641892
-30.6,0.21638292
-30.610000000000003,0.21634687
-30.62,0.21631086
-30.630000000000003,0.21627492
-30.64,0.21623895
-30.650000000000002,0.216203
-30.660000000000004,0.21616706
-30.67,0.21613117
-30.680000000000003,0.21609525
-30.69,0.21605939
-30.700000000000003,0.2160235
-30.71,0.2159877
-30.720000000000002,0.21595186
-30.73,0.21591602
-30.740000000000002,0.21588027
-30.750000000000004,0.2158445
-30.76,0.21580872
-30.770000000000003,0.21577296
-30.78,0.21573725
-30.790000000000003,0.21570154
-30.8,0.2156658
-30.810000000000002,0.21563016
-30.820000000000004,0.2155945
-30.830000000000002,0.21555887
-30.840000000000003,0.21552326
-30.85,0.21548763
-30.860000000000003,0.21545202
-30.87,0.21541645
-30.880000000000003,0.21538094
-30.89,0.21534538
-30.900000000000002,0.21530984
-30.910000000000004,0.21527438
-30.92,0.21523887
-30.930000000000003,0.2152034
-30.94,0.21516792
-30.950000000000003,0.21513249
-30.96,0.21509707
-30.970000000000002,0.21506171
-30.980000000000004,0.21502624
-30.990000000000002,0.21499094
-31.000000000000004,0.21495554
-31.01,0.21492025
-31.020000000000003,0.21488492
-31.03,0.21484959
-31.040000000000003,0.2148143
-31.05,0.21477902
-31.060000000000002,0.21474375
-31.070000000000004,0.21470854
-31.080000000000002,0.21467328
-31.090000000000003,0.2146381
-31.1,0.21460292
-31.110000000000003,0.21456775
-31.12,0.2145326
-31.130000000000003,0.2144974
-31.14,0.21446232
-31.150000000000002,0.2144272
-31.160000000000004,0.21439216
-31.17,0.21435705
-31.180000000000003,0.21432203
-31.19,0.214287
-31.200000000000003,0.21425194
-31.21,0.21421695
-31.220000000000002,0.21418197
-31.230000000000004,0.21414699
-31.240000000000002,0.21411204
-31.250000000000004,0.21407709
-31.26,0.21404213
-31.270000000000003,0.21400724
-31.28,0.21397236
-31.290000000000003,0.21393748
-31.3,0.21390262
-31.310000000000002,0.21386781
-31.320000000000004,0.21383291
-31.330000000000002,0.21379815
-31.340000000000003,0.21376336
-31.35,0.21372858
-31.360000000000003,0.21369384
-31.37,0.21365911
-31.380000000000003,0.21362436
-31.39,0.21358964
-31.400000000000002,0.21355495
-31.410000000000004,0.21352027
-31.42,0.2134856
-31.430000000000003,0.21345098
-31.44,0.21341634
-31.450000000000003,0.21338171
-31.46,0.21334715
-31.470000000000002,0.21331257
-31.480000000000004,0.21327801
-31.490000000000002,0.21324345
-31.500000000000004,0.21320893
-31.51,0.2131744
-31.520000000000003,0.21313992
-31.53,0.21310541
-31.540000000000003,0.21307093
-31.55,0.21303649
-31.560000000000002,0.21300206
-31.570000000000004,0.21296763
-31.580000000000002,0.21293326
-31.590000000000003,0.21289887
-31.6,0.21286449
-31.610000000000003,0.21283013
-31.62,0.21279581
-31.630000000000003,0.21276146
-31.64,0.21272714
-31.650000000000002,0.21269287
-31.660000000000004,0.21265863
-31.67,0.21262434
-31.680000000000003,0.21259013
-31.69,0.21255592
-31.700000000000003,0.2125217
-31.71,0.21248752
-31.720000000000002,0.21245332
-31.730000000000004,0.21241911
-31.740000000000002,0.21238501
-31.750000000000004,0.21235086
-31.76,0.21231675
-31.770000000000003,0.21228263
-31.78,0.21224856
-31.790000000000003,0.2122145
-31.8,0.21218048
-31.810000000000002,0.21214646
-31.820000000000004,0.21211238
-31.830000000000002,0.21207838
-31.840000000000003,0.21204443
-31.85,0.21201047
-31.860000000000003,0.21197654
-31.87,0.21194257
-31.880000000000003,0.21190865
-31.89,0.21187475
-31.900000000000002,0.21184088
-31.910000000000004,0.21180698
-31.92,0.21177313
-31.930000000000003,0.21173927
-31.94,0.21170545
-31.950000000000003,0.21167165
-31.96,0.21163788
-31.970000000000002,0.21160409
-31.980000000000004,0.21157031
-31.990000000000002,0.21153657
-32.0,0.21150284
-32.01,0.21146913
-32.019999999999996,0.2114354
-32.03,0.21140173
-32.04,0.21136805
-32.05,0.21133445
-32.059999999999995,0.21130076
-32.07,0.2112671
-32.08,0.21123354
-32.089999999999996,0.21119994
-32.1,0.21116634
-32.11,0.21113282
-32.12,0.21109927
-32.129999999999995,0.21106574
-32.14,0.21103223
-32.15,0.21099871
-32.16,0.21096522
-32.17,0.21093175
-32.18,0.21089834
-32.19,0.21086486
-32.199999999999996,0.21083145
-32.21,0.21079804
-32.22,0.2107647
-32.23,0.21073128
-32.24,0.21069795
-32.25,0.21066459
-32.26,0.2106313
-32.269999999999996,0.21059796
-32.28,0.2105647
-32.29,0.21053138
-32.3,0.21049815
-32.309999999999995,0.2104649
-32.32,0.21043162
-32.33,0.21039844
-32.339999999999996,0.21036525
-32.35,0.21033207
-32.36,0.21029888
-32.37,0.21026573
-32.379999999999995,0.21023257
-32.39,0.21019945
-32.4,0.21016638
-32.41,0.21013325
-32.42,0.21010017
-32.43,0.21006711
-32.44,0.21003401
-32.449999999999996,0.21000102
-32.46,0.209968
-32.47,0.20993501
-32.48,0.20990202
-32.49,0.20986903
-32.5,0.2098361
-32.51,0.20980315
-32.519999999999996,0.20977017
-32.53,0.2097373
-32.54,0.20970443
-32.55,0.20967151
-32.559999999999995,0.20963868
-32.57,0.20960586
-32.58,0.20957299
-32.589999999999996,0.20954019
-32.6,0.20950738
-32.61,0.20947462
-32.62,0.2094418
-32.629999999999995,0.20940903
-32.64,0.20937634
-32.65,0.20934358
-32.66,0.20931089
-32.67,0.2092782
-32.68,0.2092455
-32.69,0.20921278
-32.699999999999996,0.20918019
-32.71,0.20914751
-32.72,0.20911491
-32.73,0.20908234
-32.74,0.2090497
-32.75,0.20901711
-32.76,0.20898458
-32.769999999999996,0.20895205
-32.78,0.2089195
-32.79,0.20888701
-32.8,0.20885451
-32.809999999999995,0.20882198
-32.82,0.20878951
-32.83,0.20875707
-32.839999999999996,0.20872463
-32.85,0.20869222
-32.86,0.20865974
-32.87,0.2086274
-32.879999999999995,0.20859501
-32.89,0.20856267
-32.9,0.20853023
-32.91,0.20849794
-32.92,0.20846565
-32.93,0.20843336
-32.94,0.20840104
-32.949999999999996,0.20836878
-32.96,0.20833653
-32.97,0.20830426
-32.98,0.20827198
-32.99,0.2082398
-33.0,0.2082076
-33.01,0.20817545
-33.019999999999996,0.20814325
-33.03,0.20811108
-33.04,0.20807892
-33.05,0.20804682
-33.059999999999995,0.20801467
-33.07,0.2079826
-33.08,0.2079505
-33.089999999999996,0.20791847
-33.1,0.20788638
-33.11,0.20785439
-33.12,0.2078223
-33.129999999999995,0.2077903
-33.14,0.20775831
-33.15,0.20772634
-33.16,0.20769434
-33.17,0.20766237
-33.18,0.20763047
-33.19,0.20759857
-33.199999999999996,0.20756662
-33.21,0.20753476
-33.22,0.20750284
-33.23,0.207471
-33.24,0.20743914
-33.25,0.2074073
-33.26,0.20737553
-33.269999999999996,0.2073437
-33.28,0.20731193
-33.29,0.2072801
-33.3,0.20724839
-33.309999999999995,0.20721665
-33.32,0.20718488
-33.33,0.20715317
-33.339999999999996,0.20712145
-33.35,0.20708977
-33.36,0.20705809
-33.37,0.20702642
-33.379999999999995,0.20699479
-33.39,0.20696318
-33.4,0.20693153
-33.41,0.20689996
-33.42,0.20686838
-33.43,0.20683677
-33.44,0.20680521
-33.449999999999996,0.2067737
-33.46,0.20674214
-33.47,0.20671065
-33.48,0.20667917
-33.49,0.20664763
-33.5,0.20661622
-33.51,0.20658472
-33.519999999999996,0.2065533
-33.53,0.20652182
-33.54,0.20649043
-33.55,0.20645906
-33.559999999999995,0.20642765
-33.57,0.2063963
-33.58,0.20636491
-33.589999999999996,0.20633359
-33.6,0.20630221
-33.61,0.20627093
-33.62,0.20623967
-33.629999999999995,0.20620836
-33.64,0.2061771
-33.65,0.20614582
-33.66,0.20611459
-33.67,0.20608333
-33.68,0.20605212
-33.69,0.20602092
-33.699999999999996,0.20598978
-33.71,0.20595858
-33.72,0.20592743
-33.73,0.2058963
-33.74,0.20586516
-33.75,0.20583403
-33.76,0.20580295
-33.769999999999996,0.2057719
-33.78,0.20574081
-33.79,0.20570974
-33.8,0.2056787
-33.809999999999995,0.20564765
-33.82,0.20561665
-33.83,0.20558569
-33.839999999999996,0.20555466
-33.85,0.2055237
-33.86,0.20549272
-33.87,0.2054618
-33.879999999999995,0.20543087
-33.89,0.20539995
-33.9,0.20536901
-33.91,0.20533815
-33.92,0.20530726
-33.93,0.20527641
-33.94,0.20524555
-33.949999999999996,0.20521471
-33.96,0.20518391
-33.97,0.20515308
-33.98,0.2051223
-33.99,0.20509155
-34.0,0.20506078
-34.01,0.20503005
-34.019999999999996,0.2049993
-34.03,0.2049686
-34.04,0.20493785
-34.05,0.20490718
-34.059999999999995,0.20487654
-34.07,0.20484586
-34.08,0.20481521
-34.089999999999996,0.20478459
-34.1,0.2047539
-34.11,0.20472336
-34.12,0.20469275
-34.129999999999995,0.20466214
-34.14,0.2046316
-34.15,0.20460106
-34.16,0.20457052
-34.17,0.20453998
-34.18,0.20450945
-34.19,0.204479
-34.199999999999996,0.20444849
-34.21,0.20441803
-34.22,0.20438759
-34.23,0.20435709
-34.24,0.20432669
-34.25,0.20429623
-34.26,0.20426588
-34.269999999999996,0.20423551
-34.28,0.20420511
-34.29,0.20417474
-34.3,0.20414439
-34.31,0.20411406
-34.32,0.20408377
-34.33,0.20405343
-34.339999999999996,0.20402318
-34.35,0.2039929
-34.36,0.20396265
-34.37,0.20393237
-34.379999999999995,0.20390214
-34.39,0.20387189
-34.4,0.2038417
-34.41,0.20381148
-34.42,0.20378135
-34.43,0.20375115
-34.44,0.203721
-34.449999999999996,0.20369086
-34.46,0.20366073
-34.47,0.20363066
-34.48,0.20360051
-34.49,0.20357043
-34.5,0.20354038
-34.51,0.20351031
-34.519999999999996,0.20348023
-34.53,0.20345025
-34.54,0.2034202
-34.55,0.20339021
-34.56,0.20336021
-34.57,0.20333025
-34.58,0.20330027
-34.589999999999996,0.20327033
-34.6,0.20324038
-34.61,0.20321044
-34.62,0.20318055
-34.629999999999995,0.20315064
-34.64,0.20312075
-34.65,0.2030909
-34.66,0.20306101
-34.67,0.20303118
-34.68,0.20300134
-34.69,0.20297156
-34.699999999999996,0.20294172
-34.71,0.20291196
-34.72,0.20288217
-34.73,0.20285243
-34.74,0.20282267
-34.75,0.20279291
-34.76,0.20276326
-34.769999999999996,0.2027335
-34.78,0.2027038
-34.79,0.20267414
-34.8,0.20264445
-34.81,0.2026148
-34.82,0.20258513
-34.83,0.20255554
-34.839999999999996,0.20252596
-34.85,0.20249632
-34.86,0.20246671
-34.87,0.20243716
-34.879999999999995,0.20240758
-34.89,0.20237806
-34.9,0.20234853
-34.91,0.20231898
-34.92,0.20228949
-34.93,0.20225997
-34.94,0.20223051
-34.949999999999996,0.20220098
-34.96,0.2021716
-34.97,0.20214212
-34.98,0.20211273
-34.99,0.20208327
-35.0,0.20205387
-35.01,0.20202449
-35.019999999999996,0.20199509
-35.03,0.20196575
-35.04,0.2019364
-35.05,0.20190704
-35.06,0.20187773
-35.07,0.20184839
-35.08,0.20181908
-35.089999999999996,0.20178984
-35.1,0.20176058
-35.11,0.2017313
-35.12,0.20170207
-35.129999999999995,0.20167282
-35.14,0.20164362
-35.15,0.20161441
-35.16,0.20158522
-35.17,0.20155606
-35.18,0.20152688
-35.19,0.2014977
-35.199999999999996,0.20146859
-35.21,0.20143943
-35.22,0.20141034
-35.23,0.20138122
-35.24,0.2013521
-35.25,0.20132305
-35.26,0.20129399
-35.269999999999996,0.20126493
-35.28,0.20123594
-35.29,0.2012069
-35.3,0.20117788
-35.31,0.20114888
-35.32,0.20111988
-35.33,0.2010909
-35.339999999999996,0.20106193
-35.35,0.20103301
-35.36,0.20100407
-35.37,0.20097512
-35.379999999999995,0.2009463
-35.39,0.20091732
-35.4,0.20088845
-35.41,0.20085962
-35.42,0.20083077
-35.43,0.20080191
-35.44,0.20077306
-35.449999999999996,0.20074424
-35.46,0.20071542
-35.47,0.20068665
-35.48,0.20065787
-35.49,0.20062912
-35.5,0.20060039
-35.51,0.20057166
-35.519999999999996,0.2005429
-35.53,0.20051417
-35.54,0.20048547
-35.55,0.20045683
-35.56,0.2004281
-35.57,0.20039944
-35.58,0.20037077
-35.589999999999996,0.20034218
-35.6,0.20031357
-35.61,0.2002849
-35.62,0.2002563
-35.629999999999995,0.20022774
-35.64,0.20019916
-35.65,0.20017058
-35.66,0.20014203
-35.67,0.20011352
-35.68,0.20008495
-35.69,0.20005646
-35.699999999999996,0.20002794
-35.71,0.1999995
-35.72,0.19997102
-35.73,0.19994254
-35.74,0.19991405
-35.75,0.19988565
-35.76,0.19985723
-35.769999999999996,0.19982883
-35.78,0.19980045
-35.79,0.19977203
-35.8,0.19974366
-35.81,0.19971529
-35.82,0.19968694
-35.83,0.1996586
-35.839999999999996,0.1996303
-35.85,0.199602
-35.86,0.1995737
-35.87,0.19954541
-35.879999999999995,0.1995171
-35.89,0.19948886
-35.9,0.19946063
-35.91,0.19943236
-35.92,0.19940417
-35.93,0.199376
-35.94,0.19934776
-35.949999999999996,0.19931957
-35.96,0.19929142
-35.97,0.19926323
-35.98,0.1992351
-35.99,0.19920692
-36.0,0.19917883
-36.01,0.19915074
-36.019999999999996,0.19912265
-36.03,0.19909458
-36.04,0.19906646
-36.05,0.19903843
-36.06,0.19901036
-36.07,0.19898234
-36.08,0.19895433
-36.089999999999996,0.19892633
-36.1,0.19889827
-36.11,0.19887033
-36.12,0.19884235
-36.129999999999995,0.19881435
-36.14,0.19878644
-36.15,0.19875845
-36.16,0.19873056
-36.17,0.1987027
-36.18,0.19867474
-36.19,0.19864687
-36.199999999999996,0.19861901
-36.21,0.19859111
-36.22,0.19856328
-36.23,0.19853543
-36.24,0.19850764
-36.25,0.19847979
-36.26,0.198452
-36.269999999999996,0.19842419
-36.28,0.19839641
-36.29,0.19836865
-36.3,0.19834092
-36.31,0.19831315
-36.32,0.19828545
-36.33,0.19825771
-36.339999999999996,0.19823003
-36.35,0.19820231
-36.36,0.19817461
-36.37,0.19814697
-36.379999999999995,0.19811931
-36.39,0.19809167
-36.4,0.19806404
-36.41,0.19803643
-36.42,0.19800884
-36.43,0.19798122
-36.44,0.19795367
-36.449999999999996,0.19792607
-36.46,0.19789852
-36.47,0.19787094
-36.48,0.1978434
-36.49,0.19781592
-36.5,0.19778842
-36.51,0.19776088
-36.519999999999996,0.1977334
-36.53,0.19770595
-36.54,0.19767848
-36.55,0.19765103
-36.56,0.1976236
-36.57,0.19759618
-36.58,0.19756874
-36.589999999999996,0.19754136
-36.6,0.19751398
-36.61,0.19748658
-36.62,0.19745919
-36.629999999999995,0.19743189
-36.64,0.19740453
-36.65,0.19737718
-36.66,0.19734986
-36.67,0.1973226
-36.68,0.19729526
-36.69,0.19726798
-36.699999999999996,0.19724073
-36.71,0.19721347
-36.72,0.19718623
-36.73,0.19715898
-36.74,0.19713175
-36.75,0.19710457
-36.76,0.19707735
-36.769999999999996,0.19705018
-36.78,0.197023
-36.79,0.19699584
-36.8,0.19696864
-36.81,0.19694155
-36.82,0.19691443
-36.83,0.1968873
-36.839999999999996,0.19686018
-36.85,0.19683307
-36.86,0.19680603
-36.87,0.19677897
-36.879999999999995,0.19675188
-36.89,0.19672486
-36.9,0.19669786
-36.91,0.19667077
-36.92,0.1966438
-36.93,0.1966168
-36.94,0.1965898
-36.949999999999996,0.19656283
-36.96,0.19653586
-36.97,0.19650891
-36.98,0.196482
-36.99,0.19645506
-37.0,0.19642814
-37.01,0.1964012
-37.019999999999996,0.19637431
-37.03,0.19634748
-37.04,0.1963206
-37.05,0.19629371
-37.06,0.1962669
-37.07,0.19624007
-37.08,0.19621326
-37.089999999999996,0.19618644
-37.1,0.19615966
-37.11,0.19613287
-37.12,0.19610608
-37.129999999999995,0.19607931
-37.14,0.19605257
-37.15,0.19602583
-37.16,0.1959991
-37.17,0.19597238
-37.18,0.19594568
-37.19,0.19591899
-37.199999999999996,0.1958923
-37.21,0.1958656
-37.22,0.19583899
-37.23,0.19581233
-37.24,0.19578569
-37.25,0.19575906
-37.26,0.19573246
-37.269999999999996,0.19570586
-37.28,0.19567929
-37.29,0.19565265
-37.3,0.19562612
-37.31,0.19559956
-37.32,0.19557306
-37.33,0.19554651
-37.339999999999996,0.19551995
-37.35,0.19549346
-37.36,0.19546697
-37.37,0.1954405
-37.379999999999995,0.19541398
-37.39,0.19538756
-37.4,0.1953611
-37.41,0.19533469
-37.42,0.19530821
-37.43,0.1952818
-37.44,0.1952554
-37.449999999999996,0.195229
-37.46,0.19520262
-37.47,0.19517624
-37.48,0.19514987
-37.49,0.19512352
-37.5,0.19509718
-37.51,0.19507086
-37.519999999999996,0.19504455
-37.53,0.19501828
-37.54,0.19499198
-37.55,0.19496568
-37.56,0.1949394
-37.57,0.19491313
-37.58,0.19488688
-37.589999999999996,0.19486065
-37.6,0.19483449
-37.61,0.19480823
-37.62,0.19478206
-37.629999999999995,0.19475587
-37.64,0.19472966
-37.65,0.19470349
-37.66,0.19467737
-37.67,0.19465122
-37.68,0.19462506
-37.69,0.19459894
-37.699999999999996,0.19457287
-37.71,0.19454676
-37.72,0.19452067
-37.73,0.1944946
-37.74,0.19446851
-37.75,0.19444245
-37.76,0.1944164
-37.769999999999996,0.1943904
-37.78,0.19436434
-37.79,0.19433834
-37.8,0.19431238
-37.81,0.19428638
-37.82,0.19426043
-37.83,0.19423442
-37.839999999999996,0.19420844
-37.85,0.19418254
-37.86,0.19415659
-37.87,0.19413066
-37.879999999999995,0.19410476
-37.89,0.19407888
-37.9,0.194053
-37.91,0.19402717
-37.92,0.19400123
-37.93,0.19397539
-37.94,0.19394954
-37.949999999999996,0.19392373
-37.96,0.19389792
-37.97,0.19387208
-37.98,0.19384629
-37.99,0.19382052
-38.0,0.19379474
-38.01,0.193769
-38.019999999999996,0.19374323
-38.03,0.19371748
-38.04,0.19369176
-38.05,0.19366607
-38.06,0.19364032
-38.07,0.19361462
-38.08,0.19358893
-38.089999999999996,0.19356322
-38.1,0.1935376
-38.11,0.19351192
-38.12,0.1934863
-38.129999999999995,0.19346066
-38.14,0.19343504
-38.15,0.19340943
-38.16,0.19338384
-38.17,0.19335829
-38.18,0.19333266
-38.19,0.19330713
-38.199999999999996,0.19328156
-38.21,0.193256
-38.22,0.19323048
-38.23,0.19320497
-38.24,0.19317949
-38.25,0.19315393
-38.26,0.19312844
-38.269999999999996,0.19310297
-38.28,0.19307753
-38.29,0.19305205
-38.3,0.19302663
-38.31,0.19300117
-38.32,0.1929757
-38.33,0.19295032
-38.339999999999996,0.19292492
-38.35,0.19289953
-38.36,0.19287412
-38.37,0.19284874
-38.379999999999995,0.1928234
-38.39,0.19279808
-38.4,0.19277275
-38.41,0.1927474
-38.42,0.19272207
-38.43,0.19269675
-38.44,0.19267148
-38.449999999999996,0.19264619
-38.46,0.19262096
-38.47,0.19259563
-38.48,0.19257042
-38.49,0.1925452
-38.5,0.19251995
-38.51,0.19249472
-38.519999999999996,0.19246951
-38.53,0.19244431
-38.54,0.19241914
-38.55,0.19239399
-38.56,0.1923688
-38.57,0.19234362
-38.58,0.19231851
-38.589999999999996,0.19229336
-38.6,0.19226827
-38.61,0.19224313
-38.62,0.192218
-38.629999999999995,0.19219296
-38.64,0.19216785
-38.65,0.19214277
-38.66,0.19211774
-38.67,0.19209269
-38.68,0.19206768
-38.69,0.19204262
-38.699999999999996,0.19201759
-38.71,0.19199261
-38.72,0.19196764
-38.73,0.1919426
-38.74,0.19191763
-38.75,0.19189268
-38.76,0.19186771
-38.769999999999996,0.19184278
-38.78,0.19181788
-38.79,0.19179294
-38.8,0.19176804
-38.81,0.19174314
-38.82,0.19171825
-38.83,0.19169332
-38.839999999999996,0.19166856
-38.85,0.19164366
-38.86,0.19161877
-38.87,0.19159395
-38.879999999999995,0.1915691
-38.89,0.19154431
-38.9,0.19151948
-38.91,0.1914947
-38.92,0.19146991
-38.93,0.19144517
-38.94,0.19142044
-38.949999999999996,0.19139564
-38.96,0.19137087
-38.97,0.19134617
-38.98,0.19132146
-38.99,0.19129671
-39.0,0.19127204
-39.01,0.19124734
-39.019999999999996,0.19122265
-39.03,0.191198
-39.04,0.19117334
-39.05,0.1911487
-39.06,0.19112405
-39.07,0.19109944
-39.08,0.19107482
-39.089999999999996,0.1910502
-39.1,0.19102564
-39.11,0.19100101
-39.12,0.19097644
-39.129999999999995,0.19095187
-39.14,0.19092733
-39.15,0.1909028
-39.16,0.19087824
-39.17,0.19085374
-39.18,0.19082923
-39.19,0.1908047
-39.199999999999996,0.19078024
-39.21,0.19075574
-39.22,0.19073126
-39.23,0.19070677
-39.24,0.19068237
-39.25,0.19065788
-39.26,0.19063348
-39.269999999999996,0.19060907
-39.28,0.19058466
-39.29,0.19056025
-39.3,0.19053586
-39.31,0.19051145
-39.32,0.1904871
-39.33,0.19046277
-39.339999999999996,0.19043845
-39.35,0.19041412
-39.36,0.19038975
-39.37,0.19036542
-39.379999999999995,0.19034113
-39.39,0.19031684
-39.4,0.19029255
-39.41,0.19026828
-39.42,0.190244
-39.43,0.19021975
-39.44,0.1901955
-39.449999999999996,0.19017124
-39.46,0.19014707
-39.47,0.19012284
-39.48,0.19009863
-39.49,0.19007444
-39.5,0.19005021
-39.51,0.19002607
-39.519999999999996,0.1900019
-39.53,0.18997778
-39.54,0.18995361
-39.55,0.18992949
-39.56,0.18990535
-39.57,0.18988124
-39.58,0.18985713
-39.589999999999996,0.18983303
-39.6,0.18980896
-39.61,0.18978485
-39.62,0.18976082
-39.629999999999995,0.18973675
-39.64,0.1897127
-39.65,0.18968868
-39.66,0.18966466
-39.67,0.18964066
-39.68,0.18961665
-39.69,0.18959266
-39.699999999999996,0.18956867
-39.71,0.18954472
-39.72,0.1895207
-39.73,0.1894968
-39.74,0.18947285
-39.75,0.18944891
-39.76,0.18942499
-39.769999999999996,0.18940108
-39.78,0.18937719
-39.79,0.18935326
-39.8,0.1893294
-39.81,0.18930551
-39.82,0.18928166
-39.83,0.18925785
-39.839999999999996,0.18923397
-39.85,0.18921013
-39.86,0.18918629
-39.87,0.18916252
-39.879999999999995,0.18913871
-39.89,0.18911493
-39.9,0.18909113
-39.91,0.18906736
-39.92,0.18904358
-39.93,0.18901986
-39.94,0.18899605
-39.949999999999996,0.18897235
-39.96,0.18894863
-39.97,0.18892491
-39.98,0.18890123
-39.99,0.18887751
-40.0,0.18885385
-40.01,0.18883017
-40.019999999999996,0.18880655
-40.03,0.18878284
-40.04,0.18875921
-40.05,0.18873557
-40.06,0.18871193
-40.07,0.18868831
-40.08,0.1886647
-40.089999999999996,0.18864113
-40.1,0.18861753
-40.11,0.188594
-40.12,0.18857037
-40.129999999999995,0.18854687
-40.14,0.18852329
-40.15,0.18849976
-40.16,0.18847626
-40.17,0.18845274
-40.18,0.18842924
-40.19,0.18840571
-40.199999999999996,0.18838221
-40.21,0.18835875
-40.22,0.18833528
-40.23,0.18831183
-40.24,0.18828836
-40.25,0.18826498
-40.26,0.18824151
-40.269999999999996,0.18821813
-40.28,0.18819466
-40.29,0.18817125
-40.3,0.18814789
-40.31,0.18812452
-40.32,0.18810113
-40.33,0.18807778
-40.339999999999996,0.18805441
-40.35,0.18803108
-40.36,0.18800771
-40.37,0.18798439
-40.379999999999995,0.1879611
-40.39,0.18793784
-40.4,0.18791452
-40.41,0.18789122
-40.42,0.18786795
-40.43,0.1878447
-40.44,0.18782145
-40.449999999999996,0.1877982
-40.46,0.18777496
-40.47,0.18775174
-40.48,0.1877285
-40.49,0.18770528
-40.5,0.1876821
-40.51,0.1876589
-40.519999999999996,0.18763575
-40.53,0.18761253
-40.54,0.18758942
-40.55,0.18756627
-40.56,0.18754312
-40.57,0.18752001
-40.58,0.18749687
-40.589999999999996,0.18747377
-40.6,0.18745068
-40.61,0.18742755
-40.62,0.18740451
-40.629999999999995,0.18738139
-40.64,0.18735838
-40.65,0.18733528
-40.66,0.18731228
-40.67,0.18728924
-40.68,0.18726617
-40.69,0.18724322
-40.699999999999996,0.18722017
-40.71,0.18719718
-40.72,0.1871742
-40.73,0.18715121
-40.74,0.18712823
-40.75,0.1871053
-40.76,0.18708235
-40.769999999999996,0.1870594
-40.78,0.18703648
-40.79,0.18701354
-40.8,0.18699065
-40.81,0.1869677
-40.82,0.18694484
-40.83,0.18692195
-40.839999999999996,0.1868991
-40.85,0.18687621
-40.86,0.18685338
-40.87,0.1868305
-40.879999999999995,0.18680768
-40.89,0.18678486
-40.9,0.18676203
-40.91,0.1867392
-40.92,0.18671644
-40.93,0.18669364
-40.94,0.18667084
-40.949999999999996,0.1866481
-40.96,0.18662533
-40.97,0.18660259
-40.98,0.18657982
-40.99,0.18655708
-41.0,0.18653437
-41.01,0.18651167
-41.019999999999996,0.18648896
-41.03,0.18646628
-41.04,0.18644358
-41.05,0.18642089
-41.06,0.1863982
-41.07,0.18637556
-41.08,0.18635294
-41.089999999999996,0.18633026
-41.1,0.18630764
-41.11,0.18628502
-41.12,0.18626243
-41.129999999999995,0.18623981
-41.14,0.18621722
-41.15,0.18619463
-41.16,0.18617207
-41.17,0.18614948
-41.18,0.18612695
-41.19,0.18610442
-41.199999999999996,0.18608184
-41.21,0.1860593
-41.22,0.1860368
-41.23,0.1860143
-41.24,0.18599178
-41.25,0.1859693
-41.26,0.18594682
-41.269999999999996,0.18592432
-41.28,0.18590185
-41.29,0.18587941
-41.3,0.18585694
-41.31,0.18583454
-41.32,0.18581209
-41.33,0.18578967
-41.339999999999996,0.1857673
-41.35,0.1857449
-41.36,0.18572247
-41.37,0.18570009
-41.379999999999995,0.18567774
-41.39,0.1856554
-41.4,0.185633
-41.41,0.18561065
-41.42,0.18558833
-41.43,0.185566
-41.44,0.18554369
-41.449999999999996,0.18552136
-41.46,0.18549909
-41.47,0.18547675
-41.48,0.18545449
-41.49,0.1854322
-41.5,0.18540993
-41.51,0.18538773
-41.519999999999996,0.18536547
-41.53,0.18534325
-41.54,0.18532099
-41.55,0.1852988
-41.56,0.18527657
-41.57,0.18525438
-41.58,0.18523215
-41.589999999999996,0.18520999
-41.6,0.18518782
-41.61,0.18516564
-41.62,0.18514353
-41.629999999999995,0.18512136
-41.64,0.18509921
-41.65,0.18507706
-41.66,0.18505499
-41.67,0.18503284
-41.68,0.18501073
-41.69,0.18498865
-41.699999999999996,0.18496656
-41.71,0.18494448
-41.72,0.18492243
-41.73,0.18490037
-41.74,0.18487833
-41.75,0.18485633
-41.76,0.1848343
-41.769999999999996,0.18481222
-41.78,0.18479022
-41.79,0.18476819
-41.8,0.18474622
-41.81,0.18472424
-41.82,0.18470228
-41.83,0.1846803
-41.839999999999996,0.18465833
-41.85,0.1846364
-41.86,0.18461443
-41.87,0.18459255
-41.879999999999995,0.1845706
-41.89,0.18454869
-41.9,0.1845268
-41.91,0.18450487
-41.92,0.18448302
-41.93,0.18446115
-41.94,0.1844393
-41.949999999999996,0.1844174
-41.96,0.18439557
-41.97,0.18437368
-41.98,0.18435183
-41.99,0.18433005
-42.0,0.1843082
-42.01,0.18428645
-42.019999999999996,0.18426457
-42.03,0.18424284
-42.04,0.18422106
-42.05,0.18419926
-42.06,0.18417755
-42.07,0.18415576
-42.08,0.184134
-42.089999999999996,0.18411228
-42.1,0.18409054
-42.11,0.1840688
-42.12,0.18404712
-42.129999999999995,0.1840254
-42.14,0.18400374
-42.15,0.18398204
-42.16,0.18396035
-42.17,0.18393868
-42.18,0.18391705
-42.19,0.18389541
-42.199999999999996,0.18387374
-42.21,0.1838521
-42.22,0.18383047
-42.23,0.1838089
-42.24,0.18378726
-42.25,0.18376568
-42.26,0.18374407
-42.269999999999996,0.18372247
-42.28,0.18370095
-42.29,0.18367936
-42.3,0.1836578
-42.31,0.18363626
-42.32,0.18361473
-42.33,0.1835932
-42.339999999999996,0.18357168
-42.35,0.18355015
-42.36,0.18352863
-42.37,0.1835072
-42.379999999999995,0.18348572
-42.39,0.1834642
-42.4,0.18344274
-42.41,0.1834213
-42.42,0.18339986
-42.43,0.1833784
-42.44,0.18335697
-42.449999999999996,0.18333553
-42.46,0.18331413
-42.47,0.18329273
-42.48,0.18327133
-42.49,0.18324992
-42.5,0.18322855
-42.51,0.18320721
-42.519999999999996,0.18318583
-42.53,0.18316443
-42.54,0.18314308
-42.55,0.18312177
-42.56,0.18310043
-42.57,0.18307912
-42.58,0.18305781
-42.589999999999996,0.1830365
-42.6,0.18301521
-42.61,0.18299392
-42.62,0.18297261
-42.629999999999995,0.18295139
-42.64,0.18293011
-42.65,0.18290888
-42.66,0.18288764
-42.67,0.18286636
-42.68,0.18284515
-42.69,0.1828239
-42.699999999999996,0.1828027
-42.71,0.18278149
-42.72,0.18276031
-42.73,0.18273915
-42.74,0.18271796
-42.75,0.1826968
-42.76,0.18267563
-42.769999999999996,0.18265447
-42.78,0.18263337
-42.79,0.18261221
-42.8,0.18259108
-42.81,0.18256998
-42.82,0.18254888
-42.83,0.18252772
-42.839999999999996,0.18250665
-42.85,0.18248555
-42.86,0.18246451
-42.87,0.18244344
-42.879999999999995,0.18242237
-42.89,0.18240136
-42.9,0.18238029
-42.91,0.18235925
-42.92,0.18233824
-42.93,0.18231726
-42.94,0.18229623
-42.949999999999996,0.1822752
-42.96,0.18225423
-42.97,0.18223321
-42.98,0.18221228
-42.99,0.18219128
-43.0,0.1821703
-43.01,0.1821494
-43.019999999999996,0.18212843
-43.03,0.18210751
-43.04,0.18208659
-43.05,0.18206567
-43.06,0.18204477
-43.07,0.18202385
-43.08,0.18200298
-43.089999999999996,0.1819821
-43.1,0.18196124
-43.11,0.18194035
-43.12,0.1819195
-43.129999999999995,0.18189862
-43.14,0.18187778
-43.15,0.18185699
-43.16,0.18183614
-43.17,0.18181533
-43.18,0.18179448
-43.19,0.1817737
-43.199999999999996,0.18175289
-43.21,0.18173215
-43.22,0.18171133
-43.23,0.1816906
-43.24,0.1816698
-43.25,0.18164909
-43.26,0.18162833
-43.269999999999996,0.1816076
-43.28,0.18158686
-43.29,0.18156615
-43.3,0.18154544
-43.31,0.18152475
-43.32,0.18150406
-43.33,0.18148339
-43.339999999999996,0.18146265
-43.35,0.181442
-43.36,0.18142134
-43.37,0.18140072
-43.379999999999995,0.18138006
-43.39,0.18135943
-43.4,0.18133883
-43.41,0.1813182
-43.42,0.18129757
-43.43,0.18127695
-43.44,0.18125638
-43.449999999999996,0.18123579
-43.46,0.18121518
-43.47,0.18119463
-43.48,0.18117408
-43.49,0.18115352
-43.5,0.181133
-43.51,0.18111245
-43.519999999999996,0.1810919
-43.53,0.1810714
-43.54,0.18105084
-43.55,0.18103038
-43.56,0.18100987
-43.57,0.18098938
-43.58,0.18096888
-43.589999999999996,0.1809484
-43.6,0.18092795
-43.61,0.18090749
-43.62,0.18088707
-43.629999999999995,0.18086661
-43.64,0.18084618
-43.65,0.18082576
-43.66,0.18080536
-43.67,0.1807849
-43.68,0.18076456
-43.69,0.18074414
-43.699999999999996,0.18072376
-43.71,0.18070334
-43.72,0.18068296
-43.73,0.18066263
-43.74,0.18064228
-43.75,0.1806219
-43.76,0.1806016
-43.769999999999996,0.18058126
-43.78,0.18056098
-43.79,0.18054062
-43.8,0.18052036
-43.81,0.18050006
-43.82,0.18047976
-43.83,0.18045947
-43.839999999999996,0.18043917
-43.85,0.18041897
-43.86,0.18039867
-43.87,0.18037845
-43.879999999999995,0.1803582
-43.89,0.18033794
-43.9,0.18031777
-43.91,0.18029751
-43.92,0.18027732
-43.93,0.18025711
-43.94,0.18023692
-43.949999999999996,0.18021674
-43.96,0.18019652
-43.97,0.18017636
-43.98,0.1801562
-43.99,0.18013605
-44.0,0.18011592
-44.01,0.18009582
-44.019999999999996,0.18007566
-44.03,0.18005554
-44.04,0.18003543
-44.05,0.18001531
-44.06,0.1799952
-44.07,0.17997514
-44.08,0.17995505
-44.089999999999996,0.17993498
-44.1,0.17991489
-44.11,0.17989486
-44.12,0.17987478
-44.129999999999995,0.17985472
-44.14,0.17983472
-44.15,0.17981465
-44.16,0.17979465
-44.17,0.17977467
-44.18,0.17975467
-44.19,0.17973465
-44.199999999999996,0.17971464
-44.21,0.17969471
-44.22,0.17967471
-44.23,0.17965475
-44.24,0.17963481
-44.25,0.17961481
-44.26,0.1795949
-44.269999999999996,0.17957497
-44.28,0.17955503
-44.29,0.17953515
-44.3,0.17951518
-44.31,0.17949532
-44.32,0.17947546
-44.33,0.17945553
-44.339999999999996,0.17943564
-44.35,0.17941579
-44.36,0.17939591
-44.37,0.17937607
-44.379999999999995,0.17935619
-44.39,0.17933637
-44.4,0.17931658
-44.41,0.17929673
-44.42,0.17927691
-44.43,0.17925707
-44.44,0.1792373
-44.449999999999996,0.17921752
-44.46,0.17919771
-44.47,0.17917791
-44.48,0.17915818
-44.49,0.17913838
-44.5,0.17911865
-44.51,0.1790989
-44.519999999999996,0.17907916
-44.53,0.17905942
-44.54,0.17903966
-44.55,0.17901996
-44.56,0.17900026
-44.57,0.17898056
-44.58,0.17896083
-44.589999999999996,0.17894119
-44.6,0.1789215
-44.61,0.17890182
-44.62,0.1788822
-44.629999999999995,0.1788625
-44.64,0.17884289
-44.65,0.17882322
-44.66,0.17880361
-44.67,0.17878398
-44.68,0.17876437
-44.69,0.17874475
-44.699999999999996,0.17872511
-44.71,0.17870554
-44.72,0.17868596
-44.73,0.17866638
-44.74,0.17864677
-44.75,0.17862722
-44.76,0.17860766
-44.769999999999996,0.17858812
-44.78,0.17856857
-44.79,0.17854908
-44.8,0.17852953
-44.81,0.17851001
-44.82,0.17849052
-44.83,0.178471
-44.839999999999996,0.17845148
-44.85,0.17843205
-44.86,0.17841259
-44.87,0.17839307
-44.879999999999995,0.17837358
-44.89,0.17835411
-44.9,0.17833467
-44.91,0.17831519
-44.92,0.17829585
-44.93,0.17827636
-44.94,0.17825696
-44.949999999999996,0.17823756
-44.96,0.17821813
-44.97,0.17819872
-44.98,0.17817935
-44.99,0.17815998
-45.0,0.17814055
-45.01,0.17812124
-45.019999999999996,0.17810185
-45.03,0.17808247
-45.04,0.17806314
-45.05,0.17804384
-45.06,0.17802447
-45.07,0.17800513
-45.08,0.17798585
-45.089999999999996,0.17796654
-45.1,0.17794727
-45.11,0.17792791
-45.12,0.17790869
-45.129999999999995,0.17788944
-45.14,0.1778701
-45.15,0.17785084
-45.16,0.17783159
-45.17,0.17781232
-45.18,0.17779306
-45.19,0.17777386
-45.199999999999996,0.17775461
-45.21,0.17773536
-45.22,0.1777162
-45.23,0.177697
-45.24,0.17767778
-45.25,0.17765863
-45.26,0.17763941
-45.269999999999996,0.17762026
-45.28,0.17760104
-45.29,0.1775819
-45.3,0.17756277
-45.31,0.17754363
-45.32,0.17752448
-45.33,0.17750533
-45.339999999999996,0.17748621
-45.35,0.17746711
-45.36,0.177448
-45.37,0.1774289
-45.379999999999995,0.1774098
-45.39,0.1773907
-45.4,0.17737165
-45.41,0.17735258
-45.42,0.1773335
-45.43,0.17731446
-45.44,0.1772954
-45.449999999999996,0.17727634
-45.46,0.17725733
-45.47,0.17723829
-45.48,0.17721927
-45.49,0.17720026
-45.5,0.17718127
-45.51,0.1771622
-45.519999999999996,0.17714325
-45.53,0.17712429
-45.54,0.17710531
-45.55,0.17708632
-45.56,0.17706734
-45.57,0.17704839
-45.58,0.17702945
-45.589999999999996,0.17701054
-45.6,0.17699164
-45.61,0.17697261
-45.62,0.17695376
-45.629999999999995,0.17693485
-45.64,0.17691593
-45.65,0.17689699
-45.66,0.17687812
-45.67,0.17685926
-45.68,0.1768404
-45.69,0.17682151
-45.699999999999996,0.17680265
-45.71,0.1767838
-45.72,0.176765
-45.73,0.1767461
-45.74,0.17672724
-45.75,0.17670843
-45.76,0.17668965
-45.769999999999996,0.17667082
-45.78,0.17665198
-45.79,0.17663324
-45.8,0.17661446
-45.81,0.17659564
-45.82,0.17657691
-45.83,0.17655808
-45.839999999999996,0.17653933
-45.85,0.17652059
-45.86,0.17650184
-45.87,0.17648312
-45.879999999999995,0.17646438
-45.89,0.17644563
-45.9,0.17642692
-45.91,0.17640823
-45.92,0.17638953
-45.93,0.17637083
-45.94,0.17635213
-45.949999999999996,0.17633344
-45.96,0.17631477
-45.97,0.17629611
-45.98,0.17627744
-45.99,0.17625877
-46.0,0.17624018
-46.01,0.17622149
-46.019999999999996,0.17620283
-46.03,0.17618427
-46.04,0.17616563
-46.05,0.17614704
-46.06,0.1761284
-46.07,0.17610985
-46.08,0.17609122
-46.089999999999996,0.17607267
-46.1,0.17605406
-46.11,0.1760355
-46.12,0.17601696
-46.129999999999995,0.17599839
-46.14,0.17597985
-46.15,0.17596129
-46.16,0.17594275
-46.17,0.17592421
-46.18,0.17590572
-46.19,0.17588721
-46.199999999999996,0.17586872
-46.21,0.17585021
-46.22,0.17583168
-46.23,0.17581324
-46.24,0.17579478
-46.25,0.17577629
-46.26,0.17575784
-46.269999999999996,0.17573935
-46.28,0.17572092
-46.29,0.17570247
-46.3,0.17568403
-46.31,0.17566562
-46.32,0.17564715
-46.33,0.17562877
-46.339999999999996,0.1756104
-46.35,0.175592
-46.36,0.17557356
-46.37,0.17555515
-46.379999999999995,0.17553678
-46.39,0.17551842
-46.4,0.17550004
-46.41,0.17548168
-46.42,0.17546336
-46.43,0.17544499
-46.44,0.17542663
-46.449999999999996,0.17540836
-46.46,0.17539002
-46.47,0.1753717
-46.48,0.17535341
-46.49,0.17533508
-46.5,0.17531681
-46.51,0.1752985
-46.519999999999996,0.17528018
-46.53,0.17526194
-46.54,0.17524365
-46.55,0.17522538
-46.56,0.17520711
-46.57,0.1751889
-46.58,0.17517067
-46.589999999999996,0.17515245
-46.6,0.1751342
-46.61,0.17511597
-46.62,0.17509776
-46.629999999999995,0.17507955
-46.64,0.17506135
-46.65,0.17504317
-46.66,0.17502499
-46.67,0.17500682
-46.68,0.17498863
-46.69,0.17497045
-46.699999999999996,0.17495228
-46.71,0.17493412
-46.72,0.174916
-46.73,0.17489785
-46.74,0.1748797
-46.75,0.17486161
-46.76,0.17484348
-46.769999999999996,0.17482537
-46.78,0.17480728
-46.79,0.17478916
-46.8,0.1747711
-46.81,0.17475301
-46.82,0.17473494
-46.83,0.17471686
-46.839999999999996,0.17469877
-46.85,0.17468074
-46.86,0.17466271
-46.87,0.17464465
-46.879999999999995,0.17462659
-46.89,0.1746086
-46.9,0.17459056
-46.91,0.17457253
-46.92,0.17455454
-46.93,0.17453653
-46.94,0.17451853
-46.949999999999996,0.17450055
-46.96,0.17448255
-46.97,0.17446455
-46.98,0.17444664
-46.99,0.17442864
-47.0,0.17441069
-47.01,0.17439276
-47.019999999999996,0.1743748
-47.03,0.17435686
-47.04,0.17433897
-47.05,0.17432103
-47.06,0.17430308
-47.07,0.17428517
-47.08,0.17426732
-47.089999999999996,0.17424935
-47.1,0.17423153
-47.11,0.17421363
-47.12,0.17419574
-47.129999999999995,0.17417784
-47.14,0.17416002
-47.15,0.17414218
-47.16,0.17412432
-47.17,0.1741065
-47.18,0.17408866
-47.19,0.1740708
-47.199999999999996,0.17405295
-47.21,0.17403519
-47.22,0.17401735
-47.23,0.17399952
-47.24,0.17398179
-47.25,0.173964
-47.26,0.1739462
-47.269999999999996,0.17392842
-47.28,0.17391068
-47.29,0.17389293
-47.3,0.17387517
-47.31,0.1738574
-47.32,0.17383966
-47.33,0.17382193
-47.339999999999996,0.1738042
-47.35,0.17378645
-47.36,0.17376879
-47.37,0.17375106
-47.379999999999995,0.17373335
-47.39,0.17371567
-47.4,0.17369795
-47.41,0.17368025
-47.42,0.1736626
-47.43,0.17364493
-47.44,0.17362729
-47.449999999999996,0.17360963
-47.46,0.17359196
-47.47,0.17357436
-47.48,0.17355672
-47.49,0.17353906
-47.5,0.17352143
-47.51,0.17350383
-47.519999999999996,0.17348623
-47.53,0.17346859
-47.54,0.173451
-47.55,0.17343342
-47.56,0.17341581
-47.57,0.17339824
-47.58,0.1733807
-47.589999999999996,0.17336309
-47.6,0.17334557
-47.61,0.17332804
-47.62,0.1733105
-47.629999999999995,0.17329293
-47.64,0.1732754
-47.65,0.1732579
-47.66,0.17324036
-47.67,0.17322285
-47.68,0.17320538
-47.69,0.17318784
-47.699999999999996,0.17317034
-47.71,0.17315288
-47.72,0.17313538
-47.73,0.17311794
-47.74,0.17310044
-47.75,0.17308296
-47.76,0.17306554
-47.769999999999996,0.17304805
-47.78,0.17303064
-47.79,0.17301318
-47.8,0.17299579
-47.81,0.17297837
-47.82,0.17296097
-47.83,0.17294353
-47.839999999999996,0.17292614
-47.85,0.17290872
-47.86,0.17289135
-47.87,0.17287397
-47.88,0.1728566
-47.89,0.17283921
-47.9,0.17282185
-47.91,0.1728045
-47.92,0.17278719
-47.93,0.17276984
-47.94,0.1727525
-47.949999999999996,0.17273515
-47.96,0.17271781
-47.97,0.17270048
-47.98,0.17268324
-47.99,0.17266586
-48.0,0.1726486
-48.01,0.17263131
-48.019999999999996,0.17261401
-48.03,0.17259672
-48.04,0.17257947
-48.05,0.17256221
-48.06,0.17254491
-48.07,0.17252769
-48.08,0.1725104
-48.089999999999996,0.17249319
-48.1,0.17247593
-48.11,0.17245871
-48.12,0.1724415
-48.13,0.17242429
-48.14,0.1724071
-48.15,0.17238988
-48.16,0.17237265
-48.17,0.17235547
-48.18,0.1723383
-48.19,0.1723211
-48.199999999999996,0.17230397
-48.21,0.17228678
-48.22,0.17226961
-48.23,0.17225248
-48.24,0.17223534
-48.25,0.17221817
-48.26,0.17220101
-48.269999999999996,0.1721839
-48.28,0.1721668
-48.29,0.1721497
-48.3,0.17213257
-48.31,0.17211547
-48.32,0.17209838
-48.33,0.17208129
-48.339999999999996,0.17206419
-48.35,0.17204717
-48.36,0.17203005
-48.37,0.17201298
-48.38,0.17199594
-48.39,0.17197888
-48.4,0.17196184
-48.41,0.17194477
-48.42,0.17192772
-48.43,0.1719107
-48.44,0.17189372
-48.449999999999996,0.17187673
-48.46,0.17185967
-48.47,0.1718427
-48.48,0.17182568
-48.49,0.17180867
-48.5,0.17179172
-48.51,0.17177474
-48.519999999999996,0.17175777
-48.53,0.17174082
-48.54,0.17172384
-48.55,0.17170691
-48.56,0.17168996
-48.57,0.17167298
-48.58,0.17165607
-48.589999999999996,0.17163917
-48.6,0.17162223
-48.61,0.17160529
-48.62,0.17158842
-48.63,0.17157148
-48.64,0.17155463
-48.65,0.17153768
-48.66,0.17152081
-48.67,0.17150396
-48.68,0.17148706
-48.69,0.1714702
-48.699999999999996,0.17145331
-48.71,0.17143652
-48.72,0.1714196
-48.73,0.1714028
-48.74,0.17138594
-48.75,0.17136917
-48.76,0.17135233
-48.769999999999996,0.17133547
-48.78,0.17131868
-48.79,0.17130193
-48.8,0.17128508
-48.81,0.17126831
-48.82,0.17125154
-48.83,0.17123473
-48.839999999999996,0.17121793
-48.85,0.1712012
-48.86,0.17118442
-48.87,0.17116764
-48.88,0.1711509
-48.89,0.17113417
-48.9,0.17111742
-48.91,0.17110068
-48.92,0.17108399
-48.93,0.17106727
-48.94,0.17105055
-48.949999999999996,0.17103383
-48.96,0.17101714
-48.97,0.17100045
-48.98,0.17098376
-48.99,0.1709671
-49.0,0.17095038
-49.01,0.17093375
-49.019999999999996,0.17091702
-49.03,0.1709004
-49.04,0.17088377
-49.05,0.17086712
-49.06,0.17085049
-49.07,0.17083384
-49.08,0.1708172
-49.089999999999996,0.17080055
-49.1,0.17078397
-49.11,0.17076734
-49.12,0.17075077
-49.13,0.17073418
-49.14,0.17071757
-49.15,0.17070097
-49.16,0.1706844
-49.17,0.17066789
-49.18,0.17065127
-49.19,0.17063472
-49.199999999999996,0.17061816
-49.21,0.17060159
-49.22,0.17058507
-49.23,0.1705685
-49.24,0.17055196
-49.25,0.17053548
-49.26,0.17051896
-49.269999999999996,0.1705024
-49.28,0.17048591
-49.29,0.17046937
-49.3,0.17045295
-49.31,0.17043644
-49.32,0.17041993
-49.33,0.17040347
-49.339999999999996,0.17038701
-49.35,0.17037055
-49.36,0.1703541
-49.37,0.17033762
-49.38,0.1703212
-49.39,0.17030475
-49.4,0.1702883
-49.41,0.17027187
-49.42,0.17025542
-49.43,0.170239
-49.44,0.17022261
-49.449999999999996,0.17020617
-49.46,0.1701898
-49.47,0.17017342
-49.48,0.17015703
-49.49,0.17014065
-49.5,0.17012426
-49.51,0.17010787
-49.519999999999996,0.17009152
-49.53,0.17007515
-49.54,0.17005879
-49.55,0.17004246
-49.56,0.17002618
-49.57,0.17000978
-49.58,0.16999345
-49.589999999999996,0.16997713
-49.6,0.16996083
-49.61,0.16994452
-49.62,0.1699282
-49.63,0.16991189
-49.64,0.16989556
-49.65,0.16987938
-49.66,0.16986303
-49.67,0.1698468
-49.68,0.1698305
-49.69,0.16981423
-49.699999999999996,0.16979796
-49.71,0.16978171
-49.72,0.16976546
-49.73,0.16974922
-49.74,0.16973299
-49.75,0.16971672
-49.76,0.16970053
-49.769999999999996,0.1696843
-49.78,0.16966814
-49.79,0.16965187
-49.8,0.1696357
-49.81,0.1696195
-49.82,0.16960335
-49.83,0.16958712
-49.839999999999996,0.16957101
-49.85,0.1695548
-49.86,0.16953863
-49.87,0.16952246
-49.88,0.16950631
-49.89,0.16949014
-49.9,0.16947398
-49.91,0.16945788
-49.92,0.16944173
-49.93,0.1694256
-49.94,0.16940948
-49.949999999999996,0.16939339
-49.96,0.16937728
-49.97,0.16936117
-49.98,0.16934507
-49.99,0.16932899
-50.0,0.16931292
-50.01,0.16929683
-50.019999999999996,0.16928077
-50.03,0.16926467
-50.04,0.16924861
-50.05,0.16923259
-50.06,0.16921651
-50.07,0.16920048
-50.08,0.16918446
-50.089999999999996,0.1691684
-50.1,0.16915236
-50.11,0.16913635
-50.12,0.16912037
-50.13,0.16910434
-50.14,0.16908836
-50.15,0.16907236
-50.16,0.16905633
-50.17,0.16904034
-50.18,0.16902435
-50.19,0.1690084
-50.199999999999996,0.16899243
-50.21,0.16897647
-50.22,0.16896051
-50.23,0.16894455
-50.24,0.1689286
-50.25,0.16891263
-50.26,0.16889673
-50.269999999999996,0.16888079
-50.28,0.1688649
-50.29,0.16884896
-50.3,0.16883303
-50.31,0.16881713
-50.32,0.16880125
-50.33,0.16878533
-50.339999999999996,0.16876948
-50.35,0.16875355
-50.36,0.16873768
-50.37,0.1687218
-50.38,0.16870597
-50.39,0.16869009
-50.4,0.1686742
-50.41,0.16865836
-50.42,0.16864254
-50.43,0.1686267
-50.44,0.16861087
-50.449999999999996,0.168595
-50.46,0.16857919
-50.47,0.1685634
-50.48,0.16854757
-50.49,0.16853173
-50.5,0.16851597
-50.51,0.16850014
-50.519999999999996,0.16848437
-50.53,0.16846862
-50.54,0.1684528
-50.55,0.1684371
-50.56,0.16842127
-50.57,0.16840552
-50.58,0.16838977
-50.589999999999996,0.168374
-50.6,0.16835827
-50.61,0.16834253
-50.62,0.16832678
-50.63,0.16831109
-50.64,0.16829535
-50.65,0.16827963
-50.66,0.16826397
-50.67,0.16824824
-50.68,0.16823252
-50.69,0.16821684
-50.699999999999996,0.16820118
-50.71,0.16818544
-50.72,0.1681698
-50.73,0.16815412
-50.74,0.16813844
-50.75,0.16812277
-50.76,0.16810717
-50.769999999999996,0.16809148
-50.78,0.16807586
-50.79,0.16806018
-50.8,0.16804457
-50.81,0.16802892
-50.82,0.16801333
-50.83,0.16799772
-50.839999999999996,0.1679821
-50.85,0.16796649
-50.86,0.1679509
-50.87,0.16793528
-50.88,0.1679197
-50.89,0.16790414
-50.9,0.16788857
-50.91,0.167873
-50.92,0.16785742
-50.93,0.1678419
-50.94,0.16782631
-50.949999999999996,0.16781077
-50.96,0.16779521
-50.97,0.16777965
-50.98,0.16776413
-50.99,0.16774859
-51.0,0.16773307
-51.01,0.16771755
-51.019999999999996,0.16770208
-51.03,0.16768658
-51.04,0.16767105
-51.05,0.16765551
-51.06,0.16764006
-51.07,0.1676246
-51.08,0.16760911
-51.089999999999996,0.16759366
-51.1,0.16757816
-51.11,0.1675627
-51.12,0.16754724
-51.13,0.16753179
-51.14,0.16751635
-51.15,0.16750091
-51.16,0.16748542
-51.17,0.16747001
-51.18,0.16745465
-51.19,0.16743922
-51.199999999999996,0.1674238
-51.21,0.16740839
-51.22,0.16739295
-51.23,0.16737756
-51.24,0.16736218
-51.25,0.1673468
-51.26,0.16733143
-51.269999999999996,0.16731602
-51.28,0.1673007
-51.29,0.16728532
-51.3,0.16726996
-51.31,0.16725457
-51.32,0.16723923
-51.33,0.16722393
-51.339999999999996,0.16720855
-51.35,0.16719325
-51.36,0.16717792
-51.37,0.16716257
-51.38,0.16714726
-51.39,0.16713199
-51.4,0.16711664
-51.41,0.16710137
-51.42,0.1670861
-51.43,0.16707075
-51.44,0.16705549
-51.449999999999996,0.16704023
-51.46,0.16702494
-51.47,0.16700964
-51.48,0.16699441
-51.49,0.16697916
-51.5,0.16696393
-51.51,0.16694866
-51.519999999999996,0.16693342
-51.53,0.16691816
-51.54,0.16690297
-51.55,0.16688773
-51.56,0.1668725
-51.57,0.16685732
-51.58,0.16684204
-51.589999999999996,0.1668269
-51.6,0.16681167
-51.61,0.16679648
-51.62,0.1667813
-51.63,0.16676614
-51.64,0.16675097
-51.65,0.1667358
-51.66,0.16672061
-51.67,0.16670543
-51.68,0.16669028
-51.69,0.16667515
-51.699999999999996,0.16666
-51.71,0.16664486
-51.72,0.1666297
-51.73,0.16661459
-51.74,0.16659948
-51.75,0.16658436
-51.76,0.16656925
-51.769999999999996,0.16655417
-51.78,0.16653901
-51.79,0.16652393
-51.8,0.16650884
-51.81,0.16649379
-51.82,0.16647866
-51.83,0.16646361
-51.839999999999996,0.1664485
-51.85,0.16643345
-51.86,0.1664184
-51.87,0.16640335
-51.88,0.1663883
-51.89,0.16637327
-51.9,0.16635817
-51.91,0.16634318
-51.92,0.16632813
-51.93,0.16631308
-51.94,0.16629812
-51.949999999999996,0.16628309
-51.96,0.16626808
-51.97,0.16625306
-51.98,0.16623807
-51.99,0.16622308
-52.0,0.16620809
-52.01,0.16619313
-52.019999999999996,0.16617814
-52.03,0.16616318
-52.04,0.16614822
-52.05,0.16613324
-52.06,0.16611826
-52.07,0.16610336
-52.08,0.1660884
-52.089999999999996,0.16607347
-52.1,0.16605854
-52.11,0.16604358
-52.12,0.16602866
-52.13,0.16601375
-52.14,0.16599885
-52.15,0.16598392
-52.16,0.16596904
-52.17,0.16595414
-52.18,0.16593924
-52.19,0.16592437
-52.199999999999996,0.16590947
-52.21,0.16589457
-52.22,0.16587967
-52.23,0.16586486
-52.24,0.16584998
-52.25,0.16583508
-52.26,0.16582026
-52.269999999999996,0.1658054
-52.28,0.16579056
-52.29,0.16577569
-52.3,0.16576087
-52.31,0.16574606
-52.32,0.16573125
-52.33,0.16571641
-52.339999999999996,0.16570166
-52.35,0.16568683
-52.36,0.165672
-52.37,0.16565719
-52.38,0.16564246
-52.39,0.16562766
-52.4,0.1656129
-52.41,0.1655981
-52.42,0.16558333
-52.43,0.16556859
-52.44,0.16555381
-52.449999999999996,0.16553906
-52.46,0.1655243
-52.47,0.16550954
-52.48,0.16549484
-52.49,0.1654801
-52.5,0.16546535
-52.51,0.16545063
-52.519999999999996,0.16543591
-52.53,0.1654212
-52.54,0.16540647
-52.55,0.16539179
-52.56,0.16537705
-52.57,0.16536236
-52.58,0.16534767
-52.589999999999996,0.165333
-52.6,0.16531834
-52.61,0.16530365
-52.62,0.165289
-52.63,0.16527432
-52.64,0.16525966
-52.65,0.165245
-52.66,0.16523036
-52.67,0.16521572
-52.68,0.1652011
-52.69,0.16518648
-52.699999999999996,0.16517183
-52.71,0.1651572
-52.72,0.1651426
-52.73,0.16512795
-52.74,0.16511336
-52.75,0.16509876
-52.76,0.16508415
-52.769999999999996,0.16506955
-52.78,0.16505498
-52.79,0.16504037
-52.8,0.16502583
-52.81,0.1650112
-52.82,0.16499665
-52.83,0.16498211
-52.839999999999996,0.16496757
-52.85,0.164953
-52.86,0.16493848
-52.87,0.16492394
-52.88,0.16490938
-52.89,0.16489485
-52.9,0.1648803
-52.91,0.16486579
-52.92,0.1648513
-52.93,0.16483678
-52.94,0.16482227
-52.949999999999996,0.16480777
-52.96,0.16479328
-52.97,0.16477877
-52.98,0.16476429
-52.99,0.16474977
-53.0,0.16473532
-53.01,0.16472083
-53.019999999999996,0.16470635
-53.03,0.1646919
-53.04,0.16467741
-53.05,0.16466299
-53.06,0.16464859
-53.07,0.16463414
-53.08,0.16461964
-53.089999999999996,0.1646052
-53.1,0.16459082
-53.11,0.1645764
-53.12,0.16456196
-53.13,0.16454756
-53.14,0.16453311
-53.15,0.16451876
-53.16,0.16450432
-53.17,0.16448995
-53.18,0.16447556
-53.19,0.16446117
-53.199999999999996,0.16444677
-53.21,0.1644324
-53.22,0.164418
-53.23,0.16440365
-53.24,0.16438933
-53.25,0.16437496
-53.26,0.16436061
-53.269999999999996,0.16434628
-53.28,0.16433196
-53.29,0.16431764
-53.3,0.16430326
-53.31,0.16428891
-53.32,0.16427463
-53.33,0.16426033
-53.339999999999996,0.164246
-53.35,0.16423169
-53.36,0.16421737
-53.37,0.1642031
-53.38,0.16418883
-53.39,0.1641745
-53.4,0.16416025
-53.41,0.16414596
-53.42,0.16413167
-53.43,0.16411743
-53.44,0.16410318
-53.449999999999996,0.1640889
-53.46,0.16407464
-53.47,0.16406041
-53.48,0.16404614
-53.49,0.16403191
-53.5,0.16401768
-53.51,0.16400349
-53.519999999999996,0.16398923
-53.53,0.16397503
-53.54,0.16396081
-53.55,0.1639466
-53.56,0.16393244
-53.57,0.16391823
-53.58,0.16390401
-53.589999999999996,0.16388983
-53.6,0.16387561
-53.61,0.16386144
-53.62,0.16384728
-53.63,0.16383311
-53.64,0.16381893
-53.65,0.1638048
-53.66,0.16379058
-53.67,0.16377643
-53.68,0.1637623
-53.69,0.1637482
-53.699999999999996,0.16373405
-53.71,0.16371989
-53.72,0.1637058
-53.73,0.16369167
-53.74,0.16367757
-53.75,0.16366345
-53.76,0.16364934
-53.769999999999996,0.16363522
-53.78,0.16362114
-53.79,0.16360705
-53.8,0.16359296
-53.81,0.16357888
-53.82,0.16356477
-53.83,0.1635507
-53.839999999999996,0.16353664
-53.85,0.16352263
-53.86,0.1635085
-53.87,0.16349444
-53.88,0.1634804
-53.89,0.1634664
-53.9,0.16345236
-53.91,0.16343832
-53.92,0.16342427
-53.93,0.16341025
-53.94,0.16339624
-53.949999999999996,0.1633822
-53.96,0.16336821
-53.97,0.1633542
-53.98,0.16334018
-53.99,0.16332617
-54.0,0.16331217
-54.01,0.16329822
-54.019999999999996,0.16328421
-54.03,0.16327024
-54.04,0.16325624
-54.05,0.16324228
-54.06,0.1632283
-54.07,0.1632144
-54.08,0.16320041
-54.089999999999996,0.16318645
-54.1,0.16317251
-54.11,0.16315857
-54.12,0.16314465
-54.13,0.1631307
-54.14,0.16311678
-54.15,0.16310284
-54.16,0.16308892
-54.17,0.16307503
-54.18,0.16306111
-54.19,0.16304722
-54.199999999999996,0.1630333
-54.21,0.16301942
-54.22,0.16300552
-54.23,0.1629917
-54.24,0.16297778
-54.25,0.16296388
-54.26,0.16294998
-54.269999999999996,0.16293615
-54.28,0.16292226
-54.29,0.16290843
-54.3,0.16289459
-54.31,0.16288075
-54.32,0.16286689
-54.33,0.16285306
-54.339999999999996,0.16283919
-54.35,0.1628254
-54.36,0.16281158
-54.37,0.16279775
-54.38,0.16278392
-54.39,0.1627701
-54.4,0.1627563
-54.41,0.16274251
-54.42,0.16272871
-54.43,0.16271491
-54.44,0.16270119
-54.449999999999996,0.16268736
-54.46,0.16267355
-54.47,0.1626598
-54.48,0.16264603
-54.49,0.16263226
-54.5,0.1626185
-54.51,0.16260481
-54.519999999999996,0.16259101
-54.53,0.16257726
-54.54,0.16256353
-54.55,0.16254976
-54.56,0.16253605
-54.57,0.16252233
-54.58,0.16250858
-54.589999999999996,0.16249488
-54.6,0.16248122
-54.61,0.16246748
-54.62,0.16245377
-54.63,0.16244006
-54.64,0.16242638
-54.65,0.16241269
-54.66,0.162399
-54.67,0.16238528
-54.68,0.16237164
-54.69,0.162358
-54.699999999999996,0.1623443
-54.71,0.16233063
-54.72,0.16231701
-54.73,0.1623033
-54.74,0.16228965
-54.75,0.162276
-54.76,0.16226238
-54.769999999999996,0.1622487
-54.78,0.16223514
-54.79,0.16222149
-54.8,0.16220786
-54.81,0.1621942
-54.82,0.16218063
-54.83,0.162167
-54.839999999999996,0.16215344
-54.85,0.16213985
-54.86,0.16212621
-54.87,0.16211264
-54.88,0.16209906
-54.89,0.16208546
-54.9,0.16207191
-54.91,0.16205834
-54.92,0.16204478
-54.93,0.1620312
-54.94,0.16201763
-54.949999999999996,0.16200411
-54.96,0.16199052
-54.97,0.16197693
-54.98,0.16196345
-54.99,0.1619499
-55.0,0.16193634
-55.01,0.16192284
-55.019999999999996,0.16190934
-55.03,0.16189581
-55.04,0.16188231
-55.05,0.1618688
-55.06,0.16185531
-55.07,0.1618418
-55.08,0.16182832
-55.089999999999996,0.16181478
-55.1,0.16180134
-55.11,0.16178784
-55.12,0.1617744
-55.13,0.16176087
-55.14,0.16174743
-55.15,0.16173393
-55.16,0.1617205
-55.17,0.16170706
-55.18,0.16169357
-55.19,0.1616801
-55.199999999999996,0.16166672
-55.21,0.16165325
-55.22,0.16163981
-55.23,0.16162643
-55.24,0.16161299
-55.25,0.16159952
-55.26,0.16158617
-55.269999999999996,0.16157272
-55.28,0.16155934
-55.29,0.1615459
-55.3,0.16153252
-55.31,0.16151913
-55.32,0.16150573
-55.33,0.16149235
-55.339999999999996,0.16147897
-55.35,0.1614656
-55.36,0.16145223
-55.37,0.16143888
-55.38,0.1614255
-55.39,0.16141218
-55.4,0.16139881
-55.41,0.16138549
-55.42,0.16137215
-55.43,0.16135876
-55.44,0.16134545
-55.449999999999996,0.1613321
-55.46,0.16131875
-55.47,0.16130543
-55.48,0.16129217
-55.49,0.16127884
-55.5,0.16126552
-55.51,0.16125225
-55.519999999999996,0.16123894
-55.53,0.16122565
-55.54,0.16121234
-55.55,0.16119906
-55.56,0.16118577
-55.57,0.1611725
-55.58,0.16115922
-55.589999999999996,0.16114593
-55.6,0.16113268
-55.61,0.16111943
-55.62,0.1611062
-55.63,0.16109292
-55.64,0.16107969
-55.65,0.16106641
-55.66,0.16105317
-55.67,0.16103995
-55.68,0.16102676
-55.69,0.1610135
-55.699999999999996,0.16100031
-55.71,0.16098705
-55.72,0.16097388
-55.73,0.16096061
-55.74,0.16094741
-55.75,0.16093421
-55.76,0.16092104
-55.769999999999996,0.16090786
-55.78,0.16089468
-55.79,0.16088149
-55.8,0.1608683
-55.81,0.16085514
-55.82,0.16084197
-55.83,0.16082883
-55.839999999999996,0.16081564
-55.85,0.16080251
-55.86,0.16078933
-55.87,0.1607762
-55.88,0.16076307
-55.89,0.16074991
-55.9,0.16073677
-55.91,0.16072369
-55.92,0.16071053
-55.93,0.1606974
-55.94,0.16068429
-55.949999999999996,0.1606712
-55.96,0.16065806
-55.97,0.160645
-55.98,0.16063185
-55.99,0.16061874
-56.0,0.16060567
-56.01,0.16059259
-56.019999999999996,0.16057953
-56.03,0.1605664
-56.04,0.16055334
-56.05,0.16054028
-56.06,0.16052724
-56.07,0.16051415
-56.08,0.16050108
-56.089999999999996,0.16048807
-56.1,0.16047499
-56.11,0.1604619
-56.12,0.16044898
-56.13,0.16043589
-56.14,0.16042283
-56.15,0.16040985
-56.16,0.1603968
-56.17,0.16038378
-56.18,0.16037078
-56.19,0.16035774
-56.199999999999996,0.16034475
-56.21,0.16033176
-56.22,0.16031873
-56.23,0.16030577
-56.24,0.16029277
-56.25,0.16027981
-56.26,0.16026682
-56.269999999999996,0.16025385
-56.28,0.16024089
-56.29,0.1602279
-56.3,0.16021493
-56.31,0.160202
-56.32,0.16018903
-56.33,0.16017607
-56.339999999999996,0.1601631
-56.35,0.16015019
-56.36,0.16013728
-56.37,0.16012432
-56.38,0.1601114
-56.39,0.16009846
-56.4,0.16008553
-56.41,0.16007261
-56.42,0.16005972
-56.43,0.16004682
-56.44,0.16003391
-56.449999999999996,0.16002104
-56.46,0.1600081
-56.47,0.15999523
-56.48,0.15998235
-56.49,0.15996945
-56.5,0.15995656
-56.51,0.15994373
-56.519999999999996,0.15993087
-56.53,0.159918
-56.54,0.1599051
-56.55,0.15989226
-56.56,0.15987939
-56.57,0.15986657
-56.58,0.1598537
-56.589999999999996,0.15984084
-56.6,0.15982807
-56.61,0.15981516
-56.62,0.15980238
-56.63,0.15978953
-56.64,0.15977672
-56.65,0.15976393
-56.66,0.15975113
-56.67,0.15973829
-56.68,0.15972552
-56.69,0.15971272
-56.699999999999996,0.15969993
-56.71,0.15968709
-56.72,0.15967433
-56.73,0.1596615
-56.74,0.15964878
-56.75,0.15963596
-56.76,0.15962324
-56.769999999999996,0.15961042
-56.78,0.1595977
-56.79,0.15958492
-56.8,0.15957218
-56.81,0.15955943
-56.82,0.15954669
-56.83,0.15953393
-56.839999999999996,0.15952122
-56.85,0.15950844
-56.86,0.15949574
-56.87,0.159483
-56.88,0.1594703
-56.89,0.15945756
-56.9,0.15944487
-56.91,0.15943216
-56.92,0.15941945
-56.93,0.15940675
-56.94,0.1593941
-56.949999999999996,0.15938136
-56.96,0.15936866
-56.97,0.15935603
-56.98,0.15934332
-56.99,0.1593306
-57.0,0.15931803
-57.01,0.1593053
-57.019999999999996,0.15929265
-57.03,0.15928
-57.04,0.15926734
-57.05,0.1592547
-57.06,0.15924205
-57.07,0.1592294
-57.08,0.15921678
-57.089999999999996,0.15920413
-57.1,0.1591915
-57.11,0.15917888
-57.12,0.15916628
-57.13,0.15915361
-57.14,0.15914103
-57.15,0.1591284
-57.16,0.15911579
-57.17,0.15910321
-57.18,0.15909061
-57.19,0.15907803
-57.199999999999996,0.15906546
-57.21,0.15905285
-57.22,0.15904024
-57.23,0.15902773
-57.24,0.15901509
-57.25,0.15900251
-57.26,0.15898995
-57.269999999999996,0.15897743
-57.28,0.15896487
-57.29,0.15895233
-57.3,0.15893975
-57.31,0.1589272
-57.32,0.15891467
-57.33,0.15890212
-57.339999999999996,0.15888959
-57.35,0.15887706
-57.36,0.15886454
-57.37,0.15885204
-57.38,0.1588395
-57.39,0.158827
-57.4,0.1588145
-57.41,0.15880199
-57.42,0.15878952
-57.43,0.15877701
-57.44,0.15876451
-57.449999999999996,0.15875202
-57.46,0.15873957
-57.47,0.15872706
-57.48,0.15871458
-57.49,0.15870209
-57.5,0.15868965
-57.51,0.15867718
-57.519999999999996,0.15866473
-57.53,0.15865228
-57.54,0.15863982
-57.55,0.15862733
-57.56,0.15861493
-57.57,0.1586025
-57.58,0.15859006
-57.589999999999996,0.15857759
-57.6,0.15856516
-57.61,0.15855277
-57.62,0.15854034
-57.63,0.15852794
-57.64,0.1585155
-57.65,0.15850309
-57.66,0.15849075
-57.67,0.1584783
-57.68,0.15846594
-57.69,0.15845355
-57.699999999999996,0.1584411
-57.71,0.15842874
-57.72,0.15841636
-57.73,0.15840395
-57.74,0.1583916
-57.75,0.15837924
-57.76,0.15836689
-57.769999999999996,0.15835452
-57.78,0.15834217
-57.79,0.15832981
-57.8,0.15831745
-57.81,0.15830511
-57.82,0.15829274
-57.83,0.15828043
-57.839999999999996,0.15826812
-57.85,0.1582558
-57.86,0.15824348
-57.87,0.15823117
-57.88,0.1582188
-57.89,0.15820652
-57.9,0.15819421
-57.91,0.15818188
-57.92,0.15816961
-57.93,0.15815729
-57.94,0.15814501
-57.949999999999996,0.1581327
-57.96,0.15812042
-57.97,0.15810813
-57.98,0.1580959
-57.99,0.1580836
-58.0,0.15807134
-58.01,0.15805902
-58.019999999999996,0.1580468
-58.03,0.15803453
-58.04,0.15802225
-58.05,0.15801007
-58.06,0.15799779
-58.07,0.15798554
-58.08,0.15797335
-58.089999999999996,0.1579611
-58.1,0.15794885
-58.11,0.15793663
-58.12,0.15792438
-58.13,0.1579122
-58.14,0.15789998
-58.15,0.15788779
-58.16,0.15787555
-58.17,0.15786333
-58.18,0.15785113
-58.19,0.15783894
-58.199999999999996,0.15782675
-58.21,0.15781459
-58.22,0.15780239
-58.23,0.15779021
-58.24,0.15777805
-58.25,0.15776587
-58.26,0.1577537
-58.269999999999996,0.15774152
-58.28,0.15772939
-58.29,0.15771718
-58.3,0.15770504
-58.31,0.15769294
-58.32,0.15768076
-58.33,0.15766859
-58.339999999999996,0.15765646
-58.35,0.15764436
-58.36,0.15763217
-58.37,0.15762007
-58.38,0.15760794
-58.39,0.15759587
-58.4,0.15758377
-58.41,0.15757161
-58.42,0.15755951
-58.43,0.15754738
-58.44,0.15753528
-58.449999999999996,0.15752319
-58.46,0.15751114
-58.47,0.15749906
-58.48,0.157487
-58.49,0.15747488
-58.5,0.1574628
-58.51,0.15745077
-58.519999999999996,0.15743868
-58.53,0.15742663
-58.54,0.15741453
-58.55,0.15740252
-58.56,0.15739045
-58.57,0.1573784
-58.58,0.1573663
-58.589999999999996,0.15735427
-58.6,0.15734227
-58.61,0.15733024
-58.62,0.1573182
-58.63,0.1573062
-58.64,0.15729415
-58.65,0.15728214
-58.66,0.1572701
-58.67,0.15725811
-58.68,0.15724611
-58.69,0.1572341
-58.699999999999996,0.15722209
-58.71,0.15721011
-58.72,0.1571981
-58.73,0.1571861
-58.74,0.15717414
-58.75,0.15716217
-58.76,0.15715015
-58.769999999999996,0.15713821
-58.78,0.15712625
-58.79,0.15711428
-58.8,0.15710229
-58.81,0.15709034
-58.82,0.15707837
-58.83,0.15706646
-58.839999999999996,0.15705448
-58.85,0.15704255
-58.86,0.15703058
-58.87,0.15701866
-58.88,0.15700674
-58.89,0.15699482
-58.9,0.15698288
-58.91,0.15697095
-58.92,0.15695906
-58.93,0.15694714
-58.94,0.15693526
-58.949999999999996,0.15692332
-58.96,0.15691142
-58.97,0.15689953
-58.98,0.15688762
-58.99,0.15687576
-59.0,0.15686382
-59.01,0.15685198
-59.019999999999996,0.15684009
-59.03,0.1568282
-59.04,0.15681635
-59.05,0.1568045
-59.06,0.15679261
-59.07,0.15678075
-59.08,0.15676887
-59.089999999999996,0.15675706
-59.1,0.15674523
-59.11,0.15673333
-59.12,0.15672147
-59.13,0.15670964
-59.14,0.15669784
-59.15,0.15668598
-59.16,0.1566742
-59.17,0.15666232
-59.18,0.15665053
-59.19,0.15663874
-59.199999999999996,0.15662691
-59.21,0.15661508
-59.22,0.1566033
-59.23,0.15659153
-59.24,0.15657973
-59.25,0.1565679
-59.26,0.15655611
-59.269999999999996,0.15654431
-59.28,0.15653253
-59.29,0.15652075
-59.3,0.15650898
-59.31,0.15649721
-59.32,0.15648547
-59.33,0.15647367
-59.339999999999996,0.15646195
-59.35,0.15645014
-59.36,0.15643841
-59.37,0.15642667
-59.38,0.1564149
-59.39,0.15640315
-59.4,0.15639143
-59.41,0.1563797
-59.42,0.15636796
-59.43,0.15635625
-59.44,0.15634452
-59.449999999999996,0.15633285
-59.46,0.15632105
-59.47,0.15630934
-59.48,0.15629768
-59.49,0.15628594
-59.5,0.15627423
-59.51,0.15626255
-59.519999999999996,0.15625088
-59.53,0.1562392
-59.54,0.15622747
-59.55,0.15621579
-59.56,0.15620413
-59.57,0.15619245
-59.58,0.1561808
-59.589999999999996,0.15616912
-59.6,0.15615743
-59.61,0.15614578
-59.62,0.15613411
-59.63,0.1561225
-59.64,0.1561108
-59.65,0.15609914
-59.66,0.15608755
-59.67,0.15607585
-59.68,0.15606427
-59.69,0.15605265
-59.699999999999996,0.156041
-59.71,0.15602937
-59.72,0.15601774
-59.73,0.15600614
-59.74,0.1559945
-59.75,0.15598293
-59.76,0.15597132
-59.769999999999996,0.15595973
-59.78,0.1559481
-59.79,0.15593654
-59.8,0.15592489
-59.81,0.15591332
-59.82,0.15590173
-59.83,0.15589017
-59.839999999999996,0.15587857
-59.85,0.15586704
-59.86,0.15585545
-59.87,0.15584384
-59.88,0.15583234
-59.89,0.15582073
-59.9,0.15580916
-59.91,0.1557976
-59.92,0.15578608
-59.93,0.1557745
-59.94,0.15576302
-59.949999999999996,0.15575144
-59.96,0.1557399
-59.97,0.15572838
-59.98,0.15571684
-59.99,0.15570536
-60.0,0.15569383
-60.01,0.15568228
-60.019999999999996,0.15567079
-60.03,0.15565929
-60.04,0.15564774
-60.05,0.15563628
-60.06,0.15562478
-60.07,0.1556133
-60.08,0.15560181
-60.089999999999996,0.15559034
-60.1,0.15557882
-60.11,0.15556733
-60.12,0.15555589
-60.13,0.15554436
-60.14,0.15553291
-60.15,0.15552142
-60.16,0.15550998
-60.17,0.1554985
-60.18,0.15548706
-60.19,0.15547562
-60.199999999999996,0.15546414
-60.21,0.1554527
-60.22,0.1554413
-60.23,0.15542981
-60.24,0.1554184
-60.25,0.15540695
-60.26,0.15539554
-60.269999999999996,0.15538411
-60.28,0.15537268
-60.29,0.15536126
-60.3,0.15534987
-60.31,0.15533844
-60.32,0.15532704
-60.33,0.15531562
-60.339999999999996,0.15530425
-60.35,0.15529284
-60.36,0.15528144
-60.37,0.15527007
-60.38,0.15525866
-60.39,0.1552473
-60.4,0.15523589
-60.41,0.15522452
-60.42,0.15521318
-60.43,0.15520176
-60.44,0.15519044
-60.449999999999996,0.15517905
-60.46,0.1551677
-60.47,0.15515631
-60.48,0.15514503
-60.49,0.15513366
-60.5,0.15512231
-60.51,0.15511099
-60.519999999999996,0.15509965
-60.53,0.15508834
-60.54,0.15507698
-60.55,0.15506567
-60.56,0.15505433
-60.57,0.155043
-60.58,0.15503171
-60.589999999999996,0.15502039
-60.6,0.15500909
-60.61,0.1549978
-60.62,0.15498647
-60.63,0.15497518
-60.64,0.15496388
-60.65,0.15495257
-60.66,0.15494129
-60.67,0.15493001
-60.68,0.15491875
-60.69,0.15490746
-60.699999999999996,0.15489617
-60.71,0.15488496
-60.72,0.15487364
-60.73,0.15486237
-60.74,0.15485111
-60.75,0.15483987
-60.76,0.15482862
-60.769999999999996,0.15481736
-60.78,0.1548061
-60.79,0.1547949
-60.8,0.15478367
-60.81,0.1547724
-60.82,0.15476117
-60.83,0.15474993
-60.839999999999996,0.15473871
-60.85,0.1547275
-60.86,0.15471627
-60.87,0.15470503
-60.88,0.15469384
-60.89,0.1546826
-60.9,0.1546714
-60.91,0.15466025
-60.92,0.15464902
-60.93,0.15463784
-60.94,0.15462662
-60.949999999999996,0.15461546
-60.96,0.15460429
-60.97,0.1545931
-60.98,0.15458189
-60.99,0.15457073
-61.0,0.15455958
-61.01,0.1545484
-61.019999999999996,0.15453723
-61.03,0.15452608
-61.04,0.15451494
-61.05,0.15450373
-61.06,0.15449262
-61.07,0.15448146
-61.08,0.1544703
-61.089999999999996,0.15445916
-61.1,0.15444803
-61.11,0.15443692
-61.12,0.15442577
-61.13,0.15441465
-61.14,0.15440354
-61.15,0.15439239
-61.16,0.15438129
-61.17,0.15437019
-61.18,0.15435904
-61.19,0.15434799
-61.199999999999996,0.15433684
-61.21,0.15432575
-61.22,0.1543147
-61.23,0.15430355
-61.24,0.1542925
-61.25,0.15428142
-61.26,0.15427029
-61.269999999999996,0.15425926
-61.28,0.15424815
-61.29,0.15423709
-61.3,0.15422603
-61.31,0.15421498
-61.32,0.15420389
-61.33,0.15419284
-61.339999999999996,0.15418178
-61.35,0.15417075
-61.36,0.1541597
-61.37,0.15414867
-61.38,0.15413758
-61.39,0.15412655
-61.4,0.15411556
-61.41,0.1541045
-61.42,0.15409349
-61.43,0.15408243
-61.44,0.15407139
-61.449999999999996,0.1540604
-61.46,0.15404937
-61.47,0.15403838
-61.48,0.15402736
-61.49,0.15401636
-61.5,0.15400538
-61.51,0.15399435
-61.519999999999996,0.15398338
-61.53,0.15397237
-61.54,0.15396139
-61.55,0.15395038
-61.56,0.15393943
-61.57,0.15392843
-61.58,0.15391746
-61.589999999999996,0.1539065
-61.6,0.15389554
-61.61,0.15388454
-61.62,0.15387356
-61.63,0.15386266
-61.64,0.15385169
-61.65,0.15384072
-61.66,0.15382978
-61.67,0.15381885
-61.68,0.15380791
-61.69,0.15379694
-61.7,0.153786
-61.71,0.15377507
-61.72,0.15376417
-61.73,0.15375319
-61.74,0.15374228
-61.75,0.1537314
-61.76,0.15372047
-61.769999999999996,0.15370956
-61.78,0.15369868
-61.79,0.15368772
-61.8,0.15367684
-61.81,0.15366593
-61.82,0.15365505
-61.83,0.15364422
-61.839999999999996,0.1536333
-61.85,0.15362242
-61.86,0.15361151
-61.87,0.15360063
-61.88,0.15358974
-61.89,0.15357888
-61.9,0.15356804
-61.91,0.15355714
-61.92,0.1535463
-61.93,0.15353541
-61.94,0.15352458
-61.95,0.15351373
-61.96,0.15350284
-61.97,0.15349203
-61.98,0.15348116
-61.99,0.15347037
-62.0,0.15345952
-62.01,0.1534487
-62.019999999999996,0.15343785
-62.03,0.15342703
-62.04,0.1534162
-62.05,0.15340537
-62.06,0.15339458
-62.07,0.15338373
-62.08,0.15337296
-62.089999999999996,0.15336218
-62.1,0.15335134
-62.11,0.15334053
-62.12,0.15332973
-62.13,0.15331891
-62.14,0.15330815
-62.15,0.15329736
-62.16,0.1532866
-62.17,0.1532758
-62.18,0.15326503
-62.19,0.15325427
-62.2,0.15324348
-62.21,0.15323272
-62.22,0.15322194
-62.23,0.1532112
-62.24,0.1532004
-62.25,0.15318972
-62.26,0.1531789
-62.269999999999996,0.15316816
-62.28,0.15315744
-62.29,0.15314665
-62.3,0.15313594
-62.31,0.15312517
-62.32,0.1531145
-62.33,0.15310374
-62.339999999999996,0.15309304
-62.35,0.15308233
-62.36,0.1530716
-62.37,0.15306088
-62.38,0.15305017
-62.39,0.15303943
-62.4,0.15302876
-62.41,0.15301801
-62.42,0.15300733
-62.43,0.15299669
-62.44,0.15298593
-62.45,0.15297529
-62.46,0.15296459
-62.47,0.1529539
-62.48,0.15294321
-62.49,0.15293258
-62.5,0.15292187
-62.51,0.15291122
-62.519999999999996,0.15290052
-62.53,0.15288988
-62.54,0.15287921
-62.55,0.15286854
-62.56,0.1528579
-62.57,0.15284723
-62.58,0.15283658
-62.589999999999996,0.15282595
-62.6,0.15281531
-62.61,0.15280466
-62.62,0.15279406
-62.63,0.1527834
-62.64,0.15277278
-62.65,0.15276212
-62.66,0.1527515
-62.67,0.1527409
-62.68,0.15273029
-62.69,0.15271968
-62.7,0.15270905
-62.71,0.15269846
-62.72,0.15268785
-62.73,0.15267724
-62.74,0.15266666
-62.75,0.15265603
-62.76,0.15264544
-62.769999999999996,0.15263489
-62.78,0.1526243
-62.79,0.1526137
-62.8,0.15260315
-62.81,0.15259258
-62.82,0.15258199
-62.83,0.15257141
-62.839999999999996,0.15256086
-62.85,0.15255028
-62.86,0.15253973
-62.87,0.15252921
-62.88,0.15251863
-62.89,0.15250808
-62.9,0.15249749
-62.91,0.152487
-62.92,0.15247647
-62.93,0.15246588
-62.94,0.15245536
-62.95,0.15244484
-62.96,0.15243435
-62.97,0.1524238
-62.98,0.15241328
-62.99,0.15240277
-63.0,0.15239224
-63.01,0.15238175
-63.019999999999996,0.1523712
-63.03,0.1523607
-63.04,0.15235022
-63.05,0.1523397
-63.06,0.1523292
-63.07,0.15231872
-63.08,0.1523082
-63.089999999999996,0.15229774
-63.1,0.15228727
-63.11,0.15227675
-63.12,0.1522663
-63.13,0.15225583
-63.14,0.15224534
-63.15,0.15223488
-63.16,0.1522244
-63.17,0.15221395
-63.18,0.15220346
-63.19,0.15219307
-63.2,0.15218258
-63.21,0.15217213
-63.22,0.15216166
-63.23,0.15215123
-63.24,0.15214077
-63.25,0.15213034
-63.26,0.15211993
-63.269999999999996,0.15210947
-63.28,0.15209907
-63.29,0.15208861
-63.3,0.15207821
-63.31,0.15206781
-63.32,0.15205738
-63.33,0.15204695
-63.339999999999996,0.15203658
-63.35,0.15202618
-63.36,0.15201575
-63.37,0.15200534
-63.38,0.15199494
-63.39,0.15198457
-63.4,0.15197419
-63.41,0.15196377
-63.42,0.15195338
-63.43,0.151943
-63.44,0.15193264
-63.45,0.15192226
-63.46,0.15191185
-63.47,0.15190148
-63.48,0.15189114
-63.49,0.15188077
-63.5,0.15187041
-63.51,0.15186009
-63.519999999999996,0.15184969
-63.53,0.15183938
-63.54,0.15182903
-63.55,0.15181866
-63.56,0.15180832
-63.57,0.151798
-63.58,0.15178764
-63.589999999999996,0.1517773
-63.6,0.15176699
-63.61,0.15175667
-63.62,0.15174632
-63.63,0.15173599
-63.64,0.15172572
-63.65,0.1517154
-63.66,0.15170506
-63.67,0.15169477
-63.68,0.15168446
-63.69,0.15167415
-63.7,0.15166385
-63.71,0.15165356
-63.72,0.15164329
-63.73,0.151633
-63.74,0.15162267
-63.75,0.15161239
-63.76,0.15160213
-63.769999999999996,0.15159181
-63.78,0.15158156
-63.79,0.15157127
-63.8,0.15156102
-63.81,0.15155077
-63.82,0.15154052
-63.83,0.15153027
-63.839999999999996,0.15151998
-63.85,0.15150973
-63.86,0.1514995
-63.87,0.15148918
-63.88,0.15147898
-63.89,0.15146875
-63.9,0.1514585
-63.91,0.15144825
-63.92,0.15143803
-63.93,0.1514278
-63.94,0.15141755
-63.95,0.15140736
-63.96,0.15139711
-63.97,0.15138689
-63.98,0.15137672
-63.99,0.15136647
-64.0,0.15135631
-64.01,0.15134607
-64.02000000000001,0.15133584
-64.03,0.15132566
-64.04,0.1513155
-64.05000000000001,0.15130526
-64.06,0.15129513
-64.07000000000001,0.15128492
-64.08000000000001,0.15127471
-64.09,0.15126453
-64.10000000000001,0.15125439
-64.11,0.15124422
-64.12,0.151234
-64.13000000000001,0.15122384
-64.14,0.15121368
-64.15,0.15120351
-64.16000000000001,0.15119335
-64.17,0.15118317
-64.18,0.15117303
-64.19000000000001,0.15116288
-64.2,0.15115273
-64.21000000000001,0.15114257
-64.22000000000001,0.15113243
-64.23,0.1511223
-64.24000000000001,0.1511122
-64.25,0.15110204
-64.26,0.1510919
-64.27000000000001,0.15108177
-64.28,0.15107165
-64.29,0.15106153
-64.30000000000001,0.15105137
-64.31,0.1510413
-64.32000000000001,0.15103117
-64.33000000000001,0.15102103
-64.34,0.15101099
-64.35000000000001,0.15100089
-64.36,0.15099072
-64.37,0.15098067
-64.38000000000001,0.15097058
-64.39,0.15096046
-64.4,0.1509504
-64.41000000000001,0.15094027
-64.42,0.15093018
-64.43,0.15092012
-64.44000000000001,0.15091005
-64.45,0.15089998
-64.46000000000001,0.1508899
-64.47000000000001,0.15087982
-64.48,0.15086976
-64.49000000000001,0.15085971
-64.5,0.15084966
-64.51,0.15083963
-64.52000000000001,0.15082955
-64.53,0.15081951
-64.54,0.15080944
-64.55000000000001,0.15079942
-64.56,0.15078935
-64.57000000000001,0.15077932
-64.58000000000001,0.15076926
-64.59,0.15075926
-64.60000000000001,0.1507492
-64.61,0.15073916
-64.62,0.15072918
-64.63000000000001,0.15071915
-64.64,0.1507091
-64.65,0.1506991
-64.66000000000001,0.1506891
-64.67,0.1506791
-64.68,0.1506691
-64.69000000000001,0.15065908
-64.7,0.15064904
-64.71000000000001,0.15063906
-64.72000000000001,0.15062907
-64.73,0.15061909
-64.74000000000001,0.15060908
-64.75,0.15059909
-64.76,0.15058911
-64.77000000000001,0.15057915
-64.78,0.15056919
-64.79,0.15055922
-64.80000000000001,0.1505492
-64.81,0.15053922
-64.82000000000001,0.1505293
-64.83000000000001,0.15051931
-64.84,0.15050936
-64.85000000000001,0.1504994
-64.86,0.15048942
-64.87,0.15047945
-64.88000000000001,0.15046956
-64.89,0.15045956
-64.9,0.15044966
-64.91000000000001,0.15043971
-64.92,0.15042976
-64.93,0.15041983
-64.94000000000001,0.15040988
-64.95,0.15039992
-64.96000000000001,0.15039
-64.97000000000001,0.15038007
-64.98,0.15037021
-64.99000000000001,0.15036027
-65.0,0.15035033
-65.01,0.15034044
-65.02000000000001,0.15033051
-65.03,0.15032065
-65.04,0.15031071
-65.05000000000001,0.15030082
-65.06,0.15029094
-65.07000000000001,0.15028101
-65.08000000000001,0.15027115
-65.09,0.15026127
-65.10000000000001,0.15025139
-65.11,0.15024146
-65.12,0.15023161
-65.13000000000001,0.1502217
-65.14,0.15021184
-65.15,0.15020198
-65.16000000000001,0.15019211
-65.17,0.15018226
-65.18,0.1501724
-65.19000000000001,0.15016253
-65.2,0.15015268
-65.21000000000001,0.15014282
-65.22000000000001,0.15013297
-65.23,0.15012312
-65.24000000000001,0.15011325
-65.25,0.15010342
-65.26,0.15009359
-65.27000000000001,0.15008378
-65.28,0.15007392
-65.29,0.15006411
-65.30000000000001,0.15005423
-65.31,0.15004441
-65.32000000000001,0.15003459
-65.33000000000001,0.15002477
-65.34,0.15001494
-65.35000000000001,0.1500051
-65.36,0.1499953
-65.37,0.14998552
-65.38000000000001,0.14997573
-65.39,0.14996593
-65.4,0.1499561
-65.41000000000001,0.14994633
-65.42,0.1499365
-65.43,0.14992672
-65.44000000000001,0.14991692
-65.45,0.14990717
-65.46000000000001,0.14989737
-65.47000000000001,0.14988762
-65.48,0.14987782
-65.49000000000001,0.14986801
-65.5,0.14985824
-65.51,0.14984849
-65.52000000000001,0.14983875
-65.53,0.14982897
-65.54,0.1498192
-65.55000000000001,0.14980944
-65.56,0.1497997
-65.57000000000001,0.14978991
-65.58000000000001,0.14978018
-65.59,0.14977047
-65.60000000000001,0.14976074
-65.61,0.14975095
-65.62,0.14974117
-65.63000000000001,0.14973149
-65.64,0.14972174
-65.65,0.14971203
-65.66000000000001,0.14970225
-65.67,0.14969257
-65.68,0.14968283
-65.69000000000001,0.1496731
-65.7,0.14966345
-65.71000000000001,0.14965367
-65.72000000000001,0.14964399
-65.73,0.1496343
-65.74000000000001,0.14962459
-65.75,0.14961484
-65.76,0.14960518
-65.77000000000001,0.14959545
-65.78,0.14958577
-65.79,0.1495761
-65.80000000000001,0.14956641
-65.81,0.14955673
-65.82000000000001,0.14954707
-65.83000000000001,0.14953735
-65.84,0.14952767
-65.85000000000001,0.14951803
-65.86,0.14950828
-65.87,0.14949867
-65.88000000000001,0.14948899
-65.89,0.14947933
-65.9,0.14946967
-65.91000000000001,0.14946005
-65.92,0.14945036
-65.93,0.14944074
-65.94000000000001,0.14943105
-65.95,0.1494214
-65.96000000000001,0.1494118
-65.97000000000001,0.14940213
-65.98,0.14939247
-65.99000000000001,0.14938286
-66.0,0.14937325
-66.01,0.14936355
-66.02000000000001,0.14935397
-66.03,0.14934433
-66.04,0.1493347
-66.05000000000001,0.14932509
-66.06,0.14931549
-66.07000000000001,0.1493059
-66.08000000000001,0.14929627
-66.09,0.14928664
-66.10000000000001,0.14927703
-66.11,0.14926745
-66.12,0.14925788
-66.13000000000001,0.14924824
-66.14,0.14923863
-66.15,0.14922906
-66.16000000000001,0.14921942
-66.17,0.14920984
-66.18,0.14920026
-66.19000000000001,0.14919074
-66.2,0.14918116
-66.21000000000001,0.14917156
-66.22000000000001,0.14916196
-66.23,0.14915243
-66.24000000000001,0.14914283
-66.25,0.14913327
-66.26,0.14912371
-66.27000000000001,0.14911418
-66.28,0.1491046
-66.29,0.14909506
-66.30000000000001,0.14908552
-66.31,0.14907596
-66.32000000000001,0.14906642
-66.33000000000001,0.14905684
-66.34,0.14904734
-66.35000000000001,0.14903778
-66.36,0.14902824
-66.37,0.1490187
-66.38000000000001,0.1490092
-66.39,0.14899966
-66.4,0.14899012
-66.41000000000001,0.14898065
-66.42,0.14897114
-66.43,0.14896159
-66.44000000000001,0.14895207
-66.45,0.14894257
-66.46000000000001,0.14893305
-66.47000000000001,0.14892355
-66.48,0.14891404
-66.49000000000001,0.14890456
-66.5,0.14889504
-66.51,0.14888556
-66.52000000000001,0.14887607
-66.53,0.14886658
-66.54,0.14885707
-66.55000000000001,0.1488476
-66.56,0.14883813
-66.57000000000001,0.14882866
-66.58000000000001,0.1488192
-66.59,0.14880969
-66.60000000000001,0.14880028
-66.61,0.14879075
-66.62,0.14878131
-66.63000000000001,0.14877185
-66.64,0.1487624
-66.65,0.14875293
-66.66000000000001,0.14874348
-66.67,0.148734
-66.68,0.14872456
-66.69000000000001,0.14871515
-66.7,0.14870572
-66.71000000000001,0.14869624
-66.72000000000001,0.14868683
-66.73,0.14867738
-66.74000000000001,0.14866795
-66.75,0.1486585
-66.76,0.14864905
-66.77000000000001,0.14863968
-66.78,0.14863026
-66.79,0.14862081
-66.80000000000001,0.1486114
-66.81,0.14860204
-66.82000000000001,0.14859259
-66.83000000000001,0.14858319
-66.84,0.14857379
-66.85000000000001,0.14856443
-66.86,0.14855498
-66.87,0.1485456
-66.88000000000001,0.14853619
-66.89,0.14852679
-66.9,0.1485174
-66.91000000000001,0.14850801
-66.92,0.14849862
-66.93,0.14848927
-66.94000000000001,0.14847985
-66.95,0.14847052
-66.96000000000001,0.1484611
-66.97000000000001,0.14845175
-66.98,0.14844236
-66.99000000000001,0.14843306
-67.0,0.14842364
-67.01,0.14841428
-67.02000000000001,0.14840496
-67.03,0.1483956
-67.04,0.14838624
-67.05000000000001,0.14837688
-67.06,0.14836755
-67.07000000000001,0.14835823
-67.08000000000001,0.14834885
-67.09,0.1483395
-67.10000000000001,0.14833021
-67.11,0.14832084
-67.12,0.1483115
-67.13000000000001,0.14830217
-67.14,0.1482929
-67.15,0.14828357
-67.16000000000001,0.14827421
-67.17,0.14826488
-67.18,0.1482556
-67.19000000000001,0.14824629
-67.2,0.14823695
-67.21000000000001,0.14822766
-67.22000000000001,0.14821838
-67.23,0.14820907
-67.24000000000001,0.14819975
-67.25,0.14819045
-67.26,0.14818117
-67.27000000000001,0.14817189
-67.28,0.1481626
-67.29,0.14815329
-67.30000000000001,0.148144
-67.31,0.14813478
-67.32000000000001,0.14812545
-67.33000000000001,0.14811617
-67.34,0.1481069
-67.35000000000001,0.14809763
-67.36,0.14808835
-67.37,0.14807907
-67.38000000000001,0.14806986
-67.39,0.14806058
-67.4,0.1480513
-67.41000000000001,0.14804205
-67.42,0.14803281
-67.43,0.14802359
-67.44000000000001,0.14801434
-67.45,0.14800507
-67.46000000000001,0.14799583
-67.47000000000001,0.14798656
-67.48,0.14797735
-67.49000000000001,0.14796811
-67.5,0.14795889
-67.51,0.14794962
-67.52000000000001,0.1479404
-67.53,0.14793119
-67.54,0.14792198
-67.55000000000001,0.14791276
-67.56,0.14790356
-67.57000000000001,0.14789434
-67.58000000000001,0.14788514
-67.59,0.14787592
-67.60000000000001,0.14786673
-67.61,0.14785749
-67.62,0.14784828
-67.63000000000001,0.14783911
-67.64,0.14782992
-67.65,0.14782071
-67.66000000000001,0.14781153
-67.67,0.14780238
-67.68,0.14779314
-67.69000000000001,0.14778396
-67.7,0.14777485
-67.71000000000001,0.1477656
-67.72000000000001,0.14775644
-67.73,0.14774725
-67.74000000000001,0.1477381
-67.75,0.14772892
-67.76,0.14771977
-67.77000000000001,0.14771062
-67.78,0.14770144
-67.79,0.1476923
-67.80000000000001,0.14768311
-67.81,0.147674
-67.82000000000001,0.1476648
-67.83000000000001,0.14765567
-67.84,0.14764653
-67.85000000000001,0.1476374
-67.86,0.14762825
-67.87,0.14761911
-67.88000000000001,0.14760998
-67.89,0.14760086
-67.9,0.14759174
-67.91000000000001,0.14758259
-67.92,0.14757349
-67.93,0.14756437
-67.94000000000001,0.14755523
-67.95,0.14754617
-67.96000000000001,0.14753702
-67.97000000000001,0.1475279
-67.98,0.14751878
-67.99000000000001,0.1475097
-68.0,0.14750059
-68.01,0.1474915
-68.02000000000001,0.14748237
-68.03,0.14747328
-68.04,0.1474642
-68.05000000000001,0.1474551
-68.06,0.14744604
-68.07000000000001,0.14743692
-68.08000000000001,0.14742781
-68.09,0.14741877
-68.10000000000001,0.14740968
-68.11,0.14740059
-68.12,0.14739151
-68.13000000000001,0.14738248
-68.14,0.14737341
-68.15,0.14736433
-68.16000000000001,0.14735529
-68.17,0.14734623
-68.18,0.14733717
-68.19000000000001,0.1473281
-68.2,0.14731906
-68.21000000000001,0.14730996
-68.22000000000001,0.14730094
-68.23,0.14729193
-68.24000000000001,0.14728287
-68.25,0.14727384
-68.26,0.1472648
-68.27000000000001,0.14725575
-68.28,0.14724672
-68.29,0.14723767
-68.30000000000001,0.14722864
-68.31,0.1472196
-68.32000000000001,0.1472106
-68.33000000000001,0.1472016
-68.34,0.14719261
-68.35000000000001,0.14718358
-68.36000000000001,0.14717457
-68.37,0.14716554
-68.38000000000001,0.14715654
-68.39,0.14714754
-68.4,0.14713854
-68.41000000000001,0.14712954
-68.42,0.14712054
-68.43,0.14711152
-68.44000000000001,0.14710256
-68.45,0.14709358
-68.46000000000001,0.14708456
-68.47000000000001,0.14707561
-68.48,0.14706656
-68.49000000000001,0.1470576
-68.5,0.14704865
-68.51,0.14703968
-68.52000000000001,0.14703071
-68.53,0.14702174
-68.54,0.14701274
-68.55000000000001,0.1470038
-68.56,0.14699481
-68.57000000000001,0.14698586
-68.58000000000001,0.1469769
-68.59,0.14696798
-68.60000000000001,0.146959
-68.61000000000001,0.14695
-68.62,0.14694111
-68.63000000000001,0.14693215
-68.64,0.1469232
-68.65,0.14691429
-68.66000000000001,0.14690533
-68.67,0.14689639
-68.68,0.14688748
-68.69000000000001,0.14687851
-68.7,0.1468696
-68.71000000000001,0.14686067
-68.72000000000001,0.14685175
-68.73,0.14684284
-68.74000000000001,0.1468339
-68.75,0.14682499
-68.76,0.14681609
-68.77000000000001,0.14680713
-68.78,0.14679824
-68.79,0.14678933
-68.80000000000001,0.14678046
-68.81,0.14677155
-68.82000000000001,0.14676264
-68.83000000000001,0.14675374
-68.84,0.14674485
-68.85000000000001,0.14673597
-68.86000000000001,0.14672706
-68.87,0.14671819
-68.88000000000001,0.1467093
-68.89,0.14670043
-68.9,0.14669156
-68.91000000000001,0.1466827
-68.92,0.1466738
-68.93,0.14666493
-68.94000000000001,0.14665605
-68.95,0.14664719
-68.96000000000001,0.1466383
-68.97000000000001,0.14662948
-68.98,0.14662063
-68.99000000000001,0.14661174
-69.0,0.14660291
-69.01,0.14659402
-69.02000000000001,0.1465852
-69.03,0.14657637
-69.04,0.14656752
-69.05000000000001,0.14655866
-69.06,0.14654982
-69.07000000000001,0.146541
-69.08000000000001,0.14653221
-69.09,0.14652333
-69.10000000000001,0.1465145
-69.11000000000001,0.14650562
-69.12,0.14649683
-69.13000000000001,0.14648801
-69.14,0.14647919
-69.15,0.14647037
-69.16000000000001,0.14646155
-69.17,0.14645274
-69.18,0.14644389
-69.19000000000001,0.14643508
-69.2,0.14642629
-69.21000000000001,0.1464175
-69.22000000000001,0.1464087
-69.23,0.14639989
-69.24000000000001,0.14639111
-69.25,0.1463823
-69.26,0.14637354
-69.27000000000001,0.14636475
-69.28,0.14635593
-69.29,0.14634715
-69.30000000000001,0.1463384
-69.31,0.14632964
-69.32000000000001,0.14632085
-69.33000000000001,0.14631204
-69.34,0.14630328
-69.35000000000001,0.14629456
-69.36000000000001,0.14628577
-69.37,0.14627698
-69.38000000000001,0.14626822
-69.39,0.14625946
-69.4,0.14625072
-69.41000000000001,0.14624193
-69.42,0.14623323
-69.43,0.14622444
-69.44000000000001,0.14621568
-69.45,0.14620695
-69.46000000000001,0.14619821
-69.47000000000001,0.14618948
-69.48,0.14618075
-69.49000000000001,0.14617199
-69.5,0.14616328
-69.51,0.14615455
-69.52000000000001,0.14614579
-69.53,0.14613712
-69.54,0.14612837
-69.55000000000001,0.14611965
-69.56,0.14611092
-69.57000000000001,0.14610222
-69.58000000000001,0.14609349
-69.59,0.14608476
-69.60000000000001,0.14607608
-69.61000000000001,0.14606734
-69.62,0.14605865
-69.63000000000001,0.14604998
-69.64,0.14604124
-69.65,0.14603256
-69.66000000000001,0.14602387
-69.67,0.14601517
-69.68,0.14600646
-69.69000000000001,0.14599779
-69.7,0.14598912
-69.71000000000001,0.14598039
-69.72000000000001,0.14597172
-69.73,0.14596303
-69.74000000000001,0.14595437
-69.75,0.14594568
-69.76,0.14593703
-69.77000000000001,0.14592838
-69.78,0.14591968
-69.79,0.14591105
-69.80000000000001,0.14590237
-69.81,0.1458937
-69.82000000000001,0.14588505
-69.83000000000001,0.14587638
-69.84,0.14586775
-69.85000000000001,0.14585909
-69.86000000000001,0.14585042
-69.87,0.1458418
-69.88000000000001,0.14583315
-69.89,0.14582452
-69.9,0.14581588
-69.91000000000001,0.14580724
-69.92,0.14579862
-69.93,0.14579
-69.94000000000001,0.14578134
-69.95,0.14577273
-69.96000000000001,0.14576408
-69.97000000000001,0.14575548
-69.98,0.14574683
-69.99000000000001,0.14573821
-70.0,0.14572966
-70.01,0.14572096
-70.02000000000001,0.14571238
-70.03,0.1457038
-70.04,0.14569518
-70.05000000000001,0.14568657
-70.06,0.14567798
-70.07000000000001,0.1456694
-70.08000000000001,0.14566076
-70.09,0.14565217
-70.10000000000001,0.14564362
-70.11000000000001,0.14563504
-70.12,0.14562643
-70.13000000000001,0.14561781
-70.14,0.14560926
-70.15,0.1456007
-70.16000000000001,0.14559208
-70.17,0.14558351
-70.18,0.14557496
-70.19000000000001,0.14556637
-70.2,0.14555779
-70.21000000000001,0.14554927
-70.22000000000001,0.14554068
-70.23,0.1455321
-70.24000000000001,0.14552358
-70.25,0.14551497
-70.26,0.14550644
-70.27000000000001,0.14549787
-70.28,0.14548935
-70.29,0.14548078
-70.30000000000001,0.14547226
-70.31,0.1454637
-70.32000000000001,0.14545517
-70.33000000000001,0.1454466
-70.34,0.14543809
-70.35000000000001,0.14542954
-70.36000000000001,0.14542101
-70.37,0.1454125
-70.38000000000001,0.14540398
-70.39,0.14539543
-70.4,0.1453869
-70.41000000000001,0.1453784
-70.42,0.14536989
-70.43,0.14536138
-70.44000000000001,0.14535287
-70.45,0.14534433
-70.46000000000001,0.14533585
-70.47000000000001,0.14532733
-70.48,0.1453188
-70.49000000000001,0.14531033
-70.5,0.14530179
-70.51,0.14529337
-70.52000000000001,0.14528483
-70.53,0.14527634
-70.54,0.14526784
-70.55000000000001,0.14525935
-70.56,0.14525086
-70.57000000000001,0.1452424
-70.58000000000001,0.1452339
-70.59,0.14522547
-70.60000000000001,0.14521697
-70.61000000000001,0.14520851
-70.62,0.14520001
-70.63000000000001,0.14519155
-70.64,0.14518309
-70.65,0.14517461
-70.66000000000001,0.14516611
-70.67,0.14515767
-70.68,0.14514925
-70.69000000000001,0.14514078
-70.7,0.1451323
-70.71000000000001,0.14512385
-70.72000000000001,0.14511539
-70.73,0.145107
-70.74000000000001,0.14509852
-70.75,0.14509007
-70.76,0.14508165
-70.77000000000001,0.14507322
-70.78,0.1450648
-70.79,0.14505632
-70.80000000000001,0.1450479
-70.81,0.14503948
-70.82000000000001,0.14503108
-70.83000000000001,0.14502265
-70.84,0.1450142
-70.85000000000001,0.14500578
-70.86000000000001,0.14499736
-70.87,0.14498897
-70.88000000000001,0.14498055
-70.89,0.14497213
-70.9,0.14496371
-70.91000000000001,0.1449553
-70.92,0.1449469
-70.93,0.1449385
-70.94000000000001,0.14493012
-70.95,0.14492172
-70.96000000000001,0.14491332
-70.97000000000001,0.14490494
-70.98,0.1448965
-70.99000000000001,0.14488818
-71.0,0.14487979
-71.01,0.14487138
-71.02000000000001,0.14486301
-71.03,0.1448546
-71.04,0.14484626
-71.05000000000001,0.14483786
-71.06,0.14482951
-71.07000000000001,0.14482117
-71.08000000000001,0.14481279
-71.09,0.14480442
-71.10000000000001,0.14479607
-71.11000000000001,0.14478768
-71.12,0.14477932
-71.13000000000001,0.14477094
-71.14,0.1447626
-71.15,0.14475426
-71.16000000000001,0.14474592
-71.17,0.14473754
-71.18,0.14472923
-71.19000000000001,0.14472088
-71.2,0.14471252
-71.21000000000001,0.1447042
-71.22000000000001,0.14469585
-71.23,0.14468753
-71.24000000000001,0.14467919
-71.25,0.14467084
-71.26,0.14466256
-71.27000000000001,0.14465424
-71.28,0.14464583
-71.29,0.14463757
-71.30000000000001,0.14462927
-71.31,0.14462095
-71.32000000000001,0.14461266
-71.33000000000001,0.14460433
-71.34,0.14459601
-71.35000000000001,0.1445877
-71.36000000000001,0.14457941
-71.37,0.1445711
-71.38000000000001,0.14456275
-71.39,0.14455447
-71.4,0.14454617
-71.41000000000001,0.14453791
-71.42,0.14452961
-71.43,0.14452133
-71.44000000000001,0.14451301
-71.45,0.14450476
-71.46000000000001,0.14449646
-71.47000000000001,0.14448819
-71.48,0.14447987
-71.49000000000001,0.14447159
-71.5,0.14446333
-71.51,0.14445508
-71.52000000000001,0.14444676
-71.53,0.14443852
-71.54,0.14443028
-71.55000000000001,0.14442198
-71.56,0.14441374
-71.57000000000001,0.14440548
-71.58000000000001,0.14439723
-71.59,0.14438896
-71.60000000000001,0.14438072
-71.61000000000001,0.14437246
-71.62,0.14436421
-71.63000000000001,0.144356
-71.64,0.14434776
-71.65,0.14433947
-71.66000000000001,0.14433128
-71.67,0.14432302
-71.68,0.14431483
-71.69000000000001,0.14430657
-71.7,0.14429834
-71.71000000000001,0.14429009
-71.72000000000001,0.1442819
-71.73,0.14427364
-71.74000000000001,0.14426544
-71.75,0.1442572
-71.76,0.14424899
-71.77000000000001,0.14424077
-71.78,0.14423254
-71.79,0.14422438
-71.80000000000001,0.14421615
-71.81,0.14420794
-71.82000000000001,0.14419974
-71.83000000000001,0.14419155
-71.84,0.14418338
-71.85000000000001,0.14417513
-71.86000000000001,0.14416695
-71.87,0.14415872
-71.88000000000001,0.14415056
-71.89,0.14414239
-71.9,0.14413418
-71.91000000000001,0.144126
-71.92,0.14411783
-71.93,0.14410964
-71.94000000000001,0.14410143
-71.95,0.14409329
-71.96000000000001,0.14408514
-71.97000000000001,0.14407691
-71.98,0.14406875
-71.99000000000001,0.14406061
-72.0,0.14405245
-72.01,0.14404428
-72.02000000000001,0.14403611
-72.03,0.14402798
-72.04,0.14401978
-72.05000000000001,0.14401165
-72.06,0.14400348
-72.07000000000001,0.14399534
-72.08000000000001,0.14398718
-72.09,0.14397904
-72.10000000000001,0.1439709
-72.11000000000001,0.1439628
-72.12,0.14395462
-72.13000000000001,0.1439465
-72.14,0.14393836
-72.15,0.14393023
-72.16000000000001,0.14392212
-72.17,0.14391395
-72.18,0.14390583
-72.19000000000001,0.14389773
-72.2,0.1438896
-72.21000000000001,0.14388144
-72.22000000000001,0.14387338
-72.23,0.1438652
-72.24000000000001,0.1438571
-72.25,0.14384906
-72.26,0.14384094
-72.27000000000001,0.14383283
-72.28,0.1438247
-72.29,0.1438166
-72.30000000000001,0.14380851
-72.31,0.14380044
-72.32000000000001,0.14379232
-72.33000000000001,0.1437842
-72.34,0.14377613
-72.35000000000001,0.14376801
-72.36000000000001,0.1437599
-72.37,0.14375186
-72.38000000000001,0.1437438
-72.39,0.14373568
-72.4,0.14372763
-72.41000000000001,0.14371955
-72.42,0.14371145
-72.43,0.1437034
-72.44000000000001,0.1436953
-72.45,0.14368725
-72.46000000000001,0.14367922
-72.47000000000001,0.14367113
-72.48,0.14366308
-72.49000000000001,0.14365503
-72.5,0.14364694
-72.51,0.14363891
-72.52000000000001,0.14363086
-72.53,0.14362279
-72.54,0.14361474
-72.55000000000001,0.1436067
-72.56,0.14359865
-72.57000000000001,0.14359063
-72.58000000000001,0.14358258
-72.59,0.1435745
-72.60000000000001,0.14356649
-72.61000000000001,0.14355847
-72.62,0.14355043
-72.63000000000001,0.14354241
-72.64,0.14353436
-72.65,0.14352635
-72.66000000000001,0.14351833
-72.67,0.14351028
-72.68,0.1435023
-72.69000000000001,0.14349428
-72.7,0.14348628
-72.71000000000001,0.1434782
-72.72000000000001,0.14347023
-72.73,0.14346221
-72.74000000000001,0.14345421
-72.75,0.1434462
-72.76,0.14343822
-72.77000000000001,0.14343019
-72.78,0.14342222
-72.79,0.14341421
-72.80000000000001,0.14340624
-72.81,0.14339823
-72.82000000000001,0.14339024
-72.83000000000001,0.14338222
-72.84,0.14337426
-72.85000000000001,0.14336628
-72.86000000000001,0.14335828
-72.87,0.1433503
-72.88000000000001,0.14334238
-72.89,0.14333439
-72.9,0.14332642
-72.91000000000001,0.14331843
-72.92,0.14331046
-72.93,0.14330247
-72.94000000000001,0.14329453
-72.95,0.14328656
-72.96000000000001,0.14327858
-72.97000000000001,0.14327064
-72.98,0.14326267
-72.99000000000001,0.14325473
-73.0,0.14324678
-73.01,0.14323881
-73.02000000000001,0.14323089
-73.03,0.14322293
-73.04,0.143215
-73.05000000000001,0.14320706
-73.06,0.14319912
-73.07000000000001,0.14319116
-73.08000000000001,0.14318322
-73.09,0.14317533
-73.10000000000001,0.14316738
-73.11000000000001,0.14315945
-73.12,0.1431515
-73.13000000000001,0.1431436
-73.14,0.1431357
-73.15,0.14312777
-73.16000000000001,0.14311983
-73.17,0.14311191
-73.18,0.14310399
-73.19000000000001,0.14309607
-73.2,0.14308816
-73.21000000000001,0.14308025
-73.22000000000001,0.14307237
-73.23,0.14306444
-73.24000000000001,0.14305657
-73.25,0.14304867
-73.26,0.14304073
-73.27000000000001,0.14303285
-73.28,0.14302495
-73.29,0.14301702
-73.30000000000001,0.14300919
-73.31,0.14300132
-73.32000000000001,0.14299344
-73.33000000000001,0.1429855
-73.34,0.14297763
-73.35000000000001,0.14296976
-73.36000000000001,0.14296186
-73.37,0.14295402
-73.38000000000001,0.14294614
-73.39,0.14293826
-73.4,0.14293039
-73.41000000000001,0.14292252
-73.42,0.14291462
-73.43,0.14290681
-73.44000000000001,0.14289895
-73.45,0.14289111
-73.46000000000001,0.14288321
-73.47000000000001,0.14287534
-73.48,0.1428675
-73.49000000000001,0.14285967
-73.5,0.1428518
-73.51,0.14284398
-73.52000000000001,0.14283612
-73.53,0.14282829
-73.54,0.14282042
-73.55000000000001,0.14281258
-73.56,0.14280476
-73.57000000000001,0.14279693
-73.58000000000001,0.14278907
-73.59,0.14278126
-73.60000000000001,0.14277343
-73.61000000000001,0.14276561
-73.62,0.14275779
-73.63000000000001,0.14274995
-73.64,0.14274213
-73.65,0.14273435
-73.66000000000001,0.14272648
-73.67,0.14271867
-73.68,0.1427109
-73.69000000000001,0.14270306
-73.7,0.14269525
-73.71000000000001,0.14268744
-73.72000000000001,0.14267963
-73.73,0.14267185
-73.74000000000001,0.14266407
-73.75,0.14265627
-73.76,0.14264846
-73.77000000000001,0.14264067
-73.78,0.14263286
-73.79,0.14262506
-73.80000000000001,0.14261732
-73.81,0.14260954
-73.82000000000001,0.14260173
-73.83000000000001,0.14259395
-73.84,0.14258616
-73.85000000000001,0.1425784
-73.86000000000001,0.14257059
-73.87,0.14256284
-73.88000000000001,0.14255503
-73.89,0.14254728
-73.9,0.14253952
-73.91000000000001,0.1425317
-73.92,0.14252399
-73.93,0.14251623
-73.94000000000001,0.14250846
-73.95,0.1425007
-73.96000000000001,0.14249295
-73.97000000000001,0.14248522
-73.98,0.14247745
-73.99000000000001,0.14246967
-74.0,0.14246196
-74.01,0.1424542
-74.02000000000001,0.14244646
-74.03,0.1424387
-74.04,0.14243095
-74.05000000000001,0.14242324
-74.06,0.1424155
-74.07000000000001,0.14240777
-74.08000000000001,0.14240004
-74.09,0.14239228
-74.10000000000001,0.14238459
-74.11000000000001,0.14237686
-74.12,0.14236909
-74.13000000000001,0.14236139
-74.14,0.14235365
-74.15,0.14234596
-74.16000000000001,0.14233825
-74.17,0.14233053
-74.18,0.1423228
-74.19000000000001,0.14231515
-74.2,0.14230742
-74.21000000000001,0.14229971
-74.22000000000001,0.14229202
-74.23,0.1422843
-74.24000000000001,0.14227659
-74.25,0.1422689
-74.26,0.1422612
-74.27000000000001,0.14225352
-74.28,0.1422458
-74.29,0.14223811
-74.30000000000001,0.14223042
-74.31,0.14222273
-74.32000000000001,0.14221506
-74.33000000000001,0.14220738
-74.34,0.14219972
-74.35000000000001,0.14219204
-74.36000000000001,0.14218438
-74.37,0.1421767
-74.38000000000001,0.142169
-74.39,0.14216137
-74.4,0.14215365
-74.41000000000001,0.14214598
-74.42,0.1421383
-74.43,0.14213064
-74.44000000000001,0.14212301
-74.45,0.14211535
-74.46000000000001,0.1421077
-74.47000000000001,0.14210005
-74.48,0.14209235
-74.49000000000001,0.14208476
-74.5,0.14207709
-74.51,0.14206941
-74.52000000000001,0.14206177
-74.53,0.14205417
-74.54,0.1420465
-74.55000000000001,0.14203885
-74.56,0.14203124
-74.57000000000001,0.14202358
-74.58000000000001,0.14201595
-74.59,0.14200833
-74.60000000000001,0.1420007
-74.61000000000001,0.14199308
-74.62,0.14198549
-74.63000000000001,0.14197786
-74.64,0.14197019
-74.65,0.1419626
-74.66000000000001,0.14195496
-74.67,0.14194734
-74.68,0.14193973
-74.69000000000001,0.14193213
-74.7,0.14192455
-74.71000000000001,0.14191693
-74.72000000000001,0.14190933
-74.73,0.1419017
-74.74000000000001,0.1418941
-74.75,0.1418865
-74.76,0.14187893
-74.77000000000001,0.14187133
-74.78,0.1418637
-74.79,0.1418561
-74.80000000000001,0.14184856
-74.81,0.141841
-74.82000000000001,0.14183336
-74.83000000000001,0.14182581
-74.84,0.1418182
-74.85000000000001,0.14181063
-74.86000000000001,0.14180301
-74.87,0.14179546
-74.88000000000001,0.14178789
-74.89,0.14178032
-74.9,0.14177275
-74.91000000000001,0.14176518
-74.92,0.1417576
-74.93,0.14175005
-74.94000000000001,0.14174248
-74.95,0.14173491
-74.96000000000001,0.14172734
-74.97000000000001,0.14171979
-74.98,0.14171225
-74.99000000000001,0.14170474
-75.0,0.14169715
-75.01,0.14168963
-75.02000000000001,0.14168204
-75.03,0.14167449
-75.04,0.14166696
-75.05000000000001,0.14165941
-75.06,0.1416519
-75.07000000000001,0.14164436
-75.08000000000001,0.14163676
-75.09,0.14162925
-75.10000000000001,0.14162177
-75.11000000000001,0.1416142
-75.12,0.14160667
-75.13000000000001,0.14159918
-75.14,0.14159167
-75.15,0.14158411
-75.16000000000001,0.1415766
-75.17,0.14156911
-75.18,0.14156154
-75.19000000000001,0.14155403
-75.2,0.14154655
-75.21000000000001,0.14153907
-75.22000000000001,0.14153151
-75.23,0.14152405
-75.24000000000001,0.14151652
-75.25,0.141509
-75.26,0.14150149
-75.27000000000001,0.14149404
-75.28,0.14148651
-75.29,0.14147903
-75.30000000000001,0.14147155
-75.31,0.14146402
-75.32000000000001,0.14145654
-75.33000000000001,0.14144905
-75.34,0.14144158
-75.35000000000001,0.1414341
-75.36000000000001,0.14142661
-75.37,0.14141914
-75.38000000000001,0.14141163
-75.39,0.14140418
-75.4,0.14139672
-75.41000000000001,0.14138922
-75.42,0.14138174
-75.43,0.14137429
-75.44000000000001,0.14136684
-75.45,0.14135934
-75.46000000000001,0.14135188
-75.47000000000001,0.14134441
-75.48,0.14133693
-75.49000000000001,0.14132947
-75.5,0.14132205
-75.51,0.14131457
-75.52000000000001,0.14130715
-75.53,0.1412997
-75.54,0.14129224
-75.55000000000001,0.1412848
-75.56,0.14127736
-75.57000000000001,0.14126989
-75.58000000000001,0.14126247
-75.59,0.14125504
-75.60000000000001,0.1412476
-75.61000000000001,0.14124018
-75.62,0.14123274
-75.63000000000001,0.14122534
-75.64,0.14121786
-75.65,0.14121044
-75.66000000000001,0.14120302
-75.67,0.1411956
-75.68,0.1411882
-75.69000000000001,0.14118075
-75.7,0.14117336
-75.71000000000001,0.14116594
-75.72000000000001,0.14115849
-75.73,0.1411511
-75.74000000000001,0.14114371
-75.75,0.14113623
-75.76,0.14112885
-75.77000000000001,0.14112146
-75.78,0.14111406
-75.79,0.1411067
-75.80000000000001,0.14109927
-75.81,0.14109188
-75.82000000000001,0.14108449
-75.83000000000001,0.14107709
-75.84,0.14106971
-75.85000000000001,0.14106232
-75.86000000000001,0.1410549
-75.87,0.14104751
-75.88000000000001,0.14104018
-75.89,0.14103273
-75.9,0.14102538
-75.91000000000001,0.14101802
-75.92,0.14101064
-75.93,0.14100328
-75.94000000000001,0.14099589
-75.95,0.1409885
-75.96000000000001,0.14098114
-75.97000000000001,0.14097379
-75.98,0.14096642
-75.99000000000001,0.14095902
-76.0,0.14095165
-76.01,0.14094432
-76.02000000000001,0.14093697
-76.03,0.14092962
-76.04,0.14092225
-76.05000000000001,0.14091495
-76.06,0.14090756
-76.07000000000001,0.1409002
-76.08000000000001,0.1408928
-76.09,0.1408855
-76.10000000000001,0.14087817
-76.11000000000001,0.14087084
-76.12,0.14086351
-76.13000000000001,0.14085618
-76.14,0.14084882
-76.15,0.1408415
-76.16000000000001,0.14083414
-76.17,0.14082682
-76.18,0.14081949
-76.19000000000001,0.14081219
-76.2,0.14080486
-76.21000000000001,0.1407975
-76.22000000000001,0.1407902
-76.23,0.1407829
-76.24000000000001,0.14077558
-76.25,0.14076824
-76.26,0.14076093
-76.27000000000001,0.14075363
-76.28,0.14074631
-76.29,0.14073901
-76.30000000000001,0.1407317
-76.31,0.14072439
-76.32000000000001,0.14071709
-76.33000000000001,0.14070977
-76.34,0.1407025
-76.35000000000001,0.14069518
-76.36000000000001,0.14068785
-76.37,0.14068058
-76.38000000000001,0.14067331
-76.39,0.14066604
-76.4,0.14065874
-76.41000000000001,0.14065146
-76.42,0.14064416
-76.43,0.14063689
-76.44000000000001,0.14062962
-76.45,0.14062235
-76.46000000000001,0.14061506
-76.47000000000001,0.14060779
-76.48,0.1406005
-76.49000000000001,0.14059323
-76.5,0.14058596
-76.51,0.1405787
-76.52000000000001,0.14057145
-76.53,0.14056419
-76.54,0.14055692
-76.55000000000001,0.14054966
-76.56,0.14054239
-76.57000000000001,0.14053512
-76.58000000000001,0.14052786
-76.59,0.1405206
-76.60000000000001,0.14051339
-76.61000000000001,0.14050613
-76.62,0.14049886
-76.63000000000001,0.14049162
-76.64,0.14048438
-76.65,0.14047715
-76.66000000000001,0.14046991
-76.67,0.14046264
-76.68,0.14045541
-76.69000000000001,0.14044818
-76.7,0.14044097
-76.71000000000001,0.14043373
-76.72000000000001,0.1404265
-76.73,0.14041924
-76.74000000000001,0.14041203
-76.75,0.14040482
-76.76,0.14039761
-76.77000000000001,0.14039037
-76.78,0.14038312
-76.79,0.14037593
-76.80000000000001,0.14036873
-76.81,0.14036153
-76.82000000000001,0.1403543
-76.83000000000001,0.14034706
-76.84,0.14033988
-76.85000000000001,0.14033267
-76.86000000000001,0.14032546
-76.87,0.14031824
-76.88000000000001,0.14031106
-76.89,0.14030388
-76.9,0.14029667
-76.91000000000001,0.14028946
-76.92,0.14028233
-76.93,0.14027512
-76.94000000000001,0.14026788
-76.95,0.14026073
-76.96000000000001,0.14025354
-76.97000000000001,0.14024633
-76.98,0.14023918
-76.99000000000001,0.14023197
-77.0,0.14022481
-77.01,0.14021762
-77.02000000000001,0.14021043
-77.03,0.1402033
-77.04,0.14019613
-77.05000000000001,0.14018893
-77.06,0.14018175
-77.07000000000001,0.1401746
-77.08000000000001,0.14016744
-77.09,0.14016029
-77.10000000000001,0.14015314
-77.11000000000001,0.14014596
-77.12,0.1401388
-77.13000000000001,0.14013164
-77.14,0.1401245
-77.15,0.1401173
-77.16000000000001,0.14011014
-77.17,0.14010301
-77.18,0.14009587
-77.19000000000001,0.1400887
-77.2,0.14008161
-77.21000000000001,0.14007446
-77.22000000000001,0.14006732
-77.23,0.14006019
-77.24000000000001,0.14005306
-77.25,0.14004591
-77.26,0.14003879
-77.27000000000001,0.14003165
-77.28,0.14002453
-77.29,0.14001739
-77.30000000000001,0.14001024
-77.31,0.14000314
-77.32000000000001,0.13999599
-77.33000000000001,0.13998887
-77.34,0.13998178
-77.35000000000001,0.13997465
-77.36000000000001,0.13996753
-77.37,0.13996044
-77.38000000000001,0.13995332
-77.39,0.13994622
-77.4,0.13993911
-77.41000000000001,0.139932
-77.42,0.1399249
-77.43,0.13991779
-77.44000000000001,0.13991067
-77.45,0.13990355
-77.46000000000001,0.13989653
-77.47000000000001,0.13988939
-77.48,0.1398823
-77.49000000000001,0.13987523
-77.5,0.13986814
-77.51,0.13986103
-77.52000000000001,0.13985395
-77.53,0.13984686
-77.54,0.13983977
-77.55000000000001,0.13983268
-77.56,0.13982563
-77.57000000000001,0.13981855
-77.58000000000001,0.13981149
-77.59,0.13980436
-77.60000000000001,0.1397973
-77.61000000000001,0.13979024
-77.62,0.13978317
-77.63000000000001,0.13977611
-77.64,0.13976905
-77.65,0.13976197
-77.66000000000001,0.13975492
-77.67,0.13974786
-77.68,0.1397408
-77.69000000000001,0.13973373
-77.7,0.13972668
-77.71000000000001,0.13971962
-77.72000000000001,0.13971259
-77.73,0.13970551
-77.74000000000001,0.13969848
-77.75,0.13969141
-77.76,0.13968438
-77.77000000000001,0.13967733
-77.78,0.1396703
-77.79,0.13966325
-77.80000000000001,0.13965622
-77.81,0.1396492
-77.82000000000001,0.13964218
-77.83000000000001,0.13963512
-77.84,0.13962808
-77.85000000000001,0.13962105
-77.86000000000001,0.13961405
-77.87,0.13960698
-77.88000000000001,0.13959998
-77.89,0.13959298
-77.9,0.13958594
-77.91000000000001,0.13957891
-77.92,0.1395719
-77.93,0.13956492
-77.94000000000001,0.13955788
-77.95,0.13955083
-77.96000000000001,0.13954386
-77.97000000000001,0.13953683
-77.98,0.13952985
-77.99000000000001,0.13952285
-78.0,0.13951582
-78.01,0.13950881
-78.02000000000001,0.13950184
-78.03,0.13949484
-78.04,0.13948783
-78.05000000000001,0.13948083
-78.06,0.13947386
-78.07000000000001,0.13946685
-78.08000000000001,0.13945988
-78.09,0.13945289
-78.10000000000001,0.1394459
-78.11000000000001,0.13943891
-78.12,0.13943194
-78.13000000000001,0.13942495
-78.14,0.139418
-78.15,0.13941102
-78.16000000000001,0.13940404
-78.17,0.13939707
-78.18,0.13939005
-78.19000000000001,0.13938309
-78.2,0.1393761
-78.21000000000001,0.13936917
-78.22000000000001,0.13936222
-78.23,0.13935523
-78.24000000000001,0.1393483
-78.25,0.1393413
-78.26,0.13933432
-78.27000000000001,0.1393274
-78.28,0.13932043
-78.29,0.13931353
-78.30000000000001,0.13930655
-78.31,0.1392996
-78.32000000000001,0.13929266
-78.33000000000001,0.13928568
-78.34,0.13927874
-78.35000000000001,0.13927177
-78.36000000000001,0.13926487
-78.37,0.13925794
-78.38000000000001,0.13925096
-78.39,0.13924405
-78.4,0.1392371
-78.41000000000001,0.13923019
-78.42,0.13922325
-78.43,0.1392163
-78.44000000000001,0.13920937
-78.45,0.13920248
-78.46000000000001,0.13919553
-78.47000000000001,0.13918862
-78.48,0.1391817
-78.49000000000001,0.13917477
-78.5,0.13916786
-78.51,0.13916095
-78.52000000000001,0.13915408
-78.53,0.13914715
-78.54,0.13914022
-78.55000000000001,0.13913333
-78.56,0.13912639
-78.57000000000001,0.13911948
-78.58000000000001,0.1391126
-78.59,0.1391057
-78.60000000000001,0.13909876
-78.61000000000001,0.13909188
-78.62,0.139085
-78.63000000000001,0.13907811
-78.64,0.1390712
-78.65,0.13906428
-78.66000000000001,0.13905743
-78.67,0.13905051
-78.68,0.13904364
-78.69000000000001,0.13903677
-78.7,0.13902986
-78.71000000000001,0.13902298
-78.72000000000001,0.1390161
-78.73,0.13900921
-78.74000000000001,0.13900235
-78.75,0.13899547
-78.76,0.13898855
-78.77000000000001,0.13898173
-78.78,0.13897486
-78.79,0.13896799
-78.80000000000001,0.13896114
-78.81,0.13895425
-78.82000000000001,0.13894741
-78.83000000000001,0.13894054
-78.84,0.13893369
-78.85000000000001,0.13892679
-78.86000000000001,0.13891993
-78.87,0.1389131
-78.88000000000001,0.13890629
-78.89,0.1388994
-78.9,0.13889256
-78.91000000000001,0.1388857
-78.92,0.13887885
-78.93,0.13887201
-78.94000000000001,0.13886517
-78.95,0.13885836
-78.96000000000001,0.13885148
-78.97000000000001,0.13884464
-78.98,0.13883784
-78.99000000000001,0.13883099
-79.0,0.13882414
-79.01,0.13881731
-79.02000000000001,0.13881047
-79.03,0.13880366
-79.04,0.1387968
-79.05000000000001,0.13879001
-79.06,0.13878323
-79.07000000000001,0.13877633
-79.08000000000001,0.13876955
-79.09,0.1387627
-79.10000000000001,0.1387559
-79.11000000000001,0.1387491
-79.12,0.13874227
-79.13000000000001,0.13873547
-79.14,0.13872868
-79.15,0.13872185
-79.16000000000001,0.13871503
-79.17,0.13870825
-79.18,0.13870144
-79.19000000000001,0.13869464
-79.2,0.13868785
-79.21000000000001,0.13868101
-79.22000000000001,0.13867426
-79.23,0.13866743
-79.24000000000001,0.13866064
-79.25,0.13865387
-79.26,0.13864705
-79.27000000000001,0.13864028
-79.28,0.13863349
-79.29,0.13862671
-79.30000000000001,0.1386199
-79.31,0.13861315
-79.32000000000001,0.13860637
-79.33000000000001,0.13859959
-79.34,0.13859278
-79.35000000000001,0.13858601
-79.36000000000001,0.13857928
-79.37,0.13857245
-79.38000000000001,0.1385657
-79.39,0.13855895
-79.4,0.13855219
-79.41000000000001,0.1385454
-79.42,0.13853863
-79.43,0.13853188
-79.44000000000001,0.13852513
-79.45,0.13851835
-79.46000000000001,0.1385116
-79.47000000000001,0.13850483
-79.48,0.13849807
-79.49000000000001,0.1384913
-79.5,0.13848457
-79.51,0.13847785
-79.52000000000001,0.1384711
-79.53,0.13846433
-79.54,0.1384576
-79.55000000000001,0.13845086
-79.56,0.13844411
-79.57000000000001,0.13843739
-79.58000000000001,0.13843063
-79.59,0.13842395
-79.60000000000001,0.13841717
-79.61000000000001,0.13841042
-79.62,0.13840368
-79.63000000000001,0.13839698
-79.64,0.13839024
-79.65,0.13838352
-79.66000000000001,0.13837679
-79.67,0.13837007
-79.68,0.13836336
-79.69000000000001,0.13835663
-79.7,0.13834989
-79.71000000000001,0.13834321
-79.72000000000001,0.1383365
-79.73,0.13832976
-79.74000000000001,0.13832304
-79.75,0.13831635
-79.76,0.13830963
-79.77000000000001,0.13830292
-79.78,0.13829625
-79.79,0.13828951
-79.80000000000001,0.1382828
-79.81,0.13827613
-79.82000000000001,0.13826945
-79.83000000000001,0.13826272
-79.84,0.13825601
-79.85000000000001,0.13824934
-79.86000000000001,0.13824262
-79.87,0.13823594
-79.88000000000001,0.13822924
-79.89,0.13822258
-79.9,0.13821585
-79.91000000000001,0.1382092
-79.92,0.13820252
-79.93,0.13819584
-79.94000000000001,0.13818914
-79.95,0.13818249
-79.96000000000001,0.13817579
-79.97000000000001,0.13816914
-79.98,0.13816245
-79.99000000000001,0.13815579
-80.0,0.13814911
-80.01,0.13814245
-80.02000000000001,0.13813579
-80.03,0.13812914
-80.04,0.13812247
-80.05000000000001,0.1381158
-80.06,0.13810918
-80.07000000000001,0.13810249
-80.08000000000001,0.13809583
-80.09,0.13808914
-80.10000000000001,0.1380825
-80.11000000000001,0.13807583
-80.12,0.1380692
-80.13000000000001,0.13806254
-80.14,0.13805589
-80.15,0.13804927
-80.16000000000001,0.13804261
-80.17,0.13803598
-80.18,0.13802932
-80.19000000000001,0.13802268
-80.2,0.13801606
-80.21000000000001,0.1380094
-80.22000000000001,0.13800277
-80.23,0.13799614
-80.24000000000001,0.13798952
-80.25,0.13798288
-80.26,0.13797623
-80.27000000000001,0.13796963
-80.28,0.13796298
-80.29,0.13795641
-80.30000000000001,0.13794972
-80.31,0.13794315
-80.32000000000001,0.13793652
-80.33000000000001,0.1379299
-80.34,0.13792327
-80.35000000000001,0.13791668
-80.36000000000001,0.13791007
-80.37,0.13790345
-80.38000000000001,0.13789684
-80.39,0.13789022
-80.4,0.13788363
-80.41000000000001,0.13787705
-80.42,0.13787043
-80.43,0.13786381
-80.44000000000001,0.13785721
-80.45,0.13785067
-80.46000000000001,0.13784403
-80.47000000000001,0.13783744
-80.48,0.13783088
-80.49000000000001,0.13782424
-80.5,0.13781767
-80.51,0.13781106
-80.52000000000001,0.1378045
-80.53,0.13779786
-80.54,0.13779134
-80.55000000000001,0.13778472
-80.56,0.13777813
-80.57000000000001,0.13777155
-80.58000000000001,0.13776502
-80.59,0.1377584
-80.60000000000001,0.13775185
-80.61000000000001,0.13774528
-80.62,0.13773872
-80.63000000000001,0.13773212
-80.64,0.13772556
-80.65,0.137719
-80.66000000000001,0.13771242
-80.67,0.13770589
-80.68,0.1376993
-80.69000000000001,0.13769273
-80.7,0.13768622
-80.71000000000001,0.13767964
-80.72000000000001,0.13767311
-80.73,0.13766652
-80.74000000000001,0.13765998
-80.75,0.13765344
-80.76,0.13764687
-80.77000000000001,0.1376403
-80.78,0.1376338
-80.79,0.13762721
-80.80000000000001,0.13762069
-80.81,0.13761413
-80.82000000000001,0.13760763
-80.83000000000001,0.13760108
-80.84,0.13759454
-80.85000000000001,0.13758796
-80.86000000000001,0.13758147
-80.87,0.13757494
-80.88000000000001,0.13756838
-80.89,0.13756186
-80.9,0.13755533
-80.91000000000001,0.13754883
-80.92,0.13754228
-80.93,0.13753575
-80.94000000000001,0.13752922
-80.95,0.1375227
-80.96000000000001,0.1375162
-80.97000000000001,0.1375097
-80.98,0.13750316
-80.99000000000001,0.13749662
-81.0,0.13749014
-81.01,0.13748363
-81.02000000000001,0.1374771
-81.03,0.13747063
-81.04,0.13746414
-81.05000000000001,0.13745761
-81.06,0.13745111
-81.07000000000001,0.13744465
-81.08000000000001,0.13743809
-81.09,0.13743162
-81.10000000000001,0.13742512
-81.11000000000001,0.13741861
-81.12,0.13741213
-81.13000000000001,0.13740562
-81.14,0.13739917
-81.15,0.13739266
-81.16000000000001,0.13738617
-81.17,0.13737965
-81.18,0.13737318
-81.19000000000001,0.13736671
-81.2,0.13736022
-81.21000000000001,0.13735376
-81.22000000000001,0.13734731
-81.23,0.13734083
-81.24000000000001,0.13733432
-81.25,0.13732785
-81.26,0.13732137
-81.27000000000001,0.13731492
-81.28,0.13730846
-81.29,0.13730195
-81.30000000000001,0.13729551
-81.31,0.13728905
-81.32000000000001,0.13728257
-81.33000000000001,0.13727613
-81.34,0.13726968
-81.35000000000001,0.1372632
-81.36000000000001,0.13725676
-81.37,0.13725029
-81.38000000000001,0.13724385
-81.39,0.1372374
-81.4,0.13723093
-81.41000000000001,0.1372245
-81.42,0.13721803
-81.43,0.1372116
-81.44000000000001,0.13720515
-81.45,0.13719872
-81.46000000000001,0.13719228
-81.47000000000001,0.13718584
-81.48,0.13717934
-81.49000000000001,0.13717297
-81.5,0.13716653
-81.51,0.13716008
-81.52000000000001,0.13715366
-81.53,0.13714719
-81.54,0.13714081
-81.55000000000001,0.13713439
-81.56,0.13712794
-81.57000000000001,0.1371215
-81.58000000000001,0.13711508
-81.59,0.13710868
-81.60000000000001,0.13710226
-81.61000000000001,0.13709581
-81.62,0.1370894
-81.63000000000001,0.13708302
-81.64,0.13707657
-81.65,0.13707018
-81.66000000000001,0.13706374
-81.67,0.13705736
-81.68,0.13705093
-81.69000000000001,0.13704453
-81.7,0.13703814
-81.71000000000001,0.13703176
-81.72000000000001,0.13702536
-81.73,0.13701893
-81.74000000000001,0.13701253
-81.75,0.1370061
-81.76,0.13699977
-81.77000000000001,0.13699335
-81.78,0.13698694
-81.79,0.13698058
-81.80000000000001,0.13697419
-81.81,0.1369678
-81.82000000000001,0.1369614
-81.83000000000001,0.136955
-81.84,0.13694867
-81.85000000000001,0.13694225
-81.86000000000001,0.13693583
-81.87,0.13692948
-81.88000000000001,0.13692312
-81.89,0.13691674
-81.9,0.13691038
-81.91000000000001,0.13690403
-81.92,0.13689762
-81.93,0.13689128
-81.94000000000001,0.1368849
-81.95,0.13687852
-81.96000000000001,0.13687214
-81.97000000000001,0.13686578
-81.98,0.13685942
-81.99000000000001,0.13685307
-82.0,0.13684672
-82.01,0.13684031
-82.02000000000001,0.136834
-82.03,0.13682763
-82.04,0.13682128
-82.05000000000001,0.13681492
-82.06,0.13680856
-82.07000000000001,0.1368022
-82.08000000000001,0.13679588
-82.09,0.13678953
-82.10000000000001,0.13678315
-82.11000000000001,0.13677683
-82.12,0.13677047
-82.13000000000001,0.13676417
-82.14,0.13675779
-82.15,0.13675147
-82.16000000000001,0.13674513
-82.17,0.1367388
-82.18,0.13673247
-82.19000000000001,0.13672614
-82.2,0.13671984
-82.21000000000001,0.13671349
-82.22000000000001,0.13670716
-82.23,0.13670084
-82.24000000000001,0.13669452
-82.25,0.1366882
-82.26,0.13668185
-82.27000000000001,0.13667554
-82.28,0.13666922
-82.29,0.13666293
-82.30000000000001,0.13665655
-82.31,0.13665031
-82.32000000000001,0.13664398
-82.33000000000001,0.13663767
-82.34,0.13663137
-82.35000000000001,0.13662507
-82.36000000000001,0.13661876
-82.37,0.13661245
-82.38000000000001,0.13660613
-82.39,0.13659981
-82.4,0.13659355
-82.41000000000001,0.1365872
-82.42,0.13658094
-82.43,0.13657463
-82.44000000000001,0.13656837
-82.45,0.13656208
-82.46000000000001,0.13655578
-82.47000000000001,0.13654947
-82.48,0.13654318
-82.49000000000001,0.13653693
-82.5,0.13653061
-82.51,0.13652435
-82.52000000000001,0.13651806
-82.53,0.1365118
-82.54,0.13650548
-82.55000000000001,0.1364992
-82.56,0.13649297
-82.57000000000001,0.13648668
-82.58000000000001,0.13648039
-82.59,0.13647415
-82.60000000000001,0.13646787
-82.61000000000001,0.13646159
-82.62,0.13645533
-82.63000000000001,0.13644904
-82.64,0.13644274
-82.65,0.13643649
-82.66000000000001,0.13643023
-82.67,0.136424
-82.68,0.13641773
-82.69000000000001,0.13641146
-82.7,0.13640523
-82.71000000000001,0.136399
-82.72000000000001,0.13639273
-82.73,0.13638648
-82.74000000000001,0.13638023
-82.75,0.13637398
-82.76,0.13636771
-82.77000000000001,0.13636146
-82.78,0.13635522
-82.79,0.136349
-82.80000000000001,0.13634273
-82.81,0.1363365
-82.82000000000001,0.13633026
-82.83000000000001,0.13632402
-82.84,0.13631779
-82.85000000000001,0.13631156
-82.86000000000001,0.1363053
-82.87,0.13629909
-82.88000000000001,0.13629287
-82.89,0.13628662
-82.9,0.13628043
-82.91000000000001,0.13627419
-82.92,0.13626797
-82.93,0.13626173
-82.94000000000001,0.13625553
-82.95,0.13624929
-82.96000000000001,0.13624308
-82.97000000000001,0.13623688
-82.98,0.13623066
-82.99000000000001,0.13622443
-83.0,0.13621822
-83.01,0.13621204
-83.02000000000001,0.13620578
-83.03,0.13619962
-83.04,0.13619338
-83.05000000000001,0.1361872
-83.06,0.13618097
-83.07000000000001,0.13617478
-83.08000000000001,0.13616855
-83.09,0.13616237
-83.10000000000001,0.13615617
-83.11000000000001,0.13614996
-83.12,0.1361438
-83.13000000000001,0.1361376
-83.14,0.1361314
-83.15,0.1361252
-83.16000000000001,0.13611901
-83.17,0.13611284
-83.18,0.13610661
-83.19000000000001,0.13610044
-83.2,0.13609427
-83.21000000000001,0.13608809
-83.22000000000001,0.13608192
-83.23,0.13607574
-83.24000000000001,0.13606957
-83.25,0.13606335
-83.26,0.13605721
-83.27000000000001,0.13605103
-83.28,0.13604486
-83.29,0.1360387
-83.30000000000001,0.13603252
-83.31,0.13602635
-83.32000000000001,0.13602021
-83.33000000000001,0.13601401
-83.34,0.13600788
-83.35000000000001,0.13600168
-83.36000000000001,0.13599554
-83.37,0.13598937
-83.38000000000001,0.1359832
-83.39,0.13597706
-83.4,0.13597092
-83.41000000000001,0.13596478
-83.42,0.1359586
-83.43,0.13595244
-83.44000000000001,0.13594629
-83.45,0.13594013
-83.46000000000001,0.13593403
-83.47000000000001,0.13592786
-83.48,0.1359217
-83.49000000000001,0.13591559
-83.5,0.13590942
-83.51,0.1359033
-83.52000000000001,0.13589716
-83.53,0.13589105
-83.54,0.13588491
-83.55000000000001,0.13587877
-83.56,0.13587263
-83.57000000000001,0.1358665
-83.58000000000001,0.13586035
-83.59,0.13585421
-83.60000000000001,0.13584809
-83.61000000000001,0.135842
-83.62,0.13583587
-83.63000000000001,0.13582975
-83.64,0.13582364
-83.65,0.1358175
-83.66000000000001,0.13581136
-83.67,0.13580525
-83.68,0.13579912
-83.69000000000001,0.13579302
-83.7,0.13578694
-83.71000000000001,0.13578081
-83.72000000000001,0.1357747
-83.73,0.13576859
-83.74000000000001,0.13576248
-83.75,0.13575634
-83.76,0.1357503
-83.77000000000001,0.13574418
-83.78,0.13573806
-83.79,0.13573197
-83.80000000000001,0.13572589
-83.81,0.1357198
-83.82000000000001,0.13571368
-83.83000000000001,0.13570762
-83.84,0.13570148
-83.85000000000001,0.1356954
-83.86000000000001,0.13568935
-83.87,0.13568324
-83.88000000000001,0.13567716
-83.89,0.13567108
-83.9,0.13566497
-83.91000000000001,0.1356589
-83.92,0.13565283
-83.93,0.13564673
-83.94000000000001,0.13564062
-83.95,0.13563457
-83.96000000000001,0.1356285
-83.97000000000001,0.13562241
-83.98,0.13561636
-83.99000000000001,0.13561027
-84.0,0.13560419
-84.01,0.13559815
-84.02000000000001,0.13559204
-84.03,0.13558598
-84.04,0.13557994
-84.05000000000001,0.13557388
-84.06,0.13556783
-84.07000000000001,0.13556175
-84.08000000000001,0.13555567
-84.09,0.13554962
-84.10000000000001,0.13554357
-84.11000000000001,0.13553752
-84.12,0.13553149
-84.13000000000001,0.13552544
-84.14,0.13551936
-84.15,0.1355133
-84.16000000000001,0.13550726
-84.17,0.13550124
-84.18,0.13549519
-84.19000000000001,0.13548914
-84.2,0.13548309
-84.21000000000001,0.13547707
-84.22000000000001,0.13547102
-84.23,0.135465
-84.24000000000001,0.13545895
-84.25,0.1354529
-84.26,0.13544688
-84.27000000000001,0.13544084
-84.28,0.1354348
-84.29,0.1354288
-84.30000000000001,0.13542274
-84.31,0.13541669
-84.32000000000001,0.1354107
-84.33000000000001,0.1354047
-84.34,0.13539863
-84.35000000000001,0.1353926
-84.36000000000001,0.13538659
-84.37,0.13538057
-84.38000000000001,0.13537456
-84.39,0.13536856
-84.4,0.1353625
-84.41000000000001,0.1353565
-84.42,0.1353505
-84.43,0.1353445
-84.44000000000001,0.13533849
-84.45,0.1353325
-84.46000000000001,0.13532647
-84.47000000000001,0.13532045
-84.48,0.13531448
-84.49000000000001,0.13530847
-84.5,0.13530248
-84.51,0.13529646
-84.52000000000001,0.13529044
-84.53,0.13528445
-84.54,0.13527846
-84.55000000000001,0.13527247
-84.56,0.13526647
-84.57000000000001,0.13526051
-84.58000000000001,0.1352545
-84.59,0.13524854
-84.60000000000001,0.13524252
-84.61000000000001,0.13523653
-84.62,0.13523057
-84.63000000000001,0.13522457
-84.64,0.13521862
-84.65,0.13521263
-84.66000000000001,0.13520664
-84.67,0.13520066
-84.68,0.13519467
-84.69000000000001,0.1351887
-84.7,0.13518274
-84.71000000000001,0.13517678
-84.72000000000001,0.13517079
-84.73,0.13516481
-84.74000000000001,0.13515887
-84.75,0.1351529
-84.76,0.13514692
-84.77000000000001,0.13514096
-84.78,0.13513498
-84.79,0.13512906
-84.80000000000001,0.13512307
-84.81,0.13511711
-84.82000000000001,0.13511117
-84.83000000000001,0.13510524
-84.84,0.13509923
-84.85000000000001,0.13509327
-84.86000000000001,0.13508736
-84.87,0.13508138
-84.88000000000001,0.13507545
-84.89,0.13506949
-84.9,0.13506357
-84.91000000000001,0.13505761
-84.92,0.13505167
-84.93,0.13504574
-84.94000000000001,0.1350398
-84.95,0.13503382
-84.96000000000001,0.13502786
-84.97000000000001,0.13502198
-84.98,0.13501602
-84.99000000000001,0.13501006
-85.0,0.13500413
-85.01,0.13499825
-85.02000000000001,0.13499232
-85.03,0.13498637
-85.04,0.13498044
-85.05000000000001,0.13497452
-85.06,0.13496861
-85.07000000000001,0.13496268
-85.08000000000001,0.13495675
-85.09,0.13495086
-85.10000000000001,0.13494492
-85.11000000000001,0.134939
-85.12,0.13493308
-85.13000000000001,0.13492715
-85.14,0.13492128
-85.15,0.13491532
-85.16000000000001,0.13490942
-85.17,0.13490352
-85.18,0.13489765
-85.19000000000001,0.13489169
-85.2,0.13488579
-85.21000000000001,0.13487989
-85.22000000000001,0.13487396
-85.23,0.13486807
-85.24000000000001,0.1348622
-85.25,0.13485628
-85.26,0.13485038
-85.27000000000001,0.13484448
-85.28,0.13483858
-85.29,0.13483271
-85.30000000000001,0.13482681
-85.31,0.13482091
-85.32000000000001,0.13481504
-85.33000000000001,0.13480914
-85.34,0.13480324
-85.35000000000001,0.13479736
-85.36000000000001,0.1347915
-85.37,0.1347856
-85.38000000000001,0.1347797
-85.39,0.13477385
-85.4,0.13476795
-85.41000000000001,0.13476208
-85.42,0.13475621
-85.43,0.13475035
-85.44000000000001,0.13474447
-85.45,0.13473858
-85.46000000000001,0.1347327
-85.47000000000001,0.13472685
-85.48,0.13472098
-85.49000000000001,0.13471508
-85.5,0.13470925
-85.51,0.13470337
-85.52000000000001,0.13469753
-85.53,0.13469164
-85.54,0.13468578
-85.55000000000001,0.13467993
-85.56,0.13467407
-85.57000000000001,0.13466823
-85.58000000000001,0.13466239
-85.59,0.13465652
-85.60000000000001,0.13465065
-85.61000000000001,0.13464484
-85.62,0.13463897
-85.63000000000001,0.1346331
-85.64,0.13462728
-85.65,0.13462143
-85.66000000000001,0.13461556
-85.67,0.13460973
-85.68,0.13460389
-85.69000000000001,0.13459803
-85.7,0.13459219
-85.71000000000001,0.13458633
-85.72000000000001,0.13458055
-85.73,0.13457468
-85.74000000000001,0.13456887
-85.75,0.13456304
-85.76,0.13455719
-85.77000000000001,0.13455135
-85.78,0.13454553
-85.79,0.13453971
-85.80000000000001,0.13453388
-85.81,0.13452804
-85.82000000000001,0.13452226
-85.83000000000001,0.1345164
-85.84,0.13451058
-85.85000000000001,0.1345048
-85.86000000000001,0.13449895
-85.87,0.13449308
-85.88000000000001,0.13448733
-85.89,0.1344815
-85.9,0.13447574
-85.91000000000001,0.13446987
-85.92,0.13446406
-85.93,0.13445827
-85.94000000000001,0.13445246
-85.95,0.13444664
-85.96000000000001,0.13444084
-85.97000000000001,0.13443506
-85.98,0.13442922
-85.99000000000001,0.13442345
-86.0,0.13441762
-86.01,0.13441186
-86.02000000000001,0.13440606
-86.03,0.13440025
-86.04,0.1343944
-86.05000000000001,0.13438866
-86.06,0.13438287
-86.07000000000001,0.13437706
-86.08000000000001,0.13437128
-86.09,0.13436548
-86.10000000000001,0.13435972
-86.11000000000001,0.13435392
-86.12,0.13434812
-86.13000000000001,0.13434237
-86.14,0.13433662
-86.15,0.13433081
-86.16000000000001,0.134325
-86.17,0.13431922
-86.18,0.13431348
-86.19000000000001,0.13430765
-86.2,0.13430189
-86.21000000000001,0.13429615
-86.22000000000001,0.13429037
-86.23,0.13428462
-86.24000000000001,0.1342788
-86.25,0.13427305
-86.26,0.13426727
-86.27000000000001,0.13426153
-86.28,0.13425575
-86.29,0.13425004
-86.30000000000001,0.13424426
-86.31,0.13423848
-86.32000000000001,0.13423273
-86.33000000000001,0.134227
-86.34,0.13422126
-86.35000000000001,0.13421544
-86.36000000000001,0.1342097
-86.37,0.13420391
-86.38000000000001,0.1341982
-86.39,0.13419244
-86.4,0.13418669
-86.41000000000001,0.13418093
-86.42,0.13417518
-86.43,0.13416947
-86.44000000000001,0.13416371
-86.45,0.13415799
-86.46000000000001,0.13415223
-86.47000000000001,0.1341465
-86.48,0.13414073
-86.49000000000001,0.13413502
-86.5,0.13412929
-86.51,0.13412356
-86.52000000000001,0.13411781
-86.53,0.1341121
-86.54,0.13410637
-86.55000000000001,0.13410063
-86.56,0.13409486
-86.57000000000001,0.1340892
-86.58000000000001,0.13408345
-86.59,0.13407771
-86.60000000000001,0.134072
-86.61000000000001,0.1340663
-86.62,0.13406058
-86.63000000000001,0.13405487
-86.64,0.13404915
-86.65,0.13404346
-86.66000000000001,0.1340377
-86.67,0.13403201
-86.68,0.13402627
-86.69000000000001,0.1340206
-86.7,0.13401484
-86.71000000000001,0.13400914
-86.72000000000001,0.13400343
-86.73,0.13399774
-86.74000000000001,0.13399202
-86.75,0.13398634
-86.76,0.13398063
-86.77000000000001,0.13397491
-86.78,0.13396923
-86.79,0.13396354
-86.80000000000001,0.13395782
-86.81,0.13395217
-86.82000000000001,0.13394643
-86.83000000000001,0.13394074
-86.84,0.13393506
-86.85000000000001,0.13392937
-86.86000000000001,0.13392368
-86.87,0.13391799
-86.88000000000001,0.13391227
-86.89,0.13390665
-86.9,0.13390096
-86.91000000000001,0.13389523
-86.92,0.13388956
-86.93,0.1338839
-86.94000000000001,0.13387822
-86.95,0.13387254
-86.96000000000001,0.13386682
-86.97000000000001,0.13386115
-86.98,0.13385549
-86.99000000000001,0.13384983
-87.0,0.13384417
-87.01,0.13383847
-87.02000000000001,0.13383283
-87.03,0.13382716
-87.04,0.13382152
-87.05000000000001,0.13381582
-87.06,0.13381016
-87.07000000000001,0.13380447
-87.08000000000001,0.13379881
-87.09,0.1337932
-87.10000000000001,0.13378751
-87.11000000000001,0.13378185
-87.12,0.13377619
-87.13000000000001,0.13377056
-87.14,0.13376488
-87.15,0.1337592
-87.16000000000001,0.13375357
-87.17,0.13374795
-87.18,0.13374227
-87.19000000000001,0.13373664
-87.2,0.13373098
-87.21000000000001,0.13372535
-87.22000000000001,0.1337197
-87.23,0.13371404
-87.24000000000001,0.13370842
-87.25,0.13370275
-87.26,0.13369715
-87.27000000000001,0.13369152
-87.28,0.13368587
-87.29,0.13368021
-87.30000000000001,0.1336746
-87.31,0.13366899
-87.32000000000001,0.13366333
-87.33000000000001,0.1336577
-87.34,0.13365206
-87.35000000000001,0.13364644
-87.36000000000001,0.13364083
-87.37,0.1336352
-87.38000000000001,0.13362956
-87.39,0.13362396
-87.4,0.13361832
-87.41000000000001,0.13361272
-87.42,0.13360707
-87.43,0.13360143
-87.44000000000001,0.13359582
-87.45,0.13359025
-87.46000000000001,0.13358465
-87.47000000000001,0.13357902
-87.48,0.13357341
-87.49000000000001,0.1335678
-87.5,0.13356219
-87.51,0.13355657
-87.52000000000001,0.13355096
-87.53,0.13354537
-87.54,0.13353977
-87.55000000000001,0.13353416
-87.56,0.13352856
-87.57000000000001,0.13352296
-87.58000000000001,0.13351738
-87.59,0.13351175
-87.60000000000001,0.13350615
-87.61000000000001,0.13350058
-87.62,0.13349496
-87.63000000000001,0.13348937
-87.64,0.13348377
-87.65,0.13347822
-87.66000000000001,0.13347259
-87.67,0.13346699
-87.68,0.13346142
-87.69000000000001,0.13345583
-87.7,0.13345027
-87.71000000000001,0.13344468
-87.72000000000001,0.13343911
-87.73,0.13343349
-87.74000000000001,0.13342795
-87.75,0.13342233
-87.76,0.1334168
-87.77000000000001,0.1334112
-87.78,0.13340567
-87.79,0.13340005
-87.80000000000001,0.13339448
-87.81,0.13338894
-87.82000000000001,0.1333834
-87.83000000000001,0.13337779
-87.84,0.13337223
-87.85000000000001,0.13336664
-87.86000000000001,0.13336107
-87.87,0.1333555
-87.88000000000001,0.13334997
-87.89,0.13334438
-87.9,0.13333887
-87.91000000000001,0.1333333
-87.92,0.13332775
-87.93,0.13332216
-87.94000000000001,0.1333166
-87.95,0.13331106
-87.96000000000001,0.13330555
-87.97000000000001,0.13329995
-87.98,0.13329443
-87.99000000000001,0.13328883
-88.0,0.13328329
-88.01,0.13327777
-88.02000000000001,0.13327223
-88.03,0.13326669
-88.04,0.13326114
-88.05000000000001,0.1332556
-88.06,0.13325006
-88.07000000000001,0.13324451
-88.08000000000001,0.13323897
-88.09,0.1332334
-88.10000000000001,0.13322788
-88.11000000000001,0.13322237
-88.12,0.13321686
-88.13000000000001,0.13321131
-88.14,0.13320577
-88.15,0.13320023
-88.16000000000001,0.13319471
-88.17,0.1331892
-88.18,0.13318369
-88.19000000000001,0.13317811
-88.2,0.13317263
-88.21000000000001,0.13316712
-88.22000000000001,0.13316162
-88.23,0.13315606
-88.24000000000001,0.13315055
-88.25,0.13314503
-88.26,0.13313952
-88.27000000000001,0.13313401
-88.28,0.13312855
-88.29,0.13312298
-88.30000000000001,0.1331175
-88.31,0.13311198
-88.32000000000001,0.13310644
-88.33000000000001,0.13310093
-88.34,0.13309547
-88.35000000000001,0.13308993
-88.36000000000001,0.1330844
-88.37,0.13307893
-88.38000000000001,0.1330734
-88.39,0.1330679
-88.4,0.13306244
-88.41000000000001,0.13305695
-88.42,0.13305143
-88.43,0.13304596
-88.44000000000001,0.13304043
-88.45,0.13303494
-88.46000000000001,0.13302943
-88.47000000000001,0.13302395
-88.48,0.13301846
-88.49000000000001,0.13301298
-88.5,0.1330075
-88.51,0.133002
-88.52000000000001,0.13299654
-88.53,0.13299106
-88.54,0.13298558
-88.55000000000001,0.13298011
-88.56,0.13297462
-88.57000000000001,0.13296911
-88.58000000000001,0.13296363
-88.59,0.13295814
-88.60000000000001,0.13295269
-88.61000000000001,0.13294724
-88.62,0.13294174
-88.63000000000001,0.13293627
-88.64,0.1329308
-88.65,0.13292535
-88.66000000000001,0.13291986
-88.67,0.13291442
-88.68,0.13290894
-88.69000000000001,0.13290349
-88.7,0.13289803
-88.71000000000001,0.13289258
-88.72000000000001,0.13288708
-88.73,0.13288166
-88.74000000000001,0.13287619
-88.75,0.1328707
-88.76,0.13286528
-88.77000000000001,0.13285983
-88.78,0.13285437
-88.79,0.13284889
-88.80000000000001,0.13284346
-88.81,0.132838
-88.82000000000001,0.13283254
-88.83000000000001,0.13282712
-88.84,0.13282168
-88.85000000000001,0.13281623
-88.86000000000001,0.13281077
-88.87,0.13280538
-88.88000000000001,0.13279992
-88.89,0.13279445
-88.9,0.13278903
-88.91000000000001,0.13278359
-88.92,0.13277814
-88.93,0.13277271
-88.94000000000001,0.13276729
-88.95,0.13276185
-88.96000000000001,0.13275641
-88.97000000000001,0.13275096
-88.98,0.13274556
-88.99000000000001,0.13274014
-89.0,0.13273469
-89.01,0.13272926
-89.02000000000001,0.13272385
-89.03,0.13271844
-89.04,0.13271302
-89.05000000000001,0.13270761
-89.06,0.13270214
-89.07000000000001,0.13269673
-89.08000000000001,0.13269135
-89.09,0.13268593
-89.10000000000001,0.13268049
-89.11000000000001,0.13267505
-89.12,0.13266966
-89.13000000000001,0.13266423
-89.14,0.13265884
-89.15,0.13265342
-89.16000000000001,0.13264802
-89.17,0.1326426
-89.18,0.1326372
-89.19000000000001,0.13263178
-89.2,0.13262638
-89.21000000000001,0.132621
-89.22000000000001,0.1326156
-89.23,0.13261023
-89.24000000000001,0.1326048
-89.25,0.1325994
-89.26,0.132594
-89.27000000000001,0.1325886
-89.28,0.13258323
-89.29,0.1325778
-89.30000000000001,0.13257246
-89.31,0.13256702
-89.32000000000001,0.13256165
-89.33000000000001,0.13255623
-89.34,0.13255087
-89.35000000000001,0.13254547
-89.36000000000001,0.13254012
-89.37,0.13253471
-89.38000000000001,0.13252932
-89.39,0.13252395
-89.4,0.13251859
-89.41000000000001,0.1325132
-89.42,0.13250786
-89.43,0.13250242
-89.44000000000001,0.13249707
-89.45,0.13249168
-89.46000000000001,0.13248631
-89.47000000000001,0.13248095
-89.48,0.1324756
-89.49000000000001,0.13247024
-89.5,0.13246483
-89.51,0.13245946
-89.52000000000001,0.13245411
-89.53,0.13244875
-89.54,0.13244337
-89.55000000000001,0.132438
-89.56,0.13243265
-89.57000000000001,0.13242732
-89.58000000000001,0.13242194
-89.59,0.13241658
-89.60000000000001,0.13241124
-89.61000000000001,0.13240582
-89.62,0.13240051
-89.63000000000001,0.13239516
-89.64,0.13238981
-89.65,0.13238446
-89.66000000000001,0.13237908
-89.67,0.13237378
-89.68,0.1323684
-89.69000000000001,0.13236308
-89.7,0.1323577
-89.71000000000001,0.1323524
-89.72000000000001,0.13234703
-89.73,0.13234168
-89.74000000000001,0.13233635
-89.75,0.13233101
-89.76,0.13232568
-89.77000000000001,0.13232037
-89.78,0.13231501
-89.79,0.13230966
-89.80000000000001,0.13230434
-89.81,0.132299
-89.82000000000001,0.13229364
-89.83000000000001,0.1322883
-89.84,0.132283
-89.85000000000001,0.13227765
-89.86000000000001,0.13227235
-89.87,0.132267
-89.88000000000001,0.1322617
-89.89,0.13225636
-89.9,0.13225105
-89.91000000000001,0.13224575
-89.92,0.13224041
-89.93,0.1322351
-89.94000000000001,0.13222978
-89.95,0.13222447
-89.96000000000001,0.13221914
-89.97000000000001,0.13221383
-89.98,0.13220853
-89.99000000000001,0.1322032
-90.0,0.13219792
-90.01,0.13219258
-90.02000000000001,0.13218728
-90.03,0.13218197
-90.04,0.13217665
-90.05000000000001,0.13217136
-90.06,0.13216609
-90.07000000000001,0.13216075
-90.08000000000001,0.13215548
-90.09,0.13215016
-90.10000000000001,0.13214484
-90.11000000000001,0.13213958
-90.12,0.13213426
-90.13000000000001,0.13212895
-90.14,0.13212365
-90.15,0.13211837
-90.16000000000001,0.1321131
-90.17,0.1321078
-90.18,0.1321025
-90.19000000000001,0.13209718
-90.2,0.13209194
-90.21000000000001,0.13208666
-90.22000000000001,0.13208136
-90.23,0.13207611
-90.24000000000001,0.13207078
-90.25,0.1320655
-90.26,0.1320602
-90.27000000000001,0.13205497
-90.28,0.13204968
-90.29,0.13204439
-90.30000000000001,0.13203913
-90.31,0.13203384
-90.32000000000001,0.13202856
-90.33000000000001,0.13202333
-90.34,0.13201806
-90.35000000000001,0.13201272
-90.36000000000001,0.13200745
-90.37,0.13200222
-90.38000000000001,0.13199696
-90.39,0.13199167
-90.4,0.13198641
-90.41000000000001,0.13198116
-90.42,0.13197589
-90.43,0.13197058
-90.44000000000001,0.13196534
-90.45,0.13196012
-90.46000000000001,0.13195485
-90.47000000000001,0.1319496
-90.48,0.13194436
-90.49000000000001,0.13193908
-90.5,0.13193384
-90.51,0.13192858
-90.52000000000001,0.13192332
-90.53,0.13191809
-90.54,0.13191283
-90.55000000000001,0.13190757
-90.56,0.13190234
-90.57000000000001,0.13189706
-90.58000000000001,0.1318918
-90.59,0.1318866
-90.60000000000001,0.13188134
-90.61000000000001,0.13187608
-90.62,0.13187087
-90.63000000000001,0.13186562
-90.64,0.13186038
-90.65,0.13185513
-90.66000000000001,0.13184991
-90.67,0.1318447
-90.68,0.13183948
-90.69000000000001,0.13183418
-90.7,0.13182898
-90.71000000000001,0.13182375
-90.72000000000001,0.13181853
-90.73,0.1318133
-90.74000000000001,0.13180809
-90.75,0.13180284
-90.76,0.13179763
-90.77000000000001,0.13179237
-90.78,0.13178718
-90.79,0.13178197
-90.80000000000001,0.13177675
-90.81,0.13177153
-90.82000000000001,0.13176629
-90.83000000000001,0.13176107
-90.84,0.13175586
-90.85000000000001,0.13175064
-90.86000000000001,0.13174546
-90.87,0.13174023
-90.88000000000001,0.131735
-90.89,0.13172981
-90.9,0.1317246
-90.91000000000001,0.13171938
-90.92,0.1317142
-90.93,0.13170898
-90.94000000000001,0.1317038
-90.95,0.13169858
-90.96000000000001,0.13169336
-90.97000000000001,0.13168815
-90.98,0.13168296
-90.99000000000001,0.13167775
-91.0,0.13167256
-91.01,0.13166735
-91.02000000000001,0.13166216
-91.03,0.13165696
-91.04,0.13165179
-91.05000000000001,0.1316466
-91.06,0.1316414
-91.07000000000001,0.13163619
-91.08000000000001,0.13163102
-91.09,0.13162582
-91.10000000000001,0.13162065
-91.11000000000001,0.13161546
-91.12,0.13161027
-91.13000000000001,0.13160509
-91.14,0.1315999
-91.15,0.13159472
-91.16000000000001,0.13158956
-91.17,0.13158438
-91.18,0.13157922
-91.19000000000001,0.13157405
-91.2,0.13156888
-91.21000000000001,0.13156366
-91.22000000000001,0.13155848
-91.23,0.1315533
-91.24000000000001,0.13154814
-91.25,0.13154297
-91.26,0.13153782
-91.27000000000001,0.13153262
-91.28,0.13152745
-91.29,0.13152228
-91.30000000000001,0.13151714
-91.31,0.13151197
-91.32000000000001,0.1315068
-91.33000000000001,0.13150166
-91.34,0.13149649
-91.35000000000001,0.13149135
-91.36000000000001,0.13148618
-91.37,0.131481
-91.38000000000001,0.13147588
-91.39,0.1314707
-91.4,0.13146555
-91.41000000000001,0.13146037
-91.42,0.13145524
-91.43,0.13145012
-91.44000000000001,0.13144493
-91.45,0.1314398
-91.46000000000001,0.13143465
-91.47000000000001,0.13142951
-91.48,0.13142434
-91.49000000000001,0.1314192
-91.5,0.13141409
-91.51,0.13140893
-91.52000000000001,0.13140377
-91.53,0.13139865
-91.54,0.13139352
-91.55000000000001,0.1313884
-91.56,0.13138324
-91.57000000000001,0.13137811
-91.58000000000001,0.13137296
-91.59,0.13136782
-91.60000000000001,0.1313627
-91.61000000000001,0.13135757
-91.62,0.13135245
-91.63000000000001,0.1313473
-91.64,0.13134217
-91.65,0.13133708
-91.66000000000001,0.13133195
-91.67,0.13132685
-91.68,0.13132167
-91.69000000000001,0.13131654
-91.7,0.13131148
-91.71000000000001,0.13130632
-91.72000000000001,0.13130118
-91.73,0.1312961
-91.74000000000001,0.13129097
-91.75,0.13128588
-91.76,0.13128075
-91.77000000000001,0.13127562
-91.78,0.1312705
-91.79,0.1312654
-91.80000000000001,0.13126029
-91.81,0.13125521
-91.82000000000001,0.13125007
-91.83000000000001,0.13124499
-91.84,0.13123986
-91.85000000000001,0.13123475
-91.86000000000001,0.13122964
-91.87,0.13122454
-91.88000000000001,0.13121945
-91.89,0.13121437
-91.9,0.13120925
-91.91000000000001,0.13120416
-91.92,0.13119903
-91.93,0.13119394
-91.94000000000001,0.13118887
-91.95,0.13118374
-91.96000000000001,0.13117868
-91.97000000000001,0.13117358
-91.98,0.1311685
-91.99000000000001,0.13116339
-92.0,0.13115832
-92.01,0.13115323
-92.02000000000001,0.13114816
-92.03,0.13114303
-92.04,0.13113797
-92.05000000000001,0.13113287
-92.06,0.1311278
-92.07000000000001,0.13112277
-92.08000000000001,0.13111761
-92.09,0.13111255
-92.10000000000001,0.13110746
-92.11000000000001,0.1311024
-92.12,0.13109732
-92.13000000000001,0.13109228
-92.14,0.13108718
-92.15,0.13108212
-92.16000000000001,0.13107705
-92.17,0.13107194
-92.18,0.13106689
-92.19000000000001,0.13106182
-92.2,0.13105679
-92.21000000000001,0.13105169
-92.22000000000001,0.13104662
-92.23,0.13104159
-92.24000000000001,0.13103649
-92.25,0.13103144
-92.26,0.13102639
-92.27000000000001,0.13102129
-92.28,0.13101627
-92.29,0.13101122
-92.30000000000001,0.13100614
-92.31,0.13100111
-92.32000000000001,0.13099602
-92.33000000000001,0.13099098
-92.34,0.13098592
-92.35000000000001,0.1309809
-92.36000000000001,0.13097583
-92.37,0.13097078
-92.38000000000001,0.13096575
-92.39,0.13096067
-92.4,0.13095562
-92.41000000000001,0.1309506
-92.42,0.13094558
-92.43,0.13094051
-92.44000000000001,0.13093546
-92.45,0.13093041
-92.46000000000001,0.13092537
-92.47000000000001,0.13092037
-92.48,0.13091531
-92.49000000000001,0.13091025
-92.5,0.13090524
-92.51,0.1309002
-92.52000000000001,0.13089517
-92.53,0.13089015
-92.54,0.1308851
-92.55000000000001,0.13088007
-92.56,0.13087505
-92.57000000000001,0.13087001
-92.58000000000001,0.13086498
-92.59,0.13085997
-92.60000000000001,0.13085496
-92.61000000000001,0.13084993
-92.62,0.13084486
-92.63000000000001,0.1308399
-92.64,0.13083488
-92.65,0.13082984
-92.66000000000001,0.13082483
-92.67,0.1308198
-92.68,0.13081478
-92.69000000000001,0.13080978
-92.7,0.13080478
-92.71000000000001,0.13079976
-92.72000000000001,0.1307947
-92.73,0.1307897
-92.74000000000001,0.13078469
-92.75,0.13077968
-92.76,0.13077468
-92.77000000000001,0.13076968
-92.78,0.13076471
-92.79,0.13075966
-92.80000000000001,0.13075468
-92.81,0.13074967
-92.82000000000001,0.13074465
-92.83000000000001,0.13073966
-92.84,0.13073465
-92.85000000000001,0.13072968
-92.86000000000001,0.13072464
-92.87,0.13071966
-92.88000000000001,0.13071467
-92.89,0.13070968
-92.9,0.1307047
-92.91000000000001,0.13069968
-92.92,0.13069472
-92.93,0.13068971
-92.94000000000001,0.13068473
-92.95,0.13067974
-92.96000000000001,0.13067475
-92.97000000000001,0.13066974
-92.98,0.13066477
-92.99000000000001,0.1306598
-93.0,0.13065478
-93.01,0.13064983
-93.02000000000001,0.13064486
-93.03,0.13063985
-93.04,0.1306349
-93.05000000000001,0.13062993
-93.06,0.13062492
-93.07000000000001,0.13062
-93.08000000000001,0.130615
-93.09,0.13060999
-93.10000000000001,0.13060503
-93.11000000000001,0.13060006
-93.12,0.13059512
-93.13000000000001,0.13059013
-93.14,0.13058515
-93.15,0.13058019
-93.16000000000001,0.13057522
-93.17,0.13057025
-93.18,0.13056529
-93.19000000000001,0.13056034
-93.2,0.13055539
-93.21000000000001,0.13055043
-93.22000000000001,0.13054544
-93.23,0.13054052
-93.24000000000001,0.13053557
-93.25,0.13053055
-93.26,0.1305256
-93.27000000000001,0.13052067
-93.28,0.13051568
-93.29,0.13051075
-93.30000000000001,0.13050583
-93.31,0.13050087
-93.32000000000001,0.1304959
-93.33000000000001,0.13049093
-93.34,0.13048601
-93.35000000000001,0.13048103
-93.36000000000001,0.13047615
-93.37,0.13047117
-93.38000000000001,0.13046622
-93.39,0.13046128
-93.4,0.13045633
-93.41000000000001,0.13045141
-93.42,0.13044643
-93.43,0.13044153
-93.44000000000001,0.1304366
-93.45,0.13043168
-93.46000000000001,0.13042672
-93.47000000000001,0.13042177
-93.48,0.13041687
-93.49000000000001,0.13041192
-93.5,0.13040699
-93.51,0.13040206
-93.52000000000001,0.13039714
-93.53,0.1303922
-93.54,0.13038728
-93.55000000000001,0.13038236
-93.56,0.13037741
-93.57000000000001,0.1303725
-93.58000000000001,0.1303676
-93.59,0.13036263
-93.60000000000001,0.13035771
-93.61000000000001,0.1303528
-93.62,0.13034788
-93.63000000000001,0.13034298
-93.64,0.13033804
-93.65,0.1303331
-93.66000000000001,0.13032821
-93.67,0.1303233
-93.68,0.1303184
-93.69000000000001,0.13031349
-93.7,0.13030858
-93.71000000000001,0.13030368
-93.72000000000001,0.13029876
-93.73,0.13029386
-93.74000000000001,0.13028893
-93.75,0.13028401
-93.76,0.13027912
-93.77000000000001,0.13027422
-93.78,0.13026932
-93.79,0.13026446
-93.80000000000001,0.13025951
-93.81,0.13025466
-93.82000000000001,0.13024975
-93.83000000000001,0.1302448
-93.84,0.13023992
-93.85000000000001,0.13023502
-93.86000000000001,0.13023016
-93.87,0.13022526
-93.88000000000001,0.13022035
-93.89,0.13021547
-93.9,0.13021052
-93.91000000000001,0.13020566
-93.92,0.1302008
-93.93,0.13019589
-93.94000000000001,0.13019101
-93.95,0.13018614
-93.96000000000001,0.13018125
-93.97000000000001,0.13017635
-93.98,0.13017151
-93.99000000000001,0.13016658
-94.0,0.1301617
-94.01,0.13015686
-94.02000000000001,0.13015199
-94.03,0.13014707
-94.04,0.13014224
-94.05000000000001,0.13013731
-94.06,0.13013247
-94.07000000000001,0.13012755
-94.08000000000001,0.13012272
-94.09,0.13011783
-94.10000000000001,0.13011295
-94.11000000000001,0.13010812
-94.12,0.13010325
-94.13000000000001,0.1300984
-94.14,0.13009351
-94.15,0.13008863
-94.16000000000001,0.13008377
-94.17,0.13007891
-94.18,0.13007402
-94.19000000000001,0.1300692
-94.2,0.13006434
-94.21000000000001,0.13005945
-94.22000000000001,0.13005462
-94.23,0.13004975
-94.24000000000001,0.1300449
-94.25,0.13004002
-94.26,0.1300352
-94.27000000000001,0.13003032
-94.28,0.13002548
-94.29,0.13002062
-94.30000000000001,0.13001578
-94.31,0.13001093
-94.32000000000001,0.1300061
-94.33000000000001,0.13000125
-94.34,0.12999639
-94.35000000000001,0.12999155
-94.36000000000001,0.12998673
-94.37,0.12998185
-94.38000000000001,0.12997703
-94.39,0.12997214
-94.4,0.12996733
-94.41000000000001,0.12996247
-94.42,0.12995765
-94.43,0.12995282
-94.44000000000001,0.12994799
-94.45,0.12994313
-94.46000000000001,0.12993832
-94.47000000000001,0.12993348
-94.48,0.12992868
-94.49000000000001,0.12992379
-94.5,0.12991899
-94.51,0.12991416
-94.52000000000001,0.12990934
-94.53,0.12990451
-94.54,0.1298997
-94.55000000000001,0.12989484
-94.56,0.12989002
-94.57000000000001,0.12988521
-94.58000000000001,0.12988038
-94.59,0.12987557
-94.60000000000001,0.12987074
-94.61000000000001,0.12986591
-94.62,0.12986109
-94.63000000000001,0.12985627
-94.64,0.12985149
-94.65,0.12984663
-94.66000000000001,0.12984182
-94.67,0.12983707
-94.68,0.1298322
-94.69000000000001,0.12982738
-94.7,0.12982258
-94.71000000000001,0.12981778
-94.72000000000001,0.12981296
-94.73,0.12980816
-94.74000000000001,0.12980336
-94.75,0.12979852
-94.76,0.12979376
-94.77000000000001,0.12978894
-94.78,0.12978415
-94.79,0.12977937
-94.80000000000001,0.12977454
-94.81,0.12976971
-94.82000000000001,0.12976491
-94.83000000000001,0.12976015
-94.84,0.12975533
-94.85000000000001,0.12975053
-94.86000000000001,0.12974578
-94.87,0.12974095
-94.88000000000001,0.12973619
-94.89,0.12973139
-94.9,0.12972659
-94.91000000000001,0.1297218
-94.92,0.12971702
-94.93,0.12971222
-94.94000000000001,0.12970743
-94.95,0.12970263
-94.96000000000001,0.12969786
-94.97000000000001,0.12969306
-94.98,0.1296883
-94.99000000000001,0.1296835
-95.0,0.12967873
-95.01,0.12967394
-95.02000000000001,0.12966917
-95.03,0.12966439
-95.04,0.12965962
-95.05000000000001,0.12965484
-95.06,0.12965009
-95.07000000000001,0.12964527
-95.08000000000001,0.12964055
-95.09,0.12963577
-95.10000000000001,0.12963098
-95.11000000000001,0.12962621
-95.12,0.1296214
-95.13000000000001,0.12961665
-95.14,0.12961188
-95.15,0.12960711
-95.16000000000001,0.12960237
-95.17,0.1295976
-95.18,0.12959284
-95.19000000000001,0.1295881
-95.2,0.12958331
-95.21000000000001,0.12957853
-95.22000000000001,0.12957379
-95.23,0.12956902
-95.24000000000001,0.12956429
-95.25,0.1295595
-95.26,0.12955475
-95.27000000000001,0.12955001
-95.28,0.12954524
-95.29,0.1295405
-95.30000000000001,0.12953576
-95.31,0.129531
-95.32000000000001,0.12952626
-95.33000000000001,0.12952149
-95.34,0.12951672
-95.35000000000001,0.12951201
-95.36000000000001,0.12950727
-95.37,0.12950248
-95.38000000000001,0.12949777
-95.39,0.12949301
-95.4,0.12948829
-95.41000000000001,0.12948355
-95.42,0.12947883
-95.43,0.12947406
-95.44000000000001,0.12946929
-95.45,0.1294646
-95.46000000000001,0.12945986
-95.47000000000001,0.12945512
-95.48,0.12945037
-95.49000000000001,0.12944561
-95.5,0.12944089
-95.51,0.12943615
-95.52000000000001,0.12943146
-95.53,0.12942672
-95.54,0.12942198
-95.55000000000001,0.12941726
-95.56,0.12941253
-95.57000000000001,0.12940784
-95.58000000000001,0.1294031
-95.59,0.12939838
-95.60000000000001,0.12939362
-95.61000000000001,0.12938893
-95.62,0.12938419
-95.63000000000001,0.1293795
-95.64,0.12937473
-95.65,0.12937006
-95.66000000000001,0.12936532
-95.67,0.12936062
-95.68,0.12935589
-95.69000000000001,0.1293512
-95.7,0.12934646
-95.71000000000001,0.12934175
-95.72000000000001,0.12933706
-95.73,0.1293323
-95.74000000000001,0.12932763
-95.75000000000001,0.12932292
-95.76,0.12931821
-95.77000000000001,0.12931353
-95.78,0.1293088
-95.79,0.12930413
-95.80000000000001,0.1292994
-95.81,0.1292947
-95.82000000000001,0.12928998
-95.83000000000001,0.12928528
-95.84,0.12928058
-95.85000000000001,0.12927589
-95.86000000000001,0.12927118
-95.87,0.1292665
-95.88000000000001,0.12926182
-95.89,0.12925708
-95.9,0.12925243
-95.91000000000001,0.12924771
-95.92,0.12924302
-95.93,0.12923834
-95.94000000000001,0.12923363
-95.95,0.12922895
-95.96000000000001,0.12922426
-95.97000000000001,0.12921959
-95.98,0.12921488
-95.99000000000001,0.1292102
-96.00000000000001,0.1292055
-96.01,0.12920083
-96.02000000000001,0.12919614
-96.03,0.12919149
-96.04,0.12918675
-96.05000000000001,0.1291821
-96.06,0.12917742
-96.07000000000001,0.12917274
-96.08000000000001,0.1291681
-96.09,0.12916338
-96.10000000000001,0.12915875
-96.11000000000001,0.12915403
-96.12,0.12914938
-96.13000000000001,0.1291447
-96.14,0.12914005
-96.15,0.12913537
-96.16000000000001,0.1291307
-96.17,0.12912604
-96.18,0.12912136
-96.19000000000001,0.12911668
-96.2,0.12911204
-96.21000000000001,0.12910736
-96.22000000000001,0.12910268
-96.23,0.12909803
-96.24000000000001,0.12909338
-96.25000000000001,0.1290887
-96.26,0.12908402
-96.27000000000001,0.12907939
-96.28,0.12907472
-96.29,0.12907006
-96.30000000000001,0.12906545
-96.31,0.12906079
-96.32000000000001,0.12905611
-96.33000000000001,0.12905142
-96.34,0.12904678
-96.35000000000001,0.12904215
-96.36000000000001,0.1290375
-96.37,0.12903285
-96.38000000000001,0.1290282
-96.39,0.12902355
-96.4,0.12901892
-96.41000000000001,0.12901428
-96.42,0.12900963
-96.43,0.12900499
-96.44000000000001,0.12900032
-96.45,0.12899567
-96.46000000000001,0.12899104
-96.47000000000001,0.12898642
-96.48,0.12898174
-96.49000000000001,0.12897712
-96.50000000000001,0.1289725
-96.51,0.12896785
-96.52000000000001,0.1289632
-96.53,0.12895858
-96.54,0.12895393
-96.55000000000001,0.12894931
-96.56,0.12894468
-96.57000000000001,0.12894006
-96.58000000000001,0.12893543
-96.59,0.1289308
-96.60000000000001,0.12892616
-96.61000000000001,0.12892154
-96.62,0.12891693
-96.63000000000001,0.12891228
-96.64,0.12890765
-96.65,0.12890306
-96.66000000000001,0.12889841
-96.67,0.1288938
-96.68,0.1288892
-96.69000000000001,0.12888457
-96.7,0.12887992
-96.71000000000001,0.12887534
-96.72000000000001,0.1288707
-96.73,0.12886609
-96.74000000000001,0.1288615
-96.75000000000001,0.12885687
-96.76,0.12885223
-96.77000000000001,0.12884766
-96.78,0.12884304
-96.79,0.12883842
-96.80000000000001,0.12883379
-96.81,0.12882921
-96.82000000000001,0.12882459
-96.83000000000001,0.12881994
-96.84,0.12881535
-96.85000000000001,0.12881076
-96.86000000000001,0.12880614
-96.87,0.12880154
-96.88000000000001,0.128797
-96.89,0.12879235
-96.9,0.12878776
-96.91000000000001,0.12878317
-96.92,0.12877855
-96.93,0.12877397
-96.94000000000001,0.12876935
-96.95,0.12876478
-96.96000000000001,0.12876016
-96.97000000000001,0.12875557
-96.98,0.12875098
-96.99000000000001,0.12874639
-97.00000000000001,0.1287418
-97.01,0.12873721
-97.02000000000001,0.12873262
-97.03,0.12872803
-97.04,0.12872344
-97.05000000000001,0.12871884
-97.06,0.12871426
-97.07000000000001,0.1287097
-97.08000000000001,0.12870511
-97.09,0.12870052
-97.10000000000001,0.12869594
-97.11000000000001,0.12869139
-97.12,0.12868679
-97.13000000000001,0.1286822
-97.14,0.1286776
-97.15,0.12867305
-97.16000000000001,0.12866846
-97.17,0.1286639
-97.18,0.12865931
-97.19000000000001,0.12865473
-97.2,0.12865019
-97.21000000000001,0.1286456
-97.22000000000001,0.12864104
-97.23,0.12863645
-97.24000000000001,0.12863189
-97.25000000000001,0.12862733
-97.26,0.12862277
-97.27000000000001,0.12861818
-97.28,0.12861362
-97.29,0.12860906
-97.30000000000001,0.12860452
-97.31,0.12859994
-97.32000000000001,0.12859535
-97.33000000000001,0.12859082
-97.34,0.12858623
-97.35000000000001,0.12858169
-97.36000000000001,0.12857711
-97.37,0.12857258
-97.38000000000001,0.128568
-97.39,0.12856346
-97.4,0.1285589
-97.41000000000001,0.12855434
-97.42,0.12854981
-97.43,0.12854528
-97.44000000000001,0.1285407
-97.45,0.12853616
-97.46000000000001,0.1285316
-97.47000000000001,0.12852705
-97.48,0.12852253
-97.49000000000001,0.12851799
-97.50000000000001,0.12851343
-97.51,0.12850887
-97.52000000000001,0.1285043
-97.53,0.12849975
-97.54,0.12849525
-97.55000000000001,0.12849069
-97.56,0.12848614
-97.57000000000001,0.1284816
-97.58000000000001,0.12847705
-97.59,0.1284725
-97.60000000000001,0.128468
-97.61000000000001,0.12846348
-97.62,0.12845893
-97.63000000000001,0.1284544
-97.64,0.12844989
-97.65,0.12844533
-97.66000000000001,0.12844083
-97.67,0.12843627
-97.68,0.12843177
-97.69000000000001,0.12842721
-97.7,0.12842269
-97.71000000000001,0.12841815
-97.72000000000001,0.12841365
-97.73,0.12840913
-97.74000000000001,0.12840459
-97.75000000000001,0.12840007
-97.76,0.12839556
-97.77000000000001,0.12839106
-97.78,0.1283865
-97.79,0.128382
-97.80000000000001,0.12837747
-97.81,0.12837294
-97.82000000000001,0.12836845
-97.83000000000001,0.1283639
-97.84,0.1283594
-97.85000000000001,0.1283549
-97.86000000000001,0.12835035
-97.87,0.12834588
-97.88000000000001,0.12834135
-97.89,0.12833685
-97.9,0.12833232
-97.91000000000001,0.12832785
-97.92,0.12832333
-97.93,0.12831882
-97.94000000000001,0.1283143
-97.95,0.12830985
-97.96000000000001,0.12830532
-97.97000000000001,0.12830079
-97.98,0.12829626
-97.99000000000001,0.12829179
-98.00000000000001,0.12828729
-98.01,0.12828279
-98.02000000000001,0.1282783
-98.03,0.12827379
-98.04,0.12826931
-98.05000000000001,0.12826478
-98.06,0.12826033
-98.07000000000001,0.12825581
-98.08000000000001,0.12825134
-98.09,0.12824683
-98.10000000000001,0.12824234
-98.11000000000001,0.12823787
-98.12,0.12823334
-98.13000000000001,0.12822887
-98.14,0.1282244
-98.15,0.12821989
-98.16000000000001,0.1282154
-98.17,0.12821096
-98.18,0.12820646
-98.19000000000001,0.12820198
-98.2,0.12819749
-98.21000000000001,0.128193
-98.22000000000001,0.12818855
-98.23,0.12818405
-98.24000000000001,0.12817958
-98.25000000000001,0.1281751
-98.26,0.12817058
-98.27000000000001,0.1281661
-98.28,0.12816164
-98.29,0.1281572
-98.30000000000001,0.12815267
-98.31,0.12814824
-98.32000000000001,0.12814373
-98.33000000000001,0.12813926
-98.34,0.1281348
-98.35000000000001,0.12813033
-98.36000000000001,0.12812588
-98.37,0.12812138
-98.38000000000001,0.12811694
-98.39,0.12811245
-98.4,0.12810801
-98.41000000000001,0.12810354
-98.42,0.12809908
-98.43,0.12809461
-98.44000000000001,0.12809017
-98.45,0.12808569
-98.46000000000001,0.1280812
-98.47000000000001,0.12807679
-98.48,0.12807232
-98.49000000000001,0.12806785
-98.50000000000001,0.12806341
-98.51,0.12805897
-98.52000000000001,0.1280545
-98.53,0.12805003
-98.54,0.12804557
-98.55000000000001,0.12804112
-98.56,0.12803671
-98.57000000000001,0.12803224
-98.58000000000001,0.1280278
-98.59,0.12802334
-98.60000000000001,0.1280189
-98.61000000000001,0.12801443
-98.62,0.12801
-98.63000000000001,0.12800556
-98.64,0.1280011
-98.65,0.12799668
-98.66000000000001,0.12799223
-98.67,0.12798777
-98.68,0.12798333
-98.69000000000001,0.12797892
-98.7,0.12797448
-98.71000000000001,0.12797001
-98.72000000000001,0.12796561
-98.73,0.12796116
-98.74000000000001,0.12795672
-98.75000000000001,0.12795232
-98.76,0.12794787
-98.77000000000001,0.12794343
-98.78,0.12793899
-98.79,0.12793453
-98.80000000000001,0.12793013
-98.81,0.12792572
-98.82000000000001,0.12792128
-98.83000000000001,0.12791684
-98.84,0.1279124
-98.85000000000001,0.12790799
-98.86000000000001,0.12790357
-98.87,0.12789914
-98.88000000000001,0.12789473
-98.89,0.12789032
-98.9,0.12788588
-98.91000000000001,0.12788145
-98.92,0.12787706
-98.93,0.12787265
-98.94000000000001,0.1278682
-98.95,0.1278638
-98.96000000000001,0.12785938
-98.97000000000001,0.12785494
-98.98,0.12785056
-98.99000000000001,0.12784612
-99.00000000000001,0.12784171
-99.01,0.1278373
-99.02000000000001,0.12783292
-99.03,0.1278285
-99.04,0.1278241
-99.05000000000001,0.12781969
-99.06,0.12781528
-99.07000000000001,0.12781091
-99.08000000000001,0.12780645
-99.09,0.12780206
-99.10000000000001,0.12779766
-99.11000000000001,0.12779325
-99.12,0.12778887
-99.13000000000001,0.12778448
-99.14,0.12778005
-99.15,0.12777564
-99.16000000000001,0.12777123
-99.17,0.12776685
-99.18,0.12776247
-99.19000000000001,0.12775806
-99.2,0.12775367
-99.21000000000001,0.12774926
-99.22000000000001,0.12774485
-99.23,0.12774049
-99.24000000000001,0.12773608
-99.25000000000001,0.12773168
-99.26,0.12772733
-99.27000000000001,0.12772293
-99.28,0.12771852
-99.29,0.12771416
-99.30000000000001,0.12770975
-99.31,0.1277054
-99.32000000000001,0.12770098
-99.33000000000001,0.1276966
-99.34,0.12769221
-99.35000000000001,0.12768784
-99.36000000000001,0.12768346
-99.37,0.12767908
-99.38000000000001,0.1276747
-99.39,0.12767032
-99.4,0.12766594
-99.41000000000001,0.12766156
-99.42,0.1276572
-99.43,0.12765282
-99.44000000000001,0.12764844
-99.45,0.12764408
-99.46000000000001,0.1276397
-99.47000000000001,0.12763533
-99.48,0.12763095
-99.49000000000001,0.12762657
-99.50000000000001,0.12762222
-99.51,0.12761785
-99.52000000000001,0.1276135
-99.53,0.12760913
-99.54,0.12760474
-99.55000000000001,0.1276004
-99.56,0.12759599
-99.57000000000001,0.12759167
-99.58000000000001,0.1275873
-99.59,0.12758294
-99.60000000000001,0.12757859
-99.61000000000001,0.12757424
-99.62,0.12756987
-99.63000000000001,0.12756547
-99.64,0.12756114
-99.65,0.12755676
-99.66000000000001,0.12755242
-99.67,0.12754807
-99.68,0.12754372
-99.69000000000001,0.12753935
-99.7,0.12753502
-99.71000000000001,0.12753066
-99.72000000000001,0.12752628
-99.73,0.12752196
-99.74000000000001,0.12751761
-99.75000000000001,0.12751327
-99.76,0.12750894
-99.77000000000001,0.12750456
-99.78,0.12750024
-99.79,0.12749586
-99.80000000000001,0.12749156
-99.81,0.1274872
-99.82000000000001,0.12748286
-99.83000000000001,0.12747848
-99.84,0.12747414
-99.85000000000001,0.12746984
-99.86000000000001,0.12746549
-99.87,0.12746115
-99.88000000000001,0.12745681
-99.89,0.1274525
-99.9,0.12744817
-99.91000000000001,0.12744382
-99.92,0.12743947
-99.93,0.12743515
-99.94000000000001,0.12743086
-99.95,0.12742648
-99.96000000000001,0.12742215
-99.97000000000001,0.12741782
-99.98,0.12741351
-99.99000000000001,0.12740919
-100.00000000000001,0.12740484
